Tree_ID,Longitude,Latitude,Height_m,NDRE_Value,Classification,Health_Status,Action,Block_Name,NDRE_Absolute,Classification_Abs,Health_Status_Abs,Action_Abs,Block_Name_Legacy
1,109.23236679,-0.42899359,14.16,0.305,TM,Suspect,Circle_5m,D001A,0.37010458111763,Suspect,Critical,Priority Survey,D01
2,109.23154937,-0.42700756,14.11,0.418,TM,Healthy,,D001A,0.4807431399822235,Healthy,Good,,D01
3,109.2331649,-0.43096559,14.06,0.436,TM,Healthy,,D001A,0.4940802156925201,Healthy,Good,,D01
4,109.23156055,-0.43110312,13.73,0.43,TM,Healthy,,D001A,0.4875612556934356,Healthy,Good,,D01
5,109.23153688,-0.42857561,13.7,0.414,TM,Healthy,,D001A,0.4717321991920471,Healthy,Good,,D01
6,109.23159033,-0.43051443,13.69,0.425,TM,Healthy,,D001A,0.4809456765651703,Healthy,Good,,D01
7,109.23354729,-0.42824284,13.55,0.402,TM,Healthy,,D001A,0.4633950889110565,Healthy,Good,,D01
8,109.23154352,-0.43096069,13.53,0.358,TM,Suspect,Circle_5m,D001A,0.4176952242851257,Abnormal,Sub-Optimal,Monitor,D01
9,109.23166911,-0.4277672,13.51,0.364,TM,Suspect,Circle_5m,D001A,0.4325651228427887,Normal,Moderate,Routine,D01
10,109.23315668,-0.42959468,13.31,0.498,TM,Healthy,,D001A,0.5478947758674622,Healthy,Good,,D01
11,109.23350519,-0.42967343,13.25,0.446,TM,Healthy,,D001A,0.5094093680381775,Healthy,Good,,D01
12,109.23190105,-0.42698277,13.23,0.417,TM,Healthy,,D001A,0.4720438718795776,Healthy,Good,,D01
13,109.23231137,-0.42974007,13.19,0.45,TM,Healthy,,D001A,0.5097470879554749,Healthy,Good,,D01
14,109.23352672,-0.42980185,13.15,0.434,TM,Healthy,,D001A,0.4939602613449096,Healthy,Good,,D01
15,109.231459,-0.42936685,13.11,0.374,TM,Suspect,Circle_5m,D001A,0.4287081360816955,Abnormal,Sub-Optimal,Monitor,D01
16,109.23152643,-0.42911683,13.1,0.409,TM,Healthy,,D001A,0.4665508866310119,Healthy,Good,,D01
17,109.23290078,-0.43107676,13.07,0.394,TM,Healthy,,D001A,0.4547056257724762,Normal,Moderate,Routine,D01
18,109.23242603,-0.43112322,13.03,0.43,TM,Healthy,,D001A,0.4870006740093231,Healthy,Good,,D01
19,109.23151756,-0.43058314,12.98,0.409,TM,Healthy,,D001A,0.4725065231323242,Healthy,Good,,D01
20,109.23272154,-0.43120513,12.96,0.42,TM,Healthy,,D001A,0.4785894453525543,Healthy,Good,,D01
21,109.23317459,-0.42982844,12.93,0.413,TM,Healthy,,D001A,0.4741118550300598,Healthy,Good,,D01
22,109.23192315,-0.43046523,12.91,0.462,TM,Healthy,,D001A,0.5158277153968811,Healthy,Good,,D01
23,109.23159836,-0.43077894,12.9,0.478,TM,Healthy,,D001A,0.5306087732315063,Healthy,Good,,D01
24,109.23343913,-0.42984026,12.87,0.423,TM,Healthy,,D001A,0.4797095954418182,Healthy,Good,,D01
25,109.23211672,-0.43053038,12.77,0.484,TM,Healthy,,D001A,0.5379493832588196,Healthy,Good,,D01
26,109.23328522,-0.43116186,12.75,0.403,TM,Healthy,,D001A,0.4610513746738434,Healthy,Good,,D01
27,109.2314362,-0.42890746,12.72,0.333,TM,Suspect,Circle_5m,D001A,0.3896252512931824,Suspect,Critical,Priority Survey,D01
28,109.23156957,-0.42901465,12.57,0.379,TM,Suspect,Circle_5m,D001A,0.447490394115448,Normal,Moderate,Routine,D01
29,109.23319497,-0.4310488,12.55,0.424,TM,Healthy,,D001A,0.4819074869155884,Healthy,Good,,D01
30,109.23321381,-0.43112567,12.54,0.469,TM,Healthy,,D001A,0.520622968673706,Healthy,Good,,D01
31,109.23240103,-0.43046353,12.53,0.353,TM,Suspect,Circle_5m,D001A,0.4183388352394104,Abnormal,Sub-Optimal,Monitor,D01
32,109.23154605,-0.42972723,12.52,0.424,TM,Healthy,,D001A,0.4853235185146332,Healthy,Good,,D01
33,109.23154332,-0.42791683,12.49,0.414,TM,Healthy,,D001A,0.4693389236927032,Healthy,Good,,D01
34,109.23160931,-0.43003923,12.48,0.54,TM,Healthy,,D001A,0.591055154800415,Healthy,Good,,D01
35,109.23208293,-0.42705245,12.47,0.393,TM,Healthy,,D001A,0.4394912123680115,Normal,Moderate,Routine,D01
36,109.23261573,-0.43040299,12.43,0.422,TM,Healthy,,D001A,0.4836241006851196,Healthy,Good,,D01
37,109.23180392,-0.42152622,12.41,0.349,TM,Suspect,Circle_5m,D001A,0.4133884310722351,Abnormal,Sub-Optimal,Monitor,D01
38,109.23201022,-0.4307293,12.4,0.396,TM,Healthy,,D001A,0.4578740298748016,Normal,Moderate,Routine,D01
39,109.23235103,-0.43108929,12.39,0.444,TM,Healthy,,D001A,0.5005312561988831,Healthy,Good,,D01
40,109.2321819,-0.43025956,12.37,0.456,TM,Healthy,,D001A,0.5103487968444824,Healthy,Good,,D01
41,109.23328479,-0.43107369,12.34,0.359,TM,Suspect,Circle_5m,D001A,0.4182591736316681,Abnormal,Sub-Optimal,Monitor,D01
42,109.23199124,-0.42931769,12.33,0.376,TM,Suspect,Circle_5m,D001A,0.4375768601894378,Normal,Moderate,Routine,D01
43,109.23183021,-0.42838894,12.32,0.424,TM,Healthy,,D001A,0.4766471982002258,Healthy,Good,,D01
44,109.23230646,-0.42960488,12.28,0.405,TM,Healthy,,D001A,0.4593936204910278,Normal,Moderate,Routine,D01
45,109.23252485,-0.43109069,12.27,0.454,TM,Healthy,,D001A,0.5083407759666443,Healthy,Good,,D01
46,109.23142086,-0.42921085,12.25,0.384,TM,Healthy,,D001A,0.4451459646224975,Normal,Moderate,Routine,D01
47,109.23140163,-0.43081462,12.23,0.395,TM,Healthy,,D001A,0.4551262259483337,Normal,Moderate,Routine,D01
48,109.23204038,-0.42652252,12.23,0.378,TM,Suspect,Circle_5m,D001A,0.4432984590530395,Normal,Moderate,Routine,D01
49,109.23319618,-0.42968828,12.19,0.459,TM,Healthy,,D001A,0.5141468644142151,Healthy,Good,,D01
50,109.23231282,-0.42931731,12.19,0.391,TM,Healthy,,D001A,0.4569390714168548,Normal,Moderate,Routine,D01
51,109.23140589,-0.42984747,12.18,0.434,TM,Healthy,,D001A,0.4954185783863067,Healthy,Good,,D01
52,109.23312668,-0.43115323,12.16,0.482,TM,Healthy,,D001A,0.5359181761741638,Healthy,Good,,D01
53,109.23155804,-0.4303408,12.15,0.38,TM,Suspect,Circle_5m,D001A,0.4302377998828888,Normal,Moderate,Routine,D01
54,109.23207346,-0.42723692,12.13,0.41,TM,Healthy,,D001A,0.4630973935127258,Healthy,Good,,D01
55,109.23179201,-0.43044666,12.13,0.376,TM,Suspect,Circle_5m,D001A,0.438741385936737,Normal,Moderate,Routine,D01
56,109.23167954,-0.42931084,12.11,0.46,TM,Healthy,,D001A,0.5140262246131897,Healthy,Good,,D01
57,109.23148432,-0.42668788,12.1,0.354,TM,Suspect,Circle_5m,D001A,0.4243138134479522,Abnormal,Sub-Optimal,Monitor,D01
58,109.23185113,-0.43115474,12.09,0.407,TM,Healthy,,D001A,0.4639903008937835,Healthy,Good,,D01
59,109.233517,-0.42908112,12.07,0.385,TM,Healthy,,D001A,0.4449850618839264,Normal,Moderate,Routine,D01
60,109.23207366,-0.43025727,12.04,0.356,TM,Suspect,Circle_5m,D001A,0.4195694029331207,Abnormal,Sub-Optimal,Monitor,D01
61,109.23335353,-0.43095569,12.04,0.413,TM,Healthy,,D001A,0.4721685349941253,Healthy,Good,,D01
62,109.23173704,-0.42729924,11.99,0.47,TM,Healthy,,D001A,0.5276212096214294,Healthy,Good,,D01
63,109.23221326,-0.43060998,11.99,0.419,TM,Healthy,,D001A,0.4758335649967193,Healthy,Good,,D01
64,109.23236486,-0.42955742,11.98,0.576,TM,Healthy,,D001A,0.6261802911758423,Healthy,Good,,D01
65,109.2317409,-0.42810723,11.97,0.363,TM,Suspect,Circle_5m,D001A,0.4279942512512207,Abnormal,Sub-Optimal,Monitor,D01
66,109.23242248,-0.43093648,11.95,0.387,TM,Healthy,,D001A,0.447845309972763,Normal,Moderate,Routine,D01
67,109.23141208,-0.43029827,11.89,0.384,TM,Healthy,,D001A,0.438868910074234,Normal,Moderate,Routine,D01
68,109.23161165,-0.4296115,11.89,0.459,TM,Healthy,,D001A,0.5223180651664734,Healthy,Good,,D01
69,109.23142731,-0.42851952,11.87,0.396,TM,Healthy,,D001A,0.4564297795295715,Normal,Moderate,Routine,D01
70,109.23291982,-0.43029184,11.87,0.333,TM,Suspect,Circle_5m,D001A,0.396741658449173,Abnormal,Sub-Optimal,Monitor,D01
71,109.23235024,-0.43064754,11.84,0.548,TM,Healthy,,D001A,0.5984811186790466,Healthy,Good,,D01
72,109.23147086,-0.4265988,11.84,0.392,TM,Healthy,,D001A,0.4611406028270721,Healthy,Good,,D01
73,109.23170989,-0.43013647,11.84,0.416,TM,Healthy,,D001A,0.4721699059009552,Healthy,Good,,D01
74,109.23297576,-0.43116224,11.82,0.35,TM,Suspect,Circle_5m,D001A,0.4111189246177673,Abnormal,Sub-Optimal,Monitor,D01
75,109.23310401,-0.43011916,11.82,0.463,TM,Healthy,,D001A,0.508401095867157,Healthy,Good,,D01
76,109.23154041,-0.42691442,11.8,0.356,TM,Suspect,Circle_5m,D001A,0.4170495271682739,Abnormal,Sub-Optimal,Monitor,D01
77,109.23265515,-0.43086148,11.79,0.385,TM,Healthy,,D001A,0.4445237815380096,Normal,Moderate,Routine,D01
78,109.23201813,-0.42954648,11.74,0.5,TM,Healthy,,D001A,0.5564325451850891,Healthy,Good,,D01
79,109.23228868,-0.42686169,11.74,0.438,TM,Healthy,,D001A,0.4918152689933777,Healthy,Good,,D01
80,109.2316044,-0.42990132,11.72,0.413,TM,Healthy,,D001A,0.4689729213714599,Healthy,Good,,D01
81,109.23162263,-0.42675573,11.71,0.448,TM,Healthy,,D001A,0.5065475106239319,Healthy,Good,,D01
82,109.23144109,-0.43105969,11.59,0.391,TM,Healthy,,D001A,0.4485439956188202,Normal,Moderate,Routine,D01
83,109.2316793,-0.43036932,11.56,0.409,TM,Healthy,,D001A,0.4698091745376587,Healthy,Good,,D01
84,109.23139183,-0.43043436,11.55,0.414,TM,Healthy,,D001A,0.4727842807769775,Healthy,Good,,D01
85,109.23336607,-0.43115012,11.54,0.419,TM,Healthy,,D001A,0.4774830341339111,Healthy,Good,,D01
86,109.23176495,-0.42898169,11.53,0.336,TM,Suspect,Circle_5m,D001A,0.3961040675640106,Abnormal,Sub-Optimal,Monitor,D01
87,109.23143944,-0.42653052,11.53,0.432,TM,Healthy,,D001A,0.4867030084133148,Healthy,Good,,D01
88,109.23344227,-0.42789014,11.53,0.365,TM,Suspect,Circle_5m,D001A,0.4230457842350006,Abnormal,Sub-Optimal,Monitor,D01
89,109.23185083,-0.42660703,11.51,0.377,TM,Suspect,Circle_5m,D001A,0.4509933888912201,Normal,Moderate,Routine,D01
90,109.2320857,-0.4306294,11.49,0.516,TM,Healthy,,D001A,0.5682049989700317,Healthy,Good,,D01
91,109.23204441,-0.43051228,11.48,0.516,TM,Healthy,,D001A,0.5586702823638916,Healthy,Good,,D01
92,109.23356362,-0.42947269,11.48,0.373,TM,Suspect,Circle_5m,D001A,0.4307334423065185,Normal,Moderate,Routine,D01
93,109.23313053,-0.42999934,11.47,0.423,TM,Healthy,,D001A,0.4775600135326385,Healthy,Good,,D01
94,109.23290683,-0.430158,11.43,0.436,TM,Healthy,,D001A,0.4957817792892456,Healthy,Good,,D01
95,109.23141915,-0.42489961,11.43,0.376,TM,Suspect,Circle_5m,D001A,0.441523939371109,Normal,Moderate,Routine,D01
96,109.23159073,-0.4268448,11.43,0.393,TM,Healthy,,D001A,0.4545229971408844,Normal,Moderate,Routine,D01
97,109.23216413,-0.42943212,11.42,0.442,TM,Healthy,,D001A,0.4998850524425506,Healthy,Good,,D01
98,109.23154489,-0.4308576,11.42,0.433,TM,Healthy,,D001A,0.4923834502696991,Healthy,Good,,D01
99,109.23140323,-0.42971273,11.39,0.31,TM,Suspect,Circle_5m,D001A,0.3710518181324005,Suspect,Critical,Priority Survey,D01
100,109.23143263,-0.43074861,11.38,0.374,TM,Suspect,Circle_5m,D001A,0.4344672560691833,Normal,Moderate,Routine,D01
101,109.23175156,-0.42667076,11.38,0.433,TM,Healthy,,D001A,0.4868159592151642,Healthy,Good,,D01
102,109.23349355,-0.42754562,11.38,0.419,TM,Healthy,,D001A,0.4677018225193023,Healthy,Good,,D01
103,109.23175927,-0.42830166,11.35,0.358,TM,Suspect,Circle_5m,D001A,0.4300172924995422,Normal,Moderate,Routine,D01
104,109.2314292,-0.42611228,11.31,0.334,TM,Suspect,Circle_5m,D001A,0.390213131904602,Abnormal,Sub-Optimal,Monitor,D01
105,109.23341267,-0.42966889,11.31,0.355,TM,Suspect,Circle_5m,D001A,0.4147616326808929,Abnormal,Sub-Optimal,Monitor,D01
106,109.23316492,-0.43086612,11.28,0.485,TM,Healthy,,D001A,0.5394852757453918,Healthy,Good,,D01
107,109.23351318,-0.42219986,11.26,0.412,TM,Healthy,,D001A,0.4711406528949737,Healthy,Good,,D01
108,109.23350671,-0.42892467,11.23,0.444,TM,Healthy,,D001A,0.5075489282608032,Healthy,Good,,D01
109,109.23201611,-0.42661249,11.22,0.429,TM,Healthy,,D001A,0.4941918849945068,Healthy,Good,,D01
110,109.23212956,-0.4273979,11.22,0.498,TM,Healthy,,D001A,0.5535672903060913,Healthy,Good,,D01
111,109.23143289,-0.42962819,11.2,0.386,TM,Healthy,,D001A,0.4446662366390228,Normal,Moderate,Routine,D01
112,109.23248672,-0.43090214,11.2,0.52,TM,Healthy,,D001A,0.565213143825531,Healthy,Good,,D01
113,109.23185434,-0.42891163,11.2,0.452,TM,Healthy,,D001A,0.5018485188484192,Healthy,Good,,D01
114,109.23203489,-0.42698371,11.18,0.365,TM,Suspect,Circle_5m,D001A,0.4231728911399841,Abnormal,Sub-Optimal,Monitor,D01
115,109.23150308,-0.42711019,11.17,0.407,TM,Healthy,,D001A,0.460923433303833,Healthy,Good,,D01
116,109.23257698,-0.43096907,11.16,0.388,TM,Healthy,,D001A,0.4483178257942199,Normal,Moderate,Routine,D01
117,109.23269565,-0.42857859,11.15,0.425,TM,Healthy,,D001A,0.4780401289463043,Healthy,Good,,D01
118,109.23245206,-0.42927123,11.15,0.344,TM,Suspect,Circle_5m,D001A,0.4046337306499481,Abnormal,Sub-Optimal,Monitor,D01
119,109.23181629,-0.43032594,11.15,0.418,TM,Healthy,,D001A,0.4771044552326202,Healthy,Good,,D01
120,109.23138747,-0.42595628,11.14,0.379,TM,Suspect,Circle_5m,D001A,0.4377247393131256,Normal,Moderate,Routine,D01
121,109.23182959,-0.43106566,11.12,0.394,TM,Healthy,,D001A,0.453014075756073,Normal,Moderate,Routine,D01
122,109.23155867,-0.42951925,11.12,0.541,TM,Healthy,,D001A,0.5868515372276306,Healthy,Good,,D01
123,109.23186485,-0.4281371,11.12,0.321,TM,Suspect,Circle_5m,D001A,0.3850723803043365,Suspect,Critical,Priority Survey,D01
124,109.23177725,-0.42820988,11.11,0.386,TM,Healthy,,D001A,0.4588170051574707,Normal,Moderate,Routine,D01
125,109.23144202,-0.43092043,11.1,0.335,TM,Suspect,Circle_5m,D001A,0.3988761007785797,Abnormal,Sub-Optimal,Monitor,D01
126,109.23182575,-0.43021562,11.09,0.347,TM,Suspect,Circle_5m,D001A,0.4106787145137787,Abnormal,Sub-Optimal,Monitor,D01
127,109.23304944,-0.43106821,11.08,0.35,TM,Suspect,Circle_5m,D001A,0.4121537804603576,Abnormal,Sub-Optimal,Monitor,D01
128,109.23252021,-0.42977765,11.08,0.43,TM,Healthy,,D001A,0.4915788173675537,Healthy,Good,,D01
129,109.23352788,-0.42471065,11.06,0.352,TM,Suspect,Circle_5m,D001A,0.4080439209938049,Abnormal,Sub-Optimal,Monitor,D01
130,109.23139777,-0.43001974,11.05,0.414,TM,Healthy,,D001A,0.4785519540309906,Healthy,Good,,D01
131,109.23208867,-0.42944793,11.04,0.394,TM,Healthy,,D001A,0.4531677961349487,Normal,Moderate,Routine,D01
132,109.23354608,-0.42959025,11.02,0.424,TM,Healthy,,D001A,0.48686084151268,Healthy,Good,,D01
133,109.23176865,-0.42654732,11.0,0.427,TM,Healthy,,D001A,0.4916923940181732,Healthy,Good,,D01
134,109.23143077,-0.42711379,10.97,0.348,TM,Suspect,Circle_5m,D001A,0.4232889115810394,Abnormal,Sub-Optimal,Monitor,D01
135,109.23215384,-0.43120228,10.94,0.316,TM,Suspect,Circle_5m,D001A,0.3888335824012756,Suspect,Critical,Priority Survey,D01
136,109.23142236,-0.43051982,10.88,0.516,TM,Healthy,,D001A,0.5663018226623535,Healthy,Good,,D01
137,109.2322247,-0.42773703,10.88,0.366,TM,Suspect,Circle_5m,D001A,0.4204996526241302,Abnormal,Sub-Optimal,Monitor,D01
138,109.23306563,-0.42312531,10.86,0.399,TM,Healthy,,D001A,0.4612075984477997,Healthy,Good,,D01
139,109.23146591,-0.42860317,10.86,0.391,TM,Healthy,,D001A,0.4562374949455261,Normal,Moderate,Routine,D01
140,109.23327793,-0.42967112,10.85,0.427,TM,Healthy,,D001A,0.4827364683151245,Healthy,Good,,D01
141,109.23354639,-0.43020698,10.85,0.302,TM,Suspect,Circle_5m,D001A,0.3647242784500122,Suspect,Critical,Priority Survey,D01
142,109.23256252,-0.42940238,10.84,0.533,TM,Healthy,,D001A,0.5845634937286377,Healthy,Good,,D01
143,109.23199889,-0.43120541,10.81,0.433,TM,Healthy,,D001A,0.490825206041336,Healthy,Good,,D01
144,109.23131915,-0.42221473,10.81,0.336,TM,Suspect,Circle_5m,D001A,0.398680716753006,Abnormal,Sub-Optimal,Monitor,D01
145,109.23172404,-0.4291648,10.8,0.487,TM,Healthy,,D001A,0.5426079630851746,Healthy,Good,,D01
146,109.23162206,-0.42533011,10.79,0.404,TM,Healthy,,D001A,0.464105874300003,Healthy,Good,,D01
147,109.23190918,-0.43066372,10.79,0.415,TM,Healthy,,D001A,0.4748132824897766,Healthy,Good,,D01
148,109.23261706,-0.43049794,10.77,0.381,TM,Healthy,,D001A,0.4358177185058594,Normal,Moderate,Routine,D01
149,109.23149373,-0.43070024,10.76,0.342,TM,Suspect,Circle_5m,D001A,0.4044883251190185,Abnormal,Sub-Optimal,Monitor,D01
150,109.23352043,-0.42783319,10.74,0.435,TM,Healthy,,D001A,0.495456337928772,Healthy,Good,,D01
151,109.23176665,-0.42939405,10.73,0.616,TM,Healthy,,D001A,0.6624358892440796,Healthy,Good,,D01
152,109.23214092,-0.43073566,10.72,0.344,TM,Suspect,Circle_5m,D001A,0.4082349836826324,Abnormal,Sub-Optimal,Monitor,D01
153,109.23225231,-0.43073343,10.72,0.428,TM,Healthy,,D001A,0.4877947866916656,Healthy,Good,,D01
154,109.23213247,-0.42644974,10.7,0.348,TM,Suspect,Circle_5m,D001A,0.4126048684120178,Abnormal,Sub-Optimal,Monitor,D01
155,109.23331064,-0.42804565,10.69,0.451,TM,Healthy,,D001A,0.5063959956169128,Healthy,Good,,D01
156,109.2315662,-0.42801812,10.69,0.39,TM,Healthy,,D001A,0.4569734930992126,Normal,Moderate,Routine,D01
157,109.23166944,-0.42830616,10.69,0.418,TM,Healthy,,D001A,0.4803400933742523,Healthy,Good,,D01
158,109.23186432,-0.42457507,10.68,0.358,TM,Suspect,Circle_5m,D001A,0.4262580871582031,Abnormal,Sub-Optimal,Monitor,D01
159,109.23302431,-0.43097913,10.68,0.367,TM,Suspect,Circle_5m,D001A,0.4307003617286682,Normal,Moderate,Routine,D01
160,109.23141949,-0.42536307,10.66,0.356,TM,Suspect,Circle_5m,D001A,0.4162326455116272,Abnormal,Sub-Optimal,Monitor,D01
161,109.23334318,-0.429096,10.66,0.373,TM,Suspect,Circle_5m,D001A,0.4331429600715637,Normal,Moderate,Routine,D01
162,109.23308053,-0.43066761,10.65,0.399,TM,Healthy,,D001A,0.4603467881679535,Healthy,Good,,D01
163,109.23195314,-0.42898535,10.65,0.364,TM,Suspect,Circle_5m,D001A,0.4231171309947967,Abnormal,Sub-Optimal,Monitor,D01
164,109.23185073,-0.42901381,10.64,0.415,TM,Healthy,,D001A,0.4761974513530731,Healthy,Good,,D01
165,109.23314566,-0.43061879,10.64,0.47,TM,Healthy,,D001A,0.5285555720329285,Healthy,Good,,D01
166,109.23227785,-0.43098709,10.64,0.373,TM,Suspect,Circle_5m,D001A,0.4333586394786834,Normal,Moderate,Routine,D01
167,109.2333875,-0.4297462,10.62,0.443,TM,Healthy,,D001A,0.5021969676017761,Healthy,Good,,D01
168,109.23260742,-0.42945936,10.62,0.385,TM,Healthy,,D001A,0.4484091997146606,Normal,Moderate,Routine,D01
169,109.23272631,-0.43003361,10.62,0.397,TM,Healthy,,D001A,0.4525986015796661,Normal,Moderate,Routine,D01
170,109.23137208,-0.42649614,10.61,0.374,TM,Suspect,Circle_5m,D001A,0.4383518695831299,Normal,Moderate,Routine,D01
171,109.23178902,-0.42389096,10.59,0.328,TM,Suspect,Circle_5m,D001A,0.3945134282112121,Abnormal,Sub-Optimal,Monitor,D01
172,109.23306258,-0.43058034,10.58,0.394,TM,Healthy,,D001A,0.4546882212162018,Normal,Moderate,Routine,D01
173,109.23209289,-0.42866029,10.57,0.437,TM,Healthy,,D001A,0.4920026063919067,Healthy,Good,,D01
174,109.23356368,-0.43116237,10.56,0.425,TM,Healthy,,D001A,0.481096476316452,Healthy,Good,,D01
175,109.23176942,-0.42906896,10.56,0.38,TM,Suspect,Circle_5m,D001A,0.4344030618667602,Normal,Moderate,Routine,D01
176,109.23351841,-0.42289256,10.56,0.394,TM,Healthy,,D001A,0.4531672894954681,Normal,Moderate,Routine,D01
177,109.23189805,-0.43023643,10.55,0.422,TM,Healthy,,D001A,0.4829598069190979,Healthy,Good,,D01
178,109.23356935,-0.42994609,10.55,0.355,TM,Suspect,Circle_5m,D001A,0.4193071722984314,Abnormal,Sub-Optimal,Monitor,D01
179,109.23221322,-0.42883801,10.53,0.353,TM,Suspect,Circle_5m,D001A,0.4155589640140533,Abnormal,Sub-Optimal,Monitor,D01
180,109.23187548,-0.42880357,10.52,0.41,TM,Healthy,,D001A,0.4669697284698486,Healthy,Good,,D01
181,109.23227042,-0.42420802,10.52,0.344,TM,Suspect,Circle_5m,D001A,0.4085389077663421,Abnormal,Sub-Optimal,Monitor,D01
182,109.2319344,-0.43036983,10.5,0.424,TM,Healthy,,D001A,0.4775996804237366,Healthy,Good,,D01
183,109.23162896,-0.4265708,10.49,0.394,TM,Healthy,,D001A,0.4642030298709869,Healthy,Good,,D01
184,109.2330246,-0.42974159,10.48,0.307,TM,Suspect,Circle_5m,D001A,0.3721650242805481,Suspect,Critical,Priority Survey,D01
185,109.23169274,-0.42462568,10.47,0.362,TM,Suspect,Circle_5m,D001A,0.4267471134662628,Abnormal,Sub-Optimal,Monitor,D01
186,109.233565,-0.42934202,10.47,0.39,TM,Healthy,,D001A,0.4507061243057251,Normal,Moderate,Routine,D01
187,109.23228317,-0.42739341,10.47,0.381,TM,Healthy,,D001A,0.4383889138698578,Normal,Moderate,Routine,D01
188,109.23346534,-0.43106242,10.47,0.424,TM,Healthy,,D001A,0.4801973104476928,Healthy,Good,,D01
189,109.23223796,-0.426698,10.47,0.377,TM,Suspect,Circle_5m,D001A,0.4372149407863617,Normal,Moderate,Routine,D01
190,109.2335376,-0.42737924,10.44,0.377,TM,Suspect,Circle_5m,D001A,0.446981281042099,Normal,Moderate,Routine,D01
191,109.23142854,-0.42900829,10.43,0.316,TM,Suspect,Circle_5m,D001A,0.3797162771224975,Suspect,Critical,Priority Survey,D01
192,109.2320056,-0.42740284,10.43,0.432,TM,Healthy,,D001A,0.4800554513931274,Healthy,Good,,D01
193,109.23234483,-0.42875485,10.43,0.419,TM,Healthy,,D001A,0.4836543202400207,Healthy,Good,,D01
194,109.23199004,-0.43060496,10.4,0.423,TM,Healthy,,D001A,0.4821097254753113,Healthy,Good,,D01
195,109.23186982,-0.42996966,10.4,0.478,TM,Healthy,,D001A,0.5345128178596497,Healthy,Good,,D01
196,109.23292429,-0.43039312,10.38,0.394,TM,Healthy,,D001A,0.4549475014209747,Normal,Moderate,Routine,D01
197,109.23230744,-0.4311987,10.37,0.401,TM,Healthy,,D001A,0.4580037891864776,Normal,Moderate,Routine,D01
198,109.23217505,-0.42684538,10.36,0.501,TM,Healthy,,D001A,0.5470723509788513,Healthy,Good,,D01
199,109.23207796,-0.42323405,10.36,0.377,TM,Suspect,Circle_5m,D001A,0.4390462934970855,Normal,Moderate,Routine,D01
200,109.23352768,-0.42359429,10.34,0.388,TM,Healthy,,D001A,0.4496097564697265,Normal,Moderate,Routine,D01
201,109.23345185,-0.43116822,10.32,0.357,TM,Suspect,Circle_5m,D001A,0.4194796979427337,Abnormal,Sub-Optimal,Monitor,D01
202,109.23239633,-0.42942947,10.3,0.358,TM,Suspect,Circle_5m,D001A,0.4118277430534363,Abnormal,Sub-Optimal,Monitor,D01
203,109.23231723,-0.42374503,10.3,0.398,TM,Healthy,,D001A,0.4584315717220306,Normal,Moderate,Routine,D01
204,109.23280734,-0.43116807,10.3,0.315,TM,Suspect,Circle_5m,D001A,0.3819017708301544,Suspect,Critical,Priority Survey,D01
205,109.23144748,-0.42475086,10.28,0.33,TM,Suspect,Circle_5m,D001A,0.3961741328239441,Abnormal,Sub-Optimal,Monitor,D01
206,109.23349367,-0.42307793,10.28,0.333,TM,Suspect,Circle_5m,D001A,0.3952072560787201,Abnormal,Sub-Optimal,Monitor,D01
207,109.2317854,-0.42990905,10.24,0.486,TM,Healthy,,D001A,0.53733229637146,Healthy,Good,,D01
208,109.23311263,-0.42974342,10.24,0.315,TM,Suspect,Circle_5m,D001A,0.3820553421974182,Suspect,Critical,Priority Survey,D01
209,109.23279451,-0.43033024,10.22,0.399,TM,Healthy,,D001A,0.4582720994949341,Normal,Moderate,Routine,D01
210,109.23210751,-0.4295664,10.22,0.355,TM,Suspect,Circle_5m,D001A,0.4163116812705993,Abnormal,Sub-Optimal,Monitor,D01
211,109.23146198,-0.42218628,10.2,0.399,TM,Healthy,,D001A,0.4595227539539337,Normal,Moderate,Routine,D01
212,109.23135357,-0.4229635,10.19,0.387,TM,Healthy,,D001A,0.4464837908744812,Normal,Moderate,Routine,D01
213,109.23352165,-0.42444252,10.19,0.371,TM,Suspect,Circle_5m,D001A,0.4326341152191162,Normal,Moderate,Routine,D01
214,109.23195264,-0.42723554,10.17,0.43,TM,Healthy,,D001A,0.4896120429039001,Healthy,Good,,D01
215,109.23140246,-0.42127338,10.17,0.353,TM,Suspect,Circle_5m,D001A,0.4166596829891205,Abnormal,Sub-Optimal,Monitor,D01
216,109.23178917,-0.4251832,10.16,0.453,TM,Healthy,,D001A,0.518226146697998,Healthy,Good,,D01
217,109.23235335,-0.42490842,10.16,0.389,TM,Healthy,,D001A,0.4561533331871032,Normal,Moderate,Routine,D01
218,109.23135129,-0.42308287,10.15,0.422,TM,Healthy,,D001A,0.4800203144550323,Healthy,Good,,D01
219,109.23135855,-0.42275642,10.13,0.379,TM,Suspect,Circle_5m,D001A,0.4389640390872955,Normal,Moderate,Routine,D01
220,109.23209661,-0.43006331,10.13,0.427,TM,Healthy,,D001A,0.4888381659984588,Healthy,Good,,D01
221,109.23236195,-0.4285333,10.12,0.449,TM,Healthy,,D001A,0.5079224109649658,Healthy,Good,,D01
222,109.23243454,-0.43121637,10.11,0.402,TM,Healthy,,D001A,0.4614239037036896,Healthy,Good,,D01
223,109.23227738,-0.42914187,10.11,0.429,TM,Healthy,,D001A,0.483270525932312,Healthy,Good,,D01
224,109.23183406,-0.42725993,10.11,0.405,TM,Healthy,,D001A,0.4610635638236999,Healthy,Good,,D01
225,109.23183991,-0.4291698,10.1,0.435,TM,Healthy,,D001A,0.4891652464866638,Healthy,Good,,D01
226,109.2322269,-0.42990644,10.1,0.367,TM,Suspect,Circle_5m,D001A,0.421311616897583,Abnormal,Sub-Optimal,Monitor,D01
227,109.23137489,-0.42400525,10.09,0.382,TM,Healthy,,D001A,0.4443665444850921,Normal,Moderate,Routine,D01
228,109.23354447,-0.43071881,10.09,0.37,TM,Suspect,Circle_5m,D001A,0.4343398809432983,Normal,Moderate,Routine,D01
229,109.2326325,-0.42974829,10.08,0.39,TM,Healthy,,D001A,0.4540101885795593,Normal,Moderate,Routine,D01
230,109.23314025,-0.43072233,10.07,0.386,TM,Healthy,,D001A,0.4479558765888214,Normal,Moderate,Routine,D01
231,109.23157579,-0.4292977,10.06,0.41,TM,Healthy,,D001A,0.462581992149353,Healthy,Good,,D01
232,109.23360426,-0.43047014,10.03,0.368,TM,Suspect,Circle_5m,D001A,0.4325802028179168,Normal,Moderate,Routine,D01
233,109.23351854,-0.42430281,10.01,0.384,TM,Healthy,,D001A,0.443928986787796,Normal,Moderate,Routine,D01
234,109.23148327,-0.42732405,10.0,0.363,TM,Suspect,Circle_5m,D001A,0.4269805252552032,Abnormal,Sub-Optimal,Monitor,D01
235,109.23268407,-0.43009374,10.0,0.384,TM,Healthy,,D001A,0.443244993686676,Normal,Moderate,Routine,D01
236,109.23352817,-0.42343559,10.0,0.389,TM,Healthy,,D001A,0.4531613886356354,Normal,Moderate,Routine,D01
237,109.23178976,-0.42259012,9.99,0.364,TM,Suspect,Circle_5m,D001A,0.4249621331691742,Abnormal,Sub-Optimal,Monitor,D01
238,109.23156806,-0.42380771,9.97,0.409,TM,Healthy,,D001A,0.4675121903419494,Healthy,Good,,D01
239,109.23321179,-0.42226174,9.97,0.361,TM,Suspect,Circle_5m,D001A,0.4223918318748474,Abnormal,Sub-Optimal,Monitor,D01
240,109.23170609,-0.43102087,9.95,0.335,TM,Suspect,Circle_5m,D001A,0.4010683298110962,Abnormal,Sub-Optimal,Monitor,D01
241,109.23350815,-0.42258057,9.95,0.374,TM,Suspect,Circle_5m,D001A,0.4357449114322662,Normal,Moderate,Routine,D01
242,109.23171447,-0.42973496,9.94,0.32,TM,Suspect,Circle_5m,D001A,0.3818351030349731,Suspect,Critical,Priority Survey,D01
243,109.2332983,-0.42897481,9.92,0.344,TM,Suspect,Circle_5m,D001A,0.4125349223613739,Abnormal,Sub-Optimal,Monitor,D01
244,109.2321483,-0.42990823,9.91,0.303,TM,Suspect,Circle_5m,D001A,0.3688481450080871,Suspect,Critical,Priority Survey,D01
245,109.23136923,-0.42518174,9.91,0.319,TM,Suspect,Circle_5m,D001A,0.3848498463630676,Suspect,Critical,Priority Survey,D01
246,109.23191903,-0.42887457,9.89,0.465,TM,Healthy,,D001A,0.514736533164978,Healthy,Good,,D01
247,109.23174421,-0.42538756,9.89,0.39,TM,Healthy,,D001A,0.4499289691448211,Normal,Moderate,Routine,D01
248,109.23154443,-0.42894411,9.88,0.392,TM,Healthy,,D001A,0.459229052066803,Normal,Moderate,Routine,D01
249,109.23135505,-0.4263311,9.88,0.407,TM,Healthy,,D001A,0.4652486741542816,Healthy,Good,,D01
250,109.23310487,-0.43026791,9.87,0.394,TM,Healthy,,D001A,0.4529679715633392,Normal,Moderate,Routine,D01
251,109.23191714,-0.42534283,9.84,0.371,TM,Suspect,Circle_5m,D001A,0.4372875988483429,Normal,Moderate,Routine,D01
252,109.23219176,-0.43037983,9.82,0.479,TM,Healthy,,D001A,0.533475399017334,Healthy,Good,,D01
253,109.23173815,-0.43029111,9.81,0.424,TM,Healthy,,D001A,0.48586505651474,Healthy,Good,,D01
254,109.23157218,-0.42939491,9.81,0.402,TM,Healthy,,D001A,0.4661804139614105,Healthy,Good,,D01
255,109.23303177,-0.42783398,9.81,0.346,TM,Suspect,Circle_5m,D001A,0.4158397912979126,Abnormal,Sub-Optimal,Monitor,D01
256,109.23188942,-0.42675127,9.8,0.47,TM,Healthy,,D001A,0.5314851999282837,Healthy,Good,,D01
257,109.23234833,-0.42918349,9.79,0.36,TM,Suspect,Circle_5m,D001A,0.4249825477600097,Abnormal,Sub-Optimal,Monitor,D01
258,109.23226273,-0.43034142,9.79,0.477,TM,Healthy,,D001A,0.5282164216041565,Healthy,Good,,D01
259,109.23225162,-0.42191879,9.78,0.386,TM,Healthy,,D001A,0.4470175504684448,Normal,Moderate,Routine,D01
260,109.23255975,-0.42970984,9.77,0.326,TM,Suspect,Circle_5m,D001A,0.3895100653171539,Suspect,Critical,Priority Survey,D01
261,109.23338924,-0.43000212,9.76,0.43,TM,Healthy,,D001A,0.4836445152759552,Healthy,Good,,D01
262,109.23139294,-0.42361641,9.75,0.384,TM,Healthy,,D001A,0.4399842917919159,Normal,Moderate,Routine,D01
263,109.23173282,-0.4300257,9.74,0.566,TM,Healthy,,D001A,0.6090670228004456,Healthy,Good,,D01
264,109.23356826,-0.42881843,9.74,0.412,TM,Healthy,,D001A,0.4688056409358978,Healthy,Good,,D01
265,109.23213779,-0.42874802,9.71,0.352,TM,Suspect,Circle_5m,D001A,0.4196430146694183,Abnormal,Sub-Optimal,Monitor,D01
266,109.23222783,-0.4297604,9.71,0.419,TM,Healthy,,D001A,0.4791231453418731,Healthy,Good,,D01
267,109.23212333,-0.4291138,9.69,0.407,TM,Healthy,,D001A,0.4714003205299377,Healthy,Good,,D01
268,109.23231786,-0.43083156,9.69,0.442,TM,Healthy,,D001A,0.4972226619720459,Healthy,Good,,D01
269,109.23187844,-0.42958488,9.68,0.43,TM,Healthy,,D001A,0.4934412539005279,Healthy,Good,,D01
270,109.2325057,-0.42842256,9.68,0.369,TM,Suspect,Circle_5m,D001A,0.4268873929977417,Abnormal,Sub-Optimal,Monitor,D01
271,109.23136605,-0.42732538,9.67,0.366,TM,Suspect,Circle_5m,D001A,0.4233163893222809,Abnormal,Sub-Optimal,Monitor,D01
272,109.23234524,-0.43090662,9.67,0.345,TM,Suspect,Circle_5m,D001A,0.4073456525802612,Abnormal,Sub-Optimal,Monitor,D01
273,109.23201201,-0.42881852,9.66,0.34,TM,Suspect,Circle_5m,D001A,0.4033428132534027,Abnormal,Sub-Optimal,Monitor,D01
274,109.2335386,-0.4269619,9.64,0.394,TM,Healthy,,D001A,0.4623452425003052,Healthy,Good,,D01
275,109.23350507,-0.42232465,9.64,0.377,TM,Suspect,Circle_5m,D001A,0.4379229545593261,Normal,Moderate,Routine,D01
276,109.23276591,-0.42966331,9.63,0.409,TM,Healthy,,D001A,0.4721614420413971,Healthy,Good,,D01
277,109.23355471,-0.42916839,9.63,0.338,TM,Suspect,Circle_5m,D001A,0.4018908143043518,Abnormal,Sub-Optimal,Monitor,D01
278,109.23181194,-0.42972097,9.63,0.372,TM,Suspect,Circle_5m,D001A,0.4323154091835022,Normal,Moderate,Routine,D01
279,109.23137107,-0.42500812,9.61,0.325,TM,Suspect,Circle_5m,D001A,0.3889452815055847,Suspect,Critical,Priority Survey,D01
280,109.23329271,-0.4298235,9.6,0.395,TM,Healthy,,D001A,0.4544915556907654,Normal,Moderate,Routine,D01
281,109.23176231,-0.42677023,9.59,0.403,TM,Healthy,,D001A,0.4661934375762939,Healthy,Good,,D01
282,109.23175475,-0.42642841,9.57,0.396,TM,Healthy,,D001A,0.4579438865184784,Normal,Moderate,Routine,D01
283,109.2333627,-0.43017302,9.56,0.353,TM,Suspect,Circle_5m,D001A,0.4146537184715271,Abnormal,Sub-Optimal,Monitor,D01
284,109.23166769,-0.4281149,9.55,0.415,TM,Healthy,,D001A,0.4713087379932403,Healthy,Good,,D01
285,109.2318694,-0.42984894,9.54,0.389,TM,Healthy,,D001A,0.4439485371112823,Normal,Moderate,Routine,D01
286,109.23343208,-0.42923167,9.53,0.47,TM,Healthy,,D001A,0.5310089588165283,Healthy,Good,,D01
287,109.23287435,-0.43076206,9.53,0.445,TM,Healthy,,D001A,0.5033978819847107,Healthy,Good,,D01
288,109.2318758,-0.42542376,9.53,0.414,TM,Healthy,,D001A,0.4666709303855896,Healthy,Good,,D01
289,109.23174867,-0.42947498,9.52,0.485,TM,Healthy,,D001A,0.5404594540596008,Healthy,Good,,D01
290,109.23161575,-0.42145836,9.52,0.473,TM,Healthy,,D001A,0.5275278687477112,Healthy,Good,,D01
291,109.23260633,-0.42439484,9.52,0.325,TM,Suspect,Circle_5m,D001A,0.3870297968387604,Suspect,Critical,Priority Survey,D01
292,109.23142044,-0.42909103,9.51,0.316,TM,Suspect,Circle_5m,D001A,0.3777628242969513,Suspect,Critical,Priority Survey,D01
293,109.23168275,-0.42902101,9.5,0.391,TM,Healthy,,D001A,0.4349783062934875,Normal,Moderate,Routine,D01
294,109.23174272,-0.42206743,9.5,0.394,TM,Healthy,,D001A,0.4536776840686798,Normal,Moderate,Routine,D01
295,109.23152568,-0.43042173,9.5,0.375,TM,Suspect,Circle_5m,D001A,0.4302094876766205,Normal,Moderate,Routine,D01
296,109.23145591,-0.42719021,9.49,0.371,TM,Suspect,Circle_5m,D001A,0.4331525266170501,Normal,Moderate,Routine,D01
297,109.23218704,-0.42746167,9.46,0.404,TM,Healthy,,D001A,0.4582569599151611,Normal,Moderate,Routine,D01
298,109.23172816,-0.42684935,9.46,0.369,TM,Suspect,Circle_5m,D001A,0.4410303235054016,Normal,Moderate,Routine,D01
299,109.23231219,-0.43009998,9.44,0.475,TM,Healthy,,D001A,0.5295460820198059,Healthy,Good,,D01
300,109.23303893,-0.42991206,9.44,0.337,TM,Suspect,Circle_5m,D001A,0.4021200835704803,Abnormal,Sub-Optimal,Monitor,D01
301,109.23149002,-0.42925246,9.43,0.38,TM,Suspect,Circle_5m,D001A,0.435655415058136,Normal,Moderate,Routine,D01
302,109.23202991,-0.42713789,9.43,0.384,TM,Healthy,,D001A,0.4564151763916015,Normal,Moderate,Routine,D01
303,109.23136408,-0.42412417,9.43,0.317,TM,Suspect,Circle_5m,D001A,0.3798941969871521,Suspect,Critical,Priority Survey,D01
304,109.2313707,-0.42857241,9.42,0.367,TM,Suspect,Circle_5m,D001A,0.4354640543460846,Normal,Moderate,Routine,D01
305,109.23167472,-0.43072335,9.42,0.397,TM,Healthy,,D001A,0.4538067579269409,Normal,Moderate,Routine,D01
306,109.23152279,-0.4253753,9.4,0.465,TM,Healthy,,D001A,0.5231210589408875,Healthy,Good,,D01
307,109.23136529,-0.42476531,9.4,0.358,TM,Suspect,Circle_5m,D001A,0.4257744550704956,Abnormal,Sub-Optimal,Monitor,D01
308,109.23356287,-0.43079432,9.38,0.421,TM,Healthy,,D001A,0.4804631173610687,Healthy,Good,,D01
309,109.23261321,-0.42965514,9.38,0.398,TM,Healthy,,D001A,0.4551840126514435,Normal,Moderate,Routine,D01
310,109.23153415,-0.42676385,9.38,0.386,TM,Healthy,,D001A,0.4447137713432312,Normal,Moderate,Routine,D01
311,109.23295148,-0.42932786,9.37,0.394,TM,Healthy,,D001A,0.4570653140544891,Normal,Moderate,Routine,D01
312,109.23158946,-0.42844133,9.37,0.419,TM,Healthy,,D001A,0.4758258759975433,Healthy,Good,,D01
313,109.23161801,-0.42733493,9.37,0.372,TM,Suspect,Circle_5m,D001A,0.4479564428329468,Normal,Moderate,Routine,D01
314,109.23352389,-0.42646137,9.36,0.422,TM,Healthy,,D001A,0.4746801853179931,Healthy,Good,,D01
315,109.23195101,-0.42648,9.35,0.375,TM,Suspect,Circle_5m,D001A,0.4420254230499267,Normal,Moderate,Routine,D01
316,109.23360563,-0.43038649,9.35,0.422,TM,Healthy,,D001A,0.4826270937919616,Healthy,Good,,D01
317,109.23351626,-0.42837622,9.32,0.386,TM,Healthy,,D001A,0.4383459687232971,Normal,Moderate,Routine,D01
318,109.23270441,-0.42952585,9.32,0.397,TM,Healthy,,D001A,0.4527005553245544,Normal,Moderate,Routine,D01
319,109.23153241,-0.42458042,9.32,0.314,TM,Suspect,Circle_5m,D001A,0.3798162937164306,Suspect,Critical,Priority Survey,D01
320,109.23351052,-0.42203211,9.32,0.355,TM,Suspect,Circle_5m,D001A,0.4177097380161285,Abnormal,Sub-Optimal,Monitor,D01
321,109.23258935,-0.42199528,9.31,0.361,TM,Suspect,Circle_5m,D001A,0.4223169088363647,Abnormal,Sub-Optimal,Monitor,D01
322,109.23306768,-0.42793165,9.31,0.404,TM,Healthy,,D001A,0.4615115225315094,Healthy,Good,,D01
323,109.23146018,-0.42418749,9.31,0.38,TM,Suspect,Circle_5m,D001A,0.4429267048835754,Normal,Moderate,Routine,D01
324,109.2332783,-0.42209536,9.31,0.361,TM,Suspect,Circle_5m,D001A,0.422917902469635,Abnormal,Sub-Optimal,Monitor,D01
325,109.23342437,-0.42957032,9.3,0.402,TM,Healthy,,D001A,0.4629439115524292,Healthy,Good,,D01
326,109.23250522,-0.43051917,9.3,0.334,TM,Suspect,Circle_5m,D001A,0.4013472497463226,Abnormal,Sub-Optimal,Monitor,D01
327,109.23170778,-0.42757911,9.3,0.353,TM,Suspect,Circle_5m,D001A,0.4246491491794586,Abnormal,Sub-Optimal,Monitor,D01
328,109.23201383,-0.42872222,9.3,0.361,TM,Suspect,Circle_5m,D001A,0.4234375059604645,Abnormal,Sub-Optimal,Monitor,D01
329,109.23147099,-0.42209269,9.26,0.344,TM,Suspect,Circle_5m,D001A,0.4072102904319763,Abnormal,Sub-Optimal,Monitor,D01
330,109.23240951,-0.42484061,9.26,0.312,TM,Suspect,Circle_5m,D001A,0.3768290281295776,Suspect,Critical,Priority Survey,D01
331,109.23198446,-0.42158821,9.26,0.407,TM,Healthy,,D001A,0.4665420055389404,Healthy,Good,,D01
332,109.23256731,-0.43003493,9.25,0.424,TM,Healthy,,D001A,0.4843195676803589,Healthy,Good,,D01
333,109.23352011,-0.42924028,9.24,0.374,TM,Suspect,Circle_5m,D001A,0.437749445438385,Normal,Moderate,Routine,D01
334,109.23133201,-0.42692658,9.23,0.368,TM,Suspect,Circle_5m,D001A,0.4351967573165893,Normal,Moderate,Routine,D01
335,109.23164936,-0.42380456,9.23,0.406,TM,Healthy,,D001A,0.4634009003639221,Healthy,Good,,D01
336,109.23209655,-0.43035042,9.23,0.532,TM,Healthy,,D001A,0.5892585515975952,Healthy,Good,,D01
337,109.23192661,-0.43104579,9.22,0.455,TM,Healthy,,D001A,0.509539783000946,Healthy,Good,,D01
338,109.23219508,-0.42958225,9.22,0.328,TM,Suspect,Circle_5m,D001A,0.3844684660434723,Suspect,Critical,Priority Survey,D01
339,109.23260569,-0.43109478,9.22,0.482,TM,Healthy,,D001A,0.5347599983215332,Healthy,Good,,D01
340,109.23356216,-0.42606032,9.22,0.427,TM,Healthy,,D001A,0.4860148429870605,Healthy,Good,,D01
341,109.23141867,-0.4269908,9.21,0.407,TM,Healthy,,D001A,0.4523257613182068,Normal,Moderate,Routine,D01
342,109.23220235,-0.42922641,9.21,0.373,TM,Suspect,Circle_5m,D001A,0.4375432133674621,Normal,Moderate,Routine,D01
343,109.23139867,-0.42210578,9.2,0.365,TM,Suspect,Circle_5m,D001A,0.426257312297821,Abnormal,Sub-Optimal,Monitor,D01
344,109.23165753,-0.42539794,9.17,0.389,TM,Healthy,,D001A,0.4413632750511169,Normal,Moderate,Routine,D01
345,109.23141855,-0.42948123,9.17,0.381,TM,Healthy,,D001A,0.4428397715091705,Normal,Moderate,Routine,D01
346,109.23359426,-0.43100232,9.16,0.419,TM,Healthy,,D001A,0.4770063757896423,Healthy,Good,,D01
347,109.23356381,-0.43062296,9.14,0.355,TM,Suspect,Circle_5m,D001A,0.4181777834892273,Abnormal,Sub-Optimal,Monitor,D01
348,109.23199961,-0.42212762,9.13,0.358,TM,Suspect,Circle_5m,D001A,0.4203103184700012,Abnormal,Sub-Optimal,Monitor,D01
349,109.23217886,-0.4219346,9.11,0.457,TM,Healthy,,D001A,0.5131157040596008,Healthy,Good,,D01
350,109.23151724,-0.42607115,9.11,0.347,TM,Suspect,Circle_5m,D001A,0.410026878118515,Abnormal,Sub-Optimal,Monitor,D01
351,109.23225247,-0.42212587,9.11,0.408,TM,Healthy,,D001A,0.466886818408966,Healthy,Good,,D01
352,109.23342338,-0.4220547,9.11,0.398,TM,Healthy,,D001A,0.4574998617172241,Normal,Moderate,Routine,D01
353,109.23260752,-0.42902168,9.11,0.454,TM,Healthy,,D001A,0.5151501893997192,Healthy,Good,,D01
354,109.23164098,-0.43096026,9.08,0.386,TM,Healthy,,D001A,0.4520108699798584,Normal,Moderate,Routine,D01
355,109.23327353,-0.42923977,9.08,0.376,TM,Suspect,Circle_5m,D001A,0.4347276389598846,Normal,Moderate,Routine,D01
356,109.23268321,-0.42206312,9.08,0.438,TM,Healthy,,D001A,0.4955562353134155,Healthy,Good,,D01
357,109.23140256,-0.42282289,9.08,0.419,TM,Healthy,,D001A,0.477283626794815,Healthy,Good,,D01
358,109.23297206,-0.42771641,9.08,0.337,TM,Suspect,Circle_5m,D001A,0.387014627456665,Suspect,Critical,Priority Survey,D01
359,109.2313229,-0.42155415,9.06,0.278,TM,Suspect,Circle_5m,D001A,0.3434437811374664,Suspect,Critical,Priority Survey,D01
360,109.23189693,-0.42925211,9.06,0.461,TM,Healthy,,D001A,0.5107786655426025,Healthy,Good,,D01
361,109.23230411,-0.42614278,9.05,0.335,TM,Suspect,Circle_5m,D001A,0.3850435018539428,Suspect,Critical,Priority Survey,D01
362,109.23351161,-0.4231869,9.05,0.336,TM,Suspect,Circle_5m,D001A,0.3979250192642212,Abnormal,Sub-Optimal,Monitor,D01
363,109.23317676,-0.43013364,9.04,0.417,TM,Healthy,,D001A,0.468991607427597,Healthy,Good,,D01
364,109.23183127,-0.42373045,9.03,0.311,TM,Suspect,Circle_5m,D001A,0.3776933252811432,Suspect,Critical,Priority Survey,D01
365,109.23162787,-0.4254644,9.03,0.424,TM,Healthy,,D001A,0.4829293489456177,Healthy,Good,,D01
366,109.23147376,-0.42373941,9.03,0.428,TM,Healthy,,D001A,0.4855101406574249,Healthy,Good,,D01
367,109.23188637,-0.4283148,9.02,0.335,TM,Suspect,Circle_5m,D001A,0.4007783234119415,Abnormal,Sub-Optimal,Monitor,D01
368,109.23276091,-0.4220645,9.01,0.412,TM,Healthy,,D001A,0.4711282551288605,Healthy,Good,,D01
369,109.23299547,-0.42946035,9.0,0.468,TM,Healthy,,D001A,0.5225847959518433,Healthy,Good,,D01
370,109.23231214,-0.43028762,8.99,0.419,TM,Healthy,,D001A,0.4803421795368194,Healthy,Good,,D01
371,109.23223099,-0.42180032,8.99,0.352,TM,Suspect,Circle_5m,D001A,0.4141007661819458,Abnormal,Sub-Optimal,Monitor,D01
372,109.23138134,-0.42528077,8.98,0.421,TM,Healthy,,D001A,0.4850708544254303,Healthy,Good,,D01
373,109.23209936,-0.42984266,8.98,0.425,TM,Healthy,,D001A,0.4816579222679138,Healthy,Good,,D01
374,109.23131785,-0.42204201,8.98,0.313,TM,Suspect,Circle_5m,D001A,0.3771106898784637,Suspect,Critical,Priority Survey,D01
375,109.23199594,-0.42247171,8.97,0.432,TM,Healthy,,D001A,0.4901592135429382,Healthy,Good,,D01
376,109.23194045,-0.42946101,8.97,0.441,TM,Healthy,,D001A,0.4831515848636627,Healthy,Good,,D01
377,109.23204329,-0.42164112,8.96,0.376,TM,Suspect,Circle_5m,D001A,0.437861680984497,Normal,Moderate,Routine,D01
378,109.23293159,-0.42401646,8.95,0.406,TM,Healthy,,D001A,0.4662324488162994,Healthy,Good,,D01
379,109.23250322,-0.42550122,8.95,0.328,TM,Suspect,Circle_5m,D001A,0.3898045122623443,Suspect,Critical,Priority Survey,D01
380,109.23294998,-0.4299889,8.94,0.44,TM,Healthy,,D001A,0.4943769872188568,Healthy,Good,,D01
381,109.23219478,-0.4269738,8.94,0.408,TM,Healthy,,D001A,0.4678575098514557,Healthy,Good,,D01
382,109.23172749,-0.42190872,8.93,0.35,TM,Suspect,Circle_5m,D001A,0.4118166863918304,Abnormal,Sub-Optimal,Monitor,D01
383,109.2334825,-0.42478615,8.93,0.399,TM,Healthy,,D001A,0.4592433273792267,Normal,Moderate,Routine,D01
384,109.23204795,-0.42683134,8.92,0.377,TM,Suspect,Circle_5m,D001A,0.4351638555526733,Normal,Moderate,Routine,D01
385,109.23214127,-0.42726949,8.91,0.395,TM,Healthy,,D001A,0.4379018545150757,Normal,Moderate,Routine,D01
386,109.23232544,-0.42517925,8.91,0.406,TM,Healthy,,D001A,0.4716147184371948,Healthy,Good,,D01
387,109.23139092,-0.42264384,8.89,0.387,TM,Healthy,,D001A,0.4479169547557831,Normal,Moderate,Routine,D01
388,109.23213794,-0.42805216,8.87,0.336,TM,Suspect,Circle_5m,D001A,0.3991473317146301,Abnormal,Sub-Optimal,Monitor,D01
389,109.23314044,-0.42795473,8.87,0.34,TM,Suspect,Circle_5m,D001A,0.3895758092403412,Suspect,Critical,Priority Survey,D01
390,109.23177757,-0.43073784,8.83,0.336,TM,Suspect,Circle_5m,D001A,0.4040368795394897,Abnormal,Sub-Optimal,Monitor,D01
391,109.23223417,-0.42755753,8.81,0.352,TM,Suspect,Circle_5m,D001A,0.3881907761096954,Suspect,Critical,Priority Survey,D01
392,109.23135563,-0.4277192,8.8,0.358,TM,Suspect,Circle_5m,D001A,0.4212750494480133,Abnormal,Sub-Optimal,Monitor,D01
393,109.23181906,-0.42806068,8.8,0.324,TM,Suspect,Circle_5m,D001A,0.3885210454463959,Suspect,Critical,Priority Survey,D01
394,109.23141516,-0.42466992,8.8,0.451,TM,Healthy,,D001A,0.5076788067817688,Healthy,Good,,D01
395,109.23316107,-0.42212879,8.79,0.372,TM,Suspect,Circle_5m,D001A,0.4336214363574981,Normal,Moderate,Routine,D01
396,109.23246975,-0.42853152,8.79,0.449,TM,Healthy,,D001A,0.5089351534843445,Healthy,Good,,D01
397,109.23316099,-0.43036695,8.78,0.354,TM,Suspect,Circle_5m,D001A,0.4100657701492309,Abnormal,Sub-Optimal,Monitor,D01
398,109.23328845,-0.43077572,8.77,0.473,TM,Healthy,,D001A,0.5267203450202942,Healthy,Good,,D01
399,109.23228218,-0.42384676,8.77,0.411,TM,Healthy,,D001A,0.4659137427806854,Healthy,Good,,D01
400,109.23193328,-0.42745482,8.76,0.351,TM,Suspect,Circle_5m,D001A,0.4066402912139892,Abnormal,Sub-Optimal,Monitor,D01
401,109.231693,-0.42147013,8.76,0.354,TM,Suspect,Circle_5m,D001A,0.4150885343551636,Abnormal,Sub-Optimal,Monitor,D01
402,109.23185401,-0.4264637,8.76,0.423,TM,Healthy,,D001A,0.4828464090824127,Healthy,Good,,D01
403,109.23167856,-0.42572756,8.75,0.353,TM,Suspect,Circle_5m,D001A,0.4172872006893158,Abnormal,Sub-Optimal,Monitor,D01
404,109.23175053,-0.43114431,8.73,0.397,TM,Healthy,,D001A,0.4539101123809814,Normal,Moderate,Routine,D01
405,109.23286715,-0.43085068,8.73,0.459,TM,Healthy,,D001A,0.5170911550521851,Healthy,Good,,D01
406,109.23134497,-0.42719787,8.72,0.351,TM,Suspect,Circle_5m,D001A,0.4143037796020508,Abnormal,Sub-Optimal,Monitor,D01
407,109.23225014,-0.42647419,8.72,0.322,TM,Suspect,Circle_5m,D001A,0.3777844905853271,Suspect,Critical,Priority Survey,D01
408,109.23349142,-0.42506015,8.71,0.395,TM,Healthy,,D001A,0.4531510770320892,Normal,Moderate,Routine,D01
409,109.23342403,-0.4291028,8.7,0.371,TM,Suspect,Circle_5m,D001A,0.425792247056961,Abnormal,Sub-Optimal,Monitor,D01
410,109.2335104,-0.42456641,8.7,0.367,TM,Suspect,Circle_5m,D001A,0.4303630888462066,Normal,Moderate,Routine,D01
411,109.23253593,-0.42190484,8.69,0.393,TM,Healthy,,D001A,0.4537257850170135,Normal,Moderate,Routine,D01
412,109.23180628,-0.42698049,8.68,0.419,TM,Healthy,,D001A,0.4722747504711151,Healthy,Good,,D01
413,109.23354876,-0.42768534,8.67,0.413,TM,Healthy,,D001A,0.4701277017593384,Healthy,Good,,D01
414,109.23211961,-0.42967899,8.67,0.345,TM,Suspect,Circle_5m,D001A,0.4032660722732544,Abnormal,Sub-Optimal,Monitor,D01
415,109.23246149,-0.42533663,8.66,0.289,TM,Suspect,Circle_5m,D001A,0.3573261201381683,Suspect,Critical,Priority Survey,D01
416,109.23349397,-0.42568909,8.65,0.454,TM,Healthy,,D001A,0.5166510939598083,Healthy,Good,,D01
417,109.23209889,-0.42600754,8.65,0.357,TM,Suspect,Circle_5m,D001A,0.4133196473121643,Abnormal,Sub-Optimal,Monitor,D01
418,109.23330286,-0.43062471,8.65,0.39,TM,Healthy,,D001A,0.4489122331142425,Normal,Moderate,Routine,D01
419,109.23178766,-0.42194943,8.63,0.322,TM,Suspect,Circle_5m,D001A,0.3860035538673401,Suspect,Critical,Priority Survey,D01
420,109.23244673,-0.42705796,8.61,0.305,TM,Suspect,Circle_5m,D001A,0.3770313262939453,Suspect,Critical,Priority Survey,D01
421,109.23132694,-0.42352732,8.6,0.34,TM,Suspect,Circle_5m,D001A,0.4109936952590942,Abnormal,Sub-Optimal,Monitor,D01
422,109.23209922,-0.42847898,8.6,0.356,TM,Suspect,Circle_5m,D001A,0.4036968052387237,Abnormal,Sub-Optimal,Monitor,D01
423,109.23349464,-0.42864479,8.59,0.374,TM,Suspect,Circle_5m,D001A,0.438945323228836,Normal,Moderate,Routine,D01
424,109.23257709,-0.42655836,8.59,0.348,TM,Suspect,Circle_5m,D001A,0.4039580821990967,Abnormal,Sub-Optimal,Monitor,D01
425,109.23188821,-0.43005603,8.58,0.389,TM,Healthy,,D001A,0.4480267167091369,Normal,Moderate,Routine,D01
426,109.2318583,-0.42734313,8.58,0.418,TM,Healthy,,D001A,0.4856236577033996,Healthy,Good,,D01
427,109.23314468,-0.42314025,8.57,0.371,TM,Suspect,Circle_5m,D001A,0.4326019585132599,Normal,Moderate,Routine,D01
428,109.23146741,-0.42989994,8.57,0.355,TM,Suspect,Circle_5m,D001A,0.415255457162857,Abnormal,Sub-Optimal,Monitor,D01
429,109.23228091,-0.42940412,8.56,0.365,TM,Suspect,Circle_5m,D001A,0.4280479848384857,Abnormal,Sub-Optimal,Monitor,D01
430,109.23198142,-0.42905815,8.55,0.451,TM,Healthy,,D001A,0.5034456849098206,Healthy,Good,,D01
431,109.23296745,-0.42823593,8.54,0.475,TM,Healthy,,D001A,0.5216615796089172,Healthy,Good,,D01
432,109.23344068,-0.42696188,8.53,0.37,TM,Suspect,Circle_5m,D001A,0.4294517040252685,Abnormal,Sub-Optimal,Monitor,D01
433,109.23131293,-0.42191631,8.52,0.33,TM,Suspect,Circle_5m,D001A,0.3939456939697265,Abnormal,Sub-Optimal,Monitor,D01
434,109.23196709,-0.42688422,8.52,0.336,TM,Suspect,Circle_5m,D001A,0.4010821282863617,Abnormal,Sub-Optimal,Monitor,D01
435,109.23285353,-0.42951503,8.5,0.368,TM,Suspect,Circle_5m,D001A,0.4273300170898437,Abnormal,Sub-Optimal,Monitor,D01
436,109.23125873,-0.42129234,8.48,0.343,TM,Suspect,Circle_5m,D001A,0.4065696001052856,Abnormal,Sub-Optimal,Monitor,D01
437,109.23153819,-0.4248074,8.48,0.305,TM,Suspect,Circle_5m,D001A,0.3685472309589386,Suspect,Critical,Priority Survey,D01
438,109.23239387,-0.42839495,8.47,0.356,TM,Suspect,Circle_5m,D001A,0.4128463566303253,Abnormal,Sub-Optimal,Monitor,D01
439,109.2319667,-0.42266567,8.47,0.455,TM,Healthy,,D001A,0.5113104581832886,Healthy,Good,,D01
440,109.23134238,-0.42671407,8.47,0.304,TM,Suspect,Circle_5m,D001A,0.3710446357727051,Suspect,Critical,Priority Survey,D01
441,109.23129262,-0.42237795,8.45,0.255,TM,Suspect,Circle_5m,D001A,0.322515070438385,Suspect,Critical,Priority Survey,D01
442,109.23120083,-0.42111418,8.45,0.344,TM,Suspect,Circle_5m,D001A,,Healthy,Good,,D01
443,109.2313803,-0.42390624,8.45,0.318,TM,Suspect,Circle_5m,D001A,0.3846465647220611,Suspect,Critical,Priority Survey,D01
444,109.23218698,-0.42377032,8.42,0.367,TM,Suspect,Circle_5m,D001A,0.4273302853107452,Abnormal,Sub-Optimal,Monitor,D01
445,109.23352906,-0.42543544,8.42,0.308,TM,Suspect,Circle_5m,D001A,0.3689838349819183,Suspect,Critical,Priority Survey,D01
446,109.2335182,-0.42775678,8.41,0.423,TM,Healthy,,D001A,0.4795211851596832,Healthy,Good,,D01
447,109.23220464,-0.43100335,8.4,0.32,TM,Suspect,Circle_5m,D001A,0.3851887881755829,Suspect,Critical,Priority Survey,D01
448,109.23148984,-0.42806377,8.38,0.451,TM,Healthy,,D001A,0.5189239978790283,Healthy,Good,,D01
449,109.2317975,-0.42608885,8.38,0.378,TM,Suspect,Circle_5m,D001A,0.4267322719097137,Abnormal,Sub-Optimal,Monitor,D01
450,109.23357866,-0.4285485,8.37,0.394,TM,Healthy,,D001A,0.4600438475608825,Healthy,Good,,D01
451,109.23125108,-0.4213701,8.37,0.176,TM,Suspect,Circle_5m,D001A,0.2467327862977981,Suspect,Critical,Priority Survey,D01
452,109.23203432,-0.42750187,8.36,0.445,TM,Healthy,,D001A,0.4991520047187805,Healthy,Good,,D01
453,109.2327968,-0.42818118,8.36,0.368,TM,Suspect,Circle_5m,D001A,0.4310157597064972,Normal,Moderate,Routine,D01
454,109.23351462,-0.42375661,8.34,0.328,TM,Suspect,Circle_5m,D001A,0.3900061249732971,Abnormal,Sub-Optimal,Monitor,D01
455,109.23198214,-0.42190742,8.34,0.249,TM,Suspect,Circle_5m,D001A,0.3169907927513122,Suspect,Critical,Priority Survey,D01
456,109.23220751,-0.42632768,8.34,0.433,TM,Healthy,,D001A,0.5242272615432739,Healthy,Good,,D01
457,109.23150511,-0.43000439,8.34,0.302,TM,Suspect,Circle_5m,D001A,0.3618798851966858,Suspect,Critical,Priority Survey,D01
458,109.23284359,-0.42779098,8.34,0.28,TM,Suspect,Circle_5m,D001A,0.351776659488678,Suspect,Critical,Priority Survey,D01
459,109.23254446,-0.42587742,8.32,0.482,TM,Healthy,,D001A,0.5409308671951294,Healthy,Good,,D01
460,109.23298684,-0.42198949,8.32,0.373,TM,Suspect,Circle_5m,D001A,0.4345439672470093,Normal,Moderate,Routine,D01
461,109.2335348,-0.42588488,8.32,0.361,TM,Suspect,Circle_5m,D001A,0.4241807162761688,Abnormal,Sub-Optimal,Monitor,D01
462,109.23135786,-0.42780194,8.31,0.363,TM,Suspect,Circle_5m,D001A,0.429375022649765,Abnormal,Sub-Optimal,Monitor,D01
463,109.23331613,-0.4236372,8.29,0.4,TM,Healthy,,D001A,0.4628941714763641,Healthy,Good,,D01
464,109.23233134,-0.42884934,8.29,0.35,TM,Suspect,Circle_5m,D001A,0.4167355000972748,Abnormal,Sub-Optimal,Monitor,D01
465,109.23135469,-0.42790141,8.29,0.349,TM,Suspect,Circle_5m,D001A,0.4003198444843292,Abnormal,Sub-Optimal,Monitor,D01
466,109.23134917,-0.42255069,8.28,0.327,TM,Suspect,Circle_5m,D001A,0.390853077173233,Abnormal,Sub-Optimal,Monitor,D01
467,109.23166248,-0.42338904,8.28,0.34,TM,Suspect,Circle_5m,D001A,0.402025818824768,Abnormal,Sub-Optimal,Monitor,D01
468,109.23250531,-0.42224846,8.28,0.351,TM,Suspect,Circle_5m,D001A,0.412897378206253,Abnormal,Sub-Optimal,Monitor,D01
469,109.23216399,-0.42608713,8.28,0.394,TM,Healthy,,D001A,0.4598705470561981,Normal,Moderate,Routine,D01
470,109.23200176,-0.42256531,8.27,0.423,TM,Healthy,,D001A,0.481236457824707,Healthy,Good,,D01
471,109.23356259,-0.4300329,8.26,0.43,TM,Healthy,,D001A,0.4848586022853851,Healthy,Good,,D01
472,109.23264385,-0.43118296,8.25,0.408,TM,Healthy,,D001A,0.4672212302684784,Healthy,Good,,D01
473,109.23343977,-0.42897982,8.24,0.454,TM,Healthy,,D001A,0.5089411735534668,Healthy,Good,,D01
474,109.23131529,-0.42142347,8.24,0.296,TM,Suspect,Circle_5m,D001A,0.3617971241474151,Suspect,Critical,Priority Survey,D01
475,109.23222488,-0.43085641,8.23,0.342,TM,Suspect,Circle_5m,D001A,0.4012829959392547,Abnormal,Sub-Optimal,Monitor,D01
476,109.23222148,-0.43002355,8.19,0.337,TM,Suspect,Circle_5m,D001A,0.3812749087810516,Suspect,Critical,Priority Survey,D01
477,109.23136,-0.42822606,8.17,0.374,TM,Suspect,Circle_5m,D001A,0.4314324855804443,Normal,Moderate,Routine,D01
478,109.23352378,-0.42496159,8.17,0.286,TM,Suspect,Circle_5m,D001A,0.3446430563926697,Suspect,Critical,Priority Survey,D01
479,109.23296459,-0.42701558,8.16,0.452,TM,Healthy,,D001A,0.502699613571167,Healthy,Good,,D01
480,109.231598,-0.42645459,8.15,0.411,TM,Healthy,,D001A,0.4689448475837707,Healthy,Good,,D01
481,109.23140347,-0.42867505,8.15,0.364,TM,Suspect,Circle_5m,D001A,0.430018812417984,Normal,Moderate,Routine,D01
482,109.23137046,-0.42570398,8.14,0.329,TM,Suspect,Circle_5m,D001A,0.391479343175888,Abnormal,Sub-Optimal,Monitor,D01
483,109.23329132,-0.4300351,8.14,0.299,TM,Suspect,Circle_5m,D001A,0.3687275648117065,Suspect,Critical,Priority Survey,D01
484,109.23246092,-0.42981878,8.13,0.413,TM,Healthy,,D001A,0.4670126140117645,Healthy,Good,,D01
485,109.23136622,-0.42461023,8.13,0.397,TM,Healthy,,D001A,0.4543663263320923,Normal,Moderate,Routine,D01
486,109.23136953,-0.42586991,8.12,0.352,TM,Suspect,Circle_5m,D001A,0.4132721424102783,Abnormal,Sub-Optimal,Monitor,D01
487,109.23252575,-0.42915007,8.12,0.4,TM,Healthy,,D001A,0.4482570886611938,Normal,Moderate,Routine,D01
488,109.23242004,-0.42590678,8.12,0.469,TM,Healthy,,D001A,0.5196809768676758,Healthy,Good,,D01
489,109.23312263,-0.42920401,8.1,0.387,TM,Healthy,,D001A,0.452519416809082,Normal,Moderate,Routine,D01
490,109.23303883,-0.428396,8.09,0.428,TM,Healthy,,D001A,0.4794999957084656,Healthy,Good,,D01
491,109.23150409,-0.42467446,8.08,0.376,TM,Suspect,Circle_5m,D001A,0.4393601417541504,Normal,Moderate,Routine,D01
492,109.23343539,-0.43045699,8.08,0.48,TM,Healthy,,D001A,0.5403909683227539,Healthy,Good,,D01
493,109.23139101,-0.43013187,8.07,0.31,TM,Suspect,Circle_5m,D001A,0.3706590235233307,Suspect,Critical,Priority Survey,D01
494,109.23307161,-0.43036919,8.07,0.32,TM,Suspect,Circle_5m,D001A,0.3832964301109314,Suspect,Critical,Priority Survey,D01
495,109.2333898,-0.42359471,8.05,0.368,TM,Suspect,Circle_5m,D001A,0.4308615028858185,Normal,Moderate,Routine,D01
496,109.23227191,-0.42948053,8.04,0.379,TM,Suspect,Circle_5m,D001A,0.4415276646614074,Normal,Moderate,Routine,D01
497,109.23190088,-0.42965995,8.0,0.375,TM,Suspect,Circle_5m,D001A,0.4385513961315155,Normal,Moderate,Routine,D01
498,109.23209985,-0.42571319,8.0,0.405,TM,Healthy,,D001A,0.4622331857681274,Healthy,Good,,D01
499,109.23311143,-0.42909956,8.0,0.588,TM,Healthy,,D001A,0.6364143490791321,Healthy,Good,,D01
500,109.23133721,-0.42577857,7.99,0.296,TM,Suspect,Circle_5m,D001A,0.3625584244728088,Suspect,Critical,Priority Survey,D01
501,109.23207464,-0.42203133,7.99,0.375,TM,Suspect,Circle_5m,D001A,0.4360166788101196,Normal,Moderate,Routine,D01
502,109.2318796,-0.42253905,7.98,0.35,TM,Suspect,Circle_5m,D001A,0.4128626883029938,Abnormal,Sub-Optimal,Monitor,D01
503,109.2313181,-0.42684202,7.97,0.291,TM,Suspect,Circle_5m,D001A,0.3468587398529053,Suspect,Critical,Priority Survey,D01
504,109.23149601,-0.42266557,7.96,0.477,TM,Healthy,,D001A,0.5303391814231873,Healthy,Good,,D01
505,109.23136602,-0.42546705,7.96,0.384,TM,Healthy,,D001A,0.4528319239616394,Normal,Moderate,Routine,D01
506,109.23151049,-0.42616701,7.95,0.36,TM,Suspect,Circle_5m,D001A,0.4318837821483612,Normal,Moderate,Routine,D01
507,109.23255605,-0.42823221,7.95,0.324,TM,Suspect,Circle_5m,D001A,0.3844182193279266,Suspect,Critical,Priority Survey,D01
508,109.23264947,-0.42824263,7.95,0.373,TM,Suspect,Circle_5m,D001A,0.4321859180927276,Normal,Moderate,Routine,D01
509,109.2329888,-0.42918273,7.93,0.398,TM,Healthy,,D001A,0.4511385560035705,Normal,Moderate,Routine,D01
510,109.23353407,-0.42512753,7.93,0.355,TM,Suspect,Circle_5m,D001A,0.416601687669754,Abnormal,Sub-Optimal,Monitor,D01
511,109.23189343,-0.42688149,7.92,0.366,TM,Suspect,Circle_5m,D001A,0.4130844473838806,Abnormal,Sub-Optimal,Monitor,D01
512,109.23144645,-0.4213593,7.91,0.385,TM,Healthy,,D001A,0.4480607211589813,Normal,Moderate,Routine,D01
513,109.23134179,-0.42536621,7.91,0.338,TM,Suspect,Circle_5m,D001A,0.4025391936302185,Abnormal,Sub-Optimal,Monitor,D01
514,109.23147483,-0.42296579,7.9,0.335,TM,Suspect,Circle_5m,D001A,0.3957383334636688,Abnormal,Sub-Optimal,Monitor,D01
515,109.23282759,-0.43099264,7.9,0.448,TM,Healthy,,D001A,0.5014505982398987,Healthy,Good,,D01
516,109.23276902,-0.42984779,7.9,0.343,TM,Suspect,Circle_5m,D001A,0.4106991291046142,Abnormal,Sub-Optimal,Monitor,D01
517,109.23206627,-0.42527912,7.89,0.34,TM,Suspect,Circle_5m,D001A,0.4057923555374145,Abnormal,Sub-Optimal,Monitor,D01
518,109.23132509,-0.42178203,7.89,0.303,TM,Suspect,Circle_5m,D001A,0.3678996562957763,Suspect,Critical,Priority Survey,D01
519,109.23134533,-0.4256271,7.89,0.369,TM,Suspect,Circle_5m,D001A,0.4304211735725403,Normal,Moderate,Routine,D01
520,109.23233609,-0.42177819,7.88,0.465,TM,Healthy,,D001A,0.5197960138320923,Healthy,Good,,D01
521,109.23252914,-0.42212368,7.87,0.324,TM,Suspect,Circle_5m,D001A,0.3884492218494415,Suspect,Critical,Priority Survey,D01
522,109.23162754,-0.42885822,7.87,0.329,TM,Suspect,Circle_5m,D001A,0.3992488980293274,Abnormal,Sub-Optimal,Monitor,D01
523,109.23352043,-0.42389,7.86,0.33,TM,Suspect,Circle_5m,D001A,0.3893589675426483,Suspect,Critical,Priority Survey,D01
524,109.23354269,-0.42672498,7.86,0.267,TM,Suspect,Circle_5m,D001A,0.3431631624698639,Suspect,Critical,Priority Survey,D01
525,109.23287654,-0.42709513,7.86,0.358,TM,Suspect,Circle_5m,D001A,0.417166143655777,Abnormal,Sub-Optimal,Monitor,D01
526,109.23309307,-0.4288762,7.83,0.347,TM,Suspect,Circle_5m,D001A,0.4148119390010834,Abnormal,Sub-Optimal,Monitor,D01
527,109.23190461,-0.42711797,7.83,0.355,TM,Suspect,Circle_5m,D001A,0.4140524864196777,Abnormal,Sub-Optimal,Monitor,D01
528,109.23133822,-0.42331934,7.83,0.35,TM,Suspect,Circle_5m,D001A,0.4107579886913299,Abnormal,Sub-Optimal,Monitor,D01
529,109.23184259,-0.42530258,7.83,0.417,TM,Healthy,,D001A,0.4712822139263153,Healthy,Good,,D01
530,109.23325533,-0.42833999,7.8,0.318,TM,Suspect,Circle_5m,D001A,0.3844344913959503,Suspect,Critical,Priority Survey,D01
531,109.23242522,-0.43076512,7.8,0.355,TM,Suspect,Circle_5m,D001A,0.4154068529605865,Abnormal,Sub-Optimal,Monitor,D01
532,109.23224179,-0.42764887,7.8,0.378,TM,Suspect,Circle_5m,D001A,0.437943547964096,Normal,Moderate,Routine,D01
533,109.23173088,-0.43066051,7.8,0.29,TM,Suspect,Circle_5m,D001A,0.3554306924343109,Suspect,Critical,Priority Survey,D01
534,109.2328125,-0.43019369,7.79,0.332,TM,Suspect,Circle_5m,D001A,0.3998798131942749,Abnormal,Sub-Optimal,Monitor,D01
535,109.23186322,-0.42937825,7.78,0.448,TM,Healthy,,D001A,0.5033479928970337,Healthy,Good,,D01
536,109.23309464,-0.42982526,7.78,0.337,TM,Suspect,Circle_5m,D001A,0.4045446217060089,Abnormal,Sub-Optimal,Monitor,D01
537,109.2313708,-0.42421822,7.78,0.289,TM,Suspect,Circle_5m,D001A,0.3537570834159851,Suspect,Critical,Priority Survey,D01
538,109.23160548,-0.42518044,7.76,0.309,TM,Suspect,Circle_5m,D001A,0.3734670579433441,Suspect,Critical,Priority Survey,D01
539,109.23335552,-0.42818402,7.76,0.343,TM,Suspect,Circle_5m,D001A,0.3994231522083282,Abnormal,Sub-Optimal,Monitor,D01
540,109.23230324,-0.42602974,7.76,0.32,TM,Suspect,Circle_5m,D001A,0.3851613402366638,Suspect,Critical,Priority Survey,D01
541,109.23238052,-0.42981288,7.73,0.389,TM,Healthy,,D001A,0.4475650191307068,Normal,Moderate,Routine,D01
542,109.23221304,-0.42172481,7.73,0.513,TM,Healthy,,D001A,0.5658107399940491,Healthy,Good,,D01
543,109.2316598,-0.43115062,7.73,0.3,TM,Suspect,Circle_5m,D001A,0.3637047708034515,Suspect,Critical,Priority Survey,D01
544,109.23278076,-0.4256202,7.72,0.46,TM,Healthy,,D001A,0.5190261602401733,Healthy,Good,,D01
545,109.23140219,-0.42836895,7.72,0.359,TM,Suspect,Circle_5m,D001A,0.4192692041397095,Abnormal,Sub-Optimal,Monitor,D01
546,109.23144336,-0.42310414,7.72,0.408,TM,Healthy,,D001A,0.4678153693675995,Healthy,Good,,D01
547,109.23163491,-0.42413282,7.71,0.376,TM,Suspect,Circle_5m,D001A,0.4393329620361328,Normal,Moderate,Routine,D01
548,109.231827,-0.43063205,7.69,0.406,TM,Healthy,,D001A,0.4695717990398407,Healthy,Good,,D01
549,109.23250489,-0.42803959,7.69,0.369,TM,Suspect,Circle_5m,D001A,0.4258963763713836,Abnormal,Sub-Optimal,Monitor,D01
550,109.23348016,-0.42519941,7.69,0.386,TM,Healthy,,D001A,0.4486306309700012,Normal,Moderate,Routine,D01
551,109.23137944,-0.42373758,7.68,0.376,TM,Suspect,Circle_5m,D001A,0.4350434243679046,Normal,Moderate,Routine,D01
552,109.231417,-0.42248107,7.68,0.311,TM,Suspect,Circle_5m,D001A,0.375365287065506,Suspect,Critical,Priority Survey,D01
553,109.23207121,-0.42921643,7.68,0.37,TM,Suspect,Circle_5m,D001A,0.4387805163860321,Normal,Moderate,Routine,D01
554,109.23193011,-0.42755701,7.68,0.298,TM,Suspect,Circle_5m,D001A,0.351700872182846,Suspect,Critical,Priority Survey,D01
555,109.23227094,-0.42781436,7.67,0.39,TM,Healthy,,D001A,0.4591525197029114,Normal,Moderate,Routine,D01
556,109.23351492,-0.42245307,7.66,0.327,TM,Suspect,Circle_5m,D001A,0.3900893628597259,Abnormal,Sub-Optimal,Monitor,D01
557,109.23274838,-0.42976233,7.66,0.335,TM,Suspect,Circle_5m,D001A,0.399209588766098,Abnormal,Sub-Optimal,Monitor,D01
558,109.23321168,-0.42473183,7.66,0.389,TM,Healthy,,D001A,0.4512348175048828,Normal,Moderate,Routine,D01
559,109.2331088,-0.42485976,7.64,0.473,TM,Healthy,,D001A,0.5329468846321106,Healthy,Good,,D01
560,109.23267007,-0.42848589,7.63,0.376,TM,Suspect,Circle_5m,D001A,0.4417639374732971,Normal,Moderate,Routine,D01
561,109.23320273,-0.43048587,7.62,0.324,TM,Suspect,Circle_5m,D001A,0.3874351382255554,Suspect,Critical,Priority Survey,D01
562,109.23267463,-0.42817437,7.62,0.396,TM,Healthy,,D001A,0.4452839195728302,Normal,Moderate,Routine,D01
563,109.23155321,-0.42982173,7.61,0.363,TM,Suspect,Circle_5m,D001A,0.4253454208374023,Abnormal,Sub-Optimal,Monitor,D01
564,109.23214142,-0.42263678,7.61,0.387,TM,Healthy,,D001A,0.4471350312232971,Normal,Moderate,Routine,D01
565,109.23343905,-0.43015812,7.61,0.36,TM,Suspect,Circle_5m,D001A,0.415958434343338,Abnormal,Sub-Optimal,Monitor,D01
566,109.23141464,-0.42302772,7.61,0.339,TM,Suspect,Circle_5m,D001A,0.4000816643238067,Abnormal,Sub-Optimal,Monitor,D01
567,109.23170278,-0.42981273,7.6,0.306,TM,Suspect,Circle_5m,D001A,0.3706313073635101,Suspect,Critical,Priority Survey,D01
568,109.23291672,-0.42816357,7.58,0.37,TM,Suspect,Circle_5m,D001A,0.424226313829422,Abnormal,Sub-Optimal,Monitor,D01
569,109.23286215,-0.42912121,7.57,0.379,TM,Suspect,Circle_5m,D001A,0.4370225965976715,Normal,Moderate,Routine,D01
570,109.23131773,-0.42451617,7.56,0.341,TM,Suspect,Circle_5m,D001A,0.4060123562812805,Abnormal,Sub-Optimal,Monitor,D01
571,109.23200912,-0.42376034,7.56,0.387,TM,Healthy,,D001A,0.447421669960022,Normal,Moderate,Routine,D01
572,109.23199668,-0.42516923,7.56,0.36,TM,Suspect,Circle_5m,D001A,0.4237852394580841,Abnormal,Sub-Optimal,Monitor,D01
573,109.23344359,-0.42800996,7.55,0.458,TM,Healthy,,D001A,0.5142353177070618,Healthy,Good,,D01
574,109.23206985,-0.4311887,7.55,0.245,TM,Suspect,Circle_5m,D001A,0.3103945255279541,Suspect,Critical,Priority Survey,D01
575,109.23292737,-0.43065853,7.55,0.325,TM,Suspect,Circle_5m,D001A,0.3868599534034729,Suspect,Critical,Priority Survey,D01
576,109.23262938,-0.42570788,7.54,0.359,TM,Suspect,Circle_5m,D001A,0.4236413836479187,Abnormal,Sub-Optimal,Monitor,D01
577,109.23245773,-0.42998608,7.54,0.253,TM,Suspect,Circle_5m,D001A,0.317754864692688,Suspect,Critical,Priority Survey,D01
578,109.23227675,-0.42202686,7.54,0.367,TM,Suspect,Circle_5m,D001A,0.428366094827652,Abnormal,Sub-Optimal,Monitor,D01
579,109.23352306,-0.42417169,7.54,0.369,TM,Suspect,Circle_5m,D001A,0.4284777343273163,Abnormal,Sub-Optimal,Monitor,D01
580,109.23222019,-0.42388473,7.53,0.353,TM,Suspect,Circle_5m,D001A,0.4143337309360504,Abnormal,Sub-Optimal,Monitor,D01
581,109.23237376,-0.42598047,7.52,0.397,TM,Healthy,,D001A,0.4606727659702301,Healthy,Good,,D01
582,109.23285943,-0.42924284,7.52,0.329,TM,Suspect,Circle_5m,D001A,0.3800718486309051,Suspect,Critical,Priority Survey,D01
583,109.23346509,-0.43023544,7.52,0.445,TM,Healthy,,D001A,0.5107000470161438,Healthy,Good,,D01
584,109.23349505,-0.4268796,7.51,0.422,TM,Healthy,,D001A,0.4768414199352264,Healthy,Good,,D01
585,109.23132091,-0.42437555,7.51,0.37,TM,Suspect,Circle_5m,D001A,0.4333787560462951,Normal,Moderate,Routine,D01
586,109.23206737,-0.42831756,7.51,0.348,TM,Suspect,Circle_5m,D001A,0.4092291891574859,Abnormal,Sub-Optimal,Monitor,D01
587,109.23305221,-0.4287939,7.51,0.341,TM,Suspect,Circle_5m,D001A,0.4050140380859375,Abnormal,Sub-Optimal,Monitor,D01
588,109.23341888,-0.4240844,7.49,0.368,TM,Suspect,Circle_5m,D001A,0.4211456477642059,Abnormal,Sub-Optimal,Monitor,D01
589,109.23253143,-0.42390786,7.49,0.321,TM,Suspect,Circle_5m,D001A,0.3830732405185699,Suspect,Critical,Priority Survey,D01
590,109.2313164,-0.42245889,7.49,0.308,TM,Suspect,Circle_5m,D001A,0.3721056282520294,Suspect,Critical,Priority Survey,D01
591,109.23186077,-0.4223912,7.48,0.327,TM,Suspect,Circle_5m,D001A,0.391499251127243,Abnormal,Sub-Optimal,Monitor,D01
592,109.2314791,-0.42395012,7.48,0.431,TM,Healthy,,D001A,0.4961522221565246,Healthy,Good,,D01
593,109.2321204,-0.42621734,7.48,0.407,TM,Healthy,,D001A,0.4752434492111206,Healthy,Good,,D01
594,109.2321459,-0.42468456,7.47,0.383,TM,Healthy,,D001A,0.4491802453994751,Normal,Moderate,Routine,D01
595,109.23318152,-0.42503024,7.47,0.404,TM,Healthy,,D001A,0.4621527194976806,Healthy,Good,,D01
596,109.2313503,-0.4274669,7.46,0.369,TM,Suspect,Circle_5m,D001A,0.42979496717453,Abnormal,Sub-Optimal,Monitor,D01
597,109.23305756,-0.42897295,7.46,0.341,TM,Suspect,Circle_5m,D001A,0.4044141173362732,Abnormal,Sub-Optimal,Monitor,D01
598,109.23267147,-0.42235069,7.46,0.366,TM,Suspect,Circle_5m,D001A,0.4276207685470581,Abnormal,Sub-Optimal,Monitor,D01
599,109.23140718,-0.42814016,7.44,0.376,TM,Suspect,Circle_5m,D001A,0.4378505945205688,Normal,Moderate,Routine,D01
600,109.23166839,-0.42700759,7.43,0.349,TM,Suspect,Circle_5m,D001A,0.4115546643733978,Abnormal,Sub-Optimal,Monitor,D01
601,109.23131837,-0.42170561,7.42,0.316,TM,Suspect,Circle_5m,D001A,0.3805487751960754,Suspect,Critical,Priority Survey,D01
602,109.23202732,-0.42669885,7.4,0.432,TM,Healthy,,D001A,0.4927933514118194,Healthy,Good,,D01
603,109.23330752,-0.4219864,7.4,0.297,TM,Suspect,Circle_5m,D001A,0.362240582704544,Suspect,Critical,Priority Survey,D01
604,109.23242349,-0.42260429,7.39,0.329,TM,Suspect,Circle_5m,D001A,0.3931018710136413,Abnormal,Sub-Optimal,Monitor,D01
605,109.23295134,-0.42205505,7.39,0.374,TM,Suspect,Circle_5m,D001A,0.435140460729599,Normal,Moderate,Routine,D01
606,109.23291038,-0.4244564,7.38,0.306,TM,Suspect,Circle_5m,D001A,0.3725897073745727,Suspect,Critical,Priority Survey,D01
607,109.23313237,-0.42195155,7.38,0.324,TM,Suspect,Circle_5m,D001A,0.3873677253723144,Suspect,Critical,Priority Survey,D01
608,109.23216204,-0.42284567,7.38,0.396,TM,Healthy,,D001A,0.4564071595668793,Normal,Moderate,Routine,D01
609,109.23189705,-0.42482557,7.35,0.352,TM,Suspect,Circle_5m,D001A,0.4115767478942871,Abnormal,Sub-Optimal,Monitor,D01
610,109.23178764,-0.42401937,7.35,0.33,TM,Suspect,Circle_5m,D001A,0.3947712481021881,Abnormal,Sub-Optimal,Monitor,D01
611,109.23208719,-0.42214573,7.35,0.357,TM,Suspect,Circle_5m,D001A,0.41901695728302,Abnormal,Sub-Optimal,Monitor,D01
612,109.23353741,-0.42625791,7.34,0.318,TM,Suspect,Circle_5m,D001A,0.3789033591747284,Suspect,Critical,Priority Survey,D01
613,109.23322888,-0.42217719,7.33,0.412,TM,Healthy,,D001A,0.4715666174888611,Healthy,Good,,D01
614,109.23325267,-0.4281745,7.32,0.438,TM,Healthy,,D001A,0.5032192468643188,Healthy,Good,,D01
615,109.2330792,-0.42269125,7.31,0.444,TM,Healthy,,D001A,0.5017484426498413,Healthy,Good,,D01
616,109.23210168,-0.42558161,7.3,0.405,TM,Healthy,,D001A,0.4644612669944763,Healthy,Good,,D01
617,109.23351884,-0.42298977,7.3,0.38,TM,Healthy,,D001A,0.4418730139732361,Normal,Moderate,Routine,D01
618,109.23243158,-0.42453044,7.3,0.339,TM,Suspect,Circle_5m,D001A,0.4037496745586395,Abnormal,Sub-Optimal,Monitor,D01
619,109.23344238,-0.42345592,7.3,0.354,TM,Suspect,Circle_5m,D001A,0.4126701951026916,Abnormal,Sub-Optimal,Monitor,D01
620,109.23350675,-0.4267946,7.29,0.413,TM,Healthy,,D001A,0.4787904024124145,Healthy,Good,,D01
621,109.2334313,-0.4267453,7.29,0.382,TM,Healthy,,D001A,0.4428828358650207,Normal,Moderate,Routine,D01
622,109.23238653,-0.42513179,7.29,0.306,TM,Suspect,Circle_5m,D001A,0.3739104568958282,Suspect,Critical,Priority Survey,D01
623,109.23208186,-0.42384671,7.28,0.351,TM,Suspect,Circle_5m,D001A,0.4155181646347046,Abnormal,Sub-Optimal,Monitor,D01
624,109.23193386,-0.42291525,7.28,0.437,TM,Healthy,,D001A,0.4930794537067413,Healthy,Good,,D01
625,109.23279515,-0.42358282,7.27,0.321,TM,Suspect,Circle_5m,D001A,0.3821094930171966,Suspect,Critical,Priority Survey,D01
626,109.23295738,-0.4290837,7.27,0.4,TM,Healthy,,D001A,0.4555580914020538,Normal,Moderate,Routine,D01
627,109.23254225,-0.42572233,7.26,0.321,TM,Suspect,Circle_5m,D001A,0.3838364481925964,Suspect,Critical,Priority Survey,D01
628,109.23277068,-0.42652224,7.26,0.443,TM,Healthy,,D001A,0.5030053853988647,Healthy,Good,,D01
629,109.23133633,-0.42764052,7.24,0.326,TM,Suspect,Circle_5m,D001A,0.3845116198062897,Suspect,Critical,Priority Survey,D01
630,109.23209969,-0.4224541,7.24,0.346,TM,Suspect,Circle_5m,D001A,0.40809166431427,Abnormal,Sub-Optimal,Monitor,D01
631,109.23257385,-0.42892491,7.24,0.371,TM,Suspect,Circle_5m,D001A,0.4339587092399597,Normal,Moderate,Routine,D01
632,109.23221821,-0.42470131,7.22,0.361,TM,Suspect,Circle_5m,D001A,0.4307010769844055,Normal,Moderate,Routine,D01
633,109.23161156,-0.42608791,7.21,0.356,TM,Suspect,Circle_5m,D001A,0.4225294291973114,Abnormal,Sub-Optimal,Monitor,D01
634,109.23305392,-0.42722494,7.21,0.402,TM,Healthy,,D001A,0.4689353704452514,Healthy,Good,,D01
635,109.23304786,-0.42620625,7.19,0.332,TM,Suspect,Circle_5m,D001A,0.3996738195419311,Abnormal,Sub-Optimal,Monitor,D01
636,109.2313145,-0.42492943,7.19,0.315,TM,Suspect,Circle_5m,D001A,0.3741019666194916,Suspect,Critical,Priority Survey,D01
637,109.23254078,-0.42231765,7.19,0.343,TM,Suspect,Circle_5m,D001A,0.4068633615970611,Abnormal,Sub-Optimal,Monitor,D01
638,109.23181908,-0.42203851,7.18,0.343,TM,Suspect,Circle_5m,D001A,0.4066495895385742,Abnormal,Sub-Optimal,Monitor,D01
639,109.23176115,-0.42791417,7.18,0.421,TM,Healthy,,D001A,0.4760478734970093,Healthy,Good,,D01
640,109.23312147,-0.4283924,7.17,0.504,TM,Healthy,,D001A,0.552726686000824,Healthy,Good,,D01
641,109.23259553,-0.42839319,7.16,0.401,TM,Healthy,,D001A,0.4556257724761963,Normal,Moderate,Routine,D01
642,109.23316993,-0.42269444,7.16,0.35,TM,Suspect,Circle_5m,D001A,0.4137194156646728,Abnormal,Sub-Optimal,Monitor,D01
643,109.23210163,-0.42777679,7.14,0.388,TM,Healthy,,D001A,0.4413277208805084,Normal,Moderate,Routine,D01
644,109.23170006,-0.42401392,7.14,0.388,TM,Healthy,,D001A,0.4485268294811249,Normal,Moderate,Routine,D01
645,109.23151205,-0.42519353,7.13,0.419,TM,Healthy,,D001A,0.4852565824985504,Healthy,Good,,D01
646,109.23339634,-0.4303444,7.13,0.441,TM,Healthy,,D001A,0.4930586516857147,Healthy,Good,,D01
647,109.23198722,-0.42528045,7.13,0.384,TM,Healthy,,D001A,0.4428033232688904,Normal,Moderate,Routine,D01
648,109.23135147,-0.42430141,7.11,0.309,TM,Suspect,Circle_5m,D001A,0.370473176240921,Suspect,Critical,Priority Survey,D01
649,109.23143531,-0.42691891,7.1,0.316,TM,Suspect,Circle_5m,D001A,0.3909795880317688,Abnormal,Sub-Optimal,Monitor,D01
650,109.23241862,-0.42228823,7.1,0.382,TM,Healthy,,D001A,0.4429567158222198,Normal,Moderate,Routine,D01
651,109.23257506,-0.42953124,7.1,0.352,TM,Suspect,Circle_5m,D001A,0.4195412695407867,Abnormal,Sub-Optimal,Monitor,D01
652,109.23346309,-0.4271649,7.08,0.309,TM,Suspect,Circle_5m,D001A,0.3632577061653137,Suspect,Critical,Priority Survey,D01
653,109.23251153,-0.42649007,7.08,0.378,TM,Suspect,Circle_5m,D001A,0.4414694011211395,Normal,Moderate,Routine,D01
654,109.23214077,-0.42550928,7.07,0.37,TM,Suspect,Circle_5m,D001A,0.4285401105880737,Abnormal,Sub-Optimal,Monitor,D01
655,109.23352147,-0.42526544,7.07,0.282,TM,Suspect,Circle_5m,D001A,0.3494499027729034,Suspect,Critical,Priority Survey,D01
656,109.23265897,-0.4259724,7.06,0.352,TM,Suspect,Circle_5m,D001A,0.39883553981781,Abnormal,Sub-Optimal,Monitor,D01
657,109.23299832,-0.42286214,7.05,0.354,TM,Suspect,Circle_5m,D001A,0.4168421626091003,Abnormal,Sub-Optimal,Monitor,D01
658,109.23196855,-0.42639138,7.05,0.423,TM,Healthy,,D001A,0.4849714338779449,Healthy,Good,,D01
659,109.23284355,-0.42406528,7.05,0.347,TM,Suspect,Circle_5m,D001A,0.4088232219219208,Abnormal,Sub-Optimal,Monitor,D01
660,109.23281886,-0.42990206,7.04,0.351,TM,Suspect,Circle_5m,D001A,0.4116913676261902,Abnormal,Sub-Optimal,Monitor,D01
661,109.23303096,-0.42747497,7.03,0.405,TM,Healthy,,D001A,0.4608557820320129,Healthy,Good,,D01
662,109.23351622,-0.42661691,7.02,0.348,TM,Suspect,Circle_5m,D001A,0.4168797731399536,Abnormal,Sub-Optimal,Monitor,D01
663,109.23317432,-0.42902362,7.01,0.422,TM,Healthy,,D001A,0.4830986559391022,Healthy,Good,,D01
664,109.23243891,-0.42391552,6.98,0.377,TM,Suspect,Circle_5m,D001A,0.442528486251831,Normal,Moderate,Routine,D01
665,109.23201006,-0.42555898,6.98,0.361,TM,Suspect,Circle_5m,D001A,0.4161033630371094,Abnormal,Sub-Optimal,Monitor,D01
666,109.23153987,-0.42137334,6.97,0.327,TM,Suspect,Circle_5m,D001A,0.3892320096492767,Suspect,Critical,Priority Survey,D01
667,109.23207856,-0.42257617,6.92,0.359,TM,Suspect,Circle_5m,D001A,0.4204406142234802,Abnormal,Sub-Optimal,Monitor,D01
668,109.2323869,-0.42547452,6.91,0.375,TM,Suspect,Circle_5m,D001A,0.4443874955177307,Normal,Moderate,Routine,D01
669,109.23353808,-0.42725083,6.91,0.335,TM,Suspect,Circle_5m,D001A,0.4002215266227722,Abnormal,Sub-Optimal,Monitor,D01
670,109.23176241,-0.42237354,6.9,0.435,TM,Healthy,,D001A,0.4933745563030243,Healthy,Good,,D01
671,109.23240027,-0.42989201,6.9,0.424,TM,Healthy,,D001A,0.4843096435070038,Healthy,Good,,D01
672,109.23282416,-0.42834034,6.87,0.38,TM,Healthy,,D001A,0.4370227456092834,Normal,Moderate,Routine,D01
673,109.23172107,-0.42837354,6.85,0.423,TM,Healthy,,D001A,0.4851056039333343,Healthy,Good,,D01
674,109.23146744,-0.42387596,6.85,0.316,TM,Suspect,Circle_5m,D001A,0.3768341243267059,Suspect,Critical,Priority Survey,D01
675,109.23189813,-0.42600523,6.84,0.35,TM,Suspect,Circle_5m,D001A,0.4111884832382202,Abnormal,Sub-Optimal,Monitor,D01
676,109.23152436,-0.42834682,6.82,0.381,TM,Healthy,,D001A,0.4408090710639953,Normal,Moderate,Routine,D01
677,109.23212787,-0.43083106,6.82,0.368,TM,Suspect,Circle_5m,D001A,0.4249673783779144,Abnormal,Sub-Optimal,Monitor,D01
678,109.2325137,-0.42485149,6.82,0.346,TM,Suspect,Circle_5m,D001A,0.4056343734264374,Abnormal,Sub-Optimal,Monitor,D01
679,109.23333991,-0.42571031,6.81,0.405,TM,Healthy,,D001A,0.4684005975723266,Healthy,Good,,D01
680,109.23342782,-0.42821614,6.8,0.411,TM,Healthy,,D001A,0.4680911898612976,Healthy,Good,,D01
681,109.23271857,-0.43048124,6.76,0.457,TM,Healthy,,D001A,0.5107819437980652,Healthy,Good,,D01
682,109.2324327,-0.42555772,6.75,0.476,TM,Healthy,,D001A,0.530814528465271,Healthy,Good,,D01
683,109.23230782,-0.42365189,6.74,0.357,TM,Suspect,Circle_5m,D001A,0.4202926158905029,Abnormal,Sub-Optimal,Monitor,D01
684,109.23289607,-0.43005716,6.74,0.426,TM,Healthy,,D001A,0.4834568798542022,Healthy,Good,,D01
685,109.2321606,-0.42324537,6.73,0.492,TM,Healthy,,D001A,0.5459473133087158,Healthy,Good,,D01
686,109.23199562,-0.42587503,6.73,0.346,TM,Suspect,Circle_5m,D001A,0.4100536108016968,Abnormal,Sub-Optimal,Monitor,D01
687,109.23166582,-0.42843728,6.73,0.355,TM,Suspect,Circle_5m,D001A,0.4119286239147186,Abnormal,Sub-Optimal,Monitor,D01
688,109.23199752,-0.42541068,6.72,0.274,TM,Suspect,Circle_5m,D001A,0.3408821523189544,Suspect,Critical,Priority Survey,D01
689,109.2323863,-0.42613918,6.72,0.345,TM,Suspect,Circle_5m,D001A,0.4219160079956054,Abnormal,Sub-Optimal,Monitor,D01
690,109.23202025,-0.42812402,6.71,0.393,TM,Healthy,,D001A,0.4527164995670318,Normal,Moderate,Routine,D01
691,109.23154028,-0.42548472,6.71,0.384,TM,Healthy,,D001A,0.4437696635723114,Normal,Moderate,Routine,D01
692,109.23267618,-0.42731709,6.71,0.386,TM,Healthy,,D001A,0.4421403706073761,Normal,Moderate,Routine,D01
693,109.23337839,-0.42832374,6.7,0.414,TM,Healthy,,D001A,0.4721089601516723,Healthy,Good,,D01
694,109.23294239,-0.42391925,6.69,0.402,TM,Healthy,,D001A,0.4615824818611145,Healthy,Good,,D01
695,109.23252691,-0.42600311,6.67,0.368,TM,Suspect,Circle_5m,D001A,0.4241476655006408,Abnormal,Sub-Optimal,Monitor,D01
696,109.2329033,-0.42197546,6.66,0.313,TM,Suspect,Circle_5m,D001A,0.3779021799564361,Suspect,Critical,Priority Survey,D01
697,109.23318529,-0.42426159,6.65,0.429,TM,Healthy,,D001A,0.4850327670574188,Healthy,Good,,D01
698,109.23264248,-0.42540495,6.63,0.299,TM,Suspect,Circle_5m,D001A,0.3634593486785888,Suspect,Critical,Priority Survey,D01
699,109.23257101,-0.42563146,6.62,0.396,TM,Healthy,,D001A,0.4557820558547973,Normal,Moderate,Routine,D01
700,109.23329821,-0.42540419,6.61,0.364,TM,Suspect,Circle_5m,D001A,0.4165975749492645,Abnormal,Sub-Optimal,Monitor,D01
701,109.23292372,-0.43090902,6.61,0.453,TM,Healthy,,D001A,0.508262038230896,Healthy,Good,,D01
702,109.23291173,-0.42837608,6.61,0.404,TM,Healthy,,D001A,0.4648188352584839,Healthy,Good,,D01
703,109.23228728,-0.42904195,6.59,0.356,TM,Suspect,Circle_5m,D001A,0.4235966503620147,Abnormal,Sub-Optimal,Monitor,D01
704,109.23228499,-0.42529137,6.58,0.237,TM,Suspect,Circle_5m,D001A,0.3086755573749542,Suspect,Critical,Priority Survey,D01
705,109.23275873,-0.42376774,6.57,0.358,TM,Suspect,Circle_5m,D001A,0.4197095334529876,Abnormal,Sub-Optimal,Monitor,D01
706,109.23187617,-0.42380416,6.57,0.379,TM,Suspect,Circle_5m,D001A,0.4335327744483948,Normal,Moderate,Routine,D01
707,109.23179761,-0.42755472,6.57,0.406,TM,Healthy,,D001A,0.4669595658779144,Healthy,Good,,D01
708,109.23273211,-0.43020136,6.55,0.325,TM,Suspect,Circle_5m,D001A,0.3885447382926941,Suspect,Critical,Priority Survey,D01
709,109.23171696,-0.42870044,6.54,0.572,TM,Healthy,,D001A,0.6127009391784668,Healthy,Good,,D01
710,109.23325105,-0.42739816,6.52,0.341,TM,Suspect,Circle_5m,D001A,0.4097896516323089,Abnormal,Sub-Optimal,Monitor,D01
711,109.23180095,-0.42868193,6.51,0.365,TM,Suspect,Circle_5m,D001A,0.4346252381801605,Normal,Moderate,Routine,D01
712,109.23204843,-0.42273668,6.51,0.439,TM,Healthy,,D001A,0.4951380789279938,Healthy,Good,,D01
713,109.23180367,-0.42463203,6.51,0.434,TM,Healthy,,D001A,0.5077529549598694,Healthy,Good,,D01
714,109.23293157,-0.42805054,6.5,0.335,TM,Suspect,Circle_5m,D001A,0.3980236649513244,Abnormal,Sub-Optimal,Monitor,D01
715,109.23168175,-0.42354278,6.5,0.39,TM,Healthy,,D001A,0.4512277543544769,Normal,Moderate,Routine,D01
716,109.23325964,-0.42716802,6.5,0.454,TM,Healthy,,D001A,0.5095531344413757,Healthy,Good,,D01
717,109.23354396,-0.42708624,6.49,0.33,TM,Suspect,Circle_5m,D001A,0.3902525603771209,Abnormal,Sub-Optimal,Monitor,D01
718,109.23295921,-0.42892229,6.48,0.463,TM,Healthy,,D001A,0.5101251006126404,Healthy,Good,,D01
719,109.23164971,-0.42223199,6.48,0.357,TM,Suspect,Circle_5m,D001A,0.4189991652965545,Abnormal,Sub-Optimal,Monitor,D01
720,109.23161871,-0.42424766,6.48,0.408,TM,Healthy,,D001A,0.4742210209369659,Healthy,Good,,D01
721,109.23333112,-0.42882064,6.46,0.429,TM,Healthy,,D001A,0.4955774247646332,Healthy,Good,,D01
722,109.23202073,-0.42605951,6.45,0.38,TM,Healthy,,D001A,0.4420903325080871,Normal,Moderate,Routine,D01
723,109.23240438,-0.42761364,6.44,0.437,TM,Healthy,,D001A,0.5194374322891235,Healthy,Good,,D01
724,109.23247914,-0.42670936,6.43,0.335,TM,Suspect,Circle_5m,D001A,0.4053091406822204,Abnormal,Sub-Optimal,Monitor,D01
725,109.23213484,-0.42592118,6.43,0.333,TM,Suspect,Circle_5m,D001A,0.3994942009449005,Abnormal,Sub-Optimal,Monitor,D01
726,109.23353117,-0.42800863,6.42,0.397,TM,Healthy,,D001A,0.4588795006275177,Normal,Moderate,Routine,D01
727,109.2330513,-0.42294806,6.42,0.343,TM,Suspect,Circle_5m,D001A,0.4066987633705139,Abnormal,Sub-Optimal,Monitor,D01
728,109.23250232,-0.42749294,6.41,0.369,TM,Suspect,Circle_5m,D001A,0.4154563248157501,Abnormal,Sub-Optimal,Monitor,D01
729,109.23170779,-0.4255779,6.4,0.395,TM,Healthy,,D001A,0.4627886712551117,Healthy,Good,,D01
730,109.23179099,-0.42707725,6.4,0.372,TM,Suspect,Circle_5m,D001A,0.4323656558990478,Normal,Moderate,Routine,D01
731,109.2324073,-0.42270149,6.4,0.342,TM,Suspect,Circle_5m,D001A,0.4028560817241668,Abnormal,Sub-Optimal,Monitor,D01
732,109.23198822,-0.42481474,6.39,0.355,TM,Suspect,Circle_5m,D001A,0.420456975698471,Abnormal,Sub-Optimal,Monitor,D01
733,109.23161652,-0.42401164,6.38,0.326,TM,Suspect,Circle_5m,D001A,0.3914416134357452,Abnormal,Sub-Optimal,Monitor,D01
734,109.23211557,-0.42768456,6.37,0.351,TM,Suspect,Circle_5m,D001A,0.4157314002513885,Abnormal,Sub-Optimal,Monitor,D01
735,109.23317695,-0.42738684,6.37,0.324,TM,Suspect,Circle_5m,D001A,0.3860626518726349,Suspect,Critical,Priority Survey,D01
736,109.23311197,-0.42476888,6.36,0.441,TM,Healthy,,D001A,0.4980134069919586,Healthy,Good,,D01
737,109.23317808,-0.42833409,6.35,0.382,TM,Healthy,,D001A,0.4359790384769439,Normal,Moderate,Routine,D01
738,109.23143388,-0.42333292,6.35,0.397,TM,Healthy,,D001A,0.4599858224391937,Normal,Moderate,Routine,D01
739,109.23185142,-0.4279481,6.33,0.342,TM,Suspect,Circle_5m,D001A,0.3961069881916046,Abnormal,Sub-Optimal,Monitor,D01
740,109.23221488,-0.42552105,6.33,0.367,TM,Suspect,Circle_5m,D001A,0.4348208904266357,Normal,Moderate,Routine,D01
741,109.23308061,-0.42638621,6.29,0.351,TM,Suspect,Circle_5m,D001A,0.4212426543235779,Abnormal,Sub-Optimal,Monitor,D01
742,109.23188778,-0.42608435,6.28,0.458,TM,Healthy,,D001A,0.5157139897346497,Healthy,Good,,D01
743,109.23146123,-0.42746964,6.28,0.363,TM,Suspect,Circle_5m,D001A,0.417599081993103,Abnormal,Sub-Optimal,Monitor,D01
744,109.23261772,-0.42763765,6.27,0.336,TM,Suspect,Circle_5m,D001A,0.3978192508220672,Abnormal,Sub-Optimal,Monitor,D01
745,109.23269145,-0.4292428,6.26,0.372,TM,Suspect,Circle_5m,D001A,0.4307499825954437,Normal,Moderate,Routine,D01
746,109.23225281,-0.42855317,6.24,0.356,TM,Suspect,Circle_5m,D001A,0.4211046993732452,Abnormal,Sub-Optimal,Monitor,D01
747,109.23342935,-0.4254517,6.24,0.331,TM,Suspect,Circle_5m,D001A,0.3955719769001007,Abnormal,Sub-Optimal,Monitor,D01
748,109.23225555,-0.42834744,6.22,0.404,TM,Healthy,,D001A,0.4552488029003143,Normal,Moderate,Routine,D01
749,109.2331518,-0.42538743,6.21,0.328,TM,Suspect,Circle_5m,D001A,0.3891278207302093,Suspect,Critical,Priority Survey,D01
750,109.23267785,-0.42192386,6.21,0.396,TM,Healthy,,D001A,0.4561671316623688,Normal,Moderate,Routine,D01
751,109.23219231,-0.42600846,6.21,0.398,TM,Healthy,,D001A,0.458591878414154,Normal,Moderate,Routine,D01
752,109.23244072,-0.42185689,6.2,0.363,TM,Suspect,Circle_5m,D001A,0.4242628216743469,Abnormal,Sub-Optimal,Monitor,D01
753,109.23285626,-0.42542806,6.2,0.282,TM,Suspect,Circle_5m,D001A,0.3457126915454864,Suspect,Critical,Priority Survey,D01
754,109.2317494,-0.424292,6.2,0.334,TM,Suspect,Circle_5m,D001A,0.3914811611175537,Abnormal,Sub-Optimal,Monitor,D01
755,109.23344658,-0.42276006,6.2,0.393,TM,Healthy,,D001A,0.4525620341300964,Normal,Moderate,Routine,D01
756,109.23311098,-0.42711915,6.2,0.433,TM,Healthy,,D001A,0.483830839395523,Healthy,Good,,D01
757,109.23275056,-0.42612615,6.2,0.388,TM,Healthy,,D001A,0.4543057084083557,Normal,Moderate,Routine,D01
758,109.23204403,-0.42630594,6.19,0.351,TM,Suspect,Circle_5m,D001A,0.414329320192337,Abnormal,Sub-Optimal,Monitor,D01
759,109.23151,-0.42632616,6.19,0.313,TM,Suspect,Circle_5m,D001A,0.3803002536296844,Suspect,Critical,Priority Survey,D01
760,109.2328014,-0.42571877,6.19,0.419,TM,Healthy,,D001A,0.4771201908588409,Healthy,Good,,D01
761,109.23303508,-0.42712185,6.19,0.427,TM,Healthy,,D001A,0.4853071868419647,Healthy,Good,,D01
762,109.23211485,-0.4288936,6.18,0.406,TM,Healthy,,D001A,0.4614309668540954,Healthy,Good,,D01
763,109.23287915,-0.4294237,6.18,0.381,TM,Healthy,,D001A,0.442121148109436,Normal,Moderate,Routine,D01
764,109.2324752,-0.43021215,6.17,0.427,TM,Healthy,,D001A,0.4877499938011169,Healthy,Good,,D01
765,109.2318244,-0.4243404,6.17,0.372,TM,Suspect,Circle_5m,D001A,0.4358114004135132,Normal,Moderate,Routine,D01
766,109.23195093,-0.42488617,6.15,0.371,TM,Suspect,Circle_5m,D001A,0.4355685114860534,Normal,Moderate,Routine,D01
767,109.23332748,-0.42706901,6.14,0.417,TM,Healthy,,D001A,0.4679141342639923,Healthy,Good,,D01
768,109.23245155,-0.42953799,6.14,0.331,TM,Suspect,Circle_5m,D001A,0.3939240872859955,Abnormal,Sub-Optimal,Monitor,D01
769,109.23276713,-0.42827883,6.14,0.327,TM,Suspect,Circle_5m,D001A,0.4018774628639221,Abnormal,Sub-Optimal,Monitor,D01
770,109.23229323,-0.42463034,6.12,0.308,TM,Suspect,Circle_5m,D001A,0.3760180175304413,Suspect,Critical,Priority Survey,D01
771,109.23185538,-0.42635021,6.12,0.384,TM,Healthy,,D001A,0.4443572163581848,Normal,Moderate,Routine,D01
772,109.23193773,-0.42563628,6.11,0.466,TM,Healthy,,D001A,0.5208213925361633,Healthy,Good,,D01
773,109.23223216,-0.4225952,6.09,0.382,TM,Healthy,,D001A,0.4425567090511322,Normal,Moderate,Routine,D01
774,109.23260321,-0.4301941,6.08,0.381,TM,Healthy,,D001A,0.4396800398826599,Normal,Moderate,Routine,D01
775,109.23312758,-0.42721637,6.07,0.461,TM,Healthy,,D001A,0.5275053381919861,Healthy,Good,,D01
776,109.2332143,-0.42309867,6.07,0.384,TM,Healthy,,D001A,0.443577378988266,Normal,Moderate,Routine,D01
777,109.23201132,-0.4259519,6.07,0.364,TM,Suspect,Circle_5m,D001A,0.4250078201293945,Abnormal,Sub-Optimal,Monitor,D01
778,109.23242283,-0.42748071,6.05,0.545,TM,Healthy,,D001A,0.5893352031707764,Healthy,Good,,D01
779,109.23210027,-0.42585245,6.05,0.333,TM,Suspect,Circle_5m,D001A,0.3932248055934906,Abnormal,Sub-Optimal,Monitor,D01
780,109.231887,-0.42556981,6.05,0.403,TM,Healthy,,D001A,0.4508225917816162,Normal,Moderate,Routine,D01
781,109.23164414,-0.42302008,6.05,0.414,TM,Healthy,,D001A,0.4769514203071594,Healthy,Good,,D01
782,109.23271988,-0.42276215,6.03,0.358,TM,Suspect,Circle_5m,D001A,0.4211738705635071,Abnormal,Sub-Optimal,Monitor,D01
783,109.23160258,-0.42209588,6.03,0.456,TM,Healthy,,D001A,0.5115954279899597,Healthy,Good,,D01
784,109.23312593,-0.43047229,6.02,0.401,TM,Healthy,,D001A,0.4611845314502716,Healthy,Good,,D01
785,109.23356392,-0.42815016,6.02,0.315,TM,Suspect,Circle_5m,D001A,0.3716254234313965,Suspect,Critical,Priority Survey,D01
786,109.23159308,-0.42635874,6.02,0.402,TM,Healthy,,D001A,0.4615218043327331,Healthy,Good,,D01
787,109.23166078,-0.42687782,6.02,0.455,TM,Healthy,,D001A,0.5005123615264893,Healthy,Good,,D01
788,109.23209711,-0.42194498,6.02,0.366,TM,Suspect,Circle_5m,D001A,0.4271897673606872,Abnormal,Sub-Optimal,Monitor,D01
789,109.23187996,-0.43081292,6.02,0.372,TM,Suspect,Circle_5m,D001A,0.432077556848526,Normal,Moderate,Routine,D01
790,109.23323882,-0.42783584,6.01,0.386,TM,Healthy,,D001A,0.4565131664276123,Normal,Moderate,Routine,D01
791,109.23215037,-0.42673686,6.0,0.435,TM,Healthy,,D001A,0.4933921098709106,Healthy,Good,,D01
792,109.23329213,-0.43039004,6.0,0.397,TM,Healthy,,D001A,0.452723354101181,Normal,Moderate,Routine,D01
793,109.2318775,-0.42189971,6.0,0.362,TM,Suspect,Circle_5m,D001A,0.4242680370807647,Abnormal,Sub-Optimal,Monitor,D01
794,109.23350311,-0.43087841,5.99,0.395,TM,Healthy,,D001A,0.4533577859401703,Normal,Moderate,Routine,D01
795,109.2334659,-0.43058405,5.99,0.517,TM,Healthy,,D001A,0.5700491666793823,Healthy,Good,,D01
796,109.23318051,-0.42949024,5.98,0.301,TM,Suspect,Circle_5m,D001A,0.3634765148162842,Suspect,Critical,Priority Survey,D01
797,109.23300712,-0.42957203,5.98,0.334,TM,Suspect,Circle_5m,D001A,0.3614244759082794,Suspect,Critical,Priority Survey,D01
798,109.23178415,-0.42553045,5.97,0.327,TM,Suspect,Circle_5m,D001A,0.3921812176704407,Abnormal,Sub-Optimal,Monitor,D01
799,109.23212246,-0.42900122,5.95,0.422,TM,Healthy,,D001A,0.4808558523654938,Healthy,Good,,D01
800,109.23298993,-0.42221286,5.95,0.367,TM,Suspect,Circle_5m,D001A,0.4288557469844818,Abnormal,Sub-Optimal,Monitor,D01
801,109.23319322,-0.42886401,5.94,0.343,TM,Suspect,Circle_5m,D001A,0.4032167792320251,Abnormal,Sub-Optimal,Monitor,D01
802,109.23338892,-0.42744883,5.94,0.38,TM,Suspect,Circle_5m,D001A,0.4408527314662933,Normal,Moderate,Routine,D01
803,109.23179059,-0.42879677,5.93,0.429,TM,Healthy,,D001A,0.4819155931472778,Healthy,Good,,D01
804,109.23201856,-0.42573125,5.93,0.411,TM,Healthy,,D001A,0.4721252918243408,Healthy,Good,,D01
805,109.23244228,-0.42882269,5.91,0.394,TM,Healthy,,D001A,0.4515221714973449,Normal,Moderate,Routine,D01
806,109.23268013,-0.42377586,5.91,0.378,TM,Suspect,Circle_5m,D001A,0.4392106533050537,Normal,Moderate,Routine,D01
807,109.23201914,-0.43101054,5.9,0.403,TM,Healthy,,D001A,0.4646348059177398,Healthy,Good,,D01
808,109.23305085,-0.42691567,5.9,0.367,TM,Suspect,Circle_5m,D001A,0.4279070794582367,Abnormal,Sub-Optimal,Monitor,D01
809,109.23155721,-0.42413325,5.89,0.338,TM,Suspect,Circle_5m,D001A,0.402810662984848,Abnormal,Sub-Optimal,Monitor,D01
810,109.23166097,-0.42801497,5.88,0.316,TM,Suspect,Circle_5m,D001A,0.3760894536972046,Suspect,Critical,Priority Survey,D01
811,109.23197632,-0.42776365,5.87,0.355,TM,Suspect,Circle_5m,D001A,0.4171095192432403,Abnormal,Sub-Optimal,Monitor,D01
812,109.23242752,-0.42661801,5.87,0.466,TM,Healthy,,D001A,0.5411158800125122,Healthy,Good,,D01
813,109.2332609,-0.42948257,5.87,0.294,TM,Suspect,Circle_5m,D001A,0.3561713397502899,Suspect,Critical,Priority Survey,D01
814,109.2324359,-0.42331823,5.86,0.307,TM,Suspect,Circle_5m,D001A,0.3711591362953186,Suspect,Critical,Priority Survey,D01
815,109.23167449,-0.42587089,5.86,0.369,TM,Suspect,Circle_5m,D001A,0.4376821517944336,Normal,Moderate,Routine,D01
816,109.23335255,-0.42939216,5.86,0.323,TM,Suspect,Circle_5m,D001A,0.3845818042755127,Suspect,Critical,Priority Survey,D01
817,109.23219945,-0.42621329,5.85,0.369,TM,Suspect,Circle_5m,D001A,0.4336749613285064,Normal,Moderate,Routine,D01
818,109.23242094,-0.42194822,5.85,0.366,TM,Suspect,Circle_5m,D001A,0.4273627400398254,Abnormal,Sub-Optimal,Monitor,D01
819,109.23321921,-0.42321577,5.85,0.381,TM,Healthy,,D001A,0.4441428482532501,Normal,Moderate,Routine,D01
820,109.23174172,-0.42451175,5.83,0.357,TM,Suspect,Circle_5m,D001A,0.4226223826408386,Abnormal,Sub-Optimal,Monitor,D01
821,109.23284811,-0.42374561,5.8,0.364,TM,Suspect,Circle_5m,D001A,0.4256121814250946,Abnormal,Sub-Optimal,Monitor,D01
822,109.23265854,-0.42782575,5.79,0.357,TM,Suspect,Circle_5m,D001A,0.4122423231601715,Abnormal,Sub-Optimal,Monitor,D01
823,109.23350483,-0.42335239,5.78,0.378,TM,Suspect,Circle_5m,D001A,0.4390698075294494,Normal,Moderate,Routine,D01
824,109.23267498,-0.42665831,5.76,0.333,TM,Suspect,Circle_5m,D001A,0.394516259431839,Abnormal,Sub-Optimal,Monitor,D01
825,109.23155268,-0.42822203,5.75,0.439,TM,Healthy,,D001A,0.5115495920181274,Healthy,Good,,D01
826,109.23312377,-0.42816633,5.75,0.443,TM,Healthy,,D001A,0.5000649094581604,Healthy,Good,,D01
827,109.23330701,-0.42425348,5.75,0.511,TM,Healthy,,D001A,0.5599653720855713,Healthy,Good,,D01
828,109.2323092,-0.42549846,5.73,0.369,TM,Suspect,Circle_5m,D001A,0.4378048181533813,Normal,Moderate,Routine,D01
829,109.23180781,-0.42421877,5.7,0.393,TM,Healthy,,D001A,0.4536615312099457,Normal,Moderate,Routine,D01
830,109.23227718,-0.42805355,5.7,0.32,TM,Suspect,Circle_5m,D001A,0.3871475756168365,Suspect,Critical,Priority Survey,D01
831,109.23322783,-0.42877721,5.69,0.351,TM,Suspect,Circle_5m,D001A,0.4079412817955017,Abnormal,Sub-Optimal,Monitor,D01
832,109.23192191,-0.42411118,5.68,0.455,TM,Healthy,,D001A,0.5180246829986572,Healthy,Good,,D01
833,109.23182656,-0.42472337,5.67,0.383,TM,Healthy,,D001A,0.4414220750331878,Normal,Moderate,Routine,D01
834,109.23180989,-0.43083687,5.67,0.368,TM,Suspect,Circle_5m,D001A,0.4248415827751159,Abnormal,Sub-Optimal,Monitor,D01
835,109.23328478,-0.42522288,5.67,0.365,TM,Suspect,Circle_5m,D001A,0.4271229803562164,Abnormal,Sub-Optimal,Monitor,D01
836,109.23156206,-0.42256068,5.67,1.066,TM,Healthy,,D001A,,Healthy,Good,,D01
837,109.23308967,-0.42407347,5.67,0.405,TM,Healthy,,D001A,0.4677474498748779,Healthy,Good,,D01
838,109.23160604,-0.42269634,5.67,0.358,TM,Suspect,Circle_5m,D001A,0.421216756105423,Abnormal,Sub-Optimal,Monitor,D01
839,109.23337603,-0.42290609,5.67,0.341,TM,Suspect,Circle_5m,D001A,0.4044795930385589,Abnormal,Sub-Optimal,Monitor,D01
840,109.23328981,-0.42285,5.66,0.398,TM,Healthy,,D001A,0.4587172567844391,Normal,Moderate,Routine,D01
841,109.23272972,-0.42688801,5.66,0.377,TM,Suspect,Circle_5m,D001A,0.4435941874980926,Normal,Moderate,Routine,D01
842,109.23162064,-0.42760803,5.66,0.438,TM,Healthy,,D001A,0.488382875919342,Healthy,Good,,D01
843,109.23231009,-0.42354925,5.66,0.355,TM,Suspect,Circle_5m,D001A,0.4156619906425476,Abnormal,Sub-Optimal,Monitor,D01
844,109.23185368,-0.42593423,5.66,0.436,TM,Healthy,,D001A,0.4973693788051605,Healthy,Good,,D01
845,109.23314115,-0.42679904,5.65,0.376,TM,Suspect,Circle_5m,D001A,0.434570848941803,Normal,Moderate,Routine,D01
846,109.23294813,-0.42238195,5.65,0.375,TM,Suspect,Circle_5m,D001A,0.4359098672866821,Normal,Moderate,Routine,D01
847,109.23195654,-0.42982092,5.65,0.387,TM,Healthy,,D001A,0.4460084140300751,Normal,Moderate,Routine,D01
848,109.23263138,-0.42681836,5.64,0.402,TM,Healthy,,D001A,0.4662862420082092,Healthy,Good,,D01
849,109.23163801,-0.42434578,5.64,0.397,TM,Healthy,,D001A,0.4547265172004699,Normal,Moderate,Routine,D01
850,109.23336024,-0.42519758,5.63,0.371,TM,Suspect,Circle_5m,D001A,0.4322576224803924,Normal,Moderate,Routine,D01
851,109.23185598,-0.42766596,5.62,0.438,TM,Healthy,,D001A,0.5032985806465149,Healthy,Good,,D01
852,109.23300846,-0.42371264,5.61,0.319,TM,Suspect,Circle_5m,D001A,0.3874309957027435,Suspect,Critical,Priority Survey,D01
853,109.23197512,-0.42316892,5.61,0.354,TM,Suspect,Circle_5m,D001A,0.4186718463897705,Abnormal,Sub-Optimal,Monitor,D01
854,109.23165219,-0.4271274,5.6,0.442,TM,Healthy,,D001A,0.5011670589447021,Healthy,Good,,D01
855,109.23312743,-0.42787605,5.59,0.327,TM,Suspect,Circle_5m,D001A,0.3904239535331726,Abnormal,Sub-Optimal,Monitor,D01
856,109.23266834,-0.42622425,5.59,0.444,TM,Healthy,,D001A,0.5070664882659912,Healthy,Good,,D01
857,109.23186015,-0.42315804,5.57,0.337,TM,Suspect,Circle_5m,D001A,0.399643063545227,Abnormal,Sub-Optimal,Monitor,D01
858,109.23252397,-0.42709324,5.57,0.352,TM,Suspect,Circle_5m,D001A,0.4157429933547973,Abnormal,Sub-Optimal,Monitor,D01
859,109.23225462,-0.42456748,5.57,0.324,TM,Suspect,Circle_5m,D001A,0.3859084248542785,Suspect,Critical,Priority Survey,D01
860,109.23244332,-0.43014478,5.56,0.329,TM,Suspect,Circle_5m,D001A,0.3905776441097259,Abnormal,Sub-Optimal,Monitor,D01
861,109.23152542,-0.42763378,5.56,0.429,TM,Healthy,,D001A,0.487845778465271,Healthy,Good,,D01
862,109.23318348,-0.43022769,5.55,0.389,TM,Healthy,,D001A,0.4517015218734741,Normal,Moderate,Routine,D01
863,109.23199097,-0.42457872,5.55,0.455,TM,Healthy,,D001A,0.5119451880455017,Healthy,Good,,D01
864,109.23251781,-0.42255955,5.55,0.302,TM,Suspect,Circle_5m,D001A,0.3673848807811737,Suspect,Critical,Priority Survey,D01
865,109.23229397,-0.42333674,5.55,0.411,TM,Healthy,,D001A,0.4697948694229126,Healthy,Good,,D01
866,109.23295657,-0.42870797,5.54,0.347,TM,Suspect,Circle_5m,D001A,0.4141239523887634,Abnormal,Sub-Optimal,Monitor,D01
867,109.23156313,-0.42574788,5.53,0.325,TM,Suspect,Circle_5m,D001A,0.3899411559104919,Suspect,Critical,Priority Survey,D01
868,109.23357871,-0.43027164,5.52,0.443,TM,Healthy,,D001A,0.5022516846656799,Healthy,Good,,D01
869,109.23204066,-0.42333351,5.51,0.381,TM,Healthy,,D001A,0.4441814422607422,Normal,Moderate,Routine,D01
870,109.23191278,-0.42868331,5.5,0.358,TM,Suspect,Circle_5m,D001A,0.4174164831638336,Abnormal,Sub-Optimal,Monitor,D01
871,109.23296279,-0.42503742,5.5,0.425,TM,Healthy,,D001A,0.4844713509082794,Healthy,Good,,D01
872,109.23272496,-0.42807671,5.5,0.371,TM,Suspect,Circle_5m,D001A,0.430913358926773,Normal,Moderate,Routine,D01
873,109.2317192,-0.42478393,5.5,0.375,TM,Suspect,Circle_5m,D001A,0.4337786436080932,Normal,Moderate,Routine,D01
874,109.23249838,-0.42508977,5.5,0.354,TM,Suspect,Circle_5m,D001A,0.4171186685562134,Abnormal,Sub-Optimal,Monitor,D01
875,109.23268367,-0.42791348,5.49,0.376,TM,Suspect,Circle_5m,D001A,0.4414716362953186,Normal,Moderate,Routine,D01
876,109.23334344,-0.42601415,5.48,0.334,TM,Suspect,Circle_5m,D001A,0.3978778719902038,Abnormal,Sub-Optimal,Monitor,D01
877,109.2314293,-0.42765094,5.48,0.453,TM,Healthy,,D001A,0.5034545660018921,Healthy,Good,,D01
878,109.23157346,-0.42773191,5.46,0.435,TM,Healthy,,D001A,0.4964041411876678,Healthy,Good,,D01
879,109.23186888,-0.42624124,5.44,0.408,TM,Healthy,,D001A,0.46920245885849,Healthy,Good,,D01
880,109.23234889,-0.42674007,5.43,0.433,TM,Healthy,,D001A,0.5012630224227905,Healthy,Good,,D01
881,109.23260679,-0.42629115,5.42,0.398,TM,Healthy,,D001A,0.4489897191524505,Normal,Moderate,Routine,D01
882,109.2332405,-0.42245346,5.42,0.275,TM,Suspect,Circle_5m,D001A,0.3402165174484253,Suspect,Critical,Priority Survey,D01
883,109.23206499,-0.42495583,5.42,0.429,TM,Healthy,,D001A,0.4854756295681,Healthy,Good,,D01
884,109.23287084,-0.42452331,5.42,0.341,TM,Suspect,Circle_5m,D001A,0.4031920135021209,Abnormal,Sub-Optimal,Monitor,D01
885,109.23231307,-0.42625853,5.42,0.323,TM,Suspect,Circle_5m,D001A,0.3810533881187439,Suspect,Critical,Priority Survey,D01
886,109.2325639,-0.42925091,5.41,0.38,TM,Healthy,,D001A,0.4462090134620666,Normal,Moderate,Routine,D01
887,109.2334477,-0.42768713,5.4,0.343,TM,Suspect,Circle_5m,D001A,0.4140549302101135,Abnormal,Sub-Optimal,Monitor,D01
888,109.23350483,-0.42535903,5.4,0.365,TM,Suspect,Circle_5m,D001A,0.4283462166786194,Abnormal,Sub-Optimal,Monitor,D01
889,109.23315907,-0.42305073,5.39,0.321,TM,Suspect,Circle_5m,D001A,0.3853585720062256,Suspect,Critical,Priority Survey,D01
890,109.23331768,-0.4247305,5.39,0.396,TM,Healthy,,D001A,0.4563613533973694,Normal,Moderate,Routine,D01
891,109.23285083,-0.42756672,5.39,0.354,TM,Suspect,Circle_5m,D001A,0.4114297330379486,Abnormal,Sub-Optimal,Monitor,D01
892,109.23333523,-0.42853443,5.39,0.405,TM,Healthy,,D001A,0.468080997467041,Healthy,Good,,D01
893,109.23284536,-0.42794833,5.38,0.309,TM,Suspect,Circle_5m,D001A,0.3755047917366028,Suspect,Critical,Priority Survey,D01
894,109.23317647,-0.42750621,5.38,0.387,TM,Healthy,,D001A,0.4449032545089721,Normal,Moderate,Routine,D01
895,109.23283278,-0.42398886,5.37,0.344,TM,Suspect,Circle_5m,D001A,0.4045967757701874,Abnormal,Sub-Optimal,Monitor,D01
896,109.2322861,-0.42237547,5.36,0.445,TM,Healthy,,D001A,0.5011988282203674,Healthy,Good,,D01
897,109.23153625,-0.4274059,5.36,0.355,TM,Suspect,Circle_5m,D001A,0.4337300360202789,Normal,Moderate,Routine,D01
898,109.23255688,-0.42851571,5.35,0.309,TM,Suspect,Circle_5m,D001A,0.3758277297019958,Suspect,Critical,Priority Survey,D01
899,109.23259519,-0.42990924,5.34,0.359,TM,Suspect,Circle_5m,D001A,0.4182830154895782,Abnormal,Sub-Optimal,Monitor,D01
900,109.23312518,-0.4239297,5.34,0.348,TM,Suspect,Circle_5m,D001A,0.4034507572650909,Abnormal,Sub-Optimal,Monitor,D01
901,109.23189666,-0.42849747,5.33,0.392,TM,Healthy,,D001A,0.4550326466560364,Normal,Moderate,Routine,D01
902,109.23201389,-0.42847986,5.33,0.365,TM,Suspect,Circle_5m,D001A,0.424552708864212,Abnormal,Sub-Optimal,Monitor,D01
903,109.23271669,-0.428863,5.32,0.434,TM,Healthy,,D001A,0.4868944585323334,Healthy,Good,,D01
904,109.23245065,-0.42362886,5.32,0.435,TM,Healthy,,D001A,0.4999808371067047,Healthy,Good,,D01
905,109.23293235,-0.42855107,5.32,0.463,TM,Healthy,,D001A,0.5095880627632141,Healthy,Good,,D01
906,109.23199425,-0.42990187,5.31,0.347,TM,Suspect,Circle_5m,D001A,0.4066885411739349,Abnormal,Sub-Optimal,Monitor,D01
907,109.23218643,-0.43011307,5.3,0.39,TM,Healthy,,D001A,0.4469350576400757,Normal,Moderate,Routine,D01
908,109.23248999,-0.42446082,5.29,0.37,TM,Suspect,Circle_5m,D001A,0.4240192770957947,Abnormal,Sub-Optimal,Monitor,D01
909,109.23286729,-0.42826529,5.28,0.371,TM,Suspect,Circle_5m,D001A,0.4308082461357116,Normal,Moderate,Routine,D01
910,109.2331958,-0.42546657,5.28,0.35,TM,Suspect,Circle_5m,D001A,0.416081041097641,Abnormal,Sub-Optimal,Monitor,D01
911,109.23231574,-0.42633856,5.28,0.389,TM,Healthy,,D001A,0.4627493619918823,Healthy,Good,,D01
912,109.23351024,-0.42327824,5.28,0.339,TM,Suspect,Circle_5m,D001A,0.4041923284530639,Abnormal,Sub-Optimal,Monitor,D01
913,109.23147254,-0.42318372,5.27,0.366,TM,Suspect,Circle_5m,D001A,0.4285962283611297,Abnormal,Sub-Optimal,Monitor,D01
914,109.23307821,-0.42510256,5.25,0.348,TM,Suspect,Circle_5m,D001A,0.4100795686244964,Abnormal,Sub-Optimal,Monitor,D01
915,109.23156557,-0.42489648,5.25,0.407,TM,Healthy,,D001A,0.4715561866760254,Healthy,Good,,D01
916,109.23232395,-0.42775559,5.24,0.407,TM,Healthy,,D001A,0.476181298494339,Healthy,Good,,D01
917,109.23325311,-0.42624835,5.24,0.371,TM,Suspect,Circle_5m,D001A,0.4362109899520874,Normal,Moderate,Routine,D01
918,109.23185768,-0.42414824,5.23,0.465,TM,Healthy,,D001A,0.5212947130203247,Healthy,Good,,D01
919,109.23276773,-0.42762503,5.23,0.39,TM,Healthy,,D001A,0.4452393651008606,Normal,Moderate,Routine,D01
920,109.23247197,-0.43059015,5.22,0.452,TM,Healthy,,D001A,0.5092949867248535,Healthy,Good,,D01
921,109.23286881,-0.42555873,5.22,0.375,TM,Suspect,Circle_5m,D001A,0.4439660310745239,Normal,Moderate,Routine,D01
922,109.2319513,-0.4291748,5.21,0.34,TM,Suspect,Circle_5m,D001A,0.4049656093120575,Abnormal,Sub-Optimal,Monitor,D01
923,109.23342333,-0.42429239,5.21,0.408,TM,Healthy,,D001A,0.4680638015270233,Healthy,Good,,D01
924,109.23265595,-0.42343494,5.21,0.433,TM,Healthy,,D001A,0.4929103255271911,Healthy,Good,,D01
925,109.23213656,-0.42819956,5.21,0.385,TM,Healthy,,D001A,0.4429048597812652,Normal,Moderate,Routine,D01
926,109.23292701,-0.42635136,5.2,0.362,TM,Suspect,Circle_5m,D001A,0.4173278510570526,Abnormal,Sub-Optimal,Monitor,D01
927,109.23309749,-0.42325056,5.2,0.395,TM,Healthy,,D001A,0.4543476402759552,Normal,Moderate,Routine,D01
928,109.23194072,-0.42630773,5.2,0.365,TM,Suspect,Circle_5m,D001A,0.4255061447620392,Abnormal,Sub-Optimal,Monitor,D01
929,109.23341383,-0.42457679,5.2,0.396,TM,Healthy,,D001A,0.4561342298984527,Normal,Moderate,Routine,D01
930,109.23266554,-0.43059065,5.19,0.399,TM,Healthy,,D001A,0.4583281576633453,Normal,Moderate,Routine,D01
931,109.23311735,-0.4287184,5.19,0.405,TM,Healthy,,D001A,0.460936039686203,Healthy,Good,,D01
932,109.23202846,-0.42565123,5.19,0.356,TM,Suspect,Circle_5m,D001A,0.4260353147983551,Abnormal,Sub-Optimal,Monitor,D01
933,109.23189072,-0.43089341,5.19,0.448,TM,Healthy,,D001A,0.5043209195137024,Healthy,Good,,D01
934,109.23284317,-0.42767388,5.18,0.344,TM,Suspect,Circle_5m,D001A,0.4126449525356293,Abnormal,Sub-Optimal,Monitor,D01
935,109.23263032,-0.42358324,5.18,0.316,TM,Suspect,Circle_5m,D001A,0.3816683888435364,Suspect,Critical,Priority Survey,D01
936,109.23277839,-0.43008969,5.18,0.354,TM,Suspect,Circle_5m,D001A,0.416719913482666,Abnormal,Sub-Optimal,Monitor,D01
937,109.23334562,-0.42234677,5.18,0.389,TM,Healthy,,D001A,0.4497324228286743,Normal,Moderate,Routine,D01
938,109.23332569,-0.42507097,5.18,0.379,TM,Suspect,Circle_5m,D001A,0.4439485371112823,Normal,Moderate,Routine,D01
939,109.23249287,-0.42561607,5.18,0.332,TM,Suspect,Circle_5m,D001A,0.3981033563613891,Abnormal,Sub-Optimal,Monitor,D01
940,109.23203379,-0.42785681,5.18,0.391,TM,Healthy,,D001A,0.4545897543430328,Normal,Moderate,Routine,D01
941,109.23332408,-0.42619998,5.17,0.331,TM,Suspect,Circle_5m,D001A,0.3936397433280945,Abnormal,Sub-Optimal,Monitor,D01
942,109.23208356,-0.42428258,5.17,0.423,TM,Healthy,,D001A,0.4866463541984558,Healthy,Good,,D01
943,109.23310758,-0.42826896,5.17,0.374,TM,Suspect,Circle_5m,D001A,0.4427619576454162,Normal,Moderate,Routine,D01
944,109.23161366,-0.42869499,5.16,0.453,TM,Healthy,,D001A,0.5133228302001953,Healthy,Good,,D01
945,109.23262056,-0.42696395,5.15,0.375,TM,Suspect,Circle_5m,D001A,0.4442746341228485,Normal,Moderate,Routine,D01
946,109.23159266,-0.42229483,5.15,0.349,TM,Suspect,Circle_5m,D001A,0.4118569195270538,Abnormal,Sub-Optimal,Monitor,D01
947,109.23339848,-0.42885411,5.14,0.43,TM,Healthy,,D001A,0.494861364364624,Healthy,Good,,D01
948,109.23339924,-0.42948034,5.14,0.381,TM,Healthy,,D001A,0.4457842707633972,Normal,Moderate,Routine,D01
949,109.2323584,-0.42243065,5.14,0.42,TM,Healthy,,D001A,0.4780669808387756,Healthy,Good,,D01
950,109.23307231,-0.42732713,5.14,0.346,TM,Suspect,Circle_5m,D001A,0.4120322167873382,Abnormal,Sub-Optimal,Monitor,D01
951,109.23194388,-0.42228541,5.13,0.513,TM,Healthy,,D001A,0.5645332336425781,Healthy,Good,,D01
952,109.23151333,-0.42354364,5.12,0.369,TM,Suspect,Circle_5m,D001A,0.4296267926692962,Abnormal,Sub-Optimal,Monitor,D01
953,109.23281908,-0.42300815,5.12,0.389,TM,Healthy,,D001A,0.4523055255413055,Normal,Moderate,Routine,D01
954,109.23290413,-0.42425971,5.12,0.368,TM,Suspect,Circle_5m,D001A,0.4210403859615326,Abnormal,Sub-Optimal,Monitor,D01
955,109.23340986,-0.42227399,5.12,0.38,TM,Healthy,,D001A,0.4407350420951843,Normal,Moderate,Routine,D01
956,109.23235237,-0.42724332,5.12,0.427,TM,Healthy,,D001A,0.4870768189430237,Healthy,Good,,D01
957,109.23271393,-0.42913971,5.11,0.511,TM,Healthy,,D001A,0.5662837624549866,Healthy,Good,,D01
958,109.23283616,-0.42885489,5.11,0.421,TM,Healthy,,D001A,0.4879562556743622,Healthy,Good,,D01
959,109.23218142,-0.42842836,5.11,0.354,TM,Suspect,Circle_5m,D001A,0.4104127287864685,Abnormal,Sub-Optimal,Monitor,D01
960,109.23312037,-0.42337174,5.1,0.426,TM,Healthy,,D001A,0.4827492535114288,Healthy,Good,,D01
961,109.23260866,-0.42796591,5.1,0.389,TM,Healthy,,D001A,0.4490772783756256,Normal,Moderate,Routine,D01
962,109.23215628,-0.42447703,5.1,0.345,TM,Suspect,Circle_5m,D001A,0.4100491106510162,Abnormal,Sub-Optimal,Monitor,D01
963,109.23201108,-0.43092599,5.1,0.33,TM,Suspect,Circle_5m,D001A,0.3924512267112732,Abnormal,Sub-Optimal,Monitor,D01
964,109.23253594,-0.42383054,5.09,0.312,TM,Suspect,Circle_5m,D001A,0.3769464790821075,Suspect,Critical,Priority Survey,D01
965,109.23219496,-0.42815526,5.09,0.427,TM,Healthy,,D001A,0.4929899275302887,Healthy,Good,,D01
966,109.23293292,-0.42603576,5.08,0.359,TM,Suspect,Circle_5m,D001A,0.4190277755260467,Abnormal,Sub-Optimal,Monitor,D01
967,109.23157403,-0.42326106,5.08,0.459,TM,Healthy,,D001A,0.5137227177619934,Healthy,Good,,D01
968,109.23245286,-0.4277502,5.08,0.41,TM,Healthy,,D001A,0.4633157253265381,Healthy,Good,,D01
969,109.23161454,-0.42877367,5.07,0.352,TM,Suspect,Circle_5m,D001A,0.4217375814914703,Abnormal,Sub-Optimal,Monitor,D01
970,109.23231768,-0.42570736,5.07,0.497,TM,Healthy,,D001A,0.5493571162223816,Healthy,Good,,D01
971,109.23166087,-0.42253177,5.07,0.408,TM,Healthy,,D001A,0.4681141376495361,Healthy,Good,,D01
972,109.23148899,-0.42590792,5.07,0.516,TM,Healthy,,D001A,0.5738211870193481,Healthy,Good,,D01
973,109.23330008,-0.42311496,5.07,0.352,TM,Suspect,Circle_5m,D001A,0.4211510419845581,Abnormal,Sub-Optimal,Monitor,D01
974,109.23175919,-0.42274159,5.07,0.351,TM,Suspect,Circle_5m,D001A,0.4137414693832397,Abnormal,Sub-Optimal,Monitor,D01
975,109.23265566,-0.42272913,5.06,0.399,TM,Healthy,,D001A,0.4570487141609192,Normal,Moderate,Routine,D01
976,109.23142438,-0.42559412,5.05,0.394,TM,Healthy,,D001A,0.4459643065929413,Normal,Moderate,Routine,D01
977,109.23276434,-0.43064493,5.05,0.355,TM,Suspect,Circle_5m,D001A,0.4172342419624328,Abnormal,Sub-Optimal,Monitor,D01
978,109.23182198,-0.42509097,5.05,0.32,TM,Suspect,Circle_5m,D001A,0.3855080604553222,Suspect,Critical,Priority Survey,D01
979,109.23162041,-0.42468173,5.05,0.461,TM,Healthy,,D001A,0.5181561708450317,Healthy,Good,,D01
980,109.23154728,-0.4223857,5.04,0.442,TM,Healthy,,D001A,0.4996587932109833,Healthy,Good,,D01
981,109.23352833,-0.42274606,5.04,0.379,TM,Suspect,Circle_5m,D001A,0.4409238994121551,Normal,Moderate,Routine,D01
982,109.23186155,-0.42488977,5.03,0.342,TM,Suspect,Circle_5m,D001A,0.4028968513011932,Abnormal,Sub-Optimal,Monitor,D01
983,109.2330272,-0.42228385,5.03,0.336,TM,Suspect,Circle_5m,D001A,0.39875528216362,Abnormal,Sub-Optimal,Monitor,D01
984,109.2324339,-0.42420806,5.02,0.355,TM,Suspect,Circle_5m,D001A,0.4160480499267578,Abnormal,Sub-Optimal,Monitor,D01
985,109.23221935,-0.42561329,5.02,0.33,TM,Suspect,Circle_5m,D001A,0.3877738714218139,Suspect,Critical,Priority Survey,D01
986,109.23206297,-0.42792328,5.02,0.357,TM,Suspect,Circle_5m,D001A,0.430913895368576,Normal,Moderate,Routine,D01
987,109.23343416,-0.42603226,5.02,0.38,TM,Healthy,,D001A,0.4386211037635803,Normal,Moderate,Routine,D01
988,109.23339761,-0.42479969,5.02,0.337,TM,Suspect,Circle_5m,D001A,0.406889259815216,Abnormal,Sub-Optimal,Monitor,D01
989,109.23222882,-0.42344253,5.0,0.438,TM,Healthy,,D001A,0.4885266423225403,Healthy,Good,,D01
990,109.23269966,-0.42476698,5.0,0.413,TM,Healthy,,D001A,0.4664852023124695,Healthy,Good,,D01
991,109.23342173,-0.42737333,5.0,0.387,TM,Healthy,,D001A,0.4664239585399627,Healthy,Good,,D01
992,109.23285821,-0.42673296,5.0,0.326,TM,Suspect,Circle_5m,D001A,0.401965856552124,Abnormal,Sub-Optimal,Monitor,D01
993,109.23202822,-0.42470804,4.99,0.367,TM,Suspect,Circle_5m,D001A,0.426372766494751,Abnormal,Sub-Optimal,Monitor,D01
994,109.23333796,-0.42245845,4.99,0.356,TM,Suspect,Circle_5m,D001A,0.4192279577255249,Abnormal,Sub-Optimal,Monitor,D01
995,109.23307987,-0.42569035,4.98,0.403,TM,Healthy,,D001A,0.4619673192501068,Healthy,Good,,D01
996,109.23255683,-0.42875128,4.97,0.403,TM,Healthy,,D001A,0.4581380784511566,Normal,Moderate,Routine,D01
997,109.23336142,-0.42792856,4.97,0.345,TM,Suspect,Circle_5m,D001A,0.4105399549007416,Abnormal,Sub-Optimal,Monitor,D01
998,109.2316467,-0.4236436,4.95,0.373,TM,Suspect,Circle_5m,D001A,0.4342280030250549,Normal,Moderate,Routine,D01
999,109.23168876,-0.42629727,4.94,0.406,TM,Healthy,,D001A,0.4672119617462158,Healthy,Good,,D01
1000,109.23282184,-0.42273595,4.94,0.34,TM,Suspect,Circle_5m,D001A,0.4020164906978607,Abnormal,Sub-Optimal,Monitor,D01
1001,109.23158785,-0.42369784,4.93,0.45,TM,Healthy,,D001A,0.511422872543335,Healthy,Good,,D01
1002,109.23257288,-0.4233671,4.92,0.422,TM,Healthy,,D001A,0.4787856936454773,Healthy,Good,,D01
1003,109.23257234,-0.42770049,4.92,0.475,TM,Healthy,,D001A,0.537310779094696,Healthy,Good,,D01
1004,109.23299751,-0.42444873,4.92,0.342,TM,Suspect,Circle_5m,D001A,0.4100692570209503,Abnormal,Sub-Optimal,Monitor,D01
1005,109.23335997,-0.4244235,4.91,0.367,TM,Suspect,Circle_5m,D001A,0.435891330242157,Normal,Moderate,Routine,D01
1006,109.23266632,-0.42523856,4.91,0.435,TM,Healthy,,D001A,0.4888029396533966,Healthy,Good,,D01
1007,109.23265336,-0.42496998,4.91,0.324,TM,Suspect,Circle_5m,D001A,0.3875532150268554,Suspect,Critical,Priority Survey,D01
1008,109.23307075,-0.42431084,4.9,0.348,TM,Suspect,Circle_5m,D001A,0.4087246656417846,Abnormal,Sub-Optimal,Monitor,D01
1009,109.23159871,-0.42333432,4.9,0.431,TM,Healthy,,D001A,0.4907039403915405,Healthy,Good,,D01
1010,109.23262136,-0.42741565,4.9,0.396,TM,Healthy,,D001A,0.4577302932739258,Normal,Moderate,Routine,D01
1011,109.23227392,-0.4265601,4.9,0.328,TM,Suspect,Circle_5m,D001A,0.4003878235816955,Abnormal,Sub-Optimal,Monitor,D01
1012,109.23173437,-0.42324573,4.89,0.372,TM,Suspect,Circle_5m,D001A,0.4332636892795563,Normal,Moderate,Routine,D01
1013,109.23249543,-0.42619075,4.89,0.393,TM,Healthy,,D001A,0.4570764601230621,Normal,Moderate,Routine,D01
1014,109.2331935,-0.4276613,4.89,0.411,TM,Healthy,,D001A,0.4716388583183288,Healthy,Good,,D01
1015,109.23221636,-0.42294968,4.88,0.362,TM,Suspect,Circle_5m,D001A,0.4231807291507721,Abnormal,Sub-Optimal,Monitor,D01
1016,109.23348333,-0.43097742,4.88,0.423,TM,Healthy,,D001A,0.4797706007957458,Healthy,Good,,D01
1017,109.23162625,-0.42859959,4.88,0.323,TM,Suspect,Circle_5m,D001A,0.3967461287975311,Abnormal,Sub-Optimal,Monitor,D01
1018,109.23226029,-0.42726681,4.88,0.397,TM,Healthy,,D001A,0.4619360268115997,Healthy,Good,,D01
1019,109.2326224,-0.43069056,4.87,0.306,TM,Suspect,Circle_5m,D001A,0.3701317906379699,Suspect,Critical,Priority Survey,D01
1020,109.23287412,-0.42787147,4.87,0.312,TM,Suspect,Circle_5m,D001A,0.3738056123256683,Suspect,Critical,Priority Survey,D01
1021,109.2335231,-0.42399535,4.87,0.383,TM,Healthy,,D001A,0.4452267289161682,Normal,Moderate,Routine,D01
1022,109.23144219,-0.42629857,4.87,0.374,TM,Suspect,Circle_5m,D001A,0.4333475828170776,Normal,Moderate,Routine,D01
1023,109.23311303,-0.42207181,4.87,0.497,TM,Healthy,,D001A,0.5501484274864197,Healthy,Good,,D01
1024,109.23159036,-0.42449227,4.86,0.387,TM,Healthy,,D001A,0.4508378803730011,Normal,Moderate,Routine,D01
1025,109.23282952,-0.42647658,4.86,0.371,TM,Suspect,Circle_5m,D001A,0.4258031845092773,Abnormal,Sub-Optimal,Monitor,D01
1026,109.23188109,-0.42782603,4.86,0.316,TM,Suspect,Circle_5m,D001A,0.385431557893753,Suspect,Critical,Priority Survey,D01
1027,109.23289747,-0.42986184,4.85,0.271,TM,Suspect,Circle_5m,D001A,0.3379315435886383,Suspect,Critical,Priority Survey,D01
1028,109.23320695,-0.42775173,4.85,0.379,TM,Suspect,Circle_5m,D001A,0.4379771053791046,Normal,Moderate,Routine,D01
1029,109.23222143,-0.42828052,4.85,0.312,TM,Suspect,Circle_5m,D001A,0.3741206526756286,Suspect,Critical,Priority Survey,D01
1030,109.2333999,-0.42263661,4.85,0.361,TM,Suspect,Circle_5m,D001A,0.4241634309291839,Abnormal,Sub-Optimal,Monitor,D01
1031,109.23265017,-0.42513682,4.84,0.317,TM,Suspect,Circle_5m,D001A,0.3714961409568786,Suspect,Critical,Priority Survey,D01
1032,109.2329286,-0.42532227,4.83,0.337,TM,Suspect,Circle_5m,D001A,0.3986139893531799,Abnormal,Sub-Optimal,Monitor,D01
1033,109.23178796,-0.42850875,4.83,0.333,TM,Suspect,Circle_5m,D001A,0.3960608839988708,Abnormal,Sub-Optimal,Monitor,D01
1034,109.23286968,-0.42961631,4.83,0.372,TM,Suspect,Circle_5m,D001A,0.4314345419406891,Normal,Moderate,Routine,D01
1035,109.23184983,-0.43097117,4.83,0.445,TM,Healthy,,D001A,0.5002301335334778,Healthy,Good,,D01
1036,109.23149877,-0.42437559,4.82,0.459,TM,Healthy,,D001A,0.5158448219299316,Healthy,Good,,D01
1037,109.23289003,-0.42309904,4.82,0.337,TM,Suspect,Circle_5m,D001A,0.4006675481796264,Abnormal,Sub-Optimal,Monitor,D01
1038,109.23339765,-0.42660105,4.82,0.375,TM,Suspect,Circle_5m,D001A,0.4275884926319122,Abnormal,Sub-Optimal,Monitor,D01
1039,109.23278,-0.42894214,4.82,0.394,TM,Healthy,,D001A,0.4553260505199432,Normal,Moderate,Routine,D01
1040,109.23240205,-0.4279948,4.82,0.385,TM,Healthy,,D001A,0.4404791891574859,Normal,Moderate,Routine,D01
1041,109.23255861,-0.43075294,4.81,0.43,TM,Healthy,,D001A,0.4867592453956604,Healthy,Good,,D01
1042,109.23279541,-0.4224425,4.81,0.529,TM,Healthy,,D001A,0.5798071026802063,Healthy,Good,,D01
1043,109.23249021,-0.4234765,4.81,0.321,TM,Suspect,Circle_5m,D001A,0.3870027959346771,Suspect,Critical,Priority Survey,D01
1044,109.23346736,-0.42617741,4.8,0.377,TM,Suspect,Circle_5m,D001A,0.4401881694793701,Normal,Moderate,Routine,D01
1045,109.23176279,-0.42858923,4.8,0.376,TM,Suspect,Circle_5m,D001A,0.4383094608783722,Normal,Moderate,Routine,D01
1046,109.23289832,-0.42415707,4.8,0.341,TM,Suspect,Circle_5m,D001A,0.4080956876277923,Abnormal,Sub-Optimal,Monitor,D01
1047,109.23207551,-0.42415146,4.79,0.282,TM,Suspect,Circle_5m,D001A,0.3483680784702301,Suspect,Critical,Priority Survey,D01
1048,109.23341679,-0.42537483,4.79,0.264,TM,Suspect,Circle_5m,D001A,0.3299531638622284,Suspect,Critical,Priority Survey,D01
1049,109.23223593,-0.4257729,4.78,0.377,TM,Suspect,Circle_5m,D001A,0.4461402297019958,Normal,Moderate,Routine,D01
1050,109.23255807,-0.42725783,4.78,0.407,TM,Healthy,,D001A,0.4759670794010162,Healthy,Good,,D01
1051,109.23233589,-0.42663201,4.78,0.396,TM,Healthy,,D001A,0.4553129076957702,Normal,Moderate,Routine,D01
1052,109.23323597,-0.42851496,4.78,0.319,TM,Suspect,Circle_5m,D001A,0.3843755722045898,Suspect,Critical,Priority Survey,D01
1053,109.23170004,-0.42608612,4.77,0.466,TM,Healthy,,D001A,0.5278710722923279,Healthy,Good,,D01
1054,109.23241904,-0.42439706,4.77,0.388,TM,Healthy,,D001A,0.4507506191730499,Normal,Moderate,Routine,D01
1055,109.2318403,-0.42355276,4.77,0.425,TM,Healthy,,D001A,0.4856119453907013,Healthy,Good,,D01
1056,109.23202356,-0.42349086,4.77,0.295,TM,Suspect,Circle_5m,D001A,0.359910249710083,Suspect,Critical,Priority Survey,D01
1057,109.23236536,-0.42738755,4.77,0.37,TM,Suspect,Circle_5m,D001A,0.4196890592575073,Abnormal,Sub-Optimal,Monitor,D01
1058,109.23191574,-0.42161261,4.76,0.372,TM,Suspect,Circle_5m,D001A,0.4331174194812774,Normal,Moderate,Routine,D01
1059,109.2316107,-0.4219408,4.76,0.275,TM,Suspect,Circle_5m,D001A,0.341334193944931,Suspect,Critical,Priority Survey,D01
1060,109.23330376,-0.42866374,4.76,0.387,TM,Healthy,,D001A,0.4474389553070068,Normal,Moderate,Routine,D01
1061,109.23250519,-0.42868525,4.75,0.432,TM,Healthy,,D001A,0.4912931025028229,Healthy,Good,,D01
1062,109.23234076,-0.42299718,4.75,0.41,TM,Healthy,,D001A,0.4677481055259704,Healthy,Good,,D01
1063,109.23343452,-0.42442577,4.74,0.396,TM,Healthy,,D001A,0.454562097787857,Normal,Moderate,Routine,D01
1064,109.23341026,-0.42247972,4.74,0.375,TM,Suspect,Circle_5m,D001A,0.4364641606807709,Normal,Moderate,Routine,D01
1065,109.23294127,-0.42687405,4.74,0.289,TM,Suspect,Circle_5m,D001A,0.3662032186985016,Suspect,Critical,Priority Survey,D01
1066,109.23327688,-0.42639259,4.74,0.416,TM,Healthy,,D001A,0.469628095626831,Healthy,Good,,D01
1067,109.23240517,-0.42216615,4.73,0.395,TM,Healthy,,D001A,0.4549836218357086,Normal,Moderate,Routine,D01
1068,109.23321857,-0.42800991,4.72,0.403,TM,Healthy,,D001A,0.4710822999477386,Healthy,Good,,D01
1069,109.23146643,-0.42830069,4.72,0.337,TM,Suspect,Circle_5m,D001A,0.3969953060150146,Abnormal,Sub-Optimal,Monitor,D01
1070,109.2333577,-0.42651785,4.72,0.349,TM,Suspect,Circle_5m,D001A,0.4137828350067138,Abnormal,Sub-Optimal,Monitor,D01
1071,109.23184069,-0.42577643,4.72,0.357,TM,Suspect,Circle_5m,D001A,0.4270937442779541,Abnormal,Sub-Optimal,Monitor,D01
1072,109.23242424,-0.42720128,4.72,0.406,TM,Healthy,,D001A,0.4625754654407501,Healthy,Good,,D01
1073,109.23233592,-0.42252424,4.71,0.452,TM,Healthy,,D001A,0.5081590414047241,Healthy,Good,,D01
1074,109.23309315,-0.42850544,4.71,0.432,TM,Healthy,,D001A,0.4857570230960846,Healthy,Good,,D01
1075,109.23268998,-0.42390247,4.71,0.419,TM,Healthy,,D001A,0.4812616407871246,Healthy,Good,,D01
1076,109.23274948,-0.42492388,4.7,0.338,TM,Suspect,Circle_5m,D001A,0.402893453836441,Abnormal,Sub-Optimal,Monitor,D01
1077,109.23290342,-0.42346303,4.7,0.337,TM,Suspect,Circle_5m,D001A,0.3976214826107025,Abnormal,Sub-Optimal,Monitor,D01
1078,109.23155167,-0.42279218,4.7,0.339,TM,Suspect,Circle_5m,D001A,0.4036455452442169,Abnormal,Sub-Optimal,Monitor,D01
1079,109.23193082,-0.42442226,4.7,0.393,TM,Healthy,,D001A,0.4533918499946594,Normal,Moderate,Routine,D01
1080,109.23187743,-0.42221848,4.7,0.355,TM,Suspect,Circle_5m,D001A,0.4177452623844147,Abnormal,Sub-Optimal,Monitor,D01
1081,109.23178126,-0.4244159,4.69,0.315,TM,Suspect,Circle_5m,D001A,0.3808428943157196,Suspect,Critical,Priority Survey,D01
1082,109.23148008,-0.42755645,4.69,0.389,TM,Healthy,,D001A,0.4431081712245941,Normal,Moderate,Routine,D01
1083,109.23215828,-0.42357408,4.69,0.302,TM,Suspect,Circle_5m,D001A,0.3673903048038482,Suspect,Critical,Priority Survey,D01
1084,109.23343799,-0.42302457,4.68,0.333,TM,Suspect,Circle_5m,D001A,0.398353099822998,Abnormal,Sub-Optimal,Monitor,D01
1085,109.23238881,-0.42497896,4.68,0.372,TM,Suspect,Circle_5m,D001A,0.437817245721817,Normal,Moderate,Routine,D01
1086,109.23147692,-0.42169389,4.68,0.332,TM,Suspect,Circle_5m,D001A,0.3956007659435272,Abnormal,Sub-Optimal,Monitor,D01
1087,109.23247681,-0.42907681,4.68,0.396,TM,Healthy,,D001A,0.4574818313121795,Normal,Moderate,Routine,D01
1088,109.2332944,-0.43029464,4.67,0.342,TM,Suspect,Circle_5m,D001A,0.4063087105751037,Abnormal,Sub-Optimal,Monitor,D01
1089,109.23343463,-0.42395373,4.66,0.384,TM,Healthy,,D001A,0.4442645907402038,Normal,Moderate,Routine,D01
1090,109.2318681,-0.42174598,4.65,0.436,TM,Healthy,,D001A,0.4930155575275421,Healthy,Good,,D01
1091,109.23303726,-0.42543171,4.64,0.383,TM,Healthy,,D001A,0.4373320341110229,Normal,Moderate,Routine,D01
1092,109.2327603,-0.42866497,4.64,0.449,TM,Healthy,,D001A,0.5075055956840515,Healthy,Good,,D01
1093,109.23331967,-0.42781867,4.64,0.375,TM,Suspect,Circle_5m,D001A,0.4353251159191131,Normal,Moderate,Routine,D01
1094,109.23193722,-0.42593244,4.64,0.371,TM,Suspect,Circle_5m,D001A,0.4345714151859283,Normal,Moderate,Routine,D01
1095,109.23344343,-0.42871305,4.64,0.408,TM,Healthy,,D001A,0.473078578710556,Healthy,Good,,D01
1096,109.23315543,-0.42522601,4.63,0.347,TM,Suspect,Circle_5m,D001A,0.4062150418758392,Abnormal,Sub-Optimal,Monitor,D01
1097,109.23214935,-0.42334936,4.62,0.367,TM,Suspect,Circle_5m,D001A,0.4229870736598968,Abnormal,Sub-Optimal,Monitor,D01
1098,109.23346909,-0.4284585,4.61,0.37,TM,Suspect,Circle_5m,D001A,0.4180582165718078,Abnormal,Sub-Optimal,Monitor,D01
1099,109.23341537,-0.42569133,4.61,0.425,TM,Healthy,,D001A,0.4845691323280334,Healthy,Good,,D01
1100,109.23265383,-0.42484067,4.61,0.377,TM,Suspect,Circle_5m,D001A,0.4391821920871734,Normal,Moderate,Routine,D01
1101,109.23272925,-0.42301084,4.61,0.361,TM,Suspect,Circle_5m,D001A,0.4237890243530273,Abnormal,Sub-Optimal,Monitor,D01
1102,109.23186217,-0.42214071,4.61,0.372,TM,Suspect,Circle_5m,D001A,0.4337198734283447,Normal,Moderate,Routine,D01
1103,109.23165584,-0.42490329,4.6,0.366,TM,Suspect,Circle_5m,D001A,0.4299162924289703,Abnormal,Sub-Optimal,Monitor,D01
1104,109.23326159,-0.426469,4.6,0.297,TM,Suspect,Circle_5m,D001A,0.3652184307575226,Suspect,Critical,Priority Survey,D01
1105,109.23327998,-0.42461519,4.6,0.478,TM,Healthy,,D001A,0.5343747735023499,Healthy,Good,,D01
1106,109.23303498,-0.42755365,4.6,0.349,TM,Suspect,Circle_5m,D001A,0.3996344208717346,Abnormal,Sub-Optimal,Monitor,D01
1107,109.2317796,-0.42581711,4.6,0.425,TM,Healthy,,D001A,0.4901473522186279,Healthy,Good,,D01
1108,109.23233662,-0.42342718,4.6,0.45,TM,Healthy,,D001A,0.5068536996841431,Healthy,Good,,D01
1109,109.23230224,-0.42842839,4.6,0.391,TM,Healthy,,D001A,0.4484116435050964,Normal,Moderate,Routine,D01
1110,109.23145831,-0.42255433,4.58,0.288,TM,Suspect,Circle_5m,D001A,0.3548625707626343,Suspect,Critical,Priority Survey,D01
1111,109.23234626,-0.42646245,4.58,0.431,TM,Healthy,,D001A,0.4914121031761169,Healthy,Good,,D01
1112,109.23305331,-0.42397354,4.58,0.391,TM,Healthy,,D001A,0.4512758255004883,Normal,Moderate,Routine,D01
1113,109.23271023,-0.42768741,4.57,0.523,TM,Healthy,,D001A,0.5746845006942749,Healthy,Good,,D01
1114,109.23267776,-0.42430849,4.57,0.466,TM,Healthy,,D001A,0.5240394473075867,Healthy,Good,,D01
1115,109.23223563,-0.42312241,4.57,0.355,TM,Suspect,Circle_5m,D001A,0.416280061006546,Abnormal,Sub-Optimal,Monitor,D01
1116,109.23194254,-0.42817962,4.57,0.395,TM,Healthy,,D001A,0.458144336938858,Normal,Moderate,Routine,D01
1117,109.23336048,-0.42414,4.57,0.39,TM,Healthy,,D001A,0.4555253982543945,Normal,Moderate,Routine,D01
1118,109.2332021,-0.42341743,4.56,0.365,TM,Suspect,Circle_5m,D001A,0.4233606159687042,Abnormal,Sub-Optimal,Monitor,D01
1119,109.23210723,-0.42291303,4.56,0.319,TM,Suspect,Circle_5m,D001A,0.3835649192333221,Suspect,Critical,Priority Survey,D01
1120,109.23237619,-0.42321015,4.56,0.362,TM,Suspect,Circle_5m,D001A,0.4238133430480957,Abnormal,Sub-Optimal,Monitor,D01
1121,109.23330102,-0.42293456,4.56,0.329,TM,Suspect,Circle_5m,D001A,0.3936083614826202,Abnormal,Sub-Optimal,Monitor,D01
1122,109.23348208,-0.42267913,4.56,0.402,TM,Healthy,,D001A,0.4623725414276123,Healthy,Good,,D01
1123,109.23232052,-0.42705612,4.56,0.355,TM,Suspect,Circle_5m,D001A,0.420872300863266,Abnormal,Sub-Optimal,Monitor,D01
1124,109.2314873,-0.42344507,4.55,0.393,TM,Healthy,,D001A,0.456135094165802,Normal,Moderate,Routine,D01
1125,109.23159787,-0.42309016,4.55,0.421,TM,Healthy,,D001A,0.4787759184837341,Healthy,Good,,D01
1126,109.23160402,-0.42172241,4.54,0.434,TM,Healthy,,D001A,0.4893405139446258,Healthy,Good,,D01
1127,109.23279076,-0.42314243,4.54,0.363,TM,Suspect,Circle_5m,D001A,0.4242065846920013,Abnormal,Sub-Optimal,Monitor,D01
1128,109.23276265,-0.42430399,4.54,0.354,TM,Suspect,Circle_5m,D001A,0.4184784889221191,Abnormal,Sub-Optimal,Monitor,D01
1129,109.23182634,-0.42568373,4.54,0.395,TM,Healthy,,D001A,0.4590758383274078,Normal,Moderate,Routine,D01
1130,109.23301149,-0.42814189,4.53,0.471,TM,Healthy,,D001A,0.5338308811187744,Healthy,Good,,D01
1131,109.23250527,-0.43031435,4.53,0.418,TM,Healthy,,D001A,0.4724639654159546,Healthy,Good,,D01
1132,109.23246987,-0.42205584,4.53,0.362,TM,Suspect,Circle_5m,D001A,0.4235576093196869,Abnormal,Sub-Optimal,Monitor,D01
1133,109.23181026,-0.4233104,4.52,0.248,TM,Suspect,Circle_5m,D001A,0.3151301741600036,Suspect,Critical,Priority Survey,D01
1134,109.23264944,-0.42833352,4.52,0.326,TM,Suspect,Circle_5m,D001A,0.3845960199832916,Suspect,Critical,Priority Survey,D01
1135,109.23303908,-0.42531642,4.52,0.34,TM,Suspect,Circle_5m,D001A,0.4021162688732147,Abnormal,Sub-Optimal,Monitor,D01
1136,109.23190044,-0.42572354,4.52,0.408,TM,Healthy,,D001A,0.4672531485557556,Healthy,Good,,D01
1137,109.23313845,-0.42879346,4.52,0.375,TM,Suspect,Circle_5m,D001A,0.428939938545227,Abnormal,Sub-Optimal,Monitor,D01
1138,109.23233539,-0.42287827,4.5,0.412,TM,Healthy,,D001A,0.4691497981548309,Healthy,Good,,D01
1139,109.23204356,-0.42240209,4.5,0.368,TM,Suspect,Circle_5m,D001A,0.4296628832817077,Abnormal,Sub-Optimal,Monitor,D01
1140,109.2327284,-0.42675101,4.5,0.406,TM,Healthy,,D001A,0.4683326780796051,Healthy,Good,,D01
1141,109.23197621,-0.42429703,4.49,0.305,TM,Suspect,Circle_5m,D001A,0.3646500706672668,Suspect,Critical,Priority Survey,D01
1142,109.23204579,-0.42447067,4.49,0.33,TM,Suspect,Circle_5m,D001A,0.3920197784900665,Abnormal,Sub-Optimal,Monitor,D01
1143,109.23337998,-0.42725531,4.49,0.396,TM,Healthy,,D001A,0.45601686835289,Normal,Moderate,Routine,D01
1144,109.23217231,-0.42507658,4.48,0.337,TM,Suspect,Circle_5m,D001A,0.4015366435050964,Abnormal,Sub-Optimal,Monitor,D01
1145,109.23223298,-0.42489166,4.47,0.361,TM,Suspect,Circle_5m,D001A,0.4226721227169037,Abnormal,Sub-Optimal,Monitor,D01
1146,109.23305927,-0.42344633,4.46,0.371,TM,Suspect,Circle_5m,D001A,0.4331189095973968,Normal,Moderate,Routine,D01
1147,109.23291548,-0.42572151,4.46,0.329,TM,Suspect,Circle_5m,D001A,0.3985985815525055,Abnormal,Sub-Optimal,Monitor,D01
1148,109.23335677,-0.42466494,4.46,0.313,TM,Suspect,Circle_5m,D001A,0.3758309781551361,Suspect,Critical,Priority Survey,D01
1149,109.2314696,-0.42623075,4.46,0.383,TM,Healthy,,D001A,0.4400229454040527,Normal,Moderate,Routine,D01
1150,109.23132786,-0.4234283,4.45,0.291,TM,Suspect,Circle_5m,D001A,0.354498416185379,Suspect,Critical,Priority Survey,D01
1151,109.2331518,-0.4293166,4.45,0.385,TM,Healthy,,D001A,0.4499801397323608,Normal,Moderate,Routine,D01
1152,109.23184862,-0.42446158,4.44,0.357,TM,Suspect,Circle_5m,D001A,0.4253466725349426,Abnormal,Sub-Optimal,Monitor,D01
1153,109.23217735,-0.42855405,4.43,0.307,TM,Suspect,Circle_5m,D001A,0.3660319149494171,Suspect,Critical,Priority Survey,D01
1154,109.23298652,-0.42537247,4.43,0.351,TM,Suspect,Circle_5m,D001A,0.4129683971405029,Abnormal,Sub-Optimal,Monitor,D01
1155,109.23265689,-0.42324187,4.43,0.322,TM,Suspect,Circle_5m,D001A,0.3854773938655853,Suspect,Critical,Priority Survey,D01
1156,109.23322381,-0.42867005,4.43,0.361,TM,Suspect,Circle_5m,D001A,0.4189297556877136,Abnormal,Sub-Optimal,Monitor,D01
1157,109.23329145,-0.42751075,4.43,0.367,TM,Suspect,Circle_5m,D001A,0.4165340363979339,Abnormal,Sub-Optimal,Monitor,D01
1158,109.23302982,-0.4245871,4.43,0.408,TM,Healthy,,D001A,0.4688784480094909,Healthy,Good,,D01
1159,109.2324261,-0.4269205,4.43,0.387,TM,Healthy,,D001A,0.4503425359725952,Normal,Moderate,Routine,D01
1160,109.23221721,-0.42711397,4.43,0.345,TM,Suspect,Circle_5m,D001A,0.4096598327159881,Abnormal,Sub-Optimal,Monitor,D01
1161,109.23291432,-0.42489815,4.42,0.385,TM,Healthy,,D001A,0.4452187120914459,Normal,Moderate,Routine,D01
1162,109.2334031,-0.42631394,4.41,0.412,TM,Healthy,,D001A,0.4691823422908783,Healthy,Good,,D01
1163,109.23150849,-0.42504839,4.41,0.426,TM,Healthy,,D001A,0.4793297052383423,Healthy,Good,,D01
1164,109.23138638,-0.42680767,4.41,0.316,TM,Suspect,Circle_5m,D001A,0.3814315497875213,Suspect,Critical,Priority Survey,D01
1165,109.23309664,-0.4269826,4.4,0.436,TM,Healthy,,D001A,0.5027140378952026,Healthy,Good,,D01
1166,109.23345318,-0.42729919,4.4,0.393,TM,Healthy,,D001A,0.4502513706684112,Normal,Moderate,Routine,D01
1167,109.23333462,-0.42332658,4.4,0.342,TM,Suspect,Circle_5m,D001A,0.4039624333381653,Abnormal,Sub-Optimal,Monitor,D01
1168,109.2318899,-0.42466822,4.4,0.48,TM,Healthy,,D001A,0.5334206819534302,Healthy,Good,,D01
1169,109.23302295,-0.42517625,4.4,0.333,TM,Suspect,Circle_5m,D001A,0.3962567746639251,Abnormal,Sub-Optimal,Monitor,D01
1170,109.23294961,-0.42376281,4.39,0.34,TM,Suspect,Circle_5m,D001A,0.4037126302719116,Abnormal,Sub-Optimal,Monitor,D01
1171,109.23171194,-0.42313721,4.39,0.327,TM,Suspect,Circle_5m,D001A,0.3885116875171661,Suspect,Critical,Priority Survey,D01
1172,109.2321586,-0.42216881,4.38,0.401,TM,Healthy,,D001A,0.4609905183315277,Healthy,Good,,D01
1173,109.2331992,-0.42630259,4.38,0.34,TM,Suspect,Circle_5m,D001A,0.4048200249671936,Abnormal,Sub-Optimal,Monitor,D01
1174,109.2324202,-0.42522765,4.37,0.395,TM,Healthy,,D001A,0.467269092798233,Healthy,Good,,D01
1175,109.23260471,-0.4275436,4.36,0.428,TM,Healthy,,D001A,0.4904333353042602,Healthy,Good,,D01
1176,109.23215836,-0.42716279,4.36,0.468,TM,Healthy,,D001A,0.5138788223266602,Healthy,Good,,D01
1177,109.23194446,-0.42764473,4.36,0.428,TM,Healthy,,D001A,0.4900206625461578,Healthy,Good,,D01
1178,109.2331978,-0.42256106,4.36,0.339,TM,Suspect,Circle_5m,D001A,0.4037600457668304,Abnormal,Sub-Optimal,Monitor,D01
1179,109.2328762,-0.43054593,4.36,0.374,TM,Suspect,Circle_5m,D001A,0.4356603920459747,Normal,Moderate,Routine,D01
1180,109.23304923,-0.4221464,4.35,0.459,TM,Healthy,,D001A,0.5151622295379639,Healthy,Good,,D01
1181,109.23277496,-0.42545426,4.35,0.525,TM,Healthy,,D001A,0.575313150882721,Healthy,Good,,D01
1182,109.232856,-0.4285402,4.34,0.404,TM,Healthy,,D001A,0.4669055938720703,Healthy,Good,,D01
1183,109.23267079,-0.4233314,4.34,0.472,TM,Healthy,,D001A,0.5254644751548767,Healthy,Good,,D01
1184,109.23255352,-0.42357372,4.33,0.435,TM,Healthy,,D001A,0.4970690310001373,Healthy,Good,,D01
1185,109.2315708,-0.42162157,4.33,0.499,TM,Healthy,,D001A,0.5510993599891663,Healthy,Good,,D01
1186,109.23246307,-0.42825932,4.33,0.41,TM,Healthy,,D001A,0.4622640013694763,Healthy,Good,,D01
1187,109.23278198,-0.42422125,4.33,0.456,TM,Healthy,,D001A,0.5040889978408813,Healthy,Good,,D01
1188,109.2324853,-0.42730258,4.33,0.398,TM,Healthy,,D001A,0.4523758590221405,Normal,Moderate,Routine,D01
1189,109.23139158,-0.42169478,4.33,0.373,TM,Suspect,Circle_5m,D001A,0.4326218366622925,Normal,Moderate,Routine,D01
1190,109.23311712,-0.42779602,4.32,0.36,TM,Suspect,Circle_5m,D001A,0.4193875193595886,Abnormal,Sub-Optimal,Monitor,D01
1191,109.23184032,-0.42345329,4.32,0.29,TM,Suspect,Circle_5m,D001A,0.3558189868927002,Suspect,Critical,Priority Survey,D01
1192,109.2318925,-0.42308525,4.31,0.34,TM,Suspect,Circle_5m,D001A,0.4024150967597961,Abnormal,Sub-Optimal,Monitor,D01
1193,109.23275072,-0.42538191,4.31,0.384,TM,Healthy,,D001A,0.4442830383777618,Normal,Moderate,Routine,D01
1194,109.23335734,-0.42216953,4.3,0.33,TM,Suspect,Circle_5m,D001A,0.3935179412364959,Abnormal,Sub-Optimal,Monitor,D01
1195,109.23198931,-0.42792779,4.3,0.458,TM,Healthy,,D001A,0.5159186124801636,Healthy,Good,,D01
1196,109.23324804,-0.42679409,4.3,0.357,TM,Suspect,Circle_5m,D001A,0.4175827205181122,Abnormal,Sub-Optimal,Monitor,D01
1197,109.23257609,-0.42304065,4.3,0.39,TM,Healthy,,D001A,0.4459766745567322,Normal,Moderate,Routine,D01
1198,109.2319581,-0.42497208,4.29,0.454,TM,Healthy,,D001A,0.5142995119094849,Healthy,Good,,D01
1199,109.23258439,-0.42410455,4.29,0.476,TM,Healthy,,D001A,0.5342063307762146,Healthy,Good,,D01
1200,109.23215064,-0.42754757,4.29,0.334,TM,Suspect,Circle_5m,D001A,0.4022827744483948,Abnormal,Sub-Optimal,Monitor,D01
1201,109.23293841,-0.42756086,4.29,0.297,TM,Suspect,Circle_5m,D001A,0.3749876916408539,Suspect,Critical,Priority Survey,D01
1202,109.23256214,-0.42515037,4.29,0.385,TM,Healthy,,D001A,0.4620607793331146,Healthy,Good,,D01
1203,109.23280429,-0.42487326,4.28,0.406,TM,Healthy,,D001A,0.4602670967578888,Healthy,Good,,D01
1204,109.23216178,-0.42791064,4.28,0.39,TM,Healthy,,D001A,0.4550762474536896,Normal,Moderate,Routine,D01
1205,109.23277641,-0.42501251,4.28,0.397,TM,Healthy,,D001A,0.4611805379390716,Healthy,Good,,D01
1206,109.23167799,-0.42821844,4.28,0.376,TM,Suspect,Circle_5m,D001A,0.4395000338554382,Normal,Moderate,Routine,D01
1207,109.23323813,-0.42494932,4.28,0.468,TM,Healthy,,D001A,0.5253296494483948,Healthy,Good,,D01
1208,109.23205015,-0.42504761,4.28,0.363,TM,Suspect,Circle_5m,D001A,0.4204189479351043,Abnormal,Sub-Optimal,Monitor,D01
1209,109.23299305,-0.42626999,4.28,0.363,TM,Suspect,Circle_5m,D001A,0.4188740253448486,Abnormal,Sub-Optimal,Monitor,D01
1210,109.23273006,-0.42933911,4.28,0.408,TM,Healthy,,D001A,0.4646029472351074,Healthy,Good,,D01
1211,109.23267967,-0.42577572,4.26,0.389,TM,Healthy,,D001A,0.4509295225143432,Normal,Moderate,Routine,D01
1212,109.23229938,-0.42323274,4.26,0.32,TM,Suspect,Circle_5m,D001A,0.3828052580356598,Suspect,Critical,Priority Survey,D01
1213,109.23305311,-0.4307612,4.26,0.338,TM,Suspect,Circle_5m,D001A,0.4019455909729004,Abnormal,Sub-Optimal,Monitor,D01
1214,109.23171039,-0.42599479,4.26,0.351,TM,Suspect,Circle_5m,D001A,0.4170746505260467,Abnormal,Sub-Optimal,Monitor,D01
1215,109.23193423,-0.42326476,4.26,0.372,TM,Suspect,Circle_5m,D001A,0.4345720112323761,Normal,Moderate,Routine,D01
1216,109.23176834,-0.42592019,4.25,0.438,TM,Healthy,,D001A,0.4906576871871948,Healthy,Good,,D01
1217,109.23218017,-0.42407552,4.25,0.369,TM,Suspect,Circle_5m,D001A,0.4255488514900207,Abnormal,Sub-Optimal,Monitor,D01
1218,109.23277951,-0.42323873,4.24,0.371,TM,Suspect,Circle_5m,D001A,0.4307022392749786,Normal,Moderate,Routine,D01
1219,109.23265718,-0.42396802,4.23,0.357,TM,Suspect,Circle_5m,D001A,0.4197654128074646,Abnormal,Sub-Optimal,Monitor,D01
1220,109.23286247,-0.42969046,4.23,0.34,TM,Suspect,Circle_5m,D001A,0.4029285609722137,Abnormal,Sub-Optimal,Monitor,D01
1221,109.2333247,-0.42349839,4.23,0.425,TM,Healthy,,D001A,0.4816042482852936,Healthy,Good,,D01
1222,109.23256436,-0.42525346,4.22,0.364,TM,Suspect,Circle_5m,D001A,0.4291228652000427,Abnormal,Sub-Optimal,Monitor,D01
1223,109.23177069,-0.42747242,4.22,0.491,TM,Healthy,,D001A,0.5466562509536743,Healthy,Good,,D01
1224,109.23231026,-0.42477322,4.22,0.34,TM,Suspect,Circle_5m,D001A,0.403182715177536,Abnormal,Sub-Optimal,Monitor,D01
1225,109.23151612,-0.42310235,4.22,0.358,TM,Suspect,Circle_5m,D001A,0.4198855459690094,Abnormal,Sub-Optimal,Monitor,D01
1226,109.23325994,-0.42581428,4.22,0.445,TM,Healthy,,D001A,0.497924655675888,Healthy,Good,,D01
1227,109.23327955,-0.42256334,4.21,0.357,TM,Suspect,Circle_5m,D001A,0.4207349717617035,Abnormal,Sub-Optimal,Monitor,D01
1228,109.23271324,-0.42630564,4.21,0.447,TM,Healthy,,D001A,0.5061606764793396,Healthy,Good,,D01
1229,109.23210383,-0.42402441,4.21,0.375,TM,Suspect,Circle_5m,D001A,0.4425895512104034,Normal,Moderate,Routine,D01
1230,109.23291829,-0.4252246,4.2,0.309,TM,Suspect,Circle_5m,D001A,0.3743833601474762,Suspect,Critical,Priority Survey,D01
1231,109.23285674,-0.42527659,4.2,0.36,TM,Suspect,Circle_5m,D001A,0.4170998334884643,Abnormal,Sub-Optimal,Monitor,D01
1232,109.23243164,-0.42429306,4.2,0.288,TM,Suspect,Circle_5m,D001A,0.3524471521377563,Suspect,Critical,Priority Survey,D01
1233,109.2327698,-0.42641327,4.19,0.383,TM,Healthy,,D001A,0.440405935049057,Normal,Moderate,Routine,D01
1234,109.23209677,-0.42345787,4.19,0.293,TM,Suspect,Circle_5m,D001A,0.3599964678287506,Suspect,Critical,Priority Survey,D01
1235,109.23258199,-0.42674465,4.19,0.358,TM,Suspect,Circle_5m,D001A,0.4163658916950226,Abnormal,Sub-Optimal,Monitor,D01
1236,109.2331134,-0.42438094,4.19,0.369,TM,Suspect,Circle_5m,D001A,0.4343456923961639,Normal,Moderate,Routine,D01
1237,109.23318557,-0.42698171,4.19,0.447,TM,Healthy,,D001A,0.5184102058410645,Healthy,Good,,D01
1238,109.23298095,-0.42418648,4.18,0.341,TM,Suspect,Circle_5m,D001A,0.4024897217750549,Abnormal,Sub-Optimal,Monitor,D01
1239,109.23275236,-0.42411273,4.18,0.425,TM,Healthy,,D001A,0.4893701672554016,Healthy,Good,,D01
1240,109.23333866,-0.42531965,4.18,0.342,TM,Suspect,Circle_5m,D001A,0.4087435901165008,Abnormal,Sub-Optimal,Monitor,D01
1241,109.23238465,-0.42355334,4.18,0.375,TM,Suspect,Circle_5m,D001A,0.4380740821361542,Normal,Moderate,Routine,D01
1242,109.23266193,-0.42872146,4.17,0.366,TM,Suspect,Circle_5m,D001A,0.4287746548652649,Abnormal,Sub-Optimal,Monitor,D01
1243,109.23181359,-0.42250196,4.16,0.327,TM,Suspect,Circle_5m,D001A,0.390288233757019,Abnormal,Sub-Optimal,Monitor,D01
1244,109.23142466,-0.42435252,4.16,0.386,TM,Healthy,,D001A,0.444657415151596,Normal,Moderate,Routine,D01
1245,109.23311524,-0.42418606,4.16,0.314,TM,Suspect,Circle_5m,D001A,0.3772196769714355,Suspect,Critical,Priority Survey,D01
1246,109.23259643,-0.42246552,4.16,0.36,TM,Suspect,Circle_5m,D001A,0.4218880236148834,Abnormal,Sub-Optimal,Monitor,D01
1247,109.23269075,-0.42444595,4.16,0.373,TM,Suspect,Circle_5m,D001A,0.4407098293304443,Normal,Moderate,Routine,D01
1248,109.23337426,-0.4227926,4.16,0.348,TM,Suspect,Circle_5m,D001A,0.4104310870170593,Abnormal,Sub-Optimal,Monitor,D01
1249,109.23282739,-0.425986,4.15,0.392,TM,Healthy,,D001A,0.4461354613304138,Normal,Moderate,Routine,D01
1250,109.23159657,-0.42287448,4.15,0.35,TM,Suspect,Circle_5m,D001A,0.4123848080635071,Abnormal,Sub-Optimal,Monitor,D01
1251,109.23141409,-0.42345229,4.15,0.461,TM,Healthy,,D001A,0.5162627100944519,Healthy,Good,,D01
1252,109.23268907,-0.42985003,4.15,0.343,TM,Suspect,Circle_5m,D001A,0.4088580906391144,Abnormal,Sub-Optimal,Monitor,D01
1253,109.2330149,-0.42304979,4.15,0.313,TM,Suspect,Circle_5m,D001A,0.376392126083374,Suspect,Critical,Priority Survey,D01
1254,109.23298936,-0.42277262,4.14,0.416,TM,Healthy,,D001A,0.4737182259559631,Healthy,Good,,D01
1255,109.23285296,-0.42611803,4.14,0.373,TM,Suspect,Circle_5m,D001A,0.4337799251079559,Normal,Moderate,Routine,D01
1256,109.23183012,-0.42284922,4.14,0.336,TM,Suspect,Circle_5m,D001A,0.398100733757019,Abnormal,Sub-Optimal,Monitor,D01
1257,109.23338975,-0.42775675,4.14,0.355,TM,Suspect,Circle_5m,D001A,0.4167853593826294,Abnormal,Sub-Optimal,Monitor,D01
1258,109.23215902,-0.42226738,4.13,0.352,TM,Suspect,Circle_5m,D001A,0.4132274091243744,Abnormal,Sub-Optimal,Monitor,D01
1259,109.23138036,-0.42757587,4.13,0.366,TM,Suspect,Circle_5m,D001A,0.4305532872676849,Normal,Moderate,Routine,D01
1260,109.23238367,-0.42781891,4.13,0.343,TM,Suspect,Circle_5m,D001A,0.3979903161525726,Abnormal,Sub-Optimal,Monitor,D01
1261,109.23203511,-0.42404881,4.13,0.303,TM,Suspect,Circle_5m,D001A,0.3657810389995575,Suspect,Critical,Priority Survey,D01
1262,109.2320861,-0.42299984,4.12,0.386,TM,Healthy,,D001A,0.4490316212177276,Normal,Moderate,Routine,D01
1263,109.23340192,-0.42755599,4.12,0.381,TM,Healthy,,D001A,0.4305421710014343,Normal,Moderate,Routine,D01
1264,109.23283922,-0.42333777,4.12,0.366,TM,Suspect,Circle_5m,D001A,0.4280243217945099,Abnormal,Sub-Optimal,Monitor,D01
1265,109.23199686,-0.42830036,4.12,0.368,TM,Suspect,Circle_5m,D001A,0.4369368255138397,Normal,Moderate,Routine,D01
1266,109.232839,-0.42429723,4.12,0.297,TM,Suspect,Circle_5m,D001A,0.3611960709095001,Suspect,Critical,Priority Survey,D01
1267,109.2319676,-0.42466327,4.11,0.496,TM,Healthy,,D001A,0.5467358231544495,Healthy,Good,,D01
1268,109.23288465,-0.4250261,4.11,0.381,TM,Healthy,,D001A,0.440595418214798,Normal,Moderate,Routine,D01
1269,109.23299327,-0.42334775,4.1,0.373,TM,Suspect,Circle_5m,D001A,0.4361773431301117,Normal,Moderate,Routine,D01
1270,109.2329132,-0.42589243,4.1,0.379,TM,Suspect,Circle_5m,D001A,0.4379548728466034,Normal,Moderate,Routine,D01
1271,109.2328053,-0.42236609,4.1,0.288,TM,Suspect,Circle_5m,D001A,0.3531155884265899,Suspect,Critical,Priority Survey,D01
1272,109.23301678,-0.4285642,4.09,0.358,TM,Suspect,Circle_5m,D001A,0.4160185754299164,Abnormal,Sub-Optimal,Monitor,D01
1273,109.23216082,-0.42424733,4.09,0.365,TM,Suspect,Circle_5m,D001A,0.429870456457138,Abnormal,Sub-Optimal,Monitor,D01
1274,109.23323362,-0.42703779,4.09,0.496,TM,Healthy,,D001A,0.5487779378890991,Healthy,Good,,D01
1275,109.23284215,-0.42624147,4.09,0.385,TM,Healthy,,D001A,0.4579585194587707,Normal,Moderate,Routine,D01
1276,109.2333446,-0.42683073,4.08,0.418,TM,Healthy,,D001A,0.4742357432842254,Healthy,Good,,D01
1277,109.23329213,-0.42452748,4.07,0.47,TM,Healthy,,D001A,0.5283982753753662,Healthy,Good,,D01
1278,109.23341818,-0.42320316,4.07,0.415,TM,Healthy,,D001A,0.4697661101818084,Healthy,Good,,D01
1279,109.23148052,-0.42365577,4.07,0.352,TM,Suspect,Circle_5m,D001A,0.41655233502388,Abnormal,Sub-Optimal,Monitor,D01
1280,109.23318528,-0.42232955,4.06,0.357,TM,Suspect,Circle_5m,D001A,0.4192880988121032,Abnormal,Sub-Optimal,Monitor,D01
1281,109.23205317,-0.42361701,4.06,0.308,TM,Suspect,Circle_5m,D001A,0.3714175820350647,Suspect,Critical,Priority Survey,D01
1282,109.23197452,-0.42386206,4.06,0.351,TM,Suspect,Circle_5m,D001A,0.4166817665100097,Abnormal,Sub-Optimal,Monitor,D01
1283,109.23159219,-0.4282971,4.06,0.406,TM,Healthy,,D001A,0.4642561972141266,Healthy,Good,,D01
1284,109.23314415,-0.42348207,4.05,0.459,TM,Healthy,,D001A,0.5147563815116882,Healthy,Good,,D01
1285,109.23326064,-0.42277132,4.05,0.312,TM,Suspect,Circle_5m,D001A,0.3763964474201202,Suspect,Critical,Priority Survey,D01
1286,109.23201362,-0.4217537,4.05,0.43,TM,Healthy,,D001A,0.4883038103580475,Healthy,Good,,D01
1287,109.23299435,-0.42256146,4.04,0.455,TM,Healthy,,D001A,0.5107783675193787,Healthy,Good,,D01
1288,109.2327923,-0.42229284,4.03,0.382,TM,Healthy,,D001A,0.4430810213088989,Normal,Moderate,Routine,D01
1289,109.2333937,-0.42421732,4.03,0.456,TM,Healthy,,D001A,0.5164490342140198,Healthy,Good,,D01
1290,109.23150662,-0.42144432,4.02,0.449,TM,Healthy,,D001A,0.5059137344360352,Healthy,Good,,D01
1291,109.23266004,-0.42716019,4.02,0.401,TM,Healthy,,D001A,0.458595722913742,Normal,Moderate,Routine,D01
1292,109.23154386,-0.42558013,4.02,0.445,TM,Healthy,,D001A,0.5039486885070801,Healthy,Good,,D01
1293,109.23160911,-0.42501767,4.01,0.312,TM,Suspect,Circle_5m,D001A,0.3824548125267029,Suspect,Critical,Priority Survey,D01
1294,109.23230086,-0.42266259,4.01,0.348,TM,Suspect,Circle_5m,D001A,0.4109678566455841,Abnormal,Sub-Optimal,Monitor,D01
1295,109.2327153,-0.42313292,4.01,0.384,TM,Healthy,,D001A,0.4432098567485809,Normal,Moderate,Routine,D01
1296,109.23262919,-0.4226188,4.01,0.453,TM,Healthy,,D001A,0.510360062122345,Healthy,Good,,D01
1297,109.23343965,-0.42558599,4.0,0.359,TM,Suspect,Circle_5m,D001A,0.4241838157176971,Abnormal,Sub-Optimal,Monitor,D01
1298,109.23251813,-0.4231383,4.0,0.355,TBM,Healthy,,D001A,0.4169969260692596,Abnormal,Sub-Optimal,Monitor,D01
1299,109.23191623,-0.42342708,4.0,0.389,TBM,Healthy,,D001A,0.4518525600433349,Normal,Moderate,Routine,D01
1300,109.23175467,-0.42286502,4.0,0.319,TBM,Healthy,,D001A,0.383194237947464,Suspect,Critical,Priority Survey,D01
1301,109.23272269,-0.42225575,3.99,0.389,Kenthosan,Abnormal,Field_Verification,D001A,0.4492324292659759,Normal,Moderate,Routine,D01
1302,109.23239571,-0.4282055,3.99,0.375,TBM,Healthy,,D001A,0.4303296506404876,Normal,Moderate,Routine,D01
1303,109.23329868,-0.42731452,3.99,0.354,Kenthosan,Abnormal,Field_Verification,D001A,0.4232097268104553,Abnormal,Sub-Optimal,Monitor,D01
1304,109.23266107,-0.42460465,3.98,0.373,TBM,Healthy,,D001A,0.4370793998241424,Normal,Moderate,Routine,D01
1305,109.23171159,-0.42266562,3.98,0.345,Kenthosan,Abnormal,Field_Verification,D001A,0.4073457419872284,Abnormal,Sub-Optimal,Monitor,D01
1306,109.23156687,-0.42510854,3.98,0.399,Kenthosan,Abnormal,Field_Verification,D001A,0.4512790143489837,Normal,Moderate,Routine,D01
1307,109.23319419,-0.4265897,3.98,0.352,TBM,Healthy,,D001A,0.4083383083343506,Abnormal,Sub-Optimal,Monitor,D01
1308,109.23271261,-0.42905245,3.97,0.391,Kenthosan,Abnormal,Field_Verification,D001A,0.4523232579231262,Normal,Moderate,Routine,D01
1309,109.23250419,-0.42520868,3.97,0.348,Kenthosan,Abnormal,Field_Verification,D001A,0.4142079651355743,Abnormal,Sub-Optimal,Monitor,D01
1310,109.2322599,-0.42503364,3.97,0.323,Kenthosan,Abnormal,Field_Verification,D001A,0.3854910433292389,Suspect,Critical,Priority Survey,D01
1311,109.23288204,-0.422679,3.97,0.347,Kenthosan,Abnormal,Field_Verification,D001A,0.4088450074195862,Abnormal,Sub-Optimal,Monitor,D01
1312,109.23328736,-0.42768302,3.97,0.391,Kenthosan,Abnormal,Field_Verification,D001A,0.4336445927619934,Normal,Moderate,Routine,D01
1313,109.23298737,-0.42362899,3.97,0.374,TBM,Healthy,,D001A,0.4331578016281128,Normal,Moderate,Routine,D01
1314,109.23153427,-0.42429964,3.97,0.38,Kenthosan,Abnormal,Field_Verification,D001A,0.4405300617218017,Normal,Moderate,Routine,D01
1315,109.232636,-0.42228331,3.97,0.33,Kenthosan,Abnormal,Field_Verification,D001A,0.3932875096797943,Abnormal,Sub-Optimal,Monitor,D01
1316,109.23271391,-0.42530775,3.96,0.321,Kenthosan,Abnormal,Field_Verification,D001A,0.3857505917549133,Suspect,Critical,Priority Survey,D01
1317,109.23340412,-0.42382034,3.96,0.381,TBM,Healthy,,D001A,0.434420108795166,Normal,Moderate,Routine,D01
1318,109.23149968,-0.42230701,3.96,0.331,Kenthosan,Abnormal,Field_Verification,D001A,0.3948553502559662,Abnormal,Sub-Optimal,Monitor,D01
1319,109.23195259,-0.42352023,3.96,0.395,TBM,Healthy,,D001A,0.4557693302631378,Normal,Moderate,Routine,D01
1320,109.23293774,-0.43049983,3.96,0.368,Kenthosan,Abnormal,Field_Verification,D001A,0.4292713105678558,Abnormal,Sub-Optimal,Monitor,D01
1321,109.23237681,-0.42639464,3.95,0.414,Kenthosan,Abnormal,Field_Verification,D001A,0.4799780249595642,Healthy,Good,,D01
1322,109.232809,-0.42586301,3.95,0.329,TBM,Healthy,,D001A,0.3938811123371124,Abnormal,Sub-Optimal,Monitor,D01
1323,109.23156581,-0.42186437,3.95,0.529,TBM,Healthy,,D001A,0.5816929340362549,Healthy,Good,,D01
1324,109.23294621,-0.42883864,3.94,0.452,Kenthosan,Abnormal,Field_Verification,D001A,0.5094820261001587,Healthy,Good,,D01
1325,109.23281276,-0.42511878,3.94,0.343,TBM,Healthy,,D001A,0.4076988995075226,Abnormal,Sub-Optimal,Monitor,D01
1326,109.23313125,-0.42688042,3.93,0.378,Kenthosan,Abnormal,Field_Verification,D001A,0.4374036192893982,Normal,Moderate,Routine,D01
1327,109.23236122,-0.42583126,3.93,0.374,TBM,Healthy,,D001A,0.4362282454967499,Normal,Moderate,Routine,D01
1328,109.23250114,-0.4306729,3.92,0.355,Kenthosan,Abnormal,Field_Verification,D001A,0.4180215001106262,Abnormal,Sub-Optimal,Monitor,D01
1329,109.23250715,-0.42796091,3.92,0.33,Kenthosan,Abnormal,Field_Verification,D001A,0.395546406507492,Abnormal,Sub-Optimal,Monitor,D01
1330,109.23320164,-0.42938851,3.92,0.368,Kenthosan,Abnormal,Field_Verification,D001A,0.4273859560489654,Abnormal,Sub-Optimal,Monitor,D01
1331,109.23311606,-0.42652684,3.91,0.388,TBM,Healthy,,D001A,0.4419487416744232,Normal,Moderate,Routine,D01
1332,109.23322307,-0.42995867,3.91,0.323,Kenthosan,Abnormal,Field_Verification,D001A,0.3865014314651489,Suspect,Critical,Priority Survey,D01
1333,109.23186543,-0.42363551,3.9,0.394,Kenthosan,Abnormal,Field_Verification,D001A,0.4562821686267853,Normal,Moderate,Routine,D01
1334,109.23232161,-0.42818333,3.9,0.363,TBM,Healthy,,D001A,0.4255906343460083,Abnormal,Sub-Optimal,Monitor,D01
1335,109.23249482,-0.42495322,3.9,0.388,TBM,Healthy,,D001A,0.4536880552768707,Normal,Moderate,Routine,D01
1336,109.23302884,-0.43083218,3.9,0.298,Kenthosan,Abnormal,Field_Verification,D001A,0.3635847866535187,Suspect,Critical,Priority Survey,D01
1337,109.2320955,-0.42511228,3.89,0.397,Kenthosan,Abnormal,Field_Verification,D001A,0.4584434628486633,Normal,Moderate,Routine,D01
1338,109.23179056,-0.4249942,3.89,0.461,TBM,Healthy,,D001A,0.5155767798423767,Healthy,Good,,D01
1339,109.23341921,-0.42853897,3.89,0.385,Kenthosan,Abnormal,Field_Verification,D001A,0.4537715017795563,Normal,Moderate,Routine,D01
1340,109.23319259,-0.42576363,3.88,0.361,TBM,Healthy,,D001A,0.4253894388675689,Abnormal,Sub-Optimal,Monitor,D01
1341,109.23309583,-0.42659963,3.88,0.377,TBM,Healthy,,D001A,0.4348824918270111,Normal,Moderate,Routine,D01
1342,109.23300089,-0.42736871,3.88,0.307,TBM,Healthy,,D001A,0.3727034032344818,Suspect,Critical,Priority Survey,D01
1343,109.23236162,-0.42208114,3.88,0.415,Kenthosan,Abnormal,Field_Verification,D001A,0.4738110303878784,Healthy,Good,,D01
1344,109.23274463,-0.42256005,3.87,0.478,TBM,Healthy,,D001A,0.5321804285049438,Healthy,Good,,D01
1345,109.23176571,-0.42169848,3.87,0.29,Kenthosan,Abnormal,Field_Verification,D001A,0.3549801409244537,Suspect,Critical,Priority Survey,D01
1346,109.23158968,-0.42353416,3.87,0.419,Kenthosan,Abnormal,Field_Verification,D001A,0.4830664098262787,Healthy,Good,,D01
1347,109.23151816,-0.42597937,3.87,0.356,Kenthosan,Abnormal,Field_Verification,D001A,0.4144189059734344,Abnormal,Sub-Optimal,Monitor,D01
1348,109.23256999,-0.42422934,3.87,0.348,TBM,Healthy,,D001A,0.4076711237430572,Abnormal,Sub-Optimal,Monitor,D01
1349,109.23155134,-0.42625473,3.86,0.335,Kenthosan,Abnormal,Field_Verification,D001A,0.3963402807712555,Abnormal,Sub-Optimal,Monitor,D01
1350,109.2326973,-0.42724294,3.85,0.374,Kenthosan,Abnormal,Field_Verification,D001A,0.432986855506897,Normal,Moderate,Routine,D01
1351,109.23145894,-0.42571078,3.85,0.417,Kenthosan,Abnormal,Field_Verification,D001A,0.4826011955738067,Healthy,Good,,D01
1352,109.23286379,-0.42392285,3.84,0.405,Kenthosan,Abnormal,Field_Verification,D001A,0.46900275349617,Healthy,Good,,D01
1353,109.2315574,-0.42724223,3.84,0.539,TBM,Healthy,,D001A,0.588840126991272,Healthy,Good,,D01
1354,109.2321568,-0.42416278,3.84,0.31,Kenthosan,Abnormal,Field_Verification,D001A,0.3722057640552521,Suspect,Critical,Priority Survey,D01
1355,109.23163853,-0.42598708,3.84,0.458,Kenthosan,Abnormal,Field_Verification,D001A,0.527688205242157,Healthy,Good,,D01
1356,109.2329925,-0.42474851,3.83,0.36,TBM,Healthy,,D001A,0.4258508086204529,Abnormal,Sub-Optimal,Monitor,D01
1357,109.23255372,-0.42265677,3.83,0.336,Kenthosan,Abnormal,Field_Verification,D001A,0.3989043831825256,Abnormal,Sub-Optimal,Monitor,D01
1358,109.23222642,-0.4241325,3.83,0.346,TBM,Healthy,,D001A,0.4123335778713226,Abnormal,Sub-Optimal,Monitor,D01
1359,109.23245257,-0.42898185,3.83,0.386,Kenthosan,Abnormal,Field_Verification,D001A,0.4443545043468475,Normal,Moderate,Routine,D01
1360,109.23162623,-0.42475588,3.82,0.369,Kenthosan,Abnormal,Field_Verification,D001A,0.4306286573410034,Normal,Moderate,Routine,D01
1361,109.23254645,-0.42500432,3.82,0.349,TBM,Healthy,,D001A,0.4134949445724487,Abnormal,Sub-Optimal,Monitor,D01
1362,109.2313589,-0.42322665,3.81,0.421,Kenthosan,Abnormal,Field_Verification,D001A,0.4903070330619812,Healthy,Good,,D01
1363,109.23307988,-0.42365568,3.81,0.375,TBM,Healthy,,D001A,0.4362783432006836,Normal,Moderate,Routine,D01
1364,109.23225834,-0.4239729,3.81,0.394,TBM,Healthy,,D001A,0.4541774690151214,Normal,Moderate,Routine,D01
1365,109.23256527,-0.42324818,3.81,0.339,TBM,Healthy,,D001A,0.4014756381511688,Abnormal,Sub-Optimal,Monitor,D01
1366,109.23142121,-0.42176939,3.8,0.35,Kenthosan,Abnormal,Field_Verification,D001A,0.4115726351737976,Abnormal,Sub-Optimal,Monitor,D01
1367,109.23294592,-0.42614835,3.79,0.351,Kenthosan,Abnormal,Field_Verification,D001A,0.4152418971061706,Abnormal,Sub-Optimal,Monitor,D01
1368,109.23224868,-0.42302565,3.79,0.28,Kenthosan,Abnormal,Field_Verification,D001A,0.3436702489852905,Suspect,Critical,Priority Survey,D01
1369,109.23291795,-0.4247512,3.79,0.369,TBM,Healthy,,D001A,0.4324035346508026,Normal,Moderate,Routine,D01
1370,109.23268627,-0.4264024,3.78,0.406,Kenthosan,Abnormal,Field_Verification,D001A,0.4787222743034363,Healthy,Good,,D01
1371,109.23315483,-0.42591102,3.78,0.366,TBM,Healthy,,D001A,0.4215572476387024,Abnormal,Sub-Optimal,Monitor,D01
1372,109.23319498,-0.42512474,3.78,0.335,TBM,Healthy,,D001A,0.3960379362106323,Abnormal,Sub-Optimal,Monitor,D01
1373,109.23257914,-0.42346295,3.78,0.36,Kenthosan,Abnormal,Field_Verification,D001A,0.4226405024528503,Abnormal,Sub-Optimal,Monitor,D01
1374,109.2324295,-0.42578651,3.77,0.286,Kenthosan,Abnormal,Field_Verification,D001A,0.3506602942943573,Suspect,Critical,Priority Survey,D01
1375,109.23211748,-0.43109738,3.76,0.454,Kenthosan,Abnormal,Field_Verification,D001A,0.5111302733421326,Healthy,Good,,D01
1376,109.2328739,-0.42290959,3.76,0.293,Kenthosan,Abnormal,Field_Verification,D001A,0.3572489321231842,Suspect,Critical,Priority Survey,D01
1377,109.23138871,-0.42444475,3.75,0.373,Kenthosan,Abnormal,Field_Verification,D001A,0.4350295662879944,Normal,Moderate,Routine,D01
1378,109.23325092,-0.42600373,3.74,0.421,Kenthosan,Abnormal,Field_Verification,D001A,0.477886289358139,Healthy,Good,,D01
1379,109.23344286,-0.42530023,3.73,0.409,Kenthosan,Abnormal,Field_Verification,D001A,0.4676309525966644,Healthy,Good,,D01
1380,109.23335423,-0.42400074,3.73,0.379,Kenthosan,Abnormal,Field_Verification,D001A,0.4405256509780884,Normal,Moderate,Routine,D01
1381,109.2328542,-0.42660002,3.73,0.365,TBM,Healthy,,D001A,0.4283495247364044,Abnormal,Sub-Optimal,Monitor,D01
1382,109.23262805,-0.42367773,3.72,0.423,Kenthosan,Abnormal,Field_Verification,D001A,0.4815788567066192,Healthy,Good,,D01
1383,109.23242726,-0.42378711,3.72,0.358,TBM,Healthy,,D001A,0.418876975774765,Abnormal,Sub-Optimal,Monitor,D01
1384,109.23279083,-0.42875088,3.72,0.306,Kenthosan,Abnormal,Field_Verification,D001A,0.3732808530330658,Suspect,Critical,Priority Survey,D01
1385,109.23299897,-0.42592183,3.71,0.388,TBM,Healthy,,D001A,0.4488402903079986,Normal,Moderate,Routine,D01
1386,109.23243885,-0.4281291,3.71,0.481,TBM,Healthy,,D001A,0.540467381477356,Healthy,Good,,D01
1387,109.23244501,-0.4227648,3.71,0.383,TBM,Healthy,,D001A,0.4438640475273132,Normal,Moderate,Routine,D01
1388,109.23189279,-0.42772882,3.7,0.417,Kenthosan,Abnormal,Field_Verification,D001A,0.470601886510849,Healthy,Good,,D01
1389,109.23328452,-0.42439409,3.7,0.4,TBM,Healthy,,D001A,0.4611644446849823,Healthy,Good,,D01
1390,109.23209777,-0.43090159,3.69,0.378,Kenthosan,Abnormal,Field_Verification,D001A,0.4346905052661896,Normal,Moderate,Routine,D01
1391,109.23282407,-0.42479866,3.69,0.356,TBM,Healthy,,D001A,0.4192546606063843,Abnormal,Sub-Optimal,Monitor,D01
1392,109.23165473,-0.42188293,3.69,0.375,TBM,Healthy,,D001A,0.4365654289722442,Normal,Moderate,Routine,D01
1393,109.23346564,-0.42585322,3.69,0.414,Kenthosan,Abnormal,Field_Verification,D001A,0.4745285511016845,Healthy,Good,,D01
1394,109.23253839,-0.42291856,3.69,0.392,TBM,Healthy,,D001A,0.4525962471961975,Normal,Moderate,Routine,D01
1395,109.23170568,-0.42499463,3.68,0.434,Kenthosan,Abnormal,Field_Verification,D001A,0.4933056235313415,Healthy,Good,,D01
1396,109.23316245,-0.42399979,3.67,0.364,Kenthosan,Abnormal,Field_Verification,D001A,0.4250632524490356,Abnormal,Sub-Optimal,Monitor,D01
1397,109.23248852,-0.42299903,3.66,0.32,TBM,Healthy,,D001A,0.3839494585990906,Suspect,Critical,Priority Survey,D01
1398,109.23246608,-0.42291131,3.66,0.384,TBM,Healthy,,D001A,0.4453850984573364,Normal,Moderate,Routine,D01
1399,109.23217672,-0.42543152,3.66,0.413,Kenthosan,Abnormal,Field_Verification,D001A,0.4603582322597503,Healthy,Good,,D01
1400,109.23217183,-0.42520951,3.66,0.303,TBM,Healthy,,D001A,0.3710730373859405,Suspect,Critical,Priority Survey,D01
1401,109.23253882,-0.4269671,3.66,0.382,Kenthosan,Abnormal,Field_Verification,D001A,0.4597950279712677,Normal,Moderate,Routine,D01
1402,109.23300772,-0.42497685,3.65,0.491,TBM,Healthy,,D001A,0.5460777282714844,Healthy,Good,,D01
1403,109.23274789,-0.42599231,3.65,0.371,Kenthosan,Abnormal,Field_Verification,D001A,0.4304229319095611,Normal,Moderate,Routine,D01
1404,109.23253855,-0.4301127,3.64,0.441,Kenthosan,Abnormal,Field_Verification,D001A,0.5040261149406433,Healthy,Good,,D01
1405,109.23316673,-0.42293724,3.62,0.518,TBM,Healthy,,D001A,0.5715891122817993,Healthy,Good,,D01
1406,109.23305723,-0.42449984,3.62,0.412,Kenthosan,Abnormal,Field_Verification,D001A,0.4692526161670685,Healthy,Good,,D01
1407,109.23310226,-0.42598471,3.61,0.42,TBM,Healthy,,D001A,0.4631423056125641,Healthy,Good,,D01
1408,109.23325372,-0.42357976,3.61,0.398,Kenthosan,Abnormal,Field_Verification,D001A,0.4579028785228729,Normal,Moderate,Routine,D01
1409,109.23293355,-0.42721497,3.61,0.375,TBM,Healthy,,D001A,0.4337811470031738,Normal,Moderate,Routine,D01
1410,109.23329495,-0.42394059,3.61,0.419,TBM,Healthy,,D001A,0.4767434000968933,Healthy,Good,,D01
1411,109.23236455,-0.42698062,3.61,0.396,Kenthosan,Abnormal,Field_Verification,D001A,0.4618830382823944,Healthy,Good,,D01
1412,109.23221515,-0.42232074,3.6,0.442,Kenthosan,Abnormal,Field_Verification,D001A,0.4998621940612793,Healthy,Good,,D01
1413,109.23257408,-0.42400237,3.59,0.37,Kenthosan,Abnormal,Field_Verification,D001A,0.4317907989025116,Normal,Moderate,Routine,D01
1414,109.23323707,-0.42567095,3.59,0.426,TBM,Healthy,,D001A,0.4862872660160064,Healthy,Good,,D01
1415,109.23180419,-0.42628554,3.58,0.426,Kenthosan,Abnormal,Field_Verification,D001A,0.4865281283855438,Healthy,Good,,D01
1416,109.23268342,-0.42708062,3.57,0.36,TBM,Healthy,,D001A,0.4220331907272339,Abnormal,Sub-Optimal,Monitor,D01
1417,109.23297683,-0.42653042,3.57,0.303,TBM,Healthy,,D001A,0.3761134743690491,Suspect,Critical,Priority Survey,D01
1418,109.23328087,-0.42266778,3.56,0.344,Kenthosan,Abnormal,Field_Verification,D001A,0.4065498411655426,Abnormal,Sub-Optimal,Monitor,D01
1419,109.23314574,-0.42240189,3.56,0.438,TBM,Healthy,,D001A,0.4949255287647247,Healthy,Good,,D01
1420,109.23197174,-0.42620871,3.56,0.477,Kenthosan,Abnormal,Field_Verification,D001A,0.5363235473632812,Healthy,Good,,D01
1421,109.23148408,-0.4277346,3.55,0.415,Kenthosan,Abnormal,Field_Verification,D001A,0.4675008356571197,Healthy,Good,,D01
1422,109.23231356,-0.4241054,3.55,0.296,Kenthosan,Abnormal,Field_Verification,D001A,0.3607800304889679,Suspect,Critical,Priority Survey,D01
1423,109.23248102,-0.42240128,3.54,0.333,Kenthosan,Abnormal,Field_Verification,D001A,0.3966296017169952,Abnormal,Sub-Optimal,Monitor,D01
1424,109.23190636,-0.42335202,3.54,0.331,Kenthosan,Abnormal,Field_Verification,D001A,0.3934765160083771,Abnormal,Sub-Optimal,Monitor,D01
1425,109.23326356,-0.42374525,3.53,0.336,TBM,Healthy,,D001A,0.3972408473491668,Abnormal,Sub-Optimal,Monitor,D01
1426,109.23309176,-0.4227957,3.53,0.471,Kenthosan,Abnormal,Field_Verification,D001A,0.5240921378135681,Healthy,Good,,D01
1427,109.23279069,-0.42342321,3.53,0.358,Kenthosan,Abnormal,Field_Verification,D001A,0.4205345809459686,Abnormal,Sub-Optimal,Monitor,D01
1428,109.23286565,-0.42362308,3.52,0.333,Kenthosan,Abnormal,Field_Verification,D001A,0.3962151110172272,Abnormal,Sub-Optimal,Monitor,D01
1429,109.23236811,-0.42712757,3.52,0.445,Kenthosan,Abnormal,Field_Verification,D001A,0.5011376142501831,Healthy,Good,,D01
1430,109.23166261,-0.42279221,3.52,0.323,Kenthosan,Abnormal,Field_Verification,D001A,0.3897140324115753,Suspect,Critical,Priority Survey,D01
1431,109.23315397,-0.4237615,3.51,0.446,TBM,Healthy,,D001A,0.5083480477333069,Healthy,Good,,D01
1432,109.23252281,-0.42430394,3.51,0.279,Kenthosan,Abnormal,Field_Verification,D001A,0.3455210626125335,Suspect,Critical,Priority Survey,D01
1433,109.23242045,-0.42409638,3.5,0.413,TBM,Healthy,,D001A,0.4679908454418182,Healthy,Good,,D01
1434,109.23161842,-0.42751127,3.5,0.494,Kenthosan,Abnormal,Field_Verification,D001A,0.538037896156311,Healthy,Good,,D01
1435,109.23277105,-0.42290911,3.5,0.467,TBM,Healthy,,D001A,0.5222747325897217,Healthy,Good,,D01
1436,109.23274403,-0.42717242,3.5,0.409,TBM,Healthy,,D001A,0.4671652317047119,Healthy,Good,,D01
1437,109.23192768,-0.4224414,3.5,0.483,Kenthosan,Abnormal,Field_Verification,D001A,0.5374967455863953,Healthy,Good,,D01
1438,109.23326448,-0.42759982,3.48,0.286,Kenthosan,Abnormal,Field_Verification,D001A,0.3447543382644653,Suspect,Critical,Priority Survey,D01
1439,109.23210236,-0.42458055,3.46,0.294,Kenthosan,Abnormal,Field_Verification,D001A,0.360923707485199,Suspect,Critical,Priority Survey,D01
1440,109.23316916,-0.42607651,3.44,0.35,TBM,Healthy,,D001A,0.4138295352458954,Abnormal,Sub-Optimal,Monitor,D01
1441,109.23282125,-0.42729859,3.44,0.43,TBM,Healthy,,D001A,0.486540138721466,Healthy,Good,,D01
1442,109.23301197,-0.42603714,3.44,0.326,TBM,Healthy,,D001A,0.3827734887599945,Suspect,Critical,Priority Survey,D01
1443,109.23316203,-0.42386324,3.44,0.332,TBM,Healthy,,D001A,0.3942981660366058,Abnormal,Sub-Optimal,Monitor,D01
1444,109.23207733,-0.42993942,3.44,0.398,Kenthosan,Abnormal,Field_Verification,D001A,0.4524450004100799,Normal,Moderate,Routine,D01
1445,109.23323254,-0.42388767,3.43,0.411,TBM,Healthy,,D001A,0.4723460972309112,Healthy,Good,,D01
1446,109.23256177,-0.42282813,3.43,0.354,TBM,Healthy,,D001A,0.4160216152667999,Abnormal,Sub-Optimal,Monitor,D01
1447,109.23176801,-0.42344061,3.43,0.351,Kenthosan,Abnormal,Field_Verification,D001A,0.4148017466068268,Abnormal,Sub-Optimal,Monitor,D01
1448,109.23315982,-0.42568449,3.43,0.34,TBM,Healthy,,D001A,0.4074901342391968,Abnormal,Sub-Optimal,Monitor,D01
1449,109.23323561,-0.4241775,3.41,0.463,Kenthosan,Abnormal,Field_Verification,D001A,0.5185325741767883,Healthy,Good,,D01
1450,109.2324054,-0.42312244,3.41,0.38,Kenthosan,Abnormal,Field_Verification,D001A,0.439362108707428,Normal,Moderate,Routine,D01
1451,109.23293036,-0.42743652,3.41,0.333,TBM,Healthy,,D001A,0.401824802160263,Abnormal,Sub-Optimal,Monitor,D01
1452,109.23309276,-0.42232456,3.4,0.429,TBM,Healthy,,D001A,0.486950010061264,Healthy,Good,,D01
1453,109.23307337,-0.42466171,3.38,0.412,Kenthosan,Abnormal,Field_Verification,D001A,0.4721253514289856,Healthy,Good,,D01
1454,109.23287309,-0.42251984,3.38,0.317,TBM,Healthy,,D001A,0.380471408367157,Suspect,Critical,Priority Survey,D01
1455,109.23322621,-0.4240735,3.38,0.367,TBM,Healthy,,D001A,0.4215338230133056,Abnormal,Sub-Optimal,Monitor,D01
1456,109.23169878,-0.4217256,3.35,0.345,TBM,Healthy,,D001A,0.4071007370948791,Abnormal,Sub-Optimal,Monitor,D01
1457,109.23333606,-0.42488152,3.35,0.3,TBM,Healthy,,D001A,0.3642868995666504,Suspect,Critical,Priority Survey,D01
1458,109.23265114,-0.42283674,3.34,0.337,Kenthosan,Abnormal,Field_Verification,D001A,0.4009860455989837,Abnormal,Sub-Optimal,Monitor,D01
1459,109.2316991,-0.42230389,3.34,0.385,Kenthosan,Abnormal,Field_Verification,D001A,0.4458474218845367,Normal,Moderate,Routine,D01
1460,109.23320817,-0.42439045,3.34,0.382,TBM,Healthy,,D001A,0.4394657611846924,Normal,Moderate,Routine,D01
1461,109.23337556,-0.42498055,3.33,0.434,TBM,Healthy,,D001A,0.4972157776355743,Healthy,Good,,D01
1462,109.23145638,-0.42512163,3.33,0.347,Kenthosan,Abnormal,Field_Verification,D001A,0.4087269902229309,Abnormal,Sub-Optimal,Monitor,D01
1463,109.23272644,-0.42351951,3.32,0.409,Kenthosan,Abnormal,Field_Verification,D001A,0.4679696559906006,Healthy,Good,,D01
1464,109.23174861,-0.4218287,3.32,0.368,TBM,Healthy,,D001A,0.4294376969337463,Abnormal,Sub-Optimal,Monitor,D01
1465,109.23339728,-0.42623165,3.31,0.358,Kenthosan,Abnormal,Field_Verification,D001A,0.4246034026145935,Abnormal,Sub-Optimal,Monitor,D01
1466,109.23288069,-0.42465941,3.3,0.413,TBM,Healthy,,D001A,0.4754221439361572,Healthy,Good,,D01
1467,109.23273744,-0.42454724,3.3,0.377,TBM,Healthy,,D001A,0.437947005033493,Normal,Moderate,Routine,D01
1468,109.23277919,-0.42263466,3.3,0.332,TBM,Healthy,,D001A,0.3947077691555023,Abnormal,Sub-Optimal,Monitor,D01
1469,109.23309036,-0.42499812,3.3,0.475,Kenthosan,Abnormal,Field_Verification,D001A,0.5283624529838562,Healthy,Good,,D01
1470,109.23332918,-0.42550458,3.29,0.405,TBM,Healthy,,D001A,0.4607005715370178,Healthy,Good,,D01
1471,109.23248095,-0.42468192,3.28,0.368,TBM,Healthy,,D001A,0.4262678623199463,Abnormal,Sub-Optimal,Monitor,D01
1472,109.23344043,-0.42610596,3.27,0.396,Kenthosan,Abnormal,Field_Verification,D001A,0.4494073390960693,Normal,Moderate,Routine,D01
1473,109.23308207,-0.42590512,3.26,0.336,TBM,Healthy,,D001A,0.4033242762088775,Abnormal,Sub-Optimal,Monitor,D01
1474,109.23298888,-0.42488686,3.26,0.408,TBM,Healthy,,D001A,0.4696710407733917,Healthy,Good,,D01
1475,109.23341611,-0.42639578,3.24,0.332,Kenthosan,Abnormal,Field_Verification,D001A,0.3934184610843658,Abnormal,Sub-Optimal,Monitor,D01
1476,109.23223354,-0.42440651,3.23,0.333,Kenthosan,Abnormal,Field_Verification,D001A,0.3943736553192138,Abnormal,Sub-Optimal,Monitor,D01
1477,109.23212292,-0.4250092,3.23,0.355,Kenthosan,Abnormal,Field_Verification,D001A,0.4232422411441803,Abnormal,Sub-Optimal,Monitor,D01
1478,109.23330147,-0.42690307,3.22,0.433,Kenthosan,Abnormal,Field_Verification,D001A,0.4858781695365906,Healthy,Good,,D01
1479,109.23286419,-0.42215495,3.21,0.42,TBM,Healthy,,D001A,0.4783880710601806,Healthy,Good,,D01
1480,109.23325343,-0.42484894,3.21,0.522,TBM,Healthy,,D001A,0.5729080438613892,Healthy,Good,,D01
1481,109.23287943,-0.42228608,3.21,0.355,Kenthosan,Abnormal,Field_Verification,D001A,0.416709154844284,Abnormal,Sub-Optimal,Monitor,D01
1482,109.23149985,-0.42158403,3.18,0.427,TBM,Healthy,,D001A,0.4846852719783783,Healthy,Good,,D01
1483,109.23321259,-0.42666838,3.18,0.303,TBM,Healthy,,D001A,0.3652762174606323,Suspect,Critical,Priority Survey,D01
1484,109.23198145,-0.42301609,3.18,0.379,Kenthosan,Abnormal,Field_Verification,D001A,0.439769983291626,Normal,Moderate,Routine,D01
1485,109.23144507,-0.42152162,3.16,0.527,TBM,Healthy,,D001A,0.5773445963859558,Healthy,Good,,D01
1486,109.23304055,-0.42677912,3.16,0.388,Kenthosan,Abnormal,Field_Verification,D001A,0.4414813220500946,Normal,Moderate,Routine,D01
1487,109.2326126,-0.42447216,3.16,0.411,Kenthosan,Abnormal,Field_Verification,D001A,0.4747824072837829,Healthy,Good,,D01
1488,109.23328056,-0.4279733,3.15,0.404,Kenthosan,Abnormal,Field_Verification,D001A,0.4563310444355011,Normal,Moderate,Routine,D01
1489,109.23303051,-0.4235363,3.15,0.397,TBM,Healthy,,D001A,0.4570538699626922,Normal,Moderate,Routine,D01
1490,109.23232087,-0.4274929,3.15,0.373,Kenthosan,Abnormal,Field_Verification,D001A,0.4406164586544037,Normal,Moderate,Routine,D01
1491,109.23305681,-0.42242493,3.14,0.394,TBM,Healthy,,D001A,0.4538727700710296,Normal,Moderate,Routine,D01
1492,109.23162721,-0.42244404,3.13,0.359,Kenthosan,Abnormal,Field_Verification,D001A,0.4218210875988006,Abnormal,Sub-Optimal,Monitor,D01
1493,109.23265785,-0.42297782,3.11,0.383,Kenthosan,Abnormal,Field_Verification,D001A,0.4453295171260834,Normal,Moderate,Routine,D01
1494,109.23254446,-0.42783251,3.11,0.361,TBM,Healthy,,D001A,0.4207837283611297,Abnormal,Sub-Optimal,Monitor,D01
1495,109.2325169,-0.42460823,3.11,0.385,TBM,Healthy,,D001A,0.4501057267189026,Normal,Moderate,Routine,D01
1496,109.23313627,-0.42455231,3.1,0.317,TBM,Healthy,,D001A,0.3789733946323395,Suspect,Critical,Priority Survey,D01
1497,109.23279809,-0.42446949,3.08,0.355,TBM,Healthy,,D001A,0.416858434677124,Abnormal,Sub-Optimal,Monitor,D01
1498,109.23249142,-0.42607726,3.07,0.309,Kenthosan,Abnormal,Field_Verification,D001A,0.3749689161777496,Suspect,Critical,Priority Survey,D01
1499,109.23283435,-0.42699068,3.07,0.279,Kenthosan,Abnormal,Field_Verification,D001A,0.3485093712806701,Suspect,Critical,Priority Survey,D01
1500,109.23148428,-0.42684206,3.06,0.416,Kenthosan,Abnormal,Field_Verification,D001A,0.476145327091217,Healthy,Good,,D01
1501,109.23264434,-0.42314601,3.05,0.415,Kenthosan,Abnormal,Field_Verification,D001A,0.473994642496109,Healthy,Good,,D01
1502,109.23332172,-0.42672493,3.04,0.321,Kenthosan,Abnormal,Field_Verification,D001A,0.3828870952129364,Suspect,Critical,Priority Survey,D01
1503,109.23276868,-0.42739443,3.03,0.34,TBM,Healthy,,D001A,0.4016200006008148,Abnormal,Sub-Optimal,Monitor,D01
1504,109.23166198,-0.42160848,3.03,0.37,Kenthosan,Abnormal,Field_Verification,D001A,0.4301275908946991,Normal,Moderate,Routine,D01
1505,109.23243204,-0.42647966,3.03,0.419,Kenthosan,Abnormal,Field_Verification,D001A,0.4831302165985107,Healthy,Good,,D01
1506,109.23203825,-0.42800376,3.02,0.411,Kenthosan,Abnormal,Field_Verification,D001A,0.4684416055679321,Healthy,Good,,D01
1507,109.23184852,-0.42294236,3.02,0.287,Kenthosan,Abnormal,Field_Verification,D001A,0.3504668176174164,Suspect,Critical,Priority Survey,D01
1508,109.23299008,-0.42553389,3.02,0.326,TBM,Healthy,,D001A,0.3902893662452698,Abnormal,Sub-Optimal,Monitor,D01
1509,109.23342525,-0.42374122,3.01,0.375,TBM,Healthy,,D001A,0.4365493357181549,Normal,Moderate,Routine,D01
1510,109.23161042,-0.42318014,3.01,0.433,Kenthosan,Abnormal,Field_Verification,D001A,0.4906804263591766,Healthy,Good,,D01
1511,109.23321398,-0.42453288,3.01,0.458,TBM,Healthy,,D001A,0.5143094062805176,Healthy,Good,,D01
1512,109.23149574,-0.42188742,3.01,0.438,TBM,Healthy,,D001A,0.4952523410320282,Healthy,Good,,D01
1513,109.23298899,-0.42437639,3.0,0.401,Kenthosan,Abnormal,Field_Verification,D001A,0.457054853439331,Normal,Moderate,Routine,D01
1514,109.23297765,-0.43076706,2.99,0.355,Kenthosan,Abnormal,Field_Verification,D001A,0.4174346923828125,Abnormal,Sub-Optimal,Monitor,D01
1515,109.23289548,-0.42282685,2.99,0.358,TBM,Healthy,,D001A,0.4200290739536285,Abnormal,Sub-Optimal,Monitor,D01
1516,109.23229545,-0.42866079,2.98,0.431,Kenthosan,Abnormal,Field_Verification,D001A,0.4835300743579864,Healthy,Good,,D01
1517,109.23325248,-0.42507231,2.97,0.329,Kenthosan,Abnormal,Field_Verification,D001A,0.3881353139877319,Suspect,Critical,Priority Survey,D01
1518,109.2329376,-0.42326138,2.95,0.326,Kenthosan,Abnormal,Field_Verification,D001A,0.3896138072013855,Suspect,Critical,Priority Survey,D01
1519,109.23274961,-0.42437678,2.92,0.448,Kenthosan,Abnormal,Field_Verification,D001A,0.5075191259384155,Healthy,Good,,D01
1520,109.23230917,-0.42560472,2.92,0.44,Kenthosan,Abnormal,Field_Verification,D001A,0.4934832453727722,Healthy,Good,,D01
1521,109.2332102,-0.42728692,2.91,0.286,Kenthosan,Abnormal,Field_Verification,D001A,0.3510469794273376,Suspect,Critical,Priority Survey,D01
1522,109.23156131,-0.42585639,2.91,0.514,Kenthosan,Abnormal,Field_Verification,D001A,0.5658526420593262,Healthy,Good,,D01
1523,109.23275238,-0.42402999,2.9,0.366,Kenthosan,Abnormal,Field_Verification,D001A,0.4286119937896728,Abnormal,Sub-Optimal,Monitor,D01
1524,109.23215504,-0.42397152,2.9,0.432,Kenthosan,Abnormal,Field_Verification,D001A,0.4896211624145508,Healthy,Good,,D01
1525,109.2329764,-0.42248279,2.86,0.394,Kenthosan,Abnormal,Field_Verification,D001A,0.4547131359577179,Normal,Moderate,Routine,D01
1526,109.23315332,-0.42857146,2.85,0.315,Kenthosan,Abnormal,Field_Verification,D001A,0.376932680606842,Suspect,Critical,Priority Survey,D01
1527,109.23295954,-0.42354985,2.84,0.394,TBM,Healthy,,D001A,0.4534749984741211,Normal,Moderate,Routine,D01
1528,109.2317034,-0.42512711,2.83,0.261,Kenthosan,Abnormal,Field_Verification,D001A,0.3279949128627777,Suspect,Critical,Priority Survey,D01
1529,109.23247385,-0.4262979,2.82,0.353,TBM,Healthy,,D001A,0.4162599444389343,Abnormal,Sub-Optimal,Monitor,D01
1530,109.23295204,-0.42296251,2.8,0.357,Kenthosan,Abnormal,Field_Verification,D001A,0.4199218451976776,Abnormal,Sub-Optimal,Monitor,D01
1531,109.23295525,-0.42464993,2.8,0.434,TBM,Healthy,,D001A,0.490640252828598,Healthy,Good,,D01
1532,109.23316074,-0.42359014,2.79,0.377,TBM,Healthy,,D001A,0.4402541518211365,Normal,Moderate,Routine,D01
1533,109.23318521,-0.42464501,2.78,0.491,Kenthosan,Abnormal,Field_Verification,D001A,0.5499300360679626,Healthy,Good,,D01
1534,109.23302484,-0.42867814,2.77,0.329,Kenthosan,Abnormal,Field_Verification,D001A,0.3894548714160919,Suspect,Critical,Priority Survey,D01
1535,109.23278771,-0.42668275,2.74,0.329,Kenthosan,Abnormal,Field_Verification,D001A,0.3893938362598419,Suspect,Critical,Priority Survey,D01
1536,109.23274711,-0.42746632,2.73,0.472,TBM,Healthy,,D001A,0.5155745148658752,Healthy,Good,,D01
1537,109.23174028,-0.42294098,2.72,0.389,TBM,Healthy,,D001A,0.451679527759552,Normal,Moderate,Routine,D01
1538,109.23177022,-0.42358349,2.7,0.326,Kenthosan,Abnormal,Field_Verification,D001A,0.3922939896583557,Abnormal,Sub-Optimal,Monitor,D01
1539,109.23222191,-0.42222308,2.69,0.414,Kenthosan,Abnormal,Field_Verification,D001A,0.4725215435028076,Healthy,Good,,D01
1540,109.23259396,-0.42546507,2.66,0.326,Kenthosan,Abnormal,Field_Verification,D001A,0.3885980546474457,Suspect,Critical,Priority Survey,D01
1541,109.2323513,-0.42403668,2.66,0.329,TBM,Healthy,,D001A,0.3959640860557556,Abnormal,Sub-Optimal,Monitor,D01
1542,109.2327297,-0.42698387,2.65,0.363,TBM,Healthy,,D001A,0.4190852046012878,Abnormal,Sub-Optimal,Monitor,D01
1543,109.23289993,-0.4269396,2.65,0.397,Kenthosan,Abnormal,Field_Verification,D001A,0.4571607112884521,Normal,Moderate,Routine,D01
1544,109.23250947,-0.42766159,2.62,0.405,Kenthosan,Abnormal,Field_Verification,D001A,0.4602584838867187,Healthy,Good,,D01
1545,109.23177549,-0.42410844,2.62,0.309,Kenthosan,Abnormal,Field_Verification,D001A,0.3739230930805206,Suspect,Critical,Priority Survey,D01
1546,109.23333135,-0.42387142,2.62,0.303,TBM,Healthy,,D001A,0.366829365491867,Suspect,Critical,Priority Survey,D01
1547,109.23316863,-0.42445465,2.6,0.475,TBM,Healthy,,D001A,0.5308635234832764,Healthy,Good,,D01
1548,109.23201786,-0.42287051,2.58,0.328,Kenthosan,Abnormal,Field_Verification,D001A,0.3928640186786651,Abnormal,Sub-Optimal,Monitor,D01
1549,109.23271162,-0.42552297,2.56,0.399,Kenthosan,Abnormal,Field_Verification,D001A,0.4691633284091949,Healthy,Good,,D01
1550,109.23248307,-0.42325585,2.54,0.312,TBM,Healthy,,D001A,0.377624899148941,Suspect,Critical,Priority Survey,D01
1551,109.23282685,-0.42439624,2.45,0.399,TBM,Healthy,,D001A,0.460202157497406,Healthy,Good,,D01
1552,109.23190751,-0.42422738,2.43,0.335,Kenthosan,Abnormal,Field_Verification,D001A,0.3990330100059509,Abnormal,Sub-Optimal,Monitor,D01
1553,109.23311986,-0.42561214,2.41,0.354,TBM,Healthy,,D001A,0.4151672422885895,Abnormal,Sub-Optimal,Monitor,D01
1554,109.23245172,-0.42685087,2.4,0.341,Kenthosan,Abnormal,Field_Verification,D001A,0.4060732424259186,Abnormal,Sub-Optimal,Monitor,D01
1555,109.23236237,-0.42276885,2.35,0.363,TBM,Healthy,,D001A,0.4237296879291534,Abnormal,Sub-Optimal,Monitor,D01
1556,109.23196378,-0.42366492,2.34,0.354,Kenthosan,Abnormal,Field_Verification,D001A,0.4169792532920837,Abnormal,Sub-Optimal,Monitor,D01
1557,109.23334306,-0.42373532,2.34,0.35,TBM,Healthy,,D001A,0.4165536165237427,Abnormal,Sub-Optimal,Monitor,D01
1558,109.23301193,-0.43013587,2.32,0.311,Kenthosan,Abnormal,Field_Verification,D001A,0.3721772134304046,Suspect,Critical,Priority Survey,D01
1559,109.23224891,-0.42594156,2.32,0.296,Kenthosan,Abnormal,Field_Verification,D001A,0.3572856187820434,Suspect,Critical,Priority Survey,D01
1560,109.23257347,-0.4246928,2.25,0.363,TBM,Healthy,,D001A,0.4257945120334625,Abnormal,Sub-Optimal,Monitor,D01
1561,109.23167945,-0.42179793,2.2,0.313,TBM,Healthy,,D001A,0.3772577941417694,Suspect,Critical,Priority Survey,D01
1562,109.23284392,-0.42635089,2.16,0.478,Kenthosan,Abnormal,Field_Verification,D001A,0.5450139045715332,Healthy,Good,,D01
1563,109.23325641,-0.42555384,2.14,0.326,TBM,Healthy,,D001A,0.3889643251895904,Suspect,Critical,Priority Survey,D01
1564,109.2329694,-0.42561708,2.09,0.43,TBM,Healthy,,D001A,0.48822882771492,Healthy,Good,,D01
1565,109.23228441,-0.42587826,2.01,0.365,TBM,Healthy,,D001A,0.4244813323020935,Abnormal,Sub-Optimal,Monitor,D01
1566,109.23268736,-0.4275183,2.01,0.392,TBM,Healthy,,D001A,0.4582636654376983,Normal,Moderate,Routine,D01
1567,109.23316297,-0.42367695,1.99,0.407,TBM,Healthy,,D001A,0.4648309648036957,Healthy,Good,,D01
1568,109.23293592,-0.426676,1.93,0.346,Kenthosan,Abnormal,Field_Verification,D001A,0.4060873687267303,Abnormal,Sub-Optimal,Monitor,D01
1569,109.23259823,-0.4264069,1.88,0.308,TBM,Healthy,,D001A,0.3713114857673645,Suspect,Critical,Priority Survey,D01
1570,109.23303447,-0.42187828,1.42,0.258,Kenthosan,Abnormal,Field_Verification,D001A,,Healthy,Good,,D01
1571,109.23263065,-0.42998159,1.35,0.325,Kenthosan,Abnormal,Field_Verification,D001A,0.3849878013134002,Suspect,Critical,Priority Survey,D01
1572,109.23157199,-0.43019431,0.89,0.353,Kenthosan,Abnormal,Field_Verification,D001A,0.4132033288478851,Abnormal,Sub-Optimal,Monitor,D01
1573,109.23190004,-0.42150409,0.55,0.301,Kenthosan,Abnormal,Field_Verification,D001A,,Healthy,Good,,D01
