Tree_ID,Longitude,Latitude,Height_m,NDRE_Value,Classification,Health_Status,Action,Block_Name
1,109.2313881343526,-0.44900922013828987,0.0,0.45106395719900194,Normal,Normal,Routine,D009A
2,109.23144994234012,-0.44901777085394595,0.0,0.4572358138171561,Normal,Normal,Routine,D009A
3,109.23160438865584,-0.44902795378407906,0.0,0.415527414014003,Normal,Normal,Routine,D009A
4,109.23171931744818,-0.4490376532356389,0.0,0.44422162022374223,Normal,Normal,Routine,D009A
5,109.2318670241742,-0.44902865709105394,0.0,0.46392030651357,Normal,Normal,Routine,D009A
6,109.23196067484974,-0.4490378503771742,0.0,0.39684320188402655,Abnormal,Abnormal,Monitor,D009A
7,109.23213785769904,-0.44903167286471213,0.0,0.48170443961841064,Normal,Normal,Routine,D009A
8,109.2322040210591,-0.44906794316150783,0.0,0.45411304450042406,Normal,Normal,Routine,D009A
9,109.23230787743874,-0.44904173297555783,0.0,0.4374292129510599,Normal,Normal,Routine,D009A
10,109.23237917800762,-0.4490406733182012,0.0,0.4586874957774526,Normal,Normal,Routine,D009A
11,109.23246568611803,-0.4490554091097362,0.0,0.43100425527826125,Normal,Normal,Routine,D009A
12,109.23254485971415,-0.4490519884386434,0.0,0.43428660592430396,Normal,Normal,Routine,D009A
13,109.23263597805072,-0.44904309334396014,0.0,0.4684247920453146,Normal,Normal,Routine,D009A
14,109.23272082044048,-0.4490629723739243,0.0,0.43880800237572243,Normal,Normal,Routine,D009A
15,109.2327686192799,-0.4490704661689873,0.0,0.45111779747585046,Normal,Normal,Routine,D009A
16,109.23286178772703,-0.44906055966127184,0.0,0.4572013152807787,Normal,Normal,Routine,D009A
17,109.2329461066878,-0.4490606877977778,0.0,0.4330857910909781,Normal,Normal,Routine,D009A
18,109.23302774012897,-0.44905578557547643,0.0,0.41892667735197237,Normal,Normal,Routine,D009A
19,109.2331126593489,-0.44905879675735744,0.0,0.445907580131411,Normal,Normal,Routine,D009A
20,109.23319429935174,-0.4490565251366676,0.0,0.4445745953206966,Normal,Normal,Routine,D009A
21,109.23327902931563,-0.4490509237377408,0.0,0.4260941332046769,Normal,Normal,Routine,D009A
22,109.23337967016502,-0.44904621061260563,0.0,0.4121961454927593,Normal,Normal,Routine,D009A
23,109.23346879439343,-0.44905221332715256,0.0,0.4410217297340625,Normal,Normal,Routine,D009A
24,109.23356809385417,-0.44905240116788214,0.0,0.45087389252455773,Normal,Normal,Routine,D009A
25,109.23142091009805,-0.44891734069792394,0.0,0.48171203515663347,Normal,Normal,Routine,D009A
26,109.23149866508652,-0.4489446196681805,0.0,0.46960250249805263,Normal,Normal,Routine,D009A
27,109.23157478988534,-0.4489450288645131,0.0,0.47744419727541854,Normal,Normal,Routine,D009A
28,109.23164773745114,-0.4489493863516901,0.0,0.5000464173955173,Healthy,Healthy,None,D009A
29,109.23173724665544,-0.44894914680786674,0.0,0.4511905157818153,Normal,Normal,Routine,D009A
30,109.23183090447777,-0.44895099629532026,0.0,0.45016626260849946,Normal,Normal,Routine,D009A
31,109.23191354235824,-0.44895264777021754,0.0,0.45185832856622943,Normal,Normal,Routine,D009A
32,109.23200700299542,-0.4489639425926671,0.0,0.46923178350267236,Normal,Normal,Routine,D009A
33,109.23206511953363,-0.44897072269577387,0.0,0.44260593889388034,Normal,Normal,Routine,D009A
34,109.23217426436568,-0.4489543245177517,0.0,0.44269240219231587,Normal,Normal,Routine,D009A
35,109.23223401539921,-0.44896262152446675,0.0,0.46189476253430534,Normal,Normal,Routine,D009A
36,109.232354278619,-0.4489704440381846,0.0,0.4421047532974925,Normal,Normal,Routine,D009A
37,109.23243637763707,-0.4489680359858949,0.0,0.4716055918712259,Normal,Normal,Routine,D009A
38,109.23252110971859,-0.4489796488021268,0.0,0.4638288750825051,Normal,Normal,Routine,D009A
39,109.23258465983729,-0.44896807208162065,0.0,0.43952853185570656,Normal,Normal,Routine,D009A
40,109.23265663357853,-0.44898422679118427,0.0,0.4540037761391179,Normal,Normal,Routine,D009A
41,109.23274086795207,-0.448984935465068,0.0,0.45888391372909654,Normal,Normal,Routine,D009A
42,109.2328161952804,-0.4489697869191954,0.0,0.44947457045846595,Normal,Normal,Routine,D009A
43,109.23291747181958,-0.44896989928452985,0.0,0.34626457967387,Abnormal,Abnormal,Monitor,D009A
44,109.23299305730166,-0.44898698901235,0.0,0.4347770639122831,Normal,Normal,Routine,D009A
45,109.23308557049565,-0.44898632335603256,0.0,0.4042572681436079,Normal,Normal,Routine,D009A
46,109.23317660943813,-0.44898271475456236,0.0,0.46702349728800996,Normal,Normal,Routine,D009A
47,109.23325087988651,-0.44898847511881207,0.0,0.49967764205545007,Normal,Normal,Routine,D009A
48,109.23334997884527,-0.44897442473949023,0.0,0.43432430595150384,Normal,Normal,Routine,D009A
49,109.2334450480138,-0.4489684659394061,0.0,0.4249422956820905,Normal,Normal,Routine,D009A
50,109.23138375587962,-0.4488759103267176,0.0,0.46672290696017843,Normal,Normal,Routine,D009A
51,109.23146360660269,-0.44888794787954117,0.0,0.4673703640589752,Normal,Normal,Routine,D009A
52,109.23154607651956,-0.4488745192571119,0.0,0.4676701263466045,Normal,Normal,Routine,D009A
53,109.2316250392826,-0.44886984156573734,0.0,0.4475266875847717,Normal,Normal,Routine,D009A
54,109.23169756597623,-0.4488724690267048,0.0,0.4733272558655601,Normal,Normal,Routine,D009A
55,109.23196485872626,-0.44890813176490846,0.0,0.4500410515172413,Normal,Normal,Routine,D009A
56,109.23204158726412,-0.4488857645662485,0.0,0.4809341972890591,Normal,Normal,Routine,D009A
57,109.23212786871802,-0.44888294698130193,0.0,0.3736957055333929,Abnormal,Abnormal,Monitor,D009A
58,109.23228845698404,-0.44889889628044033,0.0,0.4359656966269126,Normal,Normal,Routine,D009A
59,109.23238764790472,-0.4489131432150605,0.0,0.477489982905122,Normal,Normal,Routine,D009A
60,109.23248521991849,-0.44890963387437766,0.0,0.46972015478148477,Normal,Normal,Routine,D009A
61,109.23254770009544,-0.44891342633242826,0.0,0.44520464462060083,Normal,Normal,Routine,D009A
62,109.2326169037541,-0.4489100909445676,0.0,0.4403990496521347,Normal,Normal,Routine,D009A
63,109.23269769125075,-0.44891165424217955,0.0,0.47525431537321666,Normal,Normal,Routine,D009A
64,109.23276328311289,-0.44892266103842854,0.0,0.4439409816967413,Normal,Normal,Routine,D009A
65,109.2329504376978,-0.4489241932486131,0.0,0.39979807897546665,Abnormal,Abnormal,Monitor,D009A
66,109.23312317681481,-0.44891083087468386,0.0,0.4079477200932899,Normal,Normal,Routine,D009A
67,109.23321736787753,-0.4489218446279155,0.0,0.4796292475302112,Normal,Normal,Routine,D009A
68,109.23329467303724,-0.448899966766839,0.0,0.44703751317162854,Normal,Normal,Routine,D009A
69,109.23335594030031,-0.44889367509799316,0.0,0.4058380614461378,Normal,Normal,Routine,D009A
70,109.23351381428795,-0.44893128437132745,0.0,0.3103113284128215,Abnormal,Abnormal,Monitor,D009A
71,109.23140457043853,-0.448798154899171,0.0,0.47662424834846867,Normal,Normal,Routine,D009A
72,109.23148674152915,-0.44879842449219937,0.0,0.4195022826329413,Normal,Normal,Routine,D009A
73,109.2315677596136,-0.4488008912454451,0.0,0.3408286118887918,Abnormal,Abnormal,Monitor,D009A
74,109.23165668675885,-0.44879680196097965,0.0,0.4779265387657961,Normal,Normal,Routine,D009A
75,109.23174749084767,-0.44880579559862926,0.0,0.433124383631694,Normal,Normal,Routine,D009A
76,109.23190806758616,-0.4488060155475997,0.0,0.4136914304789771,Normal,Normal,Routine,D009A
77,109.23199874223805,-0.4488154197032416,0.0,0.4581696692330476,Normal,Normal,Routine,D009A
78,109.23209094015883,-0.44882193409526155,0.0,0.4467715690557728,Normal,Normal,Routine,D009A
79,109.23217170923445,-0.44882529422875095,0.0,0.42575112985014657,Normal,Normal,Routine,D009A
80,109.23225015742482,-0.4488014507228432,0.0,0.4420172041210703,Normal,Normal,Routine,D009A
81,109.2323288991006,-0.44882728667305244,0.0,0.44680054930234475,Normal,Normal,Routine,D009A
82,109.23244150268609,-0.4488167220406453,0.0,0.4519594325040785,Normal,Normal,Routine,D009A
83,109.23250874389221,-0.4488346823792447,0.0,0.4324725058219829,Normal,Normal,Routine,D009A
84,109.23259123671104,-0.4488345469145347,0.0,0.40861533609203743,Normal,Normal,Routine,D009A
85,109.23274728477863,-0.4488483094110805,0.0,0.4501392152960315,Normal,Normal,Routine,D009A
86,109.23283818315892,-0.44883519750926354,0.0,0.45580387480237,Normal,Normal,Routine,D009A
87,109.23292532426697,-0.44883998164699757,0.0,0.43125300503398745,Normal,Normal,Routine,D009A
88,109.23301742118035,-0.448852105366181,0.0,0.43464041351723187,Normal,Normal,Routine,D009A
89,109.23308803534492,-0.44882921758690747,0.0,0.44511256331532745,Normal,Normal,Routine,D009A
90,109.23315722493487,-0.4488246966518854,0.0,0.46358750283645017,Normal,Normal,Routine,D009A
91,109.23325083970943,-0.44882655334001814,0.0,0.46709491276404713,Normal,Normal,Routine,D009A
92,109.23333306220711,-0.4488487666193965,0.0,0.44793030340881373,Normal,Normal,Routine,D009A
93,109.23345315804477,-0.4488469230303543,0.0,0.44745188170737366,Normal,Normal,Routine,D009A
94,109.23352511099127,-0.4488263568998274,0.0,0.46260933348063815,Normal,Normal,Routine,D009A
95,109.23138676167156,-0.4487293625016633,0.0,0.45511037591227727,Normal,Normal,Routine,D009A
96,109.23144381891063,-0.4487258243135232,0.0,0.45806280671088406,Normal,Normal,Routine,D009A
97,109.23152807913046,-0.4487233977976973,0.0,0.4546698498499035,Normal,Normal,Routine,D009A
98,109.231623549935,-0.4487315443380407,0.0,0.45440455653752937,Normal,Normal,Routine,D009A
99,109.23169303103421,-0.4487547591846149,0.0,0.4779425875276345,Normal,Normal,Routine,D009A
100,109.23194431489419,-0.448730133033971,0.0,0.42252456439327607,Normal,Normal,Routine,D009A
101,109.2320488296678,-0.4487339158247183,0.0,0.4593094675774596,Normal,Normal,Routine,D009A
102,109.23215545641918,-0.44874461700297047,0.0,0.4709012821567734,Normal,Normal,Routine,D009A
103,109.23221698867742,-0.4487605892081986,0.0,0.457067175486487,Normal,Normal,Routine,D009A
104,109.2323125281569,-0.4487223018974326,0.0,0.43481887366586164,Normal,Normal,Routine,D009A
105,109.23238239432283,-0.44873936671245584,0.0,0.45388151045271774,Normal,Normal,Routine,D009A
106,109.23249344055323,-0.44875022450255264,0.0,0.4464376644511719,Normal,Normal,Routine,D009A
107,109.23256370871975,-0.44875786573172494,0.0,0.46766222659046935,Normal,Normal,Routine,D009A
108,109.23262285507526,-0.44874809290948536,0.0,0.4532009300774113,Normal,Normal,Routine,D009A
109,109.23270630133251,-0.4487576508376112,0.0,0.4307261138724373,Normal,Normal,Routine,D009A
110,109.23278747790184,-0.4487736884104511,0.0,0.4303975135673762,Normal,Normal,Routine,D009A
111,109.23296762492105,-0.4487683399074,0.0,0.4009527938180565,Normal,Normal,Routine,D009A
112,109.23307671384318,-0.4487530404040064,0.0,0.4276957974752034,Normal,Normal,Routine,D009A
113,109.23323522238447,-0.44874032745227843,0.0,0.4543776682340631,Normal,Normal,Routine,D009A
114,109.23330131358665,-0.44876680147352105,0.0,0.4860646016061836,Normal,Normal,Routine,D009A
115,109.23340010344583,-0.4487980536203867,0.0,0.4765794518330664,Normal,Normal,Routine,D009A
116,109.23357171879965,-0.44876248771777827,0.0,0.42491268800088483,Normal,Normal,Routine,D009A
117,109.23141649057254,-0.44864452045811304,0.0,0.43676998192600475,Normal,Normal,Routine,D009A
118,109.23148434881888,-0.4486401737414978,0.0,0.460653452264385,Normal,Normal,Routine,D009A
119,109.23157801870013,-0.4486441067196192,0.0,0.4681920939204085,Normal,Normal,Routine,D009A
120,109.23165054440258,-0.4486508460107507,0.0,0.4505360998343602,Normal,Normal,Routine,D009A
121,109.23172831957159,-0.4486614678225011,0.0,0.4187297228288519,Normal,Normal,Routine,D009A
122,109.23188338662516,-0.4486566277799823,0.0,0.42044869002244867,Normal,Normal,Routine,D009A
123,109.23197044484546,-0.448654759887562,0.0,0.4473613544919307,Normal,Normal,Routine,D009A
124,109.23204772368216,-0.44865624184444214,0.0,0.48354032455068646,Normal,Normal,Routine,D009A
125,109.2320946139922,-0.44866522569157397,0.0,0.46083801426050597,Normal,Normal,Routine,D009A
126,109.23219341717493,-0.44865191677135924,0.0,0.4579331461722416,Normal,Normal,Routine,D009A
127,109.23224665256629,-0.44867717137610424,0.0,0.4500959874022226,Normal,Normal,Routine,D009A
128,109.2324203248364,-0.4486828483068036,0.0,0.447851571576868,Normal,Normal,Routine,D009A
129,109.23251776113221,-0.4486871448165798,0.0,0.45848289632782624,Normal,Normal,Routine,D009A
130,109.23266892623045,-0.4486782670236826,0.0,0.42348408783872377,Normal,Normal,Routine,D009A
131,109.23275966597001,-0.44868236747762924,0.0,0.46497908147775624,Normal,Normal,Routine,D009A
132,109.23282651711017,-0.44868630838983814,0.0,0.42973256304951535,Normal,Normal,Routine,D009A
133,109.23317844015543,-0.44869813990408386,0.0,0.4381055002197897,Normal,Normal,Routine,D009A
134,109.23332542895793,-0.4486792070954288,0.0,0.43434880661986386,Normal,Normal,Routine,D009A
135,109.23343833170578,-0.4487061609239543,0.0,0.44445068213479794,Normal,Normal,Routine,D009A
136,109.23351630020056,-0.4487013102372736,0.0,0.4730530036253165,Normal,Normal,Routine,D009A
137,109.23139199291259,-0.4485734882988005,0.0,0.43340577063148134,Normal,Normal,Routine,D009A
138,109.23147613159288,-0.44858714376506464,0.0,0.47457792240028474,Normal,Normal,Routine,D009A
139,109.23153082594767,-0.448577924202654,0.0,0.4673714410904212,Normal,Normal,Routine,D009A
140,109.23163004841956,-0.44857655753878617,0.0,0.39993745806683506,Abnormal,Abnormal,Monitor,D009A
141,109.2317029613599,-0.44859044086839484,0.0,0.4801603540431197,Normal,Normal,Routine,D009A
142,109.23187710744371,-0.4485829016139313,0.0,0.45910182538643185,Normal,Normal,Routine,D009A
143,109.23196338867328,-0.44856600230026433,0.0,0.43530704193856135,Normal,Normal,Routine,D009A
144,109.23204486074627,-0.4485857520787534,0.0,0.41503149327673233,Normal,Normal,Routine,D009A
145,109.23214111097393,-0.44858767542283723,0.0,0.4492037611515556,Normal,Normal,Routine,D009A
146,109.23228364095604,-0.44858627587909833,0.0,0.4443020911388028,Normal,Normal,Routine,D009A
147,109.23238091900922,-0.4485911492885703,0.0,0.44154874453640947,Normal,Normal,Routine,D009A
148,109.23255842611609,-0.4486038797575754,0.0,0.47772944844068377,Normal,Normal,Routine,D009A
149,109.2326910392617,-0.44859477860500274,0.0,0.4510798033922773,Normal,Normal,Routine,D009A
150,109.23277925428354,-0.44860501500443944,0.0,0.41001248443810695,Normal,Normal,Routine,D009A
151,109.23286639195038,-0.44859417105838145,0.0,0.414712777523541,Normal,Normal,Routine,D009A
152,109.23305640016966,-0.4486151653190954,0.0,0.4007695307312953,Normal,Normal,Routine,D009A
153,109.23330911571246,-0.44859943501054206,0.0,0.46211912881666367,Normal,Normal,Routine,D009A
154,109.23339201610857,-0.44860417559976246,0.0,0.457894304190922,Normal,Normal,Routine,D009A
155,109.23349211708948,-0.4486032314312043,0.0,0.46368308131026986,Normal,Normal,Routine,D009A
156,109.23354080353151,-0.44860285984400566,0.0,0.485166552314653,Normal,Normal,Routine,D009A
157,109.23145699575859,-0.4484710120006416,0.0,0.41852441578098487,Normal,Normal,Routine,D009A
158,109.23155870751819,-0.44848384792281243,0.0,0.48739033835097273,Normal,Normal,Routine,D009A
159,109.23164032443185,-0.4485138316632711,0.0,0.4967418471088439,Normal,Normal,Routine,D009A
160,109.23191400731027,-0.4484865405411775,0.0,0.4092413679862315,Normal,Normal,Routine,D009A
161,109.2321691815706,-0.4484957287758741,0.0,0.45446706132365633,Normal,Normal,Routine,D009A
162,109.23223700758875,-0.4484947749608944,0.0,0.4129587824542098,Normal,Normal,Routine,D009A
163,109.23234387347918,-0.44850094203450847,0.0,0.4206833447718394,Normal,Normal,Routine,D009A
164,109.23250928578437,-0.44850812892340225,0.0,0.4532055593203268,Normal,Normal,Routine,D009A
165,109.2328422092059,-0.4485058469451787,0.0,0.4629680381708452,Normal,Normal,Routine,D009A
166,109.23308515299551,-0.44849518374900144,0.0,0.45190655689815623,Normal,Normal,Routine,D009A
167,109.23315548998573,-0.44851932660870886,0.0,0.36669265303434145,Abnormal,Abnormal,Monitor,D009A
168,109.23327118271024,-0.4485277439034657,0.0,0.4843088831687463,Normal,Normal,Routine,D009A
169,109.23331198379117,-0.4485511868930229,0.0,0.44292327061386927,Normal,Normal,Routine,D009A
170,109.23342185905248,-0.44854197529376827,0.0,0.4399365050203961,Normal,Normal,Routine,D009A
171,109.23350219903989,-0.44853314174409864,0.0,0.4507061369904874,Normal,Normal,Routine,D009A
172,109.23138818654394,-0.4483843120649123,0.0,0.47636977745536796,Normal,Normal,Routine,D009A
173,109.23145191036186,-0.4484048379264666,0.0,0.4545223983668902,Normal,Normal,Routine,D009A
174,109.2315313097182,-0.44839623567330555,0.0,0.44486088581743666,Normal,Normal,Routine,D009A
175,109.23160761097937,-0.4483986985482116,0.0,0.47985254339576866,Normal,Normal,Routine,D009A
176,109.23183012867106,-0.4483923647150637,0.0,0.4317688020435183,Normal,Normal,Routine,D009A
177,109.23187961536232,-0.4484034950845509,0.0,0.42405064063582526,Normal,Normal,Routine,D009A
178,109.23194907956983,-0.4483960804636775,0.0,0.47014547961255526,Normal,Normal,Routine,D009A
179,109.23204080231008,-0.44841003437338417,0.0,0.45860352475426813,Normal,Normal,Routine,D009A
180,109.23213183746678,-0.4484032381096122,0.0,0.3932228039378769,Abnormal,Abnormal,Monitor,D009A
181,109.23228574766044,-0.4484055263308392,0.0,0.4536413173344136,Normal,Normal,Routine,D009A
182,109.23237247606238,-0.4484118485631076,0.0,0.44689792263950173,Normal,Normal,Routine,D009A
183,109.23249445356181,-0.44843308580521485,0.0,0.4570892944694588,Normal,Normal,Routine,D009A
184,109.23261755773271,-0.44842340810110876,0.0,0.444530931545598,Normal,Normal,Routine,D009A
185,109.23276142765975,-0.4484233011020083,0.0,0.44270751767737027,Normal,Normal,Routine,D009A
186,109.23294068322276,-0.44843442774903,0.0,0.4287821413476469,Normal,Normal,Routine,D009A
187,109.23311974375356,-0.44843858492313926,0.0,0.47766273319995395,Normal,Normal,Routine,D009A
188,109.2332059578957,-0.448458180308765,0.0,0.4117607383175639,Normal,Normal,Routine,D009A
189,109.23328773440817,-0.4484747388885888,0.0,0.460083128247545,Normal,Normal,Routine,D009A
190,109.2333968976416,-0.4484717477778033,0.0,0.46513633769807156,Normal,Normal,Routine,D009A
191,109.23347963871544,-0.4484591384605762,0.0,0.48914047419787693,Normal,Normal,Routine,D009A
192,109.233546535094,-0.44848805156046995,0.0,0.4644317057584415,Normal,Normal,Routine,D009A
193,109.23141017514196,-0.44831021389403664,0.0,0.4949683659258907,Normal,Normal,Routine,D009A
194,109.23148876096968,-0.4483190426688189,0.0,0.4671841022627381,Normal,Normal,Routine,D009A
195,109.23157340754597,-0.4483236733619977,0.0,0.45826422609731016,Normal,Normal,Routine,D009A
196,109.23165817547745,-0.44832046473259485,0.0,0.49615921165887666,Normal,Normal,Routine,D009A
197,109.23174419670984,-0.44832013026299156,0.0,0.4741147372345983,Normal,Normal,Routine,D009A
198,109.23178802887588,-0.44834958122030105,0.0,0.45509352103708123,Normal,Normal,Routine,D009A
199,109.23191987593277,-0.4483284274076301,0.0,0.4799227828994119,Normal,Normal,Routine,D009A
200,109.23202129196967,-0.4483384228490225,0.0,0.488123721454248,Normal,Normal,Routine,D009A
201,109.23208727427192,-0.4483318809283822,0.0,0.49380317043131156,Normal,Normal,Routine,D009A
202,109.23217513866754,-0.44833949386738964,0.0,0.45526638331952674,Normal,Normal,Routine,D009A
203,109.23223538445207,-0.44833362334742266,0.0,0.3957365959489517,Abnormal,Abnormal,Monitor,D009A
204,109.23231818381045,-0.4483399482387275,0.0,0.3889537690698735,Abnormal,Abnormal,Monitor,D009A
205,109.23243250881426,-0.4483504324232932,0.0,0.4331364382066379,Normal,Normal,Routine,D009A
206,109.23249261901822,-0.44834435297506453,0.0,0.42652420995062273,Normal,Normal,Routine,D009A
207,109.23256400967045,-0.44839090909768375,0.0,0.45920516606306006,Normal,Normal,Routine,D009A
208,109.23259745116569,-0.44833582742027167,0.0,0.42661703996677297,Normal,Normal,Routine,D009A
209,109.23270571151814,-0.4483368945809849,0.0,0.45994306386083395,Normal,Normal,Routine,D009A
210,109.2327702298294,-0.4483333970659844,0.0,0.4630197299857404,Normal,Normal,Routine,D009A
211,109.23283035541499,-0.44833439012910825,0.0,0.4429447563250152,Normal,Normal,Routine,D009A
212,109.23289374680103,-0.4483666753988526,0.0,0.43118550462042626,Normal,Normal,Routine,D009A
213,109.2330568187758,-0.4483754442176945,0.0,0.40814546712337096,Normal,Normal,Routine,D009A
214,109.23316037098286,-0.44834791542822994,0.0,0.46651850448279486,Normal,Normal,Routine,D009A
215,109.23325974915777,-0.44837186548981445,0.0,0.4349427699695655,Normal,Normal,Routine,D009A
216,109.23335796317069,-0.4483883520989104,0.0,0.45111231222278386,Normal,Normal,Routine,D009A
217,109.2334293713272,-0.4483845415571002,0.0,0.4242736352396333,Normal,Normal,Routine,D009A
218,109.23353568210767,-0.44837966247559646,0.0,0.46442919151205025,Normal,Normal,Routine,D009A
219,109.23139213917739,-0.4482560538749213,0.0,0.48570750810285807,Normal,Normal,Routine,D009A
220,109.23143699511846,-0.4482341174955644,0.0,0.47460997810176603,Normal,Normal,Routine,D009A
221,109.23149020321434,-0.44824949805774206,0.0,0.47882653257232505,Normal,Normal,Routine,D009A
222,109.23158198039405,-0.4482535987549663,0.0,0.4570296916127936,Normal,Normal,Routine,D009A
223,109.23168291982925,-0.44825443897533984,0.0,0.49093139656116624,Normal,Normal,Routine,D009A
224,109.23175089184726,-0.44825140078687026,0.0,0.4143180216387092,Normal,Normal,Routine,D009A
225,109.23183881345966,-0.44826007900071435,0.0,0.46586225605998305,Normal,Normal,Routine,D009A
226,109.23193093551177,-0.4482570304047805,0.0,0.4575502422051807,Normal,Normal,Routine,D009A
227,109.23203013255353,-0.44826064005962096,0.0,0.4761655474871589,Normal,Normal,Routine,D009A
228,109.23209766232047,-0.4482851249530157,0.0,0.4759305231993313,Normal,Normal,Routine,D009A
229,109.23217123279275,-0.4482579044981273,0.0,0.4347932949845045,Normal,Normal,Routine,D009A
230,109.23228728119736,-0.44827368556792174,0.0,0.4617480962271341,Normal,Normal,Routine,D009A
231,109.23244377613513,-0.4482630438537967,0.0,0.4260971041945575,Normal,Normal,Routine,D009A
232,109.23263420850144,-0.44827191517646625,0.0,0.47419943005458887,Normal,Normal,Routine,D009A
233,109.23269447911552,-0.4482749375176982,0.0,0.4504409835204633,Normal,Normal,Routine,D009A
234,109.23276505196881,-0.44828937278986375,0.0,0.47420659488671546,Normal,Normal,Routine,D009A
235,109.23285721267519,-0.44826392021638656,0.0,0.44326807074614016,Normal,Normal,Routine,D009A
236,109.2329472314215,-0.4482929365881233,0.0,0.4352816884611253,Normal,Normal,Routine,D009A
237,109.23300131552715,-0.4483114462366332,0.0,0.4133101074598288,Normal,Normal,Routine,D009A
238,109.23304571591582,-0.448290193367972,0.0,0.4130932371583453,Normal,Normal,Routine,D009A
239,109.23310467909023,-0.4483064063814784,0.0,0.4436666776995199,Normal,Normal,Routine,D009A
240,109.23321358835496,-0.44829110770820574,0.0,0.453689161901191,Normal,Normal,Routine,D009A
241,109.23327799336805,-0.4483068997368935,0.0,0.4724219698614512,Normal,Normal,Routine,D009A
242,109.23347989083356,-0.44832174762407173,0.0,0.44309944278257757,Normal,Normal,Routine,D009A
243,109.23356720852095,-0.44831698419579424,0.0,0.46228933406637457,Normal,Normal,Routine,D009A
244,109.23138805244014,-0.4481570640138871,0.0,0.4615880192784359,Normal,Normal,Routine,D009A
245,109.23145131822085,-0.4481697657786456,0.0,0.4311668188622362,Normal,Normal,Routine,D009A
246,109.23153406886426,-0.44817680414736444,0.0,0.4699915229360019,Normal,Normal,Routine,D009A
247,109.23180611968968,-0.44817514940881353,0.0,0.46614364211392756,Normal,Normal,Routine,D009A
248,109.23183026884777,-0.4482124638680579,0.0,0.4684022619996084,Normal,Normal,Routine,D009A
249,109.2318804203591,-0.44814828000160106,0.0,0.4603266308105251,Normal,Normal,Routine,D009A
250,109.23198382404557,-0.4481704341931503,0.0,0.45754196424589666,Normal,Normal,Routine,D009A
251,109.23205729509762,-0.44818318546125613,0.0,0.44833318456408805,Normal,Normal,Routine,D009A
252,109.23213798796134,-0.44819341730400447,0.0,0.4217600536214834,Normal,Normal,Routine,D009A
253,109.23223184650799,-0.44820109770659877,0.0,0.45232742603258985,Normal,Normal,Routine,D009A
254,109.23230192919523,-0.44818427853052833,0.0,0.4326456259547567,Normal,Normal,Routine,D009A
255,109.23239555779038,-0.4481769846137168,0.0,0.43378852235052096,Normal,Normal,Routine,D009A
256,109.23247955581141,-0.44818554521140624,0.0,0.37614021749812304,Abnormal,Abnormal,Monitor,D009A
257,109.23255655608331,-0.4481800241958032,0.0,0.4550086229975663,Normal,Normal,Routine,D009A
258,109.23298871035237,-0.44821288557050154,0.0,0.46716776185602116,Normal,Normal,Routine,D009A
259,109.2330727681784,-0.44819316607546195,0.0,0.46832218628424627,Normal,Normal,Routine,D009A
260,109.23322211970674,-0.4482142327067679,0.0,0.4274643851230304,Normal,Normal,Routine,D009A
261,109.23333756740985,-0.4482030510733231,0.0,0.4369186873661476,Normal,Normal,Routine,D009A
262,109.23343524828435,-0.4482102404561775,0.0,0.4645250312050098,Normal,Normal,Routine,D009A
263,109.23141145376552,-0.4481064489675696,0.0,0.4744404365829221,Normal,Normal,Routine,D009A
264,109.23149878332818,-0.44810419046494593,0.0,0.4719346862112421,Normal,Normal,Routine,D009A
265,109.23158488563585,-0.448121576612091,0.0,0.47561910296460036,Normal,Normal,Routine,D009A
266,109.23164095967,-0.4481126178074425,0.0,0.4865642900720618,Normal,Normal,Routine,D009A
267,109.23167968875232,-0.4481158700310968,0.0,0.49572460882037,Normal,Normal,Routine,D009A
268,109.23174718756313,-0.44812704817787774,0.0,0.46405934379693187,Normal,Normal,Routine,D009A
269,109.23187375020171,-0.4480941516712476,0.0,0.4791438827195684,Normal,Normal,Routine,D009A
270,109.23193195732723,-0.44810521994700975,0.0,0.42385167921024197,Normal,Normal,Routine,D009A
271,109.23201689551813,-0.44810753207898213,0.0,0.48761149027237166,Normal,Normal,Routine,D009A
272,109.23212677315342,-0.448136767585042,0.0,0.44877274287335894,Normal,Normal,Routine,D009A
273,109.23219809168363,-0.4481431493619231,0.0,0.4405306115604756,Normal,Normal,Routine,D009A
274,109.23226876843704,-0.4481175405579601,0.0,0.35823683654929434,Abnormal,Abnormal,Monitor,D009A
275,109.23236193469367,-0.44811284999832063,0.0,0.4195140375978342,Normal,Normal,Routine,D009A
276,109.23253298971251,-0.44813595566810505,0.0,0.4332070977602242,Normal,Normal,Routine,D009A
277,109.23261123495651,-0.4481343234317028,0.0,0.4252444102349075,Normal,Normal,Routine,D009A
278,109.23269697451674,-0.4481325582747139,0.0,0.46468879752363895,Normal,Normal,Routine,D009A
279,109.23275834617472,-0.4481290807870655,0.0,0.42659003461316947,Normal,Normal,Routine,D009A
280,109.23287213368839,-0.44813727514181134,0.0,0.476582572498123,Normal,Normal,Routine,D009A
281,109.23295419871447,-0.4481343253633122,0.0,0.45973250572483965,Normal,Normal,Routine,D009A
282,109.23305186067371,-0.44813789302899404,0.0,0.3895162440916298,Abnormal,Abnormal,Monitor,D009A
283,109.2331194945395,-0.4481479788131931,0.0,0.47361365524424226,Normal,Normal,Routine,D009A
284,109.23319727133381,-0.4481520760878706,0.0,0.5105873560129993,Healthy,Healthy,None,D009A
285,109.23326176474886,-0.4481625680433066,0.0,0.49028756716011346,Normal,Normal,Routine,D009A
286,109.23338285317016,-0.448164433177783,0.0,0.4654957156572497,Normal,Normal,Routine,D009A
287,109.23346336246222,-0.4481650215340697,0.0,0.35026656191834943,Abnormal,Abnormal,Monitor,D009A
288,109.23354044211442,-0.44812828958168605,0.0,0.46009002062176296,Normal,Normal,Routine,D009A
289,109.2313916962931,-0.44799783990727976,0.0,0.4812606819072022,Normal,Normal,Routine,D009A
290,109.23146765908065,-0.44802949972206935,0.0,0.4865144548648136,Normal,Normal,Routine,D009A
291,109.23155661950105,-0.4480251816227703,0.0,0.46770430947424185,Normal,Normal,Routine,D009A
292,109.23165645451239,-0.4480428568615884,0.0,0.5028269491161285,Healthy,Healthy,None,D009A
293,109.23173016810586,-0.4480105642401591,0.0,0.48223017581676103,Normal,Normal,Routine,D009A
294,109.23179992272352,-0.44803570075787724,0.0,0.4618547378909774,Normal,Normal,Routine,D009A
295,109.23188430958113,-0.44803338184804786,0.0,0.43092422976966427,Normal,Normal,Routine,D009A
296,109.23197427815636,-0.44803166565100033,0.0,0.47024588394260086,Normal,Normal,Routine,D009A
297,109.2320504340281,-0.4480373938889538,0.0,0.4848949503430272,Normal,Normal,Routine,D009A
298,109.23224019386876,-0.4480598946035039,0.0,0.4418198952303846,Normal,Normal,Routine,D009A
299,109.23233181332562,-0.448043853828574,0.0,0.4201370099402116,Normal,Normal,Routine,D009A
300,109.2324769797099,-0.44803507942897675,0.0,0.44769793897958676,Normal,Normal,Routine,D009A
301,109.23255360595114,-0.4480722312126934,0.0,0.43483712575858613,Normal,Normal,Routine,D009A
302,109.23265272816928,-0.44804710587209073,0.0,0.44113311142340544,Normal,Normal,Routine,D009A
303,109.23270484580844,-0.4480699511420042,0.0,0.4294170409880071,Normal,Normal,Routine,D009A
304,109.23276410610164,-0.44806825008419326,0.0,0.4343810835724702,Normal,Normal,Routine,D009A
305,109.2328748859349,-0.44807005845856884,0.0,0.47680878595353926,Normal,Normal,Routine,D009A
306,109.23299732629721,-0.4480528947837631,0.0,0.42043843879090514,Normal,Normal,Routine,D009A
307,109.23307915624616,-0.44804883627370906,0.0,0.4428993865076759,Normal,Normal,Routine,D009A
308,109.23316098354135,-0.4480521188515355,0.0,0.4537838037831903,Normal,Normal,Routine,D009A
309,109.23323570038565,-0.4480655359769162,0.0,0.41018153938622753,Normal,Normal,Routine,D009A
310,109.23334758135043,-0.4480718380681813,0.0,0.45346510195344264,Normal,Normal,Routine,D009A
311,109.23339983030839,-0.44808281265510486,0.0,0.43783733388580426,Normal,Normal,Routine,D009A
312,109.23350063855113,-0.44807674759030175,0.0,0.4565101456455715,Normal,Normal,Routine,D009A
313,109.23141834542817,-0.44793737875829454,0.0,0.4777700974348864,Normal,Normal,Routine,D009A
314,109.23148690784528,-0.4479520368927669,0.0,0.48461042247607417,Normal,Normal,Routine,D009A
315,109.23158525807064,-0.4479619673670651,0.0,0.4823969359927058,Normal,Normal,Routine,D009A
316,109.23165899116691,-0.44798693212842394,0.0,0.5026974685442152,Healthy,Healthy,None,D009A
317,109.23176288515322,-0.4479459918099478,0.0,0.4519939128060221,Normal,Normal,Routine,D009A
318,109.23183977354029,-0.4479723915532795,0.0,0.4285689397851504,Normal,Normal,Routine,D009A
319,109.23192185107658,-0.4479807572549851,0.0,0.472716885922253,Normal,Normal,Routine,D009A
320,109.23200577467091,-0.4479474606213107,0.0,0.49283360663130443,Normal,Normal,Routine,D009A
321,109.2321042556237,-0.4479854930662907,0.0,0.4639729422694366,Normal,Normal,Routine,D009A
322,109.23219334910398,-0.4479620789405499,0.0,0.427024829793437,Normal,Normal,Routine,D009A
323,109.23236583677568,-0.44798548698158297,0.0,0.4625376237706469,Normal,Normal,Routine,D009A
324,109.23243079889191,-0.4479966708352613,0.0,0.47273700515112554,Normal,Normal,Routine,D009A
325,109.23259830962354,-0.4479885927399238,0.0,0.4299650071171698,Normal,Normal,Routine,D009A
326,109.23277750241115,-0.4479879408556772,0.0,0.4594897803536222,Normal,Normal,Routine,D009A
327,109.23286435192826,-0.4479987276112258,0.0,0.4561861462190971,Normal,Normal,Routine,D009A
328,109.23294506712838,-0.447994614571983,0.0,0.43319681860741865,Normal,Normal,Routine,D009A
329,109.23302608820092,-0.44798484703182084,0.0,0.4286460529197439,Normal,Normal,Routine,D009A
330,109.23312373389928,-0.44797381027509486,0.0,0.45156248863506404,Normal,Normal,Routine,D009A
331,109.23319907352969,-0.44800478268284794,0.0,0.4894197064873491,Normal,Normal,Routine,D009A
332,109.23324636382874,-0.4479828179182379,0.0,0.4668932151259896,Normal,Normal,Routine,D009A
333,109.2333167270973,-0.4479872940944341,0.0,0.47021174591841913,Normal,Normal,Routine,D009A
334,109.2333881575446,-0.44802164762915997,0.0,0.42931019295691275,Normal,Normal,Routine,D009A
335,109.23346155090789,-0.4480139680637101,0.0,0.47709956014631716,Normal,Normal,Routine,D009A
336,109.23355426572518,-0.4480266344672247,0.0,0.44690841656636326,Normal,Normal,Routine,D009A
337,109.23139475675514,-0.44787400170289066,0.0,0.48266791481336446,Normal,Normal,Routine,D009A
338,109.23153268776446,-0.4478903044248783,0.0,0.47961827692851217,Normal,Normal,Routine,D009A
339,109.23170386499869,-0.4478978697668674,0.0,0.4507448683118425,Normal,Normal,Routine,D009A
340,109.2318301343894,-0.447889129665383,0.0,0.46449325260649715,Normal,Normal,Routine,D009A
341,109.23190083010432,-0.4479080050536136,0.0,0.4196202870577354,Normal,Normal,Routine,D009A
342,109.23197019090415,-0.4478972625747698,0.0,0.45703027251492695,Normal,Normal,Routine,D009A
343,109.23204214707829,-0.44790040168821477,0.0,0.4361511714726787,Normal,Normal,Routine,D009A
344,109.23213901260999,-0.4479023396147702,0.0,0.42916570495483736,Normal,Normal,Routine,D009A
345,109.23221691601391,-0.44789895204882274,0.0,0.43710727070006855,Normal,Normal,Routine,D009A
346,109.2323171412106,-0.4478891430613417,0.0,0.44738789771232135,Normal,Normal,Routine,D009A
347,109.23239689824665,-0.4478912052392607,0.0,0.4355242097666836,Normal,Normal,Routine,D009A
348,109.23248898808687,-0.44789897110293664,0.0,0.47366936951054434,Normal,Normal,Routine,D009A
349,109.23256652409403,-0.4479069061527824,0.0,0.43926737762424317,Normal,Normal,Routine,D009A
350,109.23275752923672,-0.44790214257539235,0.0,0.4526503087092919,Normal,Normal,Routine,D009A
351,109.23283000328337,-0.4478959594036028,0.0,0.5034210076538458,Healthy,Healthy,None,D009A
352,109.23291025031654,-0.4479075312904552,0.0,0.48160131308097337,Normal,Normal,Routine,D009A
353,109.23299654849635,-0.44791750132668556,0.0,0.43363405430631213,Normal,Normal,Routine,D009A
354,109.23305993609327,-0.44792065010807575,0.0,0.4281208683022551,Normal,Normal,Routine,D009A
355,109.23317965160567,-0.44791265262425983,0.0,0.4832475130543387,Normal,Normal,Routine,D009A
356,109.23325499904436,-0.4479110395619761,0.0,0.478291848819632,Normal,Normal,Routine,D009A
357,109.23328537077393,-0.44788372086087597,0.0,0.46955459922250337,Normal,Normal,Routine,D009A
358,109.23342450240352,-0.44792467773118955,0.0,0.4817342885550769,Normal,Normal,Routine,D009A
359,109.23343971075568,-0.4478846409172331,0.0,0.48711641642343345,Normal,Normal,Routine,D009A
360,109.23140551350502,-0.44778801471743784,0.0,0.47879217714801725,Normal,Normal,Routine,D009A
361,109.23150687494308,-0.4477670732147891,0.0,0.47936945402413855,Normal,Normal,Routine,D009A
362,109.2315969909507,-0.4477872690678386,0.0,0.4870951626017607,Normal,Normal,Routine,D009A
363,109.2316755753086,-0.44780225156065134,0.0,0.4734285571672374,Normal,Normal,Routine,D009A
364,109.23176486076831,-0.4478060197514051,0.0,0.4640319946261134,Normal,Normal,Routine,D009A
365,109.23185540839812,-0.4478018973506748,0.0,0.4741235554236587,Normal,Normal,Routine,D009A
366,109.23192752365009,-0.44782715380160243,0.0,0.45333736263493857,Normal,Normal,Routine,D009A
367,109.23201720710969,-0.44782695222262303,0.0,0.4681705761745421,Normal,Normal,Routine,D009A
368,109.2320966003105,-0.4478103622760849,0.0,0.45186391864326414,Normal,Normal,Routine,D009A
369,109.23219114564587,-0.44780089915699445,0.0,0.3946949771190209,Abnormal,Abnormal,Monitor,D009A
370,109.2322365514118,-0.4478048981345004,0.0,0.45551962053362705,Normal,Normal,Routine,D009A
371,109.23237299586718,-0.44782111186066714,0.0,0.48377933976732096,Normal,Normal,Routine,D009A
372,109.23243374382828,-0.44780006733175415,0.0,0.47369055810842975,Normal,Normal,Routine,D009A
373,109.23250490741282,-0.447849582238797,0.0,0.46318995237460064,Normal,Normal,Routine,D009A
374,109.23260704530317,-0.44783869216764904,0.0,0.43866626905970646,Normal,Normal,Routine,D009A
375,109.23268262781589,-0.4478681146594715,0.0,0.43446536046224493,Normal,Normal,Routine,D009A
376,109.2327456437607,-0.44785524824009926,0.0,0.44444751141813,Normal,Normal,Routine,D009A
377,109.23287324221268,-0.4478408873208496,0.0,0.4704087724105356,Normal,Normal,Routine,D009A
378,109.23293430567306,-0.44785279908550574,0.0,0.44998877879261895,Normal,Normal,Routine,D009A
379,109.23310243913818,-0.44784767907256473,0.0,0.4401889321283807,Normal,Normal,Routine,D009A
380,109.23339828344378,-0.4478467263093734,0.0,0.4606421318239904,Normal,Normal,Routine,D009A
381,109.23350024717617,-0.4478280881527152,0.0,0.4787472894499614,Normal,Normal,Routine,D009A
382,109.23138984044773,-0.4477131622499759,0.0,0.4931897418636233,Normal,Normal,Routine,D009A
383,109.23144069686295,-0.447732315857213,0.0,0.46716493994555397,Normal,Normal,Routine,D009A
384,109.23153089299163,-0.4477142870924361,0.0,0.4730731912551482,Normal,Normal,Routine,D009A
385,109.23163877688135,-0.44772666418419516,0.0,0.4817400710406641,Normal,Normal,Routine,D009A
386,109.23171706669932,-0.44772252343144275,0.0,0.4781345064563254,Normal,Normal,Routine,D009A
387,109.23197603846187,-0.44775187017860174,0.0,0.4693110205253673,Normal,Normal,Routine,D009A
388,109.23206429526778,-0.4477300094243637,0.0,0.46858626454475644,Normal,Normal,Routine,D009A
389,109.23215106857394,-0.4477400519168959,0.0,0.43492155493531137,Normal,Normal,Routine,D009A
390,109.23231957790478,-0.447736753260253,0.0,0.47880349189216687,Normal,Normal,Routine,D009A
391,109.23241123127279,-0.4477516304061843,0.0,0.46522591261913426,Normal,Normal,Routine,D009A
392,109.23249002580373,-0.44777810747190283,0.0,0.45682696784593835,Normal,Normal,Routine,D009A
393,109.23258501494796,-0.4477534622001675,0.0,0.4383186291581206,Normal,Normal,Routine,D009A
394,109.23265874148798,-0.44775348009744,0.0,0.4327223800687418,Normal,Normal,Routine,D009A
395,109.23273167476685,-0.4477838767757882,0.0,0.43644789022985664,Normal,Normal,Routine,D009A
396,109.23283238498732,-0.44775559941857873,0.0,0.4666602679228688,Normal,Normal,Routine,D009A
397,109.23288840715855,-0.447772039584027,0.0,0.4420674555701349,Normal,Normal,Routine,D009A
398,109.23300226003727,-0.447751116447716,0.0,0.40170686293766933,Normal,Normal,Routine,D009A
399,109.2330794952439,-0.44775113428788244,0.0,0.4658320631731201,Normal,Normal,Routine,D009A
400,109.23317725994902,-0.4477495284688349,0.0,0.47492128531101546,Normal,Normal,Routine,D009A
401,109.23325827817638,-0.4477479167759848,0.0,0.4459084280878716,Normal,Normal,Routine,D009A
402,109.23334867504245,-0.4477697458557756,0.0,0.47375246741741,Normal,Normal,Routine,D009A
403,109.23342566630542,-0.44775320412953723,0.0,0.4356070657723661,Normal,Normal,Routine,D009A
404,109.23351290782264,-0.44778139960611296,0.0,0.4743759313159031,Normal,Normal,Routine,D009A
405,109.23355022113357,-0.4477739536269774,0.0,0.4374548753267123,Normal,Normal,Routine,D009A
406,109.23142226867928,-0.447635499154643,0.0,0.4730634478242674,Normal,Normal,Routine,D009A
407,109.23149490740494,-0.4476465980504552,0.0,0.4667550469197648,Normal,Normal,Routine,D009A
408,109.23159905833742,-0.44764289311725725,0.0,0.4911202762314763,Normal,Normal,Routine,D009A
409,109.23183693563203,-0.4476436860713674,0.0,0.4361054061803389,Normal,Normal,Routine,D009A
410,109.23191465154271,-0.4476392078703269,0.0,0.418200263059831,Normal,Normal,Routine,D009A
411,109.23208723864502,-0.4476561474697406,0.0,0.44542313060097694,Normal,Normal,Routine,D009A
412,109.2321834176395,-0.4476441590369872,0.0,0.4549684294893698,Normal,Normal,Routine,D009A
413,109.23226356531981,-0.44762786858483306,0.0,0.45912817104091747,Normal,Normal,Routine,D009A
414,109.23236267271072,-0.4476682921290824,0.0,0.4589511079518176,Normal,Normal,Routine,D009A
415,109.23243839896026,-0.4476376087068495,0.0,0.4521780200096784,Normal,Normal,Routine,D009A
416,109.2325284974168,-0.44765627447655043,0.0,0.4389768840711932,Normal,Normal,Routine,D009A
417,109.23259056026873,-0.4476584887913564,0.0,0.43040285864602756,Normal,Normal,Routine,D009A
418,109.23269264001746,-0.4476353210452252,0.0,0.4058909648106031,Normal,Normal,Routine,D009A
419,109.23277907633488,-0.4476723187517262,0.0,0.4551490744655849,Normal,Normal,Routine,D009A
420,109.2328548834906,-0.4476677026230796,0.0,0.44662218227017764,Normal,Normal,Routine,D009A
421,109.23294482995539,-0.44767221971415755,0.0,0.40237920623562035,Normal,Normal,Routine,D009A
422,109.2330234474571,-0.44766907917494125,0.0,0.4215817846104681,Normal,Normal,Routine,D009A
423,109.23314049048383,-0.4476803398579078,0.0,0.4310359848951308,Normal,Normal,Routine,D009A
424,109.23319974980379,-0.44767149121315486,0.0,0.44230317861747626,Normal,Normal,Routine,D009A
425,109.23328539759783,-0.44765540102191853,0.0,0.4302286686380314,Normal,Normal,Routine,D009A
426,109.23337763448414,-0.44767198290260585,0.0,0.45636934954553393,Normal,Normal,Routine,D009A
427,109.23345263752003,-0.4476531519112217,0.0,0.48946973322396775,Normal,Normal,Routine,D009A
428,109.23352085858333,-0.44768319567566933,0.0,0.4432509972558001,Normal,Normal,Routine,D009A
429,109.23139019869802,-0.4475863826152271,0.0,0.4811346345666507,Normal,Normal,Routine,D009A
430,109.23146144676605,-0.44753804625115107,0.0,0.4504260393341346,Normal,Normal,Routine,D009A
431,109.23154772851743,-0.44756754637872076,0.0,0.42355218525135924,Normal,Normal,Routine,D009A
432,109.2316285150979,-0.44757268069745293,0.0,0.47618706875202627,Normal,Normal,Routine,D009A
433,109.23168932049808,-0.44756673162072363,0.0,0.3794106795680369,Abnormal,Abnormal,Monitor,D009A
434,109.23179435045184,-0.4475721792848336,0.0,0.4376758867520496,Normal,Normal,Routine,D009A
435,109.23185972300146,-0.4475835902038428,0.0,0.4228523667333025,Normal,Normal,Routine,D009A
436,109.23196159663557,-0.4475807202789669,0.0,0.3953068720935714,Abnormal,Abnormal,Monitor,D009A
437,109.23207026364473,-0.4475789226893273,0.0,0.49291518566505277,Normal,Normal,Routine,D009A
438,109.23215400343696,-0.4475891769482843,0.0,0.4698539143833626,Normal,Normal,Routine,D009A
439,109.23222423746226,-0.4475780114543144,0.0,0.3951761341325415,Abnormal,Abnormal,Monitor,D009A
440,109.2323061702865,-0.4475868165892935,0.0,0.40346856067045545,Normal,Normal,Routine,D009A
441,109.23238719112058,-0.4475779036027663,0.0,0.4547362883763811,Normal,Normal,Routine,D009A
442,109.23248344859603,-0.447587096539439,0.0,0.45608629806734186,Normal,Normal,Routine,D009A
443,109.2325441360784,-0.4475935372051434,0.0,0.4542031299022398,Normal,Normal,Routine,D009A
444,109.23264710796703,-0.4475997132253983,0.0,0.3921027111312363,Abnormal,Abnormal,Monitor,D009A
445,109.23273485146298,-0.44759462794847754,0.0,0.4277380298126984,Normal,Normal,Routine,D009A
446,109.23281102762826,-0.44759450445751686,0.0,0.48056034847513657,Normal,Normal,Routine,D009A
447,109.23291537484624,-0.44760418134508556,0.0,0.4578265728962941,Normal,Normal,Routine,D009A
448,109.23300670142298,-0.4476071777384872,0.0,0.43232365723913085,Normal,Normal,Routine,D009A
449,109.23308817254207,-0.44761235290630036,0.0,0.35958536761038234,Abnormal,Abnormal,Monitor,D009A
450,109.23315299043871,-0.4475994480241781,0.0,0.4309778022696763,Normal,Normal,Routine,D009A
451,109.23323348695921,-0.4476082925947513,0.0,0.43661468039078216,Normal,Normal,Routine,D009A
452,109.23331637279944,-0.44760999650421596,0.0,0.4387044221765786,Normal,Normal,Routine,D009A
453,109.23342411763299,-0.44759205876099195,0.0,0.4914754723877647,Normal,Normal,Routine,D009A
454,109.23349183687321,-0.4476132936344706,0.0,0.44092845037035433,Normal,Normal,Routine,D009A
455,109.23356339539139,-0.4476117565027882,0.0,0.411567866381692,Normal,Normal,Routine,D009A
456,109.2313930283974,-0.4474657916845127,0.0,0.4550641766105744,Normal,Normal,Routine,D009A
457,109.23148296615383,-0.44747260388395776,0.0,0.4836383713739884,Normal,Normal,Routine,D009A
458,109.23158915512863,-0.44748819894377423,0.0,0.5004764001885075,Healthy,Healthy,None,D009A
459,109.23165810978048,-0.4475154259818729,0.0,0.48457616050940566,Normal,Normal,Routine,D009A
460,109.23182760632184,-0.4475043723040111,0.0,0.4722721579158207,Normal,Normal,Routine,D009A
461,109.23200245971502,-0.4475027137602401,0.0,0.48510759623823485,Normal,Normal,Routine,D009A
462,109.23206430012031,-0.44747723481932106,0.0,0.4713602462063538,Normal,Normal,Routine,D009A
463,109.23210027293364,-0.4475120806988251,0.0,0.4857563987571036,Normal,Normal,Routine,D009A
464,109.23216390990135,-0.44751654347714226,0.0,0.3570921251833676,Abnormal,Abnormal,Monitor,D009A
465,109.23226813344458,-0.44751736093457256,0.0,0.360634331764783,Abnormal,Abnormal,Monitor,D009A
466,109.23236637055398,-0.4474896617265938,0.0,0.4388521402671778,Normal,Normal,Routine,D009A
467,109.23244350990136,-0.44749599244002175,0.0,0.4333946209133658,Normal,Normal,Routine,D009A
468,109.23251338023947,-0.44749565038670625,0.0,0.4242546312707396,Normal,Normal,Routine,D009A
469,109.23259140158183,-0.4475062098086986,0.0,0.3993754476464186,Abnormal,Abnormal,Monitor,D009A
470,109.23268892261709,-0.44751673417258836,0.0,0.4648162447418903,Normal,Normal,Routine,D009A
471,109.23276748709303,-0.44751740884883834,0.0,0.43392517945085357,Normal,Normal,Routine,D009A
472,109.23286397870137,-0.4475204996352342,0.0,0.45422400150875725,Normal,Normal,Routine,D009A
473,109.23293841176107,-0.44752231000983894,0.0,0.41379289140730546,Normal,Normal,Routine,D009A
474,109.23303104274169,-0.44752858750766444,0.0,0.46039085776957217,Normal,Normal,Routine,D009A
475,109.23311573843752,-0.44753092757603447,0.0,0.43764379841716183,Normal,Normal,Routine,D009A
476,109.2333045910079,-0.44749387908228105,0.0,0.4857756206139936,Normal,Normal,Routine,D009A
477,109.23338127104606,-0.44750535242017264,0.0,0.46060379909693355,Normal,Normal,Routine,D009A
478,109.23347008846532,-0.4475246427405371,0.0,0.4827669437796862,Normal,Normal,Routine,D009A
479,109.23353986165462,-0.44754380003289906,0.0,0.4335303386021977,Normal,Normal,Routine,D009A
480,109.23138635228354,-0.44741022191959817,0.0,0.5061077831238189,Healthy,Healthy,None,D009A
481,109.23145493826024,-0.44741276607765296,0.0,0.48955460349523644,Normal,Normal,Routine,D009A
482,109.23154478883083,-0.44742356348988116,0.0,0.47925536893251147,Normal,Normal,Routine,D009A
483,109.23163682805864,-0.44741741942732727,0.0,0.487807919475142,Normal,Normal,Routine,D009A
484,109.23173990300282,-0.4474394025865252,0.0,0.4573996406129695,Normal,Normal,Routine,D009A
485,109.2317978893616,-0.4474008131180123,0.0,0.4611448927799617,Normal,Normal,Routine,D009A
486,109.23187599063802,-0.4474187932218447,0.0,0.45342234868914044,Normal,Normal,Routine,D009A
487,109.23195006217905,-0.44744091674269576,0.0,0.466018955641343,Normal,Normal,Routine,D009A
488,109.23207562043406,-0.4474047084013356,0.0,0.4269653864156904,Normal,Normal,Routine,D009A
489,109.23214942656477,-0.44741361555198933,0.0,0.4040675096980789,Normal,Normal,Routine,D009A
490,109.23222052242515,-0.4474308144519174,0.0,0.4659277906999302,Normal,Normal,Routine,D009A
491,109.23230235132516,-0.4474309609074346,0.0,0.4381532465300968,Normal,Normal,Routine,D009A
492,109.23247633963263,-0.44743344472186136,0.0,0.4390891513118715,Normal,Normal,Routine,D009A
493,109.23256998642427,-0.44742141677074077,0.0,0.4144582070298299,Normal,Normal,Routine,D009A
494,109.2326486330056,-0.4474355627852012,0.0,0.471779003035005,Normal,Normal,Routine,D009A
495,109.23275176088282,-0.4474317951765412,0.0,0.465458496934393,Normal,Normal,Routine,D009A
496,109.2328234554756,-0.44744707711109,0.0,0.46911311866315597,Normal,Normal,Routine,D009A
497,109.23291113442444,-0.44743397340081653,0.0,0.4508517053798252,Normal,Normal,Routine,D009A
498,109.23299729830222,-0.447475878657523,0.0,0.4411839472760736,Normal,Normal,Routine,D009A
499,109.23306708334117,-0.4474416878067953,0.0,0.3993489762391049,Abnormal,Abnormal,Monitor,D009A
500,109.2331618703666,-0.44745844753844877,0.0,0.44940464103203637,Normal,Normal,Routine,D009A
501,109.23325245326161,-0.44744235310906183,0.0,0.4638348069108286,Normal,Normal,Routine,D009A
502,109.23335281189526,-0.44747197511623416,0.0,0.4818857326633244,Normal,Normal,Routine,D009A
503,109.23343682732734,-0.44747175675475365,0.0,0.46701222076202265,Normal,Normal,Routine,D009A
504,109.23350958207405,-0.44744880522714964,0.0,0.4728562200544802,Normal,Normal,Routine,D009A
505,109.23136414947058,-0.44735875118190965,0.0,0.4886025959758559,Normal,Normal,Routine,D009A
506,109.23144815581853,-0.4473398175056472,0.0,0.5085497782008915,Healthy,Healthy,None,D009A
507,109.23149903498172,-0.4473352604404377,0.0,0.4706307498637131,Normal,Normal,Routine,D009A
508,109.23158920504146,-0.44733979566897347,0.0,0.4800573856853248,Normal,Normal,Routine,D009A
509,109.23173285817059,-0.44734808223916417,0.0,0.4510829775119383,Normal,Normal,Routine,D009A
510,109.23182382355844,-0.44733991499648945,0.0,0.44244632049914917,Normal,Normal,Routine,D009A
511,109.2319256347172,-0.4473465917094049,0.0,0.4641322648236179,Normal,Normal,Routine,D009A
512,109.23200102098868,-0.4473551311929051,0.0,0.4387401933411958,Normal,Normal,Routine,D009A
513,109.23235114467458,-0.4473440589102107,0.0,0.4570901590930529,Normal,Normal,Routine,D009A
514,109.23252401621171,-0.44734371470610457,0.0,0.47167241821229056,Normal,Normal,Routine,D009A
515,109.23262986658543,-0.44733684691823683,0.0,0.48621010564851996,Normal,Normal,Routine,D009A
516,109.23269156420639,-0.44735630699260004,0.0,0.47035843503255786,Normal,Normal,Routine,D009A
517,109.23279129849806,-0.44735594323650707,0.0,0.4795276026477872,Normal,Normal,Routine,D009A
518,109.23286202409237,-0.4473439639749241,0.0,0.4647627461741566,Normal,Normal,Routine,D009A
519,109.2329529329088,-0.44735846744337443,0.0,0.44667608027007405,Normal,Normal,Routine,D009A
520,109.23304490315716,-0.44736684183918063,0.0,0.45878291749121514,Normal,Normal,Routine,D009A
521,109.23311172977938,-0.447353121759529,0.0,0.44415674470912886,Normal,Normal,Routine,D009A
522,109.23330940996738,-0.44737111276702274,0.0,0.46507795006036756,Normal,Normal,Routine,D009A
523,109.23338898494019,-0.447368383898115,0.0,0.46368068538951374,Normal,Normal,Routine,D009A
524,109.23344970432855,-0.44738801826743657,0.0,0.4143284128934309,Normal,Normal,Routine,D009A
525,109.231395115938,-0.44727842547646607,0.0,0.47673280257760253,Normal,Normal,Routine,D009A
526,109.23146850039839,-0.4472775498383505,0.0,0.47774148992943166,Normal,Normal,Routine,D009A
527,109.23165231691739,-0.4472712363266864,0.0,0.49349182701637084,Normal,Normal,Routine,D009A
528,109.23174017701828,-0.44727415229824974,0.0,0.4482530377739016,Normal,Normal,Routine,D009A
529,109.2319721277621,-0.4472889676043458,0.0,0.4504800319872566,Normal,Normal,Routine,D009A
530,109.23204935321748,-0.4472844901719013,0.0,0.474188100008539,Normal,Normal,Routine,D009A
531,109.23214714779606,-0.447277913427631,0.0,0.41972349958799515,Normal,Normal,Routine,D009A
532,109.23224633683229,-0.44728494850383577,0.0,0.4248154417086773,Normal,Normal,Routine,D009A
533,109.2323239787133,-0.4472708132721469,0.0,0.47323612412609206,Normal,Normal,Routine,D009A
534,109.23239042178659,-0.4472907121745676,0.0,0.42352565023727734,Normal,Normal,Routine,D009A
535,109.23245531425313,-0.44727012530314064,0.0,0.49458833571481137,Normal,Normal,Routine,D009A
536,109.23257789525809,-0.4473031790718061,0.0,0.45886350867574305,Normal,Normal,Routine,D009A
537,109.23266420158329,-0.4472790245099576,0.0,0.44677309956856115,Normal,Normal,Routine,D009A
538,109.23275694237502,-0.44729556942013865,0.0,0.46751249439322506,Normal,Normal,Routine,D009A
539,109.23283518868959,-0.44728570713259297,0.0,0.491909681434684,Normal,Normal,Routine,D009A
540,109.23290865847811,-0.4472926120777644,0.0,0.4415291821466332,Normal,Normal,Routine,D009A
541,109.23299717663912,-0.447289831120847,0.0,0.44927190017341617,Normal,Normal,Routine,D009A
542,109.2330830539587,-0.4472980078030705,0.0,0.4595240213845405,Normal,Normal,Routine,D009A
543,109.23316244966571,-0.4473086308478987,0.0,0.458420575158425,Normal,Normal,Routine,D009A
544,109.23324103138053,-0.44733119404458416,0.0,0.48748574753206564,Normal,Normal,Routine,D009A
545,109.23342738913173,-0.4473330432968753,0.0,0.47338650752021316,Normal,Normal,Routine,D009A
546,109.23355636478841,-0.4473444669077531,0.0,0.4413908303021362,Normal,Normal,Routine,D009A
547,109.23136871453077,-0.4472160008766453,0.0,0.5003477155029025,Healthy,Healthy,None,D009A
548,109.2316815934061,-0.44721479901277855,0.0,0.5040981982017587,Healthy,Healthy,None,D009A
549,109.23192084045374,-0.4472160416769698,0.0,0.4574073799659179,Normal,Normal,Routine,D009A
550,109.23204703763528,-0.4471899842133863,0.0,0.41406299634230226,Normal,Normal,Routine,D009A
551,109.23212467367958,-0.4471964461601404,0.0,0.49643747867578963,Normal,Normal,Routine,D009A
552,109.23218777395537,-0.4472026757942955,0.0,0.4331287733621206,Normal,Normal,Routine,D009A
553,109.23226755654407,-0.44719550236068883,0.0,0.46924521686654724,Normal,Normal,Routine,D009A
554,109.23246414107706,-0.4472158623597433,0.0,0.4699358871293595,Normal,Normal,Routine,D009A
555,109.2325414349769,-0.447203221840602,0.0,0.45724890666288576,Normal,Normal,Routine,D009A
556,109.23261474999052,-0.4471999479733999,0.0,0.4754593325274269,Normal,Normal,Routine,D009A
557,109.23272902295183,-0.4471914490560321,0.0,0.4930126148087869,Normal,Normal,Routine,D009A
558,109.23278488599281,-0.447200936925329,0.0,0.49311340471133086,Normal,Normal,Routine,D009A
559,109.23285073979768,-0.4471871225612088,0.0,0.48666608719609133,Normal,Normal,Routine,D009A
560,109.23296145872906,-0.44721067922728314,0.0,0.4653220473258207,Normal,Normal,Routine,D009A
561,109.23304876417166,-0.44721187507340593,0.0,0.4518996795280821,Normal,Normal,Routine,D009A
562,109.23313444965837,-0.4472071310978211,0.0,0.4647329450843156,Normal,Normal,Routine,D009A
563,109.2332070108676,-0.44721586792520696,0.0,0.4926675427146142,Normal,Normal,Routine,D009A
564,109.23329252615319,-0.4472091869001909,0.0,0.47830699998919696,Normal,Normal,Routine,D009A
565,109.23338383180209,-0.44719833755901006,0.0,0.441341510821223,Normal,Normal,Routine,D009A
566,109.23344396498972,-0.4472089089063886,0.0,0.45955213053538657,Normal,Normal,Routine,D009A
567,109.23354123410978,-0.44725509417945386,0.0,0.49056315372722564,Normal,Normal,Routine,D009A
568,109.23139650156043,-0.44711503834041005,0.0,0.495822897865467,Normal,Normal,Routine,D009A
569,109.2314722814488,-0.4471189985529243,0.0,0.4526017871198304,Normal,Normal,Routine,D009A
570,109.23161316650534,-0.4471630973134303,0.0,0.432982902268118,Normal,Normal,Routine,D009A
571,109.2317332252915,-0.44713907484424215,0.0,0.4860299188222157,Normal,Normal,Routine,D009A
572,109.23180517574666,-0.4471247573760643,0.0,0.45483447088764417,Normal,Normal,Routine,D009A
573,109.23189184823597,-0.4471431184474436,0.0,0.484140306336727,Normal,Normal,Routine,D009A
574,109.23195421637935,-0.447115699907292,0.0,0.4636619994796906,Normal,Normal,Routine,D009A
575,109.23207445859173,-0.44713606490254626,0.0,0.4880258930743854,Normal,Normal,Routine,D009A
576,109.23215562970807,-0.44714847436338445,0.0,0.4914854302961232,Normal,Normal,Routine,D009A
577,109.23224816708722,-0.44713655555499054,0.0,0.46841419004029294,Normal,Normal,Routine,D009A
578,109.23251467238197,-0.44713726855071245,0.0,0.47066657545194807,Normal,Normal,Routine,D009A
579,109.23259815972945,-0.4471139280714416,0.0,0.44151282957648064,Normal,Normal,Routine,D009A
580,109.2326499478178,-0.44714381680875454,0.0,0.445592534416004,Normal,Normal,Routine,D009A
581,109.23273761035647,-0.44716546433695636,0.0,0.4949257016236746,Normal,Normal,Routine,D009A
582,109.23289156869475,-0.44716937657318157,0.0,0.4917189207611879,Normal,Normal,Routine,D009A
583,109.23301110740576,-0.4471606085395554,0.0,0.4621205207287059,Normal,Normal,Routine,D009A
584,109.233097907559,-0.4471336878329318,0.0,0.41548058760860945,Normal,Normal,Routine,D009A
585,109.23316736613621,-0.44715369055248044,0.0,0.48685292871355645,Normal,Normal,Routine,D009A
586,109.23325288777191,-0.4471730334111449,0.0,0.4668332943058979,Normal,Normal,Routine,D009A
587,109.23332381422418,-0.44714381374397644,0.0,0.4622775640117106,Normal,Normal,Routine,D009A
588,109.2334954761275,-0.4471724709458662,0.0,0.468436942012005,Normal,Normal,Routine,D009A
589,109.23136426473076,-0.44706116245521604,0.0,0.4896314685729148,Normal,Normal,Routine,D009A
590,109.23143522121327,-0.4470337939352862,0.0,0.4931852952801228,Normal,Normal,Routine,D009A
591,109.2314947778067,-0.4470549472261073,0.0,0.4590051885981178,Normal,Normal,Routine,D009A
592,109.23158446709525,-0.44706028986165147,0.0,0.4710887422499481,Normal,Normal,Routine,D009A
593,109.23167544798488,-0.4470586145599817,0.0,0.4973002452195458,Normal,Normal,Routine,D009A
594,109.23195124235329,-0.44706626668163163,0.0,0.479238953472169,Normal,Normal,Routine,D009A
595,109.23210224434797,-0.4470516753803709,0.0,0.4770932431934145,Normal,Normal,Routine,D009A
596,109.23217755641447,-0.4470625244082618,0.0,0.44238833231781205,Normal,Normal,Routine,D009A
597,109.23226833908535,-0.44707474086732873,0.0,0.4675363736318085,Normal,Normal,Routine,D009A
598,109.23235587344085,-0.44706138300733833,0.0,0.4535120346736032,Normal,Normal,Routine,D009A
599,109.23242989360438,-0.44703550910507384,0.0,0.42099822968116646,Normal,Normal,Routine,D009A
600,109.23276475262016,-0.4470749588614419,0.0,0.42865572257275963,Normal,Normal,Routine,D009A
601,109.23281386305285,-0.4470932176822021,0.0,0.4486427093327649,Normal,Normal,Routine,D009A
602,109.23287099271775,-0.4470987052423092,0.0,0.45507067270442403,Normal,Normal,Routine,D009A
603,109.23295292503845,-0.4470721622575762,0.0,0.46405914583089164,Normal,Normal,Routine,D009A
604,109.2330461202998,-0.44705894682647884,0.0,0.45067008063128594,Normal,Normal,Routine,D009A
605,109.23320483409384,-0.44707045449357335,0.0,0.46655862965832456,Normal,Normal,Routine,D009A
606,109.23329579472829,-0.4470711755552208,0.0,0.4869843328416238,Normal,Normal,Routine,D009A
607,109.23334772486501,-0.4470668357512502,0.0,0.4501820249007749,Normal,Normal,Routine,D009A
608,109.233461422933,-0.4470848127078213,0.0,0.4603716892573158,Normal,Normal,Routine,D009A
609,109.23353157346006,-0.4470811582532148,0.0,0.4460197697668591,Normal,Normal,Routine,D009A
610,109.23139478704483,-0.44698998902664966,0.0,0.458431188436897,Normal,Normal,Routine,D009A
611,109.23162627910344,-0.44698818954370934,0.0,0.4968854613257375,Normal,Normal,Routine,D009A
612,109.23173101700104,-0.4469602947651145,0.0,0.4712916091815826,Normal,Normal,Routine,D009A
613,109.23179279410087,-0.44698908538245236,0.0,0.4811588666050593,Normal,Normal,Routine,D009A
614,109.2318839802807,-0.44700795394824444,0.0,0.43580534467467924,Normal,Normal,Routine,D009A
615,109.23195616774385,-0.44700923746582816,0.0,0.48226787757566275,Normal,Normal,Routine,D009A
616,109.23204192351196,-0.4470183889456633,0.0,0.4767604444015977,Normal,Normal,Routine,D009A
617,109.23216542280606,-0.44698641037602227,0.0,0.4774859995152533,Normal,Normal,Routine,D009A
618,109.23222170451417,-0.4469880065388428,0.0,0.46667958568113443,Normal,Normal,Routine,D009A
619,109.23240038616011,-0.4469947163285553,0.0,0.4726559768348923,Normal,Normal,Routine,D009A
620,109.23268450154076,-0.44699395413489734,0.0,0.42018170648833353,Normal,Normal,Routine,D009A
621,109.23281806981652,-0.44699488899058265,0.0,0.46749099041199793,Normal,Normal,Routine,D009A
622,109.23286606119355,-0.4470198709915502,0.0,0.4699142873012862,Normal,Normal,Routine,D009A
623,109.2329886290309,-0.44700292430958394,0.0,0.3595280590609512,Abnormal,Abnormal,Monitor,D009A
624,109.23305723257465,-0.4470111302522927,0.0,0.4276362922273581,Normal,Normal,Routine,D009A
625,109.23324753892464,-0.4470212393859145,0.0,0.4536746895013779,Normal,Normal,Routine,D009A
626,109.23341468177782,-0.4470153874720772,0.0,0.4148981742606573,Normal,Normal,Routine,D009A
627,109.23352494982129,-0.4470238720822536,0.0,0.4450080214396055,Normal,Normal,Routine,D009A
628,109.231407559932,-0.4469133466253283,0.0,0.4692062644807154,Normal,Normal,Routine,D009A
629,109.231545993317,-0.4469060716603119,0.0,0.4766831844497588,Normal,Normal,Routine,D009A
630,109.23158805602628,-0.44691245443929145,0.0,0.4800194001241682,Normal,Normal,Routine,D009A
631,109.23170493600253,-0.4469102102758376,0.0,0.4856254501171796,Normal,Normal,Routine,D009A
632,109.23176238993092,-0.44690057716163356,0.0,0.4881826486736673,Normal,Normal,Routine,D009A
633,109.23187402991697,-0.4469262329102611,0.0,0.48536928408202235,Normal,Normal,Routine,D009A
634,109.23193289153659,-0.44693122533471974,0.0,0.48543371833991183,Normal,Normal,Routine,D009A
635,109.23209795102154,-0.446907248111031,0.0,0.49482345165484454,Normal,Normal,Routine,D009A
636,109.23213210598169,-0.44689977604138753,0.0,0.4425116051663059,Normal,Normal,Routine,D009A
637,109.23230575432528,-0.4469114012697506,0.0,0.43766863299687897,Normal,Normal,Routine,D009A
638,109.23244541574314,-0.44694157173180765,0.0,0.4440059970689054,Normal,Normal,Routine,D009A
639,109.23249323057155,-0.446923467526921,0.0,0.38067393349540746,Abnormal,Abnormal,Monitor,D009A
640,109.2325676773576,-0.4469015943314911,0.0,0.4142352083923258,Normal,Normal,Routine,D009A
641,109.23270177309396,-0.44692429846676485,0.0,0.42603728397445784,Normal,Normal,Routine,D009A
642,109.2328499917806,-0.4469419365318155,0.0,0.4638337978383642,Normal,Normal,Routine,D009A
643,109.23302755154421,-0.44697119831425725,0.0,0.3655917171193877,Abnormal,Abnormal,Monitor,D009A
644,109.2332966805539,-0.44694286584478127,0.0,0.3884411171037657,Abnormal,Abnormal,Monitor,D009A
645,109.2333752637732,-0.4469290934308913,0.0,0.4664102263691597,Normal,Normal,Routine,D009A
646,109.23351592380679,-0.44694568519421907,0.0,0.44234049677885406,Normal,Normal,Routine,D009A
647,109.2313887517715,-0.446831419994163,0.0,0.49021594721846784,Normal,Normal,Routine,D009A
648,109.23147560860673,-0.446845099551629,0.0,0.4928879490095353,Normal,Normal,Routine,D009A
649,109.23182660732236,-0.4468668289842569,0.0,0.4901322114317649,Normal,Normal,Routine,D009A
650,109.23197320232035,-0.4468712801980592,0.0,0.4966747869843532,Normal,Normal,Routine,D009A
651,109.23204792485855,-0.4468606619629062,0.0,0.5077247259696593,Healthy,Healthy,None,D009A
652,109.23211950038704,-0.44684782653077143,0.0,0.4961241897756829,Normal,Normal,Routine,D009A
653,109.23223555073947,-0.44687043134077364,0.0,0.43143541230915733,Normal,Normal,Routine,D009A
654,109.23231257890181,-0.44686085360211275,0.0,0.4197860901117544,Normal,Normal,Routine,D009A
655,109.23239595354622,-0.4468692611631532,0.0,0.435182543425246,Normal,Normal,Routine,D009A
656,109.23250183469723,-0.4468575824950628,0.0,0.4814367852088976,Normal,Normal,Routine,D009A
657,109.23256174334654,-0.4468566285069842,0.0,0.489487801466152,Normal,Normal,Routine,D009A
658,109.2327439252158,-0.44686865096911615,0.0,0.4421944794861944,Normal,Normal,Routine,D009A
659,109.23280573241632,-0.44683555960458776,0.0,0.4659307245224543,Normal,Normal,Routine,D009A
660,109.23285594703576,-0.44686046075309593,0.0,0.44434220367626126,Normal,Normal,Routine,D009A
661,109.23291581210702,-0.4468614835462605,0.0,0.42404383629377634,Normal,Normal,Routine,D009A
662,109.23309192972135,-0.4468361606514379,0.0,0.4521347220428746,Normal,Normal,Routine,D009A
663,109.23309411995515,-0.4468915060160628,0.0,0.4280813570148336,Normal,Normal,Routine,D009A
664,109.23316667857472,-0.44685092604367654,0.0,0.44852910465387963,Normal,Normal,Routine,D009A
665,109.23323089691362,-0.4468547360301641,0.0,0.44407202323947165,Normal,Normal,Routine,D009A
666,109.23334247717503,-0.44687510252091384,0.0,0.4348962067954009,Normal,Normal,Routine,D009A
667,109.2333908868551,-0.446893854915159,0.0,0.47275436024966777,Normal,Normal,Routine,D009A
668,109.23347865221487,-0.44689887241608856,0.0,0.4313273547415063,Normal,Normal,Routine,D009A
669,109.23354849381884,-0.4469061445124528,0.0,0.4559360531747506,Normal,Normal,Routine,D009A
670,109.23139384059711,-0.44676707055112663,0.0,0.47294335847765656,Normal,Normal,Routine,D009A
671,109.23144945974217,-0.4467783199223917,0.0,0.46984910132805235,Normal,Normal,Routine,D009A
672,109.2315065697243,-0.44680957993983533,0.0,0.48764921724339066,Normal,Normal,Routine,D009A
673,109.23166153316704,-0.4468057742376315,0.0,0.5191005348884986,Healthy,Healthy,None,D009A
674,109.23175340154982,-0.4468003390699104,0.0,0.4806272839702956,Normal,Normal,Routine,D009A
675,109.231994859193,-0.44679426102302383,0.0,0.4839670689564008,Normal,Normal,Routine,D009A
676,109.23211842993445,-0.44677524375085764,0.0,0.4408366789722033,Normal,Normal,Routine,D009A
677,109.23227594954187,-0.4468067867319157,0.0,0.4234279410244315,Normal,Normal,Routine,D009A
678,109.23234720565364,-0.44677365516478723,0.0,0.4385462866046544,Normal,Normal,Routine,D009A
679,109.23245662085002,-0.4467872361858338,0.0,0.4604112636120655,Normal,Normal,Routine,D009A
680,109.23254830785042,-0.44680798308745023,0.0,0.48421478685227926,Normal,Normal,Routine,D009A
681,109.23259740960061,-0.4467836241629181,0.0,0.46504374173529567,Normal,Normal,Routine,D009A
682,109.23270502945877,-0.44680726144151767,0.0,0.48142474550905673,Normal,Normal,Routine,D009A
683,109.2327978054383,-0.44678557353567155,0.0,0.5067733171375147,Healthy,Healthy,None,D009A
684,109.23285943259843,-0.44679920175911564,0.0,0.4761061467152567,Normal,Normal,Routine,D009A
685,109.23296732932829,-0.4467995000847558,0.0,0.4644000414375435,Normal,Normal,Routine,D009A
686,109.23303186921417,-0.4467620714573424,0.0,0.48102331420967437,Normal,Normal,Routine,D009A
687,109.23311216324242,-0.44679502271420884,0.0,0.47095133019342533,Normal,Normal,Routine,D009A
688,109.23320941700403,-0.4467888834751201,0.0,0.4835536705838423,Normal,Normal,Routine,D009A
689,109.23326739962796,-0.4467772899476151,0.0,0.4597073705236543,Normal,Normal,Routine,D009A
690,109.2333644087999,-0.446821147470083,0.0,0.4370838151570478,Normal,Normal,Routine,D009A
691,109.23346367626077,-0.44679345296467615,0.0,0.43432623532716935,Normal,Normal,Routine,D009A
692,109.23148508998632,-0.4467018313611428,0.0,0.44717783761536417,Normal,Normal,Routine,D009A
693,109.23156374639528,-0.4466934485982276,0.0,0.4580627988716813,Normal,Normal,Routine,D009A
694,109.23160004896042,-0.44672041449076577,0.0,0.44097197207245653,Normal,Normal,Routine,D009A
695,109.2317440802664,-0.4467286459420487,0.0,0.4345415283336499,Normal,Normal,Routine,D009A
696,109.23177377543892,-0.4467581730140003,0.0,0.483300114228992,Normal,Normal,Routine,D009A
697,109.23198004726385,-0.4467430624531754,0.0,0.4876216911545338,Normal,Normal,Routine,D009A
698,109.23219672122849,-0.4467085943008474,0.0,0.4613106617828058,Normal,Normal,Routine,D009A
699,109.23249941816375,-0.4467193021598103,0.0,0.4677394346759029,Normal,Normal,Routine,D009A
700,109.23266458067164,-0.44671545820351394,0.0,0.471465280913694,Normal,Normal,Routine,D009A
701,109.23274170997675,-0.4467036984059071,0.0,0.44539814472308087,Normal,Normal,Routine,D009A
702,109.23280908061504,-0.44670633537513843,0.0,0.4973534975976136,Normal,Normal,Routine,D009A
703,109.23306868764388,-0.44667531300006214,0.0,0.5029731215435183,Healthy,Healthy,None,D009A
704,109.23311347990705,-0.4467018758368138,0.0,0.49098565250425336,Normal,Normal,Routine,D009A
705,109.23342040145978,-0.44670927043256536,0.0,0.43971062161881574,Normal,Normal,Routine,D009A
706,109.23349596587593,-0.44669805282189007,0.0,0.4554292356591975,Normal,Normal,Routine,D009A
707,109.23141799753238,-0.4466592453213695,0.0,0.4701887622932715,Normal,Normal,Routine,D009A
708,109.23158450773946,-0.44664249648960275,0.0,0.4655637923524072,Normal,Normal,Routine,D009A
709,109.23175346086995,-0.4466386444244254,0.0,0.47561697076604353,Normal,Normal,Routine,D009A
710,109.23200756186058,-0.44665433766287616,0.0,0.4892097540206611,Normal,Normal,Routine,D009A
711,109.23211313123119,-0.4466466441533292,0.0,0.44255935173669964,Normal,Normal,Routine,D009A
712,109.23219256235639,-0.4466441838094839,0.0,0.46177139518558247,Normal,Normal,Routine,D009A
713,109.2322757206205,-0.446667164966098,0.0,0.4123965777868142,Normal,Normal,Routine,D009A
714,109.23238522513927,-0.4466527661354113,0.0,0.4921351980493433,Normal,Normal,Routine,D009A
715,109.23247633290698,-0.4466239899418223,0.0,0.47782337274168046,Normal,Normal,Routine,D009A
716,109.23253629476424,-0.44660334759342174,0.0,0.49867422680639584,Normal,Normal,Routine,D009A
717,109.23263060739622,-0.4466316975513004,0.0,0.48308299059775767,Normal,Normal,Routine,D009A
718,109.23265536802444,-0.4466025670785585,0.0,0.4942387286282521,Normal,Normal,Routine,D009A
719,109.23278692131304,-0.44660791077393225,0.0,0.44220484129490295,Normal,Normal,Routine,D009A
720,109.23295688313821,-0.44659726221760365,0.0,0.4859766366198924,Normal,Normal,Routine,D009A
721,109.23309615654381,-0.4466161921384333,0.0,0.4955449585709808,Normal,Normal,Routine,D009A
722,109.23320313056274,-0.44659851007226276,0.0,0.4830101710280537,Normal,Normal,Routine,D009A
723,109.23334608698748,-0.44661332180536506,0.0,0.4523246577112152,Normal,Normal,Routine,D009A
724,109.23345694551708,-0.4466317095023642,0.0,0.4653817915103238,Normal,Normal,Routine,D009A
725,109.23354229515151,-0.44664539229353656,0.0,0.4795867915133032,Normal,Normal,Routine,D009A
726,109.23139210513385,-0.44657925488431927,0.0,0.4775633815148358,Normal,Normal,Routine,D009A
727,109.23160692936085,-0.44657160955296155,0.0,0.4664450347899074,Normal,Normal,Routine,D009A
728,109.23170519640173,-0.44658379524955866,0.0,0.4949014813392487,Normal,Normal,Routine,D009A
729,109.23179594054658,-0.44656541659241816,0.0,0.44877745266313906,Normal,Normal,Routine,D009A
730,109.23201496682415,-0.4465807775862282,0.0,0.5080635146740973,Healthy,Healthy,None,D009A
731,109.23215160995045,-0.44658871243003145,0.0,0.4736469404539593,Normal,Normal,Routine,D009A
732,109.2322254333514,-0.4465704508413772,0.0,0.43291902406732313,Normal,Normal,Routine,D009A
733,109.2323285302394,-0.44657968065065795,0.0,0.3962950752970999,Abnormal,Abnormal,Monitor,D009A
734,109.2324090295442,-0.44655037287240434,0.0,0.506771452852919,Healthy,Healthy,None,D009A
735,109.23250331685269,-0.44653053371088536,0.0,0.5015910105878644,Healthy,Healthy,None,D009A
736,109.23256091265306,-0.4465061677931525,0.0,0.4854895423069322,Normal,Normal,Routine,D009A
737,109.23260331637351,-0.44654412057546783,0.0,0.47625640126009716,Normal,Normal,Routine,D009A
738,109.23291111519569,-0.446560086310522,0.0,0.48845650024778386,Normal,Normal,Routine,D009A
739,109.23294202538061,-0.44650844030643594,0.0,0.45619371739211,Normal,Normal,Routine,D009A
740,109.23309441975677,-0.44658413526514734,0.0,0.4840128686977479,Normal,Normal,Routine,D009A
741,109.2332120187899,-0.4465240026012969,0.0,0.47467575238475546,Normal,Normal,Routine,D009A
742,109.23338665050579,-0.44655206724570146,0.0,0.3537027209082996,Abnormal,Abnormal,Monitor,D009A
743,109.2335182124261,-0.4465967180501785,0.0,0.47774652700721393,Normal,Normal,Routine,D009A
744,109.23141568066467,-0.4464835904971426,0.0,0.4768461942326297,Normal,Normal,Routine,D009A
745,109.23149764007634,-0.44649747955305136,0.0,0.3480162043753323,Abnormal,Abnormal,Monitor,D009A
746,109.23174138368056,-0.4465068329558596,0.0,0.4319614688664866,Normal,Normal,Routine,D009A
747,109.23182742586162,-0.4465014587575141,0.0,0.4426260387579746,Normal,Normal,Routine,D009A
748,109.23193870259456,-0.44650228691327226,0.0,0.4902292193260947,Normal,Normal,Routine,D009A
749,109.23201076357081,-0.4464802946724039,0.0,0.47545390218679157,Normal,Normal,Routine,D009A
750,109.23207820033036,-0.446499318426691,0.0,0.44045910325152743,Normal,Normal,Routine,D009A
751,109.23219386057586,-0.44649290512240214,0.0,0.4653203136082887,Normal,Normal,Routine,D009A
752,109.23227026117043,-0.44648946016164076,0.0,0.45218489921118576,Normal,Normal,Routine,D009A
753,109.23234998203402,-0.4464736669177949,0.0,0.4801090876426047,Normal,Normal,Routine,D009A
754,109.23241306393966,-0.4464665662725881,0.0,0.4761104299355051,Normal,Normal,Routine,D009A
755,109.23245922522452,-0.44647402252857094,0.0,0.4919346294252373,Normal,Normal,Routine,D009A
756,109.23250874874172,-0.44645138819436575,0.0,0.4668750151795114,Normal,Normal,Routine,D009A
757,109.23263624361374,-0.44646054793894013,0.0,0.45480184511485205,Normal,Normal,Routine,D009A
758,109.23268676567145,-0.4464882380043861,0.0,0.3751460604253403,Abnormal,Abnormal,Monitor,D009A
759,109.23277087746358,-0.4464868196262227,0.0,0.4430452671846486,Normal,Normal,Routine,D009A
760,109.23282950821041,-0.4464619050432565,0.0,0.48518624393798176,Normal,Normal,Routine,D009A
761,109.2329501002401,-0.446462064447251,0.0,0.464160057215293,Normal,Normal,Routine,D009A
762,109.23312928158965,-0.4464867291249849,0.0,0.48036968201754615,Normal,Normal,Routine,D009A
763,109.23328157691562,-0.44648074244993785,0.0,0.4722536257606677,Normal,Normal,Routine,D009A
764,109.23333802161804,-0.4464619503281279,0.0,0.4968213262750209,Normal,Normal,Routine,D009A
765,109.23345032703939,-0.4464662213704037,0.0,0.4610841507933589,Normal,Normal,Routine,D009A
766,109.23349708459826,-0.44647830144394113,0.0,0.46932885606022534,Normal,Normal,Routine,D009A
767,109.23355303252607,-0.4464972898653519,0.0,0.47246561267491427,Normal,Normal,Routine,D009A
768,109.23139670668657,-0.44642638369180593,0.0,0.4763962596654892,Normal,Normal,Routine,D009A
769,109.23170956645141,-0.4464260923152833,0.0,0.46698197584435897,Normal,Normal,Routine,D009A
770,109.23186893434179,-0.4464251416045346,0.0,0.44133010069407513,Normal,Normal,Routine,D009A
771,109.23204257280041,-0.44642536360160723,0.0,0.47622484418650135,Normal,Normal,Routine,D009A
772,109.23215158455467,-0.4464092681807719,0.0,0.44885541495916814,Normal,Normal,Routine,D009A
773,109.2322192429768,-0.44642167524238574,0.0,0.4629873280236326,Normal,Normal,Routine,D009A
774,109.2323002615282,-0.4464222265822224,0.0,0.42574738154550057,Normal,Normal,Routine,D009A
775,109.23290907555969,-0.44640820901580064,0.0,0.4784805668670023,Normal,Normal,Routine,D009A
776,109.23308747449595,-0.4464366941576663,0.0,0.4391767724695033,Normal,Normal,Routine,D009A
777,109.23317178405291,-0.44641592927201684,0.0,0.48390457923337016,Normal,Normal,Routine,D009A
778,109.23325866135562,-0.44644206189304747,0.0,0.510258686001813,Healthy,Healthy,None,D009A
779,109.23339455862536,-0.4464139692977584,0.0,0.4840865744121377,Normal,Normal,Routine,D009A
780,109.2313988458416,-0.44632332962254334,0.0,0.4697447770695184,Normal,Normal,Routine,D009A
781,109.2315756595491,-0.44635777641648494,0.0,0.47159067326954013,Normal,Normal,Routine,D009A
782,109.23176886566884,-0.446355270365772,0.0,0.4890906379541005,Normal,Normal,Routine,D009A
783,109.23191099625288,-0.4463596915215952,0.0,0.4777170453152042,Normal,Normal,Routine,D009A
784,109.23208664247667,-0.44635186213429145,0.0,0.46654799019782556,Normal,Normal,Routine,D009A
785,109.23250078413183,-0.44637464486652967,0.0,0.4535107774602855,Normal,Normal,Routine,D009A
786,109.23258097841114,-0.4463399609519092,0.0,0.4504583381248703,Normal,Normal,Routine,D009A
787,109.23268877747331,-0.4463805239863371,0.0,0.45537962618778993,Normal,Normal,Routine,D009A
788,109.23273761559379,-0.4463692565006055,0.0,0.492510481049681,Normal,Normal,Routine,D009A
789,109.23285393263824,-0.44634351125839,0.0,0.3628996747346023,Abnormal,Abnormal,Monitor,D009A
790,109.2329672727049,-0.44636714989486426,0.0,0.4358062394573366,Normal,Normal,Routine,D009A
791,109.23312341513629,-0.4463506127976324,0.0,0.4537513726559141,Normal,Normal,Routine,D009A
792,109.23320516907896,-0.44638642378029053,0.0,0.5039960020236045,Healthy,Healthy,None,D009A
793,109.23329854140947,-0.4463614542881621,0.0,0.5059931255107056,Healthy,Healthy,None,D009A
794,109.23337766739871,-0.4463580334793086,0.0,0.48554304173591495,Normal,Normal,Routine,D009A
795,109.23344271778475,-0.4463532971283347,0.0,0.4706457028725396,Normal,Normal,Routine,D009A
796,109.23355186940564,-0.44638756386973805,0.0,0.4738585477736566,Normal,Normal,Routine,D009A
797,109.23136959254666,-0.4462753134134032,0.0,0.47488786121282506,Normal,Normal,Routine,D009A
798,109.2314714082854,-0.44630402688716353,0.0,0.4954560221301672,Normal,Normal,Routine,D009A
799,109.23173050376256,-0.44628525762793353,0.0,0.47309118682933854,Normal,Normal,Routine,D009A
800,109.23178448455118,-0.4463187351161102,0.0,0.521999894185659,Healthy,Healthy,None,D009A
801,109.23184140707019,-0.44631882485717583,0.0,0.49491542073888034,Normal,Normal,Routine,D009A
802,109.23202836008947,-0.44627980175713017,0.0,0.4972990380563572,Normal,Normal,Routine,D009A
803,109.23210349166658,-0.4462715519507871,0.0,0.47398877857359295,Normal,Normal,Routine,D009A
804,109.23224835318399,-0.44632042539783795,0.0,0.4685803559373218,Normal,Normal,Routine,D009A
805,109.23228695258662,-0.44630251246947017,0.0,0.44416541906312373,Normal,Normal,Routine,D009A
806,109.23236662507614,-0.4463200082031586,0.0,0.46815442635786314,Normal,Normal,Routine,D009A
807,109.23242328993587,-0.4462857101572807,0.0,0.49714596712388454,Normal,Normal,Routine,D009A
808,109.23249381435993,-0.44629976011145833,0.0,0.44780755010078815,Normal,Normal,Routine,D009A
809,109.23258163171262,-0.4462974962012017,0.0,0.48703787438079627,Normal,Normal,Routine,D009A
810,109.23273295766015,-0.44630695469269765,0.0,0.47930560269469896,Normal,Normal,Routine,D009A
811,109.2328180210796,-0.44629274886258874,0.0,0.44242053851256846,Normal,Normal,Routine,D009A
812,109.23290102402481,-0.44629293623837685,0.0,0.40839597378228654,Normal,Normal,Routine,D009A
813,109.23300050850695,-0.4462929358891445,0.0,0.4222216741738415,Normal,Normal,Routine,D009A
814,109.23317122711396,-0.44631060828047425,0.0,0.495356903427175,Normal,Normal,Routine,D009A
815,109.23322325986142,-0.4463204080825559,0.0,0.4984522857185233,Normal,Normal,Routine,D009A
816,109.23332999325055,-0.44630227740615996,0.0,0.46226569479371343,Normal,Normal,Routine,D009A
817,109.23342515718416,-0.44630179130293735,0.0,0.48272372645355044,Normal,Normal,Routine,D009A
818,109.23349831761398,-0.4463215434921022,0.0,0.48161660070760326,Normal,Normal,Routine,D009A
819,109.23177330681482,-0.446189401639267,0.0,0.48925118639548837,Normal,Normal,Routine,D009A
820,109.23184439317612,-0.4462275033195231,0.0,0.4530594763433176,Normal,Normal,Routine,D009A
821,109.23192901062342,-0.44619235567968624,0.0,0.4034799043567807,Normal,Normal,Routine,D009A
822,109.23204975919177,-0.4461950091706763,0.0,0.4845026917275364,Normal,Normal,Routine,D009A
823,109.2321160374898,-0.4462202731900894,0.0,0.46513190434815616,Normal,Normal,Routine,D009A
824,109.23218681007114,-0.44621071651986,0.0,0.45767613630170473,Normal,Normal,Routine,D009A
825,109.23245500774296,-0.4462111123850552,0.0,0.4399627255176489,Normal,Normal,Routine,D009A
826,109.23251065783398,-0.44622832920476,0.0,0.4391019416982717,Normal,Normal,Routine,D009A
827,109.23270537975921,-0.44621692519260037,0.0,0.4485452904940967,Normal,Normal,Routine,D009A
828,109.2329321791982,-0.44621967666942597,0.0,0.4568257597763894,Normal,Normal,Routine,D009A
829,109.23301231663078,-0.44622751913244074,0.0,0.4288963173699957,Normal,Normal,Routine,D009A
830,109.2332057207062,-0.44620916163875673,0.0,0.47711585184182126,Normal,Normal,Routine,D009A
831,109.23327496266494,-0.4462184600971316,0.0,0.44782891063558744,Normal,Normal,Routine,D009A
832,109.23337327945005,-0.4462295976941731,0.0,0.46287660068956094,Normal,Normal,Routine,D009A
833,109.23345994656495,-0.4462406836418849,0.0,0.4486828874173652,Normal,Normal,Routine,D009A
834,109.23140255244611,-0.4461526969151897,0.0,0.4692862300785041,Normal,Normal,Routine,D009A
835,109.231517527223,-0.44617277753075585,0.0,0.4466361071820788,Normal,Normal,Routine,D009A
836,109.23180325974731,-0.4461401463956825,0.0,0.44810811083374524,Normal,Normal,Routine,D009A
837,109.2318616813404,-0.44617091658494956,0.0,0.4025636978614122,Normal,Normal,Routine,D009A
838,109.23208409770551,-0.4461448389265894,0.0,0.4575326058790179,Normal,Normal,Routine,D009A
839,109.23224139671208,-0.4461409261086786,0.0,0.43300944855342494,Normal,Normal,Routine,D009A
840,109.23250169894288,-0.4461398171093931,0.0,0.42630420350750786,Normal,Normal,Routine,D009A
841,109.23257133937541,-0.4461505028571295,0.0,0.42801985779776597,Normal,Normal,Routine,D009A
842,109.23270648412698,-0.4461663571371268,0.0,0.42220630891881494,Normal,Normal,Routine,D009A
843,109.23284695867082,-0.4461619808539684,0.0,0.4771978954047513,Normal,Normal,Routine,D009A
844,109.23290217335247,-0.4461669018315786,0.0,0.4429352647342284,Normal,Normal,Routine,D009A
845,109.23300797671926,-0.4461763357336657,0.0,0.44918961835331844,Normal,Normal,Routine,D009A
846,109.23307724154635,-0.44617634796313865,0.0,0.43125925608160015,Normal,Normal,Routine,D009A
847,109.23316970257264,-0.44616077389796105,0.0,0.4643928781562901,Normal,Normal,Routine,D009A
848,109.23348848608224,-0.4461594321336567,0.0,0.43660739170034474,Normal,Normal,Routine,D009A
849,109.23140527540158,-0.4460875131352909,0.0,0.47727100406687684,Normal,Normal,Routine,D009A
850,109.23152739008144,-0.44607939406731917,0.0,0.4539494590977414,Normal,Normal,Routine,D009A
851,109.23166709314319,-0.4460928919529525,0.0,0.47220885700609055,Normal,Normal,Routine,D009A
852,109.2317798656886,-0.4460890913511978,0.0,0.4574314175462928,Normal,Normal,Routine,D009A
853,109.23200743897573,-0.44610080823007536,0.0,0.44387143314030914,Normal,Normal,Routine,D009A
854,109.23208725867609,-0.4460697730672643,0.0,0.49475368815370036,Normal,Normal,Routine,D009A
855,109.23216935307508,-0.44607898963054526,0.0,0.43967317687799184,Normal,Normal,Routine,D009A
856,109.23227565343369,-0.44608720194888685,0.0,0.47809827056216314,Normal,Normal,Routine,D009A
857,109.23233895625285,-0.44608409110509634,0.0,0.46366261290655025,Normal,Normal,Routine,D009A
858,109.23242678026435,-0.4460727028266681,0.0,0.44725880907714693,Normal,Normal,Routine,D009A
859,109.23252970710784,-0.4460642779645134,0.0,0.4531329304290124,Normal,Normal,Routine,D009A
860,109.23262362548053,-0.44605841008357394,0.0,0.42842060050447867,Normal,Normal,Routine,D009A
861,109.23270117712447,-0.4461061947419111,0.0,0.43633980005842454,Normal,Normal,Routine,D009A
862,109.23285276868614,-0.44606036180660497,0.0,0.4825697910091961,Normal,Normal,Routine,D009A
863,109.23296273003395,-0.44608533525649785,0.0,0.4570001879560183,Normal,Normal,Routine,D009A
864,109.23304180696128,-0.4460879325299282,0.0,0.46821031289780796,Normal,Normal,Routine,D009A
865,109.23321455247022,-0.4460888677426207,0.0,0.4716889809900469,Normal,Normal,Routine,D009A
866,109.23330615437516,-0.44609747348424744,0.0,0.463592231996298,Normal,Normal,Routine,D009A
867,109.23337097981494,-0.44607547130994685,0.0,0.4915351855879219,Normal,Normal,Routine,D009A
868,109.23342880062552,-0.4461208656722874,0.0,0.47554868446934323,Normal,Normal,Routine,D009A
869,109.23353753546083,-0.44611742216732386,0.0,0.4908507447495627,Normal,Normal,Routine,D009A
870,109.23138177001945,-0.44599484142363416,0.0,0.4982292417708308,Normal,Normal,Routine,D009A
871,109.2315544501803,-0.44602050827026646,0.0,0.4786054906172161,Normal,Normal,Routine,D009A
872,109.23161836629106,-0.44601824490640224,0.0,0.5054566335305913,Healthy,Healthy,None,D009A
873,109.2317302706971,-0.4460236679216938,0.0,0.49397009776596645,Normal,Normal,Routine,D009A
874,109.2317808923623,-0.44599523188434104,0.0,0.4524412282966968,Normal,Normal,Routine,D009A
875,109.23181879332893,-0.4460357182990932,0.0,0.4733476593669422,Normal,Normal,Routine,D009A
876,109.23185080604678,-0.44602386889907003,0.0,0.3852439422533145,Abnormal,Abnormal,Monitor,D009A
877,109.23197184668373,-0.44603347016666184,0.0,0.46973666604459835,Normal,Normal,Routine,D009A
878,109.2320554640945,-0.44602199406242476,0.0,0.4757891172289301,Normal,Normal,Routine,D009A
879,109.23220046323159,-0.44598728241293717,0.0,0.4600167638268333,Normal,Normal,Routine,D009A
880,109.23229479032307,-0.44600390360458037,0.0,0.42372830804967954,Normal,Normal,Routine,D009A
881,109.23249527882966,-0.4460050137349373,0.0,0.4411845764372295,Normal,Normal,Routine,D009A
882,109.23257702779718,-0.4460389699816773,0.0,0.45382171979792235,Normal,Normal,Routine,D009A
883,109.23274817864846,-0.44602560425213206,0.0,0.4173399791016255,Normal,Normal,Routine,D009A
884,109.23279819849627,-0.44599716623796254,0.0,0.45911962835196524,Normal,Normal,Routine,D009A
885,109.2329191801918,-0.44603194584018785,0.0,0.45257971405836656,Normal,Normal,Routine,D009A
886,109.23301551913657,-0.44602728939126013,0.0,0.46548641460930823,Normal,Normal,Routine,D009A
887,109.23306043623818,-0.44598994099583505,0.0,0.44647360074809084,Normal,Normal,Routine,D009A
888,109.23323495429779,-0.44599731432393386,0.0,0.48380524370750766,Normal,Normal,Routine,D009A
889,109.23334760901609,-0.4460397449877357,0.0,0.48846070074224796,Normal,Normal,Routine,D009A
890,109.2334486878299,-0.4460289549206621,0.0,0.4796585989832915,Normal,Normal,Routine,D009A
891,109.23149025779684,-0.44594963744944643,0.0,0.42095564043733713,Normal,Normal,Routine,D009A
892,109.23192124294586,-0.4459529058406124,0.0,0.3956288886569997,Abnormal,Abnormal,Monitor,D009A
893,109.23211346316164,-0.4459262511436449,0.0,0.4525512803885948,Normal,Normal,Routine,D009A
894,109.23220534778717,-0.44592054283119703,0.0,0.46964282810614927,Normal,Normal,Routine,D009A
895,109.23237842548907,-0.4459180698308023,0.0,0.4801378276700298,Normal,Normal,Routine,D009A
896,109.23244956141717,-0.44590666937033074,0.0,0.4453958800767014,Normal,Normal,Routine,D009A
897,109.23253536240645,-0.4459183645954638,0.0,0.4712147358902103,Normal,Normal,Routine,D009A
898,109.2326311674017,-0.4459415540528869,0.0,0.4532123824027683,Normal,Normal,Routine,D009A
899,109.23271151683268,-0.4459267122513547,0.0,0.4630126002371585,Normal,Normal,Routine,D009A
900,109.23300329577928,-0.44592802076659205,0.0,0.45128403268525935,Normal,Normal,Routine,D009A
901,109.23312519512679,-0.4459456297795392,0.0,0.48826966768393487,Normal,Normal,Routine,D009A
902,109.23328255995598,-0.4459410242437209,0.0,0.45067704849732304,Normal,Normal,Routine,D009A
903,109.23346377919383,-0.445951954881842,0.0,0.4848829636700198,Normal,Normal,Routine,D009A
904,109.23355896508026,-0.4459498247502342,0.0,0.46587066690261175,Normal,Normal,Routine,D009A
905,109.2313693133728,-0.4459096617745608,0.0,0.5111025847638542,Healthy,Healthy,None,D009A
906,109.23146620760359,-0.44588519775630553,0.0,0.4856391931657222,Normal,Normal,Routine,D009A
907,109.23152042258431,-0.4459009139885542,0.0,0.479749093291584,Normal,Normal,Routine,D009A
908,109.2316230488072,-0.44588724685083087,0.0,0.48786524655777935,Normal,Normal,Routine,D009A
909,109.23189331333715,-0.44587245913485074,0.0,0.4359456041473552,Normal,Normal,Routine,D009A
910,109.23195849357856,-0.4458728999169271,0.0,0.45741361007893555,Normal,Normal,Routine,D009A
911,109.23215836478498,-0.44588215942050935,0.0,0.4476967647735653,Normal,Normal,Routine,D009A
912,109.23220674247388,-0.44585791514975837,0.0,0.45509752672350867,Normal,Normal,Routine,D009A
913,109.23230348366211,-0.44588021409763723,0.0,0.4390150013778565,Normal,Normal,Routine,D009A
914,109.23253583953372,-0.44586127098184136,0.0,0.4437499126682252,Normal,Normal,Routine,D009A
915,109.23274137559127,-0.4459032176784628,0.0,0.4682854264563086,Normal,Normal,Routine,D009A
916,109.23280161589282,-0.44589393244310543,0.0,0.4501002850322098,Normal,Normal,Routine,D009A
917,109.23306881451221,-0.4458991533313362,0.0,0.4660744551683496,Normal,Normal,Routine,D009A
918,109.2331574884325,-0.4459174243966644,0.0,0.49720661032408486,Normal,Normal,Routine,D009A
919,109.23320829926244,-0.4459019749917768,0.0,0.47721781474028363,Normal,Normal,Routine,D009A
920,109.23333525323446,-0.4459119014035817,0.0,0.47503235447991843,Normal,Normal,Routine,D009A
921,109.23338593686856,-0.4459213373403486,0.0,0.4544927953485331,Normal,Normal,Routine,D009A
922,109.23347508699123,-0.44590904053605357,0.0,0.475048509162564,Normal,Normal,Routine,D009A
923,109.23138310171778,-0.44583862806206664,0.0,0.49558268034974234,Normal,Normal,Routine,D009A
924,109.2317566441978,-0.4458230858214946,0.0,0.4564544447097463,Normal,Normal,Routine,D009A
925,109.23202876208528,-0.44582625336074294,0.0,0.4810904723327194,Normal,Normal,Routine,D009A
926,109.2322500614626,-0.4458020246714679,0.0,0.4194998894317217,Normal,Normal,Routine,D009A
927,109.23235144151397,-0.4458084724036259,0.0,0.45697524202111756,Normal,Normal,Routine,D009A
928,109.2324205905161,-0.44580061630518913,0.0,0.4973882929921772,Normal,Normal,Routine,D009A
929,109.23247803248468,-0.44580726140349175,0.0,0.4585834230196204,Normal,Normal,Routine,D009A
930,109.2325970479013,-0.44580412874625974,0.0,0.4583197861252059,Normal,Normal,Routine,D009A
931,109.23271364928172,-0.4457988577436948,0.0,0.4477748957765417,Normal,Normal,Routine,D009A
932,109.23282931330043,-0.4458068661234449,0.0,0.4538137847903021,Normal,Normal,Routine,D009A
933,109.23291453881076,-0.44579471939345616,0.0,0.4265721130407661,Normal,Normal,Routine,D009A
934,109.2331244339598,-0.4458302420979695,0.0,0.46432465928846023,Normal,Normal,Routine,D009A
935,109.23330961759811,-0.44582842218124064,0.0,0.47326506924088513,Normal,Normal,Routine,D009A
936,109.23344223871484,-0.4458197530680722,0.0,0.464171635883148,Normal,Normal,Routine,D009A
937,109.23352251445448,-0.4458202553567171,0.0,0.479806932908474,Normal,Normal,Routine,D009A
938,109.23138594305658,-0.4457779522313723,0.0,0.49360971045333135,Normal,Normal,Routine,D009A
939,109.23145100847337,-0.44576637578392725,0.0,0.47759204198272315,Normal,Normal,Routine,D009A
940,109.2314873690813,-0.4457910483739706,0.0,0.45278506013431885,Normal,Normal,Routine,D009A
941,109.23153439700918,-0.4457841292146942,0.0,0.47082408846704504,Normal,Normal,Routine,D009A
942,109.23166926332048,-0.4457920120318092,0.0,0.42678164871567853,Normal,Normal,Routine,D009A
943,109.23180235739791,-0.4457658223101718,0.0,0.5004431055992961,Healthy,Healthy,None,D009A
944,109.23188409373014,-0.44577730223105316,0.0,0.448050437940776,Normal,Normal,Routine,D009A
945,109.23211426758672,-0.44575860365704245,0.0,0.4893088535511651,Normal,Normal,Routine,D009A
946,109.23222009599556,-0.44576075524237596,0.0,0.46936670264047375,Normal,Normal,Routine,D009A
947,109.23248180299291,-0.4457638876850323,0.0,0.4892206578816587,Normal,Normal,Routine,D009A
948,109.23265205009784,-0.4457734103907505,0.0,0.44571272949462865,Normal,Normal,Routine,D009A
949,109.23280606630478,-0.4457718253009108,0.0,0.4764954457024708,Normal,Normal,Routine,D009A
950,109.23289064851251,-0.44574142154791324,0.0,0.38397535267015953,Abnormal,Abnormal,Monitor,D009A
951,109.23299457859382,-0.4457637719622549,0.0,0.4600061526677975,Normal,Normal,Routine,D009A
952,109.23308207580077,-0.4457743959947385,0.0,0.4753672423134031,Normal,Normal,Routine,D009A
953,109.23317895305922,-0.4457913216322726,0.0,0.4775771222864693,Normal,Normal,Routine,D009A
954,109.23326880646454,-0.44576040188475047,0.0,0.48218636631526424,Normal,Normal,Routine,D009A
955,109.23335032030049,-0.4457785464201037,0.0,0.45228043750581914,Normal,Normal,Routine,D009A
956,109.23348644129055,-0.44576148174092817,0.0,0.4896493680180947,Normal,Normal,Routine,D009A
957,109.23142507262008,-0.44568765045891223,0.0,0.4760058540599478,Normal,Normal,Routine,D009A
958,109.23152569163929,-0.4456834291129034,0.0,0.4800348261388962,Normal,Normal,Routine,D009A
959,109.23157522557736,-0.4457035607943602,0.0,0.4952051564456496,Normal,Normal,Routine,D009A
960,109.231686333498,-0.44568895160881733,0.0,0.4716569829483523,Normal,Normal,Routine,D009A
961,109.2317802469014,-0.4456961824654805,0.0,0.3694512018193061,Abnormal,Abnormal,Monitor,D009A
962,109.2319264903399,-0.445690641017608,0.0,0.46879942418425025,Normal,Normal,Routine,D009A
963,109.23202554069312,-0.4456839605002279,0.0,0.501016180651028,Healthy,Healthy,None,D009A
964,109.23203866223987,-0.4457383535365613,0.0,0.4613564763928016,Normal,Normal,Routine,D009A
965,109.23209022960617,-0.4456843053002328,0.0,0.4829717237824388,Normal,Normal,Routine,D009A
966,109.2322815651318,-0.4456986638592051,0.0,0.4774159913626956,Normal,Normal,Routine,D009A
967,109.23239468141513,-0.4457301508012403,0.0,0.49220356091948375,Normal,Normal,Routine,D009A
968,109.23253129145581,-0.4457224556900573,0.0,0.4758735140176886,Normal,Normal,Routine,D009A
969,109.23258439789522,-0.4457122553871515,0.0,0.46681311447402185,Normal,Normal,Routine,D009A
970,109.23265206390626,-0.44571550098507173,0.0,0.46819299145364296,Normal,Normal,Routine,D009A
971,109.23279598971178,-0.4456993334611712,0.0,0.48557828027450195,Normal,Normal,Routine,D009A
972,109.2329531821435,-0.4456716800341794,0.0,0.4672447635321588,Normal,Normal,Routine,D009A
973,109.23297545393088,-0.44566396632893884,0.0,0.47533433656116914,Normal,Normal,Routine,D009A
974,109.2330467269647,-0.44565779453206567,0.0,0.46589465747934344,Normal,Normal,Routine,D009A
975,109.23313055221857,-0.44568650905449086,0.0,0.49604273125282916,Normal,Normal,Routine,D009A
976,109.23321271021089,-0.44568538134628327,0.0,0.48767551056823905,Normal,Normal,Routine,D009A
977,109.23329691797198,-0.44569594218257996,0.0,0.4567498575673534,Normal,Normal,Routine,D009A
978,109.23336536660659,-0.44570210703732577,0.0,0.45885838889285346,Normal,Normal,Routine,D009A
979,109.23344834558311,-0.44569740664400476,0.0,0.46129674302654033,Normal,Normal,Routine,D009A
980,109.23138548060005,-0.4456493113543114,0.0,0.498125691032,Normal,Normal,Routine,D009A
981,109.23143263673319,-0.4456396476820788,0.0,0.4919367639544701,Normal,Normal,Routine,D009A
982,109.2315664592433,-0.4456437683619763,0.0,0.5146780533656587,Healthy,Healthy,None,D009A
983,109.2316173363718,-0.4456439226361231,0.0,0.5041481319726957,Healthy,Healthy,None,D009A
984,109.23169747917248,-0.4456327639931658,0.0,0.4643588071401702,Normal,Normal,Routine,D009A
985,109.23177907860578,-0.44562690669039384,0.0,0.46981134381955186,Normal,Normal,Routine,D009A
986,109.23185689981727,-0.4455875578262141,0.0,0.39881026251940416,Abnormal,Abnormal,Monitor,D009A
987,109.23189666264739,-0.4456592700668848,0.0,0.4733658907005412,Normal,Normal,Routine,D009A
988,109.23203589613105,-0.445638055447161,0.0,0.493651346070478,Normal,Normal,Routine,D009A
989,109.23213031056105,-0.4456047983146779,0.0,0.4443057328736855,Normal,Normal,Routine,D009A
990,109.23220871539618,-0.4456456752249987,0.0,0.45373352747781354,Normal,Normal,Routine,D009A
991,109.23229890307276,-0.4456555176896848,0.0,0.4384352071150804,Normal,Normal,Routine,D009A
992,109.23278658265723,-0.44561792540904555,0.0,0.44811645704922737,Normal,Normal,Routine,D009A
993,109.2329016970319,-0.44561422660566097,0.0,0.44558211345950094,Normal,Normal,Routine,D009A
994,109.23324593261547,-0.44563334431516377,0.0,0.49312954305249074,Normal,Normal,Routine,D009A
995,109.23333888678476,-0.4456479476643907,0.0,0.454990335248974,Normal,Normal,Routine,D009A
996,109.23355111659873,-0.4456419717711113,0.0,0.4118014664070184,Normal,Normal,Routine,D009A
997,109.23141924592589,-0.4455843548226288,0.0,0.5109977281941698,Healthy,Healthy,None,D009A
998,109.23148544700356,-0.44557550328927464,0.0,0.5169309696007038,Healthy,Healthy,None,D009A
999,109.23156522307404,-0.44556153852317715,0.0,0.5045245263812154,Healthy,Healthy,None,D009A
1000,109.23164294938302,-0.44555096437368136,0.0,0.5128909088968134,Healthy,Healthy,None,D009A
1001,109.23175109488015,-0.4455548807971228,0.0,0.47520347370853105,Normal,Normal,Routine,D009A
1002,109.23191843560396,-0.4455623229108198,0.0,0.4675757727821424,Normal,Normal,Routine,D009A
1003,109.23199833208042,-0.44554073946073486,0.0,0.5053332104996093,Healthy,Healthy,None,D009A
1004,109.23218002419563,-0.44556078280254324,0.0,0.44027600055163496,Normal,Normal,Routine,D009A
1005,109.23225172820291,-0.4455703757326933,0.0,0.4548862392277074,Normal,Normal,Routine,D009A
1006,109.23243348212465,-0.4455385042746265,0.0,0.47178968318505643,Normal,Normal,Routine,D009A
1007,109.23252655538172,-0.4455432254883612,0.0,0.452065720153491,Normal,Normal,Routine,D009A
1008,109.23264220039377,-0.4455329272493442,0.0,0.46312570670691644,Normal,Normal,Routine,D009A
1009,109.23273450738377,-0.4455190215529983,0.0,0.4649194048094069,Normal,Normal,Routine,D009A
1010,109.23278044411266,-0.44555660711951406,0.0,0.47628017780203935,Normal,Normal,Routine,D009A
1011,109.23286256244852,-0.4455371176354388,0.0,0.5020039652396258,Healthy,Healthy,None,D009A
1012,109.23295366358943,-0.4455624988588688,0.0,0.4521571005472444,Normal,Normal,Routine,D009A
1013,109.23303567652816,-0.445548066178999,0.0,0.47861221955117,Normal,Normal,Routine,D009A
1014,109.23312668177087,-0.4455499573398,0.0,0.4896480588824417,Normal,Normal,Routine,D009A
1015,109.2334688409126,-0.4455865735980894,0.0,0.45788035536053945,Normal,Normal,Routine,D009A
1016,109.2313770762067,-0.4454767974946878,0.0,0.49811409859341443,Normal,Normal,Routine,D009A
1017,109.23140422764696,-0.4455244722634045,0.0,0.5054082249906784,Healthy,Healthy,None,D009A
1018,109.23147955828361,-0.4454874341881349,0.0,0.47073694993199017,Normal,Normal,Routine,D009A
1019,109.2315509193136,-0.4454736256367215,0.0,0.46197192580631924,Normal,Normal,Routine,D009A
1020,109.23160763899809,-0.4454842268537184,0.0,0.4806877853621461,Normal,Normal,Routine,D009A
1021,109.2316971657385,-0.4454856013167438,0.0,0.3775755280057041,Abnormal,Abnormal,Monitor,D009A
1022,109.2317943186535,-0.44551021082445885,0.0,0.4667905408469047,Normal,Normal,Routine,D009A
1023,109.23185250273767,-0.4454709530656526,0.0,0.4714559192839464,Normal,Normal,Routine,D009A
1024,109.23196782864535,-0.44546515815976423,0.0,0.4590625522038868,Normal,Normal,Routine,D009A
1025,109.23205443585856,-0.4454973630244393,0.0,0.4794314848484711,Normal,Normal,Routine,D009A
1026,109.23214779771726,-0.445497156793445,0.0,0.4514887853612061,Normal,Normal,Routine,D009A
1027,109.23239044178169,-0.4454994535469357,0.0,0.4524720728690177,Normal,Normal,Routine,D009A
1028,109.2324949310097,-0.4454746802361043,0.0,0.48153229316879875,Normal,Normal,Routine,D009A
1029,109.23264484049864,-0.4454496456965462,0.0,0.4829072343608353,Normal,Normal,Routine,D009A
1030,109.23283754091761,-0.44547378362566986,0.0,0.5167660128678652,Healthy,Healthy,None,D009A
1031,109.23291890476183,-0.4454917599133486,0.0,0.4843686042921196,Normal,Normal,Routine,D009A
1032,109.23299194207645,-0.44548525304211556,0.0,0.46785289866338464,Normal,Normal,Routine,D009A
1033,109.23328493641122,-0.445445085242484,0.0,0.45078006293653167,Normal,Normal,Routine,D009A
1034,109.23336787967965,-0.4454545045381487,0.0,0.371324321651371,Abnormal,Abnormal,Monitor,D009A
1035,109.23340970396946,-0.4454777234417519,0.0,0.4400612871854677,Normal,Normal,Routine,D009A
1036,109.23353708884419,-0.44550012562151214,0.0,0.45106961447294597,Normal,Normal,Routine,D009A
1037,109.23141108486598,-0.4454461274390055,0.0,0.5012944718744536,Healthy,Healthy,None,D009A
1038,109.23183459504914,-0.4454096500495177,0.0,0.42799282082212353,Normal,Normal,Routine,D009A
1039,109.23194320318814,-0.4454059343052579,0.0,0.36567948100794906,Abnormal,Abnormal,Monitor,D009A
1040,109.2320369268482,-0.4454065465475355,0.0,0.46929427800424184,Normal,Normal,Routine,D009A
1041,109.2320928610411,-0.4454000581610677,0.0,0.4484054309649289,Normal,Normal,Routine,D009A
1042,109.23217587201178,-0.4454040833447753,0.0,0.48085230087334946,Normal,Normal,Routine,D009A
1043,109.23230883579745,-0.44540455133092516,0.0,0.4436677230150193,Normal,Normal,Routine,D009A
1044,109.23240980196145,-0.4454138601378617,0.0,0.43726057531132073,Normal,Normal,Routine,D009A
1045,109.23259843845187,-0.44542343608558965,0.0,0.457408777357281,Normal,Normal,Routine,D009A
1046,109.23269021746276,-0.44542750407642717,0.0,0.4753337849457864,Normal,Normal,Routine,D009A
1047,109.23277005675155,-0.4454123130692921,0.0,0.45132950486598733,Normal,Normal,Routine,D009A
1048,109.23285872991877,-0.4454185958372216,0.0,0.5237035948868732,Healthy,Healthy,None,D009A
1049,109.23293457178579,-0.44540768028530736,0.0,0.4615495107473771,Normal,Normal,Routine,D009A
1050,109.23139210646868,-0.4453771937201235,0.0,0.4921800889241692,Normal,Normal,Routine,D009A
1051,109.23147265549359,-0.44536134548324374,0.0,0.5004438558270199,Healthy,Healthy,None,D009A
1052,109.23152951163351,-0.44536474219539407,0.0,0.468306996776972,Normal,Normal,Routine,D009A
1053,109.23176079415428,-0.4453374231876741,0.0,0.4280889644862099,Normal,Normal,Routine,D009A
1054,109.23180858916767,-0.4453683589834336,0.0,0.3752643177751309,Abnormal,Abnormal,Monitor,D009A
1055,109.23189160945195,-0.44534455894520225,0.0,0.44056966145492354,Normal,Normal,Routine,D009A
1056,109.23194728388331,-0.44533872611123565,0.0,0.44449637762129984,Normal,Normal,Routine,D009A
1057,109.23208889103844,-0.44534202934778205,0.0,0.47616271875111416,Normal,Normal,Routine,D009A
1058,109.23215802031955,-0.44536032098850264,0.0,0.42985044047464566,Normal,Normal,Routine,D009A
1059,109.23217605403993,-0.44534135228111743,0.0,0.4338171563384242,Normal,Normal,Routine,D009A
1060,109.23228883458393,-0.4453455266252876,0.0,0.4374919209203191,Normal,Normal,Routine,D009A
1061,109.2324723933347,-0.44534294487105436,0.0,0.4756307565898901,Normal,Normal,Routine,D009A
1062,109.23269531982086,-0.44537021082048733,0.0,0.4745758735957999,Normal,Normal,Routine,D009A
1063,109.23290020325842,-0.44538028261828316,0.0,0.4149652836803721,Normal,Normal,Routine,D009A
1064,109.23301186827756,-0.4453614811926424,0.0,0.4515959206554625,Normal,Normal,Routine,D009A
1065,109.23308241811247,-0.44535944908437197,0.0,0.45346248064149114,Normal,Normal,Routine,D009A
1066,109.23323460235422,-0.44538978341475904,0.0,0.44328134433143307,Normal,Normal,Routine,D009A
1067,109.23349767753042,-0.4453628273928692,0.0,0.4544830872778212,Normal,Normal,Routine,D009A
1068,109.23355362478287,-0.44538843614626966,0.0,0.46039936281763505,Normal,Normal,Routine,D009A
1069,109.23143407177133,-0.4452947654334041,0.0,0.5219018341941951,Healthy,Healthy,None,D009A
1070,109.23146055314935,-0.44525935775143,0.0,0.5163775836851318,Healthy,Healthy,None,D009A
1071,109.23150909373453,-0.4452676175698833,0.0,0.5015565369797309,Healthy,Healthy,None,D009A
1072,109.23158522102378,-0.44528380569438053,0.0,0.5046006625020472,Healthy,Healthy,None,D009A
1073,109.23166993352272,-0.4452793390343704,0.0,0.5154207641006996,Healthy,Healthy,None,D009A
1074,109.23175133031411,-0.4452869909625158,0.0,0.4940879282265774,Normal,Normal,Routine,D009A
1075,109.23181509411033,-0.4452793135072497,0.0,0.47318140804383535,Normal,Normal,Routine,D009A
1076,109.23226832865682,-0.4452860143826833,0.0,0.45331842162492086,Normal,Normal,Routine,D009A
1077,109.23234256542682,-0.44528959614393926,0.0,0.4863969484812643,Normal,Normal,Routine,D009A
1078,109.23244012226418,-0.44528545179172596,0.0,0.502149933501598,Healthy,Healthy,None,D009A
1079,109.23253186622934,-0.44527822328410327,0.0,0.4614160149047011,Normal,Normal,Routine,D009A
1080,109.23259862488662,-0.44527432379238935,0.0,0.42531923534425214,Normal,Normal,Routine,D009A
1081,109.23268356778294,-0.4452644313877301,0.0,0.46125745852849237,Normal,Normal,Routine,D009A
1082,109.23294620714628,-0.4452830247475382,0.0,0.46975041699993664,Normal,Normal,Routine,D009A
1083,109.23303497111901,-0.445285230955271,0.0,0.4371731438255281,Normal,Normal,Routine,D009A
1084,109.23329134261725,-0.44529534229058065,0.0,0.5034007918115855,Healthy,Healthy,None,D009A
1085,109.23338678214316,-0.4452955362344984,0.0,0.498128739886123,Normal,Normal,Routine,D009A
1086,109.23341592044731,-0.4453212479356071,0.0,0.43137352840071586,Normal,Normal,Routine,D009A
1087,109.23354303217255,-0.4452873728595141,0.0,0.49526390109075347,Normal,Normal,Routine,D009A
1088,109.2313846311417,-0.44523742739155886,0.0,0.4741405240155697,Normal,Normal,Routine,D009A
1089,109.23155224473024,-0.44522673748910757,0.0,0.49243448014535446,Normal,Normal,Routine,D009A
1090,109.23163037788723,-0.44522773480951505,0.0,0.5133223916829199,Healthy,Healthy,None,D009A
1091,109.23169277163277,-0.4452509794629075,0.0,0.513920990775897,Healthy,Healthy,None,D009A
1092,109.23173815702955,-0.44521973610652965,0.0,0.4939353862392017,Normal,Normal,Routine,D009A
1093,109.23187485792197,-0.44523011066131074,0.0,0.4820785331259016,Normal,Normal,Routine,D009A
1094,109.23194105775977,-0.44519257751298824,0.0,0.4657693382512572,Normal,Normal,Routine,D009A
1095,109.23206779875036,-0.44519870759968483,0.0,0.49763824574379484,Normal,Normal,Routine,D009A
1096,109.2321397053268,-0.44522143367543987,0.0,0.45270624460436365,Normal,Normal,Routine,D009A
1097,109.23220371830901,-0.4452462106014108,0.0,0.4678474426214815,Normal,Normal,Routine,D009A
1098,109.23232238536528,-0.445200773890775,0.0,0.4752828628053399,Normal,Normal,Routine,D009A
1099,109.2324095583816,-0.4452184296396241,0.0,0.49296343335707615,Normal,Normal,Routine,D009A
1100,109.23263265821669,-0.44517783893498003,0.0,0.4255141967079896,Normal,Normal,Routine,D009A
1101,109.23272527299264,-0.44523314461845487,0.0,0.4694759915964338,Normal,Normal,Routine,D009A
1102,109.23279879881129,-0.44520461368793807,0.0,0.47583637165489207,Normal,Normal,Routine,D009A
1103,109.23290702529036,-0.44520067717458794,0.0,0.46660482894410105,Normal,Normal,Routine,D009A
1104,109.23297884772083,-0.44520346527540544,0.0,0.41795820357975055,Normal,Normal,Routine,D009A
1105,109.23305642882825,-0.4452106342795524,0.0,0.4235111610838241,Normal,Normal,Routine,D009A
1106,109.23322619595919,-0.44523290650368624,0.0,0.48693901614187096,Normal,Normal,Routine,D009A
1107,109.2333049274697,-0.4452601729017569,0.0,0.5155305657129999,Healthy,Healthy,None,D009A
1108,109.2333597029659,-0.445227114135115,0.0,0.46915295400855145,Normal,Normal,Routine,D009A
1109,109.2335090211124,-0.4452374627758384,0.0,0.49731734816594225,Normal,Normal,Routine,D009A
1110,109.23140528449595,-0.4451456534714979,0.0,0.5169257038313807,Healthy,Healthy,None,D009A
1111,109.23152043838247,-0.44517176934596747,0.0,0.48856377419701386,Normal,Normal,Routine,D009A
1112,109.23161382371819,-0.44515584100198974,0.0,0.419703697417777,Normal,Normal,Routine,D009A
1113,109.23184824243839,-0.445172362145119,0.0,0.49575474562912714,Normal,Normal,Routine,D009A
1114,109.23202583594359,-0.4451311455565827,0.0,0.5071096377857041,Healthy,Healthy,None,D009A
1115,109.2321914546727,-0.44513492661524345,0.0,0.4598455205948377,Normal,Normal,Routine,D009A
1116,109.23228875648985,-0.445130366218837,0.0,0.4623815727661986,Normal,Normal,Routine,D009A
1117,109.23237544374055,-0.44512454809384217,0.0,0.47479903935436235,Normal,Normal,Routine,D009A
1118,109.23245860963996,-0.44513814348034664,0.0,0.5111054582981126,Healthy,Healthy,None,D009A
1119,109.23286179252636,-0.4451340493602918,0.0,0.46592258861945834,Normal,Normal,Routine,D009A
1120,109.23310248598061,-0.44513486342846575,0.0,0.4847936207440002,Normal,Normal,Routine,D009A
1121,109.23327356519361,-0.445165927545809,0.0,0.45736530795351316,Normal,Normal,Routine,D009A
1122,109.23354790634382,-0.44512070919587293,0.0,0.48501352999615027,Normal,Normal,Routine,D009A
1123,109.2313771777173,-0.445084864362995,0.0,0.5197294456915661,Healthy,Healthy,None,D009A
1124,109.23144923321652,-0.4451007277586203,0.0,0.47608745427017635,Normal,Normal,Routine,D009A
1125,109.23151296593832,-0.445065073151727,0.0,0.48908504590948737,Normal,Normal,Routine,D009A
1126,109.2315895260206,-0.4450857593459883,0.0,0.4948693662515954,Normal,Normal,Routine,D009A
1127,109.23167085661254,-0.4450884755965412,0.0,0.4324875295180473,Normal,Normal,Routine,D009A
1128,109.23179044878566,-0.4451149587789362,0.0,0.4819215465590879,Normal,Normal,Routine,D009A
1129,109.23187227418876,-0.445106972790827,0.0,0.47140403570024514,Normal,Normal,Routine,D009A
1130,109.23195077793478,-0.4450908328552739,0.0,0.48597040993195995,Normal,Normal,Routine,D009A
1131,109.23201639295783,-0.44507231964321586,0.0,0.5018513496942315,Healthy,Healthy,None,D009A
1132,109.23208194841837,-0.44510400576721953,0.0,0.4624557266599227,Normal,Normal,Routine,D009A
1133,109.23222190230175,-0.44510169380189585,0.0,0.4608998261357845,Normal,Normal,Routine,D009A
1134,109.23240528665777,-0.4450882875423609,0.0,0.41155480974991193,Normal,Normal,Routine,D009A
1135,109.23248306819772,-0.4450986261566644,0.0,0.5008014346856404,Healthy,Healthy,None,D009A
1136,109.23256313375025,-0.4450800232792077,0.0,0.46702266192597014,Normal,Normal,Routine,D009A
1137,109.23261157981845,-0.4451005598115743,0.0,0.47316154587352854,Normal,Normal,Routine,D009A
1138,109.23265706725111,-0.44510110432381444,0.0,0.4429488642350214,Normal,Normal,Routine,D009A
1139,109.23273780311652,-0.4450854541363191,0.0,0.39949613182841454,Abnormal,Abnormal,Monitor,D009A
1140,109.23279396391287,-0.4450893525498888,0.0,0.48360188451145225,Normal,Normal,Routine,D009A
1141,109.23292308596693,-0.44511188624842574,0.0,0.46282971992933214,Normal,Normal,Routine,D009A
1142,109.23297764338629,-0.44508546497994045,0.0,0.451392304372729,Normal,Normal,Routine,D009A
1143,109.2330734537537,-0.4450824134817395,0.0,0.47255545012190203,Normal,Normal,Routine,D009A
1144,109.23342648038273,-0.4450690453973323,0.0,0.482960177290659,Normal,Normal,Routine,D009A
1145,109.2334975970327,-0.44507836687156177,0.0,0.49286128199823637,Normal,Normal,Routine,D009A
1146,109.23139501722824,-0.44502138069309793,0.0,0.504340293481649,Healthy,Healthy,None,D009A
1147,109.23145181494769,-0.4450060430601319,0.0,0.49415864325929587,Normal,Normal,Routine,D009A
1148,109.23210661251613,-0.44502367032944906,0.0,0.4803340486559733,Normal,Normal,Routine,D009A
1149,109.23230725154177,-0.44499981726428744,0.0,0.4619625603864064,Normal,Normal,Routine,D009A
1150,109.23245900269374,-0.445011515701126,0.0,0.47795403558196997,Normal,Normal,Routine,D009A
1151,109.2325844564012,-0.4449954006419226,0.0,0.4542074587630348,Normal,Normal,Routine,D009A
1152,109.23264185191513,-0.4450311667984164,0.0,0.45066394485030437,Normal,Normal,Routine,D009A
1153,109.23270771171043,-0.44498824482883215,0.0,0.45237608425821996,Normal,Normal,Routine,D009A
1154,109.23277561744209,-0.44499575602912333,0.0,0.4918705252705455,Normal,Normal,Routine,D009A
1155,109.23285293749238,-0.4450278709189924,0.0,0.4899259268287352,Normal,Normal,Routine,D009A
1156,109.23290636236595,-0.44501957059828007,0.0,0.45602600532062365,Normal,Normal,Routine,D009A
1157,109.23301478823859,-0.4449855490378836,0.0,0.4689493772813513,Normal,Normal,Routine,D009A
1158,109.23308844963968,-0.4449836958123259,0.0,0.47087271258015306,Normal,Normal,Routine,D009A
1159,109.23324122948793,-0.4449873824054637,0.0,0.4958875702748842,Normal,Normal,Routine,D009A
1160,109.2333020771322,-0.44503049320519766,0.0,0.49695239232757726,Normal,Normal,Routine,D009A
1161,109.23337479488926,-0.44502684291065864,0.0,0.46684940088493476,Normal,Normal,Routine,D009A
1162,109.23343356986972,-0.4450072763212172,0.0,0.5235787893527121,Healthy,Healthy,None,D009A
1163,109.23353775451156,-0.44503583656904133,0.0,0.49663953885591566,Normal,Normal,Routine,D009A
1164,109.23139667444221,-0.4449803034031075,0.0,0.5054123436644267,Healthy,Healthy,None,D009A
1165,109.23148474845183,-0.4449863346230437,0.0,0.49285821552259074,Normal,Normal,Routine,D009A
1166,109.2316275282502,-0.44497269792636995,0.0,0.48537746183311453,Normal,Normal,Routine,D009A
1167,109.231734240637,-0.4449630395657863,0.0,0.47329974206476255,Normal,Normal,Routine,D009A
1168,109.23181341834001,-0.4449835183994225,0.0,0.4859717432123668,Normal,Normal,Routine,D009A
1169,109.23187698372523,-0.4449980160611853,0.0,0.49031044023257553,Normal,Normal,Routine,D009A
1170,109.23191303661588,-0.44498717410038496,0.0,0.4879149444478922,Normal,Normal,Routine,D009A
1171,109.23196344383764,-0.44499913203266145,0.0,0.4808992823890789,Normal,Normal,Routine,D009A
1172,109.23201580666694,-0.44500702381238216,0.0,0.3905162337566723,Abnormal,Abnormal,Monitor,D009A
1173,109.23211597854545,-0.4449869689699077,0.0,0.48148046124552624,Normal,Normal,Routine,D009A
1174,109.2321755215107,-0.4449824907893907,0.0,0.4760235398641675,Normal,Normal,Routine,D009A
1175,109.23224392377294,-0.4449681768945332,0.0,0.4586757823665146,Normal,Normal,Routine,D009A
1176,109.23241224633487,-0.44497187358246054,0.0,0.3576907876882404,Abnormal,Abnormal,Monitor,D009A
1177,109.23248294169295,-0.44496971489918913,0.0,0.4936263713865879,Normal,Normal,Routine,D009A
1178,109.23265138304332,-0.4449537250523505,0.0,0.4763711074347137,Normal,Normal,Routine,D009A
1179,109.23282238741497,-0.4449556047389726,0.0,0.5047950250330878,Healthy,Healthy,None,D009A
1180,109.2328746514376,-0.44495226601800747,0.0,0.5029354122984296,Healthy,Healthy,None,D009A
1181,109.2329538473972,-0.4449528683915943,0.0,0.46137566519069056,Normal,Normal,Routine,D009A
1182,109.23306093172408,-0.4449432896714901,0.0,0.4461145333434437,Normal,Normal,Routine,D009A
1183,109.23316746667096,-0.4449510887078755,0.0,0.5199036056154129,Healthy,Healthy,None,D009A
1184,109.2334016287375,-0.4449560491820974,0.0,0.4961029518344318,Normal,Normal,Routine,D009A
1185,109.23350092550761,-0.4449635254446471,0.0,0.49662600781646327,Normal,Normal,Routine,D009A
1186,109.23140077541714,-0.44489578518044864,0.0,0.49431513596487087,Normal,Normal,Routine,D009A
1187,109.23151533494276,-0.44495083478375985,0.0,0.4980624834318822,Normal,Normal,Routine,D009A
1188,109.23154536514018,-0.4449315280561434,0.0,0.4978423972365396,Normal,Normal,Routine,D009A
1189,109.23168679851752,-0.44490622288292775,0.0,0.4952461157685325,Normal,Normal,Routine,D009A
1190,109.23185284050558,-0.444897810487071,0.0,0.4972317427881142,Normal,Normal,Routine,D009A
1191,109.23192219742019,-0.44488055062455745,0.0,0.5064365288133601,Healthy,Healthy,None,D009A
1192,109.23195694423991,-0.4449186905107021,0.0,0.47945074082261685,Normal,Normal,Routine,D009A
1193,109.23195853617811,-0.4448763408459847,0.0,0.5204228248162902,Healthy,Healthy,None,D009A
1194,109.2320074917679,-0.4448846405424999,0.0,0.5115369085352673,Healthy,Healthy,None,D009A
1195,109.23204977862265,-0.44487773106247264,0.0,0.5038343861365531,Healthy,Healthy,None,D009A
1196,109.23209987426452,-0.44488165423484316,0.0,0.48085996800311764,Normal,Normal,Routine,D009A
1197,109.23219502337002,-0.44489028519715595,0.0,0.4735588965347124,Normal,Normal,Routine,D009A
1198,109.23227492936097,-0.44488909362047296,0.0,0.3762581661786545,Abnormal,Abnormal,Monitor,D009A
1199,109.23236279298283,-0.4448961086532196,0.0,0.4817097708834047,Normal,Normal,Routine,D009A
1200,109.23239554577749,-0.44487711093456284,0.0,0.5066627672262551,Healthy,Healthy,None,D009A
1201,109.23244809648706,-0.4448995556144115,0.0,0.5037468341870542,Healthy,Healthy,None,D009A
1202,109.23251367496147,-0.4448761437975864,0.0,0.4336175125312747,Normal,Normal,Routine,D009A
1203,109.23259577469591,-0.44488941336807464,0.0,0.4980133035786535,Normal,Normal,Routine,D009A
1204,109.2326772894301,-0.4448885495304482,0.0,0.4742190693835375,Normal,Normal,Routine,D009A
1205,109.2327606448842,-0.4448832460343774,0.0,0.49267728368928826,Normal,Normal,Routine,D009A
1206,109.23284311704823,-0.4449055966513432,0.0,0.4346334247148325,Normal,Normal,Routine,D009A
1207,109.23293532496112,-0.4448928022775508,0.0,0.4898180004328912,Normal,Normal,Routine,D009A
1208,109.2329590254877,-0.444883015352845,0.0,0.5118610927340003,Healthy,Healthy,None,D009A
1209,109.23305354971194,-0.44487918402958704,0.0,0.46512798462793525,Normal,Normal,Routine,D009A
1210,109.23312249692708,-0.44490022377060334,0.0,0.49849760350457,Normal,Normal,Routine,D009A
1211,109.23320432746178,-0.44489355079403653,0.0,0.4937155982650862,Normal,Normal,Routine,D009A
1212,109.23328897221289,-0.4448758532944511,0.0,0.4945347446366106,Normal,Normal,Routine,D009A
1213,109.2333665408795,-0.4448862777523454,0.0,0.46383749773370014,Normal,Normal,Routine,D009A
1214,109.23345995134304,-0.44488590509442294,0.0,0.4214988970965028,Normal,Normal,Routine,D009A
1215,109.23141682284721,-0.4448588069242899,0.0,0.5141579869589679,Healthy,Healthy,None,D009A
1216,109.23159293637718,-0.44487237771090943,0.0,0.449119959587482,Normal,Normal,Routine,D009A
1217,109.23170861168036,-0.4448552845684618,0.0,0.48453585746794703,Normal,Normal,Routine,D009A
1218,109.23182816459196,-0.4448655835194413,0.0,0.5168887063870029,Healthy,Healthy,None,D009A
1219,109.23224071636022,-0.4448574340536917,0.0,0.4545877128793826,Normal,Normal,Routine,D009A
1220,109.23233531607056,-0.44484954246260777,0.0,0.4785168201453259,Normal,Normal,Routine,D009A
1221,109.23245217238689,-0.44484485564226556,0.0,0.49598231192418896,Normal,Normal,Routine,D009A
1222,109.23260443752439,-0.4448596378429438,0.0,0.506866739445372,Healthy,Healthy,None,D009A
1223,109.23267328410675,-0.4448505156158807,0.0,0.5039628817648125,Healthy,Healthy,None,D009A
1224,109.23279530811688,-0.44486127634390465,0.0,0.49794457739481895,Normal,Normal,Routine,D009A
1225,109.23316206255008,-0.44485342956786944,0.0,0.5039695832200818,Healthy,Healthy,None,D009A
1226,109.23325337269303,-0.44483858673409415,0.0,0.4988286604901015,Normal,Normal,Routine,D009A
1227,109.23340831100523,-0.44483889175806174,0.0,0.4535503895892143,Normal,Normal,Routine,D009A
1228,109.23345123632903,-0.44482163001423974,0.0,0.4730693621592967,Normal,Normal,Routine,D009A
1229,109.2335298594125,-0.4448327311381134,0.0,0.45226942069986253,Normal,Normal,Routine,D009A
1230,109.23137608181459,-0.4447983041459202,0.0,0.48621028249431975,Normal,Normal,Routine,D009A
1231,109.23146793126244,-0.44478920737940686,0.0,0.4801714048177031,Normal,Normal,Routine,D009A
1232,109.23165598726847,-0.444802939292062,0.0,0.4961112780465101,Normal,Normal,Routine,D009A
1233,109.2317519725509,-0.4447968521153521,0.0,0.4693669431780014,Normal,Normal,Routine,D009A
1234,109.23182833832642,-0.4447961208772182,0.0,0.47179113993670996,Normal,Normal,Routine,D009A
1235,109.2319296143483,-0.44477907036964287,0.0,0.4687696763047847,Normal,Normal,Routine,D009A
1236,109.23199521383218,-0.4447767540115314,0.0,0.48198104643164513,Normal,Normal,Routine,D009A
1237,109.23207541924727,-0.44478558302294907,0.0,0.4812792529005046,Normal,Normal,Routine,D009A
1238,109.23216253545355,-0.44477390966305114,0.0,0.49148506536078473,Normal,Normal,Routine,D009A
1239,109.23226351120191,-0.4447655349034028,0.0,0.4784703221352535,Normal,Normal,Routine,D009A
1240,109.23239255217071,-0.4447851359259548,0.0,0.5094653467062867,Healthy,Healthy,None,D009A
1241,109.2326943840577,-0.44479952555361485,0.0,0.4583458142668091,Normal,Normal,Routine,D009A
1242,109.23283797813092,-0.44480705228489215,0.0,0.5006272613326976,Healthy,Healthy,None,D009A
1243,109.23289379839203,-0.4447886831805098,0.0,0.48040220835061936,Normal,Normal,Routine,D009A
1244,109.2329774371787,-0.4447591725986408,0.0,0.46399406980883123,Normal,Normal,Routine,D009A
1245,109.23319345685023,-0.444752694738734,0.0,0.4877144263343683,Normal,Normal,Routine,D009A
1246,109.23331338625637,-0.44473646436988756,0.0,0.46361189929167335,Normal,Normal,Routine,D009A
1247,109.23337107237084,-0.44475909295627664,0.0,0.47606931082366294,Normal,Normal,Routine,D009A
1248,109.23341765891105,-0.4447461844796702,0.0,0.4650427062282603,Normal,Normal,Routine,D009A
1249,109.23353179267536,-0.4447866422468069,0.0,0.44761260100596173,Normal,Normal,Routine,D009A
1250,109.23136981789897,-0.44472777380130174,0.0,0.46924681024330595,Normal,Normal,Routine,D009A
1251,109.23180676104269,-0.4447429475189775,0.0,0.40588856480023033,Normal,Normal,Routine,D009A
1252,109.23188220315187,-0.44470928064637083,0.0,0.48351811860036076,Normal,Normal,Routine,D009A
1253,109.23197295936762,-0.4447155313359745,0.0,0.48649318588954166,Normal,Normal,Routine,D009A
1254,109.23206505560142,-0.44471510230408884,0.0,0.5171942383488651,Healthy,Healthy,None,D009A
1255,109.232153221636,-0.44473089813045097,0.0,0.4751079077735269,Normal,Normal,Routine,D009A
1256,109.23224429378376,-0.4447156474157798,0.0,0.4789426073221836,Normal,Normal,Routine,D009A
1257,109.2323732925252,-0.44472395194099396,0.0,0.4791934257067628,Normal,Normal,Routine,D009A
1258,109.23250817873962,-0.4447465421683742,0.0,0.482575743649546,Normal,Normal,Routine,D009A
1259,109.23256069195915,-0.4447113749436334,0.0,0.4680835060212713,Normal,Normal,Routine,D009A
1260,109.2326282901481,-0.44473536326655994,0.0,0.4376770371856865,Normal,Normal,Routine,D009A
1261,109.23280992297384,-0.4447329871581442,0.0,0.4750370447823664,Normal,Normal,Routine,D009A
1262,109.23289713761667,-0.4447230202158956,0.0,0.4834482224714091,Normal,Normal,Routine,D009A
1263,109.23299930714234,-0.4446960307583328,0.0,0.47275858245870117,Normal,Normal,Routine,D009A
1264,109.23302479949719,-0.4447249463985807,0.0,0.4998852667889687,Normal,Normal,Routine,D009A
1265,109.233168071967,-0.4446986785266752,0.0,0.5290198587350341,Healthy,Healthy,None,D009A
1266,109.23319918810247,-0.44469864171566287,0.0,0.5057004765453625,Healthy,Healthy,None,D009A
1267,109.23329415481179,-0.4446472670235676,0.0,0.5033056632244978,Healthy,Healthy,None,D009A
1268,109.2333320776744,-0.4446337044587227,0.0,0.4917670728681127,Normal,Normal,Routine,D009A
1269,109.233404532019,-0.44468385167469077,0.0,0.47457185658790607,Normal,Normal,Routine,D009A
1270,109.23350211359102,-0.4447081004287042,0.0,0.43061643563882473,Normal,Normal,Routine,D009A
1271,109.23356122738066,-0.4446387315025534,0.0,0.4416170109546612,Normal,Normal,Routine,D009A
1272,109.23142384562277,-0.4446999543843252,0.0,0.47319290521721724,Normal,Normal,Routine,D009A
1273,109.23157715120311,-0.4446604998121632,0.0,0.3988843417463586,Abnormal,Abnormal,Monitor,D009A
1274,109.23165988784119,-0.4446621366524823,0.0,0.49447354064205806,Normal,Normal,Routine,D009A
1275,109.23175318813074,-0.4446449747978658,0.0,0.48979772226362,Normal,Normal,Routine,D009A
1276,109.23194242629252,-0.4446549143530741,0.0,0.4757351853300397,Normal,Normal,Routine,D009A
1277,109.23201854903584,-0.44464498182353773,0.0,0.5236357006101521,Healthy,Healthy,None,D009A
1278,109.23208722657712,-0.4446515572531897,0.0,0.4800077604984455,Normal,Normal,Routine,D009A
1279,109.23217935442055,-0.44464288284093134,0.0,0.43492702995518256,Normal,Normal,Routine,D009A
1280,109.23231073135628,-0.4446756148173403,0.0,0.37567156465614543,Abnormal,Abnormal,Monitor,D009A
1281,109.23237202189634,-0.444639104117343,0.0,0.48407010021258,Normal,Normal,Routine,D009A
1282,109.23245117040598,-0.4446502641445593,0.0,0.5118705616411129,Healthy,Healthy,None,D009A
1283,109.23250306933464,-0.44467496669200024,0.0,0.4837955221721125,Normal,Normal,Routine,D009A
1284,109.23269144015097,-0.44464585574211113,0.0,0.4539959331414451,Normal,Normal,Routine,D009A
1285,109.23274832118334,-0.44468069666847276,0.0,0.46579952623568177,Normal,Normal,Routine,D009A
1286,109.23281226316601,-0.44460376177668587,0.0,0.5084035296960431,Healthy,Healthy,None,D009A
1287,109.23293368062212,-0.44464191984902185,0.0,0.47020868910005625,Normal,Normal,Routine,D009A
1288,109.23300004900841,-0.4446058254267631,0.0,0.5034646953654245,Healthy,Healthy,None,D009A
1289,109.23311465424601,-0.44462400501517213,0.0,0.4633694021257018,Normal,Normal,Routine,D009A
1290,109.23320177001494,-0.44461813631656777,0.0,0.47444542230748926,Normal,Normal,Routine,D009A
1291,109.23333380211334,-0.4445856079804584,0.0,0.4816399678528546,Normal,Normal,Routine,D009A
1292,109.2334253363536,-0.44458787088429996,0.0,0.4457747885663499,Normal,Normal,Routine,D009A
1293,109.23351945550652,-0.4445952500238487,0.0,0.4725245631212548,Normal,Normal,Routine,D009A
1294,109.2313527352178,-0.44462324289885413,0.0,0.4479608363106701,Normal,Normal,Routine,D009A
1295,109.23142277994215,-0.4446296477492206,0.0,0.46008239855612715,Normal,Normal,Routine,D009A
1296,109.23153778708317,-0.4446005272839534,0.0,0.46428913370629316,Normal,Normal,Routine,D009A
1297,109.23161748187077,-0.4445845648627921,0.0,0.4172740844678294,Normal,Normal,Routine,D009A
1298,109.23178732395176,-0.44460835447407426,0.0,0.4879117733443138,Normal,Normal,Routine,D009A
1299,109.23188959684961,-0.4445996879370249,0.0,0.4748603168787016,Normal,Normal,Routine,D009A
1300,109.2319788934989,-0.4445865383800719,0.0,0.49372510449186724,Normal,Normal,Routine,D009A
1301,109.23205304403429,-0.4445938250007788,0.0,0.4959364809469756,Normal,Normal,Routine,D009A
1302,109.23212959370257,-0.4445790961768488,0.0,0.43092791467521324,Normal,Normal,Routine,D009A
1303,109.23223655820617,-0.44455189357068403,0.0,0.47063333855633355,Normal,Normal,Routine,D009A
1304,109.23231461030738,-0.4445803082297073,0.0,0.48108183857228515,Normal,Normal,Routine,D009A
1305,109.2323603971783,-0.4445908181609474,0.0,0.48855473663929705,Normal,Normal,Routine,D009A
1306,109.23247896457248,-0.4445602227083527,0.0,0.467817809417885,Normal,Normal,Routine,D009A
1307,109.23256722816689,-0.44458513567728547,0.0,0.3815314485326263,Abnormal,Abnormal,Monitor,D009A
1308,109.23262772079694,-0.44458744626986124,0.0,0.45175732130062957,Normal,Normal,Routine,D009A
1309,109.23271382214955,-0.44456372107152964,0.0,0.46157239984413834,Normal,Normal,Routine,D009A
1310,109.2327954410557,-0.444551646665138,0.0,0.49078298514330176,Normal,Normal,Routine,D009A
1311,109.23291725940075,-0.44453959731678555,0.0,0.4576507527495454,Normal,Normal,Routine,D009A
1312,109.23309208571645,-0.444538610351606,0.0,0.44272135597458295,Normal,Normal,Routine,D009A
1313,109.23338023283239,-0.44451399153530197,0.0,0.4536843613430035,Normal,Normal,Routine,D009A
1314,109.23353186148937,-0.4445274279480364,0.0,0.469591067059708,Normal,Normal,Routine,D009A
1315,109.23140545542023,-0.44454860318763956,0.0,0.4482300492479785,Normal,Normal,Routine,D009A
1316,109.23157906403068,-0.4445455451262993,0.0,0.5023023126334436,Healthy,Healthy,None,D009A
1317,109.23184722552848,-0.44451990966362653,0.0,0.4799401362980354,Normal,Normal,Routine,D009A
1318,109.23192014273673,-0.4445158488634236,0.0,0.46984909395315894,Normal,Normal,Routine,D009A
1319,109.23199816554641,-0.44451251725234614,0.0,0.48389472023502295,Normal,Normal,Routine,D009A
1320,109.2320770328222,-0.4445125914274075,0.0,0.3722099991504446,Abnormal,Abnormal,Monitor,D009A
1321,109.23218562957432,-0.4445189802422244,0.0,0.42605747399027455,Normal,Normal,Routine,D009A
1322,109.23226391153125,-0.44449871662588114,0.0,0.4760344770833297,Normal,Normal,Routine,D009A
1323,109.23231735984723,-0.4445126158999934,0.0,0.4799295112486093,Normal,Normal,Routine,D009A
1324,109.23252929478863,-0.4445145596757763,0.0,0.46246710751096115,Normal,Normal,Routine,D009A
1325,109.23261031249021,-0.4445186566790607,0.0,0.4670206644441395,Normal,Normal,Routine,D009A
1326,109.23267135390005,-0.44447968531159127,0.0,0.43255225330097846,Normal,Normal,Routine,D009A
1327,109.23278716046524,-0.4444887914608359,0.0,0.494839634637654,Normal,Normal,Routine,D009A
1328,109.23283135669706,-0.4444834016444811,0.0,0.4803636600311953,Normal,Normal,Routine,D009A
1329,109.23300698405882,-0.44450215930648523,0.0,0.4227970445506928,Normal,Normal,Routine,D009A
1330,109.23318918787076,-0.44451257369166525,0.0,0.46025554336045577,Normal,Normal,Routine,D009A
1331,109.23326829130025,-0.4444867949383342,0.0,0.46377878129902406,Normal,Normal,Routine,D009A
1332,109.23346142437858,-0.44449355948996505,0.0,0.3567524624633511,Abnormal,Abnormal,Monitor,D009A
1333,109.23349185692011,-0.44444822170110365,0.0,0.46075340235427054,Normal,Normal,Routine,D009A
1334,109.23355413252021,-0.4444359545234878,0.0,,Normal,Normal,Routine,D009A
1335,109.23355413252021,-0.4444359545234878,0.0,0.4275373571398068,Normal,Normal,Routine,D009A
1336,109.23135538526775,-0.44448295090836154,0.0,0.43132364097925613,Normal,Normal,Routine,D009A
1337,109.23140516130361,-0.4444898111528185,0.0,0.5016235713111726,Healthy,Healthy,None,D009A
1338,109.23153145794493,-0.44447185242695647,0.0,0.4564491359965678,Normal,Normal,Routine,D009A
1339,109.23162603642764,-0.4444737199973477,0.0,0.4707106924031402,Normal,Normal,Routine,D009A
1340,109.23171868042925,-0.4444626230965808,0.0,0.4540862983655578,Normal,Normal,Routine,D009A
1341,109.23191128094454,-0.44442290938780094,0.0,0.4621992812291976,Normal,Normal,Routine,D009A
1342,109.23204307624987,-0.44444139334129573,0.0,0.485834433958413,Normal,Normal,Routine,D009A
1343,109.23228186862441,-0.44443553136400993,0.0,0.4716366958764433,Normal,Normal,Routine,D009A
1344,109.23241088392083,-0.4444648734495552,0.0,0.3736420379740569,Abnormal,Abnormal,Monitor,D009A
1345,109.23248268759454,-0.444444438257001,0.0,0.4747317701797275,Normal,Normal,Routine,D009A
1346,109.232602195586,-0.4444511841770571,0.0,0.4978367978175505,Normal,Normal,Routine,D009A
1347,109.23281567795809,-0.4444204750260215,0.0,0.4876454632973686,Normal,Normal,Routine,D009A
1348,109.23292611339227,-0.44442360065946307,0.0,0.4533628293602609,Normal,Normal,Routine,D009A
1349,109.23308308233467,-0.44442905431201374,0.0,0.46778087223955844,Normal,Normal,Routine,D009A
1350,109.23314332806231,-0.44442335908765745,0.0,0.4689978844435357,Normal,Normal,Routine,D009A
1351,109.23322275186685,-0.4444139780421115,0.0,0.46886097750025635,Normal,Normal,Routine,D009A
1352,109.23337008558246,-0.44438705550137714,0.0,0.43416358253524345,Normal,Normal,Routine,D009A
1353,109.23341759259752,-0.4444205558087246,0.0,0.4634798797655867,Normal,Normal,Routine,D009A
1354,109.23353085915925,-0.44440209833071675,0.0,0.48123308067888954,Normal,Normal,Routine,D009A
1355,109.23139325287227,-0.4443730083795261,0.0,0.5228223758763957,Healthy,Healthy,None,D009A
1356,109.2314698419911,-0.44436979036477375,0.0,0.48192734598163883,Normal,Normal,Routine,D009A
1357,109.23154152750473,-0.44437768497757735,0.0,0.46934078869978685,Normal,Normal,Routine,D009A
1358,109.23166899774273,-0.44437672188312505,0.0,0.47320748732631757,Normal,Normal,Routine,D009A
1359,109.23176850419178,-0.44440483062550706,0.0,0.5015721136989769,Healthy,Healthy,None,D009A
1360,109.23182705397477,-0.4443725586163926,0.0,0.39185161576693384,Abnormal,Abnormal,Monitor,D009A
1361,109.23191834802341,-0.444379758027338,0.0,0.48875959869588165,Normal,Normal,Routine,D009A
1362,109.23200045918801,-0.4443901663843152,0.0,0.4752436161827697,Normal,Normal,Routine,D009A
1363,109.23207337913166,-0.4443746210019785,0.0,0.47081884811239644,Normal,Normal,Routine,D009A
1364,109.23219537533123,-0.4443850389696194,0.0,0.4332680198901645,Normal,Normal,Routine,D009A
1365,109.23233329162618,-0.4443991159431647,0.0,0.4718838978336954,Normal,Normal,Routine,D009A
1366,109.23240216027493,-0.4443537847331015,0.0,0.4490557530241607,Normal,Normal,Routine,D009A
1367,109.23240216027493,-0.4443537847331015,0.0,,Normal,Normal,Routine,D009A
1368,109.23248963232764,-0.4443831538794941,0.0,0.4832903395233546,Normal,Normal,Routine,D009A
1369,109.23256233605538,-0.44440056646422504,0.0,0.5023922407371135,Healthy,Healthy,None,D009A
1370,109.23263789842483,-0.4444052155779613,0.0,0.4575557979023391,Normal,Normal,Routine,D009A
1371,109.23271874141102,-0.4443772162978046,0.0,0.4628580769262454,Normal,Normal,Routine,D009A
1372,109.23281112286982,-0.4443560400067206,0.0,0.4753169951499643,Normal,Normal,Routine,D009A
1373,109.23288335721848,-0.44434151991658477,0.0,0.4425356587079011,Normal,Normal,Routine,D009A
1374,109.23300807287363,-0.44436187314338477,0.0,0.4290296816295641,Normal,Normal,Routine,D009A
1375,109.23311255621421,-0.4443581020663391,0.0,0.47132072046490536,Normal,Normal,Routine,D009A
1376,109.23320156378243,-0.4443520502383521,0.0,0.4583880570382199,Normal,Normal,Routine,D009A
1377,109.23329220017321,-0.44432225465081443,0.0,0.4462791619563476,Normal,Normal,Routine,D009A
1378,109.23340349612866,-0.4443029068662912,0.0,0.45949777704727873,Normal,Normal,Routine,D009A
1379,109.23346253489494,-0.44431860612974033,0.0,0.47181587476410114,Normal,Normal,Routine,D009A
1380,109.23136861037467,-0.44432869912168893,0.0,0.49405109493111127,Normal,Normal,Routine,D009A
1381,109.23146255070606,-0.44430190483915116,0.0,0.48590916310142396,Normal,Normal,Routine,D009A
1382,109.23155398032425,-0.4443093158879171,0.0,0.476755388782493,Normal,Normal,Routine,D009A
1383,109.23160772893189,-0.4443144372169845,0.0,0.4932100374914386,Normal,Normal,Routine,D009A
1384,109.2317208984699,-0.44431445092847055,0.0,0.4950027970314756,Normal,Normal,Routine,D009A
1385,109.23180068690135,-0.44432777598653184,0.0,0.4681683641276965,Normal,Normal,Routine,D009A
1386,109.23188743050092,-0.44430394333982426,0.0,0.4672589162918485,Normal,Normal,Routine,D009A
1387,109.23196844139926,-0.44427985610528303,0.0,0.5047848481276078,Healthy,Healthy,None,D009A
1388,109.23204612991461,-0.4442884339984484,0.0,0.4647434451497608,Normal,Normal,Routine,D009A
1389,109.2321344873533,-0.4442736881122974,0.0,0.46314272852388766,Normal,Normal,Routine,D009A
1390,109.23218686661814,-0.44427669214762855,0.0,0.46758275716162984,Normal,Normal,Routine,D009A
1391,109.23230582489177,-0.44428324621709714,0.0,0.4294427609425381,Normal,Normal,Routine,D009A
1392,109.23247517648593,-0.4442734166070202,0.0,0.47761107397401065,Normal,Normal,Routine,D009A
1393,109.23256431443495,-0.4442704584181036,0.0,0.48961376030617804,Normal,Normal,Routine,D009A
1394,109.2326248976582,-0.4442846542052753,0.0,0.46339014059264994,Normal,Normal,Routine,D009A
1395,109.23270450269541,-0.4443025477261146,0.0,0.4277034174101087,Normal,Normal,Routine,D009A
1396,109.23276640399801,-0.44428520012117195,0.0,0.4750359245695951,Normal,Normal,Routine,D009A
1397,109.23288451108408,-0.44428278153699263,0.0,0.4575806348090666,Normal,Normal,Routine,D009A
1398,109.23296841896227,-0.44426997428089343,0.0,0.4610276128005777,Normal,Normal,Routine,D009A
1399,109.23299729477483,-0.4442511564680906,0.0,0.4663082004982575,Normal,Normal,Routine,D009A
1400,109.23313218050966,-0.44427595314366575,0.0,0.4725353679452686,Normal,Normal,Routine,D009A
1401,109.23323653006615,-0.44429086391739764,0.0,0.503553233557407,Healthy,Healthy,None,D009A
1402,109.2333680428293,-0.4442550808632789,0.0,0.4870495733605961,Normal,Normal,Routine,D009A
1403,109.23341670157002,-0.4442426159788452,0.0,0.4514118635183021,Normal,Normal,Routine,D009A
1404,109.23353238849087,-0.4442223911698986,0.0,0.44516847462237885,Normal,Normal,Routine,D009A
1405,109.23353238849087,-0.4442223911698986,0.0,,Normal,Normal,Routine,D009A
1406,109.23141478703482,-0.44426759967148705,0.0,0.4998462662851342,Normal,Normal,Routine,D009A
1407,109.23167350698571,-0.4442486184325287,0.0,0.5120913686837182,Healthy,Healthy,None,D009A
1408,109.23175135269103,-0.44421183681891435,0.0,0.4946998124219187,Normal,Normal,Routine,D009A
1409,109.23181545975379,-0.44425646214958975,0.0,0.5014533011213617,Healthy,Healthy,None,D009A
1410,109.2319362372696,-0.44425055363621574,0.0,0.49740983312663856,Normal,Normal,Routine,D009A
1411,109.23205720395345,-0.4442348859891844,0.0,0.47222556618093714,Normal,Normal,Routine,D009A
1412,109.23217769410222,-0.4442324851698734,0.0,0.4497681845746496,Normal,Normal,Routine,D009A
1413,109.23217769410222,-0.4442324851698734,0.0,,Normal,Normal,Routine,D009A
1414,109.23228170294819,-0.44422938226053615,0.0,0.3781184050625566,Abnormal,Abnormal,Monitor,D009A
1415,109.23228170294819,-0.44422938226053615,0.0,,Normal,Normal,Routine,D009A
1416,109.23251259728144,-0.44424437235019704,0.0,0.48429590674029166,Normal,Normal,Routine,D009A
1417,109.23257588224513,-0.4442256342703407,0.0,0.492475666478162,Normal,Normal,Routine,D009A
1418,109.23265450550801,-0.4441980052113637,0.0,0.44443905244791887,Normal,Normal,Routine,D009A
1419,109.23274277125213,-0.4442139113593,0.0,0.4935350016347852,Normal,Normal,Routine,D009A
1420,109.23284465423129,-0.4442132838951042,0.0,0.402979796440845,Normal,Normal,Routine,D009A
1421,109.23310078435792,-0.44421826133031894,0.0,0.4733056727819647,Normal,Normal,Routine,D009A
1422,109.23317622864683,-0.44421336825306085,0.0,0.4807459539080017,Normal,Normal,Routine,D009A
1423,109.23320354979153,-0.4441897663264673,0.0,0.4885386084156515,Normal,Normal,Routine,D009A
1424,109.23330017832006,-0.4441722733377517,0.0,0.4207666335204628,Normal,Normal,Routine,D009A
1425,109.23338395816766,-0.44417666668950107,0.0,0.4477371380679554,Normal,Normal,Routine,D009A
1426,109.23343692416874,-0.4441677793380113,0.0,0.46486984108306145,Normal,Normal,Routine,D009A
1427,109.23137781145194,-0.44418856605586077,0.0,0.47703230114658285,Normal,Normal,Routine,D009A
1428,109.23145500112221,-0.44419453854882224,0.0,0.5076682525608478,Healthy,Healthy,None,D009A
1429,109.23148232728994,-0.4441497245564299,0.0,0.5036397915073871,Healthy,Healthy,None,D009A
1430,109.23154288423773,-0.4441609325364816,0.0,0.5225768491232446,Healthy,Healthy,None,D009A
1431,109.23159703560444,-0.44417220227413334,0.0,0.5043330073630883,Healthy,Healthy,None,D009A
1432,109.2316936487607,-0.4441623542450741,0.0,0.4704060712711995,Normal,Normal,Routine,D009A
1433,109.23179152611678,-0.44415868377226225,0.0,0.49297367346250204,Normal,Normal,Routine,D009A
1434,109.23189293642214,-0.44418127674871233,0.0,0.4803897290645074,Normal,Normal,Routine,D009A
1435,109.23195835729827,-0.44416696934509636,0.0,0.4654256587117082,Normal,Normal,Routine,D009A
1436,109.23204278936994,-0.44416698968415147,0.0,0.5013233389622077,Healthy,Healthy,None,D009A
1437,109.23213284209898,-0.4441549480496296,0.0,0.4625794315378396,Normal,Normal,Routine,D009A
1438,109.23220519901992,-0.44415749118029035,0.0,0.4760491059928694,Normal,Normal,Routine,D009A
1439,109.23230741841341,-0.44416235559989975,0.0,0.4415726762486792,Normal,Normal,Routine,D009A
1440,109.23239043187573,-0.44416722986186913,0.0,0.4384455526760291,Normal,Normal,Routine,D009A
1441,109.23245887155552,-0.4441541937144486,0.0,0.4428639002703073,Normal,Normal,Routine,D009A
1442,109.23254859914854,-0.4441496341510306,0.0,0.4391554304607366,Normal,Normal,Routine,D009A
1443,109.23272593794869,-0.44416350085141454,0.0,0.4755883912153874,Normal,Normal,Routine,D009A
1444,109.23279719874871,-0.4441708916532218,0.0,0.4319827400694306,Normal,Normal,Routine,D009A
1445,109.23296638944443,-0.4441427834097799,0.0,0.4535816083333476,Normal,Normal,Routine,D009A
1446,109.23305337388868,-0.44415272721020443,0.0,0.46245800435652495,Normal,Normal,Routine,D009A
1447,109.23311738227703,-0.4441289415007463,0.0,0.46425671374808797,Normal,Normal,Routine,D009A
1448,109.23317018031268,-0.4441275371753536,0.0,0.5004260283947575,Healthy,Healthy,None,D009A
1449,109.23323908820996,-0.44412126075300984,0.0,0.4835711146165726,Normal,Normal,Routine,D009A
1450,109.23335131172948,-0.4440920065970749,0.0,0.42864912635082486,Normal,Normal,Routine,D009A
1451,109.23344889843459,-0.4440984090003851,0.0,0.46850759924207497,Normal,Normal,Routine,D009A
1452,109.23351358078678,-0.44408114162275425,0.0,0.45557221948061194,Normal,Normal,Routine,D009A
1453,109.23140294633777,-0.4441114265376728,0.0,0.4710061064733456,Normal,Normal,Routine,D009A
1454,109.23158522772857,-0.44411975562475436,0.0,0.5125903114859088,Healthy,Healthy,None,D009A
1455,109.23165692651864,-0.4441058223068925,0.0,0.5194545755110889,Healthy,Healthy,None,D009A
1456,109.23175230649896,-0.4441029099353485,0.0,0.49057859102897106,Normal,Normal,Routine,D009A
1457,109.2318508210929,-0.44412417289436484,0.0,0.48311512256275285,Normal,Normal,Routine,D009A
1458,109.23191554232204,-0.44410185053453743,0.0,0.3815737384400581,Abnormal,Abnormal,Monitor,D009A
1459,109.23197314814368,-0.4441370858837331,0.0,0.5038266529761154,Healthy,Healthy,None,D009A
1460,109.23215198080642,-0.4441051973151393,0.0,0.4699655088703835,Normal,Normal,Routine,D009A
1461,109.23222525204682,-0.4441120288420833,0.0,0.4325874818456418,Normal,Normal,Routine,D009A
1462,109.23227877780633,-0.44410243357262924,0.0,0.45457476631997373,Normal,Normal,Routine,D009A
1463,109.2323569629558,-0.44410018442272475,0.0,0.4400744189452803,Normal,Normal,Routine,D009A
1464,109.23269218728691,-0.4441177759586501,0.0,0.4653420875460704,Normal,Normal,Routine,D009A
1465,109.23274678681123,-0.44411440612699427,0.0,0.4417510203214229,Normal,Normal,Routine,D009A
1466,109.23283509809559,-0.44411256724815046,0.0,0.4679061725566593,Normal,Normal,Routine,D009A
1467,109.2328889498531,-0.44411091992213725,0.0,0.49968687615315655,Normal,Normal,Routine,D009A
1468,109.23302063961403,-0.44410888801656656,0.0,0.47657160133471,Normal,Normal,Routine,D009A
1469,109.23304743839843,-0.44404940523766506,0.0,0.4578456095025583,Normal,Normal,Routine,D009A
1470,109.23310622882302,-0.4440668171731479,0.0,0.46800185021178464,Normal,Normal,Routine,D009A
1471,109.23323228192713,-0.44405729450868614,0.0,0.48615397091475,Normal,Normal,Routine,D009A
1472,109.23137194761593,-0.44404845920105845,0.0,0.4903840173668543,Normal,Normal,Routine,D009A
1473,109.23146913278741,-0.44404310295074023,0.0,0.4952605434040728,Normal,Normal,Routine,D009A
1474,109.23154203559365,-0.4440428600749576,0.0,0.4972459278466291,Normal,Normal,Routine,D009A
1475,109.2316145873186,-0.4440306912439107,0.0,0.4798836621587262,Normal,Normal,Routine,D009A
1476,109.23170180534723,-0.4440439927593087,0.0,0.5215205879597479,Healthy,Healthy,None,D009A
1477,109.23179264891914,-0.4440567977847396,0.0,0.5080700775207077,Healthy,Healthy,None,D009A
1478,109.23196940980229,-0.44404148991147846,0.0,0.409240744054665,Normal,Normal,Routine,D009A
1479,109.23206671747316,-0.4440424167383228,0.0,0.49011246064538067,Normal,Normal,Routine,D009A
1480,109.23213428646378,-0.44404177920272614,0.0,0.47306617141171337,Normal,Normal,Routine,D009A
1481,109.23230827805068,-0.444026295216486,0.0,0.48348893144695654,Normal,Normal,Routine,D009A
1482,109.232386525545,-0.4440262959701024,0.0,0.45112640959964784,Normal,Normal,Routine,D009A
1483,109.23247489540212,-0.4440500695241084,0.0,0.43189275669474164,Normal,Normal,Routine,D009A
1484,109.23254889208846,-0.44404333314116734,0.0,0.4340504074867776,Normal,Normal,Routine,D009A
1485,109.23264223883487,-0.44403114307493724,0.0,0.4552546896634658,Normal,Normal,Routine,D009A
1486,109.2327225035533,-0.44402109213836627,0.0,0.4247488404275597,Normal,Normal,Routine,D009A
1487,109.23281496025407,-0.44403481631184316,0.0,0.4306763358825555,Normal,Normal,Routine,D009A
1488,109.23297392245162,-0.44402132627952695,0.0,0.4797050530178864,Normal,Normal,Routine,D009A
1489,109.23327200835605,-0.4439914187331818,0.0,0.4659978200488376,Normal,Normal,Routine,D009A
1490,109.23343227917044,-0.443993915178344,0.0,0.46341752494196703,Normal,Normal,Routine,D009A
1491,109.23349138087563,-0.4440017995037076,0.0,0.4413208015340738,Normal,Normal,Routine,D009A
1492,109.23138819513899,-0.4439745404549022,0.0,0.4737182174997827,Normal,Normal,Routine,D009A
1493,109.23151526009029,-0.44399688187660763,0.0,0.500851288305571,Healthy,Healthy,None,D009A
1494,109.23156321621062,-0.44398493681176776,0.0,0.5121364439607872,Healthy,Healthy,None,D009A
1495,109.23163100225366,-0.44398560423184996,0.0,0.4636958293249152,Normal,Normal,Routine,D009A
1496,109.23175244546867,-0.4439679436188929,0.0,0.4407641566288665,Normal,Normal,Routine,D009A
1497,109.23184264902486,-0.4439901992961921,0.0,0.4691933103857908,Normal,Normal,Routine,D009A
1498,109.23192410046232,-0.4439984715273003,0.0,0.46098270108180545,Normal,Normal,Routine,D009A
1499,109.23199664547299,-0.44396925125722236,0.0,0.49337896753140265,Normal,Normal,Routine,D009A
1500,109.23207146470237,-0.44397114297627577,0.0,0.47194408521535386,Normal,Normal,Routine,D009A
1501,109.2321753873934,-0.4440016943636688,0.0,0.4869249410440643,Normal,Normal,Routine,D009A
1502,109.23235719964978,-0.4439810857928703,0.0,0.4947524159415368,Normal,Normal,Routine,D009A
1503,109.23241501562023,-0.4439674303507706,0.0,0.471582458537828,Normal,Normal,Routine,D009A
1504,109.23252735761398,-0.44397997196730027,0.0,0.4781978689568091,Normal,Normal,Routine,D009A
1505,109.232588550776,-0.44398654466335213,0.0,0.4662384284452879,Normal,Normal,Routine,D009A
1506,109.232692634625,-0.44398164219941666,0.0,0.4955700381401858,Normal,Normal,Routine,D009A
1507,109.23270768999751,-0.44394614129001436,0.0,0.4937174011058375,Normal,Normal,Routine,D009A
1508,109.23278408867543,-0.44396207350716205,0.0,0.47403196762858724,Normal,Normal,Routine,D009A
1509,109.23284006481911,-0.44399456483036476,0.0,0.48054782348239006,Normal,Normal,Routine,D009A
1510,109.23292851995006,-0.44398843689505235,0.0,0.4544090423081242,Normal,Normal,Routine,D009A
1511,109.23300920582663,-0.44395250505115524,0.0,0.45642399020225716,Normal,Normal,Routine,D009A
1512,109.23311557638297,-0.44396027776668706,0.0,0.40283788704557943,Normal,Normal,Routine,D009A
1513,109.2313775054068,-0.44392293869503346,0.0,0.4018825571374377,Normal,Normal,Routine,D009A
1514,109.23150937508537,-0.44392311062006845,0.0,0.5024960221597022,Healthy,Healthy,None,D009A
1515,109.23160536370442,-0.44393313254891986,0.0,0.4710488287560393,Normal,Normal,Routine,D009A
1516,109.23171990615518,-0.4439127239211093,0.0,0.3932890005178957,Abnormal,Abnormal,Monitor,D009A
1517,109.23177607032858,-0.44390981023491266,0.0,0.4532020824559617,Normal,Normal,Routine,D009A
1518,109.23186274728954,-0.44392066096813587,0.0,0.4828633862951617,Normal,Normal,Routine,D009A
1519,109.23198115111506,-0.44390532456136,0.0,0.4974821240021058,Normal,Normal,Routine,D009A
1520,109.23220154905202,-0.44391297914329886,0.0,0.469704079670056,Normal,Normal,Routine,D009A
1521,109.23233458405899,-0.4439084761156215,0.0,0.47544989274879823,Normal,Normal,Routine,D009A
1522,109.23262968745792,-0.44391319523265776,0.0,0.4487670135147646,Normal,Normal,Routine,D009A
1523,109.23280850702605,-0.4439139743651558,0.0,0.48240133425422477,Normal,Normal,Routine,D009A
1524,109.23293166856135,-0.4438969272440055,0.0,0.4826152156272353,Normal,Normal,Routine,D009A
1525,109.23304054194512,-0.4439150041282975,0.0,0.47806113224495994,Normal,Normal,Routine,D009A
1526,109.23328445482161,-0.4438891908501333,0.0,0.4506893865375852,Normal,Normal,Routine,D009A
1527,109.23339435424865,-0.4439215812070704,0.0,0.441523010015707,Normal,Normal,Routine,D009A
1528,109.23349221156556,-0.443908086397018,0.0,0.4475856405825703,Normal,Normal,Routine,D009A
1529,109.23145226670695,-0.4438963323881264,0.0,0.5227743047186578,Healthy,Healthy,None,D009A
1530,109.23148215414453,-0.44385021953327486,0.0,0.4988876842122221,Normal,Normal,Routine,D009A
1531,109.23164574512758,-0.44385515388296,0.0,0.5031417175634985,Healthy,Healthy,None,D009A
1532,109.2317388431881,-0.4438459750742969,0.0,0.47312949746023886,Normal,Normal,Routine,D009A
1533,109.23181030917378,-0.44384024999258304,0.0,0.48640294239482973,Normal,Normal,Routine,D009A
1534,109.23189801629694,-0.4438366295018507,0.0,0.43064770298869265,Normal,Normal,Routine,D009A
1535,109.23208014190435,-0.4438732277525007,0.0,0.4616591162019712,Normal,Normal,Routine,D009A
1536,109.2321738547666,-0.4438511755078614,0.0,0.4768590592852264,Normal,Normal,Routine,D009A
1537,109.23223994003314,-0.4438458397821662,0.0,0.42340167419859237,Normal,Normal,Routine,D009A
1538,109.23234758526534,-0.44385329449355276,0.0,0.46266939334071,Normal,Normal,Routine,D009A
1539,109.23244349108484,-0.4438074271902864,0.0,0.440941846833699,Normal,Normal,Routine,D009A
1540,109.23248926640507,-0.4438174153198545,0.0,,Normal,Normal,Routine,D009A
1541,109.23248926640507,-0.4438174153198545,0.0,0.4360799059148284,Normal,Normal,Routine,D009A
1542,109.23256145291393,-0.4438226966062357,0.0,0.4415941418003692,Normal,Normal,Routine,D009A
1543,109.2326672493482,-0.44384602038660415,0.0,0.4864582357795438,Normal,Normal,Routine,D009A
1544,109.23272036235804,-0.4438572464574466,0.0,0.3705933142294739,Abnormal,Abnormal,Monitor,D009A
1545,109.23279487054279,-0.44384136321559176,0.0,0.4806506330617474,Normal,Normal,Routine,D009A
1546,109.23290379001924,-0.44385065304745974,0.0,0.48100218376986126,Normal,Normal,Routine,D009A
1547,109.23298164376308,-0.4438633997694044,0.0,0.47525861697660204,Normal,Normal,Routine,D009A
1548,109.2330814371966,-0.44382945021425957,0.0,0.4977995433422803,Normal,Normal,Routine,D009A
1549,109.233183522091,-0.4438221345856272,0.0,0.46111454881697955,Normal,Normal,Routine,D009A
1550,109.23326542960534,-0.44385439793327724,0.0,0.40660875449863887,Normal,Normal,Routine,D009A
1551,109.23335136338288,-0.44385551551760666,0.0,0.4686773491719465,Normal,Normal,Routine,D009A
1552,109.23343751894933,-0.4438494349424538,0.0,0.4587183428282242,Normal,Normal,Routine,D009A
1553,109.23353128821415,-0.44383980411426477,0.0,0.46781560144506423,Normal,Normal,Routine,D009A
1554,109.2313877075125,-0.44377361821012645,0.0,0.4706729109393307,Normal,Normal,Routine,D009A
1555,109.23146673550043,-0.4437776604541047,0.0,0.4965248649529404,Normal,Normal,Routine,D009A
1556,109.2316148576328,-0.4437738881186012,0.0,0.5041517785630315,Healthy,Healthy,None,D009A
1557,109.23172712736631,-0.44376141685386705,0.0,0.46847056065548265,Normal,Normal,Routine,D009A
1558,109.23178960398663,-0.4437761529459871,0.0,0.4918924448954547,Normal,Normal,Routine,D009A
1559,109.2318830009965,-0.44377908093388063,0.0,0.4651646254492288,Normal,Normal,Routine,D009A
1560,109.23197252337728,-0.44378365833080025,0.0,0.4868417083121062,Normal,Normal,Routine,D009A
1561,109.2320223362542,-0.44374514092561185,0.0,0.47715319139721274,Normal,Normal,Routine,D009A
1562,109.23212789488322,-0.44376733065639457,0.0,0.4402995137806319,Normal,Normal,Routine,D009A
1563,109.23220809345179,-0.443786077050785,0.0,0.41475856919919163,Normal,Normal,Routine,D009A
1564,109.23230835110841,-0.4437413764358174,0.0,0.4809406802574574,Normal,Normal,Routine,D009A
1565,109.2324595003295,-0.4437760772397983,0.0,0.4774693899950366,Normal,Normal,Routine,D009A
1566,109.23256047382587,-0.4437582606488134,0.0,0.46234425727704365,Normal,Normal,Routine,D009A
1567,109.23263197043964,-0.4437787837021751,0.0,0.46942407376082085,Normal,Normal,Routine,D009A
1568,109.2326781496198,-0.4437827502102879,0.0,,Normal,Normal,Routine,D009A
1569,109.2326781496198,-0.4437827502102879,0.0,0.4547859979524724,Normal,Normal,Routine,D009A
1570,109.23280124331264,-0.4437752108531156,0.0,0.5065992997648815,Healthy,Healthy,None,D009A
1571,109.23284446064268,-0.4437651102973878,0.0,0.4965433157786476,Normal,Normal,Routine,D009A
1572,109.23294799775476,-0.4437665142575593,0.0,0.47104787352701283,Normal,Normal,Routine,D009A
1573,109.23306890520924,-0.44377732257015534,0.0,0.4834206948052816,Normal,Normal,Routine,D009A
1574,109.2331604632233,-0.44373609142925197,0.0,0.48694266321690566,Normal,Normal,Routine,D009A
1575,109.23320479862933,-0.4437423100966611,0.0,0.5073560809694306,Healthy,Healthy,None,D009A
1576,109.23340673032654,-0.4437374121482507,0.0,0.4670342330514416,Normal,Normal,Routine,D009A
1577,109.23349793325032,-0.44378068032271345,0.0,0.47012062499439944,Normal,Normal,Routine,D009A
1578,109.2313868648735,-0.44368311867905524,0.0,0.5193012908297571,Healthy,Healthy,None,D009A
1579,109.23150065398123,-0.4436726860650343,0.0,0.5045069413877468,Healthy,Healthy,None,D009A
1580,109.23158135985389,-0.44370736086645984,0.0,0.5165093433411799,Healthy,Healthy,None,D009A
1581,109.23165795139155,-0.44369017414493017,0.0,0.5126980372106714,Healthy,Healthy,None,D009A
1582,109.23173977017085,-0.4436948346896242,0.0,0.4653590907080637,Normal,Normal,Routine,D009A
1583,109.23182107019466,-0.44369385410312384,0.0,0.4641272862003568,Normal,Normal,Routine,D009A
1584,109.23189796553864,-0.4436759024139543,0.0,0.44380279332353617,Normal,Normal,Routine,D009A
1585,109.23200847310427,-0.4436776173286991,0.0,0.47878823834681444,Normal,Normal,Routine,D009A
1586,109.23208691048558,-0.44366471650659434,0.0,0.4946784903075228,Normal,Normal,Routine,D009A
1587,109.23217210298012,-0.44367404312825426,0.0,0.48031614782034,Normal,Normal,Routine,D009A
1588,109.23236114658278,-0.44369767901767054,0.0,0.4991910916453351,Normal,Normal,Routine,D009A
1589,109.23244783361852,-0.4436964754542842,0.0,0.491358441451051,Normal,Normal,Routine,D009A
1590,109.23253296069318,-0.44367873643406414,0.0,0.4895189895445979,Normal,Normal,Routine,D009A
1591,109.23261849557774,-0.44370644840985024,0.0,0.4946316247043417,Normal,Normal,Routine,D009A
1592,109.23269512925134,-0.4437124894664501,0.0,0.4671784945046763,Normal,Normal,Routine,D009A
1593,109.2328402756835,-0.4437155456387768,0.0,0.5059748579589998,Healthy,Healthy,None,D009A
1594,109.2329186917788,-0.4436940720560189,0.0,0.47170706939646057,Normal,Normal,Routine,D009A
1595,109.23301105015042,-0.44370202134290426,0.0,0.4261136321423977,Normal,Normal,Routine,D009A
1596,109.23310878112102,-0.4437136171459932,0.0,0.39113746929585697,Abnormal,Abnormal,Monitor,D009A
1597,109.23318686260563,-0.4436941003772639,0.0,0.4818203327135553,Normal,Normal,Routine,D009A
1598,109.23336773333774,-0.44369335713061775,0.0,0.4703488602264068,Normal,Normal,Routine,D009A
1599,109.23352352271243,-0.4436767735908205,0.0,0.5016933809120231,Healthy,Healthy,None,D009A
1600,109.23137072696872,-0.44362081868075803,0.0,0.48957347901800846,Normal,Normal,Routine,D009A
1601,109.23145962804851,-0.44363157589121793,0.0,0.5270376026849872,Healthy,Healthy,None,D009A
1602,109.23160378622676,-0.4436462204088107,0.0,0.5026896481435866,Healthy,Healthy,None,D009A
1603,109.23169434846214,-0.4436446126599245,0.0,0.49273239407985486,Normal,Normal,Routine,D009A
1604,109.2318948305371,-0.443642006791038,0.0,0.44963098879895547,Normal,Normal,Routine,D009A
1605,109.23203974443777,-0.44362158012426056,0.0,0.4824190602854155,Normal,Normal,Routine,D009A
1606,109.2321391936519,-0.4436335769470223,0.0,0.5050944539711761,Healthy,Healthy,None,D009A
1607,109.23222974089107,-0.44363092291474643,0.0,0.4781026326099324,Normal,Normal,Routine,D009A
1608,109.23232256504066,-0.44363672641840796,0.0,0.4773738228243869,Normal,Normal,Routine,D009A
1609,109.23245785483664,-0.4436581862918602,0.0,0.5079662431468255,Healthy,Healthy,None,D009A
1610,109.2325700420982,-0.44365277211976817,0.0,0.5028688033440079,Healthy,Healthy,None,D009A
1611,109.23264958534712,-0.443628207017996,0.0,0.49153257298235586,Normal,Normal,Routine,D009A
1612,109.23272512319734,-0.4436415373507803,0.0,0.4894025993127764,Normal,Normal,Routine,D009A
1613,109.23280405537453,-0.443614253779034,0.0,0.4749656422920754,Normal,Normal,Routine,D009A
1614,109.23289861023652,-0.4436288320933166,0.0,0.46909657201177324,Normal,Normal,Routine,D009A
1615,109.23306107386723,-0.44361922953743715,0.0,0.4296087099525395,Normal,Normal,Routine,D009A
1616,109.23314208974236,-0.44363109170177484,0.0,0.4489826234837696,Normal,Normal,Routine,D009A
1617,109.23328551818524,-0.4436060816567872,0.0,0.4616667169531369,Normal,Normal,Routine,D009A
1618,109.23345104942908,-0.4436041256651837,0.0,0.4341331723000051,Normal,Normal,Routine,D009A
1619,109.2313952876866,-0.4435745652801535,0.0,0.4871534529730586,Normal,Normal,Routine,D009A
1620,109.2314885009811,-0.4435339721151722,0.0,0.5167106816739392,Healthy,Healthy,None,D009A
1621,109.23156158406759,-0.4435802580590242,0.0,0.47343343904297946,Normal,Normal,Routine,D009A
1622,109.23166662495804,-0.4435583378524134,0.0,0.506736463741258,Healthy,Healthy,None,D009A
1623,109.23174780938781,-0.4435334421904811,0.0,0.46159862254706907,Normal,Normal,Routine,D009A
1624,109.23192048253712,-0.44357356037562434,0.0,0.42942802192390095,Normal,Normal,Routine,D009A
1625,109.23200744960066,-0.4435467535104329,0.0,0.45525934316197336,Normal,Normal,Routine,D009A
1626,109.2321748598513,-0.44352612696807514,0.0,0.4595776568752919,Normal,Normal,Routine,D009A
1627,109.23227530763573,-0.4435583712439076,0.0,0.5107539445754764,Healthy,Healthy,None,D009A
1628,109.23234486189294,-0.44356873223159027,0.0,0.44806767055029223,Normal,Normal,Routine,D009A
1629,109.23245172423745,-0.44355556965879617,0.0,0.5048327418749627,Healthy,Healthy,None,D009A
1630,109.23253070129329,-0.4435473070954816,0.0,0.515336853760945,Healthy,Healthy,None,D009A
1631,109.23254455015045,-0.4435729138021885,0.0,0.49171915257487925,Normal,Normal,Routine,D009A
1632,109.23267880429232,-0.44357150825539154,0.0,0.48283463936112647,Normal,Normal,Routine,D009A
1633,109.23280191785041,-0.4435407989740563,0.0,0.5067064087352823,Healthy,Healthy,None,D009A
1634,109.23292391975394,-0.4435462748928752,0.0,0.48316676686673543,Normal,Normal,Routine,D009A
1635,109.23301278392394,-0.4435311890594,0.0,0.4742144661360849,Normal,Normal,Routine,D009A
1636,109.23311230468146,-0.44355232652999443,0.0,0.4783692295148576,Normal,Normal,Routine,D009A
1637,109.23318603311773,-0.44354804974400314,0.0,0.5167495333568233,Healthy,Healthy,None,D009A
1638,109.23325826905504,-0.44355334097414495,0.0,0.46664700164834344,Normal,Normal,Routine,D009A
1639,109.23344772559099,-0.4435331501345883,0.0,0.4947597241295562,Normal,Normal,Routine,D009A
1640,109.23351583606322,-0.4435448111503277,0.0,0.48027119435415677,Normal,Normal,Routine,D009A
1641,109.23137472283874,-0.4434793188701799,0.0,0.5060164420323611,Healthy,Healthy,None,D009A
1642,109.2314038629978,-0.44349712968036,0.0,0.5022339137215156,Healthy,Healthy,None,D009A
1643,109.23151591057359,-0.44347821252070796,0.0,0.4847816195245318,Normal,Normal,Routine,D009A
1644,109.23157420727462,-0.4434751166681726,0.0,0.5107796865098315,Healthy,Healthy,None,D009A
1645,109.2316861391344,-0.44345177655776424,0.0,0.510201990485739,Healthy,Healthy,None,D009A
1646,109.2317820075822,-0.4434912694765366,0.0,0.46875504830737624,Normal,Normal,Routine,D009A
1647,109.23188707182186,-0.4435072610213001,0.0,0.4610535074242644,Normal,Normal,Routine,D009A
1648,109.23193998081717,-0.44349612918913056,0.0,0.4409261385788587,Normal,Normal,Routine,D009A
1649,109.23206240038886,-0.44349390693425633,0.0,0.49691526781412326,Normal,Normal,Routine,D009A
1650,109.23212461868731,-0.44348059526884687,0.0,0.4884691726967482,Normal,Normal,Routine,D009A
1651,109.23221266891841,-0.4434885055350402,0.0,0.46433154588130116,Normal,Normal,Routine,D009A
1652,109.23228793704907,-0.4434876175302971,0.0,0.45873009211156,Normal,Normal,Routine,D009A
1653,109.23241493002533,-0.4434955561505579,0.0,0.5063542104853109,Healthy,Healthy,None,D009A
1654,109.23246377777146,-0.44348139665076125,0.0,0.4766920090980547,Normal,Normal,Routine,D009A
1655,109.23254450303916,-0.4434648158713606,0.0,0.4622115756959006,Normal,Normal,Routine,D009A
1656,109.23263456142487,-0.4435009162850069,0.0,0.47020013359750396,Normal,Normal,Routine,D009A
1657,109.23271412181221,-0.4435139102768009,0.0,0.4796383758008462,Normal,Normal,Routine,D009A
1658,109.23281509078629,-0.4434848948419963,0.0,0.4498030184621059,Normal,Normal,Routine,D009A
1659,109.23288197694941,-0.44350766666941016,0.0,0.4614162873334034,Normal,Normal,Routine,D009A
1660,109.23295104738466,-0.44348258539515806,0.0,0.41774127690640744,Normal,Normal,Routine,D009A
1661,109.23305439141397,-0.4434989554200823,0.0,0.46926866441170495,Normal,Normal,Routine,D009A
1662,109.23324200692835,-0.4434806242806965,0.0,0.45647725727539157,Normal,Normal,Routine,D009A
1663,109.23329776531328,-0.44351100491023393,0.0,0.4737990319253914,Normal,Normal,Routine,D009A
1664,109.2334151270764,-0.44348871142733176,0.0,0.490268294157957,Normal,Normal,Routine,D009A
1665,109.23349538920189,-0.4434859074980943,0.0,0.4739918171246214,Normal,Normal,Routine,D009A
1666,109.23139335437762,-0.4434128439607157,0.0,0.5136227340237495,Healthy,Healthy,None,D009A
1667,109.23148231045883,-0.44338866818032663,0.0,0.36986803202842705,Abnormal,Abnormal,Monitor,D009A
1668,109.23158555494507,-0.4433964111896309,0.0,0.5110821491178655,Healthy,Healthy,None,D009A
1669,109.23168594191155,-0.44339711807946497,0.0,0.4872953568659277,Normal,Normal,Routine,D009A
1670,109.23174750709238,-0.44339920553580187,0.0,0.40724866920047337,Normal,Normal,Routine,D009A
1671,109.2318336446679,-0.44340803501125015,0.0,0.4620253304299367,Normal,Normal,Routine,D009A
1672,109.23191347731645,-0.4434129464588988,0.0,0.4369813082445549,Normal,Normal,Routine,D009A
1673,109.2321897338697,-0.4433993145956237,0.0,0.45985547072174654,Normal,Normal,Routine,D009A
1674,109.23226423318629,-0.44340175873858345,0.0,0.382167910329423,Abnormal,Abnormal,Monitor,D009A
1675,109.23233674705405,-0.4434091398676398,0.0,0.4803160358539062,Normal,Normal,Routine,D009A
1676,109.23244239097974,-0.44341263867412267,0.0,0.46046900897349413,Normal,Normal,Routine,D009A
1677,109.23252425020009,-0.443421145186869,0.0,0.4888870276277742,Normal,Normal,Routine,D009A
1678,109.23258564676676,-0.44342603953701953,0.0,0.46629621595574067,Normal,Normal,Routine,D009A
1679,109.23268301908728,-0.4433968839747859,0.0,0.4272570644184422,Normal,Normal,Routine,D009A
1680,109.23284941871887,-0.4434259935259686,0.0,0.49109792354321385,Normal,Normal,Routine,D009A
1681,109.23299967235344,-0.44342305721491715,0.0,0.4470784534316729,Normal,Normal,Routine,D009A
1682,109.23326416774985,-0.4434104796021831,0.0,0.48032380251979534,Normal,Normal,Routine,D009A
1683,109.2333424972747,-0.4434056215464023,0.0,0.46541838059030427,Normal,Normal,Routine,D009A
1684,109.23343786895543,-0.44340393895732305,0.0,0.46983950283446924,Normal,Normal,Routine,D009A
1685,109.23135663540585,-0.4433424880582212,0.0,0.4674787044981537,Normal,Normal,Routine,D009A
1686,109.23152995351282,-0.44335973490048874,0.0,0.37067799648515354,Abnormal,Abnormal,Monitor,D009A
1687,109.23177102572687,-0.4433495282018335,0.0,0.460784382675589,Normal,Normal,Routine,D009A
1688,109.23185388888986,-0.443363055615675,0.0,0.47500164418315594,Normal,Normal,Routine,D009A
1689,109.23195539478895,-0.4433537829446959,0.0,0.4610484646886332,Normal,Normal,Routine,D009A
1690,109.23205964454526,-0.44334605094934204,0.0,0.508416416492152,Healthy,Healthy,None,D009A
1691,109.23215057342941,-0.44331357779073033,0.0,0.4320522795242766,Normal,Normal,Routine,D009A
1692,109.2322848510108,-0.44333818344902576,0.0,0.47149498185326966,Normal,Normal,Routine,D009A
1693,109.23239949902668,-0.44334620499965594,0.0,0.5160594901796425,Healthy,Healthy,None,D009A
1694,109.23244415592976,-0.44332618373667976,0.0,0.4951884259923338,Normal,Normal,Routine,D009A
1695,109.23255748780686,-0.44333497090843477,0.0,0.45216100244920554,Normal,Normal,Routine,D009A
1696,109.23262764506686,-0.44334805396726357,0.0,0.4571969049265337,Normal,Normal,Routine,D009A
1697,109.23273160973633,-0.44334189084709236,0.0,0.4555843798826254,Normal,Normal,Routine,D009A
1698,109.23298507528095,-0.4433669302747164,0.0,0.42775032999655266,Normal,Normal,Routine,D009A
1699,109.23322470645365,-0.443343266318239,0.0,0.4571910936021336,Normal,Normal,Routine,D009A
1700,109.23332855389533,-0.4433391513939759,0.0,0.4692890279680673,Normal,Normal,Routine,D009A
1701,109.2333784440813,-0.44336109170157845,0.0,0.4269551974929673,Normal,Normal,Routine,D009A
1702,109.23347558144523,-0.44337212577235274,0.0,0.4763544196563235,Normal,Normal,Routine,D009A
1703,109.23353353931415,-0.44336247998560835,0.0,0.41406814956291593,Normal,Normal,Routine,D009A
1704,109.23140323181106,-0.4432650191006089,0.0,0.4688002986755248,Normal,Normal,Routine,D009A
1705,109.23150045864584,-0.4432543862453393,0.0,0.49823390439852283,Normal,Normal,Routine,D009A
1706,109.23156704703544,-0.44327125112012805,0.0,0.46878094524145125,Normal,Normal,Routine,D009A
1707,109.23167748352358,-0.44326955318088995,0.0,0.5005214455176746,Healthy,Healthy,None,D009A
1708,109.23172095825704,-0.44323450674710474,0.0,0.4970867242732662,Normal,Normal,Routine,D009A
1709,109.23183662287452,-0.4432547483100375,0.0,0.4605291407397742,Normal,Normal,Routine,D009A
1710,109.23192817550229,-0.4432472809308273,0.0,0.4674140220760058,Normal,Normal,Routine,D009A
1711,109.23199829668965,-0.4432532815229364,0.0,0.4715726555087695,Normal,Normal,Routine,D009A
1712,109.23207735049954,-0.44323944217052574,0.0,0.5034211520778571,Healthy,Healthy,None,D009A
1713,109.23217711007321,-0.4432533009952994,0.0,0.4936531179975044,Normal,Normal,Routine,D009A
1714,109.232261245066,-0.4432598457243644,0.0,0.4744096618651467,Normal,Normal,Routine,D009A
1715,109.23235337353066,-0.44328257568147944,0.0,0.49522901461446844,Normal,Normal,Routine,D009A
1716,109.23242816327549,-0.4432724718561769,0.0,0.47569736875822205,Normal,Normal,Routine,D009A
1717,109.23259441646051,-0.44327886902501745,0.0,0.44934328037536947,Normal,Normal,Routine,D009A
1718,109.23267711428936,-0.4432814136982551,0.0,0.46129192673355524,Normal,Normal,Routine,D009A
1719,109.23274737990195,-0.443254270908805,0.0,0.48317853697455393,Normal,Normal,Routine,D009A
1720,109.23285288847556,-0.4432642290671984,0.0,0.4812670044653481,Normal,Normal,Routine,D009A
1721,109.23292905635054,-0.44326480532064916,0.0,0.47573305493156104,Normal,Normal,Routine,D009A
1722,109.23300701649923,-0.4432834010413167,0.0,0.44390689745426765,Normal,Normal,Routine,D009A
1723,109.23308228141767,-0.44327345557210845,0.0,0.4262235414894322,Normal,Normal,Routine,D009A
1724,109.23328051311469,-0.44329505352005466,0.0,0.4816320239583688,Normal,Normal,Routine,D009A
1725,109.23335584768373,-0.44327932417414284,0.0,0.46074169908026386,Normal,Normal,Routine,D009A
1726,109.23345446496698,-0.44326943494944143,0.0,0.4598258270066234,Normal,Normal,Routine,D009A
1727,109.23353562480875,-0.44326896974048924,0.0,0.48267816292187105,Normal,Normal,Routine,D009A
1728,109.2313622171574,-0.4432028560025883,0.0,0.4711778137339827,Normal,Normal,Routine,D009A
1729,109.23144879091915,-0.4431828855254214,0.0,0.47725328811279993,Normal,Normal,Routine,D009A
1730,109.23150556472017,-0.44320009800082255,0.0,0.4953269384004498,Normal,Normal,Routine,D009A
1731,109.23170288322979,-0.4431740248179595,0.0,0.517615712379693,Healthy,Healthy,None,D009A
1732,109.23175706355285,-0.44316926948350815,0.0,0.4987524800854788,Normal,Normal,Routine,D009A
1733,109.23183762731986,-0.44320476714122914,0.0,0.4743747863943698,Normal,Normal,Routine,D009A
1734,109.23191978439813,-0.4432033418237773,0.0,0.4414507408906346,Normal,Normal,Routine,D009A
1735,109.23202639337369,-0.44320164657202327,0.0,0.4862164300265249,Normal,Normal,Routine,D009A
1736,109.23210781738352,-0.44319680373637016,0.0,0.45414158684559125,Normal,Normal,Routine,D009A
1737,109.23219187436264,-0.4431951844479954,0.0,0.4708670484990448,Normal,Normal,Routine,D009A
1738,109.23231301306821,-0.4432192380312026,0.0,0.5013009776303347,Healthy,Healthy,None,D009A
1739,109.23239872128326,-0.44320918113847035,0.0,0.49916156709815446,Normal,Normal,Routine,D009A
1740,109.23258101125722,-0.44321575035513816,0.0,0.48034121627273735,Normal,Normal,Routine,D009A
1741,109.2326399367445,-0.4432090103158728,0.0,0.4776150620275763,Normal,Normal,Routine,D009A
1742,109.23273413883399,-0.44320355290704194,0.0,0.4829784161892452,Normal,Normal,Routine,D009A
1743,109.23281758558322,-0.44321091314057287,0.0,0.4937313003805599,Normal,Normal,Routine,D009A
1744,109.23287808995542,-0.4432129460697665,0.0,0.4716438830940682,Normal,Normal,Routine,D009A
1745,109.23293417874193,-0.4431909190965532,0.0,0.4736217123957078,Normal,Normal,Routine,D009A
1746,109.23304023730084,-0.4432036843220946,0.0,0.4684033133421035,Normal,Normal,Routine,D009A
1747,109.23322763682923,-0.44322868434266893,0.0,0.37852729414825464,Abnormal,Abnormal,Monitor,D009A
1748,109.23331468193498,-0.44322906335382006,0.0,0.47911769979936214,Normal,Normal,Routine,D009A
1749,109.23339336136758,-0.4432183880249396,0.0,0.47435564400046204,Normal,Normal,Routine,D009A
1750,109.23348136148304,-0.443203017104764,0.0,0.46971994501441816,Normal,Normal,Routine,D009A
1751,109.23353842630516,-0.44320163999934037,0.0,0.4926010555045366,Normal,Normal,Routine,D009A
1752,109.23139417805127,-0.4431253175089537,0.0,0.48269885752814323,Normal,Normal,Routine,D009A
1753,109.23156111675225,-0.44313830898332107,0.0,0.4743682824953915,Normal,Normal,Routine,D009A
1754,109.23166597710734,-0.44311248124028846,0.0,0.508986338488529,Healthy,Healthy,None,D009A
1755,109.23189951490696,-0.44314279244347693,0.0,0.4310040074927153,Normal,Normal,Routine,D009A
1756,109.23199311056521,-0.44313001280220116,0.0,0.47682556997081027,Normal,Normal,Routine,D009A
1757,109.23216116871583,-0.44312722364346546,0.0,0.4519408099759377,Normal,Normal,Routine,D009A
1758,109.23228207325285,-0.443134931990303,0.0,0.45903191809125066,Normal,Normal,Routine,D009A
1759,109.23244891858589,-0.44317078135695076,0.0,0.4920238490720114,Normal,Normal,Routine,D009A
1760,109.23254375971456,-0.4431447820797777,0.0,0.4915900890303214,Normal,Normal,Routine,D009A
1761,109.23260659999185,-0.44314887555983246,0.0,0.4867349487780793,Normal,Normal,Routine,D009A
1762,109.2326666994176,-0.4431425653415207,0.0,0.4325868202399652,Normal,Normal,Routine,D009A
1763,109.23274061162002,-0.4431397942443757,0.0,0.4595688536095429,Normal,Normal,Routine,D009A
1764,109.23283344699477,-0.4431438072117512,0.0,0.48289990038292363,Normal,Normal,Routine,D009A
1765,109.23310111654177,-0.4431552575214326,0.0,0.45987302347511716,Normal,Normal,Routine,D009A
1766,109.23317135197024,-0.4431342377103559,0.0,0.49282894428804597,Normal,Normal,Routine,D009A
1767,109.23326477652223,-0.44314250824894447,0.0,0.45642039161495845,Normal,Normal,Routine,D009A
1768,109.23343201649911,-0.44312819449043117,0.0,0.48406115955918844,Normal,Normal,Routine,D009A
1769,109.2335179307481,-0.4431396997057631,0.0,0.4802951834958755,Normal,Normal,Routine,D009A
1770,109.23143858399163,-0.4430649862542468,0.0,0.4991055161090592,Normal,Normal,Routine,D009A
1771,109.23147852283495,-0.4430387287387607,0.0,0.5007179725265327,Healthy,Healthy,None,D009A
1772,109.23161694414577,-0.44308202086703796,0.0,0.5191029797826056,Healthy,Healthy,None,D009A
1773,109.2316907463068,-0.44305067577263596,0.0,0.5304191578985468,Healthy,Healthy,None,D009A
1774,109.23176130950311,-0.443071532258705,0.0,0.49778961885666767,Normal,Normal,Routine,D009A
1775,109.23185497725142,-0.44303502477950607,0.0,0.4419130421455674,Normal,Normal,Routine,D009A
1776,109.23204304144076,-0.4430407986920183,0.0,0.4460466944410524,Normal,Normal,Routine,D009A
1777,109.23205427325823,-0.4431020937575773,0.0,0.49543083830067103,Normal,Normal,Routine,D009A
1778,109.23213088367007,-0.4430811026271592,0.0,0.49083677158924177,Normal,Normal,Routine,D009A
1779,109.23221615306348,-0.4430578085206168,0.0,0.4317111218539098,Normal,Normal,Routine,D009A
1780,109.23230163943579,-0.4430589621438888,0.0,0.4892261495201985,Normal,Normal,Routine,D009A
1781,109.23233872324985,-0.44310234387141,0.0,0.5013972794761412,Healthy,Healthy,None,D009A
1782,109.23235691842167,-0.44304257960742977,0.0,0.4774544966264763,Normal,Normal,Routine,D009A
1783,109.23242710650355,-0.4430771786131043,0.0,0.4729689969228814,Normal,Normal,Routine,D009A
1784,109.2325287840608,-0.44307521991528215,0.0,0.4490445244173416,Normal,Normal,Routine,D009A
1785,109.23265124141642,-0.44305773218331057,0.0,0.4423779897469549,Normal,Normal,Routine,D009A
1786,109.23273375695318,-0.443037296790774,0.0,0.4826236311043191,Normal,Normal,Routine,D009A
1787,109.23284426555705,-0.443072709404812,0.0,0.4947937879816263,Normal,Normal,Routine,D009A
1788,109.23294131398848,-0.44307983778099713,0.0,0.4559424182845771,Normal,Normal,Routine,D009A
1789,109.23309362859587,-0.4430451457084341,0.0,0.43808766696562096,Normal,Normal,Routine,D009A
1790,109.2332260103873,-0.4430681032565762,0.0,0.5119178375101865,Healthy,Healthy,None,D009A
1791,109.23328885055841,-0.44307653374244493,0.0,0.4590704536054032,Normal,Normal,Routine,D009A
1792,109.2333959846587,-0.44306153365243367,0.0,0.4791252900873954,Normal,Normal,Routine,D009A
1793,109.23346300025125,-0.44308786843158093,0.0,0.4919052594250031,Normal,Normal,Routine,D009A
1794,109.2335376961158,-0.4430457505996258,0.0,0.4811926692897763,Normal,Normal,Routine,D009A
1795,109.23137735255084,-0.4429851709452784,0.0,0.483060959815541,Normal,Normal,Routine,D009A
1796,109.23149089618701,-0.44297570220999344,0.0,0.4544727468040685,Normal,Normal,Routine,D009A
1797,109.23156212094646,-0.4430098384541916,0.0,0.4944395533997772,Normal,Normal,Routine,D009A
1798,109.23165045344324,-0.4429864311527573,0.0,0.5199713544045971,Healthy,Healthy,None,D009A
1799,109.23176727631547,-0.44295956452248164,0.0,0.5188645370759809,Healthy,Healthy,None,D009A
1800,109.23183454252823,-0.44295151525751975,0.0,0.4520501440935024,Normal,Normal,Routine,D009A
1801,109.23217028990032,-0.4429712743299926,0.0,0.4418191279176921,Normal,Normal,Routine,D009A
1802,109.23224814291868,-0.44297177321343983,0.0,0.42516159685742966,Normal,Normal,Routine,D009A
1803,109.23235094809532,-0.4429761258752026,0.0,0.45057322835680674,Normal,Normal,Routine,D009A
1804,109.23242129993517,-0.44295651409215614,0.0,0.4858431300826421,Normal,Normal,Routine,D009A
1805,109.23248579356118,-0.44297350957630877,0.0,0.4558836729092965,Normal,Normal,Routine,D009A
1806,109.2325670393283,-0.44297794387006767,0.0,0.442380392595182,Normal,Normal,Routine,D009A
1807,109.2326836148873,-0.4429752707302197,0.0,0.46609919392835597,Normal,Normal,Routine,D009A
1808,109.23278981792369,-0.4429809933097394,0.0,0.49727668765681987,Normal,Normal,Routine,D009A
1809,109.23292416482265,-0.4429899971086232,0.0,0.473605821664022,Normal,Normal,Routine,D009A
1810,109.23300910755917,-0.4430148006900228,0.0,0.4154717978267225,Normal,Normal,Routine,D009A
1811,109.23315374364392,-0.44297295557851396,0.0,0.4319826238841467,Normal,Normal,Routine,D009A
1812,109.23325708930766,-0.44296729687761577,0.0,0.509798562767825,Healthy,Healthy,None,D009A
1813,109.23332312069313,-0.442984766583779,0.0,0.45557112982690406,Normal,Normal,Routine,D009A
1814,109.23348011257099,-0.4429920250909281,0.0,0.44988209661182066,Normal,Normal,Routine,D009A
1815,109.23135427642596,-0.44292648014374975,0.0,0.48641344615370447,Normal,Normal,Routine,D009A
1816,109.23145745373348,-0.44292957683427053,0.0,0.48186721459227594,Normal,Normal,Routine,D009A
1817,109.2315691114088,-0.4429184057536973,0.0,0.5104524090031094,Healthy,Healthy,None,D009A
1818,109.23168852505556,-0.44293250711655785,0.0,0.49524496033431414,Normal,Normal,Routine,D009A
1819,109.23177519202036,-0.442913487962312,0.0,0.49992161189548373,Normal,Normal,Routine,D009A
1820,109.23186112202235,-0.44289609003310554,0.0,0.4962080639500348,Normal,Normal,Routine,D009A
1821,109.23199154816534,-0.4429039724721321,0.0,0.45212840188045994,Normal,Normal,Routine,D009A
1822,109.23220572571226,-0.44291095173856193,0.0,0.47073629614369533,Normal,Normal,Routine,D009A
1823,109.2323942192791,-0.4429092679924202,0.0,0.5010999831411005,Healthy,Healthy,None,D009A
1824,109.23248655244613,-0.44288697300794627,0.0,0.4928874036182323,Normal,Normal,Routine,D009A
1825,109.23256840780834,-0.4429117568521317,0.0,0.45334325140239273,Normal,Normal,Routine,D009A
1826,109.23262716687823,-0.4429439124109956,0.0,0.4328014623216147,Normal,Normal,Routine,D009A
1827,109.23276147528664,-0.44295229313903434,0.0,0.5078367422678569,Healthy,Healthy,None,D009A
1828,109.23281706944611,-0.4429175045925904,0.0,0.494786261534932,Normal,Normal,Routine,D009A
1829,109.2329929704443,-0.4429110431154992,0.0,0.46589378727184916,Normal,Normal,Routine,D009A
1830,109.2330228924035,-0.44294666697125373,0.0,0.4230049366086273,Normal,Normal,Routine,D009A
1831,109.23314100300226,-0.44291043027159266,0.0,0.48514513090412614,Normal,Normal,Routine,D009A
1832,109.23329671411584,-0.44292068892863784,0.0,0.4865207337836272,Normal,Normal,Routine,D009A
1833,109.23336630715995,-0.4429456977157843,0.0,0.4684741609084098,Normal,Normal,Routine,D009A
1834,109.23347659517562,-0.4429037973165281,0.0,0.49822645900586526,Normal,Normal,Routine,D009A
1835,109.23352531747547,-0.4429035693710785,0.0,0.4881283287256042,Normal,Normal,Routine,D009A
1836,109.2314079729705,-0.44283288655338965,0.0,0.5167399553306844,Healthy,Healthy,None,D009A
1837,109.23148319427048,-0.4428209715213743,0.0,0.47728771000552034,Normal,Normal,Routine,D009A
1838,109.23167059198747,-0.4428415359439225,0.0,0.5033214021658159,Healthy,Healthy,None,D009A
1839,109.23183115808037,-0.44284062047959744,0.0,0.4819784168268274,Normal,Normal,Routine,D009A
1840,109.23190299092569,-0.44280678265357865,0.0,0.4755598184645762,Normal,Normal,Routine,D009A
1841,109.23209218026545,-0.44282554433006804,0.0,0.5128249053127509,Healthy,Healthy,None,D009A
1842,109.23227877724442,-0.44284039339239883,0.0,0.4726566792503159,Normal,Normal,Routine,D009A
1843,109.23236410170792,-0.44282352160486266,0.0,0.4675926906199543,Normal,Normal,Routine,D009A
1844,109.23242906694625,-0.4428669624732765,0.0,0.5090349772321878,Healthy,Healthy,None,D009A
1845,109.23259758935403,-0.44284977606981224,0.0,0.48409205755597795,Normal,Normal,Routine,D009A
1846,109.23268711241182,-0.44284781443882504,0.0,0.4642477211618803,Normal,Normal,Routine,D009A
1847,109.23277016186378,-0.44283350578086594,0.0,0.4900896693069754,Normal,Normal,Routine,D009A
1848,109.23285941144013,-0.4428181270162202,0.0,0.5121228312239325,Healthy,Healthy,None,D009A
1849,109.23293990944003,-0.44284330118901327,0.0,0.5029457504317999,Healthy,Healthy,None,D009A
1850,109.23300537862485,-0.4428602254640819,0.0,0.44117062622255726,Normal,Normal,Routine,D009A
1851,109.23300537862485,-0.4428602254640819,0.0,,Normal,Normal,Routine,D009A
1852,109.23308019214214,-0.4428598174982329,0.0,0.41194056054115,Normal,Normal,Routine,D009A
1853,109.23324988427943,-0.4428193547262118,0.0,0.48395907173343905,Normal,Normal,Routine,D009A
1854,109.2333749657267,-0.4428389528470159,0.0,0.4706801757248381,Normal,Normal,Routine,D009A
1855,109.23350449368898,-0.4428165573399717,0.0,0.4855453840597943,Normal,Normal,Routine,D009A
1856,109.23139142643693,-0.44275874831184286,0.0,0.4728237893712261,Normal,Normal,Routine,D009A
1857,109.23153499750181,-0.44279456673637374,0.0,0.5079017202321333,Healthy,Healthy,None,D009A
1858,109.23196102177971,-0.4427845834326967,0.0,0.46035106082787797,Normal,Normal,Routine,D009A
1859,109.23205372447087,-0.4427721499034591,0.0,0.5018987648687603,Healthy,Healthy,None,D009A
1860,109.23213803318828,-0.4427923070411893,0.0,0.4565871687927556,Normal,Normal,Routine,D009A
1861,109.23226216646668,-0.4427681577440486,0.0,0.45622916642561606,Normal,Normal,Routine,D009A
1862,109.23236102982268,-0.44278854806755763,0.0,0.4519964498910822,Normal,Normal,Routine,D009A
1863,109.2324705491471,-0.4427454276149572,0.0,0.4986506064531811,Normal,Normal,Routine,D009A
1864,109.23255660778702,-0.4427880406880501,0.0,0.4613976626766013,Normal,Normal,Routine,D009A
1865,109.23262464950649,-0.44279400730054413,0.0,0.4451279117239261,Normal,Normal,Routine,D009A
1866,109.23281311814392,-0.4427650037883082,0.0,0.5036936287964178,Healthy,Healthy,None,D009A
1867,109.23289328378331,-0.44277120571283546,0.0,0.506673620805787,Healthy,Healthy,None,D009A
1868,109.23296672350179,-0.44275704666323334,0.0,0.48407735821117454,Normal,Normal,Routine,D009A
1869,109.23318515141656,-0.4427883181568677,0.0,0.47903244847609416,Normal,Normal,Routine,D009A
1870,109.2332849474918,-0.44275828595614014,0.0,0.3958301928237172,Abnormal,Abnormal,Monitor,D009A
1871,109.23343394999218,-0.4427775353275501,0.0,0.4861240023168395,Normal,Normal,Routine,D009A
1872,109.23156884500116,-0.4426969994049882,0.0,0.4825423455703317,Normal,Normal,Routine,D009A
1873,109.23190485344817,-0.442698915814478,0.0,0.4814951695842024,Normal,Normal,Routine,D009A
1874,109.23200702349106,-0.4426768691620484,0.0,0.4987882592976276,Normal,Normal,Routine,D009A
1875,109.23205154277106,-0.4427144353171869,0.0,0.463155512824019,Normal,Normal,Routine,D009A
1876,109.23209145648238,-0.44266915316895833,0.0,0.46936659919142504,Normal,Normal,Routine,D009A
1877,109.23218088145632,-0.4427019355214221,0.0,0.46318732037702026,Normal,Normal,Routine,D009A
1878,109.23224581102355,-0.4426911673625414,0.0,0.4268010032436679,Normal,Normal,Routine,D009A
1879,109.23235456869864,-0.44270453818745775,0.0,0.4833891058282425,Normal,Normal,Routine,D009A
1880,109.23250014423998,-0.44269334989508075,0.0,0.48130188604950247,Normal,Normal,Routine,D009A
1881,109.23259764041558,-0.44272143184098794,0.0,0.44684957809791975,Normal,Normal,Routine,D009A
1882,109.23266648994918,-0.4426997189993316,0.0,0.42482997447334575,Normal,Normal,Routine,D009A
1883,109.23275804199349,-0.4426948478172684,0.0,0.4717312756583003,Normal,Normal,Routine,D009A
1884,109.23284635269401,-0.44269160630446575,0.0,0.47576505247342443,Normal,Normal,Routine,D009A
1885,109.23293628078987,-0.4427014150990251,0.0,0.46406591201529784,Normal,Normal,Routine,D009A
1886,109.23307713792607,-0.4427084834318617,0.0,0.4601651996987196,Normal,Normal,Routine,D009A
1887,109.23318775319919,-0.4427070061264231,0.0,0.47207916110918463,Normal,Normal,Routine,D009A
1888,109.2332725087215,-0.44269170855999607,0.0,0.49644353284824116,Normal,Normal,Routine,D009A
1889,109.2333649036867,-0.44267792661864974,0.0,0.508546538118642,Healthy,Healthy,None,D009A
1890,109.23338568540693,-0.44273774729670734,0.0,0.4932393242020671,Normal,Normal,Routine,D009A
1891,109.23345137818484,-0.4427247104208828,0.0,0.4935652817680249,Normal,Normal,Routine,D009A
1892,109.23352413725425,-0.442690645788186,0.0,0.4762549260362827,Normal,Normal,Routine,D009A
1893,109.23144144971931,-0.44264715108752145,0.0,0.48937704909692253,Normal,Normal,Routine,D009A
1894,109.23164796342347,-0.4426681451029457,0.0,0.5081766984854008,Healthy,Healthy,None,D009A
1895,109.23174611403894,-0.44266737921954546,0.0,0.47675677420863627,Normal,Normal,Routine,D009A
1896,109.23186342599345,-0.4426387104191967,0.0,0.4899817290740179,Normal,Normal,Routine,D009A
1897,109.23193731427047,-0.44265335607034123,0.0,0.4856578862970685,Normal,Normal,Routine,D009A
1898,109.23201423942517,-0.44262704320986335,0.0,0.5026635514072585,Healthy,Healthy,None,D009A
1899,109.23211870684607,-0.44260669627674426,0.0,0.4768047448722463,Normal,Normal,Routine,D009A
1900,109.23221226753653,-0.4426126093266896,0.0,0.49045718372398195,Normal,Normal,Routine,D009A
1901,109.23235792361432,-0.4426254238173365,0.0,0.48439083196055993,Normal,Normal,Routine,D009A
1902,109.2324704425607,-0.4426303448800387,0.0,0.4824539875651123,Normal,Normal,Routine,D009A
1903,109.23253169065164,-0.44262872822627713,0.0,0.4518489861148162,Normal,Normal,Routine,D009A
1904,109.23263167007374,-0.4426246738371688,0.0,0.466947870033718,Normal,Normal,Routine,D009A
1905,109.23271754676293,-0.4426352973342167,0.0,0.4688379265812966,Normal,Normal,Routine,D009A
1906,109.23279336592898,-0.44265934542958807,0.0,0.5074965542558514,Healthy,Healthy,None,D009A
1907,109.2328552796977,-0.44262717452301464,0.0,0.4913898787914737,Normal,Normal,Routine,D009A
1908,109.2330063311889,-0.4426309455147618,0.0,0.4920325652290363,Normal,Normal,Routine,D009A
1909,109.23313099704613,-0.4426150064285107,0.0,0.4538478435274282,Normal,Normal,Routine,D009A
1910,109.23323710710399,-0.44261516119786004,0.0,0.4445486441894543,Normal,Normal,Routine,D009A
1911,109.2333246940457,-0.4426033729813408,0.0,0.4674406329821224,Normal,Normal,Routine,D009A
1912,109.23343255088842,-0.4426164523929143,0.0,0.48039330842853323,Normal,Normal,Routine,D009A
1913,109.23153941063224,-0.4425446725409441,0.0,0.4999277480060816,Normal,Normal,Routine,D009A
1914,109.23182186052247,-0.4425506164679244,0.0,0.49017455519543435,Normal,Normal,Routine,D009A
1915,109.23192448761007,-0.4425558245336225,0.0,0.4750829060287499,Normal,Normal,Routine,D009A
1916,109.23196793959781,-0.44254849478237496,0.0,0.48083852476121164,Normal,Normal,Routine,D009A
1917,109.23219066113293,-0.44252282007198235,0.0,0.48566048733298306,Normal,Normal,Routine,D009A
1918,109.23226791913594,-0.4425362050315604,0.0,0.49044120028907895,Normal,Normal,Routine,D009A
1919,109.23236189299325,-0.44256506924504574,0.0,0.509815572477578,Healthy,Healthy,None,D009A
1920,109.23242833245675,-0.4425471412135051,0.0,0.48005690726672556,Normal,Normal,Routine,D009A
1921,109.23251933846306,-0.44258727045448565,0.0,0.47468998957727404,Normal,Normal,Routine,D009A
1922,109.23258793523509,-0.44255941375117536,0.0,0.4399375785193559,Normal,Normal,Routine,D009A
1923,109.23286015755322,-0.44255784771038936,0.0,0.459655176722396,Normal,Normal,Routine,D009A
1924,109.23297187497828,-0.442586777675686,0.0,0.45498875948183376,Normal,Normal,Routine,D009A
1925,109.23304427473494,-0.4425146908601175,0.0,0.4477934676178535,Normal,Normal,Routine,D009A
1926,109.23318504357194,-0.4425456913986788,0.0,0.5002120909606752,Healthy,Healthy,None,D009A
1927,109.23344229827703,-0.4425357036338451,0.0,0.4612241309161277,Normal,Normal,Routine,D009A
1928,109.23352289206429,-0.442558585423391,0.0,0.49352714192221425,Normal,Normal,Routine,D009A
1929,109.23138102881585,-0.44248259883900265,0.0,0.49055506016539946,Normal,Normal,Routine,D009A
1930,109.23144133333231,-0.4424862657712581,0.0,0.4928239556294879,Normal,Normal,Routine,D009A
1931,109.23153063697936,-0.4425002007230401,0.0,0.508476622912168,Healthy,Healthy,None,D009A
1932,109.23168277266517,-0.44249978418915253,0.0,0.438348567469349,Normal,Normal,Routine,D009A
1933,109.2318005567783,-0.4424952367163993,0.0,0.4667527569890278,Normal,Normal,Routine,D009A
1934,109.23188962179094,-0.4424965783665738,0.0,0.49313748009564423,Normal,Normal,Routine,D009A
1935,109.23203336663951,-0.4424814939177373,0.0,0.4909800794592664,Normal,Normal,Routine,D009A
1936,109.23214453695634,-0.44246872659601777,0.0,0.5029475639841707,Healthy,Healthy,None,D009A
1937,109.23227190313635,-0.4424596110926881,0.0,0.466443869885826,Normal,Normal,Routine,D009A
1938,109.23235951759051,-0.44249836136478815,0.0,0.4738280353844715,Normal,Normal,Routine,D009A
1939,109.2324542757294,-0.4424737419934817,0.0,0.45941747673784317,Normal,Normal,Routine,D009A
1940,109.23270540420445,-0.4425051515237932,0.0,0.4710358795967896,Normal,Normal,Routine,D009A
1941,109.23278534313137,-0.44249382086039546,0.0,0.49327415144750486,Normal,Normal,Routine,D009A
1942,109.23291605633429,-0.4425149811309,0.0,0.4830131659856389,Normal,Normal,Routine,D009A
1943,109.2329892722447,-0.44249000571147523,0.0,0.47489786981843024,Normal,Normal,Routine,D009A
1944,109.23311963218347,-0.44247050414396216,0.0,0.4433583584117012,Normal,Normal,Routine,D009A
1945,109.23324632293614,-0.44247654629827043,0.0,0.48265490688929635,Normal,Normal,Routine,D009A
1946,109.23136225251882,-0.4424284531679505,0.0,0.5198105878514885,Healthy,Healthy,None,D009A
1947,109.23146727466666,-0.44242102244744663,0.0,0.4992079199383072,Normal,Normal,Routine,D009A
1948,109.23171981465077,-0.44240873940133474,0.0,0.442103808873195,Normal,Normal,Routine,D009A
1949,109.23180977513735,-0.4424142844364444,0.0,0.4539728184224344,Normal,Normal,Routine,D009A
1950,109.23194877042685,-0.44240086275073764,0.0,0.47012566869443856,Normal,Normal,Routine,D009A
1951,109.23223892878767,-0.44240532544290057,0.0,0.47913662278141816,Normal,Normal,Routine,D009A
1952,109.23243428005463,-0.4423947422890105,0.0,0.4966915476563444,Normal,Normal,Routine,D009A
1953,109.23252261447261,-0.4424050688521829,0.0,0.46349866792042954,Normal,Normal,Routine,D009A
1954,109.2325993104572,-0.4424248398203915,0.0,0.46489939131985414,Normal,Normal,Routine,D009A
1955,109.23268411534814,-0.4424247453159479,0.0,0.4870968056419876,Normal,Normal,Routine,D009A
1956,109.23278237431445,-0.4424142473799073,0.0,0.4867980500397507,Normal,Normal,Routine,D009A
1957,109.2328840661772,-0.4424543665204468,0.0,0.43022508615553107,Normal,Normal,Routine,D009A
1958,109.23330663212153,-0.44245694563444277,0.0,0.47725279180642505,Normal,Normal,Routine,D009A
1959,109.23338969064856,-0.44244992197358896,0.0,0.46678845785116996,Normal,Normal,Routine,D009A
1960,109.23345746809518,-0.4424529811872016,0.0,0.464683380951545,Normal,Normal,Routine,D009A
1961,109.23353014230473,-0.44242446800884233,0.0,0.45072471844773004,Normal,Normal,Routine,D009A
1962,109.2314125030813,-0.4423697953454062,0.0,0.47806321613750646,Normal,Normal,Routine,D009A
1963,109.23150033780301,-0.4423696174796737,0.0,0.49600210594684524,Normal,Normal,Routine,D009A
1964,109.23158079336184,-0.44237649859359895,0.0,0.5094704610449197,Healthy,Healthy,None,D009A
1965,109.23161448185407,-0.44237373862465384,0.0,0.5350795422869226,Healthy,Healthy,None,D009A
1966,109.23168748063098,-0.4423512961143287,0.0,0.5174380442176693,Healthy,Healthy,None,D009A
1967,109.2317565279775,-0.44233619012057757,0.0,0.45818774747139324,Normal,Normal,Routine,D009A
1968,109.23184287373202,-0.44236109619190417,0.0,0.4515117537281597,Normal,Normal,Routine,D009A
1969,109.23190478238723,-0.44238452510955484,0.0,0.47345985858901146,Normal,Normal,Routine,D009A
1970,109.23208537262519,-0.4423841018205511,0.0,0.4848391641567282,Normal,Normal,Routine,D009A
1971,109.23213876296084,-0.44237349184853136,0.0,0.5137137467695992,Healthy,Healthy,None,D009A
1972,109.23213942072275,-0.44233078565989353,0.0,0.5167955309427026,Healthy,Healthy,None,D009A
1973,109.23218284527482,-0.44237486248705077,0.0,0.5122661492999808,Healthy,Healthy,None,D009A
1974,109.23227557742777,-0.4423670019719895,0.0,0.5050196229752713,Healthy,Healthy,None,D009A
1975,109.2323322851248,-0.4423713950872505,0.0,0.5064104927323002,Healthy,Healthy,None,D009A
1976,109.23237370229745,-0.44236887027625543,0.0,0.49313080595481307,Normal,Normal,Routine,D009A
1977,109.23243724070613,-0.44230765282068096,0.0,0.4927713040049783,Normal,Normal,Routine,D009A
1978,109.23256124980551,-0.4423489782121396,0.0,0.5101916698625734,Healthy,Healthy,None,D009A
1979,109.23260763623729,-0.4423615563602673,0.0,0.48846685677949636,Normal,Normal,Routine,D009A
1980,109.23270319534903,-0.4423609535037339,0.0,0.44007859756147455,Normal,Normal,Routine,D009A
1981,109.23278404955855,-0.4423498473194333,0.0,0.477224864692246,Normal,Normal,Routine,D009A
1982,109.23287550888433,-0.44236858821340014,0.0,0.5073805129410994,Healthy,Healthy,None,D009A
1983,109.23315344202837,-0.4423763829854699,0.0,0.4769502371915279,Normal,Normal,Routine,D009A
1984,109.23322579496727,-0.442342706193864,0.0,0.5042919380110245,Healthy,Healthy,None,D009A
1985,109.2332581905996,-0.44239047987928276,0.0,0.509516889603318,Healthy,Healthy,None,D009A
1986,109.23332541418833,-0.4423653483753508,0.0,0.4893520088520319,Normal,Normal,Routine,D009A
1987,109.23340693576962,-0.4423203592001091,0.0,0.4809671878430623,Normal,Normal,Routine,D009A
1988,109.23348286904422,-0.4423292295741013,0.0,0.4852082582749826,Normal,Normal,Routine,D009A
1989,109.23138763305944,-0.4422846868924404,0.0,0.5048785871208847,Healthy,Healthy,None,D009A
1990,109.23147643316256,-0.44227041849840015,0.0,0.505346157808611,Healthy,Healthy,None,D009A
1991,109.23157247954103,-0.44226026729637335,0.0,0.5104868740445989,Healthy,Healthy,None,D009A
1992,109.23165538129246,-0.4422625108520176,0.0,0.5211198743719673,Healthy,Healthy,None,D009A
1993,109.23175594521626,-0.44227456393806747,0.0,0.49532383734214247,Normal,Normal,Routine,D009A
1994,109.23182153643907,-0.4422804512747258,0.0,0.49467737273331364,Normal,Normal,Routine,D009A
1995,109.23190250417709,-0.44227910340052395,0.0,0.46884164235186226,Normal,Normal,Routine,D009A
1996,109.23206094282736,-0.4422720562359997,0.0,0.4822465364826969,Normal,Normal,Routine,D009A
1997,109.23217215253179,-0.4422750354404445,0.0,0.4784855090314665,Normal,Normal,Routine,D009A
1998,109.23224913073085,-0.44229407579854874,0.0,0.4719404438716481,Normal,Normal,Routine,D009A
1999,109.23233846718628,-0.44227202694133855,0.0,0.4766497607437001,Normal,Normal,Routine,D009A
2000,109.2324348852274,-0.4422478112736442,0.0,0.49529967959090876,Normal,Normal,Routine,D009A
2001,109.23252237987693,-0.4422690380308768,0.0,0.4845257570760371,Normal,Normal,Routine,D009A
2002,109.2326476031571,-0.4422470375594001,0.0,0.4425717912456794,Normal,Normal,Routine,D009A
2003,109.23278001278841,-0.44228884785707895,0.0,0.4684675014190826,Normal,Normal,Routine,D009A
2004,109.23285293032548,-0.44228723489128685,0.0,0.4289128533488872,Normal,Normal,Routine,D009A
2005,109.23292346005556,-0.4422675028428456,0.0,0.4449115476053305,Normal,Normal,Routine,D009A
2006,109.23309389931418,-0.4422582710317201,0.0,0.4604851449836916,Normal,Normal,Routine,D009A
2007,109.23318997062509,-0.4422683824071957,0.0,0.4140380478296423,Normal,Normal,Routine,D009A
2008,109.23327585177553,-0.4422602471297388,0.0,0.475746331581225,Normal,Normal,Routine,D009A
2009,109.23334349424893,-0.44225287070672387,0.0,0.4921773207750616,Normal,Normal,Routine,D009A
2010,109.2334368505238,-0.44228017665542957,0.0,0.4883513378105708,Normal,Normal,Routine,D009A
2011,109.23350542484143,-0.44224860957813816,0.0,0.4689104400760226,Normal,Normal,Routine,D009A
2012,109.23145700735161,-0.4421937457282537,0.0,0.4960926899696148,Normal,Normal,Routine,D009A
2013,109.23159974505508,-0.44221342039741557,0.0,0.5212584835009514,Healthy,Healthy,None,D009A
2014,109.23170573130484,-0.4422011455718366,0.0,0.5209292953126236,Healthy,Healthy,None,D009A
2015,109.2318026204171,-0.4422435143357132,0.0,0.5198123277637637,Healthy,Healthy,None,D009A
2016,109.23186335645008,-0.4422305884115194,0.0,0.49941592378617794,Normal,Normal,Routine,D009A
2017,109.23194032386677,-0.4422306068726026,0.0,0.4766612112960798,Normal,Normal,Routine,D009A
2018,109.23202519485062,-0.4422016101370454,0.0,0.4810156699446098,Normal,Normal,Routine,D009A
2019,109.23211755323648,-0.44221305084860535,0.0,0.4641714429127211,Normal,Normal,Routine,D009A
2020,109.23218810452204,-0.442197011063578,0.0,0.4484308270736387,Normal,Normal,Routine,D009A
2021,109.23227989872971,-0.44216699502792567,0.0,0.4336529856558004,Normal,Normal,Routine,D009A
2022,109.23247540754343,-0.4421890959101708,0.0,0.506964960514164,Healthy,Healthy,None,D009A
2023,109.23253093202773,-0.4421943143588886,0.0,0.5132162895006817,Healthy,Healthy,None,D009A
2024,109.2325912154056,-0.4421887655729947,0.0,0.49155759425853235,Normal,Normal,Routine,D009A
2025,109.23286400671255,-0.44217033084444696,0.0,0.4775457335698831,Normal,Normal,Routine,D009A
2026,109.23295618268992,-0.44217081051242285,0.0,0.48407620206209984,Normal,Normal,Routine,D009A
2027,109.23304956737785,-0.44219563235694836,0.0,0.4459822851384742,Normal,Normal,Routine,D009A
2028,109.23311187231978,-0.4421616447875784,0.0,0.4539203781123255,Normal,Normal,Routine,D009A
2029,109.2332615335032,-0.442187348244458,0.0,0.48859296317077117,Normal,Normal,Routine,D009A
2030,109.233388298433,-0.44221021576295166,0.0,0.4747208174020966,Normal,Normal,Routine,D009A
2031,109.23344460056617,-0.44216723983320483,0.0,0.4658942382710728,Normal,Normal,Routine,D009A
2032,109.23139298088275,-0.4421349266485734,0.0,0.4988091628934447,Normal,Normal,Routine,D009A
2033,109.23149024147953,-0.4421219796458586,0.0,0.4947196829446986,Normal,Normal,Routine,D009A
2034,109.23153756609813,-0.44211759611296825,0.0,0.5021316396941208,Healthy,Healthy,None,D009A
2035,109.23165223865844,-0.4421355178467588,0.0,0.5177586110731576,Healthy,Healthy,None,D009A
2036,109.23171846121586,-0.44213822220454957,0.0,0.4886337575842137,Normal,Normal,Routine,D009A
2037,109.23180653930805,-0.44210418568736454,0.0,0.4819891830778897,Normal,Normal,Routine,D009A
2038,109.23190979805818,-0.44211241242401444,0.0,0.4685949829916951,Normal,Normal,Routine,D009A
2039,109.23199723995957,-0.442136267954543,0.0,0.4982713684051489,Normal,Normal,Routine,D009A
2040,109.23208428997384,-0.4421156012181438,0.0,0.4824450547260676,Normal,Normal,Routine,D009A
2041,109.23216077689567,-0.4421039242792141,0.0,0.4448769679647282,Normal,Normal,Routine,D009A
2042,109.23224035312613,-0.44211058903889966,0.0,0.4521330279430193,Normal,Normal,Routine,D009A
2043,109.23232436537909,-0.44211574197216164,0.0,0.436158620956594,Normal,Normal,Routine,D009A
2044,109.23241709364108,-0.44210915197872447,0.0,0.48230059246801693,Normal,Normal,Routine,D009A
2045,109.23252160861148,-0.44210428297405874,0.0,0.4635689034212663,Normal,Normal,Routine,D009A
2046,109.2325730122973,-0.44209233234311385,0.0,0.4759169298669566,Normal,Normal,Routine,D009A
2047,109.23262285674272,-0.44206832343344177,0.0,0.4538738961489005,Normal,Normal,Routine,D009A
2048,109.2326760764115,-0.4421185129498377,0.0,0.41962727631726393,Normal,Normal,Routine,D009A
2049,109.23276142269613,-0.44210434045436703,0.0,0.47062440843020653,Normal,Normal,Routine,D009A
2050,109.23285296952864,-0.4421214906975415,0.0,0.5077814392608367,Healthy,Healthy,None,D009A
2051,109.23290560562305,-0.44210965972526645,0.0,0.47266398938538323,Normal,Normal,Routine,D009A
2052,109.23298762755293,-0.4421101044016457,0.0,0.4759687351566528,Normal,Normal,Routine,D009A
2053,109.23312260759997,-0.4420588956153201,0.0,0.4473705528079731,Normal,Normal,Routine,D009A
2054,109.23321214803174,-0.4420556995765804,0.0,0.4946844933131721,Normal,Normal,Routine,D009A
2055,109.23338507129766,-0.44210993919779246,0.0,0.45577596797830455,Normal,Normal,Routine,D009A
2056,109.23348566604786,-0.4420565907258991,0.0,0.49697359342601416,Normal,Normal,Routine,D009A
2057,109.23350106330068,-0.4420984652208668,0.0,0.4879425020396234,Normal,Normal,Routine,D009A
2058,109.2314627122992,-0.44204938240863956,0.0,0.49474809522975227,Normal,Normal,Routine,D009A
2059,109.23152503344214,-0.44204541754274934,0.0,0.5151173732306328,Healthy,Healthy,None,D009A
2060,109.2316009409638,-0.44205269001667624,0.0,0.509463047950199,Healthy,Healthy,None,D009A
2061,109.2318750956862,-0.4420494812937136,0.0,0.4642025622009647,Normal,Normal,Routine,D009A
2062,109.23195347386437,-0.44206646470184907,0.0,0.4952426316399827,Normal,Normal,Routine,D009A
2063,109.23200593315372,-0.4420500787524016,0.0,0.4849340178786267,Normal,Normal,Routine,D009A
2064,109.23210319414626,-0.4420431787691382,0.0,0.42376805927267847,Normal,Normal,Routine,D009A
2065,109.23220697048359,-0.44204690222266474,0.0,0.43499645171943646,Normal,Normal,Routine,D009A
2066,109.23228828870033,-0.4420487646735389,0.0,0.4557012127253423,Normal,Normal,Routine,D009A
2067,109.23237821965718,-0.4420463401052273,0.0,0.45116555279257403,Normal,Normal,Routine,D009A
2068,109.23246734365735,-0.44203004884420777,0.0,0.473966423206189,Normal,Normal,Routine,D009A
2069,109.2325351391672,-0.44200974462243176,0.0,0.46609781959318514,Normal,Normal,Routine,D009A
2070,109.23266481867472,-0.4420261082180382,0.0,0.4801362332170381,Normal,Normal,Routine,D009A
2071,109.23276748832912,-0.44199582799822656,0.0,0.4803221887322699,Normal,Normal,Routine,D009A
2072,109.23288553259175,-0.44200440732116786,0.0,0.4499103544699057,Normal,Normal,Routine,D009A
2073,109.23330319703454,-0.44200913919554397,0.0,0.4549707113254749,Normal,Normal,Routine,D009A
2074,109.23335932180403,-0.4419830419409183,0.0,0.4545897851878421,Normal,Normal,Routine,D009A
2075,109.23342740999169,-0.44198253827801787,0.0,0.49202242604347324,Normal,Normal,Routine,D009A
2076,109.23139599401182,-0.441955120576726,0.0,0.49576122575193826,Normal,Normal,Routine,D009A
2077,109.2315600202249,-0.44198067464590035,0.0,0.4864973453856305,Normal,Normal,Routine,D009A
2078,109.23164615765178,-0.4419748652948481,0.0,0.5074302978430163,Healthy,Healthy,None,D009A
2079,109.23172693592947,-0.4419693566927125,0.0,0.4687004745482082,Normal,Normal,Routine,D009A
2080,109.23179362783974,-0.44195495094960424,0.0,0.5056189101135683,Healthy,Healthy,None,D009A
2081,109.23197820711754,-0.4419551986617201,0.0,0.47920750149499763,Normal,Normal,Routine,D009A
2082,109.23207883309588,-0.44195561253282745,0.0,0.4712913402716075,Normal,Normal,Routine,D009A
2083,109.23216395705448,-0.4419888107008537,0.0,0.4765044757277184,Normal,Normal,Routine,D009A
2084,109.23231960437852,-0.44194932568680145,0.0,0.45420279467463565,Normal,Normal,Routine,D009A
2085,109.23238730115463,-0.44196666101490373,0.0,0.46760327997438816,Normal,Normal,Routine,D009A
2086,109.2324957158934,-0.4419639903801468,0.0,0.4653068604130371,Normal,Normal,Routine,D009A
2087,109.23255191906304,-0.4419595330008539,0.0,0.4964263868518459,Normal,Normal,Routine,D009A
2088,109.23262526171378,-0.4419378908391634,0.0,0.48563007892037197,Normal,Normal,Routine,D009A
2089,109.23267146454035,-0.44194439205308506,0.0,0.48336718169979725,Normal,Normal,Routine,D009A
2090,109.23292050622813,-0.4419383305270005,0.0,0.47814878471026473,Normal,Normal,Routine,D009A
2091,109.23306636295708,-0.4419423253869337,0.0,0.36592062267104186,Abnormal,Abnormal,Monitor,D009A
2092,109.2332300633608,-0.4419484152552776,0.0,0.4840887318804924,Normal,Normal,Routine,D009A
2093,109.2333055721655,-0.44193649570414006,0.0,0.4839222350053302,Normal,Normal,Routine,D009A
2094,109.23143746196982,-0.4419162846332673,0.0,0.5037691280716151,Healthy,Healthy,None,D009A
2095,109.23152599200266,-0.4419006886476895,0.0,0.4777918421736389,Normal,Normal,Routine,D009A
2096,109.23169516191811,-0.44190263636315186,0.0,0.4026942604873415,Normal,Normal,Routine,D009A
2097,109.23179166299417,-0.44189936966127774,0.0,0.48348436146718277,Normal,Normal,Routine,D009A
2098,109.23183990497702,-0.4419244221180409,0.0,0.4891687451678845,Normal,Normal,Routine,D009A
2099,109.23194697681149,-0.44188358620655543,0.0,0.46919645870639887,Normal,Normal,Routine,D009A
2100,109.23204770031893,-0.4418970020841604,0.0,0.4648424004144882,Normal,Normal,Routine,D009A
2101,109.23210633509487,-0.4418887391025839,0.0,0.4889480521327255,Normal,Normal,Routine,D009A
2102,109.23217163268295,-0.4419170420761753,0.0,0.458664981077008,Normal,Normal,Routine,D009A
2103,109.23229883084771,-0.4418966490006759,0.0,0.48925420742397435,Normal,Normal,Routine,D009A
2104,109.2323831158149,-0.4418995294895249,0.0,0.46471597186626834,Normal,Normal,Routine,D009A
2105,109.23248195736238,-0.4419020002014451,0.0,0.4941101723045861,Normal,Normal,Routine,D009A
2106,109.23256366513223,-0.44190516221208964,0.0,0.48882072039783475,Normal,Normal,Routine,D009A
2107,109.23267598813926,-0.44189539105805775,0.0,0.5096696198699228,Healthy,Healthy,None,D009A
2108,109.2328778801867,-0.4418905498846689,0.0,0.487476694015014,Normal,Normal,Routine,D009A
2109,109.23294157438633,-0.4418846682160743,0.0,0.4456137291427189,Normal,Normal,Routine,D009A
2110,109.23303612833546,-0.44189550264805055,0.0,0.45292164976242644,Normal,Normal,Routine,D009A
2111,109.23312968975112,-0.44187951355989386,0.0,0.44325105777490525,Normal,Normal,Routine,D009A
2112,109.23323462108542,-0.4418842365175924,0.0,0.49765803426303384,Normal,Normal,Routine,D009A
2113,109.2333997766534,-0.4418943363832322,0.0,0.4887348063088752,Normal,Normal,Routine,D009A
2114,109.23348298590305,-0.4418842842377379,0.0,0.46068927028989004,Normal,Normal,Routine,D009A
2115,109.23139685040768,-0.44181316333748893,0.0,0.4903250135371521,Normal,Normal,Routine,D009A
2116,109.23149054192442,-0.4418164475939382,0.0,0.506689546179552,Healthy,Healthy,None,D009A
2117,109.23158141804971,-0.441835841227106,0.0,0.4993570864328617,Normal,Normal,Routine,D009A
2118,109.23164263313117,-0.44183311226178545,0.0,0.5015447182719712,Healthy,Healthy,None,D009A
2119,109.2317127143284,-0.4418220080120071,0.0,0.4811946794312949,Normal,Normal,Routine,D009A
2120,109.23182801128495,-0.44180916478120147,0.0,0.48054404525202304,Normal,Normal,Routine,D009A
2121,109.23191177079457,-0.4418118199747574,0.0,0.47746041140209783,Normal,Normal,Routine,D009A
2122,109.232075072109,-0.44184514447998796,0.0,0.49190460866762814,Normal,Normal,Routine,D009A
2123,109.2321538239115,-0.44185480406443245,0.0,0.48112646206024967,Normal,Normal,Routine,D009A
2124,109.23225350410404,-0.4418244616421271,0.0,0.4812883012186497,Normal,Normal,Routine,D009A
2125,109.23233529590085,-0.44183311366139055,0.0,0.4569602062609916,Normal,Normal,Routine,D009A
2126,109.23242364081635,-0.44182939646086006,0.0,0.48166926272849203,Normal,Normal,Routine,D009A
2127,109.23248138079808,-0.44179886945330665,0.0,0.4415458843993907,Normal,Normal,Routine,D009A
2128,109.23275115452371,-0.4418043200675887,0.0,0.497992854307284,Normal,Normal,Routine,D009A
2129,109.2328084136266,-0.44182452855712157,0.0,0.4721815807230633,Normal,Normal,Routine,D009A
2130,109.23292007968136,-0.44180854742331177,0.0,0.47781743906955787,Normal,Normal,Routine,D009A
2131,109.23295593045457,-0.4418318805608657,0.0,0.4874497709632723,Normal,Normal,Routine,D009A
2132,109.23307145485181,-0.44182240586635135,0.0,0.47806494335882355,Normal,Normal,Routine,D009A
2133,109.23313825153262,-0.4418019657408853,0.0,0.5015492482823046,Healthy,Healthy,None,D009A
2134,109.23326669347857,-0.44182502625052905,0.0,0.4841467322345598,Normal,Normal,Routine,D009A
2135,109.23334526457592,-0.4418317513375207,0.0,0.46012460809957023,Normal,Normal,Routine,D009A
2136,109.23340947511159,-0.44182665290703316,0.0,0.4835149469551133,Normal,Normal,Routine,D009A
2137,109.23348522235283,-0.4418206891116726,0.0,0.4767208916274716,Normal,Normal,Routine,D009A
2138,109.23136786590891,-0.4417714267020194,0.0,0.5140447271859041,Healthy,Healthy,None,D009A
2139,109.23142792115134,-0.4417617958639857,0.0,0.5046568870507833,Healthy,Healthy,None,D009A
2140,109.23149222688947,-0.4417526787798957,0.0,0.4988340742109012,Normal,Normal,Routine,D009A
2141,109.23156977308774,-0.4417665566204625,0.0,0.5021472406156814,Healthy,Healthy,None,D009A
2142,109.23167905075834,-0.4417687639726151,0.0,0.5103637798569964,Healthy,Healthy,None,D009A
2143,109.23176591307197,-0.44176303888321794,0.0,0.48097561899777097,Normal,Normal,Routine,D009A
2144,109.23187232930206,-0.44175199578406443,0.0,0.47570272966050636,Normal,Normal,Routine,D009A
2145,109.23196115723313,-0.4417530551999846,0.0,0.4923480460617432,Normal,Normal,Routine,D009A
2146,109.23204382430491,-0.44177532795357666,0.0,0.5029023519983616,Healthy,Healthy,None,D009A
2147,109.23212386375248,-0.44178319010058925,0.0,0.48090741586232993,Normal,Normal,Routine,D009A
2148,109.23219882395325,-0.4417624616690123,0.0,0.4597444214189217,Normal,Normal,Routine,D009A
2149,109.23226595956473,-0.4417749000853167,0.0,0.4844845718972298,Normal,Normal,Routine,D009A
2150,109.23238200234967,-0.4417724808546051,0.0,0.49110994953862075,Normal,Normal,Routine,D009A
2151,109.23254356718459,-0.4417494943303396,0.0,0.446345005800153,Normal,Normal,Routine,D009A
2152,109.23263804561381,-0.4417567106454111,0.0,0.4806914874472501,Normal,Normal,Routine,D009A
2153,109.23271062594482,-0.4417489474511838,0.0,0.4640528118449634,Normal,Normal,Routine,D009A
2154,109.23286929356773,-0.4417615090668954,0.0,0.49191372572516107,Normal,Normal,Routine,D009A
2155,109.23298658265624,-0.4417575492000815,0.0,0.4531785836789298,Normal,Normal,Routine,D009A
2156,109.23306229837156,-0.44176708325573244,0.0,0.4869154617121986,Normal,Normal,Routine,D009A
2157,109.2331392362335,-0.4417365020476733,0.0,0.4940412848011083,Normal,Normal,Routine,D009A
2158,109.23321392228402,-0.4417699183619928,0.0,0.4825804851917199,Normal,Normal,Routine,D009A
2159,109.23331263735656,-0.4417641997046893,0.0,0.4824045383166419,Normal,Normal,Routine,D009A
2160,109.23337637214156,-0.4417424720232716,0.0,0.4734702061898276,Normal,Normal,Routine,D009A
2161,109.23345695794183,-0.4417459186037577,0.0,0.448422182663411,Normal,Normal,Routine,D009A
2162,109.23354376060753,-0.4417420735081493,0.0,0.4304538726459145,Normal,Normal,Routine,D009A
2163,109.23141013048085,-0.4417142165355517,0.0,0.49010851766251345,Normal,Normal,Routine,D009A
2164,109.2314960148712,-0.44168819969217316,0.0,0.4984099174104289,Normal,Normal,Routine,D009A
2165,109.23153905735498,-0.44167274019607083,0.0,0.5178737287988534,Healthy,Healthy,None,D009A
2166,109.23160186469927,-0.44168676461501466,0.0,0.48061896366025275,Normal,Normal,Routine,D009A
2167,109.23165035615557,-0.4417128389803976,0.0,0.5321945017923607,Healthy,Healthy,None,D009A
2168,109.231820087207,-0.44169321660945077,0.0,0.479183036037765,Normal,Normal,Routine,D009A
2169,109.23191424079613,-0.4416950586117891,0.0,0.48079398039477,Normal,Normal,Routine,D009A
2170,109.23194856192636,-0.4416722242851825,0.0,0.5052480476104595,Healthy,Healthy,None,D009A
2171,109.23208273317644,-0.4416867486930826,0.0,0.4970181410298026,Normal,Normal,Routine,D009A
2172,109.2321454450536,-0.44166770926512555,0.0,0.4820545868325314,Normal,Normal,Routine,D009A
2173,109.2322380305303,-0.4416950918623751,0.0,0.4480551603306736,Normal,Normal,Routine,D009A
2174,109.23242383388946,-0.44168900613096845,0.0,0.4607828466451456,Normal,Normal,Routine,D009A
2175,109.23249100742729,-0.44167782972774267,0.0,0.4333923147703203,Normal,Normal,Routine,D009A
2176,109.23267645303314,-0.44168427656230147,0.0,0.5029503594180332,Healthy,Healthy,None,D009A
2177,109.23271368481743,-0.44169842688383715,0.0,0.48875911496351104,Normal,Normal,Routine,D009A
2178,109.23280280915623,-0.4416997477005123,0.0,0.4276945653430667,Normal,Normal,Routine,D009A
2179,109.23292528550088,-0.4416664437072282,0.0,0.46293376265073694,Normal,Normal,Routine,D009A
2180,109.233001828273,-0.44168082951498755,0.0,0.4754541288484666,Normal,Normal,Routine,D009A
2181,109.23309678469566,-0.4416838626551918,0.0,0.45350440637441,Normal,Normal,Routine,D009A
2182,109.23317255210375,-0.44167992629880043,0.0,0.46311885752537585,Normal,Normal,Routine,D009A
2183,109.23321887779451,-0.4416759177842732,0.0,0.47677382735526946,Normal,Normal,Routine,D009A
2184,109.23333684044603,-0.44169545896163,0.0,0.4895849813268903,Normal,Normal,Routine,D009A
2185,109.23341291901757,-0.4416596054803192,0.0,0.47787051391308577,Normal,Normal,Routine,D009A
2186,109.2334968168914,-0.44167384383771746,0.0,0.44582109099300893,Normal,Normal,Routine,D009A
2187,109.23143694952988,-0.4416408058017561,0.0,0.5117162690046411,Healthy,Healthy,None,D009A
2188,109.23150792362601,-0.44162198087367077,0.0,0.510510973181963,Healthy,Healthy,None,D009A
2189,109.23160424638613,-0.44162439491145705,0.0,0.4891308623720223,Normal,Normal,Routine,D009A
2190,109.23170412229351,-0.4416361683704501,0.0,0.4772381788847341,Normal,Normal,Routine,D009A
2191,109.23179261251886,-0.44161799963093706,0.0,0.4868082423889041,Normal,Normal,Routine,D009A
2192,109.23185269288179,-0.4416161493614078,0.0,0.4768789739759283,Normal,Normal,Routine,D009A
2193,109.23194476890295,-0.4416364403343286,0.0,0.5001093061515158,Healthy,Healthy,None,D009A
2194,109.23211943581657,-0.4416326949725905,0.0,0.49274684446250855,Normal,Normal,Routine,D009A
2195,109.2322101656482,-0.4416288915240866,0.0,0.48191231049864414,Normal,Normal,Routine,D009A
2196,109.23228827115359,-0.441636633833247,0.0,0.467707860037027,Normal,Normal,Routine,D009A
2197,109.2323636722627,-0.4416127205621251,0.0,0.4504898342161091,Normal,Normal,Routine,D009A
2198,109.2324603863689,-0.4416165942192386,0.0,0.48746426927644904,Normal,Normal,Routine,D009A
2199,109.23252309229427,-0.4415999792020557,0.0,0.4693895112568891,Normal,Normal,Routine,D009A
2200,109.23264040974232,-0.44162035941202366,0.0,0.4878127065462035,Normal,Normal,Routine,D009A
2201,109.23270846331987,-0.4416293481464686,0.0,0.46889511990934674,Normal,Normal,Routine,D009A
2202,109.2328120391195,-0.4416265361620742,0.0,0.5106352931059943,Healthy,Healthy,None,D009A
2203,109.2328455517555,-0.4416229830607717,0.0,0.4881158241760369,Normal,Normal,Routine,D009A
2204,109.23296481591163,-0.44161237616560495,0.0,0.4349771556033883,Normal,Normal,Routine,D009A
2205,109.23306078156224,-0.44161341014183786,0.0,0.46749696999806556,Normal,Normal,Routine,D009A
2206,109.23312858073139,-0.441630910064486,0.0,0.48547473198206487,Normal,Normal,Routine,D009A
2207,109.2331838945352,-0.44160022148781986,0.0,0.47230792733268817,Normal,Normal,Routine,D009A
2208,109.23329467644898,-0.4416233745163818,0.0,0.48918339661325394,Normal,Normal,Routine,D009A
2209,109.23339910316388,-0.4415968077229437,0.0,0.4808239914725757,Normal,Normal,Routine,D009A
2210,109.23346933060908,-0.4416095064038178,0.0,0.48594428137502077,Normal,Normal,Routine,D009A
2211,109.23353532953931,-0.44160468510732365,0.0,0.45114680423994163,Normal,Normal,Routine,D009A
2212,109.2313899997866,-0.44154896771570606,0.0,0.48485684729324313,Normal,Normal,Routine,D009A
2213,109.23148298768112,-0.44155340838614004,0.0,0.5244935008737207,Healthy,Healthy,None,D009A
2214,109.23157155688534,-0.441531680353156,0.0,0.5086420669968874,Healthy,Healthy,None,D009A
2215,109.23175935616686,-0.44155204760284533,0.0,0.4816160286419091,Normal,Normal,Routine,D009A
2216,109.23183233047216,-0.44153807831560465,0.0,0.459177468031462,Normal,Normal,Routine,D009A
2217,109.2319010335054,-0.44154310819280324,0.0,0.455101880776524,Normal,Normal,Routine,D009A
2218,109.23197460877566,-0.4415442742699839,0.0,0.46302948995844345,Normal,Normal,Routine,D009A
2219,109.23207166809082,-0.44153929855695473,0.0,0.4810547416139256,Normal,Normal,Routine,D009A
2220,109.23215087988238,-0.4415258235993171,0.0,0.47432252799472746,Normal,Normal,Routine,D009A
2221,109.23226172812348,-0.4415341036624177,0.0,0.44297685481923116,Normal,Normal,Routine,D009A
2222,109.23234598584975,-0.44153820131289856,0.0,0.4900500964490799,Normal,Normal,Routine,D009A
2223,109.23240142202077,-0.44153698202777086,0.0,0.4753508402759478,Normal,Normal,Routine,D009A
2224,109.23250622152841,-0.44151776637878787,0.0,0.4771840611162285,Normal,Normal,Routine,D009A
2225,109.23257378522108,-0.44153572291166254,0.0,0.4409128856319173,Normal,Normal,Routine,D009A
2226,109.23267930267927,-0.44152697377079814,0.0,0.4770371896244531,Normal,Normal,Routine,D009A
2227,109.23274006788265,-0.44152372560995484,0.0,0.48647639299961626,Normal,Normal,Routine,D009A
2228,109.23289707610772,-0.4415375175578949,0.0,0.43863184349914036,Normal,Normal,Routine,D009A
2229,109.23298862602739,-0.44154161785225665,0.0,0.45373340700894405,Normal,Normal,Routine,D009A
2230,109.23308260596757,-0.4415449030508319,0.0,0.46609394414517746,Normal,Normal,Routine,D009A
2231,109.23317028534879,-0.44151813511449345,0.0,0.49556769091123015,Normal,Normal,Routine,D009A
2232,109.23327526484844,-0.4415433178027865,0.0,0.491601576127057,Normal,Normal,Routine,D009A
2233,109.23336113415516,-0.44152444033207,0.0,0.493009381660683,Normal,Normal,Routine,D009A
2234,109.23344760226097,-0.4415336848607052,0.0,0.49485522718947517,Normal,Normal,Routine,D009A
2235,109.23135677543996,-0.44150346186342815,0.0,0.4941628426725161,Normal,Normal,Routine,D009A
2236,109.23141627924593,-0.441489584306052,0.0,0.40235199972740193,Normal,Normal,Routine,D009A
2237,109.23150805790087,-0.44150994121577175,0.0,0.5008489366990116,Healthy,Healthy,None,D009A
2238,109.23158688761025,-0.44148250382868154,0.0,0.5092881460033215,Healthy,Healthy,None,D009A
2239,109.23165755694288,-0.44146474588911777,0.0,0.4939735814659408,Normal,Normal,Routine,D009A
2240,109.2317856269009,-0.4414801803554471,0.0,0.4626957010843006,Normal,Normal,Routine,D009A
2241,109.23190700248553,-0.44146719115663186,0.0,0.4876607257224695,Normal,Normal,Routine,D009A
2242,109.23203329180011,-0.44148384870877655,0.0,0.472525841844498,Normal,Normal,Routine,D009A
2243,109.2320953518923,-0.44149748590266896,0.0,0.47771847815958407,Normal,Normal,Routine,D009A
2244,109.23219932602649,-0.4414890221571993,0.0,0.4532912703949923,Normal,Normal,Routine,D009A
2245,109.23230305870266,-0.4414874391506325,0.0,0.4753005880467817,Normal,Normal,Routine,D009A
2246,109.2323637516207,-0.44145170408877843,0.0,0.4859147840803997,Normal,Normal,Routine,D009A
2247,109.23244908579387,-0.4414582734372945,0.0,0.44302879862539835,Normal,Normal,Routine,D009A
2248,109.23255105294568,-0.441477552147139,0.0,0.4824259452514947,Normal,Normal,Routine,D009A
2249,109.23266624179092,-0.44144722335146125,0.0,0.4657544924326113,Normal,Normal,Routine,D009A
2250,109.23279145453505,-0.44147358646531,0.0,0.48747371168671777,Normal,Normal,Routine,D009A
2251,109.2328669266352,-0.44143059884133584,0.0,0.48610311602112266,Normal,Normal,Routine,D009A
2252,109.23294219021803,-0.4414413843240685,0.0,0.440232579987559,Normal,Normal,Routine,D009A
2253,109.23305028109193,-0.44147512060116834,0.0,0.483405333133249,Normal,Normal,Routine,D009A
2254,109.23313755309141,-0.44146172260841743,0.0,0.47260284592244195,Normal,Normal,Routine,D009A
2255,109.23319585896812,-0.44148838079141567,0.0,0.5136955417943599,Healthy,Healthy,None,D009A
2256,109.23331336194789,-0.4414650273792592,0.0,0.4819985845312819,Normal,Normal,Routine,D009A
2257,109.23338835741522,-0.44148532782042277,0.0,0.48885053801456063,Normal,Normal,Routine,D009A
2258,109.23346318486287,-0.44146777159527184,0.0,0.4817380941890201,Normal,Normal,Routine,D009A
2259,109.23350327179962,-0.44150293938774626,0.0,0.5230346427126066,Healthy,Healthy,None,D009A
2260,109.23138901663467,-0.44140261424845756,0.0,0.503759473279018,Healthy,Healthy,None,D009A
2261,109.23147669693607,-0.44138302646864486,0.0,0.5083804657685629,Healthy,Healthy,None,D009A
2262,109.23153043479688,-0.441399351046349,0.0,0.4739221084231213,Normal,Normal,Routine,D009A
2263,109.23163323620857,-0.44140418380965857,0.0,0.5066170848677495,Healthy,Healthy,None,D009A
2264,109.23172692044128,-0.4413889037249073,0.0,0.4918843550719275,Normal,Normal,Routine,D009A
2265,109.23183784453414,-0.44139918953359464,0.0,0.4745307352083901,Normal,Normal,Routine,D009A
2266,109.23197073983869,-0.44138874687411256,0.0,0.48350097354204374,Normal,Normal,Routine,D009A
2267,109.23207794077076,-0.4413983725564767,0.0,0.48222942396331464,Normal,Normal,Routine,D009A
2268,109.23214736091836,-0.44139078222467115,0.0,0.4177133431369522,Normal,Normal,Routine,D009A
2269,109.23225175468701,-0.441377917357189,0.0,0.4832468000006938,Normal,Normal,Routine,D009A
2270,109.23233270450454,-0.44141064697884497,0.0,0.4903937948674676,Normal,Normal,Routine,D009A
2271,109.23241296770234,-0.4413801741828447,0.0,0.50206969767562,Healthy,Healthy,None,D009A
2272,109.23248523200618,-0.44139448118653524,0.0,0.4491013253871683,Normal,Normal,Routine,D009A
2273,109.23265608742729,-0.441399080638458,0.0,0.44730542653618105,Normal,Normal,Routine,D009A
2274,109.23275216141532,-0.4413901185271678,0.0,0.44819303583250975,Normal,Normal,Routine,D009A
2275,109.23282958077209,-0.4413593538545014,0.0,0.5167748324445212,Healthy,Healthy,None,D009A
2276,109.23307028284293,-0.4413916333797443,0.0,0.4682515393069212,Normal,Normal,Routine,D009A
2277,109.23316284802041,-0.4413720358785465,0.0,0.46919928654139953,Normal,Normal,Routine,D009A
2278,109.23325649587193,-0.4413856173229815,0.0,0.4502624943989636,Normal,Normal,Routine,D009A
2279,109.23334039137755,-0.4413756014929753,0.0,0.4998577547836216,Normal,Normal,Routine,D009A
2280,109.23343559653482,-0.44136764293118985,0.0,0.4775657384399256,Normal,Normal,Routine,D009A
2281,109.23350819998264,-0.4413876398565495,0.0,0.4679576511472253,Normal,Normal,Routine,D009A
2282,109.23138865850605,-0.44133679400275394,0.0,0.5087932719569453,Healthy,Healthy,None,D009A
2283,109.23145495098782,-0.4413324240350491,0.0,0.512699034783563,Healthy,Healthy,None,D009A
2284,109.23159043181063,-0.4413358168398247,0.0,0.5120191582418285,Healthy,Healthy,None,D009A
2285,109.23165852938008,-0.4413295193405145,0.0,0.499850874417533,Normal,Normal,Routine,D009A
2286,109.23185582808789,-0.44130716532074465,0.0,0.46380372649860235,Normal,Normal,Routine,D009A
2287,109.23193522157574,-0.44131921961611476,0.0,0.4859508732065403,Normal,Normal,Routine,D009A
2288,109.23200623632877,-0.44133748533282247,0.0,0.4820994540257994,Normal,Normal,Routine,D009A
2289,109.23211637072733,-0.4413102896307477,0.0,0.4567981561725856,Normal,Normal,Routine,D009A
2290,109.23228930449378,-0.44132341620024673,0.0,0.459255131522217,Normal,Normal,Routine,D009A
2291,109.23238204479021,-0.4413228623559848,0.0,0.475897383602092,Normal,Normal,Routine,D009A
2292,109.23253174528135,-0.44132637068011843,0.0,0.4618686104855337,Normal,Normal,Routine,D009A
2293,109.23268482548762,-0.4413091270844478,0.0,0.4623188163030736,Normal,Normal,Routine,D009A
2294,109.23279407005569,-0.4413148294968803,0.0,0.5080383824274268,Healthy,Healthy,None,D009A
2295,109.23287462751682,-0.44134307009174495,0.0,0.49011677531002856,Normal,Normal,Routine,D009A
2296,109.23294765394859,-0.44133676109540915,0.0,0.4614235425379379,Normal,Normal,Routine,D009A
2297,109.23308839285286,-0.44132327731924775,0.0,0.46710180488466485,Normal,Normal,Routine,D009A
2298,109.23319488083257,-0.4413015679915373,0.0,0.5006883656865492,Healthy,Healthy,None,D009A
2299,109.23332899710633,-0.44131343461483724,0.0,0.47678142275155155,Normal,Normal,Routine,D009A
2300,109.23341667506274,-0.4413345980704467,0.0,0.4884227613120778,Normal,Normal,Routine,D009A
2301,109.23352279977789,-0.4413106975338006,0.0,0.4482630509706205,Normal,Normal,Routine,D009A
2302,109.23139389857904,-0.44126639392878886,0.0,0.5042111470359756,Healthy,Healthy,None,D009A
2303,109.23149385911688,-0.4412506695260244,0.0,0.5120374846790586,Healthy,Healthy,None,D009A
2304,109.23158367261725,-0.44125092162076834,0.0,0.4996414276635103,Normal,Normal,Routine,D009A
2305,109.23173959107262,-0.4412307497082048,0.0,0.47811706871806864,Normal,Normal,Routine,D009A
2306,109.23180552434935,-0.44121457856848173,0.0,0.48531559960529946,Normal,Normal,Routine,D009A
2307,109.23191100664594,-0.44123279736761734,0.0,0.481400802498612,Normal,Normal,Routine,D009A
2308,109.23196432683493,-0.44124527496112126,0.0,0.4724317482181529,Normal,Normal,Routine,D009A
2309,109.23208019975104,-0.44123933884929656,0.0,0.5013154800535347,Healthy,Healthy,None,D009A
2310,109.23216313247534,-0.4412664396871629,0.0,0.47708983120286585,Normal,Normal,Routine,D009A
2311,109.23225550436891,-0.4412168683126703,0.0,0.4457798076644997,Normal,Normal,Routine,D009A
2312,109.23240994475293,-0.44121771370413243,0.0,0.4854163952361437,Normal,Normal,Routine,D009A
2313,109.23251919273865,-0.4412355011474241,0.0,0.4951507183031802,Normal,Normal,Routine,D009A
2314,109.23262686265961,-0.4412410657275146,0.0,0.47578580705400403,Normal,Normal,Routine,D009A
2315,109.23285241884983,-0.4412471468259825,0.0,0.4732788449449089,Normal,Normal,Routine,D009A
2316,109.23291108729194,-0.44126377461670585,0.0,0.48726327420379034,Normal,Normal,Routine,D009A
2317,109.23299942802812,-0.441258817587601,0.0,0.4860654770962748,Normal,Normal,Routine,D009A
2318,109.23309089656487,-0.44123475801369,0.0,0.5137093395552558,Healthy,Healthy,None,D009A
2319,109.23343891687179,-0.4412520590698302,0.0,0.46884807175264526,Normal,Normal,Routine,D009A
2320,109.23351319055644,-0.4412401129667248,0.0,0.4759192743862763,Normal,Normal,Routine,D009A
2321,109.23137070626169,-0.44114797792250177,0.0,0.47897936629554244,Normal,Normal,Routine,D009A
2322,109.23144462423849,-0.4411889069146126,0.0,0.498765016773406,Normal,Normal,Routine,D009A
2323,109.23149717821083,-0.44116705811258833,0.0,0.531415895552029,Healthy,Healthy,None,D009A
2324,109.23161343576437,-0.4411906718127483,0.0,0.5237376527850495,Healthy,Healthy,None,D009A
2325,109.23168449005007,-0.441155588524987,0.0,0.5205319587582098,Healthy,Healthy,None,D009A
2326,109.23193413336938,-0.44116114638823367,0.0,0.4982251373947526,Normal,Normal,Routine,D009A
2327,109.23204440207644,-0.441154767633778,0.0,0.5042709478655377,Healthy,Healthy,None,D009A
2328,109.23210150938503,-0.4411748268555645,0.0,0.4796605738433632,Normal,Normal,Routine,D009A
2329,109.23228421131583,-0.4411483212979429,0.0,0.49006444784395536,Normal,Normal,Routine,D009A
2330,109.23233528752824,-0.441172671777488,0.0,0.46171426926842485,Normal,Normal,Routine,D009A
2331,109.232414008917,-0.44115899050219703,0.0,0.47481586038152696,Normal,Normal,Routine,D009A
2332,109.23252155466565,-0.4411463886161512,0.0,0.44677250229372856,Normal,Normal,Routine,D009A
2333,109.23261130991943,-0.4411957295693031,0.0,0.4668191728669537,Normal,Normal,Routine,D009A
2334,109.23270077550711,-0.44117456689266454,0.0,0.46292915544994484,Normal,Normal,Routine,D009A
2335,109.2327683151661,-0.4411802068732699,0.0,0.4608047113220324,Normal,Normal,Routine,D009A
2336,109.23287420795239,-0.44116068761239674,0.0,0.4855739300769849,Normal,Normal,Routine,D009A
2337,109.23297399272644,-0.441178282884362,0.0,0.4855046395884036,Normal,Normal,Routine,D009A
2338,109.2331833527157,-0.4411899233333994,0.0,0.477519560484381,Normal,Normal,Routine,D009A
2339,109.23347933897206,-0.44117255290746005,0.0,0.4430253561660305,Normal,Normal,Routine,D009A
2340,109.23138598205543,-0.4410917243592604,0.0,0.5127026219955241,Healthy,Healthy,None,D009A
2341,109.2314746798603,-0.4410959360972317,0.0,0.5127720716596564,Healthy,Healthy,None,D009A
2342,109.23156921026042,-0.44110724163211695,0.0,0.5091903206760898,Healthy,Healthy,None,D009A
2343,109.23164260642696,-0.4411021987482329,0.0,0.5480290038367789,Healthy,Healthy,None,D009A
2344,109.23196068763045,-0.441086790569546,0.0,0.48206982535500237,Normal,Normal,Routine,D009A
2345,109.23208480801658,-0.4410865553023979,0.0,0.5024540375453203,Healthy,Healthy,None,D009A
2346,109.23216938964252,-0.4410693586172481,0.0,0.49014951034022386,Normal,Normal,Routine,D009A
2347,109.23224155086537,-0.4410674632881267,0.0,0.4788503771232557,Normal,Normal,Routine,D009A
2348,109.23232501124845,-0.4410701780559845,0.0,0.4673304801612544,Normal,Normal,Routine,D009A
2349,109.23242954400403,-0.44107739764710235,0.0,0.4848846308659019,Normal,Normal,Routine,D009A
2350,109.23251785101019,-0.44108965300732406,0.0,0.4990531129342522,Normal,Normal,Routine,D009A
2351,109.23267800790467,-0.44108332866968913,0.0,0.49533227790999734,Normal,Normal,Routine,D009A
2352,109.2327674715156,-0.4411010037613034,0.0,0.4707831014753595,Normal,Normal,Routine,D009A
2353,109.2328297007209,-0.4411099332082565,0.0,0.5021908677037001,Healthy,Healthy,None,D009A
2354,109.2328835005183,-0.4410923610994624,0.0,0.5006215191260323,Healthy,Healthy,None,D009A
2355,109.23301412234093,-0.4410934458376248,0.0,0.4797901414713927,Normal,Normal,Routine,D009A
2356,109.23308121821782,-0.4411030944594539,0.0,0.503033348737812,Healthy,Healthy,None,D009A
2357,109.23318255501688,-0.44108726182386837,0.0,0.5230518630557037,Healthy,Healthy,None,D009A
2358,109.23339040870374,-0.44109857815923537,0.0,0.4347192705280572,Normal,Normal,Routine,D009A
2359,109.23351464960614,-0.44107527154200665,0.0,0.4915145172256884,Normal,Normal,Routine,D009A
2360,109.23137032926086,-0.441017480544973,0.0,0.5123825181257345,Healthy,Healthy,None,D009A
2361,109.23140578895548,-0.44100024046855624,0.0,0.535375818633053,Healthy,Healthy,None,D009A
2362,109.23151791017938,-0.4410419825159678,0.0,0.5242856858698137,Healthy,Healthy,None,D009A
2363,109.23158733974259,-0.44102484099483663,0.0,0.5250625087096304,Healthy,Healthy,None,D009A
2364,109.2316824826567,-0.44103662052355913,0.0,0.5040889508196421,Healthy,Healthy,None,D009A
2365,109.2317579963101,-0.4410342819905,0.0,0.5126559460668365,Healthy,Healthy,None,D009A
2366,109.23180375362314,-0.44106338869859973,0.0,0.5063719069156418,Healthy,Healthy,None,D009A
2367,109.23186665807475,-0.4410504144221573,0.0,0.49841987428489637,Normal,Normal,Routine,D009A
2368,109.23192562856728,-0.44102025122556926,0.0,0.4674528722804761,Normal,Normal,Routine,D009A
2369,109.23201264277483,-0.4410217749806043,0.0,0.47234729294730066,Normal,Normal,Routine,D009A
2370,109.23209596285545,-0.4410213671764349,0.0,0.47875240347199416,Normal,Normal,Routine,D009A
2371,109.23217677939753,-0.4410059962683059,0.0,0.46187467773450663,Normal,Normal,Routine,D009A
2372,109.23237235888942,-0.4410139601637223,0.0,0.474609373902982,Normal,Normal,Routine,D009A
2373,109.23246555952467,-0.44102683794378744,0.0,0.4934919563485829,Normal,Normal,Routine,D009A
2374,109.23262075660097,-0.44103768774014374,0.0,0.49655383514575674,Normal,Normal,Routine,D009A
2375,109.23269332535331,-0.4410408827936424,0.0,0.5098934779320757,Healthy,Healthy,None,D009A
2376,109.23277687986338,-0.4409949942919891,0.0,0.4871245510979056,Normal,Normal,Routine,D009A
2377,109.23294862562365,-0.4410180687166507,0.0,0.4816529739308818,Normal,Normal,Routine,D009A
2378,109.23299886168165,-0.4410017680982716,0.0,0.4949784373973695,Normal,Normal,Routine,D009A
2379,109.23313060060758,-0.441004347899385,0.0,0.4440779174829638,Normal,Normal,Routine,D009A
2380,109.23320590133729,-0.44103667736495844,0.0,0.51054876410489,Healthy,Healthy,None,D009A
2381,109.23328941831313,-0.4409976723512958,0.0,0.5071486269435819,Healthy,Healthy,None,D009A
2382,109.23332814212617,-0.44104235754115395,0.0,0.46781381807299455,Normal,Normal,Routine,D009A
2383,109.23336296227009,-0.4410061360707263,0.0,0.49215670358269886,Normal,Normal,Routine,D009A
2384,109.23347912426641,-0.44100124083348174,0.0,0.4996512938612886,Normal,Normal,Routine,D009A
2385,109.23142242530298,-0.44094154110503797,0.0,0.5189210407086541,Healthy,Healthy,None,D009A
2386,109.23156934434596,-0.44094259087109505,0.0,0.49247546510914286,Normal,Normal,Routine,D009A
2387,109.23166014527169,-0.4409380784446053,0.0,0.4823703002863927,Normal,Normal,Routine,D009A
2388,109.23174073336227,-0.44096572399785694,0.0,0.5193148515729283,Healthy,Healthy,None,D009A
2389,109.23200017848664,-0.44094516445522924,0.0,0.4807857386207756,Normal,Normal,Routine,D009A
2390,109.23212770751132,-0.44096142256793025,0.0,0.46945446350407477,Normal,Normal,Routine,D009A
2391,109.23221969852662,-0.4409689520427194,0.0,0.4775564812988207,Normal,Normal,Routine,D009A
2392,109.23232749287845,-0.44094198001854534,0.0,0.5003774839632346,Healthy,Healthy,None,D009A
2393,109.23238706471189,-0.44091778983581076,0.0,0.4841937786373604,Normal,Normal,Routine,D009A
2394,109.2325160644475,-0.4409293314790099,0.0,0.47809856924548894,Normal,Normal,Routine,D009A
2395,109.23259465678316,-0.44095248129501535,0.0,0.4966481613418076,Normal,Normal,Routine,D009A
2396,109.2326692216837,-0.4409510540532046,0.0,0.5285013364171427,Healthy,Healthy,None,D009A
2397,109.23283416449623,-0.4409564903308881,0.0,0.4850775444021105,Normal,Normal,Routine,D009A
2398,109.23300332542158,-0.44090937615761794,0.0,0.4732610219399475,Normal,Normal,Routine,D009A
2399,109.23318266135809,-0.44094106763148416,0.0,0.5175993525543096,Healthy,Healthy,None,D009A
2400,109.2332466681743,-0.44093129571167794,0.0,0.49710960219087214,Normal,Normal,Routine,D009A
2401,109.23343712272205,-0.44094484962527675,0.0,0.5107709231022568,Healthy,Healthy,None,D009A
2402,109.23346099739591,-0.44090496312829836,0.0,0.5041443190002354,Healthy,Healthy,None,D009A
2403,109.23136980341901,-0.4408591506796718,0.0,0.4839263131126757,Normal,Normal,Routine,D009A
2404,109.23143676438838,-0.4408768529361751,0.0,0.4820140913667889,Normal,Normal,Routine,D009A
2405,109.23151768345318,-0.4408951020144218,0.0,0.4962372626219378,Normal,Normal,Routine,D009A
2406,109.23156800400164,-0.44087080383200156,0.0,0.4877978852361953,Normal,Normal,Routine,D009A
2407,109.23166226020435,-0.44087927070051147,0.0,0.4785719445540856,Normal,Normal,Routine,D009A
2408,109.23172907988658,-0.44087527702695045,0.0,0.46500205707302,Normal,Normal,Routine,D009A
2409,109.23187468798446,-0.44085895130156033,0.0,0.49141921180515863,Normal,Normal,Routine,D009A
2410,109.23208121668873,-0.4408507173194506,0.0,0.5113336111757929,Healthy,Healthy,None,D009A
2411,109.23218983834191,-0.4408656117456878,0.0,0.5155581873931656,Healthy,Healthy,None,D009A
2412,109.23228780823914,-0.4408807993308013,0.0,0.4897388799896351,Normal,Normal,Routine,D009A
2413,109.23255496595185,-0.4408794362142458,0.0,0.45553952402481823,Normal,Normal,Routine,D009A
2414,109.23260418861548,-0.4408713165361971,0.0,0.4752422246787713,Normal,Normal,Routine,D009A
2415,109.2326980515982,-0.4409095383112501,0.0,0.47577699181378913,Normal,Normal,Routine,D009A
2416,109.23269992636354,-0.44085209234854017,0.0,0.496715539552962,Normal,Normal,Routine,D009A
2417,109.23278246236998,-0.44089702311338086,0.0,0.5095201401714167,Healthy,Healthy,None,D009A
2418,109.23288005585258,-0.44086299691716085,0.0,0.46995912995075156,Normal,Normal,Routine,D009A
2419,109.23291415146464,-0.4408289591601207,0.0,0.44712979372347306,Normal,Normal,Routine,D009A
2420,109.23292077704419,-0.44088257655587265,0.0,0.48579189221539476,Normal,Normal,Routine,D009A
2421,109.23312149234788,-0.4408548987499986,0.0,0.4649160436579478,Normal,Normal,Routine,D009A
2422,109.23319759594324,-0.44088803141777116,0.0,0.5157727214182082,Healthy,Healthy,None,D009A
2423,109.23329891489774,-0.44088693248945393,0.0,0.4997491776650579,Normal,Normal,Routine,D009A
2424,109.23338590805487,-0.4408598984885664,0.0,0.46261807153680157,Normal,Normal,Routine,D009A
2425,109.23347800490919,-0.44085692997749243,0.0,0.5215329843441207,Healthy,Healthy,None,D009A
2426,109.2313984818388,-0.4407781759354003,0.0,0.5376132963275587,Healthy,Healthy,None,D009A
2427,109.2314485694526,-0.44079312418670324,0.0,0.509737609949813,Healthy,Healthy,None,D009A
2428,109.23155520995493,-0.4407907885680569,0.0,0.5295169005776096,Healthy,Healthy,None,D009A
2429,109.23165124934654,-0.4407949242758098,0.0,0.4720403313124524,Normal,Normal,Routine,D009A
2430,109.23181646287357,-0.4407985384651414,0.0,0.510054813997992,Healthy,Healthy,None,D009A
2431,109.23198083132712,-0.44078614005762695,0.0,0.4929788551081909,Normal,Normal,Routine,D009A
2432,109.23206338032824,-0.44077963890355565,0.0,0.5146434905796776,Healthy,Healthy,None,D009A
2433,109.23216861094193,-0.44081004844929145,0.0,0.5044345601594467,Healthy,Healthy,None,D009A
2434,109.2322510260071,-0.4408192142140303,0.0,0.4736197349849654,Normal,Normal,Routine,D009A
2435,109.23233436515468,-0.4408141718781271,0.0,0.46525741527240067,Normal,Normal,Routine,D009A
2436,109.2324271756257,-0.44081313603388234,0.0,0.5015966210380649,Healthy,Healthy,None,D009A
2437,109.23249775550596,-0.4408205265452876,0.0,0.5085578429644093,Healthy,Healthy,None,D009A
2438,109.23257517321154,-0.44079284912706324,0.0,0.4863077203737727,Normal,Normal,Routine,D009A
2439,109.23273657887276,-0.44077817296760596,0.0,0.46973177193314697,Normal,Normal,Routine,D009A
2440,109.23300974901743,-0.44079102048704144,0.0,0.4718751647218058,Normal,Normal,Routine,D009A
2441,109.23303836982791,-0.440790597783774,0.0,0.48178832036523567,Normal,Normal,Routine,D009A
2442,109.23314901183545,-0.4408203738081153,0.0,0.48185840732219065,Normal,Normal,Routine,D009A
2443,109.2332668141367,-0.44078847028957435,0.0,0.47193575674694255,Normal,Normal,Routine,D009A
2444,109.23349472712486,-0.44075403571005145,0.0,0.4665705339057784,Normal,Normal,Routine,D009A
2445,109.23137554504113,-0.4407340434708947,0.0,0.5361971640016053,Healthy,Healthy,None,D009A
2446,109.23143832145989,-0.44075347554672656,0.0,0.5213941474414624,Healthy,Healthy,None,D009A
2447,109.23149658759225,-0.44075799106957947,0.0,0.5367966627437984,Healthy,Healthy,None,D009A
2448,109.23159390609693,-0.4407584058995906,0.0,0.5065508052943823,Healthy,Healthy,None,D009A
2449,109.23170436721131,-0.4407473510528251,0.0,0.49058484889646764,Normal,Normal,Routine,D009A
2450,109.23177144465443,-0.44070926543236366,0.0,0.4990460487989076,Normal,Normal,Routine,D009A
2451,109.2318689148582,-0.4407482829320907,0.0,0.5006636535135565,Healthy,Healthy,None,D009A
2452,109.23193326822575,-0.44075431460548753,0.0,0.4206983723242468,Normal,Normal,Routine,D009A
2453,109.23203566943052,-0.44071553026103466,0.0,0.5112719609488084,Healthy,Healthy,None,D009A
2454,109.23212337831599,-0.44072334536312885,0.0,0.46990308862156666,Normal,Normal,Routine,D009A
2455,109.23217731447289,-0.4407254643626902,0.0,0.503041280181796,Healthy,Healthy,None,D009A
2456,109.2322232067422,-0.44077657265492587,0.0,0.4711299858927946,Normal,Normal,Routine,D009A
2457,109.23228655550291,-0.44075363039789045,0.0,0.46464552524008657,Normal,Normal,Routine,D009A
2458,109.23236758095256,-0.44073230472548164,0.0,0.4855813436712955,Normal,Normal,Routine,D009A
2459,109.23243842219445,-0.44073602294446124,0.0,0.5134746651635567,Healthy,Healthy,None,D009A
2460,109.23264078103843,-0.44071697705620766,0.0,0.48694135097410374,Normal,Normal,Routine,D009A
2461,109.23272422949582,-0.44071699699449196,0.0,0.47954881902964547,Normal,Normal,Routine,D009A
2462,109.23286682139091,-0.44074589262727815,0.0,0.4600632865529088,Normal,Normal,Routine,D009A
2463,109.23291889678498,-0.440715692481753,0.0,0.41989146552726336,Normal,Normal,Routine,D009A
2464,109.23308388278053,-0.44071330295059175,0.0,0.4599995882077119,Normal,Normal,Routine,D009A
2465,109.23314802180288,-0.4406837667221566,0.0,0.4990467396352014,Normal,Normal,Routine,D009A
2466,109.23322077634785,-0.44070673065780047,0.0,0.48522637308503486,Normal,Normal,Routine,D009A
2467,109.23340379217724,-0.44070176817548556,0.0,0.44556304682657344,Normal,Normal,Routine,D009A
2468,109.23139465818515,-0.44064752490570447,0.0,0.522397791507123,Healthy,Healthy,None,D009A
2469,109.23157345677609,-0.4406640466537227,0.0,0.5043496950330784,Healthy,Healthy,None,D009A
2470,109.23165644597671,-0.4406724963495578,0.0,0.5230200350906029,Healthy,Healthy,None,D009A
2471,109.23173870053625,-0.44063464766399635,0.0,0.49184058503621186,Normal,Normal,Routine,D009A
2472,109.2318885224922,-0.4406484667700983,0.0,0.4942815937261529,Normal,Normal,Routine,D009A
2473,109.23198207503448,-0.4406621404001314,0.0,0.4716534545295693,Normal,Normal,Routine,D009A
2474,109.2320478797658,-0.44063111702612984,0.0,0.4970860866966183,Normal,Normal,Routine,D009A
2475,109.23214993250213,-0.4406339917580978,0.0,0.4591830987231863,Normal,Normal,Routine,D009A
2476,109.23225557494469,-0.44065121040786276,0.0,0.4782490914388416,Normal,Normal,Routine,D009A
2477,109.23233821256713,-0.4406536762783605,0.0,0.4718431898977096,Normal,Normal,Routine,D009A
2478,109.2323966864424,-0.44063442328796154,0.0,0.49024110776672036,Normal,Normal,Routine,D009A
2479,109.23248987141594,-0.44063371487902797,0.0,0.49954292197334155,Normal,Normal,Routine,D009A
2480,109.23258843962755,-0.4406524980804049,0.0,0.4971445295645365,Normal,Normal,Routine,D009A
2481,109.23267121735876,-0.4406398757755419,0.0,0.5066356919603117,Healthy,Healthy,None,D009A
2482,109.23272063840318,-0.4406361501194005,0.0,0.4854518360193077,Normal,Normal,Routine,D009A
2483,109.23279336526944,-0.4406240263915549,0.0,0.5125858289907026,Healthy,Healthy,None,D009A
2484,109.23286567851683,-0.4406098597547289,0.0,0.5253738202211651,Healthy,Healthy,None,D009A
2485,109.2329050139229,-0.44062839730581743,0.0,0.5068866711968154,Healthy,Healthy,None,D009A
2486,109.2329713496362,-0.44061992360254515,0.0,0.49079578383999667,Normal,Normal,Routine,D009A
2487,109.23309120499826,-0.4406620138318551,0.0,0.4793075707910543,Normal,Normal,Routine,D009A
2488,109.2332294644733,-0.4406341058570362,0.0,0.4890474140388024,Normal,Normal,Routine,D009A
2489,109.23335515465835,-0.4406243721671758,0.0,0.4633508670366615,Normal,Normal,Routine,D009A
2490,109.23342980026715,-0.44062363761536333,0.0,0.42960771784949003,Normal,Normal,Routine,D009A
2491,109.23351609390505,-0.44063754642891223,0.0,0.5114055410146129,Healthy,Healthy,None,D009A
2492,109.23143130765278,-0.4406206841849633,0.0,0.511879085427145,Healthy,Healthy,None,D009A
2493,109.23152225575797,-0.44060908661246284,0.0,0.5116364556041335,Healthy,Healthy,None,D009A
2494,109.23157163297596,-0.4405968135391159,0.0,0.5093259540404759,Healthy,Healthy,None,D009A
2495,109.23169301062651,-0.440613009573219,0.0,0.5126372341441874,Healthy,Healthy,None,D009A
2496,109.23182196184413,-0.4406129472497088,0.0,0.5000773742543821,Healthy,Healthy,None,D009A
2497,109.23185001833505,-0.44061712547787985,0.0,0.5119800546535236,Healthy,Healthy,None,D009A
2498,109.23222182920865,-0.440595774339992,0.0,0.4639494605556739,Normal,Normal,Routine,D009A
2499,109.23244991324475,-0.4405896624270026,0.0,0.4733976592787557,Normal,Normal,Routine,D009A
2500,109.23251567211246,-0.44059321303501386,0.0,0.4936706723245375,Normal,Normal,Routine,D009A
2501,109.23264132130271,-0.44058189140191084,0.0,0.48453341234830655,Normal,Normal,Routine,D009A
2502,109.23270669344419,-0.4405798416007447,0.0,0.4935817969039352,Normal,Normal,Routine,D009A
2503,109.23281272062286,-0.4405617230961153,0.0,0.5010016617838552,Healthy,Healthy,None,D009A
2504,109.2329523435375,-0.4405457295716167,0.0,0.48114955444466156,Normal,Normal,Routine,D009A
2505,109.23337485806256,-0.4405869823430628,0.0,0.4862951278284037,Normal,Normal,Routine,D009A
2506,109.23349215886776,-0.4405638368086209,0.0,0.49756170887888573,Normal,Normal,Routine,D009A
2507,109.23138562231918,-0.4405339746952781,0.0,0.4632730394967495,Normal,Normal,Routine,D009A
2508,109.23157211371945,-0.4405084855332963,0.0,0.5163508027435555,Healthy,Healthy,None,D009A
2509,109.23166566934181,-0.4405090224344216,0.0,0.47642624324251076,Normal,Normal,Routine,D009A
2510,109.23182170798881,-0.4405085795370306,0.0,0.502237377867807,Healthy,Healthy,None,D009A
2511,109.23191249024006,-0.4405299616324035,0.0,0.5020451719912005,Healthy,Healthy,None,D009A
2512,109.23210641205885,-0.44052025240437165,0.0,0.5317847554082704,Healthy,Healthy,None,D009A
2513,109.23215960708173,-0.4404807021030273,0.0,0.4834699728341967,Normal,Normal,Routine,D009A
2514,109.23221091318057,-0.44054346264965005,0.0,0.47277220022601607,Normal,Normal,Routine,D009A
2515,109.23232375782207,-0.4404888573817289,0.0,0.5074074606106809,Healthy,Healthy,None,D009A
2516,109.2323950491384,-0.44050763315643543,0.0,0.49558876839936916,Normal,Normal,Routine,D009A
2517,109.23248617919472,-0.44050172182669833,0.0,0.4801622481706242,Normal,Normal,Routine,D009A
2518,109.23255336573055,-0.4404810638225256,0.0,0.4810246551504752,Normal,Normal,Routine,D009A
2519,109.23261891117188,-0.4405021505137448,0.0,0.4840728746993201,Normal,Normal,Routine,D009A
2520,109.23276117824814,-0.44049900226536326,0.0,0.5121902593685727,Healthy,Healthy,None,D009A
2521,109.23311128544059,-0.4404883717422166,0.0,0.3756307595590123,Abnormal,Abnormal,Monitor,D009A
2522,109.23320088717416,-0.44049940386473085,0.0,0.5037381372744961,Healthy,Healthy,None,D009A
2523,109.23324923623464,-0.4405124562874098,0.0,0.4669094339300979,Normal,Normal,Routine,D009A
2524,109.23335409125328,-0.4405055426418106,0.0,0.5070752614354547,Healthy,Healthy,None,D009A
2525,109.23350634575799,-0.44049691309911226,0.0,0.4954972392263971,Normal,Normal,Routine,D009A
2526,109.23143247065266,-0.4404656183258363,0.0,0.4953755912567875,Normal,Normal,Routine,D009A
2527,109.23160472509032,-0.44044893270288377,0.0,0.4468115943320734,Normal,Normal,Routine,D009A
2528,109.23166255163714,-0.4404358179336134,0.0,0.4985413329094575,Normal,Normal,Routine,D009A
2529,109.23173472299152,-0.4404441791258891,0.0,0.501786271536153,Healthy,Healthy,None,D009A
2530,109.23186287449658,-0.4404566176034703,0.0,0.5014820193893554,Healthy,Healthy,None,D009A
2531,109.23194374173755,-0.44040518059979133,0.0,0.4759378574594008,Normal,Normal,Routine,D009A
2532,109.23210724031671,-0.44044381054001114,0.0,0.5093966337697768,Healthy,Healthy,None,D009A
2533,109.23216533123711,-0.44042193861056295,0.0,0.5035660020869934,Healthy,Healthy,None,D009A
2534,109.2322857738671,-0.44043415278377285,0.0,0.5023865420474076,Healthy,Healthy,None,D009A
2535,109.23238675341655,-0.4404436512246058,0.0,0.5117499237327898,Healthy,Healthy,None,D009A
2536,109.23243961400101,-0.4404586851343636,0.0,0.5116905028161499,Healthy,Healthy,None,D009A
2537,109.23253534010261,-0.4404430663606349,0.0,0.489503571201812,Normal,Normal,Routine,D009A
2538,109.23262318801889,-0.44045945422029137,0.0,0.50500384830749,Healthy,Healthy,None,D009A
2539,109.23270191963833,-0.4404633470318215,0.0,0.49240906901682713,Normal,Normal,Routine,D009A
2540,109.23281735074899,-0.44046837083932044,0.0,0.5031627141814833,Healthy,Healthy,None,D009A
2541,109.23288258822768,-0.4404736376730303,0.0,0.4974900738553178,Normal,Normal,Routine,D009A
2542,109.23293030926504,-0.4404757732626271,0.0,0.49288203109630374,Normal,Normal,Routine,D009A
2543,109.23301393050245,-0.4404592608560071,0.0,0.4476443519721614,Normal,Normal,Routine,D009A
2544,109.2332189345494,-0.44044893207435754,0.0,0.5103502901207623,Healthy,Healthy,None,D009A
2545,109.23331618200456,-0.4404310122083566,0.0,0.4568763158280413,Normal,Normal,Routine,D009A
2546,109.23337376758536,-0.44045722617779315,0.0,0.4846372091971292,Normal,Normal,Routine,D009A
2547,109.23342927669468,-0.44047441295030954,0.0,0.4917709875326215,Normal,Normal,Routine,D009A
2548,109.23347701617625,-0.44044024911519825,0.0,0.5086711080893417,Healthy,Healthy,None,D009A
2549,109.23139394450126,-0.440367582422078,0.0,0.46033625732535965,Normal,Normal,Routine,D009A
2550,109.23146667886365,-0.44034248023637285,0.0,0.4840660161797415,Normal,Normal,Routine,D009A
2551,109.2315781881559,-0.44036990617111965,0.0,0.4672389893482129,Normal,Normal,Routine,D009A
2552,109.2316355342908,-0.4403408485270819,0.0,0.5257422328908922,Healthy,Healthy,None,D009A
2553,109.23183908924152,-0.44036114345690414,0.0,0.503478305937688,Healthy,Healthy,None,D009A
2554,109.2319161826262,-0.4403639959378459,0.0,0.44124307720384576,Normal,Normal,Routine,D009A
2555,109.23197763218722,-0.4403496865455288,0.0,0.47472541350694364,Normal,Normal,Routine,D009A
2556,109.23209301019159,-0.44035878148913044,0.0,0.5054694084735102,Healthy,Healthy,None,D009A
2557,109.23225957335315,-0.44036450567853463,0.0,0.5232601116877763,Healthy,Healthy,None,D009A
2558,109.23229953919436,-0.44037600251231024,0.0,0.498425762090002,Normal,Normal,Routine,D009A
2559,109.23242079683662,-0.44037562362902355,0.0,0.5005779121780951,Healthy,Healthy,None,D009A
2560,109.23248480169813,-0.44037400755909023,0.0,0.4873711439263934,Normal,Normal,Routine,D009A
2561,109.23259384424328,-0.4403716136940867,0.0,0.4820117499254003,Normal,Normal,Routine,D009A
2562,109.2327245219516,-0.4403336065169674,0.0,0.5067342475358143,Healthy,Healthy,None,D009A
2563,109.23283823788135,-0.4403669461802881,0.0,0.49955631453030974,Normal,Normal,Routine,D009A
2564,109.23289563843038,-0.4403282071081257,0.0,0.5080170570048279,Healthy,Healthy,None,D009A
2565,109.23309730954682,-0.4403345283561751,0.0,0.4688436615254786,Normal,Normal,Routine,D009A
2566,109.2332387316542,-0.4403416735060757,0.0,0.48987364354197926,Normal,Normal,Routine,D009A
2567,109.23333728965544,-0.4403429558090679,0.0,0.5000148082926636,Healthy,Healthy,None,D009A
2568,109.23343021500051,-0.4403578120881323,0.0,0.47046912156961623,Normal,Normal,Routine,D009A
2569,109.2334965308984,-0.44033055157200224,0.0,0.48112696950587075,Normal,Normal,Routine,D009A
2570,109.23137184023095,-0.4402822115067348,0.0,0.48570741034973325,Normal,Normal,Routine,D009A
2571,109.23144313529122,-0.4402696913629618,0.0,0.3965415015908107,Abnormal,Abnormal,Monitor,D009A
2572,109.23152610317858,-0.4402770640190527,0.0,0.49305514072180523,Normal,Normal,Routine,D009A
2573,109.23161994571264,-0.44027222493128276,0.0,0.49477717200087684,Normal,Normal,Routine,D009A
2574,109.23169564179098,-0.4403038219696915,0.0,0.5144479287913972,Healthy,Healthy,None,D009A
2575,109.23176515530272,-0.4402811000196381,0.0,0.48108779535970586,Normal,Normal,Routine,D009A
2576,109.23184861681433,-0.44030177319511804,0.0,0.47790329084438676,Normal,Normal,Routine,D009A
2577,109.23194967019302,-0.44028756368885563,0.0,0.4892336336458963,Normal,Normal,Routine,D009A
2578,109.2320271932529,-0.4403082137434033,0.0,0.48441721402181714,Normal,Normal,Routine,D009A
2579,109.23213386060314,-0.44029116246330285,0.0,0.49303694933479236,Normal,Normal,Routine,D009A
2580,109.23222014477668,-0.44028777838543526,0.0,0.48162863620838775,Normal,Normal,Routine,D009A
2581,109.23229441769378,-0.44027882367933857,0.0,0.4923499883299626,Normal,Normal,Routine,D009A
2582,109.23238496618815,-0.4402935600251562,0.0,0.4982991943029111,Normal,Normal,Routine,D009A
2583,109.23244515424489,-0.44028834574605297,0.0,0.49268950792543725,Normal,Normal,Routine,D009A
2584,109.23250900194691,-0.4402789418249926,0.0,0.48485220689726727,Normal,Normal,Routine,D009A
2585,109.23262857837423,-0.44028476510771825,0.0,0.47531541768504915,Normal,Normal,Routine,D009A
2586,109.23271151995912,-0.44030488382473704,0.0,0.4910096576050106,Normal,Normal,Routine,D009A
2587,109.23279762430724,-0.4402794565367014,0.0,0.48005320996594575,Normal,Normal,Routine,D009A
2588,109.23288323294254,-0.4402839948403728,0.0,0.5058891628195064,Healthy,Healthy,None,D009A
2589,109.23293772772223,-0.4402408538537879,0.0,0.42700093071542533,Normal,Normal,Routine,D009A
2590,109.23308232549137,-0.4402658524041286,0.0,0.4601417111292372,Normal,Normal,Routine,D009A
2591,109.23319850046983,-0.44030488068463663,0.0,0.4628123261171616,Normal,Normal,Routine,D009A
2592,109.23331365920718,-0.44026889902137906,0.0,0.501372182968384,Healthy,Healthy,None,D009A
2593,109.23340349889185,-0.44026509165908334,0.0,0.48070408067307224,Normal,Normal,Routine,D009A
2594,109.23347088130731,-0.44024812049736234,0.0,0.4795344859060061,Normal,Normal,Routine,D009A
