Tree_ID,Longitude,Latitude,Height_m,NDRE_Value,Classification,Health_Status,Action,Block_Name,NDRE_Absolute,Classification_Abs,Health_Status_Abs,Action_Abs,Block_Name_Legacy,Reclassified,Was_TBM
1,109.23698579,-0.44228798,20.0,0.367,TM,Suspect,Circle_5m,D011A,0.367,Suspect,Critical,Priority Survey,D11,original,False
2,109.2370159,-0.44224141,20.0,0.394,TM,Healthy,,D011A,0.394,Abnormal,Sub-Optimal,Monitor,D11,original,False
3,109.23708238,-0.44219305,19.99,0.431,TM,Healthy,,D011A,0.431,Normal,Moderate,Routine,D11,original,False
4,109.23779211,-0.44369933,19.99,0.362,TM,Suspect,Circle_5m,D011A,0.362,Suspect,Critical,Priority Survey,D11,original,False
5,109.23776785,-0.44373911,19.99,0.484,TM,Healthy,,D011A,0.484,Healthy,Good,None,D11,original,False
6,109.23703293,-0.44238203,19.99,0.484,TM,Healthy,,D011A,0.484,Healthy,Good,None,D11,original,False
7,109.23662566,-0.44198721,19.99,0.483,TM,Healthy,,D011A,0.483,Healthy,Good,None,D11,original,False
8,109.23688924,-0.44223053,19.98,0.437,TM,Healthy,,D011A,0.437,Normal,Moderate,Routine,D11,original,False
9,109.23732713,-0.44232785,19.98,0.524,TM,Healthy,,D011A,0.524,Healthy,Good,None,D11,original,False
10,109.23729523,-0.44234909,19.98,0.452,TM,Healthy,,D011A,0.452,Normal,Moderate,Routine,D11,original,False
11,109.23683891,-0.44234672,19.98,0.41,TM,Healthy,,D011A,0.41,Abnormal,Sub-Optimal,Monitor,D11,original,False
12,109.23708908,-0.44232553,19.98,0.439,TM,Healthy,,D011A,0.439,Normal,Moderate,Routine,D11,original,False
13,109.23688023,-0.44235216,19.98,0.397,TM,Healthy,,D011A,0.397,Abnormal,Sub-Optimal,Monitor,D11,original,False
14,109.23737756,-0.44175498,19.98,0.426,TM,Healthy,,D011A,0.426,Abnormal,Sub-Optimal,Monitor,D11,original,False
15,109.23780016,-0.44193911,19.98,0.424,TM,Healthy,,D011A,0.424,Abnormal,Sub-Optimal,Monitor,D11,original,False
16,109.23709315,-0.442236,19.98,0.433,TM,Healthy,,D011A,0.433,Normal,Moderate,Routine,D11,original,False
17,109.23779835,-0.4419798,19.98,0.416,TM,Healthy,,D011A,0.416,Abnormal,Sub-Optimal,Monitor,D11,original,False
18,109.23685152,-0.44222057,19.98,0.478,TM,Healthy,,D011A,0.478,Healthy,Good,None,D11,original,False
19,109.2380095,-0.44364557,19.97,0.377,TM,Suspect,Circle_5m,D011A,0.377,Suspect,Critical,Priority Survey,D11,original,False
20,109.23764212,-0.4435858,19.97,0.479,TM,Healthy,,D011A,0.479,Healthy,Good,None,D11,original,False
21,109.23689742,-0.44183806,19.97,0.428,TM,Healthy,,D011A,0.428,Abnormal,Sub-Optimal,Monitor,D11,original,False
22,109.23713489,-0.44235041,19.97,0.503,TM,Healthy,,D011A,0.503,Healthy,Good,None,D11,original,False
23,109.23769917,-0.44354738,19.97,0.515,TM,Healthy,,D011A,0.515,Healthy,Good,None,D11,original,False
24,109.23724774,-0.44187568,19.97,0.505,TM,Healthy,,D011A,0.505,Healthy,Good,None,D11,original,False
25,109.23701318,-0.44233003,19.97,0.458,TM,Healthy,,D011A,0.458,Normal,Moderate,Routine,D11,original,False
26,109.2372949,-0.44185082,19.97,0.401,TM,Healthy,,D011A,0.401,Abnormal,Sub-Optimal,Monitor,D11,original,False
27,109.23712996,-0.44230203,19.97,0.513,TM,Healthy,,D011A,0.513,Healthy,Good,None,D11,original,False
28,109.23707829,-0.44237119,19.97,0.449,TM,Healthy,,D011A,0.449,Normal,Moderate,Routine,D11,original,False
29,109.23792417,-0.44363244,19.97,0.444,TM,Healthy,,D011A,0.444,Normal,Moderate,Routine,D11,original,False
30,109.23767666,-0.44188799,19.96,0.305,TM,Suspect,Circle_5m,D011A,0.305,Suspect,Critical,Priority Survey,D11,original,False
31,109.2378883,-0.44338285,19.96,0.392,TM,Healthy,,D011A,0.392,Abnormal,Sub-Optimal,Monitor,D11,original,False
32,109.23692018,-0.44243129,19.96,0.416,TM,Healthy,,D011A,0.416,Abnormal,Sub-Optimal,Monitor,D11,original,False
33,109.2374072,-0.44179388,19.96,0.523,TM,Healthy,,D011A,0.523,Healthy,Good,None,D11,original,False
34,109.23740946,-0.44173012,19.96,0.514,TM,Healthy,,D011A,0.514,Healthy,Good,None,D11,original,False
35,109.23771623,-0.4416999,19.96,0.46,TM,Healthy,,D011A,0.46,Healthy,Good,None,D11,original,False
36,109.23704967,-0.4418476,19.95,0.515,TM,Healthy,,D011A,0.515,Healthy,Good,None,D11,original,False
37,109.23776203,-0.44173202,19.95,0.446,TM,Healthy,,D011A,0.446,Normal,Moderate,Routine,D11,original,False
38,109.23716896,-0.44262125,19.95,0.383,TM,Healthy,,D011A,0.383,Suspect,Critical,Priority Survey,D11,original,False
39,109.23690637,-0.44196105,19.95,0.447,TM,Healthy,,D011A,0.447,Normal,Moderate,Routine,D11,original,False
40,109.23815066,-0.44309037,19.95,0.373,TM,Suspect,Circle_5m,D011A,0.373,Suspect,Critical,Priority Survey,D11,original,False
41,109.23702451,-0.44188195,19.95,0.441,TM,Healthy,,D011A,0.441,Normal,Moderate,Routine,D11,original,False
42,109.23720776,-0.44189782,19.94,0.438,TM,Healthy,,D011A,0.438,Normal,Moderate,Routine,D11,original,False
43,109.23683979,-0.44241906,19.94,0.522,TM,Healthy,,D011A,0.522,Healthy,Good,None,D11,original,False
44,109.23709099,-0.44185936,19.94,0.525,TM,Healthy,,D011A,0.525,Healthy,Good,None,D11,original,False
45,109.23698005,-0.44188646,19.94,0.534,TM,Healthy,,D011A,0.534,Healthy,Good,None,D11,original,False
46,109.23689555,-0.4421401,19.94,0.349,TM,Suspect,Circle_5m,D011A,0.349,Suspect,Critical,Priority Survey,D11,original,False
47,109.23721765,-0.44185035,19.93,0.443,TM,Healthy,,D011A,0.443,Normal,Moderate,Routine,D11,original,False
48,109.2371227,-0.44261175,19.93,0.364,TM,Suspect,Circle_5m,D011A,0.364,Suspect,Critical,Priority Survey,D11,original,False
49,109.23743601,-0.44341439,19.93,0.418,TM,Healthy,,D011A,0.418,Abnormal,Sub-Optimal,Monitor,D11,original,False
50,109.23769286,-0.44364685,19.93,0.504,TM,Healthy,,D011A,0.504,Healthy,Good,None,D11,original,False
51,109.23811356,-0.44236828,19.92,0.349,TM,Suspect,Circle_5m,D011A,0.349,Suspect,Critical,Priority Survey,D11,original,False
52,109.23678186,-0.44238469,19.92,0.412,TM,Healthy,,D011A,0.412,Abnormal,Sub-Optimal,Monitor,D11,original,False
53,109.23775302,-0.44185545,19.92,0.482,TM,Healthy,,D011A,0.482,Healthy,Good,None,D11,original,False
54,109.23700457,-0.44263433,19.92,0.429,TM,Healthy,,D011A,0.429,Abnormal,Sub-Optimal,Monitor,D11,original,False
55,109.23767223,-0.44352206,19.91,0.429,TM,Healthy,,D011A,0.429,Abnormal,Sub-Optimal,Monitor,D11,original,False
56,109.2380114,-0.4432201,19.91,0.367,TM,Suspect,Circle_5m,D011A,0.367,Suspect,Critical,Priority Survey,D11,original,False
57,109.23797042,-0.44366636,19.9,0.448,TM,Healthy,,D011A,0.448,Normal,Moderate,Routine,D11,original,False
58,109.23676491,-0.44191445,19.9,0.508,TM,Healthy,,D011A,0.508,Healthy,Good,None,D11,original,False
59,109.23683263,-0.4423015,19.9,0.458,TM,Healthy,,D011A,0.458,Normal,Moderate,Routine,D11,original,False
60,109.23813411,-0.44282224,19.9,0.352,TM,Suspect,Circle_5m,D011A,0.352,Suspect,Critical,Priority Survey,D11,original,False
61,109.23738967,-0.44184406,19.9,0.458,TM,Healthy,,D011A,0.458,Normal,Moderate,Routine,D11,original,False
62,109.23795245,-0.4437057,19.9,0.624,TM,Healthy,,D011A,0.624,Healthy,Good,None,D11,original,False
63,109.2380315,-0.44368989,19.9,0.457,TM,Healthy,,D011A,0.457,Normal,Moderate,Routine,D11,original,False
64,109.23792504,-0.44374367,19.88,0.525,TM,Healthy,,D011A,0.525,Healthy,Good,None,D11,original,False
65,109.2381098,-0.44305147,19.88,0.25,TM,Suspect,Circle_5m,D011A,0.25,Suspect,Critical,Priority Survey,D11,original,False
66,109.23815379,-0.44315277,19.87,0.383,TM,Healthy,,D011A,0.383,Suspect,Critical,Priority Survey,D11,original,False
67,109.23752309,-0.44171704,19.87,0.435,TM,Healthy,,D011A,0.435,Normal,Moderate,Routine,D11,original,False
68,109.23801139,-0.44326848,19.86,0.35,TM,Suspect,Circle_5m,D011A,0.35,Suspect,Critical,Priority Survey,D11,original,False
69,109.23688465,-0.44263972,19.86,0.443,TM,Healthy,,D011A,0.443,Normal,Moderate,Routine,D11,original,False
70,109.2380662,-0.44321605,19.85,0.501,TM,Healthy,,D011A,0.501,Healthy,Good,None,D11,original,False
71,109.23739788,-0.44321136,19.85,0.511,TM,Healthy,,D011A,0.511,Healthy,Good,None,D11,original,False
72,109.23783928,-0.44364192,19.84,0.504,TM,Healthy,,D011A,0.504,Healthy,Good,None,D11,original,False
73,109.23690578,-0.4425701,19.84,0.421,TM,Healthy,,D011A,0.421,Abnormal,Sub-Optimal,Monitor,D11,original,False
74,109.23765112,-0.44161669,19.84,0.469,TM,Healthy,,D011A,0.469,Healthy,Good,None,D11,original,False
75,109.23763435,-0.44225784,19.84,0.376,TM,Suspect,Circle_5m,D011A,0.376,Suspect,Critical,Priority Survey,D11,original,False
76,109.23756176,-0.44345556,19.83,0.403,TM,Healthy,,D011A,0.403,Abnormal,Sub-Optimal,Monitor,D11,original,False
77,109.2373718,-0.44335605,19.82,0.377,TM,Suspect,Circle_5m,D011A,0.377,Suspect,Critical,Priority Survey,D11,original,False
78,109.23736518,-0.44286998,19.82,0.544,TM,Healthy,,D011A,0.544,Healthy,Good,None,D11,original,False
79,109.2372668,-0.44293281,19.82,0.431,TM,Healthy,,D011A,0.431,Normal,Moderate,Routine,D11,original,False
80,109.23759645,-0.4429989,19.81,0.373,TM,Suspect,Circle_5m,D011A,0.373,Suspect,Critical,Priority Survey,D11,original,False
81,109.23788732,-0.44373643,19.81,0.56,TM,Healthy,,D011A,0.56,Healthy,Good,None,D11,original,False
82,109.23708543,-0.44260676,19.81,0.468,TM,Healthy,,D011A,0.468,Healthy,Good,None,D11,original,False
83,109.23803318,-0.44228958,19.81,0.387,TM,Healthy,,D011A,0.387,Suspect,Critical,Priority Survey,D11,original,False
84,109.23798515,-0.44216252,19.81,0.566,TM,Healthy,,D011A,0.566,Healthy,Good,None,D11,original,False
85,109.23675456,-0.44196147,19.79,0.452,TM,Healthy,,D011A,0.452,Normal,Moderate,Routine,D11,original,False
86,109.23739651,-0.44330451,19.79,0.331,TM,Suspect,Circle_5m,D011A,0.331,Suspect,Critical,Priority Survey,D11,original,False
87,109.23697724,-0.44234675,19.78,0.488,TM,Healthy,,D011A,0.488,Healthy,Good,None,D11,original,False
88,109.23812197,-0.44287016,19.78,0.343,TM,Suspect,Circle_5m,D011A,0.343,Suspect,Critical,Priority Survey,D11,original,False
89,109.23783884,-0.44360484,19.78,0.45,TM,Healthy,,D011A,0.45,Normal,Moderate,Routine,D11,original,False
90,109.23748968,-0.44245403,19.78,0.431,TM,Healthy,,D011A,0.431,Normal,Moderate,Routine,D11,original,False
91,109.23699924,-0.4424078,19.77,0.537,TM,Healthy,,D011A,0.537,Healthy,Good,None,D11,original,False
92,109.23784644,-0.44374591,19.76,0.441,TM,Healthy,,D011A,0.441,Normal,Moderate,Routine,D11,original,False
93,109.23735841,-0.44297714,19.75,0.352,TM,Suspect,Circle_5m,D011A,0.352,Suspect,Critical,Priority Survey,D11,original,False
94,109.23761247,-0.44170711,19.75,0.418,TM,Healthy,,D011A,0.418,Abnormal,Sub-Optimal,Monitor,D11,original,False
95,109.23771127,-0.44368665,19.74,0.457,TM,Healthy,,D011A,0.457,Normal,Moderate,Routine,D11,original,False
96,109.23699158,-0.44249642,19.74,0.531,TM,Healthy,,D011A,0.531,Healthy,Good,None,D11,original,False
97,109.23691795,-0.4423811,19.73,0.359,TM,Suspect,Circle_5m,D011A,0.359,Suspect,Critical,Priority Survey,D11,original,False
98,109.2373845,-0.44280352,19.72,0.376,TM,Suspect,Circle_5m,D011A,0.376,Suspect,Critical,Priority Survey,D11,original,False
99,109.23812986,-0.44368584,19.71,0.371,TM,Suspect,Circle_5m,D011A,0.371,Suspect,Critical,Priority Survey,D11,original,False
100,109.23695472,-0.44265466,19.71,0.415,TM,Healthy,,D011A,0.415,Abnormal,Sub-Optimal,Monitor,D11,original,False
101,109.23807853,-0.442333,19.71,0.401,TM,Healthy,,D011A,0.401,Abnormal,Sub-Optimal,Monitor,D11,original,False
102,109.23683992,-0.44186699,19.7,0.374,TM,Suspect,Circle_5m,D011A,0.374,Suspect,Critical,Priority Survey,D11,original,False
103,109.23799602,-0.44370299,19.69,0.551,TM,Healthy,,D011A,0.551,Healthy,Good,None,D11,original,False
104,109.2378817,-0.44278194,19.68,0.483,TM,Healthy,,D011A,0.483,Healthy,Good,None,D11,original,False
105,109.23791029,-0.44344208,19.67,0.518,TM,Healthy,,D011A,0.518,Healthy,Good,None,D11,original,False
106,109.23735526,-0.44301467,19.66,0.354,TM,Suspect,Circle_5m,D011A,0.354,Suspect,Critical,Priority Survey,D11,original,False
107,109.23773958,-0.4435899,19.64,0.449,TM,Healthy,,D011A,0.449,Normal,Moderate,Routine,D11,original,False
108,109.23761878,-0.44163522,19.64,0.461,TM,Healthy,,D011A,0.461,Healthy,Good,None,D11,original,False
109,109.23805806,-0.44344845,19.59,0.522,TM,Healthy,,D011A,0.522,Healthy,Good,None,D11,original,False
110,109.23753957,-0.44230393,19.57,0.411,TM,Healthy,,D011A,0.411,Abnormal,Sub-Optimal,Monitor,D11,original,False
111,109.23799442,-0.44284707,19.56,0.472,TM,Healthy,,D011A,0.472,Healthy,Good,None,D11,original,False
112,109.237296,-0.442898,19.55,0.46,TM,Healthy,,D011A,0.46,Healthy,Good,None,D11,original,False
113,109.2377126,-0.44376216,19.55,0.541,TM,Healthy,,D011A,0.541,Healthy,Good,None,D11,original,False
114,109.23771564,-0.4422886,19.53,0.408,TM,Healthy,,D011A,0.408,Abnormal,Sub-Optimal,Monitor,D11,original,False
115,109.23707061,-0.44256923,19.53,0.494,TM,Healthy,,D011A,0.494,Healthy,Good,None,D11,original,False
116,109.23809716,-0.44331507,19.52,0.418,TM,Healthy,,D011A,0.418,Abnormal,Sub-Optimal,Monitor,D11,original,False
117,109.23805539,-0.44330738,19.5,0.44,TM,Healthy,,D011A,0.44,Normal,Moderate,Routine,D11,original,False
118,109.23786707,-0.44198208,19.48,0.515,TM,Healthy,,D011A,0.515,Healthy,Good,None,D11,original,False
119,109.23730405,-0.44303455,19.47,0.447,TM,Healthy,,D011A,0.447,Normal,Moderate,Routine,D11,original,False
120,109.23815952,-0.44360356,19.46,0.37,TM,Suspect,Circle_5m,D011A,0.37,Suspect,Critical,Priority Survey,D11,original,False
121,109.23786757,-0.44367945,19.43,0.481,TM,Healthy,,D011A,0.481,Healthy,Good,None,D11,original,False
122,109.23811836,-0.44295924,19.43,0.456,TM,Healthy,,D011A,0.456,Normal,Moderate,Routine,D11,original,False
123,109.23760438,-0.44176182,19.42,0.494,TM,Healthy,,D011A,0.494,Healthy,Good,None,D11,original,False
124,109.23689234,-0.44240822,19.41,0.51,TM,Healthy,,D011A,0.51,Healthy,Good,None,D11,original,False
125,109.23677969,-0.44205733,19.4,0.398,TM,Healthy,,D011A,0.398,Abnormal,Sub-Optimal,Monitor,D11,original,False
126,109.2379891,-0.44256403,19.37,0.395,TM,Healthy,,D011A,0.395,Abnormal,Sub-Optimal,Monitor,D11,original,False
127,109.23808019,-0.44292893,19.32,0.485,TM,Healthy,,D011A,0.485,Healthy,Good,None,D11,original,False
128,109.23796929,-0.44276252,19.22,0.409,TM,Healthy,,D011A,0.409,Abnormal,Sub-Optimal,Monitor,D11,original,False
129,109.23700504,-0.44255113,19.11,0.434,TM,Healthy,,D011A,0.434,Normal,Moderate,Routine,D11,original,False
130,109.23760423,-0.44237222,19.11,0.353,TM,Suspect,Circle_5m,D011A,0.353,Suspect,Critical,Priority Survey,D11,original,False
131,109.23760408,-0.44303598,19.1,0.397,TM,Healthy,,D011A,0.397,Abnormal,Sub-Optimal,Monitor,D11,original,False
132,109.23680375,-0.44097263,19.06,0.525,TM,Healthy,,D011A,0.525,Healthy,Good,None,D11,original,False
133,109.23802946,-0.44281679,19.0,0.519,TM,Healthy,,D011A,0.519,Healthy,Good,None,D11,original,False
134,109.23698613,-0.44084516,18.94,0.547,TM,Healthy,,D011A,0.547,Healthy,Good,None,D11,original,False
135,109.23758136,-0.44222256,18.91,0.453,TM,Healthy,,D011A,0.453,Normal,Moderate,Routine,D11,original,False
136,109.23815608,-0.44298909,18.84,0.386,TM,Healthy,,D011A,0.386,Suspect,Critical,Priority Survey,D11,original,False
137,109.23797153,-0.44280411,18.75,0.462,TM,Healthy,,D011A,0.462,Healthy,Good,None,D11,original,False
138,109.23698986,-0.44218217,18.74,0.383,TM,Healthy,,D011A,0.383,Suspect,Critical,Priority Survey,D11,original,False
139,109.23810397,-0.44301575,18.72,0.414,TM,Healthy,,D011A,0.414,Abnormal,Sub-Optimal,Monitor,D11,original,False
140,109.23691631,-0.44171282,18.7,0.534,TM,Healthy,,D011A,0.534,Healthy,Good,None,D11,original,False
141,109.23793467,-0.44289499,18.66,0.49,TM,Healthy,,D011A,0.49,Healthy,Good,None,D11,original,False
142,109.23792335,-0.44331141,18.61,0.441,TM,Healthy,,D011A,0.441,Normal,Moderate,Routine,D11,original,False
143,109.23795256,-0.4432445,18.58,0.408,TM,Healthy,,D011A,0.408,Abnormal,Sub-Optimal,Monitor,D11,original,False
144,109.23806536,-0.44296872,18.56,0.562,TM,Healthy,,D011A,0.562,Healthy,Good,None,D11,original,False
145,109.23786282,-0.44286739,18.41,0.443,TM,Healthy,,D011A,0.443,Normal,Moderate,Routine,D11,original,False
146,109.23682963,-0.44170783,18.41,0.45,TM,Healthy,,D011A,0.45,Normal,Moderate,Routine,D11,original,False
147,109.23806,-0.44283895,18.39,0.444,TM,Healthy,,D011A,0.444,Normal,Moderate,Routine,D11,original,False
148,109.23637277,-0.4420613,18.39,0.443,TM,Healthy,,D011A,0.443,Normal,Moderate,Routine,D11,original,False
149,109.23800776,-0.44340096,18.38,0.457,TM,Healthy,,D011A,0.457,Normal,Moderate,Routine,D11,original,False
150,109.23668357,-0.44206997,18.37,0.47,TM,Healthy,,D011A,0.47,Healthy,Good,None,D11,original,False
151,109.23807292,-0.44326533,18.36,0.471,TM,Healthy,,D011A,0.471,Healthy,Good,None,D11,original,False
152,109.23805325,-0.44289185,18.3,0.474,TM,Healthy,,D011A,0.474,Healthy,Good,None,D11,original,False
153,109.23636154,-0.44209973,18.24,0.397,TM,Healthy,,D011A,0.397,Abnormal,Sub-Optimal,Monitor,D11,original,False
154,109.23632651,-0.4420839,18.23,0.577,TM,Healthy,,D011A,0.577,Healthy,Good,None,D11,original,False
155,109.2370139,-0.44118067,18.22,0.516,TM,Healthy,,D011A,0.516,Healthy,Good,None,D11,original,False
156,109.23802583,-0.44296871,18.05,0.477,TM,Healthy,,D011A,0.477,Healthy,Good,None,D11,original,False
157,109.23768105,-0.44232341,17.92,0.392,TM,Healthy,,D011A,0.392,Abnormal,Sub-Optimal,Monitor,D11,original,False
158,109.2380007,-0.44290405,17.89,0.513,TM,Healthy,,D011A,0.513,Healthy,Good,None,D11,original,False
159,109.23728798,-0.44070462,17.75,0.443,TM,Healthy,,D011A,0.443,Normal,Moderate,Routine,D11,original,False
160,109.23774725,-0.44344747,17.72,0.455,TM,Healthy,,D011A,0.455,Normal,Moderate,Routine,D11,original,False
161,109.23687566,-0.44077777,17.65,0.533,TM,Healthy,,D011A,0.533,Healthy,Good,None,D11,original,False
162,109.23693361,-0.44073799,17.51,0.551,TM,Healthy,,D011A,0.551,Healthy,Good,None,D11,original,False
163,109.23691475,-0.44070136,17.49,0.545,TM,Healthy,,D011A,0.545,Healthy,Good,None,D11,original,False
164,109.23697845,-0.44103371,17.4,0.471,TM,Healthy,,D011A,0.471,Healthy,Good,None,D11,original,False
165,109.23650524,-0.44219472,17.25,0.397,TM,Healthy,,D011A,0.397,Abnormal,Sub-Optimal,Monitor,D11,original,False
166,109.23699266,-0.441735,17.17,0.346,TM,Suspect,Circle_5m,D011A,0.346,Suspect,Critical,Priority Survey,D11,original,False
167,109.23695376,-0.44100205,17.16,0.453,TM,Healthy,,D011A,0.453,Normal,Moderate,Routine,D11,original,False
168,109.23686041,-0.44067332,17.09,0.558,TM,Healthy,,D011A,0.558,Healthy,Good,None,D11,original,False
169,109.23797733,-0.44293479,17.04,0.424,TM,Healthy,,D011A,0.424,Abnormal,Sub-Optimal,Monitor,D11,original,False
170,109.23674294,-0.4417485,17.03,0.46,TM,Healthy,,D011A,0.46,Healthy,Good,None,D11,original,False
171,109.23670119,-0.44163229,17.0,0.41,TM,Healthy,,D011A,0.41,Abnormal,Sub-Optimal,Monitor,D11,original,False
172,109.23721292,-0.44097634,16.95,0.487,TM,Healthy,,D011A,0.487,Healthy,Good,None,D11,original,False
173,109.23739744,-0.44126893,16.86,0.413,TM,Healthy,,D011A,0.413,Abnormal,Sub-Optimal,Monitor,D11,original,False
174,109.23692956,-0.44077959,16.85,0.58,TM,Healthy,,D011A,0.58,Healthy,Good,None,D11,original,False
175,109.23684122,-0.44205915,16.84,0.417,TM,Healthy,,D011A,0.417,Abnormal,Sub-Optimal,Monitor,D11,original,False
176,109.23704855,-0.44087638,16.8,0.448,TM,Healthy,,D011A,0.448,Normal,Moderate,Routine,D11,original,False
177,109.23681593,-0.44076238,16.78,0.536,TM,Healthy,,D011A,0.536,Healthy,Good,None,D11,original,False
178,109.23732467,-0.44130508,16.77,0.392,TM,Healthy,,D011A,0.392,Abnormal,Sub-Optimal,Monitor,D11,original,False
179,109.23734087,-0.441202,16.76,0.502,TM,Healthy,,D011A,0.502,Healthy,Good,None,D11,original,False
180,109.23677245,-0.44228024,16.69,0.457,TM,Healthy,,D011A,0.457,Normal,Moderate,Routine,D11,original,False
181,109.23749915,-0.4423193,16.68,0.351,TM,Suspect,Circle_5m,D011A,0.351,Suspect,Critical,Priority Survey,D11,original,False
182,109.2372618,-0.44126166,16.58,0.497,TM,Healthy,,D011A,0.497,Healthy,Good,None,D11,original,False
183,109.23785741,-0.44296596,16.53,0.392,TM,Healthy,,D011A,0.392,Abnormal,Sub-Optimal,Monitor,D11,original,False
184,109.23724866,-0.44176671,16.5,0.392,TM,Healthy,,D011A,0.392,Abnormal,Sub-Optimal,Monitor,D11,original,False
185,109.23795197,-0.44192377,16.47,0.404,TM,Healthy,,D011A,0.404,Abnormal,Sub-Optimal,Monitor,D11,original,False
186,109.23710821,-0.44122545,16.46,0.477,TM,Healthy,,D011A,0.477,Healthy,Good,None,D11,original,False
187,109.23646928,-0.44229147,16.42,0.507,TM,Healthy,,D011A,0.507,Healthy,Good,None,D11,original,False
188,109.23732817,-0.44172016,16.38,0.475,TM,Healthy,,D011A,0.475,Healthy,Good,None,D11,original,False
189,109.23669397,-0.44179551,16.38,0.444,TM,Healthy,,D011A,0.444,Normal,Moderate,Routine,D11,original,False
190,109.23698469,-0.44123401,16.35,0.544,TM,Healthy,,D011A,0.544,Healthy,Good,None,D11,original,False
191,109.23810976,-0.44324092,16.31,0.347,TM,Suspect,Circle_5m,D011A,0.347,Suspect,Critical,Priority Survey,D11,original,False
192,109.23672869,-0.44120999,16.29,0.498,TM,Healthy,,D011A,0.498,Healthy,Good,None,D11,original,False
193,109.23704441,-0.4413023,16.16,0.429,TM,Healthy,,D011A,0.429,Abnormal,Sub-Optimal,Monitor,D11,original,False
194,109.23733859,-0.44134714,16.12,0.432,TM,Healthy,,D011A,0.432,Normal,Moderate,Routine,D11,original,False
195,109.2367115,-0.4417191,16.09,0.552,TM,Healthy,,D011A,0.552,Healthy,Good,None,D11,original,False
196,109.23699186,-0.44129596,16.08,0.517,TM,Healthy,,D011A,0.517,Healthy,Good,None,D11,original,False
197,109.23735568,-0.441254,16.06,0.451,TM,Healthy,,D011A,0.451,Normal,Moderate,Routine,D11,original,False
198,109.23686654,-0.44135245,16.04,0.508,TM,Healthy,,D011A,0.508,Healthy,Good,None,D11,original,False
199,109.23736964,-0.44106817,16.01,0.426,TM,Healthy,,D011A,0.426,Abnormal,Sub-Optimal,Monitor,D11,original,False
200,109.23721649,-0.44103512,15.94,0.481,TM,Healthy,,D011A,0.481,Healthy,Good,None,D11,original,False
201,109.2367318,-0.44134111,15.93,0.536,TM,Healthy,,D011A,0.536,Healthy,Good,None,D11,original,False
202,109.23738128,-0.44121873,15.88,0.437,TM,Healthy,,D011A,0.437,Normal,Moderate,Routine,D11,original,False
203,109.23633417,-0.44197403,15.85,0.399,TM,Healthy,,D011A,0.399,Abnormal,Sub-Optimal,Monitor,D11,original,False
204,109.23808478,-0.44248447,15.84,0.478,TM,Healthy,,D011A,0.478,Healthy,Good,None,D11,original,False
205,109.23676779,-0.44110691,15.83,0.52,TM,Healthy,,D011A,0.52,Healthy,Good,None,D11,original,False
206,109.23740013,-0.44131007,15.79,0.42,TM,Healthy,,D011A,0.42,Abnormal,Sub-Optimal,Monitor,D11,original,False
207,109.23672516,-0.44093644,15.77,0.596,TM,Healthy,,D011A,0.596,Healthy,Good,None,D11,original,False
208,109.23681457,-0.44082252,15.73,0.588,TM,Healthy,,D011A,0.588,Healthy,Good,None,D11,original,False
209,109.23726454,-0.44106543,15.64,0.419,TM,Healthy,,D011A,0.419,Abnormal,Sub-Optimal,Monitor,D11,original,False
210,109.23734452,-0.44094246,15.64,0.527,TM,Healthy,,D011A,0.527,Healthy,Good,None,D11,original,False
211,109.23731577,-0.44098179,15.62,0.4,TM,Healthy,,D011A,0.4,Abnormal,Sub-Optimal,Monitor,D11,original,False
212,109.23686127,-0.44086639,15.59,0.469,TM,Healthy,,D011A,0.469,Healthy,Good,None,D11,original,False
213,109.23689448,-0.44094552,15.52,0.428,TM,Healthy,,D011A,0.428,Abnormal,Sub-Optimal,Monitor,D11,original,False
214,109.23631857,-0.44903072,15.48,0.481,TM,Healthy,,D011A,0.481,Healthy,Good,None,D11,original,False
215,109.23686601,-0.44168749,15.48,0.411,TM,Healthy,,D011A,0.411,Abnormal,Sub-Optimal,Monitor,D11,original,False
216,109.23719982,-0.44128697,15.48,0.343,TM,Suspect,Circle_5m,D011A,0.343,Suspect,Critical,Priority Survey,D11,original,False
217,109.23728207,-0.44101117,15.45,0.422,TM,Healthy,,D011A,0.422,Abnormal,Sub-Optimal,Monitor,D11,original,False
218,109.23675082,-0.44071534,15.45,0.448,TM,Healthy,,D011A,0.448,Normal,Moderate,Routine,D11,original,False
219,109.23711817,-0.44089945,15.45,0.531,TM,Healthy,,D011A,0.531,Healthy,Good,None,D11,original,False
220,109.23679839,-0.44086728,15.45,0.531,TM,Healthy,,D011A,0.531,Healthy,Good,None,D11,original,False
221,109.23675707,-0.44084782,15.44,0.475,TM,Healthy,,D011A,0.475,Healthy,Good,None,D11,original,False
222,109.23611075,-0.44657912,15.43,0.458,TM,Healthy,,D011A,0.458,Normal,Moderate,Routine,D11,original,False
223,109.23726897,-0.441353,15.35,0.557,TM,Healthy,,D011A,0.557,Healthy,Good,None,D11,original,False
224,109.23739167,-0.44099085,15.34,0.398,TM,Healthy,,D011A,0.398,Abnormal,Sub-Optimal,Monitor,D11,original,False
225,109.23704947,-0.44081534,15.34,0.565,TM,Healthy,,D011A,0.565,Healthy,Good,None,D11,original,False
226,109.23741902,-0.44116946,15.32,0.447,TM,Healthy,,D011A,0.447,Normal,Moderate,Routine,D11,original,False
227,109.2367135,-0.44088579,15.27,0.486,TM,Healthy,,D011A,0.486,Healthy,Good,None,D11,original,False
228,109.23703772,-0.44110019,15.23,0.383,TM,Healthy,,D011A,0.383,Suspect,Critical,Priority Survey,D11,original,False
229,109.23670849,-0.44116793,15.23,0.51,TM,Healthy,,D011A,0.51,Healthy,Good,None,D11,original,False
230,109.2374119,-0.44090812,15.19,0.534,TM,Healthy,,D011A,0.534,Healthy,Good,None,D11,original,False
231,109.23615094,-0.44190345,15.19,0.423,TM,Healthy,,D011A,0.423,Abnormal,Sub-Optimal,Monitor,D11,original,False
232,109.23722015,-0.44077649,15.15,0.498,TM,Healthy,,D011A,0.498,Healthy,Good,None,D11,original,False
233,109.23628261,-0.44157341,15.08,0.488,TM,Healthy,,D011A,0.488,Healthy,Good,None,D11,original,False
234,109.23717949,-0.44176714,15.08,0.434,TM,Healthy,,D011A,0.434,Normal,Moderate,Routine,D11,original,False
235,109.23642976,-0.44228061,15.07,0.429,TM,Healthy,,D011A,0.429,Abnormal,Sub-Optimal,Monitor,D11,original,False
236,109.23791579,-0.44297004,15.06,0.414,TM,Healthy,,D011A,0.414,Abnormal,Sub-Optimal,Monitor,D11,original,False
237,109.2363644,-0.44895297,15.02,0.396,TM,Healthy,,D011A,0.396,Abnormal,Sub-Optimal,Monitor,D11,original,False
238,109.23693663,-0.44127741,15.02,0.462,TM,Healthy,,D011A,0.462,Healthy,Good,None,D11,original,False
239,109.23642049,-0.4491465,14.95,0.636,TM,Healthy,,D011A,0.636,Healthy,Good,None,D11,original,False
240,109.23674757,-0.44493435,14.93,0.533,TM,Healthy,,D011A,0.533,Healthy,Good,None,D11,original,False
241,109.23716168,-0.44112916,14.92,0.44,TM,Healthy,,D011A,0.44,Normal,Moderate,Routine,D11,original,False
242,109.23718774,-0.44109209,14.88,0.45,TM,Healthy,,D011A,0.45,Normal,Moderate,Routine,D11,original,False
243,109.23726808,-0.44131502,14.85,0.468,TM,Healthy,,D011A,0.468,Healthy,Good,None,D11,original,False
244,109.23708989,-0.44080811,14.83,0.434,TM,Healthy,,D011A,0.434,Normal,Moderate,Routine,D11,original,False
245,109.23720711,-0.44083617,14.81,0.437,TM,Healthy,,D011A,0.437,Normal,Moderate,Routine,D11,original,False
246,109.23638009,-0.44908409,14.8,0.589,TM,Healthy,,D011A,0.589,Healthy,Good,None,D11,original,False
247,109.23767344,-0.44220268,14.79,0.422,TM,Healthy,,D011A,0.422,Abnormal,Sub-Optimal,Monitor,D11,original,False
248,109.23602194,-0.44419717,14.73,0.553,TM,Healthy,,D011A,0.553,Healthy,Good,None,D11,original,False
249,109.2380231,-0.44879421,14.65,0.411,TM,Healthy,,D011A,0.411,Abnormal,Sub-Optimal,Monitor,D11,original,False
250,109.23737991,-0.44513887,14.63,0.443,TM,Healthy,,D011A,0.443,Normal,Moderate,Routine,D11,original,False
251,109.23675924,-0.44115755,14.61,0.446,TM,Healthy,,D011A,0.446,Normal,Moderate,Routine,D11,original,False
252,109.23705943,-0.44048708,14.57,0.664,TM,Healthy,,D011A,0.664,Healthy,Good,None,D11,original,False
253,109.2370477,-0.44070773,14.43,0.536,TM,Healthy,,D011A,0.536,Healthy,Good,None,D11,original,False
254,109.2372017,-0.44091213,14.43,0.415,TM,Healthy,,D011A,0.415,Abnormal,Sub-Optimal,Monitor,D11,original,False
255,109.23761174,-0.4410203,14.42,0.52,TM,Healthy,,D011A,0.52,Healthy,Good,None,D11,original,False
256,109.23609856,-0.44310028,14.4,0.453,TM,Healthy,,D011A,0.453,Normal,Moderate,Routine,D11,original,False
257,109.23676174,-0.44578711,14.39,0.513,TM,Healthy,,D011A,0.513,Healthy,Good,None,D11,original,False
258,109.23796916,-0.4433164,14.38,0.431,TM,Healthy,,D011A,0.431,Normal,Moderate,Routine,D11,original,False
259,109.23770154,-0.44871094,14.37,0.539,TM,Healthy,,D011A,0.539,Healthy,Good,None,D11,original,False
260,109.23612983,-0.44381468,14.27,0.461,TM,Healthy,,D011A,0.461,Healthy,Good,None,D11,original,False
261,109.23707199,-0.4405323,14.23,0.57,TM,Healthy,,D011A,0.57,Healthy,Good,None,D11,original,False
262,109.23806808,-0.44851841,14.22,0.417,TM,Healthy,,D011A,0.417,Abnormal,Sub-Optimal,Monitor,D11,original,False
263,109.23593151,-0.44294198,14.2,0.406,TM,Healthy,,D011A,0.406,Abnormal,Sub-Optimal,Monitor,D11,original,False
264,109.23692134,-0.44132488,14.2,0.5,TM,Healthy,,D011A,0.5,Healthy,Good,None,D11,original,False
265,109.2368063,-0.44915835,14.19,0.443,TM,Healthy,,D011A,0.443,Normal,Moderate,Routine,D11,original,False
266,109.23678349,-0.44120322,14.19,0.444,TM,Healthy,,D011A,0.444,Normal,Moderate,Routine,D11,original,False
267,109.23639789,-0.44028752,14.18,0.445,TM,Healthy,,D011A,0.445,Normal,Moderate,Routine,D11,original,False
268,109.23675337,-0.44129545,14.18,0.473,TM,Healthy,,D011A,0.473,Healthy,Good,None,D11,original,False
269,109.23800607,-0.44864319,14.17,0.488,TM,Healthy,,D011A,0.488,Healthy,Good,None,D11,original,False
270,109.23632758,-0.44890005,14.1,0.452,TM,Healthy,,D011A,0.452,Normal,Moderate,Routine,D11,original,False
271,109.2364909,-0.4420333,14.09,0.428,TM,Healthy,,D011A,0.428,Abnormal,Sub-Optimal,Monitor,D11,original,False
272,109.23631391,-0.44216664,14.06,0.421,TM,Healthy,,D011A,0.421,Abnormal,Sub-Optimal,Monitor,D11,original,False
273,109.23667598,-0.44378768,14.06,0.5,TM,Healthy,,D011A,0.5,Healthy,Good,None,D11,original,False
274,109.23808426,-0.44279239,14.06,0.398,TM,Healthy,,D011A,0.398,Abnormal,Sub-Optimal,Monitor,D11,original,False
275,109.23750171,-0.44668435,14.05,0.493,TM,Healthy,,D011A,0.493,Healthy,Good,None,D11,original,False
276,109.23782462,-0.44485774,14.05,0.501,TM,Healthy,,D011A,0.501,Healthy,Good,None,D11,original,False
277,109.23736068,-0.44666533,14.03,0.482,TM,Healthy,,D011A,0.482,Healthy,Good,None,D11,original,False
278,109.23711491,-0.44136155,14.0,0.49,TM,Healthy,,D011A,0.49,Healthy,Good,None,D11,original,False
279,109.2361147,-0.44318393,13.95,0.472,TM,Healthy,,D011A,0.472,Healthy,Good,None,D11,original,False
280,109.23758493,-0.44040356,13.95,0.48,TM,Healthy,,D011A,0.48,Healthy,Good,None,D11,original,False
281,109.23643792,-0.44196139,13.94,0.426,TM,Healthy,,D011A,0.426,Abnormal,Sub-Optimal,Monitor,D11,original,False
282,109.23730227,-0.44109166,13.9,0.341,TM,Suspect,Circle_5m,D011A,0.341,Suspect,Critical,Priority Survey,D11,original,False
283,109.23811651,-0.4431523,13.9,0.405,TM,Healthy,,D011A,0.405,Abnormal,Sub-Optimal,Monitor,D11,original,False
284,109.23650718,-0.44914064,13.89,0.356,TM,Suspect,Circle_5m,D011A,0.356,Suspect,Critical,Priority Survey,D11,original,False
285,109.23688766,-0.44130362,13.87,0.513,TM,Healthy,,D011A,0.513,Healthy,Good,None,D11,original,False
286,109.23737286,-0.44077246,13.85,0.415,TM,Healthy,,D011A,0.415,Abnormal,Sub-Optimal,Monitor,D11,original,False
287,109.23679155,-0.44130405,13.82,0.42,TM,Healthy,,D011A,0.42,Abnormal,Sub-Optimal,Monitor,D11,original,False
288,109.23600753,-0.44056324,13.81,0.422,TM,Healthy,,D011A,0.422,Abnormal,Sub-Optimal,Monitor,D11,original,False
289,109.23749512,-0.44605948,13.81,0.492,TM,Healthy,,D011A,0.492,Healthy,Good,None,D11,original,False
290,109.23688229,-0.44123851,13.78,0.449,TM,Healthy,,D011A,0.449,Normal,Moderate,Routine,D11,original,False
291,109.23741105,-0.44069244,13.73,0.5,TM,Healthy,,D011A,0.5,Healthy,Good,None,D11,original,False
292,109.23670769,-0.44073251,13.73,0.469,TM,Healthy,,D011A,0.469,Healthy,Good,None,D11,original,False
293,109.2363862,-0.44224714,13.72,0.427,TM,Healthy,,D011A,0.427,Abnormal,Sub-Optimal,Monitor,D11,original,False
294,109.23663011,-0.44214275,13.72,0.42,TM,Healthy,,D011A,0.42,Abnormal,Sub-Optimal,Monitor,D11,original,False
295,109.23789344,-0.44443274,13.71,0.45,TM,Healthy,,D011A,0.45,Normal,Moderate,Routine,D11,original,False
296,109.23592573,-0.44460092,13.7,0.45,TM,Healthy,,D011A,0.45,Normal,Moderate,Routine,D11,original,False
297,109.23601472,-0.44052752,13.68,0.452,TM,Healthy,,D011A,0.452,Normal,Moderate,Routine,D11,original,False
298,109.23696721,-0.44110922,13.65,0.506,TM,Healthy,,D011A,0.506,Healthy,Good,None,D11,original,False
299,109.23640328,-0.4403246,13.62,0.478,TM,Healthy,,D011A,0.478,Healthy,Good,None,D11,original,False
300,109.23732372,-0.44344918,13.62,0.322,TM,Suspect,Circle_5m,D011A,0.322,Suspect,Critical,Priority Survey,D11,original,False
301,109.238001,-0.44350812,13.59,0.373,TM,Suspect,Circle_5m,D011A,0.373,Suspect,Critical,Priority Survey,D11,original,False
302,109.23668265,-0.4402894,13.58,0.561,TM,Healthy,,D011A,0.561,Healthy,Good,None,D11,original,False
303,109.23640375,-0.44591182,13.58,0.463,TM,Healthy,,D011A,0.463,Healthy,Good,None,D11,original,False
304,109.23752244,-0.44449776,13.57,0.464,TM,Healthy,,D011A,0.464,Healthy,Good,None,D11,original,False
305,109.23739742,-0.44517098,13.54,0.503,TM,Healthy,,D011A,0.503,Healthy,Good,None,D11,original,False
306,109.2361019,-0.44413977,13.5,0.5,TM,Healthy,,D011A,0.5,Healthy,Good,None,D11,original,False
307,109.23671924,-0.44509576,13.49,0.413,TM,Healthy,,D011A,0.413,Abnormal,Sub-Optimal,Monitor,D11,original,False
308,109.23593996,-0.4433141,13.48,0.477,TM,Healthy,,D011A,0.477,Healthy,Good,None,D11,original,False
309,109.23801463,-0.44852292,13.42,0.453,TM,Healthy,,D011A,0.453,Normal,Moderate,Routine,D11,original,False
310,109.23768402,-0.44496532,13.38,0.426,TM,Healthy,,D011A,0.426,Abnormal,Sub-Optimal,Monitor,D11,original,False
311,109.23620215,-0.44377174,13.37,0.482,TM,Healthy,,D011A,0.482,Healthy,Good,None,D11,original,False
312,109.23680659,-0.44034685,13.36,0.342,TM,Suspect,Circle_5m,D011A,0.342,Suspect,Critical,Priority Survey,D11,original,False
313,109.23655194,-0.44224266,13.36,0.348,TM,Suspect,Circle_5m,D011A,0.348,Suspect,Critical,Priority Survey,D11,original,False
314,109.23598091,-0.44297229,13.36,0.41,TM,Healthy,,D011A,0.41,Abnormal,Sub-Optimal,Monitor,D11,original,False
315,109.23598511,-0.44230989,13.33,0.474,TM,Healthy,,D011A,0.474,Healthy,Good,None,D11,original,False
316,109.23686898,-0.44051597,13.3,0.636,TM,Healthy,,D011A,0.636,Healthy,Good,None,D11,original,False
317,109.23599655,-0.44711534,13.28,0.436,TM,Healthy,,D011A,0.436,Normal,Moderate,Routine,D11,original,False
318,109.23671289,-0.44911175,13.27,0.414,TM,Healthy,,D011A,0.414,Abnormal,Sub-Optimal,Monitor,D11,original,False
319,109.23639071,-0.44597692,13.25,0.439,TM,Healthy,,D011A,0.439,Normal,Moderate,Routine,D11,original,False
320,109.23747876,-0.44685888,13.24,0.523,TM,Healthy,,D011A,0.523,Healthy,Good,None,D11,original,False
321,109.23617011,-0.44818065,13.22,0.499,TM,Healthy,,D011A,0.499,Healthy,Good,None,D11,original,False
322,109.23720177,-0.44444116,13.17,0.563,TM,Healthy,,D011A,0.563,Healthy,Good,None,D11,original,False
323,109.23596423,-0.44133189,13.14,0.412,TM,Healthy,,D011A,0.412,Abnormal,Sub-Optimal,Monitor,D11,original,False
324,109.23781612,-0.44470401,13.13,0.408,TM,Healthy,,D011A,0.408,Abnormal,Sub-Optimal,Monitor,D11,original,False
325,109.23637342,-0.44877753,13.11,0.394,TM,Healthy,,D011A,0.394,Abnormal,Sub-Optimal,Monitor,D11,original,False
326,109.23732551,-0.44910557,13.09,0.461,TM,Healthy,,D011A,0.461,Healthy,Good,None,D11,original,False
327,109.23751782,-0.44693304,13.08,0.442,TM,Healthy,,D011A,0.442,Normal,Moderate,Routine,D11,original,False
328,109.23786163,-0.44026753,13.08,0.505,TM,Healthy,,D011A,0.505,Healthy,Good,None,D11,original,False
329,109.23621541,-0.44654614,13.07,0.537,TM,Healthy,,D011A,0.537,Healthy,Good,None,D11,original,False
330,109.23619816,-0.44544379,13.06,0.454,TM,Healthy,,D011A,0.454,Normal,Moderate,Routine,D11,original,False
331,109.2361074,-0.44557851,13.06,0.49,TM,Healthy,,D011A,0.49,Healthy,Good,None,D11,original,False
332,109.23780398,-0.44854502,13.04,0.49,TM,Healthy,,D011A,0.49,Healthy,Good,None,D11,original,False
333,109.23612324,-0.441284,13.04,0.511,TM,Healthy,,D011A,0.511,Healthy,Good,None,D11,original,False
334,109.23682024,-0.44908917,13.03,0.476,TM,Healthy,,D011A,0.476,Healthy,Good,None,D11,original,False
335,109.23750267,-0.44453121,13.02,0.485,TM,Healthy,,D011A,0.485,Healthy,Good,None,D11,original,False
336,109.23776954,-0.44416006,13.02,0.454,TM,Healthy,,D011A,0.454,Normal,Moderate,Routine,D11,original,False
337,109.23604481,-0.44057682,13.01,0.411,TM,Healthy,,D011A,0.411,Abnormal,Sub-Optimal,Monitor,D11,original,False
338,109.23694246,-0.44510169,13.01,0.431,TM,Healthy,,D011A,0.431,Normal,Moderate,Routine,D11,original,False
339,109.23758888,-0.44460674,12.97,0.541,TM,Healthy,,D011A,0.541,Healthy,Good,None,D11,original,False
340,109.23756071,-0.4459858,12.97,0.506,TM,Healthy,,D011A,0.506,Healthy,Good,None,D11,original,False
341,109.23764404,-0.44686525,12.96,0.561,TM,Healthy,,D011A,0.561,Healthy,Good,None,D11,original,False
342,109.23608809,-0.44554731,12.95,0.435,TM,Healthy,,D011A,0.435,Normal,Moderate,Routine,D11,original,False
343,109.23806246,-0.44382961,12.95,0.49,TM,Healthy,,D011A,0.49,Healthy,Good,None,D11,original,False
344,109.2373089,-0.44907166,12.95,0.527,TM,Healthy,,D011A,0.527,Healthy,Good,None,D11,original,False
345,109.23694891,-0.44441171,12.94,0.425,TM,Healthy,,D011A,0.425,Abnormal,Sub-Optimal,Monitor,D11,original,False
346,109.23631242,-0.44086671,12.92,0.529,TM,Healthy,,D011A,0.529,Healthy,Good,None,D11,original,False
347,109.23624774,-0.440878,12.89,0.501,TM,Healthy,,D011A,0.501,Healthy,Good,None,D11,original,False
348,109.23786171,-0.44185412,12.89,0.473,TM,Healthy,,D011A,0.473,Healthy,Good,None,D11,original,False
349,109.23666457,-0.44646305,12.88,0.515,TM,Healthy,,D011A,0.515,Healthy,Good,None,D11,original,False
350,109.23670941,-0.44862931,12.87,0.533,TM,Healthy,,D011A,0.533,Healthy,Good,None,D11,original,False
351,109.23620744,-0.44417913,12.87,0.504,TM,Healthy,,D011A,0.504,Healthy,Good,None,D11,original,False
352,109.2361802,-0.44163217,12.87,0.53,TM,Healthy,,D011A,0.53,Healthy,Good,None,D11,original,False
353,109.23728395,-0.44825281,12.85,0.414,TM,Healthy,,D011A,0.414,Abnormal,Sub-Optimal,Monitor,D11,original,False
354,109.23697158,-0.44915115,12.85,0.433,TM,Healthy,,D011A,0.433,Normal,Moderate,Routine,D11,original,False
355,109.23793747,-0.44437216,12.84,0.416,TM,Healthy,,D011A,0.416,Abnormal,Sub-Optimal,Monitor,D11,original,False
356,109.23659603,-0.44569212,12.82,0.4,TM,Healthy,,D011A,0.4,Abnormal,Sub-Optimal,Monitor,D11,original,False
357,109.23802433,-0.44551974,12.82,0.533,TM,Healthy,,D011A,0.533,Healthy,Good,None,D11,original,False
358,109.23720394,-0.44850373,12.81,0.482,TM,Healthy,,D011A,0.482,Healthy,Good,None,D11,original,False
359,109.23675999,-0.44181045,12.78,0.458,TM,Healthy,,D011A,0.458,Normal,Moderate,Routine,D11,original,False
360,109.23661196,-0.44671534,12.76,0.6,TM,Healthy,,D011A,0.6,Healthy,Good,None,D11,original,False
361,109.23614534,-0.44656375,12.76,0.39,TM,Healthy,,D011A,0.39,Abnormal,Sub-Optimal,Monitor,D11,original,False
362,109.23669319,-0.44127599,12.76,0.493,TM,Healthy,,D011A,0.493,Healthy,Good,None,D11,original,False
363,109.23692543,-0.44494886,12.75,0.487,TM,Healthy,,D011A,0.487,Healthy,Good,None,D11,original,False
364,109.23599537,-0.44448699,12.73,0.444,TM,Healthy,,D011A,0.444,Normal,Moderate,Routine,D11,original,False
365,109.23794722,-0.44867482,12.72,0.43,TM,Healthy,,D011A,0.43,Normal,Moderate,Routine,D11,original,False
366,109.23716968,-0.44902505,12.71,0.529,TM,Healthy,,D011A,0.529,Healthy,Good,None,D11,original,False
367,109.23660555,-0.44910766,12.71,0.404,TM,Healthy,,D011A,0.404,Abnormal,Sub-Optimal,Monitor,D11,original,False
368,109.23635903,-0.44884626,12.71,0.5,TM,Healthy,,D011A,0.5,Healthy,Good,None,D11,original,False
369,109.23724684,-0.44752981,12.71,0.447,TM,Healthy,,D011A,0.447,Normal,Moderate,Routine,D11,original,False
370,109.23636755,-0.44514496,12.68,0.465,TM,Healthy,,D011A,0.465,Healthy,Good,None,D11,original,False
371,109.23684729,-0.44489278,12.68,0.348,TM,Suspect,Circle_5m,D011A,0.348,Suspect,Critical,Priority Survey,D11,original,False
372,109.23758747,-0.44864399,12.67,0.484,TM,Healthy,,D011A,0.484,Healthy,Good,None,D11,original,False
373,109.23609267,-0.44140743,12.67,0.441,TM,Healthy,,D011A,0.441,Normal,Moderate,Routine,D11,original,False
374,109.23688681,-0.44490409,12.67,0.523,TM,Healthy,,D011A,0.523,Healthy,Good,None,D11,original,False
375,109.23794855,-0.44118044,12.67,0.552,TM,Healthy,,D011A,0.552,Healthy,Good,None,D11,original,False
376,109.23594722,-0.44110988,12.66,0.536,TM,Healthy,,D011A,0.536,Healthy,Good,None,D11,original,False
377,109.23605609,-0.44413704,12.66,0.49,TM,Healthy,,D011A,0.49,Healthy,Good,None,D11,original,False
378,109.23777185,-0.44765699,12.66,0.464,TM,Healthy,,D011A,0.464,Healthy,Good,None,D11,original,False
379,109.23650531,-0.44380934,12.65,0.463,TM,Healthy,,D011A,0.463,Healthy,Good,None,D11,original,False
380,109.23645508,-0.44155853,12.64,0.55,TM,Healthy,,D011A,0.55,Healthy,Good,None,D11,original,False
381,109.23609912,-0.4482792,12.62,0.499,TM,Healthy,,D011A,0.499,Healthy,Good,None,D11,original,False
382,109.23598129,-0.44327206,12.6,0.466,TM,Healthy,,D011A,0.466,Healthy,Good,None,D11,original,False
383,109.23747942,-0.44028281,12.6,0.394,TM,Healthy,,D011A,0.394,Abnormal,Sub-Optimal,Monitor,D11,original,False
384,109.2366398,-0.44485836,12.59,0.455,TM,Healthy,,D011A,0.455,Normal,Moderate,Routine,D11,original,False
385,109.23644865,-0.44028437,12.59,0.431,TM,Healthy,,D011A,0.431,Normal,Moderate,Routine,D11,original,False
386,109.23676597,-0.44501258,12.58,0.496,TM,Healthy,,D011A,0.496,Healthy,Good,None,D11,original,False
387,109.23620343,-0.44404982,12.58,0.454,TM,Healthy,,D011A,0.454,Normal,Moderate,Routine,D11,original,False
388,109.23766911,-0.44909345,12.58,0.448,TM,Healthy,,D011A,0.448,Normal,Moderate,Routine,D11,original,False
389,109.23766104,-0.4452357,12.57,0.423,TM,Healthy,,D011A,0.423,Abnormal,Sub-Optimal,Monitor,D11,original,False
390,109.23642129,-0.44392417,12.57,0.456,TM,Healthy,,D011A,0.456,Normal,Moderate,Routine,D11,original,False
391,109.23588356,-0.4424957,12.56,0.479,TM,Healthy,,D011A,0.479,Healthy,Good,None,D11,original,False
392,109.2362913,-0.44090197,12.55,0.58,TM,Healthy,,D011A,0.58,Healthy,Good,None,D11,original,False
393,109.23805563,-0.44422162,12.54,0.395,TM,Healthy,,D011A,0.395,Abnormal,Sub-Optimal,Monitor,D11,original,False
394,109.23605857,-0.44315995,12.54,0.451,TM,Healthy,,D011A,0.451,Normal,Moderate,Routine,D11,original,False
395,109.23731665,-0.44672591,12.53,0.464,TM,Healthy,,D011A,0.464,Healthy,Good,None,D11,original,False
396,109.23686706,-0.44107121,12.53,0.47,TM,Healthy,,D011A,0.47,Healthy,Good,None,D11,original,False
397,109.23780423,-0.44561826,12.49,0.524,TM,Healthy,,D011A,0.524,Healthy,Good,None,D11,original,False
398,109.23649612,-0.44465034,12.49,0.443,TM,Healthy,,D011A,0.443,Normal,Moderate,Routine,D11,original,False
399,109.23620221,-0.44160142,12.48,0.468,TM,Healthy,,D011A,0.468,Healthy,Good,None,D11,original,False
400,109.23716418,-0.44384703,12.46,0.522,TM,Healthy,,D011A,0.522,Healthy,Good,None,D11,original,False
401,109.23593279,-0.44512677,12.45,0.564,TM,Healthy,,D011A,0.564,Healthy,Good,None,D11,original,False
402,109.23690238,-0.44741307,12.44,0.481,TM,Healthy,,D011A,0.481,Healthy,Good,None,D11,original,False
403,109.23776459,-0.44040676,12.43,0.549,TM,Healthy,,D011A,0.549,Healthy,Good,None,D11,original,False
404,109.2363656,-0.44389793,12.43,0.374,TM,Suspect,Circle_5m,D011A,0.374,Suspect,Critical,Priority Survey,D11,original,False
405,109.23595215,-0.44303106,12.43,0.409,TM,Healthy,,D011A,0.409,Abnormal,Sub-Optimal,Monitor,D11,original,False
406,109.23783046,-0.44861285,12.42,0.615,TM,Healthy,,D011A,0.615,Healthy,Good,None,D11,original,False
407,109.23626215,-0.44071884,12.42,0.468,TM,Healthy,,D011A,0.468,Healthy,Good,None,D11,original,False
408,109.23687525,-0.44817404,12.41,0.492,TM,Healthy,,D011A,0.492,Healthy,Good,None,D11,original,False
409,109.23674392,-0.44518032,12.4,0.444,TM,Healthy,,D011A,0.444,Normal,Moderate,Routine,D11,original,False
410,109.23782655,-0.44807524,12.39,0.455,TM,Healthy,,D011A,0.455,Normal,Moderate,Routine,D11,original,False
411,109.23783677,-0.44852695,12.38,0.514,TM,Healthy,,D011A,0.514,Healthy,Good,None,D11,original,False
412,109.2362625,-0.4487246,12.37,0.507,TM,Healthy,,D011A,0.507,Healthy,Good,None,D11,original,False
413,109.23651424,-0.44779505,12.37,0.511,TM,Healthy,,D011A,0.511,Healthy,Good,None,D11,original,False
414,109.23680547,-0.44322795,12.37,0.503,TM,Healthy,,D011A,0.503,Healthy,Good,None,D11,original,False
415,109.23677159,-0.44023607,12.36,0.256,TM,Suspect,Circle_5m,D011A,0.256,Suspect,Critical,Priority Survey,D11,original,False
416,109.23616861,-0.44879783,12.36,0.415,TM,Healthy,,D011A,0.415,Abnormal,Sub-Optimal,Monitor,D11,original,False
417,109.23670533,-0.4450406,12.34,0.477,TM,Healthy,,D011A,0.477,Healthy,Good,None,D11,original,False
418,109.23771518,-0.44611515,12.34,0.529,TM,Healthy,,D011A,0.529,Healthy,Good,None,D11,original,False
419,109.23750291,-0.44729928,12.34,0.433,TM,Healthy,,D011A,0.433,Normal,Moderate,Routine,D11,original,False
420,109.23690671,-0.44052548,12.34,0.567,TM,Healthy,,D011A,0.567,Healthy,Good,None,D11,original,False
421,109.23694606,-0.445061,12.33,0.391,TM,Healthy,,D011A,0.391,Abnormal,Sub-Optimal,Monitor,D11,original,False
422,109.23755705,-0.44816516,12.33,0.447,TM,Healthy,,D011A,0.447,Normal,Moderate,Routine,D11,original,False
423,109.23649971,-0.44468832,12.31,0.463,TM,Healthy,,D011A,0.463,Healthy,Good,None,D11,original,False
424,109.23794428,-0.44027207,12.31,0.458,TM,Healthy,,D011A,0.458,Normal,Moderate,Routine,D11,original,False
425,109.23789195,-0.44123739,12.31,0.551,TM,Healthy,,D011A,0.551,Healthy,Good,None,D11,original,False
426,109.23713466,-0.4414339,12.3,0.424,TM,Healthy,,D011A,0.424,Abnormal,Sub-Optimal,Monitor,D11,original,False
427,109.23677159,-0.44215364,12.29,0.343,TM,Suspect,Circle_5m,D011A,0.343,Suspect,Critical,Priority Survey,D11,original,False
428,109.23774599,-0.44687296,12.29,0.575,TM,Healthy,,D011A,0.575,Healthy,Good,None,D11,original,False
429,109.23644781,-0.44385364,12.27,0.507,TM,Healthy,,D011A,0.507,Healthy,Good,None,D11,original,False
430,109.23773626,-0.44622412,12.27,0.455,TM,Healthy,,D011A,0.455,Normal,Moderate,Routine,D11,original,False
431,109.23631296,-0.44048826,12.26,0.543,TM,Healthy,,D011A,0.543,Healthy,Good,None,D11,original,False
432,109.23617956,-0.44433286,12.26,0.494,TM,Healthy,,D011A,0.494,Healthy,Good,None,D11,original,False
433,109.23661002,-0.44161735,12.25,0.461,TM,Healthy,,D011A,0.461,Healthy,Good,None,D11,original,False
434,109.23771332,-0.44261144,12.25,0.482,TM,Healthy,,D011A,0.482,Healthy,Good,None,D11,original,False
435,109.23620737,-0.44258892,12.25,0.468,TM,Healthy,,D011A,0.468,Healthy,Good,None,D11,original,False
436,109.23636957,-0.44608995,12.25,0.54,TM,Healthy,,D011A,0.54,Healthy,Good,None,D11,original,False
437,109.23606514,-0.44576343,12.24,0.402,TM,Healthy,,D011A,0.402,Abnormal,Sub-Optimal,Monitor,D11,original,False
438,109.23657423,-0.44670854,12.24,0.664,TM,Healthy,,D011A,0.664,Healthy,Good,None,D11,original,False
439,109.23765635,-0.44040764,12.23,0.498,TM,Healthy,,D011A,0.498,Healthy,Good,None,D11,original,False
440,109.23718763,-0.4491069,12.21,0.553,TM,Healthy,,D011A,0.553,Healthy,Good,None,D11,original,False
441,109.23665153,-0.44649786,12.21,0.498,TM,Healthy,,D011A,0.498,Healthy,Good,None,D11,original,False
442,109.23595172,-0.4448695,12.21,0.534,TM,Healthy,,D011A,0.534,Healthy,Good,None,D11,original,False
443,109.23588966,-0.4413807,12.21,0.488,TM,Healthy,,D011A,0.488,Healthy,Good,None,D11,original,False
444,109.23797389,-0.44419764,12.21,0.46,TM,Healthy,,D011A,0.46,Healthy,Good,None,D11,original,False
445,109.23690653,-0.4450845,12.21,0.538,TM,Healthy,,D011A,0.538,Healthy,Good,None,D11,original,False
446,109.23757977,-0.44892568,12.21,0.495,TM,Healthy,,D011A,0.495,Healthy,Good,None,D11,original,False
447,109.23789648,-0.44864588,12.21,0.442,TM,Healthy,,D011A,0.442,Normal,Moderate,Routine,D11,original,False
448,109.2364307,-0.44779955,12.2,0.421,TM,Healthy,,D011A,0.421,Abnormal,Sub-Optimal,Monitor,D11,original,False
449,109.23594928,-0.44568608,12.2,0.504,TM,Healthy,,D011A,0.504,Healthy,Good,None,D11,original,False
450,109.23634327,-0.44337253,12.19,0.449,TM,Healthy,,D011A,0.449,Normal,Moderate,Routine,D11,original,False
451,109.23611663,-0.44453088,12.19,0.392,TM,Healthy,,D011A,0.392,Abnormal,Sub-Optimal,Monitor,D11,original,False
452,109.23603642,-0.44186318,12.19,0.481,TM,Healthy,,D011A,0.481,Healthy,Good,None,D11,original,False
453,109.23741116,-0.44593602,12.18,0.397,TM,Healthy,,D011A,0.397,Abnormal,Sub-Optimal,Monitor,D11,original,False
454,109.23623016,-0.44118138,12.18,0.493,TM,Healthy,,D011A,0.493,Healthy,Good,None,D11,original,False
455,109.2362148,-0.44910349,12.18,0.454,TM,Healthy,,D011A,0.454,Normal,Moderate,Routine,D11,original,False
456,109.23792629,-0.44036249,12.18,0.456,TM,Healthy,,D011A,0.456,Normal,Moderate,Routine,D11,original,False
457,109.23616327,-0.44102357,12.17,0.375,TM,Suspect,Circle_5m,D011A,0.375,Suspect,Critical,Priority Survey,D11,original,False
458,109.23745528,-0.4436052,12.16,0.45,TM,Healthy,,D011A,0.45,Normal,Moderate,Routine,D11,original,False
459,109.23652985,-0.44449526,12.16,0.455,TM,Healthy,,D011A,0.455,Normal,Moderate,Routine,D11,original,False
460,109.23792126,-0.44830179,12.16,0.497,TM,Healthy,,D011A,0.497,Healthy,Good,None,D11,original,False
461,109.23696862,-0.44461247,12.15,0.479,TM,Healthy,,D011A,0.479,Healthy,Good,None,D11,original,False
462,109.23708122,-0.44327549,12.15,0.491,TM,Healthy,,D011A,0.491,Healthy,Good,None,D11,original,False
463,109.23778737,-0.44474379,12.14,0.386,TM,Healthy,,D011A,0.386,Suspect,Critical,Priority Survey,D11,original,False
464,109.23597826,-0.44278781,12.13,0.475,TM,Healthy,,D011A,0.475,Healthy,Good,None,D11,original,False
465,109.23719377,-0.44408849,12.13,0.45,TM,Healthy,,D011A,0.45,Normal,Moderate,Routine,D11,original,False
466,109.23647818,-0.44456217,12.13,0.548,TM,Healthy,,D011A,0.548,Healthy,Good,None,D11,original,False
467,109.23642083,-0.44206177,12.12,0.434,TM,Healthy,,D011A,0.434,Normal,Moderate,Routine,D11,original,False
468,109.23747561,-0.44689731,12.12,0.507,TM,Healthy,,D011A,0.507,Healthy,Good,None,D11,original,False
469,109.23654941,-0.44908911,12.11,0.457,TM,Healthy,,D011A,0.457,Normal,Moderate,Routine,D11,original,False
470,109.23668234,-0.44916058,12.11,0.56,TM,Healthy,,D011A,0.56,Healthy,Good,None,D11,original,False
471,109.23604202,-0.44095662,12.11,0.517,TM,Healthy,,D011A,0.517,Healthy,Good,None,D11,original,False
472,109.23600924,-0.4428163,12.11,0.441,TM,Healthy,,D011A,0.441,Normal,Moderate,Routine,D11,original,False
473,109.23645562,-0.44500256,12.11,0.458,TM,Healthy,,D011A,0.458,Normal,Moderate,Routine,D11,original,False
474,109.23767831,-0.44438657,12.11,0.443,TM,Healthy,,D011A,0.443,Normal,Moderate,Routine,D11,original,False
475,109.23718271,-0.44336504,12.11,0.386,TM,Healthy,,D011A,0.386,Suspect,Critical,Priority Survey,D11,original,False
476,109.23639825,-0.44827068,12.1,0.417,TM,Healthy,,D011A,0.417,Abnormal,Sub-Optimal,Monitor,D11,original,False
477,109.2374183,-0.44610242,12.1,0.455,TM,Healthy,,D011A,0.455,Normal,Moderate,Routine,D11,original,False
478,109.23701423,-0.44357164,12.1,0.479,TM,Healthy,,D011A,0.479,Healthy,Good,None,D11,original,False
479,109.23657813,-0.44163497,12.09,0.506,TM,Healthy,,D011A,0.506,Healthy,Good,None,D11,original,False
480,109.23634378,-0.44689839,12.09,0.432,TM,Healthy,,D011A,0.432,Normal,Moderate,Routine,D11,original,False
481,109.23632278,-0.44264773,12.08,0.479,TM,Healthy,,D011A,0.479,Healthy,Good,None,D11,original,False
482,109.23657997,-0.44143467,12.08,0.462,TM,Healthy,,D011A,0.462,Healthy,Good,None,D11,original,False
483,109.23611469,-0.44324994,12.08,0.445,TM,Healthy,,D011A,0.445,Normal,Moderate,Routine,D11,original,False
484,109.23614942,-0.44070389,12.07,0.5,TM,Healthy,,D011A,0.5,Healthy,Good,None,D11,original,False
485,109.23627772,-0.44517207,12.07,0.465,TM,Healthy,,D011A,0.465,Healthy,Good,None,D11,original,False
486,109.23609644,-0.44823715,12.07,0.348,TM,Suspect,Circle_5m,D011A,0.348,Suspect,Critical,Priority Survey,D11,original,False
487,109.23775936,-0.44543015,12.06,0.454,TM,Healthy,,D011A,0.454,Normal,Moderate,Routine,D11,original,False
488,109.23629044,-0.44266807,12.06,0.492,TM,Healthy,,D011A,0.492,Healthy,Good,None,D11,original,False
489,109.23688406,-0.44514102,12.06,0.45,TM,Healthy,,D011A,0.45,Normal,Moderate,Routine,D11,original,False
490,109.2361529,-0.44876301,12.05,0.416,TM,Healthy,,D011A,0.416,Abnormal,Sub-Optimal,Monitor,D11,original,False
491,109.23675853,-0.44039522,12.04,0.51,TM,Healthy,,D011A,0.51,Healthy,Good,None,D11,original,False
492,109.23609499,-0.44486185,12.04,0.359,TM,Suspect,Circle_5m,D011A,0.359,Suspect,Critical,Priority Survey,D11,original,False
493,109.23647952,-0.44834395,12.03,0.48,TM,Healthy,,D011A,0.48,Healthy,Good,None,D11,original,False
494,109.23645047,-0.44208257,12.03,0.395,TM,Healthy,,D011A,0.395,Abnormal,Sub-Optimal,Monitor,D11,original,False
495,109.23596955,-0.4435542,12.03,0.453,TM,Healthy,,D011A,0.453,Normal,Moderate,Routine,D11,original,False
496,109.23603706,-0.44862417,12.03,0.437,TM,Healthy,,D011A,0.437,Normal,Moderate,Routine,D11,original,False
497,109.23795023,-0.44548174,12.03,0.448,TM,Healthy,,D011A,0.448,Normal,Moderate,Routine,D11,original,False
498,109.23734294,-0.44382718,12.02,0.394,TM,Healthy,,D011A,0.394,Abnormal,Sub-Optimal,Monitor,D11,original,False
499,109.23618649,-0.44350181,12.02,0.46,TM,Healthy,,D011A,0.46,Healthy,Good,None,D11,original,False
500,109.23716754,-0.44293957,12.02,0.474,TM,Healthy,,D011A,0.474,Healthy,Good,None,D11,original,False
501,109.23695139,-0.44343959,12.02,0.471,TM,Healthy,,D011A,0.471,Healthy,Good,None,D11,original,False
502,109.23649272,-0.44386767,12.01,0.503,TM,Healthy,,D011A,0.503,Healthy,Good,None,D11,original,False
503,109.23704938,-0.44309553,12.01,0.498,TM,Healthy,,D011A,0.498,Healthy,Good,None,D11,original,False
504,109.23713436,-0.44457318,12.01,0.431,TM,Healthy,,D011A,0.431,Normal,Moderate,Routine,D11,original,False
505,109.23645373,-0.44159832,12.0,0.487,TM,Healthy,,D011A,0.487,Healthy,Good,None,D11,original,False
506,109.23781863,-0.44740199,11.99,0.507,TM,Healthy,,D011A,0.507,Healthy,Good,None,D11,original,False
507,109.23627723,-0.44911662,11.98,0.432,TM,Healthy,,D011A,0.432,Normal,Moderate,Routine,D11,original,False
508,109.23724356,-0.44052872,11.98,0.417,TM,Healthy,,D011A,0.417,Abnormal,Sub-Optimal,Monitor,D11,original,False
509,109.23596325,-0.44359444,11.97,0.36,TM,Suspect,Circle_5m,D011A,0.36,Suspect,Critical,Priority Survey,D11,original,False
510,109.23680259,-0.44590649,11.96,0.407,TM,Healthy,,D011A,0.407,Abnormal,Sub-Optimal,Monitor,D11,original,False
511,109.23708688,-0.44783497,11.96,0.459,TM,Healthy,,D011A,0.459,Normal,Moderate,Routine,D11,original,False
512,109.2365324,-0.44509617,11.95,0.482,TM,Healthy,,D011A,0.482,Healthy,Good,None,D11,original,False
513,109.23632453,-0.44092865,11.95,0.507,TM,Healthy,,D011A,0.507,Healthy,Good,None,D11,original,False
514,109.23727388,-0.44717307,11.95,0.451,TM,Healthy,,D011A,0.451,Normal,Moderate,Routine,D11,original,False
515,109.23721685,-0.44332752,11.95,0.496,TM,Healthy,,D011A,0.496,Healthy,Good,None,D11,original,False
516,109.23652279,-0.44395358,11.94,0.485,TM,Healthy,,D011A,0.485,Healthy,Good,None,D11,original,False
517,109.23630471,-0.4487418,11.94,0.399,TM,Healthy,,D011A,0.399,Abnormal,Sub-Optimal,Monitor,D11,original,False
518,109.23767502,-0.4487991,11.94,0.415,TM,Healthy,,D011A,0.415,Abnormal,Sub-Optimal,Monitor,D11,original,False
519,109.23718586,-0.4489916,11.93,0.506,TM,Healthy,,D011A,0.506,Healthy,Good,None,D11,original,False
520,109.23658308,-0.44537109,11.93,0.465,TM,Healthy,,D011A,0.465,Healthy,Good,None,D11,original,False
521,109.23764225,-0.44870731,11.92,0.471,TM,Healthy,,D011A,0.471,Healthy,Good,None,D11,original,False
522,109.23753901,-0.44088554,11.92,0.513,TM,Healthy,,D011A,0.513,Healthy,Good,None,D11,original,False
523,109.23656948,-0.44401554,11.92,0.449,TM,Healthy,,D011A,0.449,Normal,Moderate,Routine,D11,original,False
524,109.23716111,-0.44351515,11.92,0.416,TM,Healthy,,D011A,0.416,Abnormal,Sub-Optimal,Monitor,D11,original,False
525,109.23657935,-0.44406347,11.92,0.612,TM,Healthy,,D011A,0.612,Healthy,Good,None,D11,original,False
526,109.23612994,-0.44142055,11.92,0.526,TM,Healthy,,D011A,0.526,Healthy,Good,None,D11,original,False
527,109.23726712,-0.44913269,11.91,0.491,TM,Healthy,,D011A,0.491,Healthy,Good,None,D11,original,False
528,109.23779677,-0.44864404,11.91,0.537,TM,Healthy,,D011A,0.537,Healthy,Good,None,D11,original,False
529,109.23743449,-0.44603641,11.9,0.475,TM,Healthy,,D011A,0.475,Healthy,Good,None,D11,original,False
530,109.23757255,-0.44904866,11.9,0.465,TM,Healthy,,D011A,0.465,Healthy,Good,None,D11,original,False
531,109.23634378,-0.44120266,11.9,0.444,TM,Healthy,,D011A,0.444,Normal,Moderate,Routine,D11,original,False
532,109.23652767,-0.44420046,11.89,0.532,TM,Healthy,,D011A,0.532,Healthy,Good,None,D11,original,False
533,109.23623704,-0.4405633,11.89,0.506,TM,Healthy,,D011A,0.506,Healthy,Good,None,D11,original,False
534,109.23657331,-0.44302217,11.89,0.449,TM,Healthy,,D011A,0.449,Normal,Moderate,Routine,D11,original,False
535,109.23646335,-0.4446119,11.88,0.484,TM,Healthy,,D011A,0.484,Healthy,Good,None,D11,original,False
536,109.23622836,-0.4449713,11.88,0.461,TM,Healthy,,D011A,0.461,Healthy,Good,None,D11,original,False
537,109.23783224,-0.44870871,11.88,0.498,TM,Healthy,,D011A,0.498,Healthy,Good,None,D11,original,False
538,109.23779281,-0.44831262,11.88,0.555,TM,Healthy,,D011A,0.555,Healthy,Good,None,D11,original,False
539,109.23627268,-0.445579,11.88,0.423,TM,Healthy,,D011A,0.423,Abnormal,Sub-Optimal,Monitor,D11,original,False
540,109.2359688,-0.44289904,11.87,0.406,TM,Healthy,,D011A,0.406,Abnormal,Sub-Optimal,Monitor,D11,original,False
541,109.23781852,-0.44782746,11.87,0.535,TM,Healthy,,D011A,0.535,Healthy,Good,None,D11,original,False
542,109.2374069,-0.44872986,11.86,0.529,TM,Healthy,,D011A,0.529,Healthy,Good,None,D11,original,False
543,109.23684443,-0.44177656,11.86,0.363,TM,Suspect,Circle_5m,D011A,0.363,Suspect,Critical,Priority Survey,D11,original,False
544,109.23774403,-0.44566933,11.86,0.492,TM,Healthy,,D011A,0.492,Healthy,Good,None,D11,original,False
545,109.23738238,-0.44608251,11.85,0.515,TM,Healthy,,D011A,0.515,Healthy,Good,None,D11,original,False
546,109.23627958,-0.44679664,11.85,0.428,TM,Healthy,,D011A,0.428,Abnormal,Sub-Optimal,Monitor,D11,original,False
547,109.23736305,-0.44613677,11.84,0.476,TM,Healthy,,D011A,0.476,Healthy,Good,None,D11,original,False
548,109.23806901,-0.44459239,11.84,0.47,TM,Healthy,,D011A,0.47,Healthy,Good,None,D11,original,False
549,109.23675676,-0.44594853,11.83,0.573,TM,Healthy,,D011A,0.573,Healthy,Good,None,D11,original,False
550,109.23652633,-0.44416248,11.83,0.426,TM,Healthy,,D011A,0.426,Abnormal,Sub-Optimal,Monitor,D11,original,False
551,109.23645513,-0.44514227,11.82,0.465,TM,Healthy,,D011A,0.465,Healthy,Good,None,D11,original,False
552,109.23743479,-0.44667982,11.82,0.434,TM,Healthy,,D011A,0.434,Normal,Moderate,Routine,D11,original,False
553,109.23808199,-0.44856951,11.81,0.476,TM,Healthy,,D011A,0.476,Healthy,Good,None,D11,original,False
554,109.23690848,-0.44819936,11.81,0.394,TM,Healthy,,D011A,0.394,Abnormal,Sub-Optimal,Monitor,D11,original,False
555,109.23777897,-0.44606904,11.8,0.437,TM,Healthy,,D011A,0.437,Normal,Moderate,Routine,D11,original,False
556,109.2379647,-0.44884212,11.8,0.468,TM,Healthy,,D011A,0.468,Healthy,Good,None,D11,original,False
557,109.2364531,-0.44613971,11.8,0.482,TM,Healthy,,D011A,0.482,Healthy,Good,None,D11,original,False
558,109.23741973,-0.44765646,11.8,0.493,TM,Healthy,,D011A,0.493,Healthy,Good,None,D11,original,False
559,109.23619792,-0.44455215,11.79,0.465,TM,Healthy,,D011A,0.465,Healthy,Good,None,D11,original,False
560,109.23793029,-0.44624451,11.79,0.402,TM,Healthy,,D011A,0.402,Abnormal,Sub-Optimal,Monitor,D11,original,False
561,109.23727553,-0.44400441,11.79,0.43,TM,Healthy,,D011A,0.43,Normal,Moderate,Routine,D11,original,False
562,109.2375523,-0.44545542,11.78,0.447,TM,Healthy,,D011A,0.447,Normal,Moderate,Routine,D11,original,False
563,109.23735834,-0.44706141,11.77,0.29,TM,Suspect,Circle_5m,D011A,0.29,Suspect,Critical,Priority Survey,D11,original,False
564,109.23668418,-0.44898515,11.77,0.474,TM,Healthy,,D011A,0.474,Healthy,Good,None,D11,original,False
565,109.23809563,-0.44220911,11.76,0.368,TM,Suspect,Circle_5m,D011A,0.368,Suspect,Critical,Priority Survey,D11,original,False
566,109.23757721,-0.44457147,11.76,0.45,TM,Healthy,,D011A,0.45,Normal,Moderate,Routine,D11,original,False
567,109.2361228,-0.44878471,11.76,0.473,TM,Healthy,,D011A,0.473,Healthy,Good,None,D11,original,False
568,109.23636476,-0.4455736,11.75,0.37,TM,Suspect,Circle_5m,D011A,0.37,Suspect,Critical,Priority Survey,D11,original,False
569,109.23642745,-0.44824401,11.75,0.412,TM,Healthy,,D011A,0.412,Abnormal,Sub-Optimal,Monitor,D11,original,False
570,109.23778165,-0.44801872,11.75,0.504,TM,Healthy,,D011A,0.504,Healthy,Good,None,D11,original,False
571,109.23616244,-0.44263141,11.75,0.38,TM,Healthy,,D011A,0.38,Suspect,Critical,Priority Survey,D11,original,False
572,109.23620796,-0.44388614,11.75,0.421,TM,Healthy,,D011A,0.421,Abnormal,Sub-Optimal,Monitor,D11,original,False
573,109.23633655,-0.44328933,11.75,0.437,TM,Healthy,,D011A,0.437,Normal,Moderate,Routine,D11,original,False
574,109.2359129,-0.44380332,11.74,0.545,TM,Healthy,,D011A,0.545,Healthy,Good,None,D11,original,False
575,109.23611399,-0.44432515,11.74,0.506,TM,Healthy,,D011A,0.506,Healthy,Good,None,D11,original,False
576,109.23721194,-0.44322353,11.73,0.418,TM,Healthy,,D011A,0.418,Abnormal,Sub-Optimal,Monitor,D11,original,False
577,109.23603119,-0.44872681,11.73,0.429,TM,Healthy,,D011A,0.429,Abnormal,Sub-Optimal,Monitor,D11,original,False
578,109.23765903,-0.44617527,11.72,0.451,TM,Healthy,,D011A,0.451,Normal,Moderate,Routine,D11,original,False
579,109.23632354,-0.44324637,11.72,0.462,TM,Healthy,,D011A,0.462,Healthy,Good,None,D11,original,False
580,109.23602127,-0.44322595,11.72,0.431,TM,Healthy,,D011A,0.431,Normal,Moderate,Routine,D11,original,False
581,109.23772675,-0.44845864,11.72,0.411,TM,Healthy,,D011A,0.411,Abnormal,Sub-Optimal,Monitor,D11,original,False
582,109.23596353,-0.44048139,11.71,0.487,TM,Healthy,,D011A,0.487,Healthy,Good,None,D11,original,False
583,109.23768259,-0.44905683,11.7,0.41,TM,Healthy,,D011A,0.41,Abnormal,Sub-Optimal,Monitor,D11,original,False
584,109.23596759,-0.44613372,11.7,0.424,TM,Healthy,,D011A,0.424,Abnormal,Sub-Optimal,Monitor,D11,original,False
585,109.23739673,-0.4461526,11.7,0.496,TM,Healthy,,D011A,0.496,Healthy,Good,None,D11,original,False
586,109.23617578,-0.44132244,11.7,0.439,TM,Healthy,,D011A,0.439,Normal,Moderate,Routine,D11,original,False
587,109.23677778,-0.44063487,11.7,0.483,TM,Healthy,,D011A,0.483,Healthy,Good,None,D11,original,False
588,109.23598897,-0.44308714,11.69,0.477,TM,Healthy,,D011A,0.477,Healthy,Good,None,D11,original,False
589,109.23691882,-0.44439046,11.69,0.417,TM,Healthy,,D011A,0.417,Abnormal,Sub-Optimal,Monitor,D11,original,False
590,109.23741728,-0.44664183,11.69,0.489,TM,Healthy,,D011A,0.489,Healthy,Good,None,D11,original,False
591,109.23616928,-0.44410361,11.69,0.426,TM,Healthy,,D011A,0.426,Abnormal,Sub-Optimal,Monitor,D11,original,False
592,109.23601226,-0.4490198,11.68,0.406,TM,Healthy,,D011A,0.406,Abnormal,Sub-Optimal,Monitor,D11,original,False
593,109.23593046,-0.44172208,11.67,0.466,TM,Healthy,,D011A,0.466,Healthy,Good,None,D11,original,False
594,109.23692478,-0.44387772,11.67,0.542,TM,Healthy,,D011A,0.542,Healthy,Good,None,D11,original,False
595,109.23656442,-0.44451652,11.67,0.538,TM,Healthy,,D011A,0.538,Healthy,Good,None,D11,original,False
596,109.2369131,-0.44577765,11.66,0.436,TM,Healthy,,D011A,0.436,Normal,Moderate,Routine,D11,original,False
597,109.23614562,-0.44349908,11.66,0.513,TM,Healthy,,D011A,0.513,Healthy,Good,None,D11,original,False
598,109.23779941,-0.44888187,11.65,0.521,TM,Healthy,,D011A,0.521,Healthy,Good,None,D11,original,False
599,109.23589394,-0.44230851,11.65,0.574,TM,Healthy,,D011A,0.574,Healthy,Good,None,D11,original,False
600,109.23700051,-0.44650563,11.65,0.488,TM,Healthy,,D011A,0.488,Healthy,Good,None,D11,original,False
601,109.23651375,-0.44607778,11.65,0.466,TM,Healthy,,D011A,0.466,Healthy,Good,None,D11,original,False
602,109.23778162,-0.44054784,11.65,0.437,TM,Healthy,,D011A,0.437,Normal,Moderate,Routine,D11,original,False
603,109.23661639,-0.44885355,11.65,0.462,TM,Healthy,,D011A,0.462,Healthy,Good,None,D11,original,False
604,109.23628678,-0.44674058,11.64,0.436,TM,Healthy,,D011A,0.436,Normal,Moderate,Routine,D11,original,False
605,109.23641978,-0.4446146,11.64,0.507,TM,Healthy,,D011A,0.507,Healthy,Good,None,D11,original,False
606,109.2380828,-0.44516617,11.64,0.5,TM,Healthy,,D011A,0.5,Healthy,Good,None,D11,original,False
607,109.23799944,-0.44442056,11.64,0.48,TM,Healthy,,D011A,0.48,Healthy,Good,None,D11,original,False
608,109.2359543,-0.44154485,11.64,0.475,TM,Healthy,,D011A,0.475,Healthy,Good,None,D11,original,False
609,109.23783593,-0.44829725,11.63,0.467,TM,Healthy,,D011A,0.467,Healthy,Good,None,D11,original,False
610,109.2371882,-0.44860501,11.63,0.5,TM,Healthy,,D011A,0.5,Healthy,Good,None,D11,original,False
611,109.23729487,-0.4457583,11.63,0.436,TM,Healthy,,D011A,0.436,Normal,Moderate,Routine,D11,original,False
612,109.23630265,-0.44038517,11.63,0.414,TM,Healthy,,D011A,0.414,Abnormal,Sub-Optimal,Monitor,D11,original,False
613,109.23627862,-0.4489231,11.63,0.463,TM,Healthy,,D011A,0.463,Healthy,Good,None,D11,original,False
614,109.23599877,-0.44906817,11.63,0.471,TM,Healthy,,D011A,0.471,Healthy,Good,None,D11,original,False
615,109.23675071,-0.44686865,11.62,0.495,TM,Healthy,,D011A,0.495,Healthy,Good,None,D11,original,False
616,109.2371721,-0.44452616,11.62,0.459,TM,Healthy,,D011A,0.459,Normal,Moderate,Routine,D11,original,False
617,109.23714464,-0.44481282,11.62,0.489,TM,Healthy,,D011A,0.489,Healthy,Good,None,D11,original,False
618,109.23801061,-0.44841485,11.61,0.424,TM,Healthy,,D011A,0.424,Abnormal,Sub-Optimal,Monitor,D11,original,False
619,109.23680204,-0.44817311,11.61,0.416,TM,Healthy,,D011A,0.416,Abnormal,Sub-Optimal,Monitor,D11,original,False
620,109.23672875,-0.44665613,11.61,0.44,TM,Healthy,,D011A,0.44,Normal,Moderate,Routine,D11,original,False
621,109.23615603,-0.44507257,11.61,0.391,TM,Healthy,,D011A,0.391,Abnormal,Sub-Optimal,Monitor,D11,original,False
622,109.23758021,-0.44141411,11.61,0.544,TM,Healthy,,D011A,0.544,Healthy,Good,None,D11,original,False
623,109.2379248,-0.44851566,11.6,0.435,TM,Healthy,,D011A,0.435,Normal,Moderate,Routine,D11,original,False
624,109.23795426,-0.44554052,11.6,0.428,TM,Healthy,,D011A,0.428,Abnormal,Sub-Optimal,Monitor,D11,original,False
625,109.23744686,-0.44502631,11.59,0.511,TM,Healthy,,D011A,0.511,Healthy,Good,None,D11,original,False
626,109.23678291,-0.44743203,11.59,0.489,TM,Healthy,,D011A,0.489,Healthy,Good,None,D11,original,False
627,109.23791041,-0.44482114,11.58,0.435,TM,Healthy,,D011A,0.435,Normal,Moderate,Routine,D11,original,False
628,109.23600417,-0.44149467,11.58,0.509,TM,Healthy,,D011A,0.509,Healthy,Good,None,D11,original,False
629,109.23621019,-0.44582541,11.57,0.505,TM,Healthy,,D011A,0.505,Healthy,Good,None,D11,original,False
630,109.23754028,-0.44119436,11.56,0.43,TM,Healthy,,D011A,0.43,Normal,Moderate,Routine,D11,original,False
631,109.23745091,-0.44874569,11.56,0.577,TM,Healthy,,D011A,0.577,Healthy,Good,None,D11,original,False
632,109.23648097,-0.44605833,11.56,0.475,TM,Healthy,,D011A,0.475,Healthy,Good,None,D11,original,False
633,109.23730873,-0.44415588,11.55,0.486,TM,Healthy,,D011A,0.486,Healthy,Good,None,D11,original,False
634,109.2360707,-0.44879419,11.55,0.483,TM,Healthy,,D011A,0.483,Healthy,Good,None,D11,original,False
635,109.23617243,-0.44217293,11.55,0.423,TM,Healthy,,D011A,0.423,Abnormal,Sub-Optimal,Monitor,D11,original,False
636,109.23613082,-0.447185,11.54,0.372,TM,Suspect,Circle_5m,D011A,0.372,Suspect,Critical,Priority Survey,D11,original,False
637,109.23686139,-0.44415758,11.53,0.443,TM,Healthy,,D011A,0.443,Normal,Moderate,Routine,D11,original,False
638,109.23663302,-0.44502114,11.53,0.464,TM,Healthy,,D011A,0.464,Healthy,Good,None,D11,original,False
639,109.23719183,-0.44278177,11.53,0.441,TM,Healthy,,D011A,0.441,Normal,Moderate,Routine,D11,original,False
640,109.23602612,-0.44171352,11.52,0.457,TM,Healthy,,D011A,0.457,Normal,Moderate,Routine,D11,original,False
641,109.23745956,-0.44068024,11.52,0.5,TM,Healthy,,D011A,0.5,Healthy,Good,None,D11,original,False
642,109.23638493,-0.44192747,11.51,0.451,TM,Healthy,,D011A,0.451,Normal,Moderate,Routine,D11,original,False
643,109.23608421,-0.44865267,11.51,0.449,TM,Healthy,,D011A,0.449,Normal,Moderate,Routine,D11,original,False
644,109.23644825,-0.44577483,11.51,0.429,TM,Healthy,,D011A,0.429,Abnormal,Sub-Optimal,Monitor,D11,original,False
645,109.23643336,-0.44606465,11.5,0.475,TM,Healthy,,D011A,0.475,Healthy,Good,None,D11,original,False
646,109.23772948,-0.4483013,11.5,0.455,TM,Healthy,,D011A,0.455,Normal,Moderate,Routine,D11,original,False
647,109.23641728,-0.44378129,11.5,0.45,TM,Healthy,,D011A,0.45,Normal,Moderate,Routine,D11,original,False
648,109.23649493,-0.4439893,11.5,0.501,TM,Healthy,,D011A,0.501,Healthy,Good,None,D11,original,False
649,109.23769212,-0.44677664,11.49,0.434,TM,Healthy,,D011A,0.434,Normal,Moderate,Routine,D11,original,False
650,109.23622109,-0.44343083,11.49,0.41,TM,Healthy,,D011A,0.41,Abnormal,Sub-Optimal,Monitor,D11,original,False
651,109.23713268,-0.44029539,11.49,0.474,TM,Healthy,,D011A,0.474,Healthy,Good,None,D11,original,False
652,109.23655821,-0.44228742,11.49,0.403,TM,Healthy,,D011A,0.403,Abnormal,Sub-Optimal,Monitor,D11,original,False
653,109.23656655,-0.44501976,11.48,0.437,TM,Healthy,,D011A,0.437,Normal,Moderate,Routine,D11,original,False
654,109.2360409,-0.44567571,11.48,0.372,TM,Suspect,Circle_5m,D011A,0.372,Suspect,Critical,Priority Survey,D11,original,False
655,109.23654991,-0.44888519,11.48,0.48,TM,Healthy,,D011A,0.48,Healthy,Good,None,D11,original,False
656,109.23773978,-0.44466782,11.46,0.395,TM,Healthy,,D011A,0.395,Abnormal,Sub-Optimal,Monitor,D11,original,False
657,109.23656302,-0.4466371,11.46,0.523,TM,Healthy,,D011A,0.523,Healthy,Good,None,D11,original,False
658,109.23752499,-0.44884699,11.46,0.419,TM,Healthy,,D011A,0.419,Abnormal,Sub-Optimal,Monitor,D11,original,False
659,109.23669487,-0.44747406,11.45,0.467,TM,Healthy,,D011A,0.467,Healthy,Good,None,D11,original,False
660,109.23651769,-0.44459518,11.44,0.464,TM,Healthy,,D011A,0.464,Healthy,Good,None,D11,original,False
661,109.23658449,-0.44891006,11.44,0.548,TM,Healthy,,D011A,0.548,Healthy,Good,None,D11,original,False
662,109.23760606,-0.4403267,11.44,0.467,TM,Healthy,,D011A,0.467,Healthy,Good,None,D11,original,False
663,109.23592508,-0.44166647,11.43,0.508,TM,Healthy,,D011A,0.508,Healthy,Good,None,D11,original,False
664,109.23757636,-0.4462901,11.43,0.456,TM,Healthy,,D011A,0.456,Normal,Moderate,Routine,D11,original,False
665,109.2364756,-0.44595886,11.43,0.472,TM,Healthy,,D011A,0.472,Healthy,Good,None,D11,original,False
666,109.23726344,-0.4457393,11.42,0.425,TM,Healthy,,D011A,0.425,Abnormal,Sub-Optimal,Monitor,D11,original,False
667,109.23755041,-0.44772341,11.42,0.466,TM,Healthy,,D011A,0.466,Healthy,Good,None,D11,original,False
668,109.23618508,-0.44188447,11.42,0.372,TM,Suspect,Circle_5m,D011A,0.372,Suspect,Critical,Priority Survey,D11,original,False
669,109.23718504,-0.44677923,11.42,0.432,TM,Healthy,,D011A,0.432,Normal,Moderate,Routine,D11,original,False
670,109.23758642,-0.44553682,11.42,0.376,TM,Suspect,Circle_5m,D011A,0.376,Suspect,Critical,Priority Survey,D11,original,False
671,109.23684079,-0.44578441,11.41,0.45,TM,Healthy,,D011A,0.45,Normal,Moderate,Routine,D11,original,False
672,109.23718756,-0.44750945,11.41,0.428,TM,Healthy,,D011A,0.428,Abnormal,Sub-Optimal,Monitor,D11,original,False
673,109.23644868,-0.44774755,11.4,0.408,TM,Healthy,,D011A,0.408,Abnormal,Sub-Optimal,Monitor,D11,original,False
674,109.23622131,-0.44251703,11.4,0.479,TM,Healthy,,D011A,0.479,Healthy,Good,None,D11,original,False
675,109.23626579,-0.44809521,11.4,0.423,TM,Healthy,,D011A,0.423,Abnormal,Sub-Optimal,Monitor,D11,original,False
676,109.23660048,-0.4439848,11.4,0.518,TM,Healthy,,D011A,0.518,Healthy,Good,None,D11,original,False
677,109.23671202,-0.44142882,11.39,0.389,TM,Healthy,,D011A,0.389,Suspect,Critical,Priority Survey,D11,original,False
678,109.23689727,-0.44624562,11.39,0.526,TM,Healthy,,D011A,0.526,Healthy,Good,None,D11,original,False
679,109.23785785,-0.44678934,11.38,0.494,TM,Healthy,,D011A,0.494,Healthy,Good,None,D11,original,False
680,109.23742101,-0.44415275,11.38,0.352,TM,Suspect,Circle_5m,D011A,0.352,Suspect,Critical,Priority Survey,D11,original,False
681,109.2379719,-0.44502146,11.38,0.53,TM,Healthy,,D011A,0.53,Healthy,Good,None,D11,original,False
682,109.23627283,-0.44684593,11.37,0.448,TM,Healthy,,D011A,0.448,Normal,Moderate,Routine,D11,original,False
683,109.2364455,-0.44598553,11.37,0.496,TM,Healthy,,D011A,0.496,Healthy,Good,None,D11,original,False
684,109.23602619,-0.44898318,11.37,0.493,TM,Healthy,,D011A,0.493,Healthy,Good,None,D11,original,False
685,109.23783287,-0.44035614,11.36,0.47,TM,Healthy,,D011A,0.47,Healthy,Good,None,D11,original,False
686,109.237685,-0.44835147,11.36,0.418,TM,Healthy,,D011A,0.418,Abnormal,Sub-Optimal,Monitor,D11,original,False
687,109.23685109,-0.44401877,11.35,0.423,TM,Healthy,,D011A,0.423,Abnormal,Sub-Optimal,Monitor,D11,original,False
688,109.23704437,-0.44336591,11.35,0.477,TM,Healthy,,D011A,0.477,Healthy,Good,None,D11,original,False
689,109.23609399,-0.44718364,11.34,0.414,TM,Healthy,,D011A,0.414,Abnormal,Sub-Optimal,Monitor,D11,original,False
690,109.23791327,-0.44602205,11.34,0.411,TM,Healthy,,D011A,0.411,Abnormal,Sub-Optimal,Monitor,D11,original,False
691,109.23644731,-0.44406706,11.33,0.491,TM,Healthy,,D011A,0.491,Healthy,Good,None,D11,original,False
692,109.23599321,-0.44032586,11.33,0.388,TM,Healthy,,D011A,0.388,Suspect,Critical,Priority Survey,D11,original,False
693,109.23732196,-0.44707723,11.33,0.385,TM,Healthy,,D011A,0.385,Suspect,Critical,Priority Survey,D11,original,False
694,109.23596503,-0.44175736,11.33,0.52,TM,Healthy,,D011A,0.52,Healthy,Good,None,D11,original,False
695,109.23757496,-0.44082405,11.32,0.454,TM,Healthy,,D011A,0.454,Normal,Moderate,Routine,D11,original,False
696,109.23624312,-0.44898187,11.32,0.514,TM,Healthy,,D011A,0.514,Healthy,Good,None,D11,original,False
697,109.23604528,-0.44428625,11.32,0.498,TM,Healthy,,D011A,0.498,Healthy,Good,None,D11,original,False
698,109.23624829,-0.44804728,11.32,0.445,TM,Healthy,,D011A,0.445,Normal,Moderate,Routine,D11,original,False
699,109.23596035,-0.44256987,11.31,0.376,TM,Suspect,Circle_5m,D011A,0.376,Suspect,Critical,Priority Survey,D11,original,False
700,109.23647716,-0.44882232,11.31,0.513,TM,Healthy,,D011A,0.513,Healthy,Good,None,D11,original,False
701,109.23626807,-0.44040822,11.31,0.456,TM,Healthy,,D011A,0.456,Normal,Moderate,Routine,D11,original,False
702,109.23606723,-0.44451143,11.3,0.376,TM,Suspect,Circle_5m,D011A,0.376,Suspect,Critical,Priority Survey,D11,original,False
703,109.23689937,-0.44687366,11.3,0.434,TM,Healthy,,D011A,0.434,Normal,Moderate,Routine,D11,original,False
704,109.23730313,-0.44502491,11.29,0.556,TM,Healthy,,D011A,0.556,Healthy,Good,None,D11,original,False
705,109.23653648,-0.44303934,11.28,0.411,TM,Healthy,,D011A,0.411,Abnormal,Sub-Optimal,Monitor,D11,original,False
706,109.2373009,-0.44498693,11.28,0.435,TM,Healthy,,D011A,0.435,Normal,Moderate,Routine,D11,original,False
707,109.23734768,-0.4484486,11.28,0.513,TM,Healthy,,D011A,0.513,Healthy,Good,None,D11,original,False
708,109.23766411,-0.44556894,11.28,0.405,TM,Healthy,,D011A,0.405,Abnormal,Sub-Optimal,Monitor,D11,original,False
709,109.2371266,-0.44889934,11.28,0.53,TM,Healthy,,D011A,0.53,Healthy,Good,None,D11,original,False
710,109.23650455,-0.44885986,11.27,0.454,TM,Healthy,,D011A,0.454,Normal,Moderate,Routine,D11,original,False
711,109.2373542,-0.44368475,11.27,0.557,TM,Healthy,,D011A,0.557,Healthy,Good,None,D11,original,False
712,109.23626504,-0.44371207,11.27,0.49,TM,Healthy,,D011A,0.49,Healthy,Good,None,D11,original,False
713,109.23622127,-0.44075862,11.27,0.551,TM,Healthy,,D011A,0.551,Healthy,Good,None,D11,original,False
714,109.23687391,-0.44629174,11.26,0.452,TM,Healthy,,D011A,0.452,Normal,Moderate,Routine,D11,original,False
715,109.23765377,-0.44561008,11.25,0.417,TM,Healthy,,D011A,0.417,Abnormal,Sub-Optimal,Monitor,D11,original,False
716,109.23743011,-0.44557612,11.25,0.472,TM,Healthy,,D011A,0.472,Healthy,Good,None,D11,original,False
717,109.23674727,-0.44053086,11.25,0.522,TM,Healthy,,D011A,0.522,Healthy,Good,None,D11,original,False
718,109.23781837,-0.44846047,11.24,0.512,TM,Healthy,,D011A,0.512,Healthy,Good,None,D11,original,False
719,109.23660177,-0.44612799,11.24,0.434,TM,Healthy,,D011A,0.434,Normal,Moderate,Routine,D11,original,False
720,109.23605852,-0.44335935,11.24,0.495,TM,Healthy,,D011A,0.495,Healthy,Good,None,D11,original,False
721,109.23799456,-0.44035708,11.24,0.47,TM,Healthy,,D011A,0.47,Healthy,Good,None,D11,original,False
722,109.23623976,-0.44800613,11.24,0.424,TM,Healthy,,D011A,0.424,Abnormal,Sub-Optimal,Monitor,D11,original,False
723,109.23787999,-0.44431292,11.23,0.437,TM,Healthy,,D011A,0.437,Normal,Moderate,Routine,D11,original,False
724,109.23602489,-0.4469051,11.23,0.447,TM,Healthy,,D011A,0.447,Normal,Moderate,Routine,D11,original,False
725,109.23630344,-0.44656786,11.23,0.388,TM,Healthy,,D011A,0.388,Suspect,Critical,Priority Survey,D11,original,False
726,109.23732877,-0.4486584,11.23,0.334,TM,Suspect,Circle_5m,D011A,0.334,Suspect,Critical,Priority Survey,D11,original,False
727,109.23665041,-0.44175345,11.22,0.507,TM,Healthy,,D011A,0.507,Healthy,Good,None,D11,original,False
728,109.23594385,-0.44204854,11.22,0.573,TM,Healthy,,D011A,0.573,Healthy,Good,None,D11,original,False
729,109.23713687,-0.44347943,11.22,0.473,TM,Healthy,,D011A,0.473,Healthy,Good,None,D11,original,False
730,109.23647925,-0.44191257,11.22,0.423,TM,Healthy,,D011A,0.423,Abnormal,Sub-Optimal,Monitor,D11,original,False
731,109.23656059,-0.44741209,11.21,0.474,TM,Healthy,,D011A,0.474,Healthy,Good,None,D11,original,False
732,109.23765425,-0.44734634,11.21,0.491,TM,Healthy,,D011A,0.491,Healthy,Good,None,D11,original,False
733,109.23727627,-0.44277591,11.21,0.424,TM,Healthy,,D011A,0.424,Abnormal,Sub-Optimal,Monitor,D11,original,False
734,109.23651461,-0.44433294,11.2,0.541,TM,Healthy,,D011A,0.541,Healthy,Good,None,D11,original,False
735,109.237451,-0.44838352,11.2,0.472,TM,Healthy,,D011A,0.472,Healthy,Good,None,D11,original,False
736,109.23651162,-0.44748668,11.2,0.376,TM,Suspect,Circle_5m,D011A,0.376,Suspect,Critical,Priority Survey,D11,original,False
737,109.2360245,-0.44290176,11.2,0.458,TM,Healthy,,D011A,0.458,Normal,Moderate,Routine,D11,original,False
738,109.23609139,-0.44869201,11.19,0.41,TM,Healthy,,D011A,0.41,Abnormal,Sub-Optimal,Monitor,D11,original,False
739,109.23805836,-0.44408055,11.19,0.394,TM,Healthy,,D011A,0.394,Abnormal,Sub-Optimal,Monitor,D11,original,False
740,109.23721091,-0.44376611,11.18,0.599,TM,Healthy,,D011A,0.599,Healthy,Good,None,D11,original,False
741,109.23665946,-0.44528746,11.17,0.453,TM,Healthy,,D011A,0.453,Normal,Moderate,Routine,D11,original,False
742,109.2379742,-0.44478272,11.17,0.446,TM,Healthy,,D011A,0.446,Normal,Moderate,Routine,D11,original,False
743,109.23794539,-0.44127448,11.17,0.385,TM,Healthy,,D011A,0.385,Suspect,Critical,Priority Survey,D11,original,False
744,109.23701782,-0.4473602,11.17,0.533,TM,Healthy,,D011A,0.533,Healthy,Good,None,D11,original,False
745,109.23737738,-0.44063953,11.17,0.466,TM,Healthy,,D011A,0.466,Healthy,Good,None,D11,original,False
746,109.23685081,-0.44895173,11.16,0.427,TM,Healthy,,D011A,0.427,Abnormal,Sub-Optimal,Monitor,D11,original,False
747,109.23620785,-0.4481065,11.16,0.495,TM,Healthy,,D011A,0.495,Healthy,Good,None,D11,original,False
748,109.23774842,-0.44799836,11.16,0.504,TM,Healthy,,D011A,0.504,Healthy,Good,None,D11,original,False
749,109.23753118,-0.44740147,11.15,0.403,TM,Healthy,,D011A,0.403,Abnormal,Sub-Optimal,Monitor,D11,original,False
750,109.23720658,-0.44307341,11.15,0.407,TM,Healthy,,D011A,0.407,Abnormal,Sub-Optimal,Monitor,D11,original,False
751,109.23602207,-0.44177229,11.15,0.435,TM,Healthy,,D011A,0.435,Normal,Moderate,Routine,D11,original,False
752,109.23590607,-0.44226782,11.15,0.456,TM,Healthy,,D011A,0.456,Normal,Moderate,Routine,D11,original,False
753,109.23717998,-0.44730236,11.14,0.481,TM,Healthy,,D011A,0.481,Healthy,Good,None,D11,original,False
754,109.23628591,-0.44848135,11.14,0.514,TM,Healthy,,D011A,0.514,Healthy,Good,None,D11,original,False
755,109.23767717,-0.44731017,11.14,0.493,TM,Healthy,,D011A,0.493,Healthy,Good,None,D11,original,False
756,109.23597218,-0.4457209,11.14,0.424,TM,Healthy,,D011A,0.424,Abnormal,Sub-Optimal,Monitor,D11,original,False
757,109.23736456,-0.44357262,11.13,0.52,TM,Healthy,,D011A,0.52,Healthy,Good,None,D11,original,False
758,109.2374359,-0.44576964,11.13,0.453,TM,Healthy,,D011A,0.453,Normal,Moderate,Routine,D11,original,False
759,109.23688519,-0.44418788,11.13,0.466,TM,Healthy,,D011A,0.466,Healthy,Good,None,D11,original,False
760,109.23643906,-0.44664295,11.12,0.501,TM,Healthy,,D011A,0.501,Healthy,Good,None,D11,original,False
761,109.23644087,-0.44656473,11.12,0.494,TM,Healthy,,D011A,0.494,Healthy,Good,None,D11,original,False
762,109.23782098,-0.44126451,11.12,0.486,TM,Healthy,,D011A,0.486,Healthy,Good,None,D11,original,False
763,109.23713553,-0.44912045,11.12,0.47,TM,Healthy,,D011A,0.47,Healthy,Good,None,D11,original,False
764,109.23599027,-0.44704661,11.12,0.325,TM,Suspect,Circle_5m,D011A,0.325,Suspect,Critical,Priority Survey,D11,original,False
765,109.23777686,-0.44739158,11.11,0.536,TM,Healthy,,D011A,0.536,Healthy,Good,None,D11,original,False
766,109.23742156,-0.44562449,11.11,0.443,TM,Healthy,,D011A,0.443,Normal,Moderate,Routine,D11,original,False
767,109.23808419,-0.4411755,11.11,0.424,TM,Healthy,,D011A,0.424,Abnormal,Sub-Optimal,Monitor,D11,original,False
768,109.23793902,-0.44915817,11.1,0.365,TM,Suspect,Circle_5m,D011A,0.365,Suspect,Critical,Priority Survey,D11,original,False
769,109.23646988,-0.44358507,11.1,0.49,TM,Healthy,,D011A,0.49,Healthy,Good,None,D11,original,False
770,109.23664463,-0.44718829,11.1,0.396,TM,Healthy,,D011A,0.396,Abnormal,Sub-Optimal,Monitor,D11,original,False
771,109.23608163,-0.4424867,11.1,0.445,TM,Healthy,,D011A,0.445,Normal,Moderate,Routine,D11,original,False
772,109.23657265,-0.44581238,11.09,0.417,TM,Healthy,,D011A,0.417,Abnormal,Sub-Optimal,Monitor,D11,original,False
773,109.23716996,-0.44029404,11.09,0.489,TM,Healthy,,D011A,0.489,Healthy,Good,None,D11,original,False
774,109.23706531,-0.4440984,11.08,0.466,TM,Healthy,,D011A,0.466,Healthy,Good,None,D11,original,False
775,109.23756399,-0.44917617,11.08,0.5,TM,Healthy,,D011A,0.5,Healthy,Good,None,D11,original,False
776,109.23596536,-0.44414245,11.08,0.462,TM,Healthy,,D011A,0.462,Healthy,Good,None,D11,original,False
777,109.23669092,-0.44893948,11.07,0.495,TM,Healthy,,D011A,0.495,Healthy,Good,None,D11,original,False
778,109.23690558,-0.44340251,11.07,0.548,TM,Healthy,,D011A,0.548,Healthy,Good,None,D11,original,False
779,109.23754244,-0.44535911,11.07,0.414,TM,Healthy,,D011A,0.414,Abnormal,Sub-Optimal,Monitor,D11,original,False
780,109.23647756,-0.44903709,11.07,0.477,TM,Healthy,,D011A,0.477,Healthy,Good,None,D11,original,False
781,109.23675428,-0.44693105,11.07,0.42,TM,Healthy,,D011A,0.42,Abnormal,Sub-Optimal,Monitor,D11,original,False
782,109.23656394,-0.44467975,11.07,0.523,TM,Healthy,,D011A,0.523,Healthy,Good,None,D11,original,False
783,109.2376833,-0.44796986,11.07,0.518,TM,Healthy,,D011A,0.518,Healthy,Good,None,D11,original,False
784,109.23625459,-0.4442325,11.06,0.474,TM,Healthy,,D011A,0.474,Healthy,Good,None,D11,original,False
785,109.23640197,-0.44771228,11.05,0.43,TM,Healthy,,D011A,0.43,Normal,Moderate,Routine,D11,original,False
786,109.23687567,-0.44641834,11.05,0.452,TM,Healthy,,D011A,0.452,Normal,Moderate,Routine,D11,original,False
787,109.23621503,-0.44245554,11.04,0.446,TM,Healthy,,D011A,0.446,Normal,Moderate,Routine,D11,original,False
788,109.23710906,-0.44899113,11.04,0.504,TM,Healthy,,D011A,0.504,Healthy,Good,None,D11,original,False
789,109.2368256,-0.4454661,11.04,0.446,TM,Healthy,,D011A,0.446,Normal,Moderate,Routine,D11,original,False
790,109.23718682,-0.44872935,11.03,0.486,TM,Healthy,,D011A,0.486,Healthy,Good,None,D11,original,False
791,109.23729725,-0.44899705,11.03,0.4,TM,Healthy,,D011A,0.4,Abnormal,Sub-Optimal,Monitor,D11,original,False
792,109.23632908,-0.44068269,11.03,0.484,TM,Healthy,,D011A,0.484,Healthy,Good,None,D11,original,False
793,109.23716077,-0.4430838,11.03,0.515,TM,Healthy,,D011A,0.515,Healthy,Good,None,D11,original,False
794,109.23719761,-0.44869318,11.03,0.459,TM,Healthy,,D011A,0.459,Normal,Moderate,Routine,D11,original,False
795,109.23660735,-0.44154093,11.03,0.433,TM,Healthy,,D011A,0.433,Normal,Moderate,Routine,D11,original,False
796,109.23652897,-0.44818164,11.02,0.425,TM,Healthy,,D011A,0.425,Abnormal,Sub-Optimal,Monitor,D11,original,False
797,109.2364973,-0.44156804,11.02,0.467,TM,Healthy,,D011A,0.467,Healthy,Good,None,D11,original,False
798,109.23609227,-0.44118406,11.02,0.523,TM,Healthy,,D011A,0.523,Healthy,Good,None,D11,original,False
799,109.23594189,-0.44276203,11.01,0.494,TM,Healthy,,D011A,0.494,Healthy,Good,None,D11,original,False
800,109.23618683,-0.44587017,11.01,0.436,TM,Healthy,,D011A,0.436,Normal,Moderate,Routine,D11,original,False
801,109.2364099,-0.44079213,11.01,0.481,TM,Healthy,,D011A,0.481,Healthy,Good,None,D11,original,False
802,109.2365272,-0.44619625,11.01,0.418,TM,Healthy,,D011A,0.418,Abnormal,Sub-Optimal,Monitor,D11,original,False
803,109.23678948,-0.44434385,11.0,0.539,TM,Healthy,,D011A,0.539,Healthy,Good,None,D11,original,False
804,109.23742383,-0.44551462,11.0,0.446,TM,Healthy,,D011A,0.446,Normal,Moderate,Routine,D11,original,False
805,109.23605272,-0.44696434,10.99,0.397,TM,Healthy,,D011A,0.397,Abnormal,Sub-Optimal,Monitor,D11,original,False
806,109.23796324,-0.44176055,10.99,0.451,TM,Healthy,,D011A,0.451,Normal,Moderate,Routine,D11,original,False
807,109.23627695,-0.44652807,10.99,0.532,TM,Healthy,,D011A,0.532,Healthy,Good,None,D11,original,False
808,109.23662104,-0.44440576,10.99,0.486,TM,Healthy,,D011A,0.486,Healthy,Good,None,D11,original,False
809,109.23740646,-0.44678923,10.99,0.543,TM,Healthy,,D011A,0.543,Healthy,Good,None,D11,original,False
810,109.23741592,-0.4485603,10.98,0.463,TM,Healthy,,D011A,0.463,Healthy,Good,None,D11,original,False
811,109.23762324,-0.44555762,10.98,0.496,TM,Healthy,,D011A,0.496,Healthy,Good,None,D11,original,False
812,109.23749795,-0.44738247,10.97,0.49,TM,Healthy,,D011A,0.49,Healthy,Good,None,D11,original,False
813,109.23723066,-0.44380409,10.97,0.501,TM,Healthy,,D011A,0.501,Healthy,Good,None,D11,original,False
814,109.23612542,-0.441558,10.96,0.487,TM,Healthy,,D011A,0.487,Healthy,Good,None,D11,original,False
815,109.23642924,-0.44068994,10.96,0.382,TM,Healthy,,D011A,0.382,Suspect,Critical,Priority Survey,D11,original,False
816,109.23665835,-0.44616327,10.96,0.51,TM,Healthy,,D011A,0.51,Healthy,Good,None,D11,original,False
817,109.23659226,-0.4445423,10.95,0.417,TM,Healthy,,D011A,0.417,Abnormal,Sub-Optimal,Monitor,D11,original,False
818,109.23604584,-0.44190071,10.95,0.501,TM,Healthy,,D011A,0.501,Healthy,Good,None,D11,original,False
819,109.23649465,-0.44139577,10.95,0.554,TM,Healthy,,D011A,0.554,Healthy,Good,None,D11,original,False
820,109.23798627,-0.44121074,10.95,0.445,TM,Healthy,,D011A,0.445,Normal,Moderate,Routine,D11,original,False
821,109.23678274,-0.44056524,10.94,0.504,TM,Healthy,,D011A,0.504,Healthy,Good,None,D11,original,False
822,109.23642502,-0.44713082,10.94,0.403,TM,Healthy,,D011A,0.403,Abnormal,Sub-Optimal,Monitor,D11,original,False
823,109.23667064,-0.44737549,10.93,0.491,TM,Healthy,,D011A,0.491,Healthy,Good,None,D11,original,False
824,109.23768636,-0.44075626,10.93,0.408,TM,Healthy,,D011A,0.408,Abnormal,Sub-Optimal,Monitor,D11,original,False
825,109.2377464,-0.44893974,10.93,0.431,TM,Healthy,,D011A,0.431,Normal,Moderate,Routine,D11,original,False
826,109.23601111,-0.44251789,10.92,0.455,TM,Healthy,,D011A,0.455,Normal,Moderate,Routine,D11,original,False
827,109.23624728,-0.44849627,10.92,0.463,TM,Healthy,,D011A,0.463,Healthy,Good,None,D11,original,False
828,109.23636225,-0.44667187,10.91,0.475,TM,Healthy,,D011A,0.475,Healthy,Good,None,D11,original,False
829,109.23711219,-0.44339577,10.91,0.478,TM,Healthy,,D011A,0.478,Healthy,Good,None,D11,original,False
830,109.23643409,-0.44108603,10.91,0.484,TM,Healthy,,D011A,0.484,Healthy,Good,None,D11,original,False
831,109.2368839,-0.44769702,10.91,0.523,TM,Healthy,,D011A,0.523,Healthy,Good,None,D11,original,False
832,109.23715616,-0.44546573,10.91,0.449,TM,Healthy,,D011A,0.449,Normal,Moderate,Routine,D11,original,False
833,109.23735666,-0.4465862,10.91,0.403,TM,Healthy,,D011A,0.403,Abnormal,Sub-Optimal,Monitor,D11,original,False
834,109.23593792,-0.44052118,10.91,0.449,TM,Healthy,,D011A,0.449,Normal,Moderate,Routine,D11,original,False
835,109.23746736,-0.44568102,10.91,0.431,TM,Healthy,,D011A,0.431,Normal,Moderate,Routine,D11,original,False
836,109.23621887,-0.44523264,10.91,0.431,TM,Healthy,,D011A,0.431,Normal,Moderate,Routine,D11,original,False
837,109.23658018,-0.44813327,10.91,0.468,TM,Healthy,,D011A,0.468,Healthy,Good,None,D11,original,False
838,109.23734215,-0.44524964,10.9,0.455,TM,Healthy,,D011A,0.455,Normal,Moderate,Routine,D11,original,False
839,109.23652551,-0.44192162,10.9,0.436,TM,Healthy,,D011A,0.436,Normal,Moderate,Routine,D11,original,False
840,109.23661994,-0.44715799,10.9,0.393,TM,Healthy,,D011A,0.393,Abnormal,Sub-Optimal,Monitor,D11,original,False
841,109.23628656,-0.44389203,10.9,0.503,TM,Healthy,,D011A,0.503,Healthy,Good,None,D11,original,False
842,109.23632259,-0.44912296,10.9,0.475,TM,Healthy,,D011A,0.475,Healthy,Good,None,D11,original,False
843,109.23741984,-0.44909429,10.9,0.44,TM,Healthy,,D011A,0.44,Normal,Moderate,Routine,D11,original,False
844,109.23594873,-0.44422835,10.9,0.465,TM,Healthy,,D011A,0.465,Healthy,Good,None,D11,original,False
845,109.23655135,-0.44847735,10.89,0.539,TM,Healthy,,D011A,0.539,Healthy,Good,None,D11,original,False
846,109.23643164,-0.44761055,10.89,0.392,TM,Healthy,,D011A,0.392,Abnormal,Sub-Optimal,Monitor,D11,original,False
847,109.23656297,-0.44683153,10.89,0.559,TM,Healthy,,D011A,0.559,Healthy,Good,None,D11,original,False
848,109.23599852,-0.44257078,10.88,0.453,TM,Healthy,,D011A,0.453,Normal,Moderate,Routine,D11,original,False
849,109.23809337,-0.44035937,10.88,0.424,TM,Healthy,,D011A,0.424,Abnormal,Sub-Optimal,Monitor,D11,original,False
850,109.23671854,-0.44612576,10.88,0.481,TM,Healthy,,D011A,0.481,Healthy,Good,None,D11,original,False
851,109.23596235,-0.44168275,10.88,0.459,TM,Healthy,,D011A,0.459,Normal,Moderate,Routine,D11,original,False
852,109.23727382,-0.44739282,10.88,0.467,TM,Healthy,,D011A,0.467,Healthy,Good,None,D11,original,False
853,109.23741897,-0.44138333,10.88,0.474,TM,Healthy,,D011A,0.474,Healthy,Good,None,D11,original,False
854,109.23645181,-0.4440241,10.88,0.465,TM,Healthy,,D011A,0.465,Healthy,Good,None,D11,original,False
855,109.23642732,-0.44119273,10.88,0.441,TM,Healthy,,D011A,0.441,Normal,Moderate,Routine,D11,original,False
856,109.23608774,-0.4470385,10.88,0.434,TM,Healthy,,D011A,0.434,Normal,Moderate,Routine,D11,original,False
857,109.23799591,-0.44792472,10.87,0.494,TM,Healthy,,D011A,0.494,Healthy,Good,None,D11,original,False
858,109.23803496,-0.44042898,10.86,0.379,TM,Suspect,Circle_5m,D011A,0.379,Suspect,Critical,Priority Survey,D11,original,False
859,109.23667296,-0.4432754,10.86,0.44,TM,Healthy,,D011A,0.44,Normal,Moderate,Routine,D11,original,False
860,109.23598492,-0.44878015,10.86,0.425,TM,Healthy,,D011A,0.425,Abnormal,Sub-Optimal,Monitor,D11,original,False
861,109.23723615,-0.44338043,10.86,0.425,TM,Healthy,,D011A,0.425,Abnormal,Sub-Optimal,Monitor,D11,original,False
862,109.23631423,-0.44652491,10.86,0.446,TM,Healthy,,D011A,0.446,Normal,Moderate,Routine,D11,original,False
863,109.23613577,-0.44714883,10.85,0.401,TM,Healthy,,D011A,0.401,Abnormal,Sub-Optimal,Monitor,D11,original,False
864,109.23666848,-0.44511564,10.85,0.477,TM,Healthy,,D011A,0.477,Healthy,Good,None,D11,original,False
865,109.237633,-0.44416546,10.85,0.442,TM,Healthy,,D011A,0.442,Normal,Moderate,Routine,D11,original,False
866,109.23664241,-0.44710917,10.85,0.535,TM,Healthy,,D011A,0.535,Healthy,Good,None,D11,original,False
867,109.23636328,-0.44043989,10.85,0.449,TM,Healthy,,D011A,0.449,Normal,Moderate,Routine,D11,original,False
868,109.23755951,-0.44913773,10.85,0.472,TM,Healthy,,D011A,0.472,Healthy,Good,None,D11,original,False
869,109.23774279,-0.44712933,10.85,0.517,TM,Healthy,,D011A,0.517,Healthy,Good,None,D11,original,False
870,109.23654762,-0.44529647,10.84,0.501,TM,Healthy,,D011A,0.501,Healthy,Good,None,D11,original,False
871,109.237779,-0.44407009,10.84,0.423,TM,Healthy,,D011A,0.423,Abnormal,Sub-Optimal,Monitor,D11,original,False
872,109.23715585,-0.44300196,10.83,0.445,TM,Healthy,,D011A,0.445,Normal,Moderate,Routine,D11,original,False
873,109.23614083,-0.44096071,10.83,0.494,TM,Healthy,,D011A,0.494,Healthy,Good,None,D11,original,False
874,109.237299,-0.44542552,10.82,0.378,TM,Suspect,Circle_5m,D011A,0.378,Suspect,Critical,Priority Survey,D11,original,False
875,109.23626589,-0.44580553,10.82,0.571,TM,Healthy,,D011A,0.571,Healthy,Good,None,D11,original,False
876,109.23667614,-0.4431393,10.82,0.574,TM,Healthy,,D011A,0.574,Healthy,Good,None,D11,original,False
877,109.23799052,-0.44412847,10.82,0.425,TM,Healthy,,D011A,0.425,Abnormal,Sub-Optimal,Monitor,D11,original,False
878,109.23724541,-0.44029225,10.81,0.521,TM,Healthy,,D011A,0.521,Healthy,Good,None,D11,original,False
879,109.23640843,-0.44888967,10.81,0.45,TM,Healthy,,D011A,0.45,Normal,Moderate,Routine,D11,original,False
880,109.23813275,-0.4485338,10.8,0.379,TM,Suspect,Circle_5m,D011A,0.379,Suspect,Critical,Priority Survey,D11,original,False
881,109.23613711,-0.44907228,10.8,0.497,TM,Healthy,,D011A,0.497,Healthy,Good,None,D11,original,False
882,109.2375794,-0.44671602,10.8,0.419,TM,Healthy,,D011A,0.419,Abnormal,Sub-Optimal,Monitor,D11,original,False
883,109.23760728,-0.44658491,10.79,0.436,TM,Healthy,,D011A,0.436,Normal,Moderate,Routine,D11,original,False
884,109.23809836,-0.44202961,10.79,0.449,TM,Healthy,,D011A,0.449,Normal,Moderate,Routine,D11,original,False
885,109.23597098,-0.44696386,10.79,0.431,TM,Healthy,,D011A,0.431,Normal,Moderate,Routine,D11,original,False
886,109.23654638,-0.44486196,10.79,0.511,TM,Healthy,,D011A,0.511,Healthy,Good,None,D11,original,False
887,109.23683055,-0.44159208,10.78,0.434,TM,Healthy,,D011A,0.434,Normal,Moderate,Routine,D11,original,False
888,109.23591316,-0.44270144,10.78,0.437,TM,Healthy,,D011A,0.437,Normal,Moderate,Routine,D11,original,False
889,109.23661393,-0.44027627,10.78,0.449,TM,Healthy,,D011A,0.449,Normal,Moderate,Routine,D11,original,False
890,109.23786096,-0.44692317,10.78,0.454,TM,Healthy,,D011A,0.454,Normal,Moderate,Routine,D11,original,False
891,109.2378025,-0.44531396,10.77,0.415,TM,Healthy,,D011A,0.415,Abnormal,Sub-Optimal,Monitor,D11,original,False
892,109.23619907,-0.44916227,10.77,0.344,TM,Suspect,Circle_5m,D011A,0.344,Suspect,Critical,Priority Survey,D11,original,False
893,109.23701534,-0.44457676,10.76,0.485,TM,Healthy,,D011A,0.485,Healthy,Good,None,D11,original,False
894,109.23696217,-0.44530336,10.76,0.522,TM,Healthy,,D011A,0.522,Healthy,Good,None,D11,original,False
895,109.23693025,-0.44164184,10.75,0.427,TM,Healthy,,D011A,0.427,Abnormal,Sub-Optimal,Monitor,D11,original,False
896,109.23732869,-0.44520352,10.75,0.504,TM,Healthy,,D011A,0.504,Healthy,Good,None,D11,original,False
897,109.23682393,-0.44866551,10.75,0.41,TM,Healthy,,D011A,0.41,Abnormal,Sub-Optimal,Monitor,D11,original,False
898,109.23709272,-0.44406088,10.75,0.473,TM,Healthy,,D011A,0.473,Healthy,Good,None,D11,original,False
899,109.23771898,-0.44899715,10.74,0.431,TM,Healthy,,D011A,0.431,Normal,Moderate,Routine,D11,original,False
900,109.23604108,-0.44303063,10.73,0.421,TM,Healthy,,D011A,0.421,Abnormal,Sub-Optimal,Monitor,D11,original,False
901,109.23635563,-0.44048601,10.73,0.478,TM,Healthy,,D011A,0.478,Healthy,Good,None,D11,original,False
902,109.23677996,-0.44851177,10.73,0.404,TM,Healthy,,D011A,0.404,Abnormal,Sub-Optimal,Monitor,D11,original,False
903,109.23739889,-0.4484233,10.73,0.475,TM,Healthy,,D011A,0.475,Healthy,Good,None,D11,original,False
904,109.23783668,-0.44512768,10.73,0.567,TM,Healthy,,D011A,0.567,Healthy,Good,None,D11,original,False
905,109.23723041,-0.44487026,10.73,0.395,TM,Healthy,,D011A,0.395,Abnormal,Sub-Optimal,Monitor,D11,original,False
906,109.23609405,-0.4450513,10.73,0.423,TM,Healthy,,D011A,0.423,Abnormal,Sub-Optimal,Monitor,D11,original,False
907,109.237697,-0.44511408,10.72,0.398,TM,Healthy,,D011A,0.398,Abnormal,Sub-Optimal,Monitor,D11,original,False
908,109.23606233,-0.4424451,10.72,0.479,TM,Healthy,,D011A,0.479,Healthy,Good,None,D11,original,False
909,109.23755441,-0.44792507,10.72,0.504,TM,Healthy,,D011A,0.504,Healthy,Good,None,D11,original,False
910,109.23737485,-0.44565523,10.71,0.475,TM,Healthy,,D011A,0.475,Healthy,Good,None,D11,original,False
911,109.23641193,-0.44551573,10.71,0.463,TM,Healthy,,D011A,0.463,Healthy,Good,None,D11,original,False
912,109.23737588,-0.44509004,10.71,0.477,TM,Healthy,,D011A,0.477,Healthy,Good,None,D11,original,False
913,109.23624936,-0.44162856,10.71,0.406,TM,Healthy,,D011A,0.406,Abnormal,Sub-Optimal,Monitor,D11,original,False
914,109.23645061,-0.44340647,10.7,0.463,TM,Healthy,,D011A,0.463,Healthy,Good,None,D11,original,False
915,109.23662759,-0.44520878,10.7,0.464,TM,Healthy,,D011A,0.464,Healthy,Good,None,D11,original,False
916,109.23742214,-0.44697642,10.7,0.421,TM,Healthy,,D011A,0.421,Abnormal,Sub-Optimal,Monitor,D11,original,False
917,109.23679796,-0.4445844,10.7,0.424,TM,Healthy,,D011A,0.424,Abnormal,Sub-Optimal,Monitor,D11,original,False
918,109.23652537,-0.44061446,10.7,0.385,TM,Healthy,,D011A,0.385,Suspect,Critical,Priority Survey,D11,original,False
919,109.23750668,-0.44655775,10.69,0.435,TM,Healthy,,D011A,0.435,Normal,Moderate,Routine,D11,original,False
920,109.23613955,-0.44638425,10.69,0.397,TM,Healthy,,D011A,0.397,Abnormal,Sub-Optimal,Monitor,D11,original,False
921,109.23767232,-0.44693217,10.69,0.562,TM,Healthy,,D011A,0.562,Healthy,Good,None,D11,original,False
922,109.236005,-0.44365821,10.68,0.465,TM,Healthy,,D011A,0.465,Healthy,Good,None,D11,original,False
923,109.23742597,-0.44027466,10.68,0.455,TM,Healthy,,D011A,0.455,Normal,Moderate,Routine,D11,original,False
924,109.23653379,-0.44680484,10.68,0.524,TM,Healthy,,D011A,0.524,Healthy,Good,None,D11,original,False
925,109.23759164,-0.44622906,10.67,0.5,TM,Healthy,,D011A,0.5,Healthy,Good,None,D11,original,False
926,109.23715864,-0.44066932,10.67,0.415,TM,Healthy,,D011A,0.415,Abnormal,Sub-Optimal,Monitor,D11,original,False
927,109.23803249,-0.44895247,10.67,0.422,TM,Healthy,,D011A,0.422,Abnormal,Sub-Optimal,Monitor,D11,original,False
928,109.2367208,-0.44420322,10.67,0.466,TM,Healthy,,D011A,0.466,Healthy,Good,None,D11,original,False
929,109.23770567,-0.44645426,10.67,0.503,TM,Healthy,,D011A,0.503,Healthy,Good,None,D11,original,False
930,109.2367757,-0.44564785,10.66,0.452,TM,Healthy,,D011A,0.452,Normal,Moderate,Routine,D11,original,False
931,109.23768511,-0.44032626,10.66,0.502,TM,Healthy,,D011A,0.502,Healthy,Good,None,D11,original,False
932,109.23659931,-0.44511291,10.66,0.533,TM,Healthy,,D011A,0.533,Healthy,Good,None,D11,original,False
933,109.23681777,-0.44627725,10.66,0.458,TM,Healthy,,D011A,0.458,Normal,Moderate,Routine,D11,original,False
934,109.23623251,-0.44450695,10.66,0.374,TM,Suspect,Circle_5m,D011A,0.374,Suspect,Critical,Priority Survey,D11,original,False
935,109.23617626,-0.44116419,10.65,0.429,TM,Healthy,,D011A,0.429,Abnormal,Sub-Optimal,Monitor,D11,original,False
936,109.23811177,-0.44039509,10.65,0.456,TM,Healthy,,D011A,0.456,Normal,Moderate,Routine,D11,original,False
937,109.23642835,-0.4406497,10.65,0.384,TM,Healthy,,D011A,0.384,Suspect,Critical,Priority Survey,D11,original,False
938,109.23792271,-0.44786592,10.65,0.474,TM,Healthy,,D011A,0.474,Healthy,Good,None,D11,original,False
939,109.23721495,-0.44568548,10.64,0.382,TM,Healthy,,D011A,0.382,Suspect,Critical,Priority Survey,D11,original,False
940,109.23732195,-0.4414344,10.64,0.417,TM,Healthy,,D011A,0.417,Abnormal,Sub-Optimal,Monitor,D11,original,False
941,109.23665392,-0.44590962,10.64,0.43,TM,Healthy,,D011A,0.43,Normal,Moderate,Routine,D11,original,False
942,109.23648552,-0.44392147,10.64,0.438,TM,Healthy,,D011A,0.438,Normal,Moderate,Routine,D11,original,False
943,109.23724864,-0.4437426,10.63,0.415,TM,Healthy,,D011A,0.415,Abnormal,Sub-Optimal,Monitor,D11,original,False
944,109.23711958,-0.44441673,10.63,0.437,TM,Healthy,,D011A,0.437,Normal,Moderate,Routine,D11,original,False
945,109.23664307,-0.44620351,10.63,0.385,TM,Healthy,,D011A,0.385,Suspect,Critical,Priority Survey,D11,original,False
946,109.23601552,-0.44663516,10.63,0.469,TM,Healthy,,D011A,0.469,Healthy,Good,None,D11,original,False
947,109.23630088,-0.44030016,10.62,0.388,TM,Healthy,,D011A,0.388,Suspect,Critical,Priority Survey,D11,original,False
948,109.23731683,-0.44596991,10.62,0.458,TM,Healthy,,D011A,0.458,Normal,Moderate,Routine,D11,original,False
949,109.23623297,-0.44822859,10.61,0.433,TM,Healthy,,D011A,0.433,Normal,Moderate,Routine,D11,original,False
950,109.2370629,-0.44289252,10.61,0.467,TM,Healthy,,D011A,0.467,Healthy,Good,None,D11,original,False
951,109.23751553,-0.4489962,10.61,0.472,TM,Healthy,,D011A,0.472,Healthy,Good,None,D11,original,False
952,109.23705856,-0.44034917,10.61,0.456,TM,Healthy,,D011A,0.456,Normal,Moderate,Routine,D11,original,False
953,109.23593295,-0.44446211,10.61,0.547,TM,Healthy,,D011A,0.547,Healthy,Good,None,D11,original,False
954,109.23675875,-0.44703549,10.6,0.418,TM,Healthy,,D011A,0.418,Abnormal,Sub-Optimal,Monitor,D11,original,False
955,109.23752377,-0.4483433,10.6,0.47,TM,Healthy,,D011A,0.47,Healthy,Good,None,D11,original,False
956,109.23651,-0.44672029,10.59,0.533,TM,Healthy,,D011A,0.533,Healthy,Good,None,D11,original,False
957,109.23623135,-0.44182253,10.59,0.427,TM,Healthy,,D011A,0.427,Abnormal,Sub-Optimal,Monitor,D11,original,False
958,109.23586632,-0.44134543,10.59,0.409,TM,Healthy,,D011A,0.409,Abnormal,Sub-Optimal,Monitor,D11,original,False
959,109.23645509,-0.44344264,10.59,0.463,TM,Healthy,,D011A,0.463,Healthy,Good,None,D11,original,False
960,109.23598729,-0.44636432,10.59,0.546,TM,Healthy,,D011A,0.546,Healthy,Good,None,D11,original,False
961,109.23672844,-0.44415981,10.58,0.457,TM,Healthy,,D011A,0.457,Normal,Moderate,Routine,D11,original,False
962,109.23662443,-0.4433518,10.58,0.47,TM,Healthy,,D011A,0.47,Healthy,Good,None,D11,original,False
963,109.23592495,-0.44029555,10.58,0.53,TM,Healthy,,D011A,0.53,Healthy,Good,None,D11,original,False
964,109.23616029,-0.442229,10.58,0.363,TM,Suspect,Circle_5m,D011A,0.363,Suspect,Critical,Priority Survey,D11,original,False
965,109.23653694,-0.44863424,10.58,0.49,TM,Healthy,,D011A,0.49,Healthy,Good,None,D11,original,False
966,109.23666931,-0.44540728,10.57,0.421,TM,Healthy,,D011A,0.421,Abnormal,Sub-Optimal,Monitor,D11,original,False
967,109.23782344,-0.44793056,10.57,0.549,TM,Healthy,,D011A,0.549,Healthy,Good,None,D11,original,False
968,109.23655607,-0.44754818,10.57,0.496,TM,Healthy,,D011A,0.496,Healthy,Good,None,D11,original,False
969,109.23779697,-0.44594245,10.57,0.488,TM,Healthy,,D011A,0.488,Healthy,Good,None,D11,original,False
970,109.23644573,-0.44123524,10.57,0.437,TM,Healthy,,D011A,0.437,Normal,Moderate,Routine,D11,original,False
971,109.23618162,-0.44510965,10.56,0.389,TM,Healthy,,D011A,0.389,Suspect,Critical,Priority Survey,D11,original,False
972,109.23757419,-0.44786222,10.56,0.439,TM,Healthy,,D011A,0.439,Normal,Moderate,Routine,D11,original,False
973,109.23598597,-0.44249166,10.56,0.446,TM,Healthy,,D011A,0.446,Normal,Moderate,Routine,D11,original,False
974,109.23638381,-0.44098971,10.56,0.473,TM,Healthy,,D011A,0.473,Healthy,Good,None,D11,original,False
975,109.23768092,-0.44477949,10.56,0.3,TM,Suspect,Circle_5m,D011A,0.3,Suspect,Critical,Priority Survey,D11,original,False
976,109.23761038,-0.44676124,10.56,0.457,TM,Healthy,,D011A,0.457,Normal,Moderate,Routine,D11,original,False
977,109.23644811,-0.44447399,10.55,0.497,TM,Healthy,,D011A,0.497,Healthy,Good,None,D11,original,False
978,109.23719423,-0.44590839,10.55,0.464,TM,Healthy,,D011A,0.464,Healthy,Good,None,D11,original,False
979,109.23761847,-0.44672146,10.54,0.407,TM,Healthy,,D011A,0.407,Abnormal,Sub-Optimal,Monitor,D11,original,False
980,109.2378988,-0.44833977,10.54,0.451,TM,Healthy,,D011A,0.451,Normal,Moderate,Routine,D11,original,False
981,109.23675043,-0.440454,10.54,0.463,TM,Healthy,,D011A,0.463,Healthy,Good,None,D11,original,False
982,109.23725733,-0.44874203,10.52,0.476,TM,Healthy,,D011A,0.476,Healthy,Good,None,D11,original,False
983,109.23591532,-0.44303693,10.52,0.428,TM,Healthy,,D011A,0.428,Abnormal,Sub-Optimal,Monitor,D11,original,False
984,109.23787332,-0.44783607,10.52,0.419,TM,Healthy,,D011A,0.419,Abnormal,Sub-Optimal,Monitor,D11,original,False
985,109.23708553,-0.44027367,10.52,0.419,TM,Healthy,,D011A,0.419,Abnormal,Sub-Optimal,Monitor,D11,original,False
986,109.23770112,-0.44481928,10.52,0.356,TM,Suspect,Circle_5m,D011A,0.356,Suspect,Critical,Priority Survey,D11,original,False
987,109.23714797,-0.4440098,10.52,0.43,TM,Healthy,,D011A,0.43,Normal,Moderate,Routine,D11,original,False
988,109.23688661,-0.44763462,10.52,0.54,TM,Healthy,,D011A,0.54,Healthy,Good,None,D11,original,False
989,109.23634851,-0.44778235,10.51,0.438,TM,Healthy,,D011A,0.438,Normal,Moderate,Routine,D11,original,False
990,109.23635245,-0.44064336,10.51,0.438,TM,Healthy,,D011A,0.438,Normal,Moderate,Routine,D11,original,False
991,109.23693894,-0.4485421,10.51,0.455,TM,Healthy,,D011A,0.455,Normal,Moderate,Routine,D11,original,False
992,109.23804724,-0.44168958,10.51,0.479,TM,Healthy,,D011A,0.479,Healthy,Good,None,D11,original,False
993,109.23640352,-0.44688936,10.5,0.535,TM,Healthy,,D011A,0.535,Healthy,Good,None,D11,original,False
994,109.23752116,-0.44417899,10.5,0.467,TM,Healthy,,D011A,0.467,Healthy,Good,None,D11,original,False
995,109.23639591,-0.44110682,10.5,0.392,TM,Healthy,,D011A,0.392,Abnormal,Sub-Optimal,Monitor,D11,original,False
996,109.23661796,-0.44604706,10.5,0.525,TM,Healthy,,D011A,0.525,Healthy,Good,None,D11,original,False
997,109.23797646,-0.44662026,10.49,0.476,TM,Healthy,,D011A,0.476,Healthy,Good,None,D11,original,False
998,109.23711857,-0.44299472,10.49,0.443,TM,Healthy,,D011A,0.443,Normal,Moderate,Routine,D11,original,False
999,109.23700673,-0.44300871,10.49,0.439,TM,Healthy,,D011A,0.439,Normal,Moderate,Routine,D11,original,False
1000,109.23608544,-0.44158195,10.49,0.444,TM,Healthy,,D011A,0.444,Normal,Moderate,Routine,D11,original,False
1001,109.23668082,-0.44612665,10.49,0.478,TM,Healthy,,D011A,0.478,Healthy,Good,None,D11,original,False
1002,109.23618763,-0.44625359,10.49,0.385,TM,Healthy,,D011A,0.385,Suspect,Critical,Priority Survey,D11,original,False
1003,109.2363035,-0.44253152,10.48,0.557,TM,Healthy,,D011A,0.557,Healthy,Good,None,D11,original,False
1004,109.23680724,-0.44330391,10.48,0.355,TM,Suspect,Circle_5m,D011A,0.355,Suspect,Critical,Priority Survey,D11,original,False
1005,109.23676109,-0.44662494,10.47,0.417,TM,Healthy,,D011A,0.417,Abnormal,Sub-Optimal,Monitor,D11,original,False
1006,109.23663968,-0.44536115,10.47,0.419,TM,Healthy,,D011A,0.419,Abnormal,Sub-Optimal,Monitor,D11,original,False
1007,109.23597486,-0.44387116,10.47,0.488,TM,Healthy,,D011A,0.488,Healthy,Good,None,D11,original,False
1008,109.2365868,-0.44105894,10.47,0.47,TM,Healthy,,D011A,0.47,Healthy,Good,None,D11,original,False
1009,109.23805314,-0.44902346,10.46,0.409,TM,Healthy,,D011A,0.409,Abnormal,Sub-Optimal,Monitor,D11,original,False
1010,109.23804776,-0.44521002,10.46,0.476,TM,Healthy,,D011A,0.476,Healthy,Good,None,D11,original,False
1011,109.23649588,-0.44187776,10.46,0.438,TM,Healthy,,D011A,0.438,Normal,Moderate,Routine,D11,original,False
1012,109.23693487,-0.44679228,10.46,0.418,TM,Healthy,,D011A,0.418,Abnormal,Sub-Optimal,Monitor,D11,original,False
1013,109.23707726,-0.44486163,10.45,0.447,TM,Healthy,,D011A,0.447,Normal,Moderate,Routine,D11,original,False
1014,109.23609876,-0.44033855,10.45,0.487,TM,Healthy,,D011A,0.487,Healthy,Good,None,D11,original,False
1015,109.23644794,-0.44892947,10.45,0.497,TM,Healthy,,D011A,0.497,Healthy,Good,None,D11,original,False
1016,109.23804422,-0.44495817,10.45,0.468,TM,Healthy,,D011A,0.468,Healthy,Good,None,D11,original,False
1017,109.23757098,-0.4405392,10.44,0.463,TM,Healthy,,D011A,0.463,Healthy,Good,None,D11,original,False
1018,109.23627507,-0.44497357,10.44,0.372,TM,Suspect,Circle_5m,D011A,0.372,Suspect,Critical,Priority Survey,D11,original,False
1019,109.23665472,-0.44443199,10.43,0.427,TM,Healthy,,D011A,0.427,Abnormal,Sub-Optimal,Monitor,D11,original,False
1020,109.23696145,-0.44644413,10.43,0.44,TM,Healthy,,D011A,0.44,Normal,Moderate,Routine,D11,original,False
1021,109.23780653,-0.44914005,10.42,0.438,TM,Healthy,,D011A,0.438,Normal,Moderate,Routine,D11,original,False
1022,109.23688444,-0.44352458,10.42,0.555,TM,Healthy,,D011A,0.555,Healthy,Good,None,D11,original,False
1023,109.23642107,-0.44104488,10.42,0.422,TM,Healthy,,D011A,0.422,Abnormal,Sub-Optimal,Monitor,D11,original,False
1024,109.23623448,-0.44755443,10.42,0.482,TM,Healthy,,D011A,0.482,Healthy,Good,None,D11,original,False
1025,109.23738627,-0.4467327,10.42,0.5,TM,Healthy,,D011A,0.5,Healthy,Good,None,D11,original,False
1026,109.23788928,-0.44492151,10.41,0.502,TM,Healthy,,D011A,0.502,Healthy,Good,None,D11,original,False
1027,109.23671767,-0.44602131,10.41,0.52,TM,Healthy,,D011A,0.52,Healthy,Good,None,D11,original,False
1028,109.23714363,-0.44905444,10.41,0.486,TM,Healthy,,D011A,0.486,Healthy,Good,None,D11,original,False
1029,109.23609711,-0.44161813,10.41,0.389,TM,Healthy,,D011A,0.389,Suspect,Critical,Priority Survey,D11,original,False
1030,109.23624855,-0.44127137,10.41,0.482,TM,Healthy,,D011A,0.482,Healthy,Good,None,D11,original,False
1031,109.23695951,-0.44707126,10.41,0.464,TM,Healthy,,D011A,0.464,Healthy,Good,None,D11,original,False
1032,109.23586737,-0.44068574,10.41,0.39,TM,Healthy,,D011A,0.39,Abnormal,Sub-Optimal,Monitor,D11,original,False
1033,109.23804798,-0.44616225,10.4,0.38,TM,Suspect,Circle_5m,D011A,0.38,Suspect,Critical,Priority Survey,D11,original,False
1034,109.23703084,-0.44363358,10.4,0.525,TM,Healthy,,D011A,0.525,Healthy,Good,None,D11,original,False
1035,109.23802263,-0.44510241,10.4,0.435,TM,Healthy,,D011A,0.435,Normal,Moderate,Routine,D11,original,False
1036,109.23790398,-0.44164388,10.4,0.436,TM,Healthy,,D011A,0.436,Normal,Moderate,Routine,D11,original,False
1037,109.23646726,-0.44326088,10.4,0.425,TM,Healthy,,D011A,0.425,Abnormal,Sub-Optimal,Monitor,D11,original,False
1038,109.23612552,-0.44304602,10.39,0.389,TM,Healthy,,D011A,0.389,Suspect,Critical,Priority Survey,D11,original,False
1039,109.23645245,-0.44888245,10.38,0.488,TM,Healthy,,D011A,0.488,Healthy,Good,None,D11,original,False
1040,109.23603799,-0.44658,10.38,0.445,TM,Healthy,,D011A,0.445,Normal,Moderate,Routine,D11,original,False
1041,109.23666009,-0.44642145,10.38,0.571,TM,Healthy,,D011A,0.571,Healthy,Good,None,D11,original,False
1042,109.23702428,-0.4447721,10.38,0.445,TM,Healthy,,D011A,0.445,Normal,Moderate,Routine,D11,original,False
1043,109.23665858,-0.44706848,10.37,0.534,TM,Healthy,,D011A,0.534,Healthy,Good,None,D11,original,False
1044,109.23606848,-0.44113884,10.37,0.56,TM,Healthy,,D011A,0.56,Healthy,Good,None,D11,original,False
1045,109.23767802,-0.44750686,10.37,0.419,TM,Healthy,,D011A,0.419,Abnormal,Sub-Optimal,Monitor,D11,original,False
1046,109.23793117,-0.44818107,10.37,0.477,TM,Healthy,,D011A,0.477,Healthy,Good,None,D11,original,False
1047,109.23595488,-0.44101086,10.36,0.463,TM,Healthy,,D011A,0.463,Healthy,Good,None,D11,original,False
1048,109.23789887,-0.44426816,10.36,0.485,TM,Healthy,,D011A,0.485,Healthy,Good,None,D11,original,False
1049,109.23659194,-0.44590689,10.36,0.425,TM,Healthy,,D011A,0.425,Abnormal,Sub-Optimal,Monitor,D11,original,False
1050,109.23656263,-0.44068365,10.36,0.467,TM,Healthy,,D011A,0.467,Healthy,Good,None,D11,original,False
1051,109.23673246,-0.44616239,10.36,0.531,TM,Healthy,,D011A,0.531,Healthy,Good,None,D11,original,False
1052,109.23594103,-0.444501,10.36,0.446,TM,Healthy,,D011A,0.446,Normal,Moderate,Routine,D11,original,False
1053,109.2373819,-0.44622449,10.36,0.366,TM,Suspect,Circle_5m,D011A,0.366,Suspect,Critical,Priority Survey,D11,original,False
1054,109.23626696,-0.44320386,10.36,0.485,TM,Healthy,,D011A,0.485,Healthy,Good,None,D11,original,False
1055,109.23747117,-0.44476361,10.35,0.544,TM,Healthy,,D011A,0.544,Healthy,Good,None,D11,original,False
1056,109.23751858,-0.44562813,10.35,0.581,TM,Healthy,,D011A,0.581,Healthy,Good,None,D11,original,False
1057,109.23746036,-0.44679693,10.35,0.48,TM,Healthy,,D011A,0.48,Healthy,Good,None,D11,original,False
1058,109.23735568,-0.44879721,10.35,0.363,TM,Suspect,Circle_5m,D011A,0.363,Suspect,Critical,Priority Survey,D11,original,False
1059,109.2363757,-0.44865862,10.34,0.421,TM,Healthy,,D011A,0.421,Abnormal,Sub-Optimal,Monitor,D11,original,False
1060,109.23632686,-0.44629477,10.34,0.416,TM,Healthy,,D011A,0.416,Abnormal,Sub-Optimal,Monitor,D11,original,False
1061,109.23639998,-0.44665153,10.34,0.523,TM,Healthy,,D011A,0.523,Healthy,Good,None,D11,original,False
1062,109.23746622,-0.44858518,10.34,0.452,TM,Healthy,,D011A,0.452,Normal,Moderate,Routine,D11,original,False
1063,109.23704288,-0.44774544,10.33,0.396,TM,Healthy,,D011A,0.396,Abnormal,Sub-Optimal,Monitor,D11,original,False
1064,109.23592329,-0.4454392,10.33,0.292,TM,Suspect,Circle_5m,D011A,0.292,Suspect,Critical,Priority Survey,D11,original,False
1065,109.23638086,-0.44774528,10.33,0.406,TM,Healthy,,D011A,0.406,Abnormal,Sub-Optimal,Monitor,D11,original,False
1066,109.23735747,-0.44696691,10.32,0.465,TM,Healthy,,D011A,0.465,Healthy,Good,None,D11,original,False
1067,109.2362914,-0.44617494,10.32,0.439,TM,Healthy,,D011A,0.439,Normal,Moderate,Routine,D11,original,False
1068,109.23589746,-0.44070881,10.32,0.423,TM,Healthy,,D011A,0.423,Abnormal,Sub-Optimal,Monitor,D11,original,False
1069,109.23702022,-0.44860813,10.32,0.506,TM,Healthy,,D011A,0.506,Healthy,Good,None,D11,original,False
1070,109.23791463,-0.44409996,10.32,0.407,TM,Healthy,,D011A,0.407,Abnormal,Sub-Optimal,Monitor,D11,original,False
1071,109.23755251,-0.44836817,10.32,0.498,TM,Healthy,,D011A,0.498,Healthy,Good,None,D11,original,False
1072,109.23643227,-0.44684958,10.31,0.557,TM,Healthy,,D011A,0.557,Healthy,Good,None,D11,original,False
1073,109.23622383,-0.44135682,10.31,0.452,TM,Healthy,,D011A,0.452,Normal,Moderate,Routine,D11,original,False
1074,109.23664791,-0.44851897,10.31,0.41,TM,Healthy,,D011A,0.41,Abnormal,Sub-Optimal,Monitor,D11,original,False
1075,109.23792817,-0.44760413,10.31,0.472,TM,Healthy,,D011A,0.472,Healthy,Good,None,D11,original,False
1076,109.23748363,-0.44902287,10.31,0.406,TM,Healthy,,D011A,0.406,Abnormal,Sub-Optimal,Monitor,D11,original,False
1077,109.23728892,-0.44246574,10.31,0.543,TM,Healthy,,D011A,0.543,Healthy,Good,None,D11,original,False
1078,109.23646307,-0.44763904,10.3,0.467,TM,Healthy,,D011A,0.467,Healthy,Good,None,D11,original,False
1079,109.23596866,-0.44159233,10.3,0.404,TM,Healthy,,D011A,0.404,Abnormal,Sub-Optimal,Monitor,D11,original,False
1080,109.23603009,-0.44202098,10.29,0.535,TM,Healthy,,D011A,0.535,Healthy,Good,None,D11,original,False
1081,109.23644355,-0.44476879,10.29,0.567,TM,Healthy,,D011A,0.567,Healthy,Good,None,D11,original,False
1082,109.23730798,-0.4435283,10.29,0.425,TM,Healthy,,D011A,0.425,Abnormal,Sub-Optimal,Monitor,D11,original,False
1083,109.23663754,-0.44489951,10.29,0.414,TM,Healthy,,D011A,0.414,Abnormal,Sub-Optimal,Monitor,D11,original,False
1084,109.23806151,-0.44215485,10.29,0.418,TM,Healthy,,D011A,0.418,Abnormal,Sub-Optimal,Monitor,D11,original,False
1085,109.23753788,-0.44567878,10.29,0.42,TM,Healthy,,D011A,0.42,Abnormal,Sub-Optimal,Monitor,D11,original,False
1086,109.23688299,-0.44774585,10.29,0.403,TM,Healthy,,D011A,0.403,Abnormal,Sub-Optimal,Monitor,D11,original,False
1087,109.23804978,-0.44803867,10.28,0.384,TM,Healthy,,D011A,0.384,Suspect,Critical,Priority Survey,D11,original,False
1088,109.23601439,-0.44572182,10.28,0.424,TM,Healthy,,D011A,0.424,Abnormal,Sub-Optimal,Monitor,D11,original,False
1089,109.2364221,-0.4461804,10.28,0.415,TM,Healthy,,D011A,0.415,Abnormal,Sub-Optimal,Monitor,D11,original,False
1090,109.23621159,-0.44370844,10.28,0.427,TM,Healthy,,D011A,0.427,Abnormal,Sub-Optimal,Monitor,D11,original,False
1091,109.23802241,-0.44415741,10.28,0.456,TM,Healthy,,D011A,0.456,Normal,Moderate,Routine,D11,original,False
1092,109.23800634,-0.44182974,10.28,0.47,TM,Healthy,,D011A,0.47,Healthy,Good,None,D11,original,False
1093,109.23685424,-0.44397808,10.27,0.433,TM,Healthy,,D011A,0.433,Normal,Moderate,Routine,D11,original,False
1094,109.23667302,-0.44113266,10.27,0.438,TM,Healthy,,D011A,0.438,Normal,Moderate,Routine,D11,original,False
1095,109.23706323,-0.44718026,10.27,0.402,TM,Healthy,,D011A,0.402,Abnormal,Sub-Optimal,Monitor,D11,original,False
1096,109.23618068,-0.44905782,10.26,0.359,TM,Suspect,Circle_5m,D011A,0.359,Suspect,Critical,Priority Survey,D11,original,False
1097,109.23787238,-0.44420169,10.26,0.502,TM,Healthy,,D011A,0.502,Healthy,Good,None,D11,original,False
1098,109.23654983,-0.44356248,10.26,0.417,TM,Healthy,,D011A,0.417,Abnormal,Sub-Optimal,Monitor,D11,original,False
1099,109.23649377,-0.44322019,10.26,0.429,TM,Healthy,,D011A,0.429,Abnormal,Sub-Optimal,Monitor,D11,original,False
1100,109.23758223,-0.44612642,10.26,0.512,TM,Healthy,,D011A,0.512,Healthy,Good,None,D11,original,False
1101,109.23695804,-0.44569763,10.25,0.424,TM,Healthy,,D011A,0.424,Abnormal,Sub-Optimal,Monitor,D11,original,False
1102,109.23588265,-0.44255719,10.25,0.481,TM,Healthy,,D011A,0.481,Healthy,Good,None,D11,original,False
1103,109.23619743,-0.44848224,10.25,0.416,TM,Healthy,,D011A,0.416,Abnormal,Sub-Optimal,Monitor,D11,original,False
1104,109.23789725,-0.44727631,10.25,0.44,TM,Healthy,,D011A,0.44,Normal,Moderate,Routine,D11,original,False
1105,109.2364315,-0.44632825,10.25,0.444,TM,Healthy,,D011A,0.444,Normal,Moderate,Routine,D11,original,False
1106,109.23633992,-0.44233077,10.24,0.391,TM,Healthy,,D011A,0.391,Abnormal,Sub-Optimal,Monitor,D11,original,False
1107,109.23597256,-0.44599943,10.24,0.484,TM,Healthy,,D011A,0.484,Healthy,Good,None,D11,original,False
1108,109.23630182,-0.44580192,10.24,0.474,TM,Healthy,,D011A,0.474,Healthy,Good,None,D11,original,False
1109,109.23725724,-0.44156053,10.24,0.379,TM,Suspect,Circle_5m,D011A,0.379,Suspect,Critical,Priority Survey,D11,original,False
1110,109.23605599,-0.4426879,10.24,0.434,TM,Healthy,,D011A,0.434,Normal,Moderate,Routine,D11,original,False
1111,109.23604083,-0.44028473,10.24,0.49,TM,Healthy,,D011A,0.49,Healthy,Good,None,D11,original,False
1112,109.23613782,-0.44231128,10.24,0.53,TM,Healthy,,D011A,0.53,Healthy,Good,None,D11,original,False
1113,109.23616693,-0.44075228,10.24,0.374,TM,Suspect,Circle_5m,D011A,0.374,Suspect,Critical,Priority Survey,D11,original,False
1114,109.23764813,-0.44095655,10.23,0.398,TM,Healthy,,D011A,0.398,Abnormal,Sub-Optimal,Monitor,D11,original,False
1115,109.23704691,-0.44403284,10.23,0.445,TM,Healthy,,D011A,0.445,Normal,Moderate,Routine,D11,original,False
1116,109.23793689,-0.44681332,10.23,0.492,TM,Healthy,,D011A,0.492,Healthy,Good,None,D11,original,False
1117,109.23642748,-0.44435055,10.23,0.473,TM,Healthy,,D011A,0.473,Healthy,Good,None,D11,original,False
1118,109.23801835,-0.44611839,10.22,0.422,TM,Healthy,,D011A,0.422,Abnormal,Sub-Optimal,Monitor,D11,original,False
1119,109.23603513,-0.44914776,10.22,0.415,TM,Healthy,,D011A,0.415,Abnormal,Sub-Optimal,Monitor,D11,original,False
1120,109.2369329,-0.44751029,10.22,0.492,TM,Healthy,,D011A,0.492,Healthy,Good,None,D11,original,False
1121,109.23632056,-0.44062481,10.22,0.482,TM,Healthy,,D011A,0.482,Healthy,Good,None,D11,original,False
1122,109.23801138,-0.44522041,10.22,0.481,TM,Healthy,,D011A,0.481,Healthy,Good,None,D11,original,False
1123,109.23624351,-0.44168644,10.22,0.491,TM,Healthy,,D011A,0.491,Healthy,Good,None,D11,original,False
1124,109.23698157,-0.44493395,10.21,0.438,TM,Healthy,,D011A,0.438,Normal,Moderate,Routine,D11,original,False
1125,109.23746999,-0.44595457,10.21,0.438,TM,Healthy,,D011A,0.438,Normal,Moderate,Routine,D11,original,False
1126,109.23783284,-0.44428216,10.21,0.414,TM,Healthy,,D011A,0.414,Abnormal,Sub-Optimal,Monitor,D11,original,False
1127,109.23663964,-0.44361224,10.2,0.375,TM,Suspect,Circle_5m,D011A,0.375,Suspect,Critical,Priority Survey,D11,original,False
1128,109.23674125,-0.44318091,10.2,0.354,TM,Suspect,Circle_5m,D011A,0.354,Suspect,Critical,Priority Survey,D11,original,False
1129,109.23644021,-0.44178551,10.2,0.463,TM,Healthy,,D011A,0.463,Healthy,Good,None,D11,original,False
1130,109.236889,-0.44892054,10.2,0.423,TM,Healthy,,D011A,0.423,Abnormal,Sub-Optimal,Monitor,D11,original,False
1131,109.23680911,-0.44681214,10.2,0.459,TM,Healthy,,D011A,0.459,Normal,Moderate,Routine,D11,original,False
1132,109.23658602,-0.44436189,10.2,0.424,TM,Healthy,,D011A,0.424,Abnormal,Sub-Optimal,Monitor,D11,original,False
1133,109.23722748,-0.44587358,10.2,0.576,TM,Healthy,,D011A,0.576,Healthy,Good,None,D11,original,False
1134,109.23586919,-0.44057858,10.19,0.556,TM,Healthy,,D011A,0.556,Healthy,Good,None,D11,original,False
1135,109.23799448,-0.44827604,10.19,0.442,TM,Healthy,,D011A,0.442,Normal,Moderate,Routine,D11,original,False
1136,109.2363935,-0.44368,10.19,0.432,TM,Healthy,,D011A,0.432,Normal,Moderate,Routine,D11,original,False
1137,109.23751762,-0.44586461,10.19,0.557,TM,Healthy,,D011A,0.557,Healthy,Good,None,D11,original,False
1138,109.23630633,-0.44571465,10.19,0.483,TM,Healthy,,D011A,0.483,Healthy,Good,None,D11,original,False
1139,109.23734824,-0.44420699,10.19,0.477,TM,Healthy,,D011A,0.477,Healthy,Good,None,D11,original,False
1140,109.23787716,-0.44110446,10.19,0.422,TM,Healthy,,D011A,0.422,Abnormal,Sub-Optimal,Monitor,D11,original,False
1141,109.23726299,-0.44383123,10.19,0.506,TM,Healthy,,D011A,0.506,Healthy,Good,None,D11,original,False
1142,109.23614503,-0.44785645,10.18,0.432,TM,Healthy,,D011A,0.432,Normal,Moderate,Routine,D11,original,False
1143,109.23664176,-0.44417924,10.18,0.469,TM,Healthy,,D011A,0.469,Healthy,Good,None,D11,original,False
1144,109.23795003,-0.44631912,10.18,0.471,TM,Healthy,,D011A,0.471,Healthy,Good,None,D11,original,False
1145,109.23720462,-0.44754608,10.18,0.475,TM,Healthy,,D011A,0.475,Healthy,Good,None,D11,original,False
1146,109.23699363,-0.44331843,10.17,0.473,TM,Healthy,,D011A,0.473,Healthy,Good,None,D11,original,False
1147,109.23759326,-0.44887097,10.17,0.42,TM,Healthy,,D011A,0.42,Abnormal,Sub-Optimal,Monitor,D11,original,False
1148,109.23734935,-0.4414032,10.17,0.424,TM,Healthy,,D011A,0.424,Abnormal,Sub-Optimal,Monitor,D11,original,False
1149,109.23657018,-0.44865098,10.16,0.462,TM,Healthy,,D011A,0.462,Healthy,Good,None,D11,original,False
1150,109.23667754,-0.44098842,10.16,0.385,TM,Healthy,,D011A,0.385,Suspect,Critical,Priority Survey,D11,original,False
1151,109.23673258,-0.44566412,10.16,0.477,TM,Healthy,,D011A,0.477,Healthy,Good,None,D11,original,False
1152,109.23746053,-0.44417853,10.15,0.477,TM,Healthy,,D011A,0.477,Healthy,Good,None,D11,original,False
1153,109.2364372,-0.4431207,10.15,0.454,TM,Healthy,,D011A,0.454,Normal,Moderate,Routine,D11,original,False
1154,109.2362764,-0.44881911,10.15,0.494,TM,Healthy,,D011A,0.494,Healthy,Good,None,D11,original,False
1155,109.23613741,-0.44591673,10.15,0.329,TM,Suspect,Circle_5m,D011A,0.329,Suspect,Critical,Priority Survey,D11,original,False
1156,109.23654855,-0.44893221,10.14,0.455,TM,Healthy,,D011A,0.455,Normal,Moderate,Routine,D11,original,False
1157,109.23671251,-0.44881153,10.14,0.475,TM,Healthy,,D011A,0.475,Healthy,Good,None,D11,original,False
1158,109.23662488,-0.44525309,10.14,0.44,TM,Healthy,,D011A,0.44,Normal,Moderate,Routine,D11,original,False
1159,109.23791544,-0.44822267,10.14,0.519,TM,Healthy,,D011A,0.519,Healthy,Good,None,D11,original,False
1160,109.23615104,-0.44901757,10.13,0.428,TM,Healthy,,D011A,0.428,Abnormal,Sub-Optimal,Monitor,D11,original,False
1161,109.23749658,-0.44368976,10.13,0.499,TM,Healthy,,D011A,0.499,Healthy,Good,None,D11,original,False
1162,109.23701421,-0.44367427,10.13,0.594,TM,Healthy,,D011A,0.594,Healthy,Good,None,D11,original,False
1163,109.23660383,-0.4487586,10.13,0.475,TM,Healthy,,D011A,0.475,Healthy,Good,None,D11,original,False
1164,109.2363569,-0.44079663,10.12,0.531,TM,Healthy,,D011A,0.531,Healthy,Good,None,D11,original,False
1165,109.23660584,-0.4403138,10.12,0.492,TM,Healthy,,D011A,0.492,Healthy,Good,None,D11,original,False
1166,109.23689533,-0.44116753,10.12,0.439,TM,Healthy,,D011A,0.439,Normal,Moderate,Routine,D11,original,False
1167,109.23803838,-0.44119357,10.12,0.454,TM,Healthy,,D011A,0.454,Normal,Moderate,Routine,D11,original,False
1168,109.2366347,-0.44170552,10.12,0.606,TM,Healthy,,D011A,0.606,Healthy,Good,None,D11,original,False
1169,109.23671176,-0.44063621,10.11,0.437,TM,Healthy,,D011A,0.437,Normal,Moderate,Routine,D11,original,False
1170,109.23660966,-0.44879975,10.11,0.412,TM,Healthy,,D011A,0.412,Abnormal,Sub-Optimal,Monitor,D11,original,False
1171,109.2363875,-0.4462464,10.11,0.504,TM,Healthy,,D011A,0.504,Healthy,Good,None,D11,original,False
1172,109.23655673,-0.44094951,10.11,0.501,TM,Healthy,,D011A,0.501,Healthy,Good,None,D11,original,False
1173,109.23594174,-0.44902475,10.11,0.41,TM,Healthy,,D011A,0.41,Abnormal,Sub-Optimal,Monitor,D11,original,False
1174,109.23700173,-0.44327593,10.1,0.47,TM,Healthy,,D011A,0.47,Healthy,Good,None,D11,original,False
1175,109.23736206,-0.44841018,10.09,0.463,TM,Healthy,,D011A,0.463,Healthy,Good,None,D11,original,False
1176,109.23660451,-0.44594397,10.09,0.453,TM,Healthy,,D011A,0.453,Normal,Moderate,Routine,D11,original,False
1177,109.23637962,-0.44158609,10.09,0.453,TM,Healthy,,D011A,0.453,Normal,Moderate,Routine,D11,original,False
1178,109.23604412,-0.44158873,10.09,0.391,TM,Healthy,,D011A,0.391,Abnormal,Sub-Optimal,Monitor,D11,original,False
1179,109.23805409,-0.44123834,10.09,0.433,TM,Healthy,,D011A,0.433,Normal,Moderate,Routine,D11,original,False
1180,109.23799499,-0.44801741,10.09,0.482,TM,Healthy,,D011A,0.482,Healthy,Good,None,D11,original,False
1181,109.2362115,-0.44031325,10.08,0.471,TM,Healthy,,D011A,0.471,Healthy,Good,None,D11,original,False
1182,109.2375627,-0.4470384,10.08,0.491,TM,Healthy,,D011A,0.491,Healthy,Good,None,D11,original,False
1183,109.23609261,-0.4454519,10.08,0.373,TM,Suspect,Circle_5m,D011A,0.373,Suspect,Critical,Priority Survey,D11,original,False
1184,109.23585652,-0.44100089,10.08,0.427,TM,Healthy,,D011A,0.427,Abnormal,Sub-Optimal,Monitor,D11,original,False
1185,109.23790708,-0.44180711,10.07,0.449,TM,Healthy,,D011A,0.449,Normal,Moderate,Routine,D11,original,False
1186,109.23609006,-0.44674189,10.07,0.497,TM,Healthy,,D011A,0.497,Healthy,Good,None,D11,original,False
1187,109.2370248,-0.44636005,10.07,0.42,TM,Healthy,,D011A,0.42,Abnormal,Sub-Optimal,Monitor,D11,original,False
1188,109.23605508,-0.44080289,10.07,0.31,TM,Suspect,Circle_5m,D011A,0.31,Suspect,Critical,Priority Survey,D11,original,False
1189,109.23772243,-0.44396789,10.07,0.514,TM,Healthy,,D011A,0.514,Healthy,Good,None,D11,original,False
1190,109.23701546,-0.44409839,10.07,0.475,TM,Healthy,,D011A,0.475,Healthy,Good,None,D11,original,False
1191,109.23776617,-0.44512857,10.07,0.433,TM,Healthy,,D011A,0.433,Normal,Moderate,Routine,D11,original,False
1192,109.23642557,-0.44480225,10.06,0.409,TM,Healthy,,D011A,0.409,Abnormal,Sub-Optimal,Monitor,D11,original,False
1193,109.23713411,-0.4437471,10.06,0.593,TM,Healthy,,D011A,0.593,Healthy,Good,None,D11,original,False
1194,109.23637114,-0.44326628,10.06,0.444,TM,Healthy,,D011A,0.444,Normal,Moderate,Routine,D11,original,False
1195,109.23724676,-0.44787932,10.06,0.434,TM,Healthy,,D011A,0.434,Normal,Moderate,Routine,D11,original,False
1196,109.23596922,-0.44494366,10.06,0.438,TM,Healthy,,D011A,0.438,Normal,Moderate,Routine,D11,original,False
1197,109.23660759,-0.4443099,10.06,0.462,TM,Healthy,,D011A,0.462,Healthy,Good,None,D11,original,False
1198,109.23597952,-0.44126362,10.06,0.48,TM,Healthy,,D011A,0.48,Healthy,Good,None,D11,original,False
1199,109.23631675,-0.44535701,10.05,0.499,TM,Healthy,,D011A,0.499,Healthy,Good,None,D11,original,False
1200,109.23614108,-0.44748252,10.05,0.472,TM,Healthy,,D011A,0.472,Healthy,Good,None,D11,original,False
1201,109.23617318,-0.442829,10.05,0.361,TM,Suspect,Circle_5m,D011A,0.361,Suspect,Critical,Priority Survey,D11,original,False
1202,109.23645089,-0.44411182,10.05,0.457,TM,Healthy,,D011A,0.457,Normal,Moderate,Routine,D11,original,False
1203,109.23628863,-0.44460327,10.04,0.499,TM,Healthy,,D011A,0.499,Healthy,Good,None,D11,original,False
1204,109.23678067,-0.44553798,10.04,0.436,TM,Healthy,,D011A,0.436,Normal,Moderate,Routine,D11,original,False
1205,109.23658941,-0.4452264,10.04,0.455,TM,Healthy,,D011A,0.455,Normal,Moderate,Routine,D11,original,False
1206,109.23743265,-0.44052831,10.04,0.423,TM,Healthy,,D011A,0.423,Abnormal,Sub-Optimal,Monitor,D11,original,False
1207,109.23629689,-0.44575535,10.03,0.472,TM,Healthy,,D011A,0.472,Healthy,Good,None,D11,original,False
1208,109.23806113,-0.44186231,10.03,0.455,TM,Healthy,,D011A,0.455,Normal,Moderate,Routine,D11,original,False
1209,109.23766083,-0.44803813,10.02,0.491,TM,Healthy,,D011A,0.491,Healthy,Good,None,D11,original,False
1210,109.23703415,-0.44856925,10.02,0.448,TM,Healthy,,D011A,0.448,Normal,Moderate,Routine,D11,original,False
1211,109.23608326,-0.4469969,10.02,0.489,TM,Healthy,,D011A,0.489,Healthy,Good,None,D11,original,False
1212,109.23613884,-0.44178317,10.02,0.509,TM,Healthy,,D011A,0.509,Healthy,Good,None,D11,original,False
1213,109.23779551,-0.44451049,10.02,0.465,TM,Healthy,,D011A,0.465,Healthy,Good,None,D11,original,False
1214,109.23693152,-0.44766719,10.02,0.437,TM,Healthy,,D011A,0.437,Normal,Moderate,Routine,D11,original,False
1215,109.23629481,-0.4431799,10.01,0.453,TM,Healthy,,D011A,0.453,Normal,Moderate,Routine,D11,original,False
1216,109.23700779,-0.4404206,10.01,0.61,TM,Healthy,,D011A,0.61,Healthy,Good,None,D11,original,False
1217,109.23610506,-0.44218015,10.01,0.481,TM,Healthy,,D011A,0.481,Healthy,Good,None,D11,original,False
1218,109.2369753,-0.44486658,10.0,0.405,TM,Healthy,,D011A,0.405,Abnormal,Sub-Optimal,Monitor,D11,original,False
1219,109.2360028,-0.44912741,10.0,0.448,TM,Healthy,,D011A,0.448,Normal,Moderate,Routine,D11,original,False
1220,109.23587172,-0.44318884,10.0,0.444,TM,Healthy,,D011A,0.444,Normal,Moderate,Routine,D11,original,False
1221,109.23650229,-0.4489331,10.0,0.511,TM,Healthy,,D011A,0.511,Healthy,Good,None,D11,original,False
1222,109.23720236,-0.44761435,10.0,0.404,TM,Healthy,,D011A,0.404,Abnormal,Sub-Optimal,Monitor,D11,original,False
1223,109.23751989,-0.44386746,9.99,0.485,TM,Healthy,,D011A,0.485,Healthy,Good,None,D11,original,False
1224,109.23669014,-0.44659192,9.99,0.481,TM,Healthy,,D011A,0.481,Healthy,Good,None,D11,original,False
1225,109.23647866,-0.4444428,9.99,0.44,TM,Healthy,,D011A,0.44,Normal,Moderate,Routine,D11,original,False
1226,109.23651943,-0.44105259,9.98,0.565,TM,Healthy,,D011A,0.565,Healthy,Good,None,D11,original,False
1227,109.23629025,-0.44347832,9.98,0.483,TM,Healthy,,D011A,0.483,Healthy,Good,None,D11,original,False
1228,109.23694288,-0.4452301,9.98,0.417,TM,Healthy,,D011A,0.417,Abnormal,Sub-Optimal,Monitor,D11,original,False
1229,109.23691722,-0.44357297,9.98,0.555,TM,Healthy,,D011A,0.555,Healthy,Good,None,D11,original,False
1230,109.23614185,-0.442366,9.98,0.455,TM,Healthy,,D011A,0.455,Normal,Moderate,Routine,D11,original,False
1231,109.23700768,-0.44845983,9.97,0.553,TM,Healthy,,D011A,0.553,Healthy,Good,None,D11,original,False
1232,109.23719181,-0.44286497,9.96,0.412,TM,Healthy,,D011A,0.412,Abnormal,Sub-Optimal,Monitor,D11,original,False
1233,109.23598521,-0.44188623,9.96,0.485,TM,Healthy,,D011A,0.485,Healthy,Good,None,D11,original,False
1234,109.23594398,-0.44718586,9.95,0.447,TM,Healthy,,D011A,0.447,Normal,Moderate,Routine,D11,original,False
1235,109.23648198,-0.4417715,9.95,0.409,TM,Healthy,,D011A,0.409,Abnormal,Sub-Optimal,Monitor,D11,original,False
1236,109.23638694,-0.44861838,9.95,0.466,TM,Healthy,,D011A,0.466,Healthy,Good,None,D11,original,False
1237,109.23593753,-0.44597726,9.95,0.433,TM,Healthy,,D011A,0.433,Normal,Moderate,Routine,D11,original,False
1238,109.23602662,-0.44530404,9.94,0.458,TM,Healthy,,D011A,0.458,Normal,Moderate,Routine,D11,original,False
1239,109.23600478,-0.4445824,9.94,0.438,TM,Healthy,,D011A,0.438,Normal,Moderate,Routine,D11,original,False
1240,109.23591124,-0.44319609,9.94,0.505,TM,Healthy,,D011A,0.505,Healthy,Good,None,D11,original,False
1241,109.23706787,-0.44844763,9.94,0.542,TM,Healthy,,D011A,0.542,Healthy,Good,None,D11,original,False
1242,109.23752747,-0.44030452,9.93,0.379,TM,Suspect,Circle_5m,D011A,0.379,Suspect,Critical,Priority Survey,D11,original,False
1243,109.23743097,-0.44381635,9.93,0.441,TM,Healthy,,D011A,0.441,Normal,Moderate,Routine,D11,original,False
1244,109.23633636,-0.44410817,9.93,0.505,TM,Healthy,,D011A,0.505,Healthy,Good,None,D11,original,False
1245,109.23677548,-0.44658561,9.93,0.427,TM,Healthy,,D011A,0.427,Abnormal,Sub-Optimal,Monitor,D11,original,False
1246,109.23609072,-0.44204044,9.93,0.424,TM,Healthy,,D011A,0.424,Abnormal,Sub-Optimal,Monitor,D11,original,False
1247,109.23623373,-0.44883718,9.93,0.415,TM,Healthy,,D011A,0.415,Abnormal,Sub-Optimal,Monitor,D11,original,False
1248,109.2362549,-0.44668722,9.93,0.492,TM,Healthy,,D011A,0.492,Healthy,Good,None,D11,original,False
1249,109.23798519,-0.44388521,9.93,0.457,TM,Healthy,,D011A,0.457,Normal,Moderate,Routine,D11,original,False
1250,109.23638293,-0.44657692,9.92,0.467,TM,Healthy,,D011A,0.467,Healthy,Good,None,D11,original,False
1251,109.23721796,-0.44624706,9.92,0.43,TM,Healthy,,D011A,0.43,Normal,Moderate,Routine,D11,original,False
1252,109.23703625,-0.44917649,9.92,0.344,TM,Suspect,Circle_5m,D011A,0.344,Suspect,Critical,Priority Survey,D11,original,False
1253,109.23770913,-0.44887236,9.92,0.453,TM,Healthy,,D011A,0.453,Normal,Moderate,Routine,D11,original,False
1254,109.23788673,-0.44049858,9.91,0.478,TM,Healthy,,D011A,0.478,Healthy,Good,None,D11,original,False
1255,109.23789805,-0.4477253,9.91,0.617,TM,Healthy,,D011A,0.617,Healthy,Good,None,D11,original,False
1256,109.23666533,-0.44891234,9.91,0.561,TM,Healthy,,D011A,0.561,Healthy,Good,None,D11,original,False
1257,109.23675961,-0.44149711,9.91,0.48,TM,Healthy,,D011A,0.48,Healthy,Good,None,D11,original,False
1258,109.23749558,-0.44598578,9.91,0.465,TM,Healthy,,D011A,0.465,Healthy,Good,None,D11,original,False
1259,109.23698491,-0.4478978,9.91,0.523,TM,Healthy,,D011A,0.523,Healthy,Good,None,D11,original,False
1260,109.23648101,-0.44587431,9.91,0.41,TM,Healthy,,D011A,0.41,Abnormal,Sub-Optimal,Monitor,D11,original,False
1261,109.23653206,-0.44841359,9.9,0.543,TM,Healthy,,D011A,0.543,Healthy,Good,None,D11,original,False
1262,109.2362218,-0.44040775,9.9,0.341,TM,Suspect,Circle_5m,D011A,0.341,Suspect,Critical,Priority Survey,D11,original,False
1263,109.23734759,-0.44693074,9.89,0.401,TM,Healthy,,D011A,0.401,Abnormal,Sub-Optimal,Monitor,D11,original,False
1264,109.23686096,-0.44596528,9.89,0.437,TM,Healthy,,D011A,0.437,Normal,Moderate,Routine,D11,original,False
1265,109.23744466,-0.44483324,9.89,0.407,TM,Healthy,,D011A,0.407,Abnormal,Sub-Optimal,Monitor,D11,original,False
1266,109.2362158,-0.4468007,9.89,0.458,TM,Healthy,,D011A,0.458,Normal,Moderate,Routine,D11,original,False
1267,109.23736673,-0.44388596,9.89,0.327,TM,Suspect,Circle_5m,D011A,0.327,Suspect,Critical,Priority Survey,D11,original,False
1268,109.23619739,-0.44867033,9.88,0.438,TM,Healthy,,D011A,0.438,Normal,Moderate,Routine,D11,original,False
1269,109.23683074,-0.44837478,9.88,0.512,TM,Healthy,,D011A,0.512,Healthy,Good,None,D11,original,False
1270,109.23633288,-0.44550893,9.88,0.609,TM,Healthy,,D011A,0.609,Healthy,Good,None,D11,original,False
1271,109.23727672,-0.44843728,9.88,0.469,TM,Healthy,,D011A,0.469,Healthy,Good,None,D11,original,False
1272,109.23693345,-0.44329264,9.88,0.513,TM,Healthy,,D011A,0.513,Healthy,Good,None,D11,original,False
1273,109.23800197,-0.44888644,9.87,0.454,TM,Healthy,,D011A,0.454,Normal,Moderate,Routine,D11,original,False
1274,109.23599438,-0.44677397,9.86,0.425,TM,Healthy,,D011A,0.425,Abnormal,Sub-Optimal,Monitor,D11,original,False
1275,109.23813343,-0.44377266,9.86,0.402,TM,Healthy,,D011A,0.402,Abnormal,Sub-Optimal,Monitor,D11,original,False
1276,109.23617496,-0.44289954,9.86,0.413,TM,Healthy,,D011A,0.413,Abnormal,Sub-Optimal,Monitor,D11,original,False
1277,109.23756691,-0.44064138,9.85,0.438,TM,Healthy,,D011A,0.438,Normal,Moderate,Routine,D11,original,False
1278,109.23659665,-0.4411774,9.85,0.447,TM,Healthy,,D011A,0.447,Normal,Moderate,Routine,D11,original,False
1279,109.23728779,-0.44153115,9.84,0.518,TM,Healthy,,D011A,0.518,Healthy,Good,None,D11,original,False
1280,109.23602637,-0.44824301,9.84,0.409,TM,Healthy,,D011A,0.409,Abnormal,Sub-Optimal,Monitor,D11,original,False
1281,109.23797175,-0.44754446,9.84,0.436,TM,Healthy,,D011A,0.436,Normal,Moderate,Routine,D11,original,False
1282,109.23725795,-0.44045412,9.83,0.432,TM,Healthy,,D011A,0.432,Normal,Moderate,Routine,D11,original,False
1283,109.23751311,-0.44025976,9.83,0.387,TM,Healthy,,D011A,0.387,Suspect,Critical,Priority Survey,D11,original,False
1284,109.23719331,-0.44789694,9.82,0.386,TM,Healthy,,D011A,0.386,Suspect,Critical,Priority Survey,D11,original,False
1285,109.23633927,-0.44508979,9.82,0.45,TM,Healthy,,D011A,0.45,Normal,Moderate,Routine,D11,original,False
1286,109.23663971,-0.44142022,9.82,0.416,TM,Healthy,,D011A,0.416,Abnormal,Sub-Optimal,Monitor,D11,original,False
1287,109.23606813,-0.4425916,9.81,0.455,TM,Healthy,,D011A,0.455,Normal,Moderate,Routine,D11,original,False
1288,109.2362157,-0.4415223,9.81,0.457,TM,Healthy,,D011A,0.457,Normal,Moderate,Routine,D11,original,False
1289,109.23700445,-0.44506961,9.81,0.432,TM,Healthy,,D011A,0.432,Normal,Moderate,Routine,D11,original,False
1290,109.23776242,-0.44386843,9.81,0.428,TM,Healthy,,D011A,0.428,Abnormal,Sub-Optimal,Monitor,D11,original,False
1291,109.23710238,-0.44307836,9.81,0.404,TM,Healthy,,D011A,0.404,Abnormal,Sub-Optimal,Monitor,D11,original,False
1292,109.23678933,-0.44875457,9.81,0.444,TM,Healthy,,D011A,0.444,Normal,Moderate,Routine,D11,original,False
1293,109.23766332,-0.44513307,9.8,0.431,TM,Healthy,,D011A,0.431,Normal,Moderate,Routine,D11,original,False
1294,109.2365783,-0.44850313,9.8,0.388,TM,Healthy,,D011A,0.388,Suspect,Critical,Priority Survey,D11,original,False
1295,109.2374208,-0.44506971,9.79,0.443,TM,Healthy,,D011A,0.443,Normal,Moderate,Routine,D11,original,False
1296,109.23782654,-0.44052343,9.79,0.459,TM,Healthy,,D011A,0.459,Normal,Moderate,Routine,D11,original,False
1297,109.23749548,-0.44830034,9.79,0.447,TM,Healthy,,D011A,0.447,Normal,Moderate,Routine,D11,original,False
1298,109.23655504,-0.44430808,9.79,0.404,TM,Healthy,,D011A,0.404,Abnormal,Sub-Optimal,Monitor,D11,original,False
1299,109.23701753,-0.44669011,9.79,0.511,TM,Healthy,,D011A,0.511,Healthy,Good,None,D11,original,False
1300,109.23787794,-0.44914911,9.79,0.396,TM,Healthy,,D011A,0.396,Abnormal,Sub-Optimal,Monitor,D11,original,False
1301,109.23760561,-0.44791694,9.78,0.484,TM,Healthy,,D011A,0.484,Healthy,Good,None,D11,original,False
1302,109.23618788,-0.44898593,9.78,0.503,TM,Healthy,,D011A,0.503,Healthy,Good,None,D11,original,False
1303,109.23631128,-0.44378217,9.78,0.479,TM,Healthy,,D011A,0.479,Healthy,Good,None,D11,original,False
1304,109.23738237,-0.44422508,9.78,0.465,TM,Healthy,,D011A,0.465,Healthy,Good,None,D11,original,False
1305,109.23721342,-0.44456234,9.78,0.482,TM,Healthy,,D011A,0.482,Healthy,Good,None,D11,original,False
1306,109.23651113,-0.44764448,9.78,0.427,TM,Healthy,,D011A,0.427,Abnormal,Sub-Optimal,Monitor,D11,original,False
1307,109.23641381,-0.44327895,9.78,0.441,TM,Healthy,,D011A,0.441,Normal,Moderate,Routine,D11,original,False
1308,109.237246,-0.44351065,9.78,0.425,TM,Healthy,,D011A,0.425,Abnormal,Sub-Optimal,Monitor,D11,original,False
1309,109.23600614,-0.44075043,9.78,0.454,TM,Healthy,,D011A,0.454,Normal,Moderate,Routine,D11,original,False
1310,109.23689813,-0.44828256,9.78,0.521,TM,Healthy,,D011A,0.521,Healthy,Good,None,D11,original,False
1311,109.23692995,-0.4485846,9.77,0.42,TM,Healthy,,D011A,0.42,Abnormal,Sub-Optimal,Monitor,D11,original,False
1312,109.23757479,-0.44153619,9.77,0.488,TM,Healthy,,D011A,0.488,Healthy,Good,None,D11,original,False
1313,109.23668752,-0.44438091,9.77,0.505,TM,Healthy,,D011A,0.505,Healthy,Good,None,D11,original,False
1314,109.23660624,-0.44809304,9.76,0.517,TM,Healthy,,D011A,0.517,Healthy,Good,None,D11,original,False
1315,109.23688148,-0.44653273,9.76,0.511,TM,Healthy,,D011A,0.511,Healthy,Good,None,D11,original,False
1316,109.23772623,-0.44117903,9.76,0.474,TM,Healthy,,D011A,0.474,Healthy,Good,None,D11,original,False
1317,109.23771793,-0.44586873,9.76,0.461,TM,Healthy,,D011A,0.461,Healthy,Good,None,D11,original,False
1318,109.23770079,-0.4405017,9.75,0.411,TM,Healthy,,D011A,0.411,Abnormal,Sub-Optimal,Monitor,D11,original,False
1319,109.23609265,-0.44526291,9.75,0.431,TM,Healthy,,D011A,0.431,Normal,Moderate,Routine,D11,original,False
1320,109.23667281,-0.44580608,9.75,0.463,TM,Healthy,,D011A,0.463,Healthy,Good,None,D11,original,False
1321,109.23729884,-0.44038992,9.75,0.447,TM,Healthy,,D011A,0.447,Normal,Moderate,Routine,D11,original,False
1322,109.23718692,-0.44074619,9.74,0.478,TM,Healthy,,D011A,0.478,Healthy,Good,None,D11,original,False
1323,109.23594488,-0.44529226,9.74,0.422,TM,Healthy,,D011A,0.422,Abnormal,Sub-Optimal,Monitor,D11,original,False
1324,109.23722398,-0.44547885,9.73,0.406,TM,Healthy,,D011A,0.406,Abnormal,Sub-Optimal,Monitor,D11,original,False
1325,109.23679735,-0.44148039,9.73,0.437,TM,Healthy,,D011A,0.437,Normal,Moderate,Routine,D11,original,False
1326,109.23647408,-0.44480452,9.73,0.423,TM,Healthy,,D011A,0.423,Abnormal,Sub-Optimal,Monitor,D11,original,False
1327,109.2364603,-0.44421175,9.73,0.386,TM,Healthy,,D011A,0.386,Suspect,Critical,Priority Survey,D11,original,False
1328,109.23626147,-0.44171855,9.73,0.44,TM,Healthy,,D011A,0.44,Normal,Moderate,Routine,D11,original,False
1329,109.23775884,-0.44760499,9.73,0.529,TM,Healthy,,D011A,0.529,Healthy,Good,None,D11,original,False
1330,109.23788899,-0.44044342,9.72,0.436,TM,Healthy,,D011A,0.436,Normal,Moderate,Routine,D11,original,False
1331,109.23678623,-0.44856738,9.72,0.473,TM,Healthy,,D011A,0.473,Healthy,Good,None,D11,original,False
1332,109.23642896,-0.44187232,9.71,0.49,TM,Healthy,,D011A,0.49,Healthy,Good,None,D11,original,False
1333,109.23665369,-0.44687089,9.7,0.411,TM,Healthy,,D011A,0.411,Abnormal,Sub-Optimal,Monitor,D11,original,False
1334,109.23660102,-0.44358781,9.7,0.412,TM,Healthy,,D011A,0.412,Abnormal,Sub-Optimal,Monitor,D11,original,False
1335,109.23775912,-0.4445462,9.7,0.458,TM,Healthy,,D011A,0.458,Normal,Moderate,Routine,D11,original,False
1336,109.23596611,-0.44668172,9.7,0.457,TM,Healthy,,D011A,0.457,Normal,Moderate,Routine,D11,original,False
1337,109.23622763,-0.44047151,9.7,0.469,TM,Healthy,,D011A,0.469,Healthy,Good,None,D11,original,False
1338,109.23650585,-0.44907282,9.69,0.418,TM,Healthy,,D011A,0.418,Abnormal,Sub-Optimal,Monitor,D11,original,False
1339,109.23765703,-0.44700858,9.69,0.393,TM,Healthy,,D011A,0.393,Abnormal,Sub-Optimal,Monitor,D11,original,False
1340,109.23733696,-0.44442944,9.69,0.37,TM,Suspect,Circle_5m,D011A,0.37,Suspect,Critical,Priority Survey,D11,original,False
1341,109.23747616,-0.44074264,9.69,0.478,TM,Healthy,,D011A,0.478,Healthy,Good,None,D11,original,False
1342,109.23677449,-0.44880928,9.69,0.454,TM,Healthy,,D011A,0.454,Normal,Moderate,Routine,D11,original,False
1343,109.2366116,-0.44253747,9.69,0.448,TM,Healthy,,D011A,0.448,Normal,Moderate,Routine,D11,original,False
1344,109.2375712,-0.44149957,9.68,0.481,TM,Healthy,,D011A,0.481,Healthy,Good,None,D11,original,False
1345,109.23618227,-0.44237007,9.68,0.462,TM,Healthy,,D011A,0.462,Healthy,Good,None,D11,original,False
1346,109.236684,-0.44408429,9.68,0.515,TM,Healthy,,D011A,0.515,Healthy,Good,None,D11,original,False
1347,109.23781695,-0.44120934,9.67,0.427,TM,Healthy,,D011A,0.427,Abnormal,Sub-Optimal,Monitor,D11,original,False
1348,109.23730687,-0.44059701,9.67,0.497,TM,Healthy,,D011A,0.497,Healthy,Good,None,D11,original,False
1349,109.23638818,-0.44529011,9.66,0.451,TM,Healthy,,D011A,0.451,Normal,Moderate,Routine,D11,original,False
1350,109.2379461,-0.44773254,9.66,0.574,TM,Healthy,,D011A,0.574,Healthy,Good,None,D11,original,False
1351,109.2377,-0.44384399,9.66,0.508,TM,Healthy,,D011A,0.508,Healthy,Good,None,D11,original,False
1352,109.23588552,-0.44180482,9.66,0.504,TM,Healthy,,D011A,0.504,Healthy,Good,None,D11,original,False
1353,109.23687544,-0.44359647,9.65,0.587,TM,Healthy,,D011A,0.587,Healthy,Good,None,D11,original,False
1354,109.23668884,-0.44450615,9.65,0.432,TM,Healthy,,D011A,0.432,Normal,Moderate,Routine,D11,original,False
1355,109.23662422,-0.44801979,9.65,0.491,TM,Healthy,,D011A,0.491,Healthy,Good,None,D11,original,False
1356,109.2366188,-0.44248457,9.65,0.408,TM,Healthy,,D011A,0.408,Abnormal,Sub-Optimal,Monitor,D11,original,False
1357,109.23773923,-0.44884524,9.65,0.422,TM,Healthy,,D011A,0.422,Abnormal,Sub-Optimal,Monitor,D11,original,False
1358,109.2359052,-0.44215026,9.65,0.444,TM,Healthy,,D011A,0.444,Normal,Moderate,Routine,D11,original,False
1359,109.23599611,-0.44894293,9.65,0.48,TM,Healthy,,D011A,0.48,Healthy,Good,None,D11,original,False
1360,109.23625339,-0.44361622,9.65,0.524,TM,Healthy,,D011A,0.524,Healthy,Good,None,D11,original,False
1361,109.23616407,-0.44523444,9.64,0.542,TM,Healthy,,D011A,0.542,Healthy,Good,None,D11,original,False
1362,109.2364546,-0.44171045,9.64,0.434,TM,Healthy,,D011A,0.434,Normal,Moderate,Routine,D11,original,False
1363,109.23732655,-0.4447473,9.64,0.473,TM,Healthy,,D011A,0.473,Healthy,Good,None,D11,original,False
1364,109.23643106,-0.44626495,9.64,0.424,TM,Healthy,,D011A,0.424,Abnormal,Sub-Optimal,Monitor,D11,original,False
1365,109.23799851,-0.44644664,9.64,0.424,TM,Healthy,,D011A,0.424,Abnormal,Sub-Optimal,Monitor,D11,original,False
1366,109.23808521,-0.44825345,9.63,0.38,TM,Healthy,,D011A,0.38,Suspect,Critical,Priority Survey,D11,original,False
1367,109.23748882,-0.44420521,9.63,0.487,TM,Healthy,,D011A,0.487,Healthy,Good,None,D11,original,False
1368,109.23593782,-0.440967,9.63,0.462,TM,Healthy,,D011A,0.462,Healthy,Good,None,D11,original,False
1369,109.237124,-0.44847749,9.62,0.424,TM,Healthy,,D011A,0.424,Abnormal,Sub-Optimal,Monitor,D11,original,False
1370,109.23602206,-0.44748159,9.62,0.393,TM,Healthy,,D011A,0.393,Abnormal,Sub-Optimal,Monitor,D11,original,False
1371,109.2377225,-0.44745713,9.62,0.417,TM,Healthy,,D011A,0.417,Abnormal,Sub-Optimal,Monitor,D11,original,False
1372,109.23711187,-0.44660739,9.61,0.486,TM,Healthy,,D011A,0.486,Healthy,Good,None,D11,original,False
1373,109.23764005,-0.44662968,9.6,0.56,TM,Healthy,,D011A,0.56,Healthy,Good,None,D11,original,False
1374,109.2365101,-0.44630973,9.6,0.431,TM,Healthy,,D011A,0.431,Normal,Moderate,Routine,D11,original,False
1375,109.23590812,-0.4412012,9.59,0.426,TM,Healthy,,D011A,0.426,Abnormal,Sub-Optimal,Monitor,D11,original,False
1376,109.23657367,-0.44149933,9.59,0.453,TM,Healthy,,D011A,0.453,Normal,Moderate,Routine,D11,original,False
1377,109.23688538,-0.44903267,9.58,0.409,TM,Healthy,,D011A,0.409,Abnormal,Sub-Optimal,Monitor,D11,original,False
1378,109.23592115,-0.44310295,9.58,0.403,TM,Healthy,,D011A,0.403,Abnormal,Sub-Optimal,Monitor,D11,original,False
1379,109.23759924,-0.44068208,9.58,0.498,TM,Healthy,,D011A,0.498,Healthy,Good,None,D11,original,False
1380,109.23752225,-0.44529309,9.58,0.477,TM,Healthy,,D011A,0.477,Healthy,Good,None,D11,original,False
1381,109.2366168,-0.44899734,9.57,0.394,TM,Healthy,,D011A,0.394,Abnormal,Sub-Optimal,Monitor,D11,original,False
1382,109.23709683,-0.44376382,9.57,0.542,TM,Healthy,,D011A,0.542,Healthy,Good,None,D11,original,False
1383,109.23676819,-0.4488658,9.57,0.576,TM,Healthy,,D011A,0.576,Healthy,Good,None,D11,original,False
1384,109.23595813,-0.44622279,9.57,0.448,TM,Healthy,,D011A,0.448,Normal,Moderate,Routine,D11,original,False
1385,109.2361742,-0.44229999,9.57,0.43,TM,Healthy,,D011A,0.43,Normal,Moderate,Routine,D11,original,False
1386,109.23643018,-0.44430805,9.56,0.505,TM,Healthy,,D011A,0.505,Healthy,Good,None,D11,original,False
1387,109.2371585,-0.44316428,9.56,0.482,TM,Healthy,,D011A,0.482,Healthy,Good,None,D11,original,False
1388,109.23705289,-0.44722321,9.56,0.473,TM,Healthy,,D011A,0.473,Healthy,Good,None,D11,original,False
1389,109.2373193,-0.44879811,9.56,0.38,TM,Suspect,Circle_5m,D011A,0.38,Suspect,Critical,Priority Survey,D11,original,False
1390,109.23798023,-0.44206802,9.56,0.455,TM,Healthy,,D011A,0.455,Normal,Moderate,Routine,D11,original,False
1391,109.23665374,-0.44479235,9.56,0.521,TM,Healthy,,D011A,0.521,Healthy,Good,None,D11,original,False
1392,109.23664994,-0.44753102,9.55,0.529,TM,Healthy,,D011A,0.529,Healthy,Good,None,D11,original,False
1393,109.23618285,-0.44748434,9.55,0.345,TM,Suspect,Circle_5m,D011A,0.345,Suspect,Critical,Priority Survey,D11,original,False
1394,109.23710965,-0.44273925,9.55,0.431,TM,Healthy,,D011A,0.431,Normal,Moderate,Routine,D11,original,False
1395,109.23602641,-0.44808837,9.55,0.483,TM,Healthy,,D011A,0.483,Healthy,Good,None,D11,original,False
1396,109.23777966,-0.44126857,9.55,0.517,TM,Healthy,,D011A,0.517,Healthy,Good,None,D11,original,False
1397,109.23633536,-0.44829553,9.54,0.468,TM,Healthy,,D011A,0.468,Healthy,Good,None,D11,original,False
1398,109.23707219,-0.44917017,9.54,0.46,TM,Healthy,,D011A,0.46,Healthy,Good,None,D11,original,False
1399,109.23725997,-0.44142624,9.54,0.402,TM,Healthy,,D011A,0.402,Abnormal,Sub-Optimal,Monitor,D11,original,False
1400,109.23596794,-0.4408621,9.54,0.459,TM,Healthy,,D011A,0.459,Normal,Moderate,Routine,D11,original,False
1401,109.2375924,-0.44112293,9.54,0.498,TM,Healthy,,D011A,0.498,Healthy,Good,None,D11,original,False
1402,109.23642107,-0.44675644,9.53,0.442,TM,Healthy,,D011A,0.442,Normal,Moderate,Routine,D11,original,False
1403,109.23730148,-0.44441089,9.53,0.534,TM,Healthy,,D011A,0.534,Healthy,Good,None,D11,original,False
1404,109.23795283,-0.44776872,9.53,0.424,TM,Healthy,,D011A,0.424,Abnormal,Sub-Optimal,Monitor,D11,original,False
1405,109.23615045,-0.4477294,9.52,0.472,TM,Healthy,,D011A,0.472,Healthy,Good,None,D11,original,False
1406,109.23749629,-0.44109849,9.52,0.434,TM,Healthy,,D011A,0.434,Normal,Moderate,Routine,D11,original,False
1407,109.23669154,-0.44446817,9.52,0.488,TM,Healthy,,D011A,0.488,Healthy,Good,None,D11,original,False
1408,109.23744826,-0.44479707,9.52,0.485,TM,Healthy,,D011A,0.485,Healthy,Good,None,D11,original,False
1409,109.2360641,-0.44066002,9.52,0.465,TM,Healthy,,D011A,0.465,Healthy,Good,None,D11,original,False
1410,109.23640456,-0.44057645,9.52,0.498,TM,Healthy,,D011A,0.498,Healthy,Good,None,D11,original,False
1411,109.23707642,-0.44270036,9.51,0.469,TM,Healthy,,D011A,0.469,Healthy,Good,None,D11,original,False
1412,109.23637161,-0.44317947,9.51,0.381,TM,Healthy,,D011A,0.381,Suspect,Critical,Priority Survey,D11,original,False
1413,109.23657575,-0.44598737,9.51,0.412,TM,Healthy,,D011A,0.412,Abnormal,Sub-Optimal,Monitor,D11,original,False
1414,109.23630025,-0.44861519,9.51,0.452,TM,Healthy,,D011A,0.452,Normal,Moderate,Routine,D11,original,False
1415,109.23802601,-0.44030916,9.51,0.517,TM,Healthy,,D011A,0.517,Healthy,Good,None,D11,original,False
1416,109.23737375,-0.44648899,9.51,0.48,TM,Healthy,,D011A,0.48,Healthy,Good,None,D11,original,False
1417,109.2360193,-0.4439607,9.5,0.366,TM,Suspect,Circle_5m,D011A,0.366,Suspect,Critical,Priority Survey,D11,original,False
1418,109.23621623,-0.44688796,9.5,0.416,TM,Healthy,,D011A,0.416,Abnormal,Sub-Optimal,Monitor,D11,original,False
1419,109.23793878,-0.44641995,9.49,0.452,TM,Healthy,,D011A,0.452,Normal,Moderate,Routine,D11,original,False
1420,109.23768706,-0.44915992,9.49,0.391,TM,Healthy,,D011A,0.391,Abnormal,Sub-Optimal,Monitor,D11,original,False
1421,109.23716353,-0.44845399,9.49,0.528,TM,Healthy,,D011A,0.528,Healthy,Good,None,D11,original,False
1422,109.2372738,-0.44560321,9.49,0.461,TM,Healthy,,D011A,0.461,Healthy,Good,None,D11,original,False
1423,109.23726815,-0.44858016,9.49,0.404,TM,Healthy,,D011A,0.404,Abnormal,Sub-Optimal,Monitor,D11,original,False
1424,109.23673968,-0.4422115,9.48,0.344,TM,Suspect,Circle_5m,D011A,0.344,Suspect,Critical,Priority Survey,D11,original,False
1425,109.23658664,-0.4417453,9.48,0.491,TM,Healthy,,D011A,0.491,Healthy,Good,None,D11,original,False
1426,109.23762631,-0.44399726,9.48,0.439,TM,Healthy,,D011A,0.439,Normal,Moderate,Routine,D11,original,False
1427,109.23742042,-0.44475501,9.48,0.468,TM,Healthy,,D011A,0.468,Healthy,Good,None,D11,original,False
1428,109.23712327,-0.44591335,9.48,0.518,TM,Healthy,,D011A,0.518,Healthy,Good,None,D11,original,False
1429,109.23681517,-0.44396089,9.47,0.483,TM,Healthy,,D011A,0.483,Healthy,Good,None,D11,original,False
1430,109.23764408,-0.44856443,9.47,0.356,TM,Suspect,Circle_5m,D011A,0.356,Suspect,Critical,Priority Survey,D11,original,False
1431,109.23743103,-0.44356586,9.47,0.48,TM,Healthy,,D011A,0.48,Healthy,Good,None,D11,original,False
1432,109.23744272,-0.44352698,9.47,0.416,TM,Healthy,,D011A,0.416,Abnormal,Sub-Optimal,Monitor,D11,original,False
1433,109.2363067,-0.44417689,9.47,0.405,TM,Healthy,,D011A,0.405,Abnormal,Sub-Optimal,Monitor,D11,original,False
1434,109.23596376,-0.4452163,9.46,0.496,TM,Healthy,,D011A,0.496,Healthy,Good,None,D11,original,False
1435,109.23744492,-0.44749459,9.46,0.494,TM,Healthy,,D011A,0.494,Healthy,Good,None,D11,original,False
1436,109.23746208,-0.4489894,9.45,0.486,TM,Healthy,,D011A,0.486,Healthy,Good,None,D11,original,False
1437,109.2363604,-0.44311978,9.45,0.36,TM,Suspect,Circle_5m,D011A,0.36,Suspect,Critical,Priority Survey,D11,original,False
1438,109.23632861,-0.44459966,9.45,0.455,TM,Healthy,,D011A,0.455,Normal,Moderate,Routine,D11,original,False
1439,109.23662907,-0.44654759,9.44,0.532,TM,Healthy,,D011A,0.532,Healthy,Good,None,D11,original,False
1440,109.23633047,-0.44243205,9.44,0.551,TM,Healthy,,D011A,0.551,Healthy,Good,None,D11,original,False
1441,109.23590695,-0.44047188,9.44,0.427,TM,Healthy,,D011A,0.427,Abnormal,Sub-Optimal,Monitor,D11,original,False
1442,109.23613342,-0.44568613,9.43,0.347,TM,Suspect,Circle_5m,D011A,0.347,Suspect,Critical,Priority Survey,D11,original,False
1443,109.23706042,-0.44388815,9.43,0.427,TM,Healthy,,D011A,0.427,Abnormal,Sub-Optimal,Monitor,D11,original,False
1444,109.23600519,-0.44475376,9.42,0.443,TM,Healthy,,D011A,0.443,Normal,Moderate,Routine,D11,original,False
1445,109.23629749,-0.44133377,9.41,0.466,TM,Healthy,,D011A,0.466,Healthy,Good,None,D11,original,False
1446,109.23658226,-0.44314651,9.41,0.596,TM,Healthy,,D011A,0.596,Healthy,Good,None,D11,original,False
1447,109.237311,-0.44783005,9.41,0.431,TM,Healthy,,D011A,0.431,Normal,Moderate,Routine,D11,original,False
1448,109.23656211,-0.44291591,9.4,0.406,TM,Healthy,,D011A,0.406,Abnormal,Sub-Optimal,Monitor,D11,original,False
1449,109.23638717,-0.44196726,9.4,0.34,TM,Suspect,Circle_5m,D011A,0.34,Suspect,Critical,Priority Survey,D11,original,False
1450,109.23660729,-0.44178962,9.4,0.47,TM,Healthy,,D011A,0.47,Healthy,Good,None,D11,original,False
1451,109.23591321,-0.44055282,9.4,0.442,TM,Healthy,,D011A,0.442,Normal,Moderate,Routine,D11,original,False
1452,109.23611161,-0.44109002,9.4,0.457,TM,Healthy,,D011A,0.457,Normal,Moderate,Routine,D11,original,False
1453,109.23725748,-0.44624887,9.39,0.438,TM,Healthy,,D011A,0.438,Normal,Moderate,Routine,D11,original,False
1454,109.23754892,-0.44076527,9.39,0.438,TM,Healthy,,D011A,0.438,Normal,Moderate,Routine,D11,original,False
1455,109.23637798,-0.44851845,9.38,0.427,TM,Healthy,,D011A,0.427,Abnormal,Sub-Optimal,Monitor,D11,original,False
1456,109.23688356,-0.4472625,9.38,0.392,TM,Healthy,,D011A,0.392,Abnormal,Sub-Optimal,Monitor,D11,original,False
1457,109.23609031,-0.44756616,9.37,0.387,TM,Healthy,,D011A,0.387,Suspect,Critical,Priority Survey,D11,original,False
1458,109.23684785,-0.44632881,9.37,0.401,TM,Healthy,,D011A,0.401,Abnormal,Sub-Optimal,Monitor,D11,original,False
1459,109.236442,-0.44750791,9.37,0.422,TM,Healthy,,D011A,0.422,Abnormal,Sub-Optimal,Monitor,D11,original,False
1460,109.23782102,-0.44679204,9.36,0.441,TM,Healthy,,D011A,0.441,Normal,Moderate,Routine,D11,original,False
1461,109.23640067,-0.44183433,9.36,0.41,TM,Healthy,,D011A,0.41,Abnormal,Sub-Optimal,Monitor,D11,original,False
1462,109.23709731,-0.443644,9.36,0.509,TM,Healthy,,D011A,0.509,Healthy,Good,None,D11,original,False
1463,109.23598679,-0.4466017,9.36,0.349,TM,Suspect,Circle_5m,D011A,0.349,Suspect,Critical,Priority Survey,D11,original,False
1464,109.23671114,-0.44704,9.36,0.416,TM,Healthy,,D011A,0.416,Abnormal,Sub-Optimal,Monitor,D11,original,False
1465,109.23691172,-0.44781504,9.36,0.392,TM,Healthy,,D011A,0.392,Abnormal,Sub-Optimal,Monitor,D11,original,False
1466,109.23782487,-0.44758014,9.36,0.409,TM,Healthy,,D011A,0.409,Abnormal,Sub-Optimal,Monitor,D11,original,False
1467,109.23739229,-0.44782646,9.34,0.501,TM,Healthy,,D011A,0.501,Healthy,Good,None,D11,original,False
1468,109.23690291,-0.44331886,9.34,0.489,TM,Healthy,,D011A,0.489,Healthy,Good,None,D11,original,False
1469,109.23601035,-0.44763034,9.34,0.402,TM,Healthy,,D011A,0.402,Abnormal,Sub-Optimal,Monitor,D11,original,False
1470,109.23722913,-0.44648579,9.34,0.432,TM,Healthy,,D011A,0.432,Normal,Moderate,Routine,D11,original,False
1471,109.23729802,-0.44761483,9.34,0.48,TM,Healthy,,D011A,0.48,Healthy,Good,None,D11,original,False
1472,109.23686876,-0.44148448,9.34,0.359,TM,Suspect,Circle_5m,D011A,0.359,Suspect,Critical,Priority Survey,D11,original,False
1473,109.23773877,-0.44702126,9.33,0.413,TM,Healthy,,D011A,0.413,Abnormal,Sub-Optimal,Monitor,D11,original,False
1474,109.23783763,-0.44114243,9.33,0.467,TM,Healthy,,D011A,0.467,Healthy,Good,None,D11,original,False
1475,109.23612886,-0.44597686,9.33,0.314,TM,Suspect,Circle_5m,D011A,0.314,Suspect,Critical,Priority Survey,D11,original,False
1476,109.2358568,-0.44170172,9.33,0.357,TM,Suspect,Circle_5m,D011A,0.357,Suspect,Critical,Priority Survey,D11,original,False
1477,109.2358889,-0.44081054,9.33,0.474,TM,Healthy,,D011A,0.474,Healthy,Good,None,D11,original,False
1478,109.23777068,-0.44695073,9.31,0.447,TM,Healthy,,D011A,0.447,Normal,Moderate,Routine,D11,original,False
1479,109.23686693,-0.4472946,9.31,0.456,TM,Healthy,,D011A,0.456,Normal,Moderate,Routine,D11,original,False
1480,109.23651215,-0.44335674,9.3,0.49,TM,Healthy,,D011A,0.49,Healthy,Good,None,D11,original,False
1481,109.23707265,-0.44156863,9.3,0.422,TM,Healthy,,D011A,0.422,Abnormal,Sub-Optimal,Monitor,D11,original,False
1482,109.2376086,-0.4485504,9.29,0.392,TM,Healthy,,D011A,0.392,Abnormal,Sub-Optimal,Monitor,D11,original,False
1483,109.23627509,-0.44865226,9.28,0.395,TM,Healthy,,D011A,0.395,Abnormal,Sub-Optimal,Monitor,D11,original,False
1484,109.23751464,-0.44893742,9.28,0.49,TM,Healthy,,D011A,0.49,Healthy,Good,None,D11,original,False
1485,109.23617386,-0.44564183,9.28,0.448,TM,Healthy,,D011A,0.448,Normal,Moderate,Routine,D11,original,False
1486,109.23623628,-0.44186006,9.28,0.514,TM,Healthy,,D011A,0.514,Healthy,Good,None,D11,original,False
1487,109.23698695,-0.4487596,9.27,0.513,TM,Healthy,,D011A,0.513,Healthy,Good,None,D11,original,False
1488,109.23674247,-0.4456284,9.27,0.462,TM,Healthy,,D011A,0.462,Healthy,Good,None,D11,original,False
1489,109.23698811,-0.44766223,9.27,0.503,TM,Healthy,,D011A,0.503,Healthy,Good,None,D11,original,False
1490,109.23700551,-0.44058383,9.26,0.528,TM,Healthy,,D011A,0.528,Healthy,Good,None,D11,original,False
1491,109.23703048,-0.44889661,9.26,0.456,TM,Healthy,,D011A,0.456,Normal,Moderate,Routine,D11,original,False
1492,109.23710364,-0.44536217,9.25,0.413,TM,Healthy,,D011A,0.413,Abnormal,Sub-Optimal,Monitor,D11,original,False
1493,109.23613272,-0.44861741,9.24,0.426,TM,Healthy,,D011A,0.426,Abnormal,Sub-Optimal,Monitor,D11,original,False
1494,109.23653781,-0.44878209,9.24,0.493,TM,Healthy,,D011A,0.493,Healthy,Good,None,D11,original,False
1495,109.23687156,-0.44291508,9.24,0.523,TM,Healthy,,D011A,0.523,Healthy,Good,None,D11,original,False
1496,109.23682842,-0.44301002,9.24,0.388,TM,Healthy,,D011A,0.388,Suspect,Critical,Priority Survey,D11,original,False
1497,109.23675173,-0.446322,9.24,0.429,TM,Healthy,,D011A,0.429,Abnormal,Sub-Optimal,Monitor,D11,original,False
1498,109.23626891,-0.44065645,9.23,0.44,TM,Healthy,,D011A,0.44,Normal,Moderate,Routine,D11,original,False
1499,109.23731006,-0.44800413,9.23,0.398,TM,Healthy,,D011A,0.398,Abnormal,Sub-Optimal,Monitor,D11,original,False
1500,109.23721911,-0.44327733,9.23,0.437,TM,Healthy,,D011A,0.437,Normal,Moderate,Routine,D11,original,False
1501,109.2363051,-0.44714526,9.23,0.489,TM,Healthy,,D011A,0.489,Healthy,Good,None,D11,original,False
1502,109.23711812,-0.44489917,9.23,0.476,TM,Healthy,,D011A,0.476,Healthy,Good,None,D11,original,False
1503,109.23718556,-0.44648985,9.23,0.481,TM,Healthy,,D011A,0.481,Healthy,Good,None,D11,original,False
1504,109.23742862,-0.44804485,9.22,0.476,TM,Healthy,,D011A,0.476,Healthy,Good,None,D11,original,False
1505,109.23722471,-0.44429151,9.22,0.377,TM,Suspect,Circle_5m,D011A,0.377,Suspect,Critical,Priority Survey,D11,original,False
1506,109.23734099,-0.44447149,9.22,0.474,TM,Healthy,,D011A,0.474,Healthy,Good,None,D11,original,False
1507,109.2374126,-0.44742179,9.22,0.522,TM,Healthy,,D011A,0.522,Healthy,Good,None,D11,original,False
1508,109.23614547,-0.44032454,9.22,0.48,TM,Healthy,,D011A,0.48,Healthy,Good,None,D11,original,False
1509,109.23741444,-0.4415452,9.22,0.444,TM,Healthy,,D011A,0.444,Normal,Moderate,Routine,D11,original,False
1510,109.23765514,-0.44739472,9.22,0.479,TM,Healthy,,D011A,0.479,Healthy,Good,None,D11,original,False
1511,109.23586714,-0.44166058,9.22,0.394,TM,Healthy,,D011A,0.394,Abnormal,Sub-Optimal,Monitor,D11,original,False
1512,109.23704305,-0.44705907,9.21,0.48,TM,Healthy,,D011A,0.48,Healthy,Good,None,D11,original,False
1513,109.2378327,-0.44109179,9.21,0.447,TM,Healthy,,D011A,0.447,Normal,Moderate,Routine,D11,original,False
1514,109.23643302,-0.44370126,9.21,0.507,TM,Healthy,,D011A,0.507,Healthy,Good,None,D11,original,False
1515,109.23639214,-0.44750067,9.21,0.401,TM,Healthy,,D011A,0.401,Abnormal,Sub-Optimal,Monitor,D11,original,False
1516,109.23614923,-0.44343126,9.2,0.487,TM,Healthy,,D011A,0.487,Healthy,Good,None,D11,original,False
1517,109.23647707,-0.44167293,9.2,0.417,TM,Healthy,,D011A,0.417,Abnormal,Sub-Optimal,Monitor,D11,original,False
1518,109.2368372,-0.44765858,9.2,0.42,TM,Healthy,,D011A,0.42,Abnormal,Sub-Optimal,Monitor,D11,original,False
1519,109.23696093,-0.44295037,9.2,0.466,TM,Healthy,,D011A,0.466,Healthy,Good,None,D11,original,False
1520,109.2379076,-0.44722115,9.19,0.516,TM,Healthy,,D011A,0.516,Healthy,Good,None,D11,original,False
1521,109.23678763,-0.44645178,9.19,0.401,TM,Healthy,,D011A,0.401,Abnormal,Sub-Optimal,Monitor,D11,original,False
1522,109.23624237,-0.44269925,9.19,0.468,TM,Healthy,,D011A,0.468,Healthy,Good,None,D11,original,False
1523,109.23727391,-0.44891611,9.17,0.425,TM,Healthy,,D011A,0.425,Abnormal,Sub-Optimal,Monitor,D11,original,False
1524,109.23585386,-0.44082771,9.17,0.391,TM,Healthy,,D011A,0.391,Abnormal,Sub-Optimal,Monitor,D11,original,False
1525,109.23700005,-0.44657707,9.17,0.49,TM,Healthy,,D011A,0.49,Healthy,Good,None,D11,original,False
1526,109.23717961,-0.44694471,9.16,0.412,TM,Healthy,,D011A,0.412,Abnormal,Sub-Optimal,Monitor,D11,original,False
1527,109.23641078,-0.44088075,9.16,0.387,TM,Healthy,,D011A,0.387,Suspect,Critical,Priority Survey,D11,original,False
1528,109.23810051,-0.44054339,9.15,0.382,TM,Healthy,,D011A,0.382,Suspect,Critical,Priority Survey,D11,original,False
1529,109.2362922,-0.44471224,9.15,0.463,TM,Healthy,,D011A,0.463,Healthy,Good,None,D11,original,False
1530,109.23797045,-0.44165023,9.15,0.376,TM,Suspect,Circle_5m,D011A,0.376,Suspect,Critical,Priority Survey,D11,original,False
1531,109.23622225,-0.44231356,9.13,0.341,TM,Suspect,Circle_5m,D011A,0.341,Suspect,Critical,Priority Survey,D11,original,False
1532,109.23706233,-0.44907431,9.13,0.52,TM,Healthy,,D011A,0.52,Healthy,Good,None,D11,original,False
1533,109.23659512,-0.44765128,9.13,0.502,TM,Healthy,,D011A,0.502,Healthy,Good,None,D11,original,False
1534,109.2369968,-0.44320765,9.12,0.521,TM,Healthy,,D011A,0.521,Healthy,Good,None,D11,original,False
1535,109.23686552,-0.44757041,9.12,0.486,TM,Healthy,,D011A,0.486,Healthy,Good,None,D11,original,False
1536,109.23663209,-0.44894715,9.11,0.486,TM,Healthy,,D011A,0.486,Healthy,Good,None,D11,original,False
1537,109.23604559,-0.44674097,9.11,0.382,TM,Healthy,,D011A,0.382,Suspect,Critical,Priority Survey,D11,original,False
1538,109.23748159,-0.44628103,9.11,0.486,TM,Healthy,,D011A,0.486,Healthy,Good,None,D11,original,False
1539,109.23690729,-0.44754962,9.11,0.423,TM,Healthy,,D011A,0.423,Abnormal,Sub-Optimal,Monitor,D11,original,False
1540,109.2379818,-0.44114292,9.11,0.514,TM,Healthy,,D011A,0.514,Healthy,Good,None,D11,original,False
1541,109.23721862,-0.44720742,9.1,0.447,TM,Healthy,,D011A,0.447,Normal,Moderate,Routine,D11,original,False
1542,109.23700966,-0.44390216,9.1,0.421,TM,Healthy,,D011A,0.421,Abnormal,Sub-Optimal,Monitor,D11,original,False
1543,109.23708747,-0.44347082,9.1,0.445,TM,Healthy,,D011A,0.445,Normal,Moderate,Routine,D11,original,False
1544,109.23671095,-0.44594987,9.09,0.462,TM,Healthy,,D011A,0.462,Healthy,Good,None,D11,original,False
1545,109.23606088,-0.44476011,9.09,0.382,TM,Healthy,,D011A,0.382,Suspect,Critical,Priority Survey,D11,original,False
1546,109.23686526,-0.44676152,9.09,0.476,TM,Healthy,,D011A,0.476,Healthy,Good,None,D11,original,False
1547,109.23634212,-0.44251977,9.09,0.406,TM,Healthy,,D011A,0.406,Abnormal,Sub-Optimal,Monitor,D11,original,False
1548,109.2374733,-0.44145568,9.09,0.455,TM,Healthy,,D011A,0.455,Normal,Moderate,Routine,D11,original,False
1549,109.23807622,-0.44072425,9.08,0.402,TM,Healthy,,D011A,0.402,Abnormal,Sub-Optimal,Monitor,D11,original,False
1550,109.23643666,-0.44349418,9.08,0.382,TM,Healthy,,D011A,0.382,Suspect,Critical,Priority Survey,D11,original,False
1551,109.23804929,-0.44060894,9.07,0.381,TM,Healthy,,D011A,0.381,Suspect,Critical,Priority Survey,D11,original,False
1552,109.2358729,-0.44199879,9.07,0.401,TM,Healthy,,D011A,0.401,Abnormal,Sub-Optimal,Monitor,D11,original,False
1553,109.23792214,-0.44651354,9.06,0.429,TM,Healthy,,D011A,0.429,Abnormal,Sub-Optimal,Monitor,D11,original,False
1554,109.2371503,-0.4455652,9.05,0.444,TM,Healthy,,D011A,0.444,Normal,Moderate,Routine,D11,original,False
1555,109.23600539,-0.44392226,9.05,0.438,TM,Healthy,,D011A,0.438,Normal,Moderate,Routine,D11,original,False
1556,109.23625959,-0.44774525,9.05,0.345,TM,Suspect,Circle_5m,D011A,0.345,Suspect,Critical,Priority Survey,D11,original,False
1557,109.23593537,-0.44181839,9.05,0.472,TM,Healthy,,D011A,0.472,Healthy,Good,None,D11,original,False
1558,109.23757114,-0.4436518,9.04,0.361,TM,Suspect,Circle_5m,D011A,0.361,Suspect,Critical,Priority Survey,D11,original,False
1559,109.23610361,-0.44640594,9.04,0.399,TM,Healthy,,D011A,0.399,Abnormal,Sub-Optimal,Monitor,D11,original,False
1560,109.23609878,-0.44594294,9.04,0.384,TM,Healthy,,D011A,0.384,Suspect,Critical,Priority Survey,D11,original,False
1561,109.23801679,-0.44699149,9.04,0.348,TM,Suspect,Circle_5m,D011A,0.348,Suspect,Critical,Priority Survey,D11,original,False
1562,109.23607579,-0.44815395,9.04,0.428,TM,Healthy,,D011A,0.428,Abnormal,Sub-Optimal,Monitor,D11,original,False
1563,109.23719398,-0.44885686,9.04,0.409,TM,Healthy,,D011A,0.409,Abnormal,Sub-Optimal,Monitor,D11,original,False
1564,109.23610739,-0.44563729,9.02,0.403,TM,Healthy,,D011A,0.403,Abnormal,Sub-Optimal,Monitor,D11,original,False
1565,109.23691965,-0.44468481,9.02,0.461,TM,Healthy,,D011A,0.461,Healthy,Good,None,D11,original,False
1566,109.23745175,-0.44709715,9.02,0.439,TM,Healthy,,D011A,0.439,Normal,Moderate,Routine,D11,original,False
1567,109.23782648,-0.44648865,9.02,0.476,TM,Healthy,,D011A,0.476,Healthy,Good,None,D11,original,False
1568,109.23809703,-0.44388569,9.02,0.418,TM,Healthy,,D011A,0.418,Abnormal,Sub-Optimal,Monitor,D11,original,False
1569,109.23608904,-0.4453556,9.02,0.392,TM,Healthy,,D011A,0.392,Abnormal,Sub-Optimal,Monitor,D11,original,False
1570,109.2375916,-0.44072911,9.01,0.478,TM,Healthy,,D011A,0.478,Healthy,Good,None,D11,original,False
1571,109.23761685,-0.44408587,9.01,0.412,TM,Healthy,,D011A,0.412,Abnormal,Sub-Optimal,Monitor,D11,original,False
1572,109.23684379,-0.44450664,9.01,0.416,TM,Healthy,,D011A,0.416,Abnormal,Sub-Optimal,Monitor,D11,original,False
1573,109.23644066,-0.4455804,9.01,0.462,TM,Healthy,,D011A,0.462,Healthy,Good,None,D11,original,False
1574,109.2363292,-0.44399152,9.0,0.522,TM,Healthy,,D011A,0.522,Healthy,Good,None,D11,original,False
1575,109.23626212,-0.44841126,8.99,0.487,TM,Healthy,,D011A,0.487,Healthy,Good,None,D11,original,False
1576,109.23601609,-0.44615543,8.99,0.406,TM,Healthy,,D011A,0.406,Abnormal,Sub-Optimal,Monitor,D11,original,False
1577,109.23783519,-0.44574622,8.99,0.429,TM,Healthy,,D011A,0.429,Abnormal,Sub-Optimal,Monitor,D11,original,False
1578,109.23733559,-0.44830934,8.98,0.515,TM,Healthy,,D011A,0.515,Healthy,Good,None,D11,original,False
1579,109.23749178,-0.44117988,8.98,0.467,TM,Healthy,,D011A,0.467,Healthy,Good,None,D11,original,False
1580,109.23685449,-0.44671178,8.98,0.536,TM,Healthy,,D011A,0.536,Healthy,Good,None,D11,original,False
1581,109.23729169,-0.4459066,8.97,0.429,TM,Healthy,,D011A,0.429,Abnormal,Sub-Optimal,Monitor,D11,original,False
1582,109.23645694,-0.44510293,8.97,0.456,TM,Healthy,,D011A,0.456,Normal,Moderate,Routine,D11,original,False
1583,109.23645323,-0.44561522,8.97,0.386,TM,Healthy,,D011A,0.386,Suspect,Critical,Priority Survey,D11,original,False
1584,109.23653151,-0.44694049,8.96,0.474,TM,Healthy,,D011A,0.474,Healthy,Good,None,D11,original,False
1585,109.23584705,-0.44113743,8.96,0.42,TM,Healthy,,D011A,0.42,Abnormal,Sub-Optimal,Monitor,D11,original,False
1586,109.23625202,-0.4417728,8.96,0.431,TM,Healthy,,D011A,0.431,Normal,Moderate,Routine,D11,original,False
1587,109.23734245,-0.44590255,8.96,0.419,TM,Healthy,,D011A,0.419,Abnormal,Sub-Optimal,Monitor,D11,original,False
1588,109.23687485,-0.44608691,8.96,0.479,TM,Healthy,,D011A,0.479,Healthy,Good,None,D11,original,False
1589,109.23805716,-0.44155801,8.95,0.388,TM,Healthy,,D011A,0.388,Suspect,Critical,Priority Survey,D11,original,False
1590,109.23759323,-0.44520042,8.95,0.373,TM,Suspect,Circle_5m,D011A,0.373,Suspect,Critical,Priority Survey,D11,original,False
1591,109.23623979,-0.4478949,8.94,0.422,TM,Healthy,,D011A,0.422,Abnormal,Sub-Optimal,Monitor,D11,original,False
1592,109.23621695,-0.44761683,8.94,0.428,TM,Healthy,,D011A,0.428,Abnormal,Sub-Optimal,Monitor,D11,original,False
1593,109.23641987,-0.44421535,8.94,0.37,TM,Suspect,Circle_5m,D011A,0.37,Suspect,Critical,Priority Survey,D11,original,False
1594,109.23782182,-0.44718858,8.94,0.428,TM,Healthy,,D011A,0.428,Abnormal,Sub-Optimal,Monitor,D11,original,False
1595,109.23674541,-0.4464807,8.93,0.379,TM,Suspect,Circle_5m,D011A,0.379,Suspect,Critical,Priority Survey,D11,original,False
1596,109.23748052,-0.44132592,8.93,0.511,TM,Healthy,,D011A,0.511,Healthy,Good,None,D11,original,False
1597,109.23635765,-0.4452277,8.92,0.516,TM,Healthy,,D011A,0.516,Healthy,Good,None,D11,original,False
1598,109.23630937,-0.44239226,8.92,0.446,TM,Healthy,,D011A,0.446,Normal,Moderate,Routine,D11,original,False
1599,109.23713235,-0.44737424,8.92,0.397,TM,Healthy,,D011A,0.397,Abnormal,Sub-Optimal,Monitor,D11,original,False
1600,109.23599406,-0.44623862,8.91,0.397,TM,Healthy,,D011A,0.397,Abnormal,Sub-Optimal,Monitor,D11,original,False
1601,109.23641646,-0.44722803,8.91,0.438,TM,Healthy,,D011A,0.438,Normal,Moderate,Routine,D11,original,False
1602,109.23635997,-0.44682334,8.91,0.509,TM,Healthy,,D011A,0.509,Healthy,Good,None,D11,original,False
1603,109.23627716,-0.44749973,8.91,0.45,TM,Healthy,,D011A,0.45,Normal,Moderate,Routine,D11,original,False
1604,109.23794835,-0.44584075,8.9,0.446,TM,Healthy,,D011A,0.446,Normal,Moderate,Routine,D11,original,False
1605,109.23626066,-0.44134281,8.9,0.43,TM,Healthy,,D011A,0.43,Normal,Moderate,Routine,D11,original,False
1606,109.23667461,-0.44765673,8.89,0.44,TM,Healthy,,D011A,0.44,Normal,Moderate,Routine,D11,original,False
1607,109.2376901,-0.44769812,8.88,0.448,TM,Healthy,,D011A,0.448,Normal,Moderate,Routine,D11,original,False
1608,109.23693214,-0.44879937,8.88,0.372,TM,Suspect,Circle_5m,D011A,0.372,Suspect,Critical,Priority Survey,D11,original,False
1609,109.23732408,-0.44758454,8.88,0.422,TM,Healthy,,D011A,0.422,Abnormal,Sub-Optimal,Monitor,D11,original,False
1610,109.23755321,-0.44728301,8.88,0.5,TM,Healthy,,D011A,0.5,Healthy,Good,None,D11,original,False
1611,109.23707219,-0.44160751,8.87,0.445,TM,Healthy,,D011A,0.445,Normal,Moderate,Routine,D11,original,False
1612,109.23802599,-0.44797492,8.87,0.414,TM,Healthy,,D011A,0.414,Abnormal,Sub-Optimal,Monitor,D11,original,False
1613,109.23636661,-0.4453317,8.86,0.447,TM,Healthy,,D011A,0.447,Normal,Moderate,Routine,D11,original,False
1614,109.23702707,-0.44624565,8.85,0.437,TM,Healthy,,D011A,0.437,Normal,Moderate,Routine,D11,original,False
1615,109.23806832,-0.44561968,8.85,0.352,TM,Suspect,Circle_5m,D011A,0.352,Suspect,Critical,Priority Survey,D11,original,False
1616,109.23815015,-0.44900449,8.85,0.429,TM,Healthy,,D011A,0.429,Abnormal,Sub-Optimal,Monitor,D11,original,False
1617,109.23636726,-0.44637662,8.85,0.478,TM,Healthy,,D011A,0.478,Healthy,Good,None,D11,original,False
1618,109.23802439,-0.44528055,8.85,0.432,TM,Healthy,,D011A,0.432,Normal,Moderate,Routine,D11,original,False
1619,109.23705962,-0.44535447,8.84,0.479,TM,Healthy,,D011A,0.479,Healthy,Good,None,D11,original,False
1620,109.23596368,-0.44554095,8.84,0.522,TM,Healthy,,D011A,0.522,Healthy,Good,None,D11,original,False
1621,109.23672856,-0.44365974,8.84,0.383,TM,Healthy,,D011A,0.383,Suspect,Critical,Priority Survey,D11,original,False
1622,109.23647381,-0.44214995,8.83,0.415,TM,Healthy,,D011A,0.415,Abnormal,Sub-Optimal,Monitor,D11,original,False
1623,109.23612361,-0.44539268,8.83,0.44,TM,Healthy,,D011A,0.44,Normal,Moderate,Routine,D11,original,False
1624,109.23680696,-0.44449985,8.82,0.487,TM,Healthy,,D011A,0.487,Healthy,Good,None,D11,original,False
1625,109.23700104,-0.4442806,8.82,0.331,TM,Suspect,Circle_5m,D011A,0.331,Suspect,Critical,Priority Survey,D11,original,False
1626,109.23708969,-0.44546707,8.82,0.433,TM,Healthy,,D011A,0.433,Normal,Moderate,Routine,D11,original,False
1627,109.23653779,-0.4469857,8.81,0.476,TM,Healthy,,D011A,0.476,Healthy,Good,None,D11,original,False
1628,109.23617439,-0.44148612,8.81,0.495,TM,Healthy,,D011A,0.495,Healthy,Good,None,D11,original,False
1629,109.23598983,-0.44890269,8.81,0.358,TM,Suspect,Circle_5m,D011A,0.358,Suspect,Critical,Priority Survey,D11,original,False
1630,109.23748092,-0.4490934,8.81,0.388,TM,Healthy,,D011A,0.388,Suspect,Critical,Priority Survey,D11,original,False
1631,109.23610857,-0.44252334,8.8,0.527,TM,Healthy,,D011A,0.527,Healthy,Good,None,D11,original,False
1632,109.23723153,-0.44582023,8.8,0.469,TM,Healthy,,D011A,0.469,Healthy,Good,None,D11,original,False
1633,109.23695683,-0.44700977,8.79,0.475,TM,Healthy,,D011A,0.475,Healthy,Good,None,D11,original,False
1634,109.23643966,-0.44220374,8.79,0.342,TM,Suspect,Circle_5m,D011A,0.342,Suspect,Critical,Priority Survey,D11,original,False
1635,109.23735561,-0.44151037,8.79,0.427,TM,Healthy,,D011A,0.427,Abnormal,Sub-Optimal,Monitor,D11,original,False
1636,109.23727696,-0.44365444,8.79,0.548,TM,Healthy,,D011A,0.548,Healthy,Good,None,D11,original,False
1637,109.23607945,-0.44599267,8.79,0.423,TM,Healthy,,D011A,0.423,Abnormal,Sub-Optimal,Monitor,D11,original,False
1638,109.23761281,-0.44787896,8.77,0.474,TM,Healthy,,D011A,0.474,Healthy,Good,None,D11,original,False
1639,109.23738104,-0.44415048,8.77,0.428,TM,Healthy,,D011A,0.428,Abnormal,Sub-Optimal,Monitor,D11,original,False
1640,109.23608287,-0.44294835,8.77,0.423,TM,Healthy,,D011A,0.423,Abnormal,Sub-Optimal,Monitor,D11,original,False
1641,109.23616359,-0.4472456,8.77,0.458,TM,Healthy,,D011A,0.458,Normal,Moderate,Routine,D11,original,False
1642,109.23777533,-0.44815345,8.76,0.417,TM,Healthy,,D011A,0.417,Abnormal,Sub-Optimal,Monitor,D11,original,False
1643,109.23655575,-0.44319353,8.76,0.507,TM,Healthy,,D011A,0.507,Healthy,Good,None,D11,original,False
1644,109.23730107,-0.44613449,8.76,0.42,TM,Healthy,,D011A,0.42,Abnormal,Sub-Optimal,Monitor,D11,original,False
1645,109.23738678,-0.44458771,8.75,0.392,TM,Healthy,,D011A,0.392,Abnormal,Sub-Optimal,Monitor,D11,original,False
1646,109.23620913,-0.44464258,8.75,0.485,TM,Healthy,,D011A,0.485,Healthy,Good,None,D11,original,False
1647,109.23616552,-0.4485808,8.75,0.38,TM,Suspect,Circle_5m,D011A,0.38,Suspect,Critical,Priority Survey,D11,original,False
1648,109.23696914,-0.44053679,8.75,0.592,TM,Healthy,,D011A,0.592,Healthy,Good,None,D11,original,False
1649,109.23675894,-0.44624694,8.75,0.511,TM,Healthy,,D011A,0.511,Healthy,Good,None,D11,original,False
1650,109.23771697,-0.44427038,8.74,0.431,TM,Healthy,,D011A,0.431,Normal,Moderate,Routine,D11,original,False
1651,109.23813772,-0.44081876,8.74,0.294,TM,Suspect,Circle_5m,D011A,0.294,Suspect,Critical,Priority Survey,D11,original,False
1652,109.2371493,-0.44599926,8.73,0.456,TM,Healthy,,D011A,0.456,Normal,Moderate,Routine,D11,original,False
1653,109.23636332,-0.44405483,8.73,0.445,TM,Healthy,,D011A,0.445,Normal,Moderate,Routine,D11,original,False
1654,109.23663409,-0.44805868,8.72,0.386,TM,Healthy,,D011A,0.386,Suspect,Critical,Priority Survey,D11,original,False
1655,109.23666205,-0.44760563,8.72,0.419,TM,Healthy,,D011A,0.419,Abnormal,Sub-Optimal,Monitor,D11,original,False
1656,109.23621355,-0.44305238,8.72,0.404,TM,Healthy,,D011A,0.404,Abnormal,Sub-Optimal,Monitor,D11,original,False
1657,109.2379972,-0.44815215,8.72,0.486,TM,Healthy,,D011A,0.486,Healthy,Good,None,D11,original,False
1658,109.23794129,-0.44720488,8.72,0.519,TM,Healthy,,D011A,0.519,Healthy,Good,None,D11,original,False
1659,109.23610837,-0.44901711,8.7,0.586,TM,Healthy,,D011A,0.586,Healthy,Good,None,D11,original,False
1660,109.23762317,-0.44395204,8.7,0.367,TM,Suspect,Circle_5m,D011A,0.367,Suspect,Critical,Priority Survey,D11,original,False
1661,109.23666476,-0.44187599,8.7,0.408,TM,Healthy,,D011A,0.408,Abnormal,Sub-Optimal,Monitor,D11,original,False
1662,109.23692445,-0.44149489,8.69,0.421,TM,Healthy,,D011A,0.421,Abnormal,Sub-Optimal,Monitor,D11,original,False
1663,109.23763137,-0.44535325,8.69,0.384,TM,Healthy,,D011A,0.384,Suspect,Critical,Priority Survey,D11,original,False
1664,109.23716099,-0.44592466,8.69,0.459,TM,Healthy,,D011A,0.459,Normal,Moderate,Routine,D11,original,False
1665,109.23641706,-0.44849405,8.69,0.459,TM,Healthy,,D011A,0.459,Normal,Moderate,Routine,D11,original,False
1666,109.23612702,-0.44240081,8.69,0.5,TM,Healthy,,D011A,0.5,Healthy,Good,None,D11,original,False
1667,109.23626557,-0.4471674,8.69,0.394,TM,Healthy,,D011A,0.394,Abnormal,Sub-Optimal,Monitor,D11,original,False
1668,109.23709744,-0.44872752,8.69,0.525,TM,Healthy,,D011A,0.525,Healthy,Good,None,D11,original,False
1669,109.23746804,-0.44089592,8.68,0.434,TM,Healthy,,D011A,0.434,Normal,Moderate,Routine,D11,original,False
1670,109.2375626,-0.44558926,8.68,0.455,TM,Healthy,,D011A,0.455,Normal,Moderate,Routine,D11,original,False
1671,109.23672635,-0.44728462,8.66,0.415,TM,Healthy,,D011A,0.415,Abnormal,Sub-Optimal,Monitor,D11,original,False
1672,109.23659444,-0.44295073,8.66,0.403,TM,Healthy,,D011A,0.403,Abnormal,Sub-Optimal,Monitor,D11,original,False
1673,109.2372745,-0.44834007,8.66,0.395,TM,Healthy,,D011A,0.395,Abnormal,Sub-Optimal,Monitor,D11,original,False
1674,109.23717916,-0.44882068,8.66,0.399,TM,Healthy,,D011A,0.399,Abnormal,Sub-Optimal,Monitor,D11,original,False
1675,109.23725543,-0.44161886,8.65,0.355,TM,Suspect,Circle_5m,D011A,0.355,Suspect,Critical,Priority Survey,D11,original,False
1676,109.23812916,-0.44093858,8.65,0.33,TM,Suspect,Circle_5m,D011A,0.33,Suspect,Critical,Priority Survey,D11,original,False
1677,109.23610143,-0.44236011,8.65,0.515,TM,Healthy,,D011A,0.515,Healthy,Good,None,D11,original,False
1678,109.23780198,-0.44753582,8.65,0.486,TM,Healthy,,D011A,0.486,Healthy,Good,None,D11,original,False
1679,109.23733383,-0.44625974,8.64,0.426,TM,Healthy,,D011A,0.426,Abnormal,Sub-Optimal,Monitor,D11,original,False
1680,109.23611662,-0.44836421,8.64,0.488,TM,Healthy,,D011A,0.488,Healthy,Good,None,D11,original,False
1681,109.2376316,-0.44628875,8.64,0.398,TM,Healthy,,D011A,0.398,Abnormal,Sub-Optimal,Monitor,D11,original,False
1682,109.23704985,-0.44490323,8.64,0.551,TM,Healthy,,D011A,0.551,Healthy,Good,None,D11,original,False
1683,109.23745382,-0.44783235,8.63,0.509,TM,Healthy,,D011A,0.509,Healthy,Good,None,D11,original,False
1684,109.23634914,-0.44134102,8.63,0.366,TM,Suspect,Circle_5m,D011A,0.366,Suspect,Critical,Priority Survey,D11,original,False
1685,109.23596393,-0.44071063,8.63,0.473,TM,Healthy,,D011A,0.473,Healthy,Good,None,D11,original,False
1686,109.23640054,-0.44048737,8.62,0.46,TM,Healthy,,D011A,0.46,Healthy,Good,None,D11,original,False
1687,109.23658583,-0.44135148,8.61,0.39,TM,Healthy,,D011A,0.39,Abnormal,Sub-Optimal,Monitor,D11,original,False
1688,109.23647126,-0.44534393,8.61,0.545,TM,Healthy,,D011A,0.545,Healthy,Good,None,D11,original,False
1689,109.23787832,-0.4456861,8.61,0.4,TM,Healthy,,D011A,0.4,Abnormal,Sub-Optimal,Monitor,D11,original,False
1690,109.2369444,-0.44637721,8.61,0.425,TM,Healthy,,D011A,0.425,Abnormal,Sub-Optimal,Monitor,D11,original,False
1691,109.23665413,-0.44691203,8.6,0.469,TM,Healthy,,D011A,0.469,Healthy,Good,None,D11,original,False
1692,109.2359556,-0.44741058,8.6,0.397,TM,Healthy,,D011A,0.397,Abnormal,Sub-Optimal,Monitor,D11,original,False
1693,109.23759225,-0.44742997,8.59,0.486,TM,Healthy,,D011A,0.486,Healthy,Good,None,D11,original,False
1694,109.23726335,-0.44424088,8.57,0.421,TM,Healthy,,D011A,0.421,Abnormal,Sub-Optimal,Monitor,D11,original,False
1695,109.23697047,-0.44629311,8.57,0.428,TM,Healthy,,D011A,0.428,Abnormal,Sub-Optimal,Monitor,D11,original,False
1696,109.23785221,-0.44592302,8.57,0.464,TM,Healthy,,D011A,0.464,Healthy,Good,None,D11,original,False
1697,109.23804875,-0.44479947,8.57,0.485,TM,Healthy,,D011A,0.485,Healthy,Good,None,D11,original,False
1698,109.23672935,-0.44789141,8.57,0.479,TM,Healthy,,D011A,0.479,Healthy,Good,None,D11,original,False
1699,109.23731124,-0.44492816,8.56,0.514,TM,Healthy,,D011A,0.514,Healthy,Good,None,D11,original,False
1700,109.23590047,-0.44125681,8.56,0.463,TM,Healthy,,D011A,0.463,Healthy,Good,None,D11,original,False
1701,109.23614894,-0.44842616,8.56,0.429,TM,Healthy,,D011A,0.429,Abnormal,Sub-Optimal,Monitor,D11,original,False
1702,109.2370183,-0.44346222,8.56,0.419,TM,Healthy,,D011A,0.419,Abnormal,Sub-Optimal,Monitor,D11,original,False
1703,109.23701904,-0.44792674,8.55,0.399,TM,Healthy,,D011A,0.399,Abnormal,Sub-Optimal,Monitor,D11,original,False
1704,109.23737602,-0.44448823,8.55,0.445,TM,Healthy,,D011A,0.445,Normal,Moderate,Routine,D11,original,False
1705,109.23622021,-0.44713438,8.55,0.423,TM,Healthy,,D011A,0.423,Abnormal,Sub-Optimal,Monitor,D11,original,False
1706,109.23805285,-0.44833845,8.55,0.422,TM,Healthy,,D011A,0.422,Abnormal,Sub-Optimal,Monitor,D11,original,False
1707,109.237684,-0.44504626,8.54,0.471,TM,Healthy,,D011A,0.471,Healthy,Good,None,D11,original,False
1708,109.23720491,-0.44635105,8.54,0.443,TM,Healthy,,D011A,0.443,Normal,Moderate,Routine,D11,original,False
1709,109.23697221,-0.44839516,8.53,0.448,TM,Healthy,,D011A,0.448,Normal,Moderate,Routine,D11,original,False
1710,109.23697729,-0.44593999,8.53,0.463,TM,Healthy,,D011A,0.463,Healthy,Good,None,D11,original,False
1711,109.23744322,-0.44141996,8.52,0.489,TM,Healthy,,D011A,0.489,Healthy,Good,None,D11,original,False
1712,109.23720805,-0.44065034,8.52,0.455,TM,Healthy,,D011A,0.455,Normal,Moderate,Routine,D11,original,False
1713,109.23645958,-0.44720498,8.52,0.433,TM,Healthy,,D011A,0.433,Normal,Moderate,Routine,D11,original,False
1714,109.23687235,-0.44716438,8.52,0.484,TM,Healthy,,D011A,0.484,Healthy,Good,None,D11,original,False
1715,109.23636826,-0.4421558,8.51,0.318,TM,Suspect,Circle_5m,D011A,0.318,Suspect,Critical,Priority Survey,D11,original,False
1716,109.23641243,-0.441502,8.5,0.379,TM,Suspect,Circle_5m,D011A,0.379,Suspect,Critical,Priority Survey,D11,original,False
1717,109.23702466,-0.44317149,8.5,0.468,TM,Healthy,,D011A,0.468,Healthy,Good,None,D11,original,False
1718,109.23713177,-0.44603498,8.5,0.429,TM,Healthy,,D011A,0.429,Abnormal,Sub-Optimal,Monitor,D11,original,False
1719,109.23605007,-0.44490751,8.5,0.569,TM,Healthy,,D011A,0.569,Healthy,Good,None,D11,original,False
1720,109.23644966,-0.44736684,8.49,0.376,TM,Suspect,Circle_5m,D011A,0.376,Suspect,Critical,Priority Survey,D11,original,False
1721,109.23769705,-0.4411329,8.49,0.501,TM,Healthy,,D011A,0.501,Healthy,Good,None,D11,original,False
1722,109.23698097,-0.44177659,8.49,0.376,TM,Suspect,Circle_5m,D011A,0.376,Suspect,Critical,Priority Survey,D11,original,False
1723,109.23659451,-0.44263468,8.49,0.472,TM,Healthy,,D011A,0.472,Healthy,Good,None,D11,original,False
1724,109.23609624,-0.44151142,8.49,0.485,TM,Healthy,,D011A,0.485,Healthy,Good,None,D11,original,False
1725,109.23632635,-0.44841399,8.49,0.442,TM,Healthy,,D011A,0.442,Normal,Moderate,Routine,D11,original,False
1726,109.23668679,-0.44365385,8.48,0.394,TM,Healthy,,D011A,0.394,Abnormal,Sub-Optimal,Monitor,D11,original,False
1727,109.23797812,-0.44719992,8.48,0.454,TM,Healthy,,D011A,0.454,Normal,Moderate,Routine,D11,original,False
1728,109.23675903,-0.44397399,8.48,0.445,TM,Healthy,,D011A,0.445,Normal,Moderate,Routine,D11,original,False
1729,109.23774707,-0.44423647,8.48,0.438,TM,Healthy,,D011A,0.438,Normal,Moderate,Routine,D11,original,False
1730,109.23673299,-0.44200713,8.48,0.385,TM,Healthy,,D011A,0.385,Suspect,Critical,Priority Survey,D11,original,False
1731,109.23685653,-0.44379812,8.48,0.398,TM,Healthy,,D011A,0.398,Abnormal,Sub-Optimal,Monitor,D11,original,False
1732,109.23707059,-0.44266057,8.47,0.36,TM,Suspect,Circle_5m,D011A,0.36,Suspect,Critical,Priority Survey,D11,original,False
1733,109.237602,-0.44423508,8.47,0.39,TM,Healthy,,D011A,0.39,Abnormal,Sub-Optimal,Monitor,D11,original,False
1734,109.2361977,-0.443585,8.47,0.487,TM,Healthy,,D011A,0.487,Healthy,Good,None,D11,original,False
1735,109.23740098,-0.44148008,8.47,0.386,TM,Healthy,,D011A,0.386,Suspect,Critical,Priority Survey,D11,original,False
1736,109.23669324,-0.44298467,8.46,0.446,TM,Healthy,,D011A,0.446,Normal,Moderate,Routine,D11,original,False
1737,109.2365283,-0.44720273,8.46,0.467,TM,Healthy,,D011A,0.467,Healthy,Good,None,D11,original,False
1738,109.23667796,-0.44679583,8.45,0.39,TM,Healthy,,D011A,0.39,Abnormal,Sub-Optimal,Monitor,D11,original,False
1739,109.23736043,-0.44392394,8.43,0.489,TM,Healthy,,D011A,0.489,Healthy,Good,None,D11,original,False
1740,109.23650553,-0.44664387,8.43,0.43,TM,Healthy,,D011A,0.43,Normal,Moderate,Routine,D11,original,False
1741,109.23714176,-0.44367476,8.43,0.563,TM,Healthy,,D011A,0.563,Healthy,Good,None,D11,original,False
1742,109.23651817,-0.44638208,8.43,0.449,TM,Healthy,,D011A,0.449,Normal,Moderate,Routine,D11,original,False
1743,109.23644075,-0.44709284,8.42,0.416,TM,Healthy,,D011A,0.416,Abnormal,Sub-Optimal,Monitor,D11,original,False
1744,109.23646634,-0.44713761,8.42,0.397,TM,Healthy,,D011A,0.397,Abnormal,Sub-Optimal,Monitor,D11,original,False
1745,109.23680983,-0.44756316,8.42,0.448,TM,Healthy,,D011A,0.448,Normal,Moderate,Routine,D11,original,False
1746,109.23599666,-0.4485057,8.42,0.431,TM,Healthy,,D011A,0.431,Normal,Moderate,Routine,D11,original,False
1747,109.23611857,-0.44392364,8.41,0.488,TM,Healthy,,D011A,0.488,Healthy,Good,None,D11,original,False
1748,109.23793876,-0.44461406,8.41,0.447,TM,Healthy,,D011A,0.447,Normal,Moderate,Routine,D11,original,False
1749,109.2364235,-0.44215853,8.41,0.322,TM,Suspect,Circle_5m,D011A,0.322,Suspect,Critical,Priority Survey,D11,original,False
1750,109.23778327,-0.44497348,8.4,0.462,TM,Healthy,,D011A,0.462,Healthy,Good,None,D11,original,False
1751,109.23662477,-0.44383288,8.4,0.484,TM,Healthy,,D011A,0.484,Healthy,Good,None,D11,original,False
1752,109.23629735,-0.44761459,8.4,0.419,TM,Healthy,,D011A,0.419,Abnormal,Sub-Optimal,Monitor,D11,original,False
1753,109.2366529,-0.44263696,8.39,0.455,TM,Healthy,,D011A,0.455,Normal,Moderate,Routine,D11,original,False
1754,109.23702447,-0.44397315,8.39,0.471,TM,Healthy,,D011A,0.471,Healthy,Good,None,D11,original,False
1755,109.23754242,-0.44355775,8.39,0.434,TM,Healthy,,D011A,0.434,Normal,Moderate,Routine,D11,original,False
1756,109.23670746,-0.44360773,8.38,0.385,TM,Healthy,,D011A,0.385,Suspect,Critical,Priority Survey,D11,original,False
1757,109.23645825,-0.44145544,8.38,0.481,TM,Healthy,,D011A,0.481,Healthy,Good,None,D11,original,False
1758,109.23722507,-0.44841557,8.37,0.453,TM,Healthy,,D011A,0.453,Normal,Moderate,Routine,D11,original,False
1759,109.23620244,-0.44063744,8.36,0.52,TM,Healthy,,D011A,0.52,Healthy,Good,None,D11,original,False
1760,109.23612888,-0.44402809,8.36,0.405,TM,Healthy,,D011A,0.405,Abnormal,Sub-Optimal,Monitor,D11,original,False
1761,109.23614888,-0.44678802,8.35,0.407,TM,Healthy,,D011A,0.407,Abnormal,Sub-Optimal,Monitor,D11,original,False
1762,109.23661043,-0.44749168,8.35,0.461,TM,Healthy,,D011A,0.461,Healthy,Good,None,D11,original,False
1763,109.23717573,-0.44056126,8.34,0.484,TM,Healthy,,D011A,0.484,Healthy,Good,None,D11,original,False
1764,109.23781304,-0.44063285,8.34,0.577,TM,Healthy,,D011A,0.577,Healthy,Good,None,D11,original,False
1765,109.23785618,-0.44625716,8.33,0.425,TM,Healthy,,D011A,0.425,Abnormal,Sub-Optimal,Monitor,D11,original,False
1766,109.23635572,-0.44579967,8.33,0.477,TM,Healthy,,D011A,0.477,Healthy,Good,None,D11,original,False
1767,109.23659591,-0.4424285,8.33,0.507,TM,Healthy,,D011A,0.507,Healthy,Good,None,D11,original,False
1768,109.23754598,-0.44749597,8.32,0.427,TM,Healthy,,D011A,0.427,Abnormal,Sub-Optimal,Monitor,D11,original,False
1769,109.23734801,-0.44892562,8.32,0.427,TM,Healthy,,D011A,0.427,Abnormal,Sub-Optimal,Monitor,D11,original,False
1770,109.23694598,-0.44729191,8.32,0.36,TM,Suspect,Circle_5m,D011A,0.36,Suspect,Critical,Priority Survey,D11,original,False
1771,109.23785266,-0.44405971,8.32,0.431,TM,Healthy,,D011A,0.431,Normal,Moderate,Routine,D11,original,False
1772,109.23673735,-0.4425687,8.32,0.307,TM,Suspect,Circle_5m,D011A,0.307,Suspect,Critical,Priority Survey,D11,original,False
1773,109.23718587,-0.4413688,8.32,0.443,TM,Healthy,,D011A,0.443,Normal,Moderate,Routine,D11,original,False
1774,109.23762632,-0.44770534,8.31,0.407,TM,Healthy,,D011A,0.407,Abnormal,Sub-Optimal,Monitor,D11,original,False
1775,109.2365815,-0.44257725,8.31,0.424,TM,Healthy,,D011A,0.424,Abnormal,Sub-Optimal,Monitor,D11,original,False
1776,109.23682938,-0.44844305,8.31,0.444,TM,Healthy,,D011A,0.444,Normal,Moderate,Routine,D11,original,False
1777,109.23604456,-0.44539718,8.31,0.382,TM,Healthy,,D011A,0.382,Suspect,Critical,Priority Survey,D11,original,False
1778,109.23633947,-0.44423026,8.3,0.376,TM,Suspect,Circle_5m,D011A,0.376,Suspect,Critical,Priority Survey,D11,original,False
1779,109.23746895,-0.44085523,8.3,0.456,TM,Healthy,,D011A,0.456,Normal,Moderate,Routine,D11,original,False
1780,109.23685599,-0.44798548,8.3,0.42,TM,Healthy,,D011A,0.42,Abnormal,Sub-Optimal,Monitor,D11,original,False
1781,109.23693158,-0.44553259,8.3,0.386,TM,Healthy,,D011A,0.386,Suspect,Critical,Priority Survey,D11,original,False
1782,109.2372662,-0.4435631,8.29,0.412,TM,Healthy,,D011A,0.412,Abnormal,Sub-Optimal,Monitor,D11,original,False
1783,109.23657993,-0.44543394,8.29,0.456,TM,Healthy,,D011A,0.456,Normal,Moderate,Routine,D11,original,False
1784,109.23641424,-0.44523314,8.29,0.424,TM,Healthy,,D011A,0.424,Abnormal,Sub-Optimal,Monitor,D11,original,False
1785,109.23666954,-0.44819704,8.28,0.521,TM,Healthy,,D011A,0.521,Healthy,Good,None,D11,original,False
1786,109.23595862,-0.44038237,8.27,0.416,TM,Healthy,,D011A,0.416,Abnormal,Sub-Optimal,Monitor,D11,original,False
1787,109.23598106,-0.44802054,8.27,0.398,TM,Healthy,,D011A,0.398,Abnormal,Sub-Optimal,Monitor,D11,original,False
1788,109.23672796,-0.44240592,8.27,0.392,TM,Healthy,,D011A,0.392,Abnormal,Sub-Optimal,Monitor,D11,original,False
1789,109.23618825,-0.44367588,8.26,0.465,TM,Healthy,,D011A,0.465,Healthy,Good,None,D11,original,False
1790,109.23699903,-0.44706765,8.25,0.478,TM,Healthy,,D011A,0.478,Healthy,Good,None,D11,original,False
1791,109.23792433,-0.44106965,8.24,0.44,TM,Healthy,,D011A,0.44,Normal,Moderate,Routine,D11,original,False
1792,109.23601387,-0.44793961,8.24,0.335,TM,Suspect,Circle_5m,D011A,0.335,Suspect,Critical,Priority Survey,D11,original,False
1793,109.23594288,-0.44427899,8.24,0.414,TM,Healthy,,D011A,0.414,Abnormal,Sub-Optimal,Monitor,D11,original,False
1794,109.23655977,-0.44896658,8.24,0.4,TM,Healthy,,D011A,0.4,Abnormal,Sub-Optimal,Monitor,D11,original,False
1795,109.23678794,-0.44136961,8.23,0.448,TM,Healthy,,D011A,0.448,Normal,Moderate,Routine,D11,original,False
1796,109.23654962,-0.44444327,8.23,0.383,TM,Healthy,,D011A,0.383,Suspect,Critical,Priority Survey,D11,original,False
1797,109.23786032,-0.4439209,8.22,0.468,TM,Healthy,,D011A,0.468,Healthy,Good,None,D11,original,False
1798,109.23704927,-0.44543631,8.22,0.413,TM,Healthy,,D011A,0.413,Abnormal,Sub-Optimal,Monitor,D11,original,False
1799,109.23782953,-0.44500017,8.22,0.477,TM,Healthy,,D011A,0.477,Healthy,Good,None,D11,original,False
1800,109.23596343,-0.44847811,8.22,0.446,TM,Healthy,,D011A,0.446,Normal,Moderate,Routine,D11,original,False
1801,109.23710119,-0.44809813,8.22,0.503,TM,Healthy,,D011A,0.503,Healthy,Good,None,D11,original,False
1802,109.23698656,-0.44471873,8.2,0.391,TM,Healthy,,D011A,0.391,Abnormal,Sub-Optimal,Monitor,D11,original,False
1803,109.23729789,-0.44628415,8.19,0.38,TM,Healthy,,D011A,0.38,Suspect,Critical,Priority Survey,D11,original,False
1804,109.23778779,-0.44106058,8.18,0.459,TM,Healthy,,D011A,0.459,Normal,Moderate,Routine,D11,original,False
1805,109.23608229,-0.44541528,8.18,0.443,TM,Healthy,,D011A,0.443,Normal,Moderate,Routine,D11,original,False
1806,109.2359766,-0.44220454,8.18,0.369,TM,Suspect,Circle_5m,D011A,0.369,Suspect,Critical,Priority Survey,D11,original,False
1807,109.23695751,-0.44600961,8.17,0.487,TM,Healthy,,D011A,0.487,Healthy,Good,None,D11,original,False
1808,109.23732783,-0.44313358,8.17,0.412,TM,Healthy,,D011A,0.412,Abnormal,Sub-Optimal,Monitor,D11,original,False
1809,109.23747307,-0.44811495,8.17,0.459,TM,Healthy,,D011A,0.459,Normal,Moderate,Routine,D11,original,False
1810,109.2377176,-0.44157285,8.16,0.386,TM,Healthy,,D011A,0.386,Suspect,Critical,Priority Survey,D11,original,False
1811,109.23677299,-0.44757491,8.16,0.464,TM,Healthy,,D011A,0.464,Healthy,Good,None,D11,original,False
1812,109.23783046,-0.44103256,8.16,0.459,TM,Healthy,,D011A,0.459,Normal,Moderate,Routine,D11,original,False
1813,109.23597917,-0.44651624,8.15,0.53,TM,Healthy,,D011A,0.53,Healthy,Good,None,D11,original,False
1814,109.23702252,-0.44836714,8.14,0.468,TM,Healthy,,D011A,0.468,Healthy,Good,None,D11,original,False
1815,109.23738706,-0.44717581,8.14,0.481,TM,Healthy,,D011A,0.481,Healthy,Good,None,D11,original,False
1816,109.23608423,-0.4466917,8.14,0.38,TM,Healthy,,D011A,0.38,Suspect,Critical,Priority Survey,D11,original,False
1817,109.23671758,-0.44639976,8.14,0.443,TM,Healthy,,D011A,0.443,Normal,Moderate,Routine,D11,original,False
1818,109.23636963,-0.44584353,8.13,0.381,TM,Healthy,,D011A,0.381,Suspect,Critical,Priority Survey,D11,original,False
1819,109.23765864,-0.44777045,8.13,0.406,TM,Healthy,,D011A,0.406,Abnormal,Sub-Optimal,Monitor,D11,original,False
1820,109.23656566,-0.44120272,8.13,0.439,TM,Healthy,,D011A,0.439,Normal,Moderate,Routine,D11,original,False
1821,109.2367785,-0.44895442,8.13,0.443,TM,Healthy,,D011A,0.443,Normal,Moderate,Routine,D11,original,False
1822,109.23738525,-0.44721379,8.13,0.453,TM,Healthy,,D011A,0.453,Normal,Moderate,Routine,D11,original,False
1823,109.23647346,-0.44739805,8.12,0.478,TM,Healthy,,D011A,0.478,Healthy,Good,None,D11,original,False
1824,109.23782708,-0.44582806,8.12,0.457,TM,Healthy,,D011A,0.457,Normal,Moderate,Routine,D11,original,False
1825,109.23607286,-0.44351715,8.12,0.421,TM,Healthy,,D011A,0.421,Abnormal,Sub-Optimal,Monitor,D11,original,False
1826,109.23771063,-0.44068844,8.11,0.419,TM,Healthy,,D011A,0.419,Abnormal,Sub-Optimal,Monitor,D11,original,False
1827,109.2375877,-0.44392581,8.11,0.474,TM,Healthy,,D011A,0.474,Healthy,Good,None,D11,original,False
1828,109.23761776,-0.44783375,8.11,0.421,TM,Healthy,,D011A,0.421,Abnormal,Sub-Optimal,Monitor,D11,original,False
1829,109.23687295,-0.44841277,8.11,0.419,TM,Healthy,,D011A,0.419,Abnormal,Sub-Optimal,Monitor,D11,original,False
1830,109.23765663,-0.44112837,8.1,0.466,TM,Healthy,,D011A,0.466,Healthy,Good,None,D11,original,False
1831,109.23604687,-0.44515709,8.09,0.417,TM,Healthy,,D011A,0.417,Abnormal,Sub-Optimal,Monitor,D11,original,False
1832,109.23681745,-0.44760431,8.08,0.429,TM,Healthy,,D011A,0.429,Abnormal,Sub-Optimal,Monitor,D11,original,False
1833,109.23729607,-0.44449861,8.08,0.393,TM,Healthy,,D011A,0.393,Abnormal,Sub-Optimal,Monitor,D11,original,False
1834,109.23640169,-0.44701099,8.07,0.448,TM,Healthy,,D011A,0.448,Normal,Moderate,Routine,D11,original,False
1835,109.23804436,-0.44625946,8.05,0.433,TM,Healthy,,D011A,0.433,Normal,Moderate,Routine,D11,original,False
1836,109.23629098,-0.44793606,8.05,0.452,TM,Healthy,,D011A,0.452,Normal,Moderate,Routine,D11,original,False
1837,109.23687022,-0.44481094,8.05,0.419,TM,Healthy,,D011A,0.419,Abnormal,Sub-Optimal,Monitor,D11,original,False
1838,109.23677292,-0.44410557,8.02,0.533,TM,Healthy,,D011A,0.533,Healthy,Good,None,D11,original,False
1839,109.23653725,-0.44545563,8.02,0.466,TM,Healthy,,D011A,0.466,Healthy,Good,None,D11,original,False
1840,109.2372014,-0.44600515,8.02,0.489,TM,Healthy,,D011A,0.489,Healthy,Good,None,D11,original,False
1841,109.236583,-0.44381886,8.02,0.528,TM,Healthy,,D011A,0.528,Healthy,Good,None,D11,original,False
1842,109.23638087,-0.44202197,8.02,0.27,TM,Suspect,Circle_5m,D011A,0.27,Suspect,Critical,Priority Survey,D11,original,False
1843,109.23622815,-0.44397567,8.01,0.411,TM,Healthy,,D011A,0.411,Abnormal,Sub-Optimal,Monitor,D11,original,False
1844,109.23669788,-0.44043726,8.01,0.478,TM,Healthy,,D011A,0.478,Healthy,Good,None,D11,original,False
1845,109.2376592,-0.44546042,8.01,0.457,TM,Healthy,,D011A,0.457,Normal,Moderate,Routine,D11,original,False
1846,109.2366283,-0.44218435,8.01,0.362,TM,Suspect,Circle_5m,D011A,0.362,Suspect,Critical,Priority Survey,D11,original,False
1847,109.23608566,-0.44445084,8.01,0.453,TM,Healthy,,D011A,0.453,Normal,Moderate,Routine,D11,original,False
1848,109.23781181,-0.44586242,8.01,0.424,TM,Healthy,,D011A,0.424,Abnormal,Sub-Optimal,Monitor,D11,original,False
1849,109.23633608,-0.44528557,8.0,0.447,TM,Healthy,,D011A,0.447,Normal,Moderate,Routine,D11,original,False
1850,109.23735995,-0.44028459,7.99,0.452,TM,Healthy,,D011A,0.452,Normal,Moderate,Routine,D11,original,False
1851,109.23677002,-0.4430819,7.99,0.394,TM,Healthy,,D011A,0.394,Abnormal,Sub-Optimal,Monitor,D11,original,False
1852,109.23630304,-0.44444547,7.98,0.43,TM,Healthy,,D011A,0.43,Normal,Moderate,Routine,D11,original,False
1853,109.23676511,-0.4429553,7.97,0.404,TM,Healthy,,D011A,0.404,Abnormal,Sub-Optimal,Monitor,D11,original,False
1854,109.23815455,-0.44373513,7.97,0.364,TM,Suspect,Circle_5m,D011A,0.364,Suspect,Critical,Priority Survey,D11,original,False
1855,109.2373649,-0.44401483,7.96,0.438,TM,Healthy,,D011A,0.438,Normal,Moderate,Routine,D11,original,False
1856,109.23786497,-0.4470552,7.95,0.366,TM,Suspect,Circle_5m,D011A,0.366,Suspect,Critical,Priority Survey,D11,original,False
1857,109.23617284,-0.44045341,7.95,0.418,TM,Healthy,,D011A,0.418,Abnormal,Sub-Optimal,Monitor,D11,original,False
1858,109.23683323,-0.4435942,7.95,0.56,TM,Healthy,,D011A,0.56,Healthy,Good,None,D11,original,False
1859,109.2381301,-0.44077897,7.95,0.342,TM,Suspect,Circle_5m,D011A,0.342,Suspect,Critical,Priority Survey,D11,original,False
1860,109.23619847,-0.44791841,7.95,0.452,TM,Healthy,,D011A,0.452,Normal,Moderate,Routine,D11,original,False
1861,109.23649758,-0.44036351,7.95,0.395,TM,Healthy,,D011A,0.395,Abnormal,Sub-Optimal,Monitor,D11,original,False
1862,109.23717082,-0.44045591,7.95,0.457,TM,Healthy,,D011A,0.457,Normal,Moderate,Routine,D11,original,False
1863,109.2376585,-0.44649042,7.94,0.529,TM,Healthy,,D011A,0.529,Healthy,Good,None,D11,original,False
1864,109.23601183,-0.44516522,7.93,0.431,TM,Healthy,,D011A,0.431,Normal,Moderate,Routine,D11,original,False
1865,109.23718116,-0.44041793,7.92,0.405,TM,Healthy,,D011A,0.405,Abnormal,Sub-Optimal,Monitor,D11,original,False
1866,109.23605869,-0.44832712,7.92,0.478,TM,Healthy,,D011A,0.478,Healthy,Good,None,D11,original,False
1867,109.23742141,-0.44439284,7.9,0.441,TM,Healthy,,D011A,0.441,Normal,Moderate,Routine,D11,original,False
1868,109.23675572,-0.44466171,7.88,0.395,TM,Healthy,,D011A,0.395,Abnormal,Sub-Optimal,Monitor,D11,original,False
1869,109.23740023,-0.44466186,7.88,0.472,TM,Healthy,,D011A,0.472,Healthy,Good,None,D11,original,False
1870,109.23610032,-0.445125,7.87,0.386,TM,Healthy,,D011A,0.386,Suspect,Critical,Priority Survey,D11,original,False
1871,109.23674971,-0.44725478,7.87,0.454,TM,Healthy,,D011A,0.454,Normal,Moderate,Routine,D11,original,False
1872,109.23678622,-0.44292591,7.85,0.456,TM,Healthy,,D011A,0.456,Normal,Moderate,Routine,D11,original,False
1873,109.23752448,-0.44156466,7.85,0.459,TM,Healthy,,D011A,0.459,Normal,Moderate,Routine,D11,original,False
1874,109.23815014,-0.44907729,7.83,0.434,TM,Healthy,,D011A,0.434,Normal,Moderate,Routine,D11,original,False
1875,109.2369852,-0.44289793,7.83,0.413,TM,Healthy,,D011A,0.413,Abnormal,Sub-Optimal,Monitor,D11,original,False
1876,109.23671796,-0.44101601,7.83,0.386,TM,Healthy,,D011A,0.386,Suspect,Critical,Priority Survey,D11,original,False
1877,109.23798541,-0.44106831,7.82,0.527,TM,Healthy,,D011A,0.527,Healthy,Good,None,D11,original,False
1878,109.23776469,-0.44754576,7.82,0.392,TM,Healthy,,D011A,0.392,Abnormal,Sub-Optimal,Monitor,D11,original,False
1879,109.23642095,-0.44534618,7.82,0.473,TM,Healthy,,D011A,0.473,Healthy,Good,None,D11,original,False
1880,109.23690153,-0.44722814,7.82,0.374,TM,Suspect,Circle_5m,D011A,0.374,Suspect,Critical,Priority Survey,D11,original,False
1881,109.2361207,-0.44632546,7.81,0.435,TM,Healthy,,D011A,0.435,Normal,Moderate,Routine,D11,original,False
1882,109.23613976,-0.44737626,7.8,0.352,TM,Suspect,Circle_5m,D011A,0.352,Suspect,Critical,Priority Survey,D11,original,False
1883,109.23651181,-0.44100692,7.8,0.379,TM,Suspect,Circle_5m,D011A,0.379,Suspect,Critical,Priority Survey,D11,original,False
1884,109.23700827,-0.44030395,7.8,0.437,TM,Healthy,,D011A,0.437,Normal,Moderate,Routine,D11,original,False
1885,109.23719464,-0.4479815,7.78,0.456,TM,Healthy,,D011A,0.456,Normal,Moderate,Routine,D11,original,False
1886,109.23705009,-0.44575914,7.77,0.549,TM,Healthy,,D011A,0.549,Healthy,Good,None,D11,original,False
1887,109.2365121,-0.44733295,7.77,0.429,TM,Healthy,,D011A,0.429,Abnormal,Sub-Optimal,Monitor,D11,original,False
1888,109.23621798,-0.44707741,7.77,0.462,TM,Healthy,,D011A,0.462,Healthy,Good,None,D11,original,False
1889,109.23602973,-0.44543064,7.76,0.479,TM,Healthy,,D011A,0.479,Healthy,Good,None,D11,original,False
1890,109.23672544,-0.44734069,7.76,0.501,TM,Healthy,,D011A,0.501,Healthy,Good,None,D11,original,False
1891,109.2367973,-0.44355531,7.75,0.514,TM,Healthy,,D011A,0.514,Healthy,Good,None,D11,original,False
1892,109.23666509,-0.44045534,7.75,0.626,TM,Healthy,,D011A,0.626,Healthy,Good,None,D11,original,False
1893,109.23632326,-0.4444084,7.72,0.491,TM,Healthy,,D011A,0.491,Healthy,Good,None,D11,original,False
1894,109.23672836,-0.44829608,7.69,0.47,TM,Healthy,,D011A,0.47,Healthy,Good,None,D11,original,False
1895,109.23622789,-0.44694765,7.69,0.535,TM,Healthy,,D011A,0.535,Healthy,Good,None,D11,original,False
1896,109.23724072,-0.44683666,7.69,0.33,TM,Suspect,Circle_5m,D011A,0.33,Suspect,Critical,Priority Survey,D11,original,False
1897,109.23783326,-0.44629242,7.68,0.448,TM,Healthy,,D011A,0.448,Normal,Moderate,Routine,D11,original,False
1898,109.23648258,-0.4430434,7.68,0.426,TM,Healthy,,D011A,0.426,Abnormal,Sub-Optimal,Monitor,D11,original,False
1899,109.23640233,-0.44053576,7.67,0.436,TM,Healthy,,D011A,0.436,Normal,Moderate,Routine,D11,original,False
1900,109.2369389,-0.44113634,7.66,0.406,TM,Healthy,,D011A,0.406,Abnormal,Sub-Optimal,Monitor,D11,original,False
1901,109.23682566,-0.44139539,7.66,0.403,TM,Healthy,,D011A,0.403,Abnormal,Sub-Optimal,Monitor,D11,original,False
1902,109.2371009,-0.445515,7.65,0.402,TM,Healthy,,D011A,0.402,Abnormal,Sub-Optimal,Monitor,D11,original,False
1903,109.23718219,-0.44367929,7.65,0.515,TM,Healthy,,D011A,0.515,Healthy,Good,None,D11,original,False
1904,109.23608006,-0.44345747,7.64,0.442,TM,Healthy,,D011A,0.442,Normal,Moderate,Routine,D11,original,False
1905,109.23711522,-0.44763287,7.64,0.497,TM,Healthy,,D011A,0.497,Healthy,Good,None,D11,original,False
1906,109.23695557,-0.44474088,7.64,0.419,TM,Healthy,,D011A,0.419,Abnormal,Sub-Optimal,Monitor,D11,original,False
1907,109.23603518,-0.44519507,7.63,0.418,TM,Healthy,,D011A,0.418,Abnormal,Sub-Optimal,Monitor,D11,original,False
1908,109.23641914,-0.44541581,7.63,0.512,TM,Healthy,,D011A,0.512,Healthy,Good,None,D11,original,False
1909,109.23668026,-0.44847557,7.63,0.407,TM,Healthy,,D011A,0.407,Abnormal,Sub-Optimal,Monitor,D11,original,False
1910,109.23798446,-0.44129574,7.63,0.462,TM,Healthy,,D011A,0.462,Healthy,Good,None,D11,original,False
1911,109.2365589,-0.4412832,7.62,0.444,TM,Healthy,,D011A,0.444,Normal,Moderate,Routine,D11,original,False
1912,109.23628581,-0.44704623,7.62,0.415,TM,Healthy,,D011A,0.415,Abnormal,Sub-Optimal,Monitor,D11,original,False
1913,109.23790737,-0.44060484,7.61,0.522,TM,Healthy,,D011A,0.522,Healthy,Good,None,D11,original,False
1914,109.23725563,-0.44645415,7.61,0.417,TM,Healthy,,D011A,0.417,Abnormal,Sub-Optimal,Monitor,D11,original,False
1915,109.23709321,-0.44577272,7.61,0.436,TM,Healthy,,D011A,0.436,Normal,Moderate,Routine,D11,original,False
1916,109.23640093,-0.442669,7.6,0.507,TM,Healthy,,D011A,0.507,Healthy,Good,None,D11,original,False
1917,109.23809501,-0.44103443,7.6,0.353,TM,Suspect,Circle_5m,D011A,0.353,Suspect,Critical,Priority Survey,D11,original,False
1918,109.23764832,-0.44773564,7.59,0.418,TM,Healthy,,D011A,0.418,Abnormal,Sub-Optimal,Monitor,D11,original,False
1919,109.23613346,-0.44741424,7.59,0.367,TM,Suspect,Circle_5m,D011A,0.367,Suspect,Critical,Priority Survey,D11,original,False
1920,109.23728045,-0.44408534,7.59,0.484,TM,Healthy,,D011A,0.484,Healthy,Good,None,D11,original,False
1921,109.23673822,-0.44838651,7.58,0.479,TM,Healthy,,D011A,0.479,Healthy,Good,None,D11,original,False
1922,109.23665024,-0.44626546,7.57,0.44,TM,Healthy,,D011A,0.44,Normal,Moderate,Routine,D11,original,False
1923,109.236504,-0.44551395,7.57,0.488,TM,Healthy,,D011A,0.488,Healthy,Good,None,D11,original,False
1924,109.23760166,-0.44375309,7.57,0.413,TM,Healthy,,D011A,0.413,Abnormal,Sub-Optimal,Monitor,D11,original,False
1925,109.23600794,-0.44831716,7.56,0.415,TM,Healthy,,D011A,0.415,Abnormal,Sub-Optimal,Monitor,D11,original,False
1926,109.23620564,-0.44607816,7.55,0.406,TM,Healthy,,D011A,0.406,Abnormal,Sub-Optimal,Monitor,D11,original,False
1927,109.23802683,-0.44065867,7.53,0.511,TM,Healthy,,D011A,0.511,Healthy,Good,None,D11,original,False
1928,109.23775399,-0.44724372,7.52,0.444,TM,Healthy,,D011A,0.444,Normal,Moderate,Routine,D11,original,False
1929,109.23794543,-0.44490299,7.51,0.519,TM,Healthy,,D011A,0.519,Healthy,Good,None,D11,original,False
1930,109.2365673,-0.44183346,7.49,0.418,TM,Healthy,,D011A,0.418,Abnormal,Sub-Optimal,Monitor,D11,original,False
1931,109.23745288,-0.44043518,7.47,0.463,TM,Healthy,,D011A,0.463,Healthy,Good,None,D11,original,False
1932,109.23612326,-0.44496992,7.47,0.376,TM,Suspect,Circle_5m,D011A,0.376,Suspect,Critical,Priority Survey,D11,original,False
1933,109.23755463,-0.4413074,7.46,0.441,TM,Healthy,,D011A,0.441,Normal,Moderate,Routine,D11,original,False
1934,109.23772996,-0.44816656,7.46,0.457,TM,Healthy,,D011A,0.457,Normal,Moderate,Routine,D11,original,False
1935,109.23619194,-0.44703852,7.45,0.428,TM,Healthy,,D011A,0.428,Abnormal,Sub-Optimal,Monitor,D11,original,False
1936,109.23653754,-0.44799671,7.45,0.454,TM,Healthy,,D011A,0.454,Normal,Moderate,Routine,D11,original,False
1937,109.23671734,-0.44740941,7.44,0.423,TM,Healthy,,D011A,0.423,Abnormal,Sub-Optimal,Monitor,D11,original,False
1938,109.23623528,-0.44609987,7.44,0.445,TM,Healthy,,D011A,0.445,Normal,Moderate,Routine,D11,original,False
1939,109.23697363,-0.44809403,7.42,0.402,TM,Healthy,,D011A,0.402,Abnormal,Sub-Optimal,Monitor,D11,original,False
1940,109.23594696,-0.44786273,7.41,0.416,TM,Healthy,,D011A,0.416,Abnormal,Sub-Optimal,Monitor,D11,original,False
1941,109.23662824,-0.44053264,7.41,0.563,TM,Healthy,,D011A,0.563,Healthy,Good,None,D11,original,False
1942,109.23763281,-0.44118308,7.38,0.445,TM,Healthy,,D011A,0.445,Normal,Moderate,Routine,D11,original,False
1943,109.23774524,-0.44813084,7.38,0.457,TM,Healthy,,D011A,0.457,Normal,Moderate,Routine,D11,original,False
1944,109.23623581,-0.44195366,7.38,0.486,TM,Healthy,,D011A,0.486,Healthy,Good,None,D11,original,False
1945,109.23691874,-0.44284003,7.37,0.392,TM,Healthy,,D011A,0.392,Abnormal,Sub-Optimal,Monitor,D11,original,False
1946,109.23714716,-0.44742218,7.37,0.399,TM,Healthy,,D011A,0.399,Abnormal,Sub-Optimal,Monitor,D11,original,False
1947,109.236134,-0.44516435,7.36,0.401,TM,Healthy,,D011A,0.401,Abnormal,Sub-Optimal,Monitor,D11,original,False
1948,109.23773348,-0.44659353,7.36,0.428,TM,Healthy,,D011A,0.428,Abnormal,Sub-Optimal,Monitor,D11,original,False
1949,109.2370068,-0.44270351,7.35,0.494,TM,Healthy,,D011A,0.494,Healthy,Good,None,D11,original,False
1950,109.23734948,-0.44465642,7.35,0.45,TM,Healthy,,D011A,0.45,Normal,Moderate,Routine,D11,original,False
1951,109.23685041,-0.44311312,7.35,0.321,TM,Suspect,Circle_5m,D011A,0.321,Suspect,Critical,Priority Survey,D11,original,False
1952,109.23657832,-0.44271606,7.34,0.49,TM,Healthy,,D011A,0.49,Healthy,Good,None,D11,original,False
1953,109.23637825,-0.44739486,7.34,0.439,TM,Healthy,,D011A,0.439,Normal,Moderate,Routine,D11,original,False
1954,109.23668835,-0.4484394,7.34,0.503,TM,Healthy,,D011A,0.503,Healthy,Good,None,D11,original,False
1955,109.23751863,-0.44162254,7.33,0.423,TM,Healthy,,D011A,0.423,Abnormal,Sub-Optimal,Monitor,D11,original,False
1956,109.23789664,-0.44798574,7.32,0.515,TM,Healthy,,D011A,0.515,Healthy,Good,None,D11,original,False
1957,109.2361531,-0.44794191,7.3,0.408,TM,Healthy,,D011A,0.408,Abnormal,Sub-Optimal,Monitor,D11,original,False
1958,109.23770983,-0.44784914,7.29,0.443,TM,Healthy,,D011A,0.443,Normal,Moderate,Routine,D11,original,False
1959,109.23723847,-0.4468769,7.29,0.362,TM,Suspect,Circle_5m,D011A,0.362,Suspect,Critical,Priority Survey,D11,original,False
1960,109.23798382,-0.44398152,7.29,0.426,TM,Healthy,,D011A,0.426,Abnormal,Sub-Optimal,Monitor,D11,original,False
1961,109.23689013,-0.44038395,7.28,0.562,TM,Healthy,,D011A,0.562,Healthy,Good,None,D11,original,False
1962,109.23657207,-0.44637576,7.28,0.441,TM,Healthy,,D011A,0.441,Normal,Moderate,Routine,D11,original,False
1963,109.23707434,-0.44767581,7.27,0.494,TM,Healthy,,D011A,0.494,Healthy,Good,None,D11,original,False
1964,109.237623,-0.44844822,7.26,0.415,TM,Healthy,,D011A,0.415,Abnormal,Sub-Optimal,Monitor,D11,original,False
1965,109.23746647,-0.44376074,7.26,0.515,TM,Healthy,,D011A,0.515,Healthy,Good,None,D11,original,False
1966,109.23633243,-0.44739801,7.25,0.469,TM,Healthy,,D011A,0.469,Healthy,Good,None,D11,original,False
1967,109.2369437,-0.4436512,7.24,0.541,TM,Healthy,,D011A,0.541,Healthy,Good,None,D11,original,False
1968,109.23747249,-0.44488615,7.24,0.463,TM,Healthy,,D011A,0.463,Healthy,Good,None,D11,original,False
1969,109.23647325,-0.44642095,7.23,0.5,TM,Healthy,,D011A,0.5,Healthy,Good,None,D11,original,False
1970,109.2373711,-0.4463113,7.23,0.382,TM,Healthy,,D011A,0.382,Suspect,Critical,Priority Survey,D11,original,False
1971,109.23777419,-0.44161536,7.2,0.445,TM,Healthy,,D011A,0.445,Normal,Moderate,Routine,D11,original,False
1972,109.23762746,-0.44481293,7.19,0.404,TM,Healthy,,D011A,0.404,Abnormal,Sub-Optimal,Monitor,D11,original,False
1973,109.23688451,-0.44326233,7.15,0.482,TM,Healthy,,D011A,0.482,Healthy,Good,None,D11,original,False
1974,109.23795506,-0.44595379,7.15,0.406,TM,Healthy,,D011A,0.406,Abnormal,Sub-Optimal,Monitor,D11,original,False
1975,109.23689846,-0.44315292,7.15,0.554,TM,Healthy,,D011A,0.554,Healthy,Good,None,D11,original,False
1976,109.23725457,-0.44526816,7.13,0.35,TM,Suspect,Circle_5m,D011A,0.35,Suspect,Critical,Priority Survey,D11,original,False
1977,109.23694299,-0.44663991,7.12,0.417,TM,Healthy,,D011A,0.417,Abnormal,Sub-Optimal,Monitor,D11,original,False
1978,109.23704833,-0.44561581,7.12,0.456,TM,Healthy,,D011A,0.456,Normal,Moderate,Routine,D11,original,False
1979,109.23747873,-0.44127256,7.1,0.511,TM,Healthy,,D011A,0.511,Healthy,Good,None,D11,original,False
1980,109.2379078,-0.44065729,7.09,0.514,TM,Healthy,,D011A,0.514,Healthy,Good,None,D11,original,False
1981,109.23711481,-0.44748276,7.07,0.489,TM,Healthy,,D011A,0.489,Healthy,Good,None,D11,original,False
1982,109.23671819,-0.44762011,7.07,0.357,TM,Suspect,Circle_5m,D011A,0.357,Suspect,Critical,Priority Survey,D11,original,False
1983,109.23750191,-0.4439181,7.07,0.392,TM,Healthy,,D011A,0.392,Abnormal,Sub-Optimal,Monitor,D11,original,False
1984,109.23618466,-0.44363022,7.06,0.344,TM,Suspect,Circle_5m,D011A,0.344,Suspect,Critical,Priority Survey,D11,original,False
1985,109.23660221,-0.44238419,7.06,0.392,TM,Healthy,,D011A,0.392,Abnormal,Sub-Optimal,Monitor,D11,original,False
1986,109.23797857,-0.44905645,7.05,0.423,TM,Healthy,,D011A,0.423,Abnormal,Sub-Optimal,Monitor,D11,original,False
1987,109.23613961,-0.44043486,7.05,0.443,TM,Healthy,,D011A,0.443,Normal,Moderate,Routine,D11,original,False
1988,109.23666448,-0.44495694,7.04,0.46,TM,Healthy,,D011A,0.46,Healthy,Good,None,D11,original,False
1989,109.23697028,-0.44896803,7.03,0.406,TM,Healthy,,D011A,0.406,Abnormal,Sub-Optimal,Monitor,D11,original,False
1990,109.23776257,-0.44134498,7.02,0.428,TM,Healthy,,D011A,0.428,Abnormal,Sub-Optimal,Monitor,D11,original,False
1991,109.23674849,-0.44485025,7.02,0.428,TM,Healthy,,D011A,0.428,Abnormal,Sub-Optimal,Monitor,D11,original,False
1992,109.23644481,-0.44130442,7.02,0.446,TM,Healthy,,D011A,0.446,Normal,Moderate,Routine,D11,original,False
1993,109.23667586,-0.44050191,7.02,0.588,TM,Healthy,,D011A,0.588,Healthy,Good,None,D11,original,False
1994,109.23635647,-0.44641324,7.01,0.474,TM,Healthy,,D011A,0.474,Healthy,Good,None,D11,original,False
1995,109.23775241,-0.44819957,7.0,0.422,TM,Healthy,,D011A,0.422,Abnormal,Sub-Optimal,Monitor,D11,original,False
1996,109.23685323,-0.44445736,6.99,0.425,TM,Healthy,,D011A,0.425,Abnormal,Sub-Optimal,Monitor,D11,original,False
1997,109.23655283,-0.44036217,6.99,0.422,TM,Healthy,,D011A,0.422,Abnormal,Sub-Optimal,Monitor,D11,original,False
1998,109.23653009,-0.44725609,6.97,0.37,TM,Suspect,Circle_5m,D011A,0.37,Suspect,Critical,Priority Survey,D11,original,False
1999,109.23642737,-0.44856549,6.96,0.494,TM,Healthy,,D011A,0.494,Healthy,Good,None,D11,original,False
2000,109.23647231,-0.44087579,6.96,0.451,TM,Healthy,,D011A,0.451,Normal,Moderate,Routine,D11,original,False
2001,109.23683024,-0.44857101,6.95,0.386,TM,Healthy,,D011A,0.386,Suspect,Critical,Priority Survey,D11,original,False
2002,109.23630058,-0.44726507,6.93,0.455,TM,Healthy,,D011A,0.455,Normal,Moderate,Routine,D11,original,False
2003,109.236571,-0.44708428,6.93,0.48,TM,Healthy,,D011A,0.48,Healthy,Good,None,D11,original,False
2004,109.23694647,-0.44899742,6.92,0.434,TM,Healthy,,D011A,0.434,Normal,Moderate,Routine,D11,original,False
2005,109.23777166,-0.44657455,6.92,0.422,TM,Healthy,,D011A,0.422,Abnormal,Sub-Optimal,Monitor,D11,original,False
2006,109.23621559,-0.44201514,6.91,0.471,TM,Healthy,,D011A,0.471,Healthy,Good,None,D11,original,False
2007,109.2366412,-0.44840819,6.91,0.508,TM,Healthy,,D011A,0.508,Healthy,Good,None,D11,original,False
2008,109.23703127,-0.44747821,6.91,0.371,TM,Suspect,Circle_5m,D011A,0.371,Suspect,Critical,Priority Survey,D11,original,False
2009,109.23667079,-0.44106303,6.91,0.418,TM,Healthy,,D011A,0.418,Abnormal,Sub-Optimal,Monitor,D11,original,False
2010,109.23778098,-0.4413807,6.9,0.462,TM,Healthy,,D011A,0.462,Healthy,Good,None,D11,original,False
2011,109.23660415,-0.44553568,6.9,0.419,TM,Healthy,,D011A,0.419,Abnormal,Sub-Optimal,Monitor,D11,original,False
2012,109.23633922,-0.44718958,6.88,0.436,TM,Healthy,,D011A,0.436,Normal,Moderate,Routine,D11,original,False
2013,109.23597619,-0.44773975,6.87,0.397,TM,Healthy,,D011A,0.397,Abnormal,Sub-Optimal,Monitor,D11,original,False
2014,109.23693192,-0.44027228,6.85,0.37,TM,Suspect,Circle_5m,D011A,0.37,Suspect,Critical,Priority Survey,D11,original,False
2015,109.23711648,-0.44613218,6.85,0.415,TM,Healthy,,D011A,0.415,Abnormal,Sub-Optimal,Monitor,D11,original,False
2016,109.23649609,-0.44290911,6.84,0.415,TM,Healthy,,D011A,0.415,Abnormal,Sub-Optimal,Monitor,D11,original,False
2017,109.2380392,-0.44149787,6.84,0.444,TM,Healthy,,D011A,0.444,Normal,Moderate,Routine,D11,original,False
2018,109.23677301,-0.44373299,6.81,0.454,TM,Healthy,,D011A,0.454,Normal,Moderate,Routine,D11,original,False
2019,109.23634667,-0.44796682,6.81,0.351,TM,Suspect,Circle_5m,D011A,0.351,Suspect,Critical,Priority Survey,D11,original,False
2020,109.23758739,-0.44712025,6.8,0.462,TM,Healthy,,D011A,0.462,Healthy,Good,None,D11,original,False
2021,109.23767135,-0.44723466,6.8,0.495,TM,Healthy,,D011A,0.495,Healthy,Good,None,D11,original,False
2022,109.23673176,-0.44719555,6.79,0.45,TM,Healthy,,D011A,0.45,Normal,Moderate,Routine,D11,original,False
2023,109.23731042,-0.440805,6.79,0.372,TM,Suspect,Circle_5m,D011A,0.372,Suspect,Critical,Priority Survey,D11,original,False
2024,109.23755286,-0.44499287,6.78,0.385,TM,Healthy,,D011A,0.385,Suspect,Critical,Priority Survey,D11,original,False
2025,109.237346,-0.44038632,6.78,0.397,TM,Healthy,,D011A,0.397,Abnormal,Sub-Optimal,Monitor,D11,original,False
2026,109.23606597,-0.44789984,6.77,0.387,TM,Healthy,,D011A,0.387,Suspect,Critical,Priority Survey,D11,original,False
2027,109.23677462,-0.44828253,6.77,0.401,TM,Healthy,,D011A,0.401,Abnormal,Sub-Optimal,Monitor,D11,original,False
2028,109.23650027,-0.44041641,6.76,0.489,TM,Healthy,,D011A,0.489,Healthy,Good,None,D11,original,False
2029,109.23669062,-0.44831687,6.75,0.511,TM,Healthy,,D011A,0.511,Healthy,Good,None,D11,original,False
2030,109.23671489,-0.44824544,6.74,0.458,TM,Healthy,,D011A,0.458,Normal,Moderate,Routine,D11,original,False
2031,109.23660747,-0.44101192,6.73,0.439,TM,Healthy,,D011A,0.439,Normal,Moderate,Routine,D11,original,False
2032,109.23792751,-0.44088925,6.71,0.471,TM,Healthy,,D011A,0.471,Healthy,Good,None,D11,original,False
2033,109.23663904,-0.44237199,6.71,0.415,TM,Healthy,,D011A,0.415,Abnormal,Sub-Optimal,Monitor,D11,original,False
2034,109.23608722,-0.44732064,6.71,0.417,TM,Healthy,,D011A,0.417,Abnormal,Sub-Optimal,Monitor,D11,original,False
2035,109.236643,-0.4408071,6.71,0.439,TM,Healthy,,D011A,0.439,Normal,Moderate,Routine,D11,original,False
2036,109.23775489,-0.44154482,6.71,0.504,TM,Healthy,,D011A,0.504,Healthy,Good,None,D11,original,False
2037,109.23676269,-0.44369818,6.69,0.423,TM,Healthy,,D011A,0.423,Abnormal,Sub-Optimal,Monitor,D11,original,False
2038,109.23641174,-0.44251708,6.67,0.517,TM,Healthy,,D011A,0.517,Healthy,Good,None,D11,original,False
2039,109.23601216,-0.44376808,6.64,0.453,TM,Healthy,,D011A,0.453,Normal,Moderate,Routine,D11,original,False
2040,109.23613411,-0.44087571,6.62,0.442,TM,Healthy,,D011A,0.442,Normal,Moderate,Routine,D11,original,False
2041,109.23792546,-0.44197576,6.61,0.376,TM,Suspect,Circle_5m,D011A,0.376,Suspect,Critical,Priority Survey,D11,original,False
2042,109.23632708,-0.44722529,6.61,0.408,TM,Healthy,,D011A,0.408,Abnormal,Sub-Optimal,Monitor,D11,original,False
2043,109.2373253,-0.44054637,6.59,0.439,TM,Healthy,,D011A,0.439,Normal,Moderate,Routine,D11,original,False
2044,109.23640754,-0.44127773,6.59,0.431,TM,Healthy,,D011A,0.431,Normal,Moderate,Routine,D11,original,False
2045,109.23618271,-0.44049591,6.58,0.393,TM,Healthy,,D011A,0.393,Abnormal,Sub-Optimal,Monitor,D11,original,False
2046,109.23755201,-0.44477403,6.58,0.46,TM,Healthy,,D011A,0.46,Healthy,Good,None,D11,original,False
2047,109.23720784,-0.445331,6.58,0.396,TM,Healthy,,D011A,0.396,Abnormal,Sub-Optimal,Monitor,D11,original,False
2048,109.23746436,-0.44884472,6.57,0.419,TM,Healthy,,D011A,0.419,Abnormal,Sub-Optimal,Monitor,D11,original,False
2049,109.23619501,-0.44735457,6.57,0.419,TM,Healthy,,D011A,0.419,Abnormal,Sub-Optimal,Monitor,D11,original,False
2050,109.23708031,-0.44525681,6.56,0.424,TM,Healthy,,D011A,0.424,Abnormal,Sub-Optimal,Monitor,D11,original,False
2051,109.23607313,-0.4461464,6.56,0.407,TM,Healthy,,D011A,0.407,Abnormal,Sub-Optimal,Monitor,D11,original,False
2052,109.23635981,-0.44179679,6.56,0.453,TM,Healthy,,D011A,0.453,Normal,Moderate,Routine,D11,original,False
2053,109.23689664,-0.44322797,6.56,0.543,TM,Healthy,,D011A,0.543,Healthy,Good,None,D11,original,False
2054,109.23663711,-0.44861347,6.56,0.499,TM,Healthy,,D011A,0.499,Healthy,Good,None,D11,original,False
2055,109.23649644,-0.44710823,6.53,0.429,TM,Healthy,,D011A,0.429,Abnormal,Sub-Optimal,Monitor,D11,original,False
2056,109.23769932,-0.44103795,6.51,0.48,TM,Healthy,,D011A,0.48,Healthy,Good,None,D11,original,False
2057,109.23716965,-0.44161567,6.49,0.424,TM,Healthy,,D011A,0.424,Abnormal,Sub-Optimal,Monitor,D11,original,False
2058,109.23816401,-0.44171222,6.49,0.37,TM,Suspect,Circle_5m,D011A,0.37,Suspect,Critical,Priority Survey,D11,original,False
2059,109.23735765,-0.44048625,6.48,0.526,TM,Healthy,,D011A,0.526,Healthy,Good,None,D11,original,False
2060,109.2368735,-0.4404165,6.47,0.439,TM,Healthy,,D011A,0.439,Normal,Moderate,Routine,D11,original,False
2061,109.23750212,-0.44493363,6.47,0.472,TM,Healthy,,D011A,0.472,Healthy,Good,None,D11,original,False
2062,109.23786988,-0.44905506,6.46,0.459,TM,Healthy,,D011A,0.459,Normal,Moderate,Routine,D11,original,False
2063,109.23634588,-0.44749885,6.46,0.469,TM,Healthy,,D011A,0.469,Healthy,Good,None,D11,original,False
2064,109.23799528,-0.44492199,6.44,0.427,TM,Healthy,,D011A,0.427,Abnormal,Sub-Optimal,Monitor,D11,original,False
2065,109.23760988,-0.44126672,6.43,0.477,TM,Healthy,,D011A,0.477,Healthy,Good,None,D11,original,False
2066,109.23815942,-0.4440539,6.42,0.375,TM,Suspect,Circle_5m,D011A,0.375,Suspect,Critical,Priority Survey,D11,original,False
2067,109.23696253,-0.44758671,6.38,0.418,TM,Healthy,,D011A,0.418,Abnormal,Sub-Optimal,Monitor,D11,original,False
2068,109.23629291,-0.4473858,6.37,0.407,TM,Healthy,,D011A,0.407,Abnormal,Sub-Optimal,Monitor,D11,original,False
2069,109.2378036,-0.44638375,6.36,0.396,TM,Healthy,,D011A,0.396,Abnormal,Sub-Optimal,Monitor,D11,original,False
2070,109.23764193,-0.44058895,6.36,0.41,TM,Healthy,,D011A,0.41,Abnormal,Sub-Optimal,Monitor,D11,original,False
2071,109.23642028,-0.44816398,6.36,0.432,TM,Healthy,,D011A,0.432,Normal,Moderate,Routine,D11,original,False
2072,109.23729745,-0.44814339,6.35,0.388,TM,Healthy,,D011A,0.388,Suspect,Critical,Priority Survey,D11,original,False
2073,109.23655706,-0.44901043,6.35,0.459,TM,Healthy,,D011A,0.459,Normal,Moderate,Routine,D11,original,False
2074,109.2370103,-0.44688906,6.34,0.432,TM,Healthy,,D011A,0.432,Normal,Moderate,Routine,D11,original,False
2075,109.23641612,-0.44298505,6.32,0.534,TM,Healthy,,D011A,0.534,Healthy,Good,None,D11,original,False
2076,109.2367292,-0.44286305,6.32,0.445,TM,Healthy,,D011A,0.445,Normal,Moderate,Routine,D11,original,False
2077,109.23621296,-0.44741065,6.31,0.378,TM,Suspect,Circle_5m,D011A,0.378,Suspect,Critical,Priority Survey,D11,original,False
2078,109.23609368,-0.44281135,6.3,0.439,TM,Healthy,,D011A,0.439,Normal,Moderate,Routine,D11,original,False
2079,109.2371038,-0.44466902,6.28,0.487,TM,Healthy,,D011A,0.487,Healthy,Good,None,D11,original,False
2080,109.23692662,-0.44559092,6.26,0.408,TM,Healthy,,D011A,0.408,Abnormal,Sub-Optimal,Monitor,D11,original,False
2081,109.23782229,-0.44896598,6.24,0.426,TM,Healthy,,D011A,0.426,Abnormal,Sub-Optimal,Monitor,D11,original,False
2082,109.23665539,-0.4472733,6.21,0.534,TM,Healthy,,D011A,0.534,Healthy,Good,None,D11,original,False
2083,109.2366421,-0.44273869,6.19,0.432,TM,Healthy,,D011A,0.432,Normal,Moderate,Routine,D11,original,False
2084,109.23646031,-0.44793023,6.19,0.434,TM,Healthy,,D011A,0.434,Normal,Moderate,Routine,D11,original,False
2085,109.23770841,-0.44057495,6.19,0.42,TM,Healthy,,D011A,0.42,Abnormal,Sub-Optimal,Monitor,D11,original,False
2086,109.23719572,-0.44151168,6.18,0.452,TM,Healthy,,D011A,0.452,Normal,Moderate,Routine,D11,original,False
2087,109.2368431,-0.44552714,6.17,0.387,TM,Healthy,,D011A,0.387,Suspect,Critical,Priority Survey,D11,original,False
2088,109.23791138,-0.4445286,6.17,0.495,TM,Healthy,,D011A,0.495,Healthy,Good,None,D11,original,False
2089,109.2375736,-0.44842786,6.14,0.374,TM,Suspect,Circle_5m,D011A,0.374,Suspect,Critical,Priority Survey,D11,original,False
2090,109.23601975,-0.44773841,6.13,0.387,TM,Healthy,,D011A,0.387,Suspect,Critical,Priority Survey,D11,original,False
2091,109.23793773,-0.44705929,6.13,0.364,TM,Suspect,Circle_5m,D011A,0.364,Suspect,Critical,Priority Survey,D11,original,False
2092,109.23610773,-0.44607226,6.13,0.385,TM,Healthy,,D011A,0.385,Suspect,Critical,Priority Survey,D11,original,False
2093,109.23605428,-0.44041269,6.12,0.442,TM,Healthy,,D011A,0.442,Normal,Moderate,Routine,D11,original,False
2094,109.23647286,-0.44046659,6.12,0.48,TM,Healthy,,D011A,0.48,Healthy,Good,None,D11,original,False
2095,109.23710783,-0.44282968,6.12,0.418,TM,Healthy,,D011A,0.418,Abnormal,Sub-Optimal,Monitor,D11,original,False
2096,109.23787279,-0.44058494,6.11,0.47,TM,Healthy,,D011A,0.47,Healthy,Good,None,D11,original,False
2097,109.23646335,-0.44268936,6.1,0.596,TM,Healthy,,D011A,0.596,Healthy,Good,None,D11,original,False
2098,109.23783633,-0.44090822,6.07,0.476,TM,Healthy,,D011A,0.476,Healthy,Good,None,D11,original,False
2099,109.23790134,-0.4489556,6.04,0.448,TM,Healthy,,D011A,0.448,Normal,Moderate,Routine,D11,original,False
2100,109.23720806,-0.44060648,6.04,0.426,TM,Healthy,,D011A,0.426,Abnormal,Sub-Optimal,Monitor,D11,original,False
2101,109.23641348,-0.44276124,6.03,0.511,TM,Healthy,,D011A,0.511,Healthy,Good,None,D11,original,False
2102,109.2380476,-0.44587559,6.03,0.436,TM,Healthy,,D011A,0.436,Normal,Moderate,Routine,D11,original,False
2103,109.23625175,-0.44293076,6.02,0.492,TM,Healthy,,D011A,0.492,Healthy,Good,None,D11,original,False
2104,109.23752612,-0.44410575,6.02,0.455,TM,Healthy,,D011A,0.455,Normal,Moderate,Routine,D11,original,False
2105,109.23599472,-0.44345338,6.01,0.461,TM,Healthy,,D011A,0.461,Healthy,Good,None,D11,original,False
2106,109.23790133,-0.44713343,6.01,0.371,TM,Suspect,Circle_5m,D011A,0.371,Suspect,Critical,Priority Survey,D11,original,False
2107,109.23651463,-0.44045304,6.01,0.547,TM,Healthy,,D011A,0.547,Healthy,Good,None,D11,original,False
2108,109.23662565,-0.44392693,6.0,0.402,TM,Healthy,,D011A,0.402,Abnormal,Sub-Optimal,Monitor,D11,original,False
2109,109.23780746,-0.44143768,5.97,0.516,TM,Healthy,,D011A,0.516,Healthy,Good,None,D11,original,False
2110,109.23605655,-0.44218014,5.97,0.416,TM,Healthy,,D011A,0.416,Abnormal,Sub-Optimal,Monitor,D11,original,False
2111,109.23783886,-0.44162442,5.93,0.483,TM,Healthy,,D011A,0.483,Healthy,Good,None,D11,original,False
2112,109.23760626,-0.44138563,5.92,0.55,TM,Healthy,,D011A,0.55,Healthy,Good,None,D11,original,False
2113,109.23694157,-0.44316694,5.92,0.534,TM,Healthy,,D011A,0.534,Healthy,Good,None,D11,original,False
2114,109.23799583,-0.444492,5.9,0.427,TM,Healthy,,D011A,0.427,Abnormal,Sub-Optimal,Monitor,D11,original,False
2115,109.23812239,-0.44107648,5.9,0.298,TM,Suspect,Circle_5m,D011A,0.298,Suspect,Critical,Priority Survey,D11,original,False
2116,109.23774367,-0.44148966,5.9,0.523,TM,Healthy,,D011A,0.523,Healthy,Good,None,D11,original,False
2117,109.23701544,-0.44605394,5.88,0.446,TM,Healthy,,D011A,0.446,Normal,Moderate,Routine,D11,original,False
2118,109.23653257,-0.44054528,5.88,0.531,TM,Healthy,,D011A,0.531,Healthy,Good,None,D11,original,False
2119,109.2371142,-0.44055582,5.88,0.398,TM,Healthy,,D011A,0.398,Abnormal,Sub-Optimal,Monitor,D11,original,False
2120,109.23751609,-0.44851195,5.86,0.387,TM,Healthy,,D011A,0.387,Suspect,Critical,Priority Survey,D11,original,False
2121,109.23800362,-0.44570783,5.85,0.323,TM,Suspect,Circle_5m,D011A,0.323,Suspect,Critical,Priority Survey,D11,original,False
2122,109.23764129,-0.44710127,5.85,0.422,TM,Healthy,,D011A,0.422,Abnormal,Sub-Optimal,Monitor,D11,original,False
2123,109.23601165,-0.44215391,5.84,0.443,TM,Healthy,,D011A,0.443,Normal,Moderate,Routine,D11,original,False
2124,109.23600132,-0.4459298,5.84,0.437,TM,Healthy,,D011A,0.437,Normal,Moderate,Routine,D11,original,False
2125,109.23652534,-0.44074513,5.83,0.552,TM,Healthy,,D011A,0.552,Healthy,Good,None,D11,original,False
2126,109.23773795,-0.44098235,5.82,0.519,TM,Healthy,,D011A,0.519,Healthy,Good,None,D11,original,False
2127,109.23754595,-0.44760991,5.82,0.33,TM,Suspect,Circle_5m,D011A,0.33,Suspect,Critical,Priority Survey,D11,original,False
2128,109.23797182,-0.44156432,5.8,0.6,TM,Healthy,,D011A,0.6,Healthy,Good,None,D11,original,False
2129,109.23649127,-0.4480392,5.79,0.449,TM,Healthy,,D011A,0.449,Normal,Moderate,Routine,D11,original,False
2130,109.23712637,-0.44037089,5.78,0.373,TM,Suspect,Circle_5m,D011A,0.373,Suspect,Critical,Priority Survey,D11,original,False
2131,109.23815324,-0.44738399,5.77,0.363,TM,Suspect,Circle_5m,D011A,0.363,Suspect,Critical,Priority Survey,D11,original,False
2132,109.23682262,-0.44284182,5.75,0.374,TM,Suspect,Circle_5m,D011A,0.374,Suspect,Critical,Priority Survey,D11,original,False
2133,109.23785999,-0.44909395,5.74,0.457,TM,Healthy,,D011A,0.457,Normal,Moderate,Routine,D11,original,False
2134,109.23693548,-0.44043505,5.71,0.463,TM,Healthy,,D011A,0.463,Healthy,Good,None,D11,original,False
2135,109.23790463,-0.4407857,5.68,0.485,TM,Healthy,,D011A,0.485,Healthy,Good,None,D11,original,False
2136,109.23659502,-0.44046572,5.63,0.484,TM,Healthy,,D011A,0.484,Healthy,Good,None,D11,original,False
2137,109.23760968,-0.44403885,5.6,0.412,TM,Healthy,,D011A,0.412,Abnormal,Sub-Optimal,Monitor,D11,original,False
2138,109.23785071,-0.44087431,5.6,0.51,TM,Healthy,,D011A,0.51,Healthy,Good,None,D11,original,False
2139,109.23804132,-0.44583987,5.59,0.478,TM,Healthy,,D011A,0.478,Healthy,Good,None,D11,original,False
2140,109.23703288,-0.4444782,5.58,0.426,TM,Healthy,,D011A,0.426,Abnormal,Sub-Optimal,Monitor,D11,original,False
2141,109.23771199,-0.4406161,5.56,0.393,TM,Healthy,,D011A,0.393,Abnormal,Sub-Optimal,Monitor,D11,original,False
2142,109.23655146,-0.44238056,5.55,0.471,TM,Healthy,,D011A,0.471,Healthy,Good,None,D11,original,False
2143,109.23746238,-0.4439737,5.54,0.565,TM,Healthy,,D011A,0.565,Healthy,Good,None,D11,original,False
2144,109.23656487,-0.44831096,5.52,0.433,TM,Healthy,,D011A,0.433,Normal,Moderate,Routine,D11,original,False
2145,109.23698613,-0.44275595,5.5,0.434,TM,Healthy,,D011A,0.434,Normal,Moderate,Routine,D11,original,False
2146,109.23783618,-0.44153806,5.49,0.53,TM,Healthy,,D011A,0.53,Healthy,Good,None,D11,original,False
2147,109.23779803,-0.44900215,5.49,0.44,TM,Healthy,,D011A,0.44,Normal,Moderate,Routine,D11,original,False
2148,109.23663374,-0.44388624,5.47,0.521,TM,Healthy,,D011A,0.521,Healthy,Good,None,D11,original,False
2149,109.23787364,-0.44080604,5.46,0.567,TM,Healthy,,D011A,0.567,Healthy,Good,None,D11,original,False
2150,109.23660285,-0.44346121,5.45,0.418,TM,Healthy,,D011A,0.418,Abnormal,Sub-Optimal,Monitor,D11,original,False
2151,109.23694537,-0.44797465,5.45,0.367,TM,Suspect,Circle_5m,D011A,0.367,Suspect,Critical,Priority Survey,D11,original,False
2152,109.23682647,-0.44556331,5.45,0.323,TM,Suspect,Circle_5m,D011A,0.323,Suspect,Critical,Priority Survey,D11,original,False
2153,109.23646553,-0.44863829,5.44,0.497,TM,Healthy,,D011A,0.497,Healthy,Good,None,D11,original,False
2154,109.23666593,-0.44826306,5.43,0.445,TM,Healthy,,D011A,0.445,Normal,Moderate,Routine,D11,original,False
2155,109.2373873,-0.44046184,5.43,0.502,TM,Healthy,,D011A,0.502,Healthy,Good,None,D11,original,False
2156,109.23759285,-0.44490516,5.43,0.461,TM,Healthy,,D011A,0.461,Healthy,Good,None,D11,original,False
2157,109.23771901,-0.44132688,5.41,0.473,TM,Healthy,,D011A,0.473,Healthy,Good,None,D11,original,False
2158,109.23781736,-0.44138207,5.4,0.526,TM,Healthy,,D011A,0.526,Healthy,Good,None,D11,original,False
2159,109.23658043,-0.44332782,5.39,0.399,TM,Healthy,,D011A,0.399,Abnormal,Sub-Optimal,Monitor,D11,original,False
2160,109.23783186,-0.44081643,5.38,0.505,TM,Healthy,,D011A,0.505,Healthy,Good,None,D11,original,False
2161,109.23679072,-0.44670769,5.37,0.354,TM,Suspect,Circle_5m,D011A,0.354,Suspect,Critical,Priority Survey,D11,original,False
2162,109.23646341,-0.44246283,5.34,0.507,TM,Healthy,,D011A,0.507,Healthy,Good,None,D11,original,False
2163,109.23815533,-0.44615866,5.3,0.51,TM,Healthy,,D011A,0.51,Healthy,Good,None,D11,original,False
2164,109.2365943,-0.44731986,5.26,0.381,TM,Healthy,,D011A,0.381,Suspect,Critical,Priority Survey,D11,original,False
2165,109.2373051,-0.44809953,5.23,0.422,TM,Healthy,,D011A,0.422,Abnormal,Sub-Optimal,Monitor,D11,original,False
2166,109.23646551,-0.44872646,5.21,0.419,TM,Healthy,,D011A,0.419,Abnormal,Sub-Optimal,Monitor,D11,original,False
2167,109.23629517,-0.44733199,5.18,0.498,TM,Healthy,,D011A,0.498,Healthy,Good,None,D11,original,False
2168,109.23645969,-0.44296607,5.18,0.508,TM,Healthy,,D011A,0.508,Healthy,Good,None,D11,original,False
2169,109.23609693,-0.44046741,5.15,0.503,TM,Healthy,,D011A,0.503,Healthy,Good,None,D11,original,False
2170,109.2379239,-0.44097516,5.14,0.436,TM,Healthy,,D011A,0.436,Normal,Moderate,Routine,D11,original,False
2171,109.23669595,-0.44290057,5.13,0.382,TM,Healthy,,D011A,0.382,Suspect,Critical,Priority Survey,D11,original,False
2172,109.23688996,-0.44300958,5.12,0.455,TM,Healthy,,D011A,0.455,Normal,Moderate,Routine,D11,original,False
2173,109.23805055,-0.44667816,5.11,0.44,TM,Healthy,,D011A,0.44,Normal,Moderate,Routine,D11,original,False
2174,109.23773713,-0.4463765,5.08,0.475,TM,Healthy,,D011A,0.475,Healthy,Good,None,D11,original,False
2175,109.23693492,-0.44279347,5.07,0.429,TM,Healthy,,D011A,0.429,Abnormal,Sub-Optimal,Monitor,D11,original,False
2176,109.2380686,-0.44821321,5.06,0.33,TM,Suspect,Circle_5m,D011A,0.33,Suspect,Critical,Priority Survey,D11,original,False
2177,109.23646876,-0.44262063,5.04,0.421,TM,Healthy,,D011A,0.421,Abnormal,Sub-Optimal,Monitor,D11,original,False
2178,109.23656622,-0.44827298,5.03,0.444,TM,Healthy,,D011A,0.444,Normal,Moderate,Routine,D11,original,False
2179,109.23626406,-0.44595654,5.02,0.404,TM,Healthy,,D011A,0.404,Abnormal,Sub-Optimal,Monitor,D11,original,False
2180,109.23639556,-0.4425641,5.01,0.52,TM,Healthy,,D011A,0.52,Healthy,Good,None,D11,original,False
2181,109.23815786,-0.44494825,5.01,0.379,TM,Suspect,Circle_5m,D011A,0.379,Suspect,Critical,Priority Survey,D11,original,False
2182,109.23740439,-0.44038543,4.97,0.402,TM,Healthy,,D011A,0.402,Abnormal,Sub-Optimal,Monitor,D11,original,False
2183,109.23607462,-0.44367314,4.97,0.524,TM,Healthy,,D011A,0.524,Healthy,Good,None,D11,original,False
2184,109.23793458,-0.44137169,4.97,0.635,TM,Healthy,,D011A,0.635,Healthy,Good,None,D11,original,False
2185,109.23650825,-0.44084143,4.96,0.596,TM,Healthy,,D011A,0.596,Healthy,Good,None,D11,original,False
2186,109.23796962,-0.44135497,4.96,0.515,TM,Healthy,,D011A,0.515,Healthy,Good,None,D11,original,False
2187,109.23682757,-0.44469835,4.95,0.423,TM,Healthy,,D011A,0.423,Abnormal,Sub-Optimal,Monitor,D11,original,False
2188,109.23653616,-0.44247415,4.95,0.576,TM,Healthy,,D011A,0.576,Healthy,Good,None,D11,original,False
2189,109.23778246,-0.44078884,4.92,0.388,TM,Healthy,,D011A,0.388,Suspect,Critical,Priority Survey,D11,original,False
2190,109.23803307,-0.44652668,4.88,0.447,TM,Healthy,,D011A,0.447,Normal,Moderate,Routine,D11,original,False
2191,109.23683765,-0.44389714,4.87,0.369,TM,Suspect,Circle_5m,D011A,0.369,Suspect,Critical,Priority Survey,D11,original,False
2192,109.23653564,-0.44279744,4.87,0.455,TM,Healthy,,D011A,0.455,Normal,Moderate,Routine,D11,original,False
2193,109.23808851,-0.44573227,4.87,0.351,TM,Suspect,Circle_5m,D011A,0.351,Suspect,Critical,Priority Survey,D11,original,False
2194,109.23640002,-0.4483697,4.87,0.493,TM,Healthy,,D011A,0.493,Healthy,Good,None,D11,original,False
2195,109.23790582,-0.4414576,4.84,0.531,TM,Healthy,,D011A,0.531,Healthy,Good,None,D11,original,False
2196,109.23716003,-0.44431681,4.83,0.461,TM,Healthy,,D011A,0.461,Healthy,Good,None,D11,original,False
2197,109.2370298,-0.44611634,4.81,0.455,TM,Healthy,,D011A,0.455,Normal,Moderate,Routine,D11,original,False
2198,109.23798801,-0.44713662,4.81,0.433,TM,Healthy,,D011A,0.433,Normal,Moderate,Routine,D11,original,False
2199,109.23788292,-0.44899991,4.79,0.461,TM,Healthy,,D011A,0.461,Healthy,Good,None,D11,original,False
2200,109.23766734,-0.44139876,4.79,0.541,TM,Healthy,,D011A,0.541,Healthy,Good,None,D11,original,False
2201,109.23626309,-0.44436543,4.79,0.506,TM,Healthy,,D011A,0.506,Healthy,Good,None,D11,original,False
2202,109.23678721,-0.44254927,4.77,0.4,TM,Healthy,,D011A,0.4,Abnormal,Sub-Optimal,Monitor,D11,original,False
2203,109.23678131,-0.44471281,4.75,0.421,TM,Healthy,,D011A,0.421,Abnormal,Sub-Optimal,Monitor,D11,original,False
2204,109.23623892,-0.44591765,4.74,0.454,TM,Healthy,,D011A,0.454,Normal,Moderate,Routine,D11,original,False
2205,109.23665382,-0.44064117,4.74,0.5,TM,Healthy,,D011A,0.5,Healthy,Good,None,D11,original,False
2206,109.23786557,-0.44072782,4.74,0.417,TM,Healthy,,D011A,0.417,Abnormal,Sub-Optimal,Monitor,D11,original,False
2207,109.23632049,-0.44284848,4.7,0.559,TM,Healthy,,D011A,0.559,Healthy,Good,None,D11,original,False
2208,109.23705056,-0.4475899,4.69,0.561,TM,Healthy,,D011A,0.561,Healthy,Good,None,D11,original,False
2209,109.23685766,-0.44281786,4.68,0.379,TM,Suspect,Circle_5m,D011A,0.379,Suspect,Critical,Priority Survey,D11,original,False
2210,109.23646736,-0.4428458,4.67,0.567,TM,Healthy,,D011A,0.567,Healthy,Good,None,D11,original,False
2211,109.23716972,-0.44509768,4.67,0.447,TM,Healthy,,D011A,0.447,Normal,Moderate,Routine,D11,original,False
2212,109.2381157,-0.44087482,4.66,0.332,TM,Suspect,Circle_5m,D011A,0.332,Suspect,Critical,Priority Survey,D11,original,False
2213,109.23762151,-0.44146612,4.66,0.48,TM,Healthy,,D011A,0.48,Healthy,Good,None,D11,original,False
2214,109.23779634,-0.44097151,4.65,0.438,TM,Healthy,,D011A,0.438,Normal,Moderate,Routine,D11,original,False
2215,109.23635644,-0.44275535,4.62,0.379,TM,Suspect,Circle_5m,D011A,0.379,Suspect,Critical,Priority Survey,D11,original,False
2216,109.23698778,-0.4490232,4.6,0.416,TM,Healthy,,D011A,0.416,Abnormal,Sub-Optimal,Monitor,D11,original,False
2217,109.23641705,-0.44285257,4.59,0.491,TM,Healthy,,D011A,0.491,Healthy,Good,None,D11,original,False
2218,109.23669777,-0.44280245,4.58,0.448,TM,Healthy,,D011A,0.448,Normal,Moderate,Routine,D11,original,False
2219,109.2359037,-0.44088424,4.58,0.391,TM,Healthy,,D011A,0.391,Abnormal,Sub-Optimal,Monitor,D11,original,False
2220,109.23772303,-0.44140601,4.57,0.544,TM,Healthy,,D011A,0.544,Healthy,Good,None,D11,original,False
2221,109.23629367,-0.44228148,4.53,0.324,TM,Suspect,Circle_5m,D011A,0.324,Suspect,Critical,Priority Survey,D11,original,False
2222,109.23815837,-0.44466883,4.52,0.399,TM,Healthy,,D011A,0.399,Abnormal,Sub-Optimal,Monitor,D11,original,False
2223,109.23798094,-0.4409607,4.51,0.4,TM,Healthy,,D011A,0.4,Abnormal,Sub-Optimal,Monitor,D11,original,False
2224,109.23642205,-0.44260932,4.51,0.5,TM,Healthy,,D011A,0.5,Healthy,Good,None,D11,original,False
2225,109.23718319,-0.44701841,4.46,0.322,TM,Suspect,Circle_5m,D011A,0.322,Suspect,Critical,Priority Survey,D11,original,False
2226,109.23684383,-0.4480949,4.45,0.483,TM,Healthy,,D011A,0.483,Healthy,Good,None,D11,original,False
2227,109.23679091,-0.44776618,4.42,0.328,TM,Suspect,Circle_5m,D011A,0.328,Suspect,Critical,Priority Survey,D11,original,False
2228,109.2364656,-0.44078717,4.41,0.468,TM,Healthy,,D011A,0.468,Healthy,Good,None,D11,original,False
2229,109.23804984,-0.44779497,4.4,0.415,TM,Healthy,,D011A,0.415,Abnormal,Sub-Optimal,Monitor,D11,original,False
2230,109.23636747,-0.44169732,4.4,0.43,TM,Healthy,,D011A,0.43,Normal,Moderate,Routine,D11,original,False
2231,109.23766283,-0.4415032,4.38,0.534,TM,Healthy,,D011A,0.534,Healthy,Good,None,D11,original,False
2232,109.23755791,-0.44641398,4.37,0.371,TM,Suspect,Circle_5m,D011A,0.371,Suspect,Critical,Priority Survey,D11,original,False
2233,109.23677624,-0.44714944,4.37,0.483,TM,Healthy,,D011A,0.483,Healthy,Good,None,D11,original,False
2234,109.23786271,-0.4452362,4.34,0.493,TM,Healthy,,D011A,0.493,Healthy,Good,None,D11,original,False
2235,109.23799072,-0.44141828,4.34,0.447,TM,Healthy,,D011A,0.447,Normal,Moderate,Routine,D11,original,False
2236,109.236899,-0.44276949,4.33,0.479,TM,Healthy,,D011A,0.479,Healthy,Good,None,D11,original,False
2237,109.237439,-0.44406865,4.29,0.424,TM,Healthy,,D011A,0.424,Abnormal,Sub-Optimal,Monitor,D11,original,False
2238,109.23676474,-0.44262387,4.28,0.489,TM,Healthy,,D011A,0.489,Healthy,Good,None,D11,original,False
2239,109.237507,-0.44139103,4.28,0.461,TM,Healthy,,D011A,0.461,Healthy,Good,None,D11,original,False
2240,109.23685893,-0.44317732,4.27,0.461,TM,Healthy,,D011A,0.461,Healthy,Good,None,D11,original,False
2241,109.23815274,-0.44758745,4.25,0.325,TM,Suspect,Circle_5m,D011A,0.325,Suspect,Critical,Priority Survey,D11,original,False
2242,109.23801313,-0.44914869,4.25,0.357,TM,Suspect,Circle_5m,D011A,0.357,Suspect,Critical,Priority Survey,D11,original,False
2243,109.23683972,-0.44272517,4.23,0.487,TM,Healthy,,D011A,0.487,Healthy,Good,None,D11,original,False
2244,109.23799715,-0.44079024,4.18,0.474,TM,Healthy,,D011A,0.474,Healthy,Good,None,D11,original,False
2245,109.23663144,-0.44789636,4.13,0.379,TM,Suspect,Circle_5m,D011A,0.379,Suspect,Critical,Priority Survey,D11,original,False
2246,109.23661334,-0.44088215,4.1,0.454,TM,Healthy,,D011A,0.454,Normal,Moderate,Routine,D11,original,False
2247,109.23656392,-0.44285532,4.08,0.538,TM,Healthy,,D011A,0.538,Healthy,Good,None,D11,original,False
2248,109.23791118,-0.44157787,4.05,0.42,TM,Healthy,,D011A,0.42,Abnormal,Sub-Optimal,Monitor,D11,original,False
2249,109.2367186,-0.44776978,3.96,0.369,TM,Healthy,,D011A,0.369,Suspect,Critical,Priority Survey,D11,TBM->TM,True
2250,109.23762947,-0.44580857,3.94,0.404,Kenthosan,Abnormal,Field_Verification,D011A,0.404,Abnormal,Sub-Optimal,Monitor,D11,original,False
2251,109.23643545,-0.44292537,3.93,0.491,Kenthosan,Abnormal,Field_Verification,D011A,0.491,Healthy,Good,None,D11,original,False
2252,109.23784429,-0.44144944,3.92,0.538,Kenthosan,Abnormal,Field_Verification,D011A,0.538,Healthy,Good,None,D11,original,False
2253,109.23681491,-0.44696271,3.91,0.33,Kenthosan,Abnormal,Field_Verification,D011A,0.33,Suspect,Critical,Priority Survey,D11,original,False
2254,109.23648363,-0.44241627,3.91,0.509,Kenthosan,Abnormal,Field_Verification,D011A,0.509,Healthy,Good,None,D11,original,False
2255,109.23756476,-0.4440515,3.84,0.321,Kenthosan,Abnormal,Field_Verification,D011A,0.321,Suspect,Critical,Priority Survey,D11,original,False
2256,109.23795434,-0.44896013,3.8,0.39,Kenthosan,Abnormal,Field_Verification,D011A,0.39,Abnormal,Sub-Optimal,Monitor,D11,original,False
2257,109.23798414,-0.44071835,3.77,0.463,Kenthosan,Abnormal,Field_Verification,D011A,0.463,Healthy,Good,None,D11,original,False
2258,109.23714999,-0.4468493,3.75,0.389,Kenthosan,Abnormal,Field_Verification,D011A,0.389,Suspect,Critical,Priority Survey,D11,original,False
2259,109.23629131,-0.44278834,3.73,0.57,Kenthosan,Abnormal,Field_Verification,D011A,0.57,Healthy,Good,None,D11,original,False
2260,109.23592129,-0.44438569,3.71,0.523,TM,Healthy,,D011A,0.523,Healthy,Good,None,D11,TBM->TM,True
2261,109.23588311,-0.44439337,3.69,0.456,TM,Healthy,,D011A,0.456,Normal,Moderate,Routine,D11,TBM->TM,True
2262,109.23593832,-0.44645609,3.64,0.432,Kenthosan,Abnormal,Field_Verification,D011A,0.432,Normal,Moderate,Routine,D11,original,False
2263,109.2367391,-0.44279161,3.59,0.449,TM,Healthy,,D011A,0.449,Normal,Moderate,Routine,D11,TBM->TM,True
2264,109.23702784,-0.44679411,3.58,0.366,Kenthosan,Abnormal,Field_Verification,D011A,0.366,Suspect,Critical,Priority Survey,D11,original,False
2265,109.23804725,-0.44733558,3.55,0.228,Kenthosan,Abnormal,Field_Verification,D011A,0.228,Suspect,Critical,Priority Survey,D11,original,False
2266,109.23652488,-0.44078989,3.55,0.57,Kenthosan,Abnormal,Field_Verification,D011A,0.57,Healthy,Good,None,D11,original,False
2267,109.23635068,-0.44809614,3.54,0.461,TM,Healthy,,D011A,0.461,Healthy,Good,None,D11,TBM->TM,True
2268,109.23627304,-0.44406204,3.5,0.483,Kenthosan,Abnormal,Field_Verification,D011A,0.483,Healthy,Good,None,D11,original,False
2269,109.23801329,-0.44091278,3.49,0.507,Kenthosan,Abnormal,Field_Verification,D011A,0.507,Healthy,Good,None,D11,original,False
2270,109.23816404,-0.44157929,3.49,0.376,TM,Healthy,,D011A,0.376,Suspect,Critical,Priority Survey,D11,TBM->TM,True
2271,109.23779324,-0.44082501,3.48,0.465,Kenthosan,Abnormal,Field_Verification,D011A,0.465,Healthy,Good,None,D11,original,False
2272,109.23639638,-0.44290095,3.47,0.436,Kenthosan,Abnormal,Field_Verification,D011A,0.436,Normal,Moderate,Routine,D11,original,False
2273,109.23684405,-0.44530875,3.47,0.306,TM,Healthy,,D011A,0.306,Suspect,Critical,Priority Survey,D11,TBM->TM,True
2274,109.23786213,-0.44765837,3.44,0.355,Kenthosan,Abnormal,Field_Verification,D011A,0.355,Suspect,Critical,Priority Survey,D11,original,False
2275,109.23716435,-0.445019,3.44,0.348,TM,Healthy,,D011A,0.348,Suspect,Critical,Priority Survey,D11,TBM->TM,True
2276,109.23636133,-0.44299318,3.42,0.42,TM,Healthy,,D011A,0.42,Abnormal,Sub-Optimal,Monitor,D11,TBM->TM,True
2277,109.23767859,-0.44131692,3.39,0.461,Kenthosan,Abnormal,Field_Verification,D011A,0.461,Healthy,Good,None,D11,original,False
2278,109.23679913,-0.44531959,3.35,0.321,TM,Healthy,,D011A,0.321,Suspect,Critical,Priority Survey,D11,TBM->TM,True
2279,109.23621872,-0.44206533,3.29,0.477,TM,Healthy,,D011A,0.477,Healthy,Good,None,D11,TBM->TM,True
2280,109.23595464,-0.44579596,3.28,0.39,TM,Healthy,,D011A,0.39,Abnormal,Sub-Optimal,Monitor,D11,TBM->TM,True
2281,109.23774292,-0.44089146,3.27,0.439,Kenthosan,Abnormal,Field_Verification,D011A,0.439,Normal,Moderate,Routine,D11,original,False
2282,109.23710871,-0.44099259,3.26,0.412,Kenthosan,Abnormal,Field_Verification,D011A,0.412,Abnormal,Sub-Optimal,Monitor,D11,original,False
2283,109.23686184,-0.44791676,3.24,0.395,Kenthosan,Abnormal,Field_Verification,D011A,0.395,Abnormal,Sub-Optimal,Monitor,D11,original,False
2284,109.23677352,-0.44155228,3.24,0.443,Kenthosan,Abnormal,Field_Verification,D011A,0.443,Normal,Moderate,Routine,D11,original,False
2285,109.23686921,-0.44527123,3.17,0.357,TM,Healthy,,D011A,0.357,Suspect,Critical,Priority Survey,D11,TBM->TM,True
2286,109.23633961,-0.44174434,3.13,0.437,Kenthosan,Abnormal,Field_Verification,D011A,0.437,Normal,Moderate,Routine,D11,original,False
2287,109.23652357,-0.44253519,3.11,0.435,Kenthosan,Abnormal,Field_Verification,D011A,0.435,Normal,Moderate,Routine,D11,original,False
2288,109.23804564,-0.44088475,3.1,0.431,Kenthosan,Abnormal,Field_Verification,D011A,0.431,Normal,Moderate,Routine,D11,original,False
2289,109.23605846,-0.44738348,3.04,0.29,Kenthosan,Abnormal,Field_Verification,D011A,0.29,Suspect,Critical,Priority Survey,D11,original,False
2290,109.23803488,-0.44076855,3.02,0.423,Kenthosan,Abnormal,Field_Verification,D011A,0.423,Abnormal,Sub-Optimal,Monitor,D11,original,False
2291,109.23649168,-0.44256729,3.0,0.547,Kenthosan,Abnormal,Field_Verification,D011A,0.547,Healthy,Good,None,D11,original,False
2292,109.23706781,-0.4468104,2.97,0.352,TM,Healthy,,D011A,0.352,Suspect,Critical,Priority Survey,D11,TBM->TM,True
2293,109.23763602,-0.44468633,2.93,0.382,Kenthosan,Abnormal,Field_Verification,D011A,0.382,Suspect,Critical,Priority Survey,D11,original,False
2294,109.23636403,-0.44295158,2.85,0.461,TM,Healthy,,D011A,0.461,Healthy,Good,None,D11,TBM->TM,True
2295,109.23642255,-0.44805365,2.82,0.398,TM,Healthy,,D011A,0.398,Abnormal,Sub-Optimal,Monitor,D11,TBM->TM,True
2296,109.23766521,-0.44471031,2.79,0.435,Kenthosan,Abnormal,Field_Verification,D011A,0.435,Normal,Moderate,Routine,D11,original,False
2297,109.23816506,-0.44107243,2.73,0.297,Kenthosan,Abnormal,Field_Verification,D011A,0.297,Suspect,Critical,Priority Survey,D11,original,False
2298,109.23816299,-0.44225254,2.73,0.404,TM,Healthy,,D011A,0.404,Abnormal,Sub-Optimal,Monitor,D11,TBM->TM,True
2299,109.23640998,-0.44236742,2.71,0.441,Kenthosan,Abnormal,Field_Verification,D011A,0.441,Normal,Moderate,Routine,D11,original,False
2300,109.23675932,-0.44273736,2.69,0.53,TM,Healthy,,D011A,0.53,Healthy,Good,None,D11,TBM->TM,True
2301,109.23749955,-0.44060881,2.62,0.388,Kenthosan,Abnormal,Field_Verification,D011A,0.388,Suspect,Critical,Priority Survey,D11,original,False
2302,109.23641087,-0.4424167,2.62,0.455,Kenthosan,Abnormal,Field_Verification,D011A,0.455,Normal,Moderate,Routine,D11,original,False
2303,109.23681296,-0.44571026,2.61,0.466,Kenthosan,Abnormal,Field_Verification,D011A,0.466,Healthy,Good,None,D11,original,False
2304,109.23811981,-0.44061619,2.59,0.265,Kenthosan,Abnormal,Field_Verification,D011A,0.265,Suspect,Critical,Priority Survey,D11,original,False
2305,109.23811216,-0.44065463,2.58,0.283,Kenthosan,Abnormal,Field_Verification,D011A,0.283,Suspect,Critical,Priority Survey,D11,original,False
2306,109.23673509,-0.44265099,2.55,0.459,Kenthosan,Abnormal,Field_Verification,D011A,0.459,Normal,Moderate,Routine,D11,original,False
2307,109.23709924,-0.4449801,2.51,0.342,Kenthosan,Abnormal,Field_Verification,D011A,0.342,Suspect,Critical,Priority Survey,D11,original,False
2308,109.237134,-0.44419699,2.45,0.373,TM,Healthy,,D011A,0.373,Suspect,Critical,Priority Survey,D11,TBM->TM,True
2309,109.23754366,-0.44401396,2.42,0.382,Kenthosan,Abnormal,Field_Verification,D011A,0.382,Suspect,Critical,Priority Survey,D11,original,False
2310,109.23807782,-0.44910214,2.34,0.431,Kenthosan,Abnormal,Field_Verification,D011A,0.431,Normal,Moderate,Routine,D11,original,False
2311,109.2359479,-0.44583394,2.33,0.426,TM,Healthy,,D011A,0.426,Abnormal,Sub-Optimal,Monitor,D11,TBM->TM,True
2312,109.23597555,-0.44473251,2.27,0.375,Kenthosan,Abnormal,Field_Verification,D011A,0.375,Suspect,Critical,Priority Survey,D11,original,False
2313,109.23673688,-0.44268897,2.22,0.564,TM,Healthy,,D011A,0.564,Healthy,Good,None,D11,TBM->TM,True
2314,109.23799785,-0.44732426,2.13,0.383,TM,Healthy,,D011A,0.383,Suspect,Critical,Priority Survey,D11,TBM->TM,True
2315,109.2367876,-0.44280383,2.11,0.572,Kenthosan,Abnormal,Field_Verification,D011A,0.572,Healthy,Good,None,D11,original,False
2316,109.23791171,-0.445054,2.09,0.333,Kenthosan,Abnormal,Field_Verification,D011A,0.333,Suspect,Critical,Priority Survey,D11,original,False
2317,109.23675331,-0.44348069,2.06,0.44,TM,Healthy,,D011A,0.44,Normal,Moderate,Routine,D11,TBM->TM,True
2318,109.23623381,-0.444719,1.95,0.41,Kenthosan,Abnormal,Field_Verification,D011A,0.41,Abnormal,Sub-Optimal,Monitor,D11,original,False
2319,109.23623025,-0.44833258,1.83,0.437,Kenthosan,Abnormal,Field_Verification,D011A,0.437,Normal,Moderate,Routine,D11,original,False
2320,109.23701792,-0.44697135,1.83,0.368,Kenthosan,Abnormal,Field_Verification,D011A,0.368,Suspect,Critical,Priority Survey,D11,original,False
2321,109.23633553,-0.44190214,1.8,0.434,Kenthosan,Abnormal,Field_Verification,D011A,0.434,Normal,Moderate,Routine,D11,original,False
2322,109.23621554,-0.4460013,1.79,0.372,Kenthosan,Abnormal,Field_Verification,D011A,0.372,Suspect,Critical,Priority Survey,D11,original,False
2323,109.23815119,-0.4484167,1.77,0.411,TM,Healthy,,D011A,0.411,Abnormal,Sub-Optimal,Monitor,D11,TBM->TM,True
2324,109.23774171,-0.44600392,1.74,0.425,Kenthosan,Abnormal,Field_Verification,D011A,0.425,Abnormal,Sub-Optimal,Monitor,D11,original,False
2325,109.23816403,-0.44165977,1.73,0.356,TM,Healthy,,D011A,0.356,Suspect,Critical,Priority Survey,D11,TBM->TM,True
2326,109.23766403,-0.44022091,1.7,0.215,Kenthosan,Abnormal,Field_Verification,D011A,0.215,Suspect,Critical,Priority Survey,D11,original,False
2327,109.23806816,-0.44817116,1.7,0.279,Kenthosan,Abnormal,Field_Verification,D011A,0.279,Suspect,Critical,Priority Survey,D11,original,False
2328,109.23719827,-0.44022306,1.7,0.262,Kenthosan,Abnormal,Field_Verification,D011A,0.262,Suspect,Critical,Priority Survey,D11,original,False
2329,109.23680207,-0.44047436,1.65,0.43,Kenthosan,Abnormal,Field_Verification,D011A,0.43,Normal,Moderate,Routine,D11,original,False
2330,109.2381074,-0.44182343,1.63,0.278,Kenthosan,Abnormal,Field_Verification,D011A,0.278,Suspect,Critical,Priority Survey,D11,original,False
2331,109.23689811,-0.4426967,1.62,0.471,Kenthosan,Abnormal,Field_Verification,D011A,0.471,Healthy,Good,None,D11,original,False
2332,109.23700739,-0.44022889,1.6,0.217,Kenthosan,Abnormal,Field_Verification,D011A,0.217,Suspect,Critical,Priority Survey,D11,original,False
2333,109.23632,-0.44491209,1.6,0.379,Kenthosan,Abnormal,Field_Verification,D011A,0.379,Suspect,Critical,Priority Survey,D11,original,False
2334,109.23811061,-0.44151552,1.59,0.274,Kenthosan,Abnormal,Field_Verification,D011A,0.274,Suspect,Critical,Priority Survey,D11,original,False
2335,109.23614146,-0.44210239,1.58,0.413,Kenthosan,Abnormal,Field_Verification,D011A,0.413,Abnormal,Sub-Optimal,Monitor,D11,original,False
2336,109.23632656,-0.44755627,1.56,0.363,Kenthosan,Abnormal,Field_Verification,D011A,0.363,Suspect,Critical,Priority Survey,D11,original,False
2337,109.2379116,-0.44170673,1.55,0.336,Kenthosan,Abnormal,Field_Verification,D011A,0.336,Suspect,Critical,Priority Survey,D11,original,False
2338,109.238163,-0.4421924,1.53,0.362,TM,Healthy,,D011A,0.362,Suspect,Critical,Priority Survey,D11,TBM->TM,True
2339,109.23812048,-0.44155757,1.52,0.386,TM,Healthy,,D011A,0.386,Suspect,Critical,Priority Survey,D11,TBM->TM,True
2340,109.23633205,-0.44145134,1.5,0.455,Kenthosan,Abnormal,Field_Verification,D011A,0.455,Normal,Moderate,Routine,D11,original,False
2341,109.23808845,-0.4459606,1.49,0.281,Kenthosan,Abnormal,Field_Verification,D011A,0.281,Suspect,Critical,Priority Survey,D11,original,False
2342,109.23808634,-0.44537823,1.48,0.301,TM,Healthy,,D011A,0.301,Suspect,Critical,Priority Survey,D11,TBM->TM,True
2343,109.23816355,-0.44175291,1.47,0.372,TM,Healthy,,D011A,0.372,Suspect,Critical,Priority Survey,D11,TBM->TM,True
2344,109.23782556,-0.44658858,1.45,0.36,TM,Healthy,,D011A,0.36,Suspect,Critical,Priority Survey,D11,TBM->TM,True
2345,109.2366079,-0.44677864,1.45,0.462,Kenthosan,Abnormal,Field_Verification,D011A,0.462,Healthy,Good,None,D11,original,False
2346,109.23816354,-0.44181576,1.45,0.304,TM,Healthy,,D011A,0.304,Suspect,Critical,Priority Survey,D11,TBM->TM,True
2347,109.237734,-0.4444223,1.44,0.34,Kenthosan,Abnormal,Field_Verification,D011A,0.34,Suspect,Critical,Priority Survey,D11,original,False
2348,109.2381119,-0.44178138,1.43,0.258,Kenthosan,Abnormal,Field_Verification,D011A,0.258,Suspect,Critical,Priority Survey,D11,original,False
2349,109.23808255,-0.44433376,1.42,0.254,Kenthosan,Abnormal,Field_Verification,D011A,0.254,Suspect,Critical,Priority Survey,D11,original,False
2350,109.23809023,-0.44413211,1.41,0.315,Kenthosan,Abnormal,Field_Verification,D011A,0.315,Suspect,Critical,Priority Survey,D11,original,False
2351,109.23815078,-0.44825618,1.41,0.378,Kenthosan,Abnormal,Field_Verification,D011A,0.378,Suspect,Critical,Priority Survey,D11,original,False
2352,109.23816301,-0.44214628,1.4,0.34,TM,Healthy,,D011A,0.34,Suspect,Critical,Priority Survey,D11,TBM->TM,True
2353,109.23799604,-0.44738169,1.4,0.325,TM,Healthy,,D011A,0.325,Suspect,Critical,Priority Survey,D11,TBM->TM,True
2354,109.2362093,-0.44768826,1.38,0.35,Kenthosan,Abnormal,Field_Verification,D011A,0.35,Suspect,Critical,Priority Survey,D11,original,False
2355,109.23737622,-0.44362869,1.37,0.405,Kenthosan,Abnormal,Field_Verification,D011A,0.405,Abnormal,Sub-Optimal,Monitor,D11,original,False
2356,109.23634951,-0.44166566,1.36,0.393,Kenthosan,Abnormal,Field_Verification,D011A,0.393,Abnormal,Sub-Optimal,Monitor,D11,original,False
2357,109.23812759,-0.44191296,1.36,0.378,TM,Healthy,,D011A,0.378,Suspect,Critical,Priority Survey,D11,TBM->TM,True
2358,109.23724273,-0.44023889,1.36,0.238,Kenthosan,Abnormal,Field_Verification,D011A,0.238,Suspect,Critical,Priority Survey,D11,original,False
2359,109.2374874,-0.44639543,1.35,0.368,TM,Healthy,,D011A,0.368,Suspect,Critical,Priority Survey,D11,TBM->TM,True
2360,109.23728077,-0.44652469,1.35,0.355,Kenthosan,Abnormal,Field_Verification,D011A,0.355,Suspect,Critical,Priority Survey,D11,original,False
2361,109.23752516,-0.44438427,1.35,0.37,TM,Healthy,,D011A,0.37,Suspect,Critical,Priority Survey,D11,TBM->TM,True
2362,109.23714494,-0.44918963,1.33,0.314,Kenthosan,Abnormal,Field_Verification,D011A,0.314,Suspect,Critical,Priority Survey,D11,original,False
2363,109.23816351,-0.4419297,1.33,0.312,TM,Healthy,,D011A,0.312,Suspect,Critical,Priority Survey,D11,TBM->TM,True
2364,109.23762578,-0.44431286,1.32,0.359,Kenthosan,Abnormal,Field_Verification,D011A,0.359,Suspect,Critical,Priority Survey,D11,original,False
2365,109.23708494,-0.44653369,1.32,0.393,Kenthosan,Abnormal,Field_Verification,D011A,0.393,Abnormal,Sub-Optimal,Monitor,D11,original,False
2366,109.23814556,-0.44185781,1.3,0.343,TM,Healthy,,D011A,0.343,Suspect,Critical,Priority Survey,D11,TBM->TM,True
2367,109.23692935,-0.44542995,1.27,0.33,TM,Healthy,,D011A,0.33,Suspect,Critical,Priority Survey,D11,TBM->TM,True
2368,109.23813548,-0.44838323,1.27,0.359,TM,Healthy,,D011A,0.359,Suspect,Critical,Priority Survey,D11,TBM->TM,True
2369,109.23715059,-0.44623754,1.26,0.383,TM,Healthy,,D011A,0.383,Suspect,Critical,Priority Survey,D11,TBM->TM,True
2370,109.23709666,-0.4463578,1.26,0.318,TM,Healthy,,D011A,0.318,Suspect,Critical,Priority Survey,D11,TBM->TM,True
2371,109.2381431,-0.44845965,1.24,0.312,TM,Healthy,,D011A,0.312,Suspect,Critical,Priority Survey,D11,TBM->TM,True
2372,109.2381002,-0.44187995,1.24,0.254,Kenthosan,Abnormal,Field_Verification,D011A,0.254,Suspect,Critical,Priority Survey,D11,original,False
2373,109.23750003,-0.44430288,1.24,0.368,TM,Healthy,,D011A,0.368,Suspect,Critical,Priority Survey,D11,TBM->TM,True
2374,109.23586793,-0.44022862,1.23,0.221,Kenthosan,Abnormal,Field_Verification,D011A,0.221,Suspect,Critical,Priority Survey,D11,original,False
2375,109.2380787,-0.4473175,1.23,0.231,Kenthosan,Abnormal,Field_Verification,D011A,0.231,Suspect,Critical,Priority Survey,D11,original,False
2376,109.23586428,-0.44047459,1.22,0.34,Kenthosan,Abnormal,Field_Verification,D011A,0.34,Suspect,Critical,Priority Survey,D11,original,False
2377,109.23732583,-0.4402154,1.22,0.279,Kenthosan,Abnormal,Field_Verification,D011A,0.279,Suspect,Critical,Priority Survey,D11,original,False
2378,109.23784847,-0.44654789,1.22,0.342,Kenthosan,Abnormal,Field_Verification,D011A,0.342,Suspect,Critical,Priority Survey,D11,original,False
2379,109.23691017,-0.44866598,1.21,0.314,Kenthosan,Abnormal,Field_Verification,D011A,0.314,Suspect,Critical,Priority Survey,D11,original,False
2380,109.23629951,-0.44606914,1.21,0.429,Kenthosan,Abnormal,Field_Verification,D011A,0.429,Abnormal,Sub-Optimal,Monitor,D11,original,False
2381,109.23612478,-0.44425507,1.2,0.397,Kenthosan,Abnormal,Field_Verification,D011A,0.397,Abnormal,Sub-Optimal,Monitor,D11,original,False
2382,109.23611119,-0.44852653,1.2,0.361,Kenthosan,Abnormal,Field_Verification,D011A,0.361,Suspect,Critical,Priority Survey,D11,original,False
2383,109.23755752,-0.4443047,1.19,0.307,TM,Healthy,,D011A,0.307,Suspect,Critical,Priority Survey,D11,TBM->TM,True
2384,109.2378426,-0.44667539,1.19,0.389,TM,Healthy,,D011A,0.389,Suspect,Critical,Priority Survey,D11,TBM->TM,True
2385,109.23716999,-0.4401706,1.19,0.189,Kenthosan,Abnormal,Field_Verification,D011A,0.189,Suspect,Critical,Priority Survey,D11,original,False
2386,109.23815389,-0.4465249,1.19,0.337,TM,Healthy,,D011A,0.337,Suspect,Critical,Priority Survey,D11,TBM->TM,True
2387,109.23704353,-0.44881794,1.19,0.375,Kenthosan,Abnormal,Field_Verification,D011A,0.375,Suspect,Critical,Priority Survey,D11,original,False
2388,109.23588215,-0.44467325,1.19,0.384,Kenthosan,Abnormal,Field_Verification,D011A,0.384,Suspect,Critical,Priority Survey,D11,original,False
2389,109.23773975,-0.44666452,1.19,0.333,Kenthosan,Abnormal,Field_Verification,D011A,0.333,Suspect,Critical,Priority Survey,D11,original,False
2390,109.23812721,-0.44917811,1.19,0.269,Kenthosan,Abnormal,Field_Verification,D011A,0.269,Suspect,Critical,Priority Survey,D11,original,False
2391,109.23590258,-0.44563588,1.19,0.318,TM,Healthy,,D011A,0.318,Suspect,Critical,Priority Survey,D11,TBM->TM,True
2392,109.23660631,-0.44781135,1.18,0.295,Kenthosan,Abnormal,Field_Verification,D011A,0.295,Suspect,Critical,Priority Survey,D11,original,False
2393,109.23707676,-0.44693971,1.18,0.38,TM,Healthy,,D011A,0.38,Suspect,Critical,Priority Survey,D11,TBM->TM,True
2394,109.23592388,-0.4448184,1.17,0.337,Kenthosan,Abnormal,Field_Verification,D011A,0.337,Suspect,Critical,Priority Survey,D11,original,False
2395,109.23710074,-0.44431318,1.17,0.349,Kenthosan,Abnormal,Field_Verification,D011A,0.349,Suspect,Critical,Priority Survey,D11,original,False
2396,109.23815302,-0.44639197,1.17,0.361,TM,Healthy,,D011A,0.361,Suspect,Critical,Priority Survey,D11,TBM->TM,True
2397,109.23726629,-0.44884422,1.16,0.367,Kenthosan,Abnormal,Field_Verification,D011A,0.367,Suspect,Critical,Priority Survey,D11,original,False
2398,109.23584813,-0.44037692,1.16,0.367,TM,Healthy,,D011A,0.367,Suspect,Critical,Priority Survey,D11,TBM->TM,True
2399,109.23709073,-0.448619,1.16,0.409,Kenthosan,Abnormal,Field_Verification,D011A,0.409,Abnormal,Sub-Optimal,Monitor,D11,original,False
2400,109.23711968,-0.44776038,1.16,0.385,Kenthosan,Abnormal,Field_Verification,D011A,0.385,Suspect,Critical,Priority Survey,D11,original,False
2401,109.23624431,-0.44020836,1.16,0.27,Kenthosan,Abnormal,Field_Verification,D011A,0.27,Suspect,Critical,Priority Survey,D11,original,False
2402,109.23803705,-0.44680023,1.15,0.342,TM,Healthy,,D011A,0.342,Suspect,Critical,Priority Survey,D11,TBM->TM,True
2403,109.23805762,-0.44718999,1.15,0.405,TM,Healthy,,D011A,0.405,Abnormal,Sub-Optimal,Monitor,D11,TBM->TM,True
2404,109.23809474,-0.44024,1.15,0.246,Kenthosan,Abnormal,Field_Verification,D011A,0.246,Suspect,Critical,Priority Survey,D11,original,False
2405,109.23582661,-0.4402155,1.15,0.271,Kenthosan,Abnormal,Field_Verification,D011A,0.271,Suspect,Critical,Priority Survey,D11,original,False
2406,109.23715055,-0.44829483,1.15,0.399,TM,Healthy,,D011A,0.399,Abnormal,Sub-Optimal,Monitor,D11,TBM->TM,True
2407,109.23606422,-0.4477348,1.14,0.3,Kenthosan,Abnormal,Field_Verification,D011A,0.3,Suspect,Critical,Priority Survey,D11,original,False
2408,109.23714199,-0.44837802,1.14,0.369,Kenthosan,Abnormal,Field_Verification,D011A,0.369,Suspect,Critical,Priority Survey,D11,original,False
2409,109.23764801,-0.44529719,1.14,0.338,Kenthosan,Abnormal,Field_Verification,D011A,0.338,Suspect,Critical,Priority Survey,D11,original,False
2410,109.23711051,-0.44669104,1.14,0.387,Kenthosan,Abnormal,Field_Verification,D011A,0.387,Suspect,Critical,Priority Survey,D11,original,False
2411,109.23597393,-0.44020061,1.13,0.263,Kenthosan,Abnormal,Field_Verification,D011A,0.263,Suspect,Critical,Priority Survey,D11,original,False
2412,109.23610045,-0.44647557,1.13,0.367,Kenthosan,Abnormal,Field_Verification,D011A,0.367,Suspect,Critical,Priority Survey,D11,original,False
2413,109.23690028,-0.44870306,1.13,0.312,Kenthosan,Abnormal,Field_Verification,D011A,0.312,Suspect,Critical,Priority Survey,D11,original,False
2414,109.23727438,-0.44695649,1.13,0.385,Kenthosan,Abnormal,Field_Verification,D011A,0.385,Suspect,Critical,Priority Survey,D11,original,False
2415,109.23692879,-0.44022435,1.13,0.246,Kenthosan,Abnormal,Field_Verification,D011A,0.246,Suspect,Critical,Priority Survey,D11,original,False
2416,109.23710845,-0.44021399,1.12,0.24,Kenthosan,Abnormal,Field_Verification,D011A,0.24,Suspect,Critical,Priority Survey,D11,original,False
2417,109.23611758,-0.44622373,1.12,0.312,Kenthosan,Abnormal,Field_Verification,D011A,0.312,Suspect,Critical,Priority Survey,D11,original,False
2418,109.23787898,-0.44666862,1.12,0.404,TM,Healthy,,D011A,0.404,Abnormal,Sub-Optimal,Monitor,D11,TBM->TM,True
2419,109.23591083,-0.44493144,1.11,0.339,Kenthosan,Abnormal,Field_Verification,D011A,0.339,Suspect,Critical,Priority Survey,D11,original,False
2420,109.23767029,-0.44601476,1.11,0.354,TM,Healthy,,D011A,0.354,Suspect,Critical,Priority Survey,D11,TBM->TM,True
2421,109.2361122,-0.44806805,1.11,0.351,Kenthosan,Abnormal,Field_Verification,D011A,0.351,Suspect,Critical,Priority Survey,D11,original,False
2422,109.23803985,-0.44635034,1.11,0.31,Kenthosan,Abnormal,Field_Verification,D011A,0.31,Suspect,Critical,Priority Survey,D11,original,False
2423,109.23656316,-0.44794246,1.1,0.419,Kenthosan,Abnormal,Field_Verification,D011A,0.419,Abnormal,Sub-Optimal,Monitor,D11,original,False
2424,109.23712314,-0.44834229,1.1,0.383,TM,Healthy,,D011A,0.383,Suspect,Critical,Priority Survey,D11,TBM->TM,True
2425,109.2359223,-0.44768277,1.1,0.345,Kenthosan,Abnormal,Field_Verification,D011A,0.345,Suspect,Critical,Priority Survey,D11,original,False
2426,109.23808951,-0.44528238,1.1,0.309,TM,Healthy,,D011A,0.309,Suspect,Critical,Priority Survey,D11,TBM->TM,True
2427,109.23633586,-0.4405371,1.1,0.389,Kenthosan,Abnormal,Field_Verification,D011A,0.389,Suspect,Critical,Priority Survey,D11,original,False
2428,109.23794033,-0.44745311,1.1,0.356,TM,Healthy,,D011A,0.356,Suspect,Critical,Priority Survey,D11,TBM->TM,True
2429,109.23604384,-0.44844286,1.09,0.391,TM,Healthy,,D011A,0.391,Abnormal,Sub-Optimal,Monitor,D11,TBM->TM,True
2430,109.23730316,-0.44678785,1.09,0.401,Kenthosan,Abnormal,Field_Verification,D011A,0.401,Abnormal,Sub-Optimal,Monitor,D11,original,False
2431,109.2374335,-0.44830168,1.08,0.36,Kenthosan,Abnormal,Field_Verification,D011A,0.36,Suspect,Critical,Priority Survey,D11,original,False
2432,109.23707598,-0.44643059,1.08,0.325,TM,Healthy,,D011A,0.325,Suspect,Critical,Priority Survey,D11,TBM->TM,True
2433,109.23717038,-0.44419835,1.08,0.391,Kenthosan,Abnormal,Field_Verification,D011A,0.391,Abnormal,Sub-Optimal,Monitor,D11,original,False
2434,109.2360121,-0.44025081,1.07,0.306,TM,Healthy,,D011A,0.306,Suspect,Critical,Priority Survey,D11,TBM->TM,True
2435,109.23589946,-0.44553551,1.07,0.336,Kenthosan,Abnormal,Field_Verification,D011A,0.336,Suspect,Critical,Priority Survey,D11,original,False
2436,109.23601679,-0.44885024,1.06,0.375,Kenthosan,Abnormal,Field_Verification,D011A,0.375,Suspect,Critical,Priority Survey,D11,original,False
2437,109.23815036,-0.44816666,1.06,0.357,TM,Healthy,,D011A,0.357,Suspect,Critical,Priority Survey,D11,TBM->TM,True
2438,109.23624669,-0.44534885,1.06,0.361,Kenthosan,Abnormal,Field_Verification,D011A,0.361,Suspect,Critical,Priority Survey,D11,original,False
2439,109.23590789,-0.44408727,1.06,0.329,TM,Healthy,,D011A,0.329,Suspect,Critical,Priority Survey,D11,TBM->TM,True
2440,109.23777109,-0.44520905,1.06,0.349,Kenthosan,Abnormal,Field_Verification,D011A,0.349,Suspect,Critical,Priority Survey,D11,original,False
2441,109.23633914,-0.44564096,1.06,0.36,Kenthosan,Abnormal,Field_Verification,D011A,0.36,Suspect,Critical,Priority Survey,D11,original,False
2442,109.23726494,-0.44699221,1.05,0.296,Kenthosan,Abnormal,Field_Verification,D011A,0.296,Suspect,Critical,Priority Survey,D11,original,False
2443,109.23807874,-0.44715202,1.04,0.259,Kenthosan,Abnormal,Field_Verification,D011A,0.259,Suspect,Critical,Priority Survey,D11,original,False
2444,109.23726044,-0.44703607,1.04,0.361,Kenthosan,Abnormal,Field_Verification,D011A,0.361,Suspect,Critical,Priority Survey,D11,original,False
2445,109.23814817,-0.4479225,1.04,0.307,TM,Healthy,,D011A,0.307,Suspect,Critical,Priority Survey,D11,TBM->TM,True
2446,109.23713241,-0.44710928,1.04,0.343,Kenthosan,Abnormal,Field_Verification,D011A,0.343,Suspect,Critical,Priority Survey,D11,original,False
2447,109.23620298,-0.44023548,1.04,0.281,Kenthosan,Abnormal,Field_Verification,D011A,0.281,Suspect,Critical,Priority Survey,D11,original,False
2448,109.23790678,-0.44875439,1.04,0.337,Kenthosan,Abnormal,Field_Verification,D011A,0.337,Suspect,Critical,Priority Survey,D11,original,False
2449,109.23747059,-0.44719799,1.04,0.325,Kenthosan,Abnormal,Field_Verification,D011A,0.325,Suspect,Critical,Priority Survey,D11,original,False
2450,109.23616109,-0.44832669,1.03,0.323,Kenthosan,Abnormal,Field_Verification,D011A,0.323,Suspect,Critical,Priority Survey,D11,original,False
2451,109.23809017,-0.4443835,1.03,0.254,Kenthosan,Abnormal,Field_Verification,D011A,0.254,Suspect,Critical,Priority Survey,D11,original,False
2452,109.23815481,-0.44644849,1.03,0.361,TM,Healthy,,D011A,0.361,Suspect,Critical,Priority Survey,D11,TBM->TM,True
2453,109.23603816,-0.44020424,1.03,0.281,Kenthosan,Abnormal,Field_Verification,D011A,0.281,Suspect,Critical,Priority Survey,D11,original,False
2454,109.23591786,-0.44747885,1.03,0.34,Kenthosan,Abnormal,Field_Verification,D011A,0.34,Suspect,Critical,Priority Survey,D11,original,False
2455,109.23610473,-0.44167646,1.03,0.32,Kenthosan,Abnormal,Field_Verification,D011A,0.32,Suspect,Critical,Priority Survey,D11,original,False
2456,109.23795752,-0.44695666,1.03,0.372,Kenthosan,Abnormal,Field_Verification,D011A,0.372,Suspect,Critical,Priority Survey,D11,original,False
2457,109.23792481,-0.44662477,1.02,0.358,TM,Healthy,,D011A,0.358,Suspect,Critical,Priority Survey,D11,TBM->TM,True
2458,109.23619145,-0.44531764,1.01,0.326,Kenthosan,Abnormal,Field_Verification,D011A,0.326,Suspect,Critical,Priority Survey,D11,original,False
2459,109.23741173,-0.44729473,1.01,0.377,Kenthosan,Abnormal,Field_Verification,D011A,0.377,Suspect,Critical,Priority Survey,D11,original,False
2460,109.2378607,-0.44610524,1.01,0.388,Kenthosan,Abnormal,Field_Verification,D011A,0.388,Suspect,Critical,Priority Survey,D11,original,False
2461,109.23808178,-0.4475897,1.01,0.303,TM,Healthy,,D011A,0.303,Suspect,Critical,Priority Survey,D11,TBM->TM,True
2462,109.23797076,-0.44604513,1.0,0.376,Kenthosan,Abnormal,Field_Verification,D011A,0.376,Suspect,Critical,Priority Survey,D11,original,False
2463,109.23599001,-0.44816704,1.0,0.357,TM,Healthy,,D011A,0.357,Suspect,Critical,Priority Survey,D11,TBM->TM,True
2464,109.23784173,-0.44467327,1.0,0.341,Kenthosan,Abnormal,Field_Verification,D011A,0.341,Suspect,Critical,Priority Survey,D11,original,False
2465,109.23815531,-0.44621925,1.0,0.371,Kenthosan,Abnormal,Field_Verification,D011A,0.371,Suspect,Critical,Priority Survey,D11,original,False
2466,109.23596576,-0.44813764,1.0,0.36,Kenthosan,Abnormal,Field_Verification,D011A,0.36,Suspect,Critical,Priority Survey,D11,original,False
2467,109.23761751,-0.4451109,0.99,0.374,Kenthosan,Abnormal,Field_Verification,D011A,0.374,Suspect,Critical,Priority Survey,D11,original,False
2468,109.23756631,-0.44510772,0.99,0.33,Kenthosan,Abnormal,Field_Verification,D011A,0.33,Suspect,Critical,Priority Survey,D11,original,False
2469,109.23723026,-0.44551684,0.99,0.307,Kenthosan,Abnormal,Field_Verification,D011A,0.307,Suspect,Critical,Priority Survey,D11,original,False
2470,109.23704598,-0.44418838,0.98,0.405,Kenthosan,Abnormal,Field_Verification,D011A,0.405,Abnormal,Sub-Optimal,Monitor,D11,original,False
2471,109.23792238,-0.44740292,0.98,0.333,Kenthosan,Abnormal,Field_Verification,D011A,0.333,Suspect,Critical,Priority Survey,D11,original,False
2472,109.23778071,-0.44439835,0.98,0.345,Kenthosan,Abnormal,Field_Verification,D011A,0.345,Suspect,Critical,Priority Survey,D11,original,False
2473,109.23615083,-0.44616315,0.98,0.4,Kenthosan,Abnormal,Field_Verification,D011A,0.4,Abnormal,Sub-Optimal,Monitor,D11,original,False
2474,109.2362689,-0.44637388,0.97,0.31,Kenthosan,Abnormal,Field_Verification,D011A,0.31,Suspect,Critical,Priority Survey,D11,original,False
2475,109.23815172,-0.44807713,0.97,0.318,Kenthosan,Abnormal,Field_Verification,D011A,0.318,Suspect,Critical,Priority Survey,D11,original,False
2476,109.2365179,-0.44563241,0.97,0.361,Kenthosan,Abnormal,Field_Verification,D011A,0.361,Suspect,Critical,Priority Survey,D11,original,False
2477,109.23585012,-0.44147248,0.97,0.322,Kenthosan,Abnormal,Field_Verification,D011A,0.322,Suspect,Critical,Priority Survey,D11,original,False
2478,109.23695011,-0.44691391,0.97,0.369,Kenthosan,Abnormal,Field_Verification,D011A,0.369,Suspect,Critical,Priority Survey,D11,original,False
2479,109.2378902,-0.44670751,0.97,0.377,Kenthosan,Abnormal,Field_Verification,D011A,0.377,Suspect,Critical,Priority Survey,D11,original,False
2480,109.23712614,-0.44703332,0.97,0.333,Kenthosan,Abnormal,Field_Verification,D011A,0.333,Suspect,Critical,Priority Survey,D11,original,False
2481,109.23618282,-0.44570649,0.97,0.432,Kenthosan,Abnormal,Field_Verification,D011A,0.432,Normal,Moderate,Routine,D11,original,False
2482,109.23742345,-0.44526187,0.97,0.372,Kenthosan,Abnormal,Field_Verification,D011A,0.372,Suspect,Critical,Priority Survey,D11,original,False
2483,109.23815348,-0.44635263,0.97,0.351,Kenthosan,Abnormal,Field_Verification,D011A,0.351,Suspect,Critical,Priority Survey,D11,original,False
2484,109.2359051,-0.44638736,0.96,0.368,Kenthosan,Abnormal,Field_Verification,D011A,0.368,Suspect,Critical,Priority Survey,D11,original,False
2485,109.23608891,-0.44020245,0.96,0.253,Kenthosan,Abnormal,Field_Verification,D011A,0.253,Suspect,Critical,Priority Survey,D11,original,False
2486,109.23815582,-0.44596966,0.96,0.269,Kenthosan,Abnormal,Field_Verification,D011A,0.269,Suspect,Critical,Priority Survey,D11,original,False
2487,109.23604876,-0.4485247,0.96,0.41,Kenthosan,Abnormal,Field_Verification,D011A,0.41,Abnormal,Sub-Optimal,Monitor,D11,original,False
2488,109.23815219,-0.44800253,0.95,0.347,Kenthosan,Abnormal,Field_Verification,D011A,0.347,Suspect,Critical,Priority Survey,D11,original,False
2489,109.2381522,-0.44796003,0.95,0.327,Kenthosan,Abnormal,Field_Verification,D011A,0.327,Suspect,Critical,Priority Survey,D11,original,False
2490,109.23775446,-0.44525381,0.95,0.367,Kenthosan,Abnormal,Field_Verification,D011A,0.367,Suspect,Critical,Priority Survey,D11,original,False
2491,109.23593237,-0.44688337,0.94,0.352,Kenthosan,Abnormal,Field_Verification,D011A,0.352,Suspect,Critical,Priority Survey,D11,original,False
2492,109.23630114,-0.44108102,0.94,0.386,Kenthosan,Abnormal,Field_Verification,D011A,0.386,Suspect,Critical,Priority Survey,D11,original,False
2493,109.23593029,-0.4480888,0.94,0.397,Kenthosan,Abnormal,Field_Verification,D011A,0.397,Abnormal,Sub-Optimal,Monitor,D11,original,False
2494,109.23592545,-0.44576837,0.93,0.405,Kenthosan,Abnormal,Field_Verification,D011A,0.405,Abnormal,Sub-Optimal,Monitor,D11,original,False
2495,109.23591574,-0.44695074,0.93,0.46,Kenthosan,Abnormal,Field_Verification,D011A,0.46,Healthy,Good,None,D11,original,False
2496,109.23593576,-0.44588819,0.93,0.309,Kenthosan,Abnormal,Field_Verification,D011A,0.309,Suspect,Critical,Priority Survey,D11,original,False
2497,109.23792783,-0.44526244,0.92,0.371,Kenthosan,Abnormal,Field_Verification,D011A,0.371,Suspect,Critical,Priority Survey,D11,original,False
2498,109.23802342,-0.44744409,0.92,0.314,Kenthosan,Abnormal,Field_Verification,D011A,0.314,Suspect,Critical,Priority Survey,D11,original,False
2499,109.23600916,-0.44506213,0.92,0.337,Kenthosan,Abnormal,Field_Verification,D011A,0.337,Suspect,Critical,Priority Survey,D11,original,False
2500,109.235908,-0.44363151,0.91,0.339,Kenthosan,Abnormal,Field_Verification,D011A,0.339,Suspect,Critical,Priority Survey,D11,original,False
2501,109.23746563,-0.44540024,0.91,0.34,Kenthosan,Abnormal,Field_Verification,D011A,0.34,Suspect,Critical,Priority Survey,D11,original,False
2502,109.23815272,-0.44766839,0.9,0.424,Kenthosan,Abnormal,Field_Verification,D011A,0.424,Abnormal,Sub-Optimal,Monitor,D11,original,False
2503,109.23814316,-0.44631601,0.9,0.369,Kenthosan,Abnormal,Field_Verification,D011A,0.369,Suspect,Critical,Priority Survey,D11,original,False
2504,109.2360256,-0.4458231,0.9,0.34,Kenthosan,Abnormal,Field_Verification,D011A,0.34,Suspect,Critical,Priority Survey,D11,original,False
2505,109.2380879,-0.44448704,0.89,0.274,Kenthosan,Abnormal,Field_Verification,D011A,0.274,Suspect,Critical,Priority Survey,D11,original,False
2506,109.23807955,-0.44751283,0.89,0.257,Kenthosan,Abnormal,Field_Verification,D011A,0.257,Suspect,Critical,Priority Survey,D11,original,False
2507,109.23589306,-0.44413248,0.89,0.335,Kenthosan,Abnormal,Field_Verification,D011A,0.335,Suspect,Critical,Priority Survey,D11,original,False
2508,109.23594232,-0.44659807,0.88,0.312,Kenthosan,Abnormal,Field_Verification,D011A,0.312,Suspect,Critical,Priority Survey,D11,original,False
2509,109.23613561,-0.440221,0.88,0.254,Kenthosan,Abnormal,Field_Verification,D011A,0.254,Suspect,Critical,Priority Survey,D11,original,False
2510,109.23630224,-0.44023957,0.88,0.294,Kenthosan,Abnormal,Field_Verification,D011A,0.294,Suspect,Critical,Priority Survey,D11,original,False
2511,109.2374297,-0.4454147,0.88,0.315,Kenthosan,Abnormal,Field_Verification,D011A,0.315,Suspect,Critical,Priority Survey,D11,original,False
2512,109.23785817,-0.4454139,0.88,0.392,Kenthosan,Abnormal,Field_Verification,D011A,0.392,Abnormal,Sub-Optimal,Monitor,D11,original,False
2513,109.23815095,-0.44568345,0.88,0.284,Kenthosan,Abnormal,Field_Verification,D011A,0.284,Suspect,Critical,Priority Survey,D11,original,False
2514,109.23675377,-0.44531325,0.88,0.346,Kenthosan,Abnormal,Field_Verification,D011A,0.346,Suspect,Critical,Priority Survey,D11,original,False
2515,109.23750429,-0.4471564,0.88,0.347,Kenthosan,Abnormal,Field_Verification,D011A,0.347,Suspect,Critical,Priority Survey,D11,original,False
2516,109.23791299,-0.44533976,0.87,0.433,Kenthosan,Abnormal,Field_Verification,D011A,0.433,Normal,Moderate,Routine,D11,original,False
2517,109.23623827,-0.44862377,0.87,0.377,Kenthosan,Abnormal,Field_Verification,D011A,0.377,Suspect,Critical,Priority Survey,D11,original,False
2518,109.23792919,-0.44519869,0.87,0.324,Kenthosan,Abnormal,Field_Verification,D011A,0.324,Suspect,Critical,Priority Survey,D11,original,False
2519,109.2380883,-0.44659452,0.87,0.283,Kenthosan,Abnormal,Field_Verification,D011A,0.283,Suspect,Critical,Priority Survey,D11,original,False
2520,109.23805378,-0.44444453,0.86,0.333,Kenthosan,Abnormal,Field_Verification,D011A,0.333,Suspect,Critical,Priority Survey,D11,original,False
2521,109.23590061,-0.44634395,0.86,0.369,Kenthosan,Abnormal,Field_Verification,D011A,0.369,Suspect,Critical,Priority Survey,D11,original,False
2522,109.23807147,-0.4474744,0.86,0.269,Kenthosan,Abnormal,Field_Verification,D011A,0.269,Suspect,Critical,Priority Survey,D11,original,False
2523,109.23607691,-0.44724829,0.86,0.331,Kenthosan,Abnormal,Field_Verification,D011A,0.331,Suspect,Critical,Priority Survey,D11,original,False
2524,109.23814927,-0.44517749,0.85,0.336,Kenthosan,Abnormal,Field_Verification,D011A,0.336,Suspect,Critical,Priority Survey,D11,original,False
2525,109.2379008,-0.44748069,0.85,0.406,Kenthosan,Abnormal,Field_Verification,D011A,0.406,Abnormal,Sub-Optimal,Monitor,D11,original,False
2526,109.23808207,-0.44636573,0.85,0.273,Kenthosan,Abnormal,Field_Verification,D011A,0.273,Suspect,Critical,Priority Survey,D11,original,False
2527,109.23596884,-0.44842024,0.85,0.345,Kenthosan,Abnormal,Field_Verification,D011A,0.345,Suspect,Critical,Priority Survey,D11,original,False
2528,109.23585548,-0.44157647,0.85,0.367,Kenthosan,Abnormal,Field_Verification,D011A,0.367,Suspect,Critical,Priority Survey,D11,original,False
2529,109.23806577,-0.4468961,0.85,0.279,Kenthosan,Abnormal,Field_Verification,D011A,0.279,Suspect,Critical,Priority Survey,D11,original,False
2530,109.23595994,-0.44239353,0.84,0.407,Kenthosan,Abnormal,Field_Verification,D011A,0.407,Abnormal,Sub-Optimal,Monitor,D11,original,False
2531,109.23812224,-0.44551705,0.84,0.382,Kenthosan,Abnormal,Field_Verification,D011A,0.382,Suspect,Critical,Priority Survey,D11,original,False
2532,109.23608845,-0.44026213,0.83,0.274,Kenthosan,Abnormal,Field_Verification,D011A,0.274,Suspect,Critical,Priority Survey,D11,original,False
2533,109.23815427,-0.44680478,0.83,0.37,Kenthosan,Abnormal,Field_Verification,D011A,0.37,Suspect,Critical,Priority Survey,D11,original,False
2534,109.23621782,-0.44016811,0.83,0.196,Kenthosan,Abnormal,Field_Verification,D011A,0.196,Suspect,Critical,Priority Survey,D11,original,False
2535,109.23815692,-0.44512459,0.83,0.371,Kenthosan,Abnormal,Field_Verification,D011A,0.371,Suspect,Critical,Priority Survey,D11,original,False
2536,109.23656857,-0.447857,0.83,0.353,Kenthosan,Abnormal,Field_Verification,D011A,0.353,Suspect,Critical,Priority Survey,D11,original,False
2537,109.23712791,-0.4471658,0.82,0.352,Kenthosan,Abnormal,Field_Verification,D011A,0.352,Suspect,Critical,Priority Survey,D11,original,False
2538,109.23594059,-0.4482032,0.82,0.387,Kenthosan,Abnormal,Field_Verification,D011A,0.387,Suspect,Critical,Priority Survey,D11,original,False
2539,109.23792381,-0.4451589,0.82,0.336,Kenthosan,Abnormal,Field_Verification,D011A,0.336,Suspect,Critical,Priority Survey,D11,original,False
2540,109.23687149,-0.44700884,0.82,0.36,Kenthosan,Abnormal,Field_Verification,D011A,0.36,Suspect,Critical,Priority Survey,D11,original,False
2541,109.23795427,-0.44738303,0.82,0.34,Kenthosan,Abnormal,Field_Verification,D011A,0.34,Suspect,Critical,Priority Survey,D11,original,False
2542,109.23760494,-0.44507382,0.82,0.395,Kenthosan,Abnormal,Field_Verification,D011A,0.395,Abnormal,Sub-Optimal,Monitor,D11,original,False
2543,109.23758115,-0.44503855,0.81,0.312,Kenthosan,Abnormal,Field_Verification,D011A,0.312,Suspect,Critical,Priority Survey,D11,original,False
2544,109.23809364,-0.44679527,0.81,0.37,Kenthosan,Abnormal,Field_Verification,D011A,0.37,Suspect,Critical,Priority Survey,D11,original,False
2545,109.23674716,-0.44476299,0.81,0.362,Kenthosan,Abnormal,Field_Verification,D011A,0.362,Suspect,Critical,Priority Survey,D11,original,False
2546,109.23593251,-0.44631185,0.81,0.319,Kenthosan,Abnormal,Field_Verification,D011A,0.319,Suspect,Critical,Priority Survey,D11,original,False
2547,109.23765403,-0.44451407,0.81,0.415,Kenthosan,Abnormal,Field_Verification,D011A,0.415,Abnormal,Sub-Optimal,Monitor,D11,original,False
2548,109.23809708,-0.44744773,0.81,0.367,Kenthosan,Abnormal,Field_Verification,D011A,0.367,Suspect,Critical,Priority Survey,D11,original,False
2549,109.2380609,-0.4447217,0.81,0.292,Kenthosan,Abnormal,Field_Verification,D011A,0.292,Suspect,Critical,Priority Survey,D11,original,False
2550,109.23801933,-0.4476575,0.8,0.341,Kenthosan,Abnormal,Field_Verification,D011A,0.341,Suspect,Critical,Priority Survey,D11,original,False
2551,109.23750251,-0.44519135,0.8,0.397,Kenthosan,Abnormal,Field_Verification,D011A,0.397,Abnormal,Sub-Optimal,Monitor,D11,original,False
2552,109.23713976,-0.44645864,0.8,0.351,Kenthosan,Abnormal,Field_Verification,D011A,0.351,Suspect,Critical,Priority Survey,D11,original,False
2553,109.23662609,-0.4477268,0.8,0.329,Kenthosan,Abnormal,Field_Verification,D011A,0.329,Suspect,Critical,Priority Survey,D11,original,False
2554,109.2381474,-0.4454732,0.8,0.416,Kenthosan,Abnormal,Field_Verification,D011A,0.416,Abnormal,Sub-Optimal,Monitor,D11,original,False
2555,109.23745637,-0.44466549,0.79,0.403,Kenthosan,Abnormal,Field_Verification,D011A,0.403,Abnormal,Sub-Optimal,Monitor,D11,original,False
2556,109.23603246,-0.44720171,0.79,0.297,Kenthosan,Abnormal,Field_Verification,D011A,0.297,Suspect,Critical,Priority Survey,D11,original,False
2557,109.23757501,-0.44439378,0.79,0.265,Kenthosan,Abnormal,Field_Verification,D011A,0.265,Suspect,Critical,Priority Survey,D11,original,False
2558,109.23684003,-0.44708028,0.79,0.388,Kenthosan,Abnormal,Field_Verification,D011A,0.388,Suspect,Critical,Priority Survey,D11,original,False
2559,109.23667038,-0.44469198,0.79,0.393,Kenthosan,Abnormal,Field_Verification,D011A,0.393,Abnormal,Sub-Optimal,Monitor,D11,original,False
2560,109.23811346,-0.44468328,0.78,0.303,Kenthosan,Abnormal,Field_Verification,D011A,0.303,Suspect,Critical,Priority Survey,D11,original,False
2561,109.23589841,-0.44616806,0.78,0.367,Kenthosan,Abnormal,Field_Verification,D011A,0.367,Suspect,Critical,Priority Survey,D11,original,False
2562,109.23646708,-0.44021881,0.78,0.279,Kenthosan,Abnormal,Field_Verification,D011A,0.279,Suspect,Critical,Priority Survey,D11,original,False
2563,109.23815597,-0.44531766,0.77,0.346,Kenthosan,Abnormal,Field_Verification,D011A,0.346,Suspect,Critical,Priority Survey,D11,original,False
2564,109.23815546,-0.44559076,0.77,0.322,Kenthosan,Abnormal,Field_Verification,D011A,0.322,Suspect,Critical,Priority Survey,D11,original,False
2565,109.23815424,-0.44693229,0.77,0.356,Kenthosan,Abnormal,Field_Verification,D011A,0.356,Suspect,Critical,Priority Survey,D11,original,False
2566,109.23747212,-0.4464533,0.77,0.297,Kenthosan,Abnormal,Field_Verification,D011A,0.297,Suspect,Critical,Priority Survey,D11,original,False
2567,109.23670602,-0.44020033,0.76,0.337,Kenthosan,Abnormal,Field_Verification,D011A,0.337,Suspect,Critical,Priority Survey,D11,original,False
2568,109.23631213,-0.44017989,0.76,0.359,Kenthosan,Abnormal,Field_Verification,D011A,0.359,Suspect,Critical,Priority Survey,D11,original,False
2569,109.23810208,-0.44719814,0.76,0.343,Kenthosan,Abnormal,Field_Verification,D011A,0.343,Suspect,Critical,Priority Survey,D11,original,False
2570,109.23711688,-0.44632073,0.75,0.368,Kenthosan,Abnormal,Field_Verification,D011A,0.368,Suspect,Critical,Priority Survey,D11,original,False
2571,109.23672098,-0.44344542,0.75,0.425,Kenthosan,Abnormal,Field_Verification,D011A,0.425,Abnormal,Sub-Optimal,Monitor,D11,original,False
2572,109.23815689,-0.445253,0.75,0.384,Kenthosan,Abnormal,Field_Verification,D011A,0.384,Suspect,Critical,Priority Survey,D11,original,False
2573,109.23679406,-0.44018408,0.75,0.218,Kenthosan,Abnormal,Field_Verification,D011A,0.218,Suspect,Critical,Priority Survey,D11,original,False
2574,109.23624046,-0.44507801,0.75,0.39,Kenthosan,Abnormal,Field_Verification,D011A,0.39,Abnormal,Sub-Optimal,Monitor,D11,original,False
2575,109.23617784,-0.44018664,0.75,0.315,Kenthosan,Abnormal,Field_Verification,D011A,0.315,Suspect,Critical,Priority Survey,D11,original,False
2576,109.23751344,-0.44644969,0.74,0.338,Kenthosan,Abnormal,Field_Verification,D011A,0.338,Suspect,Critical,Priority Survey,D11,original,False
2577,109.23815785,-0.44499211,0.74,0.349,Kenthosan,Abnormal,Field_Verification,D011A,0.349,Suspect,Critical,Priority Survey,D11,original,False
2578,109.238038,-0.44468281,0.74,0.337,Kenthosan,Abnormal,Field_Verification,D011A,0.337,Suspect,Critical,Priority Survey,D11,original,False
2579,109.23813134,-0.44502602,0.74,0.332,Kenthosan,Abnormal,Field_Verification,D011A,0.332,Suspect,Critical,Priority Survey,D11,original,False
2580,109.23607628,-0.44802147,0.74,0.322,Kenthosan,Abnormal,Field_Verification,D011A,0.322,Suspect,Critical,Priority Survey,D11,original,False
2581,109.23808792,-0.44442013,0.73,0.283,Kenthosan,Abnormal,Field_Verification,D011A,0.283,Suspect,Critical,Priority Survey,D11,original,False
2582,109.2369055,-0.44373122,0.73,0.466,Kenthosan,Abnormal,Field_Verification,D011A,0.466,Healthy,Good,None,D11,original,False
2583,109.23597867,-0.44862145,0.72,0.352,Kenthosan,Abnormal,Field_Verification,D011A,0.352,Suspect,Critical,Priority Survey,D11,original,False
2584,109.23815375,-0.44711179,0.72,0.329,Kenthosan,Abnormal,Field_Verification,D011A,0.329,Suspect,Critical,Priority Survey,D11,original,False
2585,109.23740276,-0.44538304,0.71,0.378,Kenthosan,Abnormal,Field_Verification,D011A,0.378,Suspect,Critical,Priority Survey,D11,original,False
2586,109.23803148,-0.44754085,0.71,0.226,Kenthosan,Abnormal,Field_Verification,D011A,0.226,Suspect,Critical,Priority Survey,D11,original,False
2587,109.23686703,-0.44500446,0.71,0.417,Kenthosan,Abnormal,Field_Verification,D011A,0.417,Abnormal,Sub-Optimal,Monitor,D11,original,False
2588,109.23734293,-0.44766322,0.71,0.324,Kenthosan,Abnormal,Field_Verification,D011A,0.324,Suspect,Critical,Priority Survey,D11,original,False
2589,109.23815603,-0.44508526,0.7,0.39,Kenthosan,Abnormal,Field_Verification,D011A,0.39,Abnormal,Sub-Optimal,Monitor,D11,original,False
2590,109.23815429,-0.44673651,0.7,0.338,Kenthosan,Abnormal,Field_Verification,D011A,0.338,Suspect,Critical,Priority Survey,D11,original,False
2591,109.23597143,-0.44884707,0.69,0.366,Kenthosan,Abnormal,Field_Verification,D011A,0.366,Suspect,Critical,Priority Survey,D11,original,False
2592,109.23606556,-0.44587782,0.69,0.356,Kenthosan,Abnormal,Field_Verification,D011A,0.356,Suspect,Critical,Priority Survey,D11,original,False
2593,109.23674061,-0.44017819,0.69,0.163,Kenthosan,Abnormal,Field_Verification,D011A,0.163,Suspect,Critical,Priority Survey,D11,original,False
2594,109.23815789,-0.44480899,0.68,0.345,Kenthosan,Abnormal,Field_Verification,D011A,0.345,Suspect,Critical,Priority Survey,D11,original,False
2595,109.23811396,-0.44445269,0.68,0.325,Kenthosan,Abnormal,Field_Verification,D011A,0.325,Suspect,Critical,Priority Survey,D11,original,False
2596,109.23619865,-0.44336888,0.68,0.342,Kenthosan,Abnormal,Field_Verification,D011A,0.342,Suspect,Critical,Priority Survey,D11,original,False
2597,109.23635471,-0.44816848,0.67,0.339,Kenthosan,Abnormal,Field_Verification,D011A,0.339,Suspect,Critical,Priority Survey,D11,original,False
2598,109.23815476,-0.44475202,0.67,0.331,Kenthosan,Abnormal,Field_Verification,D011A,0.331,Suspect,Critical,Priority Survey,D11,original,False
2599,109.23734091,-0.4448305,0.67,0.307,Kenthosan,Abnormal,Field_Verification,D011A,0.307,Suspect,Critical,Priority Survey,D11,original,False
2600,109.23644216,-0.44491212,0.66,0.377,Kenthosan,Abnormal,Field_Verification,D011A,0.377,Suspect,Critical,Priority Survey,D11,original,False
2601,109.23815476,-0.44664924,0.66,0.278,Kenthosan,Abnormal,Field_Verification,D011A,0.278,Suspect,Critical,Priority Survey,D11,original,False
2602,109.23731698,-0.44532741,0.66,0.365,Kenthosan,Abnormal,Field_Verification,D011A,0.365,Suspect,Critical,Priority Survey,D11,original,False
2603,109.23688311,-0.445368,0.66,0.357,Kenthosan,Abnormal,Field_Verification,D011A,0.357,Suspect,Critical,Priority Survey,D11,original,False
2604,109.23799961,-0.4474798,0.65,0.331,Kenthosan,Abnormal,Field_Verification,D011A,0.331,Suspect,Critical,Priority Survey,D11,original,False
2605,109.2381522,-0.44419181,0.65,0.325,Kenthosan,Abnormal,Field_Verification,D011A,0.325,Suspect,Critical,Priority Survey,D11,original,False
2606,109.23815396,-0.44432383,0.65,0.326,Kenthosan,Abnormal,Field_Verification,D011A,0.326,Suspect,Critical,Priority Survey,D11,original,False
2607,109.23805772,-0.44674869,0.65,0.347,Kenthosan,Abnormal,Field_Verification,D011A,0.347,Suspect,Critical,Priority Survey,D11,original,False
2608,109.23739211,-0.44483232,0.64,0.41,Kenthosan,Abnormal,Field_Verification,D011A,0.41,Abnormal,Sub-Optimal,Monitor,D11,original,False
2609,109.23809847,-0.44724833,0.64,0.308,Kenthosan,Abnormal,Field_Verification,D011A,0.308,Suspect,Critical,Priority Survey,D11,original,False
2610,109.2381594,-0.44413574,0.64,0.384,Kenthosan,Abnormal,Field_Verification,D011A,0.384,Suspect,Critical,Priority Survey,D11,original,False
2611,109.23811978,-0.44642361,0.64,0.33,Kenthosan,Abnormal,Field_Verification,D011A,0.33,Suspect,Critical,Priority Survey,D11,original,False
2612,109.23671403,-0.44812381,0.64,0.371,Kenthosan,Abnormal,Field_Verification,D011A,0.371,Suspect,Critical,Priority Survey,D11,original,False
2613,109.23736909,-0.44529803,0.63,0.352,Kenthosan,Abnormal,Field_Verification,D011A,0.352,Suspect,Critical,Priority Survey,D11,original,False
2614,109.23635377,-0.44833352,0.63,0.376,Kenthosan,Abnormal,Field_Verification,D011A,0.376,Suspect,Critical,Priority Survey,D11,original,False
2615,109.23589854,-0.44372058,0.63,0.342,Kenthosan,Abnormal,Field_Verification,D011A,0.342,Suspect,Critical,Priority Survey,D11,original,False
2616,109.23809807,-0.44707606,0.63,0.259,Kenthosan,Abnormal,Field_Verification,D011A,0.259,Suspect,Critical,Priority Survey,D11,original,False
2617,109.23732955,-0.44536494,0.62,0.357,Kenthosan,Abnormal,Field_Verification,D011A,0.357,Suspect,Critical,Priority Survey,D11,original,False
2618,109.23815326,-0.44727592,0.61,0.318,Kenthosan,Abnormal,Field_Verification,D011A,0.318,Suspect,Critical,Priority Survey,D11,original,False
2619,109.23811478,-0.44668812,0.61,0.363,Kenthosan,Abnormal,Field_Verification,D011A,0.363,Suspect,Critical,Priority Survey,D11,original,False
2620,109.23742487,-0.44492321,0.61,0.31,Kenthosan,Abnormal,Field_Verification,D011A,0.31,Suspect,Critical,Priority Survey,D11,original,False
2621,109.23742164,-0.44531296,0.61,0.352,Kenthosan,Abnormal,Field_Verification,D011A,0.352,Suspect,Critical,Priority Survey,D11,original,False
2622,109.23587866,-0.44422291,0.6,0.372,Kenthosan,Abnormal,Field_Verification,D011A,0.372,Suspect,Critical,Priority Survey,D11,original,False
2623,109.23815704,-0.44462451,0.6,0.316,Kenthosan,Abnormal,Field_Verification,D011A,0.316,Suspect,Critical,Priority Survey,D11,original,False
2624,109.23589094,-0.44356639,0.6,0.365,Kenthosan,Abnormal,Field_Verification,D011A,0.365,Suspect,Critical,Priority Survey,D11,original,False
2625,109.23596745,-0.44858301,0.59,0.318,Kenthosan,Abnormal,Field_Verification,D011A,0.318,Suspect,Critical,Priority Survey,D11,original,False
2626,109.23815377,-0.44702407,0.59,0.393,Kenthosan,Abnormal,Field_Verification,D011A,0.393,Abnormal,Sub-Optimal,Monitor,D11,original,False
2627,109.23736829,-0.44487346,0.59,0.398,Kenthosan,Abnormal,Field_Verification,D011A,0.398,Abnormal,Sub-Optimal,Monitor,D11,original,False
2628,109.23710387,-0.4462841,0.58,0.364,Kenthosan,Abnormal,Field_Verification,D011A,0.364,Suspect,Critical,Priority Survey,D11,original,False
2629,109.2381215,-0.44676634,0.58,0.362,Kenthosan,Abnormal,Field_Verification,D011A,0.362,Suspect,Critical,Priority Survey,D11,original,False
2630,109.23733226,-0.4452935,0.58,0.384,Kenthosan,Abnormal,Field_Verification,D011A,0.384,Suspect,Critical,Priority Survey,D11,original,False
2631,109.23815159,-0.44484742,0.58,0.317,Kenthosan,Abnormal,Field_Verification,D011A,0.317,Suspect,Critical,Priority Survey,D11,original,False
2632,109.23815842,-0.44448571,0.58,0.314,Kenthosan,Abnormal,Field_Verification,D011A,0.314,Suspect,Critical,Priority Survey,D11,original,False
2633,109.23815373,-0.44720629,0.57,0.352,Kenthosan,Abnormal,Field_Verification,D011A,0.352,Suspect,Critical,Priority Survey,D11,original,False
2634,109.23612008,-0.44891854,0.57,0.329,Kenthosan,Abnormal,Field_Verification,D011A,0.329,Suspect,Critical,Priority Survey,D11,original,False
2635,109.23737043,-0.44533782,0.56,0.376,Kenthosan,Abnormal,Field_Verification,D011A,0.376,Suspect,Critical,Priority Survey,D11,original,False
2636,109.23810396,-0.44685405,0.56,0.339,Kenthosan,Abnormal,Field_Verification,D011A,0.339,Suspect,Critical,Priority Survey,D11,original,False
2637,109.23815798,-0.44441653,0.55,0.346,Kenthosan,Abnormal,Field_Verification,D011A,0.346,Suspect,Critical,Priority Survey,D11,original,False
2638,109.23640145,-0.4480125,0.55,0.298,Kenthosan,Abnormal,Field_Verification,D011A,0.298,Suspect,Critical,Priority Survey,D11,original,False
2639,109.23810394,-0.44692142,0.54,0.334,Kenthosan,Abnormal,Field_Verification,D011A,0.334,Suspect,Critical,Priority Survey,D11,original,False
2640,109.23714114,-0.44628954,0.53,0.384,Kenthosan,Abnormal,Field_Verification,D011A,0.384,Suspect,Critical,Priority Survey,D11,original,False
2641,109.23667593,-0.44399205,0.52,0.361,Kenthosan,Abnormal,Field_Verification,D011A,0.361,Suspect,Critical,Priority Survey,D11,original,False
2642,109.23723717,-0.44476265,0.52,0.341,Kenthosan,Abnormal,Field_Verification,D011A,0.341,Suspect,Critical,Priority Survey,D11,original,False
2643,109.23785028,-0.44462896,0.51,0.365,Kenthosan,Abnormal,Field_Verification,D011A,0.365,Suspect,Critical,Priority Survey,D11,original,False
2644,109.23703722,-0.44514196,0.51,0.408,Kenthosan,Abnormal,Field_Verification,D011A,0.408,Abnormal,Sub-Optimal,Monitor,D11,original,False
