Tree_ID,Longitude,Latitude,Height_m,NDRE_Value,Classification,Health_Status,Action,Block_Name,NDRE_Absolute,Classification_Abs,Health_Status_Abs,Action_Abs,Block_Name_Legacy,Reclassified,Was_TBM
1,109.23144515,-0.44081581,17.9,0.49,TM,Healthy,,D009A,0.49,Healthy,Good,None,D09,original,False
2,109.23177582,-0.4403565,17.81,0.496,TM,Healthy,,D009A,0.496,Healthy,Good,None,D09,original,False
3,109.23167252,-0.44037276,17.39,0.519,TM,Healthy,,D009A,0.519,Healthy,Good,None,D09,original,False
4,109.23220019,-0.44063875,17.36,0.435,TM,Healthy,,D009A,0.435,Normal,Moderate,Routine,D09,original,False
5,109.23240534,-0.44486865,17.36,0.513,TM,Healthy,,D009A,0.513,Healthy,Good,None,D09,original,False
6,109.23180051,-0.44043473,17.27,0.445,TM,Healthy,,D009A,0.445,Normal,Moderate,Routine,D09,original,False
7,109.23223346,-0.44050175,17.19,0.357,TM,Suspect,Circle_5m,D009A,0.357,Suspect,Critical,Priority Survey,D09,original,False
8,109.2320434,-0.44082228,17.08,0.514,TM,Healthy,,D009A,0.514,Healthy,Good,None,D09,original,False
9,109.23242872,-0.44476375,17.08,0.436,TM,Healthy,,D009A,0.436,Normal,Moderate,Routine,D09,original,False
10,109.2315508,-0.44037182,17.07,0.419,TM,Healthy,,D009A,0.419,Abnormal,Sub-Optimal,Monitor,D09,original,False
11,109.23180811,-0.44058168,16.97,0.44,TM,Healthy,,D009A,0.44,Normal,Moderate,Routine,D09,original,False
12,109.23196572,-0.44070968,16.75,0.447,TM,Healthy,,D009A,0.447,Normal,Moderate,Routine,D09,original,False
13,109.23237356,-0.44060804,16.72,0.381,TM,Healthy,,D009A,0.381,Suspect,Critical,Priority Survey,D09,original,False
14,109.23144106,-0.44100119,16.68,0.461,TM,Healthy,,D009A,0.461,Healthy,Good,None,D09,original,False
15,109.23349471,-0.44583425,16.67,0.555,TM,Healthy,,D009A,0.555,Healthy,Good,None,D09,original,False
16,109.23185169,-0.44052201,16.65,0.498,TM,Healthy,,D009A,0.498,Healthy,Good,None,D09,original,False
17,109.23202572,-0.44148468,16.62,0.475,TM,Healthy,,D009A,0.475,Healthy,Good,None,D09,original,False
18,109.23167475,-0.44042159,16.58,0.457,TM,Healthy,,D009A,0.457,Normal,Moderate,Routine,D09,original,False
19,109.23213195,-0.44049404,16.52,0.564,TM,Healthy,,D009A,0.564,Healthy,Good,None,D09,original,False
20,109.2321661,-0.44046557,16.45,0.505,TM,Healthy,,D009A,0.505,Healthy,Good,None,D09,original,False
21,109.23236448,-0.44482387,16.4,0.575,TM,Healthy,,D009A,0.575,Healthy,Good,None,D09,original,False
22,109.23143119,-0.44096637,16.38,0.481,TM,Healthy,,D009A,0.481,Healthy,Good,None,D09,original,False
23,109.23194772,-0.44085707,16.33,0.406,TM,Healthy,,D009A,0.406,Abnormal,Sub-Optimal,Monitor,D09,original,False
24,109.23198456,-0.44082905,16.29,0.443,TM,Healthy,,D009A,0.443,Normal,Moderate,Routine,D09,original,False
25,109.23172549,-0.44048942,16.24,0.518,TM,Healthy,,D009A,0.518,Healthy,Good,None,D09,original,False
26,109.23242734,-0.44490211,16.2,0.565,TM,Healthy,,D009A,0.565,Healthy,Good,None,D09,original,False
27,109.23220337,-0.4404606,16.14,0.407,TM,Healthy,,D009A,0.407,Abnormal,Sub-Optimal,Monitor,D09,original,False
28,109.23234055,-0.44910979,16.11,0.399,TM,Healthy,,D009A,0.399,Abnormal,Sub-Optimal,Monitor,D09,original,False
29,109.23256793,-0.44105255,16.08,0.408,TM,Healthy,,D009A,0.408,Abnormal,Sub-Optimal,Monitor,D09,original,False
30,109.23155345,-0.44058886,16.08,0.47,TM,Healthy,,D009A,0.47,Healthy,Good,None,D09,original,False
31,109.23166036,-0.44050523,16.06,0.448,TM,Healthy,,D009A,0.448,Normal,Moderate,Routine,D09,original,False
32,109.23152701,-0.44033112,16.02,0.502,TM,Healthy,,D009A,0.502,Healthy,Good,None,D09,original,False
33,109.23194619,-0.44165919,15.97,0.452,TM,Healthy,,D009A,0.452,Normal,Moderate,Routine,D09,original,False
34,109.23209692,-0.44052116,15.92,0.544,TM,Healthy,,D009A,0.544,Healthy,Good,None,D09,original,False
35,109.23256399,-0.44063838,15.91,0.472,TM,Healthy,,D009A,0.472,Healthy,Good,None,D09,original,False
36,109.23199612,-0.44132913,15.82,0.563,TM,Healthy,,D009A,0.563,Healthy,Good,None,D09,original,False
37,109.23202171,-0.44136621,15.79,0.529,TM,Healthy,,D009A,0.529,Healthy,Good,None,D09,original,False
38,109.23299383,-0.44623066,15.79,0.435,TM,Healthy,,D009A,0.435,Normal,Moderate,Routine,D09,original,False
39,109.23157411,-0.44055314,15.77,0.435,TM,Healthy,,D009A,0.435,Normal,Moderate,Routine,D09,original,False
40,109.23319826,-0.44593591,15.75,0.459,TM,Healthy,,D009A,0.459,Normal,Moderate,Routine,D09,original,False
41,109.2318045,-0.44066126,15.74,0.445,TM,Healthy,,D009A,0.445,Normal,Moderate,Routine,D09,original,False
42,109.23235859,-0.44879103,15.7,0.467,TM,Healthy,,D009A,0.467,Healthy,Good,None,D09,original,False
43,109.23192668,-0.44059573,15.68,0.464,TM,Healthy,,D009A,0.464,Healthy,Good,None,D09,original,False
44,109.23139666,-0.44073441,15.66,0.473,TM,Healthy,,D009A,0.473,Healthy,Good,None,D09,original,False
45,109.23144648,-0.44091302,15.59,0.454,TM,Healthy,,D009A,0.454,Normal,Moderate,Routine,D09,original,False
46,109.23206351,-0.4487801,15.58,0.494,TM,Healthy,,D009A,0.494,Healthy,Good,None,D09,original,False
47,109.23199941,-0.44069703,15.51,0.539,TM,Healthy,,D009A,0.539,Healthy,Good,None,D09,original,False
48,109.23236237,-0.44043803,15.51,0.443,TM,Healthy,,D009A,0.443,Normal,Moderate,Routine,D09,original,False
49,109.23224138,-0.44119173,15.5,0.49,TM,Healthy,,D009A,0.49,Healthy,Good,None,D09,original,False
50,109.23158127,-0.44067387,15.5,0.458,TM,Healthy,,D009A,0.458,Normal,Moderate,Routine,D09,original,False
51,109.23234518,-0.44289048,15.47,0.48,TM,Healthy,,D009A,0.48,Healthy,Good,None,D09,original,False
52,109.23143081,-0.44069734,15.45,0.428,TM,Healthy,,D009A,0.428,Abnormal,Sub-Optimal,Monitor,D09,original,False
53,109.23150447,-0.44068018,15.42,0.432,TM,Healthy,,D009A,0.432,Normal,Moderate,Routine,D09,original,False
54,109.23212158,-0.44066857,15.26,0.405,TM,Healthy,,D009A,0.405,Abnormal,Sub-Optimal,Monitor,D09,original,False
55,109.23192665,-0.44072142,15.23,0.447,TM,Healthy,,D009A,0.447,Normal,Moderate,Routine,D09,original,False
56,109.23151256,-0.44062909,15.23,0.52,TM,Healthy,,D009A,0.52,Healthy,Good,None,D09,original,False
57,109.23228677,-0.44485189,15.21,0.44,TM,Healthy,,D009A,0.44,Normal,Moderate,Routine,D09,original,False
58,109.23237216,-0.44274625,15.17,0.494,TM,Healthy,,D009A,0.494,Healthy,Good,None,D09,original,False
59,109.23208387,-0.44060843,15.15,0.462,TM,Healthy,,D009A,0.462,Healthy,Good,None,D09,original,False
60,109.23207852,-0.44042847,15.13,0.462,TM,Healthy,,D009A,0.462,Healthy,Good,None,D09,original,False
61,109.23213055,-0.44264989,15.05,0.412,TM,Healthy,,D009A,0.412,Abnormal,Sub-Optimal,Monitor,D09,original,False
62,109.23159541,-0.44165413,15.02,0.432,TM,Healthy,,D009A,0.432,Normal,Moderate,Routine,D09,original,False
63,109.2317835,-0.44206156,14.98,0.365,TM,Suspect,Circle_5m,D009A,0.365,Suspect,Critical,Priority Survey,D09,original,False
64,109.23252444,-0.44072157,14.97,0.46,TM,Healthy,,D009A,0.46,Healthy,Good,None,D09,original,False
65,109.23168817,-0.44066666,14.91,0.531,TM,Healthy,,D009A,0.531,Healthy,Good,None,D09,original,False
66,109.23162686,-0.44163108,14.9,0.422,TM,Healthy,,D009A,0.422,Abnormal,Sub-Optimal,Monitor,D09,original,False
67,109.2322945,-0.44067811,14.9,0.484,TM,Healthy,,D009A,0.484,Healthy,Good,None,D09,original,False
68,109.2317043,-0.44083441,14.89,0.47,TM,Healthy,,D009A,0.47,Healthy,Good,None,D09,original,False
69,109.23244442,-0.44293753,14.89,0.421,TM,Healthy,,D009A,0.421,Abnormal,Sub-Optimal,Monitor,D09,original,False
70,109.23222882,-0.44110175,14.86,0.526,TM,Healthy,,D009A,0.526,Healthy,Good,None,D09,original,False
71,109.2323083,-0.4411922,14.79,0.45,TM,Healthy,,D009A,0.45,Normal,Moderate,Routine,D09,original,False
72,109.23164642,-0.4405925,14.75,0.452,TM,Healthy,,D009A,0.452,Normal,Moderate,Routine,D09,original,False
73,109.23150112,-0.44152931,14.74,0.434,TM,Healthy,,D009A,0.434,Normal,Moderate,Routine,D09,original,False
74,109.23186063,-0.4407092,14.69,0.446,TM,Healthy,,D009A,0.446,Normal,Moderate,Routine,D09,original,False
75,109.23211427,-0.44120572,14.66,0.474,TM,Healthy,,D009A,0.474,Healthy,Good,None,D09,original,False
76,109.23207093,-0.44406193,14.65,0.487,TM,Healthy,,D009A,0.487,Healthy,Good,None,D09,original,False
77,109.23138315,-0.44089582,14.62,0.452,TM,Healthy,,D009A,0.452,Normal,Moderate,Routine,D09,original,False
78,109.23207131,-0.4405614,14.62,0.457,TM,Healthy,,D009A,0.457,Normal,Moderate,Routine,D09,original,False
79,109.23196193,-0.44154344,14.62,0.44,TM,Healthy,,D009A,0.44,Normal,Moderate,Routine,D09,original,False
80,109.23218902,-0.44039187,14.6,0.432,TM,Healthy,,D009A,0.432,Normal,Moderate,Routine,D09,original,False
81,109.23186535,-0.44164153,14.59,0.452,TM,Healthy,,D009A,0.452,Normal,Moderate,Routine,D09,original,False
82,109.23181787,-0.44296993,14.57,0.461,TM,Healthy,,D009A,0.461,Healthy,Good,None,D09,original,False
83,109.23224634,-0.44491111,14.56,0.459,TM,Healthy,,D009A,0.459,Normal,Moderate,Routine,D09,original,False
84,109.23209004,-0.4449061,14.51,0.461,TM,Healthy,,D009A,0.461,Healthy,Good,None,D09,original,False
85,109.23173935,-0.44076479,14.48,0.438,TM,Healthy,,D009A,0.438,Normal,Moderate,Routine,D09,original,False
86,109.23198957,-0.44431421,14.48,0.474,TM,Healthy,,D009A,0.474,Healthy,Good,None,D09,original,False
87,109.23237525,-0.44295017,14.48,0.454,TM,Healthy,,D009A,0.454,Normal,Moderate,Routine,D09,original,False
88,109.23222647,-0.44910795,14.46,0.518,TM,Healthy,,D009A,0.518,Healthy,Good,None,D09,original,False
89,109.23352252,-0.44601376,14.44,0.426,TM,Healthy,,D009A,0.426,Abnormal,Sub-Optimal,Monitor,D09,original,False
90,109.23191669,-0.44294509,14.44,0.44,TM,Healthy,,D009A,0.44,Normal,Moderate,Routine,D09,original,False
91,109.23187684,-0.44432187,14.41,0.475,TM,Healthy,,D009A,0.475,Healthy,Good,None,D09,original,False
92,109.23256531,-0.44076227,14.4,0.399,TM,Healthy,,D009A,0.399,Abnormal,Sub-Optimal,Monitor,D09,original,False
93,109.23159587,-0.44160575,14.39,0.404,TM,Healthy,,D009A,0.404,Abnormal,Sub-Optimal,Monitor,D09,original,False
94,109.23202366,-0.44260691,14.39,0.445,TM,Healthy,,D009A,0.445,Normal,Moderate,Routine,D09,original,False
95,109.2323883,-0.44286969,14.37,0.416,TM,Healthy,,D009A,0.416,Abnormal,Sub-Optimal,Monitor,D09,original,False
96,109.23223322,-0.44902928,14.37,0.409,TM,Healthy,,D009A,0.409,Abnormal,Sub-Optimal,Monitor,D09,original,False
97,109.2321956,-0.44858435,14.32,0.434,TM,Healthy,,D009A,0.434,Normal,Moderate,Routine,D09,original,False
98,109.23188935,-0.44080552,14.31,0.464,TM,Healthy,,D009A,0.464,Healthy,Good,None,D09,original,False
99,109.23343672,-0.44606619,14.29,0.416,TM,Healthy,,D009A,0.416,Abnormal,Sub-Optimal,Monitor,D09,original,False
100,109.23231016,-0.44848943,14.27,0.455,TM,Healthy,,D009A,0.455,Normal,Moderate,Routine,D09,original,False
101,109.2319635,-0.44253093,14.27,0.472,TM,Healthy,,D009A,0.472,Healthy,Good,None,D09,original,False
102,109.2316572,-0.44055633,14.27,0.491,TM,Healthy,,D009A,0.491,Healthy,Good,None,D09,original,False
103,109.23153643,-0.44792903,14.25,0.567,TM,Healthy,,D009A,0.567,Healthy,Good,None,D09,original,False
104,109.2323941,-0.44492697,14.24,0.517,TM,Healthy,,D009A,0.517,Healthy,Good,None,D09,original,False
105,109.23228048,-0.44106379,14.23,0.444,TM,Healthy,,D009A,0.444,Normal,Moderate,Routine,D09,original,False
106,109.23213534,-0.44893295,14.23,0.393,TM,Healthy,,D009A,0.393,Abnormal,Sub-Optimal,Monitor,D09,original,False
107,109.23355252,-0.44639764,14.21,0.366,TM,Suspect,Circle_5m,D009A,0.366,Suspect,Critical,Priority Survey,D09,original,False
108,109.23246108,-0.44278154,14.2,0.553,TM,Healthy,,D009A,0.553,Healthy,Good,None,D09,original,False
109,109.23154559,-0.44153068,14.2,0.496,TM,Healthy,,D009A,0.496,Healthy,Good,None,D09,original,False
110,109.23240535,-0.44292712,14.18,0.492,TM,Healthy,,D009A,0.492,Healthy,Good,None,D09,original,False
111,109.23161565,-0.44152617,14.18,0.472,TM,Healthy,,D009A,0.472,Healthy,Good,None,D09,original,False
112,109.23249695,-0.44111629,14.14,0.521,TM,Healthy,,D009A,0.521,Healthy,Good,None,D09,original,False
113,109.23263489,-0.44088256,14.14,0.429,TM,Healthy,,D009A,0.429,Abnormal,Sub-Optimal,Monitor,D09,original,False
114,109.23227916,-0.44851339,14.13,0.394,TM,Healthy,,D009A,0.394,Abnormal,Sub-Optimal,Monitor,D09,original,False
115,109.23239005,-0.44113887,14.13,0.463,TM,Healthy,,D009A,0.463,Healthy,Good,None,D09,original,False
116,109.23188942,-0.44240974,14.13,0.419,TM,Healthy,,D009A,0.419,Abnormal,Sub-Optimal,Monitor,D09,original,False
117,109.23256543,-0.44591315,14.08,0.459,TM,Healthy,,D009A,0.459,Normal,Moderate,Routine,D09,original,False
118,109.23210459,-0.44034844,14.07,0.513,TM,Healthy,,D009A,0.513,Healthy,Good,None,D09,original,False
119,109.23205332,-0.4444562,14.05,0.439,TM,Healthy,,D009A,0.439,Normal,Moderate,Routine,D09,original,False
120,109.23189368,-0.44145887,14.05,0.486,TM,Healthy,,D009A,0.486,Healthy,Good,None,D09,original,False
121,109.23245883,-0.44088794,14.05,0.442,TM,Healthy,,D009A,0.442,Normal,Moderate,Routine,D09,original,False
122,109.23235552,-0.44093539,14.05,0.44,TM,Healthy,,D009A,0.44,Normal,Moderate,Routine,D09,original,False
123,109.23168184,-0.44840337,14.03,0.477,TM,Healthy,,D009A,0.477,Healthy,Good,None,D09,original,False
124,109.23242588,-0.44911297,14.02,0.38,TM,Healthy,,D009A,0.38,Suspect,Critical,Priority Survey,D09,original,False
125,109.23197247,-0.44444624,14.01,0.484,TM,Healthy,,D009A,0.484,Healthy,Good,None,D09,original,False
126,109.2326223,-0.44095219,14.01,0.448,TM,Healthy,,D009A,0.448,Normal,Moderate,Routine,D09,original,False
127,109.23137865,-0.44093426,13.98,0.432,TM,Healthy,,D009A,0.432,Normal,Moderate,Routine,D09,original,False
128,109.23166401,-0.44214744,13.97,0.507,TM,Healthy,,D009A,0.507,Healthy,Good,None,D09,original,False
129,109.23184684,-0.44203806,13.95,0.39,TM,Healthy,,D009A,0.39,Abnormal,Sub-Optimal,Monitor,D09,original,False
130,109.23152552,-0.44092208,13.94,0.528,TM,Healthy,,D009A,0.528,Healthy,Good,None,D09,original,False
131,109.23239684,-0.44850166,13.93,0.427,TM,Healthy,,D009A,0.427,Abnormal,Sub-Optimal,Monitor,D09,original,False
132,109.23215206,-0.44848623,13.92,0.416,TM,Healthy,,D009A,0.416,Abnormal,Sub-Optimal,Monitor,D09,original,False
133,109.23228455,-0.44096115,13.89,0.47,TM,Healthy,,D009A,0.47,Healthy,Good,None,D09,original,False
134,109.23346413,-0.44602414,13.88,0.391,TM,Healthy,,D009A,0.391,Abnormal,Sub-Optimal,Monitor,D09,original,False
135,109.23218567,-0.44880952,13.88,0.428,TM,Healthy,,D009A,0.428,Abnormal,Sub-Optimal,Monitor,D09,original,False
136,109.23218024,-0.44897727,13.88,0.476,TM,Healthy,,D009A,0.476,Healthy,Good,None,D09,original,False
137,109.23347312,-0.44596944,13.86,0.447,TM,Healthy,,D009A,0.447,Normal,Moderate,Routine,D09,original,False
138,109.23206897,-0.44848621,13.86,0.549,TM,Healthy,,D009A,0.549,Healthy,Good,None,D09,original,False
139,109.23205107,-0.44066765,13.86,0.487,TM,Healthy,,D009A,0.487,Healthy,Good,None,D09,original,False
140,109.23204694,-0.44102846,13.86,0.479,TM,Healthy,,D009A,0.479,Healthy,Good,None,D09,original,False
141,109.23165985,-0.44833147,13.84,0.466,TM,Healthy,,D009A,0.466,Healthy,Good,None,D09,original,False
142,109.23199261,-0.44850201,13.83,0.449,TM,Healthy,,D009A,0.449,Normal,Moderate,Routine,D09,original,False
143,109.2323968,-0.4411027,13.83,0.523,TM,Healthy,,D009A,0.523,Healthy,Good,None,D09,original,False
144,109.23171912,-0.44839524,13.8,0.444,TM,Healthy,,D009A,0.444,Normal,Moderate,Routine,D09,original,False
145,109.23239584,-0.4451544,13.78,0.528,TM,Healthy,,D009A,0.528,Healthy,Good,None,D09,original,False
146,109.23212542,-0.44907628,13.76,0.462,TM,Healthy,,D009A,0.462,Healthy,Good,None,D09,original,False
147,109.23241879,-0.44873497,13.76,0.453,TM,Healthy,,D009A,0.453,Normal,Moderate,Routine,D09,original,False
148,109.23142905,-0.44051151,13.76,0.412,TM,Healthy,,D009A,0.412,Abnormal,Sub-Optimal,Monitor,D09,original,False
149,109.23168919,-0.44203757,13.76,0.44,TM,Healthy,,D009A,0.44,Normal,Moderate,Routine,D09,original,False
150,109.23156327,-0.44084025,13.75,0.399,TM,Healthy,,D009A,0.399,Abnormal,Sub-Optimal,Monitor,D09,original,False
151,109.23224649,-0.44045157,13.75,0.476,TM,Healthy,,D009A,0.476,Healthy,Good,None,D09,original,False
152,109.23172062,-0.44207013,13.74,0.446,TM,Healthy,,D009A,0.446,Normal,Moderate,Routine,D09,original,False
153,109.23226519,-0.44494729,13.74,0.525,TM,Healthy,,D009A,0.525,Healthy,Good,None,D09,original,False
154,109.23209281,-0.44076849,13.73,0.424,TM,Healthy,,D009A,0.424,Abnormal,Sub-Optimal,Monitor,D09,original,False
155,109.23204476,-0.44265665,13.73,0.473,TM,Healthy,,D009A,0.473,Healthy,Good,None,D09,original,False
156,109.23242923,-0.44070798,13.72,0.457,TM,Healthy,,D009A,0.457,Normal,Moderate,Routine,D09,original,False
157,109.23143584,-0.44785847,13.72,0.532,TM,Healthy,,D009A,0.532,Healthy,Good,None,D09,original,False
158,109.23203937,-0.44455341,13.68,0.494,TM,Healthy,,D009A,0.494,Healthy,Good,None,D09,original,False
159,109.23175509,-0.44067029,13.66,0.46,TM,Healthy,,D009A,0.46,Healthy,Good,None,D09,original,False
160,109.23202219,-0.44878733,13.65,0.4,TM,Healthy,,D009A,0.4,Abnormal,Sub-Optimal,Monitor,D09,original,False
161,109.232101,-0.4441266,13.64,0.52,TM,Healthy,,D009A,0.52,Healthy,Good,None,D09,original,False
162,109.23196083,-0.44050214,13.64,0.392,TM,Healthy,,D009A,0.392,Abnormal,Sub-Optimal,Monitor,D09,original,False
163,109.23175741,-0.4422302,13.61,0.494,TM,Healthy,,D009A,0.494,Healthy,Good,None,D09,original,False
164,109.2319557,-0.44132415,13.6,0.523,TM,Healthy,,D009A,0.523,Healthy,Good,None,D09,original,False
165,109.23165923,-0.44150313,13.58,0.507,TM,Healthy,,D009A,0.507,Healthy,Good,None,D09,original,False
166,109.23318792,-0.44597796,13.56,0.526,TM,Healthy,,D009A,0.526,Healthy,Good,None,D09,original,False
167,109.23183601,-0.44035019,13.55,0.454,TM,Healthy,,D009A,0.454,Normal,Moderate,Routine,D09,original,False
168,109.23203799,-0.44089869,13.54,0.476,TM,Healthy,,D009A,0.476,Healthy,Good,None,D09,original,False
169,109.23221669,-0.44493597,13.54,0.395,TM,Healthy,,D009A,0.395,Abnormal,Sub-Optimal,Monitor,D09,original,False
170,109.23177898,-0.44218952,13.54,0.398,TM,Healthy,,D009A,0.398,Abnormal,Sub-Optimal,Monitor,D09,original,False
171,109.23266228,-0.44094858,13.53,0.479,TM,Healthy,,D009A,0.479,Healthy,Good,None,D09,original,False
172,109.23242293,-0.44077942,13.51,0.54,TM,Healthy,,D009A,0.54,Healthy,Good,None,D09,original,False
173,109.2320604,-0.44864084,13.49,0.56,TM,Healthy,,D009A,0.56,Healthy,Good,None,D09,original,False
174,109.23196037,-0.44244367,13.48,0.424,TM,Healthy,,D009A,0.424,Abnormal,Sub-Optimal,Monitor,D09,original,False
175,109.23183692,-0.44220219,13.47,0.495,TM,Healthy,,D009A,0.495,Healthy,Good,None,D09,original,False
176,109.23215603,-0.44502503,13.47,0.494,TM,Healthy,,D009A,0.494,Healthy,Good,None,D09,original,False
177,109.23202045,-0.44097782,13.46,0.437,TM,Healthy,,D009A,0.437,Normal,Moderate,Routine,D09,original,False
178,109.23222834,-0.44880953,13.44,0.429,TM,Healthy,,D009A,0.429,Abnormal,Sub-Optimal,Monitor,D09,original,False
179,109.23325884,-0.44613939,13.42,0.421,TM,Healthy,,D009A,0.421,Abnormal,Sub-Optimal,Monitor,D09,original,False
180,109.23177242,-0.44146698,13.41,0.492,TM,Healthy,,D009A,0.492,Healthy,Good,None,D09,original,False
181,109.23208513,-0.44098642,13.39,0.422,TM,Healthy,,D009A,0.422,Abnormal,Sub-Optimal,Monitor,D09,original,False
182,109.23231603,-0.44078346,13.35,0.508,TM,Healthy,,D009A,0.508,Healthy,Good,None,D09,original,False
183,109.23243053,-0.4484655,13.34,0.442,TM,Healthy,,D009A,0.442,Normal,Moderate,Routine,D09,original,False
184,109.23226298,-0.44101088,13.33,0.433,TM,Healthy,,D009A,0.433,Normal,Moderate,Routine,D09,original,False
185,109.2316302,-0.44835588,13.32,0.553,TM,Healthy,,D009A,0.553,Healthy,Good,None,D09,original,False
186,109.23204255,-0.44252191,13.31,0.43,TM,Healthy,,D009A,0.43,Normal,Moderate,Routine,D09,original,False
187,109.23260204,-0.44118549,13.31,0.412,TM,Healthy,,D009A,0.412,Abnormal,Sub-Optimal,Monitor,D09,original,False
188,109.2323721,-0.44865086,13.3,0.47,TM,Healthy,,D009A,0.47,Healthy,Good,None,D09,original,False
189,109.23241927,-0.44104799,13.29,0.45,TM,Healthy,,D009A,0.45,Normal,Moderate,Routine,D09,original,False
190,109.23204952,-0.4490758,13.28,0.422,TM,Healthy,,D009A,0.422,Abnormal,Sub-Optimal,Monitor,D09,original,False
191,109.23247453,-0.44096436,13.28,0.422,TM,Healthy,,D009A,0.422,Abnormal,Sub-Optimal,Monitor,D09,original,False
192,109.23246559,-0.44271689,13.26,0.523,TM,Healthy,,D009A,0.523,Healthy,Good,None,D09,original,False
193,109.23264444,-0.44607052,13.26,0.472,TM,Healthy,,D009A,0.472,Healthy,Good,None,D09,original,False
194,109.23195274,-0.44432189,13.26,0.474,TM,Healthy,,D009A,0.474,Healthy,Good,None,D09,original,False
195,109.23227646,-0.44287102,13.25,0.509,TM,Healthy,,D009A,0.509,Healthy,Good,None,D09,original,False
196,109.23188932,-0.44090454,13.25,0.469,TM,Healthy,,D009A,0.469,Healthy,Good,None,D09,original,False
197,109.2319602,-0.44880042,13.24,0.418,TM,Healthy,,D009A,0.418,Abnormal,Sub-Optimal,Monitor,D09,original,False
198,109.23230038,-0.44241345,13.23,0.466,TM,Healthy,,D009A,0.466,Healthy,Good,None,D09,original,False
199,109.23174638,-0.44142176,13.23,0.429,TM,Healthy,,D009A,0.429,Abnormal,Sub-Optimal,Monitor,D09,original,False
200,109.23196975,-0.44455927,13.22,0.557,TM,Healthy,,D009A,0.557,Healthy,Good,None,D09,original,False
201,109.23224769,-0.44297185,13.21,0.392,TM,Healthy,,D009A,0.392,Abnormal,Sub-Optimal,Monitor,D09,original,False
202,109.23177842,-0.44075711,13.21,0.454,TM,Healthy,,D009A,0.454,Normal,Moderate,Routine,D09,original,False
203,109.2322212,-0.44294652,13.21,0.436,TM,Healthy,,D009A,0.436,Normal,Moderate,Routine,D09,original,False
204,109.23183414,-0.44446248,13.2,0.388,TM,Healthy,,D009A,0.388,Suspect,Critical,Priority Survey,D09,original,False
205,109.23326291,-0.44603359,13.19,0.437,TM,Healthy,,D009A,0.437,Normal,Moderate,Routine,D09,original,False
206,109.23227237,-0.44499024,13.18,0.389,TM,Healthy,,D009A,0.389,Suspect,Critical,Priority Survey,D09,original,False
207,109.23160957,-0.44255165,13.18,0.478,TM,Healthy,,D009A,0.478,Healthy,Good,None,D09,original,False
208,109.23196623,-0.44427487,13.17,0.467,TM,Healthy,,D009A,0.467,Healthy,Good,None,D09,original,False
209,109.23281291,-0.44590959,13.17,0.384,TM,Healthy,,D009A,0.384,Suspect,Critical,Priority Survey,D09,original,False
210,109.23219688,-0.44888187,13.17,0.487,TM,Healthy,,D009A,0.487,Healthy,Good,None,D09,original,False
211,109.23233034,-0.44106108,13.14,0.491,TM,Healthy,,D009A,0.491,Healthy,Good,None,D09,original,False
212,109.23226208,-0.44291804,13.13,0.488,TM,Healthy,,D009A,0.488,Healthy,Good,None,D09,original,False
213,109.23195231,-0.44236273,13.13,0.412,TM,Healthy,,D009A,0.412,Abnormal,Sub-Optimal,Monitor,D09,original,False
214,109.23200394,-0.4424491,13.12,0.46,TM,Healthy,,D009A,0.46,Healthy,Good,None,D09,original,False
215,109.23229027,-0.44899041,13.12,0.451,TM,Healthy,,D009A,0.451,Normal,Moderate,Routine,D09,original,False
216,109.23157729,-0.44042518,13.12,0.481,TM,Healthy,,D009A,0.481,Healthy,Good,None,D09,original,False
217,109.2319128,-0.44419437,13.12,0.351,TM,Suspect,Circle_5m,D009A,0.351,Suspect,Critical,Priority Survey,D09,original,False
218,109.23191263,-0.44864126,13.09,0.433,TM,Healthy,,D009A,0.433,Normal,Moderate,Routine,D09,original,False
219,109.23187211,-0.44906265,13.09,0.405,TM,Healthy,,D009A,0.405,Abnormal,Sub-Optimal,Monitor,D09,original,False
220,109.23352511,-0.44642612,13.06,0.476,TM,Healthy,,D009A,0.476,Healthy,Good,None,D09,original,False
221,109.23305402,-0.44621666,13.05,0.454,TM,Healthy,,D009A,0.454,Normal,Moderate,Routine,D09,original,False
222,109.23286138,-0.44606605,13.04,0.428,TM,Healthy,,D009A,0.428,Abnormal,Sub-Optimal,Monitor,D09,original,False
223,109.23249203,-0.44293618,13.04,0.462,TM,Healthy,,D009A,0.462,Healthy,Good,None,D09,original,False
224,109.23336979,-0.44799323,13.03,0.4,TM,Healthy,,D009A,0.4,Abnormal,Sub-Optimal,Monitor,D09,original,False
225,109.23194141,-0.44287275,13.02,0.455,TM,Healthy,,D009A,0.455,Normal,Moderate,Routine,D09,original,False
226,109.2323551,-0.44080337,13.01,0.468,TM,Healthy,,D009A,0.468,Healthy,Good,None,D09,original,False
227,109.23215692,-0.44506527,13.01,0.506,TM,Healthy,,D009A,0.506,Healthy,Good,None,D09,original,False
228,109.23173965,-0.44890979,12.97,0.459,TM,Healthy,,D009A,0.459,Normal,Moderate,Routine,D09,original,False
229,109.23159965,-0.44082353,12.97,0.403,TM,Healthy,,D009A,0.403,Abnormal,Sub-Optimal,Monitor,D09,original,False
230,109.23223819,-0.44890765,12.95,0.334,TM,Suspect,Circle_5m,D009A,0.334,Suspect,Critical,Priority Survey,D09,original,False
231,109.23220051,-0.44873266,12.94,0.473,TM,Healthy,,D009A,0.473,Healthy,Good,None,D09,original,False
232,109.23282545,-0.44604343,12.93,0.447,TM,Healthy,,D009A,0.447,Normal,Moderate,Routine,D09,original,False
233,109.2331452,-0.44620176,12.93,0.478,TM,Healthy,,D009A,0.478,Healthy,Good,None,D09,original,False
234,109.23171325,-0.44286591,12.91,0.451,TM,Healthy,,D009A,0.451,Normal,Moderate,Routine,D09,original,False
235,109.2320137,-0.44861053,12.91,0.432,TM,Healthy,,D009A,0.432,Normal,Moderate,Routine,D09,original,False
236,109.23327261,-0.44493261,12.89,0.456,TM,Healthy,,D009A,0.456,Normal,Moderate,Routine,D09,original,False
237,109.23245836,-0.44099736,12.89,0.414,TM,Healthy,,D009A,0.414,Abnormal,Sub-Optimal,Monitor,D09,original,False
238,109.23352518,-0.44615709,12.87,0.46,TM,Healthy,,D009A,0.46,Healthy,Good,None,D09,original,False
239,109.23160833,-0.44210628,12.86,0.539,TM,Healthy,,D009A,0.539,Healthy,Good,None,D09,original,False
240,109.23194102,-0.44825965,12.86,0.406,TM,Healthy,,D009A,0.406,Abnormal,Sub-Optimal,Monitor,D09,original,False
241,109.23226698,-0.44873313,12.86,0.524,TM,Healthy,,D009A,0.524,Healthy,Good,None,D09,original,False
242,109.23253206,-0.4408224,12.85,0.454,TM,Healthy,,D009A,0.454,Normal,Moderate,Routine,D09,original,False
243,109.23254515,-0.44621066,12.85,0.51,TM,Healthy,,D009A,0.51,Healthy,Good,None,D09,original,False
244,109.23198034,-0.44909885,12.82,0.398,TM,Healthy,,D009A,0.398,Abnormal,Sub-Optimal,Monitor,D09,original,False
245,109.23246023,-0.44255773,12.82,0.433,TM,Healthy,,D009A,0.433,Normal,Moderate,Routine,D09,original,False
246,109.23230486,-0.44054518,12.81,0.506,TM,Healthy,,D009A,0.506,Healthy,Good,None,D09,original,False
247,109.2314315,-0.44154693,12.8,0.432,TM,Healthy,,D009A,0.432,Normal,Moderate,Routine,D09,original,False
248,109.23203409,-0.44408951,12.79,0.504,TM,Healthy,,D009A,0.504,Healthy,Good,None,D09,original,False
249,109.23212548,-0.44508923,12.79,0.497,TM,Healthy,,D009A,0.497,Healthy,Good,None,D09,original,False
250,109.23151428,-0.44097543,12.79,0.493,TM,Healthy,,D009A,0.493,Healthy,Good,None,D09,original,False
251,109.23213904,-0.44093082,12.78,0.381,TM,Healthy,,D009A,0.381,Suspect,Critical,Priority Survey,D09,original,False
252,109.23169303,-0.44289711,12.77,0.429,TM,Healthy,,D009A,0.429,Abnormal,Sub-Optimal,Monitor,D09,original,False
253,109.23179142,-0.44842826,12.77,0.413,TM,Healthy,,D009A,0.413,Abnormal,Sub-Optimal,Monitor,D09,original,False
254,109.23169927,-0.44688551,12.76,0.534,TM,Healthy,,D009A,0.534,Healthy,Good,None,D09,original,False
255,109.23162973,-0.44842099,12.76,0.418,TM,Healthy,,D009A,0.418,Abnormal,Sub-Optimal,Monitor,D09,original,False
256,109.23192314,-0.44035111,12.76,0.429,TM,Healthy,,D009A,0.429,Abnormal,Sub-Optimal,Monitor,D09,original,False
257,109.23167512,-0.44075618,12.75,0.511,TM,Healthy,,D009A,0.511,Healthy,Good,None,D09,original,False
258,109.23317799,-0.44618549,12.75,0.435,TM,Healthy,,D009A,0.435,Normal,Moderate,Routine,D09,original,False
259,109.23304907,-0.44626368,12.75,0.414,TM,Healthy,,D009A,0.414,Abnormal,Sub-Optimal,Monitor,D09,original,False
260,109.23204529,-0.44420435,12.74,0.41,TM,Healthy,,D009A,0.41,Abnormal,Sub-Optimal,Monitor,D09,original,False
261,109.23191075,-0.44900117,12.72,0.425,TM,Healthy,,D009A,0.425,Abnormal,Sub-Optimal,Monitor,D09,original,False
262,109.23200016,-0.44886373,12.71,0.476,TM,Healthy,,D009A,0.476,Healthy,Good,None,D09,original,False
263,109.23184215,-0.44287634,12.71,0.402,TM,Healthy,,D009A,0.402,Abnormal,Sub-Optimal,Monitor,D09,original,False
264,109.23170425,-0.44859102,12.7,0.45,TM,Healthy,,D009A,0.45,Normal,Moderate,Routine,D09,original,False
265,109.23240359,-0.44087798,12.7,0.467,TM,Healthy,,D009A,0.467,Healthy,Good,None,D09,original,False
266,109.23260941,-0.44608679,12.68,0.494,TM,Healthy,,D009A,0.494,Healthy,Good,None,D09,original,False
267,109.23208391,-0.44423692,12.68,0.558,TM,Healthy,,D009A,0.558,Healthy,Good,None,D09,original,False
268,109.23192408,-0.44209596,12.68,0.484,TM,Healthy,,D009A,0.484,Healthy,Good,None,D09,original,False
269,109.23207521,-0.44306178,12.68,0.39,TM,Healthy,,D009A,0.39,Abnormal,Sub-Optimal,Monitor,D09,original,False
270,109.23210792,-0.44901523,12.67,0.469,TM,Healthy,,D009A,0.469,Healthy,Good,None,D09,original,False
271,109.23166731,-0.44905175,12.67,0.485,TM,Healthy,,D009A,0.485,Healthy,Good,None,D09,original,False
272,109.23178814,-0.44900792,12.67,0.425,TM,Healthy,,D009A,0.425,Abnormal,Sub-Optimal,Monitor,D09,original,False
273,109.23172805,-0.44294369,12.66,0.446,TM,Healthy,,D009A,0.446,Normal,Moderate,Routine,D09,original,False
274,109.23177975,-0.4483939,12.64,0.478,TM,Healthy,,D009A,0.478,Healthy,Good,None,D09,original,False
275,109.23171656,-0.44216463,12.63,0.535,TM,Healthy,,D009A,0.535,Healthy,Good,None,D09,original,False
276,109.23187078,-0.44899528,12.63,0.414,TM,Healthy,,D009A,0.414,Abnormal,Sub-Optimal,Monitor,D09,original,False
277,109.2316041,-0.44855527,12.63,0.493,TM,Healthy,,D009A,0.493,Healthy,Good,None,D09,original,False
278,109.23184358,-0.44253452,12.62,0.441,TM,Healthy,,D009A,0.441,Normal,Moderate,Routine,D09,original,False
279,109.23160738,-0.44800094,12.62,0.503,TM,Healthy,,D009A,0.503,Healthy,Good,None,D09,original,False
280,109.23245295,-0.44485916,12.61,0.454,TM,Healthy,,D009A,0.454,Normal,Moderate,Routine,D09,original,False
281,109.23193681,-0.44896862,12.61,0.493,TM,Healthy,,D009A,0.493,Healthy,Good,None,D09,original,False
282,109.23248931,-0.44116466,12.61,0.535,TM,Healthy,,D009A,0.535,Healthy,Good,None,D09,original,False
283,109.23181418,-0.44337777,12.6,0.459,TM,Healthy,,D009A,0.459,Normal,Moderate,Routine,D09,original,False
284,109.2316489,-0.44713509,12.58,0.433,TM,Healthy,,D009A,0.433,Normal,Moderate,Routine,D09,original,False
285,109.23168586,-0.44846396,12.56,0.469,TM,Healthy,,D009A,0.469,Healthy,Good,None,D09,original,False
286,109.23244572,-0.44506399,12.54,0.509,TM,Healthy,,D009A,0.509,Healthy,Good,None,D09,original,False
287,109.23216198,-0.44075494,12.54,0.454,TM,Healthy,,D009A,0.454,Normal,Moderate,Routine,D09,original,False
288,109.23184249,-0.44141229,12.53,0.465,TM,Healthy,,D009A,0.465,Healthy,Good,None,D09,original,False
289,109.232939,-0.44640246,12.53,0.395,TM,Healthy,,D009A,0.395,Abnormal,Sub-Optimal,Monitor,D09,original,False
290,109.2319461,-0.44767909,12.53,0.471,TM,Healthy,,D009A,0.471,Healthy,Good,None,D09,original,False
291,109.23328025,-0.44488333,12.53,0.468,TM,Healthy,,D009A,0.468,Healthy,Good,None,D09,original,False
292,109.23140634,-0.44726072,12.52,0.442,TM,Healthy,,D009A,0.442,Normal,Moderate,Routine,D09,original,False
293,109.23175274,-0.44863398,12.5,0.431,TM,Healthy,,D009A,0.431,Normal,Moderate,Routine,D09,original,False
294,109.23346446,-0.44651201,12.49,0.458,TM,Healthy,,D009A,0.458,Normal,Moderate,Routine,D09,original,False
295,109.23213498,-0.44099683,12.49,0.421,TM,Healthy,,D009A,0.421,Abnormal,Sub-Optimal,Monitor,D09,original,False
296,109.23238256,-0.44242478,12.49,0.503,TM,Healthy,,D009A,0.503,Healthy,Good,None,D09,original,False
297,109.23148798,-0.44581975,12.48,0.457,TM,Healthy,,D009A,0.457,Normal,Moderate,Routine,D09,original,False
298,109.23170341,-0.44834731,12.46,0.525,TM,Healthy,,D009A,0.525,Healthy,Good,None,D09,original,False
299,109.23141106,-0.44061369,12.44,0.394,TM,Healthy,,D009A,0.394,Abnormal,Sub-Optimal,Monitor,D09,original,False
300,109.23196126,-0.44437479,12.44,0.5,TM,Healthy,,D009A,0.5,Healthy,Good,None,D09,original,False
301,109.23204655,-0.4445923,12.43,0.502,TM,Healthy,,D009A,0.502,Healthy,Good,None,D09,original,False
302,109.23145587,-0.44862577,12.42,0.378,TM,Suspect,Circle_5m,D009A,0.378,Suspect,Critical,Priority Survey,D09,original,False
303,109.23353218,-0.44506199,12.4,0.381,TM,Healthy,,D009A,0.381,Suspect,Critical,Priority Survey,D09,original,False
304,109.23177465,-0.44906805,12.4,0.431,TM,Healthy,,D009A,0.431,Normal,Moderate,Routine,D09,original,False
305,109.23232236,-0.44251248,12.38,0.438,TM,Healthy,,D009A,0.438,Normal,Moderate,Routine,D09,original,False
306,109.23139289,-0.44149899,12.38,0.437,TM,Healthy,,D009A,0.437,Normal,Moderate,Routine,D09,original,False
307,109.23161099,-0.44034968,12.38,0.485,TM,Healthy,,D009A,0.485,Healthy,Good,None,D09,original,False
308,109.23234285,-0.44887422,12.38,0.455,TM,Healthy,,D009A,0.455,Normal,Moderate,Routine,D09,original,False
309,109.23258381,-0.44605196,12.37,0.396,TM,Healthy,,D009A,0.396,Abnormal,Sub-Optimal,Monitor,D09,original,False
310,109.23349055,-0.44635738,12.36,0.376,TM,Suspect,Circle_5m,D009A,0.376,Suspect,Critical,Priority Survey,D09,original,False
311,109.23324253,-0.4448485,12.35,0.457,TM,Healthy,,D009A,0.457,Normal,Moderate,Routine,D09,original,False
312,109.23200423,-0.44502092,12.34,0.457,TM,Healthy,,D009A,0.457,Normal,Moderate,Routine,D09,original,False
313,109.23191887,-0.44887411,12.33,0.385,TM,Healthy,,D009A,0.385,Suspect,Critical,Priority Survey,D09,original,False
314,109.23232102,-0.44059808,12.33,0.432,TM,Healthy,,D009A,0.432,Normal,Moderate,Routine,D09,original,False
315,109.23292965,-0.44606245,12.33,0.434,TM,Healthy,,D009A,0.434,Normal,Moderate,Routine,D09,original,False
316,109.23234802,-0.4403797,12.31,0.458,TM,Healthy,,D009A,0.458,Normal,Moderate,Routine,D09,original,False
317,109.23288781,-0.44632785,12.3,0.446,TM,Healthy,,D009A,0.446,Normal,Moderate,Routine,D09,original,False
318,109.23315588,-0.44474132,12.28,0.526,TM,Healthy,,D009A,0.526,Healthy,Good,None,D09,original,False
319,109.23192866,-0.44169535,12.28,0.608,TM,Healthy,,D009A,0.608,Healthy,Good,None,D09,original,False
320,109.23167536,-0.4416659,12.26,0.514,TM,Healthy,,D009A,0.514,Healthy,Good,None,D09,original,False
321,109.23190093,-0.44874344,12.24,0.349,TM,Suspect,Circle_5m,D009A,0.349,Suspect,Critical,Priority Survey,D09,original,False
322,109.23207809,-0.44226555,12.24,0.577,TM,Healthy,,D009A,0.577,Healthy,Good,None,D09,original,False
323,109.23186475,-0.44416,12.23,0.451,TM,Healthy,,D009A,0.451,Normal,Moderate,Routine,D09,original,False
324,109.23242549,-0.44887152,12.23,0.407,TM,Healthy,,D009A,0.407,Abnormal,Sub-Optimal,Monitor,D09,original,False
325,109.23235779,-0.44085039,12.22,0.461,TM,Healthy,,D009A,0.461,Healthy,Good,None,D09,original,False
326,109.23172315,-0.44088234,12.22,0.379,TM,Suspect,Circle_5m,D009A,0.379,Suspect,Critical,Priority Survey,D09,original,False
327,109.23161175,-0.44282384,12.21,0.52,TM,Healthy,,D009A,0.52,Healthy,Good,None,D09,original,False
328,109.23181927,-0.4446456,12.21,0.486,TM,Healthy,,D009A,0.486,Healthy,Good,None,D09,original,False
329,109.23141581,-0.4471183,12.21,0.539,TM,Healthy,,D009A,0.539,Healthy,Good,None,D09,original,False
330,109.23227426,-0.44078029,12.21,0.432,TM,Healthy,,D009A,0.432,Normal,Moderate,Routine,D09,original,False
331,109.23240904,-0.44064422,12.2,0.519,TM,Healthy,,D009A,0.519,Healthy,Good,None,D09,original,False
332,109.23263323,-0.44598506,12.19,0.444,TM,Healthy,,D009A,0.444,Normal,Moderate,Routine,D09,original,False
333,109.23208431,-0.44255402,12.18,0.401,TM,Healthy,,D009A,0.401,Abnormal,Sub-Optimal,Monitor,D09,original,False
334,109.23190543,-0.44307621,12.18,0.418,TM,Healthy,,D009A,0.418,Abnormal,Sub-Optimal,Monitor,D09,original,False
335,109.23167047,-0.44898257,12.17,0.464,TM,Healthy,,D009A,0.464,Healthy,Good,None,D09,original,False
336,109.23168094,-0.44273252,12.17,0.455,TM,Healthy,,D009A,0.455,Normal,Moderate,Routine,D09,original,False
337,109.23182234,-0.44306805,12.17,0.341,TM,Suspect,Circle_5m,D009A,0.341,Suspect,Critical,Priority Survey,D09,original,False
338,109.23165296,-0.44708671,12.17,0.485,TM,Healthy,,D009A,0.485,Healthy,Good,None,D09,original,False
339,109.2317486,-0.44150676,12.16,0.445,TM,Healthy,,D009A,0.445,Normal,Moderate,Routine,D09,original,False
340,109.23189321,-0.44157326,12.16,0.419,TM,Healthy,,D009A,0.419,Abnormal,Sub-Optimal,Monitor,D09,original,False
341,109.23165424,-0.44734986,12.15,0.423,TM,Healthy,,D009A,0.423,Abnormal,Sub-Optimal,Monitor,D09,original,False
342,109.23148855,-0.44904899,12.14,0.424,TM,Healthy,,D009A,0.424,Abnormal,Sub-Optimal,Monitor,D09,original,False
343,109.2316284,-0.44079551,12.13,0.448,TM,Healthy,,D009A,0.448,Normal,Moderate,Routine,D09,original,False
344,109.23180761,-0.44269593,12.13,0.418,TM,Healthy,,D009A,0.418,Abnormal,Sub-Optimal,Monitor,D09,original,False
345,109.23240353,-0.44868659,12.12,0.444,TM,Healthy,,D009A,0.444,Normal,Moderate,Routine,D09,original,False
346,109.2317318,-0.44795349,12.11,0.445,TM,Healthy,,D009A,0.445,Normal,Moderate,Routine,D09,original,False
347,109.23183381,-0.44768992,12.1,0.435,TM,Healthy,,D009A,0.435,Normal,Moderate,Routine,D09,original,False
348,109.2321705,-0.44272857,12.1,0.412,TM,Healthy,,D009A,0.412,Abnormal,Sub-Optimal,Monitor,D09,original,False
349,109.23217269,-0.44107778,12.07,0.425,TM,Healthy,,D009A,0.425,Abnormal,Sub-Optimal,Monitor,D09,original,False
350,109.23234737,-0.44119719,12.07,0.438,TM,Healthy,,D009A,0.438,Normal,Moderate,Routine,D09,original,False
351,109.23170701,-0.44267872,12.06,0.434,TM,Healthy,,D009A,0.434,Normal,Moderate,Routine,D09,original,False
352,109.23323589,-0.4463415,12.06,0.471,TM,Healthy,,D009A,0.471,Healthy,Good,None,D09,original,False
353,109.23233614,-0.44309982,12.05,0.558,TM,Healthy,,D009A,0.558,Healthy,Good,None,D09,original,False
354,109.2321664,-0.44299172,12.05,0.388,TM,Healthy,,D009A,0.388,Suspect,Critical,Priority Survey,D09,original,False
355,109.2323999,-0.44320429,12.03,0.503,TM,Healthy,,D009A,0.503,Healthy,Good,None,D09,original,False
356,109.23175084,-0.44156193,12.03,0.477,TM,Healthy,,D009A,0.477,Healthy,Good,None,D09,original,False
357,109.23169697,-0.44709983,12.03,0.438,TM,Healthy,,D009A,0.438,Normal,Moderate,Routine,D09,original,False
358,109.23201771,-0.44872312,12.01,0.443,TM,Healthy,,D009A,0.443,Normal,Moderate,Routine,D09,original,False
359,109.23140815,-0.44718974,12.0,0.392,TM,Healthy,,D009A,0.392,Abnormal,Sub-Optimal,Monitor,D09,original,False
360,109.23246769,-0.44518833,12.0,0.479,TM,Healthy,,D009A,0.479,Healthy,Good,None,D09,original,False
361,109.23195578,-0.44854089,11.99,0.421,TM,Healthy,,D009A,0.421,Abnormal,Sub-Optimal,Monitor,D09,original,False
362,109.23218978,-0.44478269,11.99,0.442,TM,Healthy,,D009A,0.442,Normal,Moderate,Routine,D09,original,False
363,109.23344601,-0.44098313,11.99,0.43,TM,Healthy,,D009A,0.43,Normal,Moderate,Routine,D09,original,False
364,109.23166014,-0.44145384,11.98,0.439,TM,Healthy,,D009A,0.439,Normal,Moderate,Routine,D09,original,False
365,109.23350983,-0.44079641,11.97,0.517,TM,Healthy,,D009A,0.517,Healthy,Good,None,D09,original,False
366,109.23151952,-0.44161703,11.96,0.452,TM,Healthy,,D009A,0.452,Normal,Moderate,Routine,D09,original,False
367,109.23239628,-0.44896421,11.96,0.5,TM,Healthy,,D009A,0.5,Healthy,Good,None,D09,original,False
368,109.23167903,-0.44884602,11.94,0.425,TM,Healthy,,D009A,0.425,Abnormal,Sub-Optimal,Monitor,D09,original,False
369,109.23187446,-0.44864803,11.94,0.398,TM,Healthy,,D009A,0.398,Abnormal,Sub-Optimal,Monitor,D09,original,False
370,109.23188891,-0.44455021,11.94,0.445,TM,Healthy,,D009A,0.445,Normal,Moderate,Routine,D09,original,False
371,109.23321216,-0.44603222,11.93,0.507,TM,Healthy,,D009A,0.507,Healthy,Good,None,D09,original,False
372,109.23209239,-0.4444639,11.92,0.496,TM,Healthy,,D009A,0.496,Healthy,Good,None,D09,original,False
373,109.23218304,-0.44099413,11.92,0.461,TM,Healthy,,D009A,0.461,Healthy,Good,None,D09,original,False
374,109.23210443,-0.44105108,11.92,0.491,TM,Healthy,,D009A,0.491,Healthy,Good,None,D09,original,False
375,109.23238434,-0.44253601,11.91,0.46,TM,Healthy,,D009A,0.46,Healthy,Good,None,D09,original,False
376,109.2324773,-0.44064017,11.91,0.543,TM,Healthy,,D009A,0.543,Healthy,Good,None,D09,original,False
377,109.23272975,-0.44618945,11.9,0.467,TM,Healthy,,D009A,0.467,Healthy,Good,None,D09,original,False
378,109.23140705,-0.44806329,11.89,0.474,TM,Healthy,,D009A,0.474,Healthy,Good,None,D09,original,False
379,109.23309485,-0.44637809,11.89,0.412,TM,Healthy,,D009A,0.412,Abnormal,Sub-Optimal,Monitor,D09,original,False
380,109.23216369,-0.4411257,11.88,0.403,TM,Healthy,,D009A,0.403,Abnormal,Sub-Optimal,Monitor,D09,original,False
381,109.2315893,-0.44090582,11.87,0.417,TM,Healthy,,D009A,0.417,Abnormal,Sub-Optimal,Monitor,D09,original,False
382,109.23290536,-0.44621255,11.87,0.5,TM,Healthy,,D009A,0.5,Healthy,Good,None,D09,original,False
383,109.23237668,-0.44262417,11.86,0.497,TM,Healthy,,D009A,0.497,Healthy,Good,None,D09,original,False
384,109.23221761,-0.44103167,11.86,0.419,TM,Healthy,,D009A,0.419,Abnormal,Sub-Optimal,Monitor,D09,original,False
385,109.23159995,-0.44714276,11.85,0.413,TM,Healthy,,D009A,0.413,Abnormal,Sub-Optimal,Monitor,D09,original,False
386,109.231672,-0.44822929,11.83,0.467,TM,Healthy,,D009A,0.467,Healthy,Good,None,D09,original,False
387,109.23182671,-0.44170211,11.82,0.5,TM,Healthy,,D009A,0.5,Healthy,Good,None,D09,original,False
388,109.23243899,-0.44312698,11.82,0.465,TM,Healthy,,D009A,0.465,Healthy,Good,None,D09,original,False
389,109.23137538,-0.44713728,11.82,0.138,TM,Suspect,Circle_5m,D009A,0.138,Suspect,Critical,Priority Survey,D09,original,False
390,109.23173212,-0.44470707,11.8,0.432,TM,Healthy,,D009A,0.432,Normal,Moderate,Routine,D09,original,False
391,109.23235057,-0.44474429,11.79,0.48,TM,Healthy,,D009A,0.48,Healthy,Good,None,D09,original,False
392,109.23205955,-0.44843104,11.77,0.498,TM,Healthy,,D009A,0.498,Healthy,Good,None,D09,original,False
393,109.232871,-0.447139,11.77,0.39,TM,Healthy,,D009A,0.39,Abnormal,Sub-Optimal,Monitor,D09,original,False
394,109.23183203,-0.44763611,11.76,0.446,TM,Healthy,,D009A,0.446,Normal,Moderate,Routine,D09,original,False
395,109.23194364,-0.44857842,11.75,0.423,TM,Healthy,,D009A,0.423,Abnormal,Sub-Optimal,Monitor,D09,original,False
396,109.23141043,-0.447055,11.73,0.365,TM,Suspect,Circle_5m,D009A,0.365,Suspect,Critical,Priority Survey,D09,original,False
397,109.23305975,-0.44667152,11.71,0.426,TM,Healthy,,D009A,0.426,Abnormal,Sub-Optimal,Monitor,D09,original,False
398,109.23237251,-0.44317037,11.71,0.343,TM,Suspect,Circle_5m,D009A,0.343,Suspect,Critical,Priority Survey,D09,original,False
399,109.23236913,-0.44034806,11.7,0.516,TM,Healthy,,D009A,0.516,Healthy,Good,None,D09,original,False
400,109.2318431,-0.44831795,11.68,0.516,TM,Healthy,,D009A,0.516,Healthy,Good,None,D09,original,False
401,109.2317518,-0.44880625,11.68,0.447,TM,Healthy,,D009A,0.447,Normal,Moderate,Routine,D09,original,False
402,109.23177472,-0.44874612,11.68,0.38,TM,Healthy,,D009A,0.38,Suspect,Critical,Priority Survey,D09,original,False
403,109.23336195,-0.44881478,11.68,0.388,TM,Healthy,,D009A,0.388,Suspect,Critical,Priority Survey,D09,original,False
404,109.23348385,-0.44620365,11.67,0.411,TM,Healthy,,D009A,0.411,Abnormal,Sub-Optimal,Monitor,D09,original,False
405,109.23202283,-0.44042846,11.65,0.383,TM,Healthy,,D009A,0.383,Suspect,Critical,Priority Survey,D09,original,False
406,109.23209691,-0.44433097,11.65,0.552,TM,Healthy,,D009A,0.552,Healthy,Good,None,D09,original,False
407,109.23272078,-0.44614966,11.64,0.426,TM,Healthy,,D009A,0.426,Abnormal,Sub-Optimal,Monitor,D09,original,False
408,109.23236266,-0.44300895,11.63,0.389,TM,Healthy,,D009A,0.389,Suspect,Critical,Priority Survey,D09,original,False
409,109.2320561,-0.44220541,11.62,0.493,TM,Healthy,,D009A,0.493,Healthy,Good,None,D09,original,False
410,109.23138106,-0.44401791,11.62,0.522,TM,Healthy,,D009A,0.522,Healthy,Good,None,D09,original,False
411,109.23165441,-0.44850962,11.62,0.499,TM,Healthy,,D009A,0.499,Healthy,Good,None,D09,original,False
412,109.23167896,-0.44727662,11.61,0.533,TM,Healthy,,D009A,0.533,Healthy,Good,None,D09,original,False
413,109.2320402,-0.44295054,11.6,0.463,TM,Healthy,,D009A,0.463,Healthy,Good,None,D09,original,False
414,109.23199728,-0.44212762,11.6,0.528,TM,Healthy,,D009A,0.528,Healthy,Good,None,D09,original,False
415,109.23322329,-0.44075293,11.6,0.519,TM,Healthy,,D009A,0.519,Healthy,Good,None,D09,original,False
416,109.23190157,-0.44230213,11.6,0.454,TM,Healthy,,D009A,0.454,Normal,Moderate,Routine,D09,original,False
417,109.23226124,-0.44267298,11.6,0.468,TM,Healthy,,D009A,0.468,Healthy,Good,None,D09,original,False
418,109.23234067,-0.44860202,11.59,0.424,TM,Healthy,,D009A,0.424,Abnormal,Sub-Optimal,Monitor,D09,original,False
419,109.23206395,-0.44695433,11.59,0.492,TM,Healthy,,D009A,0.492,Healthy,Good,None,D09,original,False
420,109.23245829,-0.44317988,11.58,0.477,TM,Healthy,,D009A,0.477,Healthy,Good,None,D09,original,False
421,109.23304821,-0.44611357,11.58,0.494,TM,Healthy,,D009A,0.494,Healthy,Good,None,D09,original,False
422,109.23342677,-0.44634697,11.56,0.422,TM,Healthy,,D009A,0.422,Abnormal,Sub-Optimal,Monitor,D09,original,False
423,109.23199365,-0.44228633,11.56,0.478,TM,Healthy,,D009A,0.478,Healthy,Good,None,D09,original,False
424,109.2315063,-0.44433761,11.55,0.484,TM,Healthy,,D009A,0.484,Healthy,Good,None,D09,original,False
425,109.23161091,-0.44826093,11.54,0.4,TM,Healthy,,D009A,0.4,Abnormal,Sub-Optimal,Monitor,D09,original,False
426,109.23178248,-0.44824198,11.53,0.419,TM,Healthy,,D009A,0.419,Abnormal,Sub-Optimal,Monitor,D09,original,False
427,109.23159501,-0.44899114,11.53,0.484,TM,Healthy,,D009A,0.484,Healthy,Good,None,D09,original,False
428,109.23223285,-0.44308171,11.52,0.429,TM,Healthy,,D009A,0.429,Abnormal,Sub-Optimal,Monitor,D09,original,False
429,109.23301362,-0.44610135,11.52,0.462,TM,Healthy,,D009A,0.462,Healthy,Good,None,D09,original,False
430,109.2315248,-0.44585593,11.52,0.343,TM,Suspect,Circle_5m,D009A,0.343,Suspect,Critical,Priority Survey,D09,original,False
431,109.23162557,-0.44704058,11.52,0.498,TM,Healthy,,D009A,0.498,Healthy,Good,None,D09,original,False
432,109.23187435,-0.44343611,11.51,0.509,TM,Healthy,,D009A,0.509,Healthy,Good,None,D09,original,False
433,109.23185509,-0.44322134,11.5,0.427,TM,Healthy,,D009A,0.427,Abnormal,Sub-Optimal,Monitor,D09,original,False
434,109.23200963,-0.44497933,11.5,0.366,TM,Suspect,Circle_5m,D009A,0.366,Suspect,Critical,Priority Survey,D09,original,False
435,109.23345264,-0.44710885,11.5,0.416,TM,Healthy,,D009A,0.416,Abnormal,Sub-Optimal,Monitor,D09,original,False
436,109.23338729,-0.44617559,11.5,0.454,TM,Healthy,,D009A,0.454,Normal,Moderate,Routine,D09,original,False
437,109.23155466,-0.44495164,11.5,0.471,TM,Healthy,,D009A,0.471,Healthy,Good,None,D09,original,False
438,109.23243174,-0.44904289,11.5,0.445,TM,Healthy,,D009A,0.445,Normal,Moderate,Routine,D09,original,False
439,109.23178067,-0.4445321,11.49,0.421,TM,Healthy,,D009A,0.421,Abnormal,Sub-Optimal,Monitor,D09,original,False
440,109.23209502,-0.44284295,11.47,0.524,TM,Healthy,,D009A,0.524,Healthy,Good,None,D09,original,False
441,109.23200084,-0.44036741,11.46,0.567,TM,Healthy,,D009A,0.567,Healthy,Good,None,D09,original,False
442,109.2321996,-0.44500469,11.45,0.416,TM,Healthy,,D009A,0.416,Abnormal,Sub-Optimal,Monitor,D09,original,False
443,109.23244613,-0.44898185,11.45,0.515,TM,Healthy,,D009A,0.515,Healthy,Good,None,D09,original,False
444,109.23271121,-0.4410458,11.45,0.513,TM,Healthy,,D009A,0.513,Healthy,Good,None,D09,original,False
445,109.23141067,-0.44038897,11.44,0.453,TM,Healthy,,D009A,0.453,Normal,Moderate,Routine,D09,original,False
446,109.23236325,-0.44054745,11.44,0.525,TM,Healthy,,D009A,0.525,Healthy,Good,None,D09,original,False
447,109.2317397,-0.44872848,11.44,0.378,TM,Suspect,Circle_5m,D009A,0.378,Suspect,Critical,Priority Survey,D09,original,False
448,109.23196242,-0.44893607,11.44,0.406,TM,Healthy,,D009A,0.406,Abnormal,Sub-Optimal,Monitor,D09,original,False
449,109.23180764,-0.44821485,11.43,0.383,TM,Healthy,,D009A,0.383,Suspect,Critical,Priority Survey,D09,original,False
450,109.23248602,-0.44366007,11.41,0.471,TM,Healthy,,D009A,0.471,Healthy,Good,None,D09,original,False
451,109.23230527,-0.44259341,11.4,0.469,TM,Healthy,,D009A,0.469,Healthy,Good,None,D09,original,False
452,109.23179625,-0.44888087,11.4,0.417,TM,Healthy,,D009A,0.417,Abnormal,Sub-Optimal,Monitor,D09,original,False
453,109.23142601,-0.44762697,11.4,0.424,TM,Healthy,,D009A,0.424,Abnormal,Sub-Optimal,Monitor,D09,original,False
454,109.23201499,-0.44697421,11.39,0.464,TM,Healthy,,D009A,0.464,Healthy,Good,None,D09,original,False
455,109.23319752,-0.4471332,11.39,0.464,TM,Healthy,,D009A,0.464,Healthy,Good,None,D09,original,False
456,109.231479,-0.44390309,11.38,0.469,TM,Healthy,,D009A,0.469,Healthy,Good,None,D09,original,False
457,109.23245938,-0.4423832,11.38,0.525,TM,Healthy,,D009A,0.525,Healthy,Good,None,D09,original,False
458,109.23245033,-0.44267348,11.37,0.467,TM,Healthy,,D009A,0.467,Healthy,Good,None,D09,original,False
459,109.23277425,-0.44604704,11.37,0.45,TM,Healthy,,D009A,0.45,Normal,Moderate,Routine,D09,original,False
460,109.23144903,-0.44717392,11.37,0.443,TM,Healthy,,D009A,0.443,Normal,Moderate,Routine,D09,original,False
461,109.23161136,-0.44446243,11.36,0.446,TM,Healthy,,D009A,0.446,Normal,Moderate,Routine,D09,original,False
462,109.23199699,-0.44899305,11.36,0.452,TM,Healthy,,D009A,0.452,Normal,Moderate,Routine,D09,original,False
463,109.23188469,-0.44339723,11.36,0.415,TM,Healthy,,D009A,0.415,Abnormal,Sub-Optimal,Monitor,D09,original,False
464,109.23206217,-0.44119712,11.36,0.574,TM,Healthy,,D009A,0.574,Healthy,Good,None,D09,original,False
465,109.23189647,-0.44488073,11.35,0.438,TM,Healthy,,D009A,0.438,Normal,Moderate,Routine,D09,original,False
466,109.23323725,-0.44250773,11.35,0.472,TM,Healthy,,D009A,0.472,Healthy,Good,None,D09,original,False
467,109.23182,-0.44155968,11.35,0.422,TM,Healthy,,D009A,0.422,Abnormal,Sub-Optimal,Monitor,D09,original,False
468,109.23149521,-0.4475239,11.35,0.451,TM,Healthy,,D009A,0.451,Normal,Moderate,Routine,D09,original,False
469,109.2326677,-0.44080073,11.35,0.399,TM,Healthy,,D009A,0.399,Abnormal,Sub-Optimal,Monitor,D09,original,False
470,109.2329853,-0.44053901,11.34,0.417,TM,Healthy,,D009A,0.417,Abnormal,Sub-Optimal,Monitor,D09,original,False
471,109.23283603,-0.44688488,11.34,0.464,TM,Healthy,,D009A,0.464,Healthy,Good,None,D09,original,False
472,109.23141539,-0.44697135,11.34,0.405,TM,Healthy,,D009A,0.405,Abnormal,Sub-Optimal,Monitor,D09,original,False
473,109.23239697,-0.44038966,11.32,0.5,TM,Healthy,,D009A,0.5,Healthy,Good,None,D09,original,False
474,109.23309472,-0.44127694,11.31,0.478,TM,Healthy,,D009A,0.478,Healthy,Good,None,D09,original,False
475,109.23188068,-0.44325752,11.31,0.413,TM,Healthy,,D009A,0.413,Abnormal,Sub-Optimal,Monitor,D09,original,False
476,109.23237926,-0.44308627,11.31,0.446,TM,Healthy,,D009A,0.446,Normal,Moderate,Routine,D09,original,False
477,109.23242494,-0.44366594,11.3,0.487,TM,Healthy,,D009A,0.487,Healthy,Good,None,D09,original,False
478,109.23168227,-0.4409081,11.3,0.436,TM,Healthy,,D009A,0.436,Normal,Moderate,Routine,D09,original,False
479,109.23352862,-0.4411206,11.3,0.437,TM,Healthy,,D009A,0.437,Normal,Moderate,Routine,D09,original,False
480,109.23353217,-0.44695785,11.29,0.43,TM,Healthy,,D009A,0.43,Normal,Moderate,Routine,D09,original,False
481,109.23243666,-0.44537325,11.28,0.542,TM,Healthy,,D009A,0.542,Healthy,Good,None,D09,original,False
482,109.23225191,-0.44035436,11.28,0.485,TM,Healthy,,D009A,0.485,Healthy,Good,None,D09,original,False
483,109.23265582,-0.44545017,11.27,0.491,TM,Healthy,,D009A,0.491,Healthy,Good,None,D09,original,False
484,109.23340912,-0.44501719,11.26,0.565,TM,Healthy,,D009A,0.565,Healthy,Good,None,D09,original,False
485,109.23225391,-0.44326122,11.26,0.514,TM,Healthy,,D009A,0.514,Healthy,Good,None,D09,original,False
486,109.23225658,-0.445276,11.25,0.444,TM,Healthy,,D009A,0.444,Normal,Moderate,Routine,D09,original,False
487,109.23151112,-0.44295946,11.24,0.462,TM,Healthy,,D009A,0.462,Healthy,Good,None,D09,original,False
488,109.23351706,-0.44816689,11.22,0.502,TM,Healthy,,D009A,0.502,Healthy,Good,None,D09,original,False
489,109.23161684,-0.44785354,11.21,0.509,TM,Healthy,,D009A,0.509,Healthy,Good,None,D09,original,False
490,109.23344171,-0.44587538,11.21,0.452,TM,Healthy,,D009A,0.452,Normal,Moderate,Routine,D09,original,False
491,109.23203228,-0.44414557,11.19,0.554,TM,Healthy,,D009A,0.554,Healthy,Good,None,D09,original,False
492,109.23184282,-0.44757733,11.19,0.454,TM,Healthy,,D009A,0.454,Normal,Moderate,Routine,D09,original,False
493,109.23159953,-0.44701073,11.19,0.349,TM,Suspect,Circle_5m,D009A,0.349,Suspect,Critical,Priority Survey,D09,original,False
494,109.23164876,-0.44208775,11.18,0.465,TM,Healthy,,D009A,0.465,Healthy,Good,None,D09,original,False
495,109.23265369,-0.44118143,11.17,0.516,TM,Healthy,,D009A,0.516,Healthy,Good,None,D09,original,False
496,109.23350222,-0.44067478,11.17,0.451,TM,Healthy,,D009A,0.451,Normal,Moderate,Routine,D09,original,False
497,109.23349947,-0.44090447,11.17,0.485,TM,Healthy,,D009A,0.485,Healthy,Good,None,D09,original,False
498,109.23230208,-0.44280818,11.17,0.453,TM,Healthy,,D009A,0.453,Normal,Moderate,Routine,D09,original,False
499,109.2314152,-0.44778793,11.17,0.497,TM,Healthy,,D009A,0.497,Healthy,Good,None,D09,original,False
500,109.23225397,-0.44303017,11.17,0.395,TM,Healthy,,D009A,0.395,Abnormal,Sub-Optimal,Monitor,D09,original,False
501,109.23234867,-0.44894385,11.16,0.472,TM,Healthy,,D009A,0.472,Healthy,Good,None,D09,original,False
502,109.23212316,-0.44348907,11.15,0.445,TM,Healthy,,D009A,0.445,Normal,Moderate,Routine,D09,original,False
503,109.23235314,-0.44902343,11.15,0.469,TM,Healthy,,D009A,0.469,Healthy,Good,None,D09,original,False
504,109.23142077,-0.44701024,11.15,0.438,TM,Healthy,,D009A,0.438,Normal,Moderate,Routine,D09,original,False
505,109.2335231,-0.44356085,11.14,0.468,TM,Healthy,,D009A,0.468,Healthy,Good,None,D09,original,False
506,109.2317793,-0.44275922,11.14,0.375,TM,Suspect,Circle_5m,D009A,0.375,Suspect,Critical,Priority Survey,D09,original,False
507,109.23273367,-0.44294257,11.13,0.425,TM,Healthy,,D009A,0.425,Abnormal,Sub-Optimal,Monitor,D09,original,False
508,109.2335262,-0.44375437,11.13,0.458,TM,Healthy,,D009A,0.458,Normal,Moderate,Routine,D09,original,False
509,109.23246521,-0.44619843,11.12,0.429,TM,Healthy,,D009A,0.429,Abnormal,Sub-Optimal,Monitor,D09,original,False
510,109.23337332,-0.44636866,11.12,0.484,TM,Healthy,,D009A,0.484,Healthy,Good,None,D09,original,False
511,109.23160815,-0.44097455,11.11,0.502,TM,Healthy,,D009A,0.502,Healthy,Good,None,D09,original,False
512,109.23353977,-0.44334608,11.11,0.435,TM,Healthy,,D009A,0.435,Normal,Moderate,Routine,D09,original,False
513,109.23214616,-0.44310475,11.11,0.449,TM,Healthy,,D009A,0.449,Normal,Moderate,Routine,D09,original,False
514,109.23160322,-0.44849016,11.1,0.442,TM,Healthy,,D009A,0.442,Normal,Moderate,Routine,D09,original,False
515,109.23307831,-0.44605796,11.1,0.394,TM,Healthy,,D009A,0.394,Abnormal,Sub-Optimal,Monitor,D09,original,False
516,109.23224584,-0.44512226,11.1,0.413,TM,Healthy,,D009A,0.413,Abnormal,Sub-Optimal,Monitor,D09,original,False
517,109.23204758,-0.44213758,11.1,0.471,TM,Healthy,,D009A,0.471,Healthy,Good,None,D09,original,False
518,109.23327287,-0.44757271,11.1,0.517,TM,Healthy,,D009A,0.517,Healthy,Good,None,D09,original,False
519,109.23203191,-0.44756382,11.09,0.501,TM,Healthy,,D009A,0.501,Healthy,Good,None,D09,original,False
520,109.23178513,-0.44469442,11.09,0.498,TM,Healthy,,D009A,0.498,Healthy,Good,None,D09,original,False
521,109.23346457,-0.44791955,11.09,0.436,TM,Healthy,,D009A,0.436,Normal,Moderate,Routine,D09,original,False
522,109.23184515,-0.4434872,11.08,0.399,TM,Healthy,,D009A,0.399,Abnormal,Sub-Optimal,Monitor,D09,original,False
523,109.23235236,-0.44855952,11.08,0.448,TM,Healthy,,D009A,0.448,Normal,Moderate,Routine,D09,original,False
524,109.23198448,-0.44870322,11.08,0.434,TM,Healthy,,D009A,0.434,Normal,Moderate,Routine,D09,original,False
525,109.23162249,-0.4486448,11.07,0.488,TM,Healthy,,D009A,0.488,Healthy,Good,None,D09,original,False
526,109.23220694,-0.44245865,11.06,0.542,TM,Healthy,,D009A,0.542,Healthy,Good,None,D09,original,False
527,109.23233029,-0.44503412,11.06,0.481,TM,Healthy,,D009A,0.481,Healthy,Good,None,D09,original,False
528,109.23341957,-0.44828216,11.05,0.443,TM,Healthy,,D009A,0.443,Normal,Moderate,Routine,D09,original,False
529,109.23335852,-0.44813791,11.04,0.412,TM,Healthy,,D009A,0.412,Abnormal,Sub-Optimal,Monitor,D09,original,False
530,109.23152639,-0.44105999,11.03,0.466,TM,Healthy,,D009A,0.466,Healthy,Good,None,D09,original,False
531,109.23352555,-0.44459582,11.02,0.532,TM,Healthy,,D009A,0.532,Healthy,Good,None,D09,original,False
532,109.23187273,-0.44459587,11.01,0.475,TM,Healthy,,D009A,0.475,Healthy,Good,None,D09,original,False
533,109.23140913,-0.44684837,11.0,0.488,TM,Healthy,,D009A,0.488,Healthy,Good,None,D09,original,False
534,109.23275323,-0.4437682,11.0,0.496,TM,Healthy,,D009A,0.496,Healthy,Good,None,D09,original,False
535,109.23352898,-0.44527902,11.0,0.456,TM,Healthy,,D009A,0.456,Normal,Moderate,Routine,D09,original,False
536,109.23204825,-0.44496351,11.0,0.48,TM,Healthy,,D009A,0.48,Healthy,Good,None,D09,original,False
537,109.23228784,-0.4403512,10.99,0.533,TM,Healthy,,D009A,0.533,Healthy,Good,None,D09,original,False
538,109.23347076,-0.44835407,10.99,0.473,TM,Healthy,,D009A,0.473,Healthy,Good,None,D09,original,False
539,109.23144351,-0.44395553,10.98,0.489,TM,Healthy,,D009A,0.489,Healthy,Good,None,D09,original,False
540,109.232033,-0.4411112,10.97,0.468,TM,Healthy,,D009A,0.468,Healthy,Good,None,D09,original,False
541,109.23153375,-0.44784674,10.97,0.543,TM,Healthy,,D009A,0.543,Healthy,Good,None,D09,original,False
542,109.23247178,-0.44875307,10.96,0.415,TM,Healthy,,D009A,0.415,Abnormal,Sub-Optimal,Monitor,D09,original,False
543,109.23146942,-0.44640934,10.96,0.405,TM,Healthy,,D009A,0.405,Abnormal,Sub-Optimal,Monitor,D09,original,False
544,109.23137302,-0.4438375,10.95,0.399,TM,Healthy,,D009A,0.399,Abnormal,Sub-Optimal,Monitor,D09,original,False
545,109.23299381,-0.44632607,10.93,0.495,TM,Healthy,,D009A,0.495,Healthy,Good,None,D09,original,False
546,109.23326326,-0.44834678,10.93,0.493,TM,Healthy,,D009A,0.493,Healthy,Good,None,D09,original,False
547,109.23209498,-0.44111076,10.93,0.512,TM,Healthy,,D009A,0.512,Healthy,Good,None,D09,original,False
548,109.23176308,-0.44673451,10.92,0.487,TM,Healthy,,D009A,0.487,Healthy,Good,None,D09,original,False
549,109.23191189,-0.44044832,10.91,0.535,TM,Healthy,,D009A,0.535,Healthy,Good,None,D09,original,False
550,109.23166433,-0.44460034,10.9,0.427,TM,Healthy,,D009A,0.427,Abnormal,Sub-Optimal,Monitor,D09,original,False
551,109.23351885,-0.44820758,10.89,0.407,TM,Healthy,,D009A,0.407,Abnormal,Sub-Optimal,Monitor,D09,original,False
552,109.23272323,-0.44526481,10.89,0.432,TM,Healthy,,D009A,0.432,Normal,Moderate,Routine,D09,original,False
553,109.23193546,-0.44711436,10.88,0.519,TM,Healthy,,D009A,0.519,Healthy,Good,None,D09,original,False
554,109.23212513,-0.44084627,10.88,0.46,TM,Healthy,,D009A,0.46,Healthy,Good,None,D09,original,False
555,109.2326286,-0.44847052,10.87,0.391,TM,Healthy,,D009A,0.391,Abnormal,Sub-Optimal,Monitor,D09,original,False
556,109.23159953,-0.44889122,10.86,0.437,TM,Healthy,,D009A,0.437,Normal,Moderate,Routine,D09,original,False
557,109.23341187,-0.44100709,10.86,0.468,TM,Healthy,,D009A,0.468,Healthy,Good,None,D09,original,False
558,109.23146888,-0.44490911,10.85,0.476,TM,Healthy,,D009A,0.476,Healthy,Good,None,D09,original,False
559,109.23222736,-0.44349136,10.84,0.545,TM,Healthy,,D009A,0.545,Healthy,Good,None,D09,original,False
560,109.23347372,-0.44721691,10.84,0.569,TM,Healthy,,D009A,0.569,Healthy,Good,None,D09,original,False
561,109.23266224,-0.44299636,10.84,0.449,TM,Healthy,,D009A,0.449,Normal,Moderate,Routine,D09,original,False
562,109.23210708,-0.44875841,10.84,0.467,TM,Healthy,,D009A,0.467,Healthy,Good,None,D09,original,False
563,109.23240127,-0.44120036,10.84,0.479,TM,Healthy,,D009A,0.479,Healthy,Good,None,D09,original,False
564,109.2335174,-0.44676749,10.83,0.48,TM,Healthy,,D009A,0.48,Healthy,Good,None,D09,original,False
565,109.2317616,-0.44163653,10.82,0.474,TM,Healthy,,D009A,0.474,Healthy,Good,None,D09,original,False
566,109.23271528,-0.44092282,10.82,0.479,TM,Healthy,,D009A,0.479,Healthy,Good,None,D09,original,False
567,109.23333774,-0.44489962,10.82,0.475,TM,Healthy,,D009A,0.475,Healthy,Good,None,D09,original,False
568,109.23199265,-0.44834738,10.82,0.502,TM,Healthy,,D009A,0.502,Healthy,Good,None,D09,original,False
569,109.23185532,-0.44226369,10.81,0.516,TM,Healthy,,D009A,0.516,Healthy,Good,None,D09,original,False
570,109.2319732,-0.44326025,10.81,0.421,TM,Healthy,,D009A,0.421,Abnormal,Sub-Optimal,Monitor,D09,original,False
571,109.23166441,-0.4442748,10.8,0.485,TM,Healthy,,D009A,0.485,Healthy,Good,None,D09,original,False
572,109.23168893,-0.44878996,10.79,0.397,TM,Healthy,,D009A,0.397,Abnormal,Sub-Optimal,Monitor,D09,original,False
573,109.23338624,-0.44491365,10.78,0.516,TM,Healthy,,D009A,0.516,Healthy,Good,None,D09,original,False
574,109.23154816,-0.44768985,10.77,0.408,TM,Healthy,,D009A,0.408,Abnormal,Sub-Optimal,Monitor,D09,original,False
575,109.23341329,-0.44638902,10.77,0.548,TM,Healthy,,D009A,0.548,Healthy,Good,None,D09,original,False
576,109.23284601,-0.4483399,10.76,0.435,TM,Healthy,,D009A,0.435,Normal,Moderate,Routine,D09,original,False
577,109.23309897,-0.44039209,10.76,0.462,TM,Healthy,,D009A,0.462,Healthy,Good,None,D09,original,False
578,109.23188898,-0.44235051,10.75,0.52,TM,Healthy,,D009A,0.52,Healthy,Good,None,D09,original,False
579,109.23172311,-0.44483502,10.74,0.415,TM,Healthy,,D009A,0.415,Abnormal,Sub-Optimal,Monitor,D09,original,False
580,109.23214059,-0.44572993,10.74,0.506,TM,Healthy,,D009A,0.506,Healthy,Good,None,D09,original,False
581,109.23253621,-0.44601578,10.74,0.404,TM,Healthy,,D009A,0.404,Abnormal,Sub-Optimal,Monitor,D09,original,False
582,109.23260126,-0.44067863,10.74,0.515,TM,Healthy,,D009A,0.515,Healthy,Good,None,D09,original,False
583,109.23219922,-0.44093219,10.72,0.436,TM,Healthy,,D009A,0.436,Normal,Moderate,Routine,D09,original,False
584,109.23282517,-0.44342956,10.72,0.471,TM,Healthy,,D009A,0.471,Healthy,Good,None,D09,original,False
585,109.23202714,-0.44117902,10.71,0.481,TM,Healthy,,D009A,0.481,Healthy,Good,None,D09,original,False
586,109.2323681,-0.44280955,10.71,0.401,TM,Healthy,,D009A,0.401,Abnormal,Sub-Optimal,Monitor,D09,original,False
587,109.23337898,-0.44335283,10.71,0.452,TM,Healthy,,D009A,0.452,Normal,Moderate,Routine,D09,original,False
588,109.23346859,-0.44235496,10.7,0.459,TM,Healthy,,D009A,0.459,Normal,Moderate,Routine,D09,original,False
589,109.23249292,-0.4430022,10.7,0.496,TM,Healthy,,D009A,0.496,Healthy,Good,None,D09,original,False
590,109.2316156,-0.44741812,10.7,0.464,TM,Healthy,,D009A,0.464,Healthy,Good,None,D09,original,False
591,109.23301764,-0.44052184,10.69,0.426,TM,Healthy,,D009A,0.426,Abnormal,Sub-Optimal,Monitor,D09,original,False
592,109.23246047,-0.44533483,10.69,0.486,TM,Healthy,,D009A,0.486,Healthy,Good,None,D09,original,False
593,109.23251338,-0.4457151,10.67,0.563,TM,Healthy,,D009A,0.563,Healthy,Good,None,D09,original,False
594,109.2318714,-0.44828947,10.67,0.479,TM,Healthy,,D009A,0.479,Healthy,Good,None,D09,original,False
595,109.23189187,-0.44721563,10.67,0.394,TM,Healthy,,D009A,0.394,Abnormal,Sub-Optimal,Monitor,D09,original,False
596,109.23337597,-0.44088997,10.67,0.457,TM,Healthy,,D009A,0.457,Normal,Moderate,Routine,D09,original,False
597,109.23236276,-0.44826247,10.66,0.373,TM,Suspect,Circle_5m,D009A,0.373,Suspect,Critical,Priority Survey,D09,original,False
598,109.23150863,-0.44397679,10.66,0.45,TM,Healthy,,D009A,0.45,Normal,Moderate,Routine,D09,original,False
599,109.23223154,-0.4485604,10.65,0.426,TM,Healthy,,D009A,0.426,Abnormal,Sub-Optimal,Monitor,D09,original,False
600,109.23289228,-0.4483173,10.65,0.395,TM,Healthy,,D009A,0.395,Abnormal,Sub-Optimal,Monitor,D09,original,False
601,109.23338328,-0.44601282,10.64,0.451,TM,Healthy,,D009A,0.451,Normal,Moderate,Routine,D09,original,False
602,109.23175471,-0.44227632,10.64,0.571,TM,Healthy,,D009A,0.571,Healthy,Good,None,D09,original,False
603,109.23222866,-0.44746123,10.63,0.425,TM,Healthy,,D009A,0.425,Abnormal,Sub-Optimal,Monitor,D09,original,False
604,109.23337328,-0.44655087,10.63,0.317,TM,Suspect,Circle_5m,D009A,0.317,Suspect,Critical,Priority Survey,D09,original,False
605,109.23269635,-0.4411923,10.63,0.527,TM,Healthy,,D009A,0.527,Healthy,Good,None,D09,original,False
606,109.2317241,-0.4482284,10.62,0.386,TM,Healthy,,D009A,0.386,Suspect,Critical,Priority Survey,D09,original,False
607,109.23355199,-0.44482597,10.62,0.404,TM,Healthy,,D009A,0.404,Abnormal,Sub-Optimal,Monitor,D09,original,False
608,109.23351208,-0.44455964,10.61,0.485,TM,Healthy,,D009A,0.485,Healthy,Good,None,D09,original,False
609,109.23214064,-0.44364733,10.61,0.432,TM,Healthy,,D009A,0.432,Normal,Moderate,Routine,D09,original,False
610,109.232514,-0.44311524,10.61,0.463,TM,Healthy,,D009A,0.463,Healthy,Good,None,D09,original,False
611,109.23146709,-0.44111333,10.6,0.51,TM,Healthy,,D009A,0.51,Healthy,Good,None,D09,original,False
612,109.23260427,-0.44314917,10.59,0.501,TM,Healthy,,D009A,0.501,Healthy,Good,None,D09,original,False
613,109.2316127,-0.442605,10.58,0.492,TM,Healthy,,D009A,0.492,Healthy,Good,None,D09,original,False
614,109.23196877,-0.4449237,10.57,0.54,TM,Healthy,,D009A,0.54,Healthy,Good,None,D09,original,False
615,109.23245397,-0.4424673,10.56,0.503,TM,Healthy,,D009A,0.503,Healthy,Good,None,D09,original,False
616,109.23342459,-0.4479643,10.56,0.411,TM,Healthy,,D009A,0.411,Abnormal,Sub-Optimal,Monitor,D09,original,False
617,109.23218027,-0.44318298,10.55,0.406,TM,Healthy,,D009A,0.406,Abnormal,Sub-Optimal,Monitor,D09,original,False
618,109.23338303,-0.44708577,10.54,0.352,TM,Suspect,Circle_5m,D009A,0.352,Suspect,Critical,Priority Survey,D09,original,False
619,109.23337632,-0.44695374,10.53,0.537,TM,Healthy,,D009A,0.537,Healthy,Good,None,D09,original,False
620,109.23171886,-0.44758002,10.53,0.474,TM,Healthy,,D009A,0.474,Healthy,Good,None,D09,original,False
621,109.23280301,-0.4459634,10.52,0.32,TM,Suspect,Circle_5m,D009A,0.32,Suspect,Critical,Priority Survey,D09,original,False
622,109.23279035,-0.44253339,10.52,0.449,TM,Healthy,,D009A,0.449,Normal,Moderate,Routine,D09,original,False
623,109.23283123,-0.44630297,10.51,0.429,TM,Healthy,,D009A,0.429,Abnormal,Sub-Optimal,Monitor,D09,original,False
624,109.23298807,-0.44214459,10.51,0.477,TM,Healthy,,D009A,0.477,Healthy,Good,None,D09,original,False
625,109.23246747,-0.44611614,10.51,0.371,TM,Suspect,Circle_5m,D009A,0.371,Suspect,Critical,Priority Survey,D09,original,False
626,109.23254189,-0.44100778,10.5,0.445,TM,Healthy,,D009A,0.445,Normal,Moderate,Routine,D09,original,False
627,109.23335568,-0.44690129,10.5,0.49,TM,Healthy,,D009A,0.49,Healthy,Good,None,D09,original,False
628,109.23177003,-0.44394882,10.49,0.402,TM,Healthy,,D009A,0.402,Abnormal,Sub-Optimal,Monitor,D09,original,False
629,109.23164418,-0.44434442,10.49,0.483,TM,Healthy,,D009A,0.483,Healthy,Good,None,D09,original,False
630,109.23154449,-0.44613852,10.49,0.387,TM,Healthy,,D009A,0.387,Suspect,Critical,Priority Survey,D09,original,False
631,109.23181384,-0.44481379,10.49,0.456,TM,Healthy,,D009A,0.456,Normal,Moderate,Routine,D09,original,False
632,109.23329509,-0.44859276,10.48,0.479,TM,Healthy,,D009A,0.479,Healthy,Good,None,D09,original,False
633,109.23153171,-0.44322804,10.48,0.456,TM,Healthy,,D009A,0.456,Normal,Moderate,Routine,D09,original,False
634,109.23330865,-0.44632298,10.48,0.398,TM,Healthy,,D009A,0.398,Abnormal,Sub-Optimal,Monitor,D09,original,False
635,109.23313664,-0.44252895,10.47,0.399,TM,Healthy,,D009A,0.399,Abnormal,Sub-Optimal,Monitor,D09,original,False
636,109.23341458,-0.44473505,10.47,0.425,TM,Healthy,,D009A,0.425,Abnormal,Sub-Optimal,Monitor,D09,original,False
637,109.23351759,-0.44784134,10.45,0.5,TM,Healthy,,D009A,0.5,Healthy,Good,None,D09,original,False
638,109.23145974,-0.44369509,10.43,0.498,TM,Healthy,,D009A,0.498,Healthy,Good,None,D09,original,False
639,109.23338729,-0.4442829,10.42,0.435,TM,Healthy,,D009A,0.435,Normal,Moderate,Routine,D09,original,False
640,109.23342465,-0.44202307,10.42,0.361,TM,Suspect,Circle_5m,D009A,0.361,Suspect,Critical,Priority Survey,D09,original,False
641,109.23351108,-0.44501179,10.42,0.455,TM,Healthy,,D009A,0.455,Normal,Moderate,Routine,D09,original,False
642,109.23203322,-0.44208423,10.42,0.428,TM,Healthy,,D009A,0.428,Abnormal,Sub-Optimal,Monitor,D09,original,False
643,109.23149526,-0.44353595,10.42,0.426,TM,Healthy,,D009A,0.426,Abnormal,Sub-Optimal,Monitor,D09,original,False
644,109.23141696,-0.44794483,10.41,0.511,TM,Healthy,,D009A,0.511,Healthy,Good,None,D09,original,False
645,109.23189968,-0.4483347,10.4,0.48,TM,Healthy,,D009A,0.48,Healthy,Good,None,D09,original,False
646,109.23338686,-0.44795525,10.4,0.489,TM,Healthy,,D009A,0.489,Healthy,Good,None,D09,original,False
647,109.2333089,-0.44718749,10.4,0.462,TM,Healthy,,D009A,0.462,Healthy,Good,None,D09,original,False
648,109.23318519,-0.44611044,10.4,0.469,TM,Healthy,,D009A,0.469,Healthy,Good,None,D09,original,False
649,109.23266927,-0.44174572,10.39,0.543,TM,Healthy,,D009A,0.543,Healthy,Good,None,D09,original,False
650,109.23288558,-0.44628941,10.39,0.411,TM,Healthy,,D009A,0.411,Abnormal,Sub-Optimal,Monitor,D09,original,False
651,109.23331476,-0.44710293,10.39,0.461,TM,Healthy,,D009A,0.461,Healthy,Good,None,D09,original,False
652,109.23314651,-0.44635594,10.39,0.506,TM,Healthy,,D009A,0.506,Healthy,Good,None,D09,original,False
653,109.23234385,-0.44845055,10.38,0.432,TM,Healthy,,D009A,0.432,Normal,Moderate,Routine,D09,original,False
654,109.23242497,-0.44542796,10.38,0.46,TM,Healthy,,D009A,0.46,Healthy,Good,None,D09,original,False
655,109.23172312,-0.44666939,10.37,0.448,TM,Healthy,,D009A,0.448,Normal,Moderate,Routine,D09,original,False
656,109.23199119,-0.44317163,10.37,0.455,TM,Healthy,,D009A,0.455,Normal,Moderate,Routine,D09,original,False
657,109.23210523,-0.44524205,10.37,0.539,TM,Healthy,,D009A,0.539,Healthy,Good,None,D09,original,False
658,109.23141844,-0.44736065,10.37,0.5,TM,Healthy,,D009A,0.5,Healthy,Good,None,D09,original,False
659,109.23271317,-0.44036622,10.37,0.595,TM,Healthy,,D009A,0.595,Healthy,Good,None,D09,original,False
660,109.23142638,-0.44799728,10.36,0.547,TM,Healthy,,D009A,0.547,Healthy,Good,None,D09,original,False
661,109.23273702,-0.4458214,10.36,0.483,TM,Healthy,,D009A,0.483,Healthy,Good,None,D09,original,False
662,109.23264563,-0.44675733,10.36,0.474,TM,Healthy,,D009A,0.474,Healthy,Good,None,D09,original,False
663,109.23346094,-0.44241102,10.36,0.421,TM,Healthy,,D009A,0.421,Abnormal,Sub-Optimal,Monitor,D09,original,False
664,109.23321153,-0.44680766,10.35,0.492,TM,Healthy,,D009A,0.492,Healthy,Good,None,D09,original,False
665,109.23139933,-0.4465192,10.35,0.39,TM,Healthy,,D009A,0.39,Abnormal,Sub-Optimal,Monitor,D09,original,False
666,109.23188926,-0.44495986,10.35,0.441,TM,Healthy,,D009A,0.441,Normal,Moderate,Routine,D09,original,False
667,109.23290081,-0.44643908,10.35,0.498,TM,Healthy,,D009A,0.498,Healthy,Good,None,D09,original,False
668,109.23174595,-0.44321182,10.34,0.533,TM,Healthy,,D009A,0.533,Healthy,Good,None,D09,original,False
669,109.23343713,-0.44622127,10.34,0.46,TM,Healthy,,D009A,0.46,Healthy,Good,None,D09,original,False
670,109.2316598,-0.44663411,10.34,0.48,TM,Healthy,,D009A,0.48,Healthy,Good,None,D09,original,False
671,109.23295027,-0.44051865,10.34,0.532,TM,Healthy,,D009A,0.532,Healthy,Good,None,D09,original,False
672,109.23186515,-0.44248524,10.33,0.417,TM,Healthy,,D009A,0.417,Abnormal,Sub-Optimal,Monitor,D09,original,False
673,109.23198261,-0.44336244,10.33,0.429,TM,Healthy,,D009A,0.429,Abnormal,Sub-Optimal,Monitor,D09,original,False
674,109.2334497,-0.44438058,10.33,0.428,TM,Healthy,,D009A,0.428,Abnormal,Sub-Optimal,Monitor,D09,original,False
675,109.23203759,-0.4482434,10.33,0.482,TM,Healthy,,D009A,0.482,Healthy,Good,None,D09,original,False
676,109.23247408,-0.44855322,10.33,0.431,TM,Healthy,,D009A,0.431,Normal,Moderate,Routine,D09,original,False
677,109.23265059,-0.44665334,10.32,0.466,TM,Healthy,,D009A,0.466,Healthy,Good,None,D09,original,False
678,109.23356552,-0.44834912,10.32,0.454,TM,Healthy,,D009A,0.454,Normal,Moderate,Routine,D09,original,False
679,109.23254951,-0.44299769,10.32,0.399,TM,Healthy,,D009A,0.399,Abnormal,Sub-Optimal,Monitor,D09,original,False
680,109.23353885,-0.44153884,10.32,0.367,TM,Suspect,Circle_5m,D009A,0.367,Suspect,Critical,Priority Survey,D09,original,False
681,109.23203503,-0.44203811,10.31,0.417,TM,Healthy,,D009A,0.417,Abnormal,Sub-Optimal,Monitor,D09,original,False
682,109.232306,-0.44519236,10.31,0.429,TM,Healthy,,D009A,0.429,Abnormal,Sub-Optimal,Monitor,D09,original,False
683,109.2319483,-0.44222302,10.3,0.526,TM,Healthy,,D009A,0.526,Healthy,Good,None,D09,original,False
684,109.2317952,-0.44576737,10.3,0.461,TM,Healthy,,D009A,0.461,Healthy,Good,None,D09,original,False
685,109.2315539,-0.44435028,10.29,0.466,TM,Healthy,,D009A,0.466,Healthy,Good,None,D09,original,False
686,109.2323896,-0.44497173,10.29,0.506,TM,Healthy,,D009A,0.506,Healthy,Good,None,D09,original,False
687,109.23301353,-0.44081166,10.29,0.5,TM,Healthy,,D009A,0.5,Healthy,Good,None,D09,original,False
688,109.23251904,-0.44644577,10.29,0.46,TM,Healthy,,D009A,0.46,Healthy,Good,None,D09,original,False
689,109.23291737,-0.44668144,10.29,0.405,TM,Healthy,,D009A,0.405,Abnormal,Sub-Optimal,Monitor,D09,original,False
690,109.23338745,-0.44736068,10.29,0.538,TM,Healthy,,D009A,0.538,Healthy,Good,None,D09,original,False
691,109.23257677,-0.4454488,10.28,0.441,TM,Healthy,,D009A,0.441,Normal,Moderate,Routine,D09,original,False
692,109.2319175,-0.44708225,10.28,0.377,TM,Suspect,Circle_5m,D009A,0.377,Suspect,Critical,Priority Survey,D09,original,False
693,109.23280008,-0.44317454,10.28,0.446,TM,Healthy,,D009A,0.446,Normal,Moderate,Routine,D09,original,False
694,109.23348867,-0.44102519,10.28,0.408,TM,Healthy,,D009A,0.408,Abnormal,Sub-Optimal,Monitor,D09,original,False
695,109.23186371,-0.44849339,10.27,0.401,TM,Healthy,,D009A,0.401,Abnormal,Sub-Optimal,Monitor,D09,original,False
696,109.2334896,-0.4446781,10.27,0.433,TM,Healthy,,D009A,0.433,Normal,Moderate,Routine,D09,original,False
697,109.23170083,-0.44787391,10.27,0.454,TM,Healthy,,D009A,0.454,Normal,Moderate,Routine,D09,original,False
698,109.23150542,-0.44800996,10.26,0.549,TM,Healthy,,D009A,0.549,Healthy,Good,None,D09,original,False
699,109.2334774,-0.44874473,10.26,0.39,TM,Healthy,,D009A,0.39,Abnormal,Sub-Optimal,Monitor,D09,original,False
700,109.23354867,-0.44559688,10.26,0.381,TM,Healthy,,D009A,0.381,Suspect,Critical,Priority Survey,D09,original,False
701,109.23323898,-0.44658294,10.26,0.46,TM,Healthy,,D009A,0.46,Healthy,Good,None,D09,original,False
702,109.23215924,-0.4428502,10.25,0.457,TM,Healthy,,D009A,0.457,Normal,Moderate,Routine,D09,original,False
703,109.23159593,-0.44137244,10.25,0.441,TM,Healthy,,D009A,0.441,Normal,Moderate,Routine,D09,original,False
704,109.23352955,-0.44667299,10.25,0.466,TM,Healthy,,D009A,0.466,Healthy,Good,None,D09,original,False
705,109.23341006,-0.44485668,10.25,0.528,TM,Healthy,,D009A,0.528,Healthy,Good,None,D09,original,False
706,109.23143027,-0.44674799,10.24,0.419,TM,Healthy,,D009A,0.419,Abnormal,Sub-Optimal,Monitor,D09,original,False
707,109.23273099,-0.44095854,10.24,0.524,TM,Healthy,,D009A,0.524,Healthy,Good,None,D09,original,False
708,109.23249446,-0.44594388,10.23,0.422,TM,Healthy,,D009A,0.422,Abnormal,Sub-Optimal,Monitor,D09,original,False
709,109.23180678,-0.44240746,10.23,0.47,TM,Healthy,,D009A,0.47,Healthy,Good,None,D09,original,False
710,109.23352363,-0.44701482,10.22,0.435,TM,Healthy,,D009A,0.435,Normal,Moderate,Routine,D09,original,False
711,109.23157753,-0.44884555,10.22,0.371,TM,Suspect,Circle_5m,D009A,0.371,Suspect,Critical,Priority Survey,D09,original,False
712,109.23143885,-0.44655628,10.22,0.498,TM,Healthy,,D009A,0.498,Healthy,Good,None,D09,original,False
713,109.23232886,-0.44542025,10.22,0.427,TM,Healthy,,D009A,0.427,Abnormal,Sub-Optimal,Monitor,D09,original,False
714,109.23266861,-0.44832358,10.21,0.458,TM,Healthy,,D009A,0.458,Normal,Moderate,Routine,D09,original,False
715,109.23192034,-0.44268465,10.2,0.452,TM,Healthy,,D009A,0.452,Normal,Moderate,Routine,D09,original,False
716,109.23349503,-0.44260545,10.2,0.53,TM,Healthy,,D009A,0.53,Healthy,Good,None,D09,original,False
717,109.23226398,-0.44812544,10.2,0.392,TM,Healthy,,D009A,0.392,Abnormal,Sub-Optimal,Monitor,D09,original,False
718,109.23156854,-0.44321946,10.2,0.442,TM,Healthy,,D009A,0.442,Normal,Moderate,Routine,D09,original,False
719,109.23305744,-0.44128462,10.19,0.482,TM,Healthy,,D009A,0.482,Healthy,Good,None,D09,original,False
720,109.23268996,-0.44351543,10.19,0.46,TM,Healthy,,D009A,0.46,Healthy,Good,None,D09,original,False
721,109.23137395,-0.44372356,10.19,0.451,TM,Healthy,,D009A,0.451,Normal,Moderate,Routine,D09,original,False
722,109.23337158,-0.4461245,10.17,0.48,TM,Healthy,,D009A,0.48,Healthy,Good,None,D09,original,False
723,109.23335614,-0.44494891,10.17,0.44,TM,Healthy,,D009A,0.44,Normal,Moderate,Routine,D09,original,False
724,109.23228799,-0.44349228,10.17,0.501,TM,Healthy,,D009A,0.501,Healthy,Good,None,D09,original,False
725,109.23164645,-0.44799733,10.17,0.445,TM,Healthy,,D009A,0.445,Normal,Moderate,Routine,D09,original,False
726,109.23262585,-0.44114299,10.17,0.487,TM,Healthy,,D009A,0.487,Healthy,Good,None,D09,original,False
727,109.23145708,-0.4416559,10.16,0.623,TM,Healthy,,D009A,0.623,Healthy,Good,None,D09,original,False
728,109.23354488,-0.44262898,10.16,0.496,TM,Healthy,,D009A,0.496,Healthy,Good,None,D09,original,False
729,109.23193558,-0.44660976,10.16,0.504,TM,Healthy,,D009A,0.504,Healthy,Good,None,D09,original,False
730,109.23207959,-0.4435076,10.16,0.579,TM,Healthy,,D009A,0.579,Healthy,Good,None,D09,original,False
731,109.23203029,-0.4430776,10.16,0.434,TM,Healthy,,D009A,0.434,Normal,Moderate,Routine,D09,original,False
732,109.23344199,-0.44466407,10.14,0.432,TM,Healthy,,D009A,0.432,Normal,Moderate,Routine,D09,original,False
733,109.23152899,-0.44898118,10.14,0.522,TM,Healthy,,D009A,0.522,Healthy,Good,None,D09,original,False
734,109.23345732,-0.44063136,10.14,0.4,TM,Healthy,,D009A,0.4,Abnormal,Sub-Optimal,Monitor,D09,original,False
735,109.23354415,-0.44570947,10.13,0.428,TM,Healthy,,D009A,0.428,Abnormal,Sub-Optimal,Monitor,D09,original,False
736,109.23144815,-0.4489694,10.12,0.482,TM,Healthy,,D009A,0.482,Healthy,Good,None,D09,original,False
737,109.23154718,-0.44428472,10.12,0.488,TM,Healthy,,D009A,0.488,Healthy,Good,None,D09,original,False
738,109.23300548,-0.44257097,10.12,0.502,TM,Healthy,,D009A,0.502,Healthy,Good,None,D09,original,False
739,109.2315559,-0.44350793,10.12,0.521,TM,Healthy,,D009A,0.521,Healthy,Good,None,D09,original,False
740,109.23216535,-0.44550295,10.12,0.504,TM,Healthy,,D009A,0.504,Healthy,Good,None,D09,original,False
741,109.23210879,-0.44536277,10.11,0.512,TM,Healthy,,D009A,0.512,Healthy,Good,None,D09,original,False
742,109.23319944,-0.44662951,10.11,0.485,TM,Healthy,,D009A,0.485,Healthy,Good,None,D09,original,False
743,109.23334004,-0.44842864,10.11,0.493,TM,Healthy,,D009A,0.493,Healthy,Good,None,D09,original,False
744,109.23164092,-0.44295452,10.1,0.513,TM,Healthy,,D009A,0.513,Healthy,Good,None,D09,original,False
745,109.23163922,-0.44063771,10.1,0.493,TM,Healthy,,D009A,0.493,Healthy,Good,None,D09,original,False
746,109.23160523,-0.4438267,10.1,0.494,TM,Healthy,,D009A,0.494,Healthy,Good,None,D09,original,False
747,109.23133657,-0.44414405,10.09,0.44,TM,Healthy,,D009A,0.44,Normal,Moderate,Routine,D09,original,False
748,109.23141885,-0.44754965,10.09,0.473,TM,Healthy,,D009A,0.473,Healthy,Good,None,D09,original,False
749,109.23172968,-0.44743036,10.09,0.399,TM,Healthy,,D009A,0.399,Abnormal,Sub-Optimal,Monitor,D09,original,False
750,109.2328918,-0.44086589,10.09,0.394,TM,Healthy,,D009A,0.394,Abnormal,Sub-Optimal,Monitor,D09,original,False
751,109.23347329,-0.44527674,10.08,0.405,TM,Healthy,,D009A,0.405,Abnormal,Sub-Optimal,Monitor,D09,original,False
752,109.23338502,-0.44816369,10.08,0.356,TM,Suspect,Circle_5m,D009A,0.356,Suspect,Critical,Priority Survey,D09,original,False
753,109.23348604,-0.44451759,10.08,0.443,TM,Healthy,,D009A,0.443,Normal,Moderate,Routine,D09,original,False
754,109.2326838,-0.44678899,10.08,0.437,TM,Healthy,,D009A,0.437,Normal,Moderate,Routine,D09,original,False
755,109.23263846,-0.44669267,10.07,0.496,TM,Healthy,,D009A,0.496,Healthy,Good,None,D09,original,False
756,109.2335059,-0.44789243,10.06,0.449,TM,Healthy,,D009A,0.449,Normal,Moderate,Routine,D09,original,False
757,109.23336831,-0.44478297,10.06,0.556,TM,Healthy,,D009A,0.556,Healthy,Good,None,D09,original,False
758,109.23351923,-0.44662913,10.05,0.449,TM,Healthy,,D009A,0.449,Normal,Moderate,Routine,D09,original,False
759,109.2322867,-0.44515347,10.05,0.497,TM,Healthy,,D009A,0.497,Healthy,Good,None,D09,original,False
760,109.2332233,-0.44263071,10.04,0.385,TM,Healthy,,D009A,0.385,Suspect,Critical,Priority Survey,D09,original,False
761,109.23174096,-0.44719253,10.04,0.447,TM,Healthy,,D009A,0.447,Normal,Moderate,Routine,D09,original,False
762,109.23276828,-0.44848005,10.04,0.392,TM,Healthy,,D009A,0.392,Abnormal,Sub-Optimal,Monitor,D09,original,False
763,109.23159292,-0.44460847,10.04,0.339,TM,Suspect,Circle_5m,D009A,0.339,Suspect,Critical,Priority Survey,D09,original,False
764,109.23181916,-0.44321138,10.04,0.439,TM,Healthy,,D009A,0.439,Normal,Moderate,Routine,D09,original,False
765,109.23152137,-0.4489016,10.04,0.522,TM,Healthy,,D009A,0.522,Healthy,Good,None,D09,original,False
766,109.23344016,-0.44483182,10.04,0.447,TM,Healthy,,D009A,0.447,Normal,Moderate,Routine,D09,original,False
767,109.23206853,-0.44470127,10.03,0.556,TM,Healthy,,D009A,0.556,Healthy,Good,None,D09,original,False
768,109.23204074,-0.44820722,10.02,0.494,TM,Healthy,,D009A,0.494,Healthy,Good,None,D09,original,False
769,109.23341382,-0.44414816,10.02,0.525,TM,Healthy,,D009A,0.525,Healthy,Good,None,D09,original,False
770,109.23176948,-0.44439509,10.01,0.487,TM,Healthy,,D009A,0.487,Healthy,Good,None,D09,original,False
771,109.23187788,-0.44748736,10.01,0.416,TM,Healthy,,D009A,0.416,Abnormal,Sub-Optimal,Monitor,D09,original,False
772,109.23361857,-0.44247843,10.01,0.451,TM,Healthy,,D009A,0.451,Normal,Moderate,Routine,D09,original,False
773,109.23139459,-0.44570623,10.0,0.354,TM,Suspect,Circle_5m,D009A,0.354,Suspect,Critical,Priority Survey,D09,original,False
774,109.23346168,-0.44687147,10.0,0.431,TM,Healthy,,D009A,0.431,Normal,Moderate,Routine,D09,original,False
775,109.23242092,-0.4454682,10.0,0.485,TM,Healthy,,D009A,0.485,Healthy,Good,None,D09,original,False
776,109.2318066,-0.44316797,9.99,0.455,TM,Healthy,,D009A,0.455,Normal,Moderate,Routine,D09,original,False
777,109.23189877,-0.44839031,9.99,0.457,TM,Healthy,,D009A,0.457,Normal,Moderate,Routine,D09,original,False
778,109.23339172,-0.44265471,9.99,0.462,TM,Healthy,,D009A,0.462,Healthy,Good,None,D09,original,False
779,109.23345873,-0.44416762,9.99,0.387,TM,Healthy,,D009A,0.387,Suspect,Critical,Priority Survey,D09,original,False
780,109.23240766,-0.44264498,9.99,0.451,TM,Healthy,,D009A,0.451,Normal,Moderate,Routine,D09,original,False
781,109.23277408,-0.44675103,9.99,0.46,TM,Healthy,,D009A,0.46,Healthy,Good,None,D09,original,False
782,109.23259713,-0.4467216,9.99,0.462,TM,Healthy,,D009A,0.462,Healthy,Good,None,D09,original,False
783,109.2315132,-0.44365215,9.98,0.48,TM,Healthy,,D009A,0.48,Healthy,Good,None,D09,original,False
784,109.2329781,-0.44060593,9.98,0.412,TM,Healthy,,D009A,0.412,Abnormal,Sub-Optimal,Monitor,D09,original,False
785,109.23224191,-0.44084765,9.98,0.472,TM,Healthy,,D009A,0.472,Healthy,Good,None,D09,original,False
786,109.23304319,-0.44075786,9.97,0.421,TM,Healthy,,D009A,0.421,Abnormal,Sub-Optimal,Monitor,D09,original,False
787,109.23285544,-0.44269121,9.97,0.534,TM,Healthy,,D009A,0.534,Healthy,Good,None,D09,original,False
788,109.23343149,-0.44727885,9.96,0.534,TM,Healthy,,D009A,0.534,Healthy,Good,None,D09,original,False
789,109.23170403,-0.44763472,9.96,0.441,TM,Healthy,,D009A,0.441,Normal,Moderate,Routine,D09,original,False
790,109.23310473,-0.44072758,9.96,0.46,TM,Healthy,,D009A,0.46,Healthy,Good,None,D09,original,False
791,109.23172238,-0.44790828,9.96,0.531,TM,Healthy,,D009A,0.531,Healthy,Good,None,D09,original,False
792,109.23144034,-0.44405952,9.96,0.314,TM,Suspect,Circle_5m,D009A,0.314,Suspect,Critical,Priority Survey,D09,original,False
793,109.23347963,-0.44693478,9.96,0.468,TM,Healthy,,D009A,0.468,Healthy,Good,None,D09,original,False
794,109.23257177,-0.44569657,9.96,0.508,TM,Healthy,,D009A,0.508,Healthy,Good,None,D09,original,False
795,109.23152776,-0.44850326,9.95,0.441,TM,Healthy,,D009A,0.441,Normal,Moderate,Routine,D09,original,False
796,109.23179579,-0.44707499,9.94,0.421,TM,Healthy,,D009A,0.421,Abnormal,Sub-Optimal,Monitor,D09,original,False
797,109.23277118,-0.44571651,9.94,0.474,TM,Healthy,,D009A,0.474,Healthy,Good,None,D09,original,False
798,109.23163108,-0.44277637,9.94,0.474,TM,Healthy,,D009A,0.474,Healthy,Good,None,D09,original,False
799,109.23161805,-0.44466499,9.94,0.409,TM,Healthy,,D009A,0.409,Abnormal,Sub-Optimal,Monitor,D09,original,False
800,109.23322825,-0.44446598,9.94,0.407,TM,Healthy,,D009A,0.407,Abnormal,Sub-Optimal,Monitor,D09,original,False
801,109.23355,-0.44566425,9.94,0.357,TM,Suspect,Circle_5m,D009A,0.357,Suspect,Critical,Priority Survey,D09,original,False
802,109.23300594,-0.44252983,9.94,0.357,TM,Suspect,Circle_5m,D009A,0.357,Suspect,Critical,Priority Survey,D09,original,False
803,109.23333506,-0.4466951,9.93,0.474,TM,Healthy,,D009A,0.474,Healthy,Good,None,D09,original,False
804,109.23151224,-0.44767492,9.92,0.448,TM,Healthy,,D009A,0.448,Normal,Moderate,Routine,D09,original,False
805,109.2328062,-0.44577937,9.92,0.428,TM,Healthy,,D009A,0.428,Abnormal,Sub-Optimal,Monitor,D09,original,False
806,109.23159895,-0.44755874,9.92,0.402,TM,Healthy,,D009A,0.402,Abnormal,Sub-Optimal,Monitor,D09,original,False
807,109.23284606,-0.44814728,9.92,0.455,TM,Healthy,,D009A,0.455,Normal,Moderate,Routine,D09,original,False
808,109.23163761,-0.44738919,9.92,0.519,TM,Healthy,,D009A,0.519,Healthy,Good,None,D09,original,False
809,109.23328074,-0.44470925,9.91,0.504,TM,Healthy,,D009A,0.504,Healthy,Good,None,D09,original,False
810,109.23154068,-0.44140679,9.91,0.527,TM,Healthy,,D009A,0.527,Healthy,Good,None,D09,original,False
811,109.23327327,-0.44402696,9.9,0.446,TM,Healthy,,D009A,0.446,Normal,Moderate,Routine,D09,original,False
812,109.23250769,-0.44318216,9.9,0.427,TM,Healthy,,D009A,0.427,Abnormal,Sub-Optimal,Monitor,D09,original,False
813,109.23251648,-0.44591042,9.9,0.425,TM,Healthy,,D009A,0.425,Abnormal,Sub-Optimal,Monitor,D09,original,False
814,109.2331112,-0.44561079,9.9,0.427,TM,Healthy,,D009A,0.427,Abnormal,Sub-Optimal,Monitor,D09,original,False
815,109.23288066,-0.44240139,9.9,0.434,TM,Healthy,,D009A,0.434,Normal,Moderate,Routine,D09,original,False
816,109.23357538,-0.44657715,9.89,0.414,TM,Healthy,,D009A,0.414,Abnormal,Sub-Optimal,Monitor,D09,original,False
817,109.23275172,-0.44068907,9.88,0.467,TM,Healthy,,D009A,0.467,Healthy,Good,None,D09,original,False
818,109.23142671,-0.44847565,9.87,0.471,TM,Healthy,,D009A,0.471,Healthy,Good,None,D09,original,False
819,109.2316261,-0.44101796,9.87,0.49,TM,Healthy,,D009A,0.49,Healthy,Good,None,D09,original,False
820,109.23276397,-0.44584944,9.87,0.417,TM,Healthy,,D009A,0.417,Abnormal,Sub-Optimal,Monitor,D09,original,False
821,109.23175806,-0.44327738,9.86,0.576,TM,Healthy,,D009A,0.576,Healthy,Good,None,D09,original,False
822,109.23350182,-0.44047312,9.86,0.492,TM,Healthy,,D009A,0.492,Healthy,Good,None,D09,original,False
823,109.23317124,-0.44053453,9.86,0.525,TM,Healthy,,D009A,0.525,Healthy,Good,None,D09,original,False
824,109.2332148,-0.44625377,9.86,0.521,TM,Healthy,,D009A,0.521,Healthy,Good,None,D09,original,False
825,109.23210616,-0.44698463,9.85,0.454,TM,Healthy,,D009A,0.454,Normal,Moderate,Routine,D09,original,False
826,109.23285664,-0.447087,9.85,0.483,TM,Healthy,,D009A,0.483,Healthy,Good,None,D09,original,False
827,109.2316553,-0.44667163,9.84,0.446,TM,Healthy,,D009A,0.446,Normal,Moderate,Routine,D09,original,False
828,109.23168326,-0.44620457,9.83,0.439,TM,Healthy,,D009A,0.439,Normal,Moderate,Routine,D09,original,False
829,109.23236097,-0.44259116,9.83,0.505,TM,Healthy,,D009A,0.505,Healthy,Good,None,D09,original,False
830,109.23340207,-0.44257921,9.83,0.505,TM,Healthy,,D009A,0.505,Healthy,Good,None,D09,original,False
831,109.23284117,-0.44226121,9.83,0.441,TM,Healthy,,D009A,0.441,Normal,Moderate,Routine,D09,original,False
832,109.23247609,-0.44575985,9.83,0.523,TM,Healthy,,D009A,0.523,Healthy,Good,None,D09,original,False
833,109.23353369,-0.44055994,9.83,0.354,TM,Suspect,Circle_5m,D009A,0.354,Suspect,Critical,Priority Survey,D09,original,False
834,109.23274789,-0.44354891,9.82,0.538,TM,Healthy,,D009A,0.538,Healthy,Good,None,D09,original,False
835,109.2319396,-0.4447971,9.82,0.415,TM,Healthy,,D009A,0.415,Abnormal,Sub-Optimal,Monitor,D09,original,False
836,109.23310467,-0.44665119,9.81,0.512,TM,Healthy,,D009A,0.512,Healthy,Good,None,D09,original,False
837,109.23159113,-0.44645549,9.81,0.454,TM,Healthy,,D009A,0.454,Normal,Moderate,Routine,D09,original,False
838,109.23353015,-0.44415,9.81,0.368,TM,Suspect,Circle_5m,D009A,0.368,Suspect,Critical,Priority Survey,D09,original,False
839,109.23164493,-0.44872032,9.81,0.444,TM,Healthy,,D009A,0.444,Normal,Moderate,Routine,D09,original,False
840,109.23331758,-0.44469569,9.8,0.442,TM,Healthy,,D009A,0.442,Normal,Moderate,Routine,D09,original,False
841,109.23337826,-0.44449722,9.8,0.364,TM,Suspect,Circle_5m,D009A,0.364,Suspect,Critical,Priority Survey,D09,original,False
842,109.2320575,-0.44761175,9.79,0.475,TM,Healthy,,D009A,0.475,Healthy,Good,None,D09,original,False
843,109.23138924,-0.44553306,9.79,0.47,TM,Healthy,,D009A,0.47,Healthy,Good,None,D09,original,False
844,109.23320175,-0.44258865,9.79,0.519,TM,Healthy,,D009A,0.519,Healthy,Good,None,D09,original,False
845,109.23177842,-0.44645192,9.79,0.409,TM,Healthy,,D009A,0.409,Abnormal,Sub-Optimal,Monitor,D09,original,False
846,109.23241734,-0.44349276,9.79,0.517,TM,Healthy,,D009A,0.517,Healthy,Good,None,D09,original,False
847,109.23195852,-0.4483225,9.77,0.48,TM,Healthy,,D009A,0.48,Healthy,Good,None,D09,original,False
848,109.2334984,-0.44733629,9.76,0.406,TM,Healthy,,D009A,0.406,Abnormal,Sub-Optimal,Monitor,D09,original,False
849,109.23196838,-0.4484152,9.76,0.417,TM,Healthy,,D009A,0.417,Abnormal,Sub-Optimal,Monitor,D09,original,False
850,109.23174881,-0.44819178,9.76,0.473,TM,Healthy,,D009A,0.473,Healthy,Good,None,D09,original,False
851,109.23260489,-0.44618128,9.76,0.427,TM,Healthy,,D009A,0.427,Abnormal,Sub-Optimal,Monitor,D09,original,False
852,109.23346887,-0.44497742,9.76,0.509,TM,Healthy,,D009A,0.509,Healthy,Good,None,D09,original,False
853,109.23224108,-0.44056596,9.76,0.465,TM,Healthy,,D009A,0.465,Healthy,Good,None,D09,original,False
854,109.23247255,-0.44552383,9.75,0.456,TM,Healthy,,D009A,0.456,Normal,Moderate,Routine,D09,original,False
855,109.23181526,-0.44827816,9.75,0.459,TM,Healthy,,D009A,0.459,Normal,Moderate,Routine,D09,original,False
856,109.23206663,-0.44324626,9.74,0.481,TM,Healthy,,D009A,0.481,Healthy,Good,None,D09,original,False
857,109.23267476,-0.44700105,9.74,0.402,TM,Healthy,,D009A,0.402,Abnormal,Sub-Optimal,Monitor,D09,original,False
858,109.23166315,-0.4476528,9.74,0.545,TM,Healthy,,D009A,0.545,Healthy,Good,None,D09,original,False
859,109.23202759,-0.44687655,9.74,0.478,TM,Healthy,,D009A,0.478,Healthy,Good,None,D09,original,False
860,109.23204944,-0.44564445,9.74,0.568,TM,Healthy,,D009A,0.568,Healthy,Good,None,D09,original,False
861,109.23244795,-0.44512457,9.74,0.488,TM,Healthy,,D009A,0.488,Healthy,Good,None,D09,original,False
862,109.23349169,-0.4434478,9.74,0.49,TM,Healthy,,D009A,0.49,Healthy,Good,None,D09,original,False
863,109.2327359,-0.44109871,9.73,0.451,TM,Healthy,,D009A,0.451,Normal,Moderate,Routine,D09,original,False
864,109.23186818,-0.44482149,9.73,0.505,TM,Healthy,,D009A,0.505,Healthy,Good,None,D09,original,False
865,109.23196568,-0.4465858,9.72,0.49,TM,Healthy,,D009A,0.49,Healthy,Good,None,D09,original,False
866,109.23193941,-0.44749778,9.72,0.319,TM,Suspect,Circle_5m,D009A,0.319,Suspect,Critical,Priority Survey,D09,original,False
867,109.23217843,-0.44339459,9.72,0.484,TM,Healthy,,D009A,0.484,Healthy,Good,None,D09,original,False
868,109.23276422,-0.44100557,9.72,0.497,TM,Healthy,,D009A,0.497,Healthy,Good,None,D09,original,False
869,109.23309387,-0.44673257,9.72,0.561,TM,Healthy,,D009A,0.561,Healthy,Good,None,D09,original,False
870,109.23279548,-0.44552662,9.72,0.429,TM,Healthy,,D009A,0.429,Abnormal,Sub-Optimal,Monitor,D09,original,False
871,109.23297044,-0.4482486,9.71,0.432,TM,Healthy,,D009A,0.432,Normal,Moderate,Routine,D09,original,False
872,109.23151385,-0.44466994,9.71,0.458,TM,Healthy,,D009A,0.458,Normal,Moderate,Routine,D09,original,False
873,109.23207156,-0.44515659,9.71,0.57,TM,Healthy,,D009A,0.57,Healthy,Good,None,D09,original,False
874,109.23334367,-0.44828531,9.7,0.47,TM,Healthy,,D009A,0.47,Healthy,Good,None,D09,original,False
875,109.23271103,-0.44558899,9.7,0.358,TM,Suspect,Circle_5m,D009A,0.358,Suspect,Critical,Priority Survey,D09,original,False
876,109.2318236,-0.44721471,9.69,0.425,TM,Healthy,,D009A,0.425,Abnormal,Sub-Optimal,Monitor,D09,original,False
877,109.23198139,-0.44281715,9.69,0.42,TM,Healthy,,D009A,0.42,Abnormal,Sub-Optimal,Monitor,D09,original,False
878,109.23352677,-0.44511941,9.69,0.477,TM,Healthy,,D009A,0.477,Healthy,Good,None,D09,original,False
879,109.23152499,-0.44694018,9.68,0.414,TM,Healthy,,D009A,0.414,Abnormal,Sub-Optimal,Monitor,D09,original,False
880,109.23195097,-0.44042392,9.68,0.488,TM,Healthy,,D009A,0.488,Healthy,Good,None,D09,original,False
881,109.23205792,-0.44585651,9.68,0.512,TM,Healthy,,D009A,0.512,Healthy,Good,None,D09,original,False
882,109.23175791,-0.4439122,9.68,0.417,TM,Healthy,,D009A,0.417,Abnormal,Sub-Optimal,Monitor,D09,original,False
883,109.23243959,-0.44058952,9.68,0.47,TM,Healthy,,D009A,0.47,Healthy,Good,None,D09,original,False
884,109.23197085,-0.44747518,9.67,0.488,TM,Healthy,,D009A,0.488,Healthy,Good,None,D09,original,False
885,109.2334483,-0.44645549,9.67,0.462,TM,Healthy,,D009A,0.462,Healthy,Good,None,D09,original,False
886,109.23352057,-0.44853494,9.67,0.521,TM,Healthy,,D009A,0.521,Healthy,Good,None,D09,original,False
887,109.23221385,-0.44363876,9.66,0.434,TM,Healthy,,D009A,0.434,Normal,Moderate,Routine,D09,original,False
888,109.23178093,-0.4472156,9.66,0.478,TM,Healthy,,D009A,0.478,Healthy,Good,None,D09,original,False
889,109.23161506,-0.44781104,9.66,0.465,TM,Healthy,,D009A,0.465,Healthy,Good,None,D09,original,False
890,109.23276026,-0.44063933,9.65,0.467,TM,Healthy,,D009A,0.467,Healthy,Good,None,D09,original,False
891,109.23183993,-0.44085886,9.65,0.551,TM,Healthy,,D009A,0.551,Healthy,Good,None,D09,original,False
892,109.23324544,-0.44394873,9.64,0.431,TM,Healthy,,D009A,0.431,Normal,Moderate,Routine,D09,original,False
893,109.23222338,-0.44321103,9.64,0.336,TM,Suspect,Circle_5m,D009A,0.336,Suspect,Critical,Priority Survey,D09,original,False
894,109.23148318,-0.44899247,9.63,0.54,TM,Healthy,,D009A,0.54,Healthy,Good,None,D09,original,False
895,109.23306517,-0.44084604,9.63,0.437,TM,Healthy,,D009A,0.437,Normal,Moderate,Routine,D09,original,False
896,109.2316717,-0.44760171,9.63,0.476,TM,Healthy,,D009A,0.476,Healthy,Good,None,D09,original,False
897,109.23193741,-0.44647954,9.63,0.463,TM,Healthy,,D009A,0.463,Healthy,Good,None,D09,original,False
898,109.23153677,-0.44838615,9.63,0.507,TM,Healthy,,D009A,0.507,Healthy,Good,None,D09,original,False
899,109.23308576,-0.44117249,9.63,0.469,TM,Healthy,,D009A,0.469,Healthy,Good,None,D09,original,False
900,109.23334802,-0.44698584,9.63,0.483,TM,Healthy,,D009A,0.483,Healthy,Good,None,D09,original,False
901,109.23275431,-0.44679398,9.62,0.475,TM,Healthy,,D009A,0.475,Healthy,Good,None,D09,original,False
902,109.23290508,-0.44359326,9.61,0.362,TM,Suspect,Circle_5m,D009A,0.362,Suspect,Critical,Priority Survey,D09,original,False
903,109.23339288,-0.44534319,9.6,0.386,TM,Healthy,,D009A,0.386,Suspect,Critical,Priority Survey,D09,original,False
904,109.2332207,-0.44410652,9.6,0.537,TM,Healthy,,D009A,0.537,Healthy,Good,None,D09,original,False
905,109.23186108,-0.44258697,9.6,0.517,TM,Healthy,,D009A,0.517,Healthy,Good,None,D09,original,False
906,109.23288104,-0.44459476,9.59,0.462,TM,Healthy,,D009A,0.462,Healthy,Good,None,D09,original,False
907,109.23179625,-0.44513662,9.59,0.423,TM,Healthy,,D009A,0.423,Abnormal,Sub-Optimal,Monitor,D09,original,False
908,109.23289372,-0.44033914,9.59,0.472,TM,Healthy,,D009A,0.472,Healthy,Good,None,D09,original,False
909,109.23300858,-0.44466171,9.59,0.487,TM,Healthy,,D009A,0.487,Healthy,Good,None,D09,original,False
910,109.23264312,-0.44030155,9.58,0.491,TM,Healthy,,D009A,0.491,Healthy,Good,None,D09,original,False
911,109.23289044,-0.44662039,9.58,0.48,TM,Healthy,,D009A,0.48,Healthy,Good,None,D09,original,False
912,109.23326611,-0.44391663,9.58,0.461,TM,Healthy,,D009A,0.461,Healthy,Good,None,D09,original,False
913,109.2330836,-0.44078636,9.58,0.471,TM,Healthy,,D009A,0.471,Healthy,Good,None,D09,original,False
914,109.23250968,-0.44618216,9.57,0.378,TM,Suspect,Circle_5m,D009A,0.378,Suspect,Critical,Priority Survey,D09,original,False
915,109.23356057,-0.44654188,9.57,0.413,TM,Healthy,,D009A,0.413,Abnormal,Sub-Optimal,Monitor,D09,original,False
916,109.23192422,-0.44525693,9.57,0.409,TM,Healthy,,D009A,0.409,Abnormal,Sub-Optimal,Monitor,D09,original,False
917,109.23216541,-0.4452606,9.56,0.433,TM,Healthy,,D009A,0.433,Normal,Moderate,Routine,D09,original,False
918,109.23190043,-0.44521804,9.55,0.524,TM,Healthy,,D009A,0.524,Healthy,Good,None,D09,original,False
919,109.23336065,-0.44107037,9.55,0.576,TM,Healthy,,D009A,0.576,Healthy,Good,None,D09,original,False
920,109.2333193,-0.44688545,9.55,0.519,TM,Healthy,,D009A,0.519,Healthy,Good,None,D09,original,False
921,109.23195401,-0.44276198,9.55,0.42,TM,Healthy,,D009A,0.42,Abnormal,Sub-Optimal,Monitor,D09,original,False
922,109.23338215,-0.44700483,9.55,0.423,TM,Healthy,,D009A,0.423,Abnormal,Sub-Optimal,Monitor,D09,original,False
923,109.23165205,-0.44525279,9.55,0.481,TM,Healthy,,D009A,0.481,Healthy,Good,None,D09,original,False
924,109.23321821,-0.44134977,9.54,0.472,TM,Healthy,,D009A,0.472,Healthy,Good,None,D09,original,False
925,109.23133996,-0.44876636,9.54,0.344,TM,Suspect,Circle_5m,D009A,0.344,Suspect,Critical,Priority Survey,D09,original,False
926,109.23206677,-0.44830716,9.54,0.489,TM,Healthy,,D009A,0.489,Healthy,Good,None,D09,original,False
927,109.23207781,-0.44532026,9.53,0.431,TM,Healthy,,D009A,0.431,Normal,Moderate,Routine,D09,original,False
928,109.23324847,-0.44254616,9.53,0.511,TM,Healthy,,D009A,0.511,Healthy,Good,None,D09,original,False
929,109.23336335,-0.44484627,9.53,0.478,TM,Healthy,,D009A,0.478,Healthy,Good,None,D09,original,False
930,109.23166577,-0.44611323,9.53,0.465,TM,Healthy,,D009A,0.465,Healthy,Good,None,D09,original,False
931,109.23216735,-0.44840982,9.52,0.423,TM,Healthy,,D009A,0.423,Abnormal,Sub-Optimal,Monitor,D09,original,False
932,109.23176328,-0.44777897,9.52,0.397,TM,Healthy,,D009A,0.397,Abnormal,Sub-Optimal,Monitor,D09,original,False
933,109.2326246,-0.44071029,9.52,0.503,TM,Healthy,,D009A,0.503,Healthy,Good,None,D09,original,False
934,109.23301842,-0.44673029,9.51,0.467,TM,Healthy,,D009A,0.467,Healthy,Good,None,D09,original,False
935,109.23169292,-0.44524828,9.51,0.493,TM,Healthy,,D009A,0.493,Healthy,Good,None,D09,original,False
936,109.2314069,-0.44113411,9.51,0.476,TM,Healthy,,D009A,0.476,Healthy,Good,None,D09,original,False
937,109.23171605,-0.4423993,9.5,0.456,TM,Healthy,,D009A,0.456,Normal,Moderate,Routine,D09,original,False
938,109.23191978,-0.44504713,9.5,0.455,TM,Healthy,,D009A,0.455,Normal,Moderate,Routine,D09,original,False
939,109.23231784,-0.44827421,9.5,0.422,TM,Healthy,,D009A,0.422,Abnormal,Sub-Optimal,Monitor,D09,original,False
940,109.23262659,-0.44558129,9.5,0.431,TM,Healthy,,D009A,0.431,Normal,Moderate,Routine,D09,original,False
941,109.23345598,-0.44250371,9.5,0.488,TM,Healthy,,D009A,0.488,Healthy,Good,None,D09,original,False
942,109.23246819,-0.44497356,9.5,0.51,TM,Healthy,,D009A,0.51,Healthy,Good,None,D09,original,False
943,109.23249061,-0.44701728,9.5,0.387,TM,Healthy,,D009A,0.387,Suspect,Critical,Priority Survey,D09,original,False
944,109.23157616,-0.44894231,9.49,0.477,TM,Healthy,,D009A,0.477,Healthy,Good,None,D09,original,False
945,109.23343977,-0.44267236,9.49,0.425,TM,Healthy,,D009A,0.425,Abnormal,Sub-Optimal,Monitor,D09,original,False
946,109.23138744,-0.44363178,9.49,0.444,TM,Healthy,,D009A,0.444,Normal,Moderate,Routine,D09,original,False
947,109.23158402,-0.44612135,9.49,0.466,TM,Healthy,,D009A,0.466,Healthy,Good,None,D09,original,False
948,109.2329938,-0.44068686,9.48,0.451,TM,Healthy,,D009A,0.451,Normal,Moderate,Routine,D09,original,False
949,109.23286433,-0.44684781,9.48,0.399,TM,Healthy,,D009A,0.399,Abnormal,Sub-Optimal,Monitor,D09,original,False
950,109.23132262,-0.44424939,9.48,0.533,TM,Healthy,,D009A,0.533,Healthy,Good,None,D09,original,False
951,109.23316974,-0.44874239,9.48,0.464,TM,Healthy,,D009A,0.464,Healthy,Good,None,D09,original,False
952,109.23205148,-0.44650624,9.48,0.488,TM,Healthy,,D009A,0.488,Healthy,Good,None,D09,original,False
953,109.2327467,-0.44667235,9.47,0.449,TM,Healthy,,D009A,0.449,Normal,Moderate,Routine,D09,original,False
954,109.23328777,-0.44349794,9.47,0.428,TM,Healthy,,D009A,0.428,Abnormal,Sub-Optimal,Monitor,D09,original,False
955,109.23325836,-0.4443941,9.46,0.466,TM,Healthy,,D009A,0.466,Healthy,Good,None,D09,original,False
956,109.23354481,-0.44857112,9.46,0.458,TM,Healthy,,D009A,0.458,Normal,Moderate,Routine,D09,original,False
957,109.23219414,-0.44343845,9.45,0.415,TM,Healthy,,D009A,0.415,Abnormal,Sub-Optimal,Monitor,D09,original,False
958,109.2331694,-0.44261849,9.45,0.522,TM,Healthy,,D009A,0.522,Healthy,Good,None,D09,original,False
959,109.23225182,-0.44452633,9.45,0.436,TM,Healthy,,D009A,0.436,Normal,Moderate,Routine,D09,original,False
960,109.23152585,-0.44711064,9.44,0.49,TM,Healthy,,D009A,0.49,Healthy,Good,None,D09,original,False
961,109.23255219,-0.44304788,9.44,0.384,TM,Healthy,,D009A,0.384,Suspect,Critical,Priority Survey,D09,original,False
962,109.23226786,-0.44317487,9.44,0.41,TM,Healthy,,D009A,0.41,Abnormal,Sub-Optimal,Monitor,D09,original,False
963,109.2326161,-0.4462794,9.44,0.364,TM,Suspect,Circle_5m,D009A,0.364,Suspect,Critical,Priority Survey,D09,original,False
964,109.23342493,-0.44840108,9.43,0.432,TM,Healthy,,D009A,0.432,Normal,Moderate,Routine,D09,original,False
965,109.23341913,-0.44448954,9.43,0.416,TM,Healthy,,D009A,0.416,Abnormal,Sub-Optimal,Monitor,D09,original,False
966,109.23231602,-0.44651038,9.43,0.442,TM,Healthy,,D009A,0.442,Normal,Moderate,Routine,D09,original,False
967,109.23324271,-0.44222559,9.43,0.484,TM,Healthy,,D009A,0.484,Healthy,Good,None,D09,original,False
968,109.23284792,-0.44219972,9.43,0.452,TM,Healthy,,D009A,0.452,Normal,Moderate,Routine,D09,original,False
969,109.23199952,-0.44777993,9.42,0.53,TM,Healthy,,D009A,0.53,Healthy,Good,None,D09,original,False
970,109.23277774,-0.44833581,9.42,0.431,TM,Healthy,,D009A,0.431,Normal,Moderate,Routine,D09,original,False
971,109.23230333,-0.44512092,9.41,0.414,TM,Healthy,,D009A,0.414,Abnormal,Sub-Optimal,Monitor,D09,original,False
972,109.23306674,-0.44561259,9.4,0.431,TM,Healthy,,D009A,0.431,Normal,Moderate,Routine,D09,original,False
973,109.23190718,-0.44517508,9.4,0.542,TM,Healthy,,D009A,0.542,Healthy,Good,None,D09,original,False
974,109.23332041,-0.44600467,9.4,0.441,TM,Healthy,,D009A,0.441,Normal,Moderate,Routine,D09,original,False
975,109.23245469,-0.44698245,9.39,0.391,TM,Healthy,,D009A,0.391,Abnormal,Sub-Optimal,Monitor,D09,original,False
976,109.23342901,-0.44261403,9.39,0.456,TM,Healthy,,D009A,0.456,Normal,Moderate,Routine,D09,original,False
977,109.23305171,-0.44647664,9.39,0.465,TM,Healthy,,D009A,0.465,Healthy,Good,None,D09,original,False
978,109.2331559,-0.4408646,9.39,0.454,TM,Healthy,,D009A,0.454,Normal,Moderate,Routine,D09,original,False
979,109.23215993,-0.44562639,9.39,0.433,TM,Healthy,,D009A,0.433,Normal,Moderate,Routine,D09,original,False
980,109.23348235,-0.44683078,9.38,0.417,TM,Healthy,,D009A,0.417,Abnormal,Sub-Optimal,Monitor,D09,original,False
981,109.23191897,-0.44278322,9.37,0.433,TM,Healthy,,D009A,0.433,Normal,Moderate,Routine,D09,original,False
982,109.23352374,-0.44274427,9.37,0.514,TM,Healthy,,D009A,0.514,Healthy,Good,None,D09,original,False
983,109.23273819,-0.44658102,9.36,0.447,TM,Healthy,,D009A,0.447,Normal,Moderate,Routine,D09,original,False
984,109.23282317,-0.44620078,9.36,0.458,TM,Healthy,,D009A,0.458,Normal,Moderate,Routine,D09,original,False
985,109.23345622,-0.4471717,9.36,0.46,TM,Healthy,,D009A,0.46,Healthy,Good,None,D09,original,False
986,109.23270987,-0.44669359,9.36,0.301,TM,Suspect,Circle_5m,D009A,0.301,Suspect,Critical,Priority Survey,D09,original,False
987,109.23268386,-0.44084549,9.35,0.494,TM,Healthy,,D009A,0.494,Healthy,Good,None,D09,original,False
988,109.23146127,-0.44483225,9.35,0.437,TM,Healthy,,D009A,0.437,Normal,Moderate,Routine,D09,original,False
989,109.23144248,-0.44450534,9.34,0.356,TM,Suspect,Circle_5m,D009A,0.356,Suspect,Critical,Priority Survey,D09,original,False
990,109.23338323,-0.44434891,9.34,0.475,TM,Healthy,,D009A,0.475,Healthy,Good,None,D09,original,False
991,109.23276137,-0.44542578,9.34,0.419,TM,Healthy,,D009A,0.419,Abnormal,Sub-Optimal,Monitor,D09,original,False
992,109.23236483,-0.44711175,9.34,0.499,TM,Healthy,,D009A,0.499,Healthy,Good,None,D09,original,False
993,109.23344597,-0.44492813,9.34,0.476,TM,Healthy,,D009A,0.476,Healthy,Good,None,D09,original,False
994,109.23212951,-0.44512721,9.33,0.483,TM,Healthy,,D009A,0.483,Healthy,Good,None,D09,original,False
995,109.23158294,-0.44876642,9.33,0.544,TM,Healthy,,D009A,0.544,Healthy,Good,None,D09,original,False
996,109.23340152,-0.44675209,9.33,0.461,TM,Healthy,,D009A,0.461,Healthy,Good,None,D09,original,False
997,109.23281635,-0.44653537,9.33,0.464,TM,Healthy,,D009A,0.464,Healthy,Good,None,D09,original,False
998,109.23355966,-0.44469349,9.32,0.468,TM,Healthy,,D009A,0.468,Healthy,Good,None,D09,original,False
999,109.23277748,-0.44188501,9.32,0.539,TM,Healthy,,D009A,0.539,Healthy,Good,None,D09,original,False
1000,109.23336883,-0.44445788,9.32,0.392,TM,Healthy,,D009A,0.392,Abnormal,Sub-Optimal,Monitor,D09,original,False
1001,109.23348526,-0.44213521,9.32,0.507,TM,Healthy,,D009A,0.507,Healthy,Good,None,D09,original,False
1002,109.23292788,-0.44214096,9.32,0.483,TM,Healthy,,D009A,0.483,Healthy,Good,None,D09,original,False
1003,109.23320773,-0.4438723,9.32,0.504,TM,Healthy,,D009A,0.504,Healthy,Good,None,D09,original,False
1004,109.23162913,-0.44343289,9.32,0.467,TM,Healthy,,D009A,0.467,Healthy,Good,None,D09,original,False
1005,109.23175195,-0.44254625,9.32,0.468,TM,Healthy,,D009A,0.468,Healthy,Good,None,D09,original,False
1006,109.23192419,-0.44725768,9.31,0.399,TM,Healthy,,D009A,0.399,Abnormal,Sub-Optimal,Monitor,D09,original,False
1007,109.23362087,-0.4441455,9.31,0.468,TM,Healthy,,D009A,0.468,Healthy,Good,None,D09,original,False
1008,109.23261212,-0.44033003,9.31,0.451,TM,Healthy,,D009A,0.451,Normal,Moderate,Routine,D09,original,False
1009,109.23254108,-0.44443507,9.31,0.459,TM,Healthy,,D009A,0.459,Normal,Moderate,Routine,D09,original,False
1010,109.23254965,-0.44429264,9.3,0.467,TM,Healthy,,D009A,0.467,Healthy,Good,None,D09,original,False
1011,109.23162364,-0.44195074,9.3,0.416,TM,Healthy,,D009A,0.416,Abnormal,Sub-Optimal,Monitor,D09,original,False
1012,109.23251258,-0.44531042,9.29,0.474,TM,Healthy,,D009A,0.474,Healthy,Good,None,D09,original,False
1013,109.232495,-0.44555774,9.29,0.429,TM,Healthy,,D009A,0.429,Abnormal,Sub-Optimal,Monitor,D09,original,False
1014,109.23162186,-0.44751941,9.29,0.494,TM,Healthy,,D009A,0.494,Healthy,Good,None,D09,original,False
1015,109.2326033,-0.44530954,9.29,0.403,TM,Healthy,,D009A,0.403,Abnormal,Sub-Optimal,Monitor,D09,original,False
1016,109.23265119,-0.44035445,9.28,0.533,TM,Healthy,,D009A,0.533,Healthy,Good,None,D09,original,False
1017,109.23158909,-0.445605,9.28,0.488,TM,Healthy,,D009A,0.488,Healthy,Good,None,D09,original,False
1018,109.23350903,-0.44037048,9.28,0.416,TM,Healthy,,D009A,0.416,Abnormal,Sub-Optimal,Monitor,D09,original,False
1019,109.23353765,-0.44657985,9.27,0.488,TM,Healthy,,D009A,0.488,Healthy,Good,None,D09,original,False
1020,109.23202899,-0.44476095,9.26,0.519,TM,Healthy,,D009A,0.519,Healthy,Good,None,D09,original,False
1021,109.23139551,-0.44746826,9.26,0.393,TM,Healthy,,D009A,0.393,Abnormal,Sub-Optimal,Monitor,D09,original,False
1022,109.23346279,-0.44408307,9.26,0.401,TM,Healthy,,D009A,0.401,Abnormal,Sub-Optimal,Monitor,D09,original,False
1023,109.23319988,-0.44667427,9.25,0.494,TM,Healthy,,D009A,0.494,Healthy,Good,None,D09,original,False
1024,109.23276773,-0.44513279,9.25,0.453,TM,Healthy,,D009A,0.453,Normal,Moderate,Routine,D09,original,False
1025,109.2334496,-0.44667343,9.25,0.487,TM,Healthy,,D009A,0.487,Healthy,Good,None,D09,original,False
1026,109.23226302,-0.44273447,9.24,0.405,TM,Healthy,,D009A,0.405,Abnormal,Sub-Optimal,Monitor,D09,original,False
1027,109.23284851,-0.44540998,9.24,0.399,TM,Healthy,,D009A,0.399,Abnormal,Sub-Optimal,Monitor,D09,original,False
1028,109.23196242,-0.44706689,9.23,0.564,TM,Healthy,,D009A,0.564,Healthy,Good,None,D09,original,False
1029,109.23325778,-0.44684881,9.23,0.503,TM,Healthy,,D009A,0.503,Healthy,Good,None,D09,original,False
1030,109.23140828,-0.44665711,9.22,0.392,TM,Healthy,,D009A,0.392,Abnormal,Sub-Optimal,Monitor,D09,original,False
1031,109.23306222,-0.4419633,9.22,0.441,TM,Healthy,,D009A,0.441,Normal,Moderate,Routine,D09,original,False
1032,109.23164426,-0.44775543,9.22,0.495,TM,Healthy,,D009A,0.495,Healthy,Good,None,D09,original,False
1033,109.23297133,-0.44266094,9.21,0.52,TM,Healthy,,D009A,0.52,Healthy,Good,None,D09,original,False
1034,109.23157451,-0.44833869,9.21,0.495,TM,Healthy,,D009A,0.495,Healthy,Good,None,D09,original,False
1035,109.23329169,-0.44590926,9.2,0.399,TM,Healthy,,D009A,0.399,Abnormal,Sub-Optimal,Monitor,D09,original,False
1036,109.23219744,-0.4408716,9.2,0.403,TM,Healthy,,D009A,0.403,Abnormal,Sub-Optimal,Monitor,D09,original,False
1037,109.23218066,-0.44534606,9.2,0.44,TM,Healthy,,D009A,0.44,Normal,Moderate,Routine,D09,original,False
1038,109.23151127,-0.44797107,9.19,0.5,TM,Healthy,,D009A,0.5,Healthy,Good,None,D09,original,False
1039,109.2320675,-0.44336201,9.19,0.554,TM,Healthy,,D009A,0.554,Healthy,Good,None,D09,original,False
1040,109.23283616,-0.44067643,9.19,0.579,TM,Healthy,,D009A,0.579,Healthy,Good,None,D09,original,False
1041,109.23155863,-0.44144297,9.18,0.432,TM,Healthy,,D009A,0.432,Normal,Moderate,Routine,D09,original,False
1042,109.23234596,-0.44714294,9.18,0.435,TM,Healthy,,D009A,0.435,Normal,Moderate,Routine,D09,original,False
1043,109.23337379,-0.44248922,9.18,0.506,TM,Healthy,,D009A,0.506,Healthy,Good,None,D09,original,False
1044,109.23338375,-0.44595947,9.17,0.484,TM,Healthy,,D009A,0.484,Healthy,Good,None,D09,original,False
1045,109.23144714,-0.44568138,9.17,0.49,TM,Healthy,,D009A,0.49,Healthy,Good,None,D09,original,False
1046,109.23170599,-0.44316252,9.17,0.565,TM,Healthy,,D009A,0.565,Healthy,Good,None,D09,original,False
1047,109.23263642,-0.44579606,9.16,0.547,TM,Healthy,,D009A,0.547,Healthy,Good,None,D09,original,False
1048,109.23149335,-0.44589526,9.15,0.426,TM,Healthy,,D009A,0.426,Abnormal,Sub-Optimal,Monitor,D09,original,False
1049,109.23166348,-0.4443806,9.15,0.525,TM,Healthy,,D009A,0.525,Healthy,Good,None,D09,original,False
1050,109.23205043,-0.44712252,9.15,0.412,TM,Healthy,,D009A,0.412,Abnormal,Sub-Optimal,Monitor,D09,original,False
1051,109.23301296,-0.4413461,9.15,0.455,TM,Healthy,,D009A,0.455,Normal,Moderate,Routine,D09,original,False
1052,109.23220226,-0.44327206,9.15,0.473,TM,Healthy,,D009A,0.473,Healthy,Good,None,D09,original,False
1053,109.23333298,-0.44413187,9.14,0.466,TM,Healthy,,D009A,0.466,Healthy,Good,None,D09,original,False
1054,109.23335942,-0.4462633,9.14,0.453,TM,Healthy,,D009A,0.453,Normal,Moderate,Routine,D09,original,False
1055,109.23329565,-0.44436291,9.14,0.468,TM,Healthy,,D009A,0.468,Healthy,Good,None,D09,original,False
1056,109.23152096,-0.44875646,9.13,0.355,TM,Suspect,Circle_5m,D009A,0.355,Suspect,Critical,Priority Survey,D09,original,False
1057,109.23320135,-0.44045632,9.13,0.435,TM,Healthy,,D009A,0.435,Normal,Moderate,Routine,D09,original,False
1058,109.23340755,-0.44405683,9.12,0.439,TM,Healthy,,D009A,0.439,Normal,Moderate,Routine,D09,original,False
1059,109.2319952,-0.44521987,9.12,0.469,TM,Healthy,,D009A,0.469,Healthy,Good,None,D09,original,False
1060,109.2334779,-0.44289121,9.12,0.41,TM,Healthy,,D009A,0.41,Abnormal,Sub-Optimal,Monitor,D09,original,False
1061,109.23278304,-0.44683966,9.12,0.537,TM,Healthy,,D009A,0.537,Healthy,Good,None,D09,original,False
1062,109.23300042,-0.44684875,9.11,0.424,TM,Healthy,,D009A,0.424,Abnormal,Sub-Optimal,Monitor,D09,original,False
1063,109.23253772,-0.44533801,9.11,0.469,TM,Healthy,,D009A,0.469,Healthy,Good,None,D09,original,False
1064,109.23274122,-0.44516715,9.11,0.5,TM,Healthy,,D009A,0.5,Healthy,Good,None,D09,original,False
1065,109.2331916,-0.44372942,9.11,0.46,TM,Healthy,,D009A,0.46,Healthy,Good,None,D09,original,False
1066,109.23260265,-0.44804821,9.11,0.389,TM,Healthy,,D009A,0.389,Suspect,Critical,Priority Survey,D09,original,False
1067,109.23313743,-0.44488736,9.11,0.473,TM,Healthy,,D009A,0.473,Healthy,Good,None,D09,original,False
1068,109.23179567,-0.44568146,9.1,0.443,TM,Healthy,,D009A,0.443,Normal,Moderate,Routine,D09,original,False
1069,109.23194891,-0.44341985,9.1,0.469,TM,Healthy,,D009A,0.469,Healthy,Good,None,D09,original,False
1070,109.2317441,-0.44344919,9.1,0.439,TM,Healthy,,D009A,0.439,Normal,Moderate,Routine,D09,original,False
1071,109.23177045,-0.44784725,9.1,0.541,TM,Healthy,,D009A,0.541,Healthy,Good,None,D09,original,False
1072,109.23216427,-0.44250385,9.1,0.46,TM,Healthy,,D009A,0.46,Healthy,Good,None,D09,original,False
1073,109.23318457,-0.44117342,9.09,0.489,TM,Healthy,,D009A,0.489,Healthy,Good,None,D09,original,False
1074,109.23317298,-0.44457765,9.08,0.507,TM,Healthy,,D009A,0.507,Healthy,Good,None,D09,original,False
1075,109.23152011,-0.44478659,9.08,0.417,TM,Healthy,,D009A,0.417,Abnormal,Sub-Optimal,Monitor,D09,original,False
1076,109.23146026,-0.44530293,9.08,0.503,TM,Healthy,,D009A,0.503,Healthy,Good,None,D09,original,False
1077,109.23151932,-0.44244944,9.08,0.398,TM,Healthy,,D009A,0.398,Abnormal,Sub-Optimal,Monitor,D09,original,False
1078,109.23355185,-0.44731008,9.08,0.479,TM,Healthy,,D009A,0.479,Healthy,Good,None,D09,original,False
1079,109.23296906,-0.44464497,9.08,0.497,TM,Healthy,,D009A,0.497,Healthy,Good,None,D09,original,False
1080,109.23351168,-0.4481262,9.08,0.439,TM,Healthy,,D009A,0.439,Normal,Moderate,Routine,D09,original,False
1081,109.23206384,-0.44362742,9.07,0.446,TM,Healthy,,D009A,0.446,Normal,Moderate,Routine,D09,original,False
1082,109.23169579,-0.4445167,9.07,0.449,TM,Healthy,,D009A,0.449,Normal,Moderate,Routine,D09,original,False
1083,109.23168462,-0.44803984,9.07,0.482,TM,Healthy,,D009A,0.482,Healthy,Good,None,D09,original,False
1084,109.23264646,-0.44134873,9.06,0.372,TM,Suspect,Circle_5m,D009A,0.372,Suspect,Critical,Priority Survey,D09,original,False
1085,109.23351098,-0.44729424,9.06,0.436,TM,Healthy,,D009A,0.436,Normal,Moderate,Routine,D09,original,False
1086,109.2324066,-0.44522042,9.05,0.507,TM,Healthy,,D009A,0.507,Healthy,Good,None,D09,original,False
1087,109.23326016,-0.44626509,9.04,0.46,TM,Healthy,,D009A,0.46,Healthy,Good,None,D09,original,False
1088,109.23326922,-0.44407669,9.04,0.391,TM,Healthy,,D009A,0.391,Abnormal,Sub-Optimal,Monitor,D09,original,False
1089,109.23180811,-0.44814251,9.04,0.476,TM,Healthy,,D009A,0.476,Healthy,Good,None,D09,original,False
1090,109.23280141,-0.44704087,9.04,0.413,TM,Healthy,,D009A,0.413,Abnormal,Sub-Optimal,Monitor,D09,original,False
1091,109.23327584,-0.44453653,9.03,0.448,TM,Healthy,,D009A,0.448,Normal,Moderate,Routine,D09,original,False
1092,109.23349172,-0.44707992,9.03,0.378,TM,Suspect,Circle_5m,D009A,0.378,Suspect,Critical,Priority Survey,D09,original,False
1093,109.23179948,-0.44664047,9.03,0.535,TM,Healthy,,D009A,0.535,Healthy,Good,None,D09,original,False
1094,109.23295067,-0.44828612,9.03,0.424,TM,Healthy,,D009A,0.424,Abnormal,Sub-Optimal,Monitor,D09,original,False
1095,109.23345243,-0.44422956,9.03,0.448,TM,Healthy,,D009A,0.448,Normal,Moderate,Routine,D09,original,False
1096,109.23214691,-0.44370295,9.03,0.491,TM,Healthy,,D009A,0.491,Healthy,Good,None,D09,original,False
1097,109.23290742,-0.44508444,9.03,0.51,TM,Healthy,,D009A,0.51,Healthy,Good,None,D09,original,False
1098,109.23149444,-0.4432009,9.03,0.399,TM,Healthy,,D009A,0.399,Abnormal,Sub-Optimal,Monitor,D09,original,False
1099,109.23271669,-0.44635448,9.02,0.449,TM,Healthy,,D009A,0.449,Normal,Moderate,Routine,D09,original,False
1100,109.23345228,-0.44294003,9.02,0.444,TM,Healthy,,D009A,0.444,Normal,Moderate,Routine,D09,original,False
1101,109.23350069,-0.44713101,9.02,0.414,TM,Healthy,,D009A,0.414,Abnormal,Sub-Optimal,Monitor,D09,original,False
1102,109.2327007,-0.44179501,9.01,0.478,TM,Healthy,,D009A,0.478,Healthy,Good,None,D09,original,False
1103,109.23290573,-0.44652092,9.01,0.492,TM,Healthy,,D009A,0.492,Healthy,Good,None,D09,original,False
1104,109.23174467,-0.4410519,9.01,0.477,TM,Healthy,,D009A,0.477,Healthy,Good,None,D09,original,False
1105,109.23353436,-0.44340893,9.0,0.393,TM,Healthy,,D009A,0.393,Abnormal,Sub-Optimal,Monitor,D09,original,False
1106,109.2335174,-0.44488338,9.0,0.521,TM,Healthy,,D009A,0.521,Healthy,Good,None,D09,original,False
1107,109.23207598,-0.44169313,8.99,0.572,TM,Healthy,,D009A,0.572,Healthy,Good,None,D09,original,False
1108,109.23272337,-0.44470595,8.99,0.456,TM,Healthy,,D009A,0.456,Normal,Moderate,Routine,D09,original,False
1109,109.23193111,-0.44463839,8.99,0.571,TM,Healthy,,D009A,0.571,Healthy,Good,None,D09,original,False
1110,109.2333807,-0.447419,8.98,0.45,TM,Healthy,,D009A,0.45,Normal,Moderate,Routine,D09,original,False
1111,109.23350462,-0.44381812,8.98,0.476,TM,Healthy,,D009A,0.476,Healthy,Good,None,D09,original,False
1112,109.23270052,-0.44257452,8.98,0.452,TM,Healthy,,D009A,0.452,Normal,Moderate,Routine,D09,original,False
1113,109.23187526,-0.44530756,8.98,0.304,TM,Suspect,Circle_5m,D009A,0.304,Suspect,Critical,Priority Survey,D09,original,False
1114,109.23140149,-0.44690172,8.97,0.415,TM,Healthy,,D009A,0.415,Abnormal,Sub-Optimal,Monitor,D09,original,False
1115,109.23314831,-0.4425692,8.97,0.466,TM,Healthy,,D009A,0.466,Healthy,Good,None,D09,original,False
1116,109.23318714,-0.44360734,8.97,0.466,TM,Healthy,,D009A,0.466,Healthy,Good,None,D09,original,False
1117,109.23142343,-0.44902501,8.95,0.483,TM,Healthy,,D009A,0.483,Healthy,Good,None,D09,original,False
1118,109.23290994,-0.44580653,8.95,0.509,TM,Healthy,,D009A,0.509,Healthy,Good,None,D09,original,False
1119,109.23270533,-0.44686903,8.95,0.371,TM,Suspect,Circle_5m,D009A,0.371,Suspect,Critical,Priority Survey,D09,original,False
1120,109.23280741,-0.44447628,8.95,0.538,TM,Healthy,,D009A,0.538,Healthy,Good,None,D09,original,False
1121,109.23197033,-0.4402087,8.95,0.385,TM,Healthy,,D009A,0.385,Suspect,Critical,Priority Survey,D09,original,False
1122,109.23279549,-0.44548457,8.95,0.487,TM,Healthy,,D009A,0.487,Healthy,Good,None,D09,original,False
1123,109.23332159,-0.44482275,8.95,0.425,TM,Healthy,,D009A,0.425,Abnormal,Sub-Optimal,Monitor,D09,original,False
1124,109.23250355,-0.44550304,8.95,0.443,TM,Healthy,,D009A,0.443,Normal,Moderate,Routine,D09,original,False
1125,109.23279202,-0.44687899,8.95,0.511,TM,Healthy,,D009A,0.511,Healthy,Good,None,D09,original,False
1126,109.2319283,-0.44511314,8.95,0.523,TM,Healthy,,D009A,0.523,Healthy,Good,None,D09,original,False
1127,109.23157433,-0.4434591,8.94,0.464,TM,Healthy,,D009A,0.464,Healthy,Good,None,D09,original,False
1128,109.23291412,-0.44711595,8.94,0.424,TM,Healthy,,D009A,0.424,Abnormal,Sub-Optimal,Monitor,D09,original,False
1129,109.23342,-0.44836355,8.93,0.433,TM,Healthy,,D009A,0.433,Normal,Moderate,Routine,D09,original,False
1130,109.23166376,-0.44510268,8.93,0.464,TM,Healthy,,D009A,0.464,Healthy,Good,None,D09,original,False
1131,109.23149681,-0.44455554,8.93,0.42,TM,Healthy,,D009A,0.42,Abnormal,Sub-Optimal,Monitor,D09,original,False
1132,109.23171765,-0.44700443,8.93,0.449,TM,Healthy,,D009A,0.449,Normal,Moderate,Routine,D09,original,False
1133,109.2333401,-0.44443029,8.92,0.391,TM,Healthy,,D009A,0.391,Abnormal,Sub-Optimal,Monitor,D09,original,False
1134,109.2332731,-0.44851001,8.92,0.517,TM,Healthy,,D009A,0.517,Healthy,Good,None,D09,original,False
1135,109.23187332,-0.44021365,8.91,0.363,TM,Suspect,Circle_5m,D009A,0.363,Suspect,Critical,Priority Survey,D09,original,False
1136,109.23172783,-0.44388325,8.91,0.478,TM,Healthy,,D009A,0.478,Healthy,Good,None,D09,original,False
1137,109.23166668,-0.44225686,8.91,0.491,TM,Healthy,,D009A,0.491,Healthy,Good,None,D09,original,False
1138,109.23182322,-0.44313045,8.91,0.448,TM,Healthy,,D009A,0.448,Normal,Moderate,Routine,D09,original,False
1139,109.23179996,-0.44085071,8.91,0.47,TM,Healthy,,D009A,0.47,Healthy,Good,None,D09,original,False
1140,109.23245919,-0.44881999,8.91,0.526,TM,Healthy,,D009A,0.526,Healthy,Good,None,D09,original,False
1141,109.23354269,-0.4442965,8.9,0.402,TM,Healthy,,D009A,0.402,Abnormal,Sub-Optimal,Monitor,D09,original,False
1142,109.231481,-0.44868772,8.9,0.376,TM,Suspect,Circle_5m,D009A,0.376,Suspect,Critical,Priority Survey,D09,original,False
1143,109.23332191,-0.44345455,8.9,0.377,TM,Suspect,Circle_5m,D009A,0.377,Suspect,Critical,Priority Survey,D09,original,False
1144,109.23141109,-0.44620179,8.9,0.304,TM,Suspect,Circle_5m,D009A,0.304,Suspect,Critical,Priority Survey,D09,original,False
1145,109.23138849,-0.44302273,8.89,0.306,TM,Suspect,Circle_5m,D009A,0.306,Suspect,Critical,Priority Survey,D09,original,False
1146,109.23149151,-0.44418342,8.89,0.412,TM,Healthy,,D009A,0.412,Abnormal,Sub-Optimal,Monitor,D09,original,False
1147,109.23171943,-0.44331083,8.88,0.487,TM,Healthy,,D009A,0.487,Healthy,Good,None,D09,original,False
1148,109.23203276,-0.44021595,8.88,0.34,TM,Suspect,Circle_5m,D009A,0.34,Suspect,Critical,Priority Survey,D09,original,False
1149,109.23239269,-0.44705207,8.87,0.47,TM,Healthy,,D009A,0.47,Healthy,Good,None,D09,original,False
1150,109.23184164,-0.44691539,8.86,0.473,TM,Healthy,,D009A,0.473,Healthy,Good,None,D09,original,False
1151,109.23245228,-0.44580732,8.86,0.467,TM,Healthy,,D009A,0.467,Healthy,Good,None,D09,original,False
1152,109.23254081,-0.44556363,8.85,0.43,TM,Healthy,,D009A,0.43,Normal,Moderate,Routine,D09,original,False
1153,109.23268373,-0.44138898,8.85,0.435,TM,Healthy,,D009A,0.435,Normal,Moderate,Routine,D09,original,False
1154,109.23281635,-0.4446689,8.85,0.467,TM,Healthy,,D009A,0.467,Healthy,Good,None,D09,original,False
1155,109.23221616,-0.44338781,8.85,0.46,TM,Healthy,,D009A,0.46,Healthy,Good,None,D09,original,False
1156,109.23161436,-0.44319234,8.84,0.483,TM,Healthy,,D009A,0.483,Healthy,Good,None,D09,original,False
1157,109.23322721,-0.44506779,8.84,0.552,TM,Healthy,,D009A,0.552,Healthy,Good,None,D09,original,False
1158,109.23318664,-0.44380583,8.83,0.57,TM,Healthy,,D009A,0.57,Healthy,Good,None,D09,original,False
1159,109.23188393,-0.44473604,8.82,0.423,TM,Healthy,,D009A,0.423,Abnormal,Sub-Optimal,Monitor,D09,original,False
1160,109.23350503,-0.44399717,8.82,0.39,TM,Healthy,,D009A,0.39,Abnormal,Sub-Optimal,Monitor,D09,original,False
1161,109.23197532,-0.44381775,8.82,0.483,TM,Healthy,,D009A,0.483,Healthy,Good,None,D09,original,False
1162,109.23362598,-0.44722826,8.82,0.311,TM,Suspect,Circle_5m,D009A,0.311,Suspect,Critical,Priority Survey,D09,original,False
1163,109.23239396,-0.4455107,8.81,0.448,TM,Healthy,,D009A,0.448,Normal,Moderate,Routine,D09,original,False
1164,109.23160341,-0.4476772,8.81,0.426,TM,Healthy,,D009A,0.426,Abnormal,Sub-Optimal,Monitor,D09,original,False
1165,109.23322606,-0.44426025,8.81,0.445,TM,Healthy,,D009A,0.445,Normal,Moderate,Routine,D09,original,False
1166,109.23284436,-0.4439744,8.81,0.418,TM,Healthy,,D009A,0.418,Abnormal,Sub-Optimal,Monitor,D09,original,False
1167,109.23281562,-0.44581735,8.81,0.397,TM,Healthy,,D009A,0.397,Abnormal,Sub-Optimal,Monitor,D09,original,False
1168,109.23199522,-0.44511497,8.81,0.428,TM,Healthy,,D009A,0.428,Abnormal,Sub-Optimal,Monitor,D09,original,False
1169,109.23285236,-0.44244072,8.8,0.448,TM,Healthy,,D009A,0.448,Normal,Moderate,Routine,D09,original,False
1170,109.23162983,-0.44614804,8.8,0.414,TM,Healthy,,D009A,0.414,Abnormal,Sub-Optimal,Monitor,D09,original,False
1171,109.23345216,-0.44345096,8.8,0.503,TM,Healthy,,D009A,0.503,Healthy,Good,None,D09,original,False
1172,109.23150552,-0.44760483,8.8,0.47,TM,Healthy,,D009A,0.47,Healthy,Good,None,D09,original,False
1173,109.23148211,-0.44405094,8.8,0.483,TM,Healthy,,D009A,0.483,Healthy,Good,None,D09,original,False
1174,109.23354385,-0.44126936,8.79,0.448,TM,Healthy,,D009A,0.448,Normal,Moderate,Routine,D09,original,False
1175,109.2315219,-0.44856565,8.79,0.367,TM,Suspect,Circle_5m,D009A,0.367,Suspect,Critical,Priority Survey,D09,original,False
1176,109.23340497,-0.44360378,8.79,0.453,TM,Healthy,,D009A,0.453,Normal,Moderate,Routine,D09,original,False
1177,109.23168695,-0.4439158,8.79,0.448,TM,Healthy,,D009A,0.448,Normal,Moderate,Routine,D09,original,False
1178,109.23322604,-0.44432491,8.79,0.483,TM,Healthy,,D009A,0.483,Healthy,Good,None,D09,original,False
1179,109.23200111,-0.44489839,8.78,0.479,TM,Healthy,,D009A,0.479,Healthy,Good,None,D09,original,False
1180,109.23253472,-0.44474795,8.78,0.439,TM,Healthy,,D009A,0.439,Normal,Moderate,Routine,D09,original,False
1181,109.23193417,-0.441179,8.78,0.49,TM,Healthy,,D009A,0.49,Healthy,Good,None,D09,original,False
1182,109.23157233,-0.44240107,8.78,0.399,TM,Healthy,,D009A,0.399,Abnormal,Sub-Optimal,Monitor,D09,original,False
1183,109.23149764,-0.44483859,8.77,0.492,TM,Healthy,,D009A,0.492,Healthy,Good,None,D09,original,False
1184,109.23278074,-0.44518027,8.77,0.485,TM,Healthy,,D009A,0.485,Healthy,Good,None,D09,original,False
1185,109.23155511,-0.44868186,8.77,0.411,TM,Healthy,,D009A,0.411,Abnormal,Sub-Optimal,Monitor,D09,original,False
1186,109.23350359,-0.44248518,8.77,0.414,TM,Healthy,,D009A,0.414,Abnormal,Sub-Optimal,Monitor,D09,original,False
1187,109.23352137,-0.44891339,8.76,0.439,TM,Healthy,,D009A,0.439,Normal,Moderate,Routine,D09,original,False
1188,109.23152457,-0.44870175,8.76,0.433,TM,Healthy,,D009A,0.433,Normal,Moderate,Routine,D09,original,False
1189,109.23355177,-0.44578091,8.76,0.135,TM,Suspect,Circle_5m,D009A,0.135,Suspect,Critical,Priority Survey,D09,original,False
1190,109.23152478,-0.44594681,8.75,0.483,TM,Healthy,,D009A,0.483,Healthy,Good,None,D09,original,False
1191,109.23175778,-0.4463651,8.75,0.425,TM,Healthy,,D009A,0.425,Abnormal,Sub-Optimal,Monitor,D09,original,False
1192,109.23139083,-0.44636727,8.75,0.424,TM,Healthy,,D009A,0.424,Abnormal,Sub-Optimal,Monitor,D09,original,False
1193,109.2326329,-0.4417326,8.75,0.482,TM,Healthy,,D009A,0.482,Healthy,Good,None,D09,original,False
1194,109.23245806,-0.44035622,8.75,0.477,TM,Healthy,,D009A,0.477,Healthy,Good,None,D09,original,False
1195,109.23149891,-0.44327144,8.75,0.538,TM,Healthy,,D009A,0.538,Healthy,Good,None,D09,original,False
1196,109.23143038,-0.44626284,8.75,0.364,TM,Suspect,Circle_5m,D009A,0.364,Suspect,Critical,Priority Survey,D09,original,False
1197,109.23147666,-0.44431183,8.75,0.469,TM,Healthy,,D009A,0.469,Healthy,Good,None,D09,original,False
1198,109.23188415,-0.44380823,8.75,0.425,TM,Healthy,,D009A,0.425,Abnormal,Sub-Optimal,Monitor,D09,original,False
1199,109.23262351,-0.44719862,8.75,0.4,TM,Healthy,,D009A,0.4,Abnormal,Sub-Optimal,Monitor,D09,original,False
1200,109.23168832,-0.44193267,8.75,0.444,TM,Healthy,,D009A,0.444,Normal,Moderate,Routine,D09,original,False
1201,109.23270014,-0.44793519,8.75,0.536,TM,Healthy,,D009A,0.536,Healthy,Good,None,D09,original,False
1202,109.23208613,-0.44810641,8.75,0.445,TM,Healthy,,D009A,0.445,Normal,Moderate,Routine,D09,original,False
1203,109.23231072,-0.44237322,8.75,0.416,TM,Healthy,,D009A,0.416,Abnormal,Sub-Optimal,Monitor,D09,original,False
1204,109.23326854,-0.44502756,8.75,0.448,TM,Healthy,,D009A,0.448,Normal,Moderate,Routine,D09,original,False
1205,109.23337709,-0.44373534,8.74,0.491,TM,Healthy,,D009A,0.491,Healthy,Good,None,D09,original,False
1206,109.23173685,-0.4474801,8.74,0.446,TM,Healthy,,D009A,0.446,Normal,Moderate,Routine,D09,original,False
1207,109.23231566,-0.44611791,8.74,0.463,TM,Healthy,,D009A,0.463,Healthy,Good,None,D09,original,False
1208,109.23206151,-0.44774559,8.73,0.375,TM,Suspect,Circle_5m,D009A,0.375,Suspect,Critical,Priority Survey,D09,original,False
1209,109.23322244,-0.44247381,8.73,0.481,TM,Healthy,,D009A,0.481,Healthy,Good,None,D09,original,False
1210,109.23203211,-0.44674814,8.73,0.467,TM,Healthy,,D009A,0.467,Healthy,Good,None,D09,original,False
1211,109.23157012,-0.44604765,8.73,0.55,TM,Healthy,,D009A,0.55,Healthy,Good,None,D09,original,False
1212,109.23273706,-0.44188409,8.73,0.45,TM,Healthy,,D009A,0.45,Normal,Moderate,Routine,D09,original,False
1213,109.23214528,-0.44868608,8.72,0.419,TM,Healthy,,D009A,0.419,Abnormal,Sub-Optimal,Monitor,D09,original,False
1214,109.23277251,-0.44202924,8.72,0.454,TM,Healthy,,D009A,0.454,Normal,Moderate,Routine,D09,original,False
1215,109.23257825,-0.4486595,8.72,0.491,TM,Healthy,,D009A,0.491,Healthy,Good,None,D09,original,False
1216,109.23267941,-0.44068362,8.72,0.462,TM,Healthy,,D009A,0.462,Healthy,Good,None,D09,original,False
1217,109.23330865,-0.44066569,8.72,0.382,TM,Healthy,,D009A,0.382,Suspect,Critical,Priority Survey,D09,original,False
1218,109.23275363,-0.44776068,8.71,0.476,TM,Healthy,,D009A,0.476,Healthy,Good,None,D09,original,False
1219,109.23319878,-0.44376514,8.71,0.459,TM,Healthy,,D009A,0.459,Normal,Moderate,Routine,D09,original,False
1220,109.23166634,-0.44745883,8.71,0.538,TM,Healthy,,D009A,0.538,Healthy,Good,None,D09,original,False
1221,109.23179176,-0.44325207,8.71,0.48,TM,Healthy,,D009A,0.48,Healthy,Good,None,D09,original,False
1222,109.23298592,-0.44552802,8.71,0.457,TM,Healthy,,D009A,0.457,Normal,Moderate,Routine,D09,original,False
1223,109.2317256,-0.44191912,8.7,0.423,TM,Healthy,,D009A,0.423,Abnormal,Sub-Optimal,Monitor,D09,original,False
1224,109.23270314,-0.4466538,8.7,0.533,TM,Healthy,,D009A,0.533,Healthy,Good,None,D09,original,False
1225,109.23241505,-0.44557491,8.7,0.412,TM,Healthy,,D009A,0.412,Abnormal,Sub-Optimal,Monitor,D09,original,False
1226,109.23252178,-0.44627576,8.69,0.428,TM,Healthy,,D009A,0.428,Abnormal,Sub-Optimal,Monitor,D09,original,False
1227,109.23154632,-0.44601735,8.68,0.516,TM,Healthy,,D009A,0.516,Healthy,Good,None,D09,original,False
1228,109.23248794,-0.44691871,8.68,0.476,TM,Healthy,,D009A,0.476,Healthy,Good,None,D09,original,False
1229,109.23145293,-0.44590067,8.68,0.456,TM,Healthy,,D009A,0.456,Normal,Moderate,Routine,D09,original,False
1230,109.23318065,-0.44633967,8.68,0.426,TM,Healthy,,D009A,0.426,Abnormal,Sub-Optimal,Monitor,D09,original,False
1231,109.23253917,-0.44868436,8.67,0.561,TM,Healthy,,D009A,0.561,Healthy,Good,None,D09,original,False
1232,109.23361931,-0.44314716,8.67,0.421,TM,Healthy,,D009A,0.421,Abnormal,Sub-Optimal,Monitor,D09,original,False
1233,109.23164274,-0.44471699,8.67,0.413,TM,Healthy,,D009A,0.413,Abnormal,Sub-Optimal,Monitor,D09,original,False
1234,109.23242135,-0.44175742,8.67,0.425,TM,Healthy,,D009A,0.425,Abnormal,Sub-Optimal,Monitor,D09,original,False
1235,109.23306696,-0.44656934,8.66,0.36,TM,Suspect,Circle_5m,D009A,0.36,Suspect,Critical,Priority Survey,D09,original,False
1236,109.2314082,-0.44323886,8.66,0.42,TM,Healthy,,D009A,0.42,Abnormal,Sub-Optimal,Monitor,D09,original,False
1237,109.23270051,-0.44639517,8.66,0.532,TM,Healthy,,D009A,0.532,Healthy,Good,None,D09,original,False
1238,109.23249355,-0.44033543,8.65,0.61,TM,Healthy,,D009A,0.61,Healthy,Good,None,D09,original,False
1239,109.23256808,-0.44041909,8.65,0.522,TM,Healthy,,D009A,0.522,Healthy,Good,None,D09,original,False
1240,109.23340702,-0.44628502,8.64,0.424,TM,Healthy,,D009A,0.424,Abnormal,Sub-Optimal,Monitor,D09,original,False
1241,109.23162564,-0.44673628,8.64,0.453,TM,Healthy,,D009A,0.453,Normal,Moderate,Routine,D09,original,False
1242,109.23344149,-0.44678239,8.63,0.491,TM,Healthy,,D009A,0.491,Healthy,Good,None,D09,original,False
1243,109.23155859,-0.44541916,8.63,0.478,TM,Healthy,,D009A,0.478,Healthy,Good,None,D09,original,False
1244,109.23282094,-0.44612843,8.62,0.446,TM,Healthy,,D009A,0.446,Normal,Moderate,Routine,D09,original,False
1245,109.23302451,-0.44375877,8.62,0.372,TM,Suspect,Circle_5m,D009A,0.372,Suspect,Critical,Priority Survey,D09,original,False
1246,109.23312939,-0.44090709,8.62,0.465,TM,Healthy,,D009A,0.465,Healthy,Good,None,D09,original,False
1247,109.23328385,-0.44862893,8.62,0.506,TM,Healthy,,D009A,0.506,Healthy,Good,None,D09,original,False
1248,109.23325652,-0.44457676,8.62,0.481,TM,Healthy,,D009A,0.481,Healthy,Good,None,D09,original,False
1249,109.23177729,-0.44174867,8.61,0.422,TM,Healthy,,D009A,0.422,Abnormal,Sub-Optimal,Monitor,D09,original,False
1250,109.23229377,-0.44565852,8.61,0.417,TM,Healthy,,D009A,0.417,Abnormal,Sub-Optimal,Monitor,D09,original,False
1251,109.23332889,-0.44432313,8.6,0.381,TM,Healthy,,D009A,0.381,Suspect,Critical,Priority Survey,D09,original,False
1252,109.23145738,-0.44037497,8.6,0.409,TM,Healthy,,D009A,0.409,Abnormal,Sub-Optimal,Monitor,D09,original,False
1253,109.2323549,-0.44356464,8.6,0.413,TM,Healthy,,D009A,0.413,Abnormal,Sub-Optimal,Monitor,D09,original,False
1254,109.23265371,-0.44107156,8.6,0.528,TM,Healthy,,D009A,0.528,Healthy,Good,None,D09,original,False
1255,109.23349739,-0.447802,8.6,0.413,TM,Healthy,,D009A,0.413,Abnormal,Sub-Optimal,Monitor,D09,original,False
1256,109.23345715,-0.44514336,8.6,0.482,TM,Healthy,,D009A,0.482,Healthy,Good,None,D09,original,False
1257,109.23156472,-0.44418932,8.6,0.422,TM,Healthy,,D009A,0.422,Abnormal,Sub-Optimal,Monitor,D09,original,False
1258,109.23245593,-0.44556542,8.6,0.456,TM,Healthy,,D009A,0.456,Normal,Moderate,Routine,D09,original,False
1259,109.23203746,-0.44125815,8.6,0.451,TM,Healthy,,D009A,0.451,Normal,Moderate,Routine,D09,original,False
1260,109.2326447,-0.44689207,8.6,0.472,TM,Healthy,,D009A,0.472,Healthy,Good,None,D09,original,False
1261,109.23145185,-0.44478025,8.59,0.427,TM,Healthy,,D009A,0.427,Abnormal,Sub-Optimal,Monitor,D09,original,False
1262,109.23159132,-0.44375029,8.59,0.46,TM,Healthy,,D009A,0.46,Healthy,Good,None,D09,original,False
1263,109.23287463,-0.44510252,8.59,0.418,TM,Healthy,,D009A,0.418,Abnormal,Sub-Optimal,Monitor,D09,original,False
1264,109.23228528,-0.44358813,8.59,0.515,TM,Healthy,,D009A,0.515,Healthy,Good,None,D09,original,False
1265,109.23287772,-0.44532814,8.59,0.393,TM,Healthy,,D009A,0.393,Abnormal,Sub-Optimal,Monitor,D09,original,False
1266,109.23333345,-0.44594272,8.58,0.438,TM,Healthy,,D009A,0.438,Normal,Moderate,Routine,D09,original,False
1267,109.2317458,-0.44195394,8.58,0.375,TM,Suspect,Circle_5m,D009A,0.375,Suspect,Critical,Priority Survey,D09,original,False
1268,109.23310559,-0.44087679,8.57,0.473,TM,Healthy,,D009A,0.473,Healthy,Good,None,D09,original,False
1269,109.23217673,-0.44676807,8.57,0.413,TM,Healthy,,D009A,0.413,Abnormal,Sub-Optimal,Monitor,D09,original,False
1270,109.23183701,-0.44371327,8.56,0.452,TM,Healthy,,D009A,0.452,Normal,Moderate,Routine,D09,original,False
1271,109.23323543,-0.44069235,8.56,0.484,TM,Healthy,,D009A,0.484,Healthy,Good,None,D09,original,False
1272,109.23191738,-0.44571314,8.55,0.459,TM,Healthy,,D009A,0.459,Normal,Moderate,Routine,D09,original,False
1273,109.23184508,-0.44375261,8.54,0.448,TM,Healthy,,D009A,0.448,Normal,Moderate,Routine,D09,original,False
1274,109.23294304,-0.44262612,8.54,0.415,TM,Healthy,,D009A,0.415,Abnormal,Sub-Optimal,Monitor,D09,original,False
1275,109.2320986,-0.44479533,8.54,0.474,TM,Healthy,,D009A,0.474,Healthy,Good,None,D09,original,False
1276,109.23311684,-0.44646671,8.54,0.547,TM,Healthy,,D009A,0.547,Healthy,Good,None,D09,original,False
1277,109.23186991,-0.44134764,8.53,0.437,TM,Healthy,,D009A,0.437,Normal,Moderate,Routine,D09,original,False
1278,109.23322189,-0.44098308,8.53,0.452,TM,Healthy,,D009A,0.452,Normal,Moderate,Routine,D09,original,False
1279,109.23249156,-0.44490936,8.53,0.542,TM,Healthy,,D009A,0.542,Healthy,Good,None,D09,original,False
1280,109.23155749,-0.44624885,8.53,0.461,TM,Healthy,,D009A,0.461,Healthy,Good,None,D09,original,False
1281,109.23187875,-0.44570635,8.53,0.413,TM,Healthy,,D009A,0.413,Abnormal,Sub-Optimal,Monitor,D09,original,False
1282,109.23262114,-0.4458684,8.52,0.401,TM,Healthy,,D009A,0.401,Abnormal,Sub-Optimal,Monitor,D09,original,False
1283,109.23274926,-0.44159336,8.52,0.483,TM,Healthy,,D009A,0.483,Healthy,Good,None,D09,original,False
1284,109.23177062,-0.44523609,8.52,0.446,TM,Healthy,,D009A,0.446,Normal,Moderate,Routine,D09,original,False
1285,109.23325364,-0.44725258,8.52,0.538,TM,Healthy,,D009A,0.538,Healthy,Good,None,D09,original,False
1286,109.23311493,-0.44315382,8.51,0.464,TM,Healthy,,D009A,0.464,Healthy,Good,None,D09,original,False
1287,109.23288607,-0.44040786,8.51,0.464,TM,Healthy,,D009A,0.464,Healthy,Good,None,D09,original,False
1288,109.23279568,-0.44088983,8.51,0.475,TM,Healthy,,D009A,0.475,Healthy,Good,None,D09,original,False
1289,109.23227544,-0.44715287,8.51,0.426,TM,Healthy,,D009A,0.426,Abnormal,Sub-Optimal,Monitor,D09,original,False
1290,109.23191971,-0.445346,8.51,0.365,TM,Suspect,Circle_5m,D009A,0.365,Suspect,Critical,Priority Survey,D09,original,False
1291,109.2314606,-0.44385244,8.51,0.48,TM,Healthy,,D009A,0.48,Healthy,Good,None,D09,original,False
1292,109.23159286,-0.44671367,8.5,0.438,TM,Healthy,,D009A,0.438,Normal,Moderate,Routine,D09,original,False
1293,109.23218303,-0.44669256,8.5,0.458,TM,Healthy,,D009A,0.458,Normal,Moderate,Routine,D09,original,False
1294,109.23191509,-0.44020507,8.5,0.394,TM,Healthy,,D009A,0.394,Abnormal,Sub-Optimal,Monitor,D09,original,False
1295,109.23209528,-0.44365274,8.49,0.469,TM,Healthy,,D009A,0.469,Healthy,Good,None,D09,original,False
1296,109.23218336,-0.44151682,8.48,0.406,TM,Healthy,,D009A,0.406,Abnormal,Sub-Optimal,Monitor,D09,original,False
1297,109.2326815,-0.44133969,8.48,0.471,TM,Healthy,,D009A,0.471,Healthy,Good,None,D09,original,False
1298,109.2335161,-0.44841105,8.48,0.533,TM,Healthy,,D009A,0.533,Healthy,Good,None,D09,original,False
1299,109.23361385,-0.44347858,8.48,0.478,TM,Healthy,,D009A,0.478,Healthy,Good,None,D09,original,False
1300,109.23353604,-0.44393523,8.48,0.346,TM,Suspect,Circle_5m,D009A,0.346,Suspect,Critical,Priority Survey,D09,original,False
1301,109.23259528,-0.44126642,8.48,0.436,TM,Healthy,,D009A,0.436,Normal,Moderate,Routine,D09,original,False
1302,109.23188013,-0.44559964,8.48,0.397,TM,Healthy,,D009A,0.397,Abnormal,Sub-Optimal,Monitor,D09,original,False
1303,109.23290474,-0.44690479,8.47,0.431,TM,Healthy,,D009A,0.431,Normal,Moderate,Routine,D09,original,False
1304,109.23203315,-0.44801054,8.47,0.538,TM,Healthy,,D009A,0.538,Healthy,Good,None,D09,original,False
1305,109.23261739,-0.44839003,8.47,0.469,TM,Healthy,,D009A,0.469,Healthy,Good,None,D09,original,False
1306,109.23276531,-0.44206586,8.47,0.488,TM,Healthy,,D009A,0.488,Healthy,Good,None,D09,original,False
1307,109.23281113,-0.44394953,8.46,0.45,TM,Healthy,,D009A,0.45,Normal,Moderate,Routine,D09,original,False
1308,109.23138654,-0.44741264,8.46,0.444,TM,Healthy,,D009A,0.444,Normal,Moderate,Routine,D09,original,False
1309,109.23338314,-0.44284009,8.46,0.478,TM,Healthy,,D009A,0.478,Healthy,Good,None,D09,original,False
1310,109.23181089,-0.44021861,8.46,0.368,TM,Suspect,Circle_5m,D009A,0.368,Suspect,Critical,Priority Survey,D09,original,False
1311,109.23282538,-0.44635315,8.46,0.513,TM,Healthy,,D009A,0.513,Healthy,Good,None,D09,original,False
1312,109.23290123,-0.44657427,8.46,0.473,TM,Healthy,,D009A,0.473,Healthy,Good,None,D09,original,False
1313,109.23348554,-0.44474638,8.46,0.482,TM,Healthy,,D009A,0.482,Healthy,Good,None,D09,original,False
1314,109.23181966,-0.44109804,8.46,0.447,TM,Healthy,,D009A,0.447,Normal,Moderate,Routine,D09,original,False
1315,109.23161433,-0.44523424,8.46,0.465,TM,Healthy,,D009A,0.465,Healthy,Good,None,D09,original,False
1316,109.2322601,-0.44178179,8.46,0.511,TM,Healthy,,D009A,0.511,Healthy,Good,None,D09,original,False
1317,109.23244954,-0.44030241,8.46,0.409,TM,Healthy,,D009A,0.409,Abnormal,Sub-Optimal,Monitor,D09,original,False
1318,109.23152849,-0.44544131,8.45,0.407,TM,Healthy,,D009A,0.407,Abnormal,Sub-Optimal,Monitor,D09,original,False
1319,109.23141902,-0.4430467,8.45,0.423,TM,Healthy,,D009A,0.423,Abnormal,Sub-Optimal,Monitor,D09,original,False
1320,109.23188817,-0.44578955,8.44,0.433,TM,Healthy,,D009A,0.433,Normal,Moderate,Routine,D09,original,False
1321,109.23258374,-0.44447125,8.44,0.491,TM,Healthy,,D009A,0.491,Healthy,Good,None,D09,original,False
1322,109.23232565,-0.44567978,8.43,0.43,TM,Healthy,,D009A,0.43,Normal,Moderate,Routine,D09,original,False
1323,109.23215094,-0.44753988,8.43,0.446,TM,Healthy,,D009A,0.446,Normal,Moderate,Routine,D09,original,False
1324,109.23331447,-0.44264022,8.41,0.459,TM,Healthy,,D009A,0.459,Normal,Moderate,Routine,D09,original,False
1325,109.23350162,-0.44888128,8.41,0.531,TM,Healthy,,D009A,0.531,Healthy,Good,None,D09,original,False
1326,109.23290146,-0.44748987,8.41,0.394,TM,Healthy,,D009A,0.394,Abnormal,Sub-Optimal,Monitor,D09,original,False
1327,109.23286806,-0.44249181,8.41,0.364,TM,Suspect,Circle_5m,D009A,0.364,Suspect,Critical,Priority Survey,D09,original,False
1328,109.23286466,-0.44360455,8.41,0.554,TM,Healthy,,D009A,0.554,Healthy,Good,None,D09,original,False
1329,109.23309442,-0.44252533,8.41,0.384,TM,Healthy,,D009A,0.384,Suspect,Critical,Priority Survey,D09,original,False
1330,109.23210661,-0.44321868,8.4,0.464,TM,Healthy,,D009A,0.464,Healthy,Good,None,D09,original,False
1331,109.23298001,-0.44578981,8.4,0.444,TM,Healthy,,D009A,0.444,Normal,Moderate,Routine,D09,original,False
1332,109.23263553,-0.44201338,8.4,0.494,TM,Healthy,,D009A,0.494,Healthy,Good,None,D09,original,False
1333,109.23267459,-0.44582998,8.39,0.481,TM,Healthy,,D009A,0.481,Healthy,Good,None,D09,original,False
1334,109.23341002,-0.44877862,8.39,0.436,TM,Healthy,,D009A,0.436,Normal,Moderate,Routine,D09,original,False
1335,109.23354523,-0.4486828,8.38,0.488,TM,Healthy,,D009A,0.488,Healthy,Good,None,D09,original,False
1336,109.23304022,-0.44570075,8.38,0.518,TM,Healthy,,D009A,0.518,Healthy,Good,None,D09,original,False
1337,109.23335929,-0.44304084,8.38,0.444,TM,Healthy,,D009A,0.444,Normal,Moderate,Routine,D09,original,False
1338,109.23331397,-0.44096366,8.37,0.519,TM,Healthy,,D009A,0.519,Healthy,Good,None,D09,original,False
1339,109.23136059,-0.44323614,8.37,0.324,TM,Suspect,Circle_5m,D009A,0.324,Suspect,Critical,Priority Survey,D09,original,False
1340,109.23323938,-0.44301142,8.37,0.445,TM,Healthy,,D009A,0.445,Normal,Moderate,Routine,D09,original,False
1341,109.23342495,-0.44075162,8.36,0.465,TM,Healthy,,D009A,0.465,Healthy,Good,None,D09,original,False
1342,109.23155158,-0.44467402,8.36,0.452,TM,Healthy,,D009A,0.452,Normal,Moderate,Routine,D09,original,False
1343,109.23171578,-0.44356991,8.36,0.454,TM,Healthy,,D009A,0.454,Normal,Moderate,Routine,D09,original,False
1344,109.2329756,-0.44547647,8.36,0.405,TM,Healthy,,D009A,0.405,Abnormal,Sub-Optimal,Monitor,D09,original,False
1345,109.23151393,-0.44056624,8.36,0.409,TM,Healthy,,D009A,0.409,Abnormal,Sub-Optimal,Monitor,D09,original,False
1346,109.23208181,-0.44549932,8.35,0.466,TM,Healthy,,D009A,0.466,Healthy,Good,None,D09,original,False
1347,109.23257093,-0.44357328,8.35,0.489,TM,Healthy,,D009A,0.489,Healthy,Good,None,D09,original,False
1348,109.23305834,-0.44695095,8.34,0.45,TM,Healthy,,D009A,0.45,Normal,Moderate,Routine,D09,original,False
1349,109.23257623,-0.44585392,8.34,0.448,TM,Healthy,,D009A,0.448,Normal,Moderate,Routine,D09,original,False
1350,109.23195271,-0.44821308,8.34,0.416,TM,Healthy,,D009A,0.416,Abnormal,Sub-Optimal,Monitor,D09,original,False
1351,109.23231557,-0.44463441,8.34,0.583,TM,Healthy,,D009A,0.583,Healthy,Good,None,D09,original,False
1352,109.23173886,-0.44658303,8.34,0.441,TM,Healthy,,D009A,0.441,Normal,Moderate,Routine,D09,original,False
1353,109.23343559,-0.44892919,8.34,0.378,TM,Suspect,Circle_5m,D009A,0.378,Suspect,Critical,Priority Survey,D09,original,False
1354,109.23228414,-0.4445806,8.33,0.52,TM,Healthy,,D009A,0.52,Healthy,Good,None,D09,original,False
1355,109.23176559,-0.44751175,8.33,0.382,TM,Healthy,,D009A,0.382,Suspect,Critical,Priority Survey,D09,original,False
1356,109.23205336,-0.44804626,8.33,0.454,TM,Healthy,,D009A,0.454,Normal,Moderate,Routine,D09,original,False
1357,109.23277463,-0.44634636,8.33,0.45,TM,Healthy,,D009A,0.45,Normal,Moderate,Routine,D09,original,False
1358,109.23156602,-0.44628683,8.33,0.418,TM,Healthy,,D009A,0.418,Abnormal,Sub-Optimal,Monitor,D09,original,False
1359,109.23327976,-0.448822,8.33,0.515,TM,Healthy,,D009A,0.515,Healthy,Good,None,D09,original,False
1360,109.23211482,-0.44643708,8.33,0.429,TM,Healthy,,D009A,0.429,Abnormal,Sub-Optimal,Monitor,D09,original,False
1361,109.23304034,-0.44518395,8.32,0.451,TM,Healthy,,D009A,0.451,Normal,Moderate,Routine,D09,original,False
1362,109.23346095,-0.44805158,8.32,0.441,TM,Healthy,,D009A,0.441,Normal,Moderate,Routine,D09,original,False
1363,109.23315041,-0.44316875,8.31,0.521,TM,Healthy,,D009A,0.521,Healthy,Good,None,D09,original,False
1364,109.23242381,-0.44839089,8.31,0.461,TM,Healthy,,D009A,0.461,Healthy,Good,None,D09,original,False
1365,109.2322537,-0.44791835,8.31,0.411,TM,Healthy,,D009A,0.411,Abnormal,Sub-Optimal,Monitor,D09,original,False
1366,109.23242172,-0.44587875,8.3,0.474,TM,Healthy,,D009A,0.474,Healthy,Good,None,D09,original,False
1367,109.23213137,-0.44674229,8.3,0.453,TM,Healthy,,D009A,0.453,Normal,Moderate,Routine,D09,original,False
1368,109.23146196,-0.44381401,8.3,0.46,TM,Healthy,,D009A,0.46,Healthy,Good,None,D09,original,False
1369,109.23331876,-0.44724355,8.3,0.393,TM,Healthy,,D009A,0.393,Abnormal,Sub-Optimal,Monitor,D09,original,False
1370,109.23306935,-0.44783716,8.3,0.446,TM,Healthy,,D009A,0.446,Normal,Moderate,Routine,D09,original,False
1371,109.23136916,-0.4411974,8.3,0.397,TM,Healthy,,D009A,0.397,Abnormal,Sub-Optimal,Monitor,D09,original,False
1372,109.23326085,-0.44713276,8.29,0.534,TM,Healthy,,D009A,0.534,Healthy,Good,None,D09,original,False
1373,109.23211675,-0.4402223,8.29,0.238,TM,Suspect,Circle_5m,D009A,0.238,Suspect,Critical,Priority Survey,D09,original,False
1374,109.23195838,-0.44702755,8.29,0.468,TM,Healthy,,D009A,0.468,Healthy,Good,None,D09,original,False
1375,109.23314187,-0.44320582,8.29,0.475,TM,Healthy,,D009A,0.475,Healthy,Good,None,D09,original,False
1376,109.23143131,-0.44425575,8.29,0.389,TM,Healthy,,D009A,0.389,Suspect,Critical,Priority Survey,D09,original,False
1377,109.23260144,-0.44181398,8.28,0.504,TM,Healthy,,D009A,0.504,Healthy,Good,None,D09,original,False
1378,109.23319263,-0.44503975,8.28,0.497,TM,Healthy,,D009A,0.497,Healthy,Good,None,D09,original,False
1379,109.23202163,-0.44548393,8.28,0.445,TM,Healthy,,D009A,0.445,Normal,Moderate,Routine,D09,original,False
1380,109.23148767,-0.44144928,8.28,0.493,TM,Healthy,,D009A,0.493,Healthy,Good,None,D09,original,False
1381,109.23269805,-0.44539864,8.28,0.423,TM,Healthy,,D009A,0.423,Abnormal,Sub-Optimal,Monitor,D09,original,False
1382,109.2313951,-0.44356079,8.28,0.445,TM,Healthy,,D009A,0.445,Normal,Moderate,Routine,D09,original,False
1383,109.23301653,-0.44711236,8.28,0.424,TM,Healthy,,D009A,0.424,Abnormal,Sub-Optimal,Monitor,D09,original,False
1384,109.23201308,-0.44556848,8.28,0.563,TM,Healthy,,D009A,0.563,Healthy,Good,None,D09,original,False
1385,109.2329385,-0.44658965,8.27,0.53,TM,Healthy,,D009A,0.53,Healthy,Good,None,D09,original,False
1386,109.23143895,-0.44235582,8.27,0.467,TM,Healthy,,D009A,0.467,Healthy,Good,None,D09,original,False
1387,109.23287773,-0.4414989,8.27,0.438,TM,Healthy,,D009A,0.438,Normal,Moderate,Routine,D09,original,False
1388,109.23142054,-0.44611137,8.27,0.299,TM,Suspect,Circle_5m,D009A,0.299,Suspect,Critical,Priority Survey,D09,original,False
1389,109.23147852,-0.44593821,8.27,0.41,TM,Healthy,,D009A,0.41,Abnormal,Sub-Optimal,Monitor,D09,original,False
1390,109.23310906,-0.44519346,8.26,0.46,TM,Healthy,,D009A,0.46,Healthy,Good,None,D09,original,False
1391,109.23180919,-0.44549609,8.26,0.502,TM,Healthy,,D009A,0.502,Healthy,Good,None,D09,original,False
1392,109.23172786,-0.44184904,8.26,0.454,TM,Healthy,,D009A,0.454,Normal,Moderate,Routine,D09,original,False
1393,109.23307203,-0.44790906,8.26,0.496,TM,Healthy,,D009A,0.496,Healthy,Good,None,D09,original,False
1394,109.23241067,-0.44701636,8.25,0.478,TM,Healthy,,D009A,0.478,Healthy,Good,None,D09,original,False
1395,109.23185919,-0.4410664,8.25,0.48,TM,Healthy,,D009A,0.48,Healthy,Good,None,D09,original,False
1396,109.23177991,-0.44586548,8.25,0.45,TM,Healthy,,D009A,0.45,Normal,Moderate,Routine,D09,original,False
1397,109.23299846,-0.44378906,8.25,0.434,TM,Healthy,,D009A,0.434,Normal,Moderate,Routine,D09,original,False
1398,109.23216429,-0.44239308,8.25,0.452,TM,Healthy,,D009A,0.452,Normal,Moderate,Routine,D09,original,False
1399,109.23153586,-0.4484282,8.25,0.444,TM,Healthy,,D009A,0.444,Normal,Moderate,Routine,D09,original,False
1400,109.23297041,-0.44082793,8.24,0.395,TM,Healthy,,D009A,0.395,Abnormal,Sub-Optimal,Monitor,D09,original,False
1401,109.23162545,-0.44564932,8.24,0.406,TM,Healthy,,D009A,0.406,Abnormal,Sub-Optimal,Monitor,D09,original,False
1402,109.23266055,-0.44062936,8.24,0.516,TM,Healthy,,D009A,0.516,Healthy,Good,None,D09,original,False
1403,109.23265744,-0.44618491,8.24,0.372,TM,Suspect,Circle_5m,D009A,0.372,Suspect,Critical,Priority Survey,D09,original,False
1404,109.23353944,-0.44472695,8.24,0.451,TM,Healthy,,D009A,0.451,Normal,Moderate,Routine,D09,original,False
1405,109.23232523,-0.44742508,8.23,0.419,TM,Healthy,,D009A,0.419,Abnormal,Sub-Optimal,Monitor,D09,original,False
1406,109.231437,-0.44299652,8.23,0.396,TM,Healthy,,D009A,0.396,Abnormal,Sub-Optimal,Monitor,D09,original,False
1407,109.23349895,-0.44878407,8.23,0.473,TM,Healthy,,D009A,0.473,Healthy,Good,None,D09,original,False
1408,109.2314636,-0.44446194,8.23,0.388,TM,Healthy,,D009A,0.388,Suspect,Critical,Priority Survey,D09,original,False
1409,109.23227651,-0.44833479,8.23,0.525,TM,Healthy,,D009A,0.525,Healthy,Good,None,D09,original,False
1410,109.2333592,-0.44532645,8.22,0.451,TM,Healthy,,D009A,0.451,Normal,Moderate,Routine,D09,original,False
1411,109.23276426,-0.44081793,8.22,0.501,TM,Healthy,,D009A,0.501,Healthy,Good,None,D09,original,False
1412,109.23258988,-0.44131345,8.22,0.418,TM,Healthy,,D009A,0.418,Abnormal,Sub-Optimal,Monitor,D09,original,False
1413,109.23264613,-0.44653623,8.22,0.375,TM,Suspect,Circle_5m,D009A,0.375,Suspect,Critical,Priority Survey,D09,original,False
1414,109.23312274,-0.44241501,8.21,0.455,TM,Healthy,,D009A,0.455,Normal,Moderate,Routine,D09,original,False
1415,109.23174733,-0.44307165,8.21,0.421,TM,Healthy,,D009A,0.421,Abnormal,Sub-Optimal,Monitor,D09,original,False
1416,109.23303316,-0.44704951,8.21,0.396,TM,Healthy,,D009A,0.396,Abnormal,Sub-Optimal,Monitor,D09,original,False
1417,109.23162719,-0.440205,8.21,0.337,TM,Suspect,Circle_5m,D009A,0.337,Suspect,Critical,Priority Survey,D09,original,False
1418,109.23339542,-0.4403058,8.2,0.43,TM,Healthy,,D009A,0.43,Normal,Moderate,Routine,D09,original,False
1419,109.2332204,-0.4472788,8.2,0.427,TM,Healthy,,D009A,0.427,Abnormal,Sub-Optimal,Monitor,D09,original,False
1420,109.23206672,-0.44476728,8.19,0.553,TM,Healthy,,D009A,0.553,Healthy,Good,None,D09,original,False
1421,109.2328767,-0.44204147,8.19,0.401,TM,Healthy,,D009A,0.401,Abnormal,Sub-Optimal,Monitor,D09,original,False
1422,109.2314395,-0.44191679,8.19,0.459,TM,Healthy,,D009A,0.459,Normal,Moderate,Routine,D09,original,False
1423,109.23204388,-0.44636743,8.19,0.55,TM,Healthy,,D009A,0.55,Healthy,Good,None,D09,original,False
1424,109.23316036,-0.44667607,8.19,0.35,TM,Suspect,Circle_5m,D009A,0.35,Suspect,Critical,Priority Survey,D09,original,False
1425,109.23152804,-0.44732993,8.19,0.436,TM,Healthy,,D009A,0.436,Normal,Moderate,Routine,D09,original,False
1426,109.23141745,-0.44587489,8.18,0.566,TM,Healthy,,D009A,0.566,Healthy,Good,None,D09,original,False
1427,109.23352171,-0.44752394,8.18,0.427,TM,Healthy,,D009A,0.427,Abnormal,Sub-Optimal,Monitor,D09,original,False
1428,109.23262671,-0.44129763,8.18,0.483,TM,Healthy,,D009A,0.483,Healthy,Good,None,D09,original,False
1429,109.23265066,-0.44258897,8.18,0.457,TM,Healthy,,D009A,0.457,Normal,Moderate,Routine,D09,original,False
1430,109.23154728,-0.44761389,8.18,0.394,TM,Healthy,,D009A,0.394,Abnormal,Sub-Optimal,Monitor,D09,original,False
1431,109.23275495,-0.44031514,8.18,0.486,TM,Healthy,,D009A,0.486,Healthy,Good,None,D09,original,False
1432,109.23334744,-0.4437688,8.17,0.439,TM,Healthy,,D009A,0.439,Normal,Moderate,Routine,D09,original,False
1433,109.23300254,-0.44360051,8.17,0.49,TM,Healthy,,D009A,0.49,Healthy,Good,None,D09,original,False
1434,109.23293266,-0.44847873,8.17,0.447,TM,Healthy,,D009A,0.447,Normal,Moderate,Routine,D09,original,False
1435,109.23155566,-0.44264116,8.17,0.401,TM,Healthy,,D009A,0.401,Abnormal,Sub-Optimal,Monitor,D09,original,False
1436,109.2325351,-0.44693319,8.16,0.422,TM,Healthy,,D009A,0.422,Abnormal,Sub-Optimal,Monitor,D09,original,False
1437,109.23316013,-0.44574012,8.16,0.536,TM,Healthy,,D009A,0.536,Healthy,Good,None,D09,original,False
1438,109.23334429,-0.44755147,8.16,0.459,TM,Healthy,,D009A,0.459,Normal,Moderate,Routine,D09,original,False
1439,109.23271628,-0.44050096,8.16,0.498,TM,Healthy,,D009A,0.498,Healthy,Good,None,D09,original,False
1440,109.23239541,-0.44697068,8.16,0.43,TM,Healthy,,D009A,0.43,Normal,Moderate,Routine,D09,original,False
1441,109.23319354,-0.44122994,8.16,0.468,TM,Healthy,,D009A,0.468,Healthy,Good,None,D09,original,False
1442,109.23207363,-0.44022817,8.16,0.292,TM,Suspect,Circle_5m,D009A,0.292,Suspect,Critical,Priority Survey,D09,original,False
1443,109.23204409,-0.44733594,8.15,0.505,TM,Healthy,,D009A,0.505,Healthy,Good,None,D09,original,False
1444,109.23311019,-0.44231553,8.15,0.413,TM,Healthy,,D009A,0.413,Abnormal,Sub-Optimal,Monitor,D09,original,False
1445,109.23341443,-0.44346678,8.15,0.397,TM,Healthy,,D009A,0.397,Abnormal,Sub-Optimal,Monitor,D09,original,False
1446,109.23338387,-0.44355042,8.14,0.404,TM,Healthy,,D009A,0.404,Abnormal,Sub-Optimal,Monitor,D09,original,False
1447,109.23132077,-0.44070184,8.14,0.271,TM,Suspect,Circle_5m,D009A,0.271,Suspect,Critical,Priority Survey,D09,original,False
1448,109.23186096,-0.44499195,8.13,0.457,TM,Healthy,,D009A,0.457,Normal,Moderate,Routine,D09,original,False
1449,109.23287241,-0.44119098,8.13,0.536,TM,Healthy,,D009A,0.536,Healthy,Good,None,D09,original,False
1450,109.23252483,-0.44479814,8.13,0.454,TM,Healthy,,D009A,0.454,Normal,Moderate,Routine,D09,original,False
1451,109.23289422,-0.44394231,8.13,0.484,TM,Healthy,,D009A,0.484,Healthy,Good,None,D09,original,False
1452,109.23158855,-0.44219716,8.13,0.468,TM,Healthy,,D009A,0.468,Healthy,Good,None,D09,original,False
1453,109.23291517,-0.44836072,8.13,0.457,TM,Healthy,,D009A,0.457,Normal,Moderate,Routine,D09,original,False
1454,109.23186444,-0.44547982,8.13,0.432,TM,Healthy,,D009A,0.432,Normal,Moderate,Routine,D09,original,False
1455,109.23225021,-0.44181932,8.13,0.482,TM,Healthy,,D009A,0.482,Healthy,Good,None,D09,original,False
1456,109.23271477,-0.44306872,8.13,0.39,TM,Healthy,,D009A,0.39,Abnormal,Sub-Optimal,Monitor,D09,original,False
1457,109.23244686,-0.44591357,8.13,0.463,TM,Healthy,,D009A,0.463,Healthy,Good,None,D09,original,False
1458,109.23209869,-0.44814982,8.12,0.431,TM,Healthy,,D009A,0.431,Normal,Moderate,Routine,D09,original,False
1459,109.23293935,-0.44490811,8.12,0.509,TM,Healthy,,D009A,0.509,Healthy,Good,None,D09,original,False
1460,109.23177051,-0.44383895,8.12,0.407,TM,Healthy,,D009A,0.407,Abnormal,Sub-Optimal,Monitor,D09,original,False
1461,109.23329016,-0.44478069,8.12,0.445,TM,Healthy,,D009A,0.445,Normal,Moderate,Routine,D09,original,False
1462,109.23158651,-0.44509724,8.12,0.438,TM,Healthy,,D009A,0.438,Normal,Moderate,Routine,D09,original,False
1463,109.23319407,-0.44464909,8.12,0.527,TM,Healthy,,D009A,0.527,Healthy,Good,None,D09,original,False
1464,109.23284899,-0.445268,8.11,0.419,TM,Healthy,,D009A,0.419,Abnormal,Sub-Optimal,Monitor,D09,original,False
1465,109.23349091,-0.4429518,8.11,0.431,TM,Healthy,,D009A,0.431,Normal,Moderate,Routine,D09,original,False
1466,109.23237648,-0.44534249,8.11,0.481,TM,Healthy,,D009A,0.481,Healthy,Good,None,D09,original,False
1467,109.23278564,-0.44156172,8.11,0.466,TM,Healthy,,D009A,0.466,Healthy,Good,None,D09,original,False
1468,109.23209281,-0.44646737,8.11,0.439,TM,Healthy,,D009A,0.439,Normal,Moderate,Routine,D09,original,False
1469,109.23167668,-0.44556795,8.11,0.497,TM,Healthy,,D009A,0.497,Healthy,Good,None,D09,original,False
1470,109.23321232,-0.44534586,8.1,0.373,TM,Suspect,Circle_5m,D009A,0.373,Suspect,Critical,Priority Survey,D09,original,False
1471,109.23215159,-0.4485952,8.1,0.481,TM,Healthy,,D009A,0.481,Healthy,Good,None,D09,original,False
1472,109.23164745,-0.44569002,8.1,0.448,TM,Healthy,,D009A,0.448,Normal,Moderate,Routine,D09,original,False
1473,109.23299156,-0.44444422,8.1,0.348,TM,Suspect,Circle_5m,D009A,0.348,Suspect,Critical,Priority Survey,D09,original,False
1474,109.23163155,-0.44267418,8.1,0.384,TM,Healthy,,D009A,0.384,Suspect,Critical,Priority Survey,D09,original,False
1475,109.23168045,-0.44099763,8.09,0.508,TM,Healthy,,D009A,0.508,Healthy,Good,None,D09,original,False
1476,109.23176319,-0.4424807,8.09,0.455,TM,Healthy,,D009A,0.455,Normal,Moderate,Routine,D09,original,False
1477,109.23257955,-0.44697842,8.09,0.379,TM,Suspect,Circle_5m,D009A,0.379,Suspect,Critical,Priority Survey,D09,original,False
1478,109.23219256,-0.44628292,8.09,0.392,TM,Healthy,,D009A,0.392,Abnormal,Sub-Optimal,Monitor,D09,original,False
1479,109.23220399,-0.44545865,8.08,0.45,TM,Healthy,,D009A,0.45,Normal,Moderate,Routine,D09,original,False
1480,109.23196909,-0.44734134,8.08,0.516,TM,Healthy,,D009A,0.516,Healthy,Good,None,D09,original,False
1481,109.23302418,-0.44515139,8.07,0.418,TM,Healthy,,D009A,0.418,Abnormal,Sub-Optimal,Monitor,D09,original,False
1482,109.23334187,-0.44454061,8.07,0.457,TM,Healthy,,D009A,0.457,Normal,Moderate,Routine,D09,original,False
1483,109.23180272,-0.44626835,8.07,0.456,TM,Healthy,,D009A,0.456,Normal,Moderate,Routine,D09,original,False
1484,109.23180107,-0.4456254,8.07,0.422,TM,Healthy,,D009A,0.422,Abnormal,Sub-Optimal,Monitor,D09,original,False
1485,109.23329347,-0.44783451,8.07,0.405,TM,Healthy,,D009A,0.405,Abnormal,Sub-Optimal,Monitor,D09,original,False
1486,109.23210242,-0.44760362,8.06,0.491,TM,Healthy,,D009A,0.491,Healthy,Good,None,D09,original,False
1487,109.23295559,-0.44649109,8.06,0.448,TM,Healthy,,D009A,0.448,Normal,Moderate,Routine,D09,original,False
1488,109.23323699,-0.44735702,8.06,0.503,TM,Healthy,,D009A,0.503,Healthy,Good,None,D09,original,False
1489,109.23361856,-0.44254806,8.06,0.446,TM,Healthy,,D009A,0.446,Normal,Moderate,Routine,D09,original,False
1490,109.23344623,-0.44574562,8.06,0.448,TM,Healthy,,D009A,0.448,Normal,Moderate,Routine,D09,original,False
1491,109.23235888,-0.44571913,8.06,0.545,TM,Healthy,,D009A,0.545,Healthy,Good,None,D09,original,False
1492,109.23203022,-0.44525243,8.05,0.371,TM,Suspect,Circle_5m,D009A,0.371,Suspect,Critical,Priority Survey,D09,original,False
1493,109.23142025,-0.44542636,8.05,0.34,TM,Suspect,Circle_5m,D009A,0.34,Suspect,Critical,Priority Survey,D09,original,False
1494,109.23258535,-0.44715792,8.05,0.498,TM,Healthy,,D009A,0.498,Healthy,Good,None,D09,original,False
1495,109.23319809,-0.442883,8.05,0.498,TM,Healthy,,D009A,0.498,Healthy,Good,None,D09,original,False
1496,109.23287069,-0.44843847,8.04,0.385,TM,Healthy,,D009A,0.385,Suspect,Critical,Priority Survey,D09,original,False
1497,109.23202915,-0.44030999,8.04,0.514,TM,Healthy,,D009A,0.514,Healthy,Good,None,D09,original,False
1498,109.23149166,-0.44732585,8.04,0.412,TM,Healthy,,D009A,0.412,Abnormal,Sub-Optimal,Monitor,D09,original,False
1499,109.23226967,-0.44689424,8.04,0.48,TM,Healthy,,D009A,0.48,Healthy,Good,None,D09,original,False
1500,109.23222802,-0.44259384,8.04,0.454,TM,Healthy,,D009A,0.454,Normal,Moderate,Routine,D09,original,False
1501,109.23213064,-0.4479242,8.04,0.474,TM,Healthy,,D009A,0.474,Healthy,Good,None,D09,original,False
1502,109.23268522,-0.44645078,8.04,0.525,TM,Healthy,,D009A,0.525,Healthy,Good,None,D09,original,False
1503,109.2332433,-0.44539515,8.04,0.409,TM,Healthy,,D009A,0.409,Abnormal,Sub-Optimal,Monitor,D09,original,False
1504,109.23208351,-0.44402034,8.03,0.514,TM,Healthy,,D009A,0.514,Healthy,Good,None,D09,original,False
1505,109.23342247,-0.44741992,8.02,0.404,TM,Healthy,,D009A,0.404,Abnormal,Sub-Optimal,Monitor,D09,original,False
1506,109.23328652,-0.44872433,8.02,0.44,TM,Healthy,,D009A,0.44,Normal,Moderate,Routine,D09,original,False
1507,109.23171998,-0.44099899,8.01,0.498,TM,Healthy,,D009A,0.498,Healthy,Good,None,D09,original,False
1508,109.23164124,-0.44348896,8.01,0.463,TM,Healthy,,D009A,0.463,Healthy,Good,None,D09,original,False
1509,109.23272699,-0.44644311,8.01,0.475,TM,Healthy,,D009A,0.475,Healthy,Good,None,D09,original,False
1510,109.23281166,-0.44168788,8.01,0.584,TM,Healthy,,D009A,0.584,Healthy,Good,None,D09,original,False
1511,109.23219726,-0.44539445,8.0,0.436,TM,Healthy,,D009A,0.436,Normal,Moderate,Routine,D09,original,False
1512,109.23248479,-0.44129036,8.0,0.531,TM,Healthy,,D009A,0.531,Healthy,Good,None,D09,original,False
1513,109.23152216,-0.4456086,8.0,0.466,TM,Healthy,,D009A,0.466,Healthy,Good,None,D09,original,False
1514,109.23209951,-0.44660121,8.0,0.427,TM,Healthy,,D009A,0.427,Abnormal,Sub-Optimal,Monitor,D09,original,False
1515,109.2328874,-0.44047614,7.99,0.437,TM,Healthy,,D009A,0.437,Normal,Moderate,Routine,D09,original,False
1516,109.23187662,-0.44334026,7.99,0.44,TM,Healthy,,D009A,0.44,Normal,Moderate,Routine,D09,original,False
1517,109.23259191,-0.44222362,7.98,0.55,TM,Healthy,,D009A,0.55,Healthy,Good,None,D09,original,False
1518,109.23275608,-0.44688938,7.98,0.497,TM,Healthy,,D009A,0.497,Healthy,Good,None,D09,original,False
1519,109.2330116,-0.44891462,7.98,0.418,TM,Healthy,,D009A,0.418,Abnormal,Sub-Optimal,Monitor,D09,original,False
1520,109.23296021,-0.44595123,7.98,0.529,TM,Healthy,,D009A,0.529,Healthy,Good,None,D09,original,False
1521,109.23237098,-0.44580233,7.98,0.575,TM,Healthy,,D009A,0.575,Healthy,Good,None,D09,original,False
1522,109.23250145,-0.44677357,7.97,0.489,TM,Healthy,,D009A,0.489,Healthy,Good,None,D09,original,False
1523,109.23181322,-0.44553904,7.97,0.493,TM,Healthy,,D009A,0.493,Healthy,Good,None,D09,original,False
1524,109.23280211,-0.44031199,7.97,0.468,TM,Healthy,,D009A,0.468,Healthy,Good,None,D09,original,False
1525,109.23225838,-0.44336838,7.96,0.43,TM,Healthy,,D009A,0.43,Normal,Moderate,Routine,D09,original,False
1526,109.23275227,-0.44213775,7.96,0.562,TM,Healthy,,D009A,0.562,Healthy,Good,None,D09,original,False
1527,109.23338588,-0.44455328,7.96,0.417,TM,Healthy,,D009A,0.417,Abnormal,Sub-Optimal,Monitor,D09,original,False
1528,109.23148463,-0.44288259,7.96,0.467,TM,Healthy,,D009A,0.467,Healthy,Good,None,D09,original,False
1529,109.23178059,-0.44110346,7.96,0.543,TM,Healthy,,D009A,0.543,Healthy,Good,None,D09,original,False
1530,109.23308123,-0.44511071,7.96,0.549,TM,Healthy,,D009A,0.549,Healthy,Good,None,D09,original,False
1531,109.2336148,-0.44322899,7.96,0.4,TM,Healthy,,D009A,0.4,Abnormal,Sub-Optimal,Monitor,D09,original,False
1532,109.23351364,-0.44555437,7.96,0.328,TM,Suspect,Circle_5m,D009A,0.328,Suspect,Critical,Priority Survey,D09,original,False
1533,109.23170738,-0.44298302,7.96,0.497,TM,Healthy,,D009A,0.497,Healthy,Good,None,D09,original,False
1534,109.231805,-0.44799601,7.95,0.456,TM,Healthy,,D009A,0.456,Normal,Moderate,Routine,D09,original,False
1535,109.23339216,-0.44645276,7.95,0.516,TM,Healthy,,D009A,0.516,Healthy,Good,None,D09,original,False
1536,109.23290263,-0.44446726,7.95,0.455,TM,Healthy,,D009A,0.455,Normal,Moderate,Routine,D09,original,False
1537,109.23230062,-0.4413699,7.95,0.476,TM,Healthy,,D009A,0.476,Healthy,Good,None,D09,original,False
1538,109.2330624,-0.44687002,7.94,0.492,TM,Healthy,,D009A,0.492,Healthy,Good,None,D09,original,False
1539,109.23138921,-0.44564248,7.94,0.397,TM,Healthy,,D009A,0.397,Abnormal,Sub-Optimal,Monitor,D09,original,False
1540,109.23276489,-0.4438627,7.94,0.471,TM,Healthy,,D009A,0.471,Healthy,Good,None,D09,original,False
1541,109.23142664,-0.44876548,7.93,0.428,TM,Healthy,,D009A,0.428,Abnormal,Sub-Optimal,Monitor,D09,original,False
1542,109.23142165,-0.44141761,7.93,0.557,TM,Healthy,,D009A,0.557,Healthy,Good,None,D09,original,False
1543,109.23323748,-0.44719425,7.93,0.496,TM,Healthy,,D009A,0.496,Healthy,Good,None,D09,original,False
1544,109.23223311,-0.4457399,7.93,0.415,TM,Healthy,,D009A,0.415,Abnormal,Sub-Optimal,Monitor,D09,original,False
1545,109.23141781,-0.44248242,7.93,0.448,TM,Healthy,,D009A,0.448,Normal,Moderate,Routine,D09,original,False
1546,109.23223626,-0.4476127,7.92,0.366,TM,Suspect,Circle_5m,D009A,0.366,Suspect,Critical,Priority Survey,D09,original,False
1547,109.23282229,-0.44041508,7.91,0.489,TM,Healthy,,D009A,0.489,Healthy,Good,None,D09,original,False
1548,109.23222976,-0.44282263,7.91,0.407,TM,Healthy,,D009A,0.407,Abnormal,Sub-Optimal,Monitor,D09,original,False
1549,109.23254633,-0.44689883,7.91,0.49,TM,Healthy,,D009A,0.49,Healthy,Good,None,D09,original,False
1550,109.23345892,-0.44335059,7.91,0.425,TM,Healthy,,D009A,0.425,Abnormal,Sub-Optimal,Monitor,D09,original,False
1551,109.2315849,-0.44622218,7.91,0.444,TM,Healthy,,D009A,0.444,Normal,Moderate,Routine,D09,original,False
1552,109.23298954,-0.44349199,7.91,0.499,TM,Healthy,,D009A,0.499,Healthy,Good,None,D09,original,False
1553,109.2314342,-0.44343375,7.9,0.395,TM,Healthy,,D009A,0.395,Abnormal,Sub-Optimal,Monitor,D09,original,False
1554,109.23186738,-0.44630816,7.9,0.437,TM,Healthy,,D009A,0.437,Normal,Moderate,Routine,D09,original,False
1555,109.23173398,-0.4444602,7.9,0.511,TM,Healthy,,D009A,0.511,Healthy,Good,None,D09,original,False
1556,109.23288089,-0.44143243,7.9,0.502,TM,Healthy,,D009A,0.502,Healthy,Good,None,D09,original,False
1557,109.23150773,-0.44208546,7.9,0.596,TM,Healthy,,D009A,0.596,Healthy,Good,None,D09,original,False
1558,109.23293727,-0.44232951,7.89,0.46,TM,Healthy,,D009A,0.46,Healthy,Good,None,D09,original,False
1559,109.23203779,-0.44172658,7.89,0.466,TM,Healthy,,D009A,0.466,Healthy,Good,None,D09,original,False
1560,109.23310795,-0.44794072,7.89,0.412,TM,Healthy,,D009A,0.412,Abnormal,Sub-Optimal,Monitor,D09,original,False
1561,109.23269524,-0.44588017,7.89,0.481,TM,Healthy,,D009A,0.481,Healthy,Good,None,D09,original,False
1562,109.23152743,-0.44236082,7.88,0.433,TM,Healthy,,D009A,0.433,Normal,Moderate,Routine,D09,original,False
1563,109.23314033,-0.44209986,7.88,0.483,TM,Healthy,,D009A,0.483,Healthy,Good,None,D09,original,False
1564,109.23146836,-0.44331167,7.88,0.462,TM,Healthy,,D009A,0.462,Healthy,Good,None,D09,original,False
1565,109.23348773,-0.44121012,7.88,0.456,TM,Healthy,,D009A,0.456,Normal,Moderate,Routine,D09,original,False
1566,109.2333244,-0.4424128,7.88,0.51,TM,Healthy,,D009A,0.51,Healthy,Good,None,D09,original,False
1567,109.2323446,-0.44529998,7.88,0.464,TM,Healthy,,D009A,0.464,Healthy,Good,None,D09,original,False
1568,109.23314066,-0.44640071,7.87,0.471,TM,Healthy,,D009A,0.471,Healthy,Good,None,D09,original,False
1569,109.23255618,-0.44515309,7.87,0.433,TM,Healthy,,D009A,0.433,Normal,Moderate,Routine,D09,original,False
1570,109.23200698,-0.44665318,7.86,0.432,TM,Healthy,,D009A,0.432,Normal,Moderate,Routine,D09,original,False
1571,109.23152544,-0.44879263,7.86,0.421,TM,Healthy,,D009A,0.421,Abnormal,Sub-Optimal,Monitor,D09,original,False
1572,109.23147151,-0.44141582,7.86,0.433,TM,Healthy,,D009A,0.433,Normal,Moderate,Routine,D09,original,False
1573,109.23172735,-0.44021452,7.86,0.369,TM,Suspect,Circle_5m,D009A,0.369,Suspect,Critical,Priority Survey,D09,original,False
1574,109.23161126,-0.44301148,7.86,0.463,TM,Healthy,,D009A,0.463,Healthy,Good,None,D09,original,False
1575,109.23354877,-0.44137743,7.85,0.386,TM,Healthy,,D009A,0.386,Suspect,Critical,Priority Survey,D09,original,False
1576,109.23282483,-0.44487372,7.85,0.496,TM,Healthy,,D009A,0.496,Healthy,Good,None,D09,original,False
1577,109.23341512,-0.44809588,7.85,0.523,TM,Healthy,,D009A,0.523,Healthy,Good,None,D09,original,False
1578,109.23346105,-0.44196837,7.85,0.402,TM,Healthy,,D009A,0.402,Abnormal,Sub-Optimal,Monitor,D09,original,False
1579,109.23183924,-0.44188749,7.85,0.427,TM,Healthy,,D009A,0.427,Abnormal,Sub-Optimal,Monitor,D09,original,False
1580,109.2328429,-0.44818391,7.85,0.439,TM,Healthy,,D009A,0.439,Normal,Moderate,Routine,D09,original,False
1581,109.23336923,-0.4427682,7.85,0.45,TM,Healthy,,D009A,0.45,Normal,Moderate,Routine,D09,original,False
1582,109.23275769,-0.44578795,7.85,0.458,TM,Healthy,,D009A,0.458,Normal,Moderate,Routine,D09,original,False
1583,109.23264348,-0.44446403,7.85,0.396,TM,Healthy,,D009A,0.396,Abnormal,Sub-Optimal,Monitor,D09,original,False
1584,109.23335176,-0.44823784,7.85,0.614,TM,Healthy,,D009A,0.614,Healthy,Good,None,D09,original,False
1585,109.2334261,-0.44914034,7.84,0.438,TM,Healthy,,D009A,0.438,Normal,Moderate,Routine,D09,original,False
1586,109.23352944,-0.44142761,7.84,0.493,TM,Healthy,,D009A,0.493,Healthy,Good,None,D09,original,False
1587,109.23166696,-0.4448757,7.84,0.516,TM,Healthy,,D009A,0.516,Healthy,Good,None,D09,original,False
1588,109.23249192,-0.44342948,7.84,0.453,TM,Healthy,,D009A,0.453,Normal,Moderate,Routine,D09,original,False
1589,109.23265316,-0.44531769,7.83,0.485,TM,Healthy,,D009A,0.485,Healthy,Good,None,D09,original,False
1590,109.2328508,-0.44141162,7.83,0.587,TM,Healthy,,D009A,0.587,Healthy,Good,None,D09,original,False
1591,109.23145123,-0.44171785,7.83,0.466,TM,Healthy,,D009A,0.466,Healthy,Good,None,D09,original,False
1592,109.23143827,-0.44519893,7.83,0.433,TM,Healthy,,D009A,0.433,Normal,Moderate,Routine,D09,original,False
1593,109.23250281,-0.44859257,7.83,0.413,TM,Healthy,,D009A,0.413,Abnormal,Sub-Optimal,Monitor,D09,original,False
1594,109.23328268,-0.44030487,7.83,0.444,TM,Healthy,,D009A,0.444,Normal,Moderate,Routine,D09,original,False
1595,109.23207689,-0.44729706,7.82,0.447,TM,Healthy,,D009A,0.447,Normal,Moderate,Routine,D09,original,False
1596,109.23131802,-0.44093831,7.82,0.187,TM,Suspect,Circle_5m,D009A,0.187,Suspect,Critical,Priority Survey,D09,original,False
1597,109.23154769,-0.44215374,7.82,0.509,TM,Healthy,,D009A,0.509,Healthy,Good,None,D09,original,False
1598,109.23146006,-0.4442223,7.82,0.482,TM,Healthy,,D009A,0.482,Healthy,Good,None,D09,original,False
1599,109.23326376,-0.44247382,7.81,0.484,TM,Healthy,,D009A,0.484,Healthy,Good,None,D09,original,False
1600,109.23260904,-0.44197314,7.81,0.491,TM,Healthy,,D009A,0.491,Healthy,Good,None,D09,original,False
1601,109.2332982,-0.44305258,7.8,0.425,TM,Healthy,,D009A,0.425,Abnormal,Sub-Optimal,Monitor,D09,original,False
1602,109.23180957,-0.4438896,7.8,0.376,TM,Suspect,Circle_5m,D009A,0.376,Suspect,Critical,Priority Survey,D09,original,False
1603,109.23171113,-0.44231474,7.8,0.461,TM,Healthy,,D009A,0.461,Healthy,Good,None,D09,original,False
1604,109.23274101,-0.44791576,7.79,0.467,TM,Healthy,,D009A,0.467,Healthy,Good,None,D09,original,False
1605,109.23263785,-0.4435846,7.79,0.414,TM,Healthy,,D009A,0.414,Abnormal,Sub-Optimal,Monitor,D09,original,False
1606,109.2322228,-0.44567524,7.79,0.466,TM,Healthy,,D009A,0.466,Healthy,Good,None,D09,original,False
1607,109.23192685,-0.44553138,7.79,0.472,TM,Healthy,,D009A,0.472,Healthy,Good,None,D09,original,False
1608,109.23260373,-0.44727006,7.78,0.454,TM,Healthy,,D009A,0.454,Normal,Moderate,Routine,D09,original,False
1609,109.23241167,-0.44468462,7.78,0.445,TM,Healthy,,D009A,0.445,Normal,Moderate,Routine,D09,original,False
1610,109.23349678,-0.44844903,7.78,0.481,TM,Healthy,,D009A,0.481,Healthy,Good,None,D09,original,False
1611,109.23229659,-0.44699282,7.77,0.392,TM,Healthy,,D009A,0.392,Abnormal,Sub-Optimal,Monitor,D09,original,False
1612,109.23267102,-0.44196546,7.77,0.572,TM,Healthy,,D009A,0.572,Healthy,Good,None,D09,original,False
1613,109.23216436,-0.44022638,7.77,0.293,TM,Suspect,Circle_5m,D009A,0.293,Suspect,Critical,Priority Survey,D09,original,False
1614,109.23275227,-0.44780679,7.77,0.448,TM,Healthy,,D009A,0.448,Normal,Moderate,Routine,D09,original,False
1615,109.23283572,-0.44251034,7.77,0.461,TM,Healthy,,D009A,0.461,Healthy,Good,None,D09,original,False
1616,109.23305145,-0.44382027,7.76,0.436,TM,Healthy,,D009A,0.436,Normal,Moderate,Routine,D09,original,False
1617,109.2323071,-0.44811369,7.76,0.41,TM,Healthy,,D009A,0.41,Abnormal,Sub-Optimal,Monitor,D09,original,False
1618,109.23316486,-0.44283416,7.75,0.49,TM,Healthy,,D009A,0.49,Healthy,Good,None,D09,original,False
1619,109.23135779,-0.4417653,7.75,0.442,TM,Healthy,,D009A,0.442,Normal,Moderate,Routine,D09,original,False
1620,109.2332123,-0.44731768,7.75,0.498,TM,Healthy,,D009A,0.498,Healthy,Good,None,D09,original,False
1621,109.23323174,-0.44113093,7.75,0.41,TM,Healthy,,D009A,0.41,Abnormal,Sub-Optimal,Monitor,D09,original,False
1622,109.23250406,-0.44333724,7.75,0.432,TM,Healthy,,D009A,0.432,Normal,Moderate,Routine,D09,original,False
1623,109.23315959,-0.44233137,7.75,0.435,TM,Healthy,,D009A,0.435,Normal,Moderate,Routine,D09,original,False
1624,109.23190878,-0.44410394,7.75,0.454,TM,Healthy,,D009A,0.454,Normal,Moderate,Routine,D09,original,False
1625,109.23304577,-0.44879843,7.74,0.452,TM,Healthy,,D009A,0.452,Normal,Moderate,Routine,D09,original,False
1626,109.23145238,-0.44441582,7.74,0.468,TM,Healthy,,D009A,0.468,Healthy,Good,None,D09,original,False
1627,109.23302868,-0.44887936,7.74,0.529,TM,Healthy,,D009A,0.529,Healthy,Good,None,D09,original,False
1628,109.231427,-0.44348122,7.74,0.467,TM,Healthy,,D009A,0.467,Healthy,Good,None,D09,original,False
1629,109.23212052,-0.44327385,7.74,0.432,TM,Healthy,,D009A,0.432,Normal,Moderate,Routine,D09,original,False
1630,109.23264256,-0.44264775,7.74,0.416,TM,Healthy,,D009A,0.416,Abnormal,Sub-Optimal,Monitor,D09,original,False
1631,109.23137158,-0.44043599,7.74,0.434,TM,Healthy,,D009A,0.434,Normal,Moderate,Routine,D09,original,False
1632,109.23283468,-0.44499445,7.74,0.499,TM,Healthy,,D009A,0.499,Healthy,Good,None,D09,original,False
1633,109.23225721,-0.44639235,7.73,0.481,TM,Healthy,,D009A,0.481,Healthy,Good,None,D09,original,False
1634,109.23317658,-0.44642196,7.73,0.508,TM,Healthy,,D009A,0.508,Healthy,Good,None,D09,original,False
1635,109.23226176,-0.44617035,7.72,0.433,TM,Healthy,,D009A,0.433,Normal,Moderate,Routine,D09,original,False
1636,109.23318718,-0.44529747,7.72,0.412,TM,Healthy,,D009A,0.412,Abnormal,Sub-Optimal,Monitor,D09,original,False
1637,109.23284725,-0.44312798,7.72,0.471,TM,Healthy,,D009A,0.471,Healthy,Good,None,D09,original,False
1638,109.23235403,-0.4434507,7.72,0.489,TM,Healthy,,D009A,0.489,Healthy,Good,None,D09,original,False
1639,109.23330481,-0.44359471,7.71,0.526,TM,Healthy,,D009A,0.526,Healthy,Good,None,D09,original,False
1640,109.23225234,-0.44798437,7.71,0.394,TM,Healthy,,D009A,0.394,Abnormal,Sub-Optimal,Monitor,D09,original,False
1641,109.23236371,-0.44618258,7.71,0.428,TM,Healthy,,D009A,0.428,Abnormal,Sub-Optimal,Monitor,D09,original,False
1642,109.23147335,-0.44310911,7.71,0.471,TM,Healthy,,D009A,0.471,Healthy,Good,None,D09,original,False
1643,109.2332963,-0.44538522,7.71,0.438,TM,Healthy,,D009A,0.438,Normal,Moderate,Routine,D09,original,False
1644,109.23156754,-0.44175043,7.7,0.499,TM,Healthy,,D009A,0.499,Healthy,Good,None,D09,original,False
1645,109.23331706,-0.44875237,7.7,0.439,TM,Healthy,,D009A,0.439,Normal,Moderate,Routine,D09,original,False
1646,109.23242253,-0.4481187,7.7,0.343,TM,Suspect,Circle_5m,D009A,0.343,Suspect,Critical,Priority Survey,D09,original,False
1647,109.23282941,-0.4426071,7.7,0.42,TM,Healthy,,D009A,0.42,Abnormal,Sub-Optimal,Monitor,D09,original,False
1648,109.23169905,-0.44777398,7.7,0.531,TM,Healthy,,D009A,0.531,Healthy,Good,None,D09,original,False
1649,109.23295457,-0.44512967,7.7,0.427,TM,Healthy,,D009A,0.427,Abnormal,Sub-Optimal,Monitor,D09,original,False
1650,109.23293272,-0.44258045,7.7,0.402,TM,Healthy,,D009A,0.402,Abnormal,Sub-Optimal,Monitor,D09,original,False
1651,109.23222974,-0.44481209,7.69,0.495,TM,Healthy,,D009A,0.495,Healthy,Good,None,D09,original,False
1652,109.23215311,-0.44596188,7.69,0.395,TM,Healthy,,D009A,0.395,Abnormal,Sub-Optimal,Monitor,D09,original,False
1653,109.23317168,-0.44247516,7.69,0.401,TM,Healthy,,D009A,0.401,Abnormal,Sub-Optimal,Monitor,D09,original,False
1654,109.23326349,-0.44549011,7.69,0.43,TM,Healthy,,D009A,0.43,Normal,Moderate,Routine,D09,original,False
1655,109.23218824,-0.4474481,7.69,0.413,TM,Healthy,,D009A,0.413,Abnormal,Sub-Optimal,Monitor,D09,original,False
1656,109.23149052,-0.44269766,7.69,0.48,TM,Healthy,,D009A,0.48,Healthy,Good,None,D09,original,False
1657,109.23261876,-0.44830548,7.69,0.491,TM,Healthy,,D009A,0.491,Healthy,Good,None,D09,original,False
1658,109.23144369,-0.44882562,7.69,0.437,TM,Healthy,,D009A,0.437,Normal,Moderate,Routine,D09,original,False
1659,109.23217038,-0.44133324,7.68,0.452,TM,Healthy,,D009A,0.452,Normal,Moderate,Routine,D09,original,False
1660,109.23303317,-0.44511477,7.68,0.455,TM,Healthy,,D009A,0.455,Normal,Moderate,Routine,D09,original,False
1661,109.2332465,-0.44707036,7.68,0.454,TM,Healthy,,D009A,0.454,Normal,Moderate,Routine,D09,original,False
1662,109.233374,-0.4472716,7.67,0.505,TM,Healthy,,D009A,0.505,Healthy,Good,None,D09,original,False
1663,109.23329905,-0.44325288,7.67,0.389,TM,Healthy,,D009A,0.389,Suspect,Critical,Priority Survey,D09,original,False
1664,109.23217729,-0.44815797,7.67,0.459,TM,Healthy,,D009A,0.459,Normal,Moderate,Routine,D09,original,False
1665,109.23350723,-0.44229438,7.67,0.431,TM,Healthy,,D009A,0.431,Normal,Moderate,Routine,D09,original,False
1666,109.23336086,-0.44398176,7.67,0.449,TM,Healthy,,D009A,0.449,Normal,Moderate,Routine,D09,original,False
1667,109.23199741,-0.44537089,7.67,0.457,TM,Healthy,,D009A,0.457,Normal,Moderate,Routine,D09,original,False
1668,109.23321579,-0.44211073,7.67,0.531,TM,Healthy,,D009A,0.531,Healthy,Good,None,D09,original,False
1669,109.23352953,-0.44297894,7.67,0.417,TM,Healthy,,D009A,0.417,Abnormal,Sub-Optimal,Monitor,D09,original,False
1670,109.23234497,-0.4437464,7.66,0.48,TM,Healthy,,D009A,0.48,Healthy,Good,None,D09,original,False
1671,109.23179583,-0.44688373,7.66,0.418,TM,Healthy,,D009A,0.418,Abnormal,Sub-Optimal,Monitor,D09,original,False
1672,109.23339969,-0.443115,7.66,0.449,TM,Healthy,,D009A,0.449,Normal,Moderate,Routine,D09,original,False
1673,109.23174459,-0.44704694,7.66,0.485,TM,Healthy,,D009A,0.485,Healthy,Good,None,D09,original,False
1674,109.23287961,-0.44495105,7.65,0.566,TM,Healthy,,D009A,0.566,Healthy,Good,None,D09,original,False
1675,109.23335908,-0.44391846,7.65,0.567,TM,Healthy,,D009A,0.567,Healthy,Good,None,D09,original,False
1676,109.23161959,-0.4457619,7.65,0.465,TM,Healthy,,D009A,0.465,Healthy,Good,None,D09,original,False
1677,109.23248813,-0.44800432,7.64,0.431,TM,Healthy,,D009A,0.431,Normal,Moderate,Routine,D09,original,False
1678,109.23291079,-0.44413991,7.64,0.501,TM,Healthy,,D009A,0.501,Healthy,Good,None,D09,original,False
1679,109.23147827,-0.44885999,7.64,0.461,TM,Healthy,,D009A,0.461,Healthy,Good,None,D09,original,False
1680,109.23303811,-0.44325101,7.63,0.474,TM,Healthy,,D009A,0.474,Healthy,Good,None,D09,original,False
1681,109.23143622,-0.44437105,7.63,0.497,TM,Healthy,,D009A,0.497,Healthy,Good,None,D09,original,False
1682,109.23301264,-0.44455907,7.62,0.431,TM,Healthy,,D009A,0.431,Normal,Moderate,Routine,D09,original,False
1683,109.23203889,-0.44655372,7.62,0.443,TM,Healthy,,D009A,0.443,Normal,Moderate,Routine,D09,original,False
1684,109.23150974,-0.4430725,7.62,0.417,TM,Healthy,,D009A,0.417,Abnormal,Sub-Optimal,Monitor,D09,original,False
1685,109.23262872,-0.44794874,7.62,0.36,TM,Suspect,Circle_5m,D009A,0.36,Suspect,Critical,Priority Survey,D09,original,False
1686,109.23214127,-0.44666859,7.62,0.474,TM,Healthy,,D009A,0.474,Healthy,Good,None,D09,original,False
1687,109.23245597,-0.44728268,7.61,0.456,TM,Healthy,,D009A,0.456,Normal,Moderate,Routine,D09,original,False
1688,109.23172879,-0.44361603,7.61,0.375,TM,Suspect,Circle_5m,D009A,0.375,Suspect,Critical,Priority Survey,D09,original,False
1689,109.23196885,-0.44267155,7.61,0.462,TM,Healthy,,D009A,0.462,Healthy,Good,None,D09,original,False
1690,109.23171679,-0.44118754,7.6,0.512,TM,Healthy,,D009A,0.512,Healthy,Good,None,D09,original,False
1691,109.2315904,-0.44760892,7.6,0.383,TM,Healthy,,D009A,0.383,Suspect,Critical,Priority Survey,D09,original,False
1692,109.23144379,-0.44278672,7.59,0.41,TM,Healthy,,D009A,0.41,Abnormal,Sub-Optimal,Monitor,D09,original,False
1693,109.23164837,-0.44560637,7.59,0.473,TM,Healthy,,D009A,0.473,Healthy,Good,None,D09,original,False
1694,109.23133702,-0.44034193,7.59,0.25,TM,Suspect,Circle_5m,D009A,0.25,Suspect,Critical,Priority Survey,D09,original,False
1695,109.23323927,-0.44347216,7.59,0.429,TM,Healthy,,D009A,0.429,Abnormal,Sub-Optimal,Monitor,D09,original,False
1696,109.2318559,-0.44736031,7.58,0.536,TM,Healthy,,D009A,0.536,Healthy,Good,None,D09,original,False
1697,109.23225514,-0.44564766,7.58,0.394,TM,Healthy,,D009A,0.394,Abnormal,Sub-Optimal,Monitor,D09,original,False
1698,109.23182561,-0.44631493,7.57,0.413,TM,Healthy,,D009A,0.413,Abnormal,Sub-Optimal,Monitor,D09,original,False
1699,109.23213338,-0.44582488,7.57,0.386,TM,Healthy,,D009A,0.386,Suspect,Critical,Priority Survey,D09,original,False
1700,109.23274032,-0.44329344,7.57,0.423,TM,Healthy,,D009A,0.423,Abnormal,Sub-Optimal,Monitor,D09,original,False
1701,109.23222382,-0.44704344,7.56,0.53,TM,Healthy,,D009A,0.53,Healthy,Good,None,D09,original,False
1702,109.23151743,-0.44474771,7.56,0.457,TM,Healthy,,D009A,0.457,Normal,Moderate,Routine,D09,original,False
1703,109.2332519,-0.44321715,7.56,0.423,TM,Healthy,,D009A,0.423,Abnormal,Sub-Optimal,Monitor,D09,original,False
1704,109.23138164,-0.44347171,7.56,0.419,TM,Healthy,,D009A,0.419,Abnormal,Sub-Optimal,Monitor,D09,original,False
1705,109.23193574,-0.44781473,7.56,0.444,TM,Healthy,,D009A,0.444,Normal,Moderate,Routine,D09,original,False
1706,109.23253603,-0.44111584,7.56,0.452,TM,Healthy,,D009A,0.452,Normal,Moderate,Routine,D09,original,False
1707,109.23284151,-0.44082383,7.55,0.474,TM,Healthy,,D009A,0.474,Healthy,Good,None,D09,original,False
1708,109.23198574,-0.44533109,7.55,0.499,TM,Healthy,,D009A,0.499,Healthy,Good,None,D09,original,False
1709,109.23340196,-0.44112781,7.55,0.432,TM,Healthy,,D009A,0.432,Normal,Moderate,Routine,D09,original,False
1710,109.23246565,-0.44808118,7.54,0.422,TM,Healthy,,D009A,0.422,Abnormal,Sub-Optimal,Monitor,D09,original,False
1711,109.23223891,-0.44022821,7.54,0.263,TM,Suspect,Circle_5m,D009A,0.263,Suspect,Critical,Priority Survey,D09,original,False
1712,109.23286194,-0.44182173,7.54,0.47,TM,Healthy,,D009A,0.47,Healthy,Good,None,D09,original,False
1713,109.23235829,-0.44816118,7.54,0.427,TM,Healthy,,D009A,0.427,Abnormal,Sub-Optimal,Monitor,D09,original,False
1714,109.23257546,-0.44342272,7.53,0.512,TM,Healthy,,D009A,0.512,Healthy,Good,None,D09,original,False
1715,109.23215451,-0.44761765,7.52,0.448,TM,Healthy,,D009A,0.448,Normal,Moderate,Routine,D09,original,False
1716,109.23253141,-0.44357282,7.52,0.481,TM,Healthy,,D009A,0.481,Healthy,Good,None,D09,original,False
1717,109.2328409,-0.44151426,7.52,0.454,TM,Healthy,,D009A,0.454,Normal,Moderate,Routine,D09,original,False
1718,109.23347566,-0.44848926,7.52,0.457,TM,Healthy,,D009A,0.457,Normal,Moderate,Routine,D09,original,False
1719,109.23301954,-0.4476789,7.51,0.441,TM,Healthy,,D009A,0.441,Normal,Moderate,Routine,D09,original,False
1720,109.23144446,-0.44561672,7.51,0.42,TM,Healthy,,D009A,0.42,Abnormal,Sub-Optimal,Monitor,D09,original,False
1721,109.23315957,-0.44242813,7.51,0.409,TM,Healthy,,D009A,0.409,Abnormal,Sub-Optimal,Monitor,D09,original,False
1722,109.23294455,-0.44570797,7.5,0.565,TM,Healthy,,D009A,0.565,Healthy,Good,None,D09,original,False
1723,109.23168131,-0.44309469,7.5,0.475,TM,Healthy,,D009A,0.475,Healthy,Good,None,D09,original,False
1724,109.23252074,-0.4487255,7.5,0.447,TM,Healthy,,D009A,0.447,Normal,Moderate,Routine,D09,original,False
1725,109.23328206,-0.44102831,7.5,0.472,TM,Healthy,,D009A,0.472,Healthy,Good,None,D09,original,False
1726,109.23248286,-0.44184696,7.49,0.383,TM,Healthy,,D009A,0.383,Suspect,Critical,Priority Survey,D09,original,False
1727,109.23221328,-0.44792874,7.49,0.459,TM,Healthy,,D009A,0.459,Normal,Moderate,Routine,D09,original,False
1728,109.23227664,-0.44022188,7.48,0.246,TM,Suspect,Circle_5m,D009A,0.246,Suspect,Critical,Priority Survey,D09,original,False
1729,109.23319688,-0.44230832,7.48,0.405,TM,Healthy,,D009A,0.405,Abnormal,Sub-Optimal,Monitor,D09,original,False
1730,109.23299877,-0.44813511,7.48,0.382,TM,Healthy,,D009A,0.382,Suspect,Critical,Priority Survey,D09,original,False
1731,109.23291327,-0.44502612,7.48,0.506,TM,Healthy,,D009A,0.506,Healthy,Good,None,D09,original,False
1732,109.23282754,-0.44103317,7.47,0.449,TM,Healthy,,D009A,0.449,Normal,Moderate,Routine,D09,original,False
1733,109.23260406,-0.44779591,7.47,0.402,TM,Healthy,,D009A,0.402,Abnormal,Sub-Optimal,Monitor,D09,original,False
1734,109.23184363,-0.44421651,7.46,0.469,TM,Healthy,,D009A,0.469,Healthy,Good,None,D09,original,False
1735,109.23323,-0.44276183,7.46,0.437,TM,Healthy,,D009A,0.437,Normal,Moderate,Routine,D09,original,False
1736,109.23316322,-0.44783221,7.46,0.459,TM,Healthy,,D009A,0.459,Normal,Moderate,Routine,D09,original,False
1737,109.23267023,-0.44148799,7.46,0.378,TM,Suspect,Circle_5m,D009A,0.378,Suspect,Critical,Priority Survey,D09,original,False
1738,109.23283164,-0.4445536,7.45,0.438,TM,Healthy,,D009A,0.438,Normal,Moderate,Routine,D09,original,False
1739,109.2333842,-0.44215825,7.45,0.408,TM,Healthy,,D009A,0.408,Abnormal,Sub-Optimal,Monitor,D09,original,False
1740,109.23148144,-0.4468529,7.45,0.37,TM,Suspect,Circle_5m,D009A,0.37,Suspect,Critical,Priority Survey,D09,original,False
1741,109.23145508,-0.44253171,7.45,0.408,TM,Healthy,,D009A,0.408,Abnormal,Sub-Optimal,Monitor,D09,original,False
1742,109.23346862,-0.44221705,7.45,0.433,TM,Healthy,,D009A,0.433,Normal,Moderate,Routine,D09,original,False
1743,109.23241046,-0.44223398,7.45,0.426,TM,Healthy,,D009A,0.426,Abnormal,Sub-Optimal,Monitor,D09,original,False
1744,109.233306,-0.44237481,7.45,0.489,TM,Healthy,,D009A,0.489,Healthy,Good,None,D09,original,False
1745,109.23354477,-0.44872621,7.45,0.472,TM,Healthy,,D009A,0.472,Healthy,Good,None,D09,original,False
1746,109.23238021,-0.4466492,7.45,0.422,TM,Healthy,,D009A,0.422,Abnormal,Sub-Optimal,Monitor,D09,original,False
1747,109.23312461,-0.44400431,7.44,0.337,TM,Suspect,Circle_5m,D009A,0.337,Suspect,Critical,Priority Survey,D09,original,False
1748,109.23321739,-0.44292596,7.44,0.415,TM,Healthy,,D009A,0.415,Abnormal,Sub-Optimal,Monitor,D09,original,False
1749,109.23177832,-0.44684303,7.44,0.462,TM,Healthy,,D009A,0.462,Healthy,Good,None,D09,original,False
1750,109.23322863,-0.44285271,7.44,0.492,TM,Healthy,,D009A,0.492,Healthy,Good,None,D09,original,False
1751,109.23222726,-0.44768685,7.43,0.433,TM,Healthy,,D009A,0.433,Normal,Moderate,Routine,D09,original,False
1752,109.23334365,-0.44270851,7.43,0.447,TM,Healthy,,D009A,0.447,Normal,Moderate,Routine,D09,original,False
1753,109.23168262,-0.44324842,7.43,0.506,TM,Healthy,,D009A,0.506,Healthy,Good,None,D09,original,False
1754,109.2315538,-0.44289527,7.43,0.425,TM,Healthy,,D009A,0.425,Abnormal,Sub-Optimal,Monitor,D09,original,False
1755,109.23294025,-0.4430317,7.43,0.536,TM,Healthy,,D009A,0.536,Healthy,Good,None,D09,original,False
1756,109.2316236,-0.44591021,7.43,0.486,TM,Healthy,,D009A,0.486,Healthy,Good,None,D09,original,False
1757,109.2324764,-0.44636302,7.42,0.52,TM,Healthy,,D009A,0.52,Healthy,Good,None,D09,original,False
1758,109.23270262,-0.44316502,7.42,0.447,TM,Healthy,,D009A,0.447,Normal,Moderate,Routine,D09,original,False
1759,109.23263723,-0.44048964,7.42,0.5,TM,Healthy,,D009A,0.5,Healthy,Good,None,D09,original,False
1760,109.23224463,-0.44828052,7.42,0.438,TM,Healthy,,D009A,0.438,Normal,Moderate,Routine,D09,original,False
1761,109.23236116,-0.44742192,7.42,0.385,TM,Healthy,,D009A,0.385,Suspect,Critical,Priority Survey,D09,original,False
1762,109.23317533,-0.44036633,7.42,0.434,TM,Healthy,,D009A,0.434,Normal,Moderate,Routine,D09,original,False
1763,109.23226005,-0.44388835,7.41,0.484,TM,Healthy,,D009A,0.484,Healthy,Good,None,D09,original,False
1764,109.23183083,-0.44134537,7.41,0.424,TM,Healthy,,D009A,0.424,Abnormal,Sub-Optimal,Monitor,D09,original,False
1765,109.23264704,-0.44646524,7.41,0.401,TM,Healthy,,D009A,0.401,Abnormal,Sub-Optimal,Monitor,D09,original,False
1766,109.23340375,-0.44116488,7.41,0.418,TM,Healthy,,D009A,0.418,Abnormal,Sub-Optimal,Monitor,D09,original,False
1767,109.23156583,-0.44517274,7.41,0.441,TM,Healthy,,D009A,0.441,Normal,Moderate,Routine,D09,original,False
1768,109.23244088,-0.44461364,7.41,0.491,TM,Healthy,,D009A,0.491,Healthy,Good,None,D09,original,False
1769,109.23313738,-0.44885452,7.4,0.447,TM,Healthy,,D009A,0.447,Normal,Moderate,Routine,D09,original,False
1770,109.23277319,-0.44485472,7.4,0.468,TM,Healthy,,D009A,0.468,Healthy,Good,None,D09,original,False
1771,109.23327396,-0.44868002,7.4,0.555,TM,Healthy,,D009A,0.555,Healthy,Good,None,D09,original,False
1772,109.23193988,-0.4473965,7.4,0.47,TM,Healthy,,D009A,0.47,Healthy,Good,None,D09,original,False
1773,109.23319348,-0.44525633,7.4,0.437,TM,Healthy,,D009A,0.437,Normal,Moderate,Routine,D09,original,False
1774,109.23162622,-0.44242143,7.4,0.425,TM,Healthy,,D009A,0.425,Abnormal,Sub-Optimal,Monitor,D09,original,False
1775,109.23266551,-0.44625364,7.39,0.509,TM,Healthy,,D009A,0.509,Healthy,Good,None,D09,original,False
1776,109.23213623,-0.44521131,7.39,0.462,TM,Healthy,,D009A,0.462,Healthy,Good,None,D09,original,False
1777,109.23250989,-0.44717056,7.39,0.437,TM,Healthy,,D009A,0.437,Normal,Moderate,Routine,D09,original,False
1778,109.23230053,-0.44364149,7.39,0.523,TM,Healthy,,D009A,0.523,Healthy,Good,None,D09,original,False
1779,109.23270473,-0.44563828,7.39,0.534,TM,Healthy,,D009A,0.534,Healthy,Good,None,D09,original,False
1780,109.23227692,-0.4466121,7.39,0.375,TM,Suspect,Circle_5m,D009A,0.375,Suspect,Critical,Priority Survey,D09,original,False
1781,109.2333576,-0.44067926,7.38,0.52,TM,Healthy,,D009A,0.52,Healthy,Good,None,D09,original,False
1782,109.23198746,-0.44373682,7.38,0.429,TM,Healthy,,D009A,0.429,Abnormal,Sub-Optimal,Monitor,D09,original,False
1783,109.23309168,-0.44459526,7.38,0.478,TM,Healthy,,D009A,0.478,Healthy,Good,None,D09,original,False
1784,109.23253394,-0.4480075,7.38,0.434,TM,Healthy,,D009A,0.434,Normal,Moderate,Routine,D09,original,False
1785,109.2332597,-0.44821069,7.38,0.462,TM,Healthy,,D009A,0.462,Healthy,Good,None,D09,original,False
1786,109.23200881,-0.44273124,7.38,0.48,TM,Healthy,,D009A,0.48,Healthy,Good,None,D09,original,False
1787,109.2327033,-0.44597061,7.38,0.399,TM,Healthy,,D009A,0.399,Abnormal,Sub-Optimal,Monitor,D09,original,False
1788,109.23284051,-0.44503921,7.37,0.49,TM,Healthy,,D009A,0.49,Healthy,Good,None,D09,original,False
1789,109.23328908,-0.44739818,7.37,0.432,TM,Healthy,,D009A,0.432,Normal,Moderate,Routine,D09,original,False
1790,109.23176214,-0.44689864,7.37,0.41,TM,Healthy,,D009A,0.41,Abnormal,Sub-Optimal,Monitor,D09,original,False
1791,109.23201505,-0.44484097,7.37,0.455,TM,Healthy,,D009A,0.455,Normal,Moderate,Routine,D09,original,False
1792,109.23289154,-0.44197908,7.37,0.44,TM,Healthy,,D009A,0.44,Normal,Moderate,Routine,D09,original,False
1793,109.23228845,-0.44536056,7.37,0.49,TM,Healthy,,D009A,0.49,Healthy,Good,None,D09,original,False
1794,109.23351986,-0.44773464,7.37,0.461,TM,Healthy,,D009A,0.461,Healthy,Good,None,D09,original,False
1795,109.23176008,-0.4442504,7.36,0.527,TM,Healthy,,D009A,0.527,Healthy,Good,None,D09,original,False
1796,109.23151141,-0.445515,7.36,0.48,TM,Healthy,,D009A,0.48,Healthy,Good,None,D09,original,False
1797,109.23277818,-0.44652315,7.36,0.415,TM,Healthy,,D009A,0.415,Abnormal,Sub-Optimal,Monitor,D09,original,False
1798,109.2320609,-0.44278099,7.36,0.418,TM,Healthy,,D009A,0.418,Abnormal,Sub-Optimal,Monitor,D09,original,False
1799,109.23237013,-0.4418293,7.35,0.46,TM,Healthy,,D009A,0.46,Healthy,Good,None,D09,original,False
1800,109.23133083,-0.4418512,7.35,0.44,TM,Healthy,,D009A,0.44,Normal,Moderate,Routine,D09,original,False
1801,109.23283562,-0.44857411,7.34,0.461,TM,Healthy,,D009A,0.461,Healthy,Good,None,D09,original,False
1802,109.23292518,-0.44027494,7.34,0.402,TM,Healthy,,D009A,0.402,Abnormal,Sub-Optimal,Monitor,D09,original,False
1803,109.23161321,-0.4442454,7.34,0.564,TM,Healthy,,D009A,0.564,Healthy,Good,None,D09,original,False
1804,109.23291235,-0.44515543,7.33,0.455,TM,Healthy,,D009A,0.455,Normal,Moderate,Routine,D09,original,False
1805,109.23138304,-0.44136335,7.33,0.401,TM,Healthy,,D009A,0.401,Abnormal,Sub-Optimal,Monitor,D09,original,False
1806,109.23220524,-0.44397741,7.33,0.555,TM,Healthy,,D009A,0.555,Healthy,Good,None,D09,original,False
1807,109.23357093,-0.44450947,7.33,0.344,TM,Suspect,Circle_5m,D009A,0.344,Suspect,Critical,Priority Survey,D09,original,False
1808,109.23345726,-0.44279806,7.33,0.512,TM,Healthy,,D009A,0.512,Healthy,Good,None,D09,original,False
1809,109.23294274,-0.44575318,7.32,0.457,TM,Healthy,,D009A,0.457,Normal,Moderate,Routine,D09,original,False
1810,109.23344348,-0.44027552,7.31,0.419,TM,Healthy,,D009A,0.419,Abnormal,Sub-Optimal,Monitor,D09,original,False
1811,109.23237874,-0.44339238,7.31,0.464,TM,Healthy,,D009A,0.464,Healthy,Good,None,D09,original,False
1812,109.23330086,-0.44697904,7.31,0.484,TM,Healthy,,D009A,0.484,Healthy,Good,None,D09,original,False
1813,109.23235369,-0.44675681,7.31,0.417,TM,Healthy,,D009A,0.417,Abnormal,Sub-Optimal,Monitor,D09,original,False
1814,109.2316165,-0.44552995,7.31,0.426,TM,Healthy,,D009A,0.426,Abnormal,Sub-Optimal,Monitor,D09,original,False
1815,109.23268074,-0.44262108,7.3,0.417,TM,Healthy,,D009A,0.417,Abnormal,Sub-Optimal,Monitor,D09,original,False
1816,109.23163716,-0.44363907,7.3,0.519,TM,Healthy,,D009A,0.519,Healthy,Good,None,D09,original,False
1817,109.2318249,-0.44738924,7.3,0.512,TM,Healthy,,D009A,0.512,Healthy,Good,None,D09,original,False
1818,109.23289601,-0.44208398,7.3,0.432,TM,Healthy,,D009A,0.432,Normal,Moderate,Routine,D09,original,False
1819,109.23316299,-0.44878625,7.3,0.476,TM,Healthy,,D009A,0.476,Healthy,Good,None,D09,original,False
1820,109.2324074,-0.4418605,7.3,0.451,TM,Healthy,,D009A,0.451,Normal,Moderate,Routine,D09,original,False
1821,109.23285029,-0.44166392,7.29,0.44,TM,Healthy,,D009A,0.44,Normal,Moderate,Routine,D09,original,False
1822,109.23160399,-0.44335556,7.29,0.401,TM,Healthy,,D009A,0.401,Abnormal,Sub-Optimal,Monitor,D09,original,False
1823,109.23353595,-0.44804979,7.29,0.455,TM,Healthy,,D009A,0.455,Normal,Moderate,Routine,D09,original,False
1824,109.23295263,-0.44383155,7.29,0.464,TM,Healthy,,D009A,0.464,Healthy,Good,None,D09,original,False
1825,109.23299781,-0.44837882,7.28,0.396,TM,Healthy,,D009A,0.396,Abnormal,Sub-Optimal,Monitor,D09,original,False
1826,109.23287235,-0.44523726,7.28,0.438,TM,Healthy,,D009A,0.438,Normal,Moderate,Routine,D09,original,False
1827,109.23304744,-0.44366654,7.28,0.403,TM,Healthy,,D009A,0.403,Abnormal,Sub-Optimal,Monitor,D09,original,False
1828,109.23154162,-0.44121011,7.27,0.443,TM,Healthy,,D009A,0.443,Normal,Moderate,Routine,D09,original,False
1829,109.2328591,-0.44049919,7.27,0.526,TM,Healthy,,D009A,0.526,Healthy,Good,None,D09,original,False
1830,109.23218324,-0.44393491,7.27,0.511,TM,Healthy,,D009A,0.511,Healthy,Good,None,D09,original,False
1831,109.23346326,-0.44776537,7.27,0.46,TM,Healthy,,D009A,0.46,Healthy,Good,None,D09,original,False
1832,109.23276415,-0.44509571,7.27,0.517,TM,Healthy,,D009A,0.517,Healthy,Good,None,D09,original,False
1833,109.23314954,-0.44115216,7.27,0.41,TM,Healthy,,D009A,0.41,Abnormal,Sub-Optimal,Monitor,D09,original,False
1834,109.23236639,-0.44808794,7.27,0.396,TM,Healthy,,D009A,0.396,Abnormal,Sub-Optimal,Monitor,D09,original,False
1835,109.23227988,-0.44171578,7.26,0.317,TM,Suspect,Circle_5m,D009A,0.317,Suspect,Critical,Priority Survey,D09,original,False
1836,109.23173743,-0.44129199,7.26,0.435,TM,Healthy,,D009A,0.435,Normal,Moderate,Routine,D09,original,False
1837,109.23202925,-0.44366855,7.26,0.477,TM,Healthy,,D009A,0.477,Healthy,Good,None,D09,original,False
1838,109.23229282,-0.4439806,7.26,0.452,TM,Healthy,,D009A,0.452,Normal,Moderate,Routine,D09,original,False
1839,109.23184992,-0.44794493,7.26,0.433,TM,Healthy,,D009A,0.433,Normal,Moderate,Routine,D09,original,False
1840,109.23144936,-0.44200134,7.26,0.445,TM,Healthy,,D009A,0.445,Normal,Moderate,Routine,D09,original,False
1841,109.23270906,-0.44444913,7.25,0.478,TM,Healthy,,D009A,0.478,Healthy,Good,None,D09,original,False
1842,109.23285907,-0.4444356,7.25,0.478,TM,Healthy,,D009A,0.478,Healthy,Good,None,D09,original,False
1843,109.23343565,-0.44867644,7.24,0.453,TM,Healthy,,D009A,0.453,Normal,Moderate,Routine,D09,original,False
1844,109.23159396,-0.44775135,7.24,0.464,TM,Healthy,,D009A,0.464,Healthy,Good,None,D09,original,False
1845,109.23280098,-0.44508849,7.24,0.483,TM,Healthy,,D009A,0.483,Healthy,Good,None,D09,original,False
1846,109.23311032,-0.44742301,7.23,0.422,TM,Healthy,,D009A,0.422,Abnormal,Sub-Optimal,Monitor,D09,original,False
1847,109.23315125,-0.44529611,7.23,0.456,TM,Healthy,,D009A,0.456,Normal,Moderate,Routine,D09,original,False
1848,109.23291966,-0.44271699,7.23,0.471,TM,Healthy,,D009A,0.471,Healthy,Good,None,D09,original,False
1849,109.23159384,-0.44450538,7.22,0.394,TM,Healthy,,D009A,0.394,Abnormal,Sub-Optimal,Monitor,D09,original,False
1850,109.23308093,-0.44825857,7.22,0.493,TM,Healthy,,D009A,0.493,Healthy,Good,None,D09,original,False
1851,109.23330884,-0.44744611,7.22,0.462,TM,Healthy,,D009A,0.462,Healthy,Good,None,D09,original,False
1852,109.23270166,-0.44722667,7.22,0.501,TM,Healthy,,D009A,0.501,Healthy,Good,None,D09,original,False
1853,109.23253189,-0.44343898,7.21,0.503,TM,Healthy,,D009A,0.503,Healthy,Good,None,D09,original,False
1854,109.23183261,-0.44520762,7.21,0.408,TM,Healthy,,D009A,0.408,Abnormal,Sub-Optimal,Monitor,D09,original,False
1855,109.2316575,-0.44498196,7.21,0.433,TM,Healthy,,D009A,0.433,Normal,Moderate,Routine,D09,original,False
1856,109.23183999,-0.44628057,7.21,0.454,TM,Healthy,,D009A,0.454,Normal,Moderate,Routine,D09,original,False
1857,109.23227654,-0.44821678,7.2,0.367,TM,Suspect,Circle_5m,D009A,0.367,Suspect,Critical,Priority Survey,D09,original,False
1858,109.23337426,-0.44051423,7.2,0.493,TM,Healthy,,D009A,0.493,Healthy,Good,None,D09,original,False
1859,109.23304253,-0.4454263,7.2,0.483,TM,Healthy,,D009A,0.483,Healthy,Good,None,D09,original,False
1860,109.23292068,-0.44221375,7.2,0.515,TM,Healthy,,D009A,0.515,Healthy,Good,None,D09,original,False
1861,109.23334495,-0.44290519,7.2,0.396,TM,Healthy,,D009A,0.396,Abnormal,Sub-Optimal,Monitor,D09,original,False
1862,109.23139632,-0.44029628,7.19,0.375,TM,Suspect,Circle_5m,D009A,0.375,Suspect,Critical,Priority Survey,D09,original,False
1863,109.23314264,-0.44373167,7.19,0.448,TM,Healthy,,D009A,0.448,Normal,Moderate,Routine,D09,original,False
1864,109.23226733,-0.44539175,7.19,0.434,TM,Healthy,,D009A,0.434,Normal,Moderate,Routine,D09,original,False
1865,109.23144056,-0.44312583,7.19,0.439,TM,Healthy,,D009A,0.439,Normal,Moderate,Routine,D09,original,False
1866,109.23337676,-0.44513339,7.19,0.45,TM,Healthy,,D009A,0.45,Normal,Moderate,Routine,D09,original,False
1867,109.23255858,-0.44825618,7.18,0.392,TM,Healthy,,D009A,0.392,Abnormal,Sub-Optimal,Monitor,D09,original,False
1868,109.23142675,-0.44643511,7.18,0.421,TM,Healthy,,D009A,0.421,Abnormal,Sub-Optimal,Monitor,D09,original,False
1869,109.2330757,-0.44758668,7.18,0.453,TM,Healthy,,D009A,0.453,Normal,Moderate,Routine,D09,original,False
1870,109.23267829,-0.44726872,7.18,0.352,TM,Suspect,Circle_5m,D009A,0.352,Suspect,Critical,Priority Survey,D09,original,False
1871,109.23172776,-0.44417579,7.17,0.552,TM,Healthy,,D009A,0.552,Healthy,Good,None,D09,original,False
1872,109.23197283,-0.44483418,7.17,0.505,TM,Healthy,,D009A,0.505,Healthy,Good,None,D09,original,False
1873,109.23285248,-0.44194109,7.17,0.433,TM,Healthy,,D009A,0.433,Normal,Moderate,Routine,D09,original,False
1874,109.23319272,-0.44277629,7.16,0.525,TM,Healthy,,D009A,0.525,Healthy,Good,None,D09,original,False
1875,109.23353591,-0.44445339,7.16,0.414,TM,Healthy,,D009A,0.414,Abnormal,Sub-Optimal,Monitor,D09,original,False
1876,109.23336188,-0.44913264,7.15,0.485,TM,Healthy,,D009A,0.485,Healthy,Good,None,D09,original,False
1877,109.23333705,-0.4459052,7.15,0.426,TM,Healthy,,D009A,0.426,Abnormal,Sub-Optimal,Monitor,D09,original,False
1878,109.23165315,-0.4424861,7.15,0.458,TM,Healthy,,D009A,0.458,Normal,Moderate,Routine,D09,original,False
1879,109.23226424,-0.44137079,7.15,0.455,TM,Healthy,,D009A,0.455,Normal,Moderate,Routine,D09,original,False
1880,109.23323126,-0.44690668,7.14,0.445,TM,Healthy,,D009A,0.445,Normal,Moderate,Routine,D09,original,False
1881,109.2314241,-0.44811891,7.14,0.453,TM,Healthy,,D009A,0.453,Normal,Moderate,Routine,D09,original,False
1882,109.23333004,-0.44135477,7.13,0.403,TM,Healthy,,D009A,0.403,Abnormal,Sub-Optimal,Monitor,D09,original,False
1883,109.23288842,-0.44186243,7.13,0.488,TM,Healthy,,D009A,0.488,Healthy,Good,None,D09,original,False
1884,109.23158909,-0.44747102,7.13,0.458,TM,Healthy,,D009A,0.458,Normal,Moderate,Routine,D09,original,False
1885,109.23306445,-0.44581651,7.13,0.558,TM,Healthy,,D009A,0.558,Healthy,Good,None,D09,original,False
1886,109.23229342,-0.44709907,7.13,0.477,TM,Healthy,,D009A,0.477,Healthy,Good,None,D09,original,False
1887,109.23312863,-0.44219843,7.13,0.422,TM,Healthy,,D009A,0.422,Abnormal,Sub-Optimal,Monitor,D09,original,False
1888,109.23258085,-0.44151148,7.12,0.432,TM,Healthy,,D009A,0.432,Normal,Moderate,Routine,D09,original,False
1889,109.23226189,-0.44560562,7.12,0.464,TM,Healthy,,D009A,0.464,Healthy,Good,None,D09,original,False
1890,109.23317833,-0.44097583,7.12,0.59,TM,Healthy,,D009A,0.59,Healthy,Good,None,D09,original,False
1891,109.23166335,-0.4411509,7.12,0.569,TM,Healthy,,D009A,0.569,Healthy,Good,None,D09,original,False
1892,109.23171911,-0.44652922,7.11,0.434,TM,Healthy,,D009A,0.434,Normal,Moderate,Routine,D09,original,False
1893,109.23165648,-0.44360471,7.11,0.499,TM,Healthy,,D009A,0.499,Healthy,Good,None,D09,original,False
1894,109.23173825,-0.44348672,7.11,0.465,TM,Healthy,,D009A,0.465,Healthy,Good,None,D09,original,False
1895,109.23320252,-0.44878219,7.11,0.465,TM,Healthy,,D009A,0.465,Healthy,Good,None,D09,original,False
1896,109.2329479,-0.44106214,7.1,0.458,TM,Healthy,,D009A,0.458,Normal,Moderate,Routine,D09,original,False
1897,109.23246968,-0.44437039,7.1,0.477,TM,Healthy,,D009A,0.477,Healthy,Good,None,D09,original,False
1898,109.232555,-0.44633726,7.1,0.41,TM,Healthy,,D009A,0.41,Abnormal,Sub-Optimal,Monitor,D09,original,False
1899,109.23251489,-0.44124063,7.1,0.494,TM,Healthy,,D009A,0.494,Healthy,Good,None,D09,original,False
1900,109.23276091,-0.44360905,7.09,0.415,TM,Healthy,,D009A,0.415,Abnormal,Sub-Optimal,Monitor,D09,original,False
1901,109.23173413,-0.44570315,7.09,0.424,TM,Healthy,,D009A,0.424,Abnormal,Sub-Optimal,Monitor,D09,original,False
1902,109.23185656,-0.44650122,7.09,0.427,TM,Healthy,,D009A,0.427,Abnormal,Sub-Optimal,Monitor,D09,original,False
1903,109.23272071,-0.44454634,7.09,0.506,TM,Healthy,,D009A,0.506,Healthy,Good,None,D09,original,False
1904,109.23317509,-0.44138729,7.09,0.516,TM,Healthy,,D009A,0.516,Healthy,Good,None,D09,original,False
1905,109.23325673,-0.44367789,7.09,0.451,TM,Healthy,,D009A,0.451,Normal,Moderate,Routine,D09,original,False
1906,109.23218934,-0.44473928,7.08,0.481,TM,Healthy,,D009A,0.481,Healthy,Good,None,D09,original,False
1907,109.2327741,-0.44477288,7.08,0.427,TM,Healthy,,D009A,0.427,Abnormal,Sub-Optimal,Monitor,D09,original,False
1908,109.23345082,-0.44909559,7.08,0.395,TM,Healthy,,D009A,0.395,Abnormal,Sub-Optimal,Monitor,D09,original,False
1909,109.23311594,-0.44834449,7.07,0.432,TM,Healthy,,D009A,0.432,Normal,Moderate,Routine,D09,original,False
1910,109.23264646,-0.4432464,7.07,0.413,TM,Healthy,,D009A,0.413,Abnormal,Sub-Optimal,Monitor,D09,original,False
1911,109.23294592,-0.44561934,7.07,0.485,TM,Healthy,,D009A,0.485,Healthy,Good,None,D09,original,False
1912,109.23288602,-0.44255331,7.06,0.483,TM,Healthy,,D009A,0.483,Healthy,Good,None,D09,original,False
1913,109.2335065,-0.44538029,7.06,0.46,TM,Healthy,,D009A,0.46,Healthy,Good,None,D09,original,False
1914,109.23302178,-0.44581831,7.06,0.438,TM,Healthy,,D009A,0.438,Normal,Moderate,Routine,D09,original,False
1915,109.23277441,-0.44910673,7.05,0.431,TM,Healthy,,D009A,0.431,Normal,Moderate,Routine,D09,original,False
1916,109.23287148,-0.44888972,7.05,0.431,TM,Healthy,,D009A,0.431,Normal,Moderate,Routine,D09,original,False
1917,109.23182167,-0.4421208,7.05,0.521,TM,Healthy,,D009A,0.521,Healthy,Good,None,D09,original,False
1918,109.23174314,-0.44558243,7.05,0.463,TM,Healthy,,D009A,0.463,Healthy,Good,None,D09,original,False
1919,109.23163254,-0.44229619,7.05,0.655,TM,Healthy,,D009A,0.655,Healthy,Good,None,D09,original,False
1920,109.2319114,-0.44818549,7.04,0.491,TM,Healthy,,D009A,0.491,Healthy,Good,None,D09,original,False
1921,109.23273334,-0.4480713,7.04,0.421,TM,Healthy,,D009A,0.421,Abnormal,Sub-Optimal,Monitor,D09,original,False
1922,109.23166726,-0.4454965,7.04,0.483,TM,Healthy,,D009A,0.483,Healthy,Good,None,D09,original,False
1923,109.23197685,-0.44112792,7.03,0.457,TM,Healthy,,D009A,0.457,Normal,Moderate,Routine,D09,original,False
1924,109.23217507,-0.44803589,7.03,0.363,TM,Suspect,Circle_5m,D009A,0.363,Suspect,Critical,Priority Survey,D09,original,False
1925,109.23316027,-0.44889928,7.03,0.415,TM,Healthy,,D009A,0.415,Abnormal,Sub-Optimal,Monitor,D09,original,False
1926,109.23283291,-0.44299821,7.03,0.515,TM,Healthy,,D009A,0.515,Healthy,Good,None,D09,original,False
1927,109.23347161,-0.44478887,7.03,0.357,TM,Suspect,Circle_5m,D009A,0.357,Suspect,Critical,Priority Survey,D09,original,False
1928,109.23269886,-0.44575583,7.02,0.434,TM,Healthy,,D009A,0.434,Normal,Moderate,Routine,D09,original,False
1929,109.23213992,-0.44291033,7.02,0.282,TM,Suspect,Circle_5m,D009A,0.282,Suspect,Critical,Priority Survey,D09,original,False
1930,109.23330148,-0.44815373,7.02,0.426,TM,Healthy,,D009A,0.426,Abnormal,Sub-Optimal,Monitor,D09,original,False
1931,109.23275709,-0.44455585,7.02,0.421,TM,Healthy,,D009A,0.421,Abnormal,Sub-Optimal,Monitor,D09,original,False
1932,109.23166418,-0.44333252,7.02,0.466,TM,Healthy,,D009A,0.466,Healthy,Good,None,D09,original,False
1933,109.23246974,-0.44412714,7.02,0.47,TM,Healthy,,D009A,0.47,Healthy,Good,None,D09,original,False
1934,109.2325109,-0.44670033,7.01,0.46,TM,Healthy,,D009A,0.46,Healthy,Good,None,D09,original,False
1935,109.2325824,-0.4482164,7.01,0.395,TM,Healthy,,D009A,0.395,Abnormal,Sub-Optimal,Monitor,D09,original,False
1936,109.23217408,-0.44280453,7.01,0.462,TM,Healthy,,D009A,0.462,Healthy,Good,None,D09,original,False
1937,109.23335444,-0.44644688,7.01,0.544,TM,Healthy,,D009A,0.544,Healthy,Good,None,D09,original,False
1938,109.23204631,-0.44745259,7.01,0.473,TM,Healthy,,D009A,0.473,Healthy,Good,None,D09,original,False
1939,109.23258631,-0.44686312,7.01,0.396,TM,Healthy,,D009A,0.396,Abnormal,Sub-Optimal,Monitor,D09,original,False
1940,109.23255274,-0.44639875,7.0,0.417,TM,Healthy,,D009A,0.417,Abnormal,Sub-Optimal,Monitor,D09,original,False
1941,109.23281761,-0.44876446,7.0,0.412,TM,Healthy,,D009A,0.412,Abnormal,Sub-Optimal,Monitor,D09,original,False
1942,109.23179582,-0.44127844,7.0,0.479,TM,Healthy,,D009A,0.479,Healthy,Good,None,D09,original,False
1943,109.2322847,-0.44600261,7.0,0.376,TM,Suspect,Circle_5m,D009A,0.376,Suspect,Critical,Priority Survey,D09,original,False
1944,109.2329814,-0.44563427,7.0,0.534,TM,Healthy,,D009A,0.534,Healthy,Good,None,D09,original,False
1945,109.2325105,-0.44838684,6.99,0.419,TM,Healthy,,D009A,0.419,Abnormal,Sub-Optimal,Monitor,D09,original,False
1946,109.23260227,-0.4420916,6.99,0.511,TM,Healthy,,D009A,0.511,Healthy,Good,None,D09,original,False
1947,109.23292974,-0.44565506,6.99,0.51,TM,Healthy,,D009A,0.51,Healthy,Good,None,D09,original,False
1948,109.23165546,-0.44600381,6.98,0.526,TM,Healthy,,D009A,0.526,Healthy,Good,None,D09,original,False
1949,109.23340529,-0.4422315,6.98,0.453,TM,Healthy,,D009A,0.453,Normal,Moderate,Routine,D09,original,False
1950,109.23262941,-0.44882184,6.98,0.491,TM,Healthy,,D009A,0.491,Healthy,Good,None,D09,original,False
1951,109.23297447,-0.44456178,6.98,0.551,TM,Healthy,,D009A,0.551,Healthy,Good,None,D09,original,False
1952,109.233124,-0.44467666,6.98,0.476,TM,Healthy,,D009A,0.476,Healthy,Good,None,D09,original,False
1953,109.23209341,-0.44204852,6.98,0.519,TM,Healthy,,D009A,0.519,Healthy,Good,None,D09,original,False
1954,109.23215928,-0.44648095,6.98,0.395,TM,Healthy,,D009A,0.395,Abnormal,Sub-Optimal,Monitor,D09,original,False
1955,109.23307059,-0.44451794,6.97,0.398,TM,Healthy,,D009A,0.398,Abnormal,Sub-Optimal,Monitor,D09,original,False
1956,109.23280336,-0.44072254,6.97,0.471,TM,Healthy,,D009A,0.471,Healthy,Good,None,D09,original,False
1957,109.2326793,-0.44112628,6.96,0.567,TM,Healthy,,D009A,0.567,Healthy,Good,None,D09,original,False
1958,109.23282085,-0.44460424,6.96,0.42,TM,Healthy,,D009A,0.42,Abnormal,Sub-Optimal,Monitor,D09,original,False
1959,109.23334467,-0.44220165,6.96,0.406,TM,Healthy,,D009A,0.406,Abnormal,Sub-Optimal,Monitor,D09,original,False
1960,109.23209724,-0.44295553,6.96,0.37,TM,Suspect,Circle_5m,D009A,0.37,Suspect,Critical,Priority Survey,D09,original,False
1961,109.23141495,-0.44505605,6.96,0.536,TM,Healthy,,D009A,0.536,Healthy,Good,None,D09,original,False
1962,109.23270576,-0.44320888,6.96,0.499,TM,Healthy,,D009A,0.499,Healthy,Good,None,D09,original,False
1963,109.23355097,-0.449092,6.95,0.448,TM,Healthy,,D009A,0.448,Normal,Moderate,Routine,D09,original,False
1964,109.23238752,-0.44048054,6.95,0.511,TM,Healthy,,D009A,0.511,Healthy,Good,None,D09,original,False
1965,109.23289181,-0.44274005,6.95,0.493,TM,Healthy,,D009A,0.493,Healthy,Good,None,D09,original,False
1966,109.23338724,-0.44070007,6.94,0.407,TM,Healthy,,D009A,0.407,Abnormal,Sub-Optimal,Monitor,D09,original,False
1967,109.23155137,-0.44742715,6.94,0.452,TM,Healthy,,D009A,0.452,Normal,Moderate,Routine,D09,original,False
1968,109.23225377,-0.44195949,6.94,0.462,TM,Healthy,,D009A,0.462,Healthy,Good,None,D09,original,False
1969,109.23294645,-0.44527842,6.94,0.405,TM,Healthy,,D009A,0.405,Abnormal,Sub-Optimal,Monitor,D09,original,False
1970,109.23168357,-0.44303501,6.93,0.568,TM,Healthy,,D009A,0.568,Healthy,Good,None,D09,original,False
1971,109.23322142,-0.4410717,6.93,0.448,TM,Healthy,,D009A,0.448,Normal,Moderate,Routine,D09,original,False
1972,109.23277761,-0.44324417,6.93,0.462,TM,Healthy,,D009A,0.462,Healthy,Good,None,D09,original,False
1973,109.23233863,-0.44397066,6.93,0.512,TM,Healthy,,D009A,0.512,Healthy,Good,None,D09,original,False
1974,109.23209669,-0.44145485,6.92,0.435,TM,Healthy,,D009A,0.435,Normal,Moderate,Routine,D09,original,False
1975,109.23145575,-0.44535357,6.92,0.429,TM,Healthy,,D009A,0.429,Abnormal,Sub-Optimal,Monitor,D09,original,False
1976,109.23329447,-0.44366027,6.92,0.44,TM,Healthy,,D009A,0.44,Normal,Moderate,Routine,D09,original,False
1977,109.23333125,-0.44760844,6.92,0.381,TM,Healthy,,D009A,0.381,Suspect,Critical,Priority Survey,D09,original,False
1978,109.23225372,-0.4478546,6.92,0.483,TM,Healthy,,D009A,0.483,Healthy,Good,None,D09,original,False
1979,109.2313972,-0.44603359,6.92,0.441,TM,Healthy,,D009A,0.441,Normal,Moderate,Routine,D09,original,False
1980,109.23178751,-0.44411567,6.92,0.502,TM,Healthy,,D009A,0.502,Healthy,Good,None,D09,original,False
1981,109.23293347,-0.44320035,6.91,0.496,TM,Healthy,,D009A,0.496,Healthy,Good,None,D09,original,False
1982,109.23161369,-0.44414547,6.91,0.414,TM,Healthy,,D009A,0.414,Abnormal,Sub-Optimal,Monitor,D09,original,False
1983,109.23317126,-0.44425707,6.91,0.476,TM,Healthy,,D009A,0.476,Healthy,Good,None,D09,original,False
1984,109.23229549,-0.44784376,6.9,0.462,TM,Healthy,,D009A,0.462,Healthy,Good,None,D09,original,False
1985,109.23269867,-0.4427721,6.9,0.46,TM,Healthy,,D009A,0.46,Healthy,Good,None,D09,original,False
1986,109.23228135,-0.44685491,6.9,0.38,TM,Healthy,,D009A,0.38,Suspect,Critical,Priority Survey,D09,original,False
1987,109.23331274,-0.44803707,6.9,0.549,TM,Healthy,,D009A,0.549,Healthy,Good,None,D09,original,False
1988,109.23199108,-0.44742635,6.9,0.45,TM,Healthy,,D009A,0.45,Normal,Moderate,Routine,D09,original,False
1989,109.2326352,-0.44149612,6.9,0.375,TM,Suspect,Circle_5m,D009A,0.375,Suspect,Critical,Priority Survey,D09,original,False
1990,109.23283735,-0.44324237,6.89,0.488,TM,Healthy,,D009A,0.488,Healthy,Good,None,D09,original,False
1991,109.23341764,-0.44129194,6.89,0.437,TM,Healthy,,D009A,0.437,Normal,Moderate,Routine,D09,original,False
1992,109.23197785,-0.44827277,6.89,0.544,TM,Healthy,,D009A,0.544,Healthy,Good,None,D09,original,False
1993,109.23257507,-0.44878791,6.88,0.412,TM,Healthy,,D009A,0.412,Abnormal,Sub-Optimal,Monitor,D09,original,False
1994,109.23173325,-0.44376524,6.88,0.378,TM,Suspect,Circle_5m,D009A,0.378,Suspect,Critical,Priority Survey,D09,original,False
1995,109.23267753,-0.44292447,6.88,0.494,TM,Healthy,,D009A,0.494,Healthy,Good,None,D09,original,False
1996,109.23263213,-0.44872327,6.88,0.393,TM,Healthy,,D009A,0.393,Abnormal,Sub-Optimal,Monitor,D09,original,False
1997,109.23179746,-0.44194355,6.88,0.431,TM,Healthy,,D009A,0.431,Normal,Moderate,Routine,D09,original,False
1998,109.23213438,-0.4472817,6.87,0.272,TM,Suspect,Circle_5m,D009A,0.272,Suspect,Critical,Priority Survey,D09,original,False
1999,109.23278412,-0.44040603,6.87,0.443,TM,Healthy,,D009A,0.443,Normal,Moderate,Routine,D09,original,False
2000,109.23311412,-0.44655353,6.87,0.447,TM,Healthy,,D009A,0.447,Normal,Moderate,Routine,D09,original,False
2001,109.23273339,-0.44219969,6.86,0.419,TM,Healthy,,D009A,0.419,Abnormal,Sub-Optimal,Monitor,D09,original,False
2002,109.23312397,-0.44859408,6.86,0.354,TM,Suspect,Circle_5m,D009A,0.354,Suspect,Critical,Priority Survey,D09,original,False
2003,109.23291233,-0.44333418,6.86,0.399,TM,Healthy,,D009A,0.399,Abnormal,Sub-Optimal,Monitor,D09,original,False
2004,109.23187495,-0.44468902,6.86,0.33,TM,Suspect,Circle_5m,D009A,0.33,Suspect,Critical,Priority Survey,D09,original,False
2005,109.23306262,-0.44592141,6.85,0.77,TM,Healthy,,D009A,0.77,Healthy,Good,None,D09,original,False
2006,109.23212488,-0.44381507,6.85,0.522,TM,Healthy,,D009A,0.522,Healthy,Good,None,D09,original,False
2007,109.23235681,-0.44686125,6.85,0.441,TM,Healthy,,D009A,0.441,Normal,Moderate,Routine,D09,original,False
2008,109.23302584,-0.44761334,6.85,0.505,TM,Healthy,,D009A,0.505,Healthy,Good,None,D09,original,False
2009,109.23303822,-0.44276631,6.85,0.431,TM,Healthy,,D009A,0.431,Normal,Moderate,Routine,D09,original,False
2010,109.23235889,-0.44755123,6.84,0.443,TM,Healthy,,D009A,0.443,Normal,Moderate,Routine,D09,original,False
2011,109.23297548,-0.44784031,6.84,0.453,TM,Healthy,,D009A,0.453,Normal,Moderate,Routine,D09,original,False
2012,109.23315184,-0.4465992,6.84,0.464,TM,Healthy,,D009A,0.464,Healthy,Good,None,D09,original,False
2013,109.23301142,-0.44593315,6.84,0.58,TM,Healthy,,D009A,0.58,Healthy,Good,None,D09,original,False
2014,109.23341538,-0.44513928,6.83,0.482,TM,Healthy,,D009A,0.482,Healthy,Good,None,D09,original,False
2015,109.23154765,-0.44230883,6.83,0.804,TM,Healthy,,D009A,0.804,Healthy,Good,None,D09,original,False
2016,109.23293275,-0.44435197,6.83,0.506,TM,Healthy,,D009A,0.506,Healthy,Good,None,D09,original,False
2017,109.23280009,-0.44501886,6.83,0.462,TM,Healthy,,D009A,0.462,Healthy,Good,None,D09,original,False
2018,109.23292105,-0.44818302,6.82,0.486,TM,Healthy,,D009A,0.486,Healthy,Good,None,D09,original,False
2019,109.23296245,-0.44787557,6.82,0.404,TM,Healthy,,D009A,0.404,Abnormal,Sub-Optimal,Monitor,D09,original,False
2020,109.23242182,-0.44731885,6.82,0.466,TM,Healthy,,D009A,0.466,Healthy,Good,None,D09,original,False
2021,109.23279088,-0.44784931,6.82,0.404,TM,Healthy,,D009A,0.404,Abnormal,Sub-Optimal,Monitor,D09,original,False
2022,109.23310414,-0.44321621,6.82,0.452,TM,Healthy,,D009A,0.452,Normal,Moderate,Routine,D09,original,False
2023,109.23274777,-0.44785156,6.82,0.456,TM,Healthy,,D009A,0.456,Normal,Moderate,Routine,D09,original,False
2024,109.23265009,-0.44308046,6.82,0.437,TM,Healthy,,D009A,0.437,Normal,Moderate,Routine,D09,original,False
2025,109.23293907,-0.44422537,6.82,0.42,TM,Healthy,,D009A,0.42,Abnormal,Sub-Optimal,Monitor,D09,original,False
2026,109.23234575,-0.44803865,6.81,0.47,TM,Healthy,,D009A,0.47,Healthy,Good,None,D09,original,False
2027,109.23142729,-0.44225816,6.81,0.502,TM,Healthy,,D009A,0.502,Healthy,Good,None,D09,original,False
2028,109.23252227,-0.44420492,6.81,0.429,TM,Healthy,,D009A,0.429,Abnormal,Sub-Optimal,Monitor,D09,original,False
2029,109.23207856,-0.44595327,6.81,0.438,TM,Healthy,,D009A,0.438,Normal,Moderate,Routine,D09,original,False
2030,109.2322968,-0.44232709,6.81,0.494,TM,Healthy,,D009A,0.494,Healthy,Good,None,D09,original,False
2031,109.23249003,-0.44190031,6.81,0.425,TM,Healthy,,D009A,0.425,Abnormal,Sub-Optimal,Monitor,D09,original,False
2032,109.23230138,-0.44573675,6.8,0.48,TM,Healthy,,D009A,0.48,Healthy,Good,None,D09,original,False
2033,109.23250402,-0.44727636,6.8,0.454,TM,Healthy,,D009A,0.454,Normal,Moderate,Routine,D09,original,False
2034,109.23237589,-0.4459235,6.79,0.46,TM,Healthy,,D009A,0.46,Healthy,Good,None,D09,original,False
2035,109.23200666,-0.44235099,6.79,0.435,TM,Healthy,,D009A,0.435,Normal,Moderate,Routine,D09,original,False
2036,109.23298342,-0.44280382,6.79,0.462,TM,Healthy,,D009A,0.462,Healthy,Good,None,D09,original,False
2037,109.23233286,-0.44369485,6.79,0.432,TM,Healthy,,D009A,0.432,Normal,Moderate,Routine,D09,original,False
2038,109.23186837,-0.44781291,6.79,0.453,TM,Healthy,,D009A,0.453,Normal,Moderate,Routine,D09,original,False
2039,109.23317565,-0.44656846,6.78,0.503,TM,Healthy,,D009A,0.503,Healthy,Good,None,D09,original,False
2040,109.23220103,-0.44277967,6.78,0.388,TM,Healthy,,D009A,0.388,Suspect,Critical,Priority Survey,D09,original,False
2041,109.23222502,-0.44577652,6.78,0.476,TM,Healthy,,D009A,0.476,Healthy,Good,None,D09,original,False
2042,109.23214011,-0.44587507,6.78,0.387,TM,Healthy,,D009A,0.387,Suspect,Critical,Priority Survey,D09,original,False
2043,109.23222854,-0.44229814,6.78,0.431,TM,Healthy,,D009A,0.431,Normal,Moderate,Routine,D09,original,False
2044,109.23238624,-0.44584574,6.78,0.523,TM,Healthy,,D009A,0.523,Healthy,Good,None,D09,original,False
2045,109.23235766,-0.44138212,6.78,0.565,TM,Healthy,,D009A,0.565,Healthy,Good,None,D09,original,False
2046,109.23251127,-0.44136362,6.78,0.474,TM,Healthy,,D009A,0.474,Healthy,Good,None,D09,original,False
2047,109.2333244,-0.44809993,6.77,0.512,TM,Healthy,,D009A,0.512,Healthy,Good,None,D09,original,False
2048,109.2322446,-0.44464479,6.77,0.489,TM,Healthy,,D009A,0.489,Healthy,Good,None,D09,original,False
2049,109.23274433,-0.44152147,6.77,0.387,TM,Healthy,,D009A,0.387,Suspect,Critical,Priority Survey,D09,original,False
2050,109.23136153,-0.44870849,6.77,0.409,TM,Healthy,,D009A,0.409,Abnormal,Sub-Optimal,Monitor,D09,original,False
2051,109.23340258,-0.44042336,6.77,0.479,TM,Healthy,,D009A,0.479,Healthy,Good,None,D09,original,False
2052,109.23281638,-0.44451833,6.77,0.447,TM,Healthy,,D009A,0.447,Normal,Moderate,Routine,D09,original,False
2053,109.23235162,-0.44789487,6.77,0.497,TM,Healthy,,D009A,0.497,Healthy,Good,None,D09,original,False
2054,109.23224323,-0.44476507,6.77,0.445,TM,Healthy,,D009A,0.445,Normal,Moderate,Routine,D09,original,False
2055,109.2333442,-0.44228846,6.77,0.446,TM,Healthy,,D009A,0.446,Normal,Moderate,Routine,D09,original,False
2056,109.23245931,-0.44832127,6.76,0.433,TM,Healthy,,D009A,0.433,Normal,Moderate,Routine,D09,original,False
2057,109.23228254,-0.44376673,6.76,0.512,TM,Healthy,,D009A,0.512,Healthy,Good,None,D09,original,False
2058,109.2326487,-0.44515627,6.76,0.378,TM,Suspect,Circle_5m,D009A,0.378,Suspect,Critical,Priority Survey,D09,original,False
2059,109.23194876,-0.44027019,6.76,0.413,TM,Healthy,,D009A,0.413,Abnormal,Sub-Optimal,Monitor,D09,original,False
2060,109.23343421,-0.44904856,6.75,0.395,TM,Healthy,,D009A,0.395,Abnormal,Sub-Optimal,Monitor,D09,original,False
2061,109.23346331,-0.44566921,6.75,0.573,TM,Healthy,,D009A,0.573,Healthy,Good,None,D09,original,False
2062,109.23354687,-0.44180471,6.74,0.352,TM,Suspect,Circle_5m,D009A,0.352,Suspect,Critical,Priority Survey,D09,original,False
2063,109.23245781,-0.44142329,6.73,0.449,TM,Healthy,,D009A,0.449,Normal,Moderate,Routine,D09,original,False
2064,109.2321221,-0.44604914,6.73,0.513,TM,Healthy,,D009A,0.513,Healthy,Good,None,D09,original,False
2065,109.23309513,-0.44333784,6.73,0.398,TM,Healthy,,D009A,0.398,Abnormal,Sub-Optimal,Monitor,D09,original,False
2066,109.23344171,-0.44772241,6.73,0.448,TM,Healthy,,D009A,0.448,Normal,Moderate,Routine,D09,original,False
2067,109.23161257,-0.44127794,6.73,0.45,TM,Healthy,,D009A,0.45,Normal,Moderate,Routine,D09,original,False
2068,109.23286873,-0.44912574,6.72,0.325,TM,Suspect,Circle_5m,D009A,0.325,Suspect,Critical,Priority Survey,D09,original,False
2069,109.23339827,-0.44153429,6.72,0.487,TM,Healthy,,D009A,0.487,Healthy,Good,None,D09,original,False
2070,109.23286259,-0.44286981,6.72,0.555,TM,Healthy,,D009A,0.555,Healthy,Good,None,D09,original,False
2071,109.23158462,-0.44550688,6.72,0.415,TM,Healthy,,D009A,0.415,Abnormal,Sub-Optimal,Monitor,D09,original,False
2072,109.23248513,-0.44173573,6.72,0.403,TM,Healthy,,D009A,0.403,Abnormal,Sub-Optimal,Monitor,D09,original,False
2073,109.23304827,-0.44396224,6.72,0.429,TM,Healthy,,D009A,0.429,Abnormal,Sub-Optimal,Monitor,D09,original,False
2074,109.23229243,-0.44370615,6.72,0.427,TM,Healthy,,D009A,0.427,Abnormal,Sub-Optimal,Monitor,D09,original,False
2075,109.23227374,-0.44865581,6.71,0.393,TM,Healthy,,D009A,0.393,Abnormal,Sub-Optimal,Monitor,D09,original,False
2076,109.23190932,-0.44370651,6.71,0.423,TM,Healthy,,D009A,0.423,Abnormal,Sub-Optimal,Monitor,D09,original,False
2077,109.23162204,-0.4448879,6.71,0.41,TM,Healthy,,D009A,0.41,Abnormal,Sub-Optimal,Monitor,D09,original,False
2078,109.23216292,-0.44437936,6.71,0.455,TM,Healthy,,D009A,0.455,Normal,Moderate,Routine,D09,original,False
2079,109.23199366,-0.44599982,6.71,0.442,TM,Healthy,,D009A,0.442,Normal,Moderate,Routine,D09,original,False
2080,109.23205084,-0.44541747,6.71,0.532,TM,Healthy,,D009A,0.532,Healthy,Good,None,D09,original,False
2081,109.23230306,-0.44436402,6.71,0.485,TM,Healthy,,D009A,0.485,Healthy,Good,None,D09,original,False
2082,109.23346171,-0.44863033,6.7,0.564,TM,Healthy,,D009A,0.564,Healthy,Good,None,D09,original,False
2083,109.23176878,-0.4473205,6.7,0.558,TM,Healthy,,D009A,0.558,Healthy,Good,None,D09,original,False
2084,109.23293307,-0.4411069,6.69,0.444,TM,Healthy,,D009A,0.444,Normal,Moderate,Routine,D09,original,False
2085,109.23140587,-0.44170472,6.69,0.411,TM,Healthy,,D009A,0.411,Abnormal,Sub-Optimal,Monitor,D09,original,False
2086,109.23252644,-0.44179768,6.69,0.396,TM,Healthy,,D009A,0.396,Abnormal,Sub-Optimal,Monitor,D09,original,False
2087,109.2323058,-0.44793193,6.68,0.429,TM,Healthy,,D009A,0.429,Abnormal,Sub-Optimal,Monitor,D09,original,False
2088,109.23223549,-0.44142369,6.68,0.492,TM,Healthy,,D009A,0.492,Healthy,Good,None,D09,original,False
2089,109.2322186,-0.44818828,6.68,0.405,TM,Healthy,,D009A,0.405,Abnormal,Sub-Optimal,Monitor,D09,original,False
2090,109.2318864,-0.44375488,6.68,0.388,TM,Healthy,,D009A,0.388,Suspect,Critical,Priority Survey,D09,original,False
2091,109.2335452,-0.44883924,6.67,0.447,TM,Healthy,,D009A,0.447,Normal,Moderate,Routine,D09,original,False
2092,109.23293163,-0.44148851,6.67,0.473,TM,Healthy,,D009A,0.473,Healthy,Good,None,D09,original,False
2093,109.23238981,-0.44595923,6.67,0.502,TM,Healthy,,D009A,0.502,Healthy,Good,None,D09,original,False
2094,109.23270437,-0.44715885,6.67,0.383,TM,Healthy,,D009A,0.383,Suspect,Critical,Priority Survey,D09,original,False
2095,109.2326507,-0.44240766,6.67,0.4,TM,Healthy,,D009A,0.4,Abnormal,Sub-Optimal,Monitor,D09,original,False
2096,109.2328573,-0.44432934,6.67,0.459,TM,Healthy,,D009A,0.459,Normal,Moderate,Routine,D09,original,False
2097,109.2319218,-0.44600388,6.66,0.409,TM,Healthy,,D009A,0.409,Abnormal,Sub-Optimal,Monitor,D09,original,False
2098,109.23344171,-0.44395013,6.66,0.507,TM,Healthy,,D009A,0.507,Healthy,Good,None,D09,original,False
2099,109.23231616,-0.44778634,6.66,0.485,TM,Healthy,,D009A,0.485,Healthy,Good,None,D09,original,False
2100,109.23293289,-0.44184345,6.66,0.498,TM,Healthy,,D009A,0.498,Healthy,Good,None,D09,original,False
2101,109.23253777,-0.44326219,6.65,0.444,TM,Healthy,,D009A,0.444,Normal,Moderate,Routine,D09,original,False
2102,109.23316603,-0.44546341,6.65,0.377,TM,Suspect,Circle_5m,D009A,0.377,Suspect,Critical,Priority Survey,D09,original,False
2103,109.23265753,-0.44390337,6.65,0.437,TM,Healthy,,D009A,0.437,Normal,Moderate,Routine,D09,original,False
2104,109.23281265,-0.44888111,6.64,0.442,TM,Healthy,,D009A,0.442,Normal,Moderate,Routine,D09,original,False
2105,109.23311498,-0.44296346,6.64,0.48,TM,Healthy,,D009A,0.48,Healthy,Good,None,D09,original,False
2106,109.23227969,-0.44439974,6.64,0.399,TM,Healthy,,D009A,0.399,Abnormal,Sub-Optimal,Monitor,D09,original,False
2107,109.23258559,-0.44426869,6.64,0.466,TM,Healthy,,D009A,0.466,Healthy,Good,None,D09,original,False
2108,109.23348501,-0.44318556,6.64,0.475,TM,Healthy,,D009A,0.475,Healthy,Good,None,D09,original,False
2109,109.23278679,-0.44052495,6.63,0.471,TM,Healthy,,D009A,0.471,Healthy,Good,None,D09,original,False
2110,109.23218186,-0.44027928,6.63,0.416,TM,Healthy,,D009A,0.416,Abnormal,Sub-Optimal,Monitor,D09,original,False
2111,109.23137372,-0.44845529,6.63,0.419,TM,Healthy,,D009A,0.419,Abnormal,Sub-Optimal,Monitor,D09,original,False
2112,109.23189395,-0.4478839,6.63,0.444,TM,Healthy,,D009A,0.444,Normal,Moderate,Routine,D09,original,False
2113,109.23304984,-0.44865962,6.63,0.547,TM,Healthy,,D009A,0.547,Healthy,Good,None,D09,original,False
2114,109.23277828,-0.44797093,6.63,0.522,TM,Healthy,,D009A,0.522,Healthy,Good,None,D09,original,False
2115,109.23150446,-0.44826316,6.63,0.489,TM,Healthy,,D009A,0.489,Healthy,Good,None,D09,original,False
2116,109.23292686,-0.44075422,6.63,0.386,TM,Healthy,,D009A,0.386,Suspect,Critical,Priority Survey,D09,original,False
2117,109.23228008,-0.44656508,6.62,0.547,TM,Healthy,,D009A,0.547,Healthy,Good,None,D09,original,False
2118,109.23177697,-0.44498289,6.61,0.479,TM,Healthy,,D009A,0.479,Healthy,Good,None,D09,original,False
2119,109.23250334,-0.4482634,6.61,0.334,TM,Suspect,Circle_5m,D009A,0.334,Suspect,Critical,Priority Survey,D09,original,False
2120,109.23325741,-0.44081579,6.61,0.475,TM,Healthy,,D009A,0.475,Healthy,Good,None,D09,original,False
2121,109.23218167,-0.44861871,6.6,0.426,TM,Healthy,,D009A,0.426,Abnormal,Sub-Optimal,Monitor,D09,original,False
2122,109.23232815,-0.4483773,6.6,0.444,TM,Healthy,,D009A,0.444,Normal,Moderate,Routine,D09,original,False
2123,109.23187056,-0.44802406,6.6,0.488,TM,Healthy,,D009A,0.488,Healthy,Good,None,D09,original,False
2124,109.233242,-0.44518264,6.6,0.426,TM,Healthy,,D009A,0.426,Abnormal,Sub-Optimal,Monitor,D09,original,False
2125,109.23290532,-0.44260576,6.6,0.459,TM,Healthy,,D009A,0.459,Normal,Moderate,Routine,D09,original,False
2126,109.23209908,-0.44463888,6.59,0.445,TM,Healthy,,D009A,0.445,Normal,Moderate,Routine,D09,original,False
2127,109.23209022,-0.44792284,6.58,0.494,TM,Healthy,,D009A,0.494,Healthy,Good,None,D09,original,False
2128,109.23272249,-0.44271062,6.58,0.448,TM,Healthy,,D009A,0.448,Normal,Moderate,Routine,D09,original,False
2129,109.23260917,-0.44518656,6.58,0.48,TM,Healthy,,D009A,0.48,Healthy,Good,None,D09,original,False
2130,109.23220372,-0.44659038,6.57,0.421,TM,Healthy,,D009A,0.421,Abnormal,Sub-Optimal,Monitor,D09,original,False
2131,109.23336742,-0.44850687,6.57,0.49,TM,Healthy,,D009A,0.49,Healthy,Good,None,D09,original,False
2132,109.23265441,-0.44569162,6.57,0.512,TM,Healthy,,D009A,0.512,Healthy,Good,None,D09,original,False
2133,109.23278663,-0.44120498,6.56,0.397,TM,Healthy,,D009A,0.397,Abnormal,Sub-Optimal,Monitor,D09,original,False
2134,109.23263791,-0.44144187,6.55,0.387,TM,Healthy,,D009A,0.387,Suspect,Critical,Priority Survey,D09,original,False
2135,109.2328675,-0.44863245,6.55,0.52,TM,Healthy,,D009A,0.52,Healthy,Good,None,D09,original,False
2136,109.23150686,-0.44198101,6.55,0.437,TM,Healthy,,D009A,0.437,Normal,Moderate,Routine,D09,original,False
2137,109.23275396,-0.44448983,6.55,0.449,TM,Healthy,,D009A,0.449,Normal,Moderate,Routine,D09,original,False
2138,109.23340759,-0.44390581,6.55,0.488,TM,Healthy,,D009A,0.488,Healthy,Good,None,D09,original,False
2139,109.23345073,-0.44381675,6.54,0.403,TM,Healthy,,D009A,0.403,Abnormal,Sub-Optimal,Monitor,D09,original,False
2140,109.23238347,-0.4480364,6.54,0.465,TM,Healthy,,D009A,0.465,Healthy,Good,None,D09,original,False
2141,109.23276836,-0.4481233,6.54,0.418,TM,Healthy,,D009A,0.418,Abnormal,Sub-Optimal,Monitor,D09,original,False
2142,109.23341703,-0.44195931,6.54,0.443,TM,Healthy,,D009A,0.443,Normal,Moderate,Routine,D09,original,False
2143,109.2315848,-0.44472602,6.53,0.403,TM,Healthy,,D009A,0.403,Abnormal,Sub-Optimal,Monitor,D09,original,False
2144,109.23306364,-0.44353451,6.53,0.49,TM,Healthy,,D009A,0.49,Healthy,Good,None,D09,original,False
2145,109.2314273,-0.44411965,6.53,0.173,TM,Suspect,Circle_5m,D009A,0.173,Suspect,Critical,Priority Survey,D09,original,False
2146,109.23282317,-0.44049511,6.53,0.548,TM,Healthy,,D009A,0.548,Healthy,Good,None,D09,original,False
2147,109.23284898,-0.44908911,6.53,0.54,TM,Healthy,,D009A,0.54,Healthy,Good,None,D09,original,False
2148,109.23298871,-0.44323427,6.52,0.432,TM,Healthy,,D009A,0.432,Normal,Moderate,Routine,D09,original,False
2149,109.2323458,-0.44023953,6.52,0.295,TM,Suspect,Circle_5m,D009A,0.295,Suspect,Critical,Priority Survey,D09,original,False
2150,109.23277092,-0.44493204,6.51,0.477,TM,Healthy,,D009A,0.477,Healthy,Good,None,D09,original,False
2151,109.2320278,-0.44784912,6.51,0.559,TM,Healthy,,D009A,0.559,Healthy,Good,None,D09,original,False
2152,109.23270161,-0.44552298,6.5,0.51,TM,Healthy,,D009A,0.51,Healthy,Good,None,D09,original,False
2153,109.23311831,-0.44404365,6.5,0.336,TM,Suspect,Circle_5m,D009A,0.336,Suspect,Critical,Priority Survey,D09,original,False
2154,109.23169459,-0.44578589,6.5,0.382,TM,Healthy,,D009A,0.382,Suspect,Critical,Priority Survey,D09,original,False
2155,109.23320869,-0.44551813,6.49,0.422,TM,Healthy,,D009A,0.422,Abnormal,Sub-Optimal,Monitor,D09,original,False
2156,109.23286675,-0.44233627,6.49,0.352,TM,Suspect,Circle_5m,D009A,0.352,Suspect,Critical,Priority Survey,D09,original,False
2157,109.23322427,-0.44420012,6.49,0.48,TM,Healthy,,D009A,0.48,Healthy,Good,None,D09,original,False
2158,109.23309276,-0.44572202,6.48,0.531,TM,Healthy,,D009A,0.531,Healthy,Good,None,D09,original,False
2159,109.23195725,-0.44613275,6.48,0.258,TM,Suspect,Circle_5m,D009A,0.258,Suspect,Critical,Priority Survey,D09,original,False
2160,109.23265789,-0.44808077,6.48,0.406,TM,Healthy,,D009A,0.406,Abnormal,Sub-Optimal,Monitor,D09,original,False
2161,109.23334069,-0.44383797,6.47,0.456,TM,Healthy,,D009A,0.456,Normal,Moderate,Routine,D09,original,False
2162,109.232863,-0.44113265,6.47,0.495,TM,Healthy,,D009A,0.495,Healthy,Good,None,D09,original,False
2163,109.23299166,-0.44779148,6.47,0.485,TM,Healthy,,D009A,0.485,Healthy,Good,None,D09,original,False
2164,109.23225439,-0.44126046,6.47,0.411,TM,Healthy,,D009A,0.411,Abnormal,Sub-Optimal,Monitor,D09,original,False
2165,109.23276594,-0.44884267,6.47,0.466,TM,Healthy,,D009A,0.466,Healthy,Good,None,D09,original,False
2166,109.23310666,-0.44584681,6.47,0.419,TM,Healthy,,D009A,0.419,Abnormal,Sub-Optimal,Monitor,D09,original,False
2167,109.23285591,-0.44449619,6.46,0.494,TM,Healthy,,D009A,0.494,Healthy,Good,None,D09,original,False
2168,109.2323406,-0.44700865,6.46,0.353,TM,Suspect,Circle_5m,D009A,0.353,Suspect,Critical,Priority Survey,D09,original,False
2169,109.23281466,-0.44797365,6.46,0.476,TM,Healthy,,D009A,0.476,Healthy,Good,None,D09,original,False
2170,109.2331473,-0.44303039,6.46,0.518,TM,Healthy,,D009A,0.518,Healthy,Good,None,D09,original,False
2171,109.23153963,-0.44201674,6.46,0.479,TM,Healthy,,D009A,0.479,Healthy,Good,None,D09,original,False
2172,109.23206569,-0.44720346,6.46,0.519,TM,Healthy,,D009A,0.519,Healthy,Good,None,D09,original,False
2173,109.23268274,-0.44745184,6.46,0.298,TM,Suspect,Circle_5m,D009A,0.298,Suspect,Critical,Priority Survey,D09,original,False
2174,109.23355014,-0.44317653,6.46,0.461,TM,Healthy,,D009A,0.461,Healthy,Good,None,D09,original,False
2175,109.23261347,-0.44788543,6.46,0.471,TM,Healthy,,D009A,0.471,Healthy,Good,None,D09,original,False
2176,109.23224322,-0.44665776,6.46,0.423,TM,Healthy,,D009A,0.423,Abnormal,Sub-Optimal,Monitor,D09,original,False
2177,109.2328872,-0.44322746,6.46,0.466,TM,Healthy,,D009A,0.466,Healthy,Good,None,D09,original,False
2178,109.23177658,-0.44286955,6.45,0.326,TM,Suspect,Circle_5m,D009A,0.326,Suspect,Critical,Priority Survey,D09,original,False
2179,109.23241532,-0.44635125,6.45,0.498,TM,Healthy,,D009A,0.498,Healthy,Good,None,D09,original,False
2180,109.23267731,-0.4438351,6.45,0.426,TM,Healthy,,D009A,0.426,Abnormal,Sub-Optimal,Monitor,D09,original,False
2181,109.23261416,-0.4430913,6.44,0.373,TM,Suspect,Circle_5m,D009A,0.373,Suspect,Critical,Priority Survey,D09,original,False
2182,109.23304375,-0.44406126,6.44,0.439,TM,Healthy,,D009A,0.439,Normal,Moderate,Routine,D09,original,False
2183,109.23268877,-0.44477467,6.44,0.384,TM,Healthy,,D009A,0.384,Suspect,Critical,Priority Survey,D09,original,False
2184,109.23161411,-0.44233778,6.44,0.458,TM,Healthy,,D009A,0.458,Normal,Moderate,Routine,D09,original,False
2185,109.23266359,-0.44864551,6.44,0.445,TM,Healthy,,D009A,0.445,Normal,Moderate,Routine,D09,original,False
2186,109.23238546,-0.44159599,6.43,0.508,TM,Healthy,,D009A,0.508,Healthy,Good,None,D09,original,False
2187,109.23239226,-0.44129441,6.43,0.495,TM,Healthy,,D009A,0.495,Healthy,Good,None,D09,original,False
2188,109.23356228,-0.44878951,6.43,0.501,TM,Healthy,,D009A,0.501,Healthy,Good,None,D09,original,False
2189,109.23312232,-0.44798141,6.42,0.469,TM,Healthy,,D009A,0.469,Healthy,Good,None,D09,original,False
2190,109.23234306,-0.4423262,6.42,0.481,TM,Healthy,,D009A,0.481,Healthy,Good,None,D09,original,False
2191,109.23286402,-0.44438451,6.42,0.501,TM,Healthy,,D009A,0.501,Healthy,Good,None,D09,original,False
2192,109.23324751,-0.44845484,6.42,0.373,TM,Suspect,Circle_5m,D009A,0.373,Suspect,Critical,Priority Survey,D09,original,False
2193,109.23220488,-0.44169406,6.41,0.401,TM,Healthy,,D009A,0.401,Abnormal,Sub-Optimal,Monitor,D09,original,False
2194,109.23276641,-0.44124567,6.41,0.448,TM,Healthy,,D009A,0.448,Normal,Moderate,Routine,D09,original,False
2195,109.23309894,-0.44429323,6.41,0.437,TM,Healthy,,D009A,0.437,Normal,Moderate,Routine,D09,original,False
2196,109.23197129,-0.44566297,6.41,0.464,TM,Healthy,,D009A,0.464,Healthy,Good,None,D09,original,False
2197,109.2330074,-0.44396223,6.41,0.538,TM,Healthy,,D009A,0.538,Healthy,Good,None,D09,original,False
2198,109.23289291,-0.44567404,6.41,0.477,TM,Healthy,,D009A,0.477,Healthy,Good,None,D09,original,False
2199,109.23239404,-0.44138077,6.4,0.481,TM,Healthy,,D009A,0.481,Healthy,Good,None,D09,original,False
2200,109.23165051,-0.44417758,6.4,0.505,TM,Healthy,,D009A,0.505,Healthy,Good,None,D09,original,False
2201,109.23221541,-0.44462082,6.39,0.428,TM,Healthy,,D009A,0.428,Abnormal,Sub-Optimal,Monitor,D09,original,False
2202,109.23219708,-0.44616852,6.39,0.501,TM,Healthy,,D009A,0.501,Healthy,Good,None,D09,original,False
2203,109.23133049,-0.44139182,6.39,0.212,TM,Suspect,Circle_5m,D009A,0.212,Suspect,Critical,Priority Survey,D09,original,False
2204,109.23231318,-0.44334398,6.38,0.455,TM,Healthy,,D009A,0.455,Normal,Moderate,Routine,D09,original,False
2205,109.23353524,-0.44914218,6.38,0.399,TM,Healthy,,D009A,0.399,Abnormal,Sub-Optimal,Monitor,D09,original,False
2206,109.23191624,-0.44103295,6.38,0.471,TM,Healthy,,D009A,0.471,Healthy,Good,None,D09,original,False
2207,109.2331518,-0.44297794,6.38,0.512,TM,Healthy,,D009A,0.512,Healthy,Good,None,D09,original,False
2208,109.23333998,-0.44867823,6.38,0.583,TM,Healthy,,D009A,0.583,Healthy,Good,None,D09,original,False
2209,109.23328266,-0.4479602,6.38,0.483,TM,Healthy,,D009A,0.483,Healthy,Good,None,D09,original,False
2210,109.23303194,-0.44272878,6.38,0.462,TM,Healthy,,D009A,0.462,Healthy,Good,None,D09,original,False
2211,109.23235657,-0.44785643,6.38,0.418,TM,Healthy,,D009A,0.418,Abnormal,Sub-Optimal,Monitor,D09,original,False
2212,109.23321162,-0.44641383,6.37,0.453,TM,Healthy,,D009A,0.453,Normal,Moderate,Routine,D09,original,False
2213,109.23329662,-0.44595176,6.37,0.411,TM,Healthy,,D009A,0.411,Abnormal,Sub-Optimal,Monitor,D09,original,False
2214,109.23274389,-0.44715298,6.37,0.406,TM,Healthy,,D009A,0.406,Abnormal,Sub-Optimal,Monitor,D09,original,False
2215,109.23341225,-0.44319413,6.37,0.475,TM,Healthy,,D009A,0.475,Healthy,Good,None,D09,original,False
2216,109.23245996,-0.44372698,6.36,0.55,TM,Healthy,,D009A,0.55,Healthy,Good,None,D09,original,False
2217,109.23214225,-0.44632134,6.36,0.41,TM,Healthy,,D009A,0.41,Abnormal,Sub-Optimal,Monitor,D09,original,False
2218,109.23327959,-0.44764415,6.35,0.433,TM,Healthy,,D009A,0.433,Normal,Moderate,Routine,D09,original,False
2219,109.23159535,-0.44568684,6.35,0.493,TM,Healthy,,D009A,0.493,Healthy,Good,None,D09,original,False
2220,109.23320342,-0.4431136,6.35,0.485,TM,Healthy,,D009A,0.485,Healthy,Good,None,D09,original,False
2221,109.23251418,-0.44425285,6.34,0.412,TM,Healthy,,D009A,0.412,Abnormal,Sub-Optimal,Monitor,D09,original,False
2222,109.23288428,-0.44418285,6.34,0.498,TM,Healthy,,D009A,0.498,Healthy,Good,None,D09,original,False
2223,109.23275467,-0.44905111,6.34,0.445,TM,Healthy,,D009A,0.445,Normal,Moderate,Routine,D09,original,False
2224,109.23176635,-0.44620324,6.33,0.481,TM,Healthy,,D009A,0.481,Healthy,Good,None,D09,original,False
2225,109.23282318,-0.44801842,6.33,0.412,TM,Healthy,,D009A,0.412,Abnormal,Sub-Optimal,Monitor,D09,original,False
2226,109.23196591,-0.44183643,6.32,0.465,TM,Healthy,,D009A,0.465,Healthy,Good,None,D09,original,False
2227,109.23301166,-0.44867543,6.32,0.5,TM,Healthy,,D009A,0.5,Healthy,Good,None,D09,original,False
2228,109.23153285,-0.44409345,6.32,0.375,TM,Suspect,Circle_5m,D009A,0.375,Suspect,Critical,Priority Survey,D09,original,False
2229,109.23293124,-0.44311625,6.32,0.532,TM,Healthy,,D009A,0.532,Healthy,Good,None,D09,original,False
2230,109.23212679,-0.44142954,6.32,0.378,TM,Suspect,Circle_5m,D009A,0.378,Suspect,Critical,Priority Survey,D09,original,False
2231,109.23324269,-0.44793713,6.31,0.49,TM,Healthy,,D009A,0.49,Healthy,Good,None,D09,original,False
2232,109.23268729,-0.44343947,6.31,0.416,TM,Healthy,,D009A,0.416,Abnormal,Sub-Optimal,Monitor,D09,original,False
2233,109.23244994,-0.4404905,6.3,0.499,TM,Healthy,,D009A,0.499,Healthy,Good,None,D09,original,False
2234,109.23192006,-0.44388963,6.3,0.362,TM,Suspect,Circle_5m,D009A,0.362,Suspect,Critical,Priority Survey,D09,original,False
2235,109.23146951,-0.4422853,6.3,0.73,TM,Healthy,,D009A,0.73,Healthy,Good,None,D09,original,False
2236,109.23303809,-0.44331567,6.29,0.365,TM,Suspect,Circle_5m,D009A,0.365,Suspect,Critical,Priority Survey,D09,original,False
2237,109.23270341,-0.44362938,6.29,0.458,TM,Healthy,,D009A,0.458,Normal,Moderate,Routine,D09,original,False
2238,109.23275446,-0.44049012,6.28,0.434,TM,Healthy,,D009A,0.434,Normal,Moderate,Routine,D09,original,False
2239,109.23311386,-0.44575548,6.28,0.468,TM,Healthy,,D009A,0.468,Healthy,Good,None,D09,original,False
2240,109.23211071,-0.44862864,6.28,0.426,TM,Healthy,,D009A,0.426,Abnormal,Sub-Optimal,Monitor,D09,original,False
2241,109.23256802,-0.44259754,6.28,0.428,TM,Healthy,,D009A,0.428,Abnormal,Sub-Optimal,Monitor,D09,original,False
2242,109.23193835,-0.44628014,6.27,0.404,TM,Healthy,,D009A,0.404,Abnormal,Sub-Optimal,Monitor,D09,original,False
2243,109.23327896,-0.44085151,6.27,0.487,TM,Healthy,,D009A,0.487,Healthy,Good,None,D09,original,False
2244,109.23321752,-0.44235444,6.26,0.511,TM,Healthy,,D009A,0.511,Healthy,Good,None,D09,original,False
2245,109.23193568,-0.44804443,6.26,0.414,TM,Healthy,,D009A,0.414,Abnormal,Sub-Optimal,Monitor,D09,original,False
2246,109.23284311,-0.44355707,6.26,0.424,TM,Healthy,,D009A,0.424,Abnormal,Sub-Optimal,Monitor,D09,original,False
2247,109.23242519,-0.44639737,6.26,0.397,TM,Healthy,,D009A,0.397,Abnormal,Sub-Optimal,Monitor,D09,original,False
2248,109.23333927,-0.44790641,6.25,0.491,TM,Healthy,,D009A,0.491,Healthy,Good,None,D09,original,False
2249,109.23222315,-0.44607946,6.25,0.533,TM,Healthy,,D009A,0.533,Healthy,Good,None,D09,original,False
2250,109.23174224,-0.44180925,6.25,0.43,TM,Healthy,,D009A,0.43,Normal,Moderate,Routine,D09,original,False
2251,109.23318438,-0.44197056,6.25,0.434,TM,Healthy,,D009A,0.434,Normal,Moderate,Routine,D09,original,False
2252,109.23247479,-0.44744998,6.24,0.411,TM,Healthy,,D009A,0.411,Abnormal,Sub-Optimal,Monitor,D09,original,False
2253,109.23310263,-0.44391433,6.24,0.455,TM,Healthy,,D009A,0.455,Normal,Moderate,Routine,D09,original,False
2254,109.23300612,-0.44177157,6.24,0.416,TM,Healthy,,D009A,0.416,Abnormal,Sub-Optimal,Monitor,D09,original,False
2255,109.2331425,-0.4443475,6.23,0.465,TM,Healthy,,D009A,0.465,Healthy,Good,None,D09,original,False
2256,109.23221698,-0.44560515,6.23,0.408,TM,Healthy,,D009A,0.408,Abnormal,Sub-Optimal,Monitor,D09,original,False
2257,109.23218032,-0.44486543,6.23,0.365,TM,Suspect,Circle_5m,D009A,0.365,Suspect,Critical,Priority Survey,D09,original,False
2258,109.23139294,-0.44128784,6.22,0.486,TM,Healthy,,D009A,0.486,Healthy,Good,None,D09,original,False
2259,109.23143045,-0.44221566,6.22,0.464,TM,Healthy,,D009A,0.464,Healthy,Good,None,D09,original,False
2260,109.23209774,-0.44837906,6.22,0.486,TM,Healthy,,D009A,0.486,Healthy,Good,None,D09,original,False
2261,109.23326558,-0.44425619,6.21,0.456,TM,Healthy,,D009A,0.456,Normal,Moderate,Routine,D09,original,False
2262,109.23250286,-0.44651901,6.21,0.484,TM,Healthy,,D009A,0.484,Healthy,Good,None,D09,original,False
2263,109.23140462,-0.44317737,6.21,0.402,TM,Healthy,,D009A,0.402,Abnormal,Sub-Optimal,Monitor,D09,original,False
2264,109.23284416,-0.44293265,6.21,0.469,TM,Healthy,,D009A,0.469,Healthy,Good,None,D09,original,False
2265,109.23250945,-0.44144093,6.21,0.467,TM,Healthy,,D009A,0.467,Healthy,Good,None,D09,original,False
2266,109.2329347,-0.44744874,6.21,0.467,TM,Healthy,,D009A,0.467,Healthy,Good,None,D09,original,False
2267,109.23344231,-0.44142262,6.21,0.421,TM,Healthy,,D009A,0.421,Abnormal,Sub-Optimal,Monitor,D09,original,False
2268,109.23276832,-0.44076368,6.2,0.425,TM,Healthy,,D009A,0.425,Abnormal,Sub-Optimal,Monitor,D09,original,False
2269,109.23282482,-0.44114304,6.2,0.452,TM,Healthy,,D009A,0.452,Normal,Moderate,Routine,D09,original,False
2270,109.2325753,-0.4478271,6.19,0.587,TM,Healthy,,D009A,0.587,Healthy,Good,None,D09,original,False
2271,109.23319021,-0.44201216,6.19,0.424,TM,Healthy,,D009A,0.424,Abnormal,Sub-Optimal,Monitor,D09,original,False
2272,109.23211407,-0.44769722,6.18,0.424,TM,Healthy,,D009A,0.424,Abnormal,Sub-Optimal,Monitor,D09,original,False
2273,109.23274705,-0.44711139,6.18,0.453,TM,Healthy,,D009A,0.453,Normal,Moderate,Routine,D09,original,False
2274,109.23257169,-0.44789808,6.17,0.507,TM,Healthy,,D009A,0.507,Healthy,Good,None,D09,original,False
2275,109.23152094,-0.44131636,6.17,0.452,TM,Healthy,,D009A,0.452,Normal,Moderate,Routine,D09,original,False
2276,109.23265257,-0.44211783,6.17,0.467,TM,Healthy,,D009A,0.467,Healthy,Good,None,D09,original,False
2277,109.23164195,-0.44236627,6.16,0.418,TM,Healthy,,D009A,0.418,Abnormal,Sub-Optimal,Monitor,D09,original,False
2278,109.2336174,-0.44175951,6.16,0.436,TM,Healthy,,D009A,0.436,Normal,Moderate,Routine,D09,original,False
2279,109.23212837,-0.44423783,6.16,0.577,TM,Healthy,,D009A,0.577,Healthy,Good,None,D09,original,False
2280,109.2328263,-0.44435511,6.15,0.433,TM,Healthy,,D009A,0.433,Normal,Moderate,Routine,D09,original,False
2281,109.23238069,-0.44651627,6.15,0.437,TM,Healthy,,D009A,0.437,Normal,Moderate,Routine,D09,original,False
2282,109.23214473,-0.44156654,6.14,0.384,TM,Healthy,,D009A,0.384,Suspect,Critical,Priority Survey,D09,original,False
2283,109.23189262,-0.44594464,6.14,0.41,TM,Healthy,,D009A,0.41,Abnormal,Sub-Optimal,Monitor,D09,original,False
2284,109.23296713,-0.44141391,6.14,0.495,TM,Healthy,,D009A,0.495,Healthy,Good,None,D09,original,False
2285,109.23298512,-0.44508944,6.14,0.451,TM,Healthy,,D009A,0.451,Normal,Moderate,Routine,D09,original,False
2286,109.2322588,-0.44726952,6.13,0.548,TM,Healthy,,D009A,0.548,Healthy,Good,None,D09,original,False
2287,109.23339187,-0.44769391,6.13,0.533,TM,Healthy,,D009A,0.533,Healthy,Good,None,D09,original,False
2288,109.23288949,-0.44306062,6.13,0.463,TM,Healthy,,D009A,0.463,Healthy,Good,None,D09,original,False
2289,109.23201345,-0.44400585,6.13,0.408,TM,Healthy,,D009A,0.408,Abnormal,Sub-Optimal,Monitor,D09,original,False
2290,109.23284133,-0.44727102,6.12,0.414,TM,Healthy,,D009A,0.414,Abnormal,Sub-Optimal,Monitor,D09,original,False
2291,109.23329839,-0.44792584,6.12,0.443,TM,Healthy,,D009A,0.443,Normal,Moderate,Routine,D09,original,False
2292,109.23273543,-0.44872375,6.12,0.49,TM,Healthy,,D009A,0.49,Healthy,Good,None,D09,original,False
2293,109.2323019,-0.4473256,6.11,0.484,TM,Healthy,,D009A,0.484,Healthy,Good,None,D09,original,False
2294,109.23313481,-0.44265239,6.11,0.5,TM,Healthy,,D009A,0.5,Healthy,Good,None,D09,original,False
2295,109.23341279,-0.44845805,6.11,0.468,TM,Healthy,,D009A,0.468,Healthy,Good,None,D09,original,False
2296,109.23288028,-0.44591006,6.11,0.408,TM,Healthy,,D009A,0.408,Abnormal,Sub-Optimal,Monitor,D09,original,False
2297,109.23250965,-0.44251253,6.11,0.458,TM,Healthy,,D009A,0.458,Normal,Moderate,Routine,D09,original,False
2298,109.23210027,-0.44719081,6.11,0.517,TM,Healthy,,D009A,0.517,Healthy,Good,None,D09,original,False
2299,109.23224303,-0.44370794,6.11,0.403,TM,Healthy,,D009A,0.403,Abnormal,Sub-Optimal,Monitor,D09,original,False
2300,109.23292347,-0.44369499,6.1,0.515,TM,Healthy,,D009A,0.515,Healthy,Good,None,D09,original,False
2301,109.23207905,-0.44200782,6.1,0.51,TM,Healthy,,D009A,0.51,Healthy,Good,None,D09,original,False
2302,109.23282251,-0.44330793,6.1,0.44,TM,Healthy,,D009A,0.44,Normal,Moderate,Routine,D09,original,False
2303,109.23293231,-0.44431354,6.1,0.524,TM,Healthy,,D009A,0.524,Healthy,Good,None,D09,original,False
2304,109.23357153,-0.44764648,6.1,0.461,TM,Healthy,,D009A,0.461,Healthy,Good,None,D09,original,False
2305,109.23310247,-0.44268222,6.1,0.411,TM,Healthy,,D009A,0.411,Abnormal,Sub-Optimal,Monitor,D09,original,False
2306,109.23218636,-0.4477958,6.1,0.428,TM,Healthy,,D009A,0.428,Abnormal,Sub-Optimal,Monitor,D09,original,False
2307,109.23253172,-0.44790169,6.08,0.503,TM,Healthy,,D009A,0.503,Healthy,Good,None,D09,original,False
2308,109.23303238,-0.44844846,6.08,0.394,TM,Healthy,,D009A,0.394,Abnormal,Sub-Optimal,Monitor,D09,original,False
2309,109.23276054,-0.44134514,6.08,0.471,TM,Healthy,,D009A,0.471,Healthy,Good,None,D09,original,False
2310,109.2318841,-0.44588766,6.08,0.45,TM,Healthy,,D009A,0.45,Normal,Moderate,Routine,D09,original,False
2311,109.23316043,-0.44823779,6.08,0.539,TM,Healthy,,D009A,0.539,Healthy,Good,None,D09,original,False
2312,109.23362755,-0.44816646,6.07,0.36,TM,Suspect,Circle_5m,D009A,0.36,Suspect,Critical,Priority Survey,D09,original,False
2313,109.23227335,-0.44840939,6.07,0.448,TM,Healthy,,D009A,0.448,Normal,Moderate,Routine,D09,original,False
2314,109.23158499,-0.44584419,6.07,0.486,TM,Healthy,,D009A,0.486,Healthy,Good,None,D09,original,False
2315,109.23335731,-0.44569405,6.06,0.567,TM,Healthy,,D009A,0.567,Healthy,Good,None,D09,original,False
2316,109.23315718,-0.44679996,6.06,0.465,TM,Healthy,,D009A,0.465,Healthy,Good,None,D09,original,False
2317,109.23304213,-0.44143066,6.06,0.481,TM,Healthy,,D009A,0.481,Healthy,Good,None,D09,original,False
2318,109.2323563,-0.44332093,6.06,0.479,TM,Healthy,,D009A,0.479,Healthy,Good,None,D09,original,False
2319,109.23179994,-0.44281801,6.05,0.414,TM,Healthy,,D009A,0.414,Abnormal,Sub-Optimal,Monitor,D09,original,False
2320,109.23216002,-0.4414526,6.04,0.347,TM,Suspect,Circle_5m,D009A,0.347,Suspect,Critical,Priority Survey,D09,original,False
2321,109.23226095,-0.44199521,6.04,0.443,TM,Healthy,,D009A,0.443,Normal,Moderate,Routine,D09,original,False
2322,109.2321904,-0.44404433,6.04,0.54,TM,Healthy,,D009A,0.54,Healthy,Good,None,D09,original,False
2323,109.23296622,-0.44901137,6.04,0.412,TM,Healthy,,D009A,0.412,Abnormal,Sub-Optimal,Monitor,D09,original,False
2324,109.23301303,-0.44102643,6.04,0.448,TM,Healthy,,D009A,0.448,Normal,Moderate,Routine,D09,original,False
2325,109.23208824,-0.44300572,6.04,0.397,TM,Healthy,,D009A,0.397,Abnormal,Sub-Optimal,Monitor,D09,original,False
2326,109.23244548,-0.44417597,6.04,0.423,TM,Healthy,,D009A,0.423,Abnormal,Sub-Optimal,Monitor,D09,original,False
2327,109.23222138,-0.44029421,6.04,0.429,TM,Healthy,,D009A,0.429,Abnormal,Sub-Optimal,Monitor,D09,original,False
2328,109.23185362,-0.44183641,6.04,0.484,TM,Healthy,,D009A,0.484,Healthy,Good,None,D09,original,False
2329,109.23354806,-0.44625069,6.02,0.335,TM,Suspect,Circle_5m,D009A,0.335,Suspect,Critical,Priority Survey,D09,original,False
2330,109.23315051,-0.44274599,6.02,0.409,TM,Healthy,,D009A,0.409,Abnormal,Sub-Optimal,Monitor,D09,original,False
2331,109.23261006,-0.44524534,6.02,0.472,TM,Healthy,,D009A,0.472,Healthy,Good,None,D09,original,False
2332,109.23299393,-0.44392244,6.02,0.426,TM,Healthy,,D009A,0.426,Abnormal,Sub-Optimal,Monitor,D09,original,False
2333,109.23265284,-0.44474437,6.01,0.428,TM,Healthy,,D009A,0.428,Abnormal,Sub-Optimal,Monitor,D09,original,False
2334,109.23177625,-0.44234325,6.01,0.57,TM,Healthy,,D009A,0.57,Healthy,Good,None,D09,original,False
2335,109.23284587,-0.44515813,6.01,0.518,TM,Healthy,,D009A,0.518,Healthy,Good,None,D09,original,False
2336,109.23242801,-0.44398787,6.01,0.399,TM,Healthy,,D009A,0.399,Abnormal,Sub-Optimal,Monitor,D09,original,False
2337,109.232915,-0.44721949,6.0,0.469,TM,Healthy,,D009A,0.469,Healthy,Good,None,D09,original,False
2338,109.23219801,-0.44224071,6.0,0.502,TM,Healthy,,D009A,0.502,Healthy,Good,None,D09,original,False
2339,109.23287546,-0.44161058,6.0,0.424,TM,Healthy,,D009A,0.424,Abnormal,Sub-Optimal,Monitor,D09,original,False
2340,109.23326522,-0.44199319,6.0,0.55,TM,Healthy,,D009A,0.55,Healthy,Good,None,D09,original,False
2341,109.23257516,-0.4446616,5.99,0.456,TM,Healthy,,D009A,0.456,Normal,Moderate,Routine,D09,original,False
2342,109.23267232,-0.44782667,5.99,0.513,TM,Healthy,,D009A,0.513,Healthy,Good,None,D09,original,False
2343,109.23268688,-0.44892268,5.99,0.523,TM,Healthy,,D009A,0.523,Healthy,Good,None,D09,original,False
2344,109.23295812,-0.44151971,5.99,0.454,TM,Healthy,,D009A,0.454,Normal,Moderate,Routine,D09,original,False
2345,109.2317174,-0.44431189,5.99,0.468,TM,Healthy,,D009A,0.468,Healthy,Good,None,D09,original,False
2346,109.23264105,-0.44520962,5.99,0.378,TM,Suspect,Circle_5m,D009A,0.378,Suspect,Critical,Priority Survey,D09,original,False
2347,109.23291232,-0.44525943,5.98,0.411,TM,Healthy,,D009A,0.411,Abnormal,Sub-Optimal,Monitor,D09,original,False
2348,109.23175855,-0.44502584,5.97,0.345,TM,Suspect,Circle_5m,D009A,0.345,Suspect,Critical,Priority Survey,D09,original,False
2349,109.23216377,-0.44460725,5.97,0.405,TM,Healthy,,D009A,0.405,Abnormal,Sub-Optimal,Monitor,D09,original,False
2350,109.23205137,-0.44129433,5.97,0.461,TM,Healthy,,D009A,0.461,Healthy,Good,None,D09,original,False
2351,109.23172022,-0.44564618,5.97,0.545,TM,Healthy,,D009A,0.545,Healthy,Good,None,D09,original,False
2352,109.23245306,-0.44814583,5.97,0.364,TM,Suspect,Circle_5m,D009A,0.364,Suspect,Critical,Priority Survey,D09,original,False
2353,109.23330666,-0.44146147,5.96,0.439,TM,Healthy,,D009A,0.439,Normal,Moderate,Routine,D09,original,False
2354,109.23292833,-0.44592047,5.96,0.533,TM,Healthy,,D009A,0.533,Healthy,Good,None,D09,original,False
2355,109.23142145,-0.44418476,5.96,0.16,TM,Suspect,Circle_5m,D009A,0.16,Suspect,Critical,Priority Survey,D09,original,False
2356,109.23222774,-0.44189799,5.95,0.45,TM,Healthy,,D009A,0.45,Normal,Moderate,Routine,D09,original,False
2357,109.23296207,-0.44191806,5.95,0.422,TM,Healthy,,D009A,0.422,Abnormal,Sub-Optimal,Monitor,D09,original,False
2358,109.2332876,-0.4423002,5.95,0.499,TM,Healthy,,D009A,0.499,Healthy,Good,None,D09,original,False
2359,109.23282689,-0.44375465,5.94,0.525,TM,Healthy,,D009A,0.525,Healthy,Good,None,D09,original,False
2360,109.2324985,-0.44783115,5.94,0.481,TM,Healthy,,D009A,0.481,Healthy,Good,None,D09,original,False
2361,109.23216383,-0.44622865,5.94,0.353,TM,Suspect,Circle_5m,D009A,0.353,Suspect,Critical,Priority Survey,D09,original,False
2362,109.23172383,-0.44368024,5.94,0.522,TM,Healthy,,D009A,0.522,Healthy,Good,None,D09,original,False
2363,109.2328663,-0.44426695,5.93,0.482,TM,Healthy,,D009A,0.482,Healthy,Good,None,D09,original,False
2364,109.23174101,-0.44510586,5.92,0.338,TM,Suspect,Circle_5m,D009A,0.338,Suspect,Critical,Priority Survey,D09,original,False
2365,109.23323864,-0.44232415,5.91,0.433,TM,Healthy,,D009A,0.433,Normal,Moderate,Routine,D09,original,False
2366,109.23272885,-0.44053624,5.91,0.51,TM,Healthy,,D009A,0.51,Healthy,Good,None,D09,original,False
2367,109.23213794,-0.44556534,5.91,0.487,TM,Healthy,,D009A,0.487,Healthy,Good,None,D09,original,False
2368,109.23317095,-0.44367019,5.91,0.431,TM,Healthy,,D009A,0.431,Normal,Moderate,Routine,D09,original,False
2369,109.23197617,-0.44587819,5.91,0.447,TM,Healthy,,D009A,0.447,Normal,Moderate,Routine,D09,original,False
2370,109.23184305,-0.44476633,5.9,0.33,TM,Suspect,Circle_5m,D009A,0.33,Suspect,Critical,Priority Survey,D09,original,False
2371,109.23297093,-0.44434293,5.9,0.505,TM,Healthy,,D009A,0.505,Healthy,Good,None,D09,original,False
2372,109.23286359,-0.44808761,5.9,0.505,TM,Healthy,,D009A,0.505,Healthy,Good,None,D09,original,False
2373,109.23195862,-0.4460595,5.9,0.537,TM,Healthy,,D009A,0.537,Healthy,Good,None,D09,original,False
2374,109.23361915,-0.44570949,5.9,0.426,TM,Healthy,,D009A,0.426,Abnormal,Sub-Optimal,Monitor,D09,original,False
2375,109.232193,-0.44445805,5.9,0.402,TM,Healthy,,D009A,0.402,Abnormal,Sub-Optimal,Monitor,D09,original,False
2376,109.23301021,-0.44912216,5.9,0.434,TM,Healthy,,D009A,0.434,Normal,Moderate,Routine,D09,original,False
2377,109.23195688,-0.44201096,5.89,0.496,TM,Healthy,,D009A,0.496,Healthy,Good,None,D09,original,False
2378,109.23274851,-0.44285486,5.89,0.418,TM,Healthy,,D009A,0.418,Abnormal,Sub-Optimal,Monitor,D09,original,False
2379,109.23327589,-0.44809539,5.89,0.495,TM,Healthy,,D009A,0.495,Healthy,Good,None,D09,original,False
2380,109.23183408,-0.44658532,5.89,0.406,TM,Healthy,,D009A,0.406,Abnormal,Sub-Optimal,Monitor,D09,original,False
2381,109.23302084,-0.44598967,5.89,0.433,TM,Healthy,,D009A,0.433,Normal,Moderate,Routine,D09,original,False
2382,109.23139995,-0.44579124,5.88,0.422,TM,Healthy,,D009A,0.422,Abnormal,Sub-Optimal,Monitor,D09,original,False
2383,109.23325592,-0.44333155,5.88,0.457,TM,Healthy,,D009A,0.457,Normal,Moderate,Routine,D09,original,False
2384,109.23133137,-0.44144834,5.88,0.243,TM,Suspect,Circle_5m,D009A,0.243,Suspect,Critical,Priority Survey,D09,original,False
2385,109.23146948,-0.44241506,5.88,0.409,TM,Healthy,,D009A,0.409,Abnormal,Sub-Optimal,Monitor,D09,original,False
2386,109.23234535,-0.4459556,5.87,0.502,TM,Healthy,,D009A,0.502,Healthy,Good,None,D09,original,False
2387,109.23159349,-0.44407403,5.87,0.436,TM,Healthy,,D009A,0.436,Normal,Moderate,Routine,D09,original,False
2388,109.23271114,-0.44888335,5.87,0.502,TM,Healthy,,D009A,0.502,Healthy,Good,None,D09,original,False
2389,109.23211172,-0.44625486,5.86,0.494,TM,Healthy,,D009A,0.494,Healthy,Good,None,D09,original,False
2390,109.23195013,-0.44206024,5.86,0.438,TM,Healthy,,D009A,0.438,Normal,Moderate,Routine,D09,original,False
2391,109.23338132,-0.44860363,5.85,0.447,TM,Healthy,,D009A,0.447,Normal,Moderate,Routine,D09,original,False
2392,109.23202021,-0.44391226,5.85,0.409,TM,Healthy,,D009A,0.409,Abnormal,Sub-Optimal,Monitor,D09,original,False
2393,109.23242885,-0.44798667,5.84,0.428,TM,Healthy,,D009A,0.428,Abnormal,Sub-Optimal,Monitor,D09,original,False
2394,109.23337572,-0.44758449,5.83,0.41,TM,Healthy,,D009A,0.41,Abnormal,Sub-Optimal,Monitor,D09,original,False
2395,109.23309551,-0.44359737,5.83,0.481,TM,Healthy,,D009A,0.481,Healthy,Good,None,D09,original,False
2396,109.23154074,-0.44303543,5.83,0.441,TM,Healthy,,D009A,0.441,Normal,Moderate,Routine,D09,original,False
2397,109.23319076,-0.44912265,5.83,0.44,TM,Healthy,,D009A,0.44,Normal,Moderate,Routine,D09,original,False
2398,109.23297567,-0.44329757,5.82,0.414,TM,Healthy,,D009A,0.414,Abnormal,Sub-Optimal,Monitor,D09,original,False
2399,109.23300691,-0.44412591,5.82,0.483,TM,Healthy,,D009A,0.483,Healthy,Good,None,D09,original,False
2400,109.23137533,-0.44166493,5.82,0.38,TM,Healthy,,D009A,0.38,Suspect,Critical,Priority Survey,D09,original,False
2401,109.23328227,-0.44207006,5.82,0.346,TM,Suspect,Circle_5m,D009A,0.346,Suspect,Critical,Priority Survey,D09,original,False
2402,109.2321039,-0.44138522,5.82,0.377,TM,Suspect,Circle_5m,D009A,0.377,Suspect,Critical,Priority Survey,D09,original,False
2403,109.23212463,-0.44487627,5.81,0.451,TM,Healthy,,D009A,0.451,Normal,Moderate,Routine,D09,original,False
2404,109.23247529,-0.44348192,5.81,0.421,TM,Healthy,,D009A,0.421,Abnormal,Sub-Optimal,Monitor,D09,original,False
2405,109.23224954,-0.4465289,5.81,0.438,TM,Healthy,,D009A,0.438,Normal,Moderate,Routine,D09,original,False
2406,109.23296178,-0.44880609,5.81,0.437,TM,Healthy,,D009A,0.437,Normal,Moderate,Routine,D09,original,False
2407,109.23258645,-0.44253334,5.81,0.454,TM,Healthy,,D009A,0.454,Normal,Moderate,Routine,D09,original,False
2408,109.23241649,-0.44331778,5.8,0.52,TM,Healthy,,D009A,0.52,Healthy,Good,None,D09,original,False
2409,109.23294736,-0.44334232,5.8,0.342,TM,Suspect,Circle_5m,D009A,0.342,Suspect,Critical,Priority Survey,D09,original,False
2410,109.23217795,-0.44727945,5.8,0.513,TM,Healthy,,D009A,0.513,Healthy,Good,None,D09,original,False
2411,109.23263222,-0.44269387,5.8,0.522,TM,Healthy,,D009A,0.522,Healthy,Good,None,D09,original,False
2412,109.23273215,-0.4436642,5.8,0.446,TM,Healthy,,D009A,0.446,Normal,Moderate,Routine,D09,original,False
2413,109.23309854,-0.44031251,5.8,0.438,TM,Healthy,,D009A,0.438,Normal,Moderate,Routine,D09,original,False
2414,109.23288575,-0.44369227,5.79,0.552,TM,Healthy,,D009A,0.552,Healthy,Good,None,D09,original,False
2415,109.23353751,-0.44903276,5.79,0.53,TM,Healthy,,D009A,0.53,Healthy,Good,None,D09,original,False
2416,109.23137661,-0.44197917,5.79,0.443,TM,Healthy,,D009A,0.443,Normal,Moderate,Routine,D09,original,False
2417,109.23171992,-0.44502221,5.79,0.491,TM,Healthy,,D009A,0.491,Healthy,Good,None,D09,original,False
2418,109.23320052,-0.44585633,5.79,0.431,TM,Healthy,,D009A,0.431,Normal,Moderate,Routine,D09,original,False
2419,109.23200979,-0.44804761,5.78,0.45,TM,Healthy,,D009A,0.45,Normal,Moderate,Routine,D09,original,False
2420,109.23157029,-0.44531562,5.78,0.468,TM,Healthy,,D009A,0.468,Healthy,Good,None,D09,original,False
2421,109.23335628,-0.4405712,5.78,0.532,TM,Healthy,,D009A,0.532,Healthy,Good,None,D09,original,False
2422,109.23351886,-0.44438512,5.78,0.409,TM,Healthy,,D009A,0.409,Abnormal,Sub-Optimal,Monitor,D09,original,False
2423,109.23248487,-0.4484845,5.77,0.465,TM,Healthy,,D009A,0.465,Healthy,Good,None,D09,original,False
2424,109.23239992,-0.44685991,5.77,0.453,TM,Healthy,,D009A,0.453,Normal,Moderate,Routine,D09,original,False
2425,109.23231405,-0.44724557,5.77,0.502,TM,Healthy,,D009A,0.502,Healthy,Good,None,D09,original,False
2426,109.23269633,-0.44507038,5.77,0.318,TM,Suspect,Circle_5m,D009A,0.318,Suspect,Critical,Priority Survey,D09,original,False
2427,109.23274207,-0.44726602,5.77,0.468,TM,Healthy,,D009A,0.468,Healthy,Good,None,D09,original,False
2428,109.23248631,-0.44812097,5.77,0.457,TM,Healthy,,D009A,0.457,Normal,Moderate,Routine,D09,original,False
2429,109.2324399,-0.44684409,5.77,0.465,TM,Healthy,,D009A,0.465,Healthy,Good,None,D09,original,False
2430,109.23311564,-0.44395367,5.76,0.397,TM,Healthy,,D009A,0.397,Abnormal,Sub-Optimal,Monitor,D09,original,False
2431,109.23234719,-0.44387662,5.76,0.518,TM,Healthy,,D009A,0.518,Healthy,Good,None,D09,original,False
2432,109.23336089,-0.44196518,5.76,0.424,TM,Healthy,,D009A,0.424,Abnormal,Sub-Optimal,Monitor,D09,original,False
2433,109.23332642,-0.44150217,5.75,0.507,TM,Healthy,,D009A,0.507,Healthy,Good,None,D09,original,False
2434,109.23257131,-0.44194961,5.75,0.426,TM,Healthy,,D009A,0.426,Abnormal,Sub-Optimal,Monitor,D09,original,False
2435,109.23216035,-0.44387974,5.75,0.453,TM,Healthy,,D009A,0.453,Normal,Moderate,Routine,D09,original,False
2436,109.23139656,-0.44872433,5.74,0.177,TM,Suspect,Circle_5m,D009A,0.177,Suspect,Critical,Priority Survey,D09,original,False
2437,109.23267073,-0.44126554,5.74,0.412,TM,Healthy,,D009A,0.412,Abnormal,Sub-Optimal,Monitor,D09,original,False
2438,109.23195235,-0.4478595,5.74,0.423,TM,Healthy,,D009A,0.423,Abnormal,Sub-Optimal,Monitor,D09,original,False
2439,109.23341995,-0.44859008,5.73,0.447,TM,Healthy,,D009A,0.447,Normal,Moderate,Routine,D09,original,False
2440,109.23166987,-0.44584873,5.73,0.439,TM,Healthy,,D009A,0.439,Normal,Moderate,Routine,D09,original,False
2441,109.2328055,-0.44872015,5.72,0.368,TM,Suspect,Circle_5m,D009A,0.368,Suspect,Critical,Priority Survey,D09,original,False
2442,109.2326335,-0.44487548,5.71,0.493,TM,Healthy,,D009A,0.493,Healthy,Good,None,D09,original,False
2443,109.23302057,-0.44524905,5.71,0.475,TM,Healthy,,D009A,0.475,Healthy,Good,None,D09,original,False
2444,109.23296799,-0.4453562,5.71,0.445,TM,Healthy,,D009A,0.445,Normal,Moderate,Routine,D09,original,False
2445,109.23152578,-0.44738555,5.71,0.401,TM,Healthy,,D009A,0.401,Abnormal,Sub-Optimal,Monitor,D09,original,False
2446,109.23278513,-0.44371938,5.7,0.384,TM,Healthy,,D009A,0.384,Suspect,Critical,Priority Survey,D09,original,False
2447,109.23320092,-0.4404111,5.7,0.327,TM,Suspect,Circle_5m,D009A,0.327,Suspect,Critical,Priority Survey,D09,original,False
2448,109.2327683,-0.44273369,5.7,0.602,TM,Healthy,,D009A,0.602,Healthy,Good,None,D09,original,False
2449,109.23319976,-0.44339122,5.7,0.432,TM,Healthy,,D009A,0.432,Normal,Moderate,Routine,D09,original,False
2450,109.23299644,-0.44093464,5.69,0.389,TM,Healthy,,D009A,0.389,Suspect,Critical,Priority Survey,D09,original,False
2451,109.23256282,-0.44367049,5.69,0.449,TM,Healthy,,D009A,0.449,Normal,Moderate,Routine,D09,original,False
2452,109.23348851,-0.44546891,5.69,0.406,TM,Healthy,,D009A,0.406,Abnormal,Sub-Optimal,Monitor,D09,original,False
2453,109.23314037,-0.44195156,5.68,0.405,TM,Healthy,,D009A,0.405,Abnormal,Sub-Optimal,Monitor,D09,original,False
2454,109.23314674,-0.4491231,5.68,0.38,TM,Healthy,,D009A,0.38,Suspect,Critical,Priority Survey,D09,original,False
2455,109.23192807,-0.44796078,5.68,0.466,TM,Healthy,,D009A,0.466,Healthy,Good,None,D09,original,False
2456,109.23281739,-0.44780726,5.67,0.501,TM,Healthy,,D009A,0.501,Healthy,Good,None,D09,original,False
2457,109.23145718,-0.44503345,5.67,0.47,TM,Healthy,,D009A,0.47,Healthy,Good,None,D09,original,False
2458,109.23299373,-0.44478514,5.67,0.55,TM,Healthy,,D009A,0.55,Healthy,Good,None,D09,original,False
2459,109.23223262,-0.44593522,5.66,0.421,TM,Healthy,,D009A,0.421,Abnormal,Sub-Optimal,Monitor,D09,original,False
2460,109.23282872,-0.44362353,5.66,0.487,TM,Healthy,,D009A,0.487,Healthy,Good,None,D09,original,False
2461,109.23207186,-0.44390459,5.66,0.439,TM,Healthy,,D009A,0.439,Normal,Moderate,Routine,D09,original,False
2462,109.23361555,-0.44574837,5.65,0.398,TM,Healthy,,D009A,0.398,Abnormal,Sub-Optimal,Monitor,D09,original,False
2463,109.23268735,-0.44883994,5.64,0.467,TM,Healthy,,D009A,0.467,Healthy,Good,None,D09,original,False
2464,109.23195905,-0.44800962,5.64,0.493,TM,Healthy,,D009A,0.493,Healthy,Good,None,D09,original,False
2465,109.23257074,-0.4481332,5.64,0.488,TM,Healthy,,D009A,0.488,Healthy,Good,None,D09,original,False
2466,109.2336283,-0.44877189,5.64,0.387,TM,Healthy,,D009A,0.387,Suspect,Critical,Priority Survey,D09,original,False
2467,109.23278185,-0.44239955,5.63,0.559,TM,Healthy,,D009A,0.559,Healthy,Good,None,D09,original,False
2468,109.23181666,-0.44804349,5.63,0.474,TM,Healthy,,D009A,0.474,Healthy,Good,None,D09,original,False
2469,109.23215907,-0.44735134,5.63,0.376,TM,Suspect,Circle_5m,D009A,0.376,Suspect,Critical,Priority Survey,D09,original,False
2470,109.23210867,-0.44773836,5.63,0.506,TM,Healthy,,D009A,0.506,Healthy,Good,None,D09,original,False
2471,109.232446,-0.44387755,5.62,0.449,TM,Healthy,,D009A,0.449,Normal,Moderate,Routine,D09,original,False
2472,109.23267932,-0.44484339,5.62,0.498,TM,Healthy,,D009A,0.498,Healthy,Good,None,D09,original,False
2473,109.23303906,-0.44490723,5.61,0.443,TM,Healthy,,D009A,0.443,Normal,Moderate,Routine,D09,original,False
2474,109.23219038,-0.44601389,5.61,0.448,TM,Healthy,,D009A,0.448,Normal,Moderate,Routine,D09,original,False
2475,109.23310452,-0.44912715,5.61,0.392,TM,Healthy,,D009A,0.392,Abnormal,Sub-Optimal,Monitor,D09,original,False
2476,109.23220746,-0.4440909,5.61,0.462,TM,Healthy,,D009A,0.462,Healthy,Good,None,D09,original,False
2477,109.23252656,-0.445083,5.6,0.481,TM,Healthy,,D009A,0.481,Healthy,Good,None,D09,original,False
2478,109.23227886,-0.44411353,5.59,0.443,TM,Healthy,,D009A,0.443,Normal,Moderate,Routine,D09,original,False
2479,109.23309379,-0.44894539,5.59,0.45,TM,Healthy,,D009A,0.45,Normal,Moderate,Routine,D09,original,False
2480,109.2315553,-0.44225231,5.59,0.471,TM,Healthy,,D009A,0.471,Healthy,Good,None,D09,original,False
2481,109.23218555,-0.44741057,5.59,0.428,TM,Healthy,,D009A,0.428,Abnormal,Sub-Optimal,Monitor,D09,original,False
2482,109.23259062,-0.44387442,5.59,0.402,TM,Healthy,,D009A,0.402,Abnormal,Sub-Optimal,Monitor,D09,original,False
2483,109.23340819,-0.44326557,5.58,0.514,TM,Healthy,,D009A,0.514,Healthy,Good,None,D09,original,False
2484,109.23321679,-0.44543945,5.58,0.446,TM,Healthy,,D009A,0.446,Normal,Moderate,Routine,D09,original,False
2485,109.23233008,-0.44403803,5.57,0.456,TM,Healthy,,D009A,0.456,Normal,Moderate,Routine,D09,original,False
2486,109.23286874,-0.44721225,5.57,0.426,TM,Healthy,,D009A,0.426,Abnormal,Sub-Optimal,Monitor,D09,original,False
2487,109.23234532,-0.44794324,5.56,0.552,TM,Healthy,,D009A,0.552,Healthy,Good,None,D09,original,False
2488,109.23171016,-0.44261407,5.56,0.403,TM,Healthy,,D009A,0.403,Abnormal,Sub-Optimal,Monitor,D09,original,False
2489,109.23297022,-0.44543126,5.56,0.472,TM,Healthy,,D009A,0.472,Healthy,Good,None,D09,original,False
2490,109.23195549,-0.4459763,5.55,0.548,TM,Healthy,,D009A,0.548,Healthy,Good,None,D09,original,False
2491,109.23245017,-0.44334356,5.55,0.428,TM,Healthy,,D009A,0.428,Abnormal,Sub-Optimal,Monitor,D09,original,False
2492,109.23309822,-0.44355216,5.55,0.462,TM,Healthy,,D009A,0.462,Healthy,Good,None,D09,original,False
2493,109.23227215,-0.44591624,5.54,0.352,TM,Suspect,Circle_5m,D009A,0.352,Suspect,Critical,Priority Survey,D09,original,False
2494,109.23219438,-0.44428804,5.54,0.479,TM,Healthy,,D009A,0.479,Healthy,Good,None,D09,original,False
2495,109.23346037,-0.44859325,5.54,0.484,TM,Healthy,,D009A,0.484,Healthy,Good,None,D09,original,False
2496,109.23284818,-0.44867946,5.53,0.508,TM,Healthy,,D009A,0.508,Healthy,Good,None,D09,original,False
2497,109.23299125,-0.44388265,5.52,0.402,TM,Healthy,,D009A,0.402,Abnormal,Sub-Optimal,Monitor,D09,original,False
2498,109.23240077,-0.4414192,5.52,0.485,TM,Healthy,,D009A,0.485,Healthy,Good,None,D09,original,False
2499,109.23322934,-0.44176077,5.52,0.467,TM,Healthy,,D009A,0.467,Healthy,Good,None,D09,original,False
2500,109.23135921,-0.44339032,5.52,0.393,TM,Healthy,,D009A,0.393,Abnormal,Sub-Optimal,Monitor,D09,original,False
2501,109.23337374,-0.44460076,5.51,0.383,TM,Healthy,,D009A,0.383,Suspect,Critical,Priority Survey,D09,original,False
2502,109.23220113,-0.44233837,5.51,0.496,TM,Healthy,,D009A,0.496,Healthy,Good,None,D09,original,False
2503,109.23260029,-0.44476334,5.51,0.401,TM,Healthy,,D009A,0.401,Abnormal,Sub-Optimal,Monitor,D09,original,False
2504,109.23321936,-0.44784489,5.51,0.388,TM,Healthy,,D009A,0.388,Suspect,Critical,Priority Survey,D09,original,False
2505,109.23305136,-0.44796467,5.51,0.476,TM,Healthy,,D009A,0.476,Healthy,Good,None,D09,original,False
2506,109.23284079,-0.44385187,5.51,0.425,TM,Healthy,,D009A,0.425,Abnormal,Sub-Optimal,Monitor,D09,original,False
2507,109.23332538,-0.44774454,5.51,0.389,TM,Healthy,,D009A,0.389,Suspect,Critical,Priority Survey,D09,original,False
2508,109.23275712,-0.44819745,5.5,0.431,TM,Healthy,,D009A,0.431,Normal,Moderate,Routine,D09,original,False
2509,109.23308751,-0.44137099,5.5,0.45,TM,Healthy,,D009A,0.45,Normal,Moderate,Routine,D09,original,False
2510,109.23132819,-0.44160614,5.49,0.142,TM,Suspect,Circle_5m,D009A,0.142,Suspect,Critical,Priority Survey,D09,original,False
2511,109.23319616,-0.4434396,5.49,0.374,TM,Suspect,Circle_5m,D009A,0.374,Suspect,Critical,Priority Survey,D09,original,False
2512,109.23268851,-0.44397165,5.48,0.518,TM,Healthy,,D009A,0.518,Healthy,Good,None,D09,original,False
2513,109.23310348,-0.44409112,5.48,0.474,TM,Healthy,,D009A,0.474,Healthy,Good,None,D09,original,False
2514,109.23251869,-0.44225616,5.46,0.58,TM,Healthy,,D009A,0.58,Healthy,Good,None,D09,original,False
2515,109.23301246,-0.44534581,5.46,0.585,TM,Healthy,,D009A,0.585,Healthy,Good,None,D09,original,False
2516,109.23339274,-0.44778932,5.46,0.485,TM,Healthy,,D009A,0.485,Healthy,Good,None,D09,original,False
2517,109.23143616,-0.44837889,5.46,0.392,TM,Healthy,,D009A,0.392,Abnormal,Sub-Optimal,Monitor,D09,original,False
2518,109.23304809,-0.44848554,5.46,0.446,TM,Healthy,,D009A,0.446,Normal,Moderate,Routine,D09,original,False
2519,109.23300401,-0.44117338,5.45,0.519,TM,Healthy,,D009A,0.519,Healthy,Good,None,D09,original,False
2520,109.23279368,-0.44744463,5.45,0.522,TM,Healthy,,D009A,0.522,Healthy,Good,None,D09,original,False
2521,109.2330174,-0.44155138,5.45,0.419,TM,Healthy,,D009A,0.419,Abnormal,Sub-Optimal,Monitor,D09,original,False
2522,109.23151105,-0.44511214,5.45,0.451,TM,Healthy,,D009A,0.451,Normal,Moderate,Routine,D09,original,False
2523,109.23252717,-0.44813319,5.44,0.455,TM,Healthy,,D009A,0.455,Normal,Moderate,Routine,D09,original,False
2524,109.23162787,-0.44681496,5.44,0.434,TM,Healthy,,D009A,0.434,Normal,Moderate,Routine,D09,original,False
2525,109.23231125,-0.44581,5.44,0.468,TM,Healthy,,D009A,0.468,Healthy,Good,None,D09,original,False
2526,109.23235359,-0.44150691,5.43,0.539,TM,Healthy,,D009A,0.539,Healthy,Good,None,D09,original,False
2527,109.2319044,-0.44362873,5.43,0.393,TM,Healthy,,D009A,0.393,Abnormal,Sub-Optimal,Monitor,D09,original,False
2528,109.23152559,-0.44253535,5.43,0.452,TM,Healthy,,D009A,0.452,Normal,Moderate,Routine,D09,original,False
2529,109.23298873,-0.44124843,5.42,0.527,TM,Healthy,,D009A,0.527,Healthy,Good,None,D09,original,False
2530,109.23281184,-0.44848684,5.4,0.393,TM,Healthy,,D009A,0.393,Abnormal,Sub-Optimal,Monitor,D09,original,False
2531,109.23215623,-0.44609662,5.39,0.459,TM,Healthy,,D009A,0.459,Normal,Moderate,Routine,D09,original,False
2532,109.23299766,-0.4433351,5.39,0.385,TM,Healthy,,D009A,0.385,Suspect,Critical,Priority Survey,D09,original,False
2533,109.23298309,-0.44418875,5.39,0.43,TM,Healthy,,D009A,0.43,Normal,Moderate,Routine,D09,original,False
2534,109.23226136,-0.44407238,5.38,0.445,TM,Healthy,,D009A,0.445,Normal,Moderate,Routine,D09,original,False
2535,109.23335203,-0.44145651,5.38,0.401,TM,Healthy,,D009A,0.401,Abnormal,Sub-Optimal,Monitor,D09,original,False
2536,109.23230936,-0.44428942,5.38,0.381,TM,Healthy,,D009A,0.381,Suspect,Critical,Priority Survey,D09,original,False
2537,109.2329313,-0.44287525,5.37,0.503,TM,Healthy,,D009A,0.503,Healthy,Good,None,D09,original,False
2538,109.23188175,-0.44821352,5.37,0.525,TM,Healthy,,D009A,0.525,Healthy,Good,None,D09,original,False
2539,109.23188285,-0.44358442,5.37,0.455,TM,Healthy,,D009A,0.455,Normal,Moderate,Routine,D09,original,False
2540,109.23345491,-0.44323348,5.36,0.46,TM,Healthy,,D009A,0.46,Healthy,Good,None,D09,original,False
2541,109.23210515,-0.44746346,5.36,0.44,TM,Healthy,,D009A,0.44,Normal,Moderate,Routine,D09,original,False
2542,109.23135386,-0.44886719,5.36,0.348,TM,Suspect,Circle_5m,D009A,0.348,Suspect,Critical,Priority Survey,D09,original,False
2543,109.23325608,-0.44644097,5.35,0.441,TM,Healthy,,D009A,0.441,Normal,Moderate,Routine,D09,original,False
2544,109.23301391,-0.44113133,5.35,0.452,TM,Healthy,,D009A,0.452,Normal,Moderate,Routine,D09,original,False
2545,109.23215293,-0.44483784,5.35,0.466,TM,Healthy,,D009A,0.466,Healthy,Good,None,D09,original,False
2546,109.23262266,-0.44888197,5.34,0.409,TM,Healthy,,D009A,0.409,Abnormal,Sub-Optimal,Monitor,D09,original,False
2547,109.2331975,-0.44155866,5.34,0.472,TM,Healthy,,D009A,0.472,Healthy,Good,None,D09,original,False
2548,109.23247493,-0.44686354,5.34,0.414,TM,Healthy,,D009A,0.414,Abnormal,Sub-Optimal,Monitor,D09,original,False
2549,109.2315918,-0.44361871,5.34,0.448,TM,Healthy,,D009A,0.448,Normal,Moderate,Routine,D09,original,False
2550,109.23247548,-0.4445386,5.33,0.413,TM,Healthy,,D009A,0.413,Abnormal,Sub-Optimal,Monitor,D09,original,False
2551,109.2333197,-0.44141897,5.32,0.511,TM,Healthy,,D009A,0.511,Healthy,Good,None,D09,original,False
2552,109.2331296,-0.44191584,5.32,0.475,TM,Healthy,,D009A,0.475,Healthy,Good,None,D09,original,False
2553,109.23294194,-0.44912621,5.31,0.386,TM,Healthy,,D009A,0.386,Suspect,Critical,Priority Survey,D09,original,False
2554,109.2325102,-0.44399105,5.31,0.451,TM,Healthy,,D009A,0.451,Normal,Moderate,Routine,D09,original,False
2555,109.23262474,-0.44394315,5.31,0.488,TM,Healthy,,D009A,0.488,Healthy,Good,None,D09,original,False
2556,109.23232931,-0.44159462,5.31,0.443,TM,Healthy,,D009A,0.443,Normal,Moderate,Routine,D09,original,False
2557,109.23304767,-0.4483603,5.31,0.407,TM,Healthy,,D009A,0.407,Abnormal,Sub-Optimal,Monitor,D09,original,False
2558,109.23279927,-0.44282277,5.3,0.51,TM,Healthy,,D009A,0.51,Healthy,Good,None,D09,original,False
2559,109.2314858,-0.44741086,5.3,0.463,TM,Healthy,,D009A,0.463,Healthy,Good,None,D09,original,False
2560,109.23325891,-0.44585228,5.3,0.554,TM,Healthy,,D009A,0.554,Healthy,Good,None,D09,original,False
2561,109.23279351,-0.44815722,5.3,0.346,TM,Suspect,Circle_5m,D009A,0.346,Suspect,Critical,Priority Survey,D09,original,False
2562,109.23310366,-0.44900281,5.28,0.45,TM,Healthy,,D009A,0.45,Normal,Moderate,Routine,D09,original,False
2563,109.23216167,-0.44773792,5.28,0.438,TM,Healthy,,D009A,0.438,Normal,Moderate,Routine,D09,original,False
2564,109.23222317,-0.44599717,5.28,0.48,TM,Healthy,,D009A,0.48,Healthy,Good,None,D09,original,False
2565,109.23257595,-0.44323236,5.28,0.471,TM,Healthy,,D009A,0.471,Healthy,Good,None,D09,original,False
2566,109.23312782,-0.44749852,5.27,0.464,TM,Healthy,,D009A,0.464,Healthy,Good,None,D09,original,False
2567,109.23296434,-0.44749125,5.26,0.353,TM,Suspect,Circle_5m,D009A,0.353,Suspect,Critical,Priority Survey,D09,original,False
2568,109.23348319,-0.44329136,5.26,0.452,TM,Healthy,,D009A,0.452,Normal,Moderate,Routine,D09,original,False
2569,109.23243446,-0.44327619,5.25,0.459,TM,Healthy,,D009A,0.459,Normal,Moderate,Routine,D09,original,False
2570,109.23327609,-0.44913081,5.25,0.42,TM,Healthy,,D009A,0.42,Abnormal,Sub-Optimal,Monitor,D09,original,False
2571,109.23259492,-0.44469597,5.24,0.445,TM,Healthy,,D009A,0.445,Normal,Moderate,Routine,D09,original,False
2572,109.23176976,-0.44696963,5.24,0.449,TM,Healthy,,D009A,0.449,Normal,Moderate,Routine,D09,original,False
2573,109.23246977,-0.44779452,5.24,0.436,TM,Healthy,,D009A,0.436,Normal,Moderate,Routine,D09,original,False
2574,109.23298357,-0.44407255,5.23,0.518,TM,Healthy,,D009A,0.518,Healthy,Good,None,D09,original,False
2575,109.23215801,-0.44616173,5.23,0.464,TM,Healthy,,D009A,0.464,Healthy,Good,None,D09,original,False
2576,109.23277603,-0.44231636,5.23,0.473,TM,Healthy,,D009A,0.473,Healthy,Good,None,D09,original,False
2577,109.23246718,-0.44355517,5.23,0.452,TM,Healthy,,D009A,0.452,Normal,Moderate,Routine,D09,original,False
2578,109.23281128,-0.44896657,5.23,0.49,TM,Healthy,,D009A,0.49,Healthy,Good,None,D09,original,False
2579,109.23273356,-0.44337211,5.23,0.426,TM,Healthy,,D009A,0.426,Abnormal,Sub-Optimal,Monitor,D09,original,False
2580,109.23319384,-0.44186205,5.22,0.423,TM,Healthy,,D009A,0.423,Abnormal,Sub-Optimal,Monitor,D09,original,False
2581,109.23312366,-0.44612579,5.22,0.414,TM,Healthy,,D009A,0.414,Abnormal,Sub-Optimal,Monitor,D09,original,False
2582,109.23242217,-0.44209562,5.21,0.482,TM,Healthy,,D009A,0.482,Healthy,Good,None,D09,original,False
2583,109.23256702,-0.44488722,5.21,0.428,TM,Healthy,,D009A,0.428,Abnormal,Sub-Optimal,Monitor,D09,original,False
2584,109.23308247,-0.44176255,5.2,0.367,TM,Suspect,Circle_5m,D009A,0.367,Suspect,Critical,Priority Survey,D09,original,False
2585,109.23334512,-0.44029041,5.19,0.435,TM,Healthy,,D009A,0.435,Normal,Moderate,Routine,D09,original,False
2586,109.23267944,-0.44432523,5.19,0.399,TM,Healthy,,D009A,0.399,Abnormal,Sub-Optimal,Monitor,D09,original,False
2587,109.23241898,-0.44229547,5.19,0.551,TM,Healthy,,D009A,0.551,Healthy,Good,None,D09,original,False
2588,109.23156121,-0.44572481,5.19,0.493,TM,Healthy,,D009A,0.493,Healthy,Good,None,D09,original,False
2589,109.23342912,-0.44780334,5.18,0.495,TM,Healthy,,D009A,0.495,Healthy,Good,None,D09,original,False
2590,109.23210561,-0.44740829,5.17,0.455,TM,Healthy,,D009A,0.455,Normal,Moderate,Routine,D09,original,False
2591,109.23340233,-0.44146014,5.17,0.439,TM,Healthy,,D009A,0.439,Normal,Moderate,Routine,D09,original,False
2592,109.23143922,-0.44120059,5.17,0.399,TM,Healthy,,D009A,0.399,Abnormal,Sub-Optimal,Monitor,D09,original,False
2593,109.23239878,-0.44411717,5.16,0.483,TM,Healthy,,D009A,0.483,Healthy,Good,None,D09,original,False
2594,109.2325711,-0.44663704,5.16,0.388,TM,Healthy,,D009A,0.388,Suspect,Critical,Priority Survey,D09,original,False
2595,109.23278543,-0.44248049,5.16,0.506,TM,Healthy,,D009A,0.506,Healthy,Good,None,D09,original,False
2596,109.23143754,-0.44825772,5.15,0.475,TM,Healthy,,D009A,0.475,Healthy,Good,None,D09,original,False
2597,109.23209247,-0.44601251,5.14,0.492,TM,Healthy,,D009A,0.492,Healthy,Good,None,D09,original,False
2598,109.23303488,-0.4417128,5.14,0.506,TM,Healthy,,D009A,0.506,Healthy,Good,None,D09,original,False
2599,109.23249581,-0.444034,5.14,0.424,TM,Healthy,,D009A,0.424,Abnormal,Sub-Optimal,Monitor,D09,original,False
2600,109.23299879,-0.44428145,5.14,0.398,TM,Healthy,,D009A,0.398,Abnormal,Sub-Optimal,Monitor,D09,original,False
2601,109.23240062,-0.4476991,5.13,0.431,TM,Healthy,,D009A,0.431,Normal,Moderate,Routine,D09,original,False
2602,109.2324181,-0.44786414,5.13,0.418,TM,Healthy,,D009A,0.418,Abnormal,Sub-Optimal,Monitor,D09,original,False
2603,109.23251602,-0.4421698,5.13,0.441,TM,Healthy,,D009A,0.441,Normal,Moderate,Routine,D09,original,False
2604,109.23353028,-0.44547073,5.12,0.444,TM,Healthy,,D009A,0.444,Normal,Moderate,Routine,D09,original,False
2605,109.23218351,-0.44469859,5.12,0.397,TM,Healthy,,D009A,0.397,Abnormal,Sub-Optimal,Monitor,D09,original,False
2606,109.23280179,-0.44732436,5.12,0.466,TM,Healthy,,D009A,0.466,Healthy,Good,None,D09,original,False
2607,109.23229235,-0.44404481,5.12,0.504,TM,Healthy,,D009A,0.504,Healthy,Good,None,D09,original,False
2608,109.23196337,-0.44306492,5.12,0.374,TM,Suspect,Circle_5m,D009A,0.374,Suspect,Critical,Priority Survey,D09,original,False
2609,109.232884,-0.44156355,5.12,0.446,TM,Healthy,,D009A,0.446,Normal,Moderate,Routine,D09,original,False
2610,109.23310657,-0.44053587,5.12,0.351,TM,Suspect,Circle_5m,D009A,0.351,Suspect,Critical,Priority Survey,D09,original,False
2611,109.23269553,-0.44465982,5.11,0.403,TM,Healthy,,D009A,0.403,Abnormal,Sub-Optimal,Monitor,D09,original,False
2612,109.23362011,-0.44356675,5.11,0.457,TM,Healthy,,D009A,0.457,Normal,Moderate,Routine,D09,original,False
2613,109.2328527,-0.44479686,5.11,0.481,TM,Healthy,,D009A,0.481,Healthy,Good,None,D09,original,False
2614,109.23300388,-0.44364754,5.11,0.412,TM,Healthy,,D009A,0.412,Abnormal,Sub-Optimal,Monitor,D09,original,False
2615,109.23227081,-0.44207976,5.1,0.508,TM,Healthy,,D009A,0.508,Healthy,Good,None,D09,original,False
2616,109.23314458,-0.44503115,5.1,0.476,TM,Healthy,,D009A,0.476,Healthy,Good,None,D09,original,False
2617,109.23237855,-0.44421076,5.1,0.427,TM,Healthy,,D009A,0.427,Abnormal,Sub-Optimal,Monitor,D09,original,False
2618,109.23255054,-0.44243341,5.1,0.468,TM,Healthy,,D009A,0.468,Healthy,Good,None,D09,original,False
2619,109.23320146,-0.4475953,5.09,0.339,TM,Suspect,Circle_5m,D009A,0.339,Suspect,Critical,Priority Survey,D09,original,False
2620,109.23154039,-0.44826136,5.09,0.449,TM,Healthy,,D009A,0.449,Normal,Moderate,Routine,D09,original,False
2621,109.23224264,-0.44156566,5.08,0.415,TM,Healthy,,D009A,0.415,Abnormal,Sub-Optimal,Monitor,D09,original,False
2622,109.23289249,-0.44175346,5.08,0.423,TM,Healthy,,D009A,0.423,Abnormal,Sub-Optimal,Monitor,D09,original,False
2623,109.23268525,-0.44822728,5.08,0.436,TM,Healthy,,D009A,0.436,Normal,Moderate,Routine,D09,original,False
2624,109.23247167,-0.44168463,5.08,0.552,TM,Healthy,,D009A,0.552,Healthy,Good,None,D09,original,False
2625,109.23310406,-0.44730228,5.08,0.436,TM,Healthy,,D009A,0.436,Normal,Moderate,Routine,D09,original,False
2626,109.2326266,-0.44742651,5.07,0.383,TM,Healthy,,D009A,0.383,Suspect,Critical,Priority Survey,D09,original,False
2627,109.23324009,-0.44567729,5.07,0.493,TM,Healthy,,D009A,0.493,Healthy,Good,None,D09,original,False
2628,109.23189174,-0.44396197,5.05,0.427,TM,Healthy,,D009A,0.427,Abnormal,Sub-Optimal,Monitor,D09,original,False
2629,109.23251733,-0.44230996,5.05,0.506,TM,Healthy,,D009A,0.506,Healthy,Good,None,D09,original,False
2630,109.23210142,-0.44614228,5.05,0.464,TM,Healthy,,D009A,0.464,Healthy,Good,None,D09,original,False
2631,109.23330078,-0.44167081,5.04,0.454,TM,Healthy,,D009A,0.454,Normal,Moderate,Routine,D09,original,False
2632,109.23281649,-0.44405443,5.04,0.466,TM,Healthy,,D009A,0.466,Healthy,Good,None,D09,original,False
2633,109.23239525,-0.44760595,5.04,0.395,TM,Healthy,,D009A,0.395,Abnormal,Sub-Optimal,Monitor,D09,original,False
2634,109.23326896,-0.44328272,5.03,0.489,TM,Healthy,,D009A,0.489,Healthy,Good,None,D09,original,False
2635,109.23200037,-0.44611919,5.03,0.494,TM,Healthy,,D009A,0.494,Healthy,Good,None,D09,original,False
2636,109.23307157,-0.4441933,5.02,0.415,TM,Healthy,,D009A,0.415,Abnormal,Sub-Optimal,Monitor,D09,original,False
2637,109.23289067,-0.44374789,5.02,0.492,TM,Healthy,,D009A,0.492,Healthy,Good,None,D09,original,False
2638,109.2329555,-0.44122582,5.02,0.48,TM,Healthy,,D009A,0.48,Healthy,Good,None,D09,original,False
2639,109.23307139,-0.4449312,5.02,0.457,TM,Healthy,,D009A,0.457,Normal,Moderate,Routine,D09,original,False
2640,109.23152484,-0.44569089,5.01,0.417,TM,Healthy,,D009A,0.417,Abnormal,Sub-Optimal,Monitor,D09,original,False
2641,109.23142899,-0.44831333,5.01,0.546,TM,Healthy,,D009A,0.546,Healthy,Good,None,D09,original,False
2642,109.23243639,-0.44650136,5.0,0.52,TM,Healthy,,D009A,0.52,Healthy,Good,None,D09,original,False
2643,109.2330262,-0.44421092,5.0,0.402,TM,Healthy,,D009A,0.402,Abnormal,Sub-Optimal,Monitor,D09,original,False
2644,109.2322672,-0.44027433,5.0,0.364,TM,Suspect,Circle_5m,D009A,0.364,Suspect,Critical,Priority Survey,D09,original,False
2645,109.23320047,-0.4479534,5.0,0.458,TM,Healthy,,D009A,0.458,Normal,Moderate,Routine,D09,original,False
2646,109.23210963,-0.44182019,5.0,0.447,TM,Healthy,,D009A,0.447,Normal,Moderate,Routine,D09,original,False
2647,109.23236693,-0.44772622,5.0,0.418,TM,Healthy,,D009A,0.418,Abnormal,Sub-Optimal,Monitor,D09,original,False
2648,109.23224315,-0.44696658,5.0,0.386,TM,Healthy,,D009A,0.386,Suspect,Critical,Priority Survey,D09,original,False
2649,109.23233478,-0.44693766,4.99,0.411,TM,Healthy,,D009A,0.411,Abnormal,Sub-Optimal,Monitor,D09,original,False
2650,109.2314627,-0.44821477,4.98,0.43,TM,Healthy,,D009A,0.43,Normal,Moderate,Routine,D09,original,False
2651,109.23153346,-0.44532601,4.98,0.534,TM,Healthy,,D009A,0.534,Healthy,Good,None,D09,original,False
2652,109.23304837,-0.44729368,4.97,0.387,TM,Healthy,,D009A,0.387,Suspect,Critical,Priority Survey,D09,original,False
2653,109.23193273,-0.44349445,4.97,0.447,TM,Healthy,,D009A,0.447,Normal,Moderate,Routine,D09,original,False
2654,109.23133655,-0.44796877,4.97,0.338,TM,Suspect,Circle_5m,D009A,0.338,Suspect,Critical,Priority Survey,D09,original,False
2655,109.23250228,-0.44329338,4.97,0.364,TM,Suspect,Circle_5m,D009A,0.364,Suspect,Critical,Priority Survey,D09,original,False
2656,109.23172868,-0.44406456,4.97,0.434,TM,Healthy,,D009A,0.434,Normal,Moderate,Routine,D09,original,False
2657,109.23348177,-0.44170115,4.97,0.484,TM,Healthy,,D009A,0.484,Healthy,Good,None,D09,original,False
2658,109.23133653,-0.44805694,4.96,0.343,TM,Suspect,Circle_5m,D009A,0.343,Suspect,Critical,Priority Survey,D09,original,False
2659,109.23310533,-0.44197913,4.96,0.368,TM,Suspect,Circle_5m,D009A,0.368,Suspect,Critical,Priority Survey,D09,original,False
2660,109.23291754,-0.44597156,4.95,0.453,TM,Healthy,,D009A,0.453,Normal,Moderate,Routine,D09,original,False
2661,109.23334153,-0.44782593,4.95,0.472,TM,Healthy,,D009A,0.472,Healthy,Good,None,D09,original,False
2662,109.23314182,-0.44718428,4.95,0.45,TM,Healthy,,D009A,0.45,Normal,Moderate,Routine,D09,original,False
2663,109.23161265,-0.44659566,4.94,0.432,TM,Healthy,,D009A,0.432,Normal,Moderate,Routine,D09,original,False
2664,109.23251469,-0.44208841,4.94,0.449,TM,Healthy,,D009A,0.449,Normal,Moderate,Routine,D09,original,False
2665,109.23256274,-0.44777103,4.94,0.428,TM,Healthy,,D009A,0.428,Abnormal,Sub-Optimal,Monitor,D09,original,False
2666,109.23342022,-0.44179157,4.94,0.424,TM,Healthy,,D009A,0.424,Abnormal,Sub-Optimal,Monitor,D09,original,False
2667,109.23354611,-0.44310509,4.93,0.366,TM,Suspect,Circle_5m,D009A,0.366,Suspect,Critical,Priority Survey,D09,original,False
2668,109.23243776,-0.4445196,4.93,0.423,TM,Healthy,,D009A,0.423,Abnormal,Sub-Optimal,Monitor,D09,original,False
2669,109.23323035,-0.44885635,4.93,0.423,TM,Healthy,,D009A,0.423,Abnormal,Sub-Optimal,Monitor,D09,original,False
2670,109.23177225,-0.44407588,4.93,0.472,TM,Healthy,,D009A,0.472,Healthy,Good,None,D09,original,False
2671,109.23294598,-0.44158799,4.92,0.517,TM,Healthy,,D009A,0.517,Healthy,Good,None,D09,original,False
2672,109.2333525,-0.44327776,4.92,0.49,TM,Healthy,,D009A,0.49,Healthy,Good,None,D09,original,False
2673,109.23282923,-0.44902355,4.92,0.425,TM,Healthy,,D009A,0.425,Abnormal,Sub-Optimal,Monitor,D09,original,False
2674,109.2326108,-0.44401504,4.92,0.452,TM,Healthy,,D009A,0.452,Normal,Moderate,Routine,D09,original,False
2675,109.23264274,-0.44757662,4.91,0.528,TM,Healthy,,D009A,0.528,Healthy,Good,None,D09,original,False
2676,109.23317789,-0.44849507,4.91,0.416,TM,Healthy,,D009A,0.416,Abnormal,Sub-Optimal,Monitor,D09,original,False
2677,109.23258293,-0.44410004,4.91,0.46,TM,Healthy,,D009A,0.46,Healthy,Good,None,D09,original,False
2678,109.23285911,-0.44804872,4.9,0.491,TM,Healthy,,D009A,0.491,Healthy,Good,None,D09,original,False
2679,109.23278869,-0.44765488,4.9,0.517,TM,Healthy,,D009A,0.517,Healthy,Good,None,D09,original,False
2680,109.23334779,-0.44039034,4.89,0.466,TM,Healthy,,D009A,0.466,Healthy,Good,None,D09,original,False
2681,109.23247648,-0.44790349,4.89,0.53,TM,Healthy,,D009A,0.53,Healthy,Good,None,D09,original,False
2682,109.23253484,-0.44235564,4.89,0.493,TM,Healthy,,D009A,0.493,Healthy,Good,None,D09,original,False
2683,109.23145698,-0.44207911,4.88,0.484,TM,Healthy,,D009A,0.484,Healthy,Good,None,D09,original,False
2684,109.23226942,-0.44226876,4.87,0.451,TM,Healthy,,D009A,0.451,Normal,Moderate,Routine,D09,original,False
2685,109.23311134,-0.44506143,4.87,0.396,TM,Healthy,,D009A,0.396,Abnormal,Sub-Optimal,Monitor,D09,original,False
2686,109.23254891,-0.44741202,4.87,0.567,TM,Healthy,,D009A,0.567,Healthy,Good,None,D09,original,False
2687,109.23316769,-0.44416122,4.87,0.534,TM,Healthy,,D009A,0.534,Healthy,Good,None,D09,original,False
2688,109.23134378,-0.44406357,4.86,0.405,TM,Healthy,,D009A,0.405,Abnormal,Sub-Optimal,Monitor,D09,original,False
2689,109.2321338,-0.44220723,4.86,0.518,TM,Healthy,,D009A,0.518,Healthy,Good,None,D09,original,False
2690,109.23289072,-0.44544661,4.86,0.473,TM,Healthy,,D009A,0.473,Healthy,Good,None,D09,original,False
2691,109.23244607,-0.44165885,4.85,0.465,TM,Healthy,,D009A,0.465,Healthy,Good,None,D09,original,False
2692,109.23298359,-0.44775304,4.85,0.465,TM,Healthy,,D009A,0.465,Healthy,Good,None,D09,original,False
2693,109.23299316,-0.44904664,4.84,0.44,TM,Healthy,,D009A,0.44,Normal,Moderate,Routine,D09,original,False
2694,109.23245777,-0.44159646,4.84,0.422,TM,Healthy,,D009A,0.422,Abnormal,Sub-Optimal,Monitor,D09,original,False
2695,109.23291637,-0.44900096,4.84,0.355,TM,Suspect,Circle_5m,D009A,0.355,Suspect,Critical,Priority Survey,D09,original,False
2696,109.23312925,-0.44149896,4.84,0.41,TM,Healthy,,D009A,0.41,Abnormal,Sub-Optimal,Monitor,D09,original,False
2697,109.23309857,-0.44773634,4.84,0.409,TM,Healthy,,D009A,0.409,Abnormal,Sub-Optimal,Monitor,D09,original,False
2698,109.23154238,-0.44182051,4.84,0.46,TM,Healthy,,D009A,0.46,Healthy,Good,None,D09,original,False
2699,109.23159093,-0.44917426,4.83,0.264,TM,Suspect,Circle_5m,D009A,0.264,Suspect,Critical,Priority Survey,D09,original,False
2700,109.23295511,-0.4447458,4.83,0.524,TM,Healthy,,D009A,0.524,Healthy,Good,None,D09,original,False
2701,109.23293234,-0.44794926,4.82,0.472,TM,Healthy,,D009A,0.472,Healthy,Good,None,D09,original,False
2702,109.23315655,-0.44754555,4.82,0.46,TM,Healthy,,D009A,0.46,Healthy,Good,None,D09,original,False
2703,109.23260319,-0.44764624,4.82,0.522,TM,Healthy,,D009A,0.522,Healthy,Good,None,D09,original,False
2704,109.23343001,-0.44784358,4.81,0.438,TM,Healthy,,D009A,0.438,Normal,Moderate,Routine,D09,original,False
2705,109.23248866,-0.44388208,4.8,0.47,TM,Healthy,,D009A,0.47,Healthy,Good,None,D09,original,False
2706,109.23214503,-0.44785774,4.8,0.391,TM,Healthy,,D009A,0.391,Abnormal,Sub-Optimal,Monitor,D09,original,False
2707,109.23219177,-0.44204809,4.8,0.469,TM,Healthy,,D009A,0.469,Healthy,Good,None,D09,original,False
2708,109.23297202,-0.441621,4.8,0.499,TM,Healthy,,D009A,0.499,Healthy,Good,None,D09,original,False
2709,109.23239336,-0.44426141,4.79,0.512,TM,Healthy,,D009A,0.512,Healthy,Good,None,D09,original,False
2710,109.23335694,-0.44156276,4.79,0.544,TM,Healthy,,D009A,0.544,Healthy,Good,None,D09,original,False
2711,109.23133081,-0.44569898,4.79,0.363,TM,Suspect,Circle_5m,D009A,0.363,Suspect,Critical,Priority Survey,D09,original,False
2712,109.23329239,-0.44296215,4.78,0.482,TM,Healthy,,D009A,0.482,Healthy,Good,None,D09,original,False
2713,109.23258984,-0.44338429,4.77,0.401,TM,Healthy,,D009A,0.401,Abnormal,Sub-Optimal,Monitor,D09,original,False
2714,109.23264784,-0.44502244,4.77,0.496,TM,Healthy,,D009A,0.496,Healthy,Good,None,D09,original,False
2715,109.23245394,-0.44447439,4.77,0.441,TM,Healthy,,D009A,0.441,Normal,Moderate,Routine,D09,original,False
2716,109.23292714,-0.44337713,4.77,0.415,TM,Healthy,,D009A,0.415,Abnormal,Sub-Optimal,Monitor,D09,original,False
2717,109.23153786,-0.44191636,4.76,0.43,TM,Healthy,,D009A,0.43,Normal,Moderate,Routine,D09,original,False
2718,109.23327229,-0.44058881,4.76,0.396,TM,Healthy,,D009A,0.396,Abnormal,Sub-Optimal,Monitor,D09,original,False
2719,109.2321373,-0.44824161,4.76,0.427,TM,Healthy,,D009A,0.427,Abnormal,Sub-Optimal,Monitor,D09,original,False
2720,109.23249352,-0.44236331,4.75,0.46,TM,Healthy,,D009A,0.46,Healthy,Good,None,D09,original,False
2721,109.23354369,-0.44761437,4.74,0.387,TM,Healthy,,D009A,0.387,Suspect,Critical,Priority Survey,D09,original,False
2722,109.23251344,-0.44168645,4.74,0.467,TM,Healthy,,D009A,0.467,Healthy,Good,None,D09,original,False
2723,109.23280951,-0.44128908,4.74,0.419,TM,Healthy,,D009A,0.419,Abnormal,Sub-Optimal,Monitor,D09,original,False
2724,109.23321144,-0.44904986,4.73,0.48,TM,Healthy,,D009A,0.48,Healthy,Good,None,D09,original,False
2725,109.23295414,-0.44126696,4.73,0.437,TM,Healthy,,D009A,0.437,Normal,Moderate,Routine,D09,original,False
2726,109.23144107,-0.44853263,4.73,0.347,TM,Suspect,Circle_5m,D009A,0.347,Suspect,Critical,Priority Survey,D09,original,False
2727,109.23213421,-0.4480291,4.73,0.438,TM,Healthy,,D009A,0.438,Normal,Moderate,Routine,D09,original,False
2728,109.23252151,-0.44738805,4.73,0.486,TM,Healthy,,D009A,0.486,Healthy,Good,None,D09,original,False
2729,109.23318698,-0.44804337,4.72,0.434,TM,Healthy,,D009A,0.434,Normal,Moderate,Routine,D09,original,False
2730,109.23176351,-0.44492456,4.72,0.48,TM,Healthy,,D009A,0.48,Healthy,Good,None,D09,original,False
2731,109.23296827,-0.4479547,4.72,0.398,TM,Healthy,,D009A,0.398,Abnormal,Sub-Optimal,Monitor,D09,original,False
2732,109.23259368,-0.44797812,4.72,0.408,TM,Healthy,,D009A,0.408,Abnormal,Sub-Optimal,Monitor,D09,original,False
2733,109.23314622,-0.44187922,4.72,0.435,TM,Healthy,,D009A,0.435,Normal,Moderate,Routine,D09,original,False
2734,109.23166968,-0.4447794,4.71,0.479,TM,Healthy,,D009A,0.479,Healthy,Good,None,D09,original,False
2735,109.23306648,-0.44293451,4.71,0.364,TM,Suspect,Circle_5m,D009A,0.364,Suspect,Critical,Priority Survey,D09,original,False
2736,109.23267077,-0.4448972,4.71,0.521,TM,Healthy,,D009A,0.521,Healthy,Good,None,D09,original,False
2737,109.23347722,-0.44761209,4.71,0.418,TM,Healthy,,D009A,0.418,Abnormal,Sub-Optimal,Monitor,D09,original,False
2738,109.23304297,-0.44733708,4.71,0.485,TM,Healthy,,D009A,0.485,Healthy,Good,None,D09,original,False
2739,109.23313033,-0.44449535,4.7,0.419,TM,Healthy,,D009A,0.419,Abnormal,Sub-Optimal,Monitor,D09,original,False
2740,109.23289519,-0.44552257,4.7,0.474,TM,Healthy,,D009A,0.474,Healthy,Good,None,D09,original,False
2741,109.23179484,-0.44727212,4.7,0.384,TM,Healthy,,D009A,0.384,Suspect,Critical,Priority Survey,D09,original,False
2742,109.23298834,-0.44098438,4.69,0.453,TM,Healthy,,D009A,0.453,Normal,Moderate,Routine,D09,original,False
2743,109.23345256,-0.44367749,4.69,0.434,TM,Healthy,,D009A,0.434,Normal,Moderate,Routine,D09,original,False
2744,109.23342294,-0.44546618,4.68,0.355,TM,Suspect,Circle_5m,D009A,0.355,Suspect,Critical,Priority Survey,D09,original,False
2745,109.23251571,-0.44912113,4.68,0.491,TM,Healthy,,D009A,0.491,Healthy,Good,None,D09,original,False
2746,109.23319113,-0.44568225,4.68,0.546,TM,Healthy,,D009A,0.546,Healthy,Good,None,D09,original,False
2747,109.23159451,-0.44921496,4.68,0.373,TM,Suspect,Circle_5m,D009A,0.373,Suspect,Critical,Priority Survey,D09,original,False
2748,109.23271098,-0.44769058,4.67,0.445,TM,Healthy,,D009A,0.445,Normal,Moderate,Routine,D09,original,False
2749,109.23265612,-0.4422797,4.67,0.575,TM,Healthy,,D009A,0.575,Healthy,Good,None,D09,original,False
2750,109.2329918,-0.44720956,4.67,0.455,TM,Healthy,,D009A,0.455,Normal,Moderate,Routine,D09,original,False
2751,109.23285136,-0.4447512,4.67,0.471,TM,Healthy,,D009A,0.471,Healthy,Good,None,D09,original,False
2752,109.23314094,-0.44143837,4.67,0.514,TM,Healthy,,D009A,0.514,Healthy,Good,None,D09,original,False
2753,109.23289689,-0.44402913,4.66,0.385,TM,Healthy,,D009A,0.385,Suspect,Critical,Priority Survey,D09,original,False
2754,109.23330518,-0.44581883,4.66,0.548,TM,Healthy,,D009A,0.548,Healthy,Good,None,D09,original,False
2755,109.23253762,-0.44764306,4.66,0.514,TM,Healthy,,D009A,0.514,Healthy,Good,None,D09,original,False
2756,109.23211078,-0.44831847,4.66,0.414,TM,Healthy,,D009A,0.414,Abnormal,Sub-Optimal,Monitor,D09,original,False
2757,109.232429,-0.44359043,4.65,0.503,TM,Healthy,,D009A,0.503,Healthy,Good,None,D09,original,False
2758,109.23218243,-0.44731834,4.65,0.455,TM,Healthy,,D009A,0.455,Normal,Moderate,Routine,D09,original,False
2759,109.23298996,-0.44741122,4.65,0.463,TM,Healthy,,D009A,0.463,Healthy,Good,None,D09,original,False
2760,109.23330601,-0.44041339,4.64,0.407,TM,Healthy,,D009A,0.407,Abnormal,Sub-Optimal,Monitor,D09,original,False
2761,109.23245187,-0.44751735,4.64,0.39,TM,Healthy,,D009A,0.39,Abnormal,Sub-Optimal,Monitor,D09,original,False
2762,109.23165321,-0.44791278,4.64,0.509,TM,Healthy,,D009A,0.509,Healthy,Good,None,D09,original,False
2763,109.23206682,-0.44242968,4.64,0.388,TM,Healthy,,D009A,0.388,Suspect,Critical,Priority Survey,D09,original,False
2764,109.23285513,-0.44775437,4.64,0.517,TM,Healthy,,D009A,0.517,Healthy,Good,None,D09,original,False
2765,109.23275224,-0.44414574,4.64,0.309,TM,Suspect,Circle_5m,D009A,0.309,Suspect,Critical,Priority Survey,D09,original,False
2766,109.23330082,-0.44904853,4.63,0.5,TM,Healthy,,D009A,0.5,Healthy,Good,None,D09,original,False
2767,109.23226596,-0.44549122,4.63,0.342,TM,Suspect,Circle_5m,D009A,0.342,Suspect,Critical,Priority Survey,D09,original,False
2768,109.2326821,-0.44448484,4.63,0.426,TM,Healthy,,D009A,0.426,Abnormal,Sub-Optimal,Monitor,D09,original,False
2769,109.23254026,-0.44411721,4.62,0.5,TM,Healthy,,D009A,0.5,Healthy,Good,None,D09,original,False
2770,109.23339011,-0.44186435,4.62,0.434,TM,Healthy,,D009A,0.434,Normal,Moderate,Routine,D09,original,False
2771,109.23289826,-0.44773177,4.62,0.474,TM,Healthy,,D009A,0.474,Healthy,Good,None,D09,original,False
2772,109.23240864,-0.44609261,4.62,0.374,TM,Suspect,Circle_5m,D009A,0.374,Suspect,Critical,Priority Survey,D09,original,False
2773,109.23168377,-0.44406501,4.62,0.489,TM,Healthy,,D009A,0.489,Healthy,Good,None,D09,original,False
2774,109.23282764,-0.44060815,4.62,0.551,TM,Healthy,,D009A,0.551,Healthy,Good,None,D09,original,False
2775,109.23246799,-0.44771132,4.61,0.416,TM,Healthy,,D009A,0.416,Abnormal,Sub-Optimal,Monitor,D09,original,False
2776,109.23164117,-0.4418766,4.61,0.416,TM,Healthy,,D009A,0.416,Abnormal,Sub-Optimal,Monitor,D09,original,False
2777,109.23258556,-0.44058096,4.6,0.387,TM,Healthy,,D009A,0.387,Suspect,Critical,Priority Survey,D09,original,False
2778,109.23301481,-0.44301272,4.6,0.402,TM,Healthy,,D009A,0.402,Abnormal,Sub-Optimal,Monitor,D09,original,False
2779,109.23282151,-0.44563333,4.6,0.39,TM,Healthy,,D009A,0.39,Abnormal,Sub-Optimal,Monitor,D09,original,False
2780,109.23238235,-0.44145311,4.6,0.422,TM,Healthy,,D009A,0.422,Abnormal,Sub-Optimal,Monitor,D09,original,False
2781,109.23326759,-0.44144292,4.59,0.408,TM,Healthy,,D009A,0.408,Abnormal,Sub-Optimal,Monitor,D09,original,False
2782,109.23260644,-0.44909855,4.58,0.398,TM,Healthy,,D009A,0.398,Abnormal,Sub-Optimal,Monitor,D09,original,False
2783,109.23256498,-0.44403402,4.58,0.537,TM,Healthy,,D009A,0.537,Healthy,Good,None,D09,original,False
2784,109.23232381,-0.4458525,4.57,0.447,TM,Healthy,,D009A,0.447,Normal,Moderate,Routine,D09,original,False
2785,109.23234613,-0.44643533,4.56,0.431,TM,Healthy,,D009A,0.431,Normal,Moderate,Routine,D09,original,False
2786,109.23251593,-0.44818338,4.56,0.497,TM,Healthy,,D009A,0.497,Healthy,Good,None,D09,original,False
2787,109.23215039,-0.44231937,4.55,0.579,TM,Healthy,,D009A,0.579,Healthy,Good,None,D09,original,False
2788,109.23157965,-0.44182458,4.54,0.482,TM,Healthy,,D009A,0.482,Healthy,Good,None,D09,original,False
2789,109.23304878,-0.44180323,4.53,0.485,TM,Healthy,,D009A,0.485,Healthy,Good,None,D09,original,False
2790,109.23230599,-0.44145445,4.53,0.49,TM,Healthy,,D009A,0.49,Healthy,Good,None,D09,original,False
2791,109.23204885,-0.44625123,4.53,0.461,TM,Healthy,,D009A,0.461,Healthy,Good,None,D09,original,False
2792,109.23214636,-0.44225245,4.53,0.55,TM,Healthy,,D009A,0.55,Healthy,Good,None,D09,original,False
2793,109.23241996,-0.44381695,4.51,0.416,TM,Healthy,,D009A,0.416,Abnormal,Sub-Optimal,Monitor,D09,original,False
2794,109.23234519,-0.44659584,4.51,0.47,TM,Healthy,,D009A,0.47,Healthy,Good,None,D09,original,False
2795,109.23218057,-0.44191968,4.51,0.38,TM,Suspect,Circle_5m,D009A,0.38,Suspect,Critical,Priority Survey,D09,original,False
2796,109.23319139,-0.44649522,4.51,0.454,TM,Healthy,,D009A,0.454,Normal,Moderate,Routine,D09,original,False
2797,109.23207628,-0.44610565,4.49,0.503,TM,Healthy,,D009A,0.503,Healthy,Good,None,D09,original,False
2798,109.2328304,-0.44789227,4.49,0.5,TM,Healthy,,D009A,0.5,Healthy,Good,None,D09,original,False
2799,109.23182346,-0.44404288,4.48,0.439,TM,Healthy,,D009A,0.439,Normal,Moderate,Routine,D09,original,False
2800,109.23199875,-0.4434999,4.48,0.492,TM,Healthy,,D009A,0.492,Healthy,Good,None,D09,original,False
2801,109.23282726,-0.44411366,4.48,0.424,TM,Healthy,,D009A,0.424,Abnormal,Sub-Optimal,Monitor,D09,original,False
2802,109.23301257,-0.4429761,4.47,0.461,TM,Healthy,,D009A,0.461,Healthy,Good,None,D09,original,False
2803,109.23277857,-0.44865006,4.47,0.36,TM,Suspect,Circle_5m,D009A,0.36,Suspect,Critical,Priority Survey,D09,original,False
2804,109.23264533,-0.44232944,4.46,0.399,TM,Healthy,,D009A,0.399,Abnormal,Sub-Optimal,Monitor,D09,original,False
2805,109.23271606,-0.4414342,4.43,0.501,TM,Healthy,,D009A,0.501,Healthy,Good,None,D09,original,False
2806,109.2321037,-0.44786994,4.43,0.468,TM,Healthy,,D009A,0.468,Healthy,Good,None,D09,original,False
2807,109.23250315,-0.44904698,4.42,0.444,TM,Healthy,,D009A,0.444,Normal,Moderate,Routine,D09,original,False
2808,109.23221956,-0.44418134,4.42,0.509,TM,Healthy,,D009A,0.509,Healthy,Good,None,D09,original,False
2809,109.23323741,-0.44747956,4.42,0.429,TM,Healthy,,D009A,0.429,Abnormal,Sub-Optimal,Monitor,D09,original,False
2810,109.23222242,-0.4416068,4.42,0.385,TM,Healthy,,D009A,0.385,Suspect,Critical,Priority Survey,D09,original,False
2811,109.23296253,-0.44752877,4.41,0.398,TM,Healthy,,D009A,0.398,Abnormal,Sub-Optimal,Monitor,D09,original,False
2812,109.2325687,-0.44162814,4.41,0.381,TM,Healthy,,D009A,0.381,Suspect,Critical,Priority Survey,D09,original,False
2813,109.23186159,-0.44611238,4.4,0.436,TM,Healthy,,D009A,0.436,Normal,Moderate,Routine,D09,original,False
2814,109.23141237,-0.44834633,4.39,0.399,TM,Healthy,,D009A,0.399,Abnormal,Sub-Optimal,Monitor,D09,original,False
2815,109.23264526,-0.4445106,4.39,0.479,TM,Healthy,,D009A,0.479,Healthy,Good,None,D09,original,False
2816,109.23280395,-0.44769287,4.38,0.566,TM,Healthy,,D009A,0.566,Healthy,Good,None,D09,original,False
2817,109.23265348,-0.44771634,4.38,0.465,TM,Healthy,,D009A,0.465,Healthy,Good,None,D09,original,False
2818,109.23317364,-0.44747999,4.38,0.392,TM,Healthy,,D009A,0.392,Abnormal,Sub-Optimal,Monitor,D09,original,False
2819,109.23257089,-0.44375052,4.38,0.488,TM,Healthy,,D009A,0.488,Healthy,Good,None,D09,original,False
2820,109.23207048,-0.44783104,4.38,0.476,TM,Healthy,,D009A,0.476,Healthy,Good,None,D09,original,False
2821,109.23326637,-0.44090758,4.36,0.392,TM,Healthy,,D009A,0.392,Abnormal,Sub-Optimal,Monitor,D09,original,False
2822,109.23303808,-0.44147768,4.36,0.488,TM,Healthy,,D009A,0.488,Healthy,Good,None,D09,original,False
2823,109.23329117,-0.44050336,4.35,0.446,TM,Healthy,,D009A,0.446,Normal,Moderate,Routine,D09,original,False
2824,109.23154914,-0.44923258,4.35,0.36,TM,Suspect,Circle_5m,D009A,0.36,Suspect,Critical,Priority Survey,D09,original,False
2825,109.23330754,-0.44157406,4.35,0.528,TM,Healthy,,D009A,0.528,Healthy,Good,None,D09,original,False
2826,109.23327883,-0.4489703,4.35,0.546,TM,Healthy,,D009A,0.546,Healthy,Good,None,D09,original,False
2827,109.23249205,-0.44664019,4.35,0.579,TM,Healthy,,D009A,0.579,Healthy,Good,None,D09,original,False
2828,109.23314393,-0.44773093,4.34,0.497,TM,Healthy,,D009A,0.497,Healthy,Good,None,D09,original,False
2829,109.2330603,-0.44814055,4.33,0.459,TM,Healthy,,D009A,0.459,Normal,Moderate,Routine,D09,original,False
2830,109.23271777,-0.44746406,4.33,0.438,TM,Healthy,,D009A,0.438,Normal,Moderate,Routine,D09,original,False
2831,109.23283634,-0.44747855,4.32,0.487,TM,Healthy,,D009A,0.487,Healthy,Good,None,D09,original,False
2832,109.23255243,-0.44202693,4.32,0.463,TM,Healthy,,D009A,0.463,Healthy,Good,None,D09,original,False
2833,109.23275444,-0.44624688,4.31,0.401,TM,Healthy,,D009A,0.401,Abnormal,Sub-Optimal,Monitor,D09,original,False
2834,109.2324479,-0.44154129,4.31,0.343,TM,Suspect,Circle_5m,D009A,0.343,Suspect,Critical,Priority Survey,D09,original,False
2835,109.23290808,-0.44798769,4.3,0.431,TM,Healthy,,D009A,0.431,Normal,Moderate,Routine,D09,original,False
2836,109.23217399,-0.4412817,4.3,0.454,TM,Healthy,,D009A,0.454,Normal,Moderate,Routine,D09,original,False
2837,109.23220613,-0.44590583,4.29,0.448,TM,Healthy,,D009A,0.448,Normal,Moderate,Routine,D09,original,False
2838,109.23141288,-0.44241867,4.29,0.381,TM,Healthy,,D009A,0.381,Suspect,Critical,Priority Survey,D09,original,False
2839,109.23287506,-0.44894081,4.28,0.406,TM,Healthy,,D009A,0.406,Abnormal,Sub-Optimal,Monitor,D09,original,False
2840,109.2324805,-0.44041364,4.28,0.426,TM,Healthy,,D009A,0.426,Abnormal,Sub-Optimal,Monitor,D09,original,False
2841,109.23239745,-0.44405659,4.27,0.486,TM,Healthy,,D009A,0.486,Healthy,Good,None,D09,original,False
2842,109.23309114,-0.44308689,4.27,0.471,TM,Healthy,,D009A,0.471,Healthy,Good,None,D09,original,False
2843,109.23159107,-0.44481645,4.27,0.417,TM,Healthy,,D009A,0.417,Abnormal,Sub-Optimal,Monitor,D09,original,False
2844,109.23150649,-0.44918328,4.26,0.175,TM,Suspect,Circle_5m,D009A,0.175,Suspect,Critical,Priority Survey,D09,original,False
2845,109.23138931,-0.44896622,4.26,0.294,TM,Suspect,Circle_5m,D009A,0.294,Suspect,Critical,Priority Survey,D09,original,False
2846,109.23317916,-0.44692747,4.25,0.399,TM,Healthy,,D009A,0.399,Abnormal,Sub-Optimal,Monitor,D09,original,False
2847,109.23264095,-0.4475305,4.25,0.53,TM,Healthy,,D009A,0.53,Healthy,Good,None,D09,original,False
2848,109.23309703,-0.44287077,4.24,0.427,TM,Healthy,,D009A,0.427,Abnormal,Sub-Optimal,Monitor,D09,original,False
2849,109.23268477,-0.44457256,4.24,0.364,TM,Suspect,Circle_5m,D009A,0.364,Suspect,Critical,Priority Survey,D09,original,False
2850,109.23244162,-0.4415015,4.24,0.414,TM,Healthy,,D009A,0.414,Abnormal,Sub-Optimal,Monitor,D09,original,False
2851,109.23140342,-0.44818446,4.24,0.404,TM,Healthy,,D009A,0.404,Abnormal,Sub-Optimal,Monitor,D09,original,False
2852,109.23268402,-0.44774031,4.24,0.369,TM,Suspect,Circle_5m,D009A,0.369,Suspect,Critical,Priority Survey,D09,original,False
2853,109.23362405,-0.44589487,4.23,0.312,TM,Suspect,Circle_5m,D009A,0.312,Suspect,Critical,Priority Survey,D09,original,False
2854,109.2324834,-0.44901216,4.23,0.408,TM,Healthy,,D009A,0.408,Abnormal,Sub-Optimal,Monitor,D09,original,False
2855,109.23292744,-0.44776433,4.21,0.335,TM,Suspect,Circle_5m,D009A,0.335,Suspect,Critical,Priority Survey,D09,original,False
2856,109.23268541,-0.44756895,4.2,0.524,TM,Healthy,,D009A,0.524,Healthy,Good,None,D09,original,False
2857,109.23268548,-0.44912931,4.2,0.417,TM,Healthy,,D009A,0.417,Abnormal,Sub-Optimal,Monitor,D09,original,False
2858,109.23322929,-0.44764323,4.2,0.498,TM,Healthy,,D009A,0.498,Healthy,Good,None,D09,original,False
2859,109.23238209,-0.44442056,4.2,0.4,TM,Healthy,,D009A,0.4,Abnormal,Sub-Optimal,Monitor,D09,original,False
2860,109.23132546,-0.44554616,4.2,0.478,TM,Healthy,,D009A,0.478,Healthy,Good,None,D09,original,False
2861,109.23260407,-0.44774346,4.19,0.454,TM,Healthy,,D009A,0.454,Normal,Moderate,Routine,D09,original,False
2862,109.23163708,-0.44400215,4.19,0.471,TM,Healthy,,D009A,0.471,Healthy,Good,None,D09,original,False
2863,109.23145843,-0.44919141,4.18,0.234,TM,Suspect,Circle_5m,D009A,0.234,Suspect,Critical,Priority Survey,D09,original,False
2864,109.23225148,-0.44216793,4.17,0.512,TM,Healthy,,D009A,0.512,Healthy,Good,None,D09,original,False
2865,109.23257221,-0.44761323,4.17,0.49,TM,Healthy,,D009A,0.49,Healthy,Good,None,D09,original,False
2866,109.2332294,-0.44150802,4.16,0.463,TM,Healthy,,D009A,0.463,Healthy,Good,None,D09,original,False
2867,109.23217248,-0.44197529,4.16,0.506,TM,Healthy,,D009A,0.506,Healthy,Good,None,D09,original,False
2868,109.23310487,-0.44767576,4.16,0.433,TM,Healthy,,D009A,0.433,Normal,Moderate,Routine,D09,original,False
2869,109.23252505,-0.44195503,4.16,0.478,TM,Healthy,,D009A,0.478,Healthy,Good,None,D09,original,False
2870,109.23186745,-0.44600838,4.16,0.386,TM,Healthy,,D009A,0.386,Suspect,Critical,Priority Survey,D09,original,False
2871,109.23169914,-0.44177035,4.15,0.435,TM,Healthy,,D009A,0.435,Normal,Moderate,Routine,D09,original,False
2872,109.23247342,-0.44755171,4.15,0.425,TM,Healthy,,D009A,0.425,Abnormal,Sub-Optimal,Monitor,D09,original,False
2873,109.23335647,-0.44166585,4.14,0.483,TM,Healthy,,D009A,0.483,Healthy,Good,None,D09,original,False
2874,109.23310861,-0.44707169,4.14,0.42,TM,Healthy,,D009A,0.42,Abnormal,Sub-Optimal,Monitor,D09,original,False
2875,109.231565,-0.44680228,4.13,0.397,TM,Healthy,,D009A,0.397,Abnormal,Sub-Optimal,Monitor,D09,original,False
2876,109.23306539,-0.44750981,4.13,0.435,TM,Healthy,,D009A,0.435,Normal,Moderate,Routine,D09,original,False
2877,109.23257743,-0.44458926,4.13,0.426,TM,Healthy,,D009A,0.426,Abnormal,Sub-Optimal,Monitor,D09,original,False
2878,109.23323881,-0.4416283,4.13,0.428,TM,Healthy,,D009A,0.428,Abnormal,Sub-Optimal,Monitor,D09,original,False
2879,109.2328897,-0.44782446,4.12,0.495,TM,Healthy,,D009A,0.495,Healthy,Good,None,D09,original,False
2880,109.23245499,-0.44195818,4.12,0.505,TM,Healthy,,D009A,0.505,Healthy,Good,None,D09,original,False
2881,109.23196144,-0.44363553,4.12,0.471,TM,Healthy,,D009A,0.471,Healthy,Good,None,D09,original,False
2882,109.23258258,-0.4474482,4.09,0.416,TM,Healthy,,D009A,0.416,Abnormal,Sub-Optimal,Monitor,D09,original,False
2883,109.23257281,-0.44886026,4.08,0.546,TM,Healthy,,D009A,0.546,Healthy,Good,None,D09,original,False
2884,109.23294544,-0.44761739,4.08,0.451,TM,Healthy,,D009A,0.451,Normal,Moderate,Routine,D09,original,False
2885,109.23307456,-0.44857824,4.07,0.423,TM,Healthy,,D009A,0.423,Abnormal,Sub-Optimal,Monitor,D09,original,False
2886,109.2325831,-0.44905061,4.07,0.432,TM,Healthy,,D009A,0.432,Normal,Moderate,Routine,D09,original,False
2887,109.23233818,-0.44209289,4.07,0.421,TM,Healthy,,D009A,0.421,Abnormal,Sub-Optimal,Monitor,D09,original,False
2888,109.23192175,-0.44808421,4.05,0.387,TM,Healthy,,D009A,0.387,Suspect,Critical,Priority Survey,D09,original,False
2889,109.23324555,-0.44158534,4.03,0.464,TM,Healthy,,D009A,0.464,Healthy,Good,None,D09,original,False
2890,109.23273312,-0.44146857,4.03,0.503,TM,Healthy,,D009A,0.503,Healthy,Good,None,D09,original,False
2891,109.23284343,-0.44785248,4.03,0.459,TM,Healthy,,D009A,0.459,Normal,Moderate,Routine,D09,original,False
2892,109.23304628,-0.44098575,4.02,0.408,TM,Healthy,,D009A,0.408,Abnormal,Sub-Optimal,Monitor,D09,original,False
2893,109.23325002,-0.44167668,4.01,0.431,TM,Healthy,,D009A,0.431,Normal,Moderate,Routine,D09,original,False
2894,109.23306368,-0.44901953,4.01,0.458,TM,Healthy,,D009A,0.458,Normal,Moderate,Routine,D09,original,False
2895,109.23324322,-0.44194118,4.01,0.462,TM,Healthy,,D009A,0.462,Healthy,Good,None,D09,original,False
2896,109.23245633,-0.44765299,3.99,0.453,Kenthosan,Abnormal,Field_Verification,D009A,0.453,Normal,Moderate,Routine,D09,original,False
2897,109.23322843,-0.44179966,3.99,0.449,TBM,TBM,Monitor,D009A,0.449,Normal,Moderate,Routine,D09,original,True
2898,109.23175993,-0.44488025,3.99,0.482,Kenthosan,Abnormal,Field_Verification,D009A,0.482,Healthy,Good,None,D09,original,False
2899,109.23334701,-0.44180059,3.98,0.413,TBM,TBM,Monitor,D009A,0.413,Abnormal,Sub-Optimal,Monitor,D09,original,True
2900,109.23328861,-0.44181776,3.98,0.559,TBM,TBM,Monitor,D009A,0.559,Healthy,Good,None,D09,original,True
2901,109.2336213,-0.44423096,3.98,0.403,TBM,TBM,Monitor,D009A,0.403,Abnormal,Sub-Optimal,Monitor,D09,original,True
2902,109.23217617,-0.44721886,3.97,0.467,Kenthosan,Abnormal,Field_Verification,D009A,0.467,Healthy,Good,None,D09,original,False
2903,109.23186486,-0.44178712,3.97,0.427,Kenthosan,Abnormal,Field_Verification,D009A,0.427,Abnormal,Sub-Optimal,Monitor,D09,original,False
2904,109.23336184,-0.44555343,3.97,0.464,TBM,TBM,Monitor,D009A,0.464,Healthy,Good,None,D09,original,True
2905,109.2317195,-0.44490149,3.97,0.521,Kenthosan,Abnormal,Field_Verification,D009A,0.521,Healthy,Good,None,D09,original,False
2906,109.2313246,-0.44537977,3.96,0.404,Kenthosan,Abnormal,Field_Verification,D009A,0.404,Abnormal,Sub-Optimal,Monitor,D09,original,False
2907,109.23355362,-0.44740277,3.95,0.449,Kenthosan,Abnormal,Field_Verification,D009A,0.449,Normal,Moderate,Routine,D09,original,False
2908,109.23217439,-0.4471438,3.95,0.485,Kenthosan,Abnormal,Field_Verification,D009A,0.485,Healthy,Good,None,D09,original,False
2909,109.23230116,-0.44665461,3.93,0.36,Kenthosan,Abnormal,Field_Verification,D009A,0.36,Suspect,Critical,Priority Survey,D09,original,False
2910,109.23350868,-0.44187433,3.93,0.405,TBM,TBM,Monitor,D009A,0.405,Abnormal,Sub-Optimal,Monitor,D09,original,True
2911,109.2325948,-0.44893803,3.93,0.452,Kenthosan,Abnormal,Field_Verification,D009A,0.452,Normal,Moderate,Routine,D09,original,False
2912,109.23258369,-0.44658188,3.92,0.45,Kenthosan,Abnormal,Field_Verification,D009A,0.45,Normal,Moderate,Routine,D09,original,False
2913,109.23357868,-0.44590571,3.92,0.374,Kenthosan,Abnormal,Field_Verification,D009A,0.374,Suspect,Critical,Priority Survey,D09,original,False
2914,109.23315948,-0.448439,3.92,0.465,Kenthosan,Abnormal,Field_Verification,D009A,0.465,Healthy,Good,None,D09,original,False
2915,109.23142922,-0.44922305,3.91,0.356,Kenthosan,Abnormal,Field_Verification,D009A,0.356,Suspect,Critical,Priority Survey,D09,original,False
2916,109.23239296,-0.44780716,3.9,0.502,Kenthosan,Abnormal,Field_Verification,D009A,0.502,Healthy,Good,None,D09,original,False
2917,109.23362834,-0.44861364,3.88,0.388,TBM,TBM,Monitor,D009A,0.388,Suspect,Critical,Priority Survey,D09,original,True
2918,109.23310492,-0.44181636,3.88,0.509,Kenthosan,Abnormal,Field_Verification,D009A,0.509,Healthy,Good,None,D09,original,False
2919,109.23284932,-0.44763997,3.88,0.472,TBM,TBM,Monitor,D009A,0.472,Healthy,Good,None,D09,original,True
2920,109.23259754,-0.44501157,3.87,0.464,TBM,TBM,Monitor,D009A,0.464,Healthy,Good,None,D09,original,True
2921,109.23149684,-0.44631078,3.87,0.427,Kenthosan,Abnormal,Field_Verification,D009A,0.427,Abnormal,Sub-Optimal,Monitor,D09,original,False
2922,109.23263437,-0.44497631,3.86,0.454,TBM,TBM,Monitor,D009A,0.454,Normal,Moderate,Routine,D09,original,True
2923,109.23291039,-0.44769289,3.86,0.363,Kenthosan,Abnormal,Field_Verification,D009A,0.363,Suspect,Critical,Priority Survey,D09,original,False
2924,109.23331328,-0.44576231,3.86,0.462,Kenthosan,Abnormal,Field_Verification,D009A,0.462,Healthy,Good,None,D09,original,False
2925,109.2328323,-0.44370447,3.85,0.421,Kenthosan,Abnormal,Field_Verification,D009A,0.421,Abnormal,Sub-Optimal,Monitor,D09,original,False
2926,109.23303529,-0.44185613,3.84,0.513,Kenthosan,Abnormal,Field_Verification,D009A,0.513,Healthy,Good,None,D09,original,False
2927,109.23261208,-0.4423855,3.84,0.435,Kenthosan,Abnormal,Field_Verification,D009A,0.435,Normal,Moderate,Routine,D09,original,False
2928,109.23306624,-0.44391703,3.84,0.416,Kenthosan,Abnormal,Field_Verification,D009A,0.416,Abnormal,Sub-Optimal,Monitor,D09,original,False
2929,109.2328417,-0.44760154,3.84,0.441,TBM,TBM,Monitor,D009A,0.441,Normal,Moderate,Routine,D09,original,True
2930,109.23270612,-0.44733655,3.81,0.455,Kenthosan,Abnormal,Field_Verification,D009A,0.455,Normal,Moderate,Routine,D09,original,False
2931,109.23261895,-0.44749975,3.81,0.484,Kenthosan,Abnormal,Field_Verification,D009A,0.484,Healthy,Good,None,D09,original,False
2932,109.23312739,-0.44177296,3.8,0.519,TBM,TBM,Monitor,D009A,0.519,Healthy,Good,None,D09,original,True
2933,109.23213741,-0.44211771,3.79,0.353,Kenthosan,Abnormal,Field_Verification,D009A,0.353,Suspect,Critical,Priority Survey,D09,original,False
2934,109.23311438,-0.44168388,3.79,0.525,TBM,TBM,Monitor,D009A,0.525,Healthy,Good,None,D09,original,True
2935,109.23278204,-0.44537921,3.78,0.399,Kenthosan,Abnormal,Field_Verification,D009A,0.399,Abnormal,Sub-Optimal,Monitor,D09,original,False
2936,109.23245858,-0.44761637,3.78,0.449,Kenthosan,Abnormal,Field_Verification,D009A,0.449,Normal,Moderate,Routine,D09,original,False
2937,109.23193039,-0.44197162,3.78,0.39,Kenthosan,Abnormal,Field_Verification,D009A,0.39,Abnormal,Sub-Optimal,Monitor,D09,original,False
2938,109.23297383,-0.4472498,3.77,0.421,Kenthosan,Abnormal,Field_Verification,D009A,0.421,Abnormal,Sub-Optimal,Monitor,D09,original,False
2939,109.23191738,-0.44193544,3.77,0.441,Kenthosan,Abnormal,Field_Verification,D009A,0.441,Normal,Moderate,Routine,D09,original,False
2940,109.23261659,-0.44422032,3.75,0.355,TBM,TBM,Monitor,D009A,0.355,Suspect,Critical,Priority Survey,D09,original,True
2941,109.2323957,-0.44194912,3.73,0.471,TBM,TBM,Monitor,D009A,0.471,Healthy,Good,None,D09,original,True
2942,109.23256018,-0.44908181,3.73,0.451,Kenthosan,Abnormal,Field_Verification,D009A,0.451,Normal,Moderate,Routine,D09,original,False
2943,109.23228384,-0.44585566,3.72,0.428,Kenthosan,Abnormal,Field_Verification,D009A,0.428,Abnormal,Sub-Optimal,Monitor,D09,original,False
2944,109.23288653,-0.44793252,3.72,0.517,Kenthosan,Abnormal,Field_Verification,D009A,0.517,Healthy,Good,None,D09,original,False
2945,109.23294911,-0.44732756,3.71,0.454,TBM,TBM,Monitor,D009A,0.454,Normal,Moderate,Routine,D09,original,True
2946,109.23332639,-0.44161159,3.71,0.482,Kenthosan,Abnormal,Field_Verification,D009A,0.482,Healthy,Good,None,D09,original,False
2947,109.23312228,-0.44814238,3.71,0.375,TBM,TBM,Monitor,D009A,0.375,Suspect,Critical,Priority Survey,D09,original,True
2948,109.23304569,-0.44159524,3.71,0.485,TBM,TBM,Monitor,D009A,0.485,Healthy,Good,None,D09,original,True
2949,109.23308306,-0.44499089,3.69,0.451,Kenthosan,Abnormal,Field_Verification,D009A,0.451,Normal,Moderate,Routine,D09,original,False
2950,109.23298605,-0.44308551,3.69,0.456,Kenthosan,Abnormal,Field_Verification,D009A,0.456,Normal,Moderate,Routine,D09,original,False
2951,109.23312457,-0.44418291,3.69,0.419,Kenthosan,Abnormal,Field_Verification,D009A,0.419,Abnormal,Sub-Optimal,Monitor,D09,original,False
2952,109.23195922,-0.44353877,3.69,0.419,Kenthosan,Abnormal,Field_Verification,D009A,0.419,Abnormal,Sub-Optimal,Monitor,D09,original,False
2953,109.23143728,-0.44180149,3.69,0.41,TBM,TBM,Monitor,D009A,0.41,Abnormal,Sub-Optimal,Monitor,D09,original,True
2954,109.23288485,-0.44556462,3.67,0.572,Kenthosan,Abnormal,Field_Verification,D009A,0.572,Healthy,Good,None,D09,original,False
2955,109.23273482,-0.44752872,3.65,0.463,Kenthosan,Abnormal,Field_Verification,D009A,0.463,Healthy,Good,None,D09,original,False
2956,109.23329941,-0.44174632,3.65,0.388,TBM,TBM,Monitor,D009A,0.388,Suspect,Critical,Priority Survey,D09,original,True
2957,109.2334826,-0.4476555,3.64,0.355,Kenthosan,Abnormal,Field_Verification,D009A,0.355,Suspect,Critical,Priority Survey,D09,original,False
2958,109.23318908,-0.44864971,3.64,0.354,Kenthosan,Abnormal,Field_Verification,D009A,0.354,Suspect,Critical,Priority Survey,D09,original,False
2959,109.23301538,-0.4443764,3.62,0.518,Kenthosan,Abnormal,Field_Verification,D009A,0.518,Healthy,Good,None,D09,original,False
2960,109.23307848,-0.4415749,3.61,0.46,Kenthosan,Abnormal,Field_Verification,D009A,0.46,Healthy,Good,None,D09,original,False
2961,109.23172353,-0.4449675,3.61,0.448,Kenthosan,Abnormal,Field_Verification,D009A,0.448,Normal,Moderate,Routine,D09,original,False
2962,109.23336364,-0.44173142,3.61,0.546,TBM,TBM,Monitor,D009A,0.546,Healthy,Good,None,D09,original,True
2963,109.23286602,-0.44732302,3.61,0.374,TBM,TBM,Monitor,D009A,0.374,Suspect,Critical,Priority Survey,D09,original,True
2964,109.23307962,-0.44809082,3.61,0.534,TBM,TBM,Monitor,D009A,0.534,Healthy,Good,None,D09,original,True
2965,109.23235881,-0.44223577,3.6,0.415,Kenthosan,Abnormal,Field_Verification,D009A,0.415,Abnormal,Sub-Optimal,Monitor,D09,original,False
2966,109.23292485,-0.44165173,3.6,0.431,Kenthosan,Abnormal,Field_Verification,D009A,0.431,Normal,Moderate,Routine,D09,original,False
2967,109.2315852,-0.44117801,3.57,0.477,Kenthosan,Abnormal,Field_Verification,D009A,0.477,Healthy,Good,None,D09,original,False
2968,109.2325651,-0.44732431,3.57,0.44,Kenthosan,Abnormal,Field_Verification,D009A,0.44,Normal,Moderate,Routine,D09,original,False
2969,109.23149033,-0.44726436,3.55,0.367,Kenthosan,Abnormal,Field_Verification,D009A,0.367,Suspect,Critical,Priority Survey,D09,original,False
2970,109.23255213,-0.44521367,3.55,0.352,Kenthosan,Abnormal,Field_Verification,D009A,0.352,Suspect,Critical,Priority Survey,D09,original,False
2971,109.23214943,-0.44820047,3.54,0.456,Kenthosan,Abnormal,Field_Verification,D009A,0.456,Normal,Moderate,Routine,D09,original,False
2972,109.23355416,-0.44325204,3.54,0.43,Kenthosan,Abnormal,Field_Verification,D009A,0.43,Normal,Moderate,Routine,D09,original,False
2973,109.23296033,-0.44165762,3.53,0.486,TBM,TBM,Monitor,D009A,0.486,Healthy,Good,None,D09,original,True
2974,109.23147366,-0.44179653,3.53,0.437,TBM,TBM,Monitor,D009A,0.437,Normal,Moderate,Routine,D09,original,True
2975,109.23342468,-0.44759897,3.52,0.44,Kenthosan,Abnormal,Field_Verification,D009A,0.44,Normal,Moderate,Routine,D09,original,False
2976,109.23328104,-0.44154466,3.51,0.495,Kenthosan,Abnormal,Field_Verification,D009A,0.495,Healthy,Good,None,D09,original,False
2977,109.23311126,-0.44349745,3.5,0.478,Kenthosan,Abnormal,Field_Verification,D009A,0.478,Healthy,Good,None,D09,original,False
2978,109.23323571,-0.44898973,3.5,0.527,Kenthosan,Abnormal,Field_Verification,D009A,0.527,Healthy,Good,None,D09,original,False
2979,109.23307445,-0.44717296,3.49,0.348,Kenthosan,Abnormal,Field_Verification,D009A,0.348,Suspect,Critical,Priority Survey,D09,original,False
2980,109.23287274,-0.44736191,3.49,0.41,TBM,TBM,Monitor,D009A,0.41,Abnormal,Sub-Optimal,Monitor,D09,original,True
2981,109.23273828,-0.44430083,3.48,0.528,TBM,TBM,Monitor,D009A,0.528,Healthy,Good,None,D09,original,True
2982,109.23195022,-0.44357584,3.46,0.39,Kenthosan,Abnormal,Field_Verification,D009A,0.39,Abnormal,Sub-Optimal,Monitor,D09,original,False
2983,109.23353656,-0.44172332,3.45,0.363,Kenthosan,Abnormal,Field_Verification,D009A,0.363,Suspect,Critical,Priority Survey,D09,original,False
2984,109.23327833,-0.44160841,3.44,0.436,Kenthosan,Abnormal,Field_Verification,D009A,0.436,Normal,Moderate,Routine,D09,original,False
2985,109.23266117,-0.4437198,3.42,0.43,TBM,TBM,Monitor,D009A,0.43,Normal,Moderate,Routine,D09,original,True
2986,109.23262065,-0.44412491,3.42,0.464,TBM,TBM,Monitor,D009A,0.464,Healthy,Good,None,D09,original,True
2987,109.23137021,-0.44434436,3.4,0.434,Kenthosan,Abnormal,Field_Verification,D009A,0.434,Normal,Moderate,Routine,D09,original,False
2988,109.23293262,-0.44864196,3.4,0.383,Kenthosan,Abnormal,Field_Verification,D009A,0.383,Suspect,Critical,Priority Survey,D09,original,False
2989,109.23270417,-0.44422712,3.39,0.444,TBM,TBM,Monitor,D009A,0.444,Normal,Moderate,Routine,D09,original,True
2990,109.23264352,-0.44428046,3.38,0.538,TBM,TBM,Monitor,D009A,0.538,Healthy,Good,None,D09,original,True
2991,109.23311184,-0.44104138,3.38,0.397,Kenthosan,Abnormal,Field_Verification,D009A,0.397,Abnormal,Sub-Optimal,Monitor,D09,original,False
2992,109.23202922,-0.44189342,3.37,0.407,TBM,TBM,Monitor,D009A,0.407,Abnormal,Sub-Optimal,Monitor,D09,original,True
2993,109.23313282,-0.44538201,3.36,0.349,Kenthosan,Abnormal,Field_Verification,D009A,0.349,Suspect,Critical,Priority Survey,D09,original,False
2994,109.23257938,-0.44392415,3.36,0.434,Kenthosan,Abnormal,Field_Verification,D009A,0.434,Normal,Moderate,Routine,D09,original,False
2995,109.2328997,-0.44733569,3.35,0.413,TBM,TBM,Monitor,D009A,0.413,Abnormal,Sub-Optimal,Monitor,D09,original,True
2996,109.2321087,-0.44195357,3.34,0.492,TBM,TBM,Monitor,D009A,0.492,Healthy,Good,None,D09,original,True
2997,109.23319828,-0.44774812,3.32,0.394,Kenthosan,Abnormal,Field_Verification,D009A,0.394,Abnormal,Sub-Optimal,Monitor,D09,original,False
2998,109.23228782,-0.44423968,3.32,0.455,Kenthosan,Abnormal,Field_Verification,D009A,0.455,Normal,Moderate,Routine,D09,original,False
2999,109.23343911,-0.44168758,3.32,0.446,TBM,TBM,Monitor,D009A,0.446,Normal,Moderate,Routine,D09,original,True
3000,109.23337667,-0.44551907,3.32,0.482,TBM,TBM,Monitor,D009A,0.482,Healthy,Good,None,D09,original,True
3001,109.23158017,-0.44720741,3.31,0.353,Kenthosan,Abnormal,Field_Verification,D009A,0.353,Suspect,Critical,Priority Survey,D09,original,False
3002,109.23273561,-0.44419412,3.3,0.473,TBM,TBM,Monitor,D009A,0.473,Healthy,Good,None,D09,original,True
3003,109.23271372,-0.44371755,3.29,0.488,Kenthosan,Abnormal,Field_Verification,D009A,0.488,Healthy,Good,None,D09,original,False
3004,109.23274971,-0.44536067,3.29,0.447,Kenthosan,Abnormal,Field_Verification,D009A,0.447,Normal,Moderate,Routine,D09,original,False
3005,109.23344804,-0.44756145,3.28,0.51,Kenthosan,Abnormal,Field_Verification,D009A,0.51,Healthy,Good,None,D09,original,False
3006,109.23354286,-0.44165685,3.26,0.382,TBM,TBM,Monitor,D009A,0.382,Suspect,Critical,Priority Survey,D09,original,True
3007,109.23270592,-0.44250896,3.23,0.478,Kenthosan,Abnormal,Field_Verification,D009A,0.478,Healthy,Good,None,D09,original,False
3008,109.23333496,-0.4452428,3.23,0.39,TBM,TBM,Monitor,D009A,0.39,Abnormal,Sub-Optimal,Monitor,D09,original,True
3009,109.2329738,-0.44737143,3.22,0.432,TBM,TBM,Monitor,D009A,0.432,Normal,Moderate,Routine,D09,original,True
3010,109.23317508,-0.44894722,3.2,0.44,Kenthosan,Abnormal,Field_Verification,D009A,0.44,Normal,Moderate,Routine,D09,original,False
3011,109.23264925,-0.44283449,3.2,0.455,Kenthosan,Abnormal,Field_Verification,D009A,0.455,Normal,Moderate,Routine,D09,original,False
3012,109.23223667,-0.44209648,3.19,0.512,Kenthosan,Abnormal,Field_Verification,D009A,0.512,Healthy,Good,None,D09,original,False
3013,109.23277343,-0.44759067,3.18,0.417,TBM,TBM,Monitor,D009A,0.417,Abnormal,Sub-Optimal,Monitor,D09,original,True
3014,109.23271785,-0.44900905,3.18,0.433,Kenthosan,Abnormal,Field_Verification,D009A,0.433,Normal,Moderate,Routine,D09,original,False
3015,109.23252822,-0.44750018,3.17,0.526,Kenthosan,Abnormal,Field_Verification,D009A,0.526,Healthy,Good,None,D09,original,False
3016,109.23155929,-0.44810583,3.16,0.395,TBM,TBM,Monitor,D009A,0.395,Abnormal,Sub-Optimal,Monitor,D09,original,True
3017,109.2322928,-0.44217381,3.16,0.533,TBM,TBM,Monitor,D009A,0.533,Healthy,Good,None,D09,original,True
3018,109.23254283,-0.44654163,3.16,0.491,Kenthosan,Abnormal,Field_Verification,D009A,0.491,Healthy,Good,None,D09,original,False
3019,109.23265186,-0.44510654,3.15,0.416,Kenthosan,Abnormal,Field_Verification,D009A,0.416,Abnormal,Sub-Optimal,Monitor,D09,original,False
3020,109.23228632,-0.44673418,3.15,0.409,Kenthosan,Abnormal,Field_Verification,D009A,0.409,Abnormal,Sub-Optimal,Monitor,D09,original,False
3021,109.23241454,-0.44205764,3.14,0.452,TBM,TBM,Monitor,D009A,0.452,Normal,Moderate,Routine,D09,original,True
3022,109.23215116,-0.44473158,3.14,0.389,Kenthosan,Abnormal,Field_Verification,D009A,0.389,Suspect,Critical,Priority Survey,D09,original,False
3023,109.23134361,-0.4428509,3.12,0.418,TBM,TBM,Monitor,D009A,0.418,Abnormal,Sub-Optimal,Monitor,D09,original,True
3024,109.23207727,-0.44191468,3.12,0.435,TBM,TBM,Monitor,D009A,0.435,Normal,Moderate,Routine,D09,original,True
3025,109.23321499,-0.44165813,3.11,0.495,Kenthosan,Abnormal,Field_Verification,D009A,0.495,Healthy,Good,None,D09,original,False
3026,109.23252583,-0.44054387,3.1,0.523,Kenthosan,Abnormal,Field_Verification,D009A,0.523,Healthy,Good,None,D09,original,False
3027,109.23244464,-0.44202735,3.09,0.427,TBM,TBM,Monitor,D009A,0.427,Abnormal,Sub-Optimal,Monitor,D09,original,True
3028,109.23205155,-0.44619607,3.08,0.464,Kenthosan,Abnormal,Field_Verification,D009A,0.464,Healthy,Good,None,D09,original,False
3029,109.23326659,-0.44191044,3.07,0.439,TBM,TBM,Monitor,D009A,0.439,Normal,Moderate,Routine,D09,original,True
3030,109.23296062,-0.44802478,3.07,0.428,Kenthosan,Abnormal,Field_Verification,D009A,0.428,Abnormal,Sub-Optimal,Monitor,D09,original,False
3031,109.23302513,-0.44495968,3.07,0.492,Kenthosan,Abnormal,Field_Verification,D009A,0.492,Healthy,Good,None,D09,original,False
3032,109.23257419,-0.44498082,3.06,0.423,TBM,TBM,Monitor,D009A,0.423,Abnormal,Sub-Optimal,Monitor,D09,original,True
3033,109.23256394,-0.44276258,3.05,0.432,Kenthosan,Abnormal,Field_Verification,D009A,0.432,Normal,Moderate,Routine,D09,original,False
3034,109.23354029,-0.44303907,3.04,0.327,Kenthosan,Abnormal,Field_Verification,D009A,0.327,Suspect,Critical,Priority Survey,D09,original,False
3035,109.23288226,-0.44134878,3.04,0.488,Kenthosan,Abnormal,Field_Verification,D009A,0.488,Healthy,Good,None,D09,original,False
3036,109.23313238,-0.44722723,3.03,0.497,Kenthosan,Abnormal,Field_Verification,D009A,0.497,Healthy,Good,None,D09,original,False
3037,109.23176145,-0.44605403,3.02,0.567,TBM,TBM,Monitor,D009A,0.567,Healthy,Good,None,D09,original,True
3038,109.23152553,-0.44656309,3.02,0.391,TBM,TBM,Monitor,D009A,0.391,Abnormal,Sub-Optimal,Monitor,D09,original,True
3039,109.23330791,-0.44190774,3.01,0.49,TBM,TBM,Monitor,D009A,0.49,Healthy,Good,None,D09,original,True
3040,109.23315125,-0.44905482,3.0,0.468,Kenthosan,Abnormal,Field_Verification,D009A,0.468,Healthy,Good,None,D09,original,False
3041,109.23332688,-0.44333608,3.0,0.436,Kenthosan,Abnormal,Field_Verification,D009A,0.436,Normal,Moderate,Routine,D09,original,False
3042,109.23132722,-0.44379499,2.99,0.207,Kenthosan,Abnormal,Field_Verification,D009A,0.207,Suspect,Critical,Priority Survey,D09,original,False
3043,109.23339914,-0.44167265,2.98,0.403,TBM,TBM,Monitor,D009A,0.403,Abnormal,Sub-Optimal,Monitor,D09,original,True
3044,109.23239524,-0.4419966,2.98,0.486,TBM,TBM,Monitor,D009A,0.486,Healthy,Good,None,D09,original,True
3045,109.23258212,-0.44748799,2.98,0.574,Kenthosan,Abnormal,Field_Verification,D009A,0.574,Healthy,Good,None,D09,original,False
3046,109.23259967,-0.44736094,2.97,0.45,Kenthosan,Abnormal,Field_Verification,D009A,0.45,Normal,Moderate,Routine,D09,original,False
3047,109.23264863,-0.44732523,2.97,0.428,TBM,TBM,Monitor,D009A,0.428,Abnormal,Sub-Optimal,Monitor,D09,original,True
3048,109.23303562,-0.44804198,2.96,0.432,Kenthosan,Abnormal,Field_Verification,D009A,0.432,Normal,Moderate,Routine,D09,original,False
3049,109.23248477,-0.4488946,2.96,0.444,Kenthosan,Abnormal,Field_Verification,D009A,0.444,Normal,Moderate,Routine,D09,original,False
3050,109.23172867,-0.44600066,2.95,0.469,TBM,TBM,Monitor,D009A,0.469,Healthy,Good,None,D09,original,True
3051,109.23266962,-0.44218973,2.95,0.468,Kenthosan,Abnormal,Field_Verification,D009A,0.468,Healthy,Good,None,D09,original,False
3052,109.23336057,-0.44896309,2.95,0.457,Kenthosan,Abnormal,Field_Verification,D009A,0.457,Normal,Moderate,Routine,D09,original,False
3053,109.23195633,-0.44811813,2.95,0.456,Kenthosan,Abnormal,Field_Verification,D009A,0.456,Normal,Moderate,Routine,D09,original,False
3054,109.23189825,-0.44680417,2.94,0.417,TBM,TBM,Monitor,D009A,0.417,Abnormal,Sub-Optimal,Monitor,D09,original,True
3055,109.23327732,-0.44774859,2.93,0.466,Kenthosan,Abnormal,Field_Verification,D009A,0.466,Healthy,Good,None,D09,original,False
3056,109.2335724,-0.4439895,2.91,0.312,Kenthosan,Abnormal,Field_Verification,D009A,0.312,Suspect,Critical,Priority Survey,D09,original,False
3057,109.232701,-0.44242757,2.89,0.437,Kenthosan,Abnormal,Field_Verification,D009A,0.437,Normal,Moderate,Routine,D09,original,False
3058,109.23312413,-0.44412097,2.89,0.467,Kenthosan,Abnormal,Field_Verification,D009A,0.467,Healthy,Good,None,D09,original,False
3059,109.23139011,-0.44183991,2.89,0.419,TBM,TBM,Monitor,D009A,0.419,Abnormal,Sub-Optimal,Monitor,D09,original,True
3060,109.23338069,-0.44182547,2.88,0.416,TBM,TBM,Monitor,D009A,0.416,Abnormal,Sub-Optimal,Monitor,D09,original,True
3061,109.23355663,-0.44421331,2.87,0.341,Kenthosan,Abnormal,Field_Verification,D009A,0.341,Suspect,Critical,Priority Survey,D09,original,False
3062,109.23161798,-0.4468665,2.87,0.388,Kenthosan,Abnormal,Field_Verification,D009A,0.388,Suspect,Critical,Priority Survey,D09,original,False
3063,109.23139548,-0.44192989,2.87,0.423,Kenthosan,Abnormal,Field_Verification,D009A,0.423,Abnormal,Sub-Optimal,Monitor,D09,original,False
3064,109.231497,-0.44186254,2.86,0.492,Kenthosan,Abnormal,Field_Verification,D009A,0.492,Healthy,Good,None,D09,original,False
3065,109.23153772,-0.44815104,2.84,0.469,TBM,TBM,Monitor,D009A,0.469,Healthy,Good,None,D09,original,True
3066,109.23279905,-0.44751607,2.84,0.469,TBM,TBM,Monitor,D009A,0.469,Healthy,Good,None,D09,original,True
3067,109.23314597,-0.44106128,2.84,0.429,Kenthosan,Abnormal,Field_Verification,D009A,0.429,Abnormal,Sub-Optimal,Monitor,D09,original,False
3068,109.2336217,-0.44444889,2.84,0.406,Kenthosan,Abnormal,Field_Verification,D009A,0.406,Abnormal,Sub-Optimal,Monitor,D09,original,False
3069,109.23283591,-0.44739445,2.83,0.444,TBM,TBM,Monitor,D009A,0.444,Normal,Moderate,Routine,D09,original,True
3070,109.23285292,-0.44573598,2.8,0.3,Kenthosan,Abnormal,Field_Verification,D009A,0.3,Suspect,Critical,Priority Survey,D09,original,False
3071,109.23261983,-0.44381429,2.8,0.486,TBM,TBM,Monitor,D009A,0.486,Healthy,Good,None,D09,original,True
3072,109.2315044,-0.44666256,2.8,0.424,TBM,TBM,Monitor,D009A,0.424,Abnormal,Sub-Optimal,Monitor,D09,original,True
3073,109.23300435,-0.44167617,2.78,0.565,TBM,TBM,Monitor,D009A,0.565,Healthy,Good,None,D09,original,True
3074,109.23355852,-0.44383486,2.76,0.362,Kenthosan,Abnormal,Field_Verification,D009A,0.362,Suspect,Critical,Priority Survey,D09,original,False
3075,109.23276477,-0.4443673,2.76,0.3,Kenthosan,Abnormal,Field_Verification,D009A,0.3,Suspect,Critical,Priority Survey,D09,original,False
3076,109.23224036,-0.44736854,2.71,0.382,Kenthosan,Abnormal,Field_Verification,D009A,0.382,Suspect,Critical,Priority Survey,D09,original,False
3077,109.23132764,-0.44391933,2.71,0.183,Kenthosan,Abnormal,Field_Verification,D009A,0.183,Suspect,Critical,Priority Survey,D09,original,False
3078,109.23251397,-0.44886974,2.7,0.433,Kenthosan,Abnormal,Field_Verification,D009A,0.433,Normal,Moderate,Routine,D09,original,False
3079,109.23342786,-0.44556385,2.7,0.417,TBM,TBM,Monitor,D009A,0.417,Abnormal,Sub-Optimal,Monitor,D09,original,True
3080,109.23325748,-0.44054676,2.7,0.458,Kenthosan,Abnormal,Field_Verification,D009A,0.458,Normal,Moderate,Routine,D09,original,False
3081,109.23266511,-0.44415025,2.69,0.347,TBM,TBM,Monitor,D009A,0.347,Suspect,Critical,Priority Survey,D09,original,True
3082,109.23275716,-0.44424838,2.69,0.496,TBM,TBM,Monitor,D009A,0.496,Healthy,Good,None,D09,original,True
3083,109.23254573,-0.44756349,2.68,0.445,Kenthosan,Abnormal,Field_Verification,D009A,0.445,Normal,Moderate,Routine,D09,original,False
3084,109.23309532,-0.4444343,2.67,0.5,TBM,TBM,Monitor,D009A,0.5,Healthy,Good,None,D09,original,True
3085,109.23355016,-0.4468742,2.66,0.275,Kenthosan,Abnormal,Field_Verification,D009A,0.275,Suspect,Critical,Priority Survey,D09,original,False
3086,109.2331902,-0.44770743,2.64,0.422,Kenthosan,Abnormal,Field_Verification,D009A,0.422,Abnormal,Sub-Optimal,Monitor,D09,original,False
3087,109.23132497,-0.44383658,2.63,0.203,Kenthosan,Abnormal,Field_Verification,D009A,0.203,Suspect,Critical,Priority Survey,D09,original,False
3088,109.23169758,-0.44643065,2.62,0.43,TBM,TBM,Monitor,D009A,0.43,Normal,Moderate,Routine,D09,original,True
3089,109.23312422,-0.44565827,2.62,0.431,Kenthosan,Abnormal,Field_Verification,D009A,0.431,Normal,Moderate,Routine,D09,original,False
3090,109.23132364,-0.44372445,2.59,0.102,Kenthosan,Abnormal,Field_Verification,D009A,0.102,Suspect,Critical,Priority Survey,D09,original,False
3091,109.23264626,-0.4440779,2.57,0.578,TBM,TBM,Monitor,D009A,0.578,Healthy,Good,None,D09,original,True
3092,109.23157572,-0.44704328,2.57,0.374,Kenthosan,Abnormal,Field_Verification,D009A,0.374,Suspect,Critical,Priority Survey,D09,original,False
3093,109.23238174,-0.4421241,2.55,0.479,TBM,TBM,Monitor,D009A,0.479,Healthy,Good,None,D09,original,True
3094,109.23361938,-0.44473963,2.54,0.408,Kenthosan,Abnormal,Field_Verification,D009A,0.408,Abnormal,Sub-Optimal,Monitor,D09,original,False
3095,109.23156724,-0.4411441,2.53,0.449,Kenthosan,Abnormal,Field_Verification,D009A,0.449,Normal,Moderate,Routine,D09,original,False
3096,109.23162846,-0.44811443,2.53,0.399,TBM,TBM,Monitor,D009A,0.399,Abnormal,Sub-Optimal,Monitor,D09,original,True
3097,109.23268227,-0.44375462,2.53,0.465,TBM,TBM,Monitor,D009A,0.465,Healthy,Good,None,D09,original,True
3098,109.23164725,-0.44652604,2.51,0.367,Kenthosan,Abnormal,Field_Verification,D009A,0.367,Suspect,Critical,Priority Survey,D09,original,False
3099,109.23195048,-0.44816063,2.51,0.488,Kenthosan,Abnormal,Field_Verification,D009A,0.488,Healthy,Good,None,D09,original,False
3100,109.23362123,-0.44830166,2.51,0.33,Kenthosan,Abnormal,Field_Verification,D009A,0.33,Suspect,Critical,Priority Survey,D09,original,False
3101,109.23355631,-0.44368113,2.5,0.292,Kenthosan,Abnormal,Field_Verification,D009A,0.292,Suspect,Critical,Priority Survey,D09,original,False
3102,109.23331695,-0.44733941,2.5,0.384,Kenthosan,Abnormal,Field_Verification,D009A,0.384,Suspect,Critical,Priority Survey,D09,original,False
3103,109.23133116,-0.44612174,2.49,0.403,TBM,TBM,Monitor,D009A,0.403,Abnormal,Sub-Optimal,Monitor,D09,original,True
3104,109.23317549,-0.44347441,2.49,0.426,Kenthosan,Abnormal,Field_Verification,D009A,0.426,Abnormal,Sub-Optimal,Monitor,D09,original,False
3105,109.23284859,-0.44128909,2.48,0.519,Kenthosan,Abnormal,Field_Verification,D009A,0.519,Healthy,Good,None,D09,original,False
3106,109.23305399,-0.44444831,2.46,0.462,TBM,TBM,Monitor,D009A,0.462,Healthy,Good,None,D09,original,True
3107,109.23187627,-0.44669113,2.44,0.377,Kenthosan,Abnormal,Field_Verification,D009A,0.377,Suspect,Critical,Priority Survey,D09,original,False
3108,109.23134184,-0.4465332,2.44,0.325,Kenthosan,Abnormal,Field_Verification,D009A,0.325,Suspect,Critical,Priority Survey,D09,original,False
3109,109.23359536,-0.44565793,2.41,0.361,Kenthosan,Abnormal,Field_Verification,D009A,0.361,Suspect,Critical,Priority Survey,D09,original,False
3110,109.23252861,-0.44774977,2.39,0.503,Kenthosan,Abnormal,Field_Verification,D009A,0.503,Healthy,Good,None,D09,original,False
3111,109.23362128,-0.44430511,2.39,0.385,TBM,TBM,Monitor,D009A,0.385,Suspect,Critical,Priority Survey,D09,original,True
3112,109.23246512,-0.44655879,2.39,0.559,Kenthosan,Abnormal,Field_Verification,D009A,0.559,Healthy,Good,None,D09,original,False
3113,109.23261365,-0.44899862,2.38,0.489,TBM,TBM,Monitor,D009A,0.489,Healthy,Good,None,D09,original,True
3114,109.23318496,-0.44332565,2.38,0.409,Kenthosan,Abnormal,Field_Verification,D009A,0.409,Abnormal,Sub-Optimal,Monitor,D09,original,False
3115,109.23333037,-0.44186705,2.36,0.498,TBM,TBM,Monitor,D009A,0.498,Healthy,Good,None,D09,original,True
3116,109.23262728,-0.44459289,2.36,0.306,Kenthosan,Abnormal,Field_Verification,D009A,0.306,Suspect,Critical,Priority Survey,D09,original,False
3117,109.23204179,-0.44194225,2.36,0.486,TBM,TBM,Monitor,D009A,0.486,Healthy,Good,None,D09,original,True
3118,109.23241097,-0.44385357,2.36,0.473,Kenthosan,Abnormal,Field_Verification,D009A,0.473,Healthy,Good,None,D09,original,False
3119,109.2334271,-0.44306075,2.36,0.477,Kenthosan,Abnormal,Field_Verification,D009A,0.477,Healthy,Good,None,D09,original,False
3120,109.23249268,-0.44776287,2.35,0.444,Kenthosan,Abnormal,Field_Verification,D009A,0.444,Normal,Moderate,Routine,D09,original,False
3121,109.23314853,-0.44163687,2.35,0.514,TBM,TBM,Monitor,D009A,0.514,Healthy,Good,None,D09,original,True
3122,109.23261642,-0.44492024,2.35,0.45,Kenthosan,Abnormal,Field_Verification,D009A,0.45,Normal,Moderate,Routine,D09,original,False
3123,109.23274687,-0.44410143,2.35,0.443,TBM,TBM,Monitor,D009A,0.443,Normal,Moderate,Routine,D09,original,True
3124,109.23132321,-0.4436711,2.34,0.092,Kenthosan,Abnormal,Field_Verification,D009A,0.092,Suspect,Critical,Priority Survey,D09,original,False
3125,109.23315666,-0.44335051,2.32,0.444,Kenthosan,Abnormal,Field_Verification,D009A,0.444,Normal,Moderate,Routine,D09,original,False
3126,109.2313625,-0.44465769,2.26,0.387,TBM,TBM,Monitor,D009A,0.387,Suspect,Critical,Priority Survey,D09,original,True
3127,109.23256234,-0.44380749,2.25,0.496,TBM,TBM,Monitor,D009A,0.496,Healthy,Good,None,D09,original,True
3128,109.23155069,-0.44652014,2.25,0.418,TBM,TBM,Monitor,D009A,0.418,Abnormal,Sub-Optimal,Monitor,D09,original,True
3129,109.23362604,-0.44882525,2.24,0.36,Kenthosan,Abnormal,Field_Verification,D009A,0.36,Suspect,Critical,Priority Survey,D09,original,False
3130,109.23183465,-0.44607891,2.18,0.53,TBM,TBM,Monitor,D009A,0.53,Healthy,Good,None,D09,original,True
3131,109.2327532,-0.44766527,2.18,0.541,Kenthosan,Abnormal,Field_Verification,D009A,0.541,Healthy,Good,None,D09,original,False
3132,109.23288991,-0.44129001,2.18,0.472,Kenthosan,Abnormal,Field_Verification,D009A,0.472,Healthy,Good,None,D09,original,False
3133,109.23161451,-0.4463307,2.18,0.413,TBM,TBM,Monitor,D009A,0.413,Abnormal,Sub-Optimal,Monitor,D09,original,True
3134,109.23253268,-0.44389565,2.16,0.402,Kenthosan,Abnormal,Field_Verification,D009A,0.402,Abnormal,Sub-Optimal,Monitor,D09,original,False
3135,109.23135123,-0.44293275,2.16,0.356,Kenthosan,Abnormal,Field_Verification,D009A,0.356,Suspect,Critical,Priority Survey,D09,original,False
3136,109.23138139,-0.44643148,2.15,0.301,Kenthosan,Abnormal,Field_Verification,D009A,0.301,Suspect,Critical,Priority Survey,D09,original,False
3137,109.23133833,-0.44619725,2.14,0.31,TBM,TBM,Monitor,D009A,0.31,Suspect,Critical,Priority Survey,D09,original,True
3138,109.23132871,-0.44507457,2.13,0.429,TBM,TBM,Monitor,D009A,0.429,Abnormal,Sub-Optimal,Monitor,D09,original,True
3139,109.23361776,-0.44402297,2.12,0.395,TBM,TBM,Monitor,D009A,0.395,Abnormal,Sub-Optimal,Monitor,D09,original,True
3140,109.23132867,-0.44525633,2.09,0.278,Kenthosan,Abnormal,Field_Verification,D009A,0.278,Suspect,Critical,Priority Survey,D09,original,False
3141,109.23307646,-0.44439315,2.07,0.414,TBM,TBM,Monitor,D009A,0.414,Abnormal,Sub-Optimal,Monitor,D09,original,True
3142,109.23274519,-0.44737092,2.06,0.451,Kenthosan,Abnormal,Field_Verification,D009A,0.451,Normal,Moderate,Routine,D09,original,False
3143,109.23358778,-0.44353645,2.05,0.498,Kenthosan,Abnormal,Field_Verification,D009A,0.498,Healthy,Good,None,D09,original,False
3144,109.23265253,-0.44419048,2.03,0.452,TBM,TBM,Monitor,D009A,0.452,Normal,Moderate,Routine,D09,original,True
3145,109.23361663,-0.44686518,2.02,0.266,Kenthosan,Abnormal,Field_Verification,D009A,0.266,Suspect,Critical,Priority Survey,D09,original,False
3146,109.23153403,-0.44668879,2.01,0.415,Kenthosan,Abnormal,Field_Verification,D009A,0.415,Abnormal,Sub-Optimal,Monitor,D09,original,False
3147,109.2316256,-0.44690584,2.0,0.395,Kenthosan,Abnormal,Field_Verification,D009A,0.395,Abnormal,Sub-Optimal,Monitor,D09,original,False
3148,109.23322828,-0.4481311,2.0,0.415,Kenthosan,Abnormal,Field_Verification,D009A,0.415,Abnormal,Sub-Optimal,Monitor,D09,original,False
3149,109.23362558,-0.44699223,1.96,0.374,Kenthosan,Abnormal,Field_Verification,D009A,0.374,Suspect,Critical,Priority Survey,D09,original,False
3150,109.23171512,-0.44632666,1.95,0.436,TBM,TBM,Monitor,D009A,0.436,Normal,Moderate,Routine,D09,original,True
3151,109.23165449,-0.44631851,1.94,0.424,TBM,TBM,Monitor,D009A,0.424,Abnormal,Sub-Optimal,Monitor,D09,original,True
3152,109.23264822,-0.44905153,1.93,0.427,TBM,TBM,Monitor,D009A,0.427,Abnormal,Sub-Optimal,Monitor,D09,original,True
3153,109.23306227,-0.44550362,1.92,0.314,Kenthosan,Abnormal,Field_Verification,D009A,0.314,Suspect,Critical,Priority Survey,D09,original,False
3154,109.23362792,-0.44850919,1.92,0.308,TBM,TBM,Monitor,D009A,0.308,Suspect,Critical,Priority Survey,D09,original,True
3155,109.23362049,-0.44385296,1.92,0.403,TBM,TBM,Monitor,D009A,0.403,Abnormal,Sub-Optimal,Monitor,D09,original,True
3156,109.23362344,-0.44845991,1.91,0.435,TBM,TBM,Monitor,D009A,0.435,Normal,Moderate,Routine,D09,original,True
3157,109.23229138,-0.44625174,1.91,0.386,Kenthosan,Abnormal,Field_Verification,D009A,0.386,Suspect,Critical,Priority Survey,D09,original,False
3158,109.2325282,-0.44384185,1.9,0.426,TBM,TBM,Monitor,D009A,0.426,Abnormal,Sub-Optimal,Monitor,D09,original,True
3159,109.23362423,-0.44703926,1.84,0.413,TBM,TBM,Monitor,D009A,0.413,Abnormal,Sub-Optimal,Monitor,D09,original,True
3160,109.23318883,-0.4440206,1.83,0.386,Kenthosan,Abnormal,Field_Verification,D009A,0.386,Suspect,Critical,Priority Survey,D09,original,False
3161,109.233626,-0.44711296,1.82,0.427,TBM,TBM,Monitor,D009A,0.427,Abnormal,Sub-Optimal,Monitor,D09,original,True
3162,109.23322801,-0.44171465,1.82,0.469,TBM,TBM,Monitor,D009A,0.469,Healthy,Good,None,D09,original,True
3163,109.23362507,-0.44727799,1.81,0.405,Kenthosan,Abnormal,Field_Verification,D009A,0.405,Abnormal,Sub-Optimal,Monitor,D09,original,False
3164,109.23357066,-0.44752169,1.81,0.403,TBM,TBM,Monitor,D009A,0.403,Abnormal,Sub-Optimal,Monitor,D09,original,True
3165,109.23339828,-0.44527718,1.79,0.386,Kenthosan,Abnormal,Field_Verification,D009A,0.386,Suspect,Critical,Priority Survey,D09,original,False
3166,109.23346326,-0.44021448,1.79,0.22,Kenthosan,Abnormal,Field_Verification,D009A,0.22,Suspect,Critical,Priority Survey,D09,original,False
3167,109.23170365,-0.44546486,1.75,0.379,Kenthosan,Abnormal,Field_Verification,D009A,0.379,Suspect,Critical,Priority Survey,D09,original,False
3168,109.23318793,-0.44022888,1.74,0.291,Kenthosan,Abnormal,Field_Verification,D009A,0.291,Suspect,Critical,Priority Survey,D09,original,False
3169,109.23173841,-0.44845583,1.73,0.343,Kenthosan,Abnormal,Field_Verification,D009A,0.343,Suspect,Critical,Priority Survey,D09,original,False
3170,109.23134447,-0.44304442,1.71,0.365,Kenthosan,Abnormal,Field_Verification,D009A,0.365,Suspect,Critical,Priority Survey,D09,original,False
3171,109.23132414,-0.44354766,1.7,0.141,Kenthosan,Abnormal,Field_Verification,D009A,0.141,Suspect,Critical,Priority Survey,D09,original,False
3172,109.23357247,-0.44748506,1.67,0.416,TBM,TBM,Monitor,D009A,0.416,Abnormal,Sub-Optimal,Monitor,D09,original,True
3173,109.23361567,-0.44334339,1.67,0.503,TBM,TBM,Monitor,D009A,0.503,Healthy,Good,None,D09,original,True
3174,109.23165585,-0.44627239,1.66,0.374,TBM,TBM,Monitor,D009A,0.374,Suspect,Critical,Priority Survey,D09,original,True
3175,109.23309227,-0.44019992,1.62,0.272,Kenthosan,Abnormal,Field_Verification,D009A,0.272,Suspect,Critical,Priority Survey,D09,original,False
3176,109.23362677,-0.44767001,1.61,0.417,Kenthosan,Abnormal,Field_Verification,D009A,0.417,Abnormal,Sub-Optimal,Monitor,D09,original,False
3177,109.23135123,-0.44484262,1.61,0.33,TBM,TBM,Monitor,D009A,0.33,Suspect,Critical,Priority Survey,D09,original,True
3178,109.23308624,-0.44484213,1.55,0.357,Kenthosan,Abnormal,Field_Verification,D009A,0.357,Suspect,Critical,Priority Survey,D09,original,False
3179,109.23272263,-0.44024188,1.54,0.282,Kenthosan,Abnormal,Field_Verification,D009A,0.282,Suspect,Critical,Priority Survey,D09,original,False
3180,109.23168414,-0.44816192,1.52,0.525,Kenthosan,Abnormal,Field_Verification,D009A,0.525,Healthy,Good,None,D09,original,False
3181,109.2323816,-0.44834702,1.51,0.422,Kenthosan,Abnormal,Field_Verification,D009A,0.422,Abnormal,Sub-Optimal,Monitor,D09,original,False
3182,109.23220123,-0.44381826,1.51,0.413,Kenthosan,Abnormal,Field_Verification,D009A,0.413,Abnormal,Sub-Optimal,Monitor,D09,original,False
3183,109.23339813,-0.44020949,1.49,0.23,Kenthosan,Abnormal,Field_Verification,D009A,0.23,Suspect,Critical,Priority Survey,D09,original,False
3184,109.23334578,-0.44128695,1.48,0.411,TBM,TBM,Monitor,D009A,0.411,Abnormal,Sub-Optimal,Monitor,D09,original,True
3185,109.23133771,-0.44314344,1.48,0.368,Kenthosan,Abnormal,Field_Verification,D009A,0.368,Suspect,Critical,Priority Survey,D09,original,False
3186,109.23278461,-0.44023286,1.48,0.346,TBM,TBM,Monitor,D009A,0.346,Suspect,Critical,Priority Survey,D09,original,True
3187,109.2334828,-0.44306528,1.47,0.359,Kenthosan,Abnormal,Field_Verification,D009A,0.359,Suspect,Critical,Priority Survey,D09,original,False
3188,109.23334514,-0.44020722,1.46,0.228,Kenthosan,Abnormal,Field_Verification,D009A,0.228,Suspect,Critical,Priority Survey,D09,original,False
3189,109.23299885,-0.44024059,1.43,0.348,TBM,TBM,Monitor,D009A,0.348,Suspect,Critical,Priority Survey,D09,original,True
3190,109.23168591,-0.44638724,1.42,0.395,TBM,TBM,Monitor,D009A,0.395,Abnormal,Sub-Optimal,Monitor,D09,original,True
3191,109.23182973,-0.44599798,1.42,0.505,TBM,TBM,Monitor,D009A,0.505,Healthy,Good,None,D09,original,True
3192,109.23329978,-0.44019952,1.41,0.262,Kenthosan,Abnormal,Field_Verification,D009A,0.262,Suspect,Critical,Priority Survey,D09,original,False
3193,109.23137097,-0.4449118,1.41,0.047,Kenthosan,Abnormal,Field_Verification,D009A,0.047,Suspect,Critical,Priority Survey,D09,original,False
3194,109.23304377,-0.44020398,1.38,0.28,Kenthosan,Abnormal,Field_Verification,D009A,0.28,Suspect,Critical,Priority Survey,D09,original,False
3195,109.23244782,-0.44566715,1.37,0.388,Kenthosan,Abnormal,Field_Verification,D009A,0.388,Suspect,Critical,Priority Survey,D09,original,False
3196,109.23330133,-0.44122816,1.36,0.381,TBM,TBM,Monitor,D009A,0.381,Suspect,Critical,Priority Survey,D09,original,True
3197,109.2323916,-0.44599902,1.36,0.35,Kenthosan,Abnormal,Field_Verification,D009A,0.35,Suspect,Critical,Priority Survey,D09,original,False
3198,109.2328695,-0.4402071,1.35,0.328,TBM,TBM,Monitor,D009A,0.328,Suspect,Critical,Priority Survey,D09,original,True
3199,109.23296877,-0.44207812,1.34,0.393,Kenthosan,Abnormal,Field_Verification,D009A,0.393,Abnormal,Sub-Optimal,Monitor,D09,original,False
3200,109.2313651,-0.4450384,1.34,0.147,Kenthosan,Abnormal,Field_Verification,D009A,0.147,Suspect,Critical,Priority Survey,D09,original,False
3201,109.23356147,-0.44085158,1.32,0.32,TBM,TBM,Monitor,D009A,0.32,Suspect,Critical,Priority Survey,D09,original,True
3202,109.23244731,-0.44023594,1.29,0.246,Kenthosan,Abnormal,Field_Verification,D009A,0.246,Suspect,Critical,Priority Survey,D09,original,False
3203,109.23354321,-0.44019144,1.29,0.328,TBM,TBM,Monitor,D009A,0.328,Suspect,Critical,Priority Survey,D09,original,True
3204,109.2323171,-0.44195317,1.27,0.467,Kenthosan,Abnormal,Field_Verification,D009A,0.467,Healthy,Good,None,D09,original,False
3205,109.23134895,-0.44308105,1.27,0.317,Kenthosan,Abnormal,Field_Verification,D009A,0.317,Suspect,Critical,Priority Survey,D09,original,False
3206,109.23361389,-0.44330541,1.26,0.449,TBM,TBM,Monitor,D009A,0.449,Normal,Moderate,Routine,D09,original,True
3207,109.23333722,-0.44518176,1.24,0.344,Kenthosan,Abnormal,Field_Verification,D009A,0.344,Suspect,Critical,Priority Survey,D09,original,False
3208,109.23334969,-0.44564567,1.23,0.52,TBM,TBM,Monitor,D009A,0.52,Healthy,Good,None,D09,original,True
3209,109.23327045,-0.44077329,1.22,0.487,Kenthosan,Abnormal,Field_Verification,D009A,0.487,Healthy,Good,None,D09,original,False
3210,109.23299878,-0.44241407,1.22,0.364,TBM,TBM,Monitor,D009A,0.364,Suspect,Critical,Priority Survey,D09,original,True
3211,109.23357171,-0.44123817,1.22,0.384,TBM,TBM,Monitor,D009A,0.384,Suspect,Critical,Priority Survey,D09,original,True
3212,109.23257217,-0.44023823,1.22,0.285,Kenthosan,Abnormal,Field_Verification,D009A,0.285,Suspect,Critical,Priority Survey,D09,original,False
3213,109.23252732,-0.44376227,1.21,0.409,TBM,TBM,Monitor,D009A,0.409,Abnormal,Sub-Optimal,Monitor,D09,original,True
3214,109.23178482,-0.44599028,1.2,0.458,TBM,TBM,Monitor,D009A,0.458,Normal,Moderate,Routine,D09,original,True
3215,109.23356861,-0.44104149,1.2,0.368,TBM,TBM,Monitor,D009A,0.368,Suspect,Critical,Priority Survey,D09,original,True
3216,109.23361658,-0.44140231,1.19,0.313,TBM,TBM,Monitor,D009A,0.313,Suspect,Critical,Priority Survey,D09,original,True
3217,109.23267367,-0.44023102,1.19,0.238,Kenthosan,Abnormal,Field_Verification,D009A,0.238,Suspect,Critical,Priority Survey,D09,original,False
3218,109.23304243,-0.44207452,1.19,0.391,TBM,TBM,Monitor,D009A,0.391,Abnormal,Sub-Optimal,Monitor,D09,original,True
3219,109.2336135,-0.44113464,1.19,0.408,TBM,TBM,Monitor,D009A,0.408,Abnormal,Sub-Optimal,Monitor,D09,original,True
3220,109.23357089,-0.44089635,1.18,0.409,TBM,TBM,Monitor,D009A,0.409,Abnormal,Sub-Optimal,Monitor,D09,original,True
3221,109.23242021,-0.44656602,1.18,0.364,Kenthosan,Abnormal,Field_Verification,D009A,0.364,Suspect,Critical,Priority Survey,D09,original,False
3222,109.23311879,-0.44201712,1.18,0.342,Kenthosan,Abnormal,Field_Verification,D009A,0.342,Suspect,Critical,Priority Survey,D09,original,False
3223,109.23305295,-0.445037,1.17,0.539,Kenthosan,Abnormal,Field_Verification,D009A,0.539,Healthy,Good,None,D09,original,False
3224,109.23360589,-0.44102341,1.17,0.449,TBM,TBM,Monitor,D009A,0.449,Normal,Moderate,Routine,D09,original,True
3225,109.23330628,-0.44119018,1.17,0.386,TBM,TBM,Monitor,D009A,0.386,Suspect,Critical,Priority Survey,D09,original,True
3226,109.23325852,-0.44373758,1.17,0.33,Kenthosan,Abnormal,Field_Verification,D009A,0.33,Suspect,Critical,Priority Survey,D09,original,False
3227,109.23361436,-0.44130465,1.16,0.345,TBM,TBM,Monitor,D009A,0.345,Suspect,Critical,Priority Survey,D09,original,True
3228,109.23360906,-0.44093298,1.16,0.393,TBM,TBM,Monitor,D009A,0.393,Abnormal,Sub-Optimal,Monitor,D09,original,True
3229,109.231357,-0.44512612,1.15,0.176,Kenthosan,Abnormal,Field_Verification,D009A,0.176,Suspect,Critical,Priority Survey,D09,original,False
3230,109.23298084,-0.4404115,1.15,0.397,Kenthosan,Abnormal,Field_Verification,D009A,0.397,Abnormal,Sub-Optimal,Monitor,D09,original,False
3231,109.2336154,-0.4406834,1.15,0.354,TBM,TBM,Monitor,D009A,0.354,Suspect,Critical,Priority Survey,D09,original,True
3232,109.23359428,-0.44074895,1.15,0.379,TBM,TBM,Monitor,D009A,0.379,Suspect,Critical,Priority Survey,D09,original,True
3233,109.23360809,-0.4412314,1.14,0.264,Kenthosan,Abnormal,Field_Verification,D009A,0.264,Suspect,Critical,Priority Survey,D09,original,False
3234,109.23334021,-0.44015612,1.14,0.354,TBM,TBM,Monitor,D009A,0.354,Suspect,Critical,Priority Survey,D09,original,True
3235,109.23240419,-0.44022372,1.13,0.203,Kenthosan,Abnormal,Field_Verification,D009A,0.203,Suspect,Critical,Priority Survey,D09,original,False
3236,109.23316072,-0.44701925,1.11,0.356,Kenthosan,Abnormal,Field_Verification,D009A,0.356,Suspect,Critical,Priority Survey,D09,original,False
3237,109.23338203,-0.44562849,1.11,0.575,TBM,TBM,Monitor,D009A,0.575,Healthy,Good,None,D09,original,True
3238,109.23153481,-0.4434184,1.1,0.298,Kenthosan,Abnormal,Field_Verification,D009A,0.298,Suspect,Critical,Priority Survey,D09,original,False
3239,109.23156456,-0.44487794,1.09,0.39,Kenthosan,Abnormal,Field_Verification,D009A,0.39,Abnormal,Sub-Optimal,Monitor,D09,original,False
3240,109.23362636,-0.44749367,1.09,0.426,TBM,TBM,Monitor,D009A,0.426,Abnormal,Sub-Optimal,Monitor,D09,original,True
3241,109.23360736,-0.44049394,1.08,0.372,Kenthosan,Abnormal,Field_Verification,D009A,0.372,Suspect,Critical,Priority Survey,D09,original,False
3242,109.2313732,-0.44497511,1.08,0.22,Kenthosan,Abnormal,Field_Verification,D009A,0.22,Suspect,Critical,Priority Survey,D09,original,False
3243,109.23260377,-0.44710231,1.07,0.297,Kenthosan,Abnormal,Field_Verification,D009A,0.297,Suspect,Critical,Priority Survey,D09,original,False
3244,109.23280868,-0.44669769,1.06,0.448,Kenthosan,Abnormal,Field_Verification,D009A,0.448,Normal,Moderate,Routine,D09,original,False
3245,109.2317149,-0.4453767,1.06,0.398,TBM,TBM,Monitor,D009A,0.398,Abnormal,Sub-Optimal,Monitor,D09,original,True
3246,109.23250839,-0.44022601,1.05,0.291,Kenthosan,Abnormal,Field_Verification,D009A,0.291,Suspect,Critical,Priority Survey,D09,original,False
3247,109.23360199,-0.44040758,1.04,0.382,TBM,TBM,Monitor,D009A,0.382,Suspect,Critical,Priority Survey,D09,original,True
3248,109.23361478,-0.44144481,1.04,0.377,TBM,TBM,Monitor,D009A,0.377,Suspect,Critical,Priority Survey,D09,original,True
3249,109.23232325,-0.44631053,1.03,0.384,Kenthosan,Abnormal,Field_Verification,D009A,0.384,Suspect,Critical,Priority Survey,D09,original,False
3250,109.23359054,-0.44326968,1.02,0.449,TBM,TBM,Monitor,D009A,0.449,Normal,Moderate,Routine,D09,original,True
3251,109.23359063,-0.4447889,1.01,0.328,Kenthosan,Abnormal,Field_Verification,D009A,0.328,Suspect,Critical,Priority Survey,D09,original,False
3252,109.23359933,-0.4402968,1.0,0.373,TBM,TBM,Monitor,D009A,0.373,Suspect,Critical,Priority Survey,D09,original,True
3253,109.23360021,-0.44034699,1.0,0.333,Kenthosan,Abnormal,Field_Verification,D009A,0.333,Suspect,Critical,Priority Survey,D09,original,False
3254,109.23359061,-0.4448513,0.98,0.274,Kenthosan,Abnormal,Field_Verification,D009A,0.274,Suspect,Critical,Priority Survey,D09,original,False
3255,109.233206,-0.44925197,0.97,0.269,Kenthosan,Abnormal,Field_Verification,D009A,0.269,Suspect,Critical,Priority Survey,D09,original,False
3256,109.23358875,-0.44514429,0.97,0.417,Kenthosan,Abnormal,Field_Verification,D009A,0.417,Abnormal,Sub-Optimal,Monitor,D09,original,False
3257,109.23360429,-0.44019462,0.97,0.285,Kenthosan,Abnormal,Field_Verification,D009A,0.285,Suspect,Critical,Priority Survey,D09,original,False
3258,109.2328042,-0.44663619,0.96,0.401,Kenthosan,Abnormal,Field_Verification,D009A,0.401,Abnormal,Sub-Optimal,Monitor,D09,original,False
3259,109.23133367,-0.44498685,0.95,0.366,Kenthosan,Abnormal,Field_Verification,D009A,0.366,Suspect,Critical,Priority Survey,D09,original,False
3260,109.23173318,-0.44591114,0.95,0.369,Kenthosan,Abnormal,Field_Verification,D009A,0.369,Suspect,Critical,Priority Survey,D09,original,False
3261,109.23361418,-0.44013991,0.95,0.259,Kenthosan,Abnormal,Field_Verification,D009A,0.259,Suspect,Critical,Priority Survey,D09,original,False
3262,109.23182255,-0.44595547,0.95,0.369,Kenthosan,Abnormal,Field_Verification,D009A,0.369,Suspect,Critical,Priority Survey,D09,original,False
3263,109.23360293,-0.44024888,0.95,0.339,Kenthosan,Abnormal,Field_Verification,D009A,0.339,Suspect,Critical,Priority Survey,D09,original,False
3264,109.23357882,-0.4415375,0.94,0.462,Kenthosan,Abnormal,Field_Verification,D009A,0.462,Healthy,Good,None,D09,original,False
3265,109.23296407,-0.44672892,0.91,0.342,Kenthosan,Abnormal,Field_Verification,D009A,0.342,Suspect,Critical,Priority Survey,D09,original,False
3266,109.23357198,-0.44199055,0.89,0.462,Kenthosan,Abnormal,Field_Verification,D009A,0.462,Healthy,Good,None,D09,original,False
3267,109.23359371,-0.44505341,0.88,0.437,Kenthosan,Abnormal,Field_Verification,D009A,0.437,Normal,Moderate,Routine,D09,original,False
3268,109.23164712,-0.44519808,0.85,0.417,Kenthosan,Abnormal,Field_Verification,D009A,0.417,Abnormal,Sub-Optimal,Monitor,D09,original,False
3269,109.23139453,-0.44217495,0.84,0.579,Kenthosan,Abnormal,Field_Verification,D009A,0.579,Healthy,Good,None,D09,original,False
3270,109.233617,-0.44154112,0.8,0.439,Kenthosan,Abnormal,Field_Verification,D009A,0.439,Normal,Moderate,Routine,D09,original,False
3271,109.23357245,-0.44190916,0.79,0.474,Kenthosan,Abnormal,Field_Verification,D009A,0.474,Healthy,Good,None,D09,original,False
3272,109.23354234,-0.44195844,0.77,0.326,Kenthosan,Abnormal,Field_Verification,D009A,0.326,Suspect,Critical,Priority Survey,D09,original,False
3273,109.23298827,-0.44694958,0.75,0.355,Kenthosan,Abnormal,Field_Verification,D009A,0.355,Suspect,Critical,Priority Survey,D09,original,False
3274,109.2335697,-0.44212303,0.74,0.324,Kenthosan,Abnormal,Field_Verification,D009A,0.324,Suspect,Critical,Priority Survey,D09,original,False
3275,109.23357916,-0.44202672,0.74,0.366,Kenthosan,Abnormal,Field_Verification,D009A,0.366,Suspect,Critical,Priority Survey,D09,original,False
3276,109.23175608,-0.44596812,0.73,0.422,Kenthosan,Abnormal,Field_Verification,D009A,0.422,Abnormal,Sub-Optimal,Monitor,D09,original,False
3277,109.23360764,-0.4450091,0.71,0.347,Kenthosan,Abnormal,Field_Verification,D009A,0.347,Suspect,Critical,Priority Survey,D09,original,False
3278,109.23360261,-0.44160804,0.68,0.302,Kenthosan,Abnormal,Field_Verification,D009A,0.302,Suspect,Critical,Priority Survey,D09,original,False
3279,109.2333331,-0.44925336,0.67,0.372,Kenthosan,Abnormal,Field_Verification,D009A,0.372,Suspect,Critical,Priority Survey,D09,original,False
3280,109.2333063,-0.44677739,0.61,0.345,Kenthosan,Abnormal,Field_Verification,D009A,0.345,Suspect,Critical,Priority Survey,D09,original,False
3281,109.23353918,-0.44203937,0.57,0.358,Kenthosan,Abnormal,Field_Verification,D009A,0.358,Suspect,Critical,Priority Survey,D09,original,False
3282,109.23327245,-0.44558868,0.57,0.458,Kenthosan,Abnormal,Field_Verification,D009A,0.458,Normal,Moderate,Routine,D09,original,False
3283,109.23254314,-0.44710998,0.55,0.404,Kenthosan,Abnormal,Field_Verification,D009A,0.404,Abnormal,Sub-Optimal,Monitor,D09,original,False
3284,109.23306479,-0.44246563,0.51,0.341,Kenthosan,Abnormal,Field_Verification,D009A,0.341,Suspect,Critical,Priority Survey,D09,original,False
3285,109.23181295,-0.44099043,0.5,0.422,Kenthosan,Abnormal,Field_Verification,D009A,0.422,Abnormal,Sub-Optimal,Monitor,D09,original,False
