DIVISI,BLOK_B,Blok,T_TANAM,N_BARIS,N_POKOK,OBJECTID,NDRE125,KlassNDRE12025,NDRE2_26,KLASSNDRE2_26,Ket,Longitude_SR,Latitude_SR,Drone_TreeID,Drone_Lon,Drone_Lat,Drone_Height_m,NDRE_Drone_Rel,NDRE_Drone_Abs,HS_Drone_Rel,HS_Drone_Abs
AME II,E002A,E02,2009,1,2,82186,0.34132906873891355,Stres Berat,0.43592422845519607,Stres Sedang,Pokok Utama,109.24319303136707,-0.43112841955748116,185,109.24321535,-0.43115399,10.93,0.416,0.416,Healthy,Sub-Optimal
AME II,E002A,E02,2009,1,3,82192,0.23117735820157187,Stres Sangat Berat,0.4187110715669162,Stres Sedang,Pokok Utama,109.2432740319135,-0.4311422986259685,192,109.24327598,-0.43115988,10.87,0.377,0.377,Suspect,Critical
AME II,E002A,E02,2009,1,4,82202,0.281273981749542,Stres Sangat Berat,0.4345192062260332,Stres Sedang,Pokok Utama,109.24333442344442,-0.43114006275145583,472,109.24332899,-0.43112689,8.82,0.443,0.443,Healthy,Moderate
AME II,E002A,E02,2009,1,5,82204,0.30832489412277936,Stres Berat,0.42260210284103567,Stres Sedang,Pokok Utama,109.2434085575343,-0.4311267279425137,275,109.24342151,-0.43115449,10.05,0.348,0.348,Suspect,Critical
AME II,E002A,E02,2009,1,6,82215,0.34769020476715273,Stres Berat,0.4663045774793596,Stres Sedang,Pokok Utama,109.24349842926169,-0.43111793186668673,25,109.24352436,-0.43114185,13.95,0.496,0.496,Healthy,Good
AME II,E002A,E02,2009,1,7,82227,0.363081001747753,Stres Berat,0.3841521378080766,Stres Berat,Pokok Utama,109.24359858176503,-0.4311286684081973,312,109.24358275,-0.43115589,9.74,0.334,0.334,Suspect,Critical
AME II,E002A,E02,2009,1,8,82265,0.32335966941792904,Stres Berat,0.4176280143672418,Stres Sedang,Pokok Utama,109.24382708079649,-0.4311194505668874,613,109.24383516,-0.43115233,8.02,0.376,0.376,Suspect,Critical
AME II,E002A,E02,2009,1,14,82370,0.34187172848892367,Stres Berat,0.4515171734241394,Stres Sedang,Pokok Utama,109.2443609296798,-0.43112197636505334,795,109.2443912,-0.4311398,7.18,0.444,0.444,Healthy,Moderate
AME II,E002A,E02,2009,1,16,82394,0.3865651060802508,Stres Berat,0.44828878521096377,Stres Sedang,Pokok Utama,109.24462999105474,-0.43111396701879595,19,109.24465844,-0.43110278,14.27,0.376,0.376,Suspect,Critical
AME II,E002A,E02,2009,1,18,82431,0.41332297292784403,Stres Sedang,0.44957404982503274,Stres Sedang,Pokok Utama,109.24475590028909,-0.4310836776620239,10,109.24475636,-0.43107477,15.92,0.45,0.45,Healthy,Moderate
AME II,E002A,E02,2009,1,20,82432,0.22777475230345082,Stres Sangat Berat,0.384216214134784,Stres Berat,Pokok Utama,109.24487097603057,-0.431133128179784,113,109.24486324,-0.43113267,11.89,0.372,0.372,Suspect,Critical
AME II,E002A,E02,2009,1,21,82451,0.2773778545866186,Stres Sangat Berat,0.46787253962567127,Stres Sedang,Pokok Utama,109.2449532505222,-0.43114650926740783,26,109.24493061,-0.4311467,13.92,0.329,0.329,Suspect,Critical
AME II,E002A,E02,2009,1,22,82459,0.3652816186486571,Stres Berat,0.4620030959572633,Stres Sedang,Pokok Utama,109.2450269596536,-0.43112592362577296,38,109.24501146,-0.43113949,13.59,0.486,0.486,Healthy,Good
AME II,E002A,E02,2009,1,24,82443,0.35978207317479216,Stres Berat,0.4090668306887132,Stres Sedang,Pokok Utama,109.2451904745932,-0.4311297894929977,60,109.2452239,-0.43113728,12.98,0.462,0.462,Healthy,Good
AME II,E002A,E02,2009,2,1,82187,0.39245529478499913,Stres Berat,0.4389487932534305,Stres Sedang,Pokok Utama,109.24312996872645,-0.4310742507354763,186,109.24313991,-0.43107756,10.92,0.457,0.457,Healthy,Moderate
AME II,E002A,E02,2009,2,2,82193,0.3987419957729576,Stres Berat,0.45208932528734996,Stres Sedang,Pokok Utama,109.24323953586537,-0.43105826189106405,881,109.24326703,-0.43104097,6.87,0.549,0.549,Healthy,Good
AME II,E002A,E02,2009,2,6,82241,0.40102644260240244,Stres Sedang,0.35865823684084824,Stres Berat,Pokok Utama,109.24361030899725,-0.4310570168772913,1971,109.24361241,-0.43105371,4.47,0.465,0.465,Healthy,Good
AME II,E002A,E02,2009,2,7,82255,0.3907679012674262,Stres Berat,0.4689326862935799,Stres Sedang,Pokok Utama,109.24371849750726,-0.43105585194016527,824,109.24373098,-0.43108177,7.08,0.442,0.442,Healthy,Moderate
AME II,E002A,E02,2009,2,8,82266,0.40845689548624153,Stres Sedang,0.4528789271433957,Stres Sedang,Pokok Utama,109.2437896198131,-0.431073359486563,535,109.24379925,-0.43107681,8.45,0.521,0.521,Healthy,Good
AME II,E002A,E02,2009,2,9,82290,0.40417177203952404,Stres Sedang,0.4361161959980586,Stres Sedang,Pokok Utama,109.2438623584748,-0.4310657919883505,604,109.24386437,-0.43110124,8.05,0.543,0.543,Healthy,Good
AME II,E002A,E02,2009,2,10,82293,0.43774483678583614,Stres Sedang,0.4772413077211021,Stres Sedang,Pokok Utama,109.2439572949191,-0.43105211022385015,1233,109.24396768,-0.43105062,5.87,0.472,0.472,Healthy,Good
AME II,E002A,E02,2009,2,12,82312,0.3787753594908848,Stres Berat,0.39649463794760675,Stres Berat,Pokok Utama,109.24409136751581,-0.43107330837935093,1988,109.2440822,-0.43107914,4.44,0.392,0.392,Healthy,Sub-Optimal
AME II,E002A,E02,2009,2,15,82371,0.39425403479484683,Stres Berat,0.4211825159650032,Stres Sedang,Pokok Utama,109.2443376444486,-0.43105591612177396,1175,109.24432294,-0.43108326,6.0,0.508,0.508,Healthy,Good
AME II,E002A,E02,2009,2,16,82383,0.3862293989211726,Stres Berat,0.4444260990326023,Stres Sedang,Pokok Utama,109.24440568214571,-0.4310497030748469,870,109.24437505,-0.43103082,6.9,0.451,0.451,Healthy,Moderate
AME II,E002A,E02,2009,2,17,82408,0.3834668390728509,Stres Berat,0.44036572404400515,Stres Sedang,Pokok Utama,109.24448554057771,-0.4310420648756599,119,109.24446578,-0.43102723,11.78,0.418,0.418,Healthy,Sub-Optimal
AME II,E002A,E02,2009,2,18,82413,0.3382725840622517,Stres Berat,0.36842862157429185,Stres Berat,Pokok Utama,109.24467709354144,-0.43104113268928584,102,109.24470202,-0.43105486,12.07,0.43,0.43,Healthy,Moderate
AME II,E002A,E02,2009,2,19,82460,0.38625299713754524,Stres Berat,0.4540352380440252,Stres Sedang,Pokok Utama,109.24499603453101,-0.43105220484886336,54,109.24499216,-0.43106533,13.09,0.332,0.332,Suspect,Critical
AME II,E002A,E02,2009,2,20,82478,0.46809178367074755,Stres Sedang,0.47468202448320174,Stres Sedang,Pokok Utama,109.24503777012312,-0.4309976805009979,434,109.24505865,-0.43097582,9.05,0.471,0.471,Healthy,Good
AME II,E002A,E02,2009,2,22,82444,0.41352339280456757,Stres Sedang,0.40668773888645315,Stres Sedang,Pokok Utama,109.2451334498648,-0.43106086831531965,370,109.24511029,-0.43105541,9.4,0.438,0.438,Healthy,Moderate
AME II,E002A,E02,2009,3,1,82188,0.44082322545974695,Stres Sedang,0.4900570475997833,Stres Sedang,Pokok Utama,109.243181090053,-0.431005405381833,516,109.24318394,-0.43101879,8.55,0.49,0.49,Healthy,Good
AME II,E002A,E02,2009,3,3,82205,0.41237625914450066,Stres Sedang,0.4534379385481078,Stres Sedang,Pokok Utama,109.24342576245246,-0.4310001783675757,1337,109.24343456,-0.43101342,5.64,0.51,0.51,Healthy,Good
AME II,E002A,E02,2009,3,4,82229,0.44494846807481414,Stres Sedang,0.44764493942797723,Stres Sedang,Pokok Utama,109.24351336205956,-0.4310244087092933,1295,109.24351945,-0.43099852,5.74,0.456,0.456,Healthy,Moderate
AME II,E002A,E02,2009,3,5,82242,0.45196240038723334,Stres Sedang,0.4437035548794377,Stres Sedang,Pokok Utama,109.2436058809182,-0.43102383878134537,1758,109.24361602,-0.43100533,4.85,0.477,0.477,Healthy,Good
AME II,E002A,E02,2009,3,8,82291,0.4664826638739405,Stres Sedang,0.47728606621388525,Stres Sedang,Pokok Utama,109.24381013305043,-0.4310174810332836,373,109.24381409,-0.43098593,9.39,0.448,0.448,Healthy,Moderate
AME II,E002A,E02,2009,3,9,82295,0.3397385336707914,Stres Berat,0.3884500639327038,Stres Berat,Pokok Utama,109.24387305216406,-0.4309572129892055,290,109.24388506,-0.43094932,9.91,0.422,0.422,Healthy,Sub-Optimal
AME II,E002A,E02,2009,3,10,82294,0.38440771246527017,Stres Berat,0.4264943655837276,Stres Sedang,Pokok Utama,109.24395923779697,-0.4309897734418676,1502,109.24397848,-0.43097602,5.32,0.442,0.442,Healthy,Moderate
AME II,E002A,E02,2009,3,11,82313,0.4070260140917235,Stres Sedang,0.4444011893007252,Stres Sedang,Pokok Utama,109.24405956097144,-0.43098885806594944,396,109.24408403,-0.43096384,9.27,0.503,0.503,Healthy,Good
AME II,E002A,E02,2009,3,14,82352,0.3854381059301994,Stres Berat,0.4348664026502872,Stres Sedang,Pokok Utama,109.24425249441883,-0.43098845070146063,1884,109.2442556,-0.43095438,4.61,0.429,0.429,Healthy,Sub-Optimal
AME II,E002A,E02,2009,3,15,82384,0.4024226469379885,Stres Sedang,0.4531277463965708,Stres Sedang,Pokok Utama,109.24436643895437,-0.4309722919286967,1216,109.24436114,-0.43097204,5.91,0.48,0.48,Healthy,Good
AME II,E002A,E02,2009,3,17,82396,0.39069389696998097,Stres Berat,0.40131903307752925,Stres Sedang,Pokok Utama,109.24453741508147,-0.4309636331158397,432,109.24456101,-0.430954,9.09,0.491,0.491,Healthy,Good
AME II,E002A,E02,2009,3,18,82414,0.4255022686998936,Stres Sedang,0.429976000987853,Stres Sedang,Pokok Utama,109.24462677821333,-0.43096365385415697,248,109.24464276,-0.43094679,10.23,0.394,0.394,Healthy,Sub-Optimal
AME II,E002A,E02,2009,3,19,82434,0.37161652802061956,Stres Berat,0.4000260383876346,Stres Sedang,Pokok Utama,109.24475377451753,-0.4309915078395438,58,109.24474336,-0.43098524,13.02,0.433,0.433,Healthy,Moderate
AME II,E002A,E02,2009,3,23,82480,0.4440743026445093,Stres Sedang,0.46589104501721096,Stres Sedang,Pokok Utama,109.24514422811014,-0.4309595734261314,51,109.24516601,-0.43094374,13.29,0.421,0.421,Healthy,Sub-Optimal
AME II,E002A,E02,2009,4,1,82129,0.39986643226693414,Stres Berat,0.46152195017807196,Stres Sedang,Pokok Utama,109.24305177966077,-0.43094726756615465,255,109.24302766,-0.43093239,10.19,0.376,0.376,Suspect,Critical
AME II,E002A,E02,2009,4,2,82127,0.3985716344253451,Stres Berat,0.4592929622547977,Stres Sedang,Pokok Utama,109.24308919056965,-0.4309766091226035,114,109.24306673,-0.43097581,11.88,0.483,0.483,Healthy,Good
AME II,E002A,E02,2009,4,4,82195,0.470550008928926,Stres Sedang,0.5169548978194869,Stres Ringan,Pokok Utama,109.24322223000367,-0.4309668039213991,464,109.2432419,-0.43094872,8.84,0.461,0.461,Healthy,Good
AME II,E002A,E02,2009,4,5,82194,0.4543602171318,Stres Sedang,0.5035734112722543,Stres Ringan,Pokok Utama,109.24325309240282,-0.43097302093647405,464,109.2432419,-0.43094872,8.84,0.461,0.461,Healthy,Good
AME II,E002A,E02,2009,4,6,82207,0.41949255978630406,Stres Sedang,0.4486982239414748,Stres Sedang,Pokok Utama,109.24330579091801,-0.4309520045174752,912,109.24331062,-0.43095009,6.76,0.414,0.414,Healthy,Sub-Optimal
AME II,E002A,E02,2009,4,8,82230,0.4268300067010314,Stres Sedang,0.4628592820068619,Stres Sedang,Pokok Utama,109.24346846346377,-0.43093084633738643,921,109.24350195,-0.43092527,6.74,0.469,0.469,Healthy,Good
AME II,E002A,E02,2009,4,9,82243,0.43194843893078366,Stres Sedang,0.4417770585563583,Stres Sedang,Pokok Utama,109.24354447768081,-0.4309408791424374,2067,109.24354821,-0.4309705,4.34,0.489,0.489,Healthy,Good
AME II,E002A,E02,2009,4,10,82257,0.40399607038530316,Stres Sedang,0.4119922444649849,Stres Sedang,Pokok Utama,109.24363474680447,-0.43090700501712226,1439,109.24362592,-0.43091625,5.44,0.401,0.401,Healthy,Sub-Optimal
AME II,E002A,E02,2009,4,11,82296,0.4111495588122664,Stres Sedang,0.46159411279708995,Stres Sedang,Pokok Utama,109.2438725871489,-0.4309088824018112,236,109.24385183,-0.43092625,10.37,0.383,0.383,Healthy,Critical
AME II,E002A,E02,2009,4,13,82373,0.41588594479345403,Stres Sedang,0.47114763738943033,Stres Sedang,Pokok Utama,109.24425073798552,-0.43089956994069367,1308,109.24423719,-0.43091549,5.72,0.537,0.537,Healthy,Good
AME II,E002A,E02,2009,4,14,82372,0.44847957740362726,Stres Sedang,0.4756584542626484,Stres Sedang,Pokok Utama,109.24430739413364,-0.43094607965271475,1037,109.24432881,-0.43094807,6.36,0.577,0.577,Healthy,Good
AME II,E002A,E02,2009,4,15,82385,0.43973634288075636,Stres Sedang,0.45292974886699366,Stres Sedang,Pokok Utama,109.24434676662007,-0.4309256777601605,1037,109.24432881,-0.43094807,6.36,0.577,0.577,Healthy,Good
AME II,E002A,E02,2009,4,16,82397,0.4154719013582777,Stres Sedang,0.3992045109136766,Stres Berat,Pokok Utama,109.24454101846499,-0.4308991137109351,427,109.2445507,-0.43088346,9.12,0.554,0.554,Healthy,Good
AME II,E002A,E02,2009,4,17,82415,0.4690768834284466,Stres Sedang,0.4408643463865419,Stres Sedang,Pokok Utama,109.24462848610402,-0.43087616469807416,301,109.24462615,-0.43090066,9.81,0.425,0.425,Healthy,Sub-Optimal
AME II,E002A,E02,2009,4,18,82419,0.43184851314650036,Stres Sedang,0.43333064735454374,Stres Sedang,Pokok Utama,109.244675412847,-0.4308764532067958,393,109.2446594,-0.43086133,9.27,0.485,0.485,Healthy,Good
AME II,E002A,E02,2009,4,19,82435,0.36807334166945144,Stres Berat,0.3714945471011042,Stres Berat,Pokok Utama,109.24477679050443,-0.43088002792662977,806,109.24477752,-0.4308496,7.14,0.512,0.512,Healthy,Good
AME II,E002A,E02,2009,4,20,82453,0.4221089078460847,Stres Sedang,0.4343210020538707,Stres Sedang,Pokok Utama,109.24486839411502,-0.430883235039412,161,109.24488981,-0.43085732,11.13,0.494,0.494,Healthy,Good
AME II,E002A,E02,2009,4,21,82449,0.41911945729830946,Stres Sedang,0.41903568075096403,Stres Sedang,Pokok Utama,109.24487880628685,-0.4309213420954731,156,109.24484982,-0.43091383,11.2,0.356,0.356,Suspect,Critical
AME II,E002A,E02,2009,4,23,82446,0.4499768512969371,Stres Sedang,0.4686906037117856,Stres Sedang,Pokok Utama,109.24507223213047,-0.43090106003061635,339,109.24505194,-0.43087363,9.6,0.499,0.499,Healthy,Good
AME II,E002A,E02,2009,5,4,82208,0.44115783389733765,Stres Sedang,0.47496519364656076,Stres Sedang,Pokok Utama,109.24327353699181,-0.4308638871867713,110,109.24329627,-0.43084881,11.97,0.493,0.493,Healthy,Good
AME II,E002A,E02,2009,5,5,82231,0.4023108015287768,Stres Sedang,0.43362676340620965,Stres Sedang,Pokok Utama,109.24340602942542,-0.43083822851251524,402,109.24340137,-0.43084295,9.24,0.504,0.504,Healthy,Good
AME II,E002A,E02,2009,5,6,82244,0.42395165866569623,Stres Sedang,0.4468275148086731,Stres Sedang,Pokok Utama,109.2435183402039,-0.43084839182116297,1202,109.24351274,-0.43088277,5.95,0.484,0.484,Healthy,Good
AME II,E002A,E02,2009,5,13,82339,0.3927295214544183,Stres Berat,0.4025013430703334,Stres Sedang,Pokok Utama,109.24408756022069,-0.43083584289831295,976,109.24406699,-0.43083542,6.54,0.481,0.481,Healthy,Good
AME II,E002A,E02,2009,5,14,82354,0.4356403503280731,Stres Sedang,0.4396166332695339,Stres Sedang,Pokok Utama,109.24415221121028,-0.4308148030088772,1900,109.2441712,-0.43079792,4.57,0.484,0.484,Healthy,Good
AME II,E002A,E02,2009,5,15,82374,0.38941091727587135,Stres Berat,0.44728470694893663,Stres Sedang,Pokok Utama,109.24424822701354,-0.4308263099399751,2061,109.24424799,-0.43084541,4.34,0.47,0.47,Healthy,Good
AME II,E002A,E02,2009,5,17,82411,0.38873299982201615,Stres Berat,0.4329446261522473,Stres Sedang,Pokok Utama,109.2444003355567,-0.43082634523342983,53,109.24441597,-0.43083324,13.11,0.456,0.456,Healthy,Moderate
AME II,E002A,E02,2009,5,18,82398,0.41140630225772445,Stres Sedang,0.4042270234844706,Stres Sedang,Pokok Utama,109.24448626110076,-0.43084153576312406,279,109.24447661,-0.43081472,10.02,0.424,0.424,Healthy,Sub-Optimal
AME II,E002A,E02,2009,5,22,82399,0.35015274683094544,Stres Berat,0.3931389721753719,Stres Berat,Pokok Utama,109.24479907526886,-0.4308275048159368,806,109.24477752,-0.4308496,7.14,0.512,0.512,Healthy,Good
AME II,E002A,E02,2009,6,1,82191,0.46800425194805656,Stres Sedang,0.45725838899898474,Stres Sedang,Pokok Utama,109.24308511527522,-0.43076413230432276,1234,109.24308024,-0.43079857,5.87,0.471,0.471,Healthy,Good
AME II,E002A,E02,2009,6,5,82259,0.45782434921711684,Stres Sedang,0.47943566745820165,Stres Sedang,Pokok Utama,109.24354971584184,-0.4307551672795336,55,109.24354466,-0.43074668,13.08,0.467,0.467,Healthy,Good
AME II,E002A,E02,2009,6,6,82275,0.4025088643725709,Stres Sedang,0.42484002547384525,Stres Sedang,Pokok Utama,109.24364836133032,-0.43077640331341177,2578,109.2436749,-0.43079599,3.58,0.364,0.364,Abnormal,Critical
AME II,E002A,E02,2009,6,7,82270,0.4121084170809386,Stres Sedang,0.4397734638877587,Stres Sedang,Pokok Utama,109.24372044695458,-0.4307805255792232,1282,109.2437526,-0.43078742,5.76,0.442,0.442,Healthy,Moderate
AME II,E002A,E02,2009,6,8,82298,0.42805627440868804,Stres Sedang,0.47326197396485314,Stres Sedang,Pokok Utama,109.24376261521165,-0.43076250808431915,1282,109.2437526,-0.43078742,5.76,0.442,0.442,Healthy,Moderate
AME II,E002A,E02,2009,6,9,82317,0.3590851883919103,Stres Berat,0.4112170990271123,Stres Sedang,Pokok Utama,109.24386996131005,-0.43076061858548115,2362,109.24388196,-0.43076123,3.93,0.363,0.363,Abnormal,Critical
AME II,E002A,E02,2009,6,10,82328,0.4012003054251214,Stres Sedang,0.4433076918518701,Stres Sedang,Pokok Utama,109.24396018487853,-0.43076881984784904,1860,109.24394574,-0.43075129,4.65,0.433,0.433,Healthy,Moderate
AME II,E002A,E02,2009,6,11,82217,0.29856522520156503,Stres Sangat Berat,0.340217868292898,Stres Berat,Pokok Utama,109.24406312316853,-0.43076293501639407,411,109.24406971,-0.43072917,9.19,0.414,0.414,Healthy,Sub-Optimal
AME II,E002A,E02,2009,6,12,82375,0.4250691311151324,Stres Sedang,0.45531608440324156,Stres Sedang,Pokok Utama,109.24420599850976,-0.4307621588147803,1261,109.2442242,-0.43077171,5.8,0.458,0.458,Healthy,Moderate
AME II,E002A,E02,2009,6,13,82387,0.42786122515898983,Stres Sedang,0.4652305031105733,Stres Sedang,Pokok Utama,109.24429387473263,-0.4307593261254113,1390,109.24426283,-0.43075905,5.53,0.416,0.416,Healthy,Sub-Optimal
AME II,E002A,E02,2009,6,14,82417,0.42524838364876655,Stres Sedang,0.41698428540436244,Stres Sedang,Pokok Utama,109.24449115197393,-0.43077193447330114,319,109.24450985,-0.43076861,9.72,0.363,0.363,Suspect,Critical
AME II,E002A,E02,2009,6,16,82454,0.421305582555442,Stres Sedang,0.46093506474622226,Stres Sedang,Pokok Utama,109.24476529201509,-0.43075297332456847,194,109.24477979,-0.43075782,10.85,0.437,0.437,Healthy,Moderate
AME II,E002A,E02,2009,6,17,82464,0.3667550938070776,Stres Berat,0.42454906504911216,Stres Sedang,Pokok Utama,109.244850036713,-0.4307665521068618,72,109.24486917,-0.43076733,12.67,0.406,0.406,Healthy,Sub-Optimal
AME II,E002A,E02,2009,6,18,82483,0.42775800093485955,Stres Sedang,0.4611869684527986,Stres Sedang,Pokok Utama,109.24507200726403,-0.4307610538726877,229,109.24506454,-0.43078411,10.48,0.483,0.483,Healthy,Good
AME II,E002A,E02,2009,7,1,82201,0.41116596619948415,Stres Sedang,0.401579524500592,Stres Sedang,Pokok Utama,109.24303487853989,-0.4307006241230853,228,109.24304703,-0.43067874,10.49,0.417,0.417,Healthy,Sub-Optimal
AME II,E002A,E02,2009,7,2,82198,0.44119413552216696,Stres Sedang,0.44138759594318,Stres Sedang,Pokok Utama,109.24311161302974,-0.43071512072621987,729,109.24312832,-0.43073031,7.51,0.389,0.389,Healthy,Critical
AME II,E002A,E02,2009,7,3,82210,0.45025718503592943,Stres Sedang,0.45824243747091925,Stres Sedang,Pokok Utama,109.24316931425155,-0.4307127413349949,376,109.24317189,-0.43071811,9.38,0.483,0.483,Healthy,Good
AME II,E002A,E02,2009,7,4,82220,0.36808665023269055,Stres Berat,0.3908393810127192,Stres Berat,Pokok Utama,109.24325830344064,-0.4307214432975547,1633,109.24326081,-0.43073667,5.09,0.463,0.463,Healthy,Good
AME II,E002A,E02,2009,7,5,82233,0.4207600208165729,Stres Sedang,0.4305573204020206,Stres Sedang,Pokok Utama,109.24334019844996,-0.4307088291951966,1244,109.24333762,-0.43071408,5.85,0.433,0.433,Healthy,Moderate
AME II,E002A,E02,2009,7,7,82271,0.3947613719900395,Stres Berat,0.407291094787345,Stres Sedang,Pokok Utama,109.24365280719469,-0.4307083989511882,341,109.24367402,-0.43071189,9.58,0.425,0.425,Healthy,Sub-Optimal
AME II,E002A,E02,2009,7,8,82299,0.4121520134478371,Stres Sedang,0.42212263100287495,Stres Sedang,Pokok Utama,109.24375206210081,-0.43067696489718094,902,109.24375128,-0.4306667,6.8,0.418,0.418,Healthy,Sub-Optimal
AME II,E002A,E02,2009,7,14,82388,0.4348647872563745,Stres Sedang,0.4558505404031259,Stres Sedang,Pokok Utama,109.24432766469127,-0.4306946337743387,639,109.24431944,-0.43067271,7.89,0.427,0.427,Healthy,Sub-Optimal
AME II,E002A,E02,2009,7,15,82400,0.40910435717120763,Stres Sedang,0.41433657040273336,Stres Sedang,Pokok Utama,109.24437519740891,-0.43070038712599457,1273,109.24437199,-0.43069442,5.78,0.416,0.416,Healthy,Sub-Optimal
AME II,E002A,E02,2009,7,17,82422,0.434807504013516,Stres Sedang,0.4297712563698483,Stres Sedang,Pokok Utama,109.24454809073559,-0.43066299901238675,485,109.24456423,-0.4306601,8.72,0.475,0.475,Healthy,Good
AME II,E002A,E02,2009,7,18,82437,0.4590925086429419,Stres Sedang,0.4612134807538314,Stres Sedang,Pokok Utama,109.24465688465341,-0.43068573130263027,1008,109.24466932,-0.43068952,6.42,0.479,0.479,Healthy,Good
AME II,E002A,E02,2009,7,20,82465,0.4237164758684064,Stres Sedang,0.4558243891766837,Stres Sedang,Pokok Utama,109.24479025204205,-0.43068386409732506,203,109.24477892,-0.43065201,10.77,0.452,0.452,Healthy,Moderate
AME II,E002A,E02,2009,7,21,82450,0.3895772532490392,Stres Berat,0.43359260335385513,Stres Sedang,Pokok Utama,109.2448796165278,-0.43068193242804254,79,109.2448885,-0.43067374,12.54,0.43,0.43,Healthy,Moderate
AME II,E002A,E02,2009,8,2,82221,0.4377676734094781,Stres Sedang,0.43686950720466294,Stres Sedang,Pokok Utama,109.24321594442267,-0.43062718612476675,1654,109.24323748,-0.43062814,5.04,0.392,0.392,Healthy,Sub-Optimal
AME II,E002A,E02,2009,8,5,82261,0.4345283829672941,Stres Sedang,0.43098671387981724,Stres Sedang,Pokok Utama,109.24347291661047,-0.430638879612204,176,109.24349438,-0.43064041,11.02,0.476,0.476,Healthy,Good
AME II,E002A,E02,2009,8,6,82277,0.43028788224393527,Stres Sedang,0.42617174235283256,Stres Sedang,Pokok Utama,109.2435402081273,-0.4306273355216759,157,109.24353571,-0.43063726,11.16,0.503,0.503,Healthy,Good
AME II,E002A,E02,2009,8,7,82272,0.43770473287257605,Stres Sedang,0.43919181286985015,Stres Sedang,Pokok Utama,109.2436044773436,-0.43061800084498103,74,109.24362329,-0.43060789,12.66,0.488,0.488,Healthy,Good
AME II,E002A,E02,2009,8,9,82329,0.40104402254794286,Stres Sedang,0.4388656807267505,Stres Sedang,Pokok Utama,109.24387466054986,-0.4306099284149095,287,109.24387211,-0.43061654,9.95,0.47,0.47,Healthy,Good
AME II,E002A,E02,2009,8,11,82356,0.4316135136629699,Stres Sedang,0.44692746041057346,Stres Sedang,Pokok Utama,109.24409521674535,-0.43061380748983913,1327,109.24406345,-0.43059759,5.67,0.5,0.5,Healthy,Good
AME II,E002A,E02,2009,8,15,82401,0.42526626905356496,Stres Sedang,0.4519655210656805,Stres Sedang,Pokok Utama,109.24440608516781,-0.4306272786504587,502,109.24441063,-0.43059857,8.62,0.467,0.467,Healthy,Good
AME II,E002A,E02,2009,8,16,82423,0.4395006256374623,Stres Sedang,0.4326282281472166,Stres Sedang,Pokok Utama,109.24451246385793,-0.43059791074603754,164,109.24454268,-0.43059454,11.11,0.467,0.467,Healthy,Good
AME II,E002A,E02,2009,8,17,82438,0.47243307771690496,Stres Sedang,0.44141901881845147,Stres Sedang,Pokok Utama,109.24460367524101,-0.4305918016224403,812,109.24458849,-0.43061941,7.12,0.368,0.368,Suspect,Critical
AME II,E002A,E02,2009,8,18,82456,0.42533599971688596,Stres Sedang,0.4702394333882974,Stres Sedang,Pokok Utama,109.24471030926864,-0.4305928952331136,713,109.24473626,-0.43059548,7.58,0.574,0.574,Healthy,Good
AME II,E002A,E02,2009,9,1,82200,0.45470594272332804,Stres Sedang,0.44807071718328645,Stres Sedang,Pokok Utama,109.24304120028063,-0.4305686435157355,121,109.24301472,-0.43057157,11.76,0.363,0.363,Suspect,Critical
AME II,E002A,E02,2009,9,2,82212,0.47185629686421676,Stres Sedang,0.4581523373351285,Stres Sedang,Pokok Utama,109.24312355524428,-0.43055188961924756,1466,109.24311308,-0.43056255,5.39,0.579,0.579,Healthy,Good
AME II,E002A,E02,2009,9,3,82222,0.4441776075683858,Stres Sedang,0.44813455650658357,Stres Sedang,Pokok Utama,109.243164187767,-0.4305716607756939,1348,109.24314991,-0.4305698,5.62,0.592,0.592,Healthy,Good
AME II,E002A,E02,2009,9,4,82235,0.40304263143774344,Stres Sedang,0.43241189990867945,Stres Sedang,Pokok Utama,109.2432775025697,-0.4305632092299993,906,109.24327387,-0.43056983,6.79,0.426,0.426,Healthy,Sub-Optimal
AME II,E002A,E02,2009,9,5,82248,0.4202543474285537,Stres Sedang,0.4264365949568485,Stres Sedang,Pokok Utama,109.24334569444042,-0.4305974800438171,1688,109.24334842,-0.43061822,4.99,0.529,0.529,Healthy,Good
AME II,E002A,E02,2009,9,9,82366,0.42787198119181674,Stres Sedang,0.4423437173335025,Stres Sedang,Pokok Utama,109.24399635812745,-0.430562103633608,730,109.24398486,-0.43057044,7.51,0.518,0.518,Healthy,Good
AME II,E002A,E02,2009,9,14,82424,0.39857795419900316,Stres Berat,0.4015102605948384,Stres Sedang,Pokok Utama,109.24446565296975,-0.4305545593425854,478,109.24445017,-0.43056332,8.77,0.483,0.483,Healthy,Good
AME II,E002A,E02,2009,9,18,82486,0.4116000178325957,Stres Sedang,0.4711220641106788,Stres Sedang,Pokok Utama,109.24497091187678,-0.430548380714658,159,109.24497252,-0.43051551,11.14,0.48,0.48,Healthy,Good
AME II,E002A,E02,2009,9,19,82497,0.39797414658180047,Stres Berat,0.450649792458767,Stres Sedang,Pokok Utama,109.24502969407753,-0.4305486276500674,112,109.24501295,-0.43051733,11.93,0.479,0.479,Healthy,Good
AME II,E002A,E02,2009,10,1,82213,0.44663807421403817,Stres Sedang,0.4384038017309156,Stres Sedang,Pokok Utama,109.24306762820528,-0.43051465282919105,454,109.2430327,-0.43052184,8.9,0.441,0.441,Healthy,Moderate
AME II,E002A,E02,2009,10,5,82321,0.46071414774102626,Stres Sedang,0.4611145253122818,Stres Sedang,Pokok Utama,109.24372229360588,-0.4304753363946281,1517,109.24372169,-0.43045689,5.29,0.458,0.458,Healthy,Moderate
AME II,E002A,E02,2009,10,6,82331,0.43821098872121833,Stres Sedang,0.4541067481309848,Stres Sedang,Pokok Utama,109.24377402603618,-0.43047588102667095,1631,109.24377873,-0.43044063,5.09,0.457,0.457,Healthy,Moderate
AME II,E002A,E02,2009,10,8,82343,0.41343375021353945,Stres Sedang,0.43196086334710077,Stres Sedang,Pokok Utama,109.24391706657576,-0.43051853400454276,1004,109.24392513,-0.43053561,6.44,0.564,0.564,Healthy,Good
AME II,E002A,E02,2009,10,9,82367,0.4116045396561844,Stres Sedang,0.4341429722244733,Stres Sedang,Pokok Utama,109.243977842782,-0.4304722468733453,1328,109.24398937,-0.43048273,5.67,0.528,0.528,Healthy,Good
AME II,E002A,E02,2009,10,10,82358,0.44558200599218806,Stres Sedang,0.44072626378797153,Stres Sedang,Pokok Utama,109.24403919952199,-0.4304994742964913,1954,109.24406932,-0.43048591,4.5,0.48,0.48,Healthy,Good
AME II,E002A,E02,2009,10,11,82379,0.44758696658589925,Stres Sedang,0.4537885073709874,Stres Sedang,Pokok Utama,109.24410056413704,-0.4304569564328738,2370,109.24410301,-0.43044929,3.92,0.548,0.548,Abnormal,Good
AME II,E002A,E02,2009,10,13,82404,0.4380408720016609,Stres Sedang,0.4929447310554373,Stres Sedang,Pokok Utama,109.24426839148113,-0.430461346850726,2165,109.24427188,-0.43046787,4.21,0.479,0.479,Healthy,Good
AME II,E002A,E02,2009,10,15,82425,0.3934059772235566,Stres Berat,0.3022662152413958,Stres Berat,Mati Jan26,109.24444945520082,-0.4304763233966108,809,109.24446232,-0.43046611,7.13,0.398,0.398,Healthy,Sub-Optimal
AME II,E002A,E02,2009,10,17,82458,0.43981592126136043,Stres Sedang,0.4313686006352538,Stres Sedang,Pokok Utama,109.24459625675452,-0.4304684511020444,418,109.24459167,-0.43045167,9.17,0.466,0.466,Healthy,Good
AME II,E002A,E02,2009,10,19,82489,0.43589770211319095,Stres Sedang,0.4726177941506299,Stres Sedang,Pokok Utama,109.24475324472185,-0.4304607602164223,1002,109.24475156,-0.43047386,6.45,0.572,0.572,Healthy,Good
AME II,E002A,E02,2009,10,21,82521,0.3733177611760777,Stres Berat,0.42987189214461696,Stres Sedang,Pokok Utama,109.24492197490318,-0.4304847434730756,307,109.24491414,-0.43051821,9.77,0.405,0.405,Healthy,Sub-Optimal
AME II,E002A,E02,2009,10,22,82498,0.440652316197267,Stres Sedang,0.4910506219576528,Stres Sedang,Pokok Utama,109.24498933340047,-0.43048297218012094,289,109.24495816,-0.43046984,9.93,0.458,0.458,Healthy,Moderate
AME II,E002A,E02,2009,11,2,82224,0.4550522485548617,Stres Sedang,0.4568767830496654,Stres Sedang,Pokok Utama,109.24311843852499,-0.4304465868995931,1028,109.24312344,-0.4304459,6.38,0.457,0.457,Healthy,Moderate
AME II,E002A,E02,2009,11,3,82237,0.4471612715294228,Stres Sedang,0.44718927545414194,Stres Sedang,Pokok Utama,109.24319657357782,-0.43041333482173905,1257,109.24321508,-0.43039121,5.82,0.475,0.475,Healthy,Good
AME II,E002A,E02,2009,11,9,82283,0.480585314353696,Stres Sedang,0.4747733746443036,Stres Sedang,Pokok Utama,109.24353544148295,-0.4304524756860168,1143,109.24352452,-0.43045911,6.07,0.469,0.469,Healthy,Good
AME II,E002A,E02,2009,11,11,82322,0.4271914176409874,Stres Sedang,0.44374066669078005,Stres Sedang,Pokok Utama,109.2436588041703,-0.4304058106111453,532,109.24366286,-0.43040624,8.46,0.405,0.405,Healthy,Sub-Optimal
AME II,E002A,E02,2009,11,14,82368,0.4272705853228006,Stres Sedang,0.44333706196902894,Stres Sedang,Pokok Utama,109.24392038023163,-0.4304089612671839,864,109.24392651,-0.43039002,6.94,0.488,0.488,Healthy,Good
AME II,E002A,E02,2009,11,17,82427,0.38784676713260247,Stres Berat,0.43907181634384435,Stres Sedang,Pokok Utama,109.24430687879008,-0.4303993540251267,1424,109.24433028,-0.43041589,5.47,0.395,0.395,Healthy,Sub-Optimal
AME II,E002A,E02,2009,11,19,82441,0.4176626253063264,Stres Sedang,0.4299549927851101,Stres Sedang,Pokok Utama,109.24447706710183,-0.43040643709212295,2180,109.24449736,-0.43039603,4.19,0.456,0.456,Healthy,Moderate
AME II,E002A,E02,2009,11,20,82469,0.47479395317719825,Stres Sedang,0.4940891139193604,Stres Sedang,Pokok Utama,109.2446696573767,-0.43038272205858863,431,109.24469813,-0.43037709,9.09,0.479,0.479,Healthy,Good
AME II,E002A,E02,2009,11,24,82499,0.4045258070045336,Stres Sedang,0.4435328062177242,Stres Sedang,Pokok Utama,109.24495089231978,-0.43041346572844585,141,109.24493752,-0.43040201,11.32,0.456,0.456,Healthy,Moderate
AME II,E002A,E02,2009,11,26,82506,0.4013599847902719,Stres Sedang,0.42023934630398857,Stres Sedang,Pokok Utama,109.24509304149224,-0.4304184714323967,357,109.24510639,-0.43040024,9.48,0.423,0.423,Healthy,Sub-Optimal
AME II,E002A,E02,2009,11,27,82507,0.43430311355799606,Stres Sedang,0.42802545567681227,Stres Sedang,Pokok Utama,109.24523483381769,-0.43040882100055844,221,109.2452573,-0.43040932,10.59,0.428,0.428,Healthy,Sub-Optimal
AME II,E002A,E02,2009,12,3,82251,0.46147476197877657,Stres Sedang,0.4629447690351466,Stres Sedang,Pokok Utama,109.24320809615912,-0.43036443641718625,1257,109.24321508,-0.43039121,5.82,0.475,0.475,Healthy,Good
AME II,E002A,E02,2009,12,5,82281,0.4395739510614933,Stres Sedang,0.451187734325536,Stres Sedang,Pokok Utama,109.24338481541018,-0.43033756173048576,660,109.24337678,-0.43033428,7.81,0.37,0.37,Suspect,Critical
AME II,E002A,E02,2009,12,6,82285,0.4263159345187571,Stres Sedang,0.4510523467494133,Stres Sedang,Pokok Utama,109.24346905619456,-0.43035076600093636,995,109.24347827,-0.43038494,6.47,0.386,0.386,Healthy,Critical
AME II,E002A,E02,2009,12,7,82304,0.4537245776990186,Stres Sedang,0.4562015857879877,Stres Sedang,Pokok Utama,109.24355495207975,-0.43034619205942537,2973,109.24356452,-0.43032799,2.69,0.425,0.425,Abnormal,Sub-Optimal
AME II,E002A,E02,2009,12,9,82346,0.3461714855817987,Stres Berat,0.38051553853381476,Stres Berat,Pokok Utama,109.24379165551325,-0.43033483644432563,513,109.24380661,-0.43031132,8.56,0.498,0.498,Healthy,Good
AME II,E002A,E02,2009,12,10,82360,0.4057422104317446,Stres Sedang,0.4487702473617367,Stres Sedang,Pokok Utama,109.24395416073021,-0.4303659152265727,987,109.24396379,-0.4303742,6.5,0.487,0.487,Healthy,Good
AME II,E002A,E02,2009,12,11,82381,0.45503624721599484,Stres Sedang,0.46344670975433744,Stres Sedang,Pokok Utama,109.24403165236438,-0.43034960961422475,3278,109.24405588,-0.43032494,0.76,0.538,0.538,Abnormal,Good
AME II,E002A,E02,2009,12,14,82406,0.4286849562500961,Stres Sedang,0.45934122576527686,Stres Sedang,Pokok Utama,109.24427108295306,-0.4303385539381944,3189,109.24426383,-0.43031459,1.48,0.448,0.448,Healthy,Moderate
AME II,E002A,E02,2009,12,15,82428,0.4266472912630956,Stres Sedang,0.3443894277833968,Stres Berat,Mati Jan26,109.24434129461723,-0.43033560409606303,1727,109.24435635,-0.43035214,4.91,0.378,0.378,Suspect,Critical
AME II,E002A,E02,2009,12,17,82472,0.451319437974364,Stres Sedang,0.44801131551528556,Stres Sedang,Pokok Utama,109.24450637402133,-0.43032487209966025,1019,109.2445396,-0.43031691,6.4,0.471,0.471,Healthy,Good
AME II,E002A,E02,2009,12,19,82527,0.4367151216005072,Stres Sedang,0.4731265801386608,Stres Sedang,Pokok Utama,109.24477359361585,-0.43031033946389713,886,109.24478753,-0.4302808,6.86,0.516,0.516,Healthy,Good
AME II,E002A,E02,2009,12,21,82532,0.41906128493519595,Stres Sedang,0.45135659644470716,Stres Sedang,Pokok Utama,109.24491962497764,-0.4303316850199382,132,109.24494113,-0.43032379,11.55,0.428,0.428,Healthy,Sub-Optimal
AME II,E002A,E02,2009,12,22,82536,0.448415461552487,Stres Sedang,0.4691294593480653,Stres Sedang,Pokok Utama,109.24500139338159,-0.43032305429938933,66,109.24500895,-0.43033692,12.8,0.447,0.447,Healthy,Moderate
AME II,E002A,E02,2009,13,2,82239,0.4416615900964848,Stres Sedang,0.4268148748331568,Stres Sedang,Pokok Utama,109.24310958942094,-0.4302826103448345,437,109.24310731,-0.43025916,9.05,0.539,0.539,Healthy,Good
AME II,E002A,E02,2009,13,3,82252,0.43270246541535745,Stres Sedang,0.46057101837297876,Stres Sedang,Pokok Utama,109.24319325004771,-0.43027949452719494,1554,109.24319579,-0.43028631,5.22,0.51,0.51,Healthy,Good
AME II,E002A,E02,2009,13,5,82286,0.447706927374909,Stres Sedang,0.4896920888640794,Stres Sedang,Pokok Utama,109.24341541685673,-0.4302790233535706,731,109.24341631,-0.43030173,7.5,0.511,0.511,Healthy,Good
AME II,E002A,E02,2009,13,7,82324,0.4415589648747859,Stres Sedang,0.44419061956983624,Stres Sedang,Pokok Utama,109.24358296764188,-0.43027871946812196,2881,109.24356274,-0.43025022,2.91,0.482,0.482,Abnormal,Good
AME II,E002A,E02,2009,13,8,82362,0.4148187091534054,Stres Sedang,0.43793794180121537,Stres Sedang,Pokok Utama,109.24381784032839,-0.4302715693326332,266,109.24380213,-0.43023988,10.12,0.532,0.532,Healthy,Good
AME II,E002A,E02,2009,13,9,82679,0.3930353409481682,Stres Berat,0.453298453664966,Stres Sedang,Pokok Utama,109.24389826402171,-0.43026269686584545,865,109.24390274,-0.43022769,6.93,0.462,0.462,Healthy,Good
AME II,E002A,E02,2009,13,11,82729,0.46223441425276285,Stres Sedang,0.4579820877023819,Stres Sedang,Pokok Utama,109.24408485613775,-0.43025606002422456,3065,109.24408913,-0.430263,2.41,0.485,0.485,Healthy,Good
AME II,E002A,E02,2009,13,13,82475,0.39204415858002517,Stres Berat,0.4320394173622705,Stres Sedang,Pokok Utama,109.24430864622965,-0.4302674030160831,3201,109.24428854,-0.4302739,1.42,0.505,0.505,Healthy,Good
AME II,E002A,E02,2009,13,15,82473,0.3660805604121981,Stres Berat,0.3970754406943756,Stres Berat,Pokok Utama,109.24446265595482,-0.43026552429277937,1608,109.24443631,-0.43026625,5.13,0.397,0.397,Healthy,Sub-Optimal
AME II,E002A,E02,2009,13,17,82492,0.4291961453347505,Stres Sedang,0.4435197695588263,Stres Sedang,Pokok Utama,109.2446495412112,-0.4302617396765983,315,109.24467031,-0.43027942,9.73,0.46,0.46,Healthy,Good
AME II,E002A,E02,2009,13,18,82524,0.4490798942493952,Stres Sedang,0.49111856399500664,Stres Sedang,Pokok Utama,109.24479316058287,-0.43026784806041524,886,109.24478753,-0.4302808,6.86,0.516,0.516,Healthy,Good
AME II,E002A,E02,2009,13,19,82533,0.41241929286286827,Stres Sedang,0.46262173602606044,Stres Sedang,Pokok Utama,109.24487340941417,-0.4302578352110985,560,109.24484323,-0.43026453,8.34,0.489,0.489,Healthy,Good
AME II,E002A,E02,2009,13,20,82537,0.4274182522400594,Stres Sedang,0.4684298730140049,Stres Sedang,Pokok Utama,109.24496728826287,-0.4302614461386431,98,109.24497707,-0.43027542,12.13,0.455,0.455,Healthy,Moderate
AME II,E002A,E02,2009,13,21,82509,0.39939527402472835,Stres Berat,0.3951764348084026,Stres Berat,Pokok Utama,109.24510060257356,-0.4302678514550735,184,109.24512933,-0.43027364,10.97,0.463,0.463,Healthy,Good
AME II,E002A,E02,2009,14,2,82253,0.4203360185447329,Stres Sedang,0.43924267745676304,Stres Sedang,Pokok Utama,109.24314525936816,-0.43021822502609797,342,109.24311406,-0.43020626,9.58,0.535,0.535,Healthy,Good
AME II,E002A,E02,2009,14,3,82573,0.3694486891959205,Stres Berat,0.39486854698899054,Stres Berat,Pokok Utama,109.24331298486443,-0.43018444389077104,93,109.24332426,-0.43019048,12.23,0.493,0.493,Healthy,Good
AME II,E002A,E02,2009,14,4,82287,0.4183054654728566,Stres Sedang,0.4545235233476366,Stres Sedang,Pokok Utama,109.2433853811559,-0.4302401349834816,322,109.24336512,-0.43024837,9.69,0.399,0.399,Healthy,Sub-Optimal
AME II,E002A,E02,2009,14,5,82306,0.4317250206119531,Stres Sedang,0.4661924386310434,Stres Sedang,Pokok Utama,109.24346104731012,-0.4302245315968831,747,109.24346215,-0.43020543,7.41,0.364,0.364,Suspect,Critical
AME II,E002A,E02,2009,14,7,82334,0.4601667858063446,Stres Sedang,0.4556526185282365,Stres Sedang,Pokok Utama,109.24361964499309,-0.4301888755222689,364,109.24364494,-0.43021362,9.45,0.472,0.472,Healthy,Good
AME II,E002A,E02,2009,14,9,82363,0.4234344407175262,Stres Sedang,0.4445856095184214,Stres Sedang,Pokok Utama,109.24380440143682,-0.43021177641124686,266,109.24380213,-0.43023988,10.12,0.532,0.532,Healthy,Good
AME II,E002A,E02,2009,14,12,82715,0.4362279653128303,Stres Sedang,0.4403379592829599,Stres Sedang,Pokok Utama,109.24418002584093,-0.4302122070940702,3282,109.24415741,-0.43019294,0.72,0.386,0.386,Abnormal,Critical
AME II,E002A,E02,2009,15,1,82570,0.42173860089141996,Stres Sedang,0.4057658716182325,Stres Sedang,Pokok Utama,109.24305839757322,-0.43013765954808636,12,109.24306243,-0.43012486,15.58,0.358,0.358,Suspect,Critical
AME II,E002A,E02,2009,15,4,82975,0.3591132605676755,Stres Berat,0.3863291418326935,Stres Berat,Pokok Utama,109.24334713845708,-0.4301360544237819,368,109.24331574,-0.430143,9.4,0.48,0.48,Healthy,Good
AME II,E002A,E02,2009,15,5,82326,0.4343216277014762,Stres Sedang,0.4671360916591356,Stres Sedang,Pokok Utama,109.24351352007248,-0.4301026048406195,338,109.24348822,-0.43011501,9.61,0.407,0.407,Healthy,Sub-Optimal
AME II,E002A,E02,2009,15,7,82349,0.4477817264991717,Stres Sedang,0.43274561750112694,Stres Sedang,Pokok Utama,109.24363263568212,-0.43010316598294385,2726,109.24365305,-0.43011776,3.26,0.462,0.462,Healthy,Good
AME II,E002A,E02,2009,15,8,82364,0.4225535524244446,Stres Sedang,0.4333797885049688,Stres Sedang,Pokok Utama,109.2437587913928,-0.4301141463258954,852,109.24374288,-0.43011959,7.0,0.404,0.404,Healthy,Sub-Optimal
AME II,E002A,E02,2009,15,9,82681,0.402689795366668,Stres Sedang,0.437709789303281,Stres Sedang,Pokok Utama,109.24385752072668,-0.43013016270735155,569,109.24386863,-0.43015082,8.29,0.513,0.513,Healthy,Good
AME II,E002A,E02,2009,15,10,82703,0.429431023394387,Stres Sedang,0.45873878389382017,Stres Sedang,Pokok Utama,109.24390957398927,-0.430130066252309,595,109.24390726,-0.43014088,8.11,0.523,0.523,Healthy,Good
AME II,E002A,E02,2009,15,11,82730,0.4205216408601697,Stres Sedang,0.42696669331376164,Stres Sedang,Pokok Utama,109.24399817986117,-0.43011425695552613,2843,109.24397464,-0.4301002,3.0,0.497,0.497,Abnormal,Good
AME II,E002A,E02,2009,15,13,82717,0.4368376644499963,Stres Sedang,0.41458245139899585,Stres Sedang,Pokok Utama,109.2440992240925,-0.4301065684677168,2797,109.24407525,-0.43008485,3.13,0.47,0.47,Healthy,Good
AME II,E002A,E02,2009,15,16,82595,0.44160177013041274,Stres Sedang,0.3441960981147553,Stres Berat,Mati Jan26,109.2442355694273,-0.43012341195599185,2519,109.24426433,-0.43011519,3.68,0.451,0.451,Healthy,Moderate
AME II,E002A,E02,2009,15,21,82535,0.39047977686186863,Stres Berat,0.42413636993761,Stres Sedang,Pokok Utama,109.24478706468011,-0.4301115314491381,324,109.24481093,-0.4301117,9.67,0.47,0.47,Healthy,Good
AME II,E002A,E02,2009,15,22,82539,0.37764989382002634,Stres Berat,0.4122945670616756,Stres Sedang,Pokok Utama,109.24487001680399,-0.4301234241650846,507,109.24488009,-0.43013478,8.58,0.418,0.418,Healthy,Sub-Optimal
AME II,E002A,E02,2009,15,23,82541,0.4153705691795769,Stres Sedang,0.45069389838595636,Stres Sedang,Pokok Utama,109.24497362215749,-0.43012712776856715,130,109.24497441,-0.43012802,11.57,0.432,0.432,Healthy,Moderate
AME II,E002A,E02,2009,16,1,82571,0.4433037208510106,Stres Sedang,0.44428548286668956,Stres Sedang,Pokok Utama,109.24307391068547,-0.4300555795867199,1,109.24306829,-0.43006201,18.19,0.531,0.531,Healthy,Good
AME II,E002A,E02,2009,16,2,82566,0.42244331592966383,Stres Sedang,0.4359248004537966,Stres Sedang,Pokok Utama,109.24313103639304,-0.43004801838719353,465,109.24315766,-0.43006475,8.83,0.433,0.433,Healthy,Moderate
AME II,E002A,E02,2009,16,3,82576,0.40583513079129074,Stres Sedang,0.43011393055069047,Stres Sedang,Pokok Utama,109.24324900243431,-0.430067132846111,823,109.24325288,-0.43006929,7.08,0.401,0.401,Healthy,Sub-Optimal
AME II,E002A,E02,2009,16,4,82582,0.3914644686731066,Stres Berat,0.420947322920926,Stres Sedang,Pokok Utama,109.24331850179374,-0.4300324571833121,946,109.24329196,-0.43004172,6.64,0.45,0.45,Healthy,Moderate
AME II,E002A,E02,2009,16,6,82327,0.41635385972524247,Stres Sedang,0.4291880331566783,Stres Sedang,Pokok Utama,109.24345359240529,-0.4300286669030469,1098,109.24346758,-0.43002548,6.21,0.487,0.487,Healthy,Good
AME II,E002A,E02,2009,16,7,82336,0.4412883143105111,Stres Sedang,0.44070771209661036,Stres Sedang,Pokok Utama,109.24356079589127,-0.43002571839466164,1427,109.2435565,-0.43005308,5.47,0.427,0.427,Healthy,Sub-Optimal
AME II,E002A,E02,2009,16,8,82350,0.45279588275215255,Stres Sedang,0.4436321676242538,Stres Sedang,Pokok Utama,109.24362336794029,-0.43005314050708443,1777,109.24362791,-0.43004812,4.82,0.466,0.466,Healthy,Good
AME II,E002A,E02,2009,16,9,82365,0.42052554598698677,Stres Sedang,0.4115116566911094,Stres Sedang,Pokok Utama,109.24368991045972,-0.4300722973069459,2399,109.24366653,-0.43007119,3.87,0.458,0.458,Abnormal,Moderate
AME II,E002A,E02,2009,16,10,82682,0.3719870824226059,Stres Berat,0.3863986959349318,Stres Berat,Pokok Utama,109.24378827906239,-0.43003950294063725,1368,109.24377658,-0.43003505,5.57,0.472,0.472,Healthy,Good
AME II,E002A,E02,2009,16,11,82704,0.3992404142529372,Stres Berat,0.4495078282581793,Stres Sedang,Pokok Utama,109.24390032830227,-0.43003856310308786,1720,109.24390863,-0.4300396,4.93,0.469,0.469,Healthy,Good
AME II,E002A,E02,2009,16,15,82755,0.3991282509256388,Stres Berat,0.4505473684249127,Stres Sedang,Pokok Utama,109.24425295855417,-0.43001984341540617,311,109.24423381,-0.43000215,9.75,0.471,0.471,Healthy,Good
AME II,E002A,E02,2009,16,19,82546,0.4488078952727189,Stres Sedang,0.4804118877772775,Stres Sedang,Pokok Utama,109.2447066311522,-0.4300492858884312,3089,109.24472157,-0.43002351,2.33,0.472,0.472,Healthy,Good
AME II,E002A,E02,2009,16,20,82548,0.47109024382711295,Stres Sedang,0.4889336810021153,Stres Sedang,Pokok Utama,109.24470961512617,-0.43001039338953395,3089,109.24472157,-0.43002351,2.33,0.472,0.472,Healthy,Good
AME II,E002A,E02,2009,16,21,82542,0.4009883571178699,Stres Sedang,0.4163122677498752,Stres Sedang,Pokok Utama,109.24491374727009,-0.43004994967599636,540,109.2449129,-0.43003667,8.4,0.454,0.454,Healthy,Moderate
AME II,E002A,E02,2009,16,23,82517,0.46657958387712734,Stres Sedang,0.4747490124659495,Stres Sedang,Pokok Utama,109.24508131262019,-0.43001398000205954,1397,109.24508852,-0.43001998,5.52,0.565,0.565,Healthy,Good
AME II,E002A,E02,2009,17,1,82572,0.4038944014631536,Stres Sedang,0.43799466326837244,Stres Sedang,Pokok Utama,109.24303486660217,-0.42998347319580016,4,109.24305572,-0.43000052,17.15,0.432,0.432,Healthy,Moderate
AME II,E002A,E02,2009,17,2,82567,0.41780973032428764,Stres Sedang,0.4202729676259108,Stres Sedang,Pokok Utama,109.24309817088626,-0.4299905513745625,3,109.24309435,-0.42998063,17.5,0.42,0.42,Healthy,Sub-Optimal
AME II,E002A,E02,2009,17,4,82583,0.39277480446614743,Stres Berat,0.41560296195186003,Stres Sedang,Pokok Utama,109.24330327269166,-0.429992087384503,642,109.2433324,-0.42997978,7.86,0.455,0.455,Healthy,Moderate
AME II,E002A,E02,2009,17,6,82650,0.3929054098018425,Stres Berat,0.4170391313473981,Stres Sedang,Pokok Utama,109.24344705831642,-0.42997382574826226,614,109.24343705,-0.42996262,8.02,0.484,0.484,Healthy,Good
AME II,E002A,E02,2009,17,9,82692,0.42045289889796394,Stres Sedang,0.4338355290768244,Stres Sedang,Pokok Utama,109.24367801588731,-0.4299763118291954,1779,109.24367015,-0.42999207,4.82,0.426,0.426,Healthy,Sub-Optimal
AME II,E002A,E02,2009,17,10,82683,0.39838129008857004,Stres Berat,0.4185882361444573,Stres Sedang,Pokok Utama,109.24375977589779,-0.4299648461201651,1792,109.24379142,-0.42996497,4.79,0.431,0.431,Healthy,Moderate
AME II,E002A,E02,2009,17,12,82732,0.41644675697063344,Stres Sedang,0.45434986730923,Stres Sedang,Pokok Utama,109.24391986068868,-0.42995474053639476,392,109.24392616,-0.42995957,9.28,0.489,0.489,Healthy,Good
AME II,E002A,E02,2009,17,15,82756,0.43155082807455325,Stres Sedang,0.4548479403717188,Stres Sedang,Pokok Utama,109.24423293460353,-0.42997878612166096,311,109.24423381,-0.43000215,9.75,0.471,0.471,Healthy,Good
AME II,E002A,E02,2009,17,16,82744,0.3814378881043178,Stres Berat,0.43311948909495884,Stres Sedang,Pokok Utama,109.24430949694958,-0.4299802860050008,366,109.24431646,-0.42994565,9.44,0.374,0.374,Suspect,Critical
AME II,E002A,E02,2009,17,17,82763,0.41532693158782474,Stres Sedang,0.4393904603726871,Stres Sedang,Pokok Utama,109.24437816816682,-0.4299729779543408,1738,109.24437709,-0.42997867,4.89,0.476,0.476,Healthy,Good
AME II,E002A,E02,2009,17,21,82817,0.46891049142287355,Stres Sedang,0.44884295665102897,Stres Sedang,Pokok Utama,109.24462999677851,-0.42997766629774986,3221,109.2446596,-0.42996426,1.2,0.405,0.405,Healthy,Sub-Optimal
AME II,E002A,E02,2009,17,22,82547,0.4718735310770034,Stres Sedang,0.49937725824718715,Stres Sedang,Pokok Utama,109.24472334715402,-0.429974603331345,3205,109.24469957,-0.42996427,1.39,0.504,0.504,Healthy,Good
AME II,E002A,E02,2009,17,27,82838,0.40228474336746073,Stres Sedang,0.3931923053907947,Stres Berat,Pokok Utama,109.24521917330644,-0.4299565886253501,363,109.24518644,-0.42996619,9.45,0.55,0.55,Healthy,Good
AME II,E002A,E02,2009,18,1,82568,0.42938648831724374,Stres Sedang,0.43297444723338235,Stres Sedang,Pokok Utama,109.2430507544152,-0.4299126238563248,6,109.24308359,-0.42991235,16.46,0.466,0.466,Healthy,Good
AME II,E002A,E02,2009,18,4,82591,0.4267224426479045,Stres Sedang,0.44930308788665674,Stres Sedang,Pokok Utama,109.24334536280504,-0.4299071532576097,645,109.24335037,-0.42992824,7.86,0.483,0.483,Healthy,Good
AME II,E002A,E02,2009,18,5,82652,0.41468285704806424,Stres Sedang,0.40774059606635055,Stres Sedang,Pokok Utama,109.24347649014315,-0.4298958726128956,649,109.2434676,-0.42992917,7.84,0.432,0.432,Healthy,Moderate
AME II,E002A,E02,2009,18,6,82661,0.44143316501471414,Stres Sedang,0.43593281499442216,Stres Sedang,Pokok Utama,109.24355443858282,-0.4299284302014993,1421,109.24357988,-0.42993281,5.48,0.539,0.539,Healthy,Good
AME II,E002A,E02,2009,18,7,82693,0.4135981796632872,Stres Sedang,0.41497278773695007,Stres Sedang,Pokok Utama,109.24365674488321,-0.42992065519058953,1616,109.24363783,-0.42991384,5.11,0.426,0.426,Healthy,Sub-Optimal
AME II,E002A,E02,2009,18,8,82684,0.40542725327060275,Stres Sedang,0.40276173274866856,Stres Sedang,Pokok Utama,109.24373850579012,-0.42990918947967505,1533,109.24374562,-0.42989668,5.26,0.43,0.43,Healthy,Moderate
AME II,E002A,E02,2009,18,9,82706,0.4201738026098618,Stres Sedang,0.42639485101769975,Stres Sedang,Pokok Utama,109.24381302620498,-0.4299112631242861,1958,109.24383141,-0.42988494,4.49,0.367,0.367,Suspect,Critical
AME II,E002A,E02,2009,18,11,82720,0.3960547706619156,Stres Berat,0.43172445345240146,Stres Sedang,Pokok Utama,109.24398924849007,-0.42992090040098724,608,109.24400252,-0.42991844,8.04,0.483,0.483,Healthy,Good
AME II,E002A,E02,2009,18,12,82606,0.4238209401263672,Stres Sedang,0.4185516709448947,Stres Sedang,Pokok Utama,109.24411450967854,-0.4298998302056828,408,109.24411077,-0.42988049,9.21,0.52,0.52,Healthy,Good
AME II,E002A,E02,2009,18,13,82745,0.37978137056281236,Stres Berat,0.42207157092767433,Stres Sedang,Pokok Utama,109.24425430210493,-0.42990701380472335,659,109.24425989,-0.42988233,7.81,0.409,0.409,Healthy,Sub-Optimal
AME II,E002A,E02,2009,18,14,82764,0.42891535065638486,Stres Sedang,0.4384048810069529,Stres Sedang,Pokok Utama,109.24439736820976,-0.429916585521092,3247,109.2444036,-0.42992351,0.94,0.5,0.5,Abnormal,Good
AME II,E002A,E02,2009,18,15,82629,0.42277285670631115,Stres Sedang,0.42726036639462794,Stres Sedang,Pokok Utama,109.24444101806631,-0.4298970671955849,3261,109.2444328,-0.4298878,0.85,0.551,0.551,Abnormal,Good
AME II,E002A,E02,2009,18,17,82549,0.451682224614696,Stres Sedang,0.4809205781246799,Stres Sedang,Pokok Utama,109.2447313348558,-0.42989098152072985,3267,109.24471666,-0.42989103,0.82,0.564,0.564,Abnormal,Good
AME II,E002A,E02,2009,18,20,82839,0.4125120937824249,Stres Sedang,0.3995358747939537,Stres Berat,Pokok Utama,109.24517355620536,-0.42988958362921087,623,109.24514019,-0.42989565,7.98,0.531,0.531,Healthy,Good
AME II,E002A,E02,2009,19,4,82638,0.4373657036711268,Stres Sedang,0.4515672029674214,Stres Sedang,Pokok Utama,109.24326538581646,-0.42985998799818015,109,109.24327134,-0.42986311,11.97,0.441,0.441,Healthy,Moderate
AME II,E002A,E02,2009,19,6,82653,0.44946443181345164,Stres Sedang,0.4634236120130033,Stres Sedang,Pokok Utama,109.2434317267911,-0.4298195544528546,441,109.2434281,-0.42983873,9.02,0.478,0.478,Healthy,Good
AME II,E002A,E02,2009,19,7,82662,0.45968207474600403,Stres Sedang,0.4716085830180765,Stres Sedang,Pokok Utama,109.24354825354092,-0.42985952088404034,1245,109.24353992,-0.42988307,5.85,0.506,0.506,Healthy,Good
AME II,E002A,E02,2009,19,8,82694,0.452419350614703,Stres Sedang,0.43884291665669894,Stres Sedang,Pokok Utama,109.24360932566941,-0.429811390842391,1305,109.24364144,-0.42980306,5.72,0.418,0.418,Healthy,Sub-Optimal
AME II,E002A,E02,2009,19,9,82685,0.418649975017025,Stres Sedang,0.4096123744518711,Stres Sedang,Pokok Utama,109.24366051890023,-0.42986796413733297,1544,109.24367466,-0.42989169,5.24,0.41,0.41,Healthy,Sub-Optimal
AME II,E002A,E02,2009,19,10,82707,0.39286261233649306,Stres Berat,0.37824665602711505,Stres Berat,Pokok Utama,109.24374134964003,-0.4298270260681254,1193,109.24374699,-0.42981122,5.98,0.411,0.411,Healthy,Sub-Optimal
AME II,E002A,E02,2009,19,13,82601,0.4583053220233886,Stres Sedang,0.48415448752147533,Stres Sedang,Pokok Utama,109.24402207121041,-0.4298079768124361,475,109.2440497,-0.42982622,8.79,0.529,0.529,Healthy,Good
AME II,E002A,E02,2009,19,14,82607,0.45279435158973147,Stres Sedang,0.4262159277368952,Stres Sedang,Pokok Utama,109.24409919902469,-0.4298271089257411,675,109.24409642,-0.42981537,7.75,0.517,0.517,Healthy,Good
AME II,E002A,E02,2009,19,15,82746,0.40334617173340764,Stres Sedang,0.42738979010523365,Stres Sedang,Pokok Utama,109.24423395528567,-0.4298361867733276,939,109.24422083,-0.4298041,6.67,0.427,0.427,Healthy,Sub-Optimal
AME II,E002A,E02,2009,19,16,82765,0.4140540825696634,Stres Sedang,0.44461067364697265,Stres Sedang,Pokok Utama,109.2443257149762,-0.4298283939307085,1689,109.24433581,-0.42979373,4.99,0.49,0.49,Healthy,Good
AME II,E002A,E02,2009,19,17,82630,0.43062170804389605,Stres Sedang,0.4582292210615829,Stres Sedang,Pokok Utama,109.24438795518726,-0.4298300568834878,2969,109.24440721,-0.42984258,2.7,0.487,0.487,Healthy,Good
AME II,E002A,E02,2009,19,18,82815,0.46647083815202406,Stres Sedang,0.4788525745433827,Stres Sedang,Pokok Utama,109.2444331968496,-0.4298181260298876,2969,109.24440721,-0.42984258,2.7,0.487,0.487,Healthy,Good
AME II,E002A,E02,2009,19,19,82821,0.43965596376067917,Stres Sedang,0.45399634970817715,Stres Sedang,Pokok Utama,109.24447687188656,-0.42983387644427423,3260,109.24449166,-0.42982496,0.85,0.534,0.534,Abnormal,Good
AME II,E002A,E02,2009,19,22,82550,0.4505618125410717,Stres Sedang,0.4602590266643078,Stres Sedang,Pokok Utama,109.2447195478655,-0.4298351308156169,3254,109.24471533,-0.4298015,0.89,0.473,0.473,Abnormal,Good
AME II,E002A,E02,2009,19,24,82864,0.435463063940932,Stres Sedang,0.4429431007238381,Stres Sedang,Pokok Utama,109.24495301476134,-0.4298206246532949,3251,109.24494933,-0.4298002,0.9,0.434,0.434,Abnormal,Moderate
AME II,E002A,E02,2009,19,25,82851,0.45554269645251677,Stres Sedang,0.4565855544351158,Stres Sedang,Pokok Utama,109.24502906511694,-0.42983786923616746,3024,109.24505173,-0.42982102,2.55,0.433,0.433,Healthy,Moderate
AME II,E002A,E02,2009,19,26,82840,0.508405112325659,Stres Ringan,0.48717067382620793,Stres Sedang,Pokok Utama,109.2451279351705,-0.42983980652530057,1525,109.24513976,-0.42982556,5.27,0.507,0.507,Healthy,Good
AME II,E002A,E02,2009,20,3,82639,0.41003996676106225,Stres Sedang,0.3934764647090041,Stres Berat,Pokok Utama,109.24323079672506,-0.4297858678500854,17,109.24324666,-0.4297573,14.42,0.403,0.403,Healthy,Sub-Optimal
AME II,E002A,E02,2009,20,5,82654,0.4355826149692089,Stres Sedang,0.4435055536803878,Stres Sedang,Pokok Utama,109.24337744666867,-0.42976877883978715,226,109.24334771,-0.42978898,10.53,0.425,0.425,Healthy,Sub-Optimal
AME II,E002A,E02,2009,20,6,82663,0.44029482938946995,Stres Sedang,0.4485150134731649,Stres Sedang,Pokok Utama,109.2434646097413,-0.4297889568409509,349,109.24343619,-0.42977815,9.53,0.513,0.513,Healthy,Good
AME II,E002A,E02,2009,20,7,82695,0.43642556173734526,Stres Sedang,0.43643654669906284,Stres Sedang,Pokok Utama,109.24354066796857,-0.42977146986223785,1147,109.24351389,-0.42978449,6.06,0.539,0.539,Healthy,Good
AME II,E002A,E02,2009,20,9,82708,0.43494137028528984,Stres Sedang,0.45240985180320875,Stres Sedang,Pokok Utama,109.24372179515426,-0.4297638550687173,2724,109.24374341,-0.4297642,3.26,0.517,0.517,Abnormal,Good
AME II,E002A,E02,2009,20,10,82735,0.4329180714309005,Stres Sedang,0.45258284897845735,Stres Sedang,Pokok Utama,109.24378088269684,-0.4297524202725638,2149,109.24379461,-0.42976873,4.23,0.45,0.45,Healthy,Moderate
AME II,E002A,E02,2009,20,13,82757,0.39491289745500857,Stres Berat,0.3838087695761934,Stres Berat,Pokok Utama,109.24410446927709,-0.4297638722217227,1012,109.24412742,-0.4297566,6.41,0.455,0.455,Healthy,Moderate
AME II,E002A,E02,2009,20,14,82747,0.4077278041404577,Stres Sedang,0.43423498962281665,Stres Sedang,Pokok Utama,109.24420635122956,-0.4297420677328339,651,109.24418402,-0.42972044,7.84,0.458,0.458,Healthy,Moderate
AME II,E002A,E02,2009,20,15,82766,0.40906907452297236,Stres Sedang,0.44639271154369353,Stres Sedang,Pokok Utama,109.24428895051585,-0.4297569608316398,2711,109.24430977,-0.42975755,3.29,0.411,0.411,Abnormal,Sub-Optimal
AME II,E002A,E02,2009,20,16,82631,0.4365673075962352,Stres Sedang,0.4743173716574156,Stres Sedang,Pokok Utama,109.24435321257681,-0.42976328322106816,1689,109.24433581,-0.42979373,4.99,0.49,0.49,Healthy,Good
AME II,E002A,E02,2009,20,17,82559,0.4207051560388159,Stres Sedang,0.4568691185279456,Stres Sedang,Pokok Utama,109.24448584171934,-0.4297960515090743,3260,109.24449166,-0.42982496,0.85,0.534,0.534,Abnormal,Good
AME II,E002A,E02,2009,20,23,82841,0.3899281783537431,Stres Berat,0.40529765416773,Stres Sedang,Pokok Utama,109.2450749517787,-0.42976681876583883,3226,109.24507555,-0.42976541,1.14,0.472,0.472,Healthy,Good
AME II,E002A,E02,2009,21,1,82581,0.437839024510717,Stres Sedang,0.46443617282971805,Stres Sedang,Pokok Utama,109.24304636079567,-0.4297050293007989,85,109.24306523,-0.4296926,12.45,0.522,0.522,Healthy,Good
AME II,E002A,E02,2009,21,2,82587,0.4410643529295759,Stres Sedang,0.4664095692374607,Stres Sedang,Pokok Utama,109.24313474549885,-0.42971737360739737,131,109.24312855,-0.42972834,11.55,0.439,0.439,Healthy,Moderate
AME II,E002A,E02,2009,21,3,82655,0.4153647090694773,Stres Sedang,0.4488534261529771,Stres Sedang,Pokok Utama,109.24332196318164,-0.4297362481647395,385,109.24335716,-0.42973246,9.32,0.567,0.567,Healthy,Good
AME II,E002A,E02,2009,21,5,82696,0.41675436737128146,Stres Sedang,0.43827373529524594,Stres Sedang,Pokok Utama,109.24352361605919,-0.42969658691748397,1945,109.24350089,-0.42970129,4.51,0.452,0.452,Healthy,Moderate
AME II,E002A,E02,2009,21,7,82709,0.4170521066790036,Stres Sedang,0.4385488461009881,Stres Sedang,Pokok Utama,109.24370126566448,-0.4296983896280799,1699,109.243703,-0.42970225,4.98,0.465,0.465,Healthy,Good
AME II,E002A,E02,2009,21,9,82603,0.42695138023959267,Stres Sedang,0.4714079774755368,Stres Sedang,Pokok Utama,109.24389896990189,-0.4296935168899262,1862,109.24390646,-0.42967109,4.64,0.461,0.461,Healthy,Good
AME II,E002A,E02,2009,21,10,82609,0.42369886589358036,Stres Sedang,0.4572744623945282,Stres Sedang,Pokok Utama,109.24399092360314,-0.42969358248512013,1726,109.24398597,-0.429658,4.92,0.531,0.531,Healthy,Good
AME II,E002A,E02,2009,21,11,82748,0.4088687903277588,Stres Sedang,0.4339721963351179,Stres Sedang,Pokok Utama,109.24416285769179,-0.42970647152425484,651,109.24418402,-0.42972044,7.84,0.458,0.458,Healthy,Moderate
AME II,E002A,E02,2009,21,12,82767,0.42537340462564904,Stres Sedang,0.45574627096693104,Stres Sedang,Pokok Utama,109.24423853191828,-0.42969494470265646,413,109.24422175,-0.42969965,9.19,0.429,0.429,Healthy,Sub-Optimal
AME II,E002A,E02,2009,21,13,82632,0.3459145701966745,Stres Berat,0.4069719611523816,Stres Sedang,Pokok Utama,109.24431684137915,-0.42968869962059303,3060,109.24434796,-0.42968114,2.44,0.407,0.407,Healthy,Sub-Optimal
AME II,E002A,E02,2009,22,1,82588,0.4377664126534808,Stres Sedang,0.4467242670406659,Stres Sedang,Pokok Utama,109.2430645119894,-0.42963925000354736,41,109.24308096,-0.42964377,13.53,0.515,0.515,Healthy,Good
AME II,E002A,E02,2009,22,2,82641,0.4441991886199979,Stres Sedang,0.4900776948449704,Stres Sedang,Pokok Utama,109.24315158330077,-0.4296442338826615,48,109.24316809,-0.42965826,13.38,0.468,0.468,Healthy,Good
AME II,E002A,E02,2009,22,4,82656,0.42046995364236817,Stres Sedang,0.4633081713180313,Stres Sedang,Pokok Utama,109.24332535827352,-0.42964751152177905,497,109.24330911,-0.42967276,8.66,0.347,0.347,Suspect,Critical
AME II,E002A,E02,2009,22,5,82665,0.39154738204843015,Stres Berat,0.42822373937172753,Stres Sedang,Pokok Utama,109.24341165308766,-0.4296267216827446,696,109.24341198,-0.42962034,7.68,0.427,0.427,Healthy,Sub-Optimal
AME II,E002A,E02,2009,22,6,82697,0.3683666594654662,Stres Berat,0.41976530325169176,Stres Sedang,Pokok Utama,109.24348516045333,-0.4296317630065448,2089,109.24351302,-0.42965382,4.31,0.466,0.466,Healthy,Good
AME II,E002A,E02,2009,22,11,82604,0.4119980247600746,Stres Sedang,0.4633078438197436,Stres Sedang,Pokok Utama,109.24387633462678,-0.4296408287598643,1423,109.24387683,-0.42963808,5.47,0.571,0.571,Healthy,Good
AME II,E002A,E02,2009,22,14,82768,0.45124430417010863,Stres Sedang,0.4524092245886153,Stres Sedang,Pokok Utama,109.24419130443252,-0.42960346801912924,964,109.24419573,-0.42957033,6.57,0.424,0.424,Healthy,Sub-Optimal
AME II,E002A,E02,2009,22,15,82633,0.42043126627158495,Stres Sedang,0.4523629779350554,Stres Sedang,Pokok Utama,109.24428434927373,-0.4296086847704407,1296,109.24426669,-0.42958934,5.74,0.408,0.408,Healthy,Sub-Optimal
AME II,E002A,E02,2009,22,16,82814,0.42807421235811144,Stres Sedang,0.4537717375914399,Stres Sedang,Pokok Utama,109.24435565430424,-0.429616782123168,3188,109.24438571,-0.42962283,1.49,0.504,0.504,Healthy,Good
AME II,E002A,E02,2009,22,17,82561,0.4091807401403663,Stres Sedang,0.4305908187225653,Stres Sedang,Pokok Utama,109.24445419547956,-0.429603290108076,3203,109.24443601,-0.429626,1.42,0.507,0.507,Healthy,Good
AME II,E002A,E02,2009,22,18,82802,0.4229426513861028,Stres Sedang,0.43001703792609847,Stres Sedang,Pokok Utama,109.24453977443098,-0.4296021144173374,2950,109.2445429,-0.42963552,2.73,0.472,0.472,Healthy,Good
AME II,E002A,E02,2009,22,19,82794,0.48811661339007484,Stres Sedang,0.47261662208185795,Stres Sedang,Pokok Utama,109.24460725500799,-0.429600620745541,3305,109.2446251,-0.42959259,0.54,0.506,0.506,Abnormal,Good
AME II,E002A,E02,2009,22,20,82787,0.432843614038156,Stres Sedang,0.4460352274737056,Stres Sedang,Pokok Utama,109.24468394639216,-0.42961928884167,2999,109.24468753,-0.42959079,2.64,0.555,0.555,Healthy,Good
AME II,E002A,E02,2009,22,22,82868,0.40186443070516636,Stres Sedang,0.42598093793364267,Stres Sedang,Pokok Utama,109.24485031681502,-0.42961954707219113,3147,109.24482587,-0.42959489,1.97,0.526,0.526,Abnormal,Good
AME II,E002A,E02,2009,22,26,82902,0.4252770516926209,Stres Sedang,0.43145393188908804,Stres Sedang,Pokok Utama,109.24516597927233,-0.4296100851025289,1955,109.2451479,-0.42958321,4.5,0.442,0.442,Healthy,Moderate
AME II,E002A,E02,2009,23,1,82643,0.4361113133002401,Stres Sedang,0.450682086948872,Stres Sedang,Pokok Utama,109.24304382080554,-0.4295659795116008,89,109.24305403,-0.4295556,12.43,0.532,0.532,Healthy,Good
AME II,E002A,E02,2009,23,2,82647,0.4123921934788412,Stres Sedang,0.43587155182869425,Stres Sedang,Pokok Utama,109.24317644534108,-0.4295594965225916,258,109.24316945,-0.42957507,10.18,0.428,0.428,Healthy,Sub-Optimal
AME II,E002A,E02,2009,23,4,82666,0.37030447055049115,Stres Berat,0.40091799922864385,Stres Sedang,Pokok Utama,109.2433465019027,-0.42956475642866127,862,109.24334282,-0.42957375,6.94,0.478,0.478,Healthy,Good
AME II,E002A,E02,2009,23,6,82711,0.48884721005423665,Stres Sedang,0.4964244436615935,Stres Sedang,Pokok Utama,109.24358543745781,-0.42954962577340466,989,109.24359255,-0.42954578,6.5,0.573,0.573,Healthy,Good
AME II,E002A,E02,2009,23,7,82738,0.4362207008968253,Stres Sedang,0.4305321192010664,Stres Sedang,Pokok Utama,109.24366200259446,-0.4295623724621883,1541,109.24366171,-0.429558,5.25,0.489,0.489,Healthy,Good
AME II,E002A,E02,2009,23,8,82724,0.43013371208870443,Stres Sedang,0.4507100670429294,Stres Sedang,Pokok Utama,109.24373194153105,-0.4295538285156008,1648,109.24370393,-0.42956796,5.06,0.465,0.465,Healthy,Good
AME II,E002A,E02,2009,23,9,82605,0.42736045425854197,Stres Sedang,0.4575102160207364,Stres Sedang,Pokok Utama,109.2438311696302,-0.42956098462117615,775,109.24386113,-0.42956031,7.27,0.451,0.451,Healthy,Moderate
AME II,E002A,E02,2009,23,10,82611,0.44097207878637157,Stres Sedang,0.3531794192489565,Stres Berat,Mati Jan26,109.24390919722096,-0.42955383336207514,2397,109.24393479,-0.42954359,3.88,0.541,0.541,Abnormal,Good
AME II,E002A,E02,2009,23,11,82759,0.4286105747849805,Stres Sedang,0.4418309678827975,Stres Sedang,Pokok Utama,109.24401369953065,-0.4295591133530126,2453,109.24398509,-0.42954813,3.79,0.437,0.437,Abnormal,Moderate
AME II,E002A,E02,2009,23,12,82749,0.47221110636449376,Stres Sedang,0.4371811023716313,Stres Sedang,Pokok Utama,109.24408025950872,-0.42956088671924214,1983,109.24409333,-0.42956805,4.45,0.43,0.43,Healthy,Moderate
AME II,E002A,E02,2009,23,18,82795,0.4603905988547047,Stres Sedang,0.4764498876143089,Stres Sedang,Pokok Utama,109.24455704717285,-0.4295478647282412,1381,109.24456987,-0.42952339,5.56,0.455,0.455,Healthy,Moderate
AME II,E002A,E02,2009,23,19,82788,0.4168612077650254,Stres Sedang,0.4333796051527875,Stres Sedang,Pokok Utama,109.24462653198988,-0.42953767663997,2260,109.2446368,-0.42951482,4.1,0.468,0.468,Healthy,Good
AME II,E002A,E02,2009,23,21,82869,0.3784342319186628,Stres Berat,0.3997592442519806,Stres Berat,Pokok Utama,109.24480835361662,-0.4295655947537546,3147,109.24482587,-0.42959489,1.97,0.526,0.526,Abnormal,Good
AME II,E002A,E02,2009,23,25,82903,0.38241617355195395,Stres Berat,0.3923774980540467,Stres Berat,Pokok Utama,109.2451213640366,-0.42955359107019414,1825,109.24510344,-0.42958049,4.71,0.383,0.383,Healthy,Critical
AME II,E002A,E02,2009,24,1,82644,0.4784769203907969,Stres Sedang,0.4877189931960517,Stres Sedang,Pokok Utama,109.2430666827589,-0.42950319997130726,169,109.24304955,-0.42951264,11.06,0.467,0.467,Healthy,Good
AME II,E002A,E02,2009,24,2,82648,0.4645126779620207,Stres Sedang,0.4716740675925922,Stres Sedang,Pokok Utama,109.24311986469128,-0.4294971416974316,740,109.2431322,-0.42947061,7.47,0.506,0.506,Healthy,Good
AME II,E002A,E02,2009,24,5,82699,0.449722671035582,Stres Sedang,0.4608177138962185,Stres Sedang,Pokok Utama,109.24340204042821,-0.42949790241663777,790,109.24340796,-0.42949419,7.19,0.527,0.527,Healthy,Good
AME II,E002A,E02,2009,24,9,82725,0.4225122065946132,Stres Sedang,0.4598152999136899,Stres Sedang,Pokok Utama,109.24371615493364,-0.42948439337976685,1106,109.24373539,-0.42947573,6.2,0.506,0.506,Healthy,Good
AME II,E002A,E02,2009,24,10,82612,0.4342383154452138,Stres Sedang,0.4940228205108184,Stres Sedang,Pokok Utama,109.24386385185926,-0.429477080994855,445,109.24386609,-0.42946943,9.0,0.473,0.473,Healthy,Good
AME II,E002A,E02,2009,24,16,82810,0.4096575845948322,Stres Sedang,0.4367098485198813,Stres Sedang,Pokok Utama,109.24436974783816,-0.42949262272545086,1118,109.24436058,-0.42952018,6.15,0.421,0.421,Healthy,Sub-Optimal
AME II,E002A,E02,2009,24,20,82780,0.4436634032497676,Stres Sedang,0.44421202933584186,Stres Sedang,Pokok Utama,109.24466457275761,-0.42947598119389924,2931,109.24466646,-0.42944203,2.81,0.511,0.511,Abnormal,Good
AME II,E002A,E02,2009,24,21,82870,0.3970957177752676,Stres Berat,0.42127101989138743,Stres Sedang,Pokok Utama,109.2447545836723,-0.4294793361760884,2412,109.24477064,-0.42950445,3.85,0.511,0.511,Healthy,Good
AME II,E002A,E02,2009,24,22,82856,0.43744522595749236,Stres Sedang,0.45931797024903,Stres Sedang,Pokok Utama,109.24483751233221,-0.42947593889362945,1264,109.24483219,-0.42945337,5.79,0.531,0.531,Healthy,Good
AME II,E002A,E02,2009,24,23,82845,0.41705414532222934,Stres Sedang,0.4401707279721526,Stres Sedang,Pokok Utama,109.24492080623216,-0.42947412693865594,1842,109.24492829,-0.42948911,4.68,0.49,0.49,Healthy,Good
AME II,E002A,E02,2009,24,24,82884,0.44109817573627486,Stres Sedang,0.4580429147149449,Stres Sedang,Pokok Utama,109.24500629600146,-0.4294741467052267,1268,109.24502531,-0.42948055,5.79,0.468,0.468,Healthy,Good
AME II,E002A,E02,2009,24,25,82904,0.4233931648475042,Stres Sedang,0.4446018442846667,Stres Sedang,Pokok Utama,109.24508615356265,-0.42947033634681425,2275,109.24506664,-0.42944212,4.06,0.499,0.499,Healthy,Good
AME II,E002A,E02,2009,25,1,82645,0.3920575796300862,Stres Berat,0.4436299430246144,Stres Sedang,Pokok Utama,109.24302877727096,-0.4294289054431527,293,109.24303295,-0.42942402,9.88,0.412,0.412,Healthy,Sub-Optimal
AME II,E002A,E02,2009,25,5,82691,0.38759384864752083,Stres Berat,0.40046933021923786,Stres Sedang,Pokok Utama,109.24342798022748,-0.42942962179570715,1105,109.24340529,-0.42940964,6.2,0.39,0.39,Healthy,Sub-Optimal
AME II,E002A,E02,2009,25,7,82726,0.4225124088957699,Stres Sedang,0.46061965694259904,Stres Sedang,Pokok Utama,109.24367405445135,-0.4294220382756863,1210,109.2437062,-0.42943412,5.93,0.498,0.498,Healthy,Good
AME II,E002A,E02,2009,25,8,82613,0.3944318420128182,Stres Berat,0.4361143659065979,Stres Sedang,Pokok Utama,109.24383500873394,-0.4294002004202283,615,109.24382972,-0.42941471,8.02,0.488,0.488,Healthy,Good
AME II,E002A,E02,2009,25,12,82636,0.38799338183725834,Stres Berat,0.4293112627327603,Stres Sedang,Pokok Utama,109.2441568357187,-0.42940715299039867,576,109.2441769,-0.42941388,8.27,0.404,0.404,Healthy,Sub-Optimal
AME II,E002A,E02,2009,25,13,82827,0.42517222553451156,Stres Sedang,0.48507621070823154,Stres Sedang,Pokok Utama,109.24424786463513,-0.4294171467002547,945,109.24425281,-0.42940169,6.65,0.432,0.432,Healthy,Moderate
AME II,E002A,E02,2009,25,14,82811,0.42591804264353617,Stres Sedang,0.48203200085752723,Stres Sedang,Pokok Utama,109.24433316154514,-0.42940797237518963,1432,109.24432872,-0.42938227,5.45,0.479,0.479,Healthy,Good
AME II,E002A,E02,2009,25,15,82804,0.4016111001934722,Stres Sedang,0.45332830655667705,Stres Sedang,Pokok Utama,109.244389648727,-0.42941564127062426,2171,109.24437677,-0.42943247,4.2,0.454,0.454,Healthy,Moderate
AME II,E002A,E02,2009,25,16,82797,0.3777150667934044,Stres Berat,0.4266019830996844,Stres Sedang,Pokok Utama,109.24447140875836,-0.42940417552481785,1978,109.24449175,-0.42941531,4.46,0.445,0.445,Healthy,Moderate
AME II,E002A,E02,2009,25,17,82790,0.3887213644512587,Stres Berat,0.42862788962687626,Stres Sedang,Pokok Utama,109.24455696862125,-0.42941185204667687,2151,109.24453532,-0.42938955,4.23,0.472,0.472,Healthy,Good
AME II,E002A,E02,2009,25,19,82871,0.41442599601644453,Stres Sedang,0.452266475569912,Stres Sedang,Pokok Utama,109.24472674390375,-0.42939849223757154,2552,109.24473428,-0.42942079,3.63,0.493,0.493,Healthy,Good
AME II,E002A,E02,2009,25,21,82846,0.3794717834999789,Stres Berat,0.419279539955963,Stres Sedang,Pokok Utama,109.2448846237377,-0.42941095296588844,1582,109.24490046,-0.42942535,5.17,0.488,0.488,Healthy,Good
AME II,E002A,E02,2009,25,22,82885,0.4244011874750204,Stres Sedang,0.44713886565163213,Stres Sedang,Pokok Utama,109.24497208611744,-0.4294109731859888,2248,109.24494987,-0.42940366,4.12,0.431,0.431,Healthy,Moderate
AME II,E002A,E02,2009,25,23,82905,0.4394629483301418,Stres Sedang,0.47765873320709107,Stres Sedang,Pokok Utama,109.24503967490212,-0.4294037842234997,2329,109.24502982,-0.4294082,3.97,0.525,0.525,Abnormal,Good
AME II,E002A,E02,2009,26,1,82678,0.437056538818971,Stres Sedang,0.44351032600232276,Stres Sedang,Pokok Utama,109.24305928119863,-0.429360624083821,244,109.24304688,-0.42937926,10.26,0.448,0.448,Healthy,Moderate
AME II,E002A,E02,2009,26,3,82669,0.4268664114495351,Stres Sedang,0.46935257268216796,Stres Sedang,Pokok Utama,109.24322851111138,-0.42934718189660004,899,109.24325844,-0.42933274,6.82,0.533,0.533,Healthy,Good
AME II,E002A,E02,2009,26,7,82621,0.4423342118095956,Stres Sedang,0.4510167498911659,Stres Sedang,Pokok Utama,109.243541122551,-0.429354295123676,398,109.24353555,-0.42937078,9.26,0.46,0.46,Healthy,Good
AME II,E002A,E02,2009,26,8,82619,0.46703395758356364,Stres Sedang,0.46743592372588627,Stres Sedang,Pokok Utama,109.2436457285538,-0.42933414522679164,448,109.24365188,-0.42931971,8.99,0.513,0.513,Healthy,Good
AME II,E002A,E02,2009,26,9,82617,0.41359719343252266,Stres Sedang,0.4207554184707335,Stres Sedang,Pokok Utama,109.24370596276958,-0.42936388812157983,372,109.24368602,-0.42933419,9.4,0.477,0.477,Healthy,Good
AME II,E002A,E02,2009,26,11,82762,0.371857119126874,Stres Berat,0.3277413247446793,Stres Berat,Mati Jan26,109.24389169392278,-0.4293431339199231,452,109.24390025,-0.42935323,8.91,0.364,0.364,Suspect,Critical
AME II,E002A,E02,2009,26,12,82752,0.46184115878751747,Stres Sedang,0.48044494507766156,Stres Sedang,Pokok Utama,109.24396677147519,-0.429340369647456,133,109.24396942,-0.42932521,11.51,0.531,0.531,Healthy,Good
AME II,E002A,E02,2009,26,16,82812,0.3795833503538788,Stres Berat,0.4638891782439534,Stres Sedang,Pokok Utama,109.24426628781202,-0.4293443039044931,1165,109.24429504,-0.4293384,6.03,0.503,0.503,Healthy,Good
AME II,E002A,E02,2009,26,17,82805,0.38295770804497753,Stres Berat,0.43591250606792115,Stres Sedang,Pokok Utama,109.24434951559464,-0.42934475450211707,1474,109.24436331,-0.42935289,5.37,0.462,0.462,Healthy,Good
AME II,E002A,E02,2009,26,18,82798,0.3657117199155746,Stres Berat,0.416772990550462,Stres Sedang,Pokok Utama,109.24442982787491,-0.4293399739340161,2620,109.24445584,-0.42933663,3.46,0.432,0.432,Abnormal,Moderate
AME II,E002A,E02,2009,26,20,82782,0.47551320286485915,Stres Sedang,0.4918668136175099,Stres Sedang,Pokok Utama,109.24460697240964,-0.42933529894763633,1687,109.24462247,-0.42934209,4.99,0.43,0.43,Healthy,Moderate
AME II,E002A,E02,2009,26,21,82872,0.4184442644719513,Stres Sedang,0.4386345245579139,Stres Sedang,Pokok Utama,109.24467739229384,-0.42934102138261226,1946,109.24469388,-0.42931679,4.51,0.423,0.423,Healthy,Sub-Optimal
AME II,E002A,E02,2009,26,23,82847,0.38338306071383593,Stres Berat,0.4128139648669196,Stres Sedang,Pokok Utama,109.24484094442559,-0.4293430097739345,1724,109.24483491,-0.42933807,4.92,0.419,0.419,Healthy,Sub-Optimal
AME II,E002A,E02,2009,26,24,82886,0.3923218234712934,Stres Berat,0.42922245226677497,Stres Sedang,Pokok Utama,109.24492457128848,-0.42932674078794025,2580,109.24493327,-0.4293399,3.57,0.481,0.481,Abnormal,Good
AME II,E002A,E02,2009,26,26,82923,0.4023617774564049,Stres Sedang,0.40550990883294524,Stres Sedang,Pokok Utama,109.24511090066028,-0.42934209642884563,238,109.24512371,-0.42932458,10.36,0.456,0.456,Healthy,Moderate
AME II,E002A,E02,2009,26,27,82914,0.4277774441352387,Stres Sedang,0.3142058924757586,Stres Berat,Mati Jan26,109.2451745318694,-0.4293418100021936,343,109.24515334,-0.42935985,9.58,0.403,0.403,Healthy,Sub-Optimal
AME II,E002A,E02,2009,27,1,82677,0.4517746724080819,Stres Sedang,0.46912578835112084,Stres Sedang,Pokok Utama,109.24304173725096,-0.4292768969668257,189,109.24304825,-0.42928747,10.89,0.452,0.452,Healthy,Moderate
AME II,E002A,E02,2009,27,3,82670,0.405050962766767,Stres Sedang,0.4280404928404399,Stres Sedang,Pokok Utama,109.24319531031428,-0.4292591665639748,1740,109.24319647,-0.42927485,4.88,0.44,0.44,Healthy,Moderate
AME II,E002A,E02,2009,27,5,82962,0.42988968876220623,Stres Sedang,0.45826580670323813,Stres Sedang,Pokok Utama,109.2433459316682,-0.42928862289943726,1243,109.24338061,-0.42929478,5.86,0.438,0.438,Healthy,Moderate
AME II,E002A,E02,2009,27,8,82620,0.46491259084472586,Stres Sedang,0.47428873024630147,Stres Sedang,Pokok Utama,109.2435794786767,-0.42925287104609866,764,109.24354725,-0.42923921,7.31,0.577,0.577,Healthy,Good
AME II,E002A,E02,2009,27,9,82618,0.3712267829459951,Stres Berat,0.39262442519515084,Stres Berat,Pokok Utama,109.24368397323214,-0.42925660737664073,362,109.2436793,-0.42923652,9.46,0.392,0.392,Healthy,Sub-Optimal
AME II,E002A,E02,2009,27,10,82615,0.39096955838784087,Stres Berat,0.410445016756788,Stres Sedang,Pokok Utama,109.24375622111067,-0.42927002223886807,1394,109.24377361,-0.42928764,5.53,0.409,0.409,Healthy,Sub-Optimal
AME II,E002A,E02,2009,27,15,82813,0.40935022538777144,Stres Sedang,0.4623759018231499,Stres Sedang,Pokok Utama,109.24423706580923,-0.429290128476082,889,109.24422544,-0.42929453,6.85,0.52,0.52,Healthy,Good
AME II,E002A,E02,2009,27,16,82806,0.3653403811865458,Stres Berat,0.4273358635653546,Stres Sedang,Pokok Utama,109.24432224040626,-0.42926977692795265,761,109.24429641,-0.42924797,7.34,0.454,0.454,Healthy,Moderate
AME II,E002A,E02,2009,27,17,82799,0.37146059499752804,Stres Berat,0.43062130372327073,Stres Sedang,Pokok Utama,109.24439549552746,-0.4292702812829866,1082,109.24439522,-0.42928281,6.26,0.433,0.433,Healthy,Moderate
AME II,E002A,E02,2009,27,18,82792,0.38180235797228407,Stres Berat,0.4301203503269231,Stres Sedang,Pokok Utama,109.24449276388792,-0.4292762785015589,2709,109.24447561,-0.42928509,3.3,0.382,0.382,Healthy,Critical
AME II,E002A,E02,2009,27,19,82783,0.413257282578108,Stres Sedang,0.44517961237551607,Stres Sedang,Pokok Utama,109.24455755334807,-0.4292663796000984,2801,109.2445587,-0.42929686,3.12,0.473,0.473,Abnormal,Good
AME II,E002A,E02,2009,27,24,82907,0.40843666646909754,Stres Sedang,0.42039284371163727,Stres Sedang,Pokok Utama,109.24496641381059,-0.42927179683140393,2398,109.24496202,-0.42929877,3.88,0.429,0.429,Abnormal,Sub-Optimal
AME II,E002A,E02,2009,27,25,82915,0.43879525752418375,Stres Sedang,0.4358565937073443,Stres Sedang,Pokok Utama,109.24512422786692,-0.4292655357305015,253,109.24510395,-0.42929247,10.2,0.515,0.515,Healthy,Good
AME II,E002A,E02,2009,27,26,82927,0.4054937773949419,Stres Sedang,0.4105746094830611,Stres Sedang,Pokok Utama,109.2452130939005,-0.42926713698830427,230,109.24521894,-0.42926446,10.47,0.451,0.451,Healthy,Moderate
AME II,E002A,E02,2009,28,1,82676,0.4507338010388833,Stres Sedang,0.4665519959864297,Stres Sedang,Pokok Utama,109.24303711007511,-0.4291516825270047,143,109.24304335,-0.42913193,11.32,0.468,0.468,Healthy,Good
AME II,E002A,E02,2009,28,2,82671,0.4630778957748984,Stres Sedang,0.4707038300828292,Stres Sedang,Pokok Utama,109.24311584128566,-0.42917072907505044,1462,109.24310891,-0.42917671,5.4,0.482,0.482,Healthy,Good
AME II,E002A,E02,2009,28,3,82948,0.4186381747055313,Stres Sedang,0.4344133092339175,Stres Sedang,Pokok Utama,109.24320130025163,-0.42916364554251824,1053,109.24320188,-0.42918758,6.32,0.429,0.429,Healthy,Sub-Optimal
AME II,E002A,E02,2009,28,4,82963,0.41408213009615186,Stres Sedang,0.4218789981843187,Stres Sedang,Pokok Utama,109.24329215967187,-0.4291840133695812,609,109.24332045,-0.42918761,8.04,0.444,0.444,Healthy,Moderate
AME II,E002A,E02,2009,28,6,82973,0.4040784304933701,Stres Sedang,0.4308230073559553,Stres Sedang,Pokok Utama,109.24340722422227,-0.42920737009084964,970,109.2434251,-0.42918718,6.56,0.46,0.46,Healthy,Good
AME II,E002A,E02,2009,28,9,83006,0.4238902964709118,Stres Sedang,0.4349131938876011,Stres Sedang,Pokok Utama,109.243714485048,-0.42920886271137665,587,109.24369233,-0.42919809,8.17,0.448,0.448,Healthy,Moderate
AME II,E002A,E02,2009,28,10,83003,0.42076275346718117,Stres Sedang,0.4528920506577999,Stres Sedang,Pokok Utama,109.24379049653977,-0.4291993543591818,2433,109.24380597,-0.42917235,3.82,0.413,0.413,Abnormal,Sub-Optimal
AME II,E002A,E02,2009,28,11,82936,0.43481000647292534,Stres Sedang,0.47866137686217963,Stres Sedang,Pokok Utama,109.2438874798015,-0.4292145971089938,688,109.2438648,-0.42922979,7.71,0.526,0.526,Healthy,Good
AME II,E002A,E02,2009,28,13,82832,0.43343610060066023,Stres Sedang,0.4643677716913561,Stres Sedang,Pokok Utama,109.2440273997112,-0.42919835019374025,641,109.24404446,-0.42920677,7.87,0.389,0.389,Healthy,Critical
AME II,E002A,E02,2009,28,14,82830,0.4098524797517275,Stres Sedang,0.437717371758398,Stres Sedang,Pokok Utama,109.24409139500419,-0.4292045332408038,794,109.24409925,-0.42919457,7.18,0.43,0.43,Healthy,Moderate
AME II,E002A,E02,2009,28,15,82808,0.4129862634343082,Stres Sedang,0.43088494044227094,Stres Sedang,Pokok Utama,109.24417886083721,-0.42918923998976244,1521,109.24417605,-0.42920815,5.28,0.429,0.429,Healthy,Sub-Optimal
AME II,E002A,E02,2009,28,16,82807,0.38546861192276854,Stres Berat,0.44764060617030205,Stres Sedang,Pokok Utama,109.24427433965195,-0.42919598012982235,1283,109.24426768,-0.42921451,5.76,0.468,0.468,Healthy,Good
AME II,E002A,E02,2009,28,17,82800,0.4257050989243309,Stres Sedang,0.4531800949684426,Stres Sedang,Pokok Utama,109.24434874773408,-0.4291904566628126,2401,109.24437053,-0.42921227,3.87,0.511,0.511,Abnormal,Good
AME II,E002A,E02,2009,28,18,82793,0.39834294036772383,Stres Berat,0.4333354019098454,Stres Sedang,Pokok Utama,109.2444339803385,-0.4291993566225506,1461,109.24443926,-0.42917069,5.4,0.436,0.436,Healthy,Moderate
AME II,E002A,E02,2009,28,19,82784,0.418333741892586,Stres Sedang,0.4308815621591818,Stres Sedang,Pokok Utama,109.24451625886783,-0.42919885295237375,2177,109.24450258,-0.4291906,4.2,0.481,0.481,Healthy,Good
AME II,E002A,E02,2009,28,20,82874,0.4526656676459267,Stres Sedang,0.4492663478919397,Stres Sedang,Pokok Utama,109.24458906966889,-0.42918220165919047,2842,109.24461307,-0.42919333,3.0,0.493,0.493,Abnormal,Good
AME II,E002A,E02,2009,28,24,82918,0.4610597057437171,Stres Sedang,0.4720321782258025,Stres Sedang,Pokok Utama,109.2450193333748,-0.42917171982710217,543,109.24502403,-0.42917851,8.4,0.469,0.469,Healthy,Good
AME II,E002A,E02,2009,28,26,82928,0.4051162942895936,Stres Sedang,0.4291606979789888,Stres Sedang,Pokok Utama,109.2451708792341,-0.429197125081032,197,109.24516505,-0.4292233,10.8,0.478,0.478,Healthy,Good
AME II,E002A,E02,2009,29,5,83004,0.3983070564604403,Stres Berat,0.4452273699027677,Stres Sedang,Pokok Utama,109.24374436555014,-0.42911703855076966,347,109.24374266,-0.42911175,9.55,0.448,0.448,Healthy,Moderate
AME II,E002A,E02,2009,29,8,82833,0.41546705099407133,Stres Sedang,0.4472011434902977,Stres Sedang,Pokok Utama,109.24399060600929,-0.42912116483787127,1060,109.24402157,-0.4291204,6.3,0.48,0.48,Healthy,Good
AME II,E002A,E02,2009,29,9,83069,0.4021728141607472,Stres Sedang,0.42773058606224473,Stres Sedang,Pokok Utama,109.2440496620747,-0.4291256457464654,1060,109.24402157,-0.4291204,6.3,0.48,0.48,Healthy,Good
AME II,E002A,E02,2009,29,10,83146,0.39215522801150055,Stres Berat,0.41248324913845286,Stres Sedang,Pokok Utama,109.24415081292194,-0.42911517830471213,1433,109.24416035,-0.42913716,5.45,0.458,0.458,Healthy,Moderate
AME II,E002A,E02,2009,29,11,83119,0.36936096302288063,Stres Berat,0.419363250326116,Stres Sedang,Pokok Utama,109.24423979615267,-0.42913047526627973,1410,109.24422862,-0.42911095,5.5,0.457,0.457,Healthy,Moderate
AME II,E002A,E02,2009,29,12,83148,0.3770450780924399,Stres Berat,0.4128932261931664,Stres Sedang,Pokok Utama,109.24441078512602,-0.4291243022201809,281,109.24441277,-0.42910331,10.01,0.342,0.342,Suspect,Critical
AME II,E002A,E02,2009,29,13,82877,0.39202541820471914,Stres Berat,0.4322110293505786,Stres Sedang,Pokok Utama,109.24448585531565,-0.4291184533523287,1322,109.24446711,-0.42914266,5.68,0.458,0.458,Healthy,Moderate
AME II,E002A,E02,2009,29,14,82875,0.4274355233266901,Stres Sedang,0.4397623342583118,Stres Sedang,Pokok Utama,109.24455579133236,-0.4291228210214795,1228,109.24456773,-0.42909475,5.88,0.449,0.449,Healthy,Moderate
AME II,E002A,E02,2009,29,15,82861,0.44918480989755305,Stres Sedang,0.4414159408187551,Stres Sedang,Pokok Utama,109.24463873629277,-0.42912666810460426,2086,109.24461308,-0.42913727,4.32,0.52,0.52,Healthy,Good
AME II,E002A,E02,2009,29,18,82889,0.42802073281864034,Stres Sedang,0.4479757500120061,Stres Sedang,Pokok Utama,109.24480341617965,-0.4291228420665164,1426,109.24482508,-0.42912601,5.47,0.483,0.483,Healthy,Good
AME II,E002A,E02,2009,29,20,82919,0.38815741019693967,Stres Berat,0.41451189106235775,Stres Sedang,Pokok Utama,109.2449619274069,-0.4291278478369985,308,109.24496566,-0.42911338,9.77,0.457,0.457,Healthy,Moderate
AME II,E002A,E02,2009,29,22,82929,0.4475878644871394,Stres Sedang,0.45470624282902455,Stres Sedang,Pokok Utama,109.24512623277937,-0.42912385531291247,389,109.24512509,-0.42915457,9.3,0.489,0.489,Healthy,Good
AME II,E002A,E02,2009,29,23,82931,0.39096738938794057,Stres Berat,0.4098465810136017,Stres Sedang,Pokok Utama,109.24521552538249,-0.4291219977005742,250,109.24519022,-0.42912474,10.21,0.499,0.499,Healthy,Good
AME II,E002A,E02,2009,30,1,82672,0.4448152827218009,Stres Sedang,0.4609048305796775,Stres Sedang,Pokok Utama,109.2430569173688,-0.42906752365497347,225,109.24305369,-0.42909079,10.53,0.423,0.423,Healthy,Sub-Optimal
AME II,E002A,E02,2009,30,4,82979,0.44260607776124417,Stres Sedang,0.4821730471294755,Stres Sedang,Pokok Utama,109.24339327951108,-0.42906911975509393,274,109.24338425,-0.42908996,10.05,0.508,0.508,Healthy,Good
AME II,E002A,E02,2009,30,6,83009,0.44989001385507016,Stres Sedang,0.46955912270977235,Stres Sedang,Pokok Utama,109.24355248171506,-0.42906088399825204,542,109.24354684,-0.42908864,8.4,0.495,0.495,Healthy,Good
AME II,E002A,E02,2009,30,8,83005,0.4210256653821387,Stres Sedang,0.44049367041503495,Stres Sedang,Pokok Utama,109.24372860016173,-0.4290490683939689,1078,109.24374223,-0.42902222,6.27,0.469,0.469,Healthy,Good
AME II,E002A,E02,2009,30,9,83039,0.3843376759534812,Stres Berat,0.44062497080194785,Stres Sedang,Pokok Utama,109.24387233714087,-0.42907476393095223,1025,109.24386932,-0.4290652,6.38,0.386,0.386,Healthy,Critical
AME II,E002A,E02,2009,30,10,82834,0.43915159400870896,Stres Sedang,0.4701472784295459,Stres Sedang,Pokok Utama,109.24395352570299,-0.4290599674983195,1279,109.24393939,-0.42906522,5.77,0.471,0.471,Healthy,Good
AME II,E002A,E02,2009,30,12,83147,0.4137573274133002,Stres Sedang,0.41720465302360016,Stres Sedang,Pokok Utama,109.24410923170045,-0.42903670863331367,202,109.2441213,-0.42902909,10.77,0.434,0.434,Healthy,Moderate
AME II,E002A,E02,2009,30,13,83163,0.39915342123866115,Stres Berat,0.4271187807257111,Stres Sedang,Pokok Utama,109.24419954551693,-0.429039122290096,118,109.24421607,-0.4290264,11.79,0.368,0.368,Suspect,Critical
AME II,E002A,E02,2009,30,14,83161,0.3735832598556331,Stres Berat,0.43590626663568144,Stres Sedang,Pokok Utama,109.24427687110486,-0.4290457985434916,330,109.24429735,-0.42907118,9.65,0.519,0.519,Healthy,Good
AME II,E002A,E02,2009,30,15,82876,0.4018497462257727,Stres Sedang,0.42440429506915633,Stres Sedang,Pokok Utama,109.24451774684199,-0.4290433221505713,601,109.24451474,-0.42903506,8.06,0.434,0.434,Healthy,Moderate
AME II,E002A,E02,2009,30,17,82894,0.3387934010660214,Stres Berat,0.36516465210420446,Stres Berat,Pokok Utama,109.24468372767697,-0.42906200723561494,3090,109.24467911,-0.42908619,2.33,0.459,0.459,Abnormal,Moderate
AME II,E002A,E02,2009,30,18,82890,0.3900866507594265,Stres Berat,0.4117058833970998,Stres Sedang,Pokok Utama,109.24475734904922,-0.42905970108826086,861,109.24476445,-0.429074,6.94,0.384,0.384,Healthy,Critical
AME II,E002A,E02,2009,30,21,82932,0.43651485377535554,Stres Sedang,0.429383613963713,Stres Sedang,Pokok Utama,109.2451591317586,-0.429054496486077,94,109.24517407,-0.42906098,12.15,0.447,0.447,Healthy,Moderate
AME II,E002A,E02,2009,31,1,82958,0.4361511028225368,Stres Sedang,0.45738384517353314,Stres Sedang,Pokok Utama,109.24304338326662,-0.42898003195143625,153,109.24304832,-0.42899131,11.22,0.439,0.439,Healthy,Moderate
AME II,E002A,E02,2009,31,2,82955,0.4348289758899585,Stres Sedang,0.45600671416467375,Stres Sedang,Pokok Utama,109.24309907726176,-0.42898756229643237,1719,109.24312288,-0.4289755,4.93,0.417,0.417,Healthy,Sub-Optimal
AME II,E002A,E02,2009,31,5,82980,0.4252609761677058,Stres Sedang,0.45715096490938406,Stres Sedang,Pokok Utama,109.24334873048969,-0.4289942530733939,717,109.24336271,-0.42899998,7.56,0.562,0.562,Healthy,Good
AME II,E002A,E02,2009,31,6,83010,0.4231527011584794,Stres Sedang,0.4621494208883224,Stres Sedang,Pokok Utama,109.2434992974766,-0.4289825030027245,1286,109.24349431,-0.42900317,5.76,0.437,0.437,Healthy,Moderate
AME II,E002A,E02,2009,31,7,83019,0.4234090154263013,Stres Sedang,0.4271610805426233,Stres Sedang,Pokok Utama,109.24359332224093,-0.4289958324579314,2250,109.24361557,-0.42901902,4.12,0.46,0.46,Healthy,Good
AME II,E002A,E02,2009,31,11,82835,0.430491790333058,Stres Sedang,0.467184221971995,Stres Sedang,Pokok Utama,109.24391793919226,-0.428975286658194,1778,109.24392145,-0.42895444,4.82,0.594,0.594,Healthy,Good
AME II,E002A,E02,2009,31,12,83071,0.38899473211272123,Stres Berat,0.39645483861566844,Stres Berat,Pokok Utama,109.24399874757934,-0.4289810874458217,1407,109.24397444,-0.42898746,5.5,0.443,0.443,Healthy,Moderate
AME II,E002A,E02,2009,31,13,83150,0.3912093360205086,Stres Berat,0.4563761599728612,Stres Sedang,Pokok Utama,109.24432545046653,-0.42897598760444855,436,109.24431399,-0.42899432,9.05,0.495,0.495,Healthy,Good
AME II,E002A,E02,2009,31,14,83181,0.34988695303642264,Stres Berat,0.38471515434180054,Stres Berat,Pokok Utama,109.24438808189413,-0.4289873972006767,394,109.24441549,-0.42898665,9.27,0.356,0.356,Suspect,Critical
AME II,E002A,E02,2009,31,15,82899,0.44559110442602873,Stres Sedang,0.4496568739682704,Stres Sedang,Pokok Utama,109.24456950748501,-0.42899502983629073,381,109.24455158,-0.4290007,9.35,0.42,0.42,Healthy,Sub-Optimal
AME II,E002A,E02,2009,31,16,82891,0.4091078557371931,Stres Sedang,0.42868459008184506,Stres Sedang,Pokok Utama,109.24472063691172,-0.4289871231536047,404,109.24470653,-0.4290039,9.24,0.412,0.412,Healthy,Sub-Optimal
AME II,E002A,E02,2009,31,17,82910,0.4219134323367731,Stres Sedang,0.43701754335884574,Stres Sedang,Pokok Utama,109.2448101109915,-0.4289850630177809,551,109.2448004,-0.42901116,8.38,0.514,0.514,Healthy,Good
AME II,E002A,E02,2009,31,18,82921,0.33078298395249384,Stres Berat,0.348156435326771,Stres Berat,Pokok Utama,109.24489949001783,-0.4289862447871895,1445,109.24491045,-0.42897682,5.42,0.436,0.436,Healthy,Moderate
AME II,E002A,E02,2009,31,19,82896,0.41059716037895155,Stres Sedang,0.4059821724551984,Stres Sedang,Pokok Utama,109.24500137808445,-0.42896135746583547,489,109.24498276,-0.42896011,8.71,0.438,0.438,Healthy,Moderate
AME II,E002A,E02,2009,31,20,82933,0.438236853035371,Stres Sedang,0.4468053372441988,Stres Sedang,Pokok Utama,109.24512239297046,-0.42897267564331865,177,109.24514085,-0.42897552,11.02,0.476,0.476,Healthy,Good
AME II,E002A,E02,2009,31,21,82934,0.4399576626428288,Stres Sedang,0.4402334598098247,Stres Sedang,Pokok Utama,109.24522696575971,-0.4289803565310512,106,109.24524326,-0.42898368,12.01,0.446,0.446,Healthy,Moderate
AME II,E002A,E02,2009,32,1,82956,0.44086747974975943,Stres Sedang,0.447246787792643,Stres Sedang,Pokok Utama,109.24305681247434,-0.4289248834425126,419,109.24304384,-0.42895107,9.17,0.453,0.453,Healthy,Moderate
AME II,E002A,E02,2009,32,2,82951,0.4468444302872895,Stres Sedang,0.466455530483659,Stres Sedang,Pokok Utama,109.2431486424528,-0.42892367753154037,423,109.24317095,-0.42889684,9.15,0.419,0.419,Healthy,Sub-Optimal
AME II,E002A,E02,2009,32,3,82966,0.3979570189728052,Stres Berat,0.4293463458790347,Stres Sedang,Pokok Utama,109.24323376776019,-0.42892227112296555,1067,109.24326347,-0.4289267,6.29,0.525,0.525,Healthy,Good
AME II,E002A,E02,2009,32,4,82981,0.39258880853782424,Stres Berat,0.41321235361691705,Stres Sedang,Pokok Utama,109.24332088695725,-0.4289339251157991,1385,109.24333219,-0.42893622,5.55,0.457,0.457,Healthy,Moderate
AME II,E002A,E02,2009,32,5,82994,0.40573868193593965,Stres Sedang,0.40649034604363055,Stres Sedang,Pokok Utama,109.24339738877433,-0.42892885066861597,1133,109.24341168,-0.42892855,6.09,0.485,0.485,Healthy,Good
AME II,E002A,E02,2009,32,6,83011,0.4116371843110107,Stres Sedang,0.42695533003912967,Stres Sedang,Pokok Utama,109.24346393728908,-0.42892168769306743,1218,109.24348624,-0.42892992,5.91,0.481,0.481,Healthy,Good
AME II,E002A,E02,2009,32,7,83020,0.44196606718940384,Stres Sedang,0.45212860112439707,Stres Sedang,Pokok Utama,109.24354207887696,-0.4289226769737783,1371,109.24355496,-0.4289426,5.57,0.478,0.478,Healthy,Good
AME II,E002A,E02,2009,32,8,83029,0.41738893686105377,Stres Sedang,0.44867456584712545,Stres Sedang,Pokok Utama,109.24364001636881,-0.42890912873203163,3026,109.24363445,-0.42894352,2.55,0.505,0.505,Abnormal,Good
AME II,E002A,E02,2009,32,9,82940,0.43555908340512167,Stres Sedang,0.47479491643014166,Stres Sedang,Pokok Utama,109.2437192619177,-0.42891023220776714,2861,109.2437198,-0.42890827,2.96,0.433,0.433,Healthy,Moderate
AME II,E002A,E02,2009,32,10,83041,0.40453106361181557,Stres Sedang,0.4663305009292847,Stres Sedang,Pokok Utama,109.24378109722802,-0.4289226255008092,2468,109.24378222,-0.42894491,3.78,0.398,0.398,Healthy,Sub-Optimal
AME II,E002A,E02,2009,32,12,83072,0.4161892410043789,Stres Sedang,0.4539447775070924,Stres Sedang,Pokok Utama,109.24396164068567,-0.4289064684352778,264,109.24397042,-0.42889657,10.13,0.444,0.444,Healthy,Moderate
AME II,E002A,E02,2009,32,13,83131,0.41406726082576695,Stres Sedang,0.44355215126413966,Stres Sedang,Pokok Utama,109.24404487386447,-0.4289028695480998,335,109.24405934,-0.42891378,9.63,0.383,0.383,Healthy,Critical
AME II,E002A,E02,2009,32,14,83130,0.4387777832102561,Stres Sedang,0.45780346725060017,Stres Sedang,Pokok Utama,109.24411255973169,-0.4289109687517342,333,109.24411145,-0.42890113,9.63,0.416,0.416,Healthy,Sub-Optimal
AME II,E002A,E02,2009,32,16,83151,0.39802153694402914,Stres Berat,0.4383058760002779,Stres Sedang,Pokok Utama,109.24427531010083,-0.4289148993750504,673,109.24426684,-0.42894412,7.76,0.442,0.442,Healthy,Moderate
AME II,E002A,E02,2009,32,17,83182,0.39124216478016144,Stres Berat,0.4114311994998709,Stres Sedang,Pokok Utama,109.24435646994802,-0.4289079151978472,1484,109.24437375,-0.42888536,5.36,0.481,0.481,Healthy,Good
AME II,E002A,E02,2009,32,18,83193,0.3978460783867732,Stres Berat,0.4095332594281124,Stres Sedang,Pokok Utama,109.2444379300144,-0.4288882645110249,2678,109.24443438,-0.42888357,3.35,0.512,0.512,Abnormal,Good
AME II,E002A,E02,2009,32,21,82911,0.430360515555848,Stres Sedang,0.4385565440170467,Stres Sedang,Pokok Utama,109.24476058314367,-0.42890859813943166,1522,109.24473799,-0.42891665,5.28,0.477,0.477,Healthy,Good
AME II,E002A,E02,2009,32,22,83717,0.3315543307253353,Stres Berat,0.34841040910488846,Stres Berat,Pokok Utama,109.2448316202222,-0.4289179297753854,1596,109.24486465,-0.42891306,5.15,0.395,0.395,Healthy,Sub-Optimal
AME II,E002A,E02,2009,32,23,83218,0.41059716037895155,Stres Sedang,0.45620404283683125,Stres Sedang,Pokok Utama,109.2450015596655,-0.4289016535716008,200,109.24497334,-0.4289063,10.79,0.463,0.463,Healthy,Good
AME II,E002A,E02,2009,33,3,82967,0.4156832487233994,Stres Sedang,0.40898224331172367,Stres Sedang,Pokok Utama,109.24320206973839,-0.4288697943399785,1780,109.24321902,-0.42888193,4.82,0.465,0.465,Healthy,Good
AME II,E002A,E02,2009,33,6,83012,0.4075345000089039,Stres Sedang,0.447376593271103,Stres Sedang,Pokok Utama,109.24345242377987,-0.4288206771105642,2919,109.24344944,-0.42882049,2.84,0.436,0.436,Healthy,Moderate
AME II,E002A,E02,2009,33,8,82941,0.4372409497440137,Stres Sedang,0.482399805803193,Stres Sedang,Pokok Utama,109.2436855459721,-0.42884369122648924,1229,109.24367804,-0.42885943,5.88,0.559,0.559,Healthy,Good
AME II,E002A,E02,2009,33,9,83042,0.4091863326967378,Stres Sedang,0.45348876867745375,Stres Sedang,Pokok Utama,109.24377626977721,-0.4288561798134973,1970,109.24379527,-0.42883052,4.47,0.427,0.427,Healthy,Sub-Optimal
AME II,E002A,E02,2009,33,12,83166,0.4589005202589766,Stres Sedang,0.4733013012835213,Stres Sedang,Pokok Utama,109.24413145163544,-0.42881120224454156,283,109.24409844,-0.42882064,9.98,0.43,0.43,Healthy,Moderate
AME II,E002A,E02,2009,33,13,83165,0.4182778473005318,Stres Sedang,0.44303459375649246,Stres Sedang,Pokok Utama,109.24415454298789,-0.4288532603917582,1148,109.24418377,-0.42883242,6.06,0.437,0.437,Healthy,Moderate
AME II,E002A,E02,2009,33,15,83183,0.3848671835767776,Stres Berat,0.43205333049502753,Stres Sedang,Pokok Utama,109.24432441954279,-0.428836749974056,2583,109.2443522,-0.42882025,3.55,0.434,0.434,Abnormal,Moderate
AME II,E002A,E02,2009,33,16,83194,0.40123303037891567,Stres Sedang,0.4351485962004596,Stres Sedang,Pokok Utama,109.24441560315641,-0.4288419716816816,2425,109.24442092,-0.4288379,3.83,0.437,0.437,Abnormal,Moderate
AME II,E002A,E02,2009,33,17,82898,0.4140789611650578,Stres Sedang,0.41703474890251696,Stres Sedang,Pokok Utama,109.24447914403001,-0.42883590762853224,1706,109.24450984,-0.42885465,4.96,0.451,0.451,Healthy,Moderate
AME II,E002A,E02,2009,33,18,82897,0.42785468742125765,Stres Sedang,0.42050370637501844,Stres Sedang,Pokok Utama,109.24457095821943,-0.42884910634102924,2613,109.24455969,-0.42886732,3.47,0.477,0.477,Abnormal,Good
AME II,E002A,E02,2009,33,19,82893,0.3717358447225607,Stres Berat,0.3819843322190749,Stres Berat,Pokok Utama,109.24465849304634,-0.42883858056768387,979,109.24468186,-0.428847,6.53,0.414,0.414,Healthy,Sub-Optimal
AME II,E002A,E02,2009,33,20,82912,0.4081985754679414,Stres Sedang,0.4282973302044691,Stres Sedang,Pokok Utama,109.24473645114259,-0.4288290283246163,444,109.24476182,-0.42881401,9.01,0.436,0.436,Healthy,Moderate
AME II,E002A,E02,2009,33,21,83319,0.3845950145683818,Stres Berat,0.40886499156527667,Stres Sedang,Pokok Utama,109.24480872227657,-0.42884700719325913,683,109.24482963,-0.42884297,7.73,0.465,0.465,Healthy,Good
AME II,E002A,E02,2009,33,23,83362,0.4745719203700635,Stres Sedang,0.502290127390396,Stres Ringan,Pokok Utama,109.24504321625217,-0.42884267365248485,1446,109.24505735,-0.42883126,5.42,0.487,0.487,Healthy,Good
AME II,E002A,E02,2009,34,3,82996,0.4121712105927083,Stres Sedang,0.44381928680931965,Stres Sedang,Pokok Utama,109.24330361041268,-0.42880012137971885,1790,109.24333581,-0.4287956,4.79,0.476,0.476,Healthy,Good
AME II,E002A,E02,2009,34,4,83013,0.3728743792430769,Stres Berat,0.39018882525747134,Stres Berat,Pokok Utama,109.24338204410589,-0.42878458730231134,3174,109.24341351,-0.42879833,1.7,0.393,0.393,Healthy,Sub-Optimal
AME II,E002A,E02,2009,34,5,83022,0.41352600100637293,Stres Sedang,0.4190002708616752,Stres Sedang,Pokok Utama,109.24346197364682,-0.42877597962436353,2818,109.24345215,-0.42874724,3.08,0.457,0.457,Healthy,Moderate
AME II,E002A,E02,2009,34,6,83031,0.45184308324550637,Stres Sedang,0.4447415483237529,Stres Sedang,Pokok Utama,109.24355427080484,-0.42877057603447866,2587,109.24354151,-0.42880017,3.54,0.458,0.458,Healthy,Moderate
AME II,E002A,E02,2009,34,8,83043,0.4130298939329441,Stres Sedang,0.44272665689287605,Stres Sedang,Pokok Utama,109.24369785542983,-0.42878677542955984,1660,109.24368838,-0.42880789,5.03,0.496,0.496,Healthy,Good
AME II,E002A,E02,2009,34,9,83089,0.34262853191153647,Stres Berat,0.3875884431539677,Stres Berat,Pokok Utama,109.24378817413175,-0.428767654910686,2270,109.24377686,-0.42879389,4.07,0.454,0.454,Healthy,Moderate
AME II,E002A,E02,2009,34,10,83074,0.36486689090664076,Stres Berat,0.4354664685850895,Stres Sedang,Pokok Utama,109.24387848866725,-0.42876289110414584,511,109.24390623,-0.42875097,8.57,0.429,0.429,Healthy,Sub-Optimal
AME II,E002A,E02,2009,34,12,83176,0.4376380749685886,Stres Sedang,0.4413439993852608,Stres Sedang,Pokok Utama,109.2440490778766,-0.4287487872021801,1454,109.24404546,-0.42874919,5.41,0.43,0.43,Healthy,Moderate
AME II,E002A,E02,2009,34,14,83153,0.4245255324080999,Stres Sedang,0.46255121588133674,Stres Sedang,Pokok Utama,109.24419943261171,-0.42876204374254584,1639,109.24422242,-0.42875149,5.07,0.536,0.536,Healthy,Good
AME II,E002A,E02,2009,34,15,83184,0.40807531115818335,Stres Sedang,0.4533390816227184,Stres Sedang,Pokok Utama,109.2442783203436,-0.4287606358735873,1455,109.24430461,-0.4287601,5.41,0.479,0.479,Healthy,Good
AME II,E002A,E02,2009,34,16,83195,0.3706054339522407,Stres Berat,0.4224324927289182,Stres Sedang,Pokok Utama,109.2443493616856,-0.4287669389950755,2190,109.24434458,-0.42878272,4.18,0.376,0.376,Suspect,Critical
AME II,E002A,E02,2009,34,17,83234,0.4222146099838226,Stres Sedang,0.4585706199706049,Stres Sedang,Pokok Utama,109.24444872399168,-0.42876472830937945,1577,109.24443755,-0.42878003,5.18,0.457,0.457,Healthy,Moderate
AME II,E002A,E02,2009,34,20,83220,0.39442290784905026,Stres Berat,0.42391821592778023,Stres Sedang,Pokok Utama,109.2449350004379,-0.428758450766352,1944,109.24495092,-0.42876251,4.51,0.472,0.472,Healthy,Good
AME II,E002A,E02,2009,34,22,83383,0.46832450214985044,Stres Sedang,0.47965171662651096,Stres Sedang,Pokok Utama,109.24509591715898,-0.42876386309094033,1835,109.24508925,-0.42875983,4.69,0.482,0.482,Healthy,Good
AME II,E002A,E02,2009,34,23,83388,0.40951317108343327,Stres Sedang,0.42859831258278935,Stres Sedang,Pokok Utama,109.24517957451565,-0.4287714676997452,2004,109.24517773,-0.42876075,4.42,0.44,0.44,Healthy,Moderate
AME II,E002A,E02,2009,35,1,82972,0.4373766344071988,Stres Sedang,0.4070829140497978,Stres Sedang,Pokok Utama,109.24305442180983,-0.4287176763925251,86,109.24304389,-0.42871414,12.45,0.431,0.431,Healthy,Moderate
AME II,E002A,E02,2009,35,4,82997,0.4234938425107648,Stres Sedang,0.43729559460189193,Stres Sedang,Pokok Utama,109.24328217802393,-0.42872331851013135,1956,109.24327025,-0.42872957,4.49,0.418,0.418,Healthy,Sub-Optimal
AME II,E002A,E02,2009,35,5,83014,0.4426707960897993,Stres Sedang,0.4668904753050359,Stres Sedang,Pokok Utama,109.24336655189178,-0.42871616145526076,1772,109.24339107,-0.42871739,4.83,0.518,0.518,Healthy,Good
AME II,E002A,E02,2009,35,6,83023,0.4236526596296605,Stres Sedang,0.43842040959223366,Stres Sedang,Pokok Utama,109.24345783076251,-0.4286934067687201,3049,109.24343419,-0.42870474,2.48,0.386,0.386,Healthy,Critical
AME II,E002A,E02,2009,35,7,83032,0.440658382485513,Stres Sedang,0.4532251995823379,Stres Sedang,Pokok Utama,109.24351441268783,-0.4286990816792425,2110,109.24349259,-0.42867446,4.29,0.544,0.544,Healthy,Good
AME II,E002A,E02,2009,35,11,83134,0.4176235549261286,Stres Sedang,0.46396522084656944,Stres Sedang,Pokok Utama,109.24391387553153,-0.4286988375395453,706,109.24392959,-0.42868993,7.62,0.476,0.476,Healthy,Good
AME II,E002A,E02,2009,35,12,83177,0.4392349702751507,Stres Sedang,0.4478926886441041,Stres Sedang,Pokok Utama,109.24398979712977,-0.4286896203282926,1239,109.2440028,-0.4287008,5.86,0.47,0.47,Healthy,Good
AME II,E002A,E02,2009,35,14,83154,0.425819730512273,Stres Sedang,0.4454813393441817,Stres Sedang,Pokok Utama,109.24416886103637,-0.4286936360886835,1186,109.24417213,-0.42869451,5.99,0.456,0.456,Healthy,Moderate
AME II,E002A,E02,2009,35,15,83185,0.4138204687180518,Stres Sedang,0.44515062076494916,Stres Sedang,Pokok Utama,109.24424995233966,-0.4287035967226336,1392,109.24427048,-0.42871578,5.53,0.468,0.468,Healthy,Good
AME II,E002A,E02,2009,35,17,83235,0.40018753352001823,Stres Sedang,0.4464099848094845,Stres Sedang,Pokok Utama,109.24439577564722,-0.4286995257580966,1859,109.244425,-0.42868145,4.65,0.448,0.448,Healthy,Moderate
AME II,E002A,E02,2009,35,18,83254,0.4167310972619536,Stres Sedang,0.4409836095601956,Stres Sedang,Pokok Utama,109.24446802924798,-0.4286918857023021,1838,109.24449551,-0.42868599,4.69,0.521,0.521,Healthy,Good
AME II,E002A,E02,2009,35,20,83302,0.46261284170056144,Stres Sedang,0.46732347088308035,Stres Sedang,Pokok Utama,109.24463620142676,-0.4286967236632027,323,109.24466304,-0.42869372,9.68,0.433,0.433,Healthy,Moderate
AME II,E002A,E02,2009,35,22,83364,0.3957228572142082,Stres Berat,0.4392599229320897,Stres Sedang,Pokok Utama,109.24498479998609,-0.428706914240604,1885,109.24499764,-0.42870329,4.6,0.487,0.487,Healthy,Good
AME II,E002A,E02,2009,35,23,83384,0.4287003401490642,Stres Sedang,0.4631091768808113,Stres Sedang,Pokok Utama,109.24506832195213,-0.42869367823347987,2363,109.2450704,-0.42871145,3.93,0.476,0.476,Abnormal,Good
AME II,E002A,E02,2009,35,24,83389,0.4495444557447915,Stres Sedang,0.45388348969790315,Stres Sedang,Pokok Utama,109.2451263529905,-0.42869871865014114,1896,109.24515035,-0.42867348,4.57,0.486,0.486,Healthy,Good
AME II,E002A,E02,2009,35,25,83411,0.4208589285256547,Stres Sedang,0.4323284647824562,Stres Sedang,Pokok Utama,109.24522097194223,-0.4286987043132525,506,109.2452541,-0.42868888,8.58,0.42,0.42,Healthy,Sub-Optimal
AME II,E002A,E02,2009,36,2,82985,0.418060033143345,Stres Sedang,0.43295785437266415,Stres Sedang,Pokok Utama,109.24314699702117,-0.4286469984885753,1173,109.2431454,-0.42867528,6.0,0.435,0.435,Healthy,Moderate
AME II,E002A,E02,2009,36,7,82944,0.4933514356580695,Stres Sedang,0.4892489278090899,Stres Sedang,Pokok Utama,109.24355771051505,-0.4286316822251737,1872,109.24358063,-0.42861434,4.63,0.557,0.557,Healthy,Good
AME II,E002A,E02,2009,36,11,83172,0.3605864610283821,Stres Berat,0.42902045993164,Stres Sedang,Pokok Utama,109.24385693532498,-0.42860580234686546,1183,109.24384068,-0.4286239,5.99,0.52,0.52,Healthy,Good
AME II,E002A,E02,2009,36,13,83178,0.39943535629175747,Stres Berat,0.453097268491267,Stres Sedang,Pokok Utama,109.24394328714895,-0.4286068341996909,1237,109.24395612,-0.42857464,5.86,0.492,0.492,Healthy,Good
AME II,E002A,E02,2009,36,14,83169,0.45005146664825063,Stres Sedang,0.45864192683513566,Stres Sedang,Pokok Utama,109.24405397524569,-0.4286266829852862,1174,109.24405851,-0.42862349,6.0,0.432,0.432,Healthy,Moderate
AME II,E002A,E02,2009,36,15,83155,0.45229935978452096,Stres Sedang,0.45048443715314607,Stres Sedang,Pokok Utama,109.24411226788862,-0.4286188434743953,757,109.24412678,-0.42861492,7.34,0.439,0.439,Healthy,Moderate
AME II,E002A,E02,2009,36,16,83186,0.4463134739980576,Stres Sedang,0.46764673959879743,Stres Sedang,Pokok Utama,109.24419697179253,-0.4286102215072406,1395,109.2442229,-0.42861856,5.53,0.484,0.484,Healthy,Good
AME II,E002A,E02,2009,36,17,83197,0.437760784614339,Stres Sedang,0.48544198119922904,Stres Sedang,Pokok Utama,109.24427981318593,-0.4286269738592647,1263,109.24428218,-0.42862581,5.79,0.495,0.495,Healthy,Good
AME II,E002A,E02,2009,36,19,83255,0.37338714099934567,Stres Berat,0.4002673733976104,Stres Sedang,Pokok Utama,109.24445456991906,-0.42862297467651667,1969,109.24447711,-0.42860415,4.47,0.46,0.46,Healthy,Good
AME II,E002A,E02,2009,36,20,83305,0.44402629325332726,Stres Sedang,0.46371926563044974,Stres Sedang,Pokok Utama,109.244544983891,-0.4286234811566755,1749,109.24453954,-0.4286331,4.87,0.507,0.507,Healthy,Good
AME II,E002A,E02,2009,36,21,83334,0.3691568777131295,Stres Berat,0.37324109329145494,Stres Berat,Pokok Utama,109.24461158894621,-0.42862064526083327,1828,109.24462129,-0.42858745,4.7,0.412,0.412,Healthy,Sub-Optimal
AME II,E002A,E02,2009,36,24,83222,0.3732329823101073,Stres Berat,0.3879064788176077,Stres Berat,Pokok Utama,109.24485180475199,-0.4286130313007325,2812,109.24487236,-0.42858706,3.09,0.425,0.425,Healthy,Sub-Optimal
AME II,E002A,E02,2009,36,25,83385,0.42319273479386194,Stres Sedang,0.4467578221097942,Stres Sedang,Pokok Utama,109.24500658235301,-0.4286355253981335,298,109.24498014,-0.42865355,9.85,0.473,0.473,Healthy,Good
AME II,E002A,E02,2009,36,26,83390,0.387340976646089,Stres Berat,0.4325177141703037,Stres Sedang,Pokok Utama,109.24508834329585,-0.428624059607702,1997,109.24508119,-0.42864679,4.44,0.52,0.52,Healthy,Good
AME II,E002A,E02,2009,36,27,83412,0.43130491632666684,Stres Sedang,0.4342886631598147,Stres Sedang,Pokok Utama,109.24515693133092,-0.4286389014932572,1833,109.24512566,-0.42864228,4.7,0.416,0.416,Healthy,Sub-Optimal
AME II,E002A,E02,2009,37,1,82971,0.45394220882568276,Stres Sedang,0.45792405851189805,Stres Sedang,Pokok Utama,109.24303948644817,-0.42857866986002235,16,109.24303942,-0.42860291,14.5,0.433,0.433,Healthy,Moderate
AME II,E002A,E02,2009,37,2,82986,0.47723079699589716,Stres Sedang,0.47621906103223716,Stres Sedang,Pokok Utama,109.24311266212469,-0.4285806635680774,545,109.24312117,-0.42860881,8.4,0.421,0.421,Healthy,Sub-Optimal
AME II,E002A,E02,2009,37,4,83016,0.44383105284120106,Stres Sedang,0.49110553309943966,Stres Sedang,Pokok Utama,109.2432712875757,-0.4285725361595925,1572,109.24329588,-0.42859076,5.19,0.553,0.553,Healthy,Good
AME II,E002A,E02,2009,37,5,83025,0.3863483548990859,Stres Berat,0.4162390506957631,Stres Sedang,Pokok Utama,109.24336721352465,-0.4285562980435842,2765,109.24336146,-0.42857224,3.18,0.372,0.372,Healthy,Critical
AME II,E002A,E02,2009,37,6,83034,0.43899805583779894,Stres Sedang,0.46119641741760636,Stres Sedang,Pokok Utama,109.24342333752594,-0.4285689820962734,3199,109.24342209,-0.4285813,1.43,0.492,0.492,Healthy,Good
AME II,E002A,E02,2009,37,7,83046,0.42794102241546966,Stres Sedang,0.4277605334983355,Stres Sedang,Pokok Utama,109.24357811976698,-0.4285626841007481,1529,109.24354875,-0.42857907,5.27,0.379,0.379,Suspect,Critical
AME II,E002A,E02,2009,37,9,83170,0.4306609636506245,Stres Sedang,0.43777730586508007,Stres Sedang,Pokok Utama,109.24397181773045,-0.4285613805627882,1237,109.24395612,-0.42857464,5.86,0.492,0.492,Healthy,Good
AME II,E002A,E02,2009,37,11,83198,0.3574434806627706,Stres Berat,0.4239798696260515,Stres Sedang,Pokok Utama,109.24424132008565,-0.428553002911309,2749,109.24425255,-0.42857245,3.2,0.415,0.415,Abnormal,Sub-Optimal
AME II,E002A,E02,2009,37,12,83237,0.3774770780494105,Stres Berat,0.43503780670622944,Stres Sedang,Pokok Utama,109.24432331081451,-0.4285500340173425,2911,109.24430151,-0.42857065,2.86,0.486,0.486,Healthy,Good
AME II,E002A,E02,2009,37,13,83256,0.4063221951913743,Stres Sedang,0.45728609767453426,Stres Sedang,Pokok Utama,109.2444011525801,-0.42855028167606146,2381,109.24439359,-0.42851867,3.91,0.455,0.455,Abnormal,Moderate
AME II,E002A,E02,2009,37,14,83306,0.4189932608857378,Stres Sedang,0.46346337857905096,Stres Sedang,Pokok Utama,109.2444931616787,-0.4285674738236735,1115,109.24452788,-0.42856121,6.16,0.444,0.444,Healthy,Moderate
AME II,E002A,E02,2009,37,21,83391,0.3908020699851908,Stres Berat,0.41625797766475725,Stres Sedang,Pokok Utama,109.2450507788052,-0.42856272829853165,2422,109.24503046,-0.42857579,3.84,0.449,0.449,Abnormal,Moderate
AME II,E002A,E02,2009,37,22,83413,0.42492076021074243,Stres Sedang,0.42680057749912903,Stres Sedang,Pokok Utama,109.24513019158692,-0.42854367666282556,198,109.2451405,-0.42853512,10.79,0.464,0.464,Healthy,Good
AME II,E002A,E02,2009,37,23,83424,0.40245177128056975,Stres Sedang,0.41230090665638,Stres Sedang,Pokok Utama,109.24521194686953,-0.4285570945915816,252,109.24522449,-0.42854509,10.2,0.395,0.395,Healthy,Sub-Optimal
AME II,E002A,E02,2009,38,4,83026,0.37810917943513533,Stres Berat,0.43554586846619925,Stres Sedang,Pokok Utama,109.24330837961614,-0.4285033773150736,3087,109.24333902,-0.42850486,2.34,0.48,0.48,Healthy,Good
AME II,E002A,E02,2009,38,6,82946,0.43268996592872105,Stres Sedang,0.4581726139746282,Stres Sedang,Pokok Utama,109.24345976454055,-0.4284932723214486,2868,109.24345042,-0.42846103,2.94,0.539,0.539,Healthy,Good
AME II,E002A,E02,2009,38,7,83047,0.39343313361221177,Stres Berat,0.42938978758073393,Stres Sedang,Pokok Utama,109.24354306783219,-0.42849723069814966,3274,109.24355102,-0.42849497,0.78,0.525,0.525,Abnormal,Good
AME II,E002A,E02,2009,38,8,83093,0.395563278089988,Stres Berat,0.38458147094194645,Stres Berat,Pokok Utama,109.24367624198914,-0.4284992310157481,3249,109.24365971,-0.42850449,0.91,0.433,0.433,Abnormal,Moderate
AME II,E002A,E02,2009,38,12,83171,0.4402920790118158,Stres Sedang,0.45541852312288184,Stres Sedang,Pokok Utama,109.2439670355901,-0.4284891844163413,1340,109.24398129,-0.42849235,5.64,0.561,0.561,Healthy,Good
AME II,E002A,E02,2009,38,16,83238,0.3858088135516286,Stres Berat,0.45055655267487627,Stres Sedang,Pokok Utama,109.2442935370264,-0.42848894959521344,1844,109.24430332,-0.42850057,4.68,0.46,0.46,Healthy,Good
AME II,E002A,E02,2009,38,20,83350,0.43989229426780796,Stres Sedang,0.44930301084019136,Stres Sedang,Pokok Utama,109.24464475991196,-0.4285086160449075,304,109.24461367,-0.42852098,9.79,0.431,0.431,Healthy,Moderate
AME II,E002A,E02,2009,38,21,83322,0.3964137313626595,Stres Berat,0.425072971481728,Stres Sedang,Pokok Utama,109.24469282555098,-0.4284699003375104,495,109.24466668,-0.42847442,8.69,0.46,0.46,Healthy,Good
AME II,E002A,E02,2009,38,22,83224,0.41454043319617057,Stres Sedang,0.45144367940037217,Stres Sedang,Pokok Utama,109.24478804113139,-0.42849268905048526,91,109.24475381,-0.42849117,12.34,0.404,0.404,Healthy,Sub-Optimal
AME II,E002A,E02,2009,38,23,83371,0.3868346189634918,Stres Berat,0.42838551886692766,Stres Sedang,Pokok Utama,109.2448507393704,-0.42849478431791593,2461,109.24487014,-0.42846814,3.78,0.498,0.498,Healthy,Good
AME II,E002A,E02,2009,38,25,83392,0.3945351543233078,Stres Berat,0.4511568384672127,Stres Sedang,Pokok Utama,109.24501575444442,-0.4284864557681121,1429,109.24503631,-0.42850887,5.46,0.447,0.447,Healthy,Moderate
AME II,E002A,E02,2009,38,26,83425,0.408840561393873,Stres Sedang,0.4294111678372327,Stres Sedang,Pokok Utama,109.24518399974049,-0.42847808636034435,31,109.24519262,-0.42847364,13.82,0.424,0.424,Healthy,Sub-Optimal
AME II,E002A,E02,2009,39,1,82988,0.4360082978868614,Stres Sedang,0.4342235213587929,Stres Sedang,Pokok Utama,109.24304227376824,-0.4284289885114368,259,109.24303138,-0.42844285,10.18,0.392,0.392,Healthy,Sub-Optimal
AME II,E002A,E02,2009,39,3,83018,0.410082307168258,Stres Sedang,0.44644577520908696,Stres Sedang,Pokok Utama,109.24318786204331,-0.4284309799427047,2588,109.24318947,-0.42843791,3.54,0.501,0.501,Healthy,Good
AME II,E002A,E02,2009,39,5,83049,0.4195051924454525,Stres Sedang,0.45924637021064474,Stres Sedang,Pokok Utama,109.24335056792847,-0.4284365690229691,2571,109.24334802,-0.42843704,3.58,0.457,0.457,Healthy,Moderate
AME II,E002A,E02,2009,39,7,83048,0.42806120849446755,Stres Sedang,0.46138255213116025,Stres Sedang,Pokok Utama,109.24351647565967,-0.42843654311864543,1922,109.24350701,-0.42843346,4.53,0.523,0.523,Healthy,Good
AME II,E002A,E02,2009,39,12,83158,0.43528851257570406,Stres Sedang,0.4520030055885957,Stres Sedang,Pokok Utama,109.24396097226595,-0.42841015777286157,1459,109.2439629,-0.42840734,5.4,0.468,0.468,Healthy,Good
AME II,E002A,E02,2009,39,13,83157,0.4366057905565308,Stres Sedang,0.448201957195415,Stres Sedang,Pokok Utama,109.24399940581687,-0.4284379350797687,1085,109.24401589,-0.42844262,6.24,0.511,0.511,Healthy,Good
AME II,E002A,E02,2009,39,14,83189,0.4630441703876249,Stres Sedang,0.4480439905682257,Stres Sedang,Pokok Utama,109.24407655528061,-0.42841327083248637,1300,109.24408371,-0.42841777,5.73,0.565,0.565,Healthy,Good
AME II,E002A,E02,2009,39,15,83200,0.40117604299467435,Stres Sedang,0.41494993705690786,Stres Sedang,Pokok Utama,109.24416070816692,-0.4284141656167821,821,109.24414121,-0.42838885,7.09,0.491,0.491,Healthy,Good
AME II,E002A,E02,2009,39,17,83258,0.42453179835170607,Stres Sedang,0.4878107448460713,Stres Sedang,Pokok Utama,109.24432911130982,-0.4284183850683403,1116,109.24432175,-0.42841692,6.15,0.438,0.438,Healthy,Moderate
AME II,E002A,E02,2009,39,18,83308,0.38871119862628184,Stres Berat,0.4431729058490223,Stres Sedang,Pokok Utama,109.24439317762503,-0.428416449267794,1752,109.24441023,-0.42842553,4.86,0.498,0.498,Healthy,Good
AME II,E002A,E02,2009,39,19,83337,0.3956851015218505,Stres Berat,0.44356115209720404,Stres Sedang,Pokok Utama,109.24448559041275,-0.4284162571732144,2391,109.24445829,-0.42842374,3.89,0.52,0.52,Abnormal,Good
AME II,E002A,E02,2009,39,20,83351,0.41712451338509277,Stres Sedang,0.43183152197933367,Stres Sedang,Pokok Utama,109.24456544880985,-0.428408619763859,1783,109.24453375,-0.42839391,4.81,0.446,0.446,Healthy,Moderate
AME II,E002A,E02,2009,39,21,83323,0.4534559418938671,Stres Sedang,0.46526955510853,Stres Sedang,Pokok Utama,109.24465671489587,-0.42840672640739336,1866,109.24467568,-0.42838128,4.64,0.469,0.469,Healthy,Good
AME II,E002A,E02,2009,39,22,83225,0.4167782601420811,Stres Sedang,0.35310031679339876,Stres Berat,Mati Jan26,109.24473488917798,-0.42841818930581665,400,109.24474574,-0.42839893,9.24,0.408,0.408,Healthy,Sub-Optimal
AME II,E002A,E02,2009,39,24,83368,0.4345336635275468,Stres Sedang,0.46244417682147143,Stres Sedang,Pokok Utama,109.24488375472228,-0.4284152322079493,918,109.24491012,-0.42841887,6.74,0.39,0.39,Healthy,Sub-Optimal
AME II,E002A,E02,2009,39,25,83393,0.3834303735199016,Stres Berat,0.4253657258577175,Stres Sedang,Pokok Utama,109.24497810917012,-0.4284287950136159,1588,109.2449748,-0.42840396,5.16,0.433,0.433,Healthy,Moderate
AME II,E002A,E02,2009,39,26,83415,0.4479090397799313,Stres Sedang,0.46285702983776894,Stres Sedang,Pokok Utama,109.24506367425022,-0.42840967335259905,724,109.2450498,-0.42842523,7.55,0.491,0.491,Healthy,Good
AME II,E002A,E02,2009,39,27,83426,0.4329405629693309,Stres Sedang,0.4382496112459773,Stres Sedang,Pokok Utama,109.24512548538353,-0.42841403911731957,82,109.24514547,-0.42840716,12.48,0.387,0.387,Healthy,Critical
AME II,E002A,E02,2009,39,28,83436,0.3846689699832482,Stres Berat,0.42323899472444165,Stres Sedang,Pokok Utama,109.2452158207237,-0.42840100542109977,213,109.24523845,-0.42841035,10.64,0.408,0.408,Healthy,Sub-Optimal
AME II,E002A,E02,2009,40,1,83067,0.4425679824849078,Stres Sedang,0.44468027389053105,Stres Sedang,Pokok Utama,109.24306456608805,-0.42835475764020736,210,109.24304353,-0.42834383,10.7,0.46,0.46,Healthy,Good
AME II,E002A,E02,2009,40,2,83063,0.440641184205042,Stres Sedang,0.44139153240824003,Stres Sedang,Pokok Utama,109.24313357826183,-0.428356750378039,2889,109.24315626,-0.42833798,2.9,0.409,0.409,Abnormal,Sub-Optimal
AME II,E002A,E02,2009,40,3,83057,0.40117400049548285,Stres Sedang,0.4370563546929836,Stres Sedang,Pokok Utama,109.24322626776755,-0.4283639501308766,1787,109.24322407,-0.42837055,4.8,0.315,0.315,Suspect,Critical
AME II,E002A,E02,2009,40,5,83111,0.41897705992441125,Stres Sedang,0.44444294244740723,Stres Sedang,Pokok Utama,109.24338961826163,-0.4283632074246304,147,109.24338577,-0.42833396,11.27,0.426,0.426,Healthy,Sub-Optimal
AME II,E002A,E02,2009,40,7,83095,0.4541631174917032,Stres Sedang,0.4761543580530358,Stres Sedang,Pokok Utama,109.2435434693682,-0.42835127900764913,682,109.24354926,-0.42832224,7.74,0.454,0.454,Healthy,Moderate
AME II,E002A,E02,2009,40,14,83240,0.418136752276286,Stres Sedang,0.4283031642508514,Stres Sedang,Pokok Utama,109.24419712399836,-0.4283323390953924,1113,109.24420275,-0.428345,6.16,0.518,0.518,Healthy,Good
AME II,E002A,E02,2009,40,19,83324,0.446401236771824,Stres Sedang,0.45426083178321225,Stres Sedang,Pokok Utama,109.24460189890779,-0.42834596265534924,2150,109.24459529,-0.42834916,4.23,0.457,0.457,Healthy,Moderate
AME II,E002A,E02,2009,40,20,83226,0.42996238943642007,Stres Sedang,0.45132656638573654,Stres Sedang,Pokok Utama,109.24470163432831,-0.4283344395119922,1882,109.2447215,-0.4283406,4.61,0.563,0.563,Healthy,Good
AME II,E002A,E02,2009,40,21,83373,0.4355000901261186,Stres Sedang,0.4626357248950986,Stres Sedang,Pokok Utama,109.24477281648839,-0.42835357381019135,1801,109.24477226,-0.42832207,4.76,0.528,0.528,Healthy,Good
AME II,E002A,E02,2009,40,22,83369,0.34302975488213155,Stres Berat,0.3969089752641217,Stres Berat,Pokok Utama,109.24484506920054,-0.42834593373558894,2568,109.24482121,-0.42834062,3.59,0.505,0.505,Abnormal,Good
AME II,E002A,E02,2009,40,25,83437,0.4256654030788321,Stres Sedang,0.44649192706934515,Stres Sedang,Pokok Utama,109.24517780314989,-0.4283569724347063,268,109.24520073,-0.42836061,10.11,0.487,0.487,Healthy,Good
AME II,E002A,E02,2009,41,1,83068,0.4172327102980364,Stres Sedang,0.42070311222885465,Stres Sedang,Pokok Utama,109.2430301185073,-0.4282901490154866,128,109.243035,-0.42830856,11.6,0.366,0.366,Suspect,Critical
AME II,E002A,E02,2009,41,2,83064,0.4556132957696007,Stres Sedang,0.4486178446997393,Stres Sedang,Pokok Utama,109.24311659400315,-0.42828832600735367,2697,109.24311405,-0.42832214,3.32,0.418,0.418,Abnormal,Sub-Optimal
AME II,E002A,E02,2009,41,3,83058,0.41211809903278,Stres Sedang,0.4420156703271582,Stres Sedang,Pokok Utama,109.24319264765677,-0.4282907363468331,640,109.243216,-0.42829956,7.87,0.476,0.476,Healthy,Good
AME II,E002A,E02,2009,41,5,83112,0.42012109545690596,Stres Sedang,0.4419303515716554,Stres Sedang,Pokok Utama,109.24334263490952,-0.428276431433793,336,109.24336423,-0.42825438,9.61,0.514,0.514,Healthy,Good
AME II,E002A,E02,2009,41,7,83096,0.440667741223481,Stres Sedang,0.46441508645230944,Stres Sedang,Pokok Utama,109.24351847873999,-0.42828697639663643,403,109.24350706,-0.42825486,9.24,0.535,0.535,Healthy,Good
AME II,E002A,E02,2009,41,8,83081,0.42038472315690106,Stres Sedang,0.4077011867373788,Stres Sedang,Pokok Utama,109.24360578186032,-0.4282799303192766,3006,109.24361528,-0.42831412,2.61,0.402,0.402,Abnormal,Sub-Optimal
AME II,E002A,E02,2009,41,9,83124,0.4181559365699002,Stres Sedang,0.4091122343943878,Stres Sedang,Pokok Utama,109.24368092073698,-0.42827994765729543,1742,109.24367772,-0.42829469,4.88,0.45,0.45,Healthy,Moderate
AME II,E002A,E02,2009,41,11,83175,0.38254910305836143,Stres Berat,0.4180214925500491,Stres Sedang,Pokok Utama,109.24385007730727,-0.42828495221516044,3055,109.2438686,-0.42830559,2.46,0.447,0.447,Abnormal,Moderate
AME II,E002A,E02,2009,41,16,83260,0.4100747168145102,Stres Sedang,0.45833515548820475,Stres Sedang,Pokok Utama,109.24423341819,-0.42827581494848593,2134,109.24423779,-0.4282912,4.26,0.538,0.538,Healthy,Good
AME II,E002A,E02,2009,41,17,83310,0.4123457205944321,Stres Sedang,0.4561548966455746,Stres Sedang,Pokok Utama,109.24432595259199,-0.42827800209900074,893,109.24434469,-0.4282953,6.85,0.52,0.52,Healthy,Good
AME II,E002A,E02,2009,41,19,83353,0.41705860886287277,Stres Sedang,0.4254308792068504,Stres Sedang,Pokok Utama,109.24448697083204,-0.4282791343484681,2661,109.24447988,-0.42828357,3.39,0.424,0.424,Abnormal,Sub-Optimal
AME II,E002A,E02,2009,41,23,83370,0.4168388709648937,Stres Sedang,0.4618052875931218,Stres Sedang,Pokok Utama,109.24481701463432,-0.4282732628563731,2360,109.24481494,-0.42827506,3.93,0.487,0.487,Abnormal,Good
AME II,E002A,E02,2009,41,25,83417,0.40367534816785106,Stres Sedang,0.44199454455842624,Stres Sedang,Pokok Utama,109.2449781427076,-0.4282814079954587,944,109.24499505,-0.42826742,6.65,0.422,0.422,Healthy,Sub-Optimal
AME II,E002A,E02,2009,41,27,83428,0.3341897515734857,Stres Berat,0.4348329974682381,Stres Sedang,Pokok Utama,109.24506370778455,-0.4282622863276451,796,109.24508442,-0.42828823,7.17,0.453,0.453,Healthy,Moderate
AME II,E002A,E02,2009,41,28,83473,0.39945935997078286,Stres Berat,0.4211747079550683,Stres Sedang,Pokok Utama,109.24521961656642,-0.4282718934218928,300,109.24524207,-0.42827335,9.81,0.384,0.384,Healthy,Critical
AME II,E002A,E02,2009,42,1,83065,0.44179639777866175,Stres Sedang,0.4372216578703759,Stres Sedang,Pokok Utama,109.24306675485948,-0.42822602703639717,284,109.24307948,-0.42821995,9.98,0.439,0.439,Healthy,Moderate
AME II,E002A,E02,2009,42,3,83052,0.40549309634905883,Stres Sedang,0.4612698133344341,Stres Sedang,Pokok Utama,109.24323520165923,-0.428215586850035,417,109.2432506,-0.42822948,9.17,0.443,0.443,Healthy,Moderate
AME II,E002A,E02,2009,42,4,83113,0.42899051688759426,Stres Sedang,0.45869469526433343,Stres Sedang,Pokok Utama,109.24331493676277,-0.42821660631295544,592,109.24332022,-0.42822905,8.12,0.42,0.42,Healthy,Sub-Optimal
AME II,E002A,E02,2009,42,7,83082,0.41572806298343395,Stres Sedang,0.4214964201327275,Stres Sedang,Pokok Utama,109.2435601373647,-0.4282149031168122,1121,109.24355467,-0.42823136,6.12,0.5,0.5,Healthy,Good
AME II,E002A,E02,2009,42,8,83125,0.4118714196658634,Stres Sedang,0.40487520725161463,Stres Sedang,Pokok Utama,109.24363857277274,-0.4281957798316743,2614,109.24363776,-0.42822822,3.47,0.401,0.401,Healthy,Sub-Optimal
AME II,E002A,E02,2009,42,14,83261,0.4294732337406277,Stres Sedang,0.4584094581126022,Stres Sedang,Pokok Utama,109.24420905367761,-0.4282074087329903,172,109.24418212,-0.42822246,11.04,0.441,0.441,Healthy,Moderate
AME II,E002A,E02,2009,42,15,83311,0.40690895776472513,Stres Sedang,0.4598173944978743,Stres Sedang,Pokok Utama,109.24429169989092,-0.4282094887007335,1799,109.24430698,-0.42822611,4.77,0.529,0.529,Healthy,Good
AME II,E002A,E02,2009,42,16,83340,0.4026182267314523,Stres Sedang,0.4483813157625805,Stres Sedang,Pokok Utama,109.24436356419737,-0.42821119722554013,2514,109.24437659,-0.42824014,3.69,0.46,0.46,Abnormal,Good
AME II,E002A,E02,2009,42,17,83354,0.36658193858708066,Stres Berat,0.3932486900950836,Stres Berat,Pokok Utama,109.24445331787915,-0.42819612690848874,2315,109.24443408,-0.42822252,4.0,0.413,0.413,Abnormal,Sub-Optimal
AME II,E002A,E02,2009,42,18,83326,0.40669913706635574,Stres Sedang,0.4258918831022977,Stres Sedang,Pokok Utama,109.24452556970591,-0.4281923156526213,3085,109.24454907,-0.42818366,2.34,0.478,0.478,Abnormal,Good
AME II,E002A,E02,2009,42,19,83228,0.44916038564893906,Stres Sedang,0.46673039110651826,Stres Sedang,Pokok Utama,109.24460646517066,-0.4282023992029228,709,109.24463575,-0.42821533,7.59,0.468,0.468,Healthy,Good
AME II,E002A,E02,2009,42,21,83396,0.43539407939278046,Stres Sedang,0.46707375067295415,Stres Sedang,Pokok Utama,109.24484894040656,-0.4282014377669641,1615,109.24484235,-0.42821312,5.11,0.408,0.408,Healthy,Sub-Optimal
AME II,E002A,E02,2009,42,22,83418,0.4248659225362244,Stres Sedang,0.48120358186917234,Stres Sedang,Pokok Utama,109.24492734524,-0.4282024297774466,1083,109.24491018,-0.42818917,6.26,0.514,0.514,Healthy,Good
AME II,E002A,E02,2009,42,23,83429,0.38733308856938564,Stres Berat,0.4477291680037635,Stres Sedang,Pokok Utama,109.24500001301483,-0.4281866465360866,719,109.24498518,-0.42819236,7.56,0.466,0.466,Healthy,Good
AME II,E002A,E02,2009,42,24,83438,0.4602490504728337,Stres Sedang,0.48908354910221896,Stres Sedang,Pokok Utama,109.24509843065681,-0.42820288519654304,830,109.24509656,-0.42822991,7.07,0.529,0.529,Healthy,Good
AME II,E002A,E02,2009,43,1,83066,0.41923782412498406,Stres Sedang,0.44308462391058506,Stres Sedang,Pokok Utama,109.24304203637719,-0.4281382189645534,678,109.24304133,-0.42811052,7.75,0.339,0.339,Suspect,Critical
AME II,E002A,E02,2009,43,4,83114,0.3667277545162494,Stres Berat,0.38396875389895235,Stres Berat,Mati Jan26,109.24327226903868,-0.42815209706852736,514,109.24325241,-0.42817116,8.56,0.496,0.496,Healthy,Good
AME II,E002A,E02,2009,43,6,83098,0.31722936043520866,Stres Berat,0.41530277571746876,Stres Sedang,Pokok Utama,109.24343287817143,-0.4281427013400435,702,109.24341232,-0.42811603,7.64,0.445,0.445,Healthy,Moderate
AME II,E002A,E02,2009,43,7,83126,0.4575606671144989,Stres Sedang,0.44203685741327275,Stres Sedang,Pokok Utama,109.24359637046541,-0.4281346844293625,669,109.24360095,-0.42816446,7.77,0.462,0.462,Healthy,Good
AME II,E002A,E02,2009,43,8,83141,0.45273123696106654,Stres Sedang,0.4647064453415311,Stres Sedang,Pokok Utama,109.24368145673552,-0.42813118812595724,2390,109.24368,-0.42813282,3.9,0.399,0.399,Healthy,Sub-Optimal
AME II,E002A,E02,2009,43,9,83213,0.41096983790008496,Stres Sedang,0.4265675672859231,Stres Sedang,Pokok Utama,109.24376276574748,-0.4281317123857643,2692,109.24376803,-0.42815138,3.33,0.387,0.387,Healthy,Critical
AME II,E002A,E02,2009,43,10,83217,0.39408371250806246,Stres Berat,0.40663310872911157,Stres Sedang,Pokok Utama,109.24384119571677,-0.42813651604728126,2283,109.24386595,-0.42812608,4.05,0.477,0.477,Healthy,Good
AME II,E002A,E02,2009,43,11,83206,0.42774966933787567,Stres Sedang,0.45793467357230994,Stres Sedang,Pokok Utama,109.2439147824122,-0.4281403509870054,2062,109.24391535,-0.42812474,4.34,0.39,0.39,Healthy,Sub-Optimal
AME II,E002A,E02,2009,43,12,83204,0.4773631743223788,Stres Sedang,0.48520687124123274,Stres Sedang,Pokok Utama,109.24399700742126,-0.4281419895575373,1307,109.24401191,-0.42815641,5.72,0.496,0.496,Healthy,Good
AME II,E002A,E02,2009,43,13,83243,0.33564340683577887,Stres Berat,0.3305814007246817,Stres Berat,Pokok Utama,109.24407782605913,-0.42814615352186625,2651,109.24407524,-0.4281519,3.4,0.403,0.403,Abnormal,Sub-Optimal
AME II,E002A,E02,2009,43,15,83312,0.38123910427580204,Stres Berat,0.40648908125566646,Stres Sedang,Pokok Utama,109.24424215403035,-0.42813319838726266,2657,109.24422661,-0.42810627,3.39,0.423,0.423,Abnormal,Sub-Optimal
AME II,E002A,E02,2009,43,17,83355,0.350787841819073,Stres Berat,0.39200479057995047,Stres Berat,Pokok Utama,109.24439584936327,-0.4281350288682789,2232,109.24440401,-0.42814203,4.14,0.403,0.403,Healthy,Sub-Optimal
AME II,E002A,E02,2009,43,18,83327,0.36770429872877086,Stres Berat,0.39975296910706587,Stres Berat,Pokok Utama,109.24447369609223,-0.42812924842352296,3115,109.24447407,-0.42814295,2.2,0.386,0.386,Abnormal,Critical
AME II,E002A,E02,2009,43,19,83229,0.3755269761979661,Stres Berat,0.39034173062715966,Stres Berat,Pokok Utama,109.24456867600607,-0.42812574353767757,1805,109.2445913,-0.42812082,4.75,0.425,0.425,Healthy,Sub-Optimal
AME II,E002A,E02,2009,43,20,83376,0.35625890355594647,Stres Berat,0.38020113883825646,Stres Berat,Pokok Utama,109.24465644783113,-0.42812765467082387,1707,109.24463801,-0.42813892,4.96,0.345,0.345,Suspect,Critical
AME II,E002A,E02,2009,43,21,83404,0.3711867853654485,Stres Berat,0.4264786061795849,Stres Sedang,Pokok Utama,109.24472059715306,-0.42813204809663935,2378,109.24472336,-0.42809915,3.91,0.43,0.43,Abnormal,Moderate
AME II,E002A,E02,2009,43,22,83397,0.38839567878474485,Stres Berat,0.4271851174381314,Stres Sedang,Pokok Utama,109.24481034400252,-0.4281352347517948,772,109.24480869,-0.42810324,7.29,0.41,0.41,Healthy,Sub-Optimal
AME II,E002A,E02,2009,43,23,83419,0.3682623287301274,Stres Berat,0.4173373566277755,Stres Sedang,Pokok Utama,109.244887432979,-0.4281278064856838,1250,109.24491558,-0.42812,5.84,0.408,0.408,Healthy,Sub-Optimal
AME II,E002A,E02,2009,43,24,83430,0.37002555309509744,Stres Berat,0.4463284617789553,Stres Sedang,Pokok Utama,109.24496539063857,-0.42812016771565015,1075,109.24496723,-0.42812453,6.27,0.419,0.419,Healthy,Sub-Optimal
AME II,E002A,E02,2009,43,26,83475,0.45000082783147594,Stres Sedang,0.4605682141113683,Stres Sedang,Pokok Utama,109.24514117268403,-0.42813447452463815,723,109.24512307,-0.428163,7.55,0.512,0.512,Healthy,Good
AME II,E002A,E02,2009,44,1,83061,0.4415620129133008,Stres Sedang,0.4522053370205294,Stres Sedang,Pokok Utama,109.24306240031925,-0.4280708711971907,1236,109.2430629,-0.42807435,5.87,0.417,0.417,Healthy,Sub-Optimal
AME II,E002A,E02,2009,44,2,83054,0.4091907767945423,Stres Sedang,0.41813409876580215,Stres Sedang,Pokok Utama,109.24315367179737,-0.4280804633943037,1096,109.24318416,-0.42808704,6.21,0.433,0.433,Healthy,Moderate
AME II,E002A,E02,2009,44,3,83115,0.4213321317694251,Stres Sedang,0.4309785528730479,Stres Sedang,Pokok Utama,109.24323127075502,-0.428085624066257,1035,109.24324121,-0.42805133,6.36,0.436,0.436,Healthy,Moderate
AME II,E002A,E02,2009,44,4,83107,0.4068512673132132,Stres Sedang,0.4278725402764853,Stres Sedang,Pokok Utama,109.24330537263869,-0.42807936168199234,765,109.24333283,-0.42809205,7.31,0.43,0.43,Healthy,Moderate
AME II,E002A,E02,2009,44,5,83099,0.3839796450952046,Stres Berat,0.3887652123533357,Stres Berat,Pokok Utama,109.2433827540446,-0.42806161450223057,1040,109.24335843,-0.42806267,6.35,0.441,0.441,Healthy,Moderate
AME II,E002A,E02,2009,44,8,83142,0.47782667542495966,Stres Sedang,0.45495387231623446,Stres Sedang,Pokok Utama,109.24363258022133,-0.42807414155775,1076,109.24364139,-0.4280668,6.27,0.468,0.468,Healthy,Good
AME II,E002A,E02,2009,44,9,83214,0.3905606173538328,Stres Berat,0.4018033903681527,Stres Sedang,Pokok Utama,109.2437118536066,-0.42806735767328985,2826,109.24374334,-0.42808174,3.06,0.436,0.436,Healthy,Moderate
AME II,E002A,E02,2009,44,10,83209,0.42641860843191076,Stres Sedang,0.4542090489825733,Stres Sedang,Pokok Utama,109.24379738050038,-0.4280499758931985,1703,109.24380892,-0.42804423,4.97,0.474,0.474,Healthy,Good
AME II,E002A,E02,2009,44,12,83205,0.4110122153026754,Stres Sedang,0.4712929488070166,Stres Sedang,Pokok Utama,109.24395620370007,-0.4280809613875995,2318,109.24394006,-0.42808043,3.99,0.455,0.455,Abnormal,Moderate
AME II,E002A,E02,2009,44,13,83244,0.3594861381279849,Stres Berat,0.37958635788064105,Stres Berat,Pokok Utama,109.24403944143626,-0.42807307697168473,2732,109.24404067,-0.42808588,3.24,0.475,0.475,Healthy,Good
AME II,E002A,E02,2009,44,16,83342,0.38858226482341107,Stres Berat,0.4251012128398457,Stres Sedang,Pokok Utama,109.24428222738884,-0.4280563572193863,2394,109.24426524,-0.42807282,3.89,0.483,0.483,Abnormal,Good
AME II,E002A,E02,2009,44,18,83328,0.38776498564883416,Stres Berat,0.4153371938098275,Stres Sedang,Pokok Utama,109.24442617681477,-0.4280644359915741,2388,109.24440538,-0.42805341,3.9,0.466,0.466,Abnormal,Good
AME II,E002A,E02,2009,44,20,83405,0.3813209386422383,Stres Berat,0.4196559886257009,Stres Sedang,Pokok Utama,109.2446886730099,-0.4280664109101313,1754,109.24471663,-0.42806162,4.85,0.463,0.463,Healthy,Good
AME II,E002A,E02,2009,44,23,83440,0.42161519964865635,Stres Sedang,0.47099836107207116,Stres Sedang,Pokok Utama,109.24501957418681,-0.42806275692102236,470,109.24500901,-0.42807887,8.82,0.589,0.589,Healthy,Good
AME II,E002A,E02,2009,44,24,83511,0.4765892300158901,Stres Sedang,0.48818950362648744,Stres Sedang,Pokok Utama,109.24516466823339,-0.42806223149663786,81,109.24515678,-0.42808026,12.49,0.482,0.482,Healthy,Good
AME II,E002A,E02,2009,45,1,83055,0.4437456495124014,Stres Sedang,0.46728811803616976,Stres Sedang,Pokok Utama,109.24311416189317,-0.42801031927141536,621,109.24308447,-0.42802417,7.98,0.401,0.401,Healthy,Sub-Optimal
AME II,E002A,E02,2009,45,2,83116,0.41086990253837863,Stres Sedang,0.4281474560847913,Stres Sedang,Pokok Utama,109.24319209327004,-0.4279994295473659,577,109.24319003,-0.42798169,8.26,0.477,0.477,Healthy,Good
AME II,E002A,E02,2009,45,3,83108,0.4215879239087262,Stres Sedang,0.446691191130254,Stres Sedang,Pokok Utama,109.24326904071665,-0.42799785210507907,1065,109.24328839,-0.42798081,6.29,0.484,0.484,Healthy,Good
AME II,E002A,E02,2009,45,4,83100,0.4063372220636225,Stres Sedang,0.42644896910287095,Stres Sedang,Pokok Utama,109.24335439627771,-0.4280109127428301,769,109.24337012,-0.42802469,7.31,0.487,0.487,Healthy,Good
AME II,E002A,E02,2009,45,5,83128,0.39638610477841524,Stres Berat,0.4436068583014635,Stres Sedang,Pokok Utama,109.24352026480489,-0.4280015462462694,738,109.24349768,-0.42798583,7.48,0.391,0.391,Healthy,Sub-Optimal
AME II,E002A,E02,2009,45,7,83215,0.3770746050402522,Stres Berat,0.41766231920884583,Stres Sedang,Pokok Utama,109.2436801849772,-0.42800005123486234,2740,109.24367014,-0.42802566,3.22,0.379,0.379,Healthy,Critical
AME II,E002A,E02,2009,45,8,83210,0.42139057432017896,Stres Sedang,0.4672048541699321,Stres Sedang,Pokok Utama,109.24377752439885,-0.4279975036504977,2035,109.24376761,-0.42801528,4.38,0.528,0.528,Healthy,Good
AME II,E002A,E02,2009,45,11,83264,0.43240700948338767,Stres Sedang,0.4360244111946855,Stres Sedang,Pokok Utama,109.24406846459141,-0.4279945693465746,928,109.24406943,-0.42800541,6.71,0.475,0.475,Healthy,Good
AME II,E002A,E02,2009,45,13,83343,0.3740151516400387,Stres Berat,0.41020593935841915,Stres Sedang,Pokok Utama,109.24428400793057,-0.42796086772167913,2776,109.24425314,-0.42794848,3.16,0.428,0.428,Abnormal,Sub-Optimal
AME II,E002A,E02,2009,45,15,83329,0.3966048739726717,Stres Berat,0.4278079772582113,Stres Sedang,Pokok Utama,109.24440337550833,-0.42799901795097134,2507,109.24440359,-0.42799282,3.71,0.415,0.415,Healthy,Sub-Optimal
AME II,E002A,E02,2009,45,17,83377,0.4328263506816643,Stres Sedang,0.43082302613542056,Stres Sedang,Pokok Utama,109.24456499219431,-0.42799139846382067,1299,109.24454508,-0.42797477,5.73,0.492,0.492,Healthy,Good
AME II,E002A,E02,2009,45,18,83406,0.3902764293361632,Stres Berat,0.40833966112323217,Stres Sedang,Pokok Utama,109.24465871144895,-0.4279856225729953,2274,109.24462951,-0.42798881,4.06,0.372,0.372,Suspect,Critical
AME II,E002A,E02,2009,45,20,83420,0.35029473028650726,Stres Berat,0.4055500247783231,Stres Sedang,Pokok Utama,109.24480692230588,-0.4279898174281075,2913,109.2447948,-0.42795945,2.85,0.425,0.425,Abnormal,Sub-Optimal
AME II,E002A,E02,2009,45,23,83477,0.4420414800940729,Stres Sedang,0.49515305882109734,Stres Sedang,Pokok Utama,109.24504907779455,-0.4279966726852861,677,109.2450481,-0.42802055,7.75,0.485,0.485,Healthy,Good
AME II,E002A,E02,2009,46,2,83117,0.4143838154935694,Stres Sedang,0.4413484280816573,Stres Sedang,Pokok Utama,109.24314903164812,-0.42794085063810966,1355,109.24316982,-0.42794823,5.6,0.559,0.559,Healthy,Good
AME II,E002A,E02,2009,46,3,83109,0.38312465351455066,Stres Berat,0.4359165591643517,Stres Sedang,Pokok Utama,109.24323459426975,-0.42793608480038775,1470,109.24323136,-0.42790755,5.38,0.484,0.484,Healthy,Good
AME II,E002A,E02,2009,46,4,83101,0.40018227655882416,Stres Sedang,0.4431280631650317,Stres Sedang,Pokok Utama,109.24331252505341,-0.42792781845368305,687,109.24331311,-0.42789174,7.72,0.489,0.489,Healthy,Good
AME II,E002A,E02,2009,46,5,83086,0.4024134118084668,Stres Sedang,0.43195195848780465,Stres Sedang,Pokok Utama,109.24340033144168,-0.4279275737405875,1058,109.24341416,-0.42789945,6.31,0.54,0.54,Healthy,Good
AME II,E002A,E02,2009,46,6,83144,0.4507737227369502,Stres Sedang,0.45497865511311425,Stres Sedang,Pokok Utama,109.24356747677703,-0.42793242678951143,785,109.24357719,-0.42796098,7.2,0.481,0.481,Healthy,Good
AME II,E002A,E02,2009,46,7,83216,0.4593787747198452,Stres Sedang,0.4737835242209065,Stres Sedang,Pokok Utama,109.24363639939814,-0.4279372282520696,2632,109.24363603,-0.42794427,3.44,0.435,0.435,Healthy,Moderate
AME II,E002A,E02,2009,46,8,83211,0.4467816712332225,Stres Sedang,0.4672788662873969,Stres Sedang,Pokok Utama,109.24371245579165,-0.4279276755484507,1826,109.24368724,-0.42791579,4.71,0.482,0.482,Healthy,Good
AME II,E002A,E02,2009,46,9,83251,0.3856144324693949,Stres Berat,0.4105999644349317,Stres Sedang,Pokok Utama,109.24379748292628,-0.4279274772137249,2769,109.24377437,-0.4279027,3.18,0.435,0.435,Abnormal,Moderate
AME II,E002A,E02,2009,46,10,83250,0.39193644562595364,Stres Berat,0.4443454011733451,Stres Sedang,Pokok Utama,109.24387540178154,-0.4279322617581539,3021,109.24386689,-0.42792623,2.55,0.348,0.348,Abnormal,Critical
AME II,E002A,E02,2009,46,14,83358,0.33403939459674287,Stres Berat,0.3756562292486474,Stres Berat,Pokok Utama,109.24427774720233,-0.42792422752578746,2776,109.24425314,-0.42794848,3.16,0.428,0.428,Abnormal,Sub-Optimal
AME II,E002A,E02,2009,46,15,83330,0.3949001954223206,Stres Berat,0.42147669806656324,Stres Sedang,Pokok Utama,109.24436275429055,-0.4279174928752927,2675,109.24436228,-0.42794353,3.36,0.422,0.422,Abnormal,Sub-Optimal
AME II,E002A,E02,2009,46,17,83378,0.44397315033439066,Stres Sedang,0.4495491284598755,Stres Sedang,Pokok Utama,109.24454051149307,-0.42792428808089783,1137,109.24452847,-0.42793136,6.08,0.407,0.407,Healthy,Sub-Optimal
AME II,E002A,E02,2009,46,21,83432,0.40352418465158185,Stres Sedang,0.45876194043557206,Stres Sedang,Pokok Utama,109.24486388596297,-0.4279207489942816,2112,109.24485949,-0.42789165,4.29,0.491,0.491,Healthy,Good
AME II,E002A,E02,2009,46,22,83442,0.4385823828814923,Stres Sedang,0.4830105301947787,Stres Sedang,Pokok Utama,109.24493922920044,-0.4279229366811409,2621,109.24493404,-0.42792467,3.46,0.604,0.604,Healthy,Good
AME II,E002A,E02,2009,46,23,83478,0.44108423117324325,Stres Sedang,0.48189274612310773,Stres Sedang,Pokok Utama,109.24501528477535,-0.4279172118744427,2729,109.24500995,-0.42791384,3.25,0.422,0.422,Healthy,Sub-Optimal
AME II,E002A,E02,2009,46,24,83513,0.41383439277270834,Stres Sedang,0.44114602813494386,Stres Sedang,Pokok Utama,109.2450894378344,-0.42791531454583376,3019,109.24508584,-0.42794234,2.56,0.516,0.516,Healthy,Good
AME II,E002A,E02,2009,47,1,83121,0.4276915362410823,Stres Sedang,0.4489537781154787,Stres Sedang,Pokok Utama,109.24303378243415,-0.4278645895310392,227,109.24301937,-0.42789574,10.5,0.334,0.334,Suspect,Critical
AME II,E002A,E02,2009,47,2,83118,0.4236131834410922,Stres Sedang,0.46262316292249017,Stres Sedang,Pokok Utama,109.24312284606147,-0.4278697483170239,1398,109.2431155,-0.42785055,5.52,0.43,0.43,Healthy,Moderate
AME II,E002A,E02,2009,47,3,83110,0.4022943152984524,Stres Sedang,0.43565241464444465,Stres Sedang,Pokok Utama,109.24319698876369,-0.4278656616874742,528,109.24319006,-0.42784605,8.48,0.466,0.466,Healthy,Good
AME II,E002A,E02,2009,47,4,83102,0.42736321637569663,Stres Sedang,0.4728552109571923,Stres Sedang,Pokok Utama,109.24326984105257,-0.4278637468947122,1840,109.2432489,-0.42783747,4.69,0.444,0.444,Healthy,Moderate
AME II,E002A,E02,2009,47,6,83129,0.39693920939042554,Stres Berat,0.4402275768001206,Stres Sedang,Pokok Utama,109.24343504454912,-0.4278714769845393,1058,109.24341416,-0.42789945,6.31,0.54,0.54,Healthy,Good
AME II,E002A,E02,2009,47,8,83279,0.4402546566455762,Stres Sedang,0.4432870304040201,Stres Sedang,Pokok Utama,109.24359410464437,-0.42786787112237956,1164,109.24358799,-0.42784071,6.03,0.402,0.402,Healthy,Sub-Optimal
AME II,E002A,E02,2009,47,9,83294,0.42195073294231317,Stres Sedang,0.4457711044360698,Stres Sedang,Pokok Utama,109.2436828681251,-0.4278894863406576,1826,109.24368724,-0.42791579,4.71,0.482,0.482,Healthy,Good
AME II,E002A,E02,2009,47,11,83248,0.3967128197190034,Stres Berat,0.4348602474344934,Stres Sedang,Pokok Utama,109.24386315194083,-0.42784567281603536,853,109.24384355,-0.42785162,6.99,0.412,0.412,Healthy,Sub-Optimal
AME II,E002A,E02,2009,47,12,83247,0.3965154883247669,Stres Berat,0.43655994187828867,Stres Sedang,Pokok Utama,109.2439220879102,-0.427868655699212,1918,109.24392798,-0.42788827,4.54,0.442,0.442,Healthy,Moderate
AME II,E002A,E02,2009,47,13,83266,0.4284239010206374,Stres Sedang,0.44564033515847484,Stres Sedang,Pokok Utama,109.24402183948305,-0.42786095955814096,965,109.24401198,-0.42785844,6.57,0.484,0.484,Healthy,Good
AME II,E002A,E02,2009,47,14,83316,0.41704272939466536,Stres Sedang,0.4302742089208951,Stres Sedang,Pokok Utama,109.24407541842191,-0.42785113127879426,491,109.24411034,-0.42784942,8.7,0.421,0.421,Healthy,Sub-Optimal
AME II,E002A,E02,2009,47,15,83345,0.41612034629765315,Stres Sedang,0.42153299387651855,Stres Sedang,Pokok Utama,109.24415692616441,-0.42785868833440294,743,109.24416647,-0.42788742,7.45,0.442,0.442,Healthy,Moderate
AME II,E002A,E02,2009,47,18,83233,0.41570781815509905,Stres Sedang,0.4394776479604904,Stres Sedang,Pokok Utama,109.24441654138951,-0.42785345255823765,1713,109.2444216,-0.42783322,4.94,0.491,0.491,Healthy,Good
AME II,E002A,E02,2009,47,20,83408,0.43353818298944885,Stres Sedang,0.4341294786044243,Stres Sedang,Pokok Utama,109.24456261155218,-0.427854061350588,1841,109.24454734,-0.42787982,4.69,0.444,0.444,Healthy,Moderate
AME II,E002A,E02,2009,47,22,83422,0.4167058956645796,Stres Sedang,0.44294015642648565,Stres Sedang,Pokok Utama,109.2447330789494,-0.42785436287174694,2048,109.24472925,-0.42786268,4.37,0.474,0.474,Healthy,Good
AME II,E002A,E02,2009,47,23,83433,0.4043186426665234,Stres Sedang,0.4287001052334045,Stres Sedang,Pokok Utama,109.24481438869347,-0.4278558085939933,2407,109.24478584,-0.42785772,3.86,0.503,0.503,Healthy,Good
AME II,E002A,E02,2009,47,24,83443,0.4098940422294191,Stres Sedang,0.4505765267410078,Stres Sedang,Pokok Utama,109.24489626168324,-0.42785319864355276,2808,109.24488106,-0.42786136,3.1,0.517,0.517,Healthy,Good
AME II,E002A,E02,2009,47,25,83479,0.40839052979850093,Stres Sedang,0.4428161258715436,Stres Sedang,Pokok Utama,109.24496925420041,-0.4278511464104192,2579,109.24495472,-0.42785278,3.57,0.555,0.555,Healthy,Good
AME II,E002A,E02,2009,47,26,83514,0.37118946962654104,Stres Berat,0.4054975624488038,Stres Sedang,Pokok Utama,109.24506335325756,-0.4278540935071669,2728,109.24504589,-0.4278519,3.25,0.408,0.408,Healthy,Sub-Optimal
AME II,E002A,E02,2009,48,1,83120,0.4318191448089537,Stres Sedang,0.42870667186115996,Stres Sedang,Pokok Utama,109.24305518033945,-0.42779697794293037,663,109.24304365,-0.42780441,7.8,0.433,0.433,Healthy,Moderate
AME II,E002A,E02,2009,48,4,83088,0.3959511596022772,Stres Berat,0.4243091806823101,Stres Sedang,Pokok Utama,109.24331374409033,-0.42778927682691625,1729,109.24329651,-0.42780583,4.91,0.526,0.526,Healthy,Good
AME II,E002A,E02,2009,48,6,83718,0.39297538090653233,Stres Berat,0.42930393314899357,Stres Sedang,Pokok Utama,109.24347920503382,-0.42779069312569756,2704,109.24347437,-0.42779276,3.32,0.387,0.387,Abnormal,Critical
AME II,E002A,E02,2009,48,7,83295,0.4139823469539073,Stres Sedang,0.4168223917376791,Stres Sedang,Pokok Utama,109.24363867511536,-0.4277933550741744,2147,109.24362842,-0.42780771,4.24,0.414,0.414,Healthy,Sub-Optimal
AME II,E002A,E02,2009,48,8,83287,0.37871882315398947,Stres Berat,0.4044889295029676,Stres Sedang,Pokok Utama,109.24372671701411,-0.42778850659841416,2218,109.24372005,-0.42778287,4.15,0.354,0.354,Suspect,Critical
AME II,E002A,E02,2009,48,9,83273,0.3796860001900274,Stres Berat,0.44108135743030846,Stres Sedang,Pokok Utama,109.24389690518949,-0.42778784136773845,1361,109.2439042,-0.42778472,5.59,0.391,0.391,Healthy,Sub-Optimal
AME II,E002A,E02,2009,48,11,83360,0.4027646631488598,Stres Sedang,0.4598995809172009,Stres Sedang,Pokok Utama,109.2442097647301,-0.4277825672181811,361,109.24420197,-0.42781508,9.46,0.434,0.434,Healthy,Moderate
AME II,E002A,E02,2009,48,13,83640,0.38004918768394247,Stres Berat,0.4400442071659158,Stres Sedang,Pokok Utama,109.24434640195732,-0.4277798071143092,2883,109.24432504,-0.42779205,2.91,0.498,0.498,Healthy,Good
AME II,E002A,E02,2009,48,15,83409,0.3975893028386097,Stres Berat,0.4170292310716152,Stres Sedang,Pokok Utama,109.24453136603383,-0.4277865252928671,1795,109.24453075,-0.42777085,4.78,0.406,0.406,Healthy,Sub-Optimal
AME II,E002A,E02,2009,48,16,83402,0.43729187493812277,Stres Sedang,0.4449909550493739,Stres Sedang,Pokok Utama,109.2446203445251,-0.42778321704867955,2287,109.24462102,-0.42781925,4.04,0.514,0.514,Healthy,Good
AME II,E002A,E02,2009,48,18,83444,0.38858535437034375,Stres Berat,0.3981222445433403,Stres Berat,Pokok Utama,109.2448463381297,-0.4277864992754647,3183,109.2448649,-0.42778856,1.55,0.5,0.5,Healthy,Good
AME II,E002A,E02,2009,48,20,83515,0.4113246547787086,Stres Sedang,0.42946565778773266,Stres Sedang,Pokok Utama,109.24502205801754,-0.42778569874326866,2854,109.24500683,-0.42781481,2.96,0.465,0.465,Healthy,Good
AME II,E002A,E02,2009,48,21,83539,0.4556291378218378,Stres Sedang,0.4701686286725978,Stres Sedang,Pokok Utama,109.24509379068283,-0.4277817797331614,3295,109.2451281,-0.42778816,0.63,0.47,0.47,Abnormal,Good
AME II,E002A,E02,2009,49,1,83755,0.4431715033005464,Stres Sedang,0.4638736494042136,Stres Sedang,Pokok Utama,109.24303105442465,-0.42772617633044574,583,109.24303424,-0.42771443,8.23,0.407,0.407,Healthy,Sub-Optimal
AME II,E002A,E02,2009,49,2,83752,0.4456862881029952,Stres Sedang,0.4659157329879933,Stres Sedang,Pokok Utama,109.24311219354178,-0.42772313939590545,3040,109.24311239,-0.42771038,2.51,0.531,0.531,Healthy,Good
AME II,E002A,E02,2009,49,3,83741,0.39705120652371007,Stres Berat,0.4227961213497098,Stres Sedang,Pokok Utama,109.24318827853199,-0.4277220310773899,2343,109.24316448,-0.42772712,3.95,0.502,0.502,Healthy,Good
AME II,E002A,E02,2009,49,4,83746,0.4089577086016572,Stres Sedang,0.44448626541097364,Stres Sedang,Pokok Utama,109.24327696245567,-0.4277260458245717,2771,109.24324847,-0.42773754,3.18,0.392,0.392,Healthy,Sub-Optimal
AME II,E002A,E02,2009,49,6,83726,0.4064744044280681,Stres Sedang,0.43480417652508274,Stres Sedang,Pokok Utama,109.24341402561681,-0.42770651282286365,2122,109.24341286,-0.42772402,4.27,0.443,0.443,Healthy,Moderate
AME II,E002A,E02,2009,49,9,83288,0.3813965070289785,Stres Berat,0.4459452073865554,Stres Sedang,Pokok Utama,109.2436795768894,-0.427715506724371,2900,109.24369087,-0.42774804,2.87,0.432,0.432,Abnormal,Moderate
AME II,E002A,E02,2009,49,11,83274,0.37942863448227726,Stres Berat,0.42326538214140336,Stres Sedang,Pokok Utama,109.24385069646524,-0.427723202889185,1782,109.24387322,-0.42773407,4.82,0.458,0.458,Healthy,Moderate
AME II,E002A,E02,2009,49,12,83268,0.3860553145133133,Stres Berat,0.4345004357046177,Stres Sedang,Pokok Utama,109.24391970450986,-0.4277079053203538,2517,109.24393072,-0.42770695,3.68,0.421,0.421,Abnormal,Sub-Optimal
AME II,E002A,E02,2009,49,15,83361,0.4273448463772302,Stres Sedang,0.4309533095041003,Stres Sedang,Pokok Utama,109.24415816680849,-0.42771589461550164,416,109.24416516,-0.42775132,9.18,0.455,0.455,Healthy,Moderate
AME II,E002A,E02,2009,49,16,83333,0.43811596296150485,Stres Sedang,0.48102143724009,Stres Sedang,Pokok Utama,109.24424753078267,-0.4277159152021903,2834,109.24426757,-0.42770296,3.04,0.469,0.469,Healthy,Good
AME II,E002A,E02,2009,49,17,83641,0.4051018884769924,Stres Sedang,0.4613873417760517,Stres Sedang,Pokok Utama,109.24433322881733,-0.42771235209356406,2733,109.24431968,-0.42767901,3.24,0.519,0.519,Healthy,Good
AME II,E002A,E02,2009,49,19,83410,0.3868675553704657,Stres Berat,0.4269335245025527,Stres Sedang,Pokok Utama,109.24449905950162,-0.42771569551983574,2244,109.24451145,-0.42772834,4.12,0.444,0.444,Healthy,Moderate
AME II,E002A,E02,2009,49,21,83423,0.4418375208827954,Stres Sedang,0.44532918605473965,Stres Sedang,Pokok Utama,109.24465213446283,-0.4277042461217159,1737,109.24466371,-0.42772295,4.89,0.467,0.467,Healthy,Good
AME II,E002A,E02,2009,49,22,83445,0.40991733741992986,Stres Sedang,0.42102103585196504,Stres Sedang,Pokok Utama,109.24480487259399,-0.4277085613651303,2926,109.24480787,-0.42774288,2.83,0.439,0.439,Healthy,Moderate
AME II,E002A,E02,2009,50,2,83742,0.4254320812047176,Stres Sedang,0.47913509614466193,Stres Sedang,Pokok Utama,109.24315179265365,-0.42764992170368615,2865,109.24315641,-0.42767603,2.95,0.475,0.475,Healthy,Good
AME II,E002A,E02,2009,50,3,83747,0.41489025210853625,Stres Sedang,0.4536107201727167,Stres Sedang,Pokok Utama,109.24324741167561,-0.42765207970378,2940,109.24325882,-0.42767244,2.77,0.439,0.439,Healthy,Moderate
AME II,E002A,E02,2009,50,5,83727,0.4238253096415072,Stres Sedang,0.46517953048760385,Stres Sedang,Pokok Utama,109.24338307594782,-0.427649542747606,2956,109.24338637,-0.42765302,2.72,0.537,0.537,Healthy,Good
AME II,E002A,E02,2009,50,6,83720,0.4106942599365393,Stres Sedang,0.4383595123416499,Stres Sedang,Pokok Utama,109.24346861121312,-0.42765450266476823,2625,109.24349821,-0.42765667,3.45,0.41,0.41,Healthy,Sub-Optimal
AME II,E002A,E02,2009,50,8,83289,0.3916155748407489,Stres Berat,0.4107445933354589,Stres Sedang,Pokok Utama,109.2436393217125,-0.4276518444642285,2392,109.24363295,-0.42764494,3.89,0.391,0.391,Abnormal,Sub-Optimal
AME II,E002A,E02,2009,50,9,83281,0.385222113333264,Stres Berat,0.4068536689999152,Stres Sedang,Pokok Utama,109.2437238782063,-0.4276513756226545,2989,109.24374344,-0.42762733,2.65,0.455,0.455,Healthy,Moderate
AME II,E002A,E02,2009,50,10,83275,0.3809710758540513,Stres Berat,0.4352157761265679,Stres Sedang,Pokok Utama,109.24380373482,-0.4276513940209698,2030,109.24381844,-0.42768116,4.39,0.436,0.436,Healthy,Moderate
AME II,E002A,E02,2009,50,12,83676,0.4177947709411869,Stres Sedang,0.4286940624922308,Stres Sedang,Pokok Utama,109.24395850291874,-0.427648079232715,2442,109.24397205,-0.42766627,3.8,0.441,0.441,Healthy,Moderate
AME II,E002A,E02,2009,50,14,83653,0.425552602225482,Stres Sedang,0.4391677423500965,Stres Sedang,Pokok Utama,109.24413615564545,-0.4276400845169304,1690,109.24416159,-0.42764009,4.99,0.454,0.454,Healthy,Moderate
AME II,E002A,E02,2009,50,15,83858,0.4168896865835016,Stres Sedang,0.4621040022945977,Stres Sedang,Pokok Utama,109.24421356972175,-0.42764469620852114,2296,109.24423749,-0.42763378,4.03,0.486,0.486,Healthy,Good
AME II,E002A,E02,2009,50,16,83642,0.41004753503989033,Stres Sedang,0.4538280029465128,Stres Sedang,Pokok Utama,109.24429955056378,-0.42764177883475857,2670,109.24433136,-0.42764465,3.37,0.507,0.507,Healthy,Good
AME II,E002A,E02,2009,50,17,83852,0.3989680187940857,Stres Berat,0.4438683590610167,Stres Sedang,Pokok Utama,109.24436517504792,-0.4276452474833655,2359,109.24439783,-0.42764512,3.93,0.462,0.462,Healthy,Good
AME II,E002A,E02,2009,50,18,83467,0.3462468235466721,Stres Berat,0.3751282755088491,Stres Berat,Pokok Utama,109.24444958721074,-0.4276357355660746,3088,109.24447913,-0.42763338,2.33,0.437,0.437,Healthy,Moderate
AME II,E002A,E02,2009,50,19,83456,0.3977744913305333,Stres Berat,0.43069410387677354,Stres Sedang,Pokok Utama,109.244530227012,-0.4276442735790966,2427,109.24452359,-0.42764379,3.83,0.423,0.423,Healthy,Sub-Optimal
AME II,E002A,E02,2009,50,21,83447,0.4000534472806669,Stres Sedang,0.4341642833314836,Stres Sedang,Pokok Utama,109.24468871435012,-0.42764350253204975,2734,109.24467315,-0.42765196,3.23,0.409,0.409,Abnormal,Sub-Optimal
AME II,E002A,E02,2009,50,23,83482,0.38796572307340144,Stres Berat,0.4249251936649059,Stres Sedang,Pokok Utama,109.24486044136269,-0.4276348987393159,3269,109.24484831,-0.4276624,0.79,0.565,0.565,Abnormal,Good
AME II,E002A,E02,2009,51,1,83754,0.42671763216046915,Stres Sedang,0.4488796450047655,Stres Sedang,Pokok Utama,109.24303157253271,-0.42757694841796945,788,109.24303248,-0.42755528,7.2,0.358,0.358,Suspect,Critical
AME II,E002A,E02,2009,51,2,83743,0.40539841077255795,Stres Sedang,0.437266272630225,Stres Sedang,Pokok Utama,109.24311294581236,-0.4275672649057078,2691,109.24307784,-0.42757156,3.33,0.409,0.409,Abnormal,Sub-Optimal
AME II,E002A,E02,2009,51,3,83748,0.4511366758305048,Stres Sedang,0.4738978237987639,Stres Sedang,Pokok Utama,109.24319331817216,-0.42758631719059126,1530,109.24318922,-0.42759736,5.27,0.514,0.514,Healthy,Good
AME II,E002A,E02,2009,51,4,83736,0.4229721362771695,Stres Sedang,0.4508957722749965,Stres Sedang,Pokok Utama,109.24327031395195,-0.4275854839835158,2542,109.2432768,-0.42760145,3.64,0.417,0.417,Healthy,Sub-Optimal
AME II,E002A,E02,2009,51,5,83728,0.40940375565093007,Stres Sedang,0.42424099517162317,Stres Sedang,Pokok Utama,109.24334430735549,-0.42757432023229924,2942,109.24332037,-0.42757388,2.77,0.41,0.41,Healthy,Sub-Optimal
AME II,E002A,E02,2009,51,6,83721,0.42603126807625663,Stres Sedang,0.4346342864749882,Stres Sedang,Pokok Utama,109.24343353104126,-0.42758275713647503,1222,109.24346364,-0.42760104,5.89,0.453,0.453,Healthy,Moderate
AME II,E002A,E02,2009,51,8,83282,0.4219914025268798,Stres Sedang,0.418164794621366,Stres Sedang,Pokok Utama,109.24367577089036,-0.42757330238944774,917,109.24365767,-0.42758029,6.74,0.458,0.458,Healthy,Moderate
AME II,E002A,E02,2009,51,9,83276,0.4099557400478221,Stres Sedang,0.42634328320304826,Stres Sedang,Pokok Utama,109.24376993976702,-0.42758097991145955,2555,109.24377445,-0.42757218,3.62,0.35,0.35,Healthy,Critical
AME II,E002A,E02,2009,51,10,83270,0.3886872792811621,Stres Berat,0.4224976432552842,Stres Sedang,Pokok Utama,109.24384692757238,-0.42757581508440157,2668,109.24386652,-0.4275627,3.37,0.402,0.402,Healthy,Sub-Optimal
AME II,E002A,E02,2009,51,12,83667,0.4307005058945714,Stres Sedang,0.4528708894414684,Stres Sedang,Pokok Utama,109.24399312019668,-0.42757490014301563,2436,109.24396712,-0.42759212,3.81,0.551,0.551,Healthy,Good
AME II,E002A,E02,2009,51,13,83654,0.4297619863270091,Stres Sedang,0.425235535004446,Stres Sedang,Pokok Utama,109.24408013484047,-0.4275763824420703,2444,109.24408255,-0.42759938,3.8,0.446,0.446,Healthy,Moderate
AME II,E002A,E02,2009,51,14,83859,0.403118495629364,Stres Sedang,0.4215541319950114,Stres Sedang,Pokok Utama,109.24415800872139,-0.42757356900333277,3101,109.24415846,-0.42758131,2.25,0.418,0.418,Healthy,Sub-Optimal
AME II,E002A,E02,2009,51,15,83643,0.4440742426506034,Stres Sedang,0.4751836181795375,Stres Sedang,Pokok Utama,109.24424688843548,-0.4275700247080601,1889,109.24427254,-0.42759445,4.6,0.474,0.474,Healthy,Good
AME II,E002A,E02,2009,51,17,83468,0.4042221267634447,Stres Sedang,0.4411874538158869,Stres Sedang,Pokok Utama,109.2443990779525,-0.42757316151400804,2789,109.24443288,-0.42756464,3.15,0.405,0.405,Healthy,Sub-Optimal
AME II,E002A,E02,2009,51,18,83457,0.3859740433907321,Stres Berat,0.4022087316667851,Stres Sedang,Pokok Utama,109.24448202905836,-0.4275696375536557,2257,109.24451148,-0.42758682,4.1,0.421,0.421,Healthy,Sub-Optimal
AME II,E002A,E02,2009,51,20,83448,0.4324938687437711,Stres Sedang,0.443401978685848,Stres Sedang,Pokok Utama,109.24466070741325,-0.4275706490105468,2303,109.24464308,-0.42754796,4.01,0.461,0.461,Healthy,Good
AME II,E002A,E02,2009,51,22,83518,0.3816061335508675,Stres Berat,0.4047976549219663,Stres Sedang,Pokok Utama,109.24489848546557,-0.4275621716460556,3244,109.24490898,-0.42753446,0.96,0.467,0.467,Abnormal,Good
AME II,E002A,E02,2009,52,2,83749,0.4661917218962279,Stres Sedang,0.4782862347809717,Stres Sedang,Pokok Utama,109.2431454913813,-0.4275150615811557,2056,109.24315465,-0.42750105,4.35,0.489,0.489,Healthy,Good
AME II,E002A,E02,2009,52,3,83737,0.41237297128943734,Stres Sedang,0.4417848010326728,Stres Sedang,Pokok Utama,109.24323105114061,-0.42751890920735874,2346,109.24323999,-0.42749926,3.95,0.446,0.446,Abnormal,Moderate
AME II,E002A,E02,2009,52,5,83722,0.4049344557810335,Stres Sedang,0.4085013327676519,Stres Sedang,Pokok Utama,109.24339275530062,-0.42751719482605355,1902,109.24338012,-0.4274907,4.57,0.46,0.46,Healthy,Good
AME II,E002A,E02,2009,52,6,83299,0.4302566822761098,Stres Sedang,0.45409575616452447,Stres Sedang,Pokok Utama,109.24347092373827,-0.4275066885558453,2792,109.24347533,-0.42752689,3.13,0.561,0.561,Healthy,Good
AME II,E002A,E02,2009,52,7,83291,0.42123460241920724,Stres Sedang,0.42073383867418634,Stres Sedang,Pokok Utama,109.24354842699765,-0.4275219113583771,2610,109.24354675,-0.42748848,3.48,0.485,0.485,Healthy,Good
AME II,E002A,E02,2009,52,8,83283,0.40670006001847364,Stres Sedang,0.4197114353642866,Stres Sedang,Pokok Utama,109.24363298738446,-0.427504288789291,2246,109.24364871,-0.42749709,4.12,0.459,0.459,Healthy,Moderate
AME II,E002A,E02,2009,52,9,83277,0.44438074431504965,Stres Sedang,0.45563556352297085,Stres Sedang,Pokok Utama,109.24372204587952,-0.42750447659766105,2572,109.24372146,-0.427517,3.58,0.503,0.503,Healthy,Good
AME II,E002A,E02,2009,52,10,83271,0.41018281988738864,Stres Sedang,0.42899734974265025,Stres Sedang,Pokok Utama,109.24380966280948,-0.4275118596126142,2809,109.24383016,-0.4275003,3.1,0.454,0.454,Healthy,Moderate
AME II,E002A,E02,2009,52,11,83678,0.3813992638439142,Stres Berat,0.4244496247968874,Stres Sedang,Pokok Utama,109.24387648526229,-0.4275048395240283,3069,109.24387014,-0.42747318,2.4,0.394,0.394,Healthy,Sub-Optimal
AME II,E002A,E02,2009,52,13,83655,0.47009649243187557,Stres Sedang,0.48223155339916585,Stres Sedang,Pokok Utama,109.24406107096064,-0.42749641142343137,2121,109.24403676,-0.42748859,4.28,0.493,0.493,Healthy,Good
AME II,E002A,E02,2009,52,14,83860,0.3648404320959675,Stres Berat,0.38533670871520787,Stres Berat,Pokok Utama,109.2441288276359,-0.4275012171196637,2878,109.24413333,-0.42747505,2.91,0.486,0.486,Healthy,Good
AME II,E002A,E02,2009,52,15,83644,0.3960051091308822,Stres Berat,0.43621400613903893,Stres Sedang,Pokok Utama,109.24420059717818,-0.427492970121892,2748,109.24419216,-0.42749767,3.2,0.448,0.448,Healthy,Moderate
AME II,E002A,E02,2009,52,17,83469,0.44800953260108606,Stres Sedang,0.47300668688149783,Stres Sedang,Pokok Utama,109.24436401180976,-0.4275027995429333,1389,109.24436239,-0.42747826,5.53,0.425,0.425,Healthy,Sub-Optimal
AME II,E002A,E02,2009,52,18,83458,0.3777987580413652,Stres Berat,0.3990714343343544,Stres Berat,Pokok Utama,109.24445113224488,-0.42750130398795044,2851,109.24444503,-0.42749637,2.97,0.446,0.446,Healthy,Moderate
AME II,E002A,E02,2009,52,20,83449,0.3990338288517372,Stres Berat,0.37933836814307825,Stres Berat,Pokok Utama,109.24462443446508,-0.427490248080084,2069,109.24461705,-0.42750048,4.33,0.491,0.491,Healthy,Good
AME II,E002A,E02,2009,52,21,83491,0.4161921910305526,Stres Sedang,0.4323887813818426,Stres Sedang,Pokok Utama,109.24469249420625,-0.42750152684683623,1930,109.24467992,-0.42752807,4.52,0.431,0.431,Healthy,Moderate
AME II,E002A,E02,2009,53,1,83745,0.4306000545701947,Stres Sedang,0.43494451641678666,Stres Sedang,Pokok Utama,109.24304465057934,-0.4274422989498115,487,109.24304688,-0.42743003,8.71,0.498,0.498,Healthy,Good
AME II,E002A,E02,2009,53,2,83750,0.450417589670306,Stres Sedang,0.44926934097665666,Stres Sedang,Pokok Utama,109.24310893735378,-0.4274503041785323,2607,109.24312368,-0.42742463,3.49,0.587,0.587,Abnormal,Good
AME II,E002A,E02,2009,53,3,83730,0.41799911123541716,Stres Sedang,0.4131994728494113,Stres Sedang,Pokok Utama,109.2432679287665,-0.4274364977361112,1723,109.24327773,-0.42746129,4.92,0.405,0.405,Healthy,Sub-Optimal
AME II,E002A,E02,2009,53,5,83300,0.4287278317554352,Stres Sedang,0.43002110454771253,Stres Sedang,Pokok Utama,109.2434299564678,-0.4274340744478629,2167,109.2434017,-0.42743373,4.21,0.494,0.494,Healthy,Good
AME II,E002A,E02,2009,53,6,83292,0.45009493088637936,Stres Sedang,0.4691152137630661,Stres Sedang,Pokok Utama,109.2435180255551,-0.42743600914062696,1241,109.24351443,-0.42741206,5.86,0.422,0.422,Healthy,Sub-Optimal
AME II,E002A,E02,2009,53,7,83284,0.4566004518814949,Stres Sedang,0.4645354699562578,Stres Sedang,Pokok Utama,109.24359221395926,-0.4274364060337015,2816,109.24357865,-0.42744598,3.08,0.495,0.495,Healthy,Good
AME II,E002A,E02,2009,53,8,83278,0.39081816220770077,Stres Berat,0.40841949581562614,Stres Sedang,Pokok Utama,109.2436783304025,-0.42743747304859464,2622,109.24367747,-0.42741978,3.46,0.483,0.483,Healthy,Good
AME II,E002A,E02,2009,53,9,83272,0.3916688515152528,Stres Berat,0.4373346251389096,Stres Sedang,Pokok Utama,109.24376198679887,-0.42744897696204415,3139,109.24375292,-0.42744286,2.05,0.519,0.519,Healthy,Good
AME II,E002A,E02,2009,53,10,83679,0.4074975177767425,Stres Sedang,0.4491416605350633,Stres Sedang,Pokok Utama,109.24384529722434,-0.42742946500823187,2972,109.24382344,-0.42741439,2.69,0.44,0.44,Healthy,Moderate
AME II,E002A,E02,2009,53,12,83656,0.416824986731925,Stres Sedang,0.47014046292208966,Stres Sedang,Pokok Utama,109.24400310837879,-0.4274314148499753,1798,109.24403094,-0.42743659,4.77,0.445,0.445,Healthy,Moderate
AME II,E002A,E02,2009,53,13,83861,0.4005382519744926,Stres Sedang,0.41956135134797196,Stres Sedang,Pokok Utama,109.24408246352384,-0.4274285402544608,1989,109.24408709,-0.42740314,4.44,0.431,0.431,Healthy,Moderate
AME II,E002A,E02,2009,53,14,83645,0.36726635588356304,Stres Berat,0.40205681164557777,Stres Sedang,Pokok Utama,109.24415052675015,-0.4274283397958758,1800,109.24412481,-0.42743435,4.76,0.463,0.463,Healthy,Good
AME II,E002A,E02,2009,53,17,83464,0.35214125500925203,Stres Berat,0.3824491578623,Stres Berat,Pokok Utama,109.24439600995746,-0.4274285545604023,3161,109.24442483,-0.42741226,1.82,0.415,0.415,Healthy,Sub-Optimal
AME II,E002A,E02,2009,53,18,83453,0.3979685676668156,Stres Berat,0.4177523263209729,Stres Sedang,Pokok Utama,109.24449152034283,-0.4274228342185585,2690,109.24450613,-0.42741635,3.33,0.476,0.476,Healthy,Good
AME II,E002A,E02,2009,53,19,83498,0.37334526995499195,Stres Berat,0.3594560514618032,Stres Berat,Pokok Utama,109.24455893176085,-0.42742911565315134,3077,109.24458832,-0.42742451,2.35,0.407,0.407,Healthy,Sub-Optimal
AME II,E002A,E02,2009,53,20,83492,0.3816961181021216,Stres Berat,0.4046593829631662,Stres Sedang,Pokok Utama,109.2446513048491,-0.42742572407253027,2503,109.24468084,-0.42741278,3.72,0.488,0.488,Healthy,Good
AME II,E002A,E02,2009,53,27,83584,0.3971468297655567,Stres Berat,0.4190722829040916,Stres Sedang,Pokok Utama,109.2452160443944,-0.42742875232219013,3180,109.24521216,-0.42745088,1.58,0.576,0.576,Healthy,Good
AME II,E002A,E02,2009,54,3,83731,0.41313605217481314,Stres Sedang,0.43581354186569976,Stres Sedang,Pokok Utama,109.24322665660843,-0.427369493860843,2070,109.24322655,-0.42737265,4.33,0.396,0.396,Healthy,Sub-Optimal
AME II,E002A,E02,2009,54,5,83301,0.4261318938885171,Stres Sedang,0.4314955328496135,Stres Sedang,Pokok Utama,109.24338993106517,-0.42737517250426665,2415,109.24340036,-0.42736772,3.85,0.413,0.413,Abnormal,Sub-Optimal
AME II,E002A,E02,2009,54,7,83695,0.4450511438341618,Stres Sedang,0.4505714525614962,Stres Sedang,Pokok Utama,109.24363952355752,-0.4273684431853712,2194,109.24363436,-0.42737365,4.18,0.502,0.502,Healthy,Good
AME II,E002A,E02,2009,54,9,83680,0.429674632237403,Stres Sedang,0.45929158681074256,Stres Sedang,Pokok Utama,109.24382439614833,-0.4273662946247255,1220,109.24380459,-0.42734294,5.9,0.42,0.42,Healthy,Sub-Optimal
AME II,E002A,E02,2009,54,10,83670,0.3641037427649206,Stres Berat,0.4175164830885194,Stres Sedang,Pokok Utama,109.2438910571735,-0.42736602511633776,2939,109.24391687,-0.42737733,2.77,0.417,0.417,Healthy,Sub-Optimal
AME II,E002A,E02,2009,54,11,83657,0.3806919132399818,Stres Berat,0.4355823556540355,Stres Sedang,Pokok Utama,109.2439699767252,-0.4273707275752658,2008,109.24397301,-0.42739905,4.42,0.481,0.481,Healthy,Good
AME II,E002A,E02,2009,54,12,83862,0.40534965145685103,Stres Sedang,0.41999202251183587,Stres Sedang,Pokok Utama,109.24404848006054,-0.42735705901850085,2852,109.24404802,-0.42735656,2.97,0.495,0.495,Abnormal,Good
AME II,E002A,E02,2009,54,13,83646,0.3871877402528922,Stres Berat,0.38289755570287465,Stres Berat,Pokok Utama,109.24412531498419,-0.4273487471681016,2872,109.24410551,-0.42736743,2.93,0.463,0.463,Abnormal,Good
AME II,E002A,E02,2009,54,14,83856,0.3695604664199115,Stres Berat,0.40653490658636926,Stres Sedang,Pokok Utama,109.24421142050338,-0.42735055660368526,963,109.24422363,-0.42737514,6.58,0.408,0.408,Healthy,Sub-Optimal
AME II,E002A,E02,2009,54,15,83471,0.3731839886549313,Stres Berat,0.42159884148404636,Stres Sedang,Pokok Utama,109.24429815413001,-0.42735144469796177,2369,109.24429281,-0.42732361,3.92,0.48,0.48,Healthy,Good
AME II,E002A,E02,2009,54,16,83465,0.3669832792703414,Stres Berat,0.4009547156007719,Stres Sedang,Pokok Utama,109.24435777706645,-0.4273635769897316,3042,109.24438128,-0.42735302,2.5,0.44,0.44,Healthy,Moderate
AME II,E002A,E02,2009,54,18,83499,0.3954770898141571,Stres Berat,0.40089160917434796,Stres Sedang,Pokok Utama,109.2445312437126,-0.4273562387009446,2466,109.24456408,-0.42736799,3.78,0.397,0.397,Healthy,Sub-Optimal
AME II,E002A,E02,2009,54,20,83486,0.40982070725399045,Stres Sedang,0.4458701210068511,Stres Sedang,Pokok Utama,109.24470072068425,-0.42735484166718674,2419,109.24469208,-0.42737525,3.84,0.499,0.499,Healthy,Good
AME II,E002A,E02,2009,55,1,83763,0.42678331083120824,Stres Sedang,0.4006574637092869,Stres Sedang,Pokok Utama,109.24304194757396,-0.4273123039085608,897,109.24303028,-0.42732649,6.83,0.322,0.322,Suspect,Critical
AME II,E002A,E02,2009,55,2,83740,0.43287071107976044,Stres Sedang,0.4383982026512539,Stres Sedang,Pokok Utama,109.24312295036617,-0.42730435746479517,2867,109.2431336,-0.42727677,2.94,0.431,0.431,Abnormal,Moderate
AME II,E002A,E02,2009,55,3,83732,0.3985287156006618,Stres Berat,0.4295090127291619,Stres Sedang,Pokok Utama,109.2431974866924,-0.42730340340813594,2114,109.24319692,-0.42729307,4.29,0.5,0.5,Healthy,Good
AME II,E002A,E02,2009,55,4,83725,0.41940827361425026,Stres Sedang,0.4541332746940631,Stres Sedang,Pokok Utama,109.24328538025345,-0.4272910654452052,3064,109.24328899,-0.42728811,2.41,0.407,0.407,Abnormal,Sub-Optimal
AME II,E002A,E02,2009,55,5,83702,0.40419707769089075,Stres Sedang,0.4440866366086941,Stres Sedang,Pokok Utama,109.24336672327243,-0.42729994363004725,2219,109.2433878,-0.42728768,4.15,0.413,0.413,Healthy,Sub-Optimal
AME II,E002A,E02,2009,55,6,83293,0.4374434209106473,Stres Sedang,0.45535896060307723,Stres Sedang,Pokok Utama,109.24344796100746,-0.42730174833321716,2076,109.2434363,-0.42732025,4.33,0.557,0.557,Healthy,Good
AME II,E002A,E02,2009,55,7,83286,0.44691982788398216,Stres Sedang,0.4658785919443919,Stres Sedang,Pokok Utama,109.2435122255478,-0.4272930176158276,2259,109.24351401,-0.42728681,4.1,0.489,0.489,Healthy,Good
AME II,E002A,E02,2009,55,9,83688,0.4124035733656238,Stres Sedang,0.4094746756585878,Stres Sedang,Pokok Utama,109.2436854997441,-0.4272981550632257,2708,109.24370624,-0.4272864,3.3,0.466,0.466,Abnormal,Good
AME II,E002A,E02,2009,55,11,83671,0.37683459332626673,Stres Berat,0.3905932683490947,Stres Berat,Pokok Utama,109.24384092936234,-0.4272930489759666,2634,109.2438338,-0.42728688,3.44,0.42,0.42,Abnormal,Sub-Optimal
AME II,E002A,E02,2009,55,13,83647,0.43360316416308436,Stres Sedang,0.4246833415306201,Stres Sedang,Pokok Utama,109.2440855182839,-0.4272873656611594,2476,109.24407004,-0.42729915,3.75,0.397,0.397,Healthy,Sub-Optimal
AME II,E002A,E02,2009,55,14,83857,0.3818064994767968,Stres Berat,0.37930673494094275,Stres Berat,Pokok Utama,109.24415967816648,-0.427290829028648,1957,109.24415133,-0.42730685,4.49,0.34,0.34,Suspect,Critical
AME II,E002A,E02,2009,55,15,83472,0.40449632453950807,Stres Sedang,0.4401757513829211,Stres Sedang,Pokok Utama,109.24425097540896,-0.4272860762226744,1551,109.24422455,-0.42727024,5.23,0.419,0.419,Healthy,Sub-Optimal
AME II,E002A,E02,2009,55,16,83466,0.3911805990789974,Stres Berat,0.4432501458671048,Stres Sedang,Pokok Utama,109.24433567919564,-0.4272739500170497,2907,109.24433728,-0.42727886,2.87,0.504,0.504,Healthy,Good
AME II,E002A,E02,2009,55,17,83455,0.3837690717239349,Stres Berat,0.38796477499791215,Stres Berat,Pokok Utama,109.24440174719952,-0.4272823743369475,3132,109.24441049,-0.42731098,2.1,0.359,0.359,Healthy,Critical
AME II,E002A,E02,2009,55,18,83500,0.3925421978384986,Stres Berat,0.4078468469628478,Stres Sedang,Pokok Utama,109.24449722668153,-0.42728615278347537,2679,109.24449582,-0.42730467,3.35,0.435,0.435,Healthy,Moderate
AME II,E002A,E02,2009,55,19,83494,0.45080287783705975,Stres Sedang,0.4393210538987967,Stres Sedang,Pokok Utama,109.24458091649208,-0.4272812110311725,898,109.24461036,-0.42728706,6.83,0.425,0.425,Healthy,Sub-Optimal
AME II,E002A,E02,2009,55,20,83487,0.4185742691110605,Stres Sedang,0.449398891221882,Stres Sedang,Pokok Utama,109.24465465470948,-0.4272864105602234,2991,109.24467953,-0.42727984,2.65,0.535,0.535,Healthy,Good
AME II,E002A,E02,2009,55,23,83533,0.3952137618810952,Stres Berat,0.4561102123025155,Stres Sedang,Pokok Utama,109.24488818157428,-0.4272803059785795,3228,109.24489063,-0.42724508,1.11,0.518,0.518,Healthy,Good
AME II,E002A,E02,2009,55,25,83573,0.43718459530489934,Stres Sedang,0.439483688343098,Stres Sedang,Pokok Utama,109.2450521130045,-0.4272772383094861,2501,109.24502671,-0.42728128,3.72,0.662,0.662,Abnormal,Good
AME II,E002A,E02,2009,55,26,83586,0.4447742076340043,Stres Sedang,0.4464702303431785,Stres Sedang,Pokok Utama,109.24512816554542,-0.4272769492438521,1774,109.24509722,-0.42729034,4.83,0.859,0.859,Healthy,Good
AME II,E002A,E02,2009,56,4,83703,0.42189525470003936,Stres Sedang,0.4379517694439503,Stres Sedang,Pokok Utama,109.24332398521773,-0.42723252434226944,1941,109.24332674,-0.4272194,4.51,0.463,0.463,Healthy,Good
AME II,E002A,E02,2009,56,5,83707,0.3976580806419525,Stres Berat,0.41250553248918337,Stres Sedang,Pokok Utama,109.24339808526928,-0.42721847677880237,1569,109.24336941,-0.42721805,5.19,0.359,0.359,Suspect,Critical
AME II,E002A,E02,2009,56,6,83712,0.4297611681179726,Stres Sedang,0.4331069871116708,Stres Sedang,Pokok Utama,109.24347084687703,-0.4272321891963364,2041,109.24344396,-0.42723208,4.38,0.4,0.4,Healthy,Sub-Optimal
AME II,E002A,E02,2009,56,7,83697,0.4508203977518294,Stres Sedang,0.4551922435533467,Stres Sedang,Pokok Utama,109.24355607783559,-0.42722832483519624,1090,109.24357691,-0.42721131,6.23,0.436,0.436,Healthy,Moderate
AME II,E002A,E02,2009,56,8,83689,0.4277309466960411,Stres Sedang,0.4172874900697767,Stres Sedang,Pokok Utama,109.2436438362013,-0.42722596310179484,1757,109.24366359,-0.42722399,4.85,0.414,0.414,Healthy,Sub-Optimal
AME II,E002A,E02,2009,56,9,83682,0.4020088351504362,Stres Sedang,0.4191283412677835,Stres Sedang,Pokok Utama,109.2437241734713,-0.42722955268598395,1785,109.24375476,-0.42722944,4.8,0.458,0.458,Healthy,Moderate
AME II,E002A,E02,2009,56,10,83672,0.36311979235858494,Stres Berat,0.3801675087183151,Stres Berat,Pokok Utama,109.24382729580464,-0.4272198515455123,2829,109.24381001,-0.42723624,3.05,0.457,0.457,Abnormal,Moderate
AME II,E002A,E02,2009,56,11,83892,0.4248916721718947,Stres Sedang,0.47003527103439263,Stres Sedang,Pokok Utama,109.24391258889386,-0.42721539849204143,1354,109.24391555,-0.42723626,5.61,0.552,0.552,Healthy,Good
AME II,E002A,E02,2009,56,13,83648,0.43756245365300644,Stres Sedang,0.43523279108333274,Stres Sedang,Pokok Utama,109.24404934416101,-0.42722275120202485,1610,109.24404311,-0.42724488,5.12,0.449,0.449,Healthy,Moderate
AME II,E002A,E02,2009,56,15,83870,0.3707949624881412,Stres Berat,0.3976809422139323,Stres Berat,Pokok Utama,109.24419173887925,-0.4272020944145884,3103,109.24417246,-0.42722637,2.24,0.435,0.435,Abnormal,Moderate
AME II,E002A,E02,2009,56,16,83507,0.38399225983628776,Stres Berat,0.4341576217531084,Stres Sedang,Pokok Utama,109.24427585394189,-0.4272112933513701,461,109.24425825,-0.42722006,8.86,0.457,0.457,Healthy,Moderate
AME II,E002A,E02,2009,56,17,83504,0.38268689733058353,Stres Berat,0.4044522939141821,Stres Sedang,Pokok Utama,109.24438508945599,-0.4272275706243613,2899,109.24437951,-0.42724405,2.88,0.402,0.402,Healthy,Sub-Optimal
AME II,E002A,E02,2009,56,18,83501,0.38630418412612166,Stres Berat,0.40090311189158023,Stres Sedang,Pokok Utama,109.24444163659103,-0.4272124926196618,2446,109.24441499,-0.42723502,3.8,0.432,0.432,Healthy,Moderate
AME II,E002A,E02,2009,56,21,83523,0.4386570662454524,Stres Sedang,0.47485233059290727,Stres Sedang,Pokok Utama,109.24470190055958,-0.4272144108369975,2605,109.24468627,-0.42723915,3.5,0.462,0.462,Abnormal,Good
AME II,E002A,E02,2009,56,27,83599,0.44735670621934936,Stres Sedang,0.45380958691776657,Stres Sedang,Pokok Utama,109.24517142623024,-0.42721473224484824,1399,109.24519739,-0.42722887,5.52,0.558,0.558,Healthy,Good
AME II,E002A,E02,2009,57,1,83765,0.4079778036734015,Stres Sedang,0.44761004528018994,Stres Sedang,Pokok Utama,109.24303437908456,-0.4271643944151637,369,109.2430402,-0.42715512,9.4,0.433,0.433,Healthy,Moderate
AME II,E002A,E02,2009,57,3,83768,0.4333800109545605,Stres Sedang,0.4484406342067254,Stres Sedang,Pokok Utama,109.24319909501571,-0.42716319886614973,2240,109.24316686,-0.42715244,4.13,0.451,0.451,Healthy,Moderate
AME II,E002A,E02,2009,57,4,83704,0.4067184173056613,Stres Sedang,0.4215587654469287,Stres Sedang,Pokok Utama,109.24327351001074,-0.4271585796357665,1350,109.24329307,-0.42714795,5.62,0.462,0.462,Healthy,Good
AME II,E002A,E02,2009,57,5,83708,0.41815149629924203,Stres Sedang,0.41107784519503426,Stres Sedang,Pokok Utama,109.24335153009957,-0.4271604803534208,1314,109.24336403,-0.42715294,5.7,0.443,0.443,Healthy,Moderate
AME II,E002A,E02,2009,57,8,83690,0.38956659931796866,Stres Berat,0.4003255152963191,Stres Sedang,Pokok Utama,109.24360060594204,-0.4271503642734743,2981,109.24363127,-0.4271634,2.67,0.472,0.472,Abnormal,Good
AME II,E002A,E02,2009,57,9,83683,0.39596334807847555,Stres Berat,0.42417148518340564,Stres Sedang,Pokok Utama,109.2436900763994,-0.4271362261915332,1088,109.24369775,-0.4271295,6.23,0.406,0.406,Healthy,Sub-Optimal
AME II,E002A,E02,2009,57,11,83662,0.39626046060413517,Stres Berat,0.43458115188240254,Stres Sedang,Pokok Utama,109.243840660941,-0.4271499320974013,2083,109.24383562,-0.42716435,4.32,0.436,0.436,Healthy,Moderate
AME II,E002A,E02,2009,57,12,83660,0.39644732937593646,Stres Berat,0.4494140221952246,Stres Sedang,Pokok Utama,109.2439114483899,-0.42715471496790436,2320,109.24388323,-0.4271508,3.98,0.485,0.485,Abnormal,Good
AME II,E002A,E02,2009,57,14,83864,0.4197045895202561,Stres Sedang,0.4205584860119847,Stres Sedang,Pokok Utama,109.24408564087541,-0.42715098048684025,2136,109.24406783,-0.42716847,4.25,0.343,0.343,Suspect,Critical
AME II,E002A,E02,2009,57,15,83871,0.41204297800734335,Stres Sedang,0.4399040426526751,Stres Sedang,Pokok Utama,109.24416686872974,-0.42714895997147323,2159,109.24417248,-0.42714092,4.22,0.419,0.419,Healthy,Sub-Optimal
AME II,E002A,E02,2009,57,16,83508,0.4043006174973505,Stres Sedang,0.46047220403927064,Stres Sedang,Pokok Utama,109.24423516598681,-0.42713873625806936,3011,109.2442623,-0.42715902,2.59,0.488,0.488,Abnormal,Good
AME II,E002A,E02,2009,57,17,83505,0.40751982386876684,Stres Sedang,0.45729587845155456,Stres Sedang,Pokok Utama,109.24431985474774,-0.42714530380099314,1619,109.24430947,-0.42715225,5.11,0.399,0.399,Healthy,Sub-Optimal
AME II,E002A,E02,2009,57,19,83496,0.4005953148351671,Stres Sedang,0.4249760598015771,Stres Sedang,Pokok Utama,109.24447940457945,-0.42714117980319255,2791,109.24444556,-0.42713329,3.14,0.448,0.448,Abnormal,Moderate
AME II,E002A,E02,2009,57,21,83524,0.4388032166530257,Stres Sedang,0.44177128920505,Stres Sedang,Pokok Utama,109.24466226405445,-0.42714369061147445,1911,109.24468136,-0.42713154,4.55,0.554,0.554,Healthy,Good
AME II,E002A,E02,2009,57,26,83600,0.40687428783814306,Stres Sedang,0.4543725698694242,Stres Sedang,Pokok Utama,109.24513390119799,-0.4271376715116685,3234,109.2451507,-0.42714702,1.09,0.492,0.492,Abnormal,Good
AME II,E002A,E02,2009,58,1,83759,0.4133845653049203,Stres Sedang,0.4276925681894905,Stres Sedang,Pokok Utama,109.24306843861613,-0.4270749043204274,920,109.24307076,-0.42710539,6.74,0.407,0.407,Healthy,Sub-Optimal
AME II,E002A,E02,2009,58,2,83769,0.43154414074761527,Stres Sedang,0.45196178490116906,Stres Sedang,Pokok Utama,109.24314864405983,-0.4270774087093859,1990,109.24315744,-0.42709275,4.44,0.423,0.423,Healthy,Sub-Optimal
AME II,E002A,E02,2009,58,3,83705,0.4072299502089077,Stres Sedang,0.43374987270015386,Stres Sedang,Pokok Utama,109.24322743796796,-0.4270814546091095,1961,109.24319966,-0.42708236,4.49,0.488,0.488,Healthy,Good
AME II,E002A,E02,2009,58,7,83684,0.35719397642996964,Stres Berat,0.36733939289437384,Stres Berat,Pokok Utama,109.2436420018543,-0.4270838668361718,2549,109.24362589,-0.42709512,3.64,0.383,0.383,Abnormal,Critical
AME II,E002A,E02,2009,58,9,83661,0.37252238851856967,Stres Berat,0.4109515742672289,Stres Sedang,Pokok Utama,109.2438752659291,-0.4270793501592262,998,109.24385586,-0.42705991,6.46,0.453,0.453,Healthy,Moderate
AME II,E002A,E02,2009,58,10,83865,0.4387802136827039,Stres Sedang,0.43648753818398367,Stres Sedang,Pokok Utama,109.24404460543052,-0.42707781291666413,2650,109.24405482,-0.427069,3.42,0.429,0.429,Healthy,Sub-Optimal
AME II,E002A,E02,2009,58,11,83872,0.4006802450952613,Stres Sedang,0.39734614966940335,Stres Berat,Pokok Utama,109.2441263992986,-0.42707929489521285,2784,109.24414375,-0.42706178,3.16,0.49,0.49,Healthy,Good
AME II,E002A,E02,2009,58,15,83497,0.40397229906526977,Stres Sedang,0.4401351971791522,Stres Sedang,Pokok Utama,109.24444607526338,-0.4270687130186892,1940,109.2444303,-0.42707722,4.51,0.445,0.445,Healthy,Moderate
AME II,E002A,E02,2009,58,17,83550,0.42849698584309426,Stres Sedang,0.42095360287035316,Stres Sedang,Pokok Utama,109.24461339479166,-0.4270663134962646,2731,109.24462343,-0.42708947,3.24,0.394,0.394,Healthy,Sub-Optimal
AME II,E002A,E02,2009,58,18,83549,0.4371718869900697,Stres Sedang,0.4638576834525007,Stres Sedang,Pokok Utama,109.24469634084518,-0.42706527543971573,3224,109.244689,-0.42707457,1.17,0.51,0.51,Abnormal,Good
AME II,E002A,E02,2009,58,21,83576,0.37812422114220007,Stres Berat,0.4213658753119839,Stres Sedang,Pokok Utama,109.24493427537146,-0.4270678504442114,3207,109.2449522,-0.42709045,1.38,0.515,0.515,Healthy,Good
AME II,E002A,E02,2009,58,23,83601,0.3992836769012844,Stres Berat,0.45809430495561726,Stres Sedang,Pokok Utama,109.245093541434,-0.42706357172434867,2898,109.2451094,-0.42707738,2.88,0.561,0.561,Healthy,Good
AME II,E002A,E02,2009,58,24,83611,0.4311659782073267,Stres Sedang,0.45471648053296004,Stres Sedang,Pokok Utama,109.2451781374329,-0.4270634491968942,2113,109.24519787,-0.42709006,4.29,0.521,0.521,Healthy,Good
AME II,E002A,E02,2009,59,1,83760,0.41262581631610146,Stres Sedang,0.42633672865635286,Stres Sedang,Pokok Utama,109.24303801282962,-0.42701311173906403,643,109.24302856,-0.42698104,7.86,0.376,0.376,Suspect,Critical
AME II,E002A,E02,2009,59,3,83706,0.43203033133328383,Stres Sedang,0.454398626253918,Stres Sedang,Pokok Utama,109.24319690052836,-0.4270168658930771,1913,109.24316509,-0.42702584,4.55,0.473,0.473,Healthy,Good
AME II,E002A,E02,2009,59,4,83710,0.39376634808624683,Stres Berat,0.42221666513960365,Stres Sedang,Pokok Utama,109.24327220375075,-0.4270129693991992,1651,109.24325357,-0.42703987,5.05,0.398,0.398,Healthy,Sub-Optimal
AME II,E002A,E02,2009,59,7,83693,0.4433969155707523,Stres Sedang,0.46863341475441544,Stres Sedang,Pokok Utama,109.24352151076924,-0.42701324560507703,1834,109.24350644,-0.42701145,4.7,0.514,0.514,Healthy,Good
AME II,E002A,E02,2009,59,11,83651,0.38765256773271034,Stres Berat,0.4477817605687705,Stres Sedang,Pokok Utama,109.24392140390343,-0.4270006746451405,282,109.2439192,-0.42700792,9.99,0.43,0.43,Healthy,Moderate
AME II,E002A,E02,2009,59,12,83866,0.3784159481024134,Stres Berat,0.4100998673452633,Stres Sedang,Pokok Utama,109.24400424515349,-0.42700611499744545,3242,109.24403372,-0.42702152,0.98,0.427,0.427,Abnormal,Sub-Optimal
AME II,E002A,E02,2009,59,14,83877,0.40980740479796784,Stres Sedang,0.4122751230375657,Stres Sedang,Pokok Utama,109.24415542195857,-0.42700277219589405,2235,109.24416892,-0.42699216,4.13,0.432,0.432,Healthy,Moderate
AME II,E002A,E02,2009,59,15,83882,0.39431226198425046,Stres Berat,0.4597387926972785,Stres Sedang,Pokok Utama,109.24424092026119,-0.42700449647097594,1583,109.24422416,-0.42702653,5.17,0.46,0.46,Healthy,Good
AME II,E002A,E02,2009,59,16,83928,0.4069256496400321,Stres Sedang,0.43712718401994166,Stres Sedang,Pokok Utama,109.24440009309806,-0.42699909188265767,1415,109.24438136,-0.4270216,5.49,0.438,0.438,Healthy,Moderate
AME II,E002A,E02,2009,59,17,83938,0.41359451251097384,Stres Sedang,0.426524541265135,Stres Sedang,Pokok Utama,109.24448548845936,-0.42699927791126385,2460,109.24450487,-0.4270266,3.78,0.467,0.467,Abnormal,Good
AME II,E002A,E02,2009,59,18,83919,0.38724877338831115,Stres Berat,0.408448540649208,Stres Sedang,Pokok Utama,109.24456741220595,-0.4269985199522029,2652,109.24455517,-0.42702797,3.4,0.511,0.511,Healthy,Good
AME II,E002A,E02,2009,59,19,83948,0.40016299566696156,Stres Sedang,0.41336959505582355,Stres Sedang,Pokok Utama,109.24465405020713,-0.42700126453923837,2236,109.24467959,-0.42699001,4.13,0.437,0.437,Healthy,Moderate
AME II,E002A,E02,2009,59,25,83612,0.3966572188977674,Stres Berat,0.4235692522994749,Stres Sedang,Pokok Utama,109.24513138125462,-0.42700031533498356,2424,109.24516106,-0.42700052,3.83,0.476,0.476,Healthy,Good
AME II,E002A,E02,2009,59,26,83620,0.3531657428449269,Stres Berat,0.3835221278896286,Stres Berat,Pokok Utama,109.2452270988644,-0.4269999132177421,3118,109.24521137,-0.42700099,2.18,0.464,0.464,Abnormal,Good
AME II,E002A,E02,2009,60,3,83772,0.4406502232105472,Stres Sedang,0.45479701893465657,Stres Sedang,Pokok Utama,109.24315228606,-0.42695303084139796,1756,109.24317185,-0.42693767,4.85,0.475,0.475,Healthy,Good
AME II,E002A,E02,2009,60,5,83716,0.382140274165181,Stres Berat,0.4143330257039977,Stres Sedang,Pokok Utama,109.2433257153687,-0.42694343539794827,1094,109.24334881,-0.42693997,6.22,0.393,0.393,Healthy,Sub-Optimal
AME II,E002A,E02,2009,60,6,83701,0.40910064871055785,Stres Sedang,0.4113443581755006,Stres Sedang,Pokok Utama,109.24339357438512,-0.4269444222311236,1721,109.24341033,-0.42696666,4.93,0.486,0.486,Healthy,Good
AME II,E002A,E02,2009,60,8,83686,0.46291363869051844,Stres Sedang,0.46768256469876585,Stres Sedang,Pokok Utama,109.24356788212866,-0.4269431809329996,2176,109.24357696,-0.42697439,4.2,0.433,0.433,Healthy,Moderate
AME II,E002A,E02,2009,60,9,83675,0.462445793881258,Stres Sedang,0.4601777929092656,Stres Sedang,Pokok Utama,109.24363595830846,-0.42694121436049803,2277,109.24360841,-0.42695269,4.06,0.489,0.489,Healthy,Good
AME II,E002A,E02,2009,60,10,83665,0.4001043890518175,Stres Sedang,0.41840421013023016,Stres Sedang,Pokok Utama,109.24371741146346,-0.4269358714836962,2280,109.24373866,-0.42693283,4.05,0.383,0.383,Healthy,Critical
AME II,E002A,E02,2009,60,13,83874,0.45966466185772326,Stres Sedang,0.4540927956501643,Stres Sedang,Pokok Utama,109.24404609163258,-0.42693331645917787,786,109.24403779,-0.42691752,7.2,0.427,0.427,Healthy,Sub-Optimal
AME II,E002A,E02,2009,60,14,83878,0.4294726042262754,Stres Sedang,0.42505642013442246,Stres Sedang,Pokok Utama,109.24413023626293,-0.4269309339798932,1644,109.24409752,-0.42694195,5.06,0.475,0.475,Healthy,Good
AME II,E002A,E02,2009,60,16,83929,0.39497955403797536,Stres Berat,0.4637850663288556,Stres Sedang,Pokok Utama,109.24437507871227,-0.42694025577109956,916,109.24436251,-0.42695693,6.75,0.443,0.443,Healthy,Moderate
AME II,E002A,E02,2009,60,17,83939,0.41068410270560235,Stres Sedang,0.4451817386501186,Stres Sedang,Pokok Utama,109.24445493854206,-0.4269261887030436,2540,109.24445729,-0.42690134,3.64,0.468,0.468,Abnormal,Good
AME II,E002A,E02,2009,60,18,83920,0.4480072223430164,Stres Sedang,0.45480173206157304,Stres Sedang,Pokok Utama,109.24454130628224,-0.4269244189429034,1438,109.24454711,-0.42691221,5.44,0.414,0.414,Healthy,Sub-Optimal
AME II,E002A,E02,2009,60,19,83949,0.46952202982606855,Stres Sedang,0.4653496801120629,Stres Sedang,Pokok Utama,109.2446198419973,-0.4269304343383978,1808,109.24461807,-0.42692941,4.75,0.481,0.481,Healthy,Good
AME II,E002A,E02,2009,60,24,83603,0.4314129951614902,Stres Sedang,0.47247392311245023,Stres Sedang,Pokok Utama,109.24501174287843,-0.42692415541222567,1967,109.2450232,-0.42689243,4.48,0.461,0.461,Healthy,Good
AME II,E002A,E02,2009,60,25,83613,0.4634723668925616,Stres Sedang,0.4952219193147626,Stres Sedang,Pokok Utama,109.24508454868497,-0.42692942614983703,1362,109.24511572,-0.42692048,5.59,0.464,0.464,Healthy,Good
AME II,E002A,E02,2009,60,27,83569,0.3986948150569607,Stres Berat,0.44798977235047205,Stres Sedang,Pokok Utama,109.24521324527353,-0.4269303310931154,1102,109.24521229,-0.42689835,6.2,0.46,0.46,Healthy,Good
AME II,E002A,E02,2009,61,3,83776,0.3923036515599421,Stres Berat,0.39651543205294726,Stres Berat,Pokok Utama,109.24319388554015,-0.42687609871516974,2221,109.24316378,-0.42687346,4.15,0.396,0.396,Healthy,Sub-Optimal
AME II,E002A,E02,2009,61,4,83781,0.3625493890970298,Stres Berat,0.36250609813579504,Stres Berat,Pokok Utama,109.24328918120852,-0.42687020197523706,2910,109.24332233,-0.42685632,2.86,0.447,0.447,Abnormal,Moderate
AME II,E002A,E02,2009,61,5,83786,0.41561582927338653,Stres Sedang,0.41976644465356805,Stres Sedang,Pokok Utama,109.24335417163715,-0.42687293254639685,2332,109.24335466,-0.42687396,3.97,0.445,0.445,Abnormal,Moderate
AME II,E002A,E02,2009,61,6,83791,0.44545405698952334,Stres Sedang,0.46933223796678375,Stres Sedang,Pokok Utama,109.24344081699002,-0.4268707333172958,1776,109.24344359,-0.42686358,4.82,0.419,0.419,Healthy,Sub-Optimal
AME II,E002A,E02,2009,61,7,83808,0.42265489083926744,Stres Sedang,0.43414788621794753,Stres Sedang,Pokok Utama,109.24354215824378,-0.4268719340289285,3146,109.24356441,-0.42687672,1.97,0.446,0.446,Abnormal,Moderate
AME II,E002A,E02,2009,61,8,83829,0.4317398953765339,Stres Sedang,0.4393088417488403,Stres Sedang,Pokok Utama,109.24359684141156,-0.42687276952162906,3146,109.24356441,-0.42687672,1.97,0.446,0.446,Abnormal,Moderate
AME II,E002A,E02,2009,61,9,83828,0.37006047993210955,Stres Berat,0.3773075141886709,Stres Berat,Pokok Utama,109.24367960576164,-0.42686471584345725,2349,109.24365559,-0.42684871,3.95,0.422,0.422,Abnormal,Sub-Optimal
AME II,E002A,E02,2009,61,10,83911,0.4467046144395629,Stres Sedang,0.4697836700619303,Stres Sedang,Pokok Utama,109.24376355502221,-0.42685629709771633,1440,109.24376428,-0.42685823,5.44,0.392,0.392,Healthy,Sub-Optimal
AME II,E002A,E02,2009,61,12,83868,0.4005675594838434,Stres Sedang,0.4566756535713786,Stres Sedang,Pokok Utama,109.24391952365335,-0.4268667993677413,2299,109.24391744,-0.42683339,4.02,0.45,0.45,Healthy,Moderate
AME II,E002A,E02,2009,61,13,83875,0.44081899356770715,Stres Sedang,0.45590777845844793,Stres Sedang,Pokok Utama,109.24400042058022,-0.42686632964575505,1041,109.24402658,-0.42686055,6.35,0.432,0.432,Healthy,Moderate
AME II,E002A,E02,2009,61,17,83930,0.3789563735277514,Stres Berat,0.45709909131976306,Stres Sedang,Pokok Utama,109.24433365255166,-0.4268668674558631,703,109.24433782,-0.42688458,7.64,0.43,0.43,Healthy,Moderate
AME II,E002A,E02,2009,61,19,83921,0.3684404874035795,Stres Berat,0.41785772934417165,Stres Sedang,Pokok Utama,109.24447812049685,-0.42686206173935776,3033,109.24445326,-0.42686291,2.53,0.487,0.487,Abnormal,Good
AME II,E002A,E02,2009,61,20,83950,0.4423398036289189,Stres Sedang,0.46293744229991074,Stres Sedang,Pokok Utama,109.24457041060029,-0.4268522115773212,1456,109.24453814,-0.42685705,5.41,0.455,0.455,Healthy,Moderate
AME II,E002A,E02,2009,61,22,83563,0.3839758319203915,Stres Berat,0.4110744096374569,Stres Sedang,Pokok Utama,109.24473456741394,-0.42685330734305593,3000,109.24474969,-0.42685891,2.63,0.499,0.499,Abnormal,Good
AME II,E002A,E02,2009,61,28,83628,0.367746878981136,Stres Berat,0.39762904318309883,Stres Berat,Pokok Utama,109.24521965933381,-0.4268494434992683,768,109.2452415,-0.4268441,7.31,0.314,0.314,Suspect,Critical
AME II,E002A,E02,2009,62,1,83774,0.45274632030458595,Stres Sedang,0.4497573265071394,Stres Sedang,Pokok Utama,109.24307321892145,-0.4268072345273279,1684,109.24305869,-0.42682415,5.0,0.442,0.442,Healthy,Moderate
AME II,E002A,E02,2009,62,2,83777,0.4499089769480214,Stres Sedang,0.47074331131578384,Stres Sedang,Pokok Utama,109.24315784668357,-0.42680526814471254,2897,109.24313055,-0.42682327,2.88,0.387,0.387,Abnormal,Critical
AME II,E002A,E02,2009,62,4,83787,0.41753154659400815,Stres Sedang,0.44297691157656033,Stres Sedang,Pokok Utama,109.24331161276608,-0.42680357629331983,1448,109.24331651,-0.42677855,5.42,0.44,0.44,Healthy,Moderate
AME II,E002A,E02,2009,62,5,83792,0.4150876206742169,Stres Sedang,0.4455598752694921,Stres Sedang,Pokok Utama,109.24339341400832,-0.4267961581198229,2334,109.24342519,-0.42679892,3.97,0.491,0.491,Abnormal,Good
AME II,E002A,E02,2009,62,6,83809,0.43552493167059464,Stres Sedang,0.46782563011400125,Stres Sedang,Pokok Utama,109.24347233326186,-0.42680206056832615,1211,109.24348808,-0.42678446,5.93,0.448,0.448,Healthy,Moderate
AME II,E002A,E02,2009,62,7,83818,0.4486205731031526,Stres Sedang,0.4455182053363667,Stres Sedang,Pokok Utama,109.24355834730025,-0.42679912146942783,2044,109.24357341,-0.42679533,4.37,0.446,0.446,Healthy,Moderate
AME II,E002A,E02,2009,62,8,83912,0.407511712311726,Stres Sedang,0.44152370045180084,Stres Sedang,Pokok Utama,109.24371852625812,-0.42680112244864965,848,109.24372477,-0.42680486,7.01,0.46,0.46,Healthy,Good
AME II,E002A,E02,2009,62,9,83903,0.3952991170861805,Stres Berat,0.4467474833354578,Stres Sedang,Pokok Utama,109.24380565241677,-0.42680590363764165,2513,109.24379977,-0.4268189,3.7,0.447,0.447,Abnormal,Moderate
AME II,E002A,E02,2009,62,11,83876,0.4308097413566334,Stres Sedang,0.4650099158430071,Stres Sedang,Pokok Utama,109.24395687059437,-0.4267982825753755,473,109.24397045,-0.42677508,8.8,0.426,0.426,Healthy,Sub-Optimal
AME II,E002A,E02,2009,62,13,83885,0.43975160060722324,Stres Sedang,0.4488454859656737,Stres Sedang,Pokok Utama,109.24412030972792,-0.4267989513530951,1561,109.24413258,-0.42681671,5.2,0.461,0.461,Healthy,Good
AME II,E002A,E02,2009,62,14,83895,0.3999623483550293,Stres Berat,0.4480981915168321,Stres Sedang,Pokok Utama,109.24421277070368,-0.42679209809447444,2714,109.2442314,-0.4267982,3.29,0.449,0.449,Abnormal,Moderate
AME II,E002A,E02,2009,62,16,83941,0.3887959791712629,Stres Berat,0.4474487890333619,Stres Sedang,Pokok Utama,109.24438125111773,-0.42680007298754885,1532,109.24436254,-0.42681858,5.26,0.555,0.555,Healthy,Good
AME II,E002A,E02,2009,62,17,83922,0.4117305871496016,Stres Sedang,0.44121399250408894,Stres Sedang,Pokok Utama,109.24445781754977,-0.42679137671858824,1980,109.24447213,-0.42681046,4.45,0.514,0.514,Healthy,Good
AME II,E002A,E02,2009,62,18,83951,0.37195723742303455,Stres Berat,0.4060095840565397,Stres Sedang,Pokok Utama,109.24453017466888,-0.4268024837259445,2934,109.24454804,-0.42677702,2.79,0.41,0.41,Abnormal,Sub-Optimal
AME II,E002A,E02,2009,62,21,83580,0.39222467142494194,Stres Berat,0.4475516800096424,Stres Sedang,Pokok Utama,109.24477309310335,-0.42678785728057805,1678,109.24476587,-0.42678837,5.0,0.464,0.464,Healthy,Good
AME II,E002A,E02,2009,62,22,83593,0.4123218702177693,Stres Sedang,0.46637514991381357,Stres Sedang,Pokok Utama,109.24484780057215,-0.42679302083929943,1966,109.24487995,-0.42680829,4.48,0.54,0.54,Healthy,Good
AME II,E002A,E02,2009,62,24,83615,0.4156164926762227,Stres Sedang,0.47386689965032713,Stres Sedang,Pokok Utama,109.24501415100161,-0.42679013454466425,2426,109.24500031,-0.42681872,3.83,0.49,0.49,Abnormal,Good
AME II,E002A,E02,2009,63,2,83778,0.42999154114865623,Stres Sedang,0.432716362426306,Stres Sedang,Pokok Utama,109.24312028542607,-0.4267297068190122,2537,109.2431472,-0.42670933,3.64,0.414,0.414,Healthy,Sub-Optimal
AME II,E002A,E02,2009,63,3,83783,0.43350713905093785,Stres Sedang,0.46317114145627725,Stres Sedang,Pokok Utama,109.24320288458989,-0.4267290457790072,2463,109.24320018,-0.42676269,3.78,0.441,0.441,Healthy,Moderate
AME II,E002A,E02,2009,63,4,83788,0.4208902431281451,Stres Sedang,0.4404168492116088,Stres Sedang,Pokok Utama,109.24328035145096,-0.4267343935543953,1434,109.24326577,-0.42670483,5.45,0.525,0.525,Healthy,Good
AME II,E002A,E02,2009,63,5,83793,0.41955390265365966,Stres Sedang,0.43354199554484624,Stres Sedang,Pokok Utama,109.24336062339772,-0.4267249123118183,2741,109.24336907,-0.42672611,3.22,0.424,0.424,Abnormal,Sub-Optimal
AME II,E002A,E02,2009,63,6,83810,0.400315508943647,Stres Sedang,0.42585722867471093,Stres Sedang,Pokok Utama,109.24343525958525,-0.4267272598622919,2087,109.24345799,-0.42675416,4.32,0.47,0.47,Healthy,Good
AME II,E002A,E02,2009,63,7,83819,0.44441930783038236,Stres Sedang,0.4673154864608973,Stres Sedang,Pokok Utama,109.24351694717576,-0.42672588782694376,2937,109.2435339,-0.42671484,2.77,0.547,0.547,Healthy,Good
AME II,E002A,E02,2009,63,8,83830,0.48829465075723827,Stres Sedang,0.4756774847531798,Stres Sedang,Pokok Utama,109.24360257802775,-0.4267292118382867,3039,109.24362104,-0.42670853,2.51,0.509,0.509,Healthy,Good
AME II,E002A,E02,2009,63,10,84041,0.3913298580043986,Stres Berat,0.4469374239408945,Stres Sedang,Pokok Utama,109.24386319149482,-0.4267381538182507,484,109.24386851,-0.42672532,8.73,0.395,0.395,Healthy,Sub-Optimal
AME II,E002A,E02,2009,63,12,83886,0.4742059619906551,Stres Sedang,0.45964629600892914,Stres Sedang,Pokok Utama,109.24409006203412,-0.42672409522200794,3052,109.24406344,-0.42670185,2.47,0.479,0.479,Healthy,Good
AME II,E002A,E02,2009,63,13,83896,0.40006441916983704,Stres Sedang,0.44180616606642176,Stres Sedang,Pokok Utama,109.24416322152427,-0.4267262805565501,3137,109.24417571,-0.42675116,2.06,0.451,0.451,Healthy,Moderate
AME II,E002A,E02,2009,63,14,83932,0.4127375536404924,Stres Sedang,0.45729660638027886,Stres Sedang,Pokok Utama,109.24424101039952,-0.4267299038924637,2263,109.24426779,-0.42673491,4.09,0.443,0.443,Healthy,Moderate
AME II,E002A,E02,2009,63,15,83942,0.39441341653973067,Stres Berat,0.45531493725362593,Stres Sedang,Pokok Utama,109.2443262708119,-0.4267230381220568,1934,109.24430821,-0.42674486,4.52,0.499,0.499,Healthy,Good
AME II,E002A,E02,2009,63,18,83966,0.41985903626758286,Stres Sedang,0.4398876096492986,Stres Sedang,Pokok Utama,109.24457440908594,-0.4267163653183737,2256,109.24454896,-0.42671191,4.11,0.461,0.461,Healthy,Good
AME II,E002A,E02,2009,63,19,83565,0.44871587373551397,Stres Sedang,0.47259084779221017,Stres Sedang,Pokok Utama,109.24465526047253,-0.4267187775875018,2781,109.24462891,-0.42669791,3.16,0.413,0.413,Abnormal,Sub-Optimal
AME II,E002A,E02,2009,63,21,83594,0.39216371299508673,Stres Berat,0.4419336403364892,Stres Sedang,Pokok Utama,109.24481737966663,-0.4267173950797252,2339,109.24482293,-0.42671514,3.96,0.566,0.566,Abnormal,Good
AME II,E002A,E02,2009,63,23,83616,0.3850165923071556,Stres Berat,0.43052786581509106,Stres Sedang,Pokok Utama,109.24496862704476,-0.42671603900842003,2469,109.24499225,-0.42672784,3.77,0.446,0.446,Abnormal,Moderate
AME II,E002A,E02,2009,63,24,83624,0.4138742893845239,Stres Sedang,0.4427638852589125,Stres Sedang,Pokok Utama,109.24505176704083,-0.42671542780807464,2222,109.24503447,-0.42674639,4.15,0.424,0.424,Healthy,Sub-Optimal
AME II,E002A,E02,2009,64,1,83779,0.45023887172827254,Stres Sedang,0.4486298613105042,Stres Sedang,Pokok Utama,109.24307590304043,-0.4266723195081967,807,109.24308253,-0.42666545,7.14,0.464,0.464,Healthy,Good
AME II,E002A,E02,2009,64,2,83784,0.3985264138002424,Stres Berat,0.4085156618206754,Stres Sedang,Pokok Utama,109.24315543143807,-0.4266657770791367,2644,109.24315395,-0.42663246,3.42,0.399,0.399,Abnormal,Sub-Optimal
AME II,E002A,E02,2009,64,4,83794,0.4201607972755422,Stres Sedang,0.42277084927050046,Stres Sedang,Pokok Utama,109.2433135869543,-0.4266659798356027,1867,109.24332507,-0.42665556,4.64,0.445,0.445,Healthy,Moderate
AME II,E002A,E02,2009,64,5,83811,0.37794308659179565,Stres Berat,0.39824732059404916,Stres Berat,Pokok Utama,109.24339534518694,-0.4266659986330188,1287,109.24340591,-0.4266601,5.76,0.476,0.476,Healthy,Good
AME II,E002A,E02,2009,64,6,83820,0.3817833625945915,Stres Berat,0.38804524816838676,Stres Berat,Pokok Utama,109.2434790405288,-0.4266641396377361,2894,109.24348855,-0.42669855,2.89,0.412,0.412,Abnormal,Sub-Optimal
AME II,E002A,E02,2009,64,7,83831,0.45295374115329773,Stres Sedang,0.46334786237002135,Stres Sedang,Pokok Utama,109.2435626640586,-0.4266660370993534,2850,109.24355682,-0.42667189,2.98,0.428,0.428,Healthy,Sub-Optimal
AME II,E002A,E02,2009,64,8,83914,0.4767543998697896,Stres Sedang,0.4508648888844721,Stres Sedang,Pokok Utama,109.24363314432439,-0.42665479925075145,1912,109.24366013,-0.42665202,4.55,0.469,0.469,Healthy,Good
AME II,E002A,E02,2009,64,9,83905,0.38286258040483806,Stres Berat,0.4000096435585572,Stres Sedang,Pokok Utama,109.24374108689426,-0.426668372331267,1409,109.24377331,-0.42666471,5.5,0.382,0.382,Healthy,Critical
AME II,E002A,E02,2009,64,10,84572,0.39316994985540166,Stres Berat,0.40658768530612666,Stres Sedang,Pokok Utama,109.24380323281426,-0.4266657650415821,1409,109.24377331,-0.42666471,5.5,0.382,0.382,Healthy,Critical
AME II,E002A,E02,2009,64,11,84042,0.4232560741069554,Stres Sedang,0.46564569786164106,Stres Sedang,Pokok Utama,109.24387282059085,-0.4266726248023814,638,109.2439049,-0.42668825,7.9,0.509,0.509,Healthy,Good
AME II,E002A,E02,2009,64,13,83887,0.4557696771060986,Stres Sedang,0.4637604968514867,Stres Sedang,Pokok Utama,109.24404189876034,-0.42665887123083296,3158,109.24406615,-0.42663991,1.9,0.389,0.389,Healthy,Critical
AME II,E002A,E02,2009,64,17,83924,0.43126179195496017,Stres Sedang,0.4977845518198451,Stres Sedang,Pokok Utama,109.24437147225494,-0.42665853550855004,1920,109.2444021,-0.42664812,4.54,0.512,0.512,Healthy,Good
AME II,E002A,E02,2009,64,18,83953,0.43687570222104466,Stres Sedang,0.4733897080712586,Stres Sedang,Pokok Utama,109.24444886294071,-0.4266553900375181,2638,109.24444343,-0.42662462,3.43,0.559,0.559,Healthy,Good
AME II,E002A,E02,2009,64,19,83967,0.40022891498859686,Stres Sedang,0.42993508904384303,Stres Sedang,Pokok Utama,109.2445259567756,-0.42665411188381847,1556,109.2445593,-0.4266667,5.21,0.516,0.516,Healthy,Good
AME II,E002A,E02,2009,64,20,83566,0.4396861703289534,Stres Sedang,0.45047288269832214,Stres Sedang,Pokok Utama,109.24461113290432,-0.42664661759540407,1899,109.24459164,-0.42664681,4.57,0.486,0.486,Healthy,Good
AME II,E002A,E02,2009,64,21,83582,0.39872851950800203,Stres Berat,0.43406154546075476,Stres Sedang,Pokok Utama,109.24468569913829,-0.42664472935836756,2815,109.24468191,-0.42668029,3.08,0.504,0.504,Healthy,Good
AME II,E002A,E02,2009,64,22,83595,0.3781390869491023,Stres Berat,0.4287003972271339,Stres Sedang,Pokok Utama,109.24477458660579,-0.42664666418848884,797,109.2447695,-0.42662243,7.17,0.476,0.476,Healthy,Good
AME II,E002A,E02,2009,64,23,83607,0.4000784561588413,Stres Sedang,0.4232958608577473,Stres Sedang,Pokok Utama,109.24484645126842,-0.42665475251060525,1881,109.2448436,-0.4266853,4.61,0.546,0.546,Healthy,Good
AME II,E002A,E02,2009,64,24,83617,0.4068928513840011,Stres Sedang,0.4379029571741712,Stres Sedang,Pokok Utama,109.24493615712166,-0.4266485433689819,1781,109.24491637,-0.42664598,4.82,0.453,0.453,Healthy,Moderate
AME II,E002A,E02,2009,64,25,83625,0.39813244210978216,Stres Berat,0.43858628012183914,Stres Sedang,Pokok Utama,109.2450255210902,-0.4266447359777373,2160,109.24502191,-0.42664962,4.22,0.444,0.444,Healthy,Moderate
AME II,E002A,E02,2009,65,1,83780,0.4510945921860209,Stres Sedang,0.4570890129774228,Stres Sedang,Pokok Utama,109.2430407799827,-0.4265954981507103,75,109.2430583,-0.4265931,12.64,0.508,0.508,Healthy,Good
AME II,E002A,E02,2009,65,4,83795,0.4088584488101701,Stres Sedang,0.43026520269283275,Stres Sedang,Pokok Utama,109.24327716947141,-0.42659313981726554,2068,109.24330712,-0.42658502,4.34,0.425,0.425,Healthy,Sub-Optimal
AME II,E002A,E02,2009,65,5,83812,0.4029355879740317,Stres Sedang,0.4186718751449843,Stres Sedang,Pokok Utama,109.24336768195936,-0.426594587614168,1581,109.24335292,-0.42661578,5.17,0.431,0.431,Healthy,Moderate
AME II,E002A,E02,2009,65,6,83821,0.42016240439197233,Stres Sedang,0.43446522370445356,Stres Sedang,Pokok Utama,109.24345620667216,-0.4265837056873178,2213,109.24346656,-0.42661445,4.15,0.422,0.422,Healthy,Sub-Optimal
AME II,E002A,E02,2009,65,7,83832,0.4183197339030186,Stres Sedang,0.44980531053385814,Stres Sedang,Pokok Utama,109.24353035705032,-0.42659329387333345,1851,109.24352585,-0.42660225,4.67,0.458,0.458,Healthy,Moderate
AME II,E002A,E02,2009,65,9,83906,0.42829599661680745,Stres Sedang,0.4446977042087359,Stres Sedang,Pokok Utama,109.2436753586253,-0.426583986655052,2772,109.24367676,-0.42660455,3.17,0.47,0.47,Healthy,Good
AME II,E002A,E02,2009,65,10,84043,0.4160188022230731,Stres Sedang,0.4538714174021104,Stres Sedang,Pokok Utama,109.24383183131516,-0.42659387951907096,572,109.24381195,-0.42659283,8.28,0.404,0.404,Healthy,Sub-Optimal
AME II,E002A,E02,2009,65,12,83888,0.4328143577218153,Stres Sedang,0.4403178542673301,Stres Sedang,Pokok Utama,109.244002473441,-0.42657983421099677,1728,109.24399429,-0.42660914,4.91,0.448,0.448,Healthy,Moderate
AME II,E002A,E02,2009,65,13,83898,0.485794571250361,Stres Sedang,0.48247219684820336,Stres Sedang,Pokok Utama,109.24407962921781,-0.4265865672953939,2836,109.24411197,-0.42660194,3.03,0.513,0.513,Healthy,Good
AME II,E002A,E02,2009,65,14,83934,0.49150615767468037,Stres Sedang,0.48210924116517145,Stres Sedang,Pokok Utama,109.24416149887689,-0.42658259089493106,1963,109.24419462,-0.42658477,4.49,0.484,0.484,Healthy,Good
AME II,E002A,E02,2009,65,15,83944,0.4103102257821843,Stres Sedang,0.45743161536580845,Stres Sedang,Pokok Utama,109.24424135419662,-0.426588351568326,2996,109.24424986,-0.42656806,2.64,0.516,0.516,Healthy,Good
AME II,E002A,E02,2009,65,16,83925,0.3901893156586959,Stres Berat,0.44401849358244394,Stres Sedang,Pokok Utama,109.2443260732276,-0.4265921365516954,2975,109.24434822,-0.42658345,2.68,0.428,0.428,Healthy,Sub-Optimal
AME II,E002A,E02,2009,65,17,83954,0.39533981587484035,Stres Berat,0.4383670040140913,Stres Sedang,Pokok Utama,109.24441208723613,-0.42658552776898206,2539,109.24442682,-0.42658031,3.64,0.52,0.52,Healthy,Good
AME II,E002A,E02,2009,65,18,83968,0.36637144622160567,Stres Berat,0.3851706453430441,Stres Berat,Pokok Utama,109.24448697746418,-0.42658088781077347,2863,109.24450946,-0.4265758,2.95,0.444,0.444,Healthy,Moderate
AME II,E002A,E02,2009,65,19,83567,0.4502921062388735,Stres Sedang,0.4461800945273544,Stres Sedang,Pokok Utama,109.24457681823725,-0.4265738105706754,1289,109.24457593,-0.42660837,5.75,0.588,0.588,Healthy,Good
AME II,E002A,E02,2009,65,20,83583,0.41649518688066406,Stres Sedang,0.43081182842848004,Stres Sedang,Pokok Utama,109.24466047600353,-0.4265834000307354,3168,109.24466711,-0.42658443,1.74,0.647,0.647,Healthy,Good
AME II,E002A,E02,2009,65,22,83618,0.3843924145795861,Stres Berat,0.4114858437723552,Stres Sedang,Pokok Utama,109.24489054166673,-0.42657388262805845,1673,109.24491009,-0.42657047,5.01,0.533,0.533,Healthy,Good
AME II,E002A,E02,2009,66,2,83800,0.4296920073808776,Stres Sedang,0.4458922796389636,Stres Sedang,Pokok Utama,109.24315522503854,-0.42652628652161484,2483,109.24316655,-0.42651852,3.74,0.421,0.421,Abnormal,Sub-Optimal
AME II,E002A,E02,2009,66,5,83822,0.414311829176133,Stres Sedang,0.4589062258265879,Stres Sedang,Pokok Utama,109.2434067871342,-0.42651670085693283,2597,109.2434046,-0.42652084,3.51,0.419,0.419,Abnormal,Sub-Optimal
AME II,E002A,E02,2009,66,6,83833,0.3495032454357443,Stres Berat,0.37409771031087585,Stres Berat,Pokok Utama,109.24349044438183,-0.4265243759117884,1629,109.24347602,-0.42649418,5.09,0.385,0.385,Healthy,Critical
AME II,E002A,E02,2009,66,8,83907,0.37842576493892305,Stres Berat,0.3869862739160272,Stres Berat,Pokok Utama,109.24365249452065,-0.4265220339313104,2828,109.24365118,-0.42651321,3.05,0.374,0.374,Healthy,Critical
AME II,E002A,E02,2009,66,10,84044,0.390773282026758,Stres Berat,0.41875806929185866,Stres Sedang,Pokok Utama,109.24379870231778,-0.42652139291808655,2481,109.2438214,-0.42651325,3.74,0.392,0.392,Abnormal,Sub-Optimal
AME II,E002A,E02,2009,66,11,85944,0.4040634744314236,Stres Sedang,0.4335600060183352,Stres Sedang,Pokok Utama,109.24388251290947,-0.4265144499457941,2243,109.24387529,-0.42652547,4.12,0.401,0.401,Healthy,Sub-Optimal
AME II,E002A,E02,2009,66,13,83899,0.4552630903346179,Stres Sedang,0.4631260428068191,Stres Sedang,Pokok Utama,109.24403812884044,-0.4265156305469665,2365,109.2440536,-0.42654043,3.93,0.517,0.517,Healthy,Good
AME II,E002A,E02,2009,66,14,83935,0.4417541192457388,Stres Sedang,0.43993716656749904,Stres Sedang,Pokok Utama,109.24412401147451,-0.42650995768864153,2526,109.24411423,-0.42653005,3.67,0.464,0.464,Healthy,Good
AME II,E002A,E02,2009,66,15,83945,0.3885572106335064,Stres Berat,0.45507010310521023,Stres Sedang,Pokok Utama,109.24420598044635,-0.42651565735210667,2237,109.24418745,-0.42650519,4.13,0.403,0.403,Healthy,Sub-Optimal
AME II,E002A,E02,2009,66,16,83926,0.40547468048222274,Stres Sedang,0.4657331108778366,Stres Sedang,Pokok Utama,109.24428486992798,-0.42651038529997787,2737,109.24428984,-0.42653913,3.23,0.53,0.53,Healthy,Good
AME II,E002A,E02,2009,66,17,83955,0.4141804335280738,Stres Sedang,0.4699191166742428,Stres Sedang,Pokok Utama,109.24436324345558,-0.42649871970334413,3169,109.24435632,-0.42651744,1.73,0.498,0.498,Healthy,Good
AME II,E002A,E02,2009,66,20,83568,0.44103514971616475,Stres Sedang,0.435530688951097,Stres Sedang,Pokok Utama,109.24459774752084,-0.42650873537056905,3150,109.24461367,-0.42653106,1.94,0.58,0.58,Healthy,Good
AME II,E002A,E02,2009,66,22,83609,0.3843624656407194,Stres Berat,0.4432408308632128,Stres Sedang,Pokok Utama,109.24478408028389,-0.42650877816281446,2306,109.24476458,-0.42653155,4.01,0.564,0.564,Healthy,Good
AME II,E002A,E02,2009,66,25,83633,0.4116357048811472,Stres Sedang,0.46121676276038,Stres Sedang,Pokok Utama,109.24501604630706,-0.42650500351118004,2592,109.24501744,-0.4265411,3.52,0.569,0.569,Abnormal,Good
AME II,E002A,E02,2009,66,26,83637,0.45350884476109693,Stres Sedang,0.46212273198026077,Stres Sedang,Pokok Utama,109.24510153853757,-0.42649799850935544,1491,109.24513064,-0.42649592,5.35,0.461,0.461,Healthy,Good
AME II,E002A,E02,2009,66,27,83639,0.40440970987057184,Stres Sedang,0.4097227860109042,Stres Sedang,Pokok Utama,109.2451710528311,-0.4265042993802451,1665,109.24518005,-0.42647332,5.03,0.523,0.523,Healthy,Good
AME II,E002A,E02,2009,67,1,83805,0.4304556068249261,Stres Sedang,0.42478832733126526,Stres Sedang,Pokok Utama,109.24304306059616,-0.4264573528715465,457,109.2430426,-0.42647238,8.89,0.388,0.388,Healthy,Critical
AME II,E002A,E02,2009,67,2,83801,0.4243152455313819,Stres Sedang,0.43237363941056267,Stres Sedang,Pokok Utama,109.24312101682408,-0.4264516284663929,2890,109.24310279,-0.4264534,2.89,0.526,0.526,Abnormal,Good
AME II,E002A,E02,2009,67,4,83814,0.4059930840099712,Stres Sedang,0.42985205542152893,Stres Sedang,Pokok Utama,109.24328092676086,-0.4264513984474404,1929,109.24330176,-0.42644757,4.52,0.4,0.4,Healthy,Sub-Optimal
AME II,E002A,E02,2009,67,6,83834,0.42618153811765835,Stres Sedang,0.44599126451583065,Stres Sedang,Pokok Utama,109.24344125444257,-0.4264470584643986,2743,109.24344908,-0.42642002,3.22,0.427,0.427,Healthy,Sub-Optimal
AME II,E002A,E02,2009,67,7,83917,0.4558615567662811,Stres Sedang,0.46588789061334046,Stres Sedang,Pokok Utama,109.24352183557998,-0.4264407369123895,1071,109.24353127,-0.42645757,6.28,0.463,0.463,Healthy,Good
AME II,E002A,E02,2009,67,9,328960,0.4207533888933293,Stres Sedang,0.42515204869660034,Stres Sedang,Tamb,109.24367912719079,-0.4264360598245458,2204,109.24366063,-0.42640786,4.17,0.418,0.418,Healthy,Sub-Optimal
AME II,E002A,E02,2009,67,10,84045,0.4347841917331602,Stres Sedang,0.4288222353248562,Stres Sedang,Pokok Utama,109.24375100799416,-0.4264401131475351,913,109.24375314,-0.42646802,6.76,0.423,0.423,Healthy,Sub-Optimal
AME II,E002A,E02,2009,67,11,84076,0.4094641887501909,Stres Sedang,0.4405518328188849,Stres Sedang,Pokok Utama,109.24385488734022,-0.42644723217433844,1735,109.24387127,-0.42644137,4.9,0.422,0.422,Healthy,Sub-Optimal
AME II,E002A,E02,2009,67,13,83900,0.4449255641730881,Stres Sedang,0.43515213838197236,Stres Sedang,Pokok Utama,109.24400287816621,-0.4264389330172502,779,109.24399972,-0.42646853,7.24,0.4,0.4,Healthy,Sub-Optimal
AME II,E002A,E02,2009,67,14,83936,0.402985528820651,Stres Sedang,0.39708395840331,Stres Berat,Pokok Utama,109.24408396853282,-0.4264450149969624,3195,109.24411066,-0.42642424,1.45,0.483,0.483,Healthy,Good
AME II,E002A,E02,2009,67,16,83927,0.4288493100069605,Stres Sedang,0.46993826269316125,Stres Sedang,Pokok Utama,109.24425301592694,-0.4264402754866593,1645,109.24423507,-0.4264193,5.06,0.449,0.449,Healthy,Moderate
AME II,E002A,E02,2009,67,17,83956,0.3784895982198451,Stres Berat,0.45162615564734826,Stres Sedang,Pokok Utama,109.24433643440439,-0.42643943827010405,3264,109.24432444,-0.42647177,0.84,0.484,0.484,Abnormal,Good
AME II,E002A,E02,2009,67,20,83983,0.3942195360857883,Stres Berat,0.4053726410568745,Stres Sedang,Pokok Utama,109.24456030351485,-0.4264268728397937,3301,109.24458855,-0.42642299,0.58,0.53,0.53,Abnormal,Good
AME II,E002A,E02,2009,67,25,84012,0.3881115542017055,Stres Berat,0.4511634077268026,Stres Sedang,Pokok Utama,109.24499072888521,-0.42643158813555837,2269,109.24496268,-0.42642263,4.07,0.617,0.617,Healthy,Good
AME II,E002A,E02,2009,67,27,84024,0.4480304669116185,Stres Sedang,0.455343319678564,Stres Sedang,Pokok Utama,109.24512787043322,-0.4264312172033388,1206,109.24511538,-0.42642673,5.94,0.511,0.511,Healthy,Good
AME II,E002A,E02,2009,68,1,83802,0.44073033715154475,Stres Sedang,0.4271942020231562,Stres Sedang,Pokok Utama,109.24307489846142,-0.4263806192512707,632,109.24306687,-0.4264023,7.95,0.425,0.425,Healthy,Sub-Optimal
AME II,E002A,E02,2009,68,2,83815,0.42496499447580066,Stres Sedang,0.43953796125088745,Stres Sedang,Pokok Utama,109.2431559619933,-0.426382054921455,2432,109.2431567,-0.4263883,3.82,0.425,0.425,Abnormal,Sub-Optimal
AME II,E002A,E02,2009,68,4,83824,0.3944322188198161,Stres Berat,0.4058960596946966,Stres Sedang,Pokok Utama,109.24331700349106,-0.42636715012923004,2750,109.24335118,-0.42637162,3.2,0.396,0.396,Abnormal,Sub-Optimal
AME II,E002A,E02,2009,68,6,83918,0.3725882617349334,Stres Berat,0.40601874468274257,Stres Sedang,Pokok Utama,109.24348762608106,-0.4263756490832042,3031,109.24348906,-0.42639335,2.53,0.378,0.378,Healthy,Critical
AME II,E002A,E02,2009,68,9,84046,0.3889561077380323,Stres Berat,0.4152527377724934,Stres Sedang,Pokok Utama,109.24373473778704,-0.42637168893671495,2326,109.24374059,-0.42636221,3.98,0.432,0.432,Abnormal,Moderate
AME II,E002A,E02,2009,68,11,83891,0.4022177265552075,Stres Sedang,0.4384444464353029,Stres Sedang,Pokok Utama,109.24387321782012,-0.4263706572847233,2744,109.24384389,-0.4263645,3.22,0.391,0.391,Abnormal,Sub-Optimal
AME II,E002A,E02,2009,68,13,83947,0.4274797224768353,Stres Sedang,0.4310993249803343,Stres Sedang,Pokok Utama,109.244136329861,-0.42636971212858005,2806,109.24414705,-0.426403,3.1,0.39,0.39,Healthy,Sub-Optimal
AME II,E002A,E02,2009,68,15,83971,0.3934269386036587,Stres Berat,0.4407271106411387,Stres Sedang,Pokok Utama,109.24435963410819,-0.42637222039995176,3246,109.24435231,-0.42638315,0.95,0.547,0.547,Abnormal,Good
AME II,E002A,E02,2009,68,18,83995,0.42526560365473076,Stres Sedang,0.4653115116406059,Stres Sedang,Pokok Utama,109.24470336593383,-0.4263733112372216,1084,109.24469545,-0.42639318,6.25,0.476,0.476,Healthy,Good
AME II,E002A,E02,2009,68,19,84001,0.3648851306647767,Stres Berat,0.42173142016077014,Stres Sedang,Pokok Utama,109.24477603335298,-0.4263589178427538,2945,109.24478349,-0.42636064,2.76,0.467,0.467,Healthy,Good
AME II,E002A,E02,2009,68,20,84007,0.38599021478713386,Stres Berat,0.4288118992737382,Stres Sedang,Pokok Utama,109.24484932363961,-0.4263627625842494,1294,109.24483693,-0.42638643,5.74,0.474,0.474,Healthy,Good
AME II,E002A,E02,2009,68,22,84019,0.3903994734581638,Stres Berat,0.43357840836997646,Stres Sedang,Pokok Utama,109.24501769310004,-0.42636508640792653,2395,109.24503501,-0.42634533,3.88,0.453,0.453,Abnormal,Moderate
AME II,E002A,E02,2009,68,23,84025,0.40549521073273714,Stres Sedang,0.4437888653704686,Stres Sedang,Pokok Utama,109.24509355790549,-0.4263647330566529,2195,109.24508395,-0.4263797,4.18,0.447,0.447,Healthy,Moderate
AME II,E002A,E02,2009,69,1,83803,0.4254786290773136,Stres Sedang,0.4542603735590425,Stres Sedang,Pokok Utama,109.2430400318032,-0.42630598727506275,205,109.24304983,-0.42629423,10.73,0.356,0.356,Suspect,Critical
AME II,E002A,E02,2009,69,2,83798,0.4216506358412312,Stres Sedang,0.4338570371167166,Stres Sedang,Pokok Utama,109.24311653228554,-0.4263145288092477,1762,109.24314144,-0.42633675,4.85,0.524,0.524,Healthy,Good
AME II,E002A,E02,2009,69,5,83836,0.3990852747795179,Stres Berat,0.4189040465308381,Stres Sedang,Pokok Utama,109.24335739837574,-0.4263099649669545,1414,109.24336736,-0.42632821,5.49,0.437,0.437,Healthy,Moderate
AME II,E002A,E02,2009,69,7,84068,0.3904830501034807,Stres Berat,0.4110110644251108,Stres Sedang,Pokok Utama,109.24352122517814,-0.42630413096088254,2626,109.24352412,-0.42628846,3.45,0.434,0.434,Abnormal,Moderate
AME II,E002A,E02,2009,69,8,84059,0.444095834651891,Stres Sedang,0.44509842064705274,Stres Sedang,Pokok Utama,109.24359188954243,-0.426301000217652,2803,109.24356499,-0.42631063,3.12,0.497,0.497,Abnormal,Good
AME II,E002A,E02,2009,69,10,84078,0.39714922533270003,Stres Berat,0.4329942940199668,Stres Sedang,Pokok Utama,109.24376766622586,-0.42629465892251067,1509,109.24377024,-0.42632559,5.31,0.474,0.474,Healthy,Good
AME II,E002A,E02,2009,69,11,84083,0.3681304651675485,Stres Berat,0.42082345297575213,Stres Sedang,Pokok Utama,109.2438446685289,-0.4263047252225819,2162,109.24386501,-0.42630934,4.22,0.387,0.387,Healthy,Critical
AME II,E002A,E02,2009,69,12,84088,0.3395155223897775,Stres Berat,0.3735153310470753,Stres Berat,Pokok Utama,109.24392777096888,-0.42630311565712165,2186,109.2439261,-0.42630076,4.19,0.344,0.344,Suspect,Critical
AME II,E002A,E02,2009,69,13,84093,0.3839199403349005,Stres Berat,0.4449851685020698,Stres Sedang,Pokok Utama,109.24400892546927,-0.4263036416074431,1444,109.244024,-0.42632837,5.43,0.44,0.44,Healthy,Moderate
AME II,E002A,E02,2009,69,14,84098,0.4133826595959231,Stres Sedang,0.42647314177324563,Stres Sedang,Pokok Utama,109.24409017447049,-0.42629941546520966,1406,109.24407745,-0.42633019,5.5,0.438,0.438,Healthy,Moderate
AME II,E002A,E02,2009,69,15,84124,0.4039441836246131,Stres Sedang,0.4146264037201366,Stres Sedang,Pokok Utama,109.24416575065231,-0.42630804630722224,3179,109.24418793,-0.42633609,1.6,0.463,0.463,Healthy,Good
AME II,E002A,E02,2009,69,16,83958,0.40172955054742243,Stres Sedang,0.45561506893620435,Stres Sedang,Pokok Utama,109.24425530647586,-0.426301750311556,3283,109.24427014,-0.42629406,0.72,0.441,0.441,Abnormal,Moderate
AME II,E002A,E02,2009,69,17,83972,0.3717397508931069,Stres Berat,0.42627976463253336,Stres Sedang,Pokok Utama,109.24433112949647,-0.42630330594016114,3153,109.24433256,-0.42633386,1.94,0.457,0.457,Healthy,Moderate
AME II,E002A,E02,2009,69,18,83979,0.40000120117380983,Stres Sedang,0.4501929701322981,Stres Sedang,Pokok Utama,109.24440908580665,-0.42630140942761874,3225,109.24441925,-0.42628731,1.14,0.467,0.467,Healthy,Good
AME II,E002A,E02,2009,69,20,83990,0.40606464976356144,Stres Sedang,0.41636525434187666,Stres Sedang,Pokok Utama,109.24455929349293,-0.4262976159943565,3215,109.24458678,-0.42630453,1.3,0.54,0.54,Healthy,Good
AME II,E002A,E02,2009,69,21,83996,0.37551403786872894,Stres Berat,0.4095646206578503,Stres Sedang,Pokok Utama,109.24465436191792,-0.42629189549033714,3196,109.24463304,-0.42630183,1.45,0.433,0.433,Healthy,Moderate
AME II,E002A,E02,2009,69,22,84002,0.3384199905350107,Stres Berat,0.37999643033558705,Stres Berat,Pokok Utama,109.24474752743039,-0.42629574479214843,2888,109.24475431,-0.42626388,2.9,0.5,0.5,Healthy,Good
AME II,E002A,E02,2009,69,23,84008,0.3767383715514412,Stres Berat,0.4273541498965082,Stres Sedang,Pokok Utama,109.2448150802601,-0.4262924198000419,2440,109.24483155,-0.42631815,3.8,0.438,0.438,Healthy,Moderate
AME II,E002A,E02,2009,69,25,84020,0.3730086431024773,Stres Berat,0.42672041858464416,Stres Sedang,Pokok Utama,109.24497244281041,-0.4262962485661476,2982,109.24498247,-0.426301,2.66,0.482,0.482,Healthy,Good
AME II,E002A,E02,2009,69,27,84032,0.4723527342785827,Stres Sedang,0.4987274778720278,Stres Sedang,Pokok Utama,109.24513756327177,-0.4262904066772669,1123,109.24516707,-0.42628703,6.12,0.535,0.535,Healthy,Good
AME II,E002A,E02,2009,70,2,83806,0.3848572244508722,Stres Berat,0.41266014929542094,Stres Sedang,Pokok Utama,109.24315148541142,-0.42624945688289595,2669,109.24316212,-0.42627165,3.37,0.448,0.448,Abnormal,Moderate
AME II,E002A,E02,2009,70,4,83837,0.4245227465184244,Stres Sedang,0.4407363823310544,Stres Sedang,Pokok Utama,109.24332128943041,-0.42623913438582955,2302,109.24333055,-0.42626355,4.01,0.5,0.5,Healthy,Good
AME II,E002A,E02,2009,70,5,84071,0.3963172006891889,Stres Berat,0.42475775179739755,Stres Sedang,Pokok Utama,109.24339948396805,-0.4262322696966034,2936,109.24339702,-0.42625769,2.78,0.454,0.454,Abnormal,Moderate
AME II,E002A,E02,2009,70,6,84064,0.3919691648470963,Stres Berat,0.41865627809098616,Stres Sedang,Pokok Utama,109.24347363434228,-0.4262418578688437,2451,109.24344553,-0.42625498,3.79,0.42,0.42,Healthy,Sub-Optimal
AME II,E002A,E02,2009,70,7,84069,0.3740194839222235,Stres Berat,0.40580850092358994,Stres Sedang,Pokok Utama,109.24347553465711,-0.4262437718102721,2451,109.24344553,-0.42625498,3.79,0.42,0.42,Healthy,Sub-Optimal
AME II,E002A,E02,2009,70,9,84048,0.3342992531819306,Stres Berat,0.34492947040933264,Stres Berat,Pokok Utama,109.24364541357501,-0.4262360320102663,2882,109.24364988,-0.42626227,2.91,0.334,0.334,Healthy,Critical
AME II,E002A,E02,2009,70,10,84079,0.37927600717894505,Stres Berat,0.4149510175061384,Stres Sedang,Pokok Utama,109.24372347343316,-0.42623291833447946,2570,109.24370872,-0.42625188,3.58,0.381,0.381,Healthy,Critical
AME II,E002A,E02,2009,70,11,84084,0.3623650483270362,Stres Berat,0.4248680503608228,Stres Sedang,Pokok Utama,109.2438061609629,-0.4262348372625868,2351,109.24382191,-0.42622749,3.94,0.524,0.524,Abnormal,Good
AME II,E002A,E02,2009,70,12,84089,0.403067986510771,Stres Sedang,0.4559115357193441,Stres Sedang,Pokok Utama,109.24387891002714,-0.4262286477348164,1965,109.24389288,-0.42621213,4.48,0.439,0.439,Healthy,Moderate
AME II,E002A,E02,2009,70,13,84094,0.36391773475551814,Stres Berat,0.42776875941380704,Stres Sedang,Pokok Utama,109.24397587811264,-0.42623154116163936,3003,109.24399484,-0.42620266,2.63,0.396,0.396,Healthy,Sub-Optimal
AME II,E002A,E02,2009,70,24,84015,0.3667921729797185,Stres Berat,0.430474145950983,Stres Sedang,Pokok Utama,109.24486356433124,-0.42621451160858553,2434,109.24485089,-0.42621371,3.82,0.473,0.473,Healthy,Good
AME II,E002A,E02,2009,70,27,84033,0.42052824766075825,Stres Sedang,0.48761827175398,Stres Sedang,Pokok Utama,109.24508975403211,-0.42622049935943146,1849,109.2451051,-0.42623366,4.67,0.494,0.494,Healthy,Good
AME II,E002A,E02,2009,71,1,83851,0.37476530139398884,Stres Berat,0.38153582487631443,Stres Berat,Pokok Utama,109.24306568867745,-0.4261616990104715,65,109.24308085,-0.42614277,12.84,0.357,0.357,Suspect,Critical
AME II,E002A,E02,2009,71,2,83807,0.4206317691479424,Stres Sedang,0.44987054140978155,Stres Sedang,Pokok Utama,109.24311441015011,-0.4261657506253754,903,109.24309252,-0.42618075,6.8,0.384,0.384,Healthy,Critical
AME II,E002A,E02,2009,71,3,83827,0.39017638407639504,Stres Berat,0.44465761880378585,Stres Sedang,Pokok Utama,109.24319637751323,-0.4261743738919245,1386,109.24321648,-0.42620384,5.55,0.467,0.467,Healthy,Good
AME II,E002A,E02,2009,71,6,84065,0.39514281130342654,Stres Berat,0.43496713148664146,Stres Sedang,Pokok Utama,109.24345738126233,-0.42616126718190683,2648,109.24344959,-0.42615822,3.42,0.419,0.419,Healthy,Sub-Optimal
AME II,E002A,E02,2009,71,8,84049,0.42013445081579837,Stres Sedang,0.41228286034897443,Stres Sedang,Pokok Utama,109.24359406388503,-0.4261639300886763,2961,109.2436005,-0.42619353,2.71,0.431,0.431,Healthy,Moderate
AME II,E002A,E02,2009,71,11,84090,0.37622468218021193,Stres Berat,0.4127773386580092,Stres Sedang,Pokok Utama,109.24384755210005,-0.4261654749629173,1681,109.24385427,-0.42615153,5.0,0.496,0.496,Healthy,Good
AME II,E002A,E02,2009,71,12,84095,0.3806328018616867,Stres Berat,0.4353883474143141,Stres Sedang,Pokok Utama,109.24393739187899,-0.4261626244253669,3209,109.24392344,-0.42613527,1.35,0.472,0.472,Healthy,Good
AME II,E002A,E02,2009,71,14,84123,0.414455823174892,Stres Sedang,0.4126368947629278,Stres Sedang,Pokok Utama,109.24408343224339,-0.42615568125071557,3181,109.24407434,-0.42617419,1.58,0.391,0.391,Healthy,Sub-Optimal
AME II,E002A,E02,2009,71,15,83960,0.39627835992040955,Stres Berat,0.41776717914654327,Stres Sedang,Pokok Utama,109.24416739094724,-0.4261611245334455,3292,109.24415429,-0.42615477,0.65,0.452,0.452,Abnormal,Moderate
AME II,E002A,E02,2009,71,17,83981,0.39480496178917884,Stres Berat,0.455829751899528,Stres Sedang,Pokok Utama,109.24433363186635,-0.42615755632823893,2958,109.24433933,-0.42617425,2.71,0.52,0.52,Healthy,Good
AME II,E002A,E02,2009,71,18,83987,0.33592870369598093,Stres Berat,0.39535065930465174,Stres Berat,Pokok Utama,109.24440721710718,-0.42615593642751776,3149,109.2444323,-0.42616116,1.95,0.508,0.508,Healthy,Good
AME II,E002A,E02,2009,71,19,83992,0.3948024480691802,Stres Berat,0.4359744733908311,Stres Sedang,Pokok Utama,109.24448517232295,-0.4261588797395499,3051,109.24449069,-0.42616841,2.47,0.519,0.519,Healthy,Good
AME II,E002A,E02,2009,71,22,84010,0.41446335211015384,Stres Sedang,0.47371474607181924,Stres Sedang,Pokok Utama,109.24474375797406,-0.4261502713294859,1153,109.24473997,-0.4261341,6.05,0.514,0.514,Healthy,Good
AME II,E002A,E02,2009,71,23,84016,0.3755931222021159,Stres Berat,0.44413548640779166,Stres Sedang,Pokok Utama,109.24482599759838,-0.42615884943271665,2802,109.24485494,-0.42615719,3.12,0.41,0.41,Healthy,Sub-Optimal
AME II,E002A,E02,2009,71,24,84022,0.3746922680284333,Stres Berat,0.4347076245319822,Stres Sedang,Pokok Utama,109.24490205184604,-0.42615886688290266,3182,109.24489357,-0.42616398,1.56,0.386,0.386,Healthy,Critical
AME II,E002A,E02,2009,71,26,84034,0.4046461959674521,Stres Sedang,0.4605301717648635,Stres Sedang,Pokok Utama,109.24506318416147,-0.42615608694523,2496,109.24503864,-0.4261613,3.73,0.421,0.421,Abnormal,Sub-Optimal
AME II,E002A,E02,2009,71,27,84038,0.38596785666662864,Stres Berat,0.408680721156203,Stres Sedang,Pokok Utama,109.24513610604036,-0.4261565151325629,698,109.24514554,-0.42612832,7.67,0.469,0.469,Healthy,Good
AME II,E002A,E02,2009,72,1,83850,0.44399974933299036,Stres Sedang,0.45073255177232746,Stres Sedang,Pokok Utama,109.24307777529903,-0.4260967629033323,134,109.2430629,-0.42610885,11.5,0.429,0.429,Healthy,Sub-Optimal
AME II,E002A,E02,2009,72,3,83839,0.37776737009535544,Stres Berat,0.4145405361829113,Stres Sedang,Pokok Utama,109.24323303909824,-0.4261016103524086,1891,109.24321606,-0.42607633,4.59,0.477,0.477,Healthy,Good
AME II,E002A,E02,2009,72,4,84073,0.3380020447105695,Stres Berat,0.3879993206557484,Stres Berat,Pokok Utama,109.24332535958976,-0.426104007154651,1435,109.24332565,-0.42608902,5.45,0.402,0.402,Healthy,Sub-Optimal
AME II,E002A,E02,2009,72,5,84066,0.39574217160315367,Stres Berat,0.4176117117666748,Stres Sedang,Pokok Utama,109.24339571060106,-0.4261001953939186,2825,109.243402,-0.42609989,3.06,0.416,0.416,Abnormal,Sub-Optimal
AME II,E002A,E02,2009,72,7,84050,0.4208393719237829,Stres Sedang,0.44573827691617707,Stres Sedang,Pokok Utama,109.24355736404527,-0.4260883318815805,2379,109.24356009,-0.42610173,3.91,0.465,0.465,Healthy,Good
AME II,E002A,E02,2009,72,9,84086,0.35920033162225506,Stres Berat,0.3704630034133935,Stres Berat,Pokok Utama,109.24372921097347,-0.4260850543481516,2135,109.24374918,-0.42609725,4.26,0.472,0.472,Healthy,Good
AME II,E002A,E02,2009,72,10,84091,0.3934031930053228,Stres Berat,0.41974920401564586,Stres Sedang,Pokok Utama,109.24381334377635,-0.42609512318080256,2261,109.24381431,-0.42608868,4.1,0.476,0.476,Healthy,Good
AME II,E002A,E02,2009,72,16,83982,0.3856966767047987,Stres Berat,0.44900884286982384,Stres Sedang,Pokok Utama,109.24429700163873,-0.4260917969308195,1655,109.24432094,-0.42608608,5.04,0.481,0.481,Healthy,Good
AME II,E002A,E02,2009,72,18,83993,0.4114015872401346,Stres Sedang,0.4546385673530393,Stres Sedang,Pokok Utama,109.24445611267069,-0.4260855412992385,3210,109.24448398,-0.42607301,1.35,0.515,0.515,Healthy,Good
AME II,E002A,E02,2009,72,20,84005,0.4427724091037076,Stres Sedang,0.4613439679127908,Stres Sedang,Pokok Utama,109.24460843721084,-0.4260794550195546,1962,109.24461422,-0.42610695,4.49,0.481,0.481,Healthy,Good
AME II,E002A,E02,2009,72,21,84011,0.3809310672594717,Stres Berat,0.4467611293081551,Stres Sedang,Pokok Utama,109.24468960376844,-0.42607842555378206,3100,109.2447027,-0.42608029,2.28,0.469,0.469,Healthy,Good
AME II,E002A,E02,2009,72,22,84017,0.42029326497876085,Stres Sedang,0.4649244643602156,Stres Sedang,Pokok Utama,109.24478466840722,-0.42608944550313615,2009,109.24477591,-0.4260993,4.42,0.542,0.542,Healthy,Good
AME II,E002A,E02,2009,72,23,84023,0.4038844817336719,Stres Sedang,0.4393670848621991,Stres Sedang,Pokok Utama,109.24485080287553,-0.4260900195348318,2127,109.24485586,-0.42609208,4.27,0.536,0.536,Healthy,Good
AME II,E002A,E02,2009,72,24,84029,0.39815258631616635,Stres Berat,0.44829554350176554,Stres Sedang,Pokok Utama,109.2449382656492,-0.4260881260925547,2078,109.24494613,-0.42609572,4.33,0.486,0.486,Healthy,Good
AME II,E002A,E02,2009,72,26,84039,0.3746370813168814,Stres Berat,0.42484893988968014,Stres Sedang,Pokok Utama,109.24510271531244,-0.4260852745645463,1127,109.24507998,-0.42609078,6.11,0.443,0.443,Healthy,Moderate
AME II,E002A,E02,2009,73,2,83846,0.424145287113565,Stres Sedang,0.41463771611944483,Stres Sedang,Pokok Utama,109.24311778582494,-0.426027172430446,1579,109.2431204,-0.42603968,5.18,0.391,0.391,Healthy,Sub-Optimal
AME II,E002A,E02,2009,73,4,84067,0.4149808502077539,Stres Sedang,0.44583169836718756,Stres Sedang,Pokok Utama,109.24335770043481,-0.42602744996991354,866,109.24335305,-0.42604426,6.92,0.462,0.462,Healthy,Good
AME II,E002A,E02,2009,73,6,84051,0.40039206267891697,Stres Sedang,0.4305226243853712,Stres Sedang,Pokok Utama,109.2435231159083,-0.4260351446756356,2484,109.24352327,-0.42607007,3.74,0.43,0.43,Healthy,Moderate
AME II,E002A,E02,2009,73,7,84082,0.4403637535384168,Stres Sedang,0.42961599965119884,Stres Sedang,Pokok Utama,109.24360943941475,-0.4260261684848125,1141,109.24364006,-0.42602127,6.08,0.492,0.492,Healthy,Good
AME II,E002A,E02,2009,73,9,84092,0.3740932919303922,Stres Berat,0.39196063629974487,Stres Berat,Pokok Utama,109.24376349248786,-0.42603055535041345,2038,109.24378737,-0.42604707,4.38,0.464,0.464,Healthy,Good
AME II,E002A,E02,2009,73,10,84097,0.34989094778781876,Stres Berat,0.39938657429976276,Stres Berat,Pokok Utama,109.24384516185422,-0.42602242089786746,2239,109.24384845,-0.4260489,4.13,0.551,0.551,Healthy,Good
AME II,E002A,E02,2009,73,11,84102,0.3986880685946772,Stres Berat,0.4405733628867447,Stres Sedang,Pokok Utama,109.24394347554909,-0.42602532276181776,2922,109.24392211,-0.42605208,2.84,0.48,0.48,Healthy,Good
AME II,E002A,E02,2009,73,12,84126,0.4241074467642013,Stres Sedang,0.46553028820514963,Stres Sedang,Pokok Utama,109.24408345480975,-0.4260203323846535,3214,109.24406495,-0.42600011,1.3,0.444,0.444,Healthy,Moderate
AME II,E002A,E02,2009,73,16,84332,0.4029040778133777,Stres Sedang,0.4198385707031076,Stres Sedang,Pokok Utama,109.24440793431128,-0.42601539609155087,2976,109.24441078,-0.42603003,2.68,0.491,0.491,Healthy,Good
AME II,E002A,E02,2009,73,17,84366,0.4136964587519526,Stres Sedang,0.43832730896806776,Stres Sedang,Pokok Utama,109.24448869831484,-0.4260148856030059,3108,109.24451453,-0.42602508,2.22,0.506,0.506,Healthy,Good
AME II,E002A,E02,2009,73,18,84381,0.42642769998394625,Stres Sedang,0.42681186211008865,Stres Sedang,Pokok Utama,109.2445634261887,-0.4260091965916008,3119,109.24457966,-0.42600701,2.18,0.51,0.51,Healthy,Good
AME II,E002A,E02,2009,73,19,84304,0.42859389646538465,Stres Sedang,0.44787668119881346,Stres Sedang,Pokok Utama,109.24464372090279,-0.4260104385336183,2992,109.24464837,-0.42601833,2.65,0.447,0.447,Healthy,Moderate
AME II,E002A,E02,2009,73,22,84290,0.3716564710923076,Stres Berat,0.40934981146039295,Stres Sedang,Pokok Utama,109.24490224359442,-0.42601019489080527,2702,109.24489675,-0.42600437,3.32,0.393,0.393,Abnormal,Sub-Optimal
AME II,E002A,E02,2009,73,24,85943,0.330259705041247,Stres Berat,0.37793778549554147,Stres Berat,Pokok Utama,109.2450649518229,-0.4260098741033784,1056,109.24508629,-0.42599854,6.31,0.398,0.398,Healthy,Sub-Optimal
AME II,E002A,E02,2009,73,26,84284,0.37081740921485923,Stres Berat,0.3764231340451674,Stres Berat,Pokok Utama,109.24518962780978,-0.4260302115490197,1692,109.24516892,-0.42605146,4.98,0.467,0.467,Healthy,Good
AME II,E002A,E02,2009,74,1,83847,0.4437674342157923,Stres Sedang,0.43877059283877623,Stres Sedang,Pokok Utama,109.24307032402434,-0.4259544257519632,107,109.24305799,-0.42596959,12.01,0.363,0.363,Suspect,Critical
AME II,E002A,E02,2009,74,2,83841,0.4145113963194673,Stres Sedang,0.4407298174135539,Stres Sedang,Pokok Utama,109.24315170494744,-0.425954515873934,1606,109.24316578,-0.42596826,5.13,0.411,0.411,Healthy,Sub-Optimal
AME II,E002A,E02,2009,74,4,84055,0.39482522150286203,Stres Berat,0.4266065250263781,Stres Sedang,Pokok Utama,109.2433196906693,-0.4259489631300254,3012,109.24333017,-0.42596196,2.59,0.518,0.518,Abnormal,Good
AME II,E002A,E02,2009,74,6,84052,0.4192012987583349,Stres Sedang,0.45330519166078653,Stres Sedang,Pokok Utama,109.24348700955005,-0.42595282944766943,755,109.24350713,-0.42596291,7.35,0.498,0.498,Healthy,Good
AME II,E002A,E02,2009,74,8,84109,0.3605542192192578,Stres Berat,0.383127767641862,Stres Berat,Pokok Utama,109.24362941949288,-0.4259558291494165,1725,109.24361985,-0.42599052,4.92,0.416,0.416,Healthy,Sub-Optimal
AME II,E002A,E02,2009,74,9,84116,0.37881465260267777,Stres Berat,0.4151322640395802,Stres Sedang,Pokok Utama,109.24370927575987,-0.4259572835089225,2258,109.24372047,-0.42592814,4.1,0.672,0.672,Healthy,Good
AME II,E002A,E02,2009,74,10,84105,0.39690826681525754,Stres Berat,0.46232515029363086,Stres Sedang,Pokok Utama,109.24381052426494,-0.42595156441881793,2273,109.24380625,-0.42598016,4.07,0.419,0.419,Healthy,Sub-Optimal
AME II,E002A,E02,2009,74,16,84342,0.40536778521680084,Stres Sedang,0.4440956351471033,Stres Sedang,Pokok Utama,109.24429578119756,-0.4259475702183064,2966,109.24428235,-0.42591516,2.7,0.463,0.463,Abnormal,Good
AME II,E002A,E02,2009,74,17,84333,0.34742644687828744,Stres Berat,0.389330230800778,Stres Berat,Pokok Utama,109.24436527036978,-0.42594565004563884,2178,109.24434477,-0.42594727,4.2,0.525,0.525,Healthy,Good
AME II,E002A,E02,2009,74,18,84367,0.3771923797829342,Stres Berat,0.4077650978623961,Stres Sedang,Pokok Utama,109.24445498248446,-0.4259433791197379,2516,109.2444584,-0.42595273,3.69,0.535,0.535,Healthy,Good
AME II,E002A,E02,2009,74,19,84382,0.38763548958560695,Stres Berat,0.4213589062892457,Stres Sedang,Pokok Utama,109.24452920666955,-0.42594454280178856,3028,109.24455721,-0.42596586,2.54,0.457,0.457,Healthy,Moderate
AME II,E002A,E02,2009,74,20,84305,0.4412642403051476,Stres Sedang,0.43717051345249386,Stres Sedang,Pokok Utama,109.24461705557444,-0.42594313596050287,2533,109.2446421,-0.42593468,3.66,0.467,0.467,Healthy,Good
AME II,E002A,E02,2009,74,21,84317,0.4617299930261095,Stres Sedang,0.4711658810042819,Stres Sedang,Pokok Utama,109.24470024248329,-0.4259335838913707,1021,109.2447225,-0.42593425,6.39,0.526,0.526,Healthy,Good
AME II,E002A,E02,2009,74,22,84292,0.38581981257787856,Stres Berat,0.42986748290026205,Stres Sedang,Pokok Utama,109.24477153926271,-0.42595034884864263,1134,109.24479166,-0.42597632,6.09,0.465,0.465,Healthy,Good
AME II,E002A,E02,2009,74,25,84288,0.44369123637400665,Stres Sedang,0.4660729099948843,Stres Sedang,Pokok Utama,109.24500774633228,-0.4259491776861421,1196,109.24499826,-0.42595466,5.98,0.491,0.491,Healthy,Good
AME II,E002A,E02,2009,74,26,84287,0.43314490311490084,Stres Sedang,0.45314135678206363,Stres Sedang,Pokok Utama,109.24510735856568,-0.42593809206094785,1505,109.24511999,-0.42592801,5.32,0.422,0.422,Healthy,Sub-Optimal
AME II,E002A,E02,2009,75,1,83848,0.39661075166318965,Stres Berat,0.4219071231536321,Stres Sedang,Pokok Utama,109.24303611495644,-0.42588742353673104,42,109.24306609,-0.42589498,13.52,0.415,0.415,Healthy,Sub-Optimal
AME II,E002A,E02,2009,75,3,84075,0.4053802073228495,Stres Sedang,0.45129627566097236,Stres Sedang,Pokok Utama,109.24320367121291,-0.42589014958310933,2293,109.24321386,-0.4258706,4.03,0.445,0.445,Healthy,Moderate
AME II,E002A,E02,2009,75,4,84195,0.3935098011749247,Stres Berat,0.43650486769081953,Stres Sedang,Pokok Utama,109.24327091119049,-0.4258876763741191,2447,109.24327224,-0.42589548,3.8,0.524,0.524,Healthy,Good
AME II,E002A,E02,2009,75,5,84054,0.40441394810397185,Stres Sedang,0.44487736471107064,Stres Sedang,Pokok Utama,109.24335773381485,-0.42588006398377376,1992,109.24332838,-0.42589866,4.44,0.476,0.476,Healthy,Good
AME II,E002A,E02,2009,75,6,84112,0.42037447868092287,Stres Sedang,0.4593795468368066,Stres Sedang,Pokok Utama,109.24351678241825,-0.42587541076724617,1200,109.24352061,-0.42590865,5.96,0.474,0.474,Healthy,Good
AME II,E002A,E02,2009,75,7,84110,0.4579569268809712,Stres Sedang,0.4489792030673843,Stres Sedang,Pokok Utama,109.24360091456002,-0.4258883507534148,2132,109.24360954,-0.42590234,4.26,0.527,0.527,Healthy,Good
AME II,E002A,E02,2009,75,8,84106,0.3573507478925571,Stres Berat,0.4020418443292567,Stres Sedang,Pokok Utama,109.24375920315757,-0.4258840798777358,3131,109.24375417,-0.42587389,2.1,0.601,0.601,Healthy,Good
AME II,E002A,E02,2009,75,13,84355,0.4064469214790773,Stres Sedang,0.4291612865385939,Stres Sedang,Pokok Utama,109.24416508532737,-0.4258822947549002,3229,109.24416827,-0.42590835,1.1,0.524,0.524,Healthy,Good
AME II,E002A,E02,2009,75,18,84306,0.41268948262976873,Stres Sedang,0.43311640931679324,Stres Sedang,Pokok Utama,109.24457666885601,-0.42586895482332476,3027,109.2445972,-0.42589534,2.55,0.48,0.48,Healthy,Good
AME II,E002A,E02,2009,75,22,84451,0.3555428569357669,Stres Berat,0.4038217480049557,Stres Sedang,Pokok Utama,109.24488924333629,-0.4258691458662973,2380,109.24491564,-0.42588908,3.91,0.417,0.417,Healthy,Sub-Optimal
AME II,E002A,E02,2009,75,23,84416,0.35483256272481406,Stres Berat,0.41776070794542736,Stres Sedang,Pokok Utama,109.24497765518514,-0.42587299405463463,2979,109.24497448,-0.42587236,2.67,0.389,0.389,Healthy,Critical
AME II,E002A,E02,2009,75,25,84414,0.350503275454093,Stres Berat,0.38311270614990756,Stres Berat,Pokok Utama,109.24513166663765,-0.425867287035414,2908,109.24511506,-0.42588099,2.87,0.474,0.474,Abnormal,Good
AME II,E002A,E02,2009,76,1,83843,0.4666476955483846,Stres Sedang,0.45683850850669355,Stres Sedang,Pokok Utama,109.24307796265737,-0.42580895503849714,286,109.24307554,-0.42583304,9.97,0.441,0.441,Healthy,Moderate
AME II,E002A,E02,2009,76,2,84202,0.4319411996428085,Stres Sedang,0.4614262558918579,Stres Sedang,Pokok Utama,109.24314620739291,-0.4258162069303147,1750,109.24316087,-0.42583442,4.86,0.491,0.491,Healthy,Good
AME II,E002A,E02,2009,76,3,84196,0.4003163641571481,Stres Sedang,0.4419287409201058,Stres Sedang,Pokok Utama,109.243231213264,-0.4258105202866483,2454,109.24325699,-0.42581048,3.79,0.53,0.53,Abnormal,Good
AME II,E002A,E02,2009,76,4,84194,0.3926545545349375,Stres Berat,0.44509576536162554,Stres Sedang,Pokok Utama,109.2433229774223,-0.42581423451602746,2185,109.24330909,-0.42580325,4.19,0.509,0.509,Healthy,Good
AME II,E002A,E02,2009,76,5,84175,0.3463547488310091,Stres Berat,0.40156181874164915,Stres Sedang,Pokok Utama,109.24340283486666,-0.4258104240212653,2148,109.24339982,-0.42581006,4.23,0.426,0.426,Healthy,Sub-Optimal
AME II,E002A,E02,2009,76,6,84113,0.42269737472299135,Stres Sedang,0.467141969442869,Stres Sedang,Pokok Utama,109.2434829459891,-0.42581692082828615,2869,109.2434856,-0.42581324,2.94,0.486,0.486,Abnormal,Good
AME II,E002A,E02,2009,76,9,84107,0.4014524657932848,Stres Sedang,0.4351585430850421,Stres Sedang,Pokok Utama,109.24373497840175,-0.4258051169074609,3193,109.24375464,-0.42580426,1.46,0.612,0.612,Healthy,Good
AME II,E002A,E02,2009,76,10,84131,0.4232758355163374,Stres Sedang,0.4576779302620551,Stres Sedang,Pokok Utama,109.24381626113167,-0.4258065715866817,2841,109.2437991,-0.42579794,3.0,0.533,0.533,Healthy,Good
AME II,E002A,E02,2009,76,12,84157,0.3970039214230699,Stres Berat,0.44833677495359764,Stres Sedang,Pokok Utama,109.24396599270612,-0.42580660593232744,3227,109.24396708,-0.42579753,1.12,0.459,0.459,Healthy,Moderate
AME II,E002A,E02,2009,76,14,84356,0.4292381913021158,Stres Sedang,0.4341434746783538,Stres Sedang,Pokok Utama,109.24412748899483,-0.4258066429732987,2953,109.24412338,-0.4257849,2.73,0.504,0.504,Healthy,Good
AME II,E002A,E02,2009,76,15,84344,0.41875456428488894,Stres Sedang,0.47020717826860736,Stres Sedang,Pokok Utama,109.24421350883769,-0.4258059175556151,3178,109.24420378,-0.42578311,1.63,0.464,0.464,Healthy,Good
AME II,E002A,E02,2009,76,16,84335,0.4164517142004063,Stres Sedang,0.47451470767264603,Stres Sedang,Pokok Utama,109.2442919379106,-0.4258107202109126,2298,109.24429001,-0.42581162,4.02,0.501,0.501,Healthy,Good
AME II,E002A,E02,2009,76,17,84369,0.39650688857674504,Stres Berat,0.4351026150039755,Stres Sedang,Pokok Utama,109.24437570029733,-0.4258064638735033,1987,109.24435648,-0.42582158,4.45,0.521,0.521,Healthy,Good
AME II,E002A,E02,2009,76,18,84384,0.3879698992929256,Stres Berat,0.42699598806178524,Stres Sedang,Pokok Utama,109.2444478840668,-0.42580952431143576,2629,109.24447326,-0.42580895,3.45,0.519,0.519,Healthy,Good
AME II,E002A,E02,2009,76,19,84307,0.4225228856474396,Stres Sedang,0.4322990832437722,Stres Sedang,Pokok Utama,109.24453390259465,-0.4258067361737117,2766,109.24451818,-0.42578273,3.18,0.43,0.43,Healthy,Moderate
AME II,E002A,E02,2009,76,20,84319,0.4267702173480137,Stres Sedang,0.4356885714338522,Stres Sedang,Pokok Utama,109.24461708815204,-0.4257991618111897,2157,109.24461024,-0.42580536,4.22,0.462,0.462,Healthy,Good
AME II,E002A,E02,2009,76,21,84294,0.38021035569397377,Stres Berat,0.41958949898198117,Stres Sedang,Pokok Utama,109.24469314238762,-0.42579917924872224,2574,109.24467852,-0.42576694,3.58,0.402,0.402,Healthy,Sub-Optimal
AME II,E002A,E02,2009,76,26,84386,0.4141079072301272,Stres Sedang,0.4274424139607268,Stres Sedang,Pokok Utama,109.2451773158964,-0.42579264722579585,838,109.2452049,-0.42581544,7.03,0.461,0.461,Healthy,Good
AME II,E002A,E02,2009,77,1,83844,0.3837545174110707,Stres Berat,0.4125068740061913,Stres Sedang,Pokok Utama,109.24303239998633,-0.42573936391477896,124,109.24303962,-0.42576159,11.73,0.391,0.391,Healthy,Sub-Optimal
AME II,E002A,E02,2009,77,2,84203,0.44338951301795165,Stres Sedang,0.4511338871611752,Stres Sedang,Pokok Utama,109.24311474279993,-0.42575205118569487,1221,109.24312765,-0.42576207,5.9,0.434,0.434,Healthy,Moderate
AME II,E002A,E02,2009,77,3,84197,0.4271474890947277,Stres Sedang,0.4499470980504308,Stres Sedang,Pokok Utama,109.24319269948641,-0.42574824115904847,1003,109.24322422,-0.42574536,6.44,0.476,0.476,Healthy,Good
AME II,E002A,E02,2009,77,4,84187,0.4389817818577253,Stres Sedang,0.4653823487617044,Stres Sedang,Pokok Utama,109.24327926060771,-0.42575297243698074,2307,109.24330237,-0.42575306,4.01,0.506,0.506,Healthy,Good
AME II,E002A,E02,2009,77,5,84176,0.4089385111446028,Stres Sedang,0.44666578225623393,Stres Sedang,Pokok Utama,109.24336862665156,-0.4257395947886116,2656,109.24335132,-0.42577116,3.39,0.518,0.518,Healthy,Good
AME II,E002A,E02,2009,77,6,84114,0.3734147558604241,Stres Berat,0.41517631687681894,Stres Sedang,Pokok Utama,109.24345301427093,-0.42575087724058386,3071,109.24345867,-0.42575898,2.38,0.457,0.457,Abnormal,Moderate
AME II,E002A,E02,2009,77,7,84120,0.4421430935481248,Stres Sedang,0.4693793097618394,Stres Sedang,Pokok Utama,109.24351681231744,-0.42574333732935965,2241,109.24354581,-0.42573142,4.13,0.458,0.458,Healthy,Moderate
AME II,E002A,E02,2009,77,11,84130,0.41766055563334575,Stres Sedang,0.46720012299265057,Stres Sedang,Pokok Utama,109.24385195570244,-0.4257398159806176,3177,109.24382696,-0.42573148,1.64,0.531,0.531,Healthy,Good
AME II,E002A,E02,2009,77,12,84153,0.35989019858117594,Stres Berat,0.43400957584202055,Stres Sedang,Pokok Utama,109.24392325623758,-0.4257398323331063,2685,109.24394194,-0.42572925,3.34,0.556,0.556,Healthy,Good
AME II,E002A,E02,2009,77,13,84138,0.40966511973875647,Stres Sedang,0.43145579910657444,Stres Sedang,Pokok Utama,109.24402451294807,-0.42573361405415516,2641,109.24405153,-0.42572656,3.43,0.527,0.527,Healthy,Good
AME II,E002A,E02,2009,77,14,84357,0.40635376603034346,Stres Sedang,0.4061789088986111,Stres Sedang,Pokok Utama,109.24408945921074,-0.4257370897160916,2935,109.24411621,-0.42574104,2.78,0.446,0.446,Healthy,Moderate
AME II,E002A,E02,2009,77,15,84345,0.332245754018272,Stres Berat,0.37854891008029506,Stres Berat,Pokok Utama,109.24416884998305,-0.4257394554926888,3151,109.24419301,-0.42573789,1.94,0.38,0.38,Healthy,Critical
AME II,E002A,E02,2009,77,16,84336,0.40075223550581296,Stres Sedang,0.46101459073469253,Stres Sedang,Pokok Utama,109.24424161420224,-0.4257338112392,2968,109.24425409,-0.42575238,2.7,0.528,0.528,Healthy,Good
AME II,E002A,E02,2009,77,17,84370,0.394896728415852,Stres Berat,0.4642020117367419,Stres Sedang,Pokok Utama,109.24432572974202,-0.4257329316486267,2413,109.2443255,-0.42574199,3.85,0.505,0.505,Abnormal,Good
AME II,E002A,E02,2009,77,19,84308,0.40802348678060807,Stres Sedang,0.4374453717428964,Stres Sedang,Pokok Utama,109.24449351479178,-0.4257373397114873,2317,109.2444818,-0.42576735,3.99,0.445,0.445,Healthy,Moderate
AME II,E002A,E02,2009,77,20,84320,0.45253683683606594,Stres Sedang,0.4674546806804406,Stres Sedang,Pokok Utama,109.24457957642278,-0.4257425609954713,3020,109.24458556,-0.42572532,2.56,0.397,0.397,Healthy,Sub-Optimal
AME II,E002A,E02,2009,77,23,84448,0.37335602851617977,Stres Berat,0.40724620986450183,Stres Sedang,Pokok Utama,109.24480328263606,-0.42573138173238456,2719,109.2447971,-0.42573848,3.27,0.392,0.392,Healthy,Sub-Optimal
AME II,E002A,E02,2009,77,24,84418,0.34692234200951844,Stres Berat,0.38460790132181905,Stres Berat,Pokok Utama,109.24487881679356,-0.4257313276061017,2885,109.24487345,-0.42573986,2.9,0.393,0.393,Healthy,Sub-Optimal
AME II,E002A,E02,2009,77,25,84429,0.40879716734086036,Stres Sedang,0.4512000681221235,Stres Sedang,Pokok Utama,109.24497198231181,-0.4257351768775304,2891,109.24500011,-0.42573084,2.89,0.402,0.402,Abnormal,Sub-Optimal
AME II,E002A,E02,2009,77,26,84407,0.4485258029990135,Stres Sedang,0.4927623706260839,Stres Sedang,Pokok Utama,109.24504833544975,-0.4257322707635939,1400,109.24503829,-0.42574532,5.52,0.44,0.44,Healthy,Moderate
AME II,E002A,E02,2009,78,2,84198,0.42264193635021785,Stres Sedang,0.45726309564374545,Stres Sedang,Pokok Utama,109.24315516347232,-0.4256800417879304,1114,109.24316539,-0.42570375,6.16,0.515,0.515,Healthy,Good
AME II,E002A,E02,2009,78,3,84188,0.3945919015576704,Stres Berat,0.42819119089183544,Stres Sedang,Pokok Utama,109.24323454371697,-0.4256850843044714,2207,109.24323861,-0.42568387,4.17,0.389,0.389,Healthy,Critical
AME II,E002A,E02,2009,78,4,84177,0.40756401889733335,Stres Sedang,0.4388870439245434,Stres Sedang,Pokok Utama,109.24330969892361,-0.42568024362997403,3022,109.24332529,-0.42569112,2.55,0.417,0.417,Healthy,Sub-Optimal
AME II,E002A,E02,2009,78,5,84115,0.4212914957879711,Stres Sedang,0.46160446828526847,Stres Sedang,Pokok Utama,109.24339989538878,-0.42567296659526344,1626,109.24340569,-0.42566356,5.1,0.478,0.478,Healthy,Good
AME II,E002A,E02,2009,78,6,84121,0.41099722820810564,Stres Sedang,0.4637978855871339,Stres Sedang,Pokok Utama,109.24347262236542,-0.4256729832765709,2049,109.2435018,-0.42568529,4.36,0.516,0.516,Healthy,Good
AME II,E002A,E02,2009,78,7,84206,0.4204776097118417,Stres Sedang,0.4490260446383166,Stres Sedang,Pokok Utama,109.24356638251867,-0.425672645772942,3136,109.24359298,-0.42566496,2.06,0.449,0.449,Abnormal,Moderate
AME II,E002A,E02,2009,78,8,84237,0.42370127270010866,Stres Sedang,0.46341969505144676,Stres Sedang,Pokok Utama,109.24364148557159,-0.4256760396650122,3291,109.24366529,-0.42568035,0.65,0.506,0.506,Abnormal,Good
AME II,E002A,E02,2009,78,9,84133,0.37801453808446184,Stres Berat,0.42613059506044015,Stres Sedang,Pokok Utama,109.24372645222273,-0.42567306862093457,3202,109.24375961,-0.42566319,1.42,0.559,0.559,Healthy,Good
AME II,E002A,E02,2009,78,11,84154,0.36047249802366227,Stres Berat,0.4248608657105181,Stres Sedang,Pokok Utama,109.24389045614753,-0.4256665916306589,3145,109.24388447,-0.42566457,1.99,0.549,0.549,Healthy,Good
AME II,E002A,E02,2009,78,12,84139,0.3679922894514674,Stres Berat,0.4058929236443551,Stres Sedang,Pokok Utama,109.24397172793505,-0.42566879144557973,2673,109.24398059,-0.42566324,3.37,0.583,0.583,Healthy,Good
AME II,E002A,E02,2009,78,15,84337,0.3682049676909666,Stres Berat,0.4153004161588423,Stres Sedang,Pokok Utama,109.2442107042143,-0.42566788858115795,2705,109.24421009,-0.42570037,3.31,0.456,0.456,Healthy,Moderate
AME II,E002A,E02,2009,78,17,84376,0.3560013045526964,Stres Berat,0.42887256814800817,Stres Sedang,Pokok Utama,109.24437231954215,-0.4256619716988598,2336,109.24437448,-0.42567373,3.96,0.419,0.419,Healthy,Sub-Optimal
AME II,E002A,E02,2009,78,18,84309,0.3389044594244506,Stres Berat,0.39464131748314407,Stres Berat,Pokok Utama,109.24444837548259,-0.4256583728243096,2840,109.24443332,-0.42563712,3.02,0.328,0.328,Healthy,Critical
AME II,E002A,E02,2009,78,19,84321,0.4390343830499359,Stres Sedang,0.4611904524797146,Stres Sedang,Pokok Utama,109.24453068801444,-0.4256622557808607,1890,109.2445191,-0.42565839,4.59,0.484,0.484,Healthy,Good
AME II,E002A,E02,2009,78,20,84296,0.43065029421684203,Stres Sedang,0.44399562312695673,Stres Sedang,Pokok Utama,109.24461236559426,-0.4256655878705068,2630,109.244626,-0.42565525,3.44,0.379,0.379,Healthy,Critical
AME II,E002A,E02,2009,78,22,84466,0.3738975683745566,Stres Berat,0.4231978130390679,Stres Sedang,Pokok Utama,109.24476285111535,-0.4256566498621824,2106,109.24476343,-0.42566749,4.3,0.403,0.403,Healthy,Sub-Optimal
AME II,E002A,E02,2009,78,24,84430,0.3621079119264885,Stres Berat,0.4130912305641346,Stres Sedang,Pokok Utama,109.24493065446275,-0.4256557858236308,1547,109.24493096,-0.42565622,5.23,0.403,0.403,Healthy,Sub-Optimal
AME II,E002A,E02,2009,78,26,84388,0.41192658548610506,Stres Sedang,0.443303079137931,Stres Sedang,Pokok Utama,109.2450961480273,-0.425656393458424,1977,109.24508366,-0.4256861,4.46,0.439,0.439,Healthy,Moderate
AME II,E002A,E02,2009,79,1,84205,0.3847191699217481,Stres Berat,0.43690729821000207,Stres Sedang,Pokok Utama,109.24302935797594,-0.42560645513525647,152,109.24305178,-0.42562188,11.23,0.475,0.475,Healthy,Good
AME II,E002A,E02,2009,79,6,84229,0.4555579095000899,Stres Sedang,0.4925049541500182,Stres Sedang,Pokok Utama,109.24345231728059,-0.42560371172918415,875,109.24347217,-0.42560751,6.88,0.487,0.487,Healthy,Good
AME II,E002A,E02,2009,79,7,84207,0.4286411679053579,Stres Sedang,0.46231651799277856,Stres Sedang,Pokok Utama,109.24352311705724,-0.4255975696622725,1104,109.24353955,-0.42559712,6.2,0.52,0.52,Healthy,Good
AME II,E002A,E02,2009,79,9,84166,0.46251584752703884,Stres Sedang,0.4913722575247502,Stres Sedang,Pokok Utama,109.24369935948356,-0.42558918830147113,3159,109.24367295,-0.42557229,1.88,0.469,0.469,Healthy,Good
AME II,E002A,E02,2009,79,10,84159,0.4038572782535662,Stres Sedang,0.44017890332947623,Stres Sedang,Pokok Utama,109.24377004370344,-0.4255975512255936,3222,109.24373896,-0.425613,1.19,0.565,0.565,Healthy,Good
AME II,E002A,E02,2009,79,13,84359,0.4338450465837251,Stres Sedang,0.43017863679412033,Stres Sedang,Pokok Utama,109.24401107893202,-0.425596063746263,1054,109.24401922,-0.42562753,6.32,0.48,0.48,Healthy,Good
AME II,E002A,E02,2009,79,17,84377,0.3311526180163536,Stres Berat,0.39950030278694165,Stres Berat,Pokok Utama,109.24432717978613,-0.4255889587510209,2739,109.24433766,-0.4256059,3.23,0.397,0.397,Healthy,Sub-Optimal
AME II,E002A,E02,2009,79,18,84310,0.330685770050449,Stres Berat,0.38574077636763987,Stres Berat,Pokok Utama,109.24441511566049,-0.42559615636199105,2856,109.2444212,-0.42559326,2.96,0.391,0.391,Healthy,Sub-Optimal
AME II,E002A,E02,2009,79,19,84322,0.32752204809735797,Stres Berat,0.3832324479951435,Stres Berat,Pokok Utama,109.24449409438081,-0.4255895016085489,2757,109.24448498,-0.42559372,3.19,0.316,0.316,Healthy,Critical
AME II,E002A,E02,2009,79,21,84455,0.3939799370163645,Stres Berat,0.40392073691338076,Stres Sedang,Pokok Utama,109.24464173492748,-0.4255930414288597,1888,109.24463454,-0.4256019,4.6,0.352,0.352,Suspect,Critical
AME II,E002A,E02,2009,79,22,84467,0.368883421770368,Stres Berat,0.4402042946849878,Stres Sedang,Pokok Utama,109.24472864199214,-0.4255896485031852,2687,109.24471853,-0.42559513,3.34,0.34,0.34,Abnormal,Critical
AME II,E002A,E02,2009,79,23,84420,0.35070054057861844,Stres Berat,0.40516479100755615,Stres Sedang,Pokok Utama,109.24480950334842,-0.42559165288319833,1943,109.24482094,-0.42559471,4.51,0.446,0.446,Healthy,Moderate
AME II,E002A,E02,2009,79,24,84396,0.41059716037895155,Stres Sedang,0.43998120382244865,Stres Sedang,Pokok Utama,109.24487961636994,-0.42558782656295835,2960,109.24488875,-0.42561823,2.71,0.454,0.454,Healthy,Moderate
AME II,E002A,E02,2009,79,28,328957,0.32072413547825107,Stres Berat,0.3254063106059455,Stres Berat,Tamb,109.24517718491221,-0.4255694397094336,590,109.24516139,-0.42557218,8.12,0.436,0.436,Healthy,Moderate
AME II,E002A,E02,2009,80,2,84190,0.4345362184570757,Stres Sedang,0.46275587467586293,Stres Sedang,Pokok Utama,109.24315925469578,-0.4255310534195195,1411,109.24316048,-0.42556087,5.5,0.475,0.475,Healthy,Good
AME II,E002A,E02,2009,80,5,84219,0.42937045235261767,Stres Sedang,0.4605077155332188,Stres Sedang,Pokok Utama,109.2434014473218,-0.4255233789763097,997,109.24337653,-0.42550666,6.46,0.547,0.547,Healthy,Good
AME II,E002A,E02,2009,80,7,84239,0.4731050021561544,Stres Sedang,0.4955891972995019,Stres Sedang,Pokok Utama,109.24355833455864,-0.4255271714223391,2793,109.2435746,-0.42550128,3.13,0.465,0.465,Healthy,Good
AME II,E002A,E02,2009,80,8,84167,0.4663237866021346,Stres Sedang,0.47480956178445083,Stres Sedang,Pokok Utama,109.24364383085683,-0.4255216847229828,2928,109.24365095,-0.42550808,2.82,0.436,0.436,Healthy,Moderate
AME II,E002A,E02,2009,80,12,84360,0.39630464253866154,Stres Berat,0.41955887879997206,Stres Sedang,Pokok Utama,109.2439632802541,-0.42552322473311205,548,109.2439402,-0.42551764,8.38,0.546,0.546,Healthy,Good
AME II,E002A,E02,2009,80,15,84373,0.39256112766110296,Stres Berat,0.4139567970674842,Stres Sedang,Pokok Utama,109.24420744649846,-0.4255194998048358,2785,109.24422764,-0.42551861,3.16,0.473,0.473,Healthy,Good
AME II,E002A,E02,2009,80,16,84378,0.31144152663913427,Stres Berat,0.37604135932686095,Stres Berat,Pokok Utama,109.24428679090056,-0.42552434787304866,3032,109.24429411,-0.42553128,2.53,0.369,0.369,Healthy,Critical
AME II,E002A,E02,2009,80,17,84311,0.4038024776115475,Stres Sedang,0.4401168602116645,Stres Sedang,Pokok Utama,109.24437529653957,-0.4255224465114135,1160,109.24435475,-0.42553401,6.04,0.438,0.438,Healthy,Moderate
AME II,E002A,E02,2009,80,18,84323,0.3164707225981441,Stres Berat,0.3704208976456097,Stres Berat,Pokok Utama,109.24444895268375,-0.4255210716675421,3008,109.24446164,-0.42552092,2.6,0.423,0.423,Healthy,Sub-Optimal
AME II,E002A,E02,2009,80,19,84298,0.4103406303728839,Stres Sedang,0.43024993525452165,Stres Sedang,Pokok Utama,109.24452811543942,-0.4255188824029818,1999,109.24452407,-0.42553993,4.43,0.382,0.382,Healthy,Critical
AME II,E002A,E02,2009,80,20,84456,0.3461608361614787,Stres Berat,0.37475433086231685,Stres Berat,Pokok Utama,109.2446160297077,-0.42551838438155204,2508,109.24461524,-0.42554447,3.7,0.433,0.433,Abnormal,Moderate
AME II,E002A,E02,2009,80,21,84468,0.38878254127035844,Stres Berat,0.42128103643628906,Stres Sedang,Pokok Utama,109.24469447041977,-0.4255154769324974,2153,109.24467903,-0.42552369,4.23,0.433,0.433,Healthy,Moderate
AME II,E002A,E02,2009,80,22,84421,0.37827809389032746,Stres Berat,0.41427971321185214,Stres Sedang,Pokok Utama,109.24476478392401,-0.4255188344440058,2197,109.24479131,-0.42551602,4.18,0.398,0.398,Healthy,Sub-Optimal
AME II,E002A,E02,2009,80,23,84431,0.3267753581554143,Stres Berat,0.3904514935932469,Stres Berat,Pokok Utama,109.24484901791722,-0.4255146008028121,2995,109.24486048,-0.42549931,2.64,0.312,0.312,Abnormal,Critical
AME II,E002A,E02,2009,80,24,84410,0.40302621003245404,Stres Sedang,0.4407680465383931,Stres Sedang,Pokok Utama,109.24493098412383,-0.4255207227259574,1119,109.24493818,-0.42551063,6.15,0.436,0.436,Healthy,Moderate
AME II,E002A,E02,2009,80,25,84390,0.3793811564594224,Stres Berat,0.4299366215035981,Stres Sedang,Pokok Utama,109.24501080744093,-0.4255131927896609,2455,109.24502665,-0.42553914,3.79,0.427,0.427,Abnormal,Sub-Optimal
AME II,E002A,E02,2009,80,26,84398,0.42017078801560104,Stres Sedang,0.41433173314229144,Stres Sedang,Pokok Utama,109.2451707820275,-0.42550973701344225,422,109.24520227,-0.42552697,9.15,0.472,0.472,Healthy,Good
AME II,E002A,E02,2009,81,1,84201,0.43683568770076037,Stres Sedang,0.4572765709026676,Stres Sedang,Pokok Utama,109.24303378097828,-0.42546399501416365,162,109.24303654,-0.4254903,11.12,0.442,0.442,Healthy,Moderate
AME II,E002A,E02,2009,81,3,84180,0.44060164538014535,Stres Sedang,0.4380200257216922,Stres Sedang,Pokok Utama,109.24319446449921,-0.42545494813715085,2522,109.24320363,-0.42543201,3.67,0.554,0.554,Abnormal,Good
AME II,E002A,E02,2009,81,6,84209,0.42080372288075035,Stres Sedang,0.45551661272819843,Stres Sedang,Pokok Utama,109.2434466461515,-0.4254582379325699,1769,109.24347131,-0.42546599,4.84,0.502,0.502,Healthy,Good
AME II,E002A,E02,2009,81,7,84240,0.4290935438436598,Stres Sedang,0.46360565383285196,Stres Sedang,Pokok Utama,109.24352375006544,-0.42545584473674386,1531,109.24353284,-0.4254651,5.26,0.493,0.493,Healthy,Good
AME II,E002A,E02,2009,81,8,84168,0.45559236020383986,Stres Sedang,0.46732135862335855,Stres Sedang,Pokok Utama,109.24359530960359,-0.4254504959111489,3213,109.24360381,-0.42542487,1.33,0.428,0.428,Healthy,Sub-Optimal
AME II,E002A,E02,2009,81,9,84161,0.4500220247445821,Stres Sedang,0.4703974119804285,Stres Sedang,Pokok Utama,109.24367805607687,-0.42544195565043447,2575,109.24369184,-0.42544117,3.58,0.455,0.455,Healthy,Moderate
AME II,E002A,E02,2009,81,11,84141,0.36823427737925996,Stres Berat,0.4291209496177353,Stres Sedang,Pokok Utama,109.2438628369985,-0.4254477547959884,2819,109.24383916,-0.42542583,3.08,0.548,0.548,Healthy,Good
AME II,E002A,E02,2009,81,12,84349,0.45587276059972204,Stres Sedang,0.45738900024802065,Stres Sedang,Pokok Utama,109.24399943514524,-0.42545861241960853,440,109.24400489,-0.42545119,9.03,0.478,0.478,Healthy,Good
AME II,E002A,E02,2009,81,14,84374,0.3846841242671724,Stres Berat,0.4049658138102402,Stres Sedang,Pokok Utama,109.24417001144216,-0.4254495858701543,951,109.24419398,-0.42544083,6.63,0.419,0.419,Healthy,Sub-Optimal
AME II,E002A,E02,2009,81,15,84379,0.374805123611101,Stres Berat,0.43527806169019895,Stres Sedang,Pokok Utama,109.24426303805997,-0.4254597408097492,1850,109.2442537,-0.42547069,4.67,0.57,0.57,Healthy,Good
AME II,E002A,E02,2009,81,16,84312,0.3692721891753242,Stres Berat,0.4219527960933698,Stres Sedang,Pokok Utama,109.2443557308452,-0.425452584593684,1935,109.24438261,-0.42547388,4.52,0.42,0.42,Healthy,Sub-Optimal
AME II,E002A,E02,2009,81,17,84324,0.3599596399677043,Stres Berat,0.4108755358049452,Stres Sedang,Pokok Utama,109.2444313285839,-0.4254493328582719,2328,109.24443875,-0.42544405,3.98,0.372,0.372,Healthy,Critical
AME II,E002A,E02,2009,81,18,84299,0.3673340852940673,Stres Berat,0.4018476515506896,Stres Sedang,Pokok Utama,109.24452191534314,-0.4254562118500766,2502,109.24454429,-0.42548025,3.72,0.45,0.45,Abnormal,Moderate
AME II,E002A,E02,2009,81,19,84457,0.3726342721293573,Stres Berat,0.39071578706184834,Stres Berat,Pokok Utama,109.24459658147246,-0.4254613726346153,1334,109.24462963,-0.42546942,5.65,0.409,0.409,Healthy,Sub-Optimal
AME II,E002A,E02,2009,81,20,84469,0.3610661021469727,Stres Berat,0.38964833024212314,Stres Berat,Pokok Utama,109.24468114133624,-0.4254460794357614,1836,109.24468263,-0.42548028,4.69,0.37,0.37,Suspect,Critical
AME II,E002A,E02,2009,81,21,84422,0.37885482626269523,Stres Berat,0.4050158672515063,Stres Sedang,Pokok Utama,109.24476479820265,-0.4254556688442408,1848,109.24479357,-0.42546222,4.67,0.43,0.43,Healthy,Moderate
AME II,E002A,E02,2009,81,22,84432,0.35481652141687237,Stres Berat,0.4136481270086851,Stres Sedang,Pokok Utama,109.24485796575712,-0.4254504714502919,2223,109.24486005,-0.42544686,4.15,0.367,0.367,Suspect,Critical
AME II,E002A,E02,2009,81,23,84411,0.3886615913027068,Stres Berat,0.42324666137532363,Stres Sedang,Pokok Utama,109.24494077158398,-0.4254537992646377,1413,109.24493191,-0.4254514,5.49,0.447,0.447,Healthy,Moderate
AME II,E002A,E02,2009,81,26,84399,0.39311092938010367,Stres Berat,0.4056957870909929,Stres Sedang,Pokok Utama,109.24520691966576,-0.42544202831189804,302,109.24523552,-0.42544649,9.8,0.395,0.395,Healthy,Sub-Optimal
AME II,E002A,E02,2009,82,3,84233,0.41674168547881646,Stres Sedang,0.45327090131531883,Stres Sedang,Pokok Utama,109.2432400765986,-0.42538552803406293,1822,109.24325124,-0.4254058,4.72,0.562,0.562,Healthy,Good
AME II,E002A,E02,2009,82,5,84210,0.40134810069170984,Stres Sedang,0.4316207390515601,Stres Sedang,Pokok Utama,109.24340911813893,-0.425390332459448,1124,109.24340934,-0.42540583,6.12,0.569,0.569,Healthy,Good
AME II,E002A,E02,2009,82,6,84241,0.42646285922307037,Stres Sedang,0.44740895986843054,Stres Sedang,Pokok Utama,109.24348002398686,-0.4253917838409175,1125,109.24349692,-0.42541716,6.12,0.472,0.472,Healthy,Good
AME II,E002A,E02,2009,82,7,84169,0.4027419663760826,Stres Sedang,0.444455350285072,Stres Sedang,Pokok Utama,109.24355968279623,-0.42538452246037395,1207,109.24354858,-0.42535703,5.94,0.52,0.52,Healthy,Good
AME II,E002A,E02,2009,82,8,84162,0.41821036544942936,Stres Sedang,0.4459727836602453,Stres Sedang,Pokok Utama,109.24363953358379,-0.4253744198023317,3068,109.24363885,-0.42539865,2.4,0.514,0.514,Healthy,Good
AME II,E002A,E02,2009,82,9,84149,0.45377257219044503,Stres Sedang,0.48366158256764097,Stres Sedang,Pokok Utama,109.2437250909662,-0.425388795220866,3053,109.24371521,-0.42539144,2.47,0.526,0.526,Healthy,Good
AME II,E002A,E02,2009,82,10,84142,0.4470947815780572,Stres Sedang,0.4975944766573769,Stres Sedang,Pokok Utama,109.24380637466557,-0.4253859426865766,1693,109.24379515,-0.42540095,4.98,0.528,0.528,Healthy,Good
AME II,E002A,E02,2009,82,12,84350,0.3651607605455753,Stres Berat,0.4021397259516212,Stres Sedang,Pokok Utama,109.24397296602301,-0.425381660101317,1284,109.24400805,-0.42538653,5.76,0.475,0.475,Healthy,Good
AME II,E002A,E02,2009,82,13,84380,0.35570881227619766,Stres Berat,0.4131048020658748,Stres Sedang,Pokok Utama,109.24422978238063,-0.4253831685425681,2201,109.24420253,-0.42537165,4.17,0.381,0.381,Healthy,Critical
AME II,E002A,E02,2009,82,15,84325,0.33196651969204266,Stres Berat,0.37496920690482066,Stres Berat,Pokok Utama,109.24439235800695,-0.4253770393437264,2933,109.24438981,-0.42538616,2.79,0.364,0.364,Healthy,Critical
AME II,E002A,E02,2009,82,16,84300,0.39325721158605553,Stres Berat,0.39301848894261143,Stres Berat,Pokok Utama,109.24446982795521,-0.42538083165293805,1546,109.24449761,-0.42537443,5.24,0.397,0.397,Healthy,Sub-Optimal
AME II,E002A,E02,2009,82,17,84458,0.38216543026163086,Stres Berat,0.38719999526572907,Stres Berat,Pokok Utama,109.24455096889919,-0.4253738364624488,2024,109.24457171,-0.42538485,4.4,0.374,0.374,Suspect,Critical
AME II,E002A,E02,2009,82,18,84423,0.37769036201392714,Stres Berat,0.4124560631885431,Stres Sedang,Pokok Utama,109.24472544427611,-0.42537443619007054,1046,109.24471993,-0.42538398,6.34,0.344,0.344,Suspect,Critical
AME II,E002A,E02,2009,82,20,84412,0.43358316560991766,Stres Sedang,0.45525145890152635,Stres Sedang,Pokok Utama,109.24493720627979,-0.425370551872542,1431,109.24490677,-0.42536775,5.46,0.455,0.455,Healthy,Moderate
AME II,E002A,E02,2009,82,21,84392,0.3843577663891347,Stres Berat,0.4377195079424541,Stres Sedang,Pokok Utama,109.24499211717463,-0.42537345008047384,629,109.2449683,-0.42538901,7.96,0.471,0.471,Healthy,Good
AME II,E002A,E02,2009,83,1,84193,0.4245215586272106,Stres Sedang,0.4535311584991361,Stres Sedang,Pokok Utama,109.24303056361265,-0.42533184852189354,34,109.24301861,-0.42534425,13.7,0.436,0.436,Healthy,Moderate
AME II,E002A,E02,2009,83,3,84234,0.3943291751099644,Stres Berat,0.43336365974615687,Stres Sedang,Pokok Utama,109.24319072765816,-0.425320020783376,1538,109.24319872,-0.42530677,5.25,0.511,0.511,Healthy,Good
AME II,E002A,E02,2009,83,5,84211,0.401050278886088,Stres Sedang,0.4517384084211511,Stres Sedang,Pokok Utama,109.24336682117972,-0.4253184894655092,1847,109.24337343,-0.42531947,4.67,0.61,0.61,Healthy,Good
AME II,E002A,E02,2009,83,6,84242,0.3828074463990385,Stres Berat,0.42250268365103966,Stres Sedang,Pokok Utama,109.24345618354062,-0.4253213811074208,2163,109.24348661,-0.42532718,4.22,0.493,0.493,Healthy,Good
AME II,E002A,E02,2009,83,7,84170,0.42291241799961815,Stres Sedang,0.4545122258041216,Stres Sedang,Pokok Utama,109.24353117115243,-0.42530692311514734,1192,109.24354006,-0.42532176,5.98,0.515,0.515,Healthy,Good
AME II,E002A,E02,2009,83,8,84163,0.4619491394524087,Stres Sedang,0.467527415488138,Stres Sedang,Pokok Utama,109.2435982550026,-0.4253156324566264,1436,109.24360923,-0.42530596,5.45,0.464,0.464,Healthy,Good
AME II,E002A,E02,2009,83,9,84150,0.4208674055781166,Stres Sedang,0.44725708724394375,Stres Sedang,Pokok Utama,109.24368524216368,-0.4253113460986922,1846,109.24368469,-0.42529874,4.67,0.414,0.414,Healthy,Sub-Optimal
AME II,E002A,E02,2009,83,10,84143,0.4190697464561204,Stres Sedang,0.46935362640464845,Stres Sedang,Pokok Utama,109.24375790531352,-0.4253155885566969,2909,109.24378125,-0.42530283,2.87,0.469,0.469,Healthy,Good
AME II,E002A,E02,2009,83,11,84362,0.45315495802696276,Stres Sedang,0.4885513238253835,Stres Sedang,Pokok Utama,109.24384582009192,-0.4253285556080325,1640,109.24383694,-0.42533675,5.07,0.511,0.511,Healthy,Good
AME II,E002A,E02,2009,83,12,84351,0.427715094403319,Stres Sedang,0.47197960012318063,Stres Sedang,Pokok Utama,109.24393737327026,-0.42531201065567126,1007,109.24393979,-0.42532819,6.43,0.496,0.496,Healthy,Good
AME II,E002A,E02,2009,83,13,84490,0.35780429540605757,Stres Berat,0.3942614691873904,Stres Berat,Pokok Utama,109.24418681919336,-0.42531389178161666,2341,109.24417154,-0.42533412,3.95,0.408,0.408,Healthy,Sub-Optimal
AME II,E002A,E02,2009,83,14,84314,0.39344395973904805,Stres Berat,0.45891301150105346,Stres Sedang,Pokok Utama,109.2442535651548,-0.4253113949167525,2706,109.24424655,-0.42530881,3.31,0.539,0.539,Healthy,Good
AME II,E002A,E02,2009,83,15,84326,0.3521319265951759,Stres Berat,0.3999462405924111,Stres Berat,Pokok Utama,109.24435718130425,-0.42530667829295843,2058,109.24435299,-0.42533325,4.35,0.375,0.375,Suspect,Critical
AME II,E002A,E02,2009,83,16,84301,0.3662935577845619,Stres Berat,0.40206782329028873,Stres Sedang,Pokok Utama,109.24440709234653,-0.4253057691441458,2618,109.24440645,-0.42530795,3.46,0.388,0.388,Healthy,Critical
AME II,E002A,E02,2009,83,17,84459,0.4052512055661339,Stres Sedang,0.4129171032255997,Stres Sedang,Pokok Utama,109.24451005025314,-0.4253081873208455,1168,109.24449897,-0.42532967,6.01,0.35,0.35,Suspect,Critical
AME II,E002A,E02,2009,83,18,84470,0.4179606338369033,Stres Sedang,0.4085690340176695,Stres Sedang,Pokok Utama,109.24459758287963,-0.42531109661773137,1494,109.24460047,-0.42534055,5.34,0.384,0.384,Healthy,Critical
AME II,E002A,E02,2009,83,21,84413,0.3692910842053307,Stres Berat,0.3973044299868261,Stres Berat,Pokok Utama,109.24494165778547,-0.42530449441556634,983,109.24493778,-0.42531304,6.52,0.406,0.406,Healthy,Sub-Optimal
AME II,E002A,E02,2009,83,23,84401,0.3982728261238907,Stres Berat,0.41216849285562657,Stres Sedang,Pokok Utama,109.24520975014947,-0.425298813468094,433,109.24522658,-0.42529773,9.06,0.459,0.459,Healthy,Moderate
AME II,E002A,E02,2009,84,3,84223,0.39950354489289386,Stres Berat,0.43317948672673906,Stres Sedang,Pokok Utama,109.24324768648684,-0.42524779451287253,1952,109.2432387,-0.4252489,4.5,0.489,0.489,Healthy,Good
AME II,E002A,E02,2009,84,4,84212,0.40735447035556843,Stres Sedang,0.4406493755254465,Stres Sedang,Pokok Utama,109.24332120183831,-0.4252610557791473,2108,109.24331281,-0.42526745,4.29,0.589,0.589,Healthy,Good
AME II,E002A,E02,2009,84,8,84144,0.44779293828608707,Stres Sedang,0.44684229982067364,Stres Sedang,Pokok Utama,109.243726541856,-0.42524101163672934,3014,109.24374803,-0.42525128,2.58,0.453,0.453,Healthy,Moderate
AME II,E002A,E02,2009,84,9,84363,0.42420952390250577,Stres Sedang,0.44541351207018687,Stres Sedang,Pokok Utama,109.24380580522653,-0.4252386370094482,1761,109.24378979,-0.42526621,4.85,0.539,0.539,Healthy,Good
AME II,E002A,E02,2009,84,10,84352,0.3723813227904232,Stres Berat,0.4221439309190259,Stres Sedang,Pokok Utama,109.24388720432924,-0.4252339152994883,3194,109.24387694,-0.42521287,1.46,0.36,0.36,Healthy,Critical
AME II,E002A,E02,2009,84,11,84478,0.3546377584726492,Stres Berat,0.4006712196147231,Stres Sedang,Pokok Utama,109.24397578647293,-0.4252391932094251,2787,109.24396452,-0.42521108,3.15,0.367,0.367,Healthy,Critical
AME II,E002A,E02,2009,84,14,84315,0.3789497248674373,Stres Berat,0.4186729767927536,Stres Sedang,Pokok Utama,109.2442260214636,-0.42523541989661734,2788,109.24421603,-0.4252437,3.15,0.469,0.469,Healthy,Good
AME II,E002A,E02,2009,84,16,84302,0.3432684998456105,Stres Berat,0.3971082897185563,Stres Berat,Pokok Utama,109.24440080315861,-0.42523584244522405,2066,109.24438625,-0.42526725,4.34,0.477,0.477,Healthy,Good
AME II,E002A,E02,2009,84,17,84460,0.40537417340220266,Stres Sedang,0.4226077719135685,Stres Sedang,Pokok Utama,109.24447203828841,-0.4252431356878057,2495,109.2444662,-0.42524602,3.73,0.441,0.441,Abnormal,Moderate
AME II,E002A,E02,2009,84,18,84471,0.38207275893560466,Stres Berat,0.39663538932441983,Stres Berat,Pokok Utama,109.24455663341284,-0.4252307670068257,1870,109.24455693,-0.42519675,4.63,0.431,0.431,Healthy,Moderate
AME II,E002A,E02,2009,84,19,84425,0.3962693059942886,Stres Berat,0.4133910917394512,Stres Sedang,Pokok Utama,109.2446545681456,-0.4252412630748526,1566,109.24463283,-0.42524018,5.2,0.393,0.393,Healthy,Sub-Optimal
AME II,E002A,E02,2009,84,20,84435,0.3989878069856138,Stres Berat,0.39757257982945216,Stres Berat,Pokok Utama,109.24473449733343,-0.42523422057439003,1755,109.24472939,-0.42524879,4.85,0.484,0.484,Healthy,Good
AME II,E002A,E02,2009,84,21,84443,0.37092474648405027,Stres Berat,0.4021726129165316,Stres Sedang,Pokok Utama,109.2449883451662,-0.42523893856872697,690,109.24499933,-0.42523709,7.71,0.387,0.387,Healthy,Critical
AME II,E002A,E02,2009,84,22,84447,0.3857926233687305,Stres Berat,0.4235367745911925,Stres Sedang,Pokok Utama,109.24508807649926,-0.4252413623261631,694,109.24510577,-0.42525747,7.69,0.516,0.516,Healthy,Good
AME II,E002A,E02,2009,84,23,84402,0.4155671474545878,Stres Sedang,0.44216517198740307,Stres Sedang,Pokok Utama,109.24517744308362,-0.42522989812583845,439,109.24516371,-0.42525296,9.03,0.511,0.511,Healthy,Good
AME II,E002A,E02,2009,85,1,84184,0.4537969614016127,Stres Sedang,0.46424117869393805,Stres Sedang,Pokok Utama,109.24304998794413,-0.42518067435946144,603,109.24305144,-0.42514712,8.05,0.501,0.501,Healthy,Good
AME II,E002A,E02,2009,85,2,84236,0.46246430099318797,Stres Sedang,0.4764737514745431,Stres Sedang,Pokok Utama,109.24310658088433,-0.4251772383170869,2103,109.2431197,-0.42516975,4.3,0.503,0.503,Healthy,Good
AME II,E002A,E02,2009,85,3,84224,0.4210647958736875,Stres Sedang,0.4436003010271548,Stres Sedang,Pokok Utama,109.24319456488249,-0.425165989960641,2664,109.24319741,-0.42513178,3.38,0.503,0.503,Abnormal,Good
AME II,E002A,E02,2009,85,4,84213,0.38390804543593576,Stres Berat,0.39964615034713813,Stres Berat,Pokok Utama,109.24327514221896,-0.4251644367443643,2208,109.24325758,-0.42518018,4.17,0.428,0.428,Healthy,Sub-Optimal
AME II,E002A,E02,2009,85,5,84244,0.4332411279588388,Stres Sedang,0.45227622943801754,Stres Sedang,Pokok Utama,109.2433516893275,-0.4251654200776132,1643,109.24336717,-0.42517885,5.06,0.451,0.451,Healthy,Moderate
AME II,E002A,E02,2009,85,6,84172,0.44132755261549605,Stres Sedang,0.4545739129888857,Stres Sedang,Pokok Utama,109.24344568756524,-0.4251648429641228,2227,109.24344397,-0.42519921,4.14,0.471,0.471,Healthy,Good
AME II,E002A,E02,2009,85,8,84152,0.438058615986437,Stres Sedang,0.4283907178719934,Stres Sedang,Pokok Utama,109.24360682652944,-0.42516776008339197,2448,109.24358321,-0.42518839,3.79,0.406,0.406,Healthy,Sub-Optimal
AME II,E002A,E02,2009,85,9,84145,0.4630456301181213,Stres Sedang,0.48084805063851854,Stres Sedang,Pokok Utama,109.24369090834753,-0.425164899138788,1135,109.24367348,-0.42518796,6.09,0.54,0.54,Healthy,Good
AME II,E002A,E02,2009,85,10,84364,0.39247540041812423,Stres Berat,0.4376332845172928,Stres Sedang,Pokok Utama,109.24377027012936,-0.4251682532911485,2962,109.24377004,-0.42520426,2.71,0.399,0.399,Healthy,Sub-Optimal
AME II,E002A,E02,2009,85,13,84483,0.38297648888878144,Stres Berat,0.4086921434907638,Stres Sedang,Pokok Utama,109.24401002630258,-0.42517029314984844,2084,109.24403414,-0.42517176,4.32,0.409,0.409,Healthy,Sub-Optimal
AME II,E002A,E02,2009,85,15,84330,0.3738911842134711,Stres Berat,0.4277895459789515,Stres Sedang,Pokok Utama,109.24418942665926,-0.4251678220801091,3059,109.2441828,-0.42519847,2.44,0.393,0.393,Healthy,Sub-Optimal
AME II,E002A,E02,2009,85,17,84303,0.3476173474574866,Stres Berat,0.4138040564976655,Stres Sedang,Pokok Utama,109.2443600480086,-0.4251621993069309,2211,109.24437055,-0.42516641,4.16,0.403,0.403,Healthy,Sub-Optimal
AME II,E002A,E02,2009,85,18,84461,0.33098880473133796,Stres Berat,0.37194796555393095,Stres Berat,Pokok Utama,109.24443980571581,-0.42515469919047966,2172,109.24443837,-0.4251809,4.2,0.391,0.391,Healthy,Sub-Optimal
AME II,E002A,E02,2009,85,20,84426,0.41113988631607395,Stres Sedang,0.4038257364095207,Stres Sedang,Pokok Utama,109.2446089526528,-0.4251666023778717,2699,109.24463105,-0.42515246,3.32,0.378,0.378,Abnormal,Critical
AME II,E002A,E02,2009,85,21,84436,0.35565328731501916,Stres Berat,0.3873119275627875,Stres Berat,Pokok Utama,109.2446812044847,-0.4251666189190851,2080,109.244711,-0.42515202,4.32,0.394,0.394,Healthy,Sub-Optimal
AME II,E002A,E02,2009,85,24,84444,0.39501482425189105,Stres Berat,0.3980901382617406,Stres Berat,Pokok Utama,109.24495500038587,-0.4251590248563298,481,109.24497149,-0.42518057,8.74,0.448,0.448,Healthy,Moderate
AME II,E002A,E02,2009,86,2,84225,0.416688261928196,Stres Sedang,0.43683740167387325,Stres Sedang,Pokok Utama,109.24316740622932,-0.42509947679031435,2964,109.24319203,-0.42508385,2.71,0.528,0.528,Abnormal,Good
AME II,E002A,E02,2009,86,4,84245,0.4131272786615461,Stres Sedang,0.4181586200679029,Stres Sedang,Pokok Utama,109.24332647629319,-0.4250951065630158,2231,109.24332048,-0.42510378,4.14,0.475,0.475,Healthy,Good
AME II,E002A,E02,2009,86,5,84173,0.4100203570495033,Stres Sedang,0.4250574287351545,Stres Sedang,Pokok Utama,109.24342426691433,-0.4251030452310624,2557,109.2434112,-0.42511103,3.62,0.445,0.445,Healthy,Moderate
AME II,E002A,E02,2009,86,6,84269,0.4219251373863738,Stres Sedang,0.4555123311077275,Stres Sedang,Pokok Utama,109.24348429616384,-0.4251018146604937,2325,109.2434907,-0.42511376,3.98,0.504,0.504,Healthy,Good
AME II,E002A,E02,2009,86,9,84365,0.4005942008558857,Stres Sedang,0.4204821331747647,Stres Sedang,Pokok Utama,109.24372407902545,-0.425100856760778,2849,109.24373683,-0.42509121,2.99,0.399,0.399,Healthy,Sub-Optimal
AME II,E002A,E02,2009,86,11,84480,0.37272217355897513,Stres Berat,0.4440325138573887,Stres Sedang,Pokok Utama,109.2438749308946,-0.42510412509580686,2998,109.24388549,-0.42511069,2.64,0.52,0.52,Healthy,Good
AME II,E002A,E02,2009,86,14,84331,0.4118250845292972,Stres Sedang,0.44166758037337467,Stres Sedang,Pokok Utama,109.24415146089657,-0.4250970905413865,1829,109.24414779,-0.42509945,4.7,0.49,0.49,Healthy,Good
AME II,E002A,E02,2009,86,15,84329,0.3729629012441557,Stres Berat,0.4527919649021444,Stres Sedang,Pokok Utama,109.24422710159796,-0.4250984444203758,2093,109.24419765,-0.42508047,4.31,0.418,0.418,Healthy,Sub-Optimal
AME II,E002A,E02,2009,86,17,84462,0.39069743681583446,Stres Berat,0.42147986876374777,Stres Sedang,Pokok Utama,109.24439982050137,-0.42509246311162674,1883,109.24438583,-0.42510493,4.61,0.394,0.394,Healthy,Sub-Optimal
AME II,E002A,E02,2009,86,18,84473,0.36063135652342787,Stres Berat,0.398807527015499,Stres Berat,Pokok Utama,109.24446744437977,-0.4250886506761689,867,109.24448016,-0.42508686,6.91,0.393,0.393,Healthy,Sub-Optimal
AME II,E002A,E02,2009,86,20,84437,0.37047014382628884,Stres Berat,0.38206682610611925,Stres Berat,Pokok Utama,109.24465079774565,-0.42509961753768694,2452,109.24462972,-0.4250774,3.79,0.465,0.465,Abnormal,Good
AME II,E002A,E02,2009,86,21,84439,0.3808984609281754,Stres Berat,0.4102806237289006,Stres Sedang,Pokok Utama,109.24472747937017,-0.42509389276240594,1107,109.24472898,-0.42510048,6.19,0.429,0.429,Healthy,Sub-Optimal
AME II,E002A,E02,2009,86,23,84445,0.3810830603953707,Stres Berat,0.3990003053028375,Stres Berat,Pokok Utama,109.24490188510687,-0.4250886777715482,1555,109.24490638,-0.42512132,5.21,0.449,0.449,Healthy,Moderate
AME II,E002A,E02,2009,86,25,84405,0.3853479170731284,Stres Berat,0.40996773149403765,Stres Sedang,Pokok Utama,109.24509571764015,-0.42508440679283427,204,109.24509368,-0.42508112,10.74,0.478,0.478,Healthy,Good
AME II,E002A,E02,2009,86,26,84404,0.396304558818914,Stres Berat,0.40335735085132995,Stres Sedang,Pokok Utama,109.24517937711674,-0.4250825115255711,552,109.2452118,-0.42508115,8.37,0.414,0.414,Healthy,Sub-Optimal
AME II,E002A,E02,2009,87,1,84186,0.46091749903001294,Stres Sedang,0.45413087789594825,Stres Sedang,Pokok Utama,109.24304905053258,-0.4250438694211496,235,109.24303484,-0.42505443,10.4,0.416,0.416,Healthy,Sub-Optimal
AME II,E002A,E02,2009,87,2,84226,0.4310219234378888,Stres Sedang,0.4448081016665898,Stres Sedang,Pokok Utama,109.24311940195447,-0.4250381432144999,1603,109.24314264,-0.42503411,5.13,0.438,0.438,Healthy,Moderate
AME II,E002A,E02,2009,87,3,84215,0.4323296689110025,Stres Sedang,0.45904832544504504,Stres Sedang,Pokok Utama,109.24318976524468,-0.4250236353251381,2456,109.2432154,-0.42501378,3.78,0.5,0.5,Healthy,Good
AME II,E002A,E02,2009,87,4,84246,0.39707319212510533,Stres Berat,0.4236764589664884,Stres Sedang,Pokok Utama,109.24328037247578,-0.4250390093317398,2107,109.24325582,-0.42503639,4.3,0.528,0.528,Healthy,Good
AME II,E002A,E02,2009,87,5,84174,0.4424373913031977,Stres Sedang,0.4663272381258183,Stres Sedang,Pokok Utama,109.24335592453734,-0.42502699850397396,1621,109.24332589,-0.42502058,5.11,0.507,0.507,Healthy,Good
AME II,E002A,E02,2009,87,6,84270,0.3863466207808915,Stres Berat,0.41347056792941517,Stres Sedang,Pokok Utama,109.24343961259031,-0.4250294755660067,2518,109.24341302,-0.42501337,3.68,0.477,0.477,Abnormal,Good
AME II,E002A,E02,2009,87,7,84273,0.443084104137701,Stres Sedang,0.47307662219615565,Stres Sedang,Pokok Utama,109.24351804360364,-0.4250294935280143,1642,109.24351273,-0.42500932,5.06,0.453,0.453,Healthy,Moderate
AME II,E002A,E02,2009,87,11,84481,0.3752595545092689,Stres Berat,0.40348185881659077,Stres Sedang,Pokok Utama,109.24384427114973,-0.4250318669694421,3154,109.24384104,-0.42504783,1.93,0.392,0.392,Healthy,Sub-Optimal
AME II,E002A,E02,2009,87,13,84491,0.3975428676080302,Stres Berat,0.41883698160388527,Stres Sedang,Pokok Utama,109.24409807711142,-0.4250225474547867,845,109.24412894,-0.42502936,7.02,0.41,0.41,Healthy,Sub-Optimal
AME II,E002A,E02,2009,87,14,84573,0.3745975788684723,Stres Berat,0.4374061066184643,Stres Sedang,Pokok Utama,109.2442757286539,-0.4250235150337628,2893,109.24427716,-0.4250199,2.89,0.461,0.461,Abnormal,Good
AME II,E002A,E02,2009,87,15,84463,0.3614103296071574,Stres Berat,0.4126924420845326,Stres Sedang,Pokok Utama,109.24435800540705,-0.425030642595916,2267,109.24433959,-0.42504478,4.08,0.397,0.397,Healthy,Sub-Optimal
AME II,E002A,E02,2009,87,16,84629,0.39497625111239576,Stres Berat,0.41498666300230297,Stres Sedang,Pokok Utama,109.24453572453086,-0.4250228330160495,1039,109.24453227,-0.42501317,6.35,0.355,0.355,Suspect,Critical
AME II,E002A,E02,2009,87,18,84637,0.38872317546420054,Stres Berat,0.4121093426865974,Stres Sedang,Pokok Utama,109.24470674742942,-0.4250172437719181,1714,109.24473618,-0.42500689,4.94,0.426,0.426,Healthy,Sub-Optimal
AME II,E002A,E02,2009,87,19,84782,0.38323530790244564,Stres Berat,0.4164767784936292,Stres Sedang,Pokok Utama,109.24478542453156,-0.4250176687133605,2546,109.2447757,-0.42503584,3.64,0.409,0.409,Abnormal,Sub-Optimal
AME II,E002A,E02,2009,87,20,84792,0.38976566278785385,Stres Berat,0.4346807730856403,Stres Sedang,Pokok Utama,109.24486479654529,-0.42501967272712987,1698,109.24487092,-0.42501099,4.98,0.452,0.452,Healthy,Moderate
AME II,E002A,E02,2009,88,1,84227,0.45681086759517997,Stres Sedang,0.4591363346501446,Stres Sedang,Pokok Utama,109.24307855647746,-0.42496685942966544,269,109.24306001,-0.42497259,10.11,0.437,0.437,Healthy,Moderate
AME II,E002A,E02,2009,88,2,84216,0.4525544570436675,Stres Sedang,0.4780757571578955,Stres Sedang,Pokok Utama,109.24316456664519,-0.4249649656238649,1069,109.24318172,-0.4249889,6.28,0.459,0.459,Healthy,Moderate
AME II,E002A,E02,2009,88,3,84247,0.3913137052019038,Stres Berat,0.4126054170379484,Stres Sedang,Pokok Utama,109.24323969488557,-0.4249720788937336,2805,109.24323473,-0.424955,3.1,0.504,0.504,Abnormal,Good
AME II,E002A,E02,2009,88,4,84250,0.3986955520243269,Stres Berat,0.41404013268582457,Stres Sedang,Pokok Utama,109.24332554475197,-0.4249720262100846,1709,109.2433003,-0.42494642,4.95,0.495,0.495,Healthy,Good
AME II,E002A,E02,2009,88,5,84271,0.42418514237897953,Stres Sedang,0.44907287548123104,Stres Sedang,Pokok Utama,109.24340635583692,-0.4249576889074829,1791,109.24338474,-0.42495232,4.79,0.435,0.435,Healthy,Moderate
AME II,E002A,E02,2009,88,6,84274,0.42757885691780484,Stres Sedang,0.4539410188029171,Stres Sedang,Pokok Utama,109.243481464162,-0.42496552470907595,1270,109.24346379,-0.42494872,5.79,0.506,0.506,Healthy,Good
AME II,E002A,E02,2009,88,7,84500,0.4616839134615337,Stres Sedang,0.4568990173818685,Stres Sedang,Pokok Utama,109.2435426300575,-0.4249548887387888,2445,109.24354958,-0.42493563,3.8,0.465,0.465,Abnormal,Good
AME II,E002A,E02,2009,88,8,84511,0.4488422562543313,Stres Sedang,0.4514085506219042,Stres Sedang,Pokok Utama,109.24364524118704,-0.4249572661335187,2665,109.24366725,-0.42496007,3.38,0.471,0.471,Healthy,Good
AME II,E002A,E02,2009,88,10,84482,0.39965557538369323,Stres Berat,0.4229881943221134,Stres Sedang,Pokok Utama,109.2438047244236,-0.42497309268266287,3038,109.24381994,-0.42499854,2.51,0.474,0.474,Healthy,Good
AME II,E002A,E02,2009,88,11,84496,0.4024344777198534,Stres Sedang,0.4438004931493668,Stres Sedang,Pokok Utama,109.24389195195648,-0.4249585171998936,2565,109.24386981,-0.42496193,3.6,0.525,0.525,Healthy,Good
AME II,E002A,E02,2009,88,13,84574,0.4013052429029512,Stres Sedang,0.4406515371416654,Stres Sedang,Pokok Utama,109.24422737444036,-0.42494835455282975,2593,109.24423496,-0.42494935,3.52,0.416,0.416,Abnormal,Sub-Optimal
AME II,E002A,E02,2009,88,14,84464,0.3683977929913268,Stres Berat,0.4411834239512905,Stres Sedang,Pokok Utama,109.24431149445769,-0.4249474939182334,1986,109.24433512,-0.42494937,4.45,0.422,0.422,Healthy,Sub-Optimal
AME II,E002A,E02,2009,88,18,84783,0.3470507558399819,Stres Berat,0.379315784203262,Stres Berat,Pokok Utama,109.24473172047823,-0.424941164100349,1093,109.2447317,-0.42495986,6.22,0.416,0.416,Healthy,Sub-Optimal
AME II,E002A,E02,2009,88,19,84793,0.3424231300881014,Stres Berat,0.3695480420988483,Stres Berat,Pokok Utama,109.24482734244064,-0.4249464408867168,884,109.24482063,-0.42496531,6.86,0.388,0.388,Healthy,Critical
AME II,E002A,E02,2009,88,20,84791,0.4081930906586917,Stres Sedang,0.44255580422224133,Stres Sedang,Pokok Utama,109.24491943172127,-0.4249507058527476,270,109.24495178,-0.42494545,10.1,0.443,0.443,Healthy,Moderate
AME II,E002A,E02,2009,88,23,84825,0.42336972184224,Stres Sedang,0.41151476790793506,Stres Sedang,Pokok Utama,109.24517093460749,-0.4249336078425837,174,109.24515165,-0.42493464,11.03,0.47,0.47,Healthy,Good
AME II,E002A,E02,2009,89,1,84228,0.4415427286863392,Stres Sedang,0.44493188071358314,Stres Sedang,Pokok Utama,109.24304244589214,-0.4249031258510831,233,109.24303487,-0.42491336,10.43,0.461,0.461,Healthy,Good
AME II,E002A,E02,2009,89,2,84217,0.44719580235250683,Stres Sedang,0.4528071359941357,Stres Sedang,Pokok Utama,109.24310623124352,-0.4248960073179715,1534,109.24312695,-0.42489213,5.26,0.458,0.458,Healthy,Moderate
AME II,E002A,E02,2009,89,3,84248,0.4216405590158717,Stres Sedang,0.4301230515078675,Stres Sedang,Pokok Utama,109.24320643723739,-0.42490029224288867,2105,109.24321633,-0.42486773,4.3,0.517,0.517,Healthy,Good
AME II,E002A,E02,2009,89,4,84251,0.4126156611946751,Stres Sedang,0.4342791701032794,Stres Sedang,Pokok Utama,109.24328991332891,-0.4248906678715756,2477,109.24325765,-0.42490029,3.75,0.441,0.441,Healthy,Moderate
AME II,E002A,E02,2009,89,6,84275,0.4370337951990145,Stres Sedang,0.4400119049592061,Stres Sedang,Pokok Utama,109.24346359211658,-0.4248859220651986,1061,109.24347817,-0.42490487,6.3,0.526,0.526,Healthy,Good
AME II,E002A,E02,2009,89,7,84501,0.4403061949269811,Stres Sedang,0.442768471774594,Stres Sedang,Pokok Utama,109.2435445334886,-0.4248873449780766,2528,109.24355992,-0.42488318,3.67,0.421,0.421,Healthy,Sub-Optimal
AME II,E002A,E02,2009,89,8,84512,0.4503897772142504,Stres Sedang,0.4317907324562279,Stres Sedang,Pokok Utama,109.24360852474672,-0.42488735962742413,1468,109.24359315,-0.42491801,5.38,0.467,0.467,Healthy,Good
AME II,E002A,E02,2009,89,11,84497,0.3945994499279553,Stres Berat,0.4146692171652563,Stres Sedang,Pokok Utama,109.24385465512866,-0.42488505483300537,2773,109.24385815,-0.42488732,3.17,0.498,0.498,Healthy,Good
AME II,E002A,E02,2009,89,12,84495,0.39697876732191917,Stres Berat,0.4675175047914783,Stres Sedang,Pokok Utama,109.24393555960714,-0.424890815675781,2027,109.24395292,-0.42487604,4.39,0.462,0.462,Healthy,Good
AME II,E002A,E02,2009,89,14,84493,0.42452058137806414,Stres Sedang,0.4397409932212429,Stres Sedang,Pokok Utama,109.24411466428253,-0.42488894225764395,2506,109.24412449,-0.42487608,3.71,0.411,0.411,Healthy,Sub-Optimal
AME II,E002A,E02,2009,89,15,84575,0.40794280010147416,Stres Sedang,0.4257439168042639,Stres Sedang,Pokok Utama,109.24419103383464,-0.4248927089764144,2971,109.24420218,-0.4249186,2.7,0.415,0.415,Healthy,Sub-Optimal
AME II,E002A,E02,2009,89,17,84475,0.369762884389129,Stres Berat,0.419134495924185,Stres Sedang,Pokok Utama,109.24435815300168,-0.42487825575858207,2534,109.24432525,-0.4248716,3.65,0.392,0.392,Abnormal,Sub-Optimal
AME II,E002A,E02,2009,89,18,84622,0.3610946736179361,Stres Berat,0.38978334554489225,Stres Berat,Pokok Utama,109.24444296518263,-0.4248831954796499,2005,109.24444292,-0.42490237,4.42,0.409,0.409,Healthy,Sub-Optimal
AME II,E002A,E02,2009,89,19,84631,0.3802498189508671,Stres Berat,0.393952659817206,Stres Berat,Pokok Utama,109.24452194121356,-0.42488841510327396,949,109.24451972,-0.42490963,6.63,0.385,0.385,Healthy,Critical
AME II,E002A,E02,2009,89,23,84809,0.39111946558031846,Stres Berat,0.40833951737910795,Stres Sedang,Pokok Utama,109.24504545852281,-0.4248723270335602,777,109.24503174,-0.42490432,7.24,0.398,0.398,Healthy,Sub-Optimal
AME II,E002A,E02,2009,89,24,84826,0.42041815688450523,Stres Sedang,0.43300507756090967,Stres Sedang,Pokok Utama,109.24512341614268,-0.42486468902887725,165,109.24512067,-0.42489484,11.07,0.447,0.447,Healthy,Moderate
AME II,E002A,E02,2009,90,1,84218,0.4132985678399295,Stres Sedang,0.42466255883775433,Stres Sedang,Pokok Utama,109.24306161726332,-0.42483373585907797,2262,109.2430551,-0.42483423,4.1,0.466,0.466,Healthy,Good
AME II,E002A,E02,2009,90,2,84249,0.40559356460725565,Stres Sedang,0.41617471381650384,Stres Sedang,Pokok Utama,109.24315892146704,-0.4248237176641102,2077,109.24313909,-0.42482792,4.33,0.381,0.381,Healthy,Critical
AME II,E002A,E02,2009,90,4,84262,0.40828003545353947,Stres Sedang,0.408150663243837,Stres Sedang,Pokok Utama,109.24332319981171,-0.42483085947666926,2330,109.24335154,-0.42481305,3.97,0.405,0.405,Healthy,Sub-Optimal
AME II,E002A,E02,2009,90,5,84276,0.37140724601095904,Stres Berat,0.3874873977702659,Stres Berat,Pokok Utama,109.243408762041,-0.4248237016118907,1674,109.24339151,-0.42480492,5.01,0.457,0.457,Healthy,Moderate
AME II,E002A,E02,2009,90,6,84502,0.4038874101680883,Stres Sedang,0.4387190182914247,Stres Sedang,Pokok Utama,109.24348893412973,-0.42482273065664805,2864,109.24346786,-0.4248176,2.95,0.46,0.46,Abnormal,Good
AME II,E002A,E02,2009,90,7,84513,0.4265947600788195,Stres Sedang,0.4578401081534827,Stres Sedang,Pokok Utama,109.24357146242147,-0.4248256207091961,3141,109.24359676,-0.42482351,2.04,0.468,0.468,Healthy,Good
AME II,E002A,E02,2009,90,8,84524,0.4204628045562819,Stres Sedang,0.43393858541395397,Stres Sedang,Pokok Utama,109.24365132191753,-0.4248127183067896,3113,109.24363225,-0.42479684,2.2,0.404,0.404,Abnormal,Sub-Optimal
AME II,E002A,E02,2009,90,10,84540,0.4163518259468903,Stres Sedang,0.4590179679310075,Stres Sedang,Pokok Utama,109.24380960854971,-0.424817061728983,3023,109.24379394,-0.42481722,2.55,0.572,0.572,Healthy,Good
AME II,E002A,E02,2009,90,12,84586,0.39065346313524946,Stres Berat,0.42152175532112546,Stres Sedang,Pokok Utama,109.24398190499048,-0.4248041334511721,710,109.24401177,-0.42478653,7.58,0.517,0.517,Healthy,Good
AME II,E002A,E02,2009,90,13,84576,0.3727985549316832,Stres Berat,0.3894366565404803,Stres Berat,Pokok Utama,109.24414445543906,-0.4248098985026042,2636,109.24411821,-0.42482046,3.44,0.418,0.418,Healthy,Sub-Optimal
AME II,E002A,E02,2009,90,14,84602,0.3978203407436812,Stres Berat,0.44146582753872565,Stres Sedang,Pokok Utama,109.24421957457858,-0.4248017950468448,1802,109.24423948,-0.42481235,4.76,0.438,0.438,Healthy,Moderate
AME II,E002A,E02,2009,90,15,84476,0.3580729027314337,Stres Berat,0.42652884239165617,Stres Sedang,Pokok Utama,109.24431006876912,-0.424800851763798,2680,109.244288,-0.424778,3.35,0.49,0.49,Healthy,Good
AME II,E002A,E02,2009,90,17,84632,0.3872707215517095,Stres Berat,0.4321947710744681,Stres Sedang,Pokok Utama,109.24449001419278,-0.4248032712484926,1998,109.24451615,-0.42480021,4.43,0.424,0.424,Healthy,Sub-Optimal
AME II,E002A,E02,2009,90,18,84640,0.40106216540317174,Stres Sedang,0.41999749205537235,Stres Sedang,Pokok Utama,109.24456428354917,-0.42480325477898595,2137,109.24456061,-0.42483413,4.25,0.423,0.423,Healthy,Sub-Optimal
AME II,E002A,E02,2009,90,19,84785,0.4234860611172188,Stres Sedang,0.44219592422345466,Stres Sedang,Pokok Utama,109.24464999288342,-0.42480524305351347,2116,109.24466392,-0.42479255,4.29,0.473,0.473,Healthy,Good
AME II,E002A,E02,2009,90,20,84797,0.37018613716263726,Stres Berat,0.379535277445944,Stres Berat,Pokok Utama,109.24473365190472,-0.4248052621894826,1871,109.24471018,-0.42481427,4.63,0.413,0.413,Healthy,Sub-Optimal
AME II,E002A,E02,2009,90,25,84830,0.4035187211778501,Stres Sedang,0.4083662748891337,Stres Sedang,Pokok Utama,109.2451614227405,-0.42479443512897985,367,109.24513551,-0.42481753,9.4,0.439,0.439,Healthy,Moderate
AME II,E002A,E02,2009,91,1,84260,0.4129219028628902,Stres Sedang,0.4329099201225304,Stres Sedang,Pokok Utama,109.2430332909728,-0.4247507568868088,1650,109.24300751,-0.42474153,5.05,0.341,0.341,Suspect,Critical
AME II,E002A,E02,2009,91,3,84253,0.42371589450485375,Stres Sedang,0.4543709193890517,Stres Sedang,Pokok Utama,109.24319723735289,-0.42475608639633783,2054,109.2432195,-0.42476916,4.35,0.432,0.432,Healthy,Moderate
AME II,E002A,E02,2009,91,5,84503,0.37556802125485694,Stres Berat,0.41292253006864954,Stres Sedang,Pokok Utama,109.24345673823382,-0.42475092615683707,2927,109.2434535,-0.4247552,2.82,0.432,0.432,Abnormal,Moderate
AME II,E002A,E02,2009,91,6,84514,0.4235103168667108,Stres Sedang,0.4494412069705756,Stres Sedang,Pokok Utama,109.24351729056612,-0.42475239323001696,1685,109.24352357,-0.42472809,5.0,0.479,0.479,Healthy,Good
AME II,E002A,E02,2009,91,9,84541,0.4249662193006824,Stres Sedang,0.45322242764802495,Stres Sedang,Pokok Utama,109.24376683254005,-0.42475821074725617,2824,109.24379305,-0.42477743,3.07,0.422,0.422,Healthy,Sub-Optimal
AME II,E002A,E02,2009,91,10,84593,0.38045242287133585,Stres Berat,0.42391903036071216,Stres Sedang,Pokok Utama,109.24384169481564,-0.4247418925465821,3001,109.24383796,-0.42477292,2.63,0.461,0.461,Healthy,Good
AME II,E002A,E02,2009,91,12,84577,0.39186171524378716,Stres Berat,0.3905570841261959,Stres Berat,Pokok Utama,109.24410727710016,-0.424756645525658,971,109.24409532,-0.4247671,6.56,0.417,0.417,Healthy,Sub-Optimal
AME II,E002A,E02,2009,91,13,84603,0.40028673350356503,Stres Sedang,0.41764415517230047,Stres Sedang,Pokok Utama,109.2441768061386,-0.42474914667258734,2870,109.24414562,-0.42475355,2.94,0.471,0.471,Healthy,Good
AME II,E002A,E02,2009,91,14,84628,0.37766532191835994,Stres Berat,0.4377009209461418,Stres Sedang,Pokok Utama,109.24428124876528,-0.42474010582924904,2775,109.24429923,-0.42474183,3.17,0.523,0.523,Healthy,Good
AME II,E002A,E02,2009,91,15,84624,0.36773049638099875,Stres Berat,0.43817241464403706,Stres Sedang,Pokok Utama,109.2443635947741,-0.42474285385348887,2396,109.24438681,-0.42474773,3.88,0.391,0.391,Abnormal,Sub-Optimal
AME II,E002A,E02,2009,91,16,84633,0.42926730373278765,Stres Sedang,0.47341531362128453,Stres Sedang,Pokok Utama,109.24444537388308,-0.42474203065330357,1335,109.24444161,-0.4247491,5.65,0.491,0.491,Healthy,Good
AME II,E002A,E02,2009,91,18,84786,0.37790572706533937,Stres Berat,0.39231923434903515,Stres Berat,Pokok Utama,109.24460912888595,-0.4247401536977221,2760,109.24458578,-0.42473737,3.19,0.457,0.457,Abnormal,Moderate
AME II,E002A,E02,2009,91,19,84798,0.4221720013801918,Stres Sedang,0.4506354529219129,Stres Sedang,Pokok Utama,109.24469936710294,-0.42473515635564496,2357,109.2447066,-0.4247383,3.94,0.375,0.375,Abnormal,Critical
AME II,E002A,E02,2009,91,20,84796,0.3881511138379168,Stres Berat,0.41867411024957824,Stres Sedang,Pokok Utama,109.24478410737183,-0.4247364019708228,2279,109.24475107,-0.42473741,4.05,0.46,0.46,Healthy,Good
AME II,E002A,E02,2009,91,21,84813,0.3809953790494485,Stres Berat,0.42564942906306186,Stres Sedang,Pokok Utama,109.24487488676812,-0.4247415329501684,2414,109.24487458,-0.42474151,3.85,0.44,0.44,Healthy,Moderate
AME II,E002A,E02,2009,91,22,84811,0.3652684743733599,Stres Berat,0.39357875826587124,Stres Berat,Pokok Utama,109.24495426070621,-0.4247350138899056,2887,109.24494105,-0.42476006,2.9,0.483,0.483,Abnormal,Good
AME II,E002A,E02,2009,91,25,84832,0.38593560108280933,Stres Berat,0.4060810547425856,Stres Sedang,Pokok Utama,109.24520012758276,-0.4247268897754188,188,109.24517056,-0.42474248,10.89,0.424,0.424,Healthy,Sub-Optimal
AME II,E002A,E02,2009,92,1,84259,0.4600841477877942,Stres Sedang,0.4628878981144313,Stres Sedang,Pokok Utama,109.24307187762203,-0.42469334249691476,2596,109.24310094,-0.42470131,3.51,0.478,0.478,Healthy,Good
AME II,E002A,E02,2009,92,2,84254,0.41694587427753876,Stres Sedang,0.454055163692072,Stres Sedang,Pokok Utama,109.24315776250394,-0.42469331784365905,2751,109.24313507,-0.42471715,3.2,0.452,0.452,Healthy,Moderate
AME II,E002A,E02,2009,92,3,84264,0.39909596931056723,Stres Berat,0.4372845920395292,Stres Sedang,Pokok Utama,109.2432463883064,-0.42468408710980965,3107,109.24322221,-0.42469908,2.22,0.411,0.411,Abnormal,Sub-Optimal
AME II,E002A,E02,2009,92,4,84277,0.383079483349342,Stres Berat,0.39568755273916284,Stres Berat,Pokok Utama,109.24332085540105,-0.4246873008626343,2375,109.24333584,-0.42471584,3.92,0.355,0.355,Abnormal,Critical
AME II,E002A,E02,2009,92,5,84504,0.37772428413167236,Stres Berat,0.41034985446256717,Stres Sedang,Pokok Utama,109.24340159454782,-0.42468123428545157,2045,109.24339962,-0.42469098,4.37,0.418,0.418,Healthy,Sub-Optimal
AME II,E002A,E02,2009,92,6,84515,0.41491910684186395,Stres Sedang,0.43530722669474,Stres Sedang,Pokok Utama,109.24348433059615,-0.4246789924609244,2700,109.2434872,-0.42469236,3.32,0.429,0.429,Healthy,Sub-Optimal
AME II,E002A,E02,2009,92,8,84535,0.4191462651657202,Stres Sedang,0.427570136049046,Stres Sedang,Pokok Utama,109.24364422350766,-0.4246705946129358,2645,109.24362555,-0.42464084,3.42,0.483,0.483,Healthy,Good
AME II,E002A,E02,2009,92,9,84542,0.3916296020125876,Stres Berat,0.4130420955329219,Stres Sedang,Pokok Utama,109.2437312092779,-0.4246764192362213,3018,109.24371178,-0.42465488,2.57,0.523,0.523,Healthy,Good
AME II,E002A,E02,2009,92,10,84594,0.40927715632758627,Stres Sedang,0.45072533255115854,Stres Sedang,Pokok Utama,109.2437998879132,-0.4246796289476275,2606,109.24379487,-0.42464676,3.49,0.418,0.418,Healthy,Sub-Optimal
AME II,E002A,E02,2009,92,11,84588,0.384274061624369,Stres Berat,0.4242733774655292,Stres Sedang,Pokok Utama,109.24387973550664,-0.4246796924304112,3075,109.24389907,-0.42467301,2.36,0.416,0.416,Healthy,Sub-Optimal
AME II,E002A,E02,2009,92,13,84578,0.4145609554402816,Stres Sedang,0.395914846222728,Stres Berat,Pokok Utama,109.24404372879097,-0.424672551587559,1784,109.24404414,-0.42467666,4.8,0.481,0.481,Healthy,Good
AME II,E002A,E02,2009,92,15,84611,0.388075179960452,Stres Berat,0.41132861928499814,Stres Sedang,Pokok Utama,109.24423436427183,-0.42468018953224407,1869,109.24421211,-0.42470021,4.63,0.404,0.404,Healthy,Sub-Optimal
AME II,E002A,E02,2009,92,16,84625,0.3492836075682495,Stres Berat,0.4258312268940994,Stres Sedang,Pokok Utama,109.24431647989992,-0.4246768370712783,2472,109.24434102,-0.42467673,3.77,0.431,0.431,Abnormal,Moderate
AME II,E002A,E02,2009,92,17,84634,0.4108530315602159,Stres Sedang,0.45868813007077475,Stres Sedang,Pokok Utama,109.24440260813472,-0.4246774192465305,846,109.24440973,-0.42470342,7.01,0.467,0.467,Healthy,Good
AME II,E002A,E02,2009,92,19,84799,0.4329353735705503,Stres Sedang,0.46038662379278855,Stres Sedang,Pokok Utama,109.24466531924469,-0.4246699166355727,1487,109.24465676,-0.42469082,5.36,0.469,0.469,Healthy,Good
AME II,E002A,E02,2009,92,20,84816,0.40787456801936345,Stres Sedang,0.4297974588330997,Stres Sedang,Pokok Utama,109.24474643894438,-0.42466550228867317,2402,109.24475107,-0.42470079,3.87,0.496,0.496,Abnormal,Good
AME II,E002A,E02,2009,92,22,84842,0.3831990365429464,Stres Berat,0.4134702155429728,Stres Sedang,Pokok Utama,109.24498925208967,-0.4246554576377555,1242,109.24498328,-0.42466919,5.86,0.387,0.387,Healthy,Critical
AME II,E002A,E02,2009,92,23,85941,0.3806448246654384,Stres Berat,0.4150147028300955,Stres Sedang,Pokok Utama,109.2450771405245,-0.4246580341967288,2747,109.2450785,-0.42466876,3.21,0.563,0.563,Abnormal,Good
AME II,E002A,E02,2009,92,24,84833,0.39085187232990115,Stres Berat,0.3999077689823299,Stres Berat,Pokok Utama,109.24517289711683,-0.4246598900148802,340,109.2451589,-0.42466923,9.58,0.503,0.503,Healthy,Good
AME II,E002A,E02,2009,93,1,84255,0.4562812465936407,Stres Sedang,0.4603660815973892,Stres Sedang,Pokok Utama,109.24311499895555,-0.4246191362401426,1128,109.24313286,-0.42459461,6.1,0.524,0.524,Healthy,Good
AME II,E002A,E02,2009,93,4,84505,0.40384839156830343,Stres Sedang,0.42398942757074876,Stres Sedang,Pokok Utama,109.24335760829588,-0.4246116697644952,2677,109.24336326,-0.42461999,3.36,0.443,0.443,Healthy,Moderate
AME II,E002A,E02,2009,93,5,84516,0.4078980891216162,Stres Sedang,0.4272225189757032,Stres Sedang,Pokok Utama,109.24344602092346,-0.4246116899934438,2875,109.2434441,-0.42462859,2.93,0.455,0.455,Abnormal,Moderate
AME II,E002A,E02,2009,93,7,84536,0.3830840123007479,Stres Berat,0.4038205488064121,Stres Sedang,Pokok Utama,109.24360145518986,-0.42461746787855936,1315,109.2436031,-0.42458839,5.7,0.418,0.418,Healthy,Sub-Optimal
AME II,E002A,E02,2009,93,10,84589,0.39327527912431853,Stres Berat,0.4501425398967174,Stres Sedang,Pokok Utama,109.24383790004349,-0.42461660048359806,2895,109.2438344,-0.42463637,2.88,0.501,0.501,Healthy,Good
AME II,E002A,E02,2009,93,11,84596,0.42696082222112036,Stres Sedang,0.4748599275059537,Stres Sedang,Pokok Utama,109.24391662400058,-0.4246002831591658,1051,109.24392782,-0.42461469,6.32,0.519,0.519,Healthy,Good
AME II,E002A,E02,2009,93,12,84579,0.3760211391008827,Stres Berat,0.39092127262632304,Stres Berat,Pokok Utama,109.24400422750587,-0.42460341309472144,2354,109.24400193,-0.42461516,3.94,0.496,0.496,Healthy,Good
AME II,E002A,E02,2009,93,13,84605,0.3649525879499506,Stres Berat,0.36139875934621774,Stres Berat,Pokok Utama,109.24409458023061,-0.42460434801009805,2590,109.24407918,-0.42462603,3.52,0.4,0.4,Healthy,Sub-Optimal
AME II,E002A,E02,2009,93,14,84612,0.3968910370219191,Stres Berat,0.4091335763196908,Stres Sedang,Pokok Utama,109.24417898006485,-0.4246014337526927,2558,109.24416049,-0.4245754,3.62,0.445,0.445,Healthy,Moderate
AME II,E002A,E02,2009,93,15,84626,0.3397320261764371,Stres Berat,0.3987554045650575,Stres Berat,Pokok Utama,109.24427903504649,-0.42461039748098584,2104,109.24429522,-0.42460844,4.3,0.452,0.452,Healthy,Moderate
AME II,E002A,E02,2009,93,16,84635,0.33802573817791964,Stres Berat,0.4104930353612828,Stres Sedang,Pokok Utama,109.24435271458171,-0.4246008431834751,1764,109.24435271,-0.42462383,4.85,0.446,0.446,Healthy,Moderate
AME II,E002A,E02,2009,93,17,84642,0.33045403767892545,Stres Berat,0.3859374564510208,Stres Berat,Pokok Utama,109.24444302944373,-0.4245984710486084,2361,109.24444388,-0.42460667,3.93,0.502,0.502,Abnormal,Good
AME II,E002A,E02,2009,93,18,84788,0.38894173410373306,Stres Berat,0.4295058826277817,Stres Sedang,Pokok Utama,109.24451884561765,-0.42459848838426617,2091,109.24449284,-0.42459583,4.31,0.404,0.404,Healthy,Sub-Optimal
AME II,E002A,E02,2009,93,19,84800,0.3661712986371802,Stres Berat,0.38054293785658644,Stres Berat,Pokok Utama,109.2445987389777,-0.4245988864588483,1611,109.24458087,-0.42459449,5.12,0.448,0.448,Healthy,Moderate
AME II,E002A,E02,2009,93,20,84815,0.3867150247663753,Stres Berat,0.4035836495593244,Stres Sedang,Pokok Utama,109.24478600495956,-0.4245951375279622,1145,109.24477939,-0.42462212,6.07,0.468,0.468,Healthy,Good
AME II,E002A,E02,2009,93,24,84838,0.39387775759415555,Stres Berat,0.41303235330057103,Stres Sedang,Pokok Utama,109.2451006621427,-0.42458905114769824,1708,109.24507583,-0.42458059,4.95,0.557,0.557,Healthy,Good
AME II,E002A,E02,2009,94,2,84266,0.41579495619279444,Stres Sedang,0.46334451361909623,Stres Sedang,Pokok Utama,109.24316017094183,-0.42455334860334953,1450,109.24317553,-0.42456885,5.41,0.547,0.547,Healthy,Good
AME II,E002A,E02,2009,94,3,84279,0.3990797881460371,Stres Berat,0.42434055002849835,Stres Sedang,Pokok Utama,109.2432504857456,-0.4245509764817492,2798,109.24323617,-0.42453947,3.13,0.525,0.525,Healthy,Good
AME II,E002A,E02,2009,94,4,84506,0.3452808043090958,Stres Berat,0.3893773417586099,Stres Berat,Pokok Utama,109.24331911911273,-0.42455567285551893,2947,109.24332105,-0.42456753,2.75,0.417,0.417,Healthy,Sub-Optimal
AME II,E002A,E02,2009,94,5,84517,0.3831571638584137,Stres Berat,0.4273931993358675,Stres Sedang,Pokok Utama,109.24340753400608,-0.4245456444690328,2028,109.24338213,-0.42456121,4.39,0.458,0.458,Healthy,Moderate
AME II,E002A,E02,2009,94,6,84528,0.439796007345409,Stres Sedang,0.4543360990582823,Stres Sedang,Pokok Utama,109.24348674847352,-0.4245489099419572,1166,109.24349487,-0.42455129,6.02,0.484,0.484,Healthy,Good
AME II,E002A,E02,2009,94,7,84537,0.43693377942625145,Stres Sedang,0.47008750765629453,Stres Sedang,Pokok Utama,109.24356730363434,-0.4245341963693802,943,109.24357123,-0.4245391,6.65,0.452,0.452,Healthy,Moderate
AME II,E002A,E02,2009,94,10,84564,0.3778287240531889,Stres Berat,0.4275875261826195,Stres Sedang,Pokok Utama,109.2438196540158,-0.4245342540874227,1149,109.24385149,-0.4245265,6.06,0.443,0.443,Healthy,Moderate
AME II,E002A,E02,2009,94,11,84580,0.3506425995590705,Stres Berat,0.38178922040591967,Stres Berat,Pokok Utama,109.24396158099475,-0.42453191727129413,1646,109.24395209,-0.42456451,5.06,0.416,0.416,Healthy,Sub-Optimal
AME II,E002A,E02,2009,94,12,84606,0.4018203831642218,Stres Sedang,0.41293346788818075,Stres Sedang,Pokok Utama,109.24406165688295,-0.4245317719561644,2723,109.24406034,-0.42454011,3.26,0.506,0.506,Healthy,Good
AME II,E002A,E02,2009,94,13,84613,0.4105914065755983,Stres Sedang,0.4338558179032695,Stres Sedang,Pokok Utama,109.24413184022498,-0.42453460219654776,2168,109.24412321,-0.42456635,4.21,0.422,0.422,Healthy,Sub-Optimal
AME II,E002A,E02,2009,94,15,84643,0.3811564966146384,Stres Berat,0.4277056719427212,Stres Sedang,Pokok Utama,109.2443960576213,-0.42453142158595886,1144,109.24438551,-0.42454697,6.07,0.403,0.403,Healthy,Sub-Optimal
AME II,E002A,E02,2009,94,16,84805,0.40150603541741564,Stres Sedang,0.4208739583508766,Stres Sedang,Pokok Utama,109.24447658511248,-0.42452007199824404,1303,109.24448432,-0.42453478,5.72,0.418,0.418,Healthy,Sub-Optimal
AME II,E002A,E02,2009,94,17,84801,0.40856217478532836,Stres Sedang,0.4099868655991633,Stres Sedang,Pokok Utama,109.24456221733467,-0.4245214109530736,1370,109.24455798,-0.42453028,5.57,0.458,0.458,Healthy,Moderate
AME II,E002A,E02,2009,94,18,328956,0.3765346597710932,Stres Berat,0.3726275104060209,Stres Berat,Tamb,109.24465453850823,-0.42451702176912826,605,109.24462042,-0.42451221,8.05,0.412,0.412,Healthy,Sub-Optimal
AME II,E002A,E02,2009,94,19,84817,0.39430726229560775,Stres Berat,0.41443738253624945,Stres Sedang,Pokok Utama,109.24474322488612,-0.42451431918324234,561,109.24476189,-0.42454254,8.34,0.474,0.474,Healthy,Good
AME II,E002A,E02,2009,94,20,84840,0.35721752025655085,Stres Berat,0.4191983992906882,Stres Sedang,Pokok Utama,109.24498902832472,-0.42451249802925006,662,109.24496805,-0.42452404,7.8,0.478,0.478,Healthy,Good
AME II,E002A,E02,2009,94,21,84839,0.4401158885276557,Stres Sedang,0.47010982856690453,Stres Sedang,Pokok Utama,109.24507316473888,-0.4245067740246201,2021,109.24506775,-0.4245304,4.4,0.422,0.422,Healthy,Sub-Optimal
AME II,E002A,E02,2009,94,22,84835,0.4455128569759923,Stres Sedang,0.444471317608388,Stres Sedang,Pokok Utama,109.2451644984955,-0.42451539030345564,1662,109.24516253,-0.4244843,5.03,0.487,0.487,Healthy,Good
AME II,E002A,E02,2009,95,1,84257,0.4380711223393306,Stres Sedang,0.435975854599973,Stres Sedang,Pokok Utama,109.24305762847459,-0.4244777471365257,285,109.24304081,-0.42447477,9.97,0.433,0.433,Healthy,Moderate
AME II,E002A,E02,2009,95,2,84267,0.3892201066211725,Stres Berat,0.42142969031103655,Stres Sedang,Pokok Utama,109.24312659686652,-0.42448254848459577,2594,109.24314321,-0.42450011,3.51,0.39,0.39,Abnormal,Sub-Optimal
AME II,E002A,E02,2009,95,3,84280,0.37959656526110236,Stres Berat,0.43582443547913896,Stres Sedang,Pokok Utama,109.24319821539763,-0.42447439991837843,1950,109.24320205,-0.42447571,4.5,0.437,0.437,Healthy,Moderate
AME II,E002A,E02,2009,95,4,84507,0.3737527858410188,Stres Berat,0.43416350058504655,Stres Sedang,Pokok Utama,109.24329058011499,-0.42447976005058236,2138,109.24326942,-0.42448296,4.25,0.399,0.399,Healthy,Sub-Optimal
AME II,E002A,E02,2009,95,6,84529,0.3984323476834047,Stres Berat,0.45332625834872436,Stres Sedang,Pokok Utama,109.24346070450412,-0.42447464895867165,2193,109.24342931,-0.4244839,4.18,0.449,0.449,Healthy,Moderate
AME II,E002A,E02,2009,95,7,84538,0.41395315940351574,Stres Sedang,0.4572938108916188,Stres Sedang,Pokok Utama,109.24352733700323,-0.42446527934255995,2681,109.2435151,-0.42447488,3.35,0.445,0.445,Healthy,Moderate
AME II,E002A,E02,2009,95,9,84557,0.4135307552327399,Stres Sedang,0.4402463750960124,Stres Sedang,Pokok Utama,109.24370772734446,-0.42447010526422396,3072,109.24373877,-0.42446679,2.37,0.511,0.511,Healthy,Good
AME II,E002A,E02,2009,95,10,84565,0.36961411783835924,Stres Berat,0.40364212975134117,Stres Sedang,Pokok Utama,109.24375835383447,-0.4244552826541517,3072,109.24373877,-0.42446679,2.37,0.511,0.511,Healthy,Good
AME II,E002A,E02,2009,95,11,84581,0.3637934588463379,Stres Berat,0.4060606559296467,Stres Sedang,Pokok Utama,109.24393453763057,-0.42446386227487964,826,109.2439283,-0.42449803,7.07,0.42,0.42,Healthy,Sub-Optimal
AME II,E002A,E02,2009,95,14,84646,0.37038287353489696,Stres Berat,0.4331216491660436,Stres Sedang,Pokok Utama,109.24426156763711,-0.42443724653200865,974,109.24427729,-0.42443119,6.54,0.415,0.415,Healthy,Sub-Optimal
AME II,E002A,E02,2009,95,15,328955,0.2991370143507602,Stres Sangat Berat,0.3279381349588921,Stres Berat,Tamb,109.24436855274811,-0.4244305556308373,1311,109.24437071,-0.4244484,5.71,0.279,0.279,Suspect,Critical
AME II,E002A,E02,2009,95,17,84802,0.374630335476649,Stres Berat,0.3938314998128412,Stres Berat,Pokok Utama,109.2445171251391,-0.4244324841054769,1751,109.24451802,-0.4244638,4.86,0.391,0.391,Healthy,Sub-Optimal
AME II,E002A,E02,2009,95,18,84820,0.3722963641793892,Stres Berat,0.37381023384056183,Stres Berat,Pokok Utama,109.2446063463501,-0.4244281529890041,3070,109.24460113,-0.4244055,2.39,0.457,0.457,Abnormal,Moderate
AME II,E002A,E02,2009,95,19,84818,0.3992906595124225,Stres Berat,0.4189786540338206,Stres Sedang,Pokok Utama,109.2446867927574,-0.42443781305834277,784,109.24471699,-0.42445707,7.21,0.429,0.429,Healthy,Sub-Optimal
AME II,E002A,E02,2009,95,20,83692,0.35000800451161485,Stres Berat,0.3711853676435823,Stres Berat,Pokok Utama,109.24478537165798,-0.4244438672917422,1089,109.24480593,-0.42444533,6.23,0.407,0.407,Healthy,Sub-Optimal
AME II,E002A,E02,2009,95,21,84845,0.4024935303627634,Stres Sedang,0.43311141916111306,Stres Sedang,Pokok Utama,109.24485704891934,-0.42443845785029116,446,109.24486791,-0.42443676,9.0,0.428,0.428,Healthy,Sub-Optimal
AME II,E002A,E02,2009,95,23,84851,0.3771980093284087,Stres Berat,0.4002022034647802,Stres Sedang,Pokok Utama,109.24503414844412,-0.42443782099534005,2377,109.24504397,-0.42445488,3.91,0.418,0.418,Abnormal,Sub-Optimal
AME II,E002A,E02,2009,96,1,84281,0.42098803365768006,Stres Sedang,0.46002684326859206,Stres Sedang,Pokok Utama,109.24315378556972,-0.42441203717455245,1718,109.24314727,-0.4244133,4.93,0.445,0.445,Healthy,Moderate
AME II,E002A,E02,2009,96,2,84508,0.38614834829637074,Stres Berat,0.4385498418361083,Stres Sedang,Pokok Utama,109.24324974794406,-0.4244170770993954,2255,109.24326225,-0.42441333,4.11,0.5,0.5,Healthy,Good
AME II,E002A,E02,2009,96,3,84519,0.3801545472248741,Stres Berat,0.44127527520875937,Stres Sedang,Pokok Utama,109.24331487465481,-0.42440493635580206,1598,109.24332872,-0.42440114,5.14,0.528,0.528,Healthy,Good
AME II,E002A,E02,2009,96,5,84539,0.39970035455284575,Stres Berat,0.4411670930869151,Stres Sedang,Pokok Utama,109.24347548093004,-0.4243998312185962,2228,109.24348457,-0.4244066,4.14,0.379,0.379,Suspect,Critical
AME II,E002A,E02,2009,96,6,84546,0.40164563222674327,Stres Sedang,0.435275400708131,Stres Sedang,Pokok Utama,109.24356846833682,-0.42440044751354694,3106,109.24357665,-0.42439125,2.22,0.461,0.461,Healthy,Good
AME II,E002A,E02,2009,96,7,84558,0.39471895022070225,Stres Berat,0.41091298232344736,Stres Sedang,Pokok Utama,109.24364856327682,-0.4243990306992422,2449,109.2436777,-0.42441433,3.79,0.487,0.487,Healthy,Good
AME II,E002A,E02,2009,96,8,84566,0.40203533659619006,Stres Sedang,0.43306742525787834,Stres Sedang,Pokok Utama,109.24372271543464,-0.4244007224233779,3114,109.243728,-0.42441705,2.2,0.524,0.524,Healthy,Good
AME II,E002A,E02,2009,96,11,84608,0.40360193730600186,Stres Sedang,0.43389667824237277,Stres Sedang,Pokok Utama,109.24397050018038,-0.4243915913542206,2807,109.24396695,-0.42438139,3.1,0.453,0.453,Healthy,Moderate
AME II,E002A,E02,2009,96,12,84615,0.4118923143873142,Stres Sedang,0.4138491254667602,Stres Sedang,Pokok Utama,109.24404710698947,-0.424386850423377,2550,109.24407879,-0.42437056,3.63,0.401,0.401,Healthy,Sub-Optimal
AME II,E002A,E02,2009,96,14,84645,0.39151291363650265,Stres Berat,0.4402207937304399,Stres Sedang,Pokok Utama,109.24431235804836,-0.4243926741793676,657,109.244333,-0.42438418,7.82,0.493,0.493,Healthy,Good
AME II,E002A,E02,2009,96,15,84954,0.37616612244968967,Stres Berat,0.42049808426125274,Stres Sedang,Pokok Utama,109.24439863076702,-0.42439783847970725,891,109.24438599,-0.42441404,6.85,0.351,0.351,Suspect,Critical
AME II,E002A,E02,2009,96,16,84803,0.3994332695857429,Stres Berat,0.43573695530470175,Stres Sedang,Pokok Utama,109.24446769942318,-0.4243884477014407,2967,109.2444592,-0.4243928,2.7,0.486,0.486,Abnormal,Good
AME II,E002A,E02,2009,96,18,84819,0.43975272863041553,Stres Sedang,0.4503778298093092,Stres Sedang,Pokok Utama,109.24465959475347,-0.42438222654060687,1185,109.24468916,-0.42438155,5.99,0.454,0.454,Healthy,Moderate
AME II,E002A,E02,2009,96,19,85252,0.36617740078780103,Stres Berat,0.39547196814605784,Stres Berat,Pokok Utama,109.24491181311807,-0.42437482095409734,2821,109.24494068,-0.42439291,3.07,0.388,0.388,Abnormal,Critical
AME II,E002A,E02,2009,96,20,84852,0.3606942754001835,Stres Berat,0.38047327373136564,Stres Berat,Pokok Utama,109.24499803503873,-0.42438230387153053,2717,109.24500446,-0.42435766,3.28,0.36,0.36,Healthy,Critical
AME II,E002A,E02,2009,96,21,84857,0.42385647335313076,Stres Sedang,0.44356808904837763,Stres Sedang,Pokok Utama,109.24507982966796,-0.42438047958776187,2245,109.24506554,-0.42440063,4.12,0.482,0.482,Healthy,Good
AME II,E002A,E02,2009,96,22,84861,0.4180273848932094,Stres Sedang,0.42811567870935857,Stres Sedang,Pokok Utama,109.24515965017555,-0.4243813840406786,2617,109.24517873,-0.42436448,3.47,0.446,0.446,Abnormal,Moderate
AME II,E002A,E02,2009,97,1,84268,0.4141703320730331,Stres Sedang,0.43252879992096066,Stres Sedang,Pokok Utama,109.24304851261995,-0.42435114538352425,222,109.24301928,-0.42435947,10.58,0.442,0.442,Healthy,Moderate
AME II,E002A,E02,2009,97,3,84509,0.38451925950360855,Stres Berat,0.4265911166016404,Stres Sedang,Pokok Utama,109.24321168908365,-0.4243449294475964,1898,109.24319804,-0.42433509,4.57,0.42,0.42,Healthy,Sub-Optimal
AME II,E002A,E02,2009,97,5,84531,0.37175887527109003,Stres Berat,0.41568926489106395,Stres Sedang,Pokok Utama,109.24337335706392,-0.42433604094717053,2199,109.24335299,-0.42433287,4.18,0.45,0.45,Healthy,Moderate
AME II,E002A,E02,2009,97,7,84547,0.3932703113244674,Stres Berat,0.4416531615773131,Stres Sedang,Pokok Utama,109.24353025636168,-0.42432608246542564,2356,109.24350615,-0.42432069,3.94,0.518,0.518,Healthy,Good
AME II,E002A,E02,2009,97,8,84559,0.41289261021581636,Stres Sedang,0.42653642704961103,Stres Sedang,Pokok Utama,109.2436054034863,-0.42432917337187703,3126,109.24359148,-0.42434603,2.13,0.417,0.417,Healthy,Sub-Optimal
AME II,E002A,E02,2009,97,9,84567,0.42581854608478525,Stres Sedang,0.4471910678131822,Stres Sedang,Pokok Utama,109.24368222688491,-0.4243199136903235,2295,109.24368176,-0.42434244,4.03,0.437,0.437,Healthy,Moderate
AME II,E002A,E02,2009,97,10,84598,0.40672327689076976,Stres Sedang,0.4308627077153608,Stres Sedang,Pokok Utama,109.24376573598856,-0.42431929886425523,2924,109.24378866,-0.42431398,2.83,0.398,0.398,Healthy,Sub-Optimal
AME II,E002A,E02,2009,97,11,84583,0.4074868612177468,Stres Sedang,0.4547316298260501,Stres Sedang,Pokok Utama,109.2438567024283,-0.4243272748128045,3002,109.24387804,-0.42432168,2.63,0.42,0.42,Healthy,Sub-Optimal
AME II,E002A,E02,2009,97,13,84616,0.3985660674944277,Stres Berat,0.41616338904390543,Stres Sedang,Pokok Utama,109.24400145208631,-0.42432359844798356,2288,109.24401906,-0.42432985,4.04,0.419,0.419,Healthy,Sub-Optimal
AME II,E002A,E02,2009,97,14,84648,0.3981757582255494,Stres Berat,0.4040404807413178,Stres Sedang,Pokok Utama,109.24409847209259,-0.4243232390071102,3044,109.2441071,-0.42432264,2.5,0.429,0.429,Abnormal,Sub-Optimal
AME II,E002A,E02,2009,97,15,84652,0.3859553750199468,Stres Berat,0.3959642883324244,Stres Berat,Pokok Utama,109.24417214999794,-0.4243208630597912,2608,109.24417357,-0.42432085,3.49,0.447,0.447,Healthy,Moderate
AME II,E002A,E02,2009,97,17,84955,0.35806098547093457,Stres Berat,0.404461365124826,Stres Sedang,Pokok Utama,109.2444371885212,-0.4243132289107509,598,109.24446237,-0.42429017,8.1,0.413,0.413,Healthy,Sub-Optimal
AME II,E002A,E02,2009,97,18,84823,0.38356309250005244,Stres Berat,0.40663405437876976,Stres Sedang,Pokok Utama,109.24452088223003,-0.42431471300637147,762,109.24452614,-0.42430646,7.33,0.44,0.44,Healthy,Moderate
AME II,E002A,E02,2009,97,19,84822,0.4008078425838988,Stres Sedang,0.41848129300421844,Stres Sedang,Pokok Utama,109.24460066561248,-0.4243247888993547,842,109.24461687,-0.42430331,7.02,0.419,0.419,Healthy,Sub-Optimal
AME II,E002A,E02,2009,97,20,84925,0.4135175246663284,Stres Sedang,0.42184901090537075,Stres Sedang,Pokok Utama,109.24469253453307,-0.42431030847880075,670,109.2447076,-0.42430966,7.77,0.447,0.447,Healthy,Moderate
AME II,E002A,E02,2009,97,21,84846,0.3965943144251326,Stres Berat,0.3973009374917573,Stres Berat,Pokok Utama,109.24486215962698,-0.4243090839192347,1171,109.24485491,-0.42432688,6.01,0.382,0.382,Healthy,Critical
AME II,E002A,E02,2009,97,23,84860,0.37709385493618863,Stres Berat,0.3870419202713637,Stres Berat,Pokok Utama,109.2450493908972,-0.4243000085954909,579,109.24507545,-0.42428081,8.25,0.447,0.447,Healthy,Moderate
AME II,E002A,E02,2009,98,2,84660,0.3905071511188257,Stres Berat,0.4163220376581276,Stres Sedang,Pokok Utama,109.24316106718135,-0.4242678278683315,1187,109.24313967,-0.42426997,5.99,0.411,0.411,Healthy,Sub-Optimal
AME II,E002A,E02,2009,98,3,84654,0.41826583824300634,Stres Sedang,0.4576886526676787,Stres Sedang,Pokok Utama,109.2432494794719,-0.42426928321165913,1486,109.24325913,-0.42428627,5.36,0.428,0.428,Healthy,Sub-Optimal
AME II,E002A,E02,2009,98,5,84549,0.4093026196774834,Stres Sedang,0.44281067921011963,Stres Sedang,Pokok Utama,109.24340505468221,-0.4242633928834693,2203,109.24343475,-0.42424652,4.17,0.401,0.401,Healthy,Sub-Optimal
AME II,E002A,E02,2009,98,7,84560,0.44725715292330726,Stres Sedang,0.4635709237573243,Stres Sedang,Pokok Utama,109.2435644868613,-0.4242585370511072,1722,109.2435412,-0.4242574,4.92,0.441,0.441,Healthy,Moderate
AME II,E002A,E02,2009,98,9,84599,0.4223107962884558,Stres Sedang,0.4549636643363121,Stres Sedang,Pokok Utama,109.24373294606572,-0.42425255561196057,2408,109.243724,-0.4242597,3.86,0.432,0.432,Healthy,Moderate
AME II,E002A,E02,2009,98,10,84584,0.3796829874919041,Stres Berat,0.4160544737860247,Stres Sedang,Pokok Utama,109.24381430016135,-0.42425614349052515,3010,109.24381383,-0.42424209,2.59,0.39,0.39,Healthy,Sub-Optimal
AME II,E002A,E02,2009,98,12,84617,0.35868700036082773,Stres Berat,0.4023746565905029,Stres Sedang,Pokok Utama,109.24396063999447,-0.42425142844011604,2366,109.24395486,-0.42422268,3.93,0.443,0.443,Healthy,Moderate
AME II,E002A,E02,2009,98,14,84653,0.37101055813412775,Stres Berat,0.37321377283842155,Stres Berat,Pokok Utama,109.24413055688576,-0.4242465469561914,1669,109.24412194,-0.42424216,5.02,0.355,0.355,Suspect,Critical
AME II,E002A,E02,2009,98,15,84949,0.3595912676973532,Stres Berat,0.4019955872398178,Stres Sedang,Pokok Utama,109.24421189216906,-0.42424998471238634,2364,109.24420367,-0.42426388,3.93,0.41,0.41,Abnormal,Sub-Optimal
AME II,E002A,E02,2009,98,16,84960,0.39117779142348386,Stres Berat,0.4557187806751162,Stres Sedang,Pokok Utama,109.24430729573841,-0.4242436573979431,2065,109.24431597,-0.42422412,4.34,0.441,0.441,Healthy,Moderate
AME II,E002A,E02,2009,98,17,84956,0.34187081539803,Stres Berat,0.392426991250089,Stres Berat,Pokok Utama,109.2443773110332,-0.42424284505320464,1604,109.24435639,-0.42422774,5.13,0.527,0.527,Healthy,Good
AME II,E002A,E02,2009,98,18,84977,0.38116035455917335,Stres Berat,0.4106182142529004,Stres Sedang,Pokok Utama,109.24456551041929,-0.42423852659435113,778,109.24456029,-0.42424633,7.24,0.378,0.378,Suspect,Critical
AME II,E002A,E02,2009,98,21,84933,0.3266006673941769,Stres Berat,0.35246140548493016,Stres Berat,Pokok Utama,109.24481934038533,-0.4242385845773568,1587,109.24480641,-0.42426899,5.16,0.38,0.38,Suspect,Critical
AME II,E002A,E02,2009,98,22,84847,0.37649913719009925,Stres Berat,0.37726433729303294,Stres Berat,Pokok Utama,109.24489729709742,-0.4242348938343804,2034,109.24488771,-0.4242464,4.39,0.418,0.418,Healthy,Sub-Optimal
AME II,E002A,E02,2009,98,23,84854,0.4142129094349028,Stres Sedang,0.4310747125897721,Stres Sedang,Pokok Utama,109.2449904638958,-0.4242330007026136,960,109.24501617,-0.42423196,6.59,0.45,0.45,Healthy,Moderate
AME II,E002A,E02,2009,98,24,84868,0.4814643922933124,Stres Sedang,0.4691756217104198,Stres Sedang,Pokok Utama,109.24517738813974,-0.4242311298853485,273,109.24519492,-0.42424467,10.08,0.422,0.422,Healthy,Sub-Optimal
AME II,E002A,E02,2009,99,1,84664,0.422456972420491,Stres Sedang,0.45567013101622095,Stres Sedang,Pokok Utama,109.24304415251231,-0.4241874077194531,310,109.24301931,-0.42420709,9.76,0.414,0.414,Healthy,Sub-Optimal
AME II,E002A,E02,2009,99,2,84661,0.4284476627560817,Stres Sedang,0.450444545416564,Stres Sedang,Pokok Utama,109.24311545267825,-0.42418886005250445,2023,109.2431051,-0.42419355,4.4,0.488,0.488,Healthy,Good
AME II,E002A,E02,2009,99,3,84655,0.4083670028820147,Stres Sedang,0.47177738170479194,Stres Sedang,Pokok Utama,109.24320101197443,-0.4241946219345563,2782,109.24320705,-0.42422115,3.16,0.496,0.496,Abnormal,Good
AME II,E002A,E02,2009,99,6,84554,0.38467945628916955,Stres Berat,0.41659245374826526,Stres Sedang,Pokok Utama,109.24345039593321,-0.4241838869894692,2713,109.24344465,-0.42419182,3.29,0.44,0.44,Abnormal,Moderate
AME II,E002A,E02,2009,99,8,84569,0.4334104084138834,Stres Sedang,0.4225729435171707,Stres Sedang,Pokok Utama,109.24361866480658,-0.42418536148112096,2348,109.24362296,-0.42417784,3.95,0.509,0.509,Abnormal,Good
AME II,E002A,E02,2009,99,9,84600,0.40078087676162294,Stres Sedang,0.4126332402676926,Stres Sedang,Pokok Utama,109.24369884927343,-0.4241892601706686,2986,109.2436984,-0.42421765,2.66,0.379,0.379,Healthy,Critical
AME II,E002A,E02,2009,99,10,84585,0.3847621186185129,Stres Berat,0.42027134131405547,Stres Sedang,Pokok Utama,109.24377764968341,-0.4241843922294318,941,109.24378959,-0.42416386,6.66,0.454,0.454,Healthy,Moderate
AME II,E002A,E02,2009,99,11,84620,0.41875304394341345,Stres Sedang,0.45754578713180066,Stres Sedang,Pokok Utama,109.24385562306534,-0.4241862530174445,2877,109.24385471,-0.42417292,2.92,0.388,0.388,Healthy,Critical
AME II,E002A,E02,2009,99,12,84618,0.4169710142744012,Stres Sedang,0.458307235143118,Stres Sedang,Pokok Utama,109.2439079103539,-0.4241838721795117,2421,109.24389962,-0.42419599,3.84,0.504,0.504,Healthy,Good
AME II,E002A,E02,2009,99,13,84650,0.3639601278269411,Stres Berat,0.3796888029990861,Stres Berat,Pokok Utama,109.24399538961912,-0.4241882165462793,1592,109.24402808,-0.42419964,5.15,0.438,0.438,Healthy,Moderate
AME II,E002A,E02,2009,99,14,84950,0.39264860574032345,Stres Berat,0.4071200272325356,Stres Sedang,Pokok Utama,109.2441806590498,-0.42417479380171164,1552,109.24418842,-0.42417209,5.23,0.423,0.423,Healthy,Sub-Optimal
AME II,E002A,E02,2009,99,15,84961,0.35481979427178223,Stres Berat,0.39730222528133263,Stres Berat,Pokok Utama,109.24426770802293,-0.42417529296959217,1887,109.24426028,-0.42417437,4.6,0.44,0.44,Healthy,Moderate
AME II,E002A,E02,2009,99,16,84957,0.34135699345002285,Stres Berat,0.39649153334084714,Stres Berat,Pokok Utama,109.24435566116375,-0.42416959153498557,1081,109.24436808,-0.4241432,6.26,0.47,0.47,Healthy,Good
AME II,E002A,E02,2009,99,17,84987,0.3686459965437003,Stres Berat,0.3875508109698699,Stres Berat,Pokok Utama,109.24442149710848,-0.42417532810174036,1112,109.244435,-0.42415813,6.16,0.459,0.459,Healthy,Moderate
AME II,E002A,E02,2009,99,18,84990,0.3920944705605507,Stres Berat,0.4086014579961453,Stres Sedang,Pokok Utama,109.24452141906323,-0.4241687585545867,1184,109.24452887,-0.42418166,5.99,0.442,0.442,Healthy,Moderate
AME II,E002A,E02,2009,99,19,84979,0.4152765216290157,Stres Sedang,0.4380316973376725,Stres Sedang,Pokok Utama,109.24460688111337,-0.4241638857933061,582,109.24462814,-0.42414145,8.23,0.459,0.459,Healthy,Moderate
AME II,E002A,E02,2009,99,21,84934,0.38928329451417415,Stres Berat,0.4118758759699068,Stres Sedang,Pokok Utama,109.24478085471061,-0.42416679669131496,1015,109.24478668,-0.42416635,6.4,0.467,0.467,Healthy,Good
AME II,E002A,E02,2009,99,22,84848,0.3599585896117847,Stres Berat,0.38038531219472693,Stres Berat,Pokok Utama,109.244874495153,-0.4241717230193206,1005,109.24486482,-0.42419395,6.43,0.41,0.41,Healthy,Sub-Optimal
AME II,E002A,E02,2009,99,23,84855,0.34777490600155037,Stres Berat,0.37407881870435983,Stres Berat,Pokok Utama,109.24496385908527,-0.42416791460543585,1405,109.24493624,-0.42415418,5.51,0.464,0.464,Healthy,Good
AME II,E002A,E02,2009,99,24,84858,0.3825272110344536,Stres Berat,0.42636560599486223,Stres Sedang,Pokok Utama,109.24503611350936,-0.4241564464482433,2428,109.24504987,-0.42414561,3.83,0.5,0.5,Abnormal,Good
AME II,E002A,E02,2009,100,1,84662,0.4400487390829592,Stres Sedang,0.4380412103623903,Stres Sedang,Pokok Utama,109.24307442559136,-0.4241181568072011,384,109.24304538,-0.42413204,9.33,0.394,0.394,Healthy,Sub-Optimal
AME II,E002A,E02,2009,100,3,84667,0.41834773110704876,Stres Sedang,0.4347800691701615,Stres Sedang,Pokok Utama,109.24324866993643,-0.4241187952821575,2511,109.24324121,-0.42410993,3.7,0.443,0.443,Abnormal,Moderate
AME II,E002A,E02,2009,100,4,84551,0.38545270875582227,Stres Berat,0.4125852060027676,Stres Sedang,Pokok Utama,109.24332788247457,-0.42411065295729017,1748,109.24330903,-0.4241113,4.87,0.532,0.532,Healthy,Good
AME II,E002A,E02,2009,100,5,84555,0.3924558657894329,Stres Berat,0.42659936272181,Stres Sedang,Pokok Utama,109.24341618723122,-0.4241149712897239,2079,109.24339346,-0.42411675,4.32,0.487,0.487,Healthy,Good
AME II,E002A,E02,2009,100,6,84562,0.4160564902496234,Stres Sedang,0.4475942828524819,Stres Sedang,Pokok Utama,109.24350174103787,-0.4241451375881185,2152,109.24350214,-0.4241656,4.23,0.436,0.436,Healthy,Moderate
AME II,E002A,E02,2009,100,10,84619,0.42319192963183494,Stres Sedang,0.46162388250769043,Stres Sedang,Pokok Utama,109.24389841192372,-0.4241005429969603,1564,109.24391177,-0.42408748,5.2,0.444,0.444,Healthy,Moderate
AME II,E002A,E02,2009,100,11,84651,0.351831079404943,Stres Berat,0.3824552371383285,Stres Berat,Pokok Utama,109.24395829552739,-0.4241078688731978,2482,109.24397106,-0.42409382,3.74,0.418,0.418,Healthy,Sub-Optimal
AME II,E002A,E02,2009,100,13,84951,0.39660932002796967,Stres Berat,0.39854736099014054,Stres Berat,Pokok Utama,109.24413201054087,-0.4241059896262678,1614,109.24414083,-0.42412641,5.12,0.442,0.442,Healthy,Moderate
AME II,E002A,E02,2009,100,14,84962,0.37859955019062236,Stres Berat,0.3900547946507729,Stres Berat,Pokok Utama,109.24421046337426,-0.4241049359477755,1823,109.24421942,-0.42413864,4.71,0.376,0.376,Suspect,Critical
AME II,E002A,E02,2009,100,15,84958,0.37885901574308906,Stres Berat,0.450622610421544,Stres Sedang,Pokok Utama,109.24430849973216,-0.4240908665821186,984,109.24432094,-0.42407853,6.52,0.517,0.517,Healthy,Good
AME II,E002A,E02,2009,100,16,84988,0.35635409160536163,Stres Berat,0.41122255938005176,Stres Sedang,Pokok Utama,109.24439975529592,-0.42409151772405884,1068,109.24440807,-0.42407809,6.29,0.452,0.452,Healthy,Moderate
AME II,E002A,E02,2009,100,18,84980,0.3499889418162282,Stres Berat,0.3773259062708301,Stres Berat,Pokok Utama,109.24455555247708,-0.4240935753277372,2071,109.24456707,-0.42406185,4.33,0.485,0.485,Healthy,Good
AME II,E002A,E02,2009,100,19,84928,0.39820424645355085,Stres Berat,0.40044536292195176,Stres Sedang,Pokok Utama,109.24465538320695,-0.4240892466172239,908,109.24466094,-0.42406775,6.79,0.468,0.468,Healthy,Good
AME II,E002A,E02,2009,100,20,84935,0.38665002004134774,Stres Berat,0.3993889111493635,Stres Berat,Pokok Utama,109.24473714211848,-0.4240863941232521,1821,109.24475301,-0.42407049,4.72,0.345,0.345,Suspect,Critical
AME II,E002A,E02,2009,100,21,84940,0.398493082966697,Stres Berat,0.4219597902839411,Stres Sedang,Pokok Utama,109.24481797515372,-0.42408645689149166,1827,109.24483924,-0.42410668,4.7,0.366,0.366,Suspect,Critical
AME II,E002A,E02,2009,100,23,84859,0.3738168025755163,Stres Berat,0.4013254390478349,Stres Sedang,Pokok Utama,109.2449962024429,-0.4240798735604596,1972,109.24498252,-0.42409631,4.47,0.466,0.466,Healthy,Good
AME II,E002A,E02,2009,100,24,84864,0.38264606091876957,Stres Berat,0.4278051031179482,Stres Sedang,Pokok Utama,109.24508068232882,-0.42408860671791804,1981,109.24506875,-0.42407689,4.45,0.49,0.49,Healthy,Good
AME II,E002A,E02,2009,100,25,84870,0.44377540060840565,Stres Sedang,0.451687370425554,Stres Sedang,Pokok Utama,109.24515643399265,-0.42408798195607716,1139,109.24514869,-0.42412122,6.08,0.415,0.415,Healthy,Sub-Optimal
AME II,E002A,E02,2009,101,2,84657,0.43639546147405356,Stres Sedang,0.4605914225921671,Stres Sedang,Pokok Utama,109.24311848716728,-0.42404892984267345,1973,109.24311142,-0.42404615,4.46,0.436,0.436,Healthy,Moderate
AME II,E002A,E02,2009,101,3,84668,0.40991718218727174,Stres Sedang,0.42580586724648,Stres Sedang,Pokok Utama,109.24320727452539,-0.42405218844151865,2659,109.24319406,-0.42405611,3.39,0.419,0.419,Abnormal,Sub-Optimal
AME II,E002A,E02,2009,101,5,84556,0.40165445211789763,Stres Sedang,0.4324638973434754,Stres Sedang,Pokok Utama,109.24336629164527,-0.42404748713657686,1586,109.24337596,-0.42406655,5.16,0.538,0.538,Healthy,Good
AME II,E002A,E02,2009,101,6,84563,0.39976358199087175,Stres Berat,0.4278979928248931,Stres Sedang,Pokok Utama,109.24344901946654,-0.42404185324211224,1793,109.24344513,-0.42404532,4.78,0.497,0.497,Healthy,Good
AME II,E002A,E02,2009,101,7,84571,0.418689853802599,Stres Sedang,0.43948529304933176,Stres Sedang,Pokok Utama,109.24352887661378,-0.4240432722533982,1617,109.24352417,-0.42406297,5.11,0.473,0.473,Healthy,Good
AME II,E002A,E02,2009,101,9,84701,0.43452264345846076,Stres Sedang,0.4335156049695518,Stres Sedang,Pokok Utama,109.2436941647075,-0.424030182249316,2833,109.24369172,-0.42399835,3.04,0.465,0.465,Healthy,Good
AME II,E002A,E02,2009,101,10,84698,0.42898503468008115,Stres Sedang,0.4387066048086406,Stres Sedang,Pokok Utama,109.24377483035109,-0.4240393983435284,2932,109.24379097,-0.4240359,2.8,0.518,0.518,Abnormal,Good
AME II,E002A,E02,2009,101,11,84696,0.42687001355350845,Stres Sedang,0.44383362572317797,Stres Sedang,Pokok Utama,109.24383621346387,-0.4240294804049542,1057,109.24386598,-0.42401015,6.31,0.41,0.41,Healthy,Sub-Optimal
AME II,E002A,E02,2009,101,12,84963,0.4007780184807337,Stres Sedang,0.3994976449914339,Stres Berat,Pokok Utama,109.24416169659956,-0.42402678577203645,1034,109.24418756,-0.42402017,6.37,0.358,0.358,Suspect,Critical
AME II,E002A,E02,2009,101,13,84959,0.3628591909121404,Stres Berat,0.3970344632926702,Stres Berat,Pokok Utama,109.2442599065044,-0.42403581777517674,1753,109.2442684,-0.42403556,4.85,0.393,0.393,Healthy,Sub-Optimal
AME II,E002A,E02,2009,101,15,84992,0.3334249060628336,Stres Berat,0.3833552125069472,Stres Berat,Pokok Utama,109.2444413530432,-0.4240297316519092,1453,109.24442695,-0.42401706,5.41,0.316,0.316,Suspect,Critical
AME II,E002A,E02,2009,101,16,84981,0.37120190886639204,Stres Berat,0.40042616705081824,Stres Sedang,Pokok Utama,109.24451136956284,-0.4240274832642683,1469,109.24452801,-0.42401572,5.38,0.457,0.457,Healthy,Moderate
AME II,E002A,E02,2009,101,17,84929,0.4008778300523239,Stres Sedang,0.39830583191541424,Stres Berat,Pokok Utama,109.24460263555433,-0.4240217617765557,1683,109.24463266,-0.42400761,5.0,0.418,0.418,Healthy,Sub-Optimal
AME II,E002A,E02,2009,101,19,84941,0.33285515133959137,Stres Berat,0.35066252332723474,Stres Berat,Pokok Utama,109.24478231294104,-0.4240218027997328,975,109.24476965,-0.42400357,6.54,0.383,0.383,Healthy,Critical
AME II,E002A,E02,2009,101,20,84849,0.404767328725946,Stres Sedang,0.4123690724641353,Stres Sedang,Pokok Utama,109.24484906981893,-0.42401873436504983,1649,109.24485318,-0.42401851,5.06,0.366,0.366,Suspect,Critical
AME II,E002A,E02,2009,101,21,84909,0.39823013734396384,Stres Berat,0.39782610058605494,Stres Berat,Pokok Utama,109.24494212380874,-0.42401515738394135,1419,109.24496322,-0.42403798,5.48,0.461,0.461,Healthy,Good
AME II,E002A,E02,2009,101,22,84865,0.3842440197297968,Stres Berat,0.39855864166569643,Stres Berat,Pokok Utama,109.24501485740996,-0.4240218549827627,1364,109.24501757,-0.4240181,5.58,0.522,0.522,Healthy,Good
AME II,E002A,E02,2009,101,23,84872,0.41812016327614826,Stres Sedang,0.4444708219887471,Stres Sedang,Pokok Utama,109.24510186625662,-0.4240172185842606,1416,109.24509077,-0.42404298,5.48,0.455,0.455,Healthy,Moderate
AME II,E002A,E02,2009,101,24,84871,0.3870611921990527,Stres Berat,0.4169744969792966,Stres Sedang,Pokok Utama,109.2452053647348,-0.42402058361055306,1156,109.24519408,-0.42402447,6.04,0.398,0.398,Healthy,Sub-Optimal
AME II,E002A,E02,2009,102,1,84658,0.42186630005485243,Stres Sedang,0.41065913468321963,Stres Sedang,Pokok Utama,109.24306297201689,-0.42396538309535464,1293,109.24304362,-0.42396972,5.74,0.358,0.358,Suspect,Critical
AME II,E002A,E02,2009,102,2,84669,0.3725772648400824,Stres Berat,0.42073495558560053,Stres Sedang,Pokok Utama,109.24315482659603,-0.42396236291313855,2095,109.24316713,-0.42396432,4.31,0.478,0.478,Healthy,Good
AME II,E002A,E02,2009,102,3,84671,0.35124355403944973,Stres Berat,0.34904933482614303,Stres Berat,Pokok Utama,109.24321186569487,-0.4239681182682052,3094,109.24323361,-0.42395665,2.3,0.44,0.44,Abnormal,Moderate
AME II,E002A,E02,2009,102,4,84676,0.37262258261782505,Stres Berat,0.3919740334103967,Stres Berat,Pokok Utama,109.24332565159865,-0.4239732580977544,2382,109.24335756,-0.42398381,3.9,0.426,0.426,Abnormal,Sub-Optimal
AME II,E002A,E02,2009,102,6,84691,0.4142881351840811,Stres Sedang,0.45036587398415323,Stres Sedang,Pokok Utama,109.24349389568259,-0.42396907072658907,815,109.24348332,-0.4239757,7.11,0.457,0.457,Healthy,Moderate
AME II,E002A,E02,2009,102,7,84687,0.4351183191160113,Stres Sedang,0.4606848907169905,Stres Sedang,Pokok Utama,109.24356612257574,-0.4239718860437094,2582,109.24359785,-0.42396758,3.56,0.44,0.44,Healthy,Moderate
AME II,E002A,E02,2009,102,8,84702,0.44676853799022626,Stres Sedang,0.44849656460558524,Stres Sedang,Pokok Utama,109.2436502569774,-0.4239747764245826,1537,109.24364142,-0.42397709,5.26,0.47,0.47,Healthy,Good
AME II,E002A,E02,2009,102,9,84699,0.41694597721035104,Stres Sedang,0.4426933080807923,Stres Sedang,Pokok Utama,109.2437355512295,-0.423964935387058,2487,109.24375864,-0.42397621,3.74,0.434,0.434,Healthy,Moderate
AME II,E002A,E02,2009,102,11,84952,0.3737004465625986,Stres Berat,0.39282788437886007,Stres Berat,Pokok Utama,109.24402939064146,-0.423967078777341,1351,109.24404924,-0.42396678,5.61,0.366,0.366,Suspect,Critical
AME II,E002A,E02,2009,102,12,84964,0.3636551684455721,Stres Berat,0.3661617917541122,Stres Berat,Pokok Utama,109.24412350992371,-0.4239556156198593,1401,109.24415389,-0.42397178,5.51,0.37,0.37,Suspect,Critical
AME II,E002A,E02,2009,102,13,328953,0.3516725137049763,Stres Berat,0.4253751733847146,Stres Sedang,Tamb,109.24431394199004,-0.4239610333781762,1773,109.24432052,-0.42395012,4.83,0.37,0.37,Suspect,Critical
AME II,E002A,E02,2009,102,14,84993,0.37584064852649957,Stres Berat,0.4305506746212808,Stres Sedang,Pokok Utama,109.24437979554511,-0.42396036023953254,1667,109.24435869,-0.4239768,5.02,0.417,0.417,Healthy,Sub-Optimal
AME II,E002A,E02,2009,102,15,84982,0.34904929353615693,Stres Berat,0.3884429013003691,Stres Berat,Pokok Utama,109.24447288137515,-0.4239628728485359,1680,109.24450421,-0.42397503,5.0,0.435,0.435,Healthy,Moderate
AME II,E002A,E02,2009,102,16,84930,0.3931330803967608,Stres Berat,0.40657766715310384,Stres Sedang,Pokok Utama,109.24456272115528,-0.42396002219608564,1928,109.24458776,-0.42394611,4.52,0.501,0.501,Healthy,Good
AME II,E002A,E02,2009,102,18,84942,0.33545923614968043,Stres Berat,0.3557856087476471,Stres Berat,Pokok Utama,109.24472514266454,-0.4239521538536024,822,109.24472115,-0.42397146,7.09,0.342,0.342,Suspect,Critical
AME II,E002A,E02,2009,102,19,84850,0.36300923538765484,Stres Berat,0.393822920973366,Stres Berat,Pokok Utama,109.24480501289919,-0.4239555306689645,1275,109.24480559,-0.42395158,5.78,0.487,0.487,Healthy,Good
AME II,E002A,E02,2009,102,20,84910,0.3377846667534442,Stres Berat,0.36285006230329425,Stres Berat,Pokok Utama,109.2448964081387,-0.42395830423099945,1953,109.24489182,-0.42396743,4.5,0.429,0.429,Healthy,Sub-Optimal
AME II,E002A,E02,2009,102,21,84866,0.3862524095180893,Stres Berat,0.4109575940355887,Stres Sedang,Pokok Utama,109.2449905279308,-0.4239487545637621,2031,109.2449812,-0.42395931,4.39,0.413,0.413,Healthy,Sub-Optimal
AME II,E002A,E02,2009,102,22,84873,0.38680403986183365,Stres Berat,0.42318691404608005,Stres Sedang,Pokok Utama,109.24506433810177,-0.42395352081270093,1329,109.24505306,-0.42396566,5.67,0.469,0.469,Healthy,Good
AME II,E002A,E02,2009,103,1,84659,0.4110212733947822,Stres Sedang,0.41008494841396753,Stres Sedang,Pokok Utama,109.24306107230613,-0.4238930474863452,456,109.24307417,-0.42392089,8.89,0.431,0.431,Healthy,Moderate
AME II,E002A,E02,2009,103,3,84672,0.39556357511387513,Stres Berat,0.42945382660991854,Stres Sedang,Pokok Utama,109.24319669414584,-0.4238950688395865,2072,109.24319903,-0.42391504,4.33,0.443,0.443,Healthy,Moderate
AME II,E002A,E02,2009,103,5,84682,0.32942000974239116,Stres Berat,0.3854869545741495,Stres Berat,Pokok Utama,109.24335704613225,-0.42391013588705245,1560,109.24338318,-0.42389067,5.21,0.419,0.419,Healthy,Sub-Optimal
AME II,E002A,E02,2009,103,6,84688,0.3938755501982115,Stres Berat,0.42288358169044993,Stres Sedang,Pokok Utama,109.24353751913304,-0.4239067841655848,701,109.24350983,-0.42391783,7.64,0.366,0.366,Suspect,Critical
AME II,E002A,E02,2009,103,7,84703,0.3848282650319785,Stres Berat,0.39618018732991384,Stres Berat,Pokok Utama,109.24359832208455,-0.4238962755834432,2715,109.24363065,-0.42390655,3.29,0.381,0.381,Abnormal,Critical
AME II,E002A,E02,2009,103,8,84700,0.4161130769250184,Stres Sedang,0.4288557371517732,Stres Sedang,Pokok Utama,109.24368102970423,-0.42390060076364455,1573,109.2436886,-0.42389843,5.19,0.402,0.402,Healthy,Sub-Optimal
AME II,E002A,E02,2009,103,11,84714,0.38922814455781496,Stres Berat,0.42587593644544075,Stres Sedang,Pokok Utama,109.24391033316506,-0.4239001774655837,744,109.24391271,-0.42392832,7.43,0.478,0.478,Healthy,Good
AME II,E002A,E02,2009,103,12,84965,0.3852347681663073,Stres Berat,0.38592002406317966,Stres Berat,Pokok Utama,109.24407646374151,-0.42389961675130516,791,109.24408653,-0.42391886,7.19,0.447,0.447,Healthy,Moderate
AME II,E002A,E02,2009,103,13,84967,0.40464099471497794,Stres Sedang,0.4149600133622208,Stres Sedang,Pokok Utama,109.24415782770623,-0.4238953371753377,1312,109.24415974,-0.42389356,5.71,0.413,0.413,Healthy,Sub-Optimal
AME II,E002A,E02,2009,103,14,84983,0.33550553988294235,Stres Berat,0.39173047544004397,Stres Berat,Pokok Utama,109.24441783764658,-0.4238878085259906,1549,109.24445168,-0.4238778,5.23,0.406,0.406,Healthy,Sub-Optimal
AME II,E002A,E02,2009,103,17,84943,0.3759225345227565,Stres Berat,0.43571671966102093,Stres Sedang,Pokok Utama,109.24468680072323,-0.4238882714307581,1059,109.24470545,-0.42387695,6.3,0.483,0.483,Healthy,Good
AME II,E002A,E02,2009,103,19,84911,0.3167949433142874,Stres Berat,0.3752266669090694,Stres Berat,Pokok Utama,109.24484492433254,-0.42387891180566656,1154,109.24484243,-0.42389417,6.05,0.342,0.342,Suspect,Critical
AME II,E002A,E02,2009,103,20,84908,0.3785671081858351,Stres Berat,0.4324076982895629,Stres Sedang,Pokok Utama,109.24494110757884,-0.4238807930041846,855,109.24492282,-0.42390368,6.97,0.371,0.371,Suspect,Critical
AME II,E002A,E02,2009,103,21,84874,0.3482657718632511,Stres Berat,0.39133787501294787,Stres Berat,Pokok Utama,109.24502968661399,-0.4238801042439942,1271,109.24504589,-0.42390416,5.78,0.471,0.471,Healthy,Good
AME II,E002A,E02,2009,104,1,328954,0.4223952154350903,Stres Sedang,0.41455753544727864,Stres Sedang,Tamb,109.24308867888386,-0.4238296124346707,1804,109.24307734,-0.42381373,4.75,0.464,0.464,Healthy,Good
AME II,E002A,E02,2009,104,8,84708,0.4083636395544041,Stres Sedang,0.3943321250529127,Stres Berat,Pokok Utama,109.24366079838354,-0.42382259910364134,1278,109.24365673,-0.42381115,5.77,0.386,0.386,Healthy,Critical
AME II,E002A,E02,2009,104,9,84712,0.408980590588294,Stres Sedang,0.40219043504179613,Stres Sedang,Pokok Utama,109.24372639517637,-0.4238211780486673,1297,109.24374026,-0.42382338,5.73,0.442,0.442,Healthy,Moderate
AME II,E002A,E02,2009,104,10,84715,0.366716669387619,Stres Berat,0.38427968292801945,Stres Berat,Pokok Utama,109.24381625872489,-0.42382828739893863,727,109.24382919,-0.4238121,7.52,0.406,0.406,Healthy,Sub-Optimal
AME II,E002A,E02,2009,104,14,84939,0.3692033498627799,Stres Berat,0.4025487431573166,Stres Sedang,Pokok Utama,109.24454827598929,-0.4238164968978581,1518,109.24457251,-0.42383035,5.29,0.408,0.408,Healthy,Sub-Optimal
AME II,E002A,E02,2009,104,16,84946,0.3113698629798661,Stres Berat,0.3540072066758107,Stres Berat,Pokok Utama,109.2447296701258,-0.4238078624060718,707,109.24472208,-0.42382315,7.6,0.358,0.358,Suspect,Critical
AME II,E002A,E02,2009,104,17,84947,0.3836026157832256,Stres Berat,0.419527084172309,Stres Sedang,Pokok Utama,109.24481515917142,-0.42381077930249667,1249,109.24481191,-0.42382136,5.84,0.378,0.378,Suspect,Critical
AME II,E002A,E02,2009,104,18,84912,0.35650088472611297,Stres Berat,0.3812234411815981,Stres Berat,Pokok Utama,109.2448963915964,-0.42381236590065713,1807,109.24490218,-0.42381641,4.75,0.358,0.358,Suspect,Critical
AME II,E002A,E02,2009,104,19,84875,0.3529994415180552,Stres Berat,0.4058789672633842,Stres Sedang,Pokok Utama,109.24498295434722,-0.4238061522866296,1876,109.24498078,-0.42382773,4.62,0.479,0.479,Healthy,Good
AME II,E002A,E02,2009,104,21,84880,0.42363769642710847,Stres Sedang,0.43109954010954293,Stres Sedang,Pokok Utama,109.24518259639197,-0.42380811134149265,553,109.24517301,-0.42381014,8.37,0.411,0.411,Healthy,Sub-Optimal
AME II,E002A,E02,2009,105,1,84674,0.43285475996709694,Stres Sedang,0.4432077679393029,Stres Sedang,Pokok Utama,109.24310102930934,-0.42376956955355083,2817,109.24313663,-0.42377351,3.08,0.446,0.446,Abnormal,Moderate
AME II,E002A,E02,2009,105,2,84679,0.38555178539562096,Stres Berat,0.42226969480048726,Stres Sedang,Pokok Utama,109.24320021126245,-0.42375789233524475,2531,109.24320311,-0.42374323,3.66,0.372,0.372,Healthy,Critical
AME II,E002A,E02,2009,105,3,84684,0.36981975145071094,Stres Berat,0.41488739633474314,Stres Sedang,Pokok Utama,109.2432843437768,-0.4237650889995159,2790,109.24329923,-0.42375003,3.14,0.474,0.474,Healthy,Good
AME II,E002A,E02,2009,105,4,84693,0.38661713193918373,Stres Berat,0.4304441707035561,Stres Sedang,Pokok Utama,109.24335564394846,-0.42376654131430097,2642,109.2433886,-0.42375593,3.43,0.441,0.441,Healthy,Moderate
AME II,E002A,E02,2009,105,5,84690,0.3765131863316817,Stres Berat,0.41457022525435067,Stres Sedang,Pokok Utama,109.24344631619572,-0.423768461959401,3084,109.2434434,-0.42376951,2.34,0.404,0.404,Healthy,Sub-Optimal
AME II,E002A,E02,2009,105,6,84705,0.42682312509169584,Stres Sedang,0.45459367858421207,Stres Sedang,Pokok Utama,109.24353284164887,-0.42376801690454163,1290,109.24352693,-0.42379892,5.75,0.393,0.393,Healthy,Sub-Optimal
AME II,E002A,E02,2009,105,7,84709,0.3734341709873811,Stres Berat,0.3662523142243692,Stres Berat,Pokok Utama,109.24360234510259,-0.42376229044997293,559,109.24358038,-0.42376411,8.35,0.418,0.418,Healthy,Sub-Optimal
AME II,E002A,E02,2009,105,8,84966,0.40104430460041557,Stres Sedang,0.41716065225783105,Stres Sedang,Pokok Utama,109.24398950924406,-0.423758909929721,1129,109.24398281,-0.42377777,6.1,0.461,0.461,Healthy,Good
AME II,E002A,E02,2009,105,12,84984,0.3667576233648631,Stres Berat,0.4264994260781656,Stres Sedang,Pokok Utama,109.2443365764781,-0.423738731846163,2117,109.24436683,-0.42373535,4.28,0.466,0.466,Healthy,Good
AME II,E002A,E02,2009,105,13,85087,0.3862823045497038,Stres Berat,0.43962969872011415,Stres Sedang,Pokok Utama,109.24441440265555,-0.42375214776538944,1224,109.24440949,-0.42378736,5.89,0.427,0.427,Healthy,Sub-Optimal
AME II,E002A,E02,2009,105,14,85088,0.3622233017700193,Stres Berat,0.39404588326131207,Stres Berat,Pokok Utama,109.2445018764578,-0.4237409498430006,750,109.24451774,-0.42373313,7.4,0.438,0.438,Healthy,Moderate
AME II,E002A,E02,2009,105,15,85063,0.41255118976898547,Stres Sedang,0.4331720673017674,Stres Sedang,Pokok Utama,109.24459268499339,-0.42374422696079633,759,109.24460846,-0.42374219,7.34,0.441,0.441,Healthy,Moderate
AME II,E002A,E02,2009,105,17,85081,0.3704365217604605,Stres Berat,0.4044749010153034,Stres Sedang,Pokok Utama,109.24476574265408,-0.4237417542917538,773,109.24475128,-0.42376393,7.28,0.377,0.377,Suspect,Critical
AME II,E002A,E02,2009,105,18,84913,0.3754487278484723,Stres Berat,0.38553236328440604,Stres Berat,Pokok Utama,109.24484189183462,-0.4237429183221886,1092,109.24484471,-0.42375491,6.23,0.383,0.383,Healthy,Critical
AME II,E002A,E02,2009,105,19,85894,0.39437860642864864,Stres Berat,0.41394942580795974,Stres Sedang,Pokok Utama,109.24493667539365,-0.42373359848952713,1493,109.2449251,-0.42374498,5.35,0.459,0.459,Healthy,Moderate
AME II,E002A,E02,2009,105,20,84887,0.4069148284719246,Stres Sedang,0.4267347961100203,Stres Sedang,Pokok Utama,109.24511159570105,-0.4237289432469619,547,109.24510206,-0.42374954,8.39,0.449,0.449,Healthy,Moderate
AME II,E002A,E02,2009,106,1,84675,0.40789414260154894,Stres Sedang,0.43057262627783127,Stres Sedang,Pokok Utama,109.24307496857337,-0.4236938897403787,776,109.24306568,-0.42371742,7.24,0.373,0.373,Suspect,Critical
AME II,E002A,E02,2009,106,2,84680,0.4103354394516867,Stres Sedang,0.45153464835148316,Stres Sedang,Pokok Utama,109.24315174026385,-0.4236947157174451,2730,109.24317034,-0.42369348,3.24,0.435,0.435,Healthy,Moderate
AME II,E002A,E02,2009,106,3,84685,0.39539969999212465,Stres Berat,0.43932366429362446,Stres Sedang,Pokok Utama,109.24323699124938,-0.4236894061267294,2467,109.24324714,-0.42369893,3.78,0.418,0.418,Healthy,Sub-Optimal
AME II,E002A,E02,2009,106,4,84694,0.42549781155612176,Stres Sedang,0.4610387452360036,Stres Sedang,Pokok Utama,109.24331499283642,-0.42369354122699726,2096,109.24334505,-0.42368538,4.31,0.419,0.419,Healthy,Sub-Optimal
AME II,E002A,E02,2009,106,7,84710,0.4043269268773255,Stres Sedang,0.41208351026920853,Stres Sedang,Pokok Utama,109.24366795863625,-0.42369052637817084,1472,109.24364283,-0.42371032,5.38,0.427,0.427,Healthy,Sub-Optimal
AME II,E002A,E02,2009,106,8,84716,0.38643209720572896,Stres Berat,0.40207241596886256,Stres Sedang,Pokok Utama,109.2437449644797,-0.4236848016315409,2655,109.24374883,-0.42367372,3.4,0.458,0.458,Healthy,Moderate
AME II,E002A,E02,2009,106,12,84969,0.4013791722226487,Stres Sedang,0.41057563269414066,Stres Sedang,Pokok Utama,109.24404324952792,-0.42368656618438,1949,109.24402954,-0.42369368,4.5,0.371,0.371,Suspect,Critical
AME II,E002A,E02,2009,106,13,85000,0.4060441504665918,Stres Sedang,0.4159972700181308,Stres Sedang,Pokok Utama,109.24411170061663,-0.42367509715485796,3050,109.2441306,-0.42367878,2.47,0.434,0.434,Abnormal,Moderate
AME II,E002A,E02,2009,106,14,84996,0.33585401637419837,Stres Berat,0.3786556927898313,Stres Berat,Pokok Utama,109.24420057625447,-0.4236814367074925,2431,109.24422671,-0.42366659,3.82,0.433,0.433,Healthy,Moderate
AME II,E002A,E02,2009,106,15,84985,0.3772500194052245,Stres Berat,0.4469403510750432,Stres Sedang,Pokok Utama,109.24429907221793,-0.42367668807893744,1496,109.24432328,-0.42368109,5.34,0.5,0.5,Healthy,Good
AME II,E002A,E02,2009,106,17,85089,0.36841528744031166,Stres Berat,0.39107247244384274,Stres Berat,Pokok Utama,109.24454233090397,-0.423674221479806,922,109.24456086,-0.42370103,6.74,0.506,0.506,Healthy,Good
AME II,E002A,E02,2009,106,18,85064,0.3961071339881291,Stres Berat,0.4014210845306046,Stres Sedang,Pokok Utama,109.24462928454543,-0.4236672998840464,1482,109.2446498,-0.42368206,5.36,0.466,0.466,Healthy,Good
AME II,E002A,E02,2009,106,19,85073,0.3377625439852849,Stres Berat,0.3680370014936368,Stres Berat,Pokok Utama,109.24471863803167,-0.4236699101933467,725,109.24470369,-0.42369881,7.53,0.41,0.41,Healthy,Sub-Optimal
AME II,E002A,E02,2009,106,20,85082,0.3782352645343354,Stres Berat,0.3953059390388812,Stres Berat,Pokok Utama,109.24479488015481,-0.42366520440798777,1126,109.24480789,-0.42367848,6.11,0.37,0.37,Suspect,Critical
AME II,E002A,E02,2009,106,21,84914,0.36564352792566235,Stres Berat,0.39024685691300626,Stres Berat,Pokok Utama,109.24489711336659,-0.42366668546520647,672,109.24488291,-0.42363735,7.76,0.411,0.411,Healthy,Sub-Optimal
AME II,E002A,E02,2009,106,22,84900,0.3656620468713254,Stres Berat,0.3980780811396369,Stres Berat,Pokok Utama,109.24497728089332,-0.4236702486211864,888,109.24497003,-0.42369118,6.85,0.387,0.387,Healthy,Critical
AME II,E002A,E02,2009,106,23,84899,0.44377668853975816,Stres Sedang,0.48476433880081554,Stres Sedang,Pokok Utama,109.24505684485666,-0.42366550108798495,474,109.24506255,-0.42369256,8.79,0.433,0.433,Healthy,Moderate
AME II,E002A,E02,2009,106,24,84888,0.3932553901781974,Stres Berat,0.4219529516816282,Stres Sedang,Pokok Utama,109.24515606312211,-0.423664547068667,1201,109.24515687,-0.42367811,5.96,0.392,0.392,Healthy,Sub-Optimal
AME II,E002A,E02,2009,107,2,84740,0.37535957416958565,Stres Berat,0.42647661987135954,Stres Sedang,Pokok Utama,109.24319230460166,-0.4236305457065712,3030,109.24320583,-0.42362522,2.54,0.448,0.448,Healthy,Moderate
AME II,E002A,E02,2009,107,4,84742,0.42148771479410513,Stres Sedang,0.4666800698509165,Stres Sedang,Pokok Utama,109.24335529892814,-0.4236273527466287,2284,109.24335,-0.42364153,4.04,0.515,0.515,Healthy,Good
AME II,E002A,E02,2009,107,5,84707,0.42024892381615514,Stres Sedang,0.46446053036562773,Stres Sedang,Pokok Utama,109.24346547756427,-0.42363162179073105,2393,109.24345375,-0.42364969,3.89,0.502,0.502,Healthy,Good
AME II,E002A,E02,2009,107,8,84773,0.4151669431876851,Stres Sedang,0.43761453485345697,Stres Sedang,Pokok Utama,109.24368841337703,-0.42362210153272456,3152,109.24370348,-0.42361719,1.94,0.48,0.48,Healthy,Good
AME II,E002A,E02,2009,107,10,84975,0.3647712559578079,Stres Berat,0.4058134178589056,Stres Sedang,Pokok Utama,109.24384693051445,-0.4236159558935795,3047,109.24385304,-0.42364616,2.48,0.42,0.42,Healthy,Sub-Optimal
AME II,E002A,E02,2009,107,11,84972,0.36063361282127,Stres Berat,0.4003793704373782,Stres Sedang,Pokok Utama,109.24393596916377,-0.4236083854916806,2667,109.24395859,-0.42362584,3.37,0.381,0.381,Healthy,Critical
AME II,E002A,E02,2009,107,12,84970,0.33841482526198463,Stres Berat,0.3581010294626625,Stres Berat,Pokok Utama,109.24401520911326,-0.4236182288273202,2873,109.24401339,-0.42359782,2.93,0.399,0.399,Healthy,Sub-Optimal
AME II,E002A,E02,2009,107,13,85001,0.37453678507173493,Stres Berat,0.39124518806407715,Stres Berat,Pokok Utama,109.24408939950419,-0.423609730837029,1824,109.24410412,-0.42358925,4.71,0.454,0.454,Healthy,Moderate
AME II,E002A,E02,2009,107,14,84997,0.35228098346877046,Stres Berat,0.39279219038125457,Stres Berat,Pokok Utama,109.24416491434762,-0.42361544608190377,2653,109.2441845,-0.42362951,3.4,0.417,0.417,Healthy,Sub-Optimal
AME II,E002A,E02,2009,107,15,84986,0.3419177896131369,Stres Berat,0.40826362039313085,Stres Sedang,Pokok Utama,109.24424910429171,-0.423611131869258,2896,109.24425547,-0.42361144,2.88,0.397,0.397,Healthy,Sub-Optimal
AME II,E002A,E02,2009,107,16,85086,0.3082183976326698,Stres Berat,0.38198801766953644,Stres Berat,Pokok Utama,109.24433275134743,-0.4236122930882098,1931,109.24430353,-0.42360331,4.52,0.45,0.45,Healthy,Moderate
AME II,E002A,E02,2009,107,17,85094,0.35091515131484935,Stres Berat,0.37947579799471676,Stres Berat,Pokok Utama,109.24441330934872,-0.4236169659159658,904,109.24439516,-0.42360017,6.8,0.479,0.479,Healthy,Good
AME II,E002A,E02,2009,107,18,85091,0.39490570414150633,Stres Berat,0.44106755170889467,Stres Sedang,Pokok Utama,109.244491381497,-0.42360315511855395,714,109.24451282,-0.42362778,7.57,0.53,0.53,Healthy,Good
AME II,E002A,E02,2009,107,19,85090,0.3961803253132545,Stres Berat,0.41978127859642367,Stres Sedang,Pokok Utama,109.24457885743327,-0.4236024353525377,653,109.24459997,-0.42358574,7.83,0.489,0.489,Healthy,Good
AME II,E002A,E02,2009,107,20,85065,0.40263746081648344,Stres Sedang,0.42021941268877616,Stres Sedang,Pokok Utama,109.24465945545926,-0.42360493152850975,654,109.24463545,-0.42359389,7.83,0.561,0.561,Healthy,Good
AME II,E002A,E02,2009,107,21,85074,0.37738592981774155,Stres Berat,0.41247843164350406,Stres Sedang,Pokok Utama,109.24473543343126,-0.42360446234307253,859,109.24473335,-0.42362602,6.96,0.492,0.492,Healthy,Good
AME II,E002A,E02,2009,107,25,84889,0.4389274693109395,Stres Sedang,0.4457566834724354,Stres Sedang,Pokok Utama,109.24513954915271,-0.42360104851979286,767,109.24513982,-0.42360848,7.31,0.476,0.476,Healthy,Good
AME II,E002A,E02,2009,108,1,84721,0.443708314821326,Stres Sedang,0.43992435027621807,Stres Sedang,Pokok Utama,109.24309696916826,-0.4235580015738285,711,109.24306886,-0.42357183,7.58,0.435,0.435,Healthy,Moderate
AME II,E002A,E02,2009,108,3,84739,0.4070373825700564,Stres Sedang,0.46573651932854815,Stres Sedang,Pokok Utama,109.24325111637587,-0.42355883616368517,2040,109.24324133,-0.42358589,4.38,0.527,0.527,Healthy,Good
AME II,E002A,E02,2009,108,4,84743,0.4104662959774335,Stres Sedang,0.4576275147327713,Stres Sedang,Pokok Utama,109.24332211271741,-0.42355723457074834,3035,109.24332353,-0.42352351,2.52,0.445,0.445,Healthy,Moderate
AME II,E002A,E02,2009,108,5,84746,0.38291930282031894,Stres Berat,0.43500216983802903,Stres Sedang,Pokok Utama,109.24340279442936,-0.42355484573112373,3029,109.24342907,-0.42354976,2.54,0.429,0.429,Healthy,Sub-Optimal
AME II,E002A,E02,2009,108,7,84770,0.38293753215124454,Stres Berat,0.41860632511114854,Stres Sedang,Pokok Utama,109.24357434894725,-0.42354933969760494,3116,109.24358402,-0.42357964,2.2,0.455,0.455,Healthy,Moderate
AME II,E002A,E02,2009,108,8,84774,0.3911699992332422,Stres Berat,0.3934281163289471,Stres Berat,Pokok Utama,109.24365985263823,-0.4235507952428434,2946,109.2436734,-0.4235462,2.76,0.468,0.468,Healthy,Good
AME II,E002A,E02,2009,108,9,85114,0.371176742053732,Stres Berat,0.38473841692819777,Stres Berat,Pokok Utama,109.24372941619664,-0.4235534109879518,3046,109.24374167,-0.42355254,2.48,0.476,0.476,Healthy,Good
AME II,E002A,E02,2009,108,10,84974,0.3983520804163807,Stres Berat,0.4108942981226114,Stres Sedang,Pokok Utama,109.24380275091525,-0.4235391686706924,1996,109.24380366,-0.42352407,4.44,0.362,0.362,Suspect,Critical
AME II,E002A,E02,2009,108,11,84973,0.3597168065982611,Stres Berat,0.40392725482873476,Stres Sedang,Pokok Utama,109.24388973449464,-0.42355072742531263,1959,109.24389888,-0.42352409,4.49,0.412,0.412,Healthy,Sub-Optimal
AME II,E002A,E02,2009,108,12,84971,0.33924654419013134,Stres Berat,0.3884933598319415,Stres Berat,Pokok Utama,109.2439696006943,-0.423547910657256,3157,109.24398017,-0.4235422,1.9,0.389,0.389,Healthy,Critical
AME II,E002A,E02,2009,108,13,85002,0.3536051342138018,Stres Berat,0.367954410386808,Stres Berat,Pokok Utama,109.24403804240936,-0.42354214777478305,2838,109.24407314,-0.42353724,3.02,0.416,0.416,Healthy,Sub-Optimal
AME II,E002A,E02,2009,108,18,85095,0.37156647831014833,Stres Berat,0.41650500146075836,Stres Sedang,Pokok Utama,109.24444472552597,-0.42353349231469994,2026,109.24441359,-0.42351743,4.39,0.387,0.387,Healthy,Critical
AME II,E002A,E02,2009,108,19,85092,0.40234116998309194,Stres Sedang,0.44042311465278816,Stres Sedang,Pokok Utama,109.24451791275796,-0.4235400796760305,1460,109.24450566,-0.42352604,5.4,0.418,0.418,Healthy,Sub-Optimal
AME II,E002A,E02,2009,108,25,84890,0.400740958138482,Stres Sedang,0.4232599306410399,Stres Sedang,Pokok Utama,109.24508802190768,-0.4235269815301912,1622,109.24507516,-0.42353612,5.1,0.418,0.418,Healthy,Sub-Optimal
AME II,E002A,E02,2009,108,26,84883,0.3912470715585464,Stres Berat,0.41220932746076727,Stres Sedang,Pokok Utama,109.24517229338932,-0.4235157729080364,1341,109.24514973,-0.4234968,5.64,0.414,0.414,Healthy,Sub-Optimal
AME II,E002A,E02,2009,109,1,84722,0.40834938157794276,Stres Sedang,0.43525132396251975,Stres Sedang,Pokok Utama,109.24312374358156,-0.42348415689680646,1317,109.24311424,-0.42351758,5.69,0.496,0.496,Healthy,Good
AME II,E002A,E02,2009,109,2,84728,0.3845999880896314,Stres Berat,0.4355557037078995,Stres Sedang,Pokok Utama,109.24320975341382,-0.4234876716566732,2758,109.24321979,-0.42348144,3.19,0.467,0.467,Healthy,Good
AME II,E002A,E02,2009,109,3,84744,0.4004741629770064,Stres Sedang,0.43506996846106016,Stres Sedang,Pokok Utama,109.24329199452198,-0.4234852904056439,2547,109.243293,-0.42348778,3.64,0.446,0.446,Healthy,Moderate
AME II,E002A,E02,2009,109,5,84755,0.40106809458706727,Stres Sedang,0.4312521894820608,Stres Sedang,Pokok Utama,109.24345577154376,-0.423476805628594,3167,109.24343538,-0.42346475,1.76,0.532,0.532,Healthy,Good
AME II,E002A,E02,2009,109,6,84771,0.4212787282126753,Stres Sedang,0.4472901855006823,Stres Sedang,Pokok Utama,109.24352779863138,-0.42348132368371944,2057,109.24354003,-0.42347066,4.35,0.45,0.45,Healthy,Moderate
AME II,E002A,E02,2009,109,7,84775,0.4102396698280675,Stres Sedang,0.4297026830813338,Stres Sedang,Pokok Utama,109.24361809490014,-0.4234814989224478,1476,109.24362402,-0.42346932,5.37,0.406,0.406,Healthy,Sub-Optimal
AME II,E002A,E02,2009,109,8,85113,0.40295367977741653,Stres Sedang,0.41561981439411405,Stres Sedang,Pokok Utama,109.24368894125115,-0.4234758713315291,2268,109.24370396,-0.42349647,4.08,0.419,0.419,Healthy,Sub-Optimal
AME II,E002A,E02,2009,109,9,85112,0.3752870367602353,Stres Berat,0.38514523659867683,Stres Berat,Pokok Utama,109.24376417131037,-0.42346967683730363,2725,109.24377133,-0.42346393,3.26,0.403,0.403,Healthy,Sub-Optimal
AME II,E002A,E02,2009,109,11,85033,0.38222461342163006,Stres Berat,0.4197710965322604,Stres Sedang,Pokok Utama,109.2439276131396,-0.42346996009350907,1686,109.24392494,-0.4234816,5.0,0.443,0.443,Healthy,Moderate
AME II,E002A,E02,2009,109,12,85102,0.3536944785642132,Stres Berat,0.3910612976984479,Stres Berat,Pokok Utama,109.24400570931364,-0.42346903562432503,2599,109.24399275,-0.42349653,3.5,0.465,0.465,Healthy,Good
AME II,E002A,E02,2009,109,13,85037,0.332848665838366,Stres Berat,0.3434159783173953,Stres Berat,Pokok Utama,109.24408144902063,-0.42347342068531457,2654,109.24405339,-0.42348434,3.4,0.351,0.351,Healthy,Critical
AME II,E002A,E02,2009,109,14,85096,0.3897140206217345,Stres Berat,0.40461676394617235,Stres Sedang,Pokok Utama,109.2441577866706,-0.4234592305890318,1320,109.24417736,-0.42344232,5.69,0.34,0.34,Suspect,Critical
AME II,E002A,E02,2009,109,15,85111,0.33488075488625935,Stres Berat,0.41220724693814614,Stres Sedang,Pokok Utama,109.24424714797462,-0.4234669068020147,1711,109.24425461,-0.42345726,4.95,0.398,0.398,Healthy,Sub-Optimal
AME II,E002A,E02,2009,109,16,85047,0.3587344229528751,Stres Berat,0.4178404862417772,Stres Sedang,Pokok Utama,109.24432510424977,-0.42346501107561796,2242,109.24429907,-0.42345772,4.13,0.417,0.417,Healthy,Sub-Optimal
AME II,E002A,E02,2009,109,17,85048,0.3264327132214876,Stres Berat,0.3892189582904896,Stres Berat,Pokok Utama,109.24439839535837,-0.42346502779031264,1580,109.24436958,-0.42348079,5.18,0.357,0.357,Suspect,Critical
AME II,E002A,E02,2009,109,18,85093,0.32195333185029507,Stres Berat,0.37695072165621263,Stres Berat,Pokok Utama,109.24448419188764,-0.42345866116535213,1194,109.24449175,-0.42344601,5.98,0.455,0.455,Healthy,Moderate
AME II,E002A,E02,2009,109,19,85053,0.38374136251065,Stres Berat,0.4008111309611994,Stres Sedang,Pokok Utama,109.24455527535049,-0.42346130618500744,1006,109.24453083,-0.42345054,6.43,0.416,0.416,Healthy,Sub-Optimal
AME II,E002A,E02,2009,109,20,85067,0.39622203149763097,Stres Berat,0.41077682105628577,Stres Sedang,Pokok Utama,109.2446450898103,-0.4234711709129105,1854,109.24466108,-0.42346142,4.66,0.551,0.551,Healthy,Good
AME II,E002A,E02,2009,109,22,85076,0.39770055940150567,Stres Berat,0.4293214262516291,Stres Sedang,Pokok Utama,109.24480861704936,-0.4234594929467188,1378,109.24480479,-0.42348677,5.56,0.414,0.414,Healthy,Sub-Optimal
AME II,E002A,E02,2009,109,23,84917,0.37527283805881956,Stres Berat,0.38994964837203844,Stres Berat,Pokok Utama,109.24489176674152,-0.42346350530898685,2120,109.24486274,-0.42344745,4.28,0.403,0.403,Healthy,Sub-Optimal
AME II,E002A,E02,2009,109,24,84903,0.4209219259111177,Stres Sedang,0.4351694250907978,Stres Sedang,Pokok Utama,109.24496222509936,-0.42345781521638043,879,109.24496694,-0.42346963,6.87,0.455,0.455,Healthy,Moderate
AME II,E002A,E02,2009,109,25,84891,0.4345217057472344,Stres Sedang,0.47055101358014784,Stres Sedang,Pokok Utama,109.24504872429395,-0.42345859545513626,927,109.24503701,-0.42344432,6.71,0.512,0.512,Healthy,Good
AME II,E002A,E02,2009,109,26,84895,0.43906349852218796,Stres Sedang,0.45365951710245334,Stres Sedang,Pokok Utama,109.24511583480471,-0.4234528277314303,1162,109.24509091,-0.42343393,6.03,0.457,0.457,Healthy,Moderate
AME II,E002A,E02,2009,110,1,84727,0.38063222864102525,Stres Berat,0.4111361943236898,Stres Sedang,Pokok Utama,109.24301551510202,-0.42342013469272954,546,109.24302802,-0.4234416,8.39,0.381,0.381,Healthy,Critical
AME II,E002A,E02,2009,110,3,84729,0.4202451323142309,Stres Sedang,0.4613128100693459,Stres Sedang,Pokok Utama,109.24317733862114,-0.42341444557551133,1510,109.2431978,-0.42341587,5.31,0.489,0.489,Healthy,Good
AME II,E002A,E02,2009,110,7,84772,0.2838021008321597,Stres Sangat Berat,0.3723205759012255,Stres Berat,Pokok Utama,109.24349071969162,-0.4234134183501358,3112,109.24345695,-0.42341186,2.21,0.483,0.483,Abnormal,Good
AME II,E002A,E02,2009,110,8,84776,0.3351685249244885,Stres Berat,0.38627575814330656,Stres Berat,Pokok Utama,109.24356584351013,-0.4234042803255682,3170,109.24359304,-0.42341234,1.73,0.413,0.413,Abnormal,Sub-Optimal
AME II,E002A,E02,2009,110,11,85027,0.33214858597293373,Stres Berat,0.40034407501830194,Stres Sedang,Pokok Utama,109.2438041489906,-0.4233978978570639,2139,109.24379381,-0.42338435,4.25,0.44,0.44,Healthy,Moderate
AME II,E002A,E02,2009,110,12,85034,0.34018773958692705,Stres Berat,0.39821906358254355,Stres Berat,Pokok Utama,109.24387259748191,-0.4233979134695382,2569,109.24384501,-0.42339929,3.59,0.387,0.387,Abnormal,Critical
AME II,E002A,E02,2009,110,13,85100,0.3474976389003941,Stres Berat,0.3750829938855145,Stres Berat,Pokok Utama,109.24404181711147,-0.4234017799798351,2094,109.24401927,-0.42341741,4.31,0.369,0.369,Suspect,Critical
AME II,E002A,E02,2009,110,15,85043,0.38080627622893404,Stres Berat,0.43697391737877267,Stres Sedang,Pokok Utama,109.24428519145864,-0.4233960931554313,2524,109.24427394,-0.42338039,3.67,0.444,0.444,Abnormal,Moderate
AME II,E002A,E02,2009,110,16,85049,0.35253026324078,Stres Berat,0.4015059115595463,Stres Sedang,Pokok Utama,109.24436419736102,-0.42339622601740123,1741,109.24433277,-0.42339126,4.88,0.426,0.426,Healthy,Sub-Optimal
AME II,E002A,E02,2009,110,17,85054,0.3328592466649546,Stres Berat,0.3761591130505824,Stres Berat,Pokok Utama,109.2445104126027,-0.4233944190987739,1702,109.24453534,-0.42337503,4.97,0.425,0.425,Healthy,Sub-Optimal
AME II,E002A,E02,2009,110,18,85071,0.40159212806578926,Stres Sedang,0.4217340479372069,Stres Sedang,Pokok Utama,109.24459000094063,-0.42338902950986984,1372,109.24462247,-0.42338861,5.56,0.449,0.449,Healthy,Moderate
AME II,E002A,E02,2009,110,20,85077,0.4021453231216385,Stres Sedang,0.4286912900552681,Stres Sedang,Pokok Utama,109.24475751236967,-0.4233917742792398,1697,109.24475272,-0.42338548,4.98,0.473,0.473,Healthy,Good
AME II,E002A,E02,2009,110,21,84918,0.37597589367911927,Stres Berat,0.4452467370334515,Stres Sedang,Pokok Utama,109.24482983259541,-0.4233871941904801,1909,109.24482322,-0.42341488,4.56,0.444,0.444,Healthy,Moderate
AME II,E002A,E02,2009,110,22,84904,0.3920115749608903,Stres Berat,0.4073519406106673,Stres Sedang,Pokok Utama,109.24492077373756,-0.4233880369325454,802,109.24490542,-0.42341761,7.16,0.356,0.356,Suspect,Critical
AME II,E002A,E02,2009,110,23,84892,0.3950446061263017,Stres Berat,0.41032513497578427,Stres Sedang,Pokok Utama,109.24501253746308,-0.42338595624732434,1342,109.24502804,-0.42339368,5.64,0.429,0.429,Healthy,Sub-Optimal
AME II,E002A,E02,2009,110,25,85895,0.43067699645700047,Stres Sedang,0.43976589324954035,Stres Sedang,Pokok Utama,109.24516491664065,-0.423380496428295,837,109.24517805,-0.42337608,7.04,0.439,0.439,Healthy,Moderate
AME II,E002A,E02,2009,111,1,84724,0.44331158109262686,Stres Sedang,0.4726994474871968,Stres Sedang,Pokok Utama,109.24303205318141,-0.4233484996060557,2672,109.24301367,-0.42333896,3.37,0.333,0.333,Healthy,Critical
AME II,E002A,E02,2009,111,3,84760,0.3612181560125982,Stres Berat,0.4324029228746049,Stres Sedang,Pokok Utama,109.24319026167366,-0.42334047474764747,1323,109.24319198,-0.42333131,5.68,0.48,0.48,Healthy,Good
AME II,E002A,E02,2009,111,5,84758,0.365552803836015,Stres Berat,0.425354119516701,Stres Sedang,Pokok Utama,109.24336479688837,-0.42334583638725465,1042,109.24338825,-0.4233508,6.34,0.595,0.595,Healthy,Good
AME II,E002A,E02,2009,111,6,84763,0.29988751953770476,Stres Sangat Berat,0.38010227028280497,Stres Berat,Pokok Utama,109.24345225997337,-0.4233421007692176,892,109.2434664,-0.42331148,6.85,0.416,0.416,Healthy,Sub-Optimal
AME II,E002A,E02,2009,111,7,84777,0.39330271583130394,Stres Berat,0.44795555467536796,Stres Sedang,Pokok Utama,109.24352171262812,-0.42334253168687275,415,109.24350188,-0.4233454,9.18,0.442,0.442,Healthy,Moderate
AME II,E002A,E02,2009,111,8,85014,0.4182072879585049,Stres Sedang,0.4590728905010567,Stres Sedang,Pokok Utama,109.2436001207675,-0.42334434280435185,956,109.24359485,-0.42336125,6.6,0.51,0.51,Healthy,Good
AME II,E002A,E02,2009,111,10,85020,0.3403161823992166,Stres Berat,0.3947982879228094,Stres Berat,Pokok Utama,109.24376516753237,-0.42333382090165234,1658,109.24373678,-0.42334274,5.04,0.501,0.501,Healthy,Good
AME II,E002A,E02,2009,111,12,85035,0.3739103323143419,Stres Berat,0.43997272099327733,Stres Sedang,Pokok Utama,109.24392733848217,-0.4233332981219581,854,109.24390251,-0.42334233,6.98,0.443,0.443,Healthy,Moderate
AME II,E002A,E02,2009,111,13,85101,0.38401825536779,Stres Berat,0.41786193896835,Stres Sedang,Pokok Utama,109.24400142080262,-0.4233379776028787,2689,109.24403006,-0.42334869,3.33,0.404,0.404,Abnormal,Sub-Optimal
AME II,E002A,E02,2009,111,14,85098,0.40703142701072775,Stres Sedang,0.42425274367447013,Stres Sedang,Pokok Utama,109.24408746451891,-0.42333479689446135,2601,109.24408172,-0.42331524,3.5,0.471,0.471,Abnormal,Good
AME II,E002A,E02,2009,111,17,85044,0.3806102251662408,Stres Berat,0.43536875676922726,Stres Sedang,Pokok Utama,109.24431911362231,-0.4233294266055393,1181,109.24434761,-0.42332796,5.99,0.452,0.452,Healthy,Moderate
AME II,E002A,E02,2009,111,21,85069,0.3652604338524294,Stres Berat,0.3967116514931212,Stres Berat,Pokok Utama,109.24462894109006,-0.42332137930490416,1597,109.24460542,-0.42331129,5.15,0.425,0.425,Healthy,Sub-Optimal
AME II,E002A,E02,2009,111,22,85078,0.3784050016299538,Stres Berat,0.4267684407800866,Stres Sedang,Pokok Utama,109.24470984759411,-0.4233182353974239,810,109.24470423,-0.42329413,7.13,0.468,0.468,Healthy,Good
AME II,E002A,E02,2009,111,23,84919,0.29775810969534017,Stres Sangat Berat,0.32527304684313446,Stres Berat,Pokok Utama,109.24479479523148,-0.42331601570382593,1393,109.24481068,-0.42328376,5.53,0.429,0.429,Healthy,Sub-Optimal
AME II,E002A,E02,2009,111,26,84893,0.44866924987769075,Stres Sedang,0.4838081926662618,Stres Sedang,Pokok Utama,109.24502821671214,-0.4233106720179064,1226,109.24503838,-0.42332179,5.89,0.49,0.49,Healthy,Good
AME II,E002A,E02,2009,111,28,84885,0.4058697331483094,Stres Sedang,0.4127639443640166,Stres Sedang,Pokok Utama,109.2452026722966,-0.4233114035648707,783,109.24517357,-0.42332453,7.22,0.378,0.378,Suspect,Critical
AME II,E002A,E02,2009,112,1,84725,0.38253307236758205,Stres Berat,0.4361796969311537,Stres Sedang,Pokok Utama,109.2429990521664,-0.42327770687837385,3036,109.24302132,-0.42326617,2.52,0.399,0.399,Healthy,Sub-Optimal
AME II,E002A,E02,2009,112,2,84731,0.4018795014594229,Stres Sedang,0.432380924836816,Stres Sedang,Pokok Utama,109.24307472135177,-0.423275946281636,3082,109.24307252,-0.42327884,2.35,0.421,0.421,Healthy,Sub-Optimal
AME II,E002A,E02,2009,112,3,84752,0.3509956492435025,Stres Berat,0.42794898580910745,Stres Sedang,Pokok Utama,109.24315231117907,-0.4232736109855555,1908,109.24313809,-0.42328835,4.56,0.531,0.531,Healthy,Good
AME II,E002A,E02,2009,112,5,84759,0.35126018440396417,Stres Berat,0.4430825456726451,Stres Sedang,Pokok Utama,109.24333333677653,-0.4232733891256033,480,109.24329978,-0.42328432,8.75,0.427,0.427,Healthy,Sub-Optimal
AME II,E002A,E02,2009,112,6,84764,0.33813549408794,Stres Berat,0.4204293566463377,Stres Sedang,Pokok Utama,109.24340209970534,-0.4232651548541069,1457,109.24338827,-0.42326535,5.41,0.45,0.45,Healthy,Moderate
AME II,E002A,E02,2009,112,7,84778,0.3329085670938559,Stres Berat,0.4151490792457532,Stres Sedang,Pokok Utama,109.2434841516971,-0.42326891919051035,720,109.24346641,-0.42326853,7.55,0.467,0.467,Healthy,Good
AME II,E002A,E02,2009,112,8,85015,0.37016497549559635,Stres Berat,0.4252037186414084,Stres Sedang,Pokok Utama,109.2435683758065,-0.42326431198480496,948,109.2435495,-0.42329432,6.63,0.442,0.442,Healthy,Moderate
AME II,E002A,E02,2009,112,9,85009,0.3952011450157642,Stres Berat,0.42838836755655074,Stres Sedang,Pokok Utama,109.24365051031869,-0.4232686460494432,1321,109.24362811,-0.42326269,5.69,0.469,0.469,Healthy,Good
AME II,E002A,E02,2009,112,10,85021,0.34441844115873227,Stres Berat,0.3724368257680908,Stres Berat,Pokok Utama,109.24372148703111,-0.4232705006831511,2545,109.24370311,-0.42326903,3.64,0.44,0.44,Abnormal,Moderate
AME II,E002A,E02,2009,112,11,85029,0.375476783786353,Stres Berat,0.4347253025115881,Stres Sedang,Pokok Utama,109.24380182880975,-0.4232658953019681,1428,109.24379158,-0.42329121,5.46,0.504,0.504,Healthy,Good
AME II,E002A,E02,2009,112,13,85036,0.39249008277241065,Stres Berat,0.4367861011106425,Stres Sedang,Pokok Utama,109.24395628749981,-0.4232639446710436,2647,109.24393801,-0.42327225,3.42,0.422,0.422,Abnormal,Sub-Optimal
AME II,E002A,E02,2009,112,14,85099,0.39190468631634096,Stres Berat,0.4153157070596548,Stres Sedang,Pokok Utama,109.24404188446545,-0.42326212121703277,1939,109.24401122,-0.42325283,4.51,0.505,0.505,Healthy,Good
AME II,E002A,E02,2009,112,15,85104,0.36324669534969484,Stres Berat,0.39774689066706925,Stres Berat,Pokok Utama,109.24410839540278,-0.4232620649407061,1136,109.24408578,-0.42323702,6.08,0.357,0.357,Suspect,Critical
AME II,E002A,E02,2009,112,16,85108,0.4249137553982912,Stres Sedang,0.4509564395171452,Stres Sedang,Pokok Utama,109.24418687186429,-0.4232597533463374,1366,109.24418593,-0.42327683,5.58,0.505,0.505,Healthy,Good
AME II,E002A,E02,2009,112,17,85110,0.39036712439163873,Stres Berat,0.44659809478219303,Stres Sedang,Pokok Utama,109.24425151664428,-0.4232616824933085,988,109.24422052,-0.42326508,6.5,0.429,0.429,Healthy,Sub-Optimal
AME II,E002A,E02,2009,112,18,85045,0.3712530823174721,Stres Berat,0.4238580705704274,Stres Sedang,Pokok Utama,109.24433372426331,-0.4232606178778262,978,109.24435616,-0.42326195,6.53,0.385,0.385,Healthy,Critical
AME II,E002A,E02,2009,112,21,85056,0.4138056078024514,Stres Sedang,0.4345190047752112,Stres Sedang,Pokok Utama,109.24456643960477,-0.4232514397926516,2290,109.24455153,-0.42324662,4.03,0.468,0.468,Healthy,Good
AME II,E002A,E02,2009,112,25,84920,0.38755802818312635,Stres Berat,0.4124928347849109,Stres Sedang,Pokok Utama,109.24482575133987,-0.4232491449876907,1159,109.24481384,-0.42321729,6.04,0.446,0.446,Healthy,Moderate
AME II,E002A,E02,2009,112,27,84906,0.41196845452822434,Stres Sedang,0.44682946364835974,Stres Sedang,Pokok Utama,109.24498330500732,-0.4232456984163935,999,109.24497686,-0.42327294,6.46,0.561,0.561,Healthy,Good
AME II,E002A,E02,2009,112,28,84894,0.4430126529449878,Stres Sedang,0.4863940949397798,Stres Sedang,Pokok Utama,109.24506778829016,-0.423247287537541,849,109.2450595,-0.42327432,7.01,0.533,0.533,Healthy,Good
AME II,E002A,E02,2009,112,29,84886,0.4547068630796133,Stres Sedang,0.45932110401019655,Stres Sedang,Pokok Utama,109.24515147720237,-0.42323822197017763,938,109.24512239,-0.42324449,6.67,0.373,0.373,Suspect,Critical
AME II,E002A,E02,2009,113,1,84726,0.3615210232983195,Stres Berat,0.42725413654979905,Stres Sedang,Pokok Utama,109.24295958327099,-0.42320828179197334,430,109.24297732,-0.42320331,9.1,0.454,0.454,Healthy,Moderate
AME II,E002A,E02,2009,113,4,84751,0.38077582933715454,Stres Berat,0.44302686475445835,Stres Sedang,Pokok Utama,109.24319754728717,-0.42319806861467313,992,109.2431947,-0.4231916,6.49,0.512,0.512,Healthy,Good
AME II,E002A,E02,2009,113,5,328952,0.3417848662765471,Stres Berat,0.407391365385872,Stres Sedang,Tamb,109.24327475484358,-0.42319799398383884,1451,109.24329172,-0.42316992,5.41,0.382,0.382,Healthy,Critical
AME II,E002A,E02,2009,113,7,84779,0.3315482739205907,Stres Berat,0.397113081156258,Stres Berat,Pokok Utama,109.24344323569866,-0.42319137040558985,1254,109.2434269,-0.42321833,5.83,0.467,0.467,Healthy,Good
AME II,E002A,E02,2009,113,8,85016,0.3476023729434799,Stres Berat,0.41406509587980184,Stres Sedang,Pokok Utama,109.2435233896169,-0.4231992235635123,754,109.24350281,-0.42322106,7.36,0.422,0.422,Healthy,Sub-Optimal
AME II,E002A,E02,2009,113,9,85010,0.38783418346895726,Stres Berat,0.42049089664270956,Stres Sedang,Pokok Utama,109.24361000262374,-0.4231929014360333,1630,109.24359039,-0.42320842,5.09,0.458,0.458,Healthy,Moderate
AME II,E002A,E02,2009,113,11,85030,0.31022008327805267,Stres Berat,0.3695011224167851,Stres Berat,Pokok Utama,109.24376997169217,-0.4231892519696093,1247,109.24374714,-0.42320891,5.84,0.423,0.423,Healthy,Sub-Optimal
AME II,E002A,E02,2009,113,13,85039,0.3520642090923051,Stres Berat,0.3988531611662788,Stres Berat,Pokok Utama,109.24400667249003,-0.4231845746164875,847,109.24398024,-0.42319811,7.01,0.513,0.513,Healthy,Good
AME II,E002A,E02,2009,113,14,85105,0.3794058654366074,Stres Berat,0.40064534262475243,Stres Sedang,Pokok Utama,109.24407571370894,-0.42318121459049085,827,109.24404447,-0.42318185,7.07,0.466,0.466,Healthy,Good
AME II,E002A,E02,2009,113,15,85106,0.4104850570339171,Stres Sedang,0.43045001996597776,Stres Sedang,Pokok Utama,109.24413949847809,-0.4231807408057853,932,109.2441316,-0.423209,6.7,0.4,0.4,Healthy,Sub-Optimal
AME II,E002A,E02,2009,113,16,85107,0.37084644053096943,Stres Berat,0.41846259122675245,Stres Sedang,Pokok Utama,109.2442301000101,-0.4231817001233001,505,109.24422817,-0.42318415,8.59,0.434,0.434,Healthy,Moderate
AME II,E002A,E02,2009,113,17,85046,0.3785143692843598,Stres Berat,0.4411728016139151,Stres Sedang,Pokok Utama,109.2443099557386,-0.423185547144199,766,109.24433641,-0.42318372,7.31,0.48,0.48,Healthy,Good
AME II,E002A,E02,2009,113,18,85052,0.38675509281203735,Stres Berat,0.4169407737280133,Stres Sedang,Pokok Utama,109.24438421844546,-0.4231750542556655,780,109.24439794,-0.42318012,7.23,0.414,0.414,Healthy,Sub-Optimal
AME II,E002A,E02,2009,113,20,85057,0.3964903764790743,Stres Berat,0.4344838557123136,Stres Sedang,Pokok Utama,109.24453297248144,-0.42317602682223926,1277,109.24455829,-0.42317563,5.77,0.437,0.437,Healthy,Moderate
AME II,E002A,E02,2009,113,22,85062,0.40365375936549924,Stres Sedang,0.420534320424075,Stres Sedang,Pokok Utama,109.24470734319092,-0.42316649631182157,968,109.2447074,-0.42318426,6.56,0.441,0.441,Healthy,Moderate
AME II,E002A,E02,2009,113,24,84924,0.39508355605783374,Stres Berat,0.3997646333737547,Stres Berat,Pokok Utama,109.24486482199974,-0.4231723314913009,578,109.24489694,-0.4231843,8.26,0.427,0.427,Healthy,Sub-Optimal
AME II,E002A,E02,2009,113,25,84907,0.38892939377666136,Stres Berat,0.39138065763611424,Stres Berat,Pokok Utama,109.24495804016927,-0.42317760763770373,661,109.24494454,-0.42320466,7.8,0.384,0.384,Healthy,Critical
AME II,E002A,E02,2009,114,1,84733,0.4181181554341135,Stres Sedang,0.4656379093803993,Stres Sedang,Pokok Utama,109.24299865116204,-0.42313568785714867,303,109.24299665,-0.42312645,9.79,0.548,0.548,Healthy,Good
AME II,E002A,E02,2009,114,3,84753,0.4270878050487457,Stres Sedang,0.4710242512955461,Stres Sedang,Pokok Utama,109.24315804623245,-0.4231357965511437,704,109.24314846,-0.42312241,7.63,0.499,0.499,Healthy,Good
AME II,E002A,E02,2009,114,5,84766,0.3411238552378559,Stres Berat,0.3849214768313044,Stres Berat,Pokok Utama,109.24330993056748,-0.4231371532758238,1252,109.24329802,-0.42312561,5.83,0.45,0.45,Healthy,Moderate
AME II,E002A,E02,2009,114,6,84780,0.35426328611869934,Stres Berat,0.4024334079486774,Stres Sedang,Pokok Utama,109.24339951794822,-0.4231339372028729,668,109.24337931,-0.42313105,7.78,0.404,0.404,Healthy,Sub-Optimal
AME II,E002A,E02,2009,114,7,83691,0.37582129364854006,Stres Berat,0.42426672107389135,Stres Sedang,Pokok Utama,109.24348141839144,-0.4231285553791086,671,109.2434642,-0.4231356,7.77,0.431,0.431,Healthy,Moderate
AME II,E002A,E02,2009,114,8,85011,0.3850182527037777,Stres Berat,0.443393433362514,Stres Sedang,Pokok Utama,109.24356985883068,-0.42313666814963663,584,109.24354415,-0.42312883,8.22,0.442,0.442,Healthy,Moderate
AME II,E002A,E02,2009,114,9,85023,0.3608741580482272,Stres Berat,0.4115413902525929,Stres Sedang,Pokok Utama,109.24365590509352,-0.42312606039736556,1029,109.24363083,-0.42314875,6.38,0.395,0.395,Healthy,Sub-Optimal
AME II,E002A,E02,2009,114,14,85040,0.37886052857704516,Stres Berat,0.41782340316980093,Stres Sedang,Pokok Utama,109.24403483547242,-0.42309942009100404,306,109.24405348,-0.42309232,9.77,0.546,0.546,Healthy,Good
AME II,E002A,E02,2009,115,1,84734,0.31095127837998526,Stres Berat,0.3669814685264507,Stres Berat,Pokok Utama,109.24295738953572,-0.4230572645533519,463,109.2429742,-0.42308258,8.84,0.391,0.391,Healthy,Sub-Optimal
AME II,E002A,E02,2009,115,2,84737,0.3504523749775393,Stres Berat,0.40398884871742524,Stres Sedang,Pokok Utama,109.24303272272041,-0.42306367695937225,739,109.24302766,-0.42304597,7.47,0.4,0.4,Healthy,Sub-Optimal
AME II,E002A,E02,2009,115,3,84754,0.3650892880533038,Stres Berat,0.40987247236672286,Stres Sedang,Pokok Utama,109.24312383836603,-0.4230630520624403,1169,109.24310356,-0.42305865,6.01,0.517,0.517,Healthy,Good
AME II,E002A,E02,2009,115,4,84762,0.3586027151534142,Stres Berat,0.4200720240091226,Stres Sedang,Pokok Utama,109.24320414571291,-0.42305165716677035,488,109.24319698,-0.42305415,8.71,0.465,0.465,Healthy,Good
AME II,E002A,E02,2009,115,5,84767,0.3493758267644442,Stres Berat,0.38534718225089587,Stres Berat,Pokok Utama,109.24327500615358,-0.4230511877110614,515,109.24327244,-0.42305055,8.56,0.466,0.466,Healthy,Good
AME II,E002A,E02,2009,115,6,84781,0.3551670686930199,Stres Berat,0.4105083172937401,Stres Sedang,Pokok Utama,109.24335915872264,-0.42305308332392666,718,109.24335508,-0.42305418,7.56,0.459,0.459,Healthy,Moderate
AME II,E002A,E02,2009,115,8,85019,0.38616578157121495,Stres Berat,0.4308759776287291,Stres Sedang,Pokok Utama,109.24352472462307,-0.4230666928444766,1280,109.24350958,-0.42305196,5.77,0.426,0.426,Healthy,Sub-Optimal
AME II,E002A,E02,2009,115,9,85012,0.4217052039502431,Stres Sedang,0.4682126095211108,Stres Sedang,Pokok Utama,109.24357568766389,-0.42308904617084225,792,109.24356841,-0.42309221,7.19,0.484,0.484,Healthy,Good
AME II,E002A,E02,2009,115,11,85024,0.39636932926400664,Stres Berat,0.4468598852375964,Stres Sedang,Pokok Utama,109.24366258814291,-0.423078624897401,664,109.24368564,-0.42305833,7.79,0.513,0.513,Healthy,Good
