Tree_ID,Longitude,Latitude,Height_m,NDRE_Value,Classification,Health_Status,Action,Block_Name
1,109.24308530324474,-0.43113941255145843,0.0,0.3443004944834675,Abnormal,Abnormal,Monitor,E002A
2,109.24319303136707,-0.43112841955748116,0.0,0.43592422845519607,Normal,Normal,Routine,E002A
3,109.2432740319135,-0.4311422986259685,0.0,0.4187110715669162,Normal,Normal,Routine,E002A
4,109.24333442344442,-0.43114006275145583,0.0,0.4345192062260332,Normal,Normal,Routine,E002A
5,109.2434085575343,-0.4311267279425137,0.0,0.42260210284103567,Normal,Normal,Routine,E002A
6,109.24349842926169,-0.43111793186668673,0.0,0.4663045774793596,Normal,Normal,Routine,E002A
7,109.24359858176503,-0.4311286684081973,0.0,0.3841521378080766,Abnormal,Abnormal,Monitor,E002A
8,109.24382708079649,-0.4311194505668874,0.0,0.4176280143672418,Normal,Normal,Routine,E002A
9,109.24392864637893,-0.4311141839816596,0.0,0.47275994686732215,Normal,Normal,Routine,E002A
10,109.24395102818717,-0.43114778584982794,0.0,0.43854583429996497,Normal,Normal,Routine,E002A
11,109.24403543898886,-0.4311090976603499,0.0,0.4038622757759369,Normal,Normal,Routine,E002A
12,109.244161199408,-0.43112046682589383,0.0,0.4108369272730925,Normal,Normal,Routine,E002A
13,109.24431809631213,-0.43112200168759596,0.0,0.4295029155362014,Normal,Normal,Routine,E002A
14,109.2443609296798,-0.43112197636505334,0.0,0.4515171734241394,Normal,Normal,Routine,E002A
15,109.24453860981178,-0.43112041066998363,0.0,0.408476579751001,Normal,Normal,Routine,E002A
16,109.24462999105474,-0.43111396701879595,0.0,0.44828878521096377,Normal,Normal,Routine,E002A
17,109.24472270563275,-0.4311297885322922,0.0,0.41932428370464897,Normal,Normal,Routine,E002A
18,109.24475590028909,-0.4310836776620239,0.0,0.44957404982503274,Normal,Normal,Routine,E002A
19,109.24478545324574,-0.43111640403250595,0.0,0.3922371968671724,Abnormal,Abnormal,Monitor,E002A
20,109.24487097603057,-0.431133128179784,0.0,0.384216214134784,Abnormal,Abnormal,Monitor,E002A
21,109.2449532505222,-0.43114650926740783,0.0,0.46787253962567127,Normal,Normal,Routine,E002A
22,109.2450269596536,-0.43112592362577296,0.0,0.4620030959572633,Normal,Normal,Routine,E002A
23,109.24510681635942,-0.43112594215980854,0.0,0.432321055501601,Normal,Normal,Routine,E002A
24,109.2451904745932,-0.4311297894929977,0.0,0.4090668306887132,Normal,Normal,Routine,E002A
25,109.24312996872645,-0.4310742507354763,0.0,0.4389487932534305,Normal,Normal,Routine,E002A
26,109.24323953586537,-0.43105826189106405,0.0,0.45208932528734996,Normal,Normal,Routine,E002A
27,109.24330234156612,-0.4310616513384926,0.0,0.46512178415837496,Normal,Normal,Routine,E002A
28,109.24346723805502,-0.4310726733036213,0.0,0.48512844600835003,Normal,Normal,Routine,E002A
29,109.24351552779656,-0.4310675426534551,0.0,0.46434543970004327,Normal,Normal,Routine,E002A
30,109.24361030899725,-0.4310570168772913,0.0,0.35865823684084824,Abnormal,Abnormal,Monitor,E002A
31,109.24371849750726,-0.43105585194016527,0.0,0.4689326862935799,Normal,Normal,Routine,E002A
32,109.2437896198131,-0.431073359486563,0.0,0.4528789271433957,Normal,Normal,Routine,E002A
33,109.2438623584748,-0.4310657919883505,0.0,0.4361161959980586,Normal,Normal,Routine,E002A
34,109.2439572949191,-0.43105211022385015,0.0,0.4772413077211021,Normal,Normal,Routine,E002A
35,109.24402341925392,-0.43105775757770826,0.0,0.4307964313098281,Normal,Normal,Routine,E002A
36,109.24409136751581,-0.43107330837935093,0.0,0.39649463794760675,Abnormal,Abnormal,Monitor,E002A
37,109.24420494241124,-0.43106691871799635,0.0,0.40297445698775086,Normal,Normal,Routine,E002A
38,109.24428569296663,-0.43108217859361403,0.0,0.45777673734185503,Normal,Normal,Routine,E002A
39,109.2443376444486,-0.43105591612177396,0.0,0.4211825159650032,Normal,Normal,Routine,E002A
40,109.24440568214571,-0.4310497030748469,0.0,0.4444260990326023,Normal,Normal,Routine,E002A
41,109.24448554057771,-0.4310420648756599,0.0,0.44036572404400515,Normal,Normal,Routine,E002A
42,109.24467709354144,-0.43104113268928584,0.0,0.36842862157429185,Abnormal,Abnormal,Monitor,E002A
43,109.24499603453101,-0.43105220484886336,0.0,0.4540352380440252,Normal,Normal,Routine,E002A
44,109.24503777012312,-0.4309976805009979,0.0,0.47468202448320174,Normal,Normal,Routine,E002A
45,109.24507070881587,-0.4310455402775196,0.0,0.46905994660577177,Normal,Normal,Routine,E002A
46,109.2451334498648,-0.43106086831531965,0.0,0.40668773888645315,Normal,Normal,Routine,E002A
47,109.243181090053,-0.431005405381833,0.0,0.4900570475997833,Normal,Normal,Routine,E002A
48,109.24338426231095,-0.4310034079423192,0.0,0.45255714749760256,Normal,Normal,Routine,E002A
49,109.24342576245246,-0.4310001783675757,0.0,0.4534379385481078,Normal,Normal,Routine,E002A
50,109.24351336205956,-0.4310244087092933,0.0,0.44764493942797723,Normal,Normal,Routine,E002A
51,109.2436058809182,-0.43102383878134537,0.0,0.4437035548794377,Normal,Normal,Routine,E002A
52,109.243667090461,-0.4309838222146564,0.0,0.39882697441722625,Abnormal,Abnormal,Monitor,E002A
53,109.24376122910898,-0.43099025467738356,0.0,0.44944107624571983,Normal,Normal,Routine,E002A
54,109.24381013305043,-0.4310174810332836,0.0,0.47728606621388525,Normal,Normal,Routine,E002A
55,109.24387305216406,-0.4309572129892055,0.0,0.3884500639327038,Abnormal,Abnormal,Monitor,E002A
56,109.24395923779697,-0.4309897734418676,0.0,0.4264943655837276,Normal,Normal,Routine,E002A
57,109.24405956097144,-0.43098885806594944,0.0,0.4444011893007252,Normal,Normal,Routine,E002A
58,109.24416495180313,-0.4309819203010667,0.0,0.4500968814557857,Normal,Normal,Routine,E002A
59,109.24420734764324,-0.430958638907452,0.0,0.47106991787411734,Normal,Normal,Routine,E002A
60,109.24425249441883,-0.43098845070146063,0.0,0.4348664026502872,Normal,Normal,Routine,E002A
61,109.24436643895437,-0.4309722919286967,0.0,0.4531277463965708,Normal,Normal,Routine,E002A
62,109.24440769509981,-0.4309833828376286,0.0,0.44391307029292454,Normal,Normal,Routine,E002A
63,109.24453741508147,-0.4309636331158397,0.0,0.40131903307752925,Normal,Normal,Routine,E002A
64,109.24462677821333,-0.43096365385415697,0.0,0.429976000987853,Normal,Normal,Routine,E002A
65,109.24475377451753,-0.4309915078395438,0.0,0.4000260383876346,Normal,Normal,Routine,E002A
66,109.24493376013122,-0.43096041533551754,0.0,0.38802263577814966,Abnormal,Abnormal,Monitor,E002A
67,109.24501467295154,-0.4309340664223074,0.0,0.43631243148521215,Normal,Normal,Routine,E002A
68,109.24509638753611,-0.43095262631800313,0.0,0.4747420129211231,Normal,Normal,Routine,E002A
69,109.24514422811014,-0.4309595734261314,0.0,0.46589104501721096,Normal,Normal,Routine,E002A
70,109.24305177966077,-0.43094726756615465,0.0,0.46152195017807196,Normal,Normal,Routine,E002A
71,109.24308919056965,-0.4309766091226035,0.0,0.4592929622547977,Normal,Normal,Routine,E002A
72,109.24316918395924,-0.4309481819547496,0.0,0.48987932631535247,Normal,Normal,Routine,E002A
73,109.24322223000367,-0.4309668039213991,0.0,0.5169548978194869,Healthy,Healthy,None,E002A
74,109.24325309240282,-0.43097302093647405,0.0,0.5035734112722543,Healthy,Healthy,None,E002A
75,109.24330579091801,-0.4309520045174752,0.0,0.4486982239414748,Normal,Normal,Routine,E002A
76,109.2433938957245,-0.4309157931787293,0.0,0.4447073579031663,Normal,Normal,Routine,E002A
77,109.24346846346377,-0.43093084633738643,0.0,0.4628592820068619,Normal,Normal,Routine,E002A
78,109.24354447768081,-0.4309408791424374,0.0,0.4417770585563583,Normal,Normal,Routine,E002A
79,109.24363474680447,-0.43090700501712226,0.0,0.4119922444649849,Normal,Normal,Routine,E002A
80,109.2438725871489,-0.4309088824018112,0.0,0.46159411279708995,Normal,Normal,Routine,E002A
81,109.24404571928403,-0.43088368620027184,0.0,0.4166053694241471,Normal,Normal,Routine,E002A
82,109.24425073798552,-0.43089956994069367,0.0,0.47114763738943033,Normal,Normal,Routine,E002A
83,109.24430739413364,-0.43094607965271475,0.0,0.4756584542626484,Normal,Normal,Routine,E002A
84,109.24434676662007,-0.4309256777601605,0.0,0.45292974886699366,Normal,Normal,Routine,E002A
85,109.24454101846499,-0.4308991137109351,0.0,0.3992045109136766,Abnormal,Abnormal,Monitor,E002A
86,109.24462848610402,-0.43087616469807416,0.0,0.4408643463865419,Normal,Normal,Routine,E002A
87,109.244675412847,-0.4308764532067958,0.0,0.43333064735454374,Normal,Normal,Routine,E002A
88,109.24477679050443,-0.43088002792662977,0.0,0.3714945471011042,Abnormal,Abnormal,Monitor,E002A
89,109.24486839411502,-0.430883235039412,0.0,0.4343210020538707,Normal,Normal,Routine,E002A
90,109.24487880628685,-0.4309213420954731,0.0,0.41903568075096403,Normal,Normal,Routine,E002A
91,109.24494411936871,-0.43090406877146914,0.0,0.44474268078768175,Normal,Normal,Routine,E002A
92,109.24507223213047,-0.43090106003061635,0.0,0.4686906037117856,Normal,Normal,Routine,E002A
93,109.24512591329217,-0.4309197816223634,0.0,0.4779550246854687,Normal,Normal,Routine,E002A
94,109.24304181380293,-0.43084708478973655,0.0,0.44656992221500935,Normal,Normal,Routine,E002A
95,109.24311875652491,-0.43084663332299616,0.0,0.46570494266243667,Normal,Normal,Routine,E002A
96,109.2431345489355,-0.43081595399780487,0.0,0.46966758528102687,Normal,Normal,Routine,E002A
97,109.24327353699181,-0.4308638871867713,0.0,0.47496519364656076,Normal,Normal,Routine,E002A
98,109.24340602942542,-0.43083822851251524,0.0,0.43362676340620965,Normal,Normal,Routine,E002A
99,109.2435183402039,-0.43084839182116297,0.0,0.4468275148086731,Normal,Normal,Routine,E002A
100,109.24358940870411,-0.4308223282215683,0.0,0.4229069328963416,Normal,Normal,Routine,E002A
101,109.24368066995103,-0.4308414907867195,0.0,0.37940133417328664,Abnormal,Abnormal,Monitor,E002A
102,109.24376623371086,-0.4308281115890609,0.0,0.46939778603425547,Normal,Normal,Routine,E002A
103,109.24384228839936,-0.4308262157358492,0.0,0.44175643843596707,Normal,Normal,Routine,E002A
104,109.24390652125787,-0.43082664571862966,0.0,0.44388088786208235,Normal,Normal,Routine,E002A
105,109.24397686839873,-0.4308400611045696,0.0,0.41659865311316185,Normal,Normal,Routine,E002A
106,109.24408756022069,-0.43083584289831295,0.0,0.4025013430703334,Normal,Normal,Routine,E002A
107,109.24415221121028,-0.4308148030088772,0.0,0.4396166332695339,Normal,Normal,Routine,E002A
108,109.24424822701354,-0.4308263099399751,0.0,0.44728470694893663,Normal,Normal,Routine,E002A
109,109.24433404061729,-0.4308360420692886,0.0,0.44953784349266207,Normal,Normal,Routine,E002A
110,109.2444003355567,-0.43082634523342983,0.0,0.4329446261522473,Normal,Normal,Routine,E002A
111,109.24448626110076,-0.43084153576312406,0.0,0.4042270234844706,Normal,Normal,Routine,E002A
112,109.24456575164577,-0.43083212593799836,0.0,0.42157437950820176,Normal,Normal,Routine,E002A
113,109.24464764995705,-0.4308210346653257,0.0,0.4442903092670956,Normal,Normal,Routine,E002A
114,109.24473237419558,-0.43084940966068824,0.0,0.4841156895185734,Normal,Normal,Routine,E002A
115,109.24479907526886,-0.4308275048159368,0.0,0.3931389721753719,Abnormal,Abnormal,Monitor,E002A
116,109.24491560555266,-0.43080923778400376,0.0,0.500023466755084,Healthy,Healthy,None,E002A
117,109.24495846713546,-0.4308272795396788,0.0,0.4669593129430089,Normal,Normal,Routine,E002A
118,109.24503929687414,-0.43083032137446114,0.0,0.500919344454521,Healthy,Healthy,None,E002A
119,109.24513952015894,-0.43082651670149924,0.0,0.4584036058760262,Normal,Normal,Routine,E002A
120,109.24308511527522,-0.43076413230432276,0.0,0.45725838899898474,Normal,Normal,Routine,E002A
121,109.24323118126995,-0.4307787951196399,0.0,0.46320296568913505,Normal,Normal,Routine,E002A
122,109.24337883822918,-0.43076945629713703,0.0,0.4393735083193481,Normal,Normal,Routine,E002A
123,109.24347317592542,-0.4307656593232595,0.0,0.45994042007192776,Normal,Normal,Routine,E002A
124,109.24354971584184,-0.4307551672795336,0.0,0.47943566745820165,Normal,Normal,Routine,E002A
125,109.24364836133032,-0.43077640331341177,0.0,0.42484002547384525,Normal,Normal,Routine,E002A
126,109.24372044695458,-0.4307805255792232,0.0,0.4397734638877587,Normal,Normal,Routine,E002A
127,109.24376261521165,-0.43076250808431915,0.0,0.47326197396485314,Normal,Normal,Routine,E002A
128,109.24386996131005,-0.43076061858548115,0.0,0.4112170990271123,Normal,Normal,Routine,E002A
129,109.24396018487853,-0.43076881984784904,0.0,0.4433076918518701,Normal,Normal,Routine,E002A
130,109.24406312316853,-0.43076293501639407,0.0,0.340217868292898,Abnormal,Abnormal,Monitor,E002A
131,109.24420599850976,-0.4307621588147803,0.0,0.45531608440324156,Normal,Normal,Routine,E002A
132,109.24429387473263,-0.4307593261254113,0.0,0.4652305031105733,Normal,Normal,Routine,E002A
133,109.24449115197393,-0.43077193447330114,0.0,0.41698428540436244,Normal,Normal,Routine,E002A
134,109.24460418807652,-0.430729548861843,0.0,0.44243410705947134,Normal,Normal,Routine,E002A
135,109.24476529201509,-0.43075297332456847,0.0,0.46093506474622226,Normal,Normal,Routine,E002A
136,109.244850036713,-0.4307665521068618,0.0,0.42454906504911216,Normal,Normal,Routine,E002A
137,109.24507200726403,-0.4307610538726877,0.0,0.4611869684527986,Normal,Normal,Routine,E002A
138,109.24515478402408,-0.43075033536518814,0.0,0.4612823788091178,Normal,Normal,Routine,E002A
139,109.24303487853989,-0.4307006241230853,0.0,0.401579524500592,Normal,Normal,Routine,E002A
140,109.24311161302974,-0.43071512072621987,0.0,0.44138759594318,Normal,Normal,Routine,E002A
141,109.24316931425155,-0.4307127413349949,0.0,0.45824243747091925,Normal,Normal,Routine,E002A
142,109.24325830344064,-0.4307214432975547,0.0,0.3908393810127192,Abnormal,Abnormal,Monitor,E002A
143,109.24334019844996,-0.4307088291951966,0.0,0.4305573204020206,Normal,Normal,Routine,E002A
144,109.24340620036155,-0.4307115736997159,0.0,0.4389779672571908,Normal,Normal,Routine,E002A
145,109.24365280719469,-0.4307083989511882,0.0,0.407291094787345,Normal,Normal,Routine,E002A
146,109.24375206210081,-0.43067696489718094,0.0,0.42212263100287495,Normal,Normal,Routine,E002A
147,109.24382147460732,-0.43069222303060073,0.0,0.4198031586376435,Normal,Normal,Routine,E002A
148,109.24390147377464,-0.43068966251927726,0.0,0.3922118738494713,Abnormal,Abnormal,Monitor,E002A
149,109.24398219420723,-0.43070302966576607,0.0,0.34695816169361454,Abnormal,Abnormal,Monitor,E002A
150,109.24404919010246,-0.43068803196738187,0.0,0.45760391489002045,Normal,Normal,Routine,E002A
151,109.2442212283041,-0.4306817697870511,0.0,0.43917163467929415,Normal,Normal,Routine,E002A
152,109.24432766469127,-0.4306946337743387,0.0,0.4558505404031259,Normal,Normal,Routine,E002A
153,109.24437519740891,-0.43070038712599457,0.0,0.41433657040273336,Normal,Normal,Routine,E002A
154,109.24445949414182,-0.43068913544097737,0.0,0.436673237154117,Normal,Normal,Routine,E002A
155,109.24454809073559,-0.43066299901238675,0.0,0.4297712563698483,Normal,Normal,Routine,E002A
156,109.24465688465341,-0.43068573130263027,0.0,0.4612134807538314,Normal,Normal,Routine,E002A
157,109.24473218473936,-0.430668507313986,0.0,0.4997091619012592,Normal,Normal,Routine,E002A
158,109.24479025204205,-0.43068386409732506,0.0,0.4558243891766837,Normal,Normal,Routine,E002A
159,109.2448796165278,-0.43068193242804254,0.0,0.43359260335385513,Normal,Normal,Routine,E002A
160,109.24497369594101,-0.43068054895443836,0.0,0.3980121022138965,Abnormal,Abnormal,Monitor,E002A
161,109.24503839697793,-0.4306842987301617,0.0,0.45194426810967026,Normal,Normal,Routine,E002A
162,109.24511776765422,-0.430692425119476,0.0,0.4710215181784522,Normal,Normal,Routine,E002A
163,109.24521185056587,-0.43066794753472976,0.0,0.47515195218712475,Normal,Normal,Routine,E002A
164,109.24307705494607,-0.43063911329522286,0.0,0.44687932914139167,Normal,Normal,Routine,E002A
165,109.24321594442267,-0.43062718612476675,0.0,0.43686950720466294,Normal,Normal,Routine,E002A
166,109.24329834084466,-0.4306451755515856,0.0,0.44348927460000237,Normal,Normal,Routine,E002A
167,109.24338561518711,-0.43065800073311117,0.0,0.44538226056628283,Normal,Normal,Routine,E002A
168,109.24347291661047,-0.430638879612204,0.0,0.43098671387981724,Normal,Normal,Routine,E002A
169,109.2435402081273,-0.4306273355216759,0.0,0.42617174235283256,Normal,Normal,Routine,E002A
170,109.2436044773436,-0.43061800084498103,0.0,0.43919181286985015,Normal,Normal,Routine,E002A
171,109.24380206113032,-0.4306410241207545,0.0,0.4460871931649028,Normal,Normal,Routine,E002A
172,109.24387466054986,-0.4306099284149095,0.0,0.4388656807267505,Normal,Normal,Routine,E002A
173,109.24395980948863,-0.43060754724165795,0.0,0.46832744783471125,Normal,Normal,Routine,E002A
174,109.24409521674535,-0.43061380748983913,0.0,0.44692746041057346,Normal,Normal,Routine,E002A
175,109.24418888220437,-0.4306233641879527,0.0,0.4183005558050376,Normal,Normal,Routine,E002A
176,109.24429396684064,-0.43059629382441633,0.0,0.4940720711934663,Normal,Normal,Routine,E002A
177,109.24432685438036,-0.43062819894248444,0.0,0.4773039625387023,Normal,Normal,Routine,E002A
178,109.24440608516781,-0.4306272786504587,0.0,0.4519655210656805,Normal,Normal,Routine,E002A
179,109.24451246385793,-0.43059791074603754,0.0,0.4326282281472166,Normal,Normal,Routine,E002A
180,109.24460367524101,-0.4305918016224403,0.0,0.44141901881845147,Normal,Normal,Routine,E002A
181,109.24471030926864,-0.4305928952331136,0.0,0.4702394333882974,Normal,Normal,Routine,E002A
182,109.24478759504453,-0.4306166755359549,0.0,0.4697009285243247,Normal,Normal,Routine,E002A
183,109.24490812631227,-0.43064129420870745,0.0,0.485563565821977,Normal,Normal,Routine,E002A
184,109.24500115474773,-0.43062025997058306,0.0,0.4694439885958129,Normal,Normal,Routine,E002A
185,109.24508793502693,-0.4306452786595608,0.0,0.4912599474460155,Normal,Normal,Routine,E002A
186,109.24514820497733,-0.43062501271631215,0.0,0.4841883776333326,Normal,Normal,Routine,E002A
187,109.24304120028063,-0.4305686435157355,0.0,0.44807071718328645,Normal,Normal,Routine,E002A
188,109.24312355524428,-0.43055188961924756,0.0,0.4581523373351285,Normal,Normal,Routine,E002A
189,109.243164187767,-0.4305716607756939,0.0,0.44813455650658357,Normal,Normal,Routine,E002A
190,109.2432775025697,-0.4305632092299993,0.0,0.43241189990867945,Normal,Normal,Routine,E002A
191,109.24334569444042,-0.4305974800438171,0.0,0.4264365949568485,Normal,Normal,Routine,E002A
192,109.24352643355765,-0.4305428532495503,0.0,0.4738860559624595,Normal,Normal,Routine,E002A
193,109.24360195916526,-0.43054481230815833,0.0,0.4518622295903014,Normal,Normal,Routine,E002A
194,109.24383094340875,-0.430550580618111,0.0,0.45561865931804846,Normal,Normal,Routine,E002A
195,109.24399635812745,-0.430562103633608,0.0,0.4423437173335025,Normal,Normal,Routine,E002A
196,109.24406215925595,-0.43054736337924066,0.0,0.47239651713832503,Normal,Normal,Routine,E002A
197,109.24417033331221,-0.43055448724588696,0.0,0.4265955742879399,Normal,Normal,Routine,E002A
198,109.2442288028697,-0.4305430360479011,0.0,0.4585556883265441,Normal,Normal,Routine,E002A
199,109.2443257954701,-0.4305568536859553,0.0,0.47146088776555495,Normal,Normal,Routine,E002A
200,109.24446565296975,-0.4305545593425854,0.0,0.4015102605948384,Normal,Normal,Routine,E002A
201,109.24464228162523,-0.4305551383547517,0.0,0.45122981380513383,Normal,Normal,Routine,E002A
202,109.24472395956894,-0.4305453094251938,0.0,0.48513611594812067,Normal,Normal,Routine,E002A
203,109.24479337117617,-0.4305528845895508,0.0,0.45987788439512756,Normal,Normal,Routine,E002A
204,109.24497091187678,-0.430548380714658,0.0,0.4711220641106788,Normal,Normal,Routine,E002A
205,109.24502969407753,-0.4305486276500674,0.0,0.450649792458767,Normal,Normal,Routine,E002A
206,109.24511905230432,-0.4305466118695106,0.0,0.4502820002000755,Normal,Normal,Routine,E002A
207,109.24521380351324,-0.4305379181500074,0.0,0.45267767205579246,Normal,Normal,Routine,E002A
208,109.24306762820528,-0.43051465282919105,0.0,0.4384038017309156,Normal,Normal,Routine,E002A
209,109.24313648116276,-0.4305137654061332,0.0,0.4890509324122536,Normal,Normal,Routine,E002A
210,109.24331115890413,-0.4304817872818967,0.0,0.4417706662618538,Normal,Normal,Routine,E002A
211,109.2436404338195,-0.4304949163681465,0.0,0.4629133410411529,Normal,Normal,Routine,E002A
212,109.24372229360588,-0.4304753363946281,0.0,0.4611145253122818,Normal,Normal,Routine,E002A
213,109.24377402603618,-0.43047588102667095,0.0,0.4541067481309848,Normal,Normal,Routine,E002A
214,109.24388710085435,-0.43048784405033585,0.0,0.4354653093430719,Normal,Normal,Routine,E002A
215,109.24391706657576,-0.43051853400454276,0.0,0.43196086334710077,Normal,Normal,Routine,E002A
216,109.243977842782,-0.4304722468733453,0.0,0.4341429722244733,Normal,Normal,Routine,E002A
217,109.24403919952199,-0.4304994742964913,0.0,0.44072626378797153,Normal,Normal,Routine,E002A
218,109.24410056413704,-0.4304569564328738,0.0,0.4537885073709874,Normal,Normal,Routine,E002A
219,109.24419820508116,-0.4304716640518624,0.0,0.4527958724569545,Normal,Normal,Routine,E002A
220,109.24426839148113,-0.430461346850726,0.0,0.4929447310554373,Normal,Normal,Routine,E002A
221,109.24434147490308,-0.4304703064496299,0.0,0.4677869905375376,Normal,Normal,Routine,E002A
222,109.24444945520082,-0.4304763233966108,0.0,0.3022662152413958,Abnormal,Abnormal,Monitor,E002A
223,109.24453658682287,-0.4304575114763189,0.0,0.4594815317451811,Normal,Normal,Routine,E002A
224,109.24459625675452,-0.4304684511020444,0.0,0.4313686006352538,Normal,Normal,Routine,E002A
225,109.24469512504123,-0.4304780451673194,0.0,0.48698954241744047,Normal,Normal,Routine,E002A
226,109.24475324472185,-0.4304607602164223,0.0,0.4726177941506299,Normal,Normal,Routine,E002A
227,109.24483907977755,-0.4304592699233493,0.0,0.44867764846893865,Normal,Normal,Routine,E002A
228,109.24492197490318,-0.4304847434730756,0.0,0.42987189214461696,Normal,Normal,Routine,E002A
229,109.24498933340047,-0.43048297218012094,0.0,0.4910506219576528,Normal,Normal,Routine,E002A
230,109.24514641366252,-0.43045285005340095,0.0,0.41024820118158073,Normal,Normal,Routine,E002A
231,109.24304592897246,-0.4304148579910767,0.0,0.4509288961915266,Normal,Normal,Routine,E002A
232,109.24311843852499,-0.4304465868995931,0.0,0.4568767830496654,Normal,Normal,Routine,E002A
233,109.24319657357782,-0.43041333482173905,0.0,0.44718927545414194,Normal,Normal,Routine,E002A
234,109.2432580196524,-0.43043474306998125,0.0,0.46353728006524864,Normal,Normal,Routine,E002A
235,109.24335225163867,-0.4304021711395567,0.0,0.4236518207631981,Normal,Normal,Routine,E002A
236,109.24341781904607,-0.43042731963626846,0.0,0.4493349019450323,Normal,Normal,Routine,E002A
237,109.24347700199321,-0.4304464675078606,0.0,0.42908354076716276,Normal,Normal,Routine,E002A
238,109.24351493977221,-0.4304031204071143,0.0,0.4709633320713015,Normal,Normal,Routine,E002A
239,109.24353544148295,-0.4304524756860168,0.0,0.4747733746443036,Normal,Normal,Routine,E002A
240,109.24357563505411,-0.43043955890152685,0.0,0.4793054440083107,Normal,Normal,Routine,E002A
241,109.2436588041703,-0.4304058106111453,0.0,0.44374066669078005,Normal,Normal,Routine,E002A
242,109.24374827966749,-0.4304131164243888,0.0,0.43951323254891245,Normal,Normal,Routine,E002A
243,109.24383436435107,-0.43041182605018846,0.0,0.42254305702562517,Normal,Normal,Routine,E002A
244,109.24392038023163,-0.4304089612671839,0.0,0.44333706196902894,Normal,Normal,Routine,E002A
245,109.24415784077217,-0.43041805935272687,0.0,0.44107533247175346,Normal,Normal,Routine,E002A
246,109.24425156578444,-0.4304107480850461,0.0,0.46414879597868874,Normal,Normal,Routine,E002A
247,109.24430687879008,-0.4303993540251267,0.0,0.43907181634384435,Normal,Normal,Routine,E002A
248,109.24438387605065,-0.4304080866441697,0.0,0.42641656916755283,Normal,Normal,Routine,E002A
249,109.24447706710183,-0.43040643709212295,0.0,0.4299549927851101,Normal,Normal,Routine,E002A
250,109.2446696573767,-0.43038272205858863,0.0,0.4940891139193604,Normal,Normal,Routine,E002A
251,109.24470968517669,-0.43042703316380554,0.0,0.4784777752545272,Normal,Normal,Routine,E002A
252,109.24475139095955,-0.43038097941608994,0.0,0.4608879207867105,Normal,Normal,Routine,E002A
253,109.244883872651,-0.4303869640500591,0.0,0.4476187520924358,Normal,Normal,Routine,E002A
254,109.24495089231978,-0.43041346572844585,0.0,0.4435328062177242,Normal,Normal,Routine,E002A
255,109.2450317894415,-0.4303967910279702,0.0,0.4239597599880719,Normal,Normal,Routine,E002A
256,109.24509304149224,-0.4304184714323967,0.0,0.42023934630398857,Normal,Normal,Routine,E002A
257,109.24523483381769,-0.43040882100055844,0.0,0.42802545567681227,Normal,Normal,Routine,E002A
258,109.24305479146066,-0.43033980382651227,0.0,0.4526385951593639,Normal,Normal,Routine,E002A
259,109.24313715084322,-0.43035475206205764,0.0,0.46157933610214547,Normal,Normal,Routine,E002A
260,109.24320809615912,-0.43036443641718625,0.0,0.4629447690351466,Normal,Normal,Routine,E002A
261,109.24329527347683,-0.43034588135112134,0.0,0.4127711820806041,Normal,Normal,Routine,E002A
262,109.24338481541018,-0.43033756173048576,0.0,0.451187734325536,Normal,Normal,Routine,E002A
263,109.24346905619456,-0.43035076600093636,0.0,0.4510523467494133,Normal,Normal,Routine,E002A
264,109.24355495207975,-0.43034619205942537,0.0,0.4562015857879877,Normal,Normal,Routine,E002A
265,109.24365762981397,-0.43032864525941605,0.0,0.4349294773796025,Normal,Normal,Routine,E002A
266,109.24379165551325,-0.43033483644432563,0.0,0.38051553853381476,Abnormal,Abnormal,Monitor,E002A
267,109.24395416073021,-0.4303659152265727,0.0,0.4487702473617367,Normal,Normal,Routine,E002A
268,109.24403165236438,-0.43034960961422475,0.0,0.46344670975433744,Normal,Normal,Routine,E002A
269,109.24407883493691,-0.4303780907293191,0.0,0.4450956785013609,Normal,Normal,Routine,E002A
270,109.24409853674273,-0.4303194548501907,0.0,0.43584458430130657,Normal,Normal,Routine,E002A
271,109.24427108295306,-0.4303385539381944,0.0,0.45934122576527686,Normal,Normal,Routine,E002A
272,109.24434129461723,-0.43033560409606303,0.0,0.3443894277833968,Abnormal,Abnormal,Monitor,E002A
273,109.2444246113239,-0.43034399454155475,0.0,0.4303493378633643,Normal,Normal,Routine,E002A
274,109.24450637402133,-0.43032487209966025,0.0,0.44801131551528556,Normal,Normal,Routine,E002A
275,109.24461339691466,-0.4303459517973608,0.0,0.4452396589329933,Normal,Normal,Routine,E002A
276,109.24477359361585,-0.43031033946389713,0.0,0.4731265801386608,Normal,Normal,Routine,E002A
277,109.24484308804631,-0.430332839264675,0.0,0.43641650842295754,Normal,Normal,Routine,E002A
278,109.24491962497764,-0.4303316850199382,0.0,0.45135659644470716,Normal,Normal,Routine,E002A
279,109.24500139338159,-0.43032305429938933,0.0,0.4691294593480653,Normal,Normal,Routine,E002A
280,109.24516680076633,-0.43033174228235327,0.0,0.40402004294670546,Normal,Normal,Routine,E002A
281,109.24303865678655,-0.4302881851991242,0.0,0.4079153911331173,Normal,Normal,Routine,E002A
282,109.24310958942094,-0.4302826103448345,0.0,0.4268148748331568,Normal,Normal,Routine,E002A
283,109.24319325004771,-0.43027949452719494,0.0,0.46057101837297876,Normal,Normal,Routine,E002A
284,109.24325227907393,-0.43028821303358594,0.0,0.45996963898090043,Normal,Normal,Routine,E002A
285,109.24341541685673,-0.4302790233535706,0.0,0.4896920888640794,Normal,Normal,Routine,E002A
286,109.24352120059326,-0.43027030598268745,0.0,0.47141467028997724,Normal,Normal,Routine,E002A
287,109.24358296764188,-0.43027871946812196,0.0,0.44419061956983624,Normal,Normal,Routine,E002A
288,109.24381784032839,-0.4302715693326332,0.0,0.43793794180121537,Normal,Normal,Routine,E002A
289,109.24389826402171,-0.43026269686584545,0.0,0.453298453664966,Normal,Normal,Routine,E002A
290,109.24398886857422,-0.43024681569459333,0.0,0.4393720997883393,Normal,Normal,Routine,E002A
291,109.24408485613775,-0.43025606002422456,0.0,0.4579820877023819,Normal,Normal,Routine,E002A
292,109.24418371223257,-0.43025206059284077,0.0,0.45898957593432427,Normal,Normal,Routine,E002A
293,109.24430864622965,-0.4302674030160831,0.0,0.4320394173622705,Normal,Normal,Routine,E002A
294,109.24438632628585,-0.43026780986687574,0.0,0.4561859338358603,Normal,Normal,Routine,E002A
295,109.24446265595482,-0.43026552429277937,0.0,0.3970754406943756,Abnormal,Abnormal,Monitor,E002A
296,109.24455011657392,-0.4302732012947915,0.0,0.4383915364742279,Normal,Normal,Routine,E002A
297,109.2446495412112,-0.4302617396765983,0.0,0.4435197695588263,Normal,Normal,Routine,E002A
298,109.24479316058287,-0.43026784806041524,0.0,0.49111856399500664,Normal,Normal,Routine,E002A
299,109.24487340941417,-0.4302578352110985,0.0,0.46262173602606044,Normal,Normal,Routine,E002A
300,109.24496728826287,-0.4302614461386431,0.0,0.4684298730140049,Normal,Normal,Routine,E002A
301,109.24510060257356,-0.4302678514550735,0.0,0.3951764348084026,Abnormal,Abnormal,Monitor,E002A
302,109.24520957665219,-0.4302727942992232,0.0,0.3995748235521695,Abnormal,Abnormal,Monitor,E002A
303,109.24306845313828,-0.43020712046642023,0.0,0.3949411636358267,Abnormal,Abnormal,Monitor,E002A
304,109.24314525936816,-0.43021822502609797,0.0,0.43924267745676304,Normal,Normal,Routine,E002A
305,109.24331298486443,-0.43018444389077104,0.0,0.39486854698899054,Abnormal,Abnormal,Monitor,E002A
306,109.2433853811559,-0.4302401349834816,0.0,0.4545235233476366,Normal,Normal,Routine,E002A
307,109.24346104731012,-0.4302245315968831,0.0,0.4661924386310434,Normal,Normal,Routine,E002A
308,109.24353515049391,-0.4301656144479278,0.0,0.43853337781718826,Normal,Normal,Routine,E002A
309,109.24361964499309,-0.4301888755222689,0.0,0.4556526185282365,Normal,Normal,Routine,E002A
310,109.24370895814698,-0.43020688009685176,0.0,0.3996201877479439,Abnormal,Abnormal,Monitor,E002A
311,109.24380440143682,-0.43021177641124686,0.0,0.4445856095184214,Normal,Normal,Routine,E002A
312,109.24392735149213,-0.43019405524397086,0.0,0.4351515210179899,Normal,Normal,Routine,E002A
313,109.24399678549472,-0.43017818634485816,0.0,0.4142080709342664,Normal,Normal,Routine,E002A
314,109.24418002584093,-0.4302122070940702,0.0,0.4403379592829599,Normal,Normal,Routine,E002A
315,109.24424121303936,-0.4302188136428591,0.0,0.4577642601243805,Normal,Normal,Routine,E002A
316,109.2443634098523,-0.4301640538338277,0.0,0.4340681200469353,Normal,Normal,Routine,E002A
317,109.24446148760043,-0.4301816878630828,0.0,0.44751710149257856,Normal,Normal,Routine,E002A
318,109.24450487644435,-0.4301840870841622,0.0,0.4224980924215963,Normal,Normal,Routine,E002A
319,109.24460773006089,-0.4301832509177843,0.0,0.4480405618443335,Normal,Normal,Routine,E002A
320,109.24466975599412,-0.43019103325250024,0.0,0.41833049434348357,Normal,Normal,Routine,E002A
321,109.2447344012794,-0.430191048226681,0.0,0.41049150228142595,Normal,Normal,Routine,E002A
322,109.24485311272167,-0.43017598832209664,0.0,0.4271746147871734,Normal,Normal,Routine,E002A
323,109.24492251097634,-0.4301791142951202,0.0,0.38599473456297145,Abnormal,Abnormal,Monitor,E002A
324,109.24508224118325,-0.4301880930419872,0.0,0.4747962080418938,Normal,Normal,Routine,E002A
325,109.24516070971089,-0.43018564608167525,0.0,0.4407613132269729,Normal,Normal,Routine,E002A
326,109.24305839757322,-0.43013765954808636,0.0,0.4057658716182325,Normal,Normal,Routine,E002A
327,109.2431584584093,-0.4301405927902347,0.0,0.39602683619286927,Abnormal,Abnormal,Monitor,E002A
328,109.24326602629766,-0.4301349495550686,0.0,0.4577405200245072,Normal,Normal,Routine,E002A
329,109.24334713845708,-0.4301360544237819,0.0,0.3863291418326935,Abnormal,Abnormal,Monitor,E002A
330,109.24351352007248,-0.4301026048406195,0.0,0.4671360916591356,Normal,Normal,Routine,E002A
331,109.24357129803532,-0.4300985606227982,0.0,0.4099977872269197,Normal,Normal,Routine,E002A
332,109.24363263568212,-0.43010316598294385,0.0,0.43274561750112694,Normal,Normal,Routine,E002A
333,109.2437587913928,-0.4301141463258954,0.0,0.4333797885049688,Normal,Normal,Routine,E002A
334,109.24385752072668,-0.43013016270735155,0.0,0.437709789303281,Normal,Normal,Routine,E002A
335,109.24390957398927,-0.430130066252309,0.0,0.45873878389382017,Normal,Normal,Routine,E002A
336,109.24399817986117,-0.43011425695552613,0.0,0.42696669331376164,Normal,Normal,Routine,E002A
337,109.24403470862407,-0.43013212359801123,0.0,0.43908654876913017,Normal,Normal,Routine,E002A
338,109.2440992240925,-0.4301065684677168,0.0,0.41458245139899585,Normal,Normal,Routine,E002A
339,109.24415416549625,-0.4301017549293866,0.0,0.4260685810015884,Normal,Normal,Routine,E002A
340,109.24422033398085,-0.43007931279015177,0.0,0.443792895941405,Normal,Normal,Routine,E002A
341,109.2442355694273,-0.43012341195599185,0.0,0.3441960981147553,Abnormal,Abnormal,Monitor,E002A
342,109.24430772682197,-0.4301319454003606,0.0,0.39334468179040677,Abnormal,Abnormal,Monitor,E002A
343,109.24440827121923,-0.4300867471929496,0.0,0.42380658096745294,Normal,Normal,Routine,E002A
344,109.24454545704548,-0.43010497988172797,0.0,0.37871303095393966,Abnormal,Abnormal,Monitor,E002A
345,109.24466228225306,-0.43008530035708953,0.0,0.46426126674036833,Normal,Normal,Routine,E002A
346,109.24478706468011,-0.4301115314491381,0.0,0.42413636993761,Normal,Normal,Routine,E002A
347,109.24487001680399,-0.4301234241650846,0.0,0.4122945670616756,Normal,Normal,Routine,E002A
348,109.24497362215749,-0.43012712776856715,0.0,0.45069389838595636,Normal,Normal,Routine,E002A
349,109.24503851082218,-0.4301077617579301,0.0,0.4772962152474054,Normal,Normal,Routine,E002A
350,109.24509732567097,-0.4301145097257843,0.0,0.474335983332929,Normal,Normal,Routine,E002A
351,109.24521672641936,-0.430117762118424,0.0,0.4007357165772611,Normal,Normal,Routine,E002A
352,109.24307391068547,-0.4300555795867199,0.0,0.44428548286668956,Normal,Normal,Routine,E002A
353,109.24313103639304,-0.43004801838719353,0.0,0.4359248004537966,Normal,Normal,Routine,E002A
354,109.24324900243431,-0.430067132846111,0.0,0.43011393055069047,Normal,Normal,Routine,E002A
355,109.24331850179374,-0.4300324571833121,0.0,0.420947322920926,Normal,Normal,Routine,E002A
356,109.24337772365944,-0.4300660277774974,0.0,0.43654283912501796,Normal,Normal,Routine,E002A
357,109.24345359240529,-0.4300286669030469,0.0,0.4291880331566783,Normal,Normal,Routine,E002A
358,109.24356079589127,-0.43002571839466164,0.0,0.44070771209661036,Normal,Normal,Routine,E002A
359,109.24362336794029,-0.43005314050708443,0.0,0.4436321676242538,Normal,Normal,Routine,E002A
360,109.24368991045972,-0.4300722973069459,0.0,0.4115116566911094,Normal,Normal,Routine,E002A
361,109.24378827906239,-0.43003950294063725,0.0,0.3863986959349318,Abnormal,Abnormal,Monitor,E002A
362,109.24390032830227,-0.43003856310308786,0.0,0.4495078282581793,Normal,Normal,Routine,E002A
363,109.24395052141364,-0.43003769755660626,0.0,0.43343700915753913,Normal,Normal,Routine,E002A
364,109.24404838105913,-0.43004659053543365,0.0,0.4347525431087937,Normal,Normal,Routine,E002A
365,109.24412296632585,-0.43003616311005516,0.0,0.4427124464089321,Normal,Normal,Routine,E002A
366,109.24425295855417,-0.43001984341540617,0.0,0.4505473684249127,Normal,Normal,Routine,E002A
367,109.2443518662623,-0.4300612354870059,0.0,0.43925958125439307,Normal,Normal,Routine,E002A
368,109.24446474314492,-0.4300236172881271,0.0,0.4091608868043823,Normal,Normal,Routine,E002A
369,109.24453535403494,-0.4300268330651983,0.0,0.40249435424804686,Normal,Normal,Routine,E002A
370,109.2447066311522,-0.4300492858884312,0.0,0.4804118877772775,Normal,Normal,Routine,E002A
371,109.24470961512617,-0.43001039338953395,0.0,0.4889336810021153,Normal,Normal,Routine,E002A
372,109.24491374727009,-0.43004994967599636,0.0,0.4163122677498752,Normal,Normal,Routine,E002A
373,109.24499764956789,-0.430027359701643,0.0,0.34033450320349606,Abnormal,Abnormal,Monitor,E002A
374,109.24508131262019,-0.43001398000205954,0.0,0.4747490124659495,Normal,Normal,Routine,E002A
375,109.24516295082283,-0.43004054021473603,0.0,0.45136249586693916,Normal,Normal,Routine,E002A
376,109.24303486660217,-0.42998347319580016,0.0,0.43799466326837244,Normal,Normal,Routine,E002A
377,109.24309817088626,-0.4299905513745625,0.0,0.4202729676259108,Normal,Normal,Routine,E002A
378,109.24318056687436,-0.4300104108713167,0.0,0.4541915078951911,Normal,Normal,Routine,E002A
379,109.24330327269166,-0.429992087384503,0.0,0.41560296195186003,Normal,Normal,Routine,E002A
380,109.2433720413748,-0.42996692662282043,0.0,0.4042548506683265,Normal,Normal,Routine,E002A
381,109.24344705831642,-0.42997382574826226,0.0,0.4170391313473981,Normal,Normal,Routine,E002A
382,109.24352400489744,-0.4299801040644506,0.0,0.4196776983758005,Normal,Normal,Routine,E002A
383,109.24361336974235,-0.4299762968532763,0.0,0.4191888151961406,Normal,Normal,Routine,E002A
384,109.24367801588731,-0.4299763118291954,0.0,0.4338355290768244,Normal,Normal,Routine,E002A
385,109.24375977589779,-0.4299648461201651,0.0,0.4185882361444573,Normal,Normal,Routine,E002A
386,109.24382885035307,-0.42995783297227846,0.0,0.44278875650425653,Normal,Normal,Routine,E002A
387,109.24391986068868,-0.42995474053639476,0.0,0.45434986730923,Normal,Normal,Routine,E002A
388,109.24404368530793,-0.4299739585283571,0.0,0.45585683801038807,Normal,Normal,Routine,E002A
389,109.24414158281841,-0.42999406215910163,0.0,0.41766783873001856,Normal,Normal,Routine,E002A
390,109.24423293460353,-0.42997878612166096,0.0,0.4548479403717188,Normal,Normal,Routine,E002A
391,109.24430949694958,-0.4299802860050008,0.0,0.43311948909495884,Normal,Normal,Routine,E002A
392,109.24437816816682,-0.4299729779543408,0.0,0.4393904603726871,Normal,Normal,Routine,E002A
393,109.24446193868283,-0.4299687814894786,0.0,0.43082919479060044,Normal,Normal,Routine,E002A
394,109.244520197143,-0.42994554895510523,0.0,0.4572327841216555,Normal,Normal,Routine,E002A
395,109.24456506945346,-0.4299736614779956,0.0,0.46165610012758734,Normal,Normal,Routine,E002A
396,109.24462999677851,-0.42997766629774986,0.0,0.44884295665102897,Normal,Normal,Routine,E002A
397,109.24472334715402,-0.429974603331345,0.0,0.49937725824718715,Normal,Normal,Routine,E002A
398,109.24479545891975,-0.4299784850194701,0.0,0.4419817334365157,Normal,Normal,Routine,E002A
399,109.2449544149201,-0.42996726956749837,0.0,0.4655810309870465,Normal,Normal,Routine,E002A
400,109.24504187643517,-0.4299711177302477,0.0,0.485697535074151,Normal,Normal,Routine,E002A
401,109.24513123783105,-0.42997879515404913,0.0,0.4692148715883368,Normal,Normal,Routine,E002A
402,109.24521917330644,-0.4299565886253501,0.0,0.3931923053907947,Abnormal,Abnormal,Monitor,E002A
403,109.2430507544152,-0.4299126238563248,0.0,0.43297444723338235,Normal,Normal,Routine,E002A
404,109.24321735497524,-0.42989969837176806,0.0,0.44660076066067345,Normal,Normal,Routine,E002A
405,109.24330479954234,-0.4299026603270931,0.0,0.4299757194662023,Normal,Normal,Routine,E002A
406,109.24334536280504,-0.4299071532576097,0.0,0.44930308788665674,Normal,Normal,Routine,E002A
407,109.24347649014315,-0.4298958726128956,0.0,0.40774059606635055,Normal,Normal,Routine,E002A
408,109.24355443858282,-0.4299284302014993,0.0,0.43593281499442216,Normal,Normal,Routine,E002A
409,109.24365674488321,-0.42992065519058953,0.0,0.41497278773695007,Normal,Normal,Routine,E002A
410,109.24373850579012,-0.42990918947967505,0.0,0.40276173274866856,Normal,Normal,Routine,E002A
411,109.24381302620498,-0.4299112631242861,0.0,0.42639485101769975,Normal,Normal,Routine,E002A
412,109.24388527936247,-0.4299055375332063,0.0,0.4598928256248798,Normal,Normal,Routine,E002A
413,109.24398924849007,-0.42992090040098724,0.0,0.43172445345240146,Normal,Normal,Routine,E002A
414,109.24411450967854,-0.4298998302056828,0.0,0.4185516709448947,Normal,Normal,Routine,E002A
415,109.24425430210493,-0.42990701380472335,0.0,0.42207157092767433,Normal,Normal,Routine,E002A
416,109.24439736820976,-0.429916585521092,0.0,0.4384048810069529,Normal,Normal,Routine,E002A
417,109.24444101806631,-0.4298970671955849,0.0,0.42726036639462794,Normal,Normal,Routine,E002A
418,109.24462145680874,-0.42987964505855863,0.0,0.42859504616052646,Normal,Normal,Routine,E002A
419,109.2447313348558,-0.42989098152072985,0.0,0.4809205781246799,Normal,Normal,Routine,E002A
420,109.24483193445602,-0.42989911369607403,0.0,0.4362617857308584,Normal,Normal,Routine,E002A
421,109.24500407890866,-0.42989982995811343,0.0,0.3973357512854386,Abnormal,Abnormal,Monitor,E002A
422,109.24517355620536,-0.42988958362921087,0.0,0.3995358747939537,Abnormal,Abnormal,Monitor,E002A
423,109.24303290585179,-0.4298569472294115,0.0,0.43206084188288796,Normal,Normal,Routine,E002A
424,109.24311462296447,-0.42985618213042903,0.0,0.4354227788355397,Normal,Normal,Routine,E002A
425,109.24318284906474,-0.42984680946436604,0.0,0.4521591615017988,Normal,Normal,Routine,E002A
426,109.24326538581646,-0.42985998799818015,0.0,0.4515672029674214,Normal,Normal,Routine,E002A
427,109.24332797884007,-0.42982310875008584,0.0,0.3366219777445004,Abnormal,Abnormal,Monitor,E002A
428,109.2434317267911,-0.4298195544528546,0.0,0.4634236120130033,Normal,Normal,Routine,E002A
429,109.24354825354092,-0.42985952088404034,0.0,0.4716085830180765,Normal,Normal,Routine,E002A
430,109.24360932566941,-0.429811390842391,0.0,0.43884291665669894,Normal,Normal,Routine,E002A
431,109.24366051890023,-0.42986796413733297,0.0,0.4096123744518711,Normal,Normal,Routine,E002A
432,109.24374134964003,-0.4298270260681254,0.0,0.37824665602711505,Abnormal,Abnormal,Monitor,E002A
433,109.24380230157273,-0.4298214054698841,0.0,0.3991389574589314,Abnormal,Abnormal,Monitor,E002A
434,109.24390384341173,-0.42982167314365394,0.0,0.4265543264274013,Normal,Normal,Routine,E002A
435,109.24402207121041,-0.4298079768124361,0.0,0.48415448752147533,Normal,Normal,Routine,E002A
436,109.24409919902469,-0.4298271089257411,0.0,0.4262159277368952,Normal,Normal,Routine,E002A
437,109.24423395528567,-0.4298361867733276,0.0,0.42738979010523365,Normal,Normal,Routine,E002A
438,109.2443257149762,-0.4298283939307085,0.0,0.44461067364697265,Normal,Normal,Routine,E002A
439,109.24438795518726,-0.4298300568834878,0.0,0.4582292210615829,Normal,Normal,Routine,E002A
440,109.2444331968496,-0.4298181260298876,0.0,0.4788525745433827,Normal,Normal,Routine,E002A
441,109.24447687188656,-0.42983387644427423,0.0,0.45399634970817715,Normal,Normal,Routine,E002A
442,109.24455464845053,-0.4298247112456636,0.0,0.4527361281316798,Normal,Normal,Routine,E002A
443,109.24464272003327,-0.4298239295128608,0.0,0.4655390562736566,Normal,Normal,Routine,E002A
444,109.2447195478655,-0.4298351308156169,0.0,0.4602590266643078,Normal,Normal,Routine,E002A
445,109.24486989943784,-0.4298310700208473,0.0,0.4569051170964118,Normal,Normal,Routine,E002A
446,109.24495301476134,-0.4298206246532949,0.0,0.4429431007238381,Normal,Normal,Routine,E002A
447,109.24502906511694,-0.42983786923616746,0.0,0.4565855544351158,Normal,Normal,Routine,E002A
448,109.2451279351705,-0.42983980652530057,0.0,0.48717067382620793,Normal,Normal,Routine,E002A
449,109.24522165570369,-0.4298286763367649,0.0,0.4002259460069183,Normal,Normal,Routine,E002A
450,109.24306288936135,-0.4297901289182668,0.0,0.4591441308281092,Normal,Normal,Routine,E002A
451,109.2431737554067,-0.4297897114897164,0.0,0.4488891507721463,Normal,Normal,Routine,E002A
452,109.24323079672506,-0.4297858678500854,0.0,0.3934764647090041,Abnormal,Abnormal,Monitor,E002A
453,109.24330501007738,-0.42977540959444305,0.0,0.43900730167157376,Normal,Normal,Routine,E002A
454,109.24337744666867,-0.42976877883978715,0.0,0.4435055536803878,Normal,Normal,Routine,E002A
455,109.2434646097413,-0.4297889568409509,0.0,0.4485150134731649,Normal,Normal,Routine,E002A
456,109.24354066796857,-0.42977146986223785,0.0,0.43643654669906284,Normal,Normal,Routine,E002A
457,109.24363003277341,-0.4297678290325304,0.0,0.44140465310191795,Normal,Normal,Routine,E002A
458,109.24372179515426,-0.4297638550687173,0.0,0.45240985180320875,Normal,Normal,Routine,E002A
459,109.24378088269684,-0.4297524202725638,0.0,0.45258284897845735,Normal,Normal,Routine,E002A
460,109.24387770559365,-0.4297658055755839,0.0,0.42788085737503656,Normal,Normal,Routine,E002A
461,109.24401337823687,-0.4297820529492874,0.0,0.48057772370684504,Normal,Normal,Routine,E002A
462,109.24410446927709,-0.4297638722217227,0.0,0.3838087695761934,Abnormal,Abnormal,Monitor,E002A
463,109.24420635122956,-0.4297420677328339,0.0,0.43423498962281665,Normal,Normal,Routine,E002A
464,109.24428895051585,-0.4297569608316398,0.0,0.44639271154369353,Normal,Normal,Routine,E002A
465,109.24435321257681,-0.42976328322106816,0.0,0.4743173716574156,Normal,Normal,Routine,E002A
466,109.24448584171934,-0.4297960515090743,0.0,0.4568691185279456,Normal,Normal,Routine,E002A
467,109.24455191399228,-0.4297661831899202,0.0,0.4600555162702431,Normal,Normal,Routine,E002A
468,109.24464508174606,-0.42975641295278366,0.0,0.4279968212253869,Normal,Normal,Routine,E002A
469,109.24474615166078,-0.42975045437277704,0.0,0.4360086708706728,Normal,Normal,Routine,E002A
470,109.24483231098412,-0.42976077161377163,0.0,0.45183374821494204,Normal,Normal,Routine,E002A
471,109.2449178536395,-0.4297612788264153,0.0,0.4331670407868492,Normal,Normal,Routine,E002A
472,109.2450749517787,-0.42976681876583883,0.0,0.40529765416773,Normal,Normal,Routine,E002A
473,109.24517794024807,-0.4297616717836024,0.0,0.4321601167903632,Normal,Normal,Routine,E002A
474,109.24304636079567,-0.4297050293007989,0.0,0.46443617282971805,Normal,Normal,Routine,E002A
475,109.24313474549885,-0.42971737360739737,0.0,0.4664095692374607,Normal,Normal,Routine,E002A
476,109.24332196318164,-0.4297362481647395,0.0,0.4488534261529771,Normal,Normal,Routine,E002A
477,109.24346154795789,-0.4297162863502871,0.0,0.43564291451921977,Normal,Normal,Routine,E002A
478,109.24352361605919,-0.42969658691748397,0.0,0.43827373529524594,Normal,Normal,Routine,E002A
479,109.24359966431537,-0.42969129355283897,0.0,0.4661581879571223,Normal,Normal,Routine,E002A
480,109.24370126566448,-0.4296983896280799,0.0,0.4385488461009881,Normal,Normal,Routine,E002A
481,109.24377172907062,-0.4296982639646566,0.0,0.4814335597585579,Normal,Normal,Routine,E002A
482,109.24389896990189,-0.4296935168899262,0.0,0.4714079774755368,Normal,Normal,Routine,E002A
483,109.24399092360314,-0.42969358248512013,0.0,0.4572744623945282,Normal,Normal,Routine,E002A
484,109.24416285769179,-0.42970647152425484,0.0,0.4339721963351179,Normal,Normal,Routine,E002A
485,109.24423853191828,-0.42969494470265646,0.0,0.45574627096693104,Normal,Normal,Routine,E002A
486,109.24431684137915,-0.42968869962059303,0.0,0.4069719611523816,Normal,Normal,Routine,E002A
487,109.24439201086982,-0.4296885849873907,0.0,0.3955831607320131,Abnormal,Abnormal,Monitor,E002A
488,109.24447427876643,-0.42968745465464336,0.0,0.4332503339215344,Normal,Normal,Routine,E002A
489,109.24456468725172,-0.4296805748345891,0.0,0.4366008275781318,Normal,Normal,Routine,E002A
490,109.24462935002119,-0.42968659798824066,0.0,0.46292832045000454,Normal,Normal,Routine,E002A
491,109.24470484437504,-0.429691842329604,0.0,0.4562291329620764,Normal,Normal,Routine,E002A
492,109.24480045079518,-0.42969850203730336,0.0,0.4622043461537733,Normal,Normal,Routine,E002A
493,109.2448781712496,-0.42968727500291765,0.0,0.45282661193512463,Normal,Normal,Routine,E002A
494,109.24496909837397,-0.42969475744693975,0.0,0.4287482686541934,Normal,Normal,Routine,E002A
495,109.24507919022943,-0.42971790324667036,0.0,0.48425621977439515,Normal,Normal,Routine,E002A
496,109.24511888732118,-0.4296802988210504,0.0,0.4676493828912743,Normal,Normal,Routine,E002A
497,109.2430645119894,-0.42963925000354736,0.0,0.4467242670406659,Normal,Normal,Routine,E002A
498,109.24315158330077,-0.4296442338826615,0.0,0.4900776948449704,Normal,Normal,Routine,E002A
499,109.24322256948396,-0.42962443704476033,0.0,0.47837563458149535,Normal,Normal,Routine,E002A
500,109.24332535827352,-0.42964751152177905,0.0,0.4633081713180313,Normal,Normal,Routine,E002A
501,109.24341165308766,-0.4296267216827446,0.0,0.42822373937172753,Normal,Normal,Routine,E002A
502,109.24348516045333,-0.4296317630065448,0.0,0.41976530325169176,Normal,Normal,Routine,E002A
503,109.24354243043341,-0.4296257653623673,0.0,0.4709318233936461,Normal,Normal,Routine,E002A
504,109.24362586400021,-0.429617873832979,0.0,0.3971102802880853,Abnormal,Abnormal,Monitor,E002A
505,109.24371712609741,-0.4296293796053161,0.0,0.3644360040538527,Abnormal,Abnormal,Monitor,E002A
506,109.2438293634807,-0.42963842510234423,0.0,0.4646835873554216,Normal,Normal,Routine,E002A
507,109.24387633462678,-0.4296408287598643,0.0,0.4633078438197436,Normal,Normal,Routine,E002A
508,109.24395335720195,-0.42964088275836676,0.0,0.45206477143326584,Normal,Normal,Routine,E002A
509,109.24404034016996,-0.429619883265766,0.0,0.4168196608095315,Normal,Normal,Routine,E002A
510,109.24419130443252,-0.42960346801912924,0.0,0.4524092245886153,Normal,Normal,Routine,E002A
511,109.24428434927373,-0.4296086847704407,0.0,0.4523629779350554,Normal,Normal,Routine,E002A
512,109.24435565430424,-0.429616782123168,0.0,0.4537717375914399,Normal,Normal,Routine,E002A
513,109.24445419547956,-0.429603290108076,0.0,0.4305908187225653,Normal,Normal,Routine,E002A
514,109.24453977443098,-0.4296021144173374,0.0,0.43001703792609847,Normal,Normal,Routine,E002A
515,109.24460725500799,-0.429600620745541,0.0,0.47261662208185795,Normal,Normal,Routine,E002A
516,109.24468394639216,-0.42961928884167,0.0,0.4460352274737056,Normal,Normal,Routine,E002A
517,109.244768558487,-0.4296195281603268,0.0,0.44575486246115303,Normal,Normal,Routine,E002A
518,109.24485031681502,-0.42961954707219113,0.0,0.42598093793364267,Normal,Normal,Routine,E002A
519,109.24492070251029,-0.4296176851140738,0.0,0.41860599215150807,Normal,Normal,Routine,E002A
520,109.24501006829055,-0.4296100490446237,0.0,0.46208789714504606,Normal,Normal,Routine,E002A
521,109.24506475615343,-0.4296181344118035,0.0,0.43214576787676945,Normal,Normal,Routine,E002A
522,109.24516597927233,-0.4296100851025289,0.0,0.43145393188908804,Normal,Normal,Routine,E002A
523,109.24304382080554,-0.4295659795116008,0.0,0.450682086948872,Normal,Normal,Routine,E002A
524,109.24317644534108,-0.4295594965225916,0.0,0.43587155182869425,Normal,Normal,Routine,E002A
525,109.24329677675459,-0.429558007862183,0.0,0.4505490892921237,Normal,Normal,Routine,E002A
526,109.2433465019027,-0.42956475642866127,0.0,0.40091799922864385,Normal,Normal,Routine,E002A
527,109.24344970840176,-0.4295484802581479,0.0,0.4922264807391912,Normal,Normal,Routine,E002A
528,109.24358543745781,-0.42954962577340466,0.0,0.4964244436615935,Normal,Normal,Routine,E002A
529,109.24366200259446,-0.4295623724621883,0.0,0.4305321192010664,Normal,Normal,Routine,E002A
530,109.24373194153105,-0.4295538285156008,0.0,0.4507100670429294,Normal,Normal,Routine,E002A
531,109.2438311696302,-0.42956098462117615,0.0,0.4575102160207364,Normal,Normal,Routine,E002A
532,109.24390919722096,-0.42955383336207514,0.0,0.3531794192489565,Abnormal,Abnormal,Monitor,E002A
533,109.24401369953065,-0.4295591133530126,0.0,0.4418309678827975,Normal,Normal,Routine,E002A
534,109.24408025950872,-0.42956088671924214,0.0,0.4371811023716313,Normal,Normal,Routine,E002A
535,109.24415656887201,-0.42954908874900616,0.0,0.4254578307355949,Normal,Normal,Routine,E002A
536,109.24423564549653,-0.4295505295130263,0.0,0.44185424664697953,Normal,Normal,Routine,E002A
537,109.2443174853731,-0.4295591646485409,0.0,0.4637020889217971,Normal,Normal,Routine,E002A
538,109.24438961898372,-0.42954596765536485,0.0,0.4040377665815786,Normal,Normal,Routine,E002A
539,109.24446387988978,-0.42955167199783867,0.0,0.456695154506165,Normal,Normal,Routine,E002A
540,109.24455704717285,-0.4295478647282412,0.0,0.4764498876143089,Normal,Normal,Routine,E002A
541,109.24462653198988,-0.42953767663997,0.0,0.4333796051527875,Normal,Normal,Routine,E002A
542,109.24471149888004,-0.42954587571715697,0.0,0.45328586916731584,Normal,Normal,Routine,E002A
543,109.24480835361662,-0.4295655947537546,0.0,0.3997592442519806,Abnormal,Abnormal,Monitor,E002A
544,109.2448825787827,-0.42955872836156944,0.0,0.4341341229303666,Normal,Normal,Routine,E002A
545,109.24496247281051,-0.4295525523584759,0.0,0.43937921905531907,Normal,Normal,Routine,E002A
546,109.24504811027265,-0.42954306431344313,0.0,0.4502856779266663,Normal,Normal,Routine,E002A
547,109.2451213640366,-0.42955359107019414,0.0,0.3923774980540467,Abnormal,Abnormal,Monitor,E002A
548,109.24520972137553,-0.4295603286695323,0.0,0.4177817848265779,Normal,Normal,Routine,E002A
549,109.2430666827589,-0.42950319997130726,0.0,0.4877189931960517,Normal,Normal,Routine,E002A
550,109.24311986469128,-0.4294971416974316,0.0,0.4716740675925922,Normal,Normal,Routine,E002A
551,109.24322538788417,-0.42949241491539547,0.0,0.4694806575417697,Normal,Normal,Routine,E002A
552,109.2433012153666,-0.4294979740333797,0.0,0.47969439370751704,Normal,Normal,Routine,E002A
553,109.24340204042821,-0.42949790241663777,0.0,0.4608177138962185,Normal,Normal,Routine,E002A
554,109.24347327045129,-0.4294960171523426,0.0,0.47797300503239615,Normal,Normal,Routine,E002A
555,109.24354315799052,-0.4294882961096526,0.0,0.49679914098944006,Normal,Normal,Routine,E002A
556,109.24360525088663,-0.42948195503701875,0.0,0.45011616622072315,Normal,Normal,Routine,E002A
557,109.24371615493364,-0.42948439337976685,0.0,0.4598152999136899,Normal,Normal,Routine,E002A
558,109.24386385185926,-0.429477080994855,0.0,0.4940228205108184,Normal,Normal,Routine,E002A
559,109.24393604561244,-0.4294994023343299,0.0,0.448425019412257,Normal,Normal,Routine,E002A
560,109.24403627461842,-0.4294937989486949,0.0,0.4218710307138179,Normal,Normal,Routine,E002A
561,109.24408753014748,-0.42947825046103344,0.0,0.38984591925108397,Abnormal,Abnormal,Monitor,E002A
562,109.24419124067231,-0.42944992273610477,0.0,0.4814957969633042,Normal,Normal,Routine,E002A
563,109.24427095698671,-0.42947446407138046,0.0,0.40001945569215774,Normal,Normal,Routine,E002A
564,109.24436974783816,-0.42949262272545086,0.0,0.4367098485198813,Normal,Normal,Routine,E002A
565,109.2444769186898,-0.42947542234250496,0.0,0.44462471867266756,Normal,Normal,Routine,E002A
566,109.24452310346437,-0.4294441350824734,0.0,0.4132587343391657,Normal,Normal,Routine,E002A
567,109.2446342048676,-0.4294755283494649,0.0,0.4823418191926156,Normal,Normal,Routine,E002A
568,109.24466457275761,-0.42947598119389924,0.0,0.44421202933584186,Normal,Normal,Routine,E002A
569,109.2447545836723,-0.4294793361760884,0.0,0.42127101989138743,Normal,Normal,Routine,E002A
570,109.24483751233221,-0.42947593889362945,0.0,0.45931797024903,Normal,Normal,Routine,E002A
571,109.24492080623216,-0.42947412693865594,0.0,0.4401707279721526,Normal,Normal,Routine,E002A
572,109.24500629600146,-0.4294741467052267,0.0,0.4580429147149449,Normal,Normal,Routine,E002A
573,109.24508615356265,-0.42947033634681425,0.0,0.4446018442846667,Normal,Normal,Routine,E002A
574,109.2451660465352,-0.429472756648167,0.0,0.4607077253383917,Normal,Normal,Routine,E002A
575,109.24302877727096,-0.4294289054431527,0.0,0.4436299430246144,Normal,Normal,Routine,E002A
576,109.2430987017958,-0.4294361587613628,0.0,0.4559427955923641,Normal,Normal,Routine,E002A
577,109.24319284298801,-0.42942732742472234,0.0,0.43666994954845717,Normal,Normal,Routine,E002A
578,109.2433226900878,-0.42941288048915666,0.0,0.4077336068335402,Normal,Normal,Routine,E002A
579,109.24342798022748,-0.42942962179570715,0.0,0.40046933021923786,Normal,Normal,Routine,E002A
580,109.24356720208546,-0.4294215261345402,0.0,0.45077559166047526,Normal,Normal,Routine,E002A
581,109.24367405445135,-0.4294220382756863,0.0,0.46061965694259904,Normal,Normal,Routine,E002A
582,109.24383500873394,-0.4294002004202283,0.0,0.4361143659065979,Normal,Normal,Routine,E002A
583,109.24391866645755,-0.42940596209673215,0.0,0.4259834219385554,Normal,Normal,Routine,E002A
584,109.24398957324259,-0.42940354140128745,0.0,0.4395020205159821,Normal,Normal,Routine,E002A
585,109.24406093914878,-0.4293967466966282,0.0,0.4354370488013157,Normal,Normal,Routine,E002A
586,109.2441568357187,-0.42940715299039867,0.0,0.4293112627327603,Normal,Normal,Routine,E002A
587,109.24424786463513,-0.4294171467002547,0.0,0.48507621070823154,Normal,Normal,Routine,E002A
588,109.24433316154514,-0.42940797237518963,0.0,0.48203200085752723,Normal,Normal,Routine,E002A
589,109.244389648727,-0.42941564127062426,0.0,0.45332830655667705,Normal,Normal,Routine,E002A
590,109.24447140875836,-0.42940417552481785,0.0,0.4266019830996844,Normal,Normal,Routine,E002A
591,109.24455696862125,-0.42941185204667687,0.0,0.42862788962687626,Normal,Normal,Routine,E002A
592,109.24463900351846,-0.4294083198158606,0.0,0.43266504949277584,Normal,Normal,Routine,E002A
593,109.24472674390375,-0.42939849223757154,0.0,0.452266475569912,Normal,Normal,Routine,E002A
594,109.24480096401699,-0.4294137514338588,0.0,0.4515097466797551,Normal,Normal,Routine,E002A
595,109.2448846237377,-0.42941095296588844,0.0,0.419279539955963,Normal,Normal,Routine,E002A
596,109.24497208611744,-0.4294109731859888,0.0,0.44713886565163213,Normal,Normal,Routine,E002A
597,109.24503967490212,-0.4294037842234997,0.0,0.47765873320709107,Normal,Normal,Routine,E002A
598,109.24511572818164,-0.4294082247536608,0.0,0.4624290098025546,Normal,Normal,Routine,E002A
599,109.24521639504403,-0.4293972146129433,0.0,0.43600164954729664,Normal,Normal,Routine,E002A
600,109.24305928119863,-0.429360624083821,0.0,0.44351032600232276,Normal,Normal,Routine,E002A
601,109.2431514825095,-0.42935793160657226,0.0,0.4347995127666905,Normal,Normal,Routine,E002A
602,109.24322851111138,-0.42934718189660004,0.0,0.46935257268216796,Normal,Normal,Routine,E002A
603,109.24330370081852,-0.42934093428330034,0.0,0.4135775759081858,Normal,Normal,Routine,E002A
604,109.24337810554562,-0.4293656877980517,0.0,0.45056283709556444,Normal,Normal,Routine,E002A
605,109.24344663437704,-0.4293523362475209,0.0,0.43290458847947705,Normal,Normal,Routine,E002A
606,109.243541122551,-0.429354295123676,0.0,0.4510167498911659,Normal,Normal,Routine,E002A
607,109.2436457285538,-0.42933414522679164,0.0,0.46743592372588627,Normal,Normal,Routine,E002A
608,109.24370596276958,-0.42936388812157983,0.0,0.4207554184707335,Normal,Normal,Routine,E002A
609,109.24378879552319,-0.429335749997551,0.0,0.43828516453056543,Normal,Normal,Routine,E002A
610,109.24389169392278,-0.4293431339199231,0.0,0.3277413247446793,Abnormal,Abnormal,Monitor,E002A
611,109.24396677147519,-0.429340369647456,0.0,0.48044494507766156,Normal,Normal,Routine,E002A
612,109.24403466824113,-0.42932176755594964,0.0,0.431943929854692,Normal,Normal,Routine,E002A
613,109.24414424507053,-0.42931453857487345,0.0,0.43857178091108173,Normal,Normal,Routine,E002A
614,109.24419559290308,-0.42934325665111794,0.0,0.4304421655206869,Normal,Normal,Routine,E002A
615,109.24426628781202,-0.4293443039044931,0.0,0.4638891782439534,Normal,Normal,Routine,E002A
616,109.24434951559464,-0.42934475450211707,0.0,0.43591250606792115,Normal,Normal,Routine,E002A
617,109.24442982787491,-0.4293399739340161,0.0,0.416772990550462,Normal,Normal,Routine,E002A
618,109.24452141169652,-0.4293352791665545,0.0,0.4247172225168426,Normal,Normal,Routine,E002A
619,109.24460697240964,-0.42933529894763633,0.0,0.4918668136175099,Normal,Normal,Routine,E002A
620,109.24467739229384,-0.42934102138261226,0.0,0.4386345245579139,Normal,Normal,Routine,E002A
621,109.24476485511597,-0.4293390557513354,0.0,0.4183561591783015,Normal,Normal,Routine,E002A
622,109.24484094442559,-0.4293430097739345,0.0,0.4128139648669196,Normal,Normal,Routine,E002A
623,109.24492457128848,-0.42932674078794025,0.0,0.42922245226677497,Normal,Normal,Routine,E002A
624,109.24500166261554,-0.42934060892137876,0.0,0.3805728881800325,Abnormal,Abnormal,Monitor,E002A
625,109.24511090066028,-0.42934209642884563,0.0,0.40550990883294524,Normal,Normal,Routine,E002A
626,109.2451745318694,-0.4293418100021936,0.0,0.3142058924757586,Abnormal,Abnormal,Monitor,E002A
627,109.24304173725096,-0.4292768969668257,0.0,0.46912578835112084,Normal,Normal,Routine,E002A
628,109.2431227055679,-0.4292863105006477,0.0,0.4398810028510611,Normal,Normal,Routine,E002A
629,109.24319531031428,-0.4292591665639748,0.0,0.4280404928404399,Normal,Normal,Routine,E002A
630,109.24328481382008,-0.4292695587176195,0.0,0.43926845274603615,Normal,Normal,Routine,E002A
631,109.2433459316682,-0.42928862289943726,0.0,0.45826580670323813,Normal,Normal,Routine,E002A
632,109.24344894323666,-0.42928021319942095,0.0,0.46175736767383146,Normal,Normal,Routine,E002A
633,109.24352295504482,-0.42926727075338533,0.0,0.4748758224175609,Normal,Normal,Routine,E002A
634,109.2435794786767,-0.42925287104609866,0.0,0.47428873024630147,Normal,Normal,Routine,E002A
635,109.24368397323214,-0.42925660737664073,0.0,0.39262442519515084,Abnormal,Abnormal,Monitor,E002A
636,109.24375622111067,-0.42927002223886807,0.0,0.410445016756788,Normal,Normal,Routine,E002A
637,109.2438242625008,-0.42923956386448986,0.0,0.46111705133608694,Normal,Normal,Routine,E002A
638,109.24400909230096,-0.42926776841165754,0.0,0.45209385715458567,Normal,Normal,Routine,E002A
639,109.24406476067728,-0.42926960707183154,0.0,0.42981317985014844,Normal,Normal,Routine,E002A
640,109.24414868429706,-0.4292596312127753,0.0,0.45716236421239514,Normal,Normal,Routine,E002A
641,109.24423706580923,-0.429290128476082,0.0,0.4623759018231499,Normal,Normal,Routine,E002A
642,109.24432224040626,-0.42926977692795265,0.0,0.4273358635653546,Normal,Normal,Routine,E002A
643,109.24439549552746,-0.4292702812829866,0.0,0.43062130372327073,Normal,Normal,Routine,E002A
644,109.24449276388792,-0.4292762785015589,0.0,0.4301203503269231,Normal,Normal,Routine,E002A
645,109.24455755334807,-0.4292663796000984,0.0,0.44517961237551607,Normal,Normal,Routine,E002A
646,109.24463177519232,-0.42927401732207404,0.0,0.48056679166172844,Normal,Normal,Routine,E002A
647,109.24471543646901,-0.4292682943327094,0.0,0.44253748905984586,Normal,Normal,Routine,E002A
648,109.24479294250034,-0.4292716165720571,0.0,0.4363787254038106,Normal,Normal,Routine,E002A
649,109.24487279876556,-0.42927737735657256,0.0,0.39298516870905736,Abnormal,Abnormal,Monitor,E002A
650,109.24496641381059,-0.42927179683140393,0.0,0.42039284371163727,Normal,Normal,Routine,E002A
651,109.24512422786692,-0.4292655357305015,0.0,0.4358565937073443,Normal,Normal,Routine,E002A
652,109.2452130939005,-0.42926713698830427,0.0,0.4105746094830611,Normal,Normal,Routine,E002A
653,109.24303711007511,-0.4291516825270047,0.0,0.4665519959864297,Normal,Normal,Routine,E002A
654,109.24311584128566,-0.42917072907505044,0.0,0.4707038300828292,Normal,Normal,Routine,E002A
655,109.24320130025163,-0.42916364554251824,0.0,0.4344133092339175,Normal,Normal,Routine,E002A
656,109.24329215967187,-0.4291840133695812,0.0,0.4218789981843187,Normal,Normal,Routine,E002A
657,109.24337443393966,-0.4291625977066612,0.0,0.4550663058896764,Normal,Normal,Routine,E002A
658,109.24340722422227,-0.42920737009084964,0.0,0.4308230073559553,Normal,Normal,Routine,E002A
659,109.24348096468273,-0.4292104626791893,0.0,0.4313247118075784,Normal,Normal,Routine,E002A
660,109.24356131852393,-0.42919658574288744,0.0,0.4419715410501364,Normal,Normal,Routine,E002A
661,109.243714485048,-0.42920886271137665,0.0,0.4349131938876011,Normal,Normal,Routine,E002A
662,109.24379049653977,-0.4291993543591818,0.0,0.4528920506577999,Normal,Normal,Routine,E002A
663,109.2438874798015,-0.4292145971089938,0.0,0.47866137686217963,Normal,Normal,Routine,E002A
664,109.24394932230905,-0.42919547002312275,0.0,0.47094146624010247,Normal,Normal,Routine,E002A
665,109.2440273997112,-0.42919835019374025,0.0,0.4643677716913561,Normal,Normal,Routine,E002A
666,109.24409139500419,-0.4292045332408038,0.0,0.437717371758398,Normal,Normal,Routine,E002A
667,109.24417886083721,-0.42918923998976244,0.0,0.43088494044227094,Normal,Normal,Routine,E002A
668,109.24427433965195,-0.42919598012982235,0.0,0.44764060617030205,Normal,Normal,Routine,E002A
669,109.24434874773408,-0.4291904566628126,0.0,0.4531800949684426,Normal,Normal,Routine,E002A
670,109.2444339803385,-0.4291993566225506,0.0,0.4333354019098454,Normal,Normal,Routine,E002A
671,109.24451625886783,-0.42919885295237375,0.0,0.4308815621591818,Normal,Normal,Routine,E002A
672,109.24458906966889,-0.42918220165919047,0.0,0.4492663478919397,Normal,Normal,Routine,E002A
673,109.24467939898263,-0.4291955492551652,0.0,0.46708066234703005,Normal,Normal,Routine,E002A
674,109.24476399276493,-0.429189410497454,0.0,0.4361603897035803,Normal,Normal,Routine,E002A
675,109.24482635001115,-0.4291939202003054,0.0,0.40740204246731493,Normal,Normal,Routine,E002A
676,109.2450193333748,-0.42917171982710217,0.0,0.4720321782258025,Normal,Normal,Routine,E002A
677,109.24508537318991,-0.4291975502427259,0.0,0.4624136107972358,Normal,Normal,Routine,E002A
678,109.2451708792341,-0.429197125081032,0.0,0.4291606979789888,Normal,Normal,Routine,E002A
679,109.24327875018206,-0.4291212326622053,0.0,0.42289577617565005,Normal,Normal,Routine,E002A
680,109.24342433072663,-0.4291099969033299,0.0,0.48485258348787635,Normal,Normal,Routine,E002A
681,109.2435063845333,-0.429125717287349,0.0,0.458519284661506,Normal,Normal,Routine,E002A
682,109.24359370530843,-0.4291240238230206,0.0,0.4281979007945965,Normal,Normal,Routine,E002A
683,109.24374436555014,-0.42911703855076966,0.0,0.4452273699027677,Normal,Normal,Routine,E002A
684,109.24384513165697,-0.4291313498345192,0.0,0.4445086340820366,Normal,Normal,Routine,E002A
685,109.24391656737792,-0.42912561498067303,0.0,0.46205680806846655,Normal,Normal,Routine,E002A
686,109.24399060600929,-0.42912116483787127,0.0,0.4472011434902977,Normal,Normal,Routine,E002A
687,109.2440496620747,-0.4291256457464654,0.0,0.42773058606224473,Normal,Normal,Routine,E002A
688,109.24415081292194,-0.42911517830471213,0.0,0.41248324913845286,Normal,Normal,Routine,E002A
689,109.24423979615267,-0.42913047526627973,0.0,0.419363250326116,Normal,Normal,Routine,E002A
690,109.24441078512602,-0.4291243022201809,0.0,0.4128932261931664,Normal,Normal,Routine,E002A
691,109.24448585531565,-0.4291184533523287,0.0,0.4322110293505786,Normal,Normal,Routine,E002A
692,109.24455579133236,-0.4291228210214795,0.0,0.4397623342583118,Normal,Normal,Routine,E002A
693,109.24463873629277,-0.42912666810460426,0.0,0.4414159408187551,Normal,Normal,Routine,E002A
694,109.24471371809612,-0.43014166575087287,0.0,0.4453318647407677,Normal,Normal,Routine,E002A
695,109.2447344111266,-0.4291247758011472,0.0,0.46178179977532796,Normal,Normal,Routine,E002A
696,109.24480341617965,-0.4291228420665164,0.0,0.4479757500120061,Normal,Normal,Routine,E002A
697,109.2448865912983,-0.4291219217120263,0.0,0.4083227722933798,Normal,Normal,Routine,E002A
698,109.2449619274069,-0.4291278478369985,0.0,0.41451189106235775,Normal,Normal,Routine,E002A
699,109.24505966909983,-0.42912240661470163,0.0,0.41577251483969885,Normal,Normal,Routine,E002A
700,109.24512623277937,-0.42912385531291247,0.0,0.45470624282902455,Normal,Normal,Routine,E002A
701,109.24521552538249,-0.4291219977005742,0.0,0.4098465810136017,Normal,Normal,Routine,E002A
702,109.2430569173688,-0.42906752365497347,0.0,0.4609048305796775,Normal,Normal,Routine,E002A
703,109.24314338746812,-0.42907758864550904,0.0,0.4487724270428628,Normal,Normal,Routine,E002A
704,109.24321620982117,-0.42908094055341844,0.0,0.4594550704037135,Normal,Normal,Routine,E002A
705,109.24339327951108,-0.42906911975509393,0.0,0.4821730471294755,Normal,Normal,Routine,E002A
706,109.24345497397046,-0.4290649326275709,0.0,0.49087104326574266,Normal,Normal,Routine,E002A
707,109.24355248171506,-0.42906088399825204,0.0,0.46955912270977235,Normal,Normal,Routine,E002A
708,109.24364243195468,-0.42906613347226535,0.0,0.4367704778363263,Normal,Normal,Routine,E002A
709,109.24372860016173,-0.4290490683939689,0.0,0.44049367041503495,Normal,Normal,Routine,E002A
710,109.24387233714087,-0.42907476393095223,0.0,0.44062497080194785,Normal,Normal,Routine,E002A
711,109.24395352570299,-0.4290599674983195,0.0,0.4701472784295459,Normal,Normal,Routine,E002A
712,109.24403243979324,-0.42904929777761697,0.0,0.45678804879252977,Normal,Normal,Routine,E002A
713,109.24410923170045,-0.42903670863331367,0.0,0.41720465302360016,Normal,Normal,Routine,E002A
714,109.24419954551693,-0.429039122290096,0.0,0.4271187807257111,Normal,Normal,Routine,E002A
715,109.24427687110486,-0.4290457985434916,0.0,0.43590626663568144,Normal,Normal,Routine,E002A
716,109.24451774684199,-0.4290433221505713,0.0,0.42440429506915633,Normal,Normal,Routine,E002A
717,109.24461560843774,-0.4290634609908162,0.0,0.4062619768753916,Normal,Normal,Routine,E002A
718,109.24468372767697,-0.42906200723561494,0.0,0.36516465210420446,Abnormal,Abnormal,Monitor,E002A
719,109.24475734904922,-0.42905970108826086,0.0,0.4117058833970998,Normal,Normal,Routine,E002A
720,109.24493414104178,-0.4290530247612922,0.0,0.3955131231236758,Abnormal,Abnormal,Monitor,E002A
721,109.24508244761658,-0.42904731668911616,0.0,0.4226345622500177,Normal,Normal,Routine,E002A
722,109.2451591317586,-0.429054496486077,0.0,0.429383613963713,Normal,Normal,Routine,E002A
723,109.24304338326662,-0.42898003195143625,0.0,0.45738384517353314,Normal,Normal,Routine,E002A
724,109.24309907726176,-0.42898756229643237,0.0,0.45600671416467375,Normal,Normal,Routine,E002A
725,109.24318250998867,-0.42899503846621884,0.0,0.41456547404552724,Normal,Normal,Routine,E002A
726,109.24328370928373,-0.42898067892565983,0.0,0.43780550449227945,Normal,Normal,Routine,E002A
727,109.24334873048969,-0.4289942530733939,0.0,0.45715096490938406,Normal,Normal,Routine,E002A
728,109.2434992974766,-0.4289825030027245,0.0,0.4621494208883224,Normal,Normal,Routine,E002A
729,109.24359332224093,-0.4289958324579314,0.0,0.4271610805426233,Normal,Normal,Routine,E002A
730,109.24366608942027,-0.4289733493137338,0.0,0.46177029638301853,Normal,Normal,Routine,E002A
731,109.24378373738472,-0.4289929781765109,0.0,0.43704655007101023,Normal,Normal,Routine,E002A
732,109.24383803771171,-0.4289710414811105,0.0,0.45751895965237843,Normal,Normal,Routine,E002A
733,109.24391793919226,-0.428975286658194,0.0,0.467184221971995,Normal,Normal,Routine,E002A
734,109.24399874757934,-0.4289810874458217,0.0,0.39645483861566844,Abnormal,Abnormal,Monitor,E002A
735,109.24432545046653,-0.42897598760444855,0.0,0.4563761599728612,Normal,Normal,Routine,E002A
736,109.24438808189413,-0.4289873972006767,0.0,0.38471515434180054,Abnormal,Abnormal,Monitor,E002A
737,109.24456950748501,-0.42899502983629073,0.0,0.4496568739682704,Normal,Normal,Routine,E002A
738,109.24472063691172,-0.4289871231536047,0.0,0.42868459008184506,Normal,Normal,Routine,E002A
739,109.2448101109915,-0.4289850630177809,0.0,0.43701754335884574,Normal,Normal,Routine,E002A
740,109.24489949001783,-0.4289862447871895,0.0,0.348156435326771,Abnormal,Abnormal,Monitor,E002A
741,109.24500137808445,-0.42896135746583547,0.0,0.4059821724551984,Normal,Normal,Routine,E002A
742,109.24512239297046,-0.42897267564331865,0.0,0.4468053372441988,Normal,Normal,Routine,E002A
743,109.24522696575971,-0.4289803565310512,0.0,0.4402334598098247,Normal,Normal,Routine,E002A
744,109.24305681247434,-0.4289248834425126,0.0,0.447246787792643,Normal,Normal,Routine,E002A
745,109.2431486424528,-0.42892367753154037,0.0,0.466455530483659,Normal,Normal,Routine,E002A
746,109.24323376776019,-0.42892227112296555,0.0,0.4293463458790347,Normal,Normal,Routine,E002A
747,109.24332088695725,-0.4289339251157991,0.0,0.41321235361691705,Normal,Normal,Routine,E002A
748,109.24339738877433,-0.42892885066861597,0.0,0.40649034604363055,Normal,Normal,Routine,E002A
749,109.24346393728908,-0.42892168769306743,0.0,0.42695533003912967,Normal,Normal,Routine,E002A
750,109.24354207887696,-0.4289226769737783,0.0,0.45212860112439707,Normal,Normal,Routine,E002A
751,109.24364001636881,-0.42890912873203163,0.0,0.44867456584712545,Normal,Normal,Routine,E002A
752,109.2437192619177,-0.42891023220776714,0.0,0.47479491643014166,Normal,Normal,Routine,E002A
753,109.24378109722802,-0.4289226255008092,0.0,0.4663305009292847,Normal,Normal,Routine,E002A
754,109.24386792338916,-0.42892738592051993,0.0,0.44172189552432106,Normal,Normal,Routine,E002A
755,109.24396164068567,-0.4289064684352778,0.0,0.4539447775070924,Normal,Normal,Routine,E002A
756,109.24404487386447,-0.4289028695480998,0.0,0.44355215126413966,Normal,Normal,Routine,E002A
757,109.24411255973169,-0.4289109687517342,0.0,0.45780346725060017,Normal,Normal,Routine,E002A
758,109.24419283128307,-0.4288995822232277,0.0,0.4204014955610707,Normal,Normal,Routine,E002A
759,109.24427531010083,-0.4289148993750504,0.0,0.4383058760002779,Normal,Normal,Routine,E002A
760,109.24435646994802,-0.4289079151978472,0.0,0.4114311994998709,Normal,Normal,Routine,E002A
761,109.2444379300144,-0.4288882645110249,0.0,0.4095332594281124,Normal,Normal,Routine,E002A
762,109.24451862723474,-0.42891685009434855,0.0,0.4036879034344408,Normal,Normal,Routine,E002A
763,109.24468502695484,-0.4289027271336867,0.0,0.4425176457084767,Normal,Normal,Routine,E002A
764,109.24476058314367,-0.42890859813943166,0.0,0.4385565440170467,Normal,Normal,Routine,E002A
765,109.2448316202222,-0.4289179297753854,0.0,0.34841040910488846,Abnormal,Abnormal,Monitor,E002A
766,109.2450015596655,-0.4289016535716008,0.0,0.45620404283683125,Normal,Normal,Routine,E002A
767,109.24304043242626,-0.42884617276576636,0.0,0.43192235292651904,Normal,Normal,Routine,E002A
768,109.24313353393386,-0.42887440581669856,0.0,0.44836504090161455,Normal,Normal,Routine,E002A
769,109.24320206973839,-0.4288697943399785,0.0,0.40898224331172367,Normal,Normal,Routine,E002A
770,109.24326290492101,-0.4288560611887327,0.0,0.4255539149188881,Normal,Normal,Routine,E002A
771,109.24336905793761,-0.42885861867300407,0.0,0.4398955812843012,Normal,Normal,Routine,E002A
772,109.24345242377987,-0.4288206771105642,0.0,0.447376593271103,Normal,Normal,Routine,E002A
773,109.24351422582552,-0.42884497373287167,0.0,0.4792791925985059,Normal,Normal,Routine,E002A
774,109.2436855459721,-0.42884369122648924,0.0,0.482399805803193,Normal,Normal,Routine,E002A
775,109.24377626977721,-0.4288561798134973,0.0,0.45348876867745375,Normal,Normal,Routine,E002A
776,109.24383808834212,-0.4288474675709195,0.0,0.41763864773529785,Normal,Normal,Routine,E002A
777,109.24391325097375,-0.428841855648135,0.0,0.4247070346559797,Normal,Normal,Routine,E002A
778,109.24413145163544,-0.42881120224454156,0.0,0.4733013012835213,Normal,Normal,Routine,E002A
779,109.24415454298789,-0.4288532603917582,0.0,0.44303459375649246,Normal,Normal,Routine,E002A
780,109.24424363465111,-0.4288263336366006,0.0,0.4290058768547333,Normal,Normal,Routine,E002A
781,109.24432441954279,-0.428836749974056,0.0,0.43205333049502753,Normal,Normal,Routine,E002A
782,109.24441560315641,-0.4288419716816816,0.0,0.4351485962004596,Normal,Normal,Routine,E002A
783,109.24447914403001,-0.42883590762853224,0.0,0.41703474890251696,Normal,Normal,Routine,E002A
784,109.24457095821943,-0.42884910634102924,0.0,0.42050370637501844,Normal,Normal,Routine,E002A
785,109.24465849304634,-0.42883858056768387,0.0,0.3819843322190749,Abnormal,Abnormal,Monitor,E002A
786,109.24473645114259,-0.4288290283246163,0.0,0.4282973302044691,Normal,Normal,Routine,E002A
787,109.24480872227657,-0.42884700719325913,0.0,0.40886499156527667,Normal,Normal,Routine,E002A
788,109.2449773020081,-0.42885315468731866,0.0,0.4302672392434186,Normal,Normal,Routine,E002A
789,109.24504321625217,-0.42884267365248485,0.0,0.502290127390396,Healthy,Healthy,None,E002A
790,109.24513773248854,-0.4288282437945626,0.0,0.46930456916169294,Normal,Normal,Routine,E002A
791,109.2452175868502,-0.4288384700090239,0.0,0.44625577693376806,Normal,Normal,Routine,E002A
792,109.24308104623024,-0.42880231442762806,0.0,0.40939298243511196,Normal,Normal,Routine,E002A
793,109.2432229445518,-0.4287878955563275,0.0,0.4272216584425993,Normal,Normal,Routine,E002A
794,109.24330361041268,-0.42880012137971885,0.0,0.44381928680931965,Normal,Normal,Routine,E002A
795,109.24338204410589,-0.42878458730231134,0.0,0.39018882525747134,Abnormal,Abnormal,Monitor,E002A
796,109.24346197364682,-0.42877597962436353,0.0,0.4190002708616752,Normal,Normal,Routine,E002A
797,109.24355427080484,-0.42877057603447866,0.0,0.4447415483237529,Normal,Normal,Routine,E002A
798,109.24366079342444,-0.4287595717633785,0.0,0.45096995880653906,Normal,Normal,Routine,E002A
799,109.24369785542983,-0.42878677542955984,0.0,0.44272665689287605,Normal,Normal,Routine,E002A
800,109.24378817413175,-0.428767654910686,0.0,0.3875884431539677,Abnormal,Abnormal,Monitor,E002A
801,109.24387848866725,-0.42876289110414584,0.0,0.4354664685850895,Normal,Normal,Routine,E002A
802,109.24395362791259,-0.42876530124523005,0.0,0.4450636383759664,Normal,Normal,Routine,E002A
803,109.2440490778766,-0.4287487872021801,0.0,0.4413439993852608,Normal,Normal,Routine,E002A
804,109.24411768475849,-0.42876352691149666,0.0,0.4450529930722488,Normal,Normal,Routine,E002A
805,109.24419943261171,-0.42876204374254584,0.0,0.46255121588133674,Normal,Normal,Routine,E002A
806,109.2442783203436,-0.4287606358735873,0.0,0.4533390816227184,Normal,Normal,Routine,E002A
807,109.2443493616856,-0.4287669389950755,0.0,0.4224324927289182,Normal,Normal,Routine,E002A
808,109.24444872399168,-0.42876472830937945,0.0,0.4585706199706049,Normal,Normal,Routine,E002A
809,109.24453048052595,-0.4287685760073656,0.0,0.43275670415642453,Normal,Normal,Routine,E002A
810,109.24461860755217,-0.42875700047130927,0.0,0.43623573883486666,Normal,Normal,Routine,E002A
811,109.2449350004379,-0.428758450766352,0.0,0.42391821592778023,Normal,Normal,Routine,E002A
812,109.24501225763241,-0.4287618588339952,0.0,0.4001788412474468,Normal,Normal,Routine,E002A
813,109.24509591715898,-0.42876386309094033,0.0,0.47965171662651096,Normal,Normal,Routine,E002A
814,109.24517957451565,-0.4287714676997452,0.0,0.42859831258278935,Normal,Normal,Routine,E002A
815,109.24305442180983,-0.4287176763925251,0.0,0.4070829140497978,Normal,Normal,Routine,E002A
816,109.24311541021018,-0.42870955175956815,0.0,0.4447774342977657,Normal,Normal,Routine,E002A
817,109.24319341427501,-0.42871084937022286,0.0,0.45797553696051363,Normal,Normal,Routine,E002A
818,109.24328217802393,-0.42872331851013135,0.0,0.43729559460189193,Normal,Normal,Routine,E002A
819,109.24336655189178,-0.42871616145526076,0.0,0.4668904753050359,Normal,Normal,Routine,E002A
820,109.24345783076251,-0.4286934067687201,0.0,0.43842040959223366,Normal,Normal,Routine,E002A
821,109.24351441268783,-0.4286990816792425,0.0,0.4532251995823379,Normal,Normal,Routine,E002A
822,109.24358621524728,-0.42869964898502777,0.0,0.44893758504294834,Normal,Normal,Routine,E002A
823,109.24375116470259,-0.42870681932140975,0.0,0.38686379142351696,Abnormal,Abnormal,Monitor,E002A
824,109.24383197314667,-0.42870444519869794,0.0,0.46115796487898236,Normal,Normal,Routine,E002A
825,109.24391387553153,-0.4286988375395453,0.0,0.46396522084656944,Normal,Normal,Routine,E002A
826,109.24398979712977,-0.4286896203282926,0.0,0.4478926886441041,Normal,Normal,Routine,E002A
827,109.24408440725993,-0.4286925865864732,0.0,0.3969724342410505,Abnormal,Abnormal,Monitor,E002A
828,109.24416886103637,-0.4286936360886835,0.0,0.4454813393441817,Normal,Normal,Routine,E002A
829,109.24424995233966,-0.4287035967226336,0.0,0.44515062076494916,Normal,Normal,Routine,E002A
830,109.24432085591607,-0.42870345393618026,0.0,0.40619725277924174,Normal,Normal,Routine,E002A
831,109.24439577564722,-0.4286995257580966,0.0,0.4464099848094845,Normal,Normal,Routine,E002A
832,109.24446802924798,-0.4286918857023021,0.0,0.4409836095601956,Normal,Normal,Routine,E002A
833,109.24455777863474,-0.42869573433776637,0.0,0.4454982757192135,Normal,Normal,Routine,E002A
834,109.24463620142676,-0.4286967236632027,0.0,0.46732347088308035,Normal,Normal,Routine,E002A
835,109.24488793845407,-0.4286933336604161,0.0,0.4399899466886177,Normal,Normal,Routine,E002A
836,109.24498479998609,-0.428706914240604,0.0,0.4392599229320897,Normal,Normal,Routine,E002A
837,109.24506832195213,-0.42869367823347987,0.0,0.4631091768808113,Normal,Normal,Routine,E002A
838,109.2451263529905,-0.42869871865014114,0.0,0.45388348969790315,Normal,Normal,Routine,E002A
839,109.24522097194223,-0.4286987043132525,0.0,0.4323284647824562,Normal,Normal,Routine,E002A
840,109.24306147548262,-0.42864884069111103,0.0,0.43330276385173155,Normal,Normal,Routine,E002A
841,109.24314699702117,-0.4286469984885753,0.0,0.43295785437266415,Normal,Normal,Routine,E002A
842,109.24322300815655,-0.4286389180159605,0.0,0.4412017212202968,Normal,Normal,Routine,E002A
843,109.24331301023301,-0.4286373517539806,0.0,0.4358162660767008,Normal,Normal,Routine,E002A
844,109.24337922182572,-0.42864228735930926,0.0,0.4222572434059459,Normal,Normal,Routine,E002A
845,109.24346585482633,-0.4286392083229147,0.0,0.4537452394500948,Normal,Normal,Routine,E002A
846,109.24355771051505,-0.4286316822251737,0.0,0.4892489278090899,Normal,Normal,Routine,E002A
847,109.24364322441217,-0.4286398208061812,0.0,0.45148863667557365,Normal,Normal,Routine,E002A
848,109.24372396359293,-0.4286141907046369,0.0,0.46261863108512985,Normal,Normal,Routine,E002A
849,109.24379864251708,-0.42863017070667414,0.0,0.45340128904200155,Normal,Normal,Routine,E002A
850,109.24385693532498,-0.42860580234686546,0.0,0.42902045993164,Normal,Normal,Routine,E002A
851,109.24391325768858,-0.42863895534792906,0.0,0.43316959163812446,Normal,Normal,Routine,E002A
852,109.24394328714895,-0.4286068341996909,0.0,0.453097268491267,Normal,Normal,Routine,E002A
853,109.24405397524569,-0.4286266829852862,0.0,0.45864192683513566,Normal,Normal,Routine,E002A
854,109.24411226788862,-0.4286188434743953,0.0,0.45048443715314607,Normal,Normal,Routine,E002A
855,109.24419697179253,-0.4286102215072406,0.0,0.46764673959879743,Normal,Normal,Routine,E002A
856,109.24427981318593,-0.4286269738592647,0.0,0.48544198119922904,Normal,Normal,Routine,E002A
857,109.24436893849546,-0.4286219086312279,0.0,0.40883242005674386,Normal,Normal,Routine,E002A
858,109.24445456991906,-0.42862297467651667,0.0,0.4002673733976104,Normal,Normal,Routine,E002A
859,109.244544983891,-0.4286234811566755,0.0,0.46371926563044974,Normal,Normal,Routine,E002A
860,109.24461158894621,-0.42862064526083327,0.0,0.37324109329145494,Abnormal,Abnormal,Monitor,E002A
861,109.2446973812723,-0.4286054935614186,0.0,0.4662940310113309,Normal,Normal,Routine,E002A
862,109.24476845774626,-0.42862720782361274,0.0,0.4344794305949849,Normal,Normal,Routine,E002A
863,109.24485180475199,-0.4286130313007325,0.0,0.3879064788176077,Abnormal,Abnormal,Monitor,E002A
864,109.24500658235301,-0.4286355253981335,0.0,0.4467578221097942,Normal,Normal,Routine,E002A
865,109.24508834329585,-0.428624059607702,0.0,0.4325177141703037,Normal,Normal,Routine,E002A
866,109.24515693133092,-0.4286389014932572,0.0,0.4342886631598147,Normal,Normal,Routine,E002A
867,109.24303948644817,-0.42857866986002235,0.0,0.45792405851189805,Normal,Normal,Routine,E002A
868,109.24311266212469,-0.4285806635680774,0.0,0.47621906103223716,Normal,Normal,Routine,E002A
869,109.2431780941971,-0.42857688422673923,0.0,0.43839710957108674,Normal,Normal,Routine,E002A
870,109.2432712875757,-0.4285725361595925,0.0,0.49110553309943966,Normal,Normal,Routine,E002A
871,109.24336721352465,-0.4285562980435842,0.0,0.4162390506957631,Normal,Normal,Routine,E002A
872,109.24342333752594,-0.4285689820962734,0.0,0.46119641741760636,Normal,Normal,Routine,E002A
873,109.24357811976698,-0.4285626841007481,0.0,0.4277605334983355,Normal,Normal,Routine,E002A
874,109.24375011415246,-0.42856694600447764,0.0,0.45597695599512467,Normal,Normal,Routine,E002A
875,109.24397181773045,-0.4285613805627882,0.0,0.43777730586508007,Normal,Normal,Routine,E002A
876,109.24406880619559,-0.4285538095183952,0.0,0.37520190021465577,Abnormal,Abnormal,Monitor,E002A
877,109.24424132008565,-0.428553002911309,0.0,0.4239798696260515,Normal,Normal,Routine,E002A
878,109.24432331081451,-0.4285500340173425,0.0,0.43503780670622944,Normal,Normal,Routine,E002A
879,109.2444011525801,-0.42855028167606146,0.0,0.45728609767453426,Normal,Normal,Routine,E002A
880,109.2444931616787,-0.4285674738236735,0.0,0.46346337857905096,Normal,Normal,Routine,E002A
881,109.24456799026991,-0.4285456630163157,0.0,0.4400567743135672,Normal,Normal,Routine,E002A
882,109.24465668142709,-0.4285537417312867,0.0,0.44832461479184726,Normal,Normal,Routine,E002A
883,109.24472843639725,-0.4285504675286265,0.0,0.42980228944056603,Normal,Normal,Routine,E002A
884,109.24482329845397,-0.4285517952317548,0.0,0.41733893945584755,Normal,Normal,Routine,E002A
885,109.24489822243376,-0.428560850129427,0.0,0.4089543449624828,Normal,Normal,Routine,E002A
886,109.24497237723787,-0.42855129699351646,0.0,0.43170344239414327,Normal,Normal,Routine,E002A
887,109.2450507788052,-0.42856272829853165,0.0,0.41625797766475725,Normal,Normal,Routine,E002A
888,109.24513019158692,-0.42854367666282556,0.0,0.42680057749912903,Normal,Normal,Routine,E002A
889,109.24521194686953,-0.4285570945915816,0.0,0.41230090665638,Normal,Normal,Routine,E002A
890,109.24306233971484,-0.4285065497628241,0.0,0.4565024631581484,Normal,Normal,Routine,E002A
891,109.24313226538848,-0.428512688041098,0.0,0.46099859379433294,Normal,Normal,Routine,E002A
892,109.24322349706577,-0.42849986981842714,0.0,0.4518452066563012,Normal,Normal,Routine,E002A
893,109.24330837961614,-0.4285033773150736,0.0,0.43554586846619925,Normal,Normal,Routine,E002A
894,109.24338248553006,-0.42849917585366043,0.0,0.44842834938434967,Normal,Normal,Routine,E002A
895,109.24345976454055,-0.4284932723214486,0.0,0.4581726139746282,Normal,Normal,Routine,E002A
896,109.24354306783219,-0.42849723069814966,0.0,0.42938978758073393,Normal,Normal,Routine,E002A
897,109.24367624198914,-0.4284992310157481,0.0,0.38458147094194645,Abnormal,Abnormal,Monitor,E002A
898,109.24373503309356,-0.42849957737157,0.0,0.446222471477318,Normal,Normal,Routine,E002A
899,109.24382198674448,-0.428516429237869,0.0,0.4476906153807367,Normal,Normal,Routine,E002A
900,109.24388489055309,-0.42853080590106596,0.0,0.4461595877073705,Normal,Normal,Routine,E002A
901,109.2439670355901,-0.4284891844163413,0.0,0.45541852312288184,Normal,Normal,Routine,E002A
902,109.24403258981575,-0.42851713799405494,0.0,0.41622414900929683,Normal,Normal,Routine,E002A
903,109.24411347711568,-0.42848015257619726,0.0,0.4425915231650933,Normal,Normal,Routine,E002A
904,109.24421247974932,-0.4284715709789307,0.0,0.3924030311861817,Abnormal,Abnormal,Monitor,E002A
905,109.2442935370264,-0.42848894959521344,0.0,0.45055655267487627,Normal,Normal,Routine,E002A
906,109.24436214927128,-0.4284920120267621,0.0,0.46704404705678815,Normal,Normal,Routine,E002A
907,109.2444358886681,-0.42849202904295225,0.0,0.4344907517355196,Normal,Normal,Routine,E002A
908,109.24451740281638,-0.42847943101105435,0.0,0.4385116429747762,Normal,Normal,Routine,E002A
909,109.24464475991196,-0.4285086160449075,0.0,0.44930301084019136,Normal,Normal,Routine,E002A
910,109.24469282555098,-0.4284699003375104,0.0,0.425072971481728,Normal,Normal,Routine,E002A
911,109.24478804113139,-0.42849268905048526,0.0,0.45144367940037217,Normal,Normal,Routine,E002A
912,109.2448507393704,-0.42849478431791593,0.0,0.42838551886692766,Normal,Normal,Routine,E002A
913,109.24492676184596,-0.4284766362049802,0.0,0.4412832364569617,Normal,Normal,Routine,E002A
914,109.24501575444442,-0.4284864557681121,0.0,0.4511568384672127,Normal,Normal,Routine,E002A
915,109.24518399974049,-0.42847808636034435,0.0,0.4294111678372327,Normal,Normal,Routine,E002A
916,109.24304227376824,-0.4284289885114368,0.0,0.4342235213587929,Normal,Normal,Routine,E002A
917,109.24310897151264,-0.4284409479425878,0.0,0.4416424873964534,Normal,Normal,Routine,E002A
918,109.24318786204331,-0.4284309799427047,0.0,0.44644577520908696,Normal,Normal,Routine,E002A
919,109.24327050855513,-0.428427615123173,0.0,0.4309214303637367,Normal,Normal,Routine,E002A
920,109.24335056792847,-0.4284365690229691,0.0,0.45924637021064474,Normal,Normal,Routine,E002A
921,109.24341428110762,-0.42843893130241184,0.0,0.44263122018948936,Normal,Normal,Routine,E002A
922,109.24351647565967,-0.42843654311864543,0.0,0.46138255213116025,Normal,Normal,Routine,E002A
923,109.24363047086044,-0.42844594886392107,0.0,0.44160957316927263,Normal,Normal,Routine,E002A
924,109.24369423076911,-0.4284364376537751,0.0,0.4275257756312688,Normal,Normal,Routine,E002A
925,109.24374628556629,-0.42842558808516157,0.0,0.480101147462096,Normal,Normal,Routine,E002A
926,109.24386910455105,-0.42842308890499986,0.0,0.424146347790509,Normal,Normal,Routine,E002A
927,109.24396097226595,-0.42841015777286157,0.0,0.4520030055885957,Normal,Normal,Routine,E002A
928,109.24399940581687,-0.4284379350797687,0.0,0.448201957195415,Normal,Normal,Routine,E002A
929,109.24407655528061,-0.42841327083248637,0.0,0.4480439905682257,Normal,Normal,Routine,E002A
930,109.24416070816692,-0.4284141656167821,0.0,0.41494993705690786,Normal,Normal,Routine,E002A
931,109.24421675766243,-0.4284188456592526,0.0,0.3965286870773595,Abnormal,Abnormal,Monitor,E002A
932,109.24432911130982,-0.4284183850683403,0.0,0.4878107448460713,Normal,Normal,Routine,E002A
933,109.24439317762503,-0.428416449267794,0.0,0.4431729058490223,Normal,Normal,Routine,E002A
934,109.24448559041275,-0.4284162571732144,0.0,0.44356115209720404,Normal,Normal,Routine,E002A
935,109.24456544880985,-0.428408619763859,0.0,0.43183152197933367,Normal,Normal,Routine,E002A
936,109.24465671489587,-0.42840672640739336,0.0,0.46526955510853,Normal,Normal,Routine,E002A
937,109.24473488917798,-0.42841818930581665,0.0,0.35310031679339876,Abnormal,Abnormal,Monitor,E002A
938,109.24480516066403,-0.428416818313856,0.0,0.41989584581460804,Normal,Normal,Routine,E002A
939,109.24488375472228,-0.4284152322079493,0.0,0.46244417682147143,Normal,Normal,Routine,E002A
940,109.24497810917012,-0.4284287950136159,0.0,0.4253657258577175,Normal,Normal,Routine,E002A
941,109.24506367425022,-0.42840967335259905,0.0,0.46285702983776894,Normal,Normal,Routine,E002A
942,109.24512548538353,-0.42841403911731957,0.0,0.4382496112459773,Normal,Normal,Routine,E002A
943,109.2452158207237,-0.42840100542109977,0.0,0.42323899472444165,Normal,Normal,Routine,E002A
944,109.24306456608805,-0.42835475764020736,0.0,0.44468027389053105,Normal,Normal,Routine,E002A
945,109.24313357826183,-0.428356750378039,0.0,0.44139153240824003,Normal,Normal,Routine,E002A
946,109.24322626776755,-0.4283639501308766,0.0,0.4370563546929836,Normal,Normal,Routine,E002A
947,109.24330817689176,-0.4283522809247282,0.0,0.42854824815018067,Normal,Normal,Routine,E002A
948,109.24338961826163,-0.4283632074246304,0.0,0.44444294244740723,Normal,Normal,Routine,E002A
949,109.2434621083103,-0.42835843858575884,0.0,0.4004971229690483,Normal,Normal,Routine,E002A
950,109.2435434693682,-0.42835127900764913,0.0,0.4761543580530358,Normal,Normal,Routine,E002A
951,109.24362911625045,-0.42836317317687933,0.0,0.40623185888653873,Normal,Normal,Routine,E002A
952,109.24370901359498,-0.4283460722555265,0.0,0.37387783558043924,Abnormal,Abnormal,Monitor,E002A
953,109.24379827745562,-0.4283517537919659,0.0,0.4442074040661345,Normal,Normal,Routine,E002A
954,109.24387145389629,-0.42834657003095494,0.0,0.36329462116097544,Abnormal,Abnormal,Monitor,E002A
955,109.24403944914887,-0.4283391537188803,0.0,0.40086528061747767,Normal,Normal,Routine,E002A
956,109.2441131879659,-0.42835349218220603,0.0,0.4501636255657874,Normal,Normal,Routine,E002A
957,109.24419712399836,-0.4283323390953924,0.0,0.4283031642508514,Normal,Normal,Routine,E002A
958,109.2442889063023,-0.42834347596550154,0.0,0.41283618408934514,Normal,Normal,Routine,E002A
959,109.24436706625956,-0.42833492662631395,0.0,0.4024596755267479,Normal,Normal,Routine,E002A
960,109.2444460247024,-0.4283385864698461,0.0,0.43285394479410805,Normal,Normal,Routine,E002A
961,109.2445106685391,-0.4283488100624484,0.0,0.4331792659030881,Normal,Normal,Routine,E002A
962,109.24460189890779,-0.42834596265534924,0.0,0.45426083178321225,Normal,Normal,Routine,E002A
963,109.24470163432831,-0.4283344395119922,0.0,0.45132656638573654,Normal,Normal,Routine,E002A
964,109.24477281648839,-0.42835357381019135,0.0,0.4626357248950986,Normal,Normal,Routine,E002A
965,109.24484506920054,-0.42834593373558894,0.0,0.3969089752641217,Abnormal,Abnormal,Monitor,E002A
966,109.24495565000373,-0.42835988189616425,0.0,0.4402628601905208,Normal,Normal,Routine,E002A
967,109.24509933354376,-0.4283563529783501,0.0,0.4761978956704806,Normal,Normal,Routine,E002A
968,109.24517780314989,-0.4283569724347063,0.0,0.44649192706934515,Normal,Normal,Routine,E002A
969,109.2430301185073,-0.4282901490154866,0.0,0.42070311222885465,Normal,Normal,Routine,E002A
970,109.24311659400315,-0.42828832600735367,0.0,0.4486178446997393,Normal,Normal,Routine,E002A
971,109.24319264765677,-0.4282907363468331,0.0,0.4420156703271582,Normal,Normal,Routine,E002A
972,109.24326632502427,-0.4282907533520516,0.0,0.42986573202499206,Normal,Normal,Routine,E002A
973,109.24334263490952,-0.428276431433793,0.0,0.4419303515716554,Normal,Normal,Routine,E002A
974,109.24344587632667,-0.4282723678104392,0.0,0.44770167661500765,Normal,Normal,Routine,E002A
975,109.24351847873999,-0.42828697639663643,0.0,0.46441508645230944,Normal,Normal,Routine,E002A
976,109.24360578186032,-0.4282799303192766,0.0,0.4077011867373788,Normal,Normal,Routine,E002A
977,109.24368092073698,-0.42827994765729543,0.0,0.4091122343943878,Normal,Normal,Routine,E002A
978,109.2437617269942,-0.42828714375557636,0.0,0.42258038645637597,Normal,Normal,Routine,E002A
979,109.24385007730727,-0.42828495221516044,0.0,0.4180214925500491,Normal,Normal,Routine,E002A
980,109.24391195998749,-0.42828657253495356,0.0,0.41923680290999926,Normal,Normal,Routine,E002A
981,109.24400470204897,-0.4282840492221936,0.0,0.4414318054332573,Normal,Normal,Routine,E002A
982,109.24407647592295,-0.42827653022151285,0.0,0.47097217202938807,Normal,Normal,Routine,E002A
983,109.24416111025728,-0.42828148543227723,0.0,0.4407405256956386,Normal,Normal,Routine,E002A
984,109.24423341819,-0.42827581494848593,0.0,0.45833515548820475,Normal,Normal,Routine,E002A
985,109.24432595259199,-0.42827800209900074,0.0,0.4561548966455746,Normal,Normal,Routine,E002A
986,109.24439950953156,-0.4282784757381601,0.0,0.43895603432328456,Normal,Normal,Routine,E002A
987,109.24448697083204,-0.4282791343484681,0.0,0.4254308792068504,Normal,Normal,Routine,E002A
988,109.24455542043512,-0.4282785116968087,0.0,0.42465093506077867,Normal,Normal,Routine,E002A
989,109.2446448951134,-0.4282816422311182,0.0,0.4552075228019923,Normal,Normal,Routine,E002A
990,109.24472343392797,-0.4282780449375038,0.0,0.457818354854793,Normal,Normal,Routine,E002A
991,109.24481701463432,-0.4282732628563731,0.0,0.4618052875931218,Normal,Normal,Routine,E002A
992,109.24488933766169,-0.42826847587213673,0.0,0.461022306289647,Normal,Normal,Routine,E002A
993,109.2449781427076,-0.4282814079954587,0.0,0.44199454455842624,Normal,Normal,Routine,E002A
994,109.24501664861559,-0.4283031753242731,0.0,0.4364156377726588,Normal,Normal,Routine,E002A
995,109.24506370778455,-0.4282622863276451,0.0,0.4348329974682381,Normal,Normal,Routine,E002A
996,109.24521961656642,-0.4282718934218928,0.0,0.4211747079550683,Normal,Normal,Routine,E002A
997,109.24306675485948,-0.42822602703639717,0.0,0.4372216578703759,Normal,Normal,Routine,E002A
998,109.2431513450296,-0.4282195943585759,0.0,0.40718958399874117,Normal,Normal,Routine,E002A
999,109.24323520165923,-0.428215586850035,0.0,0.4612698133344341,Normal,Normal,Routine,E002A
1000,109.24331493676277,-0.42821660631295544,0.0,0.45869469526433343,Normal,Normal,Routine,E002A
1001,109.24340122568985,-0.42821364112028965,0.0,0.40602701160904886,Normal,Normal,Routine,E002A
1002,109.24346088184299,-0.4282099490519477,0.0,0.43004177470900484,Normal,Normal,Routine,E002A
1003,109.2435601373647,-0.4282149031168122,0.0,0.4214964201327275,Normal,Normal,Routine,E002A
1004,109.24363857277274,-0.4281957798316743,0.0,0.40487520725161463,Normal,Normal,Routine,E002A
1005,109.24371700183893,-0.42820058349663204,0.0,0.41812000182023323,Normal,Normal,Routine,E002A
1006,109.24378889334143,-0.4282011046823373,0.0,0.42605116583026564,Normal,Normal,Routine,E002A
1007,109.24387207534859,-0.4282130868965579,0.0,0.45100336765599575,Normal,Normal,Routine,E002A
1008,109.2439743643084,-0.42822619033282067,0.0,0.4625394189142966,Normal,Normal,Routine,E002A
1009,109.24405311690764,-0.42821064724912533,0.0,0.35864942677734707,Abnormal,Abnormal,Monitor,E002A
1010,109.24420905367761,-0.4282074087329903,0.0,0.4584094581126022,Normal,Normal,Routine,E002A
1011,109.24429169989092,-0.4282094887007335,0.0,0.4598173944978743,Normal,Normal,Routine,E002A
1012,109.24436356419737,-0.42821119722554013,0.0,0.4483813157625805,Normal,Normal,Routine,E002A
1013,109.24445331787915,-0.42819612690848874,0.0,0.3932486900950836,Abnormal,Abnormal,Monitor,E002A
1014,109.24452556970591,-0.4281923156526213,0.0,0.4258918831022977,Normal,Normal,Routine,E002A
1015,109.24460646517066,-0.4282023992029228,0.0,0.46673039110651826,Normal,Normal,Routine,E002A
1016,109.24476172998502,-0.42821535840392055,0.0,0.4643357670239101,Normal,Normal,Routine,E002A
1017,109.24484894040656,-0.4282014377669641,0.0,0.46707375067295415,Normal,Normal,Routine,E002A
1018,109.24492734524,-0.4282024297774466,0.0,0.48120358186917234,Normal,Normal,Routine,E002A
1019,109.24500001301483,-0.4281866465360866,0.0,0.4477291680037635,Normal,Normal,Routine,E002A
1020,109.24509843065681,-0.42820288519654304,0.0,0.48908354910221896,Normal,Normal,Routine,E002A
1021,109.24516184434167,-0.42821502562282415,0.0,0.4578292640211346,Normal,Normal,Routine,E002A
1022,109.24304203637719,-0.4281382189645534,0.0,0.44308462391058506,Normal,Normal,Routine,E002A
1023,109.24309907298475,-0.4281549798121126,0.0,0.46806644653013496,Normal,Normal,Routine,E002A
1024,109.2431850906105,-0.42815601157504435,0.0,0.4617791744136495,Normal,Normal,Routine,E002A
1025,109.24327226903868,-0.42815209706852736,0.0,0.38396875389895235,Abnormal,Abnormal,Monitor,E002A
1026,109.24334919277776,-0.42814419764494904,0.0,0.42922375196809165,Normal,Normal,Routine,E002A
1027,109.24343287817143,-0.4281427013400435,0.0,0.41530277571746876,Normal,Normal,Routine,E002A
1028,109.24359637046541,-0.4281346844293625,0.0,0.44203685741327275,Normal,Normal,Routine,E002A
1029,109.24368145673552,-0.42813118812595724,0.0,0.4647064453415311,Normal,Normal,Routine,E002A
1030,109.24376276574748,-0.4281317123857643,0.0,0.4265675672859231,Normal,Normal,Routine,E002A
1031,109.24384119571677,-0.42813651604728126,0.0,0.40663310872911157,Normal,Normal,Routine,E002A
1032,109.2439147824122,-0.4281403509870054,0.0,0.45793467357230994,Normal,Normal,Routine,E002A
1033,109.24399700742126,-0.4281419895575373,0.0,0.48520687124123274,Normal,Normal,Routine,E002A
1034,109.24407782605913,-0.42814615352186625,0.0,0.3305814007246817,Abnormal,Abnormal,Monitor,E002A
1035,109.24416238694442,-0.4281304444761275,0.0,0.36985137832711334,Abnormal,Abnormal,Monitor,E002A
1036,109.24424215403035,-0.42813319838726266,0.0,0.40648908125566646,Normal,Normal,Routine,E002A
1037,109.24432169894254,-0.42812544062466684,0.0,0.39741573900951505,Abnormal,Abnormal,Monitor,E002A
1038,109.24439584936327,-0.4281350288682789,0.0,0.39200479057995047,Abnormal,Abnormal,Monitor,E002A
1039,109.24447369609223,-0.42812924842352296,0.0,0.39975296910706587,Abnormal,Abnormal,Monitor,E002A
1040,109.24456867600607,-0.42812574353767757,0.0,0.39034173062715966,Abnormal,Abnormal,Monitor,E002A
1041,109.24465644783113,-0.42812765467082387,0.0,0.38020113883825646,Abnormal,Abnormal,Monitor,E002A
1042,109.24472059715306,-0.42813204809663935,0.0,0.4264786061795849,Normal,Normal,Routine,E002A
1043,109.24481034400252,-0.4281352347517948,0.0,0.4271851174381314,Normal,Normal,Routine,E002A
1044,109.244887432979,-0.4281278064856838,0.0,0.4173373566277755,Normal,Normal,Routine,E002A
1045,109.24496539063857,-0.42812016771565015,0.0,0.4463284617789553,Normal,Normal,Routine,E002A
1046,109.24505285126621,-0.4281278446129457,0.0,0.45010775939494524,Normal,Normal,Routine,E002A
1047,109.24514117268403,-0.42813447452463815,0.0,0.4605682141113683,Normal,Normal,Routine,E002A
1048,109.24521588797404,-0.4281290523568336,0.0,0.4383114117237359,Normal,Normal,Routine,E002A
1049,109.24306240031925,-0.4280708711971907,0.0,0.4522053370205294,Normal,Normal,Routine,E002A
1050,109.24315367179737,-0.4280804633943037,0.0,0.41813409876580215,Normal,Normal,Routine,E002A
1051,109.24323127075502,-0.428085624066257,0.0,0.4309785528730479,Normal,Normal,Routine,E002A
1052,109.24330537263869,-0.42807936168199234,0.0,0.4278725402764853,Normal,Normal,Routine,E002A
1053,109.2433827540446,-0.42806161450223057,0.0,0.3887652123533357,Abnormal,Abnormal,Monitor,E002A
1054,109.24347364082097,-0.42805654514477015,0.0,0.4303848218767583,Normal,Normal,Routine,E002A
1055,109.24354536025102,-0.4280631721409766,0.0,0.4251856091840356,Normal,Normal,Routine,E002A
1056,109.24363258022133,-0.42807414155775,0.0,0.45495387231623446,Normal,Normal,Routine,E002A
1057,109.2437118536066,-0.42806735767328985,0.0,0.4018033903681527,Normal,Normal,Routine,E002A
1058,109.24379738050038,-0.4280499758931985,0.0,0.4542090489825733,Normal,Normal,Routine,E002A
1059,109.24387105516763,-0.4280619559082367,0.0,0.4238918677554116,Normal,Normal,Routine,E002A
1060,109.24395620370007,-0.4280809613875995,0.0,0.4712929488070166,Normal,Normal,Routine,E002A
1061,109.24403944143626,-0.42807307697168473,0.0,0.37958635788064105,Abnormal,Abnormal,Monitor,E002A
1062,109.24411497721671,-0.42806585363261235,0.0,0.36556562775054086,Abnormal,Abnormal,Monitor,E002A
1063,109.24419960405419,-0.4280721743296647,0.0,0.40551252144639593,Normal,Normal,Routine,E002A
1064,109.24428222738884,-0.4280563572193863,0.0,0.4251012128398457,Normal,Normal,Routine,E002A
1065,109.24436730928873,-0.4280643075742389,0.0,0.4218922544703823,Normal,Normal,Routine,E002A
1066,109.24442617681477,-0.4280644359915741,0.0,0.4153371938098275,Normal,Normal,Routine,E002A
1067,109.24451618300851,-0.4280607888852407,0.0,0.4017832893794243,Normal,Normal,Routine,E002A
1068,109.2446886730099,-0.4280664109101313,0.0,0.4196559886257009,Normal,Normal,Routine,E002A
1069,109.24476573331113,-0.4280626007547635,0.0,0.42241767507195294,Normal,Normal,Routine,E002A
1070,109.24492983725845,-0.4280593523365915,0.0,0.38957602035730404,Abnormal,Abnormal,Monitor,E002A
1071,109.24501957418681,-0.42806275692102236,0.0,0.47099836107207116,Normal,Normal,Routine,E002A
1072,109.24516466823339,-0.42806223149663786,0.0,0.48818950362648744,Normal,Normal,Routine,E002A
1073,109.24311416189317,-0.42801031927141536,0.0,0.46728811803616976,Normal,Normal,Routine,E002A
1074,109.24319209327004,-0.4279994295473659,0.0,0.4281474560847913,Normal,Normal,Routine,E002A
1075,109.24326904071665,-0.42799785210507907,0.0,0.446691191130254,Normal,Normal,Routine,E002A
1076,109.24335439627771,-0.4280109127428301,0.0,0.42644896910287095,Normal,Normal,Routine,E002A
1077,109.24352026480489,-0.4280015462462694,0.0,0.4436068583014635,Normal,Normal,Routine,E002A
1078,109.24360437006635,-0.4280063304139256,0.0,0.3818407520445728,Abnormal,Abnormal,Monitor,E002A
1079,109.2436801849772,-0.42800005123486234,0.0,0.41766231920884583,Normal,Normal,Routine,E002A
1080,109.24377752439885,-0.4279975036504977,0.0,0.4672048541699321,Normal,Normal,Routine,E002A
1081,109.24386014619746,-0.4279962503462337,0.0,0.4258624013394886,Normal,Normal,Routine,E002A
1082,109.24391690799519,-0.4279812682787458,0.0,0.4916632601832856,Normal,Normal,Routine,E002A
1083,109.24406846459141,-0.4279945693465746,0.0,0.4360244111946855,Normal,Normal,Routine,E002A
1084,109.24416686167093,-0.427998301482028,0.0,0.41662705303954733,Normal,Normal,Routine,E002A
1085,109.24428400793057,-0.42796086772167913,0.0,0.41020593935841915,Normal,Normal,Routine,E002A
1086,109.2443292263939,-0.42798368738695636,0.0,0.44970324148937146,Normal,Normal,Routine,E002A
1087,109.24440337550833,-0.42799901795097134,0.0,0.4278079772582113,Normal,Normal,Routine,E002A
1088,109.24448250529537,-0.4279918180397852,0.0,0.41300446484803366,Normal,Normal,Routine,E002A
1089,109.24456499219431,-0.42799139846382067,0.0,0.43082302613542056,Normal,Normal,Routine,E002A
1090,109.24465871144895,-0.4279856225729953,0.0,0.40833966112323217,Normal,Normal,Routine,E002A
1091,109.24473611366182,-0.42799116027904305,0.0,0.456894904607837,Normal,Normal,Routine,E002A
1092,109.24480692230588,-0.4279898174281075,0.0,0.4055500247783231,Normal,Normal,Routine,E002A
1093,109.24490051980347,-0.42798624891053566,0.0,0.46692964586767705,Normal,Normal,Routine,E002A
1094,109.24496642338715,-0.4279909836566658,0.0,0.485388292782938,Normal,Normal,Routine,E002A
1095,109.24504907779455,-0.4279966726852861,0.0,0.49515305882109734,Normal,Normal,Routine,E002A
1096,109.24513094420686,-0.4279914375429686,0.0,0.44410457196700026,Normal,Normal,Routine,E002A
1097,109.2452158440869,-0.42798230283601324,0.0,0.43377549208857274,Normal,Normal,Routine,E002A
1098,109.24306584894059,-0.4279360458833557,0.0,0.42677435668979957,Normal,Normal,Routine,E002A
1099,109.24314903164812,-0.42794085063810966,0.0,0.4413484280816573,Normal,Normal,Routine,E002A
1100,109.24323459426975,-0.42793608480038775,0.0,0.4359165591643517,Normal,Normal,Routine,E002A
1101,109.24331252505341,-0.42792781845368305,0.0,0.4431280631650317,Normal,Normal,Routine,E002A
1102,109.24340033144168,-0.4279275737405875,0.0,0.43195195848780465,Normal,Normal,Routine,E002A
1103,109.24356747677703,-0.42793242678951143,0.0,0.45497865511311425,Normal,Normal,Routine,E002A
1104,109.24363639939814,-0.4279372282520696,0.0,0.4737835242209065,Normal,Normal,Routine,E002A
1105,109.24371245579165,-0.4279276755484507,0.0,0.4672788662873969,Normal,Normal,Routine,E002A
1106,109.24379748292628,-0.4279274772137249,0.0,0.4105999644349317,Normal,Normal,Routine,E002A
1107,109.24387540178154,-0.4279322617581539,0.0,0.4443454011733451,Normal,Normal,Routine,E002A
1108,109.24395152710986,-0.42793561980267053,0.0,0.48700269235147015,Normal,Normal,Routine,E002A
1109,109.2440216399045,-0.42793276480215653,0.0,0.3753050556759195,Abnormal,Abnormal,Monitor,E002A
1110,109.24411593983494,-0.42794094877956107,0.0,0.4326862571283769,Normal,Normal,Routine,E002A
1111,109.24427774720233,-0.42792422752578746,0.0,0.3756562292486474,Abnormal,Abnormal,Monitor,E002A
1112,109.24436275429055,-0.4279174928752927,0.0,0.42147669806656324,Normal,Normal,Routine,E002A
1113,109.24445232161007,-0.4279160928555155,0.0,0.41380628482536513,Normal,Normal,Routine,E002A
1114,109.24454051149307,-0.42792428808089783,0.0,0.4495491284598755,Normal,Normal,Routine,E002A
1115,109.24460653375435,-0.42792455016942355,0.0,0.4258697942589251,Normal,Normal,Routine,E002A
1116,109.24467920185778,-0.42791119859516835,0.0,0.44987781698672247,Normal,Normal,Routine,E002A
1117,109.24477486752892,-0.4279218887060388,0.0,0.4247289450767522,Normal,Normal,Routine,E002A
1118,109.24486388596297,-0.4279207489942816,0.0,0.45876194043557206,Normal,Normal,Routine,E002A
1119,109.24493922920044,-0.4279229366811409,0.0,0.4830105301947787,Normal,Normal,Routine,E002A
1120,109.24501528477535,-0.4279172118744427,0.0,0.48189274612310773,Normal,Normal,Routine,E002A
1121,109.2450894378344,-0.42791531454583376,0.0,0.44114602813494386,Normal,Normal,Routine,E002A
1122,109.24518160138284,-0.42790917837183956,0.0,0.45394578691642495,Normal,Normal,Routine,E002A
1123,109.24303378243415,-0.4278645895310392,0.0,0.4489537781154787,Normal,Normal,Routine,E002A
1124,109.24312284606147,-0.4278697483170239,0.0,0.46262316292249017,Normal,Normal,Routine,E002A
1125,109.24319698876369,-0.4278656616874742,0.0,0.43565241464444465,Normal,Normal,Routine,E002A
1126,109.24326984105257,-0.4278637468947122,0.0,0.4728552109571923,Normal,Normal,Routine,E002A
1127,109.24336481887732,-0.4278888821881099,0.0,0.42603487497448095,Normal,Normal,Routine,E002A
1128,109.24343504454912,-0.4278714769845393,0.0,0.4402275768001206,Normal,Normal,Routine,E002A
1129,109.24351408933607,-0.4278586658624237,0.0,0.45930186130621053,Normal,Normal,Routine,E002A
1130,109.24359410464437,-0.42786787112237956,0.0,0.4432870304040201,Normal,Normal,Routine,E002A
1131,109.2436828681251,-0.4278894863406576,0.0,0.4457711044360698,Normal,Normal,Routine,E002A
1132,109.24375805318309,-0.42786813047004446,0.0,0.451239858056677,Normal,Normal,Routine,E002A
1133,109.24386315194083,-0.42784567281603536,0.0,0.4348602474344934,Normal,Normal,Routine,E002A
1134,109.2439220879102,-0.427868655699212,0.0,0.43655994187828867,Normal,Normal,Routine,E002A
1135,109.24402183948305,-0.42786095955814096,0.0,0.44564033515847484,Normal,Normal,Routine,E002A
1136,109.24407541842191,-0.42785113127879426,0.0,0.4302742089208951,Normal,Normal,Routine,E002A
1137,109.24415692616441,-0.42785868833440294,0.0,0.42153299387651855,Normal,Normal,Routine,E002A
1138,109.24424583576737,-0.4278540796947293,0.0,0.4614001615238562,Normal,Normal,Routine,E002A
1139,109.244343117285,-0.42785347542921526,0.0,0.44212930847753634,Normal,Normal,Routine,E002A
1140,109.24441654138951,-0.42785345255823765,0.0,0.4394776479604904,Normal,Normal,Routine,E002A
1141,109.24450283100835,-0.42785159872348866,0.0,0.4032662074899831,Normal,Normal,Routine,E002A
1142,109.24456261155218,-0.427854061350588,0.0,0.4341294786044243,Normal,Normal,Routine,E002A
1143,109.24465201158922,-0.42785359452790905,0.0,0.41571298957767344,Normal,Normal,Routine,E002A
1144,109.2447330789494,-0.42785436287174694,0.0,0.44294015642648565,Normal,Normal,Routine,E002A
1145,109.24481438869347,-0.4278558085939933,0.0,0.4287001052334045,Normal,Normal,Routine,E002A
1146,109.24489626168324,-0.42785319864355276,0.0,0.4505765267410078,Normal,Normal,Routine,E002A
1147,109.24496925420041,-0.4278511464104192,0.0,0.4428161258715436,Normal,Normal,Routine,E002A
1148,109.24506335325756,-0.4278540935071669,0.0,0.4054975624488038,Normal,Normal,Routine,E002A
1149,109.24522019652355,-0.42785454561106007,0.0,0.4065590480700945,Normal,Normal,Routine,E002A
1150,109.24305518033945,-0.42779697794293037,0.0,0.42870667186115996,Normal,Normal,Routine,E002A
1151,109.24315216887146,-0.42780464527985346,0.0,0.43279637023918344,Normal,Normal,Routine,E002A
1152,109.24323437826858,-0.42779182494202783,0.0,0.4369290911582481,Normal,Normal,Routine,E002A
1153,109.24331374409033,-0.42778927682691625,0.0,0.4243091806823101,Normal,Normal,Routine,E002A
1154,109.24339171599367,-0.4277897975933986,0.0,0.42759274182790324,Normal,Normal,Routine,E002A
1155,109.24347920503382,-0.42779069312569756,0.0,0.42930393314899357,Normal,Normal,Routine,E002A
1156,109.24363867511536,-0.4277933550741744,0.0,0.4168223917376791,Normal,Normal,Routine,E002A
1157,109.24372671701411,-0.42778850659841416,0.0,0.4044889295029676,Normal,Normal,Routine,E002A
1158,109.24389690518949,-0.42778784136773845,0.0,0.44108135743030846,Normal,Normal,Routine,E002A
1159,109.24397317166552,-0.4277906767514693,0.0,0.46769631568657544,Normal,Normal,Routine,E002A
1160,109.2442097647301,-0.4277825672181811,0.0,0.4598995809172009,Normal,Normal,Routine,E002A
1161,109.24428709689313,-0.4277839948442901,0.0,0.4447172167959872,Normal,Normal,Routine,E002A
1162,109.24434640195732,-0.4277798071143092,0.0,0.4400442071659158,Normal,Normal,Routine,E002A
1163,109.2444389012874,-0.4277821678570299,0.0,0.4577167860518854,Normal,Normal,Routine,E002A
1164,109.24453136603383,-0.4277865252928671,0.0,0.4170292310716152,Normal,Normal,Routine,E002A
1165,109.2446203445251,-0.42778321704867955,0.0,0.4449909550493739,Normal,Normal,Routine,E002A
1166,109.24477636508016,-0.42778697057838666,0.0,0.3884929655692898,Abnormal,Abnormal,Monitor,E002A
1167,109.2448463381297,-0.4277864992754647,0.0,0.3981222445433403,Abnormal,Abnormal,Monitor,E002A
1168,109.24493608147745,-0.42777743711919514,0.0,0.43206059334157143,Normal,Normal,Routine,E002A
1169,109.24502205801754,-0.42778569874326866,0.0,0.42946565778773266,Normal,Normal,Routine,E002A
1170,109.24509379068283,-0.4277817797331614,0.0,0.4701686286725978,Normal,Normal,Routine,E002A
1171,109.24517744934974,-0.4277875413270377,0.0,0.43030808548120636,Normal,Normal,Routine,E002A
1172,109.24303105442465,-0.42772617633044574,0.0,0.4638736494042136,Normal,Normal,Routine,E002A
1173,109.24311219354178,-0.42772313939590545,0.0,0.4659157329879933,Normal,Normal,Routine,E002A
1174,109.24318827853199,-0.4277220310773899,0.0,0.4227961213497098,Normal,Normal,Routine,E002A
1175,109.24327696245567,-0.4277260458245717,0.0,0.44448626541097364,Normal,Normal,Routine,E002A
1176,109.24335736487551,-0.4276958995260602,0.0,0.4201815790341313,Normal,Normal,Routine,E002A
1177,109.24341402561681,-0.42770651282286365,0.0,0.43480417652508274,Normal,Normal,Routine,E002A
1178,109.24352105106124,-0.4277160525635289,0.0,0.3890195054204373,Abnormal,Abnormal,Monitor,E002A
1179,109.24358983506261,-0.4277220955944069,0.0,0.4721347439099474,Normal,Normal,Routine,E002A
1180,109.2436795768894,-0.427715506724371,0.0,0.4459452073865554,Normal,Normal,Routine,E002A
1181,109.24376133732517,-0.42770595532534517,0.0,0.4484497328873832,Normal,Normal,Routine,E002A
1182,109.24385069646524,-0.427723202889185,0.0,0.42326538214140336,Normal,Normal,Routine,E002A
1183,109.24391970450986,-0.4277079053203538,0.0,0.4345004357046177,Normal,Normal,Routine,E002A
1184,109.24402182217736,-0.4277079288477703,0.0,0.44710839493885596,Normal,Normal,Routine,E002A
1185,109.24406130777162,-0.4277034119071664,0.0,0.44340861732185993,Normal,Normal,Routine,E002A
1186,109.24415816680849,-0.42771589461550164,0.0,0.4309533095041003,Normal,Normal,Routine,E002A
1187,109.24424753078267,-0.4277159152021903,0.0,0.48102143724009,Normal,Normal,Routine,E002A
1188,109.24433322881733,-0.42771235209356406,0.0,0.4613873417760517,Normal,Normal,Routine,E002A
1189,109.2444013186509,-0.4277137034338322,0.0,0.4390332167130664,Normal,Normal,Routine,E002A
1190,109.24449905950162,-0.42771569551983574,0.0,0.4269335245025527,Normal,Normal,Routine,E002A
1191,109.2445536475439,-0.4277123241894226,0.0,0.43692183600268925,Normal,Normal,Routine,E002A
1192,109.24465213446283,-0.4277042461217159,0.0,0.44532918605473965,Normal,Normal,Routine,E002A
1193,109.24480487259399,-0.4277085613651303,0.0,0.42102103585196504,Normal,Normal,Routine,E002A
1194,109.24489657762619,-0.4277040926155346,0.0,0.43102987484263855,Normal,Normal,Routine,E002A
1195,109.244991512691,-0.4277043242742343,0.0,0.3869843318158709,Abnormal,Abnormal,Monitor,E002A
1196,109.24505719775887,-0.42770614619730984,0.0,0.45983631845741685,Normal,Normal,Routine,E002A
1197,109.24520836982765,-0.4277201389319936,0.0,0.45255862843661177,Normal,Normal,Routine,E002A
1198,109.24307338988848,-0.42765598868671123,0.0,0.4795373527133651,Normal,Normal,Routine,E002A
1199,109.24315179265365,-0.42764992170368615,0.0,0.47913509614466193,Normal,Normal,Routine,E002A
1200,109.24324741167561,-0.42765207970378,0.0,0.4536107201727167,Normal,Normal,Routine,E002A
1201,109.24330593886765,-0.4276475951894224,0.0,0.41627011211732257,Normal,Normal,Routine,E002A
1202,109.24338307594782,-0.427649542747606,0.0,0.46517953048760385,Normal,Normal,Routine,E002A
1203,109.24346861121312,-0.42765450266476823,0.0,0.4383595123416499,Normal,Normal,Routine,E002A
1204,109.24354985075134,-0.42764841100948875,0.0,0.4246520338850099,Normal,Normal,Routine,E002A
1205,109.2436393217125,-0.4276518444642285,0.0,0.4107445933354589,Normal,Normal,Routine,E002A
1206,109.2437238782063,-0.4276513756226545,0.0,0.4068536689999152,Normal,Normal,Routine,E002A
1207,109.24380373482,-0.4276513940209698,0.0,0.4352157761265679,Normal,Normal,Routine,E002A
1208,109.24387416061873,-0.42763091512006013,0.0,0.4719618127675447,Normal,Normal,Routine,E002A
1209,109.24395850291874,-0.427648079232715,0.0,0.4286940624922308,Normal,Normal,Routine,E002A
1210,109.24402505154588,-0.4276404378277938,0.0,0.3771010271730829,Abnormal,Abnormal,Monitor,E002A
1211,109.24413615564545,-0.4276400845169304,0.0,0.4391677423500965,Normal,Normal,Routine,E002A
1212,109.24421356972175,-0.42764469620852114,0.0,0.4621040022945977,Normal,Normal,Routine,E002A
1213,109.24429955056378,-0.42764177883475857,0.0,0.4538280029465128,Normal,Normal,Routine,E002A
1214,109.24436517504792,-0.4276452474833655,0.0,0.4438683590610167,Normal,Normal,Routine,E002A
1215,109.24444958721074,-0.4276357355660746,0.0,0.3751282755088491,Abnormal,Abnormal,Monitor,E002A
1216,109.244530227012,-0.4276442735790966,0.0,0.43069410387677354,Normal,Normal,Routine,E002A
1217,109.2446128847565,-0.42763122361990474,0.0,0.3720425077377141,Abnormal,Abnormal,Monitor,E002A
1218,109.24468871435012,-0.42764350253204975,0.0,0.4341642833314836,Normal,Normal,Routine,E002A
1219,109.2447691761749,-0.42763679213657096,0.0,0.45451415559420216,Normal,Normal,Routine,E002A
1220,109.24486044136269,-0.4276348987393159,0.0,0.4249251936649059,Normal,Normal,Routine,E002A
1221,109.24493168875073,-0.42763581763793407,0.0,0.47713339982090053,Normal,Normal,Routine,E002A
1222,109.24500930198812,-0.42763774991730813,0.0,0.4413405668004994,Normal,Normal,Routine,E002A
1223,109.24508935821889,-0.4276292217732047,0.0,0.46321311539357846,Normal,Normal,Routine,E002A
1224,109.24518177144957,-0.42763114479750824,0.0,0.44766472169397686,Normal,Normal,Routine,E002A
1225,109.24303157253271,-0.42757694841796945,0.0,0.4488796450047655,Normal,Normal,Routine,E002A
1226,109.24311294581236,-0.4275672649057078,0.0,0.437266272630225,Normal,Normal,Routine,E002A
1227,109.24319331817216,-0.42758631719059126,0.0,0.4738978237987639,Normal,Normal,Routine,E002A
1228,109.24327031395195,-0.4275854839835158,0.0,0.4508957722749965,Normal,Normal,Routine,E002A
1229,109.24334430735549,-0.42757432023229924,0.0,0.42424099517162317,Normal,Normal,Routine,E002A
1230,109.24343353104126,-0.42758275713647503,0.0,0.4346342864749882,Normal,Normal,Routine,E002A
1231,109.24351300235718,-0.42757454176787923,0.0,0.4215377507591047,Normal,Normal,Routine,E002A
1232,109.24367577089036,-0.42757330238944774,0.0,0.418164794621366,Normal,Normal,Routine,E002A
1233,109.24376993976702,-0.42758097991145955,0.0,0.42634328320304826,Normal,Normal,Routine,E002A
1234,109.24384692757238,-0.42757581508440157,0.0,0.4224976432552842,Normal,Normal,Routine,E002A
1235,109.24392042123382,-0.42757397909546996,0.0,0.46867873896665585,Normal,Normal,Routine,E002A
1236,109.24399312019668,-0.42757490014301563,0.0,0.4528708894414684,Normal,Normal,Routine,E002A
1237,109.24408013484047,-0.4275763824420703,0.0,0.425235535004446,Normal,Normal,Routine,E002A
1238,109.24415800872139,-0.42757356900333277,0.0,0.4215541319950114,Normal,Normal,Routine,E002A
1239,109.24424688843548,-0.4275700247080601,0.0,0.4751836181795375,Normal,Normal,Routine,E002A
1240,109.24432291981611,-0.4275757574136058,0.0,0.4835352675536618,Normal,Normal,Routine,E002A
1241,109.2443990779525,-0.42757316151400804,0.0,0.4411874538158869,Normal,Normal,Routine,E002A
1242,109.24448202905836,-0.4275696375536557,0.0,0.4022087316667851,Normal,Normal,Routine,E002A
1243,109.24456471959773,-0.4275703773228375,0.0,0.4068834444727584,Normal,Normal,Routine,E002A
1244,109.24466070741325,-0.4275706490105468,0.0,0.443401978685848,Normal,Normal,Routine,E002A
1245,109.2448167267226,-0.4275640663315301,0.0,0.4244891607700452,Normal,Normal,Routine,E002A
1246,109.24489848546557,-0.4275621716460556,0.0,0.4047976549219663,Normal,Normal,Routine,E002A
1247,109.24496313120041,-0.42756410003340956,0.0,0.3841949374505759,Abnormal,Abnormal,Monitor,E002A
1248,109.24504738514995,-0.4275710337331105,0.0,0.45521624803292277,Normal,Normal,Routine,E002A
1249,109.24513104334942,-0.4275748818110926,0.0,0.46886218601851154,Normal,Normal,Routine,E002A
1250,109.24307376097114,-0.42750940130087073,0.0,0.43849409669234585,Normal,Normal,Routine,E002A
1251,109.2431454913813,-0.4275150615811557,0.0,0.4782862347809717,Normal,Normal,Routine,E002A
1252,109.24323105114061,-0.42751890920735874,0.0,0.4417848010326728,Normal,Normal,Routine,E002A
1253,109.24330672225032,-0.42750497234381685,0.0,0.3709677926310543,Abnormal,Abnormal,Monitor,E002A
1254,109.24339275530062,-0.42751719482605355,0.0,0.4085013327676519,Normal,Normal,Routine,E002A
1255,109.24347092373827,-0.4275066885558453,0.0,0.45409575616452447,Normal,Normal,Routine,E002A
1256,109.24354842699765,-0.4275219113583771,0.0,0.42073383867418634,Normal,Normal,Routine,E002A
1257,109.24363298738446,-0.427504288789291,0.0,0.4197114353642866,Normal,Normal,Routine,E002A
1258,109.24372204587952,-0.42750447659766105,0.0,0.45563556352297085,Normal,Normal,Routine,E002A
1259,109.24380966280948,-0.4275118596126142,0.0,0.42899734974265025,Normal,Normal,Routine,E002A
1260,109.24387648526229,-0.4275048395240283,0.0,0.4244496247968874,Normal,Normal,Routine,E002A
1261,109.24396183083036,-0.4275026987982359,0.0,0.42539492729220457,Normal,Normal,Routine,E002A
1262,109.24406107096064,-0.42749641142343137,0.0,0.48223155339916585,Normal,Normal,Routine,E002A
1263,109.2441288276359,-0.4275012171196637,0.0,0.38533670871520787,Abnormal,Abnormal,Monitor,E002A
1264,109.24420059717818,-0.427492970121892,0.0,0.43621400613903893,Normal,Normal,Routine,E002A
1265,109.24429399814463,-0.42750816674080117,0.0,0.4982461552965136,Normal,Normal,Routine,E002A
1266,109.24436401180976,-0.4275027995429333,0.0,0.47300668688149783,Normal,Normal,Routine,E002A
1267,109.24445113224488,-0.42750130398795044,0.0,0.3990714343343544,Abnormal,Abnormal,Monitor,E002A
1268,109.244525034879,-0.42749843536927384,0.0,0.4003951095689375,Normal,Normal,Routine,E002A
1269,109.24462443446508,-0.427490248080084,0.0,0.37933836814307825,Abnormal,Abnormal,Monitor,E002A
1270,109.24469249420625,-0.42750152684683623,0.0,0.4323887813818426,Normal,Normal,Routine,E002A
1271,109.24477805672169,-0.4274935561157317,0.0,0.42386796649996134,Normal,Normal,Routine,E002A
1272,109.24485286873889,-0.4274932523073607,0.0,0.42883330694414856,Normal,Normal,Routine,E002A
1273,109.24492702222153,-0.42748944145719947,0.0,0.3861661206553207,Abnormal,Abnormal,Monitor,E002A
1274,109.24500878227262,-0.42748180353485077,0.0,0.4645846158507926,Normal,Normal,Routine,E002A
1275,109.24509814277891,-0.4274933087566187,0.0,0.47348331977554015,Normal,Normal,Routine,E002A
1276,109.245177745569,-0.4274918702419842,0.0,0.46982130114196946,Normal,Normal,Routine,E002A
1277,109.24304465057934,-0.4274422989498115,0.0,0.43494451641678666,Normal,Normal,Routine,E002A
1278,109.24310893735378,-0.4274503041785323,0.0,0.44926934097665666,Normal,Normal,Routine,E002A
1279,109.2432679287665,-0.4274364977361112,0.0,0.4131994728494113,Normal,Normal,Routine,E002A
1280,109.24335699350456,-0.427428897690649,0.0,0.41408727259222217,Normal,Normal,Routine,E002A
1281,109.2434299564678,-0.4274340744478629,0.0,0.43002110454771253,Normal,Normal,Routine,E002A
1282,109.2435180255551,-0.42743600914062696,0.0,0.4691152137630661,Normal,Normal,Routine,E002A
1283,109.24359221395926,-0.4274364060337015,0.0,0.4645354699562578,Normal,Normal,Routine,E002A
1284,109.2436783304025,-0.42743747304859464,0.0,0.40841949581562614,Normal,Normal,Routine,E002A
1285,109.24376198679887,-0.42744897696204415,0.0,0.4373346251389096,Normal,Normal,Routine,E002A
1286,109.24384529722434,-0.42742946500823187,0.0,0.4491416605350633,Normal,Normal,Routine,E002A
1287,109.2439195027008,-0.42743780439629414,0.0,0.44104504441133524,Normal,Normal,Routine,E002A
1288,109.24400310837879,-0.4274314148499753,0.0,0.47014046292208966,Normal,Normal,Routine,E002A
1289,109.24408246352384,-0.4274285402544608,0.0,0.41956135134797196,Normal,Normal,Routine,E002A
1290,109.24415052675015,-0.4274283397958758,0.0,0.40205681164557777,Normal,Normal,Routine,E002A
1291,109.24423798904571,-0.4274284792990641,0.0,0.39762094413671956,Abnormal,Abnormal,Monitor,E002A
1292,109.2443233387317,-0.42742805131675565,0.0,0.39077331115003106,Abnormal,Abnormal,Monitor,E002A
1293,109.24439600995746,-0.4274285545604023,0.0,0.3824491578623,Abnormal,Abnormal,Monitor,E002A
1294,109.24449152034283,-0.4274228342185585,0.0,0.4177523263209729,Normal,Normal,Routine,E002A
1295,109.24455893176085,-0.42742911565315134,0.0,0.3594560514618032,Abnormal,Abnormal,Monitor,E002A
1296,109.2446513048491,-0.42742572407253027,0.0,0.4046593829631662,Normal,Normal,Routine,E002A
1297,109.24473266084631,-0.42742519297995507,0.0,0.42929395877656673,Normal,Normal,Routine,E002A
1298,109.24480681391775,-0.4274271244560497,0.0,0.3844599558546051,Abnormal,Abnormal,Monitor,E002A
1299,109.24489237418817,-0.4274290585566557,0.0,0.42582259843120346,Normal,Normal,Routine,E002A
1300,109.24499206033389,-0.42741695116690986,0.0,0.4138656221184428,Normal,Normal,Routine,E002A
1301,109.24505703965654,-0.42742931528985345,0.0,0.47179529730545666,Normal,Normal,Routine,E002A
1302,109.24512869784179,-0.4274171327210001,0.0,0.4658088221770825,Normal,Normal,Routine,E002A
1303,109.2452160443944,-0.42742875232219013,0.0,0.4190722829040916,Normal,Normal,Routine,E002A
1304,109.24307063906207,-0.4273689216752581,0.0,0.4522597770427361,Normal,Normal,Routine,E002A
1305,109.24315097024646,-0.42738337375394225,0.0,0.3893349727757619,Abnormal,Abnormal,Monitor,E002A
1306,109.24322665660843,-0.427369493860843,0.0,0.43581354186569976,Normal,Normal,Routine,E002A
1307,109.2433191469142,-0.4273638650776043,0.0,0.43024944745508353,Normal,Normal,Routine,E002A
1308,109.24338993106517,-0.42737517250426665,0.0,0.4314955328496135,Normal,Normal,Routine,E002A
1309,109.24355752619492,-0.4273731293928527,0.0,0.4654297285562087,Normal,Normal,Routine,E002A
1310,109.24363952355752,-0.4273684431853712,0.0,0.4505714525614962,Normal,Normal,Routine,E002A
1311,109.24372128308785,-0.42735889177146197,0.0,0.4501844056925379,Normal,Normal,Routine,E002A
1312,109.24382439614833,-0.4273662946247255,0.0,0.45929158681074256,Normal,Normal,Routine,E002A
1313,109.2438910571735,-0.42736602511633776,0.0,0.4175164830885194,Normal,Normal,Routine,E002A
1314,109.2439699767252,-0.4273707275752658,0.0,0.4355823556540355,Normal,Normal,Routine,E002A
1315,109.24404848006054,-0.42735705901850085,0.0,0.41999202251183587,Normal,Normal,Routine,E002A
1316,109.24412531498419,-0.4273487471681016,0.0,0.38289755570287465,Abnormal,Abnormal,Monitor,E002A
1317,109.24421142050338,-0.42735055660368526,0.0,0.40653490658636926,Normal,Normal,Routine,E002A
1318,109.24429815413001,-0.42735144469796177,0.0,0.42159884148404636,Normal,Normal,Routine,E002A
1319,109.24435777706645,-0.4273635769897316,0.0,0.4009547156007719,Normal,Normal,Routine,E002A
1320,109.2444442018246,-0.42735597631600447,0.0,0.41417104568189156,Normal,Normal,Routine,E002A
1321,109.2445312437126,-0.4273562387009446,0.0,0.40089160917434796,Normal,Normal,Routine,E002A
1322,109.24462473760995,-0.427353885515402,0.0,0.3954458356100695,Abnormal,Abnormal,Monitor,E002A
1323,109.24470072068425,-0.42735484166718674,0.0,0.4458701210068511,Normal,Normal,Routine,E002A
1324,109.24476636987815,-0.4273563552043665,0.0,0.4221843242430601,Normal,Normal,Routine,E002A
1325,109.2448505173747,-0.42734151324119635,0.0,0.4392449298229922,Normal,Normal,Routine,E002A
1326,109.24493417385443,-0.4273568450619759,0.0,0.41250436587565514,Normal,Normal,Routine,E002A
1327,109.24501060639709,-0.42735244331514377,0.0,0.42886489010093237,Normal,Normal,Routine,E002A
1328,109.24508821933719,-0.4273556886308776,0.0,0.4293538038350212,Normal,Normal,Routine,E002A
1329,109.24518060005076,-0.42735443029351466,0.0,0.44487907241235625,Normal,Normal,Routine,E002A
1330,109.24304194757396,-0.4273123039085608,0.0,0.4006574637092869,Normal,Normal,Routine,E002A
1331,109.24312295036617,-0.42730435746479517,0.0,0.4383982026512539,Normal,Normal,Routine,E002A
1332,109.2431974866924,-0.42730340340813594,0.0,0.4295090127291619,Normal,Normal,Routine,E002A
1333,109.24328538025345,-0.4272910654452052,0.0,0.4541332746940631,Normal,Normal,Routine,E002A
1334,109.24336672327243,-0.42729994363004725,0.0,0.4440866366086941,Normal,Normal,Routine,E002A
1335,109.24344796100746,-0.42730174833321716,0.0,0.45535896060307723,Normal,Normal,Routine,E002A
1336,109.2435122255478,-0.4272930176158276,0.0,0.4658785919443919,Normal,Normal,Routine,E002A
1337,109.24362828881517,-0.4272775961283607,0.0,0.4292199745595276,Normal,Normal,Routine,E002A
1338,109.2436854997441,-0.4272981550632257,0.0,0.4094746756585878,Normal,Normal,Routine,E002A
1339,109.24376737440762,-0.42728397454463474,0.0,0.40107368389538767,Normal,Normal,Routine,E002A
1340,109.24384092936234,-0.4272930489759666,0.0,0.3905932683490947,Abnormal,Abnormal,Monitor,E002A
1341,109.24398517491483,-0.42729435543717337,0.0,0.4105559060777324,Normal,Normal,Routine,E002A
1342,109.2440855182839,-0.4272873656611594,0.0,0.4246833415306201,Normal,Normal,Routine,E002A
1343,109.24415967816648,-0.427290829028648,0.0,0.37930673494094275,Abnormal,Abnormal,Monitor,E002A
1344,109.24425097540896,-0.4272860762226744,0.0,0.4401757513829211,Normal,Normal,Routine,E002A
1345,109.24433567919564,-0.4272739500170497,0.0,0.4432501458671048,Normal,Normal,Routine,E002A
1346,109.24440174719952,-0.4272823743369475,0.0,0.38796477499791215,Abnormal,Abnormal,Monitor,E002A
1347,109.24449722668153,-0.42728615278347537,0.0,0.4078468469628478,Normal,Normal,Routine,E002A
1348,109.24458091649208,-0.4272812110311725,0.0,0.4393210538987967,Normal,Normal,Routine,E002A
1349,109.24465465470948,-0.4272864105602234,0.0,0.449398891221882,Normal,Normal,Routine,E002A
1350,109.244731228968,-0.427286844157549,0.0,0.42003336276250264,Normal,Normal,Routine,E002A
1351,109.24480631331996,-0.4272897868537727,0.0,0.42401135668561263,Normal,Normal,Routine,E002A
1352,109.24488818157428,-0.4272803059785795,0.0,0.4561102123025155,Normal,Normal,Routine,E002A
1353,109.24496151973769,-0.42728697671547344,0.0,0.395501306797242,Abnormal,Abnormal,Monitor,E002A
1354,109.2450521130045,-0.4272772383094861,0.0,0.439483688343098,Normal,Normal,Routine,E002A
1355,109.24512816554542,-0.4272769492438521,0.0,0.4464702303431785,Normal,Normal,Routine,E002A
1356,109.2452194307757,-0.4272788837421089,0.0,0.4119872048729472,Normal,Normal,Routine,E002A
1357,109.24307825208894,-0.42723780043784776,0.0,0.4430384803115605,Normal,Normal,Routine,E002A
1358,109.24315740160081,-0.4272304739152667,0.0,0.43683525336397305,Normal,Normal,Routine,E002A
1359,109.24322784288441,-0.42723263966142705,0.0,0.4474289006668993,Normal,Normal,Routine,E002A
1360,109.24332398521773,-0.42723252434226944,0.0,0.4379517694439503,Normal,Normal,Routine,E002A
1361,109.24339808526928,-0.42721847677880237,0.0,0.41250553248918337,Normal,Normal,Routine,E002A
1362,109.24347084687703,-0.4272321891963364,0.0,0.4331069871116708,Normal,Normal,Routine,E002A
1363,109.24355607783559,-0.42722832483519624,0.0,0.4551922435533467,Normal,Normal,Routine,E002A
1364,109.2436438362013,-0.42722596310179484,0.0,0.4172874900697767,Normal,Normal,Routine,E002A
1365,109.2437241734713,-0.42722955268598395,0.0,0.4191283412677835,Normal,Normal,Routine,E002A
1366,109.24382729580464,-0.4272198515455123,0.0,0.3801675087183151,Abnormal,Abnormal,Monitor,E002A
1367,109.24391258889386,-0.42721539849204143,0.0,0.47003527103439263,Normal,Normal,Routine,E002A
1368,109.24396758632818,-0.4272208188817009,0.0,0.4173369067145281,Normal,Normal,Routine,E002A
1369,109.24404934416101,-0.42722275120202485,0.0,0.43523279108333274,Normal,Normal,Routine,E002A
1370,109.24410977575812,-0.4272180817221037,0.0,0.4391986719575249,Normal,Normal,Routine,E002A
1371,109.24419173887925,-0.4272020944145884,0.0,0.3976809422139323,Abnormal,Abnormal,Monitor,E002A
1372,109.24427585394189,-0.4272112933513701,0.0,0.4341576217531084,Normal,Normal,Routine,E002A
1373,109.24438508945599,-0.4272275706243613,0.0,0.4044522939141821,Normal,Normal,Routine,E002A
1374,109.24444163659103,-0.4272124926196618,0.0,0.40090311189158023,Normal,Normal,Routine,E002A
1375,109.24452529345643,-0.4272220821090555,0.0,0.43419471333051907,Normal,Normal,Routine,E002A
1376,109.24462986829172,-0.42722052544442574,0.0,0.43633206283069165,Normal,Normal,Routine,E002A
1377,109.24470190055958,-0.4272144108369975,0.0,0.47485233059290727,Normal,Normal,Routine,E002A
1378,109.24477687867109,-0.42721050521528375,0.0,0.44091503537552185,Normal,Normal,Routine,E002A
1379,109.24485486134147,-0.42720736803735204,0.0,0.44747642121920533,Normal,Normal,Routine,E002A
1380,109.24492805387581,-0.42721055083898035,0.0,0.42432851833445173,Normal,Normal,Routine,E002A
1381,109.24500697816202,-0.42721041525968,0.0,0.3979457480193402,Abnormal,Abnormal,Monitor,E002A
1382,109.24509567576163,-0.4272020310601686,0.0,0.4250933900027751,Normal,Normal,Routine,E002A
1383,109.24517142623024,-0.42721473224484824,0.0,0.45380958691776657,Normal,Normal,Routine,E002A
1384,109.24303437908456,-0.4271643944151637,0.0,0.44761004528018994,Normal,Normal,Routine,E002A
1385,109.2431156295071,-0.42715772851474204,0.0,0.44432991440952646,Normal,Normal,Routine,E002A
1386,109.24319909501571,-0.42716319886614973,0.0,0.4484406342067254,Normal,Normal,Routine,E002A
1387,109.24327351001074,-0.4271585796357665,0.0,0.4215587654469287,Normal,Normal,Routine,E002A
1388,109.24335153009957,-0.4271604803534208,0.0,0.41107784519503426,Normal,Normal,Routine,E002A
1389,109.24344183279456,-0.4271483301261295,0.0,0.4162536823065378,Normal,Normal,Routine,E002A
1390,109.24351180062106,-0.4271389667997541,0.0,0.45442999888647784,Normal,Normal,Routine,E002A
1391,109.24360060594204,-0.4271503642734743,0.0,0.4003255152963191,Normal,Normal,Routine,E002A
1392,109.2436900763994,-0.4271362261915332,0.0,0.42417148518340564,Normal,Normal,Routine,E002A
1393,109.24377177386292,-0.4271507834720005,0.0,0.445991082672173,Normal,Normal,Routine,E002A
1394,109.243840660941,-0.4271499320974013,0.0,0.43458115188240254,Normal,Normal,Routine,E002A
1395,109.2439114483899,-0.42715471496790436,0.0,0.4494140221952246,Normal,Normal,Routine,E002A
1396,109.24400588371994,-0.42715203373515287,0.0,0.3894811131259193,Abnormal,Abnormal,Monitor,E002A
1397,109.24408564087541,-0.42715098048684025,0.0,0.4205584860119847,Normal,Normal,Routine,E002A
1398,109.24416686872974,-0.42714895997147323,0.0,0.4399040426526751,Normal,Normal,Routine,E002A
1399,109.24423516598681,-0.42713873625806936,0.0,0.46047220403927064,Normal,Normal,Routine,E002A
1400,109.24431985474774,-0.42714530380099314,0.0,0.45729587845155456,Normal,Normal,Routine,E002A
1401,109.24440161389862,-0.4271414946927821,0.0,0.40346352464614976,Normal,Normal,Routine,E002A
1402,109.24447940457945,-0.42714117980319255,0.0,0.4249760598015771,Normal,Normal,Routine,E002A
1403,109.244565736261,-0.4271439469348766,0.0,0.4459337747856858,Normal,Normal,Routine,E002A
1404,109.24466226405445,-0.42714369061147445,0.0,0.44177128920505,Normal,Normal,Routine,E002A
1405,109.24473231456857,-0.4271343191478621,0.0,0.4449143853633344,Normal,Normal,Routine,E002A
1406,109.24481217165453,-0.42713242400712864,0.0,0.4361314334890142,Normal,Normal,Routine,E002A
1407,109.24497325497207,-0.4271358286773218,0.0,0.43756953440494856,Normal,Normal,Routine,E002A
1408,109.24505024256767,-0.42713573876851946,0.0,0.47188541523357536,Normal,Normal,Routine,E002A
1409,109.24513390119799,-0.4271376715116685,0.0,0.4543725698694242,Normal,Normal,Routine,E002A
1410,109.24521283060315,-0.4271348049309195,0.0,0.47075441937559853,Normal,Normal,Routine,E002A
1411,109.24306843861613,-0.4270749043204274,0.0,0.4276925681894905,Normal,Normal,Routine,E002A
1412,109.24314864405983,-0.4270774087093859,0.0,0.45196178490116906,Normal,Normal,Routine,E002A
1413,109.24322743796796,-0.4270814546091095,0.0,0.43374987270015386,Normal,Normal,Routine,E002A
1414,109.24333019526664,-0.42708496615463415,0.0,0.4088348544303239,Normal,Normal,Routine,E002A
1415,109.24340517240844,-0.42708112746226934,0.0,0.4468309414240019,Normal,Normal,Routine,E002A
1416,109.24348204936184,-0.42708142910482993,0.0,0.46483474213391607,Normal,Normal,Routine,E002A
1417,109.2436420018543,-0.4270838668361718,0.0,0.36733939289437384,Abnormal,Abnormal,Monitor,E002A
1418,109.24380857735531,-0.42707832109220295,0.0,0.4411661921051681,Normal,Normal,Routine,E002A
1419,109.2438752659291,-0.4270793501592262,0.0,0.4109515742672289,Normal,Normal,Routine,E002A
1420,109.24404460543052,-0.42707781291666413,0.0,0.43648753818398367,Normal,Normal,Routine,E002A
1421,109.2441263992986,-0.42707929489521285,0.0,0.39734614966940335,Abnormal,Abnormal,Monitor,E002A
1422,109.24419752529704,-0.4270766498919122,0.0,0.39925918764167984,Abnormal,Abnormal,Monitor,E002A
1423,109.24428287644933,-0.42707369346216834,0.0,0.4458814045557609,Normal,Normal,Routine,E002A
1424,109.24434878130823,-0.4270608123508225,0.0,0.40766361183260613,Normal,Normal,Routine,E002A
1425,109.24444607526338,-0.4270687130186892,0.0,0.4401351971791522,Normal,Normal,Routine,E002A
1426,109.2445249618325,-0.42707635172629266,0.0,0.4029871728237685,Normal,Normal,Routine,E002A
1427,109.24461339479166,-0.4270663134962646,0.0,0.42095360287035316,Normal,Normal,Routine,E002A
1428,109.24469634084518,-0.42706527543971573,0.0,0.4638576834525007,Normal,Normal,Routine,E002A
1429,109.24477619792904,-0.4270633793921247,0.0,0.42570826823578306,Normal,Normal,Routine,E002A
1430,109.24484871510276,-0.4270659163606523,0.0,0.42176661203585686,Normal,Normal,Routine,E002A
1431,109.24493427537146,-0.4270678504442114,0.0,0.4213658753119839,Normal,Normal,Routine,E002A
1432,109.24500746063875,-0.4270634795895219,0.0,0.4480793479868108,Normal,Normal,Routine,E002A
1433,109.245093541434,-0.42706357172434867,0.0,0.45809430495561726,Normal,Normal,Routine,E002A
1434,109.2451781374329,-0.4270634491968942,0.0,0.45471648053296004,Normal,Normal,Routine,E002A
1435,109.24303801282962,-0.42701311173906403,0.0,0.42633672865635286,Normal,Normal,Routine,E002A
1436,109.24312038533157,-0.42700979924476923,0.0,0.4616240197652811,Normal,Normal,Routine,E002A
1437,109.24319690052836,-0.4270168658930771,0.0,0.454398626253918,Normal,Normal,Routine,E002A
1438,109.24327220375075,-0.4270129693991992,0.0,0.42221666513960365,Normal,Normal,Routine,E002A
1439,109.2433529581736,-0.42701096596016985,0.0,0.44157586987317504,Normal,Normal,Routine,E002A
1440,109.24345746241242,-0.4270074885450875,0.0,0.4688476058843439,Normal,Normal,Routine,E002A
1441,109.24352151076924,-0.42701324560507703,0.0,0.46863341475441544,Normal,Normal,Routine,E002A
1442,109.24360764747647,-0.4270120672214572,0.0,0.4138324105664484,Normal,Normal,Routine,E002A
1443,109.24368631736684,-0.4270085296009975,0.0,0.4035488110993526,Normal,Normal,Routine,E002A
1444,109.24377363154822,-0.42701602103954156,0.0,0.38376095326784454,Abnormal,Abnormal,Monitor,E002A
1445,109.24392140390343,-0.4270006746451405,0.0,0.4477817605687705,Normal,Normal,Routine,E002A
1446,109.24400424515349,-0.42700611499744545,0.0,0.4100998673452633,Normal,Normal,Routine,E002A
1447,109.24408600385442,-0.42700422029694396,0.0,0.41128677038541256,Normal,Normal,Routine,E002A
1448,109.24415542195857,-0.42700277219589405,0.0,0.4122751230375657,Normal,Normal,Routine,E002A
1449,109.24424092026119,-0.42700449647097594,0.0,0.4597387926972785,Normal,Normal,Routine,E002A
1450,109.24440009309806,-0.42699909188265767,0.0,0.43712718401994166,Normal,Normal,Routine,E002A
1451,109.24448548845936,-0.42699927791126385,0.0,0.426524541265135,Normal,Normal,Routine,E002A
1452,109.24456741220595,-0.4269985199522029,0.0,0.408448540649208,Normal,Normal,Routine,E002A
1453,109.24465405020713,-0.42700126453923837,0.0,0.41336959505582355,Normal,Normal,Routine,E002A
1454,109.24472831510813,-0.42699329209254044,0.0,0.43666571654439795,Normal,Normal,Routine,E002A
1455,109.24480472308765,-0.42700207869087503,0.0,0.44657674527619606,Normal,Normal,Routine,E002A
1456,109.24488927841321,-0.4270030015294583,0.0,0.4523826474402131,Normal,Normal,Routine,E002A
1457,109.24498081943219,-0.42700083054168586,0.0,0.4570025562416931,Normal,Normal,Routine,E002A
1458,109.24506566157686,-0.42699268056531314,0.0,0.45531652647118986,Normal,Normal,Routine,E002A
1459,109.24513138125462,-0.42700031533498356,0.0,0.4235692522994749,Normal,Normal,Routine,E002A
1460,109.2452270988644,-0.4269999132177421,0.0,0.3835221278896286,Abnormal,Abnormal,Monitor,E002A
1461,109.24301331134035,-0.42694122665015505,0.0,0.4074260082789952,Normal,Normal,Routine,E002A
1462,109.24307605337938,-0.426951869357255,0.0,0.4287984775824278,Normal,Normal,Routine,E002A
1463,109.24315228606,-0.42695303084139796,0.0,0.45479701893465657,Normal,Normal,Routine,E002A
1464,109.24323385961948,-0.4269395257622878,0.0,0.44789210452490125,Normal,Normal,Routine,E002A
1465,109.2433257153687,-0.42694343539794827,0.0,0.4143330257039977,Normal,Normal,Routine,E002A
1466,109.24339357438512,-0.4269444222311236,0.0,0.4113443581755006,Normal,Normal,Routine,E002A
1467,109.24347063696399,-0.42694215659485546,0.0,0.4653252836162628,Normal,Normal,Routine,E002A
1468,109.24356788212866,-0.4269431809329996,0.0,0.46768256469876585,Normal,Normal,Routine,E002A
1469,109.24363595830846,-0.42694121436049803,0.0,0.4601777929092656,Normal,Normal,Routine,E002A
1470,109.24371741146346,-0.4269358714836962,0.0,0.41840421013023016,Normal,Normal,Routine,E002A
1471,109.24379753312576,-0.4269395604784638,0.0,0.42835365858847463,Normal,Normal,Routine,E002A
1472,109.243921504369,-0.42693796757580627,0.0,0.46075715753012386,Normal,Normal,Routine,E002A
1473,109.24404609163258,-0.42693331645917787,0.0,0.4540927956501643,Normal,Normal,Routine,E002A
1474,109.24413023626293,-0.4269309339798932,0.0,0.42505642013442246,Normal,Normal,Routine,E002A
1475,109.24420816353226,-0.42693429510853154,0.0,0.41072495086711136,Normal,Normal,Routine,E002A
1476,109.24437507871227,-0.42694025577109956,0.0,0.4637850663288556,Normal,Normal,Routine,E002A
1477,109.24445493854206,-0.4269261887030436,0.0,0.4451817386501186,Normal,Normal,Routine,E002A
1478,109.24454130628224,-0.4269244189429034,0.0,0.45480173206157304,Normal,Normal,Routine,E002A
1479,109.2446198419973,-0.4269304343383978,0.0,0.4653496801120629,Normal,Normal,Routine,E002A
1480,109.24468258824041,-0.4269227920251581,0.0,0.44247786310286474,Normal,Normal,Routine,E002A
1481,109.24477552552275,-0.42693093674773513,0.0,0.45536503881511475,Normal,Normal,Routine,E002A
1482,109.24485158238069,-0.4269194695750449,0.0,0.44261390179056,Normal,Normal,Routine,E002A
1483,109.24492998421317,-0.4269257182476932,0.0,0.4368455633208218,Normal,Normal,Routine,E002A
1484,109.24501174287843,-0.42692415541222567,0.0,0.47247392311245023,Normal,Normal,Routine,E002A
1485,109.24508454868497,-0.42692942614983703,0.0,0.4952219193147626,Normal,Normal,Routine,E002A
1486,109.24516959410143,-0.42691617684649313,0.0,0.4623869573019817,Normal,Normal,Routine,E002A
1487,109.24521324527353,-0.4269303310931154,0.0,0.44798977235047205,Normal,Normal,Routine,E002A
1488,109.24303271896082,-0.42687613307720074,0.0,0.46434953950316404,Normal,Normal,Routine,E002A
1489,109.24311783135543,-0.42687608121860876,0.0,0.43253379225838323,Normal,Normal,Routine,E002A
1490,109.24319388554015,-0.42687609871516974,0.0,0.39651543205294726,Abnormal,Abnormal,Monitor,E002A
1491,109.24328918120852,-0.42687020197523706,0.0,0.36250609813579504,Abnormal,Abnormal,Monitor,E002A
1492,109.24335417163715,-0.42687293254639685,0.0,0.41976644465356805,Normal,Normal,Routine,E002A
1493,109.24344081699002,-0.4268707333172958,0.0,0.46933223796678375,Normal,Normal,Routine,E002A
1494,109.24354215824378,-0.4268719340289285,0.0,0.43414788621794753,Normal,Normal,Routine,E002A
1495,109.24359684141156,-0.42687276952162906,0.0,0.4393088417488403,Normal,Normal,Routine,E002A
1496,109.24367960576164,-0.42686471584345725,0.0,0.3773075141886709,Abnormal,Abnormal,Monitor,E002A
1497,109.24376355502221,-0.42685629709771633,0.0,0.4697836700619303,Normal,Normal,Routine,E002A
1498,109.24384351702399,-0.4268629268456119,0.0,0.4772011260936285,Normal,Normal,Routine,E002A
1499,109.24391952365335,-0.4268667993677413,0.0,0.4566756535713786,Normal,Normal,Routine,E002A
1500,109.24400042058022,-0.42686632964575505,0.0,0.45590777845844793,Normal,Normal,Routine,E002A
1501,109.24407416998274,-0.4268696247023195,0.0,0.41749768441529583,Normal,Normal,Routine,E002A
1502,109.24417483751358,-0.4268631332474585,0.0,0.4121300287800099,Normal,Normal,Routine,E002A
1503,109.24425480517387,-0.4268607380471758,0.0,0.4239565255780037,Normal,Normal,Routine,E002A
1504,109.24433365255166,-0.4268668674558631,0.0,0.45709909131976306,Normal,Normal,Routine,E002A
1505,109.24441157357076,-0.4268582176212291,0.0,0.42912345027280174,Normal,Normal,Routine,E002A
1506,109.24447812049685,-0.42686206173935776,0.0,0.41785772934417165,Normal,Normal,Routine,E002A
1507,109.24457041060029,-0.4268522115773212,0.0,0.46293744229991074,Normal,Normal,Routine,E002A
1508,109.24465281611518,-0.4268580931177974,0.0,0.4435089251044421,Normal,Normal,Routine,E002A
1509,109.24473456741394,-0.42685330734305593,0.0,0.4110744096374569,Normal,Normal,Routine,E002A
1510,109.24481636074968,-0.4268572616707224,0.0,0.45643737684235863,Normal,Normal,Routine,E002A
1511,109.24489998389397,-0.4268571732769195,0.0,0.4032098521212982,Normal,Normal,Routine,E002A
1512,109.24496615442227,-0.4268572246557759,0.0,0.46646277893048066,Normal,Normal,Routine,E002A
1513,109.24505533698365,-0.42685720174341935,0.0,0.4526875715566126,Normal,Normal,Routine,E002A
1514,109.24513898324884,-0.42685423224060226,0.0,0.4615532379076734,Normal,Normal,Routine,E002A
1515,109.24521965933381,-0.4268494434992683,0.0,0.39762904318309883,Abnormal,Abnormal,Monitor,E002A
1516,109.24307321892145,-0.4268072345273279,0.0,0.4497573265071394,Normal,Normal,Routine,E002A
1517,109.24315784668357,-0.42680526814471254,0.0,0.47074331131578384,Normal,Normal,Routine,E002A
1518,109.24322407362935,-0.426805809681874,0.0,0.4221451390197808,Normal,Normal,Routine,E002A
1519,109.24331161276608,-0.42680357629331983,0.0,0.44297691157656033,Normal,Normal,Routine,E002A
1520,109.24339341400832,-0.4267961581198229,0.0,0.4455598752694921,Normal,Normal,Routine,E002A
1521,109.24347233326186,-0.42680206056832615,0.0,0.46782563011400125,Normal,Normal,Routine,E002A
1522,109.24355834730025,-0.42679912146942783,0.0,0.4455182053363667,Normal,Normal,Routine,E002A
1523,109.24371852625812,-0.42680112244864965,0.0,0.44152370045180084,Normal,Normal,Routine,E002A
1524,109.24380565241677,-0.42680590363764165,0.0,0.4467474833354578,Normal,Normal,Routine,E002A
1525,109.24388305082716,-0.42680028943371445,0.0,0.4625322179943189,Normal,Normal,Routine,E002A
1526,109.24395687059437,-0.4267982825753755,0.0,0.4650099158430071,Normal,Normal,Routine,E002A
1527,109.24405033317404,-0.426787312257099,0.0,0.44827896535307216,Normal,Normal,Routine,E002A
1528,109.24412030972792,-0.4267989513530951,0.0,0.4488454859656737,Normal,Normal,Routine,E002A
1529,109.24421277070368,-0.42679209809447444,0.0,0.4480981915168321,Normal,Normal,Routine,E002A
1530,109.2442828515251,-0.4267955460347164,0.0,0.45666088764373963,Normal,Normal,Routine,E002A
1531,109.24438125111773,-0.42680007298754885,0.0,0.4474487890333619,Normal,Normal,Routine,E002A
1532,109.24445781754977,-0.42679137671858824,0.0,0.44121399250408894,Normal,Normal,Routine,E002A
1533,109.24453017466888,-0.4268024837259445,0.0,0.4060095840565397,Normal,Normal,Routine,E002A
1534,109.24460627419171,-0.4267889981564199,0.0,0.4442036648770191,Normal,Normal,Routine,E002A
1535,109.24471176685508,-0.4267843941742613,0.0,0.47694122046679704,Normal,Normal,Routine,E002A
1536,109.24477309310335,-0.42678785728057805,0.0,0.4475516800096424,Normal,Normal,Routine,E002A
1537,109.24484780057215,-0.42679302083929943,0.0,0.46637514991381357,Normal,Normal,Routine,E002A
1538,109.24493706907217,-0.4267784259962573,0.0,0.4415700363187338,Normal,Normal,Routine,E002A
1539,109.24501415100161,-0.42679013454466425,0.0,0.47386689965032713,Normal,Normal,Routine,E002A
1540,109.24509875185821,-0.42678440441944127,0.0,0.48665187889013467,Normal,Normal,Routine,E002A
1541,109.24518045384566,-0.42678721115849283,0.0,0.4688406367923435,Normal,Normal,Routine,E002A
1542,109.24303560784675,-0.42673745892188175,0.0,0.4152533204678622,Normal,Normal,Routine,E002A
1543,109.24312028542607,-0.4267297068190122,0.0,0.432716362426306,Normal,Normal,Routine,E002A
1544,109.24320288458989,-0.4267290457790072,0.0,0.46317114145627725,Normal,Normal,Routine,E002A
1545,109.24328035145096,-0.4267343935543953,0.0,0.4404168492116088,Normal,Normal,Routine,E002A
1546,109.24336062339772,-0.4267249123118183,0.0,0.43354199554484624,Normal,Normal,Routine,E002A
1547,109.24343525958525,-0.4267272598622919,0.0,0.42585722867471093,Normal,Normal,Routine,E002A
1548,109.24351694717576,-0.42672588782694376,0.0,0.4673154864608973,Normal,Normal,Routine,E002A
1549,109.24360257802775,-0.4267292118382867,0.0,0.4756774847531798,Normal,Normal,Routine,E002A
1550,109.24368480266347,-0.42672841415699886,0.0,0.41250490704134996,Normal,Normal,Routine,E002A
1551,109.24386319149482,-0.4267381538182507,0.0,0.4469374239408945,Normal,Normal,Routine,E002A
1552,109.24401754986302,-0.4267352901056562,0.0,0.4433496328585864,Normal,Normal,Routine,E002A
1553,109.24409006203412,-0.42672409522200794,0.0,0.45964629600892914,Normal,Normal,Routine,E002A
1554,109.24416322152427,-0.4267262805565501,0.0,0.44180616606642176,Normal,Normal,Routine,E002A
1555,109.24424101039952,-0.4267299038924637,0.0,0.45729660638027886,Normal,Normal,Routine,E002A
1556,109.2443262708119,-0.4267230381220568,0.0,0.45531493725362593,Normal,Normal,Routine,E002A
1557,109.24440194013795,-0.4267170952483417,0.0,0.4529780324851925,Normal,Normal,Routine,E002A
1558,109.24449265080084,-0.42671634653135326,0.0,0.43740127991442207,Normal,Normal,Routine,E002A
1559,109.24457440908594,-0.4267163653183737,0.0,0.4398876096492986,Normal,Normal,Routine,E002A
1560,109.24465526047253,-0.4267187775875018,0.0,0.47259084779221017,Normal,Normal,Routine,E002A
1561,109.24472756765014,-0.42671643577776697,0.0,0.4667746704178005,Normal,Normal,Routine,E002A
1562,109.24481737966663,-0.4267173950797252,0.0,0.4419336403364892,Normal,Normal,Routine,E002A
1563,109.24489343478714,-0.4267135846358823,0.0,0.43650680413585424,Normal,Normal,Routine,E002A
1564,109.24496862704476,-0.42671603900842003,0.0,0.43052786581509106,Normal,Normal,Routine,E002A
1565,109.24505176704083,-0.42671542780807464,0.0,0.4427638852589125,Normal,Normal,Routine,E002A
1566,109.24513793312816,-0.42670778001023507,0.0,0.4525669426799894,Normal,Normal,Routine,E002A
1567,109.24521778979295,-0.42670779835317946,0.0,0.44782543954959536,Normal,Normal,Routine,E002A
1568,109.24307590304043,-0.4266723195081967,0.0,0.4486298613105042,Normal,Normal,Routine,E002A
1569,109.24315543143807,-0.4266657770791367,0.0,0.4085156618206754,Normal,Normal,Routine,E002A
1570,109.24323442502657,-0.42666864831791074,0.0,0.4542238205760807,Normal,Normal,Routine,E002A
1571,109.2433135869543,-0.4266659798356027,0.0,0.42277084927050046,Normal,Normal,Routine,E002A
1572,109.24339534518694,-0.4266659986330188,0.0,0.39824732059404916,Abnormal,Abnormal,Monitor,E002A
1573,109.2434790405288,-0.4266641396377361,0.0,0.38804524816838676,Abnormal,Abnormal,Monitor,E002A
1574,109.2435626640586,-0.4266660370993534,0.0,0.46334786237002135,Normal,Normal,Routine,E002A
1575,109.24363314432439,-0.42665479925075145,0.0,0.4508648888844721,Normal,Normal,Routine,E002A
1576,109.24374108689426,-0.426668372331267,0.0,0.4000096435585572,Normal,Normal,Routine,E002A
1577,109.24380323281426,-0.4266657650415821,0.0,0.40658768530612666,Normal,Normal,Routine,E002A
1578,109.24387282059085,-0.4266726248023814,0.0,0.46564569786164106,Normal,Normal,Routine,E002A
1579,109.24396519010523,-0.42665707031537164,0.0,0.39945665969953037,Abnormal,Abnormal,Monitor,E002A
1580,109.24404189876034,-0.42665887123083296,0.0,0.4637604968514867,Normal,Normal,Routine,E002A
1581,109.24412416756968,-0.42665349687296883,0.0,0.46798462939333985,Normal,Normal,Routine,E002A
1582,109.24420727544982,-0.42665569895940814,0.0,0.4470357576009029,Normal,Normal,Routine,E002A
1583,109.24429195599097,-0.42665491810988465,0.0,0.476821357706705,Normal,Normal,Routine,E002A
1584,109.24437147225494,-0.42665853550855004,0.0,0.4977845518198451,Normal,Normal,Routine,E002A
1585,109.24444886294071,-0.4266553900375181,0.0,0.4733897080712586,Normal,Normal,Routine,E002A
1586,109.2445259567756,-0.42665411188381847,0.0,0.42993508904384303,Normal,Normal,Routine,E002A
1587,109.24461113290432,-0.42664661759540407,0.0,0.45047288269832214,Normal,Normal,Routine,E002A
1588,109.24468569913829,-0.42664472935836756,0.0,0.43406154546075476,Normal,Normal,Routine,E002A
1589,109.24477458660579,-0.42664666418848884,0.0,0.4287003972271339,Normal,Normal,Routine,E002A
1590,109.24484645126842,-0.42665475251060525,0.0,0.4232958608577473,Normal,Normal,Routine,E002A
1591,109.24493615712166,-0.4266485433689819,0.0,0.4379029571741712,Normal,Normal,Routine,E002A
1592,109.2450255210902,-0.4266447359777373,0.0,0.43858628012183914,Normal,Normal,Routine,E002A
1593,109.24508796150393,-0.4266389718183841,0.0,0.4594382514798107,Normal,Normal,Routine,E002A
1594,109.24518508479464,-0.4266469963082844,0.0,0.4340580576994958,Normal,Normal,Routine,E002A
1595,109.2430407799827,-0.4265954981507103,0.0,0.4570890129774228,Normal,Normal,Routine,E002A
1596,109.24312087215655,-0.42660628228912184,0.0,0.4291593522253927,Normal,Normal,Routine,E002A
1597,109.24319038402979,-0.4265952024753618,0.0,0.47858223085538004,Normal,Normal,Routine,E002A
1598,109.24327716947141,-0.42659313981726554,0.0,0.43026520269283275,Normal,Normal,Routine,E002A
1599,109.24336768195936,-0.426594587614168,0.0,0.4186718751449843,Normal,Normal,Routine,E002A
1600,109.24345620667216,-0.4265837056873178,0.0,0.43446522370445356,Normal,Normal,Routine,E002A
1601,109.24353035705032,-0.42659329387333345,0.0,0.44980531053385814,Normal,Normal,Routine,E002A
1602,109.24359062055865,-0.4265850532472465,0.0,0.4350024755202377,Normal,Normal,Routine,E002A
1603,109.2436753586253,-0.426583986655052,0.0,0.4446977042087359,Normal,Normal,Routine,E002A
1604,109.24383183131516,-0.42659387951907096,0.0,0.4538714174021104,Normal,Normal,Routine,E002A
1605,109.24392908307665,-0.4265737983050471,0.0,0.4226305218053465,Normal,Normal,Routine,E002A
1606,109.244002473441,-0.42657983421099677,0.0,0.4403178542673301,Normal,Normal,Routine,E002A
1607,109.24407962921781,-0.4265865672953939,0.0,0.48247219684820336,Normal,Normal,Routine,E002A
1608,109.24416149887689,-0.42658259089493106,0.0,0.48210924116517145,Normal,Normal,Routine,E002A
1609,109.24424135419662,-0.426588351568326,0.0,0.45743161536580845,Normal,Normal,Routine,E002A
1610,109.2443260732276,-0.4265921365516954,0.0,0.44401849358244394,Normal,Normal,Routine,E002A
1611,109.24441208723613,-0.42658552776898206,0.0,0.4383670040140913,Normal,Normal,Routine,E002A
1612,109.24448697746418,-0.42658088781077347,0.0,0.3851706453430441,Abnormal,Abnormal,Monitor,E002A
1613,109.24457681823725,-0.4265738105706754,0.0,0.4461800945273544,Normal,Normal,Routine,E002A
1614,109.24466047600353,-0.4265834000307354,0.0,0.43081182842848004,Normal,Normal,Routine,E002A
1615,109.24473082487039,-0.4265853306000796,0.0,0.45759664235461167,Normal,Normal,Routine,E002A
1616,109.24489054166673,-0.42657388262805845,0.0,0.4114858437723552,Normal,Normal,Routine,E002A
1617,109.24498560924529,-0.42657199005021884,0.0,0.43999478964210986,Normal,Normal,Routine,E002A
1618,109.24506125205463,-0.4265682147715678,0.0,0.42905069569191273,Normal,Normal,Routine,E002A
1619,109.24520831197412,-0.426581464940294,0.0,0.41486861100249806,Normal,Normal,Routine,E002A
1620,109.24308010404943,-0.4265426226640738,0.0,0.4410658940197973,Normal,Normal,Routine,E002A
1621,109.24315522503854,-0.42652628652161484,0.0,0.4458922796389636,Normal,Normal,Routine,E002A
1622,109.24324201184578,-0.4265261129496204,0.0,0.41294870154189545,Normal,Normal,Routine,E002A
1623,109.24332191701662,-0.42652576688167576,0.0,0.4095604252550655,Normal,Normal,Routine,E002A
1624,109.2434067871342,-0.42651670085693283,0.0,0.4589062258265879,Normal,Normal,Routine,E002A
1625,109.24349044438183,-0.4265243759117884,0.0,0.37409771031087585,Abnormal,Abnormal,Monitor,E002A
1626,109.24357038364704,-0.4265282149630872,0.0,0.4295986989686842,Normal,Normal,Routine,E002A
1627,109.24365249452065,-0.4265220339313104,0.0,0.3869862739160272,Abnormal,Abnormal,Monitor,E002A
1628,109.24372627482204,-0.4265236786310004,0.0,0.4011797402177129,Normal,Normal,Routine,E002A
1629,109.24379870231778,-0.42652139291808655,0.0,0.41875806929185866,Normal,Normal,Routine,E002A
1630,109.24388251290947,-0.4265144499457941,0.0,0.4335600060183352,Normal,Normal,Routine,E002A
1631,109.24395544836024,-0.4265102942486186,0.0,0.40271675290822556,Normal,Normal,Routine,E002A
1632,109.24403812884044,-0.4265156305469665,0.0,0.4631260428068191,Normal,Normal,Routine,E002A
1633,109.24412401147451,-0.42650995768864153,0.0,0.43993716656749904,Normal,Normal,Routine,E002A
1634,109.24420598044635,-0.42651565735210667,0.0,0.45507010310521023,Normal,Normal,Routine,E002A
1635,109.24428486992798,-0.42651038529997787,0.0,0.4657331108778366,Normal,Normal,Routine,E002A
1636,109.24436324345558,-0.42649871970334413,0.0,0.4699191166742428,Normal,Normal,Routine,E002A
1637,109.24445415307905,-0.42649996501086823,0.0,0.4402744006745669,Normal,Normal,Routine,E002A
1638,109.24452882304696,-0.4265119895017913,0.0,0.4056543130511527,Normal,Normal,Routine,E002A
1639,109.24459774752084,-0.42650873537056905,0.0,0.435530688951097,Normal,Normal,Routine,E002A
1640,109.24469198949713,-0.4265111235765753,0.0,0.43584245810389843,Normal,Normal,Routine,E002A
1641,109.24478408028389,-0.42650877816281446,0.0,0.4432408308632128,Normal,Normal,Routine,E002A
1642,109.24485092969095,-0.42650579213038325,0.0,0.40895095859209124,Normal,Normal,Routine,E002A
1643,109.24493506916461,-0.42651441228292364,0.0,0.4270629871817642,Normal,Normal,Routine,E002A
1644,109.24501604630706,-0.42650500351118004,0.0,0.46121676276038,Normal,Normal,Routine,E002A
1645,109.24510153853757,-0.42649799850935544,0.0,0.46212273198026077,Normal,Normal,Routine,E002A
1646,109.2451710528311,-0.4265042993802451,0.0,0.4097227860109042,Normal,Normal,Routine,E002A
1647,109.24304306059616,-0.4264573528715465,0.0,0.42478832733126526,Normal,Normal,Routine,E002A
1648,109.24312101682408,-0.4264516284663929,0.0,0.43237363941056267,Normal,Normal,Routine,E002A
1649,109.2431970701367,-0.4264554738590154,0.0,0.4589791706530377,Normal,Normal,Routine,E002A
1650,109.24328092676086,-0.4264513984474404,0.0,0.42985205542152893,Normal,Normal,Routine,E002A
1651,109.24336722600194,-0.4264464174844101,0.0,0.39008063062725934,Abnormal,Abnormal,Monitor,E002A
1652,109.24344125444257,-0.4264470584643986,0.0,0.44599126451583065,Normal,Normal,Routine,E002A
1653,109.24352183557998,-0.4264407369123895,0.0,0.46588789061334046,Normal,Normal,Routine,E002A
1654,109.24359778471721,-0.42644850966531006,0.0,0.412717589046862,Normal,Normal,Routine,E002A
1655,109.24367912719079,-0.4264360598245458,0.0,0.42515204869660034,Normal,Normal,Routine,E002A
1656,109.24375100799416,-0.4264401131475351,0.0,0.4288222353248562,Normal,Normal,Routine,E002A
1657,109.24385488734022,-0.42644723217433844,0.0,0.4405518328188849,Normal,Normal,Routine,E002A
1658,109.24392573529143,-0.42645059437162974,0.0,0.4542317624609378,Normal,Normal,Routine,E002A
1659,109.24400287816621,-0.4264389330172502,0.0,0.43515213838197236,Normal,Normal,Routine,E002A
1660,109.24408396853282,-0.4264450149969624,0.0,0.39708395840331,Abnormal,Abnormal,Monitor,E002A
1661,109.24416188768977,-0.42644450930301536,0.0,0.3985112837346948,Abnormal,Abnormal,Monitor,E002A
1662,109.24425301592694,-0.4264402754866593,0.0,0.46993826269316125,Normal,Normal,Routine,E002A
1663,109.24433643440439,-0.42643943827010405,0.0,0.45162615564734826,Normal,Normal,Routine,E002A
1664,109.24440764422576,-0.42643554803352773,0.0,0.43053550956056696,Normal,Normal,Routine,E002A
1665,109.24449126216378,-0.42643454899051564,0.0,0.4397900362654465,Normal,Normal,Routine,E002A
1666,109.24456030351485,-0.4264268728397937,0.0,0.4053726410568745,Normal,Normal,Routine,E002A
1667,109.24465052830091,-0.4264297104627775,0.0,0.4300573797357612,Normal,Normal,Routine,E002A
1668,109.24473608855408,-0.4264316445190297,0.0,0.4730418533488907,Normal,Normal,Routine,E002A
1669,109.24481694971391,-0.4264345523348481,0.0,0.4418618539247622,Normal,Normal,Routine,E002A
1670,109.24489490471386,-0.42643457023280346,0.0,0.4752919801976532,Normal,Normal,Routine,E002A
1671,109.24499072888521,-0.42643158813555837,0.0,0.4511634077268026,Normal,Normal,Routine,E002A
1672,109.24505836850872,-0.4264298040992316,0.0,0.46836097349860245,Normal,Normal,Routine,E002A
1673,109.24512787043322,-0.4264312172033388,0.0,0.455343319678564,Normal,Normal,Routine,E002A
1674,109.24521388116307,-0.4264273366849925,0.0,0.4178589771143605,Normal,Normal,Routine,E002A
1675,109.24307489846142,-0.4263806192512707,0.0,0.4271942020231562,Normal,Normal,Routine,E002A
1676,109.2431559619933,-0.426382054921455,0.0,0.43953796125088745,Normal,Normal,Routine,E002A
1677,109.24323011539607,-0.42637824404687286,0.0,0.41470077987581205,Normal,Normal,Routine,E002A
1678,109.24331700349106,-0.42636715012923004,0.0,0.4058960596946966,Normal,Normal,Routine,E002A
1679,109.24339541246829,-0.4263693113417886,0.0,0.4000369239276132,Normal,Normal,Routine,E002A
1680,109.24348762608106,-0.4263756490832042,0.0,0.40601874468274257,Normal,Normal,Routine,E002A
1681,109.24355644410154,-0.42637423609452463,0.0,0.4558196288664157,Normal,Normal,Routine,E002A
1682,109.24363950657632,-0.42637055657682615,0.0,0.4050605716362882,Normal,Normal,Routine,E002A
1683,109.24373473778704,-0.42637168893671495,0.0,0.4152527377724934,Normal,Normal,Routine,E002A
1684,109.24380047501593,-0.4263650727822026,0.0,0.4003303031729992,Normal,Normal,Routine,E002A
1685,109.24387321782012,-0.4263706572847233,0.0,0.4384444464353029,Normal,Normal,Routine,E002A
1686,109.24395307442705,-0.4263706756263813,0.0,0.39396530283284975,Abnormal,Abnormal,Monitor,E002A
1687,109.244136329861,-0.42636971212858005,0.0,0.4310993249803343,Normal,Normal,Routine,E002A
1688,109.2442930863528,-0.4263760339388985,0.0,0.46883195958351,Normal,Normal,Routine,E002A
1689,109.24435963410819,-0.42637222039995176,0.0,0.4407271106411387,Normal,Normal,Routine,E002A
1690,109.24444709697275,-0.4263698395575857,0.0,0.4330712868665394,Normal,Normal,Routine,E002A
1691,109.244526952193,-0.42637608763924034,0.0,0.3910635702061252,Abnormal,Abnormal,Monitor,E002A
1692,109.24470336593383,-0.4263733112372216,0.0,0.4653115116406059,Normal,Normal,Routine,E002A
1693,109.24477603335298,-0.4263589178427538,0.0,0.42173142016077014,Normal,Normal,Routine,E002A
1694,109.24484932363961,-0.4263627625842494,0.0,0.4288118992737382,Normal,Normal,Routine,E002A
1695,109.24494175268185,-0.42636218334367704,0.0,0.46859253107266013,Normal,Normal,Routine,E002A
1696,109.24501769310004,-0.42636508640792653,0.0,0.43357840836997646,Normal,Normal,Routine,E002A
1697,109.24509355790549,-0.4263647330566529,0.0,0.4437888653704686,Normal,Normal,Routine,E002A
1698,109.24518202742233,-0.4263599243800463,0.0,0.43737751068348857,Normal,Normal,Routine,E002A
1699,109.2430400318032,-0.42630598727506275,0.0,0.4542603735590425,Normal,Normal,Routine,E002A
1700,109.24311653228554,-0.4263145288092477,0.0,0.4338570371167166,Normal,Normal,Routine,E002A
1701,109.24319258689866,-0.4263126318739136,0.0,0.4335815966451297,Normal,Normal,Routine,E002A
1702,109.24326926539645,-0.4263086208210027,0.0,0.4000197283319525,Normal,Normal,Routine,E002A
1703,109.24335739837574,-0.4263099649669545,0.0,0.4189040465308381,Normal,Normal,Routine,E002A
1704,109.24344700143345,-0.426301188491582,0.0,0.41065184716129677,Normal,Normal,Routine,E002A
1705,109.24352122517814,-0.42630413096088254,0.0,0.4110110644251108,Normal,Normal,Routine,E002A
1706,109.24359188954243,-0.426301000217652,0.0,0.44509842064705274,Normal,Normal,Routine,E002A
1707,109.24368467349498,-0.42628784492899535,0.0,0.41721538565717303,Normal,Normal,Routine,E002A
1708,109.24376766622586,-0.42629465892251067,0.0,0.4329942940199668,Normal,Normal,Routine,E002A
1709,109.2438446685289,-0.4263047252225819,0.0,0.42082345297575213,Normal,Normal,Routine,E002A
1710,109.24392777096888,-0.42630311565712165,0.0,0.3735153310470753,Abnormal,Abnormal,Monitor,E002A
1711,109.24400892546927,-0.4263036416074431,0.0,0.4449851685020698,Normal,Normal,Routine,E002A
1712,109.24409017447049,-0.42629941546520966,0.0,0.42647314177324563,Normal,Normal,Routine,E002A
1713,109.24416575065231,-0.42630804630722224,0.0,0.4146264037201366,Normal,Normal,Routine,E002A
1714,109.24425530647586,-0.426301750311556,0.0,0.45561506893620435,Normal,Normal,Routine,E002A
1715,109.24433112949647,-0.42630330594016114,0.0,0.42627976463253336,Normal,Normal,Routine,E002A
1716,109.24440908580665,-0.42630140942761874,0.0,0.4501929701322981,Normal,Normal,Routine,E002A
1717,109.24448514047207,-0.4262995133818643,0.0,0.44074117840052796,Normal,Normal,Routine,E002A
1718,109.24455929349293,-0.4262976159943565,0.0,0.41636525434187666,Normal,Normal,Routine,E002A
1719,109.24465436191792,-0.42629189549033714,0.0,0.4095646206578503,Normal,Normal,Routine,E002A
1720,109.24474752743039,-0.42629574479214843,0.0,0.37999643033558705,Abnormal,Abnormal,Monitor,E002A
1721,109.2448150802601,-0.4262924198000419,0.0,0.4273541498965082,Normal,Normal,Routine,E002A
1722,109.24489963549154,-0.4262976941151884,0.0,0.4086294408547334,Normal,Normal,Routine,E002A
1723,109.24497244281041,-0.4262962485661476,0.0,0.42672041858464416,Normal,Normal,Routine,E002A
1724,109.24505129517613,-0.42629633810264017,0.0,0.49656219161914783,Normal,Normal,Routine,E002A
1725,109.24513756327177,-0.4262904066772669,0.0,0.4987274778720278,Normal,Normal,Routine,E002A
1726,109.24521242314123,-0.4262930056429151,0.0,0.43800442968264663,Normal,Normal,Routine,E002A
1727,109.24306674483091,-0.4262458844107031,0.0,0.4283524391548085,Normal,Normal,Routine,E002A
1728,109.24315148541142,-0.42624945688289595,0.0,0.41266014929542094,Normal,Normal,Routine,E002A
1729,109.24323895038532,-0.4262375130484343,0.0,0.4055863762804251,Normal,Normal,Routine,E002A
1730,109.24332128943041,-0.42623913438582955,0.0,0.4407363823310544,Normal,Normal,Routine,E002A
1731,109.24339948396805,-0.4262322696966034,0.0,0.42475775179739755,Normal,Normal,Routine,E002A
1732,109.24347363434228,-0.4262418578688437,0.0,0.41865627809098616,Normal,Normal,Routine,E002A
1733,109.24347553465711,-0.4262437718102721,0.0,0.40580850092358994,Normal,Normal,Routine,E002A
1734,109.24355560271722,-0.4262302337935113,0.0,0.44707332642765735,Normal,Normal,Routine,E002A
1735,109.24364541357501,-0.4262360320102663,0.0,0.34492947040933264,Abnormal,Abnormal,Monitor,E002A
1736,109.24372347343316,-0.42623291833447946,0.0,0.4149510175061384,Normal,Normal,Routine,E002A
1737,109.2438061609629,-0.4262348372625868,0.0,0.4248680503608228,Normal,Normal,Routine,E002A
1738,109.24387891002714,-0.4262286477348164,0.0,0.4559115357193441,Normal,Normal,Routine,E002A
1739,109.24397587811264,-0.42623154116163936,0.0,0.42776875941380704,Normal,Normal,Routine,E002A
1740,109.24404757496494,-0.42623081247701355,0.0,0.3835318801421683,Abnormal,Abnormal,Monitor,E002A
1741,109.24412605810781,-0.4262308666676347,0.0,0.4295090569439896,Normal,Normal,Routine,E002A
1742,109.24420657292512,-0.42622795430482946,0.0,0.43856275901422126,Normal,Normal,Routine,E002A
1743,109.2442921523637,-0.42622440285677327,0.0,0.481535762745398,Normal,Normal,Routine,E002A
1744,109.2443653702402,-0.4262305779697287,0.0,0.4474377214675979,Normal,Normal,Routine,E002A
1745,109.24446245816634,-0.42623195038040823,0.0,0.44616558625756836,Normal,Normal,Routine,E002A
1746,109.24453078974084,-0.42622487361280725,0.0,0.4417267820750553,Normal,Normal,Routine,E002A
1747,109.24461929287685,-0.4262182481995296,0.0,0.45198022000961474,Normal,Normal,Routine,E002A
1748,109.24469676210408,-0.42622926321401716,0.0,0.38640819271453297,Abnormal,Abnormal,Monitor,E002A
1749,109.2447760639148,-0.42622397315178834,0.0,0.3966883559229135,Abnormal,Abnormal,Monitor,E002A
1750,109.24486356433124,-0.42621451160858553,0.0,0.430474145950983,Normal,Normal,Routine,E002A
1751,109.24493159972762,-0.4262182836979193,0.0,0.4625308726553444,Normal,Normal,Routine,E002A
1752,109.24501145594506,-0.42622021643274366,0.0,0.4538522396986191,Normal,Normal,Routine,E002A
1753,109.24508975403211,-0.42622049935943146,0.0,0.48761827175398,Normal,Normal,Routine,E002A
1754,109.2451850647399,-0.4262239385915259,0.0,0.41668283590325367,Normal,Normal,Routine,E002A
1755,109.24306568867745,-0.4261616990104715,0.0,0.38153582487631443,Abnormal,Abnormal,Monitor,E002A
1756,109.24311441015011,-0.4261657506253754,0.0,0.44987054140978155,Normal,Normal,Routine,E002A
1757,109.24319637751323,-0.4261743738919245,0.0,0.44465761880378585,Normal,Normal,Routine,E002A
1758,109.24326800618363,-0.426169162567959,0.0,0.38460355029652205,Abnormal,Abnormal,Monitor,E002A
1759,109.24336199169112,-0.42616533905615606,0.0,0.45724148092506167,Normal,Normal,Routine,E002A
1760,109.24345738126233,-0.42616126718190683,0.0,0.43496713148664146,Normal,Normal,Routine,E002A
1761,109.24350660160697,-0.42616391000571846,0.0,0.43616512023232357,Normal,Normal,Routine,E002A
1762,109.24359406388503,-0.4261639300886763,0.0,0.41228286034897443,Normal,Normal,Routine,E002A
1763,109.24368071002695,-0.4261582583000305,0.0,0.3772714129533945,Abnormal,Abnormal,Monitor,E002A
1764,109.24376484803135,-0.4261453578396627,0.0,0.4153204789948299,Normal,Normal,Routine,E002A
1765,109.24384755210005,-0.4261654749629173,0.0,0.4127773386580092,Normal,Normal,Routine,E002A
1766,109.24393739187899,-0.4261626244253669,0.0,0.4353883474143141,Normal,Normal,Routine,E002A
1767,109.2440223903646,-0.42615403044988515,0.0,0.3542458268032887,Abnormal,Abnormal,Monitor,E002A
1768,109.24408343224339,-0.42615568125071557,0.0,0.4126368947629278,Normal,Normal,Routine,E002A
1769,109.24416739094724,-0.4261611245334455,0.0,0.41776717914654327,Normal,Normal,Routine,E002A
1770,109.24425370428156,-0.42615753798343237,0.0,0.4165584609287677,Normal,Normal,Routine,E002A
1771,109.24433363186635,-0.42615755632823893,0.0,0.455829751899528,Normal,Normal,Routine,E002A
1772,109.24440721710718,-0.42615593642751776,0.0,0.39535065930465174,Abnormal,Abnormal,Monitor,E002A
1773,109.24448517232295,-0.4261588797395499,0.0,0.4359744733908311,Normal,Normal,Routine,E002A
1774,109.24456987273535,-0.4261536804420439,0.0,0.4466540816401203,Normal,Normal,Routine,E002A
1775,109.2446554326671,-0.4261570053051005,0.0,0.4712577474822935,Normal,Normal,Routine,E002A
1776,109.24474375797406,-0.4261502713294859,0.0,0.47371474607181924,Normal,Normal,Routine,E002A
1777,109.24482599759838,-0.42615884943271665,0.0,0.44413548640779166,Normal,Normal,Routine,E002A
1778,109.24490205184604,-0.42615886688290266,0.0,0.4347076245319822,Normal,Normal,Routine,E002A
1779,109.24497959538873,-0.42615512910095693,0.0,0.4130815426407278,Normal,Normal,Routine,E002A
1780,109.24506318416147,-0.42615608694523,0.0,0.4605301717648635,Normal,Normal,Routine,E002A
1781,109.24513610604036,-0.4261565151325629,0.0,0.408680721156203,Normal,Normal,Routine,E002A
1782,109.24307777529903,-0.4260967629033323,0.0,0.45073255177232746,Normal,Normal,Routine,E002A
1783,109.24314950160027,-0.4260927678874734,0.0,0.4237348147340723,Normal,Normal,Routine,E002A
1784,109.24323303909824,-0.4261016103524086,0.0,0.4145405361829113,Normal,Normal,Routine,E002A
1785,109.24332535958976,-0.426104007154651,0.0,0.3879993206557484,Abnormal,Abnormal,Monitor,E002A
1786,109.24339571060106,-0.4261001953939186,0.0,0.4176117117666748,Normal,Normal,Routine,E002A
1787,109.24348127166017,-0.4260983006293457,0.0,0.4010258197587354,Normal,Normal,Routine,E002A
1788,109.24355736404527,-0.4260883318815805,0.0,0.44573827691617707,Normal,Normal,Routine,E002A
1789,109.24363794531884,-0.42608934059254094,0.0,0.3888590413891115,Abnormal,Abnormal,Monitor,E002A
1790,109.24372921097347,-0.4260850543481516,0.0,0.3704630034133935,Abnormal,Abnormal,Monitor,E002A
1791,109.24381334377635,-0.42609512318080256,0.0,0.41974920401564586,Normal,Normal,Routine,E002A
1792,109.24388464528879,-0.42609083235174555,0.0,0.4213808728681515,Normal,Normal,Routine,E002A
1793,109.24395752403018,-0.42609907552547194,0.0,0.44745844636552695,Normal,Normal,Routine,E002A
1794,109.24405302197201,-0.42610051539197136,0.0,0.41541753510246404,Normal,Normal,Routine,E002A
1795,109.24413309193442,-0.4260945382385971,0.0,0.4080230424789569,Normal,Normal,Routine,E002A
1796,109.24421983362704,-0.4260874982500084,0.0,0.4256008660047798,Normal,Normal,Routine,E002A
1797,109.24429700163873,-0.4260917969308195,0.0,0.44900884286982384,Normal,Normal,Routine,E002A
1798,109.24436921475113,-0.426080309859084,0.0,0.4397309843715838,Normal,Normal,Routine,E002A
1799,109.24445611267069,-0.4260855412992385,0.0,0.4546385673530393,Normal,Normal,Routine,E002A
1800,109.24453082398085,-0.42607365871305686,0.0,0.4474943478098162,Normal,Normal,Routine,E002A
1801,109.24460843721084,-0.4260794550195546,0.0,0.4613439679127908,Normal,Normal,Routine,E002A
1802,109.24468960376844,-0.42607842555378206,0.0,0.4467611293081551,Normal,Normal,Routine,E002A
1803,109.24478466840722,-0.42608944550313615,0.0,0.4649244643602156,Normal,Normal,Routine,E002A
1804,109.24485080287553,-0.4260900195348318,0.0,0.4393670848621991,Normal,Normal,Routine,E002A
1805,109.2449382656492,-0.4260881260925547,0.0,0.44829554350176554,Normal,Normal,Routine,E002A
1806,109.24502137368317,-0.426069942428094,0.0,0.40203541761729866,Normal,Normal,Routine,E002A
1807,109.24510271531244,-0.4260852745645463,0.0,0.42484893988968014,Normal,Normal,Routine,E002A
1808,109.24518678540856,-0.42609486409414205,0.0,0.39646815846208483,Abnormal,Abnormal,Monitor,E002A
1809,109.2430541732123,-0.42602907223348685,0.0,0.4391735087562673,Normal,Normal,Routine,E002A
1810,109.24311778582494,-0.426027172430446,0.0,0.41463771611944483,Normal,Normal,Routine,E002A
1811,109.24319574078032,-0.4260310191466079,0.0,0.4178523733894305,Normal,Normal,Routine,E002A
1812,109.24335770043481,-0.42602744996991354,0.0,0.44583169836718756,Normal,Normal,Routine,E002A
1813,109.24342994785904,-0.42604278002074125,0.0,0.4310076422185349,Normal,Normal,Routine,E002A
1814,109.2435231159083,-0.4260351446756356,0.0,0.4305226243853712,Normal,Normal,Routine,E002A
1815,109.24360943941475,-0.4260261684848125,0.0,0.42961599965119884,Normal,Normal,Routine,E002A
1816,109.24368786947004,-0.4260304927779951,0.0,0.3445170003977865,Abnormal,Abnormal,Monitor,E002A
1817,109.24376349248786,-0.42603055535041345,0.0,0.39196063629974487,Abnormal,Abnormal,Monitor,E002A
1818,109.24384516185422,-0.42602242089786746,0.0,0.39938657429976276,Abnormal,Abnormal,Monitor,E002A
1819,109.24394347554909,-0.42602532276181776,0.0,0.4405733628867447,Normal,Normal,Routine,E002A
1820,109.24408345480975,-0.4260203323846535,0.0,0.46553028820514963,Normal,Normal,Routine,E002A
1821,109.24415912316326,-0.4260146345514232,0.0,0.40902159371071584,Normal,Normal,Routine,E002A
1822,109.24425322167987,-0.4260197003463632,0.0,0.4341219305544644,Normal,Normal,Routine,E002A
1823,109.24433183686348,-0.4260158407314094,0.0,0.38107747522939883,Abnormal,Abnormal,Monitor,E002A
1824,109.24440793431128,-0.42601539609155087,0.0,0.4198385707031076,Normal,Normal,Routine,E002A
1825,109.24448869831484,-0.4260148856030059,0.0,0.43832730896806776,Normal,Normal,Routine,E002A
1826,109.2445634261887,-0.4260091965916008,0.0,0.42681186211008865,Normal,Normal,Routine,E002A
1827,109.24464372090279,-0.4260104385336183,0.0,0.44787668119881346,Normal,Normal,Routine,E002A
1828,109.24472874484161,-0.4260125478824964,0.0,0.465158233064431,Normal,Normal,Routine,E002A
1829,109.2448143055275,-0.42601256750817296,0.0,0.4301101669476676,Normal,Normal,Routine,E002A
1830,109.24490224359442,-0.42601019489080527,0.0,0.40934981146039295,Normal,Normal,Routine,E002A
1831,109.24498034041747,-0.4260146402732942,0.0,0.40195842199899084,Normal,Normal,Routine,E002A
1832,109.2450649518229,-0.4260098741033784,0.0,0.37793778549554147,Abnormal,Abnormal,Monitor,E002A
1833,109.24513045127473,-0.42600623664182463,0.0,0.40890240876570993,Normal,Normal,Routine,E002A
1834,109.24518962780978,-0.4260302115490197,0.0,0.3764231340451674,Abnormal,Abnormal,Monitor,E002A
1835,109.24307032402434,-0.4259544257519632,0.0,0.43877059283877623,Normal,Normal,Routine,E002A
1836,109.24315170494744,-0.425954515873934,0.0,0.4407298174135539,Normal,Normal,Routine,E002A
1837,109.24323179808594,-0.4259610497612171,0.0,0.440503040547132,Normal,Normal,Routine,E002A
1838,109.2433196906693,-0.4259489631300254,0.0,0.4266065250263781,Normal,Normal,Routine,E002A
1839,109.24339574485319,-0.4259489805865815,0.0,0.43401293896033605,Normal,Normal,Routine,E002A
1840,109.24348700955005,-0.42595282944766943,0.0,0.45330519166078653,Normal,Normal,Routine,E002A
1841,109.24356090715189,-0.42596003923354425,0.0,0.4585553367383561,Normal,Normal,Routine,E002A
1842,109.24362941949288,-0.4259558291494165,0.0,0.383127767641862,Abnormal,Abnormal,Monitor,E002A
1843,109.24370927575987,-0.4259572835089225,0.0,0.4151322640395802,Normal,Normal,Routine,E002A
1844,109.24381052426494,-0.42595156441881793,0.0,0.46232515029363086,Normal,Normal,Routine,E002A
1845,109.24389491147254,-0.42594492449446214,0.0,0.4581439833347053,Normal,Normal,Routine,E002A
1846,109.2439745662642,-0.4259515532274189,0.0,0.48823933942873676,Normal,Normal,Routine,E002A
1847,109.24405494322285,-0.4259385605548779,0.0,0.4155788287296667,Normal,Normal,Routine,E002A
1848,109.24413195509861,-0.4259500357454781,0.0,0.44020073098358103,Normal,Normal,Routine,E002A
1849,109.24420175046258,-0.425948618437434,0.0,0.3721076133959867,Abnormal,Abnormal,Monitor,E002A
1850,109.24429578119756,-0.4259475702183064,0.0,0.4440956351471033,Normal,Normal,Routine,E002A
1851,109.24436527036978,-0.42594565004563884,0.0,0.389330230800778,Abnormal,Abnormal,Monitor,E002A
1852,109.24445498248446,-0.4259433791197379,0.0,0.4077650978623961,Normal,Normal,Routine,E002A
1853,109.24452920666955,-0.42594454280178856,0.0,0.4213589062892457,Normal,Normal,Routine,E002A
1854,109.24461705557444,-0.42594313596050287,0.0,0.43717051345249386,Normal,Normal,Routine,E002A
1855,109.24470024248329,-0.4259335838913707,0.0,0.4711658810042819,Normal,Normal,Routine,E002A
1856,109.24477153926271,-0.42595034884864263,0.0,0.42986748290026205,Normal,Normal,Routine,E002A
1857,109.24485975584123,-0.42594378936708355,0.0,0.42530769471400276,Normal,Normal,Routine,E002A
1858,109.24493374832547,-0.42594081580322485,0.0,0.42121008361894374,Normal,Normal,Routine,E002A
1859,109.24500774633228,-0.4259491776861421,0.0,0.4660729099948843,Normal,Normal,Routine,E002A
1860,109.24510735856568,-0.42593809206094785,0.0,0.45314135678206363,Normal,Normal,Routine,E002A
1861,109.24517795517619,-0.4259408718002188,0.0,0.3928814686249265,Abnormal,Abnormal,Monitor,E002A
1862,109.24303611495644,-0.42588742353673104,0.0,0.4219071231536321,Normal,Normal,Routine,E002A
1863,109.24312167599629,-0.4258855296710383,0.0,0.4529487931252813,Normal,Normal,Routine,E002A
1864,109.24320367121291,-0.42589014958310933,0.0,0.45129627566097236,Normal,Normal,Routine,E002A
1865,109.24327091119049,-0.4258876763741191,0.0,0.43650486769081953,Normal,Normal,Routine,E002A
1866,109.24335773381485,-0.42588006398377376,0.0,0.44487736471107064,Normal,Normal,Routine,E002A
1867,109.24351678241825,-0.42587541076724617,0.0,0.4593795468368066,Normal,Normal,Routine,E002A
1868,109.24360091456002,-0.4258883507534148,0.0,0.4489792030673843,Normal,Normal,Routine,E002A
1869,109.24375920315757,-0.4258840798777358,0.0,0.4020418443292567,Normal,Normal,Routine,E002A
1870,109.24384332155593,-0.4258784201539541,0.0,0.413277549216222,Normal,Normal,Routine,E002A
1871,109.24393374429901,-0.425883559254601,0.0,0.4582802777064301,Normal,Normal,Routine,E002A
1872,109.24400367446319,-0.4258778772831335,0.0,0.42420029140662574,Normal,Normal,Routine,E002A
1873,109.2440803078828,-0.42587868431956494,0.0,0.4341508711212062,Normal,Normal,Routine,E002A
1874,109.24416508532737,-0.4258822947549002,0.0,0.4291612865385939,Normal,Normal,Routine,E002A
1875,109.24425435384155,-0.4258753584260577,0.0,0.43752499920530963,Normal,Normal,Routine,E002A
1876,109.24433588349572,-0.42588133377227705,0.0,0.4159174322311838,Normal,Normal,Routine,E002A
1877,109.24440792380689,-0.4258713080063617,0.0,0.44147431539507137,Normal,Normal,Routine,E002A
1878,109.24448635397135,-0.4258713259938206,0.0,0.45515003892545836,Normal,Normal,Routine,E002A
1879,109.24457666885601,-0.42586895482332476,0.0,0.43311640931679324,Normal,Normal,Routine,E002A
1880,109.24462895599373,-0.4258713586966283,0.0,0.41976147494159877,Normal,Normal,Routine,E002A
1881,109.2447406584414,-0.4258785626728956,0.0,0.49318872540160913,Normal,Normal,Routine,E002A
1882,109.24480463085813,-0.4258786967101604,0.0,0.4155069531892475,Normal,Normal,Routine,E002A
1883,109.24488924333629,-0.4258691458662973,0.0,0.4038217480049557,Normal,Normal,Routine,E002A
1884,109.24497765518514,-0.42587299405463463,0.0,0.41776070794542736,Normal,Normal,Routine,E002A
1885,109.2450537107352,-0.4258672691634721,0.0,0.4258127693574231,Normal,Normal,Routine,E002A
1886,109.24513166663765,-0.425867287035414,0.0,0.38311270614990756,Abnormal,Abnormal,Monitor,E002A
1887,109.245221028873,-0.42587113634353163,0.0,0.39903937689097824,Abnormal,Abnormal,Monitor,E002A
1888,109.24307796265737,-0.42580895503849714,0.0,0.45683850850669355,Normal,Normal,Routine,E002A
1889,109.24314620739291,-0.4258162069303147,0.0,0.4614262558918579,Normal,Normal,Routine,E002A
1890,109.243231213264,-0.4258105202866483,0.0,0.4419287409201058,Normal,Normal,Routine,E002A
1891,109.2433229774223,-0.42581423451602746,0.0,0.44509576536162554,Normal,Normal,Routine,E002A
1892,109.24340283486666,-0.4258104240212653,0.0,0.40156181874164915,Normal,Normal,Routine,E002A
1893,109.2434829459891,-0.42581692082828615,0.0,0.467141969442869,Normal,Normal,Routine,E002A
1894,109.24357098731438,-0.42580651531909247,0.0,0.4392932839412214,Normal,Normal,Routine,E002A
1895,109.24364513823565,-0.42581370978363287,0.0,0.4281200219159222,Normal,Normal,Routine,E002A
1896,109.24373497840175,-0.4258051169074609,0.0,0.4351585430850421,Normal,Normal,Routine,E002A
1897,109.24381626113167,-0.4258065715866817,0.0,0.4576779302620551,Normal,Normal,Routine,E002A
1898,109.24388706819917,-0.4258079759341683,0.0,0.4577285242395527,Normal,Normal,Routine,E002A
1899,109.24396599270612,-0.42580660593232744,0.0,0.44833677495359764,Normal,Normal,Routine,E002A
1900,109.24404446021245,-0.4258082426328717,0.0,0.4482332815562472,Normal,Normal,Routine,E002A
1901,109.24412748899483,-0.4258066429732987,0.0,0.4341434746783538,Normal,Normal,Routine,E002A
1902,109.24421350883769,-0.4258059175556151,0.0,0.47020717826860736,Normal,Normal,Routine,E002A
1903,109.2442919379106,-0.4258107202109126,0.0,0.47451470767264603,Normal,Normal,Routine,E002A
1904,109.24437570029733,-0.4258064638735033,0.0,0.4351026150039755,Normal,Normal,Routine,E002A
1905,109.2444478840668,-0.42580952431143576,0.0,0.42699598806178524,Normal,Normal,Routine,E002A
1906,109.24453390259465,-0.4258067361737117,0.0,0.4322990832437722,Normal,Normal,Routine,E002A
1907,109.24461708815204,-0.4257991618111897,0.0,0.4356885714338522,Normal,Normal,Routine,E002A
1908,109.24469314238762,-0.42579917924872224,0.0,0.41958949898198117,Normal,Normal,Routine,E002A
1909,109.24477139452142,-0.42579206675587705,0.0,0.46179857057849816,Normal,Normal,Routine,E002A
1910,109.24494109941863,-0.4257916544127942,0.0,0.45517239764167156,Normal,Normal,Routine,E002A
1911,109.24501618408974,-0.4257931700557328,0.0,0.4183674386300539,Normal,Normal,Routine,E002A
1912,109.24509205280218,-0.42579537495719144,0.0,0.47057100283981335,Normal,Normal,Routine,E002A
1913,109.2451773158964,-0.42579264722579585,0.0,0.4274424139607268,Normal,Normal,Routine,E002A
1914,109.24303239998633,-0.42573936391477896,0.0,0.4125068740061913,Normal,Normal,Routine,E002A
1915,109.24311474279993,-0.42575205118569487,0.0,0.4511338871611752,Normal,Normal,Routine,E002A
1916,109.24319269948641,-0.42574824115904847,0.0,0.4499470980504308,Normal,Normal,Routine,E002A
1917,109.24327926060771,-0.42575297243698074,0.0,0.4653823487617044,Normal,Normal,Routine,E002A
1918,109.24336862665156,-0.4257395947886116,0.0,0.44666578225623393,Normal,Normal,Routine,E002A
1919,109.24345301427093,-0.42575087724058386,0.0,0.41517631687681894,Normal,Normal,Routine,E002A
1920,109.24351681231744,-0.42574333732935965,0.0,0.4693793097618394,Normal,Normal,Routine,E002A
1921,109.24361093088055,-0.4257390517240862,0.0,0.441818429651309,Normal,Normal,Routine,E002A
1922,109.24368650931373,-0.42573763393113284,0.0,0.42748975861212196,Normal,Normal,Routine,E002A
1923,109.24378347990651,-0.42573334897722015,0.0,0.43202070156196215,Normal,Normal,Routine,E002A
1924,109.24385195570244,-0.4257398159806176,0.0,0.46720012299265057,Normal,Normal,Routine,E002A
1925,109.24392325623758,-0.4257398323331063,0.0,0.43400957584202055,Normal,Normal,Routine,E002A
1926,109.24402451294807,-0.42573361405415516,0.0,0.43145579910657444,Normal,Normal,Routine,E002A
1927,109.24408945921074,-0.4257370897160916,0.0,0.4061789088986111,Normal,Normal,Routine,E002A
1928,109.24416884998305,-0.4257394554926888,0.0,0.37854891008029506,Abnormal,Abnormal,Monitor,E002A
1929,109.24424161420224,-0.4257338112392,0.0,0.46101459073469253,Normal,Normal,Routine,E002A
1930,109.24432572974202,-0.4257329316486267,0.0,0.4642020117367419,Normal,Normal,Routine,E002A
1931,109.24440320261903,-0.4257277487628868,0.0,0.43929238035693186,Normal,Normal,Routine,E002A
1932,109.24449351479178,-0.4257373397114873,0.0,0.4374453717428964,Normal,Normal,Routine,E002A
1933,109.24457957642278,-0.4257425609954713,0.0,0.4674546806804406,Normal,Normal,Routine,E002A
1934,109.24465750761469,-0.4257325926378159,0.0,0.4386992619152865,Normal,Normal,Routine,E002A
1935,109.24473103115733,-0.42573373082848653,0.0,0.39529598826619106,Abnormal,Abnormal,Monitor,E002A
1936,109.24480328263606,-0.42573138173238456,0.0,0.40724620986450183,Normal,Normal,Routine,E002A
1937,109.24487881679356,-0.4257313276061017,0.0,0.38460790132181905,Abnormal,Abnormal,Monitor,E002A
1938,109.24497198231181,-0.4257351768775304,0.0,0.4512000681221235,Normal,Normal,Routine,E002A
1939,109.24504833544975,-0.4257322707635939,0.0,0.4927623706260839,Normal,Normal,Routine,E002A
1940,109.24513389767498,-0.42572950692625255,0.0,0.4392528061573212,Normal,Normal,Routine,E002A
1941,109.24521497904182,-0.42573189116651905,0.0,0.42332102815703593,Normal,Normal,Routine,E002A
1942,109.24306442968702,-0.4256721698159662,0.0,0.47076692636014467,Normal,Normal,Routine,E002A
1943,109.24315516347232,-0.4256800417879304,0.0,0.45726309564374545,Normal,Normal,Routine,E002A
1944,109.24323454371697,-0.4256850843044714,0.0,0.42819119089183544,Normal,Normal,Routine,E002A
1945,109.24330969892361,-0.42568024362997403,0.0,0.4388870439245434,Normal,Normal,Routine,E002A
1946,109.24339989538878,-0.42567296659526344,0.0,0.46160446828526847,Normal,Normal,Routine,E002A
1947,109.24347262236542,-0.4256729832765709,0.0,0.4637978855871339,Normal,Normal,Routine,E002A
1948,109.24356638251867,-0.425672645772942,0.0,0.4490260446383166,Normal,Normal,Routine,E002A
1949,109.24364148557159,-0.4256760396650122,0.0,0.46341969505144676,Normal,Normal,Routine,E002A
1950,109.24372645222273,-0.42567306862093457,0.0,0.42613059506044015,Normal,Normal,Routine,E002A
1951,109.24380773430745,-0.4256773673275139,0.0,0.41202416453771984,Normal,Normal,Routine,E002A
1952,109.24389045614753,-0.4256665916306589,0.0,0.4248608657105181,Normal,Normal,Routine,E002A
1953,109.24397172793505,-0.42566879144557973,0.0,0.4058929236443551,Normal,Normal,Routine,E002A
1954,109.24405955525972,-0.42566734932531314,0.0,0.3685772682601423,Abnormal,Abnormal,Monitor,E002A
1955,109.2441257366995,-0.42566266845267214,0.0,0.4152194788085472,Normal,Normal,Routine,E002A
1956,109.2442107042143,-0.42566788858115795,0.0,0.4153004161588423,Normal,Normal,Routine,E002A
1957,109.24428913689025,-0.4256607291071766,0.0,0.47881627965359724,Normal,Normal,Routine,E002A
1958,109.24437231954215,-0.4256619716988598,0.0,0.42887256814800817,Normal,Normal,Routine,E002A
1959,109.24444837548259,-0.4256583728243096,0.0,0.39464131748314407,Abnormal,Abnormal,Monitor,E002A
1960,109.24453068801444,-0.4256622557808607,0.0,0.4611904524797146,Normal,Normal,Routine,E002A
1961,109.24461236559426,-0.4256655878705068,0.0,0.44399562312695673,Normal,Normal,Routine,E002A
1962,109.24468873378757,-0.4256595935648223,0.0,0.41101812388545506,Normal,Normal,Routine,E002A
1963,109.24476285111535,-0.4256566498621824,0.0,0.4231978130390679,Normal,Normal,Routine,E002A
1964,109.24484319256035,-0.42565385136928097,0.0,0.3765915652325279,Abnormal,Abnormal,Monitor,E002A
1965,109.24493065446275,-0.4256557858236308,0.0,0.4130912305641346,Normal,Normal,Routine,E002A
1966,109.2450051089073,-0.4256517181459091,0.0,0.39849062757986087,Abnormal,Abnormal,Monitor,E002A
1967,109.2450961480273,-0.425656393458424,0.0,0.443303079137931,Normal,Normal,Routine,E002A
1968,109.24516974136478,-0.4256548295985151,0.0,0.39778099631396596,Abnormal,Abnormal,Monitor,E002A
1969,109.24302935797594,-0.42560645513525647,0.0,0.43690729821000207,Normal,Normal,Routine,E002A
1970,109.24311834073123,-0.4256037083797481,0.0,0.42557804958352674,Normal,Normal,Routine,E002A
1971,109.24319510580472,-0.42561401424001416,0.0,0.39474118138475195,Abnormal,Abnormal,Monitor,E002A
1972,109.24327686748637,-0.4255987204333784,0.0,0.4048386906807845,Normal,Normal,Routine,E002A
1973,109.24335016415826,-0.42560184533254464,0.0,0.41936731021588325,Normal,Normal,Routine,E002A
1974,109.24345231728059,-0.42560371172918415,0.0,0.4925049541500182,Normal,Normal,Routine,E002A
1975,109.24352311705724,-0.4255975696622725,0.0,0.46231651799277856,Normal,Normal,Routine,E002A
1976,109.24360585392364,-0.42559178391391095,0.0,0.4631585536920438,Normal,Normal,Routine,E002A
1977,109.24369935948356,-0.42558918830147113,0.0,0.4913722575247502,Normal,Normal,Routine,E002A
1978,109.24377004370344,-0.4255975512255936,0.0,0.44017890332947623,Normal,Normal,Routine,E002A
1979,109.24385408184543,-0.4255932461163331,0.0,0.42330571490746427,Normal,Normal,Routine,E002A
1980,109.24395487946393,-0.425595268639963,0.0,0.3879616732659622,Abnormal,Abnormal,Monitor,E002A
1981,109.24401107893202,-0.425596063746263,0.0,0.43017863679412033,Normal,Normal,Routine,E002A
1982,109.24408713276351,-0.4255937779210918,0.0,0.3801252909042759,Abnormal,Abnormal,Monitor,E002A
1983,109.24417202439248,-0.4256048633403005,0.0,0.32102936508954644,Abnormal,Abnormal,Monitor,E002A
1984,109.24425112394425,-0.4255961187733928,0.0,0.3814255912097195,Abnormal,Abnormal,Monitor,E002A
1985,109.24432717978613,-0.4255889587510209,0.0,0.39950030278694165,Abnormal,Abnormal,Monitor,E002A
1986,109.24441511566049,-0.42559615636199105,0.0,0.38574077636763987,Abnormal,Abnormal,Monitor,E002A
1987,109.24449409438081,-0.4255895016085489,0.0,0.3832324479951435,Abnormal,Abnormal,Monitor,E002A
1988,109.24457197796822,-0.42559140673927004,0.0,0.39862647688413877,Abnormal,Abnormal,Monitor,E002A
1989,109.24464173492748,-0.4255930414288597,0.0,0.40392073691338076,Normal,Normal,Routine,E002A
1990,109.24472864199214,-0.4255896485031852,0.0,0.4402042946849878,Normal,Normal,Routine,E002A
1991,109.24480950334842,-0.42559165288319833,0.0,0.40516479100755615,Normal,Normal,Routine,E002A
1992,109.24487961636994,-0.42558782656295835,0.0,0.43998120382244865,Normal,Normal,Routine,E002A
1993,109.24496586806333,-0.4255907943555994,0.0,0.42430682537647396,Normal,Normal,Routine,E002A
1994,109.2450461395283,-0.42558367959988014,0.0,0.4031185898089796,Normal,Normal,Routine,E002A
1995,109.24512412543577,-0.4255820823804168,0.0,0.39083189298440746,Abnormal,Abnormal,Monitor,E002A
1996,109.24517718491221,-0.4255694397094336,0.0,0.3254063106059455,Abnormal,Abnormal,Monitor,E002A
1997,109.24307272443697,-0.42553287563982395,0.0,0.44550344779598394,Normal,Normal,Routine,E002A
1998,109.24315925469578,-0.4255310534195195,0.0,0.46275587467586293,Normal,Normal,Routine,E002A
1999,109.24322803973816,-0.4255284105433531,0.0,0.4438861895533615,Normal,Normal,Routine,E002A
2000,109.24332610474758,-0.4255305391521502,0.0,0.4576542304599919,Normal,Normal,Routine,E002A
2001,109.2434014473218,-0.4255233789763097,0.0,0.4605077155332188,Normal,Normal,Routine,E002A
2002,109.24349606528872,-0.42552715714533607,0.0,0.45052098865444595,Normal,Normal,Routine,E002A
2003,109.24355833455864,-0.4255271714223391,0.0,0.4955891972995019,Normal,Normal,Routine,E002A
2004,109.24364383085683,-0.4255216847229828,0.0,0.47480956178445083,Normal,Normal,Routine,E002A
2005,109.24373361616597,-0.42552525921763695,0.0,0.47045969363267304,Normal,Normal,Routine,E002A
2006,109.24381433592777,-0.4255216252420893,0.0,0.4566743972066503,Normal,Normal,Routine,E002A
2007,109.2439012437939,-0.4255224581326948,0.0,0.4544768049369092,Normal,Normal,Routine,E002A
2008,109.2439632802541,-0.42552322473311205,0.0,0.41955887879997206,Normal,Normal,Routine,E002A
2009,109.2440515005504,-0.42551591919415077,0.0,0.3896828745616072,Abnormal,Abnormal,Monitor,E002A
2010,109.24413706119961,-0.4255159388045103,0.0,0.35104376493830647,Abnormal,Abnormal,Monitor,E002A
2011,109.24420744649846,-0.4255194998048358,0.0,0.4139567970674842,Normal,Normal,Routine,E002A
2012,109.24428679090056,-0.42552434787304866,0.0,0.37604135932686095,Abnormal,Abnormal,Monitor,E002A
2013,109.24437529653957,-0.4255224465114135,0.0,0.4401168602116645,Normal,Normal,Routine,E002A
2014,109.24444895268375,-0.4255210716675421,0.0,0.3704208976456097,Abnormal,Abnormal,Monitor,E002A
2015,109.24452811543942,-0.4255188824029818,0.0,0.43024993525452165,Normal,Normal,Routine,E002A
2016,109.2446160297077,-0.42551838438155204,0.0,0.37475433086231685,Abnormal,Abnormal,Monitor,E002A
2017,109.24469447041977,-0.4255154769324974,0.0,0.42128103643628906,Normal,Normal,Routine,E002A
2018,109.24476478392401,-0.4255188344440058,0.0,0.41427971321185214,Normal,Normal,Routine,E002A
2019,109.24484901791722,-0.4255146008028121,0.0,0.3904514935932469,Abnormal,Abnormal,Monitor,E002A
2020,109.24493098412383,-0.4255207227259574,0.0,0.4407680465383931,Normal,Normal,Routine,E002A
2021,109.24501080744093,-0.4255131927896609,0.0,0.4299366215035981,Normal,Normal,Routine,E002A
2022,109.2451707820275,-0.42550973701344225,0.0,0.41433173314229144,Normal,Normal,Routine,E002A
2023,109.24303378097828,-0.42546399501416365,0.0,0.4572765709026676,Normal,Normal,Routine,E002A
2024,109.24311598731438,-0.4254645012835438,0.0,0.4651101842366237,Normal,Normal,Routine,E002A
2025,109.24319446449921,-0.42545494813715085,0.0,0.4380200257216922,Normal,Normal,Routine,E002A
2026,109.24327932601729,-0.4254639418952457,0.0,0.44482538842861885,Normal,Normal,Routine,E002A
2027,109.24336868945797,-0.4254620479745096,0.0,0.464193745660467,Normal,Normal,Routine,E002A
2028,109.2434466461515,-0.4254582379325699,0.0,0.45551661272819843,Normal,Normal,Routine,E002A
2029,109.24352375006544,-0.42545584473674386,0.0,0.46360565383285196,Normal,Normal,Routine,E002A
2030,109.24359530960359,-0.4254504959111489,0.0,0.46732135862335855,Normal,Normal,Routine,E002A
2031,109.24367805607687,-0.42544195565043447,0.0,0.4703974119804285,Normal,Normal,Routine,E002A
2032,109.24377442426645,-0.42544409471214967,0.0,0.46709401404360484,Normal,Normal,Routine,E002A
2033,109.2438628369985,-0.4254477547959884,0.0,0.4291209496177353,Normal,Normal,Routine,E002A
2034,109.24399943514524,-0.42545861241960853,0.0,0.45738900024802065,Normal,Normal,Routine,E002A
2035,109.24409212667638,-0.4254529727238996,0.0,0.43931604778795236,Normal,Normal,Routine,E002A
2036,109.24417001144216,-0.4254495858701543,0.0,0.4049658138102402,Normal,Normal,Routine,E002A
2037,109.24426303805997,-0.4254597408097492,0.0,0.43527806169019895,Normal,Normal,Routine,E002A
2038,109.2443557308452,-0.425452584593684,0.0,0.4219527960933698,Normal,Normal,Routine,E002A
2039,109.2444313285839,-0.4254493328582719,0.0,0.4108755358049452,Normal,Normal,Routine,E002A
2040,109.24452191534314,-0.4254562118500766,0.0,0.4018476515506896,Normal,Normal,Routine,E002A
2041,109.24459658147246,-0.4254613726346153,0.0,0.39071578706184834,Abnormal,Abnormal,Monitor,E002A
2042,109.24468114133624,-0.4254460794357614,0.0,0.38964833024212314,Abnormal,Abnormal,Monitor,E002A
2043,109.24476479820265,-0.4254556688442408,0.0,0.4050158672515063,Normal,Normal,Routine,E002A
2044,109.24485796575712,-0.4254504714502919,0.0,0.4136481270086851,Normal,Normal,Routine,E002A
2045,109.24494077158398,-0.4254537992646377,0.0,0.42324666137532363,Normal,Normal,Routine,E002A
2046,109.2450286022403,-0.4254537045355531,0.0,0.41841178011965824,Normal,Normal,Routine,E002A
2047,109.24512128768792,-0.42544738388190056,0.0,0.45353586708955873,Normal,Normal,Routine,E002A
2048,109.24520691966576,-0.42544202831189804,0.0,0.4056957870909929,Normal,Normal,Routine,E002A
2049,109.24306957978693,-0.4253969735921473,0.0,0.46018010971783735,Normal,Normal,Routine,E002A
2050,109.24316398672418,-0.42538847127813306,0.0,0.4634989580616789,Normal,Normal,Routine,E002A
2051,109.2432400765986,-0.42538552803406293,0.0,0.45327090131531883,Normal,Normal,Routine,E002A
2052,109.24332307315056,-0.4253912161342627,0.0,0.46757589363364693,Normal,Normal,Routine,E002A
2053,109.24340911813893,-0.425390332459448,0.0,0.4316207390515601,Normal,Normal,Routine,E002A
2054,109.24348002398686,-0.4253917838409175,0.0,0.44740895986843054,Normal,Normal,Routine,E002A
2055,109.24355968279623,-0.42538452246037395,0.0,0.444455350285072,Normal,Normal,Routine,E002A
2056,109.24363953358379,-0.4253744198023317,0.0,0.4459727836602453,Normal,Normal,Routine,E002A
2057,109.2437250909662,-0.425388795220866,0.0,0.48366158256764097,Normal,Normal,Routine,E002A
2058,109.24380637466557,-0.4253859426865766,0.0,0.4975944766573769,Normal,Normal,Routine,E002A
2059,109.24389229040206,-0.42539266235692325,0.0,0.4455243868443713,Normal,Normal,Routine,E002A
2060,109.24397296602301,-0.425381660101317,0.0,0.4021397259516212,Normal,Normal,Routine,E002A
2061,109.24422978238063,-0.4253831685425681,0.0,0.4131048020658748,Normal,Normal,Routine,E002A
2062,109.24431868062248,-0.4253770224650166,0.0,0.4082668029871437,Normal,Normal,Routine,E002A
2063,109.24439235800695,-0.4253770393437264,0.0,0.37496920690482066,Abnormal,Abnormal,Monitor,E002A
2064,109.24446982795521,-0.42538083165293805,0.0,0.39301848894261143,Abnormal,Abnormal,Monitor,E002A
2065,109.24455096889919,-0.4253738364624488,0.0,0.38719999526572907,Abnormal,Abnormal,Monitor,E002A
2066,109.24472544427611,-0.42537443619007054,0.0,0.4124560631885431,Normal,Normal,Routine,E002A
2067,109.24481089958645,-0.4253677015188492,0.0,0.40077038413051796,Normal,Normal,Routine,E002A
2068,109.24493720627979,-0.425370551872542,0.0,0.45525145890152635,Normal,Normal,Routine,E002A
2069,109.24499211717463,-0.42537345008047384,0.0,0.4377195079424541,Normal,Normal,Routine,E002A
2070,109.24508159486089,-0.42537118539527746,0.0,0.4456198729617204,Normal,Normal,Routine,E002A
2071,109.2451732323877,-0.42536722563382534,0.0,0.4779463065919558,Normal,Normal,Routine,E002A
2072,109.24303056361265,-0.42533184852189354,0.0,0.4535311584991361,Normal,Normal,Routine,E002A
2073,109.24311840698984,-0.42531084904532634,0.0,0.4664630423425339,Normal,Normal,Routine,E002A
2074,109.24319072765816,-0.425320020783376,0.0,0.43336365974615687,Normal,Normal,Routine,E002A
2075,109.2432721599275,-0.42531549351780823,0.0,0.4520459857993958,Normal,Normal,Routine,E002A
2076,109.24336682117972,-0.4253184894655092,0.0,0.4517384084211511,Normal,Normal,Routine,E002A
2077,109.24345618354062,-0.4253213811074208,0.0,0.42250268365103966,Normal,Normal,Routine,E002A
2078,109.24353117115243,-0.42530692311514734,0.0,0.4545122258041216,Normal,Normal,Routine,E002A
2079,109.2435982550026,-0.4253156324566264,0.0,0.467527415488138,Normal,Normal,Routine,E002A
2080,109.24368524216368,-0.4253113460986922,0.0,0.44725708724394375,Normal,Normal,Routine,E002A
2081,109.24375790531352,-0.4253155885566969,0.0,0.46935362640464845,Normal,Normal,Routine,E002A
2082,109.24384582009192,-0.4253285556080325,0.0,0.4885513238253835,Normal,Normal,Routine,E002A
2083,109.24393737327026,-0.42531201065567126,0.0,0.47197960012318063,Normal,Normal,Routine,E002A
2084,109.24418681919336,-0.42531389178161666,0.0,0.3942614691873904,Abnormal,Abnormal,Monitor,E002A
2085,109.2442535651548,-0.4253113949167525,0.0,0.45891301150105346,Normal,Normal,Routine,E002A
2086,109.24435718130425,-0.42530667829295843,0.0,0.3999462405924111,Abnormal,Abnormal,Monitor,E002A
2087,109.24440709234653,-0.4253057691441458,0.0,0.40206782329028873,Normal,Normal,Routine,E002A
2088,109.24451005025314,-0.4253081873208455,0.0,0.4129171032255997,Normal,Normal,Routine,E002A
2089,109.24459758287963,-0.42531109661773137,0.0,0.4085690340176695,Normal,Normal,Routine,E002A
2090,109.24469258143814,-0.42530443737955126,0.0,0.4223740875756712,Normal,Normal,Routine,E002A
2091,109.2447857464768,-0.4253063731250078,0.0,0.40079454629852834,Normal,Normal,Routine,E002A
2092,109.24494165778547,-0.42530449441556634,0.0,0.3973044299868261,Abnormal,Abnormal,Monitor,E002A
2093,109.24504052691616,-0.42531025938177625,0.0,0.388156466116666,Abnormal,Abnormal,Monitor,E002A
2094,109.24520975014947,-0.425298813468094,0.0,0.41216849285562657,Normal,Normal,Routine,E002A
2095,109.24307192620321,-0.4252534513400219,0.0,0.47725000470223566,Normal,Normal,Routine,E002A
2096,109.24316834115201,-0.42524727986711125,0.0,0.4828928386052402,Normal,Normal,Routine,E002A
2097,109.24324768648684,-0.42524779451287253,0.0,0.43317948672673906,Normal,Normal,Routine,E002A
2098,109.24332120183831,-0.4252610557791473,0.0,0.4406493755254465,Normal,Normal,Routine,E002A
2099,109.24340866471387,-0.42525437674599165,0.0,0.42679112745892644,Normal,Normal,Routine,E002A
2100,109.2434841252707,-0.42525379538864666,0.0,0.42870393427671666,Normal,Normal,Routine,E002A
2101,109.24355970589012,-0.4252466352539433,0.0,0.45163346419415934,Normal,Normal,Routine,E002A
2102,109.243726541856,-0.42524101163672934,0.0,0.44684229982067364,Normal,Normal,Routine,E002A
2103,109.24380580522653,-0.4252386370094482,0.0,0.44541351207018687,Normal,Normal,Routine,E002A
2104,109.24388720432924,-0.4252339152994883,0.0,0.4221439309190259,Normal,Normal,Routine,E002A
2105,109.24397578647293,-0.4252391932094251,0.0,0.4006712196147231,Normal,Normal,Routine,E002A
2106,109.2440670489954,-0.4252487852590998,0.0,0.428807105217968,Normal,Normal,Routine,E002A
2107,109.24416164338213,-0.4252377997468659,0.0,0.4132662222644822,Normal,Normal,Routine,E002A
2108,109.2442260214636,-0.42523541989661734,0.0,0.4186729767927536,Normal,Normal,Routine,E002A
2109,109.24431583269451,-0.42523967531807094,0.0,0.41039435365894533,Normal,Normal,Routine,E002A
2110,109.24440080315861,-0.42523584244522405,0.0,0.3971082897185563,Abnormal,Abnormal,Monitor,E002A
2111,109.24447203828841,-0.4252431356878057,0.0,0.4226077719135685,Normal,Normal,Routine,E002A
2112,109.24455663341284,-0.4252307670068257,0.0,0.39663538932441983,Abnormal,Abnormal,Monitor,E002A
2113,109.2446545681456,-0.4252412630748526,0.0,0.4133910917394512,Normal,Normal,Routine,E002A
2114,109.24473449733343,-0.42523422057439003,0.0,0.39757257982945216,Abnormal,Abnormal,Monitor,E002A
2115,109.2449883451662,-0.42523893856872697,0.0,0.4021726129165316,Normal,Normal,Routine,E002A
2116,109.24508807649926,-0.4252413623261631,0.0,0.4235367745911925,Normal,Normal,Routine,E002A
2117,109.24517744308362,-0.42522989812583845,0.0,0.44216517198740307,Normal,Normal,Routine,E002A
2118,109.24304998794413,-0.42518067435946144,0.0,0.46424117869393805,Normal,Normal,Routine,E002A
2119,109.24310658088433,-0.4251772383170869,0.0,0.4764737514745431,Normal,Normal,Routine,E002A
2120,109.24319456488249,-0.425165989960641,0.0,0.4436003010271548,Normal,Normal,Routine,E002A
2121,109.24327514221896,-0.4251644367443643,0.0,0.39964615034713813,Abnormal,Abnormal,Monitor,E002A
2122,109.2433516893275,-0.4251654200776132,0.0,0.45227622943801754,Normal,Normal,Routine,E002A
2123,109.24344568756524,-0.4251648429641228,0.0,0.4545739129888857,Normal,Normal,Routine,E002A
2124,109.24352268250514,-0.42516766032472464,0.0,0.4384901685008137,Normal,Normal,Routine,E002A
2125,109.24360682652944,-0.42516776008339197,0.0,0.4283907178719934,Normal,Normal,Routine,E002A
2126,109.24369090834753,-0.425164899138788,0.0,0.48084805063851854,Normal,Normal,Routine,E002A
2127,109.24377027012936,-0.4251682532911485,0.0,0.4376332845172928,Normal,Normal,Routine,E002A
2128,109.24384955876289,-0.4251773144831282,0.0,0.3946612656008993,Abnormal,Abnormal,Monitor,E002A
2129,109.24393587331545,-0.4251721905764999,0.0,0.4299042692222372,Normal,Normal,Routine,E002A
2130,109.24401002630258,-0.42517029314984844,0.0,0.4086921434907638,Normal,Normal,Routine,E002A
2131,109.24408608050713,-0.42517031056764765,0.0,0.4038444419624354,Normal,Normal,Routine,E002A
2132,109.24418942665926,-0.4251678220801091,0.0,0.4277895459789515,Normal,Normal,Routine,E002A
2133,109.24426072864101,-0.4251654456212604,0.0,0.4588975445953494,Normal,Normal,Routine,E002A
2134,109.2443600480086,-0.4251621993069309,0.0,0.4138040564976655,Normal,Normal,Routine,E002A
2135,109.24443980571581,-0.42515469919047966,0.0,0.37194796555393095,Abnormal,Abnormal,Monitor,E002A
2136,109.2445252944982,-0.42516275440372175,0.0,0.4224373624064263,Normal,Normal,Routine,E002A
2137,109.2446089526528,-0.4251666023778717,0.0,0.4038257364095207,Normal,Normal,Routine,E002A
2138,109.2446812044847,-0.4251666189190851,0.0,0.3873119275627875,Abnormal,Abnormal,Monitor,E002A
2139,109.2447838794563,-0.4251570712752645,0.0,0.3735436777423199,Abnormal,Abnormal,Monitor,E002A
2140,109.24485422921468,-0.42515900178977195,0.0,0.293233963210328,Suspect,Suspect,Priority Survey,E002A
2141,109.24495500038587,-0.4251590248563298,0.0,0.3980901382617406,Abnormal,Abnormal,Monitor,E002A
2142,109.24521168249225,-0.42516291152283053,0.0,0.42009596286483797,Normal,Normal,Routine,E002A
2143,109.24306521749149,-0.4251002853372133,0.0,0.4506453854538507,Normal,Normal,Routine,E002A
2144,109.24316740622932,-0.42509947679031435,0.0,0.43683740167387325,Normal,Normal,Routine,E002A
2145,109.24324727212834,-0.42509793426011144,0.0,0.42858842653887613,Normal,Normal,Routine,E002A
2146,109.24332647629319,-0.4250951065630158,0.0,0.4181586200679029,Normal,Normal,Routine,E002A
2147,109.24342426691433,-0.4251030452310624,0.0,0.4250574287351545,Normal,Normal,Routine,E002A
2148,109.24348429616384,-0.4251018146604937,0.0,0.4555123311077275,Normal,Normal,Routine,E002A
2149,109.24355468330714,-0.4250970904265625,0.0,0.468196415503581,Normal,Normal,Routine,E002A
2150,109.24363562567471,-0.4250941347128581,0.0,0.44353935772039194,Normal,Normal,Routine,E002A
2151,109.24372407902545,-0.425100856760778,0.0,0.4204821331747647,Normal,Normal,Routine,E002A
2152,109.24380203991844,-0.4251103101136023,0.0,0.45585004338019963,Normal,Normal,Routine,E002A
2153,109.2438749308946,-0.42510412509580686,0.0,0.4440325138573887,Normal,Normal,Routine,E002A
2154,109.2439669085473,-0.4251013048380839,0.0,0.46955775753969475,Normal,Normal,Routine,E002A
2155,109.24405519132672,-0.42509572470383533,0.0,0.3703875378698584,Abnormal,Abnormal,Monitor,E002A
2156,109.24415146089657,-0.4250970905413865,0.0,0.44166758037337467,Normal,Normal,Routine,E002A
2157,109.24422710159796,-0.4250984444203758,0.0,0.4527919649021444,Normal,Normal,Routine,E002A
2158,109.24431441051159,-0.4250974968052366,0.0,0.40976536648159867,Normal,Normal,Routine,E002A
2159,109.24439982050137,-0.42509246311162674,0.0,0.42147986876374777,Normal,Normal,Routine,E002A
2160,109.24446744437977,-0.4250886506761689,0.0,0.398807527015499,Abnormal,Abnormal,Monitor,E002A
2161,109.244564825686,-0.42509156221756406,0.0,0.4227906229740644,Normal,Normal,Routine,E002A
2162,109.24465079774565,-0.42509961753768694,0.0,0.38206682610611925,Abnormal,Abnormal,Monitor,E002A
2163,109.24472747937017,-0.42509389276240594,0.0,0.4102806237289006,Normal,Normal,Routine,E002A
2164,109.24481763402719,-0.4250930109022461,0.0,0.3935897606385856,Abnormal,Abnormal,Monitor,E002A
2165,109.24490188510687,-0.4250886777715482,0.0,0.3990003053028375,Abnormal,Abnormal,Monitor,E002A
2166,109.24499027088518,-0.4250886093775006,0.0,0.4311957675672951,Normal,Normal,Routine,E002A
2167,109.24509571764015,-0.42508440679283427,0.0,0.40996773149403765,Normal,Normal,Routine,E002A
2168,109.24517937711674,-0.4250825115255711,0.0,0.40335735085132995,Normal,Normal,Routine,E002A
2169,109.24304905053258,-0.4250438694211496,0.0,0.45413087789594825,Normal,Normal,Routine,E002A
2170,109.24311940195447,-0.4250381432144999,0.0,0.4448081016665898,Normal,Normal,Routine,E002A
2171,109.24318976524468,-0.4250236353251381,0.0,0.45904832544504504,Normal,Normal,Routine,E002A
2172,109.24328037247578,-0.4250390093317398,0.0,0.4236764589664884,Normal,Normal,Routine,E002A
2173,109.24335592453734,-0.42502699850397396,0.0,0.4663272381258183,Normal,Normal,Routine,E002A
2174,109.24343961259031,-0.4250294755660067,0.0,0.41347056792941517,Normal,Normal,Routine,E002A
2175,109.24351804360364,-0.4250294935280143,0.0,0.47307662219615565,Normal,Normal,Routine,E002A
2176,109.24360838479102,-0.4250336993308874,0.0,0.44299202641770447,Normal,Normal,Routine,E002A
2177,109.24368834759848,-0.42503667833021763,0.0,0.3932968346611492,Abnormal,Abnormal,Monitor,E002A
2178,109.24376107522919,-0.42503382382178867,0.0,0.420346212045003,Normal,Normal,Routine,E002A
2179,109.24384427114973,-0.4250318669694421,0.0,0.40348185881659077,Normal,Normal,Routine,E002A
2180,109.2439236754941,-0.42502577206101294,0.0,0.40337058309669943,Normal,Normal,Routine,E002A
2181,109.24409807711142,-0.4250225474547867,0.0,0.41883698160388527,Normal,Normal,Routine,E002A
2182,109.2442757286539,-0.4250235150337628,0.0,0.4374061066184643,Normal,Normal,Routine,E002A
2183,109.24435800540705,-0.425030642595916,0.0,0.4126924420845326,Normal,Normal,Routine,E002A
2184,109.24453572453086,-0.4250228330160495,0.0,0.41498666300230297,Normal,Normal,Routine,E002A
2185,109.24462118513844,-0.4250244025515651,0.0,0.420791758365757,Normal,Normal,Routine,E002A
2186,109.24470674742942,-0.4250172437719181,0.0,0.4121093426865974,Normal,Normal,Routine,E002A
2187,109.24478542453156,-0.4250176687133605,0.0,0.4164767784936292,Normal,Normal,Routine,E002A
2188,109.24486479654529,-0.42501967272712987,0.0,0.4346807730856403,Normal,Normal,Routine,E002A
2189,109.24495796248776,-0.42502160845659515,0.0,0.4362150995293632,Normal,Normal,Routine,E002A
2190,109.2451328875912,-0.42501973406986593,0.0,0.44833155110938894,Normal,Normal,Routine,E002A
2191,109.24521655012738,-0.42500826855312995,0.0,0.4232522180887545,Normal,Normal,Routine,E002A
2192,109.24307855647746,-0.42496685942966544,0.0,0.4591363346501446,Normal,Normal,Routine,E002A
2193,109.24316456664519,-0.4249649656238649,0.0,0.4780757571578955,Normal,Normal,Routine,E002A
2194,109.24323969488557,-0.4249720788937336,0.0,0.4126054170379484,Normal,Normal,Routine,E002A
2195,109.24332554475197,-0.4249720262100846,0.0,0.41404013268582457,Normal,Normal,Routine,E002A
2196,109.24340635583692,-0.4249576889074829,0.0,0.44907287548123104,Normal,Normal,Routine,E002A
2197,109.243481464162,-0.42496552470907595,0.0,0.4539410188029171,Normal,Normal,Routine,E002A
2198,109.2435426300575,-0.4249548887387888,0.0,0.4568990173818685,Normal,Normal,Routine,E002A
2199,109.24364524118704,-0.4249572661335187,0.0,0.4514085506219042,Normal,Normal,Routine,E002A
2200,109.24372972018861,-0.42495773039211543,0.0,0.3928957055170448,Abnormal,Abnormal,Monitor,E002A
2201,109.2438047244236,-0.42497309268266287,0.0,0.4229881943221134,Normal,Normal,Routine,E002A
2202,109.24389195195648,-0.4249585171998936,0.0,0.4438004931493668,Normal,Normal,Routine,E002A
2203,109.24415170935659,-0.424963487026999,0.0,0.4150392622846147,Normal,Normal,Routine,E002A
2204,109.24422737444036,-0.42494835455282975,0.0,0.4406515371416654,Normal,Normal,Routine,E002A
2205,109.24431149445769,-0.4249474939182334,0.0,0.4411834239512905,Normal,Normal,Routine,E002A
2206,109.24439135106884,-0.42494751219411003,0.0,0.43372399922034216,Normal,Normal,Routine,E002A
2207,109.24456416144275,-0.4249502176269842,0.0,0.4343967696156117,Normal,Normal,Routine,E002A
2208,109.24464972048881,-0.42495741466203785,0.0,0.40829014565966876,Normal,Normal,Routine,E002A
2209,109.24473172047823,-0.424941164100349,0.0,0.379315784203262,Abnormal,Abnormal,Monitor,E002A
2210,109.24482734244064,-0.4249464408867168,0.0,0.3695480420988483,Abnormal,Abnormal,Monitor,E002A
2211,109.24491943172127,-0.4249507058527476,0.0,0.44255580422224133,Normal,Normal,Routine,E002A
2212,109.24499790722781,-0.4249488808355931,0.0,0.40003420120781963,Normal,Normal,Routine,E002A
2213,109.24508727121051,-0.42494890127932433,0.0,0.4334834296800623,Normal,Normal,Routine,E002A
2214,109.24517093460749,-0.4249336078425837,0.0,0.41151476790793506,Normal,Normal,Routine,E002A
2215,109.24304244589214,-0.4249031258510831,0.0,0.44493188071358314,Normal,Normal,Routine,E002A
2216,109.24310623124352,-0.4248960073179715,0.0,0.4528071359941357,Normal,Normal,Routine,E002A
2217,109.24320643723739,-0.42490029224288867,0.0,0.4301230515078675,Normal,Normal,Routine,E002A
2218,109.24328991332891,-0.4248906678715756,0.0,0.4342791701032794,Normal,Normal,Routine,E002A
2219,109.24337613430589,-0.4248940516195001,0.0,0.3963308952029193,Abnormal,Abnormal,Monitor,E002A
2220,109.24346359211658,-0.4248859220651986,0.0,0.4400119049592061,Normal,Normal,Routine,E002A
2221,109.2435445334886,-0.4248873449780766,0.0,0.442768471774594,Normal,Normal,Routine,E002A
2222,109.24360852474672,-0.42488735962742413,0.0,0.4317907324562279,Normal,Normal,Routine,E002A
2223,109.2436869573871,-0.42488019922463816,0.0,0.4082404292714814,Normal,Normal,Routine,E002A
2224,109.2437696643703,-0.4248873965143236,0.0,0.4133863116875537,Normal,Normal,Routine,E002A
2225,109.24385465512866,-0.42488505483300537,0.0,0.4146692171652563,Normal,Normal,Routine,E002A
2226,109.24393555960714,-0.424890815675781,0.0,0.4675175047914783,Normal,Normal,Routine,E002A
2227,109.24401213560206,-0.42487934855183795,0.0,0.4051152060665,Normal,Normal,Routine,E002A
2228,109.24411466428253,-0.42488894225764395,0.0,0.4397409932212429,Normal,Normal,Routine,E002A
2229,109.24419103383464,-0.4248927089764144,0.0,0.4257439168042639,Normal,Normal,Routine,E002A
2230,109.24426822688653,-0.4248775641880559,0.0,0.4432039167636939,Normal,Normal,Routine,E002A
2231,109.24435815300168,-0.42487825575858207,0.0,0.419134495924185,Normal,Normal,Routine,E002A
2232,109.24444296518263,-0.4248831954796499,0.0,0.38978334554489225,Abnormal,Abnormal,Monitor,E002A
2233,109.24452194121356,-0.42488841510327396,0.0,0.393952659817206,Abnormal,Abnormal,Monitor,E002A
2234,109.24461267013574,-0.42488231372737434,0.0,0.416095727760776,Normal,Normal,Routine,E002A
2235,109.24469709587311,-0.4248841479797932,0.0,0.39827487457963756,Abnormal,Abnormal,Monitor,E002A
2236,109.24485971675372,-0.42487663605595155,0.0,0.3547930383334587,Abnormal,Abnormal,Monitor,E002A
2237,109.24504545852281,-0.4248723270335602,0.0,0.40833951737910795,Normal,Normal,Routine,E002A
2238,109.24512341614268,-0.42486468902887725,0.0,0.43300507756090967,Normal,Normal,Routine,E002A
2239,109.24522608681319,-0.424874282757215,0.0,0.40006878660085604,Normal,Normal,Routine,E002A
2240,109.24306161726332,-0.42483373585907797,0.0,0.42466255883775433,Normal,Normal,Routine,E002A
2241,109.24315892146704,-0.4248237176641102,0.0,0.41617471381650384,Normal,Normal,Routine,E002A
2242,109.24323497617384,-0.42482134229104523,0.0,0.42485042916499427,Normal,Normal,Routine,E002A
2243,109.24332319981171,-0.42483085947666926,0.0,0.408150663243837,Normal,Normal,Routine,E002A
2244,109.243408762041,-0.4248237016118907,0.0,0.3874873977702659,Abnormal,Abnormal,Monitor,E002A
2245,109.24348893412973,-0.42482273065664805,0.0,0.4387190182914247,Normal,Normal,Routine,E002A
2246,109.24357146242147,-0.4248256207091961,0.0,0.4578401081534827,Normal,Normal,Routine,E002A
2247,109.24365132191753,-0.4248127183067896,0.0,0.43393858541395397,Normal,Normal,Routine,E002A
2248,109.24374258334008,-0.4248270959092016,0.0,0.4186102015567613,Normal,Normal,Routine,E002A
2249,109.24380960854971,-0.424817061728983,0.0,0.4590179679310075,Normal,Normal,Routine,E002A
2250,109.2438832705069,-0.42481368111999596,0.0,0.43520212818150616,Normal,Normal,Routine,E002A
2251,109.24398190499048,-0.4248041334511721,0.0,0.42152175532112546,Normal,Normal,Routine,E002A
2252,109.24414445543906,-0.4248098985026042,0.0,0.3894366565404803,Abnormal,Abnormal,Monitor,E002A
2253,109.24421957457858,-0.4248017950468448,0.0,0.44146582753872565,Normal,Normal,Routine,E002A
2254,109.24431006876912,-0.424800851763798,0.0,0.42652884239165617,Normal,Normal,Routine,E002A
2255,109.24440020375916,-0.4247994435854781,0.0,0.45704015370566914,Normal,Normal,Routine,E002A
2256,109.24449001419278,-0.4248032712484926,0.0,0.4321947710744681,Normal,Normal,Routine,E002A
2257,109.24456428354917,-0.42480325477898595,0.0,0.41999749205537235,Normal,Normal,Routine,E002A
2258,109.24464999288342,-0.42480524305351347,0.0,0.44219592422345466,Normal,Normal,Routine,E002A
2259,109.24473365190472,-0.4248052621894826,0.0,0.379535277445944,Abnormal,Abnormal,Monitor,E002A
2260,109.24482554328834,-0.4248067454663366,0.0,0.39480350776396406,Abnormal,Abnormal,Monitor,E002A
2261,109.24491808472054,-0.4247976476341687,0.0,0.42553994861932903,Normal,Normal,Routine,E002A
2262,109.24500319469712,-0.4248085928956205,0.0,0.39543140606860133,Abnormal,Abnormal,Monitor,E002A
2263,109.24507925066654,-0.4248009535496852,0.0,0.43938118033111095,Normal,Normal,Routine,E002A
2264,109.2451614227405,-0.42479443512897985,0.0,0.4083662748891337,Normal,Normal,Routine,E002A
2265,109.2430332909728,-0.4247507568868088,0.0,0.4329099201225304,Normal,Normal,Routine,E002A
2266,109.24310696884076,-0.42474838096807044,0.0,0.44570783514311646,Normal,Normal,Routine,E002A
2267,109.24319723735289,-0.42475608639633783,0.0,0.4543709193890517,Normal,Normal,Routine,E002A
2268,109.2432851910097,-0.42475189338206315,0.0,0.43936468933959705,Normal,Normal,Routine,E002A
2269,109.24345673823382,-0.42475092615683707,0.0,0.41292253006864954,Normal,Normal,Routine,E002A
2270,109.24351729056612,-0.42475239323001696,0.0,0.4494412069705756,Normal,Normal,Routine,E002A
2271,109.24360143339356,-0.42475379426163673,0.0,0.397135147223381,Abnormal,Abnormal,Monitor,E002A
2272,109.24368270873329,-0.4247481247952202,0.0,0.4441069587261128,Normal,Normal,Routine,E002A
2273,109.24376683254005,-0.42475821074725617,0.0,0.45322242764802495,Normal,Normal,Routine,E002A
2274,109.24384169481564,-0.4247418925465821,0.0,0.42391903036071216,Normal,Normal,Routine,E002A
2275,109.24393438810932,-0.42473234261106474,0.0,0.4494222944994594,Normal,Normal,Routine,E002A
2276,109.24410727710016,-0.424756645525658,0.0,0.3905570841261959,Abnormal,Abnormal,Monitor,E002A
2277,109.2441768061386,-0.42474914667258734,0.0,0.41764415517230047,Normal,Normal,Routine,E002A
2278,109.24428124876528,-0.42474010582924904,0.0,0.4377009209461418,Normal,Normal,Routine,E002A
2279,109.2443635947741,-0.42474285385348887,0.0,0.43817241464403706,Normal,Normal,Routine,E002A
2280,109.24444537388308,-0.42474203065330357,0.0,0.47341531362128453,Normal,Normal,Routine,E002A
2281,109.24453317842352,-0.4247381079738521,0.0,0.4253092034421738,Normal,Normal,Routine,E002A
2282,109.24460912888595,-0.4247401536977221,0.0,0.39231923434903515,Abnormal,Abnormal,Monitor,E002A
2283,109.24469936710294,-0.42473515635564496,0.0,0.4506354529219129,Normal,Normal,Routine,E002A
2284,109.24478410737183,-0.4247364019708228,0.0,0.41867411024957824,Normal,Normal,Routine,E002A
2285,109.24487488676812,-0.4247415329501684,0.0,0.42564942906306186,Normal,Normal,Routine,E002A
2286,109.24495426070621,-0.4247350138899056,0.0,0.39357875826587124,Abnormal,Abnormal,Monitor,E002A
2287,109.24503028129149,-0.4247249374351263,0.0,0.4508712495708208,Normal,Normal,Routine,E002A
2288,109.24511020771762,-0.4247301744466789,0.0,0.44568175417116895,Normal,Normal,Routine,E002A
2289,109.24520012758276,-0.4247268897754188,0.0,0.4060810547425856,Normal,Normal,Routine,E002A
2290,109.24307187762203,-0.42469334249691476,0.0,0.4628878981144313,Normal,Normal,Routine,E002A
2291,109.24315776250394,-0.42469331784365905,0.0,0.454055163692072,Normal,Normal,Routine,E002A
2292,109.2432463883064,-0.42468408710980965,0.0,0.4372845920395292,Normal,Normal,Routine,E002A
2293,109.24332085540105,-0.4246873008626343,0.0,0.39568755273916284,Abnormal,Abnormal,Monitor,E002A
2294,109.24340159454782,-0.42468123428545157,0.0,0.41034985446256717,Normal,Normal,Routine,E002A
2295,109.24348433059615,-0.4246789924609244,0.0,0.43530722669474,Normal,Normal,Routine,E002A
2296,109.24356721700732,-0.4246791904791201,0.0,0.40998266716458365,Normal,Normal,Routine,E002A
2297,109.24364422350766,-0.4246705946129358,0.0,0.427570136049046,Normal,Normal,Routine,E002A
2298,109.2437312092779,-0.4246764192362213,0.0,0.4130420955329219,Normal,Normal,Routine,E002A
2299,109.2437998879132,-0.4246796289476275,0.0,0.45072533255115854,Normal,Normal,Routine,E002A
2300,109.24387973550664,-0.4246796924304112,0.0,0.4242733774655292,Normal,Normal,Routine,E002A
2301,109.24396725998108,-0.4246867208029152,0.0,0.40528819439756664,Normal,Normal,Routine,E002A
2302,109.24404372879097,-0.424672551587559,0.0,0.395914846222728,Abnormal,Abnormal,Monitor,E002A
2303,109.2441312082746,-0.4246759762997622,0.0,0.3923391475758468,Abnormal,Abnormal,Monitor,E002A
2304,109.24423436427183,-0.42468018953224407,0.0,0.41132861928499814,Normal,Normal,Routine,E002A
2305,109.24431647989992,-0.4246768370712783,0.0,0.4258312268940994,Normal,Normal,Routine,E002A
2306,109.24440260813472,-0.4246774192465305,0.0,0.45868813007077475,Normal,Normal,Routine,E002A
2307,109.24457125278519,-0.42467003890924193,0.0,0.44148138601190867,Normal,Normal,Routine,E002A
2308,109.24466531924469,-0.4246699166355727,0.0,0.46038662379278855,Normal,Normal,Routine,E002A
2309,109.24474643894438,-0.42466550228867317,0.0,0.4297974588330997,Normal,Normal,Routine,E002A
2310,109.24483255470803,-0.42466172661687956,0.0,0.3577109684457292,Abnormal,Abnormal,Monitor,E002A
2311,109.24498925208967,-0.4246554576377555,0.0,0.4134702155429728,Normal,Normal,Routine,E002A
2312,109.2450771405245,-0.4246580341967288,0.0,0.4150147028300955,Normal,Normal,Routine,E002A
2313,109.24517289711683,-0.4246598900148802,0.0,0.3999077689823299,Abnormal,Abnormal,Monitor,E002A
2314,109.24311499895555,-0.4246191362401426,0.0,0.4603660815973892,Normal,Normal,Routine,E002A
2315,109.24321006544537,-0.42462154987574324,0.0,0.4189128110767377,Normal,Normal,Routine,E002A
2316,109.24328046814,-0.42461551258266683,0.0,0.4335527269870972,Normal,Normal,Routine,E002A
2317,109.24335760829588,-0.4246116697644952,0.0,0.42398942757074876,Normal,Normal,Routine,E002A
2318,109.24344602092346,-0.4246116899934438,0.0,0.4272225189757032,Normal,Normal,Routine,E002A
2319,109.2435215999124,-0.4246117072852287,0.0,0.44817475186831235,Normal,Normal,Routine,E002A
2320,109.24360145518986,-0.42461746787855936,0.0,0.4038205488064121,Normal,Normal,Routine,E002A
2321,109.24367560967003,-0.4246088713568707,0.0,0.4365957770468631,Normal,Normal,Routine,E002A
2322,109.24376329457914,-0.4246054939489316,0.0,0.4237322295559475,Normal,Normal,Routine,E002A
2323,109.24383790004349,-0.42461660048359806,0.0,0.4501425398967174,Normal,Normal,Routine,E002A
2324,109.24391662400058,-0.4246002831591658,0.0,0.4748599275059537,Normal,Normal,Routine,E002A
2325,109.24400422750587,-0.42460341309472144,0.0,0.39092127262632304,Abnormal,Abnormal,Monitor,E002A
2326,109.24409458023061,-0.42460434801009805,0.0,0.36139875934621774,Abnormal,Abnormal,Monitor,E002A
2327,109.24417898006485,-0.4246014337526927,0.0,0.4091335763196908,Normal,Normal,Routine,E002A
2328,109.24427903504649,-0.42461039748098584,0.0,0.3987554045650575,Abnormal,Abnormal,Monitor,E002A
2329,109.24435271458171,-0.4246008431834751,0.0,0.4104930353612828,Normal,Normal,Routine,E002A
2330,109.24444302944373,-0.4245984710486084,0.0,0.3859374564510208,Abnormal,Abnormal,Monitor,E002A
2331,109.24451884561765,-0.42459848838426617,0.0,0.4295058826277817,Normal,Normal,Routine,E002A
2332,109.2445987389777,-0.4245988864588483,0.0,0.38054293785658644,Abnormal,Abnormal,Monitor,E002A
2333,109.24478600495956,-0.4245951375279622,0.0,0.4035836495593244,Normal,Normal,Routine,E002A
2334,109.24486299126151,-0.42459665355865334,0.0,0.4246311801716797,Normal,Normal,Routine,E002A
2335,109.24494914411304,-0.4245957336815021,0.0,0.3977095549081539,Abnormal,Abnormal,Monitor,E002A
2336,109.24503411477708,-0.4245871215259153,0.0,0.4350634480760593,Normal,Normal,Routine,E002A
2337,109.2451006621427,-0.42458905114769824,0.0,0.41303235330057103,Normal,Normal,Routine,E002A
2338,109.24520333539974,-0.424587160203758,0.0,0.43276315110648084,Normal,Normal,Routine,E002A
2339,109.24308273891562,-0.4245529474620371,0.0,0.4511446133636661,Normal,Normal,Routine,E002A
2340,109.24316017094183,-0.42455334860334953,0.0,0.46334451361909623,Normal,Normal,Routine,E002A
2341,109.2432504857456,-0.4245509764817492,0.0,0.42434055002849835,Normal,Normal,Routine,E002A
2342,109.24331911911273,-0.42455567285551893,0.0,0.3893773417586099,Abnormal,Abnormal,Monitor,E002A
2343,109.24340753400608,-0.4245456444690328,0.0,0.4273931993358675,Normal,Normal,Routine,E002A
2344,109.24348674847352,-0.4245489099419572,0.0,0.4543360990582823,Normal,Normal,Routine,E002A
2345,109.24356730363434,-0.4245341963693802,0.0,0.47008750765629453,Normal,Normal,Routine,E002A
2346,109.24365281003007,-0.4245356510563725,0.0,0.44212539860869815,Normal,Normal,Routine,E002A
2347,109.24373003888257,-0.4245289217153354,0.0,0.4545075624519719,Normal,Normal,Routine,E002A
2348,109.2438196540158,-0.4245342540874227,0.0,0.4275875261826195,Normal,Normal,Routine,E002A
2349,109.24396158099475,-0.42453191727129413,0.0,0.38178922040591967,Abnormal,Abnormal,Monitor,E002A
2350,109.24406165688295,-0.4245317719561644,0.0,0.41293346788818075,Normal,Normal,Routine,E002A
2351,109.24413184022498,-0.42453460219654776,0.0,0.4338558179032695,Normal,Normal,Routine,E002A
2352,109.24421255085903,-0.42452765118640073,0.0,0.4204610566256314,Normal,Normal,Routine,E002A
2353,109.2443960576213,-0.42453142158595886,0.0,0.4277056719427212,Normal,Normal,Routine,E002A
2354,109.24447658511248,-0.42452007199824404,0.0,0.4208739583508766,Normal,Normal,Routine,E002A
2355,109.24456221733467,-0.4245214109530736,0.0,0.4099868655991633,Normal,Normal,Routine,E002A
2356,109.24465453850823,-0.42451702176912826,0.0,0.3726275104060209,Abnormal,Abnormal,Monitor,E002A
2357,109.24474322488612,-0.42451431918324234,0.0,0.41443738253624945,Normal,Normal,Routine,E002A
2358,109.24498902832472,-0.42451249802925006,0.0,0.4191983992906882,Normal,Normal,Routine,E002A
2359,109.24507316473888,-0.4245067740246201,0.0,0.47010982856690453,Normal,Normal,Routine,E002A
2360,109.2451644984955,-0.42451539030345564,0.0,0.444471317608388,Normal,Normal,Routine,E002A
2361,109.24305762847459,-0.4244777471365257,0.0,0.435975854599973,Normal,Normal,Routine,E002A
2362,109.24312659686652,-0.42448254848459577,0.0,0.42142969031103655,Normal,Normal,Routine,E002A
2363,109.24319821539763,-0.42447439991837843,0.0,0.43582443547913896,Normal,Normal,Routine,E002A
2364,109.24329058011499,-0.42447976005058236,0.0,0.43416350058504655,Normal,Normal,Routine,E002A
2365,109.2433647708766,-0.4244695484512043,0.0,0.42025042968941767,Normal,Normal,Routine,E002A
2366,109.24346070450412,-0.42447464895867165,0.0,0.45332625834872436,Normal,Normal,Routine,E002A
2367,109.24352733700323,-0.42446527934255995,0.0,0.4572938108916188,Normal,Normal,Routine,E002A
2368,109.24359590210139,-0.4244660392648814,0.0,0.43326328423117044,Normal,Normal,Routine,E002A
2369,109.24370772734446,-0.42447010526422396,0.0,0.4402463750960124,Normal,Normal,Routine,E002A
2370,109.24375835383447,-0.4244552826541517,0.0,0.40364212975134117,Normal,Normal,Routine,E002A
2371,109.24393453763057,-0.42446386227487964,0.0,0.4060606559296467,Normal,Normal,Routine,E002A
2372,109.24400575127322,-0.4244548129183008,0.0,0.4084155240337709,Normal,Normal,Routine,E002A
2373,109.2440891680471,-0.42445341585127083,0.0,0.4274913719316121,Normal,Normal,Routine,E002A
2374,109.24426156763711,-0.42443724653200865,0.0,0.4331216491660436,Normal,Normal,Routine,E002A
2375,109.24436855274811,-0.4244305556308373,0.0,0.3279381349588921,Abnormal,Abnormal,Monitor,E002A
2376,109.24445423795096,-0.4244319461400683,0.0,0.3742527608716949,Abnormal,Abnormal,Monitor,E002A
2377,109.2445171251391,-0.4244324841054769,0.0,0.3938314998128412,Abnormal,Abnormal,Monitor,E002A
2378,109.2446063463501,-0.4244281529890041,0.0,0.37381023384056183,Abnormal,Abnormal,Monitor,E002A
2379,109.2446867927574,-0.42443781305834277,0.0,0.4189786540338206,Normal,Normal,Routine,E002A
2380,109.24478537165798,-0.4244438672917422,0.0,0.3711853676435823,Abnormal,Abnormal,Monitor,E002A
2381,109.24485704891934,-0.42443845785029116,0.0,0.43311141916111306,Normal,Normal,Routine,E002A
2382,109.24494984453044,-0.4244374535749341,0.0,0.4056847426715914,Normal,Normal,Routine,E002A
2383,109.24503414844412,-0.42443782099534005,0.0,0.4002022034647802,Normal,Normal,Routine,E002A
2384,109.24513070227316,-0.4244455540547467,0.0,0.4310567342740847,Normal,Normal,Routine,E002A
2385,109.24521204502597,-0.4244598922902739,0.0,0.3956366025070212,Abnormal,Abnormal,Monitor,E002A
2386,109.24315378556972,-0.42441203717455245,0.0,0.46002684326859206,Normal,Normal,Routine,E002A
2387,109.24324974794406,-0.4244170770993954,0.0,0.4385498418361083,Normal,Normal,Routine,E002A
2388,109.24331487465481,-0.42440493635580206,0.0,0.44127527520875937,Normal,Normal,Routine,E002A
2389,109.24340899164238,-0.4244035218469254,0.0,0.4370655109493932,Normal,Normal,Routine,E002A
2390,109.24347548093004,-0.4243998312185962,0.0,0.4411670930869151,Normal,Normal,Routine,E002A
2391,109.24356846833682,-0.42440044751354694,0.0,0.435275400708131,Normal,Normal,Routine,E002A
2392,109.24364856327682,-0.4243990306992422,0.0,0.41091298232344736,Normal,Normal,Routine,E002A
2393,109.24372271543464,-0.4244007224233779,0.0,0.43306742525787834,Normal,Normal,Routine,E002A
2394,109.24382622641171,-0.4244001230252265,0.0,0.42712700489400207,Normal,Normal,Routine,E002A
2395,109.2438920686146,-0.424393966209738,0.0,0.43275548622830784,Normal,Normal,Routine,E002A
2396,109.24397050018038,-0.4243915913542206,0.0,0.43389667824237277,Normal,Normal,Routine,E002A
2397,109.24404710698947,-0.424386850423377,0.0,0.4138491254667602,Normal,Normal,Routine,E002A
2398,109.24413886046803,-0.424390241735551,0.0,0.4227190262888773,Normal,Normal,Routine,E002A
2399,109.24431235804836,-0.4243926741793676,0.0,0.4402207937304399,Normal,Normal,Routine,E002A
2400,109.24439863076702,-0.42439783847970725,0.0,0.42049808426125274,Normal,Normal,Routine,E002A
2401,109.24446769942318,-0.4243884477014407,0.0,0.43573695530470175,Normal,Normal,Routine,E002A
2402,109.24456262686822,-0.42437837556064,0.0,0.41099528671205937,Normal,Normal,Routine,E002A
2403,109.24465959475347,-0.42438222654060687,0.0,0.4503778298093092,Normal,Normal,Routine,E002A
2404,109.24491181311807,-0.42437482095409734,0.0,0.39547196814605784,Abnormal,Abnormal,Monitor,E002A
2405,109.24499803503873,-0.42438230387153053,0.0,0.38047327373136564,Abnormal,Abnormal,Monitor,E002A
2406,109.24507982966796,-0.42438047958776187,0.0,0.44356808904837763,Normal,Normal,Routine,E002A
2407,109.24515965017555,-0.4243813840406786,0.0,0.42811567870935857,Normal,Normal,Routine,E002A
2408,109.24304851261995,-0.42435114538352425,0.0,0.43252879992096066,Normal,Normal,Routine,E002A
2409,109.24311030829838,-0.4243439811611822,0.0,0.4636315949612357,Normal,Normal,Routine,E002A
2410,109.24321168908365,-0.4243449294475964,0.0,0.4265911166016404,Normal,Normal,Routine,E002A
2411,109.24329349953102,-0.42434032988119597,0.0,0.4306988123749498,Normal,Normal,Routine,E002A
2412,109.24337335706392,-0.42433604094717053,0.0,0.41568926489106395,Normal,Normal,Routine,E002A
2413,109.24346034574741,-0.42432888338496516,0.0,0.424071338433684,Normal,Normal,Routine,E002A
2414,109.24353025636168,-0.42432608246542564,0.0,0.4416531615773131,Normal,Normal,Routine,E002A
2415,109.2436054034863,-0.42432917337187703,0.0,0.42653642704961103,Normal,Normal,Routine,E002A
2416,109.24368222688491,-0.4243199136903235,0.0,0.4471910678131822,Normal,Normal,Routine,E002A
2417,109.24376573598856,-0.42431929886425523,0.0,0.4308627077153608,Normal,Normal,Routine,E002A
2418,109.2438567024283,-0.4243272748128045,0.0,0.4547316298260501,Normal,Normal,Routine,E002A
2419,109.24391411701963,-0.42432510856638683,0.0,0.4324994570342824,Normal,Normal,Routine,E002A
2420,109.24400145208631,-0.42432359844798356,0.0,0.41616338904390543,Normal,Normal,Routine,E002A
2421,109.24409847209259,-0.4243232390071102,0.0,0.4040404807413178,Normal,Normal,Routine,E002A
2422,109.24417214999794,-0.4243208630597912,0.0,0.3959642883324244,Abnormal,Abnormal,Monitor,E002A
2423,109.24425183155977,-0.4243203196978236,0.0,0.4286944212122843,Normal,Normal,Routine,E002A
2424,109.2444371885212,-0.4243132289107509,0.0,0.404461365124826,Normal,Normal,Routine,E002A
2425,109.24452088223003,-0.42431471300637147,0.0,0.40663405437876976,Normal,Normal,Routine,E002A
2426,109.24460066561248,-0.4243247888993547,0.0,0.41848129300421844,Normal,Normal,Routine,E002A
2427,109.24469253453307,-0.42431030847880075,0.0,0.42184901090537075,Normal,Normal,Routine,E002A
2428,109.24486215962698,-0.4243090839192347,0.0,0.3973009374917573,Abnormal,Abnormal,Monitor,E002A
2429,109.24495342822817,-0.42429187778439664,0.0,0.42777318154369387,Normal,Normal,Routine,E002A
2430,109.2450493908972,-0.4243000085954909,0.0,0.3870419202713637,Abnormal,Abnormal,Monitor,E002A
2431,109.24513495071629,-0.4243038560562129,0.0,0.451611013069579,Normal,Normal,Routine,E002A
2432,109.2452039925219,-0.42429812949682,0.0,0.37938939518812503,Abnormal,Abnormal,Monitor,E002A
2433,109.24308417861275,-0.42427937451092673,0.0,0.4387732274143662,Normal,Normal,Routine,E002A
2434,109.24316106718135,-0.4242678278683315,0.0,0.4163220376581276,Normal,Normal,Routine,E002A
2435,109.2432494794719,-0.42426928321165913,0.0,0.4576886526676787,Normal,Normal,Routine,E002A
2436,109.24332844016692,-0.42425463347229564,0.0,0.39649072146143394,Abnormal,Abnormal,Monitor,E002A
2437,109.24340505468221,-0.4242633928834693,0.0,0.44281067921011963,Normal,Normal,Routine,E002A
2438,109.24347639145151,-0.42426192884780123,0.0,0.4105368752737303,Normal,Normal,Routine,E002A
2439,109.2435644868613,-0.4242585370511072,0.0,0.4635709237573243,Normal,Normal,Routine,E002A
2440,109.24365287124543,-0.42426432580331397,0.0,0.40120651875657476,Normal,Normal,Routine,E002A
2441,109.24373294606572,-0.42425255561196057,0.0,0.4549636643363121,Normal,Normal,Routine,E002A
2442,109.24381430016135,-0.42425614349052515,0.0,0.4160544737860247,Normal,Normal,Routine,E002A
2443,109.24388316734182,-0.4242557803272217,0.0,0.4581047242630993,Normal,Normal,Routine,E002A
2444,109.24396063999447,-0.42425142844011604,0.0,0.4023746565905029,Normal,Normal,Routine,E002A
2445,109.24403815590857,-0.42425043423952125,0.0,0.3914227613892693,Abnormal,Abnormal,Monitor,E002A
2446,109.24413055688576,-0.4242465469561914,0.0,0.37321377283842155,Abnormal,Abnormal,Monitor,E002A
2447,109.24421189216906,-0.42424998471238634,0.0,0.4019955872398178,Normal,Normal,Routine,E002A
2448,109.24430729573841,-0.4242436573979431,0.0,0.4557187806751162,Normal,Normal,Routine,E002A
2449,109.2443773110332,-0.42424284505320464,0.0,0.392426991250089,Abnormal,Abnormal,Monitor,E002A
2450,109.24456551041929,-0.42423852659435113,0.0,0.4106182142529004,Normal,Normal,Routine,E002A
2451,109.24464664938377,-0.42424823022046804,0.0,0.3533925524354877,Abnormal,Abnormal,Monitor,E002A
2452,109.24473805917192,-0.42423425881322624,0.0,0.3938601780235051,Abnormal,Abnormal,Monitor,E002A
2453,109.24481934038533,-0.4242385845773568,0.0,0.35246140548493016,Abnormal,Abnormal,Monitor,E002A
2454,109.24489729709742,-0.4242348938343804,0.0,0.37726433729303294,Abnormal,Abnormal,Monitor,E002A
2455,109.2449904638958,-0.4242330007026136,0.0,0.4310747125897721,Normal,Normal,Routine,E002A
2456,109.24517738813974,-0.4242311298853485,0.0,0.4691756217104198,Normal,Normal,Routine,E002A
2457,109.24304415251231,-0.4241874077194531,0.0,0.45567013101622095,Normal,Normal,Routine,E002A
2458,109.24311545267825,-0.42418886005250445,0.0,0.450444545416564,Normal,Normal,Routine,E002A
2459,109.24320101197443,-0.4241946219345563,0.0,0.47177738170479194,Normal,Normal,Routine,E002A
2460,109.24328640740107,-0.42418219011002795,0.0,0.43079488709036634,Normal,Normal,Routine,E002A
2461,109.24337196428371,-0.42418674022397856,0.0,0.42879781349261004,Normal,Normal,Routine,E002A
2462,109.24345039593321,-0.4241838869894692,0.0,0.41659245374826526,Normal,Normal,Routine,E002A
2463,109.24354165993316,-0.4241867790105435,0.0,0.4592894702925718,Normal,Normal,Routine,E002A
2464,109.24361866480658,-0.42418536148112096,0.0,0.4225729435171707,Normal,Normal,Routine,E002A
2465,109.24369884927343,-0.4241892601706686,0.0,0.4126332402676926,Normal,Normal,Routine,E002A
2466,109.24377764968341,-0.4241843922294318,0.0,0.42027134131405547,Normal,Normal,Routine,E002A
2467,109.24385562306534,-0.4241862530174445,0.0,0.45754578713180066,Normal,Normal,Routine,E002A
2468,109.2439079103539,-0.4241838721795117,0.0,0.458307235143118,Normal,Normal,Routine,E002A
2469,109.24399538961912,-0.4241882165462793,0.0,0.3796888029990861,Abnormal,Abnormal,Monitor,E002A
2470,109.2441806590498,-0.42417479380171164,0.0,0.4071200272325356,Normal,Normal,Routine,E002A
2471,109.24426770802293,-0.42417529296959217,0.0,0.39730222528133263,Abnormal,Abnormal,Monitor,E002A
2472,109.24435566116375,-0.42416959153498557,0.0,0.39649153334084714,Abnormal,Abnormal,Monitor,E002A
2473,109.24442149710848,-0.42417532810174036,0.0,0.3875508109698699,Abnormal,Abnormal,Monitor,E002A
2474,109.24452141906323,-0.4241687585545867,0.0,0.4086014579961453,Normal,Normal,Routine,E002A
2475,109.24460688111337,-0.4241638857933061,0.0,0.4380316973376725,Normal,Normal,Routine,E002A
2476,109.24468959000247,-0.42416677584752754,0.0,0.44631641674635825,Normal,Normal,Routine,E002A
2477,109.24478085471061,-0.42416679669131496,0.0,0.4118758759699068,Normal,Normal,Routine,E002A
2478,109.244874495153,-0.4241717230193206,0.0,0.38038531219472693,Abnormal,Abnormal,Monitor,E002A
2479,109.24496385908527,-0.42416791460543585,0.0,0.37407881870435983,Abnormal,Abnormal,Monitor,E002A
2480,109.24503611350936,-0.4241564464482433,0.0,0.42636560599486223,Normal,Normal,Routine,E002A
2481,109.24512167418898,-0.42415646598499346,0.0,0.4455401816997253,Normal,Normal,Routine,E002A
2482,109.24520205255926,-0.4241492435773017,0.0,0.3991576332827004,Abnormal,Abnormal,Monitor,E002A
2483,109.24307442559136,-0.4241181568072011,0.0,0.4380412103623903,Normal,Normal,Routine,E002A
2484,109.24314976340202,-0.4241200405083272,0.0,0.4507744773429616,Normal,Normal,Routine,E002A
2485,109.24324866993643,-0.4241187952821575,0.0,0.4347800691701615,Normal,Normal,Routine,E002A
2486,109.24332788247457,-0.42411065295729017,0.0,0.4125852060027676,Normal,Normal,Routine,E002A
2487,109.24341618723122,-0.4241149712897239,0.0,0.42659936272181,Normal,Normal,Routine,E002A
2488,109.24350174103787,-0.4241451375881185,0.0,0.4475942828524819,Normal,Normal,Routine,E002A
2489,109.24356164026123,-0.42411500452903084,0.0,0.38447237665718326,Abnormal,Abnormal,Monitor,E002A
2490,109.24364932710057,-0.424103013613544,0.0,0.39654766644898676,Abnormal,Abnormal,Monitor,E002A
2491,109.24382041148559,-0.424107125684755,0.0,0.4049386220244754,Normal,Normal,Routine,E002A
2492,109.24389841192372,-0.4241005429969603,0.0,0.46162388250769043,Normal,Normal,Routine,E002A
2493,109.24395829552739,-0.4241078688731978,0.0,0.3824552371383285,Abnormal,Abnormal,Monitor,E002A
2494,109.24402938497593,-0.424107801917895,0.0,0.39056390634819527,Abnormal,Abnormal,Monitor,E002A
2495,109.24413201054087,-0.4241059896262678,0.0,0.39854736099014054,Abnormal,Abnormal,Monitor,E002A
2496,109.24421046337426,-0.4241049359477755,0.0,0.3900547946507729,Abnormal,Abnormal,Monitor,E002A
2497,109.24430849973216,-0.4240908665821186,0.0,0.450622610421544,Normal,Normal,Routine,E002A
2498,109.24439975529592,-0.42409151772405884,0.0,0.41122255938005176,Normal,Normal,Routine,E002A
2499,109.24448256399744,-0.4240939022941532,0.0,0.4282552874364268,Normal,Normal,Routine,E002A
2500,109.24455555247708,-0.4240935753277372,0.0,0.3773259062708301,Abnormal,Abnormal,Monitor,E002A
2501,109.24465538320695,-0.4240892466172239,0.0,0.40044536292195176,Normal,Normal,Routine,E002A
2502,109.24473714211848,-0.4240863941232521,0.0,0.3993889111493635,Abnormal,Abnormal,Monitor,E002A
2503,109.24481797515372,-0.42408645689149166,0.0,0.4219597902839411,Normal,Normal,Routine,E002A
2504,109.24491444244222,-0.4240875107281082,0.0,0.4173882699672044,Normal,Normal,Routine,E002A
2505,109.2449962024429,-0.4240798735604596,0.0,0.4013254390478349,Normal,Normal,Routine,E002A
2506,109.24508068232882,-0.42408860671791804,0.0,0.4278051031179482,Normal,Normal,Routine,E002A
2507,109.24515643399265,-0.42408798195607716,0.0,0.451687370425554,Normal,Normal,Routine,E002A
2508,109.2430556698453,-0.4240574656686727,0.0,0.43030516383778145,Normal,Normal,Routine,E002A
2509,109.24311848716728,-0.42404892984267345,0.0,0.4605914225921671,Normal,Normal,Routine,E002A
2510,109.24320727452539,-0.42405218844151865,0.0,0.42580586724648,Normal,Normal,Routine,E002A
2511,109.24329641760613,-0.42404747116988717,0.0,0.41963204161540885,Normal,Normal,Routine,E002A
2512,109.24336629164527,-0.42404748713657686,0.0,0.4324638973434754,Normal,Normal,Routine,E002A
2513,109.24344901946654,-0.42404185324211224,0.0,0.4278979928248931,Normal,Normal,Routine,E002A
2514,109.24352887661378,-0.4240432722533982,0.0,0.43948529304933176,Normal,Normal,Routine,E002A
2515,109.24361125777314,-0.42403735070894816,0.0,0.4326154670296702,Normal,Normal,Routine,E002A
2516,109.2436941647075,-0.424030182249316,0.0,0.4335156049695518,Normal,Normal,Routine,E002A
2517,109.24377483035109,-0.4240393983435284,0.0,0.4387066048086406,Normal,Normal,Routine,E002A
2518,109.24383621346387,-0.4240294804049542,0.0,0.44383362572317797,Normal,Normal,Routine,E002A
2519,109.24416169659956,-0.42402678577203645,0.0,0.3994976449914339,Abnormal,Abnormal,Monitor,E002A
2520,109.2442599065044,-0.42403581777517674,0.0,0.3970344632926702,Abnormal,Abnormal,Monitor,E002A
2521,109.24435022892213,-0.4240317536642015,0.0,0.39727219300802286,Abnormal,Abnormal,Monitor,E002A
2522,109.2444413530432,-0.4240297316519092,0.0,0.3833552125069472,Abnormal,Abnormal,Monitor,E002A
2523,109.24451136956284,-0.4240274832642683,0.0,0.40042616705081824,Normal,Normal,Routine,E002A
2524,109.24460263555433,-0.4240217617765557,0.0,0.39830583191541424,Abnormal,Abnormal,Monitor,E002A
2525,109.24467681379518,-0.42402744960044614,0.0,0.3938079097086795,Abnormal,Abnormal,Monitor,E002A
2526,109.24478231294104,-0.4240218027997328,0.0,0.35066252332723474,Abnormal,Abnormal,Monitor,E002A
2527,109.24484906981893,-0.42401873436504983,0.0,0.4123690724641353,Normal,Normal,Routine,E002A
2528,109.24494212380874,-0.42401515738394135,0.0,0.39782610058605494,Abnormal,Abnormal,Monitor,E002A
2529,109.24501485740996,-0.4240218549827627,0.0,0.39855864166569643,Abnormal,Abnormal,Monitor,E002A
2530,109.24510186625662,-0.4240172185842606,0.0,0.4444708219887471,Normal,Normal,Routine,E002A
2531,109.2452053647348,-0.42402058361055306,0.0,0.4169744969792966,Normal,Normal,Routine,E002A
2532,109.24306297201689,-0.42396538309535464,0.0,0.41065913468321963,Normal,Normal,Routine,E002A
2533,109.24315482659603,-0.42396236291313855,0.0,0.42073495558560053,Normal,Normal,Routine,E002A
2534,109.24321186569487,-0.4239681182682052,0.0,0.34904933482614303,Abnormal,Abnormal,Monitor,E002A
2535,109.24332565159865,-0.4239732580977544,0.0,0.3919740334103967,Abnormal,Abnormal,Monitor,E002A
2536,109.24339409975364,-0.4239747097685988,0.0,0.3414795335419151,Abnormal,Abnormal,Monitor,E002A
2537,109.24349389568259,-0.42396907072658907,0.0,0.45036587398415323,Normal,Normal,Routine,E002A
2538,109.24356612257574,-0.4239718860437094,0.0,0.4606848907169905,Normal,Normal,Routine,E002A
2539,109.2436502569774,-0.4239747764245826,0.0,0.44849656460558524,Normal,Normal,Routine,E002A
2540,109.2437355512295,-0.423964935387058,0.0,0.4426933080807923,Normal,Normal,Routine,E002A
2541,109.24380051439132,-0.42396906028250964,0.0,0.4547122820182605,Normal,Normal,Routine,E002A
2542,109.24402939064146,-0.423967078777341,0.0,0.39282788437886007,Abnormal,Abnormal,Monitor,E002A
2543,109.24412350992371,-0.4239556156198593,0.0,0.3661617917541122,Abnormal,Abnormal,Monitor,E002A
2544,109.24431394199004,-0.4239610333781762,0.0,0.4253751733847146,Normal,Normal,Routine,E002A
2545,109.24437979554511,-0.42396036023953254,0.0,0.4305506746212808,Normal,Normal,Routine,E002A
2546,109.24447288137515,-0.4239628728485359,0.0,0.3884429013003691,Abnormal,Abnormal,Monitor,E002A
2547,109.24456272115528,-0.42396002219608564,0.0,0.40657766715310384,Normal,Normal,Routine,E002A
2548,109.24463687437003,-0.4239571679612835,0.0,0.37943356106168974,Abnormal,Abnormal,Monitor,E002A
2549,109.24472514266454,-0.4239521538536024,0.0,0.3557856087476471,Abnormal,Abnormal,Monitor,E002A
2550,109.24480501289919,-0.4239555306689645,0.0,0.393822920973366,Abnormal,Abnormal,Monitor,E002A
2551,109.2448964081387,-0.42395830423099945,0.0,0.36285006230329425,Abnormal,Abnormal,Monitor,E002A
2552,109.2449905279308,-0.4239487545637621,0.0,0.4109575940355887,Normal,Normal,Routine,E002A
2553,109.24506433810177,-0.42395352081270093,0.0,0.42318691404608005,Normal,Normal,Routine,E002A
2554,109.2451540455313,-0.42394017929403244,0.0,0.46631418937535946,Normal,Normal,Routine,E002A
2555,109.24306107230613,-0.4238930474863452,0.0,0.41008494841396753,Normal,Normal,Routine,E002A
2556,109.2431195392277,-0.42388875364939393,0.0,0.39422925255984415,Abnormal,Abnormal,Monitor,E002A
2557,109.24319669414584,-0.4238950688395865,0.0,0.42945382660991854,Normal,Normal,Routine,E002A
2558,109.24328014104925,-0.4239072652438486,0.0,0.4143717829731668,Normal,Normal,Routine,E002A
2559,109.24335704613225,-0.42391013588705245,0.0,0.3854869545741495,Abnormal,Abnormal,Monitor,E002A
2560,109.24353751913304,-0.4239067841655848,0.0,0.42288358169044993,Normal,Normal,Routine,E002A
2561,109.24359832208455,-0.4238962755834432,0.0,0.39618018732991384,Abnormal,Abnormal,Monitor,E002A
2562,109.24368102970423,-0.42390060076364455,0.0,0.4288557371517732,Normal,Normal,Routine,E002A
2563,109.24377486076416,-0.42390445282021666,0.0,0.40036901957854815,Normal,Normal,Routine,E002A
2564,109.24384188240371,-0.4239102104505033,0.0,0.38523624151542984,Abnormal,Abnormal,Monitor,E002A
2565,109.24391033316506,-0.4239001774655837,0.0,0.42587593644544075,Normal,Normal,Routine,E002A
2566,109.24407646374151,-0.42389961675130516,0.0,0.38592002406317966,Abnormal,Abnormal,Monitor,E002A
2567,109.24415782770623,-0.4238953371753377,0.0,0.4149600133622208,Normal,Normal,Routine,E002A
2568,109.24441783764658,-0.4238878085259906,0.0,0.39173047544004397,Abnormal,Abnormal,Monitor,E002A
2569,109.24450148806329,-0.42389403475991644,0.0,0.391566776762698,Abnormal,Abnormal,Monitor,E002A
2570,109.2445941798657,-0.4238911847547553,0.0,0.4489475808293524,Normal,Normal,Routine,E002A
2571,109.24468680072323,-0.4238882714307581,0.0,0.43571671966102093,Normal,Normal,Routine,E002A
2572,109.24475667481329,-0.42388828737882467,0.0,0.3964195720451285,Abnormal,Abnormal,Monitor,E002A
2573,109.24484492433254,-0.42387891180566656,0.0,0.3752266669090694,Abnormal,Abnormal,Monitor,E002A
2574,109.24494110757884,-0.4238807930041846,0.0,0.4324076982895629,Normal,Normal,Routine,E002A
2575,109.24502968661399,-0.4238801042439942,0.0,0.39133787501294787,Abnormal,Abnormal,Monitor,E002A
2576,109.24512032039642,-0.4238737007520075,0.0,0.4564798408293459,Normal,Normal,Routine,E002A
2577,109.2452034967059,-0.42387128172779664,0.0,0.4128016726958505,Normal,Normal,Routine,E002A
2578,109.24308867888386,-0.4238296124346707,0.0,0.41455753544727864,Normal,Normal,Routine,E002A
2579,109.24314750526675,-0.42382066061399526,0.0,0.45377708343494116,Normal,Normal,Routine,E002A
2580,109.243226183535,-0.42383150851476553,0.0,0.43340996186761144,Normal,Normal,Routine,E002A
2581,109.24329748370516,-0.423832959928295,0.0,0.4054913891594738,Normal,Normal,Routine,E002A
2582,109.24339104094712,-0.4238240730080675,0.0,0.444129442726793,Normal,Normal,Routine,E002A
2583,109.24347565329762,-0.4238266243794419,0.0,0.3838781044400972,Abnormal,Abnormal,Monitor,E002A
2584,109.24357095767822,-0.42382975604134615,0.0,0.40743709281645435,Normal,Normal,Routine,E002A
2585,109.24366079838354,-0.42382259910364134,0.0,0.3943321250529127,Abnormal,Abnormal,Monitor,E002A
2586,109.24372639517637,-0.4238211780486673,0.0,0.40219043504179613,Normal,Normal,Routine,E002A
2587,109.24381625872489,-0.42382828739893863,0.0,0.38427968292801945,Abnormal,Abnormal,Monitor,E002A
2588,109.24420773770315,-0.4238192460233815,0.0,0.40859841373908684,Normal,Normal,Routine,E002A
2589,109.24429976238207,-0.42382299637620613,0.0,0.3777159365399488,Abnormal,Abnormal,Monitor,E002A
2590,109.24446009834094,-0.42381792094564474,0.0,0.3831185429912655,Abnormal,Abnormal,Monitor,E002A
2591,109.24454827598929,-0.4238164968978581,0.0,0.4025487431573166,Normal,Normal,Routine,E002A
2592,109.24464403623556,-0.4238179186138551,0.0,0.3980728106351361,Abnormal,Abnormal,Monitor,E002A
2593,109.2447296701258,-0.4238078624060718,0.0,0.3540072066758107,Abnormal,Abnormal,Monitor,E002A
2594,109.24481515917142,-0.42381077930249667,0.0,0.419527084172309,Normal,Normal,Routine,E002A
2595,109.2448963915964,-0.42381236590065713,0.0,0.3812234411815981,Abnormal,Abnormal,Monitor,E002A
2596,109.24498295434722,-0.4238061522866296,0.0,0.4058789672633842,Normal,Normal,Routine,E002A
2597,109.24507070655893,-0.42381128252805983,0.0,0.4377080611560656,Normal,Normal,Routine,E002A
2598,109.24518259639197,-0.42380811134149265,0.0,0.43109954010954293,Normal,Normal,Routine,E002A
2599,109.24310102930934,-0.42376956955355083,0.0,0.4432077679393029,Normal,Normal,Routine,E002A
2600,109.24320021126245,-0.42375789233524475,0.0,0.42226969480048726,Normal,Normal,Routine,E002A
2601,109.2432843437768,-0.4237650889995159,0.0,0.41488739633474314,Normal,Normal,Routine,E002A
2602,109.24335564394846,-0.42376654131430097,0.0,0.4304441707035561,Normal,Normal,Routine,E002A
2603,109.24344631619572,-0.423768461959401,0.0,0.41457022525435067,Normal,Normal,Routine,E002A
2604,109.24353284164887,-0.42376801690454163,0.0,0.45459367858421207,Normal,Normal,Routine,E002A
2605,109.24360234510259,-0.42376229044997293,0.0,0.3662523142243692,Abnormal,Abnormal,Monitor,E002A
2606,109.24398950924406,-0.423758909929721,0.0,0.41716065225783105,Normal,Normal,Routine,E002A
2607,109.24407328391702,-0.4237517723964738,0.0,0.3703354744939833,Abnormal,Abnormal,Monitor,E002A
2608,109.24415572812335,-0.42374918229909947,0.0,0.3967962951425388,Abnormal,Abnormal,Monitor,E002A
2609,109.24424408784836,-0.42374491425946276,0.0,0.4364350784261401,Normal,Normal,Routine,E002A
2610,109.2443365764781,-0.423738731846163,0.0,0.4264994260781656,Normal,Normal,Routine,E002A
2611,109.24441440265555,-0.42375214776538944,0.0,0.43962969872011415,Normal,Normal,Routine,E002A
2612,109.2445018764578,-0.4237409498430006,0.0,0.39404588326131207,Abnormal,Abnormal,Monitor,E002A
2613,109.24459268499339,-0.42374422696079633,0.0,0.4331720673017674,Normal,Normal,Routine,E002A
2614,109.24468249704022,-0.42373689637025624,0.0,0.3714372885073177,Abnormal,Abnormal,Monitor,E002A
2615,109.24476574265408,-0.4237417542917538,0.0,0.4044749010153034,Normal,Normal,Routine,E002A
2616,109.24484189183462,-0.4237429183221886,0.0,0.38553236328440604,Abnormal,Abnormal,Monitor,E002A
2617,109.24493667539365,-0.42373359848952713,0.0,0.41394942580795974,Normal,Normal,Routine,E002A
2618,109.24511159570105,-0.4237289432469619,0.0,0.4267347961100203,Normal,Normal,Routine,E002A
2619,109.24520121569849,-0.4237249060780811,0.0,0.42893173082261105,Normal,Normal,Routine,E002A
2620,109.24307496857337,-0.4236938897403787,0.0,0.43057262627783127,Normal,Normal,Routine,E002A
2621,109.24315174026385,-0.4236947157174451,0.0,0.45153464835148316,Normal,Normal,Routine,E002A
2622,109.24323699124938,-0.4236894061267294,0.0,0.43932366429362446,Normal,Normal,Routine,E002A
2623,109.24331499283642,-0.42369354122699726,0.0,0.4610387452360036,Normal,Normal,Routine,E002A
2624,109.24340557124064,-0.4236933376400356,0.0,0.3992155396726922,Abnormal,Abnormal,Monitor,E002A
2625,109.24350254218378,-0.423683311164236,0.0,0.45230002949411646,Normal,Normal,Routine,E002A
2626,109.24366795863625,-0.42369052637817084,0.0,0.41208351026920853,Normal,Normal,Routine,E002A
2627,109.2437449644797,-0.4236848016315409,0.0,0.40207241596886256,Normal,Normal,Routine,E002A
2628,109.24379781293986,-0.42369546367183775,0.0,0.4069652520578951,Normal,Normal,Routine,E002A
2629,109.24388479483609,-0.4236825899715348,0.0,0.452709804848395,Normal,Normal,Routine,E002A
2630,109.24395458844246,-0.42368484947693613,0.0,0.3970964839695954,Abnormal,Abnormal,Monitor,E002A
2631,109.24404324952792,-0.42368656618438,0.0,0.41057563269414066,Normal,Normal,Routine,E002A
2632,109.24411170061663,-0.42367509715485796,0.0,0.4159972700181308,Normal,Normal,Routine,E002A
2633,109.24420057625447,-0.4236814367074925,0.0,0.3786556927898313,Abnormal,Abnormal,Monitor,E002A
2634,109.24429907221793,-0.42367668807893744,0.0,0.4469403510750432,Normal,Normal,Routine,E002A
2635,109.24436878841341,-0.4236717447869049,0.0,0.387274230160992,Abnormal,Abnormal,Monitor,E002A
2636,109.24454233090397,-0.423674221479806,0.0,0.39107247244384274,Abnormal,Abnormal,Monitor,E002A
2637,109.24462928454543,-0.4236672998840464,0.0,0.4014210845306046,Normal,Normal,Routine,E002A
2638,109.24471863803167,-0.4236699101933467,0.0,0.3680370014936368,Abnormal,Abnormal,Monitor,E002A
2639,109.24479488015481,-0.42366520440798777,0.0,0.3953059390388812,Abnormal,Abnormal,Monitor,E002A
2640,109.24489711336659,-0.42366668546520647,0.0,0.39024685691300626,Abnormal,Abnormal,Monitor,E002A
2641,109.24497728089332,-0.4236702486211864,0.0,0.3980780811396369,Abnormal,Abnormal,Monitor,E002A
2642,109.24505684485666,-0.42366550108798495,0.0,0.48476433880081554,Normal,Normal,Routine,E002A
2643,109.24515606312211,-0.423664547068667,0.0,0.4219529516816282,Normal,Normal,Routine,E002A
2644,109.24311142917627,-0.4236275909712465,0.0,0.43009946672050087,Normal,Normal,Routine,E002A
2645,109.24319230460166,-0.4236305457065712,0.0,0.42647661987135954,Normal,Normal,Routine,E002A
2646,109.24327354118347,-0.42362531748745896,0.0,0.4607760068835117,Normal,Normal,Routine,E002A
2647,109.24335529892814,-0.4236273527466287,0.0,0.4666800698509165,Normal,Normal,Routine,E002A
2648,109.24346547756427,-0.42363162179073105,0.0,0.46446053036562773,Normal,Normal,Routine,E002A
2649,109.2435458131923,-0.4236144131567355,0.0,0.4513522275787544,Normal,Normal,Routine,E002A
2650,109.24361497038359,-0.42362254234771096,0.0,0.4343343669319296,Normal,Normal,Routine,E002A
2651,109.24368841337703,-0.42362210153272456,0.0,0.43761453485345697,Normal,Normal,Routine,E002A
2652,109.24376670864707,-0.423618575438006,0.0,0.40292400833185726,Normal,Normal,Routine,E002A
2653,109.24384693051445,-0.4236159558935795,0.0,0.4058134178589056,Normal,Normal,Routine,E002A
2654,109.24393596916377,-0.4236083854916806,0.0,0.4003793704373782,Normal,Normal,Routine,E002A
2655,109.24401520911326,-0.4236182288273202,0.0,0.3581010294626625,Abnormal,Abnormal,Monitor,E002A
2656,109.24408939950419,-0.423609730837029,0.0,0.39124518806407715,Abnormal,Abnormal,Monitor,E002A
2657,109.24416491434762,-0.42361544608190377,0.0,0.39279219038125457,Abnormal,Abnormal,Monitor,E002A
2658,109.24424910429171,-0.423611131869258,0.0,0.40826362039313085,Normal,Normal,Routine,E002A
2659,109.24433275134743,-0.4236122930882098,0.0,0.38198801766953644,Abnormal,Abnormal,Monitor,E002A
2660,109.24441330934872,-0.4236169659159658,0.0,0.37947579799471676,Abnormal,Abnormal,Monitor,E002A
2661,109.244491381497,-0.42360315511855395,0.0,0.44106755170889467,Normal,Normal,Routine,E002A
2662,109.24457885743327,-0.4236024353525377,0.0,0.41978127859642367,Normal,Normal,Routine,E002A
2663,109.24465945545926,-0.42360493152850975,0.0,0.42021941268877616,Normal,Normal,Routine,E002A
2664,109.24473543343126,-0.42360446234307253,0.0,0.41247843164350406,Normal,Normal,Routine,E002A
2665,109.24490139891029,-0.4235953947624204,0.0,0.428174204230846,Normal,Normal,Routine,E002A
2666,109.24498162302201,-0.42359898415298725,0.0,0.4801426150012188,Normal,Normal,Routine,E002A
2667,109.24505293966982,-0.4235913717104869,0.0,0.4519096033361096,Normal,Normal,Routine,E002A
2668,109.24513954915271,-0.42360104851979286,0.0,0.4457566834724354,Normal,Normal,Routine,E002A
2669,109.24520885010332,-0.4235933216733603,0.0,0.4207470963309119,Normal,Normal,Routine,E002A
2670,109.24309696916826,-0.4235580015738285,0.0,0.43992435027621807,Normal,Normal,Routine,E002A
2671,109.2431738462903,-0.423561333392138,0.0,0.4327638623165791,Normal,Normal,Routine,E002A
2672,109.24325111637587,-0.42355883616368517,0.0,0.46573651932854815,Normal,Normal,Routine,E002A
2673,109.24332211271741,-0.42355723457074834,0.0,0.4576275147327713,Normal,Normal,Routine,E002A
2674,109.24340279442936,-0.42355484573112373,0.0,0.43500216983802903,Normal,Normal,Routine,E002A
2675,109.2434916027269,-0.42355291541808954,0.0,0.42023226462006746,Normal,Normal,Routine,E002A
2676,109.24357434894725,-0.42354933969760494,0.0,0.41860632511114854,Normal,Normal,Routine,E002A
2677,109.24365985263823,-0.4235507952428434,0.0,0.3934281163289471,Abnormal,Abnormal,Monitor,E002A
2678,109.24372941619664,-0.4235534109879518,0.0,0.38473841692819777,Abnormal,Abnormal,Monitor,E002A
2679,109.24380275091525,-0.4235391686706924,0.0,0.4108942981226114,Normal,Normal,Routine,E002A
2680,109.24388973449464,-0.42355072742531263,0.0,0.40392725482873476,Normal,Normal,Routine,E002A
2681,109.2439696006943,-0.423547910657256,0.0,0.3884933598319415,Abnormal,Abnormal,Monitor,E002A
2682,109.24403804240936,-0.42354214777478305,0.0,0.367954410386808,Abnormal,Abnormal,Monitor,E002A
2683,109.2441264550391,-0.42354224842794835,0.0,0.3527985337508036,Abnormal,Abnormal,Monitor,E002A
2684,109.24419347805318,-0.42353795742549366,0.0,0.3597036709501391,Abnormal,Abnormal,Monitor,E002A
2685,109.24428189227122,-0.4235350250437043,0.0,0.35164667098273816,Abnormal,Abnormal,Monitor,E002A
2686,109.24436480676343,-0.4235382768411511,0.0,0.3807030797953647,Abnormal,Abnormal,Monitor,E002A
2687,109.24444472552597,-0.42353349231469994,0.0,0.41650500146075836,Normal,Normal,Routine,E002A
2688,109.24451791275796,-0.4235400796760305,0.0,0.44042311465278816,Normal,Normal,Routine,E002A
2689,109.24469261627678,-0.42354057348062135,0.0,0.4124047082558891,Normal,Normal,Routine,E002A
2690,109.24477627657852,-0.4235348502318452,0.0,0.3553948908497187,Abnormal,Abnormal,Monitor,E002A
2691,109.2448534091513,-0.42353298686950486,0.0,0.4289897929975312,Normal,Normal,Routine,E002A
2692,109.24492583437959,-0.42352885534363005,0.0,0.4057369880237247,Normal,Normal,Routine,E002A
2693,109.24500796077697,-0.42352162607570965,0.0,0.4250654075361815,Normal,Normal,Routine,E002A
2694,109.24508802190768,-0.4235269815301912,0.0,0.4232599306410399,Normal,Normal,Routine,E002A
2695,109.24517229338932,-0.4235157729080364,0.0,0.41220932746076727,Normal,Normal,Routine,E002A
2696,109.24312374358156,-0.42348415689680646,0.0,0.43525132396251975,Normal,Normal,Routine,E002A
2697,109.24320975341382,-0.4234876716566732,0.0,0.4355557037078995,Normal,Normal,Routine,E002A
2698,109.24329199452198,-0.4234852904056439,0.0,0.43506996846106016,Normal,Normal,Routine,E002A
2699,109.24335439861049,-0.423480868136697,0.0,0.4193522847783784,Normal,Normal,Routine,E002A
2700,109.24345577154376,-0.423476805628594,0.0,0.4312521894820608,Normal,Normal,Routine,E002A
2701,109.24352779863138,-0.42348132368371944,0.0,0.4472901855006823,Normal,Normal,Routine,E002A
2702,109.24361809490014,-0.4234814989224478,0.0,0.4297026830813338,Normal,Normal,Routine,E002A
2703,109.24368894125115,-0.4234758713315291,0.0,0.41561981439411405,Normal,Normal,Routine,E002A
2704,109.24376417131037,-0.42346967683730363,0.0,0.38514523659867683,Abnormal,Abnormal,Monitor,E002A
2705,109.24383372924069,-0.4234653855101919,0.0,0.40831383977847396,Normal,Normal,Routine,E002A
2706,109.2439276131396,-0.42346996009350907,0.0,0.4197710965322604,Normal,Normal,Routine,E002A
2707,109.24400570931364,-0.42346903562432503,0.0,0.3910612976984479,Abnormal,Abnormal,Monitor,E002A
2708,109.24408144902063,-0.42347342068531457,0.0,0.3434159783173953,Abnormal,Abnormal,Monitor,E002A
2709,109.2441577866706,-0.4234592305890318,0.0,0.40461676394617235,Normal,Normal,Routine,E002A
2710,109.24424714797462,-0.4234669068020147,0.0,0.41220724693814614,Normal,Normal,Routine,E002A
2711,109.24432510424977,-0.42346501107561796,0.0,0.4178404862417772,Normal,Normal,Routine,E002A
2712,109.24439839535837,-0.42346502779031264,0.0,0.3892189582904896,Abnormal,Abnormal,Monitor,E002A
2713,109.24448419188764,-0.42345866116535213,0.0,0.37695072165621263,Abnormal,Abnormal,Monitor,E002A
2714,109.24455527535049,-0.42346130618500744,0.0,0.4008111309611994,Normal,Normal,Routine,E002A
2715,109.2446450898103,-0.4234711709129105,0.0,0.41077682105628577,Normal,Normal,Routine,E002A
2716,109.24472534829559,-0.4234576725885173,0.0,0.3708250668357535,Abnormal,Abnormal,Monitor,E002A
2717,109.24480861704936,-0.4234594929467188,0.0,0.4293214262516291,Normal,Normal,Routine,E002A
2718,109.24489176674152,-0.42346350530898685,0.0,0.38994964837203844,Abnormal,Abnormal,Monitor,E002A
2719,109.24496222509936,-0.42345781521638043,0.0,0.4351694250907978,Normal,Normal,Routine,E002A
2720,109.24504872429395,-0.42345859545513626,0.0,0.47055101358014784,Normal,Normal,Routine,E002A
2721,109.24511583480471,-0.4234528277314303,0.0,0.45365951710245334,Normal,Normal,Routine,E002A
2722,109.24519688324884,-0.4234497281669756,0.0,0.40845820111910786,Normal,Normal,Routine,E002A
2723,109.24301551510202,-0.42342013469272954,0.0,0.4111361943236898,Normal,Normal,Routine,E002A
2724,109.24307210082847,-0.4234127558354055,0.0,0.47715735935176223,Normal,Normal,Routine,E002A
2725,109.24317733862114,-0.42341444557551133,0.0,0.4613128100693459,Normal,Normal,Routine,E002A
2726,109.24323460865989,-0.42340785361577726,0.0,0.4508206829312467,Normal,Normal,Routine,E002A
2727,109.24332150054335,-0.4234076374187665,0.0,0.44576635339577564,Normal,Normal,Routine,E002A
2728,109.24341145978164,-0.42341254389218763,0.0,0.4203463642266937,Normal,Normal,Routine,E002A
2729,109.24349071969162,-0.4234134183501358,0.0,0.3723205759012255,Abnormal,Abnormal,Monitor,E002A
2730,109.24356584351013,-0.4234042803255682,0.0,0.38627575814330656,Abnormal,Abnormal,Monitor,E002A
2731,109.2436406308382,-0.4234055172911731,0.0,0.38646708364499566,Abnormal,Abnormal,Monitor,E002A
2732,109.24372048783556,-0.42340362109823987,0.0,0.40936808924286466,Normal,Normal,Routine,E002A
2733,109.2438041489906,-0.4233978978570639,0.0,0.40034407501830194,Normal,Normal,Routine,E002A
2734,109.24387259748191,-0.4233979134695382,0.0,0.39821906358254355,Abnormal,Abnormal,Monitor,E002A
2735,109.24404181711147,-0.4234017799798351,0.0,0.3750829938855145,Abnormal,Abnormal,Monitor,E002A
2736,109.2441188071989,-0.42340225511574703,0.0,0.3901058463720946,Abnormal,Abnormal,Monitor,E002A
2737,109.24428519145864,-0.4233960931554313,0.0,0.43697391737877267,Normal,Normal,Routine,E002A
2738,109.24436419736102,-0.42339622601740123,0.0,0.4015059115595463,Normal,Normal,Routine,E002A
2739,109.2445104126027,-0.4233944190987739,0.0,0.3761591130505824,Abnormal,Abnormal,Monitor,E002A
2740,109.24459000094063,-0.42338902950986984,0.0,0.4217340479372069,Normal,Normal,Routine,E002A
2741,109.24467601667415,-0.42338657765848264,0.0,0.4278393113831369,Normal,Normal,Routine,E002A
2742,109.24475751236967,-0.4233917742792398,0.0,0.4286912900552681,Normal,Normal,Routine,E002A
2743,109.24482983259541,-0.4233871941904801,0.0,0.4452467370334515,Normal,Normal,Routine,E002A
2744,109.24492077373756,-0.4233880369325454,0.0,0.4073519406106673,Normal,Normal,Routine,E002A
2745,109.24501253746308,-0.42338595624732434,0.0,0.41032513497578427,Normal,Normal,Routine,E002A
2746,109.24508762441492,-0.4233812429489437,0.0,0.4375165649973691,Normal,Normal,Routine,E002A
2747,109.24516491664065,-0.423380496428295,0.0,0.43976589324954035,Normal,Normal,Routine,E002A
2748,109.24303205318141,-0.4233484996060557,0.0,0.4726994474871968,Normal,Normal,Routine,E002A
2749,109.2431179882092,-0.4233451099919033,0.0,0.4850231444134432,Normal,Normal,Routine,E002A
2750,109.24319026167366,-0.42334047474764747,0.0,0.4324029228746049,Normal,Normal,Routine,E002A
2751,109.24328356211362,-0.42333106415447336,0.0,0.4253508614845625,Normal,Normal,Routine,E002A
2752,109.24336479688837,-0.42334583638725465,0.0,0.425354119516701,Normal,Normal,Routine,E002A
2753,109.24345225997337,-0.4233421007692176,0.0,0.38010227028280497,Abnormal,Abnormal,Monitor,E002A
2754,109.24352171262812,-0.42334253168687275,0.0,0.44795555467536796,Normal,Normal,Routine,E002A
2755,109.2436001207675,-0.42334434280435185,0.0,0.4590728905010567,Normal,Normal,Routine,E002A
2756,109.24368527896605,-0.4233362868018163,0.0,0.3858541964606763,Abnormal,Abnormal,Monitor,E002A
2757,109.24376516753237,-0.42333382090165234,0.0,0.3947982879228094,Abnormal,Abnormal,Monitor,E002A
2758,109.24383052706978,-0.4233368815005099,0.0,0.4091799470512976,Normal,Normal,Routine,E002A
2759,109.24392733848217,-0.4233332981219581,0.0,0.43997272099327733,Normal,Normal,Routine,E002A
2760,109.24400142080262,-0.4233379776028787,0.0,0.41786193896835,Normal,Normal,Routine,E002A
2761,109.24408746451891,-0.42333479689446135,0.0,0.42425274367447013,Normal,Normal,Routine,E002A
2762,109.24415020983949,-0.4233309832859918,0.0,0.416500079513741,Normal,Normal,Routine,E002A
2763,109.2442338697207,-0.4233310023611847,0.0,0.4348434420882385,Normal,Normal,Routine,E002A
2764,109.24431911362231,-0.4233294266055393,0.0,0.43536875676922726,Normal,Normal,Routine,E002A
2765,109.24439452152922,-0.4233233822519947,0.0,0.42035873698142284,Normal,Normal,Routine,E002A
2766,109.24446680826671,-0.4233238508831848,0.0,0.40745383041936,Normal,Normal,Routine,E002A
2767,109.24455006352096,-0.42332173299331344,0.0,0.4282993735617573,Normal,Normal,Routine,E002A
2768,109.24462894109006,-0.42332137930490416,0.0,0.3967116514931212,Abnormal,Abnormal,Monitor,E002A
2769,109.24470984759411,-0.4233182353974239,0.0,0.4267684407800866,Normal,Normal,Routine,E002A
2770,109.24479479523148,-0.42331601570382593,0.0,0.32527304684313446,Abnormal,Abnormal,Monitor,E002A
2771,109.24487468775958,-0.42331611439573236,0.0,0.41290458323968415,Normal,Normal,Routine,E002A
2772,109.24495420560827,-0.42330468403423177,0.0,0.4313615996599842,Normal,Normal,Routine,E002A
2773,109.24502821671214,-0.4233106720179064,0.0,0.4838081926662618,Normal,Normal,Routine,E002A
2774,109.24511627355291,-0.42331129163797365,0.0,0.47925472364169497,Normal,Normal,Routine,E002A
2775,109.2452026722966,-0.4233114035648707,0.0,0.4127639443640166,Normal,Normal,Routine,E002A
2776,109.2429990521664,-0.42327770687837385,0.0,0.4361796969311537,Normal,Normal,Routine,E002A
2777,109.24307472135177,-0.423275946281636,0.0,0.432380924836816,Normal,Normal,Routine,E002A
2778,109.24315231117907,-0.4232736109855555,0.0,0.42794898580910745,Normal,Normal,Routine,E002A
2779,109.243230266939,-0.4232698008540988,0.0,0.4273481673576983,Normal,Normal,Routine,E002A
2780,109.24333333677653,-0.4232733891256033,0.0,0.4430825456726451,Normal,Normal,Routine,E002A
2781,109.24340209970534,-0.4232651548541069,0.0,0.4204293566463377,Normal,Normal,Routine,E002A
2782,109.2434841516971,-0.42326891919051035,0.0,0.4151490792457532,Normal,Normal,Routine,E002A
2783,109.2435683758065,-0.42326431198480496,0.0,0.4252037186414084,Normal,Normal,Routine,E002A
2784,109.24365051031869,-0.4232686460494432,0.0,0.42838836755655074,Normal,Normal,Routine,E002A
2785,109.24372148703111,-0.4232705006831511,0.0,0.3724368257680908,Abnormal,Abnormal,Monitor,E002A
2786,109.24380182880975,-0.4232658953019681,0.0,0.4347253025115881,Normal,Normal,Routine,E002A
2787,109.24388811986125,-0.4232692780812906,0.0,0.41090594086868654,Normal,Normal,Routine,E002A
2788,109.24395628749981,-0.4232639446710436,0.0,0.4367861011106425,Normal,Normal,Routine,E002A
2789,109.24404188446545,-0.42326212121703277,0.0,0.4153157070596548,Normal,Normal,Routine,E002A
2790,109.24410839540278,-0.4232620649407061,0.0,0.39774689066706925,Abnormal,Abnormal,Monitor,E002A
2791,109.24418687186429,-0.4232597533463374,0.0,0.4509564395171452,Normal,Normal,Routine,E002A
2792,109.24425151664428,-0.4232616824933085,0.0,0.44659809478219303,Normal,Normal,Routine,E002A
2793,109.24433372426331,-0.4232606178778262,0.0,0.4238580705704274,Normal,Normal,Routine,E002A
2794,109.24441499891532,-0.42325406302285046,0.0,0.40243560540525675,Normal,Normal,Routine,E002A
2795,109.24449586101969,-0.4232525830232357,0.0,0.4022668937800236,Normal,Normal,Routine,E002A
2796,109.24456643960477,-0.4232514397926516,0.0,0.4345190047752112,Normal,Normal,Routine,E002A
2797,109.24461140135227,-0.4232496115910963,0.0,0.46606866115390666,Normal,Normal,Routine,E002A
2798,109.24469435009502,-0.4232444126642264,0.0,0.443341428429058,Normal,Normal,Routine,E002A
2799,109.24474568648687,-0.42324442436346293,0.0,0.41634200476713357,Normal,Normal,Routine,E002A
2800,109.24482575133987,-0.4232491449876907,0.0,0.4124928347849109,Normal,Normal,Routine,E002A
2801,109.24490143331431,-0.42324676402071965,0.0,0.37923190623772246,Abnormal,Abnormal,Monitor,E002A
2802,109.24498330500732,-0.4232456984163935,0.0,0.44682946364835974,Normal,Normal,Routine,E002A
2803,109.24506778829016,-0.423247287537541,0.0,0.4863940949397798,Normal,Normal,Routine,E002A
2804,109.24515147720237,-0.42323822197017763,0.0,0.45932110401019655,Normal,Normal,Routine,E002A
2805,109.24295958327099,-0.42320828179197334,0.0,0.42725413654979905,Normal,Normal,Routine,E002A
2806,109.2430399096382,-0.42320415388627974,0.0,0.43424728679427593,Normal,Normal,Routine,E002A
2807,109.24311298174051,-0.42320316768121496,0.0,0.4594637331140872,Normal,Normal,Routine,E002A
2808,109.24319754728717,-0.42319806861467313,0.0,0.44302686475445835,Normal,Normal,Routine,E002A
2809,109.24327475484358,-0.42319799398383884,0.0,0.407391365385872,Normal,Normal,Routine,E002A
2810,109.24336099389284,-0.42319683805699676,0.0,0.41479831956349333,Normal,Normal,Routine,E002A
2811,109.24344323569866,-0.42319137040558985,0.0,0.397113081156258,Abnormal,Abnormal,Monitor,E002A
2812,109.2435233896169,-0.4231992235635123,0.0,0.41406509587980184,Normal,Normal,Routine,E002A
2813,109.24361000262374,-0.4231929014360333,0.0,0.42049089664270956,Normal,Normal,Routine,E002A
2814,109.24369366330318,-0.42318526468157086,0.0,0.395200670882501,Abnormal,Abnormal,Monitor,E002A
2815,109.24376997169217,-0.4231892519696093,0.0,0.3695011224167851,Abnormal,Abnormal,Monitor,E002A
2816,109.24392503226319,-0.4231871169923576,0.0,0.4433315614906966,Normal,Normal,Routine,E002A
2817,109.24400667249003,-0.4231845746164875,0.0,0.3988531611662788,Abnormal,Abnormal,Monitor,E002A
2818,109.24407571370894,-0.42318121459049085,0.0,0.40064534262475243,Normal,Normal,Routine,E002A
2819,109.24413949847809,-0.4231807408057853,0.0,0.43045001996597776,Normal,Normal,Routine,E002A
2820,109.2442301000101,-0.4231817001233001,0.0,0.41846259122675245,Normal,Normal,Routine,E002A
2821,109.2443099557386,-0.423185547144199,0.0,0.4411728016139151,Normal,Normal,Routine,E002A
2822,109.24438421844546,-0.4231750542556655,0.0,0.4169407737280133,Normal,Normal,Routine,E002A
2823,109.24445646978238,-0.42317315631109037,0.0,0.42006547473957934,Normal,Normal,Routine,E002A
2824,109.24453297248144,-0.42317602682223926,0.0,0.4344838557123136,Normal,Normal,Routine,E002A
2825,109.24461663061908,-0.42317987470684193,0.0,0.43236517056867524,Normal,Normal,Routine,E002A
2826,109.24470734319092,-0.42316649631182157,0.0,0.420534320424075,Normal,Normal,Routine,E002A
2827,109.24478777814684,-0.42317114557734037,0.0,0.3982642229895096,Abnormal,Abnormal,Monitor,E002A
2828,109.24486482199974,-0.4231723314913009,0.0,0.3997646333737547,Abnormal,Abnormal,Monitor,E002A
2829,109.24495804016927,-0.42317760763770373,0.0,0.39138065763611424,Abnormal,Abnormal,Monitor,E002A
2830,109.24299865116204,-0.42313568785714867,0.0,0.4656379093803993,Normal,Normal,Routine,E002A
2831,109.24306163260923,-0.4231362267159389,0.0,0.42318288756789063,Normal,Normal,Routine,E002A
2832,109.24315804623245,-0.4231357965511437,0.0,0.4710242512955461,Normal,Normal,Routine,E002A
2833,109.24323748987423,-0.42313446002130256,0.0,0.39477504288046317,Abnormal,Abnormal,Monitor,E002A
2834,109.24330993056748,-0.4231371532758238,0.0,0.3849214768313044,Abnormal,Abnormal,Monitor,E002A
2835,109.24339951794822,-0.4231339372028729,0.0,0.4024334079486774,Normal,Normal,Routine,E002A
2836,109.24348141839144,-0.4231285553791086,0.0,0.42426672107389135,Normal,Normal,Routine,E002A
2837,109.24356985883068,-0.42313666814963663,0.0,0.443393433362514,Normal,Normal,Routine,E002A
2838,109.24365590509352,-0.42312606039736556,0.0,0.4115413902525929,Normal,Normal,Routine,E002A
2839,109.24373766373463,-0.4231241646257267,0.0,0.4044769223511989,Normal,Normal,Routine,E002A
2840,109.24379850825629,-0.4231165217611671,0.0,0.4222619382650036,Normal,Normal,Routine,E002A
2841,109.24388074821748,-0.42312333001474234,0.0,0.392609907619588,Abnormal,Abnormal,Monitor,E002A
2842,109.24397536774883,-0.4231241473682815,0.0,0.4108442917179947,Normal,Normal,Routine,E002A
2843,109.24403483547242,-0.42309942009100404,0.0,0.41782340316980093,Normal,Normal,Routine,E002A
2844,109.24295738953572,-0.4230572645533519,0.0,0.3669814685264507,Abnormal,Abnormal,Monitor,E002A
2845,109.24303272272041,-0.42306367695937225,0.0,0.40398884871742524,Normal,Normal,Routine,E002A
2846,109.24312383836603,-0.4230630520624403,0.0,0.40987247236672286,Normal,Normal,Routine,E002A
2847,109.24320414571291,-0.42305165716677035,0.0,0.4200720240091226,Normal,Normal,Routine,E002A
2848,109.24327500615358,-0.4230511877110614,0.0,0.38534718225089587,Abnormal,Abnormal,Monitor,E002A
2849,109.24335915872264,-0.42305308332392666,0.0,0.4105083172937401,Normal,Normal,Routine,E002A
2850,109.24345437755247,-0.4230571065705404,0.0,0.4173856684587952,Normal,Normal,Routine,E002A
2851,109.24352472462307,-0.4230666928444766,0.0,0.4308759776287291,Normal,Normal,Routine,E002A
2852,109.24357568766389,-0.42308904617084225,0.0,0.4682126095211108,Normal,Normal,Routine,E002A
2853,109.24361409367921,-0.42304374391981525,0.0,0.4506182306114079,Normal,Normal,Routine,E002A
2854,109.24366258814291,-0.423078624897401,0.0,0.4468598852375964,Normal,Normal,Routine,E002A
