Tree_ID,Longitude,Latitude,Height_m,NDRE_Value,Classification,Health_Status,Action,Block_Name,NDRE_Absolute,Classification_Abs,Health_Status_Abs,Action_Abs,Block_Name_Legacy
1,109.24306829,-0.43006201,18.19,0.482,TM,Healthy,,E002A,0.529303252696991,Healthy,Good,,E02
2,109.24308359,-0.42991235,16.46,0.412,TM,Healthy,,E002A,0.4633867144584656,Healthy,Good,,E02
3,109.24302694,-0.43015469,16.46,0.474,TM,Healthy,,E002A,0.5287877321243286,Healthy,Good,,E02
4,109.24447837,-0.43096709,16.19,0.387,TM,Healthy,,E002A,0.4583237469196319,Normal,Moderate,Routine,E02
5,109.24303007,-0.43024965,16.16,0.338,TM,Suspect,Circle_5m,E002A,0.408117413520813,Abnormal,Sub-Optimal,Monitor,E02
6,109.24475636,-0.43107477,15.92,0.38,TM,Suspect,Circle_5m,E002A,0.432724267244339,Normal,Moderate,Routine,E02
7,109.24527829,-0.42503098,15.65,0.315,TM,Suspect,Circle_5m,E002A,0.3828047513961792,Suspect,Critical,Priority Survey,E02
8,109.24303018,-0.42977082,15.19,0.472,TM,Healthy,,E002A,0.5318691730499268,Healthy,Good,,E02
9,109.24526173,-0.43067292,15.11,-0.052,TM,Suspect,Circle_5m,E002A,-0.0140485893934965,Suspect,Critical,Priority Survey,E02
10,109.24303942,-0.42860291,14.5,0.375,TM,Suspect,Circle_5m,E002A,0.43194380402565,Normal,Moderate,Routine,E02
11,109.24324666,-0.4297573,14.42,0.338,TM,Suspect,Circle_5m,E002A,0.4024384021759033,Abnormal,Sub-Optimal,Monitor,E02
12,109.24527479,-0.42461002,14.31,0.331,TM,Suspect,Circle_5m,E002A,0.4079933166503906,Abnormal,Sub-Optimal,Monitor,E02
13,109.24465844,-0.43110278,14.27,0.329,TM,Suspect,Circle_5m,E002A,0.4088926315307617,Abnormal,Sub-Optimal,Monitor,E02
14,109.24518912,-0.42806037,14.25,0.425,TM,Healthy,,E002A,0.4941816031932831,Healthy,Good,,E02
15,109.24307891,-0.42875711,14.21,0.284,TM,Suspect,Circle_5m,E002A,0.3491444885730743,Suspect,Critical,Priority Survey,E02
16,109.24437875,-0.43057641,14.12,0.285,TM,Suspect,Circle_5m,E002A,0.3414558172225952,Suspect,Critical,Priority Survey,E02
17,109.24479321,-0.43099475,14.02,0.392,TM,Healthy,,E002A,0.4547560513019562,Normal,Moderate,Routine,E02
18,109.24352436,-0.43114185,13.95,0.433,TM,Healthy,,E002A,0.4768520295619964,Healthy,Good,,E02
19,109.24493061,-0.4311467,13.92,0.265,TM,Suspect,Circle_5m,E002A,0.3300719857215881,Suspect,Critical,Priority Survey,E02
20,109.24526087,-0.43053457,13.92,0.098,TM,Suspect,Circle_5m,E002A,0.1716372519731521,Suspect,Critical,Priority Survey,E02
21,109.24505322,-0.43117567,13.83,0.172,TM,Suspect,Circle_5m,E002A,0.2536967992782593,Suspect,Critical,Priority Survey,E02
22,109.24305768,-0.42534788,13.82,0.416,TM,Healthy,,E002A,0.4686734080314636,Healthy,Good,,E02
23,109.24519262,-0.42847364,13.82,0.358,TM,Suspect,Circle_5m,E002A,0.4234507977962494,Abnormal,Sub-Optimal,Monitor,E02
24,109.24354571,-0.42812963,13.81,0.323,TM,Suspect,Circle_5m,E002A,0.401434451341629,Abnormal,Sub-Optimal,Monitor,E02
25,109.24453899,-0.43103674,13.72,0.36,TM,Suspect,Circle_5m,E002A,0.4232591688632965,Abnormal,Sub-Optimal,Monitor,E02
26,109.24519749,-0.43076108,13.7,0.424,TM,Healthy,,E002A,0.4737557470798492,Healthy,Good,,E02
27,109.24499402,-0.43080896,13.66,0.432,TM,Healthy,,E002A,0.4959538578987121,Healthy,Good,,E02
28,109.24401468,-0.42780554,13.57,0.418,TM,Healthy,,E002A,0.4721663296222687,Healthy,Good,,E02
29,109.24308096,-0.42964377,13.53,0.465,TM,Healthy,,E002A,0.5140202641487122,Healthy,Good,,E02
30,109.24306609,-0.42589498,13.52,0.356,TM,Suspect,Circle_5m,E002A,0.4135982692241668,Abnormal,Sub-Optimal,Monitor,E02
31,109.24470384,-0.43095358,13.5,0.376,TM,Suspect,Circle_5m,E002A,0.4359479248523712,Normal,Moderate,Routine,E02
32,109.24525324,-0.42656331,13.45,0.037,TM,Suspect,Circle_5m,E002A,0.0970891267061233,Suspect,Critical,Priority Survey,E02
33,109.24316809,-0.42965826,13.38,0.413,TM,Healthy,,E002A,0.4679233431816101,Healthy,Good,,E02
34,109.24509049,-0.4292373,13.37,0.416,TM,Healthy,,E002A,0.4793548583984375,Healthy,Good,,E02
35,109.24438865,-0.43048553,13.31,0.4,TM,Healthy,,E002A,0.4520127475261688,Normal,Moderate,Routine,E02
36,109.24516601,-0.43094374,13.29,0.36,TM,Suspect,Circle_5m,E002A,0.4219100773334503,Abnormal,Sub-Optimal,Monitor,E02
37,109.24457714,-0.43112175,13.27,0.387,TM,Healthy,,E002A,0.4572594761848449,Normal,Moderate,Routine,E02
38,109.24441597,-0.43083324,13.11,0.383,TM,Healthy,,E002A,0.4294946193695068,Abnormal,Sub-Optimal,Monitor,E02
39,109.24354466,-0.43074668,13.08,0.407,TM,Healthy,,E002A,0.4628415703773498,Healthy,Good,,E02
40,109.24520753,-0.43004713,13.06,0.329,TM,Suspect,Circle_5m,E002A,0.389327734708786,Suspect,Critical,Priority Survey,E02
41,109.24343918,-0.43047808,13.0,0.277,TM,Suspect,Circle_5m,E002A,0.3227529227733612,Suspect,Critical,Priority Survey,E02
42,109.2452239,-0.43113728,12.98,0.407,TM,Healthy,,E002A,0.4715256094932556,Healthy,Good,,E02
43,109.24358198,-0.43057758,12.93,0.365,TM,Suspect,Circle_5m,E002A,0.4298011064529419,Abnormal,Sub-Optimal,Monitor,E02
44,109.24342762,-0.42799079,12.85,0.306,TM,Suspect,Circle_5m,E002A,0.3533317446708679,Suspect,Critical,Priority Survey,E02
45,109.2452057,-0.43019001,12.84,0.338,TM,Suspect,Circle_5m,E002A,0.4017311036586761,Abnormal,Sub-Optimal,Monitor,E02
46,109.24308085,-0.42614277,12.84,0.302,TM,Suspect,Circle_5m,E002A,0.356120765209198,Suspect,Critical,Priority Survey,E02
47,109.24500895,-0.43033692,12.8,0.4,TM,Healthy,,E002A,0.4465346336364746,Normal,Moderate,Routine,E02
48,109.24514218,-0.42509153,12.8,0.381,TM,Healthy,,E002A,0.4464847147464752,Normal,Moderate,Routine,E02
49,109.24512755,-0.43021079,12.77,0.485,TM,Healthy,,E002A,0.5407418012619019,Healthy,Good,,E02
50,109.24348924,-0.42956519,12.76,0.421,TM,Healthy,,E002A,0.4748581647872925,Healthy,Good,,E02
51,109.24524717,-0.42357866,12.69,0.049,TM,Suspect,Circle_5m,E002A,0.1453026831150055,Suspect,Critical,Priority Survey,E02
52,109.24486917,-0.43076733,12.67,0.351,TM,Suspect,Circle_5m,E002A,0.4077762961387634,Abnormal,Sub-Optimal,Monitor,E02
53,109.2430583,-0.4265931,12.64,0.454,TM,Healthy,,E002A,0.5080599784851074,Healthy,Good,,E02
54,109.24517995,-0.43085377,12.59,0.408,TM,Healthy,,E002A,0.4775042235851288,Healthy,Good,,E02
55,109.24304924,-0.42889094,12.56,0.344,TM,Suspect,Circle_5m,E002A,0.4143930673599243,Abnormal,Sub-Optimal,Monitor,E02
56,109.2448885,-0.43067374,12.54,0.377,TM,Suspect,Circle_5m,E002A,0.4229126870632171,Abnormal,Sub-Optimal,Monitor,E02
57,109.24514547,-0.42840716,12.48,0.331,TM,Suspect,Circle_5m,E002A,0.3827814757823944,Suspect,Critical,Priority Survey,E02
58,109.24521264,-0.42535832,12.48,0.389,TM,Healthy,,E002A,0.4531651139259338,Normal,Moderate,Routine,E02
59,109.24526534,-0.42668585,12.45,0.284,TM,Suspect,Circle_5m,E002A,0.3422676622867584,Suspect,Critical,Priority Survey,E02
60,109.24518348,-0.42322551,12.44,0.277,TM,Suspect,Circle_5m,E002A,0.3179723918437958,Suspect,Critical,Priority Survey,E02
61,109.24305403,-0.4295556,12.43,0.473,TM,Healthy,,E002A,0.5326443910598755,Healthy,Good,,E02
62,109.24475381,-0.42849117,12.34,0.358,TM,Suspect,Circle_5m,E002A,0.3879579603672027,Suspect,Critical,Priority Survey,E02
63,109.24468457,-0.43078086,12.31,0.381,TM,Healthy,,E002A,0.4435963630676269,Normal,Moderate,Routine,E02
64,109.24332426,-0.43019048,12.23,0.429,TM,Healthy,,E002A,0.4921965599060058,Healthy,Good,,E02
65,109.24517407,-0.42906098,12.15,0.382,TM,Healthy,,E002A,0.4464614391326904,Normal,Moderate,Routine,E02
66,109.2452644,-0.42488312,12.15,0.042,TM,Suspect,Circle_5m,E002A,0.1014508008956909,Suspect,Critical,Priority Survey,E02
67,109.24452473,-0.43054027,12.13,0.35,TM,Suspect,Circle_5m,E002A,0.3940440416336059,Abnormal,Sub-Optimal,Monitor,E02
68,109.24516206,-0.42459824,12.11,0.36,TM,Suspect,Circle_5m,E002A,0.4240670502185821,Abnormal,Sub-Optimal,Monitor,E02
69,109.24499821,-0.43015967,12.1,0.449,TM,Healthy,,E002A,0.5069944262504578,Healthy,Good,,E02
70,109.24524106,-0.42481394,12.09,0.213,TM,Suspect,Circle_5m,E002A,0.2739335000514984,Suspect,Critical,Priority Survey,E02
71,109.24514216,-0.43114223,12.04,0.327,TM,Suspect,Circle_5m,E002A,0.3935180902481079,Abnormal,Sub-Optimal,Monitor,E02
72,109.24523895,-0.4281585,12.03,0.367,TM,Suspect,Circle_5m,E002A,0.4332723617553711,Normal,Moderate,Routine,E02
73,109.24524326,-0.42898368,12.01,0.389,TM,Healthy,,E002A,0.4454797208309173,Normal,Moderate,Routine,E02
74,109.24305799,-0.42596959,12.01,0.319,TM,Suspect,Circle_5m,E002A,0.3559333086013794,Suspect,Critical,Priority Survey,E02
75,109.24433289,-0.43078439,11.99,0.317,TM,Suspect,Circle_5m,E002A,0.3805379271507263,Suspect,Critical,Priority Survey,E02
76,109.24327134,-0.42986311,11.97,0.37,TM,Suspect,Circle_5m,E002A,0.44358891248703,Normal,Moderate,Routine,E02
77,109.24329627,-0.43084881,11.97,0.451,TM,Healthy,,E002A,0.5218609571456909,Healthy,Good,,E02
78,109.24501295,-0.43051733,11.93,0.432,TM,Healthy,,E002A,0.4793364405632019,Healthy,Good,,E02
79,109.24306673,-0.43097581,11.88,0.422,TM,Healthy,,E002A,0.4828281998634338,Healthy,Good,,E02
80,109.24515936,-0.43052505,11.86,0.451,TM,Healthy,,E002A,0.4971106350421905,Healthy,Good,,E02
81,109.24302537,-0.42917217,11.8,0.468,TM,Healthy,,E002A,0.5131863951683044,Healthy,Good,,E02
82,109.24421607,-0.4290264,11.79,0.292,TM,Suspect,Circle_5m,E002A,0.3597589135169983,Suspect,Critical,Priority Survey,E02
83,109.24522682,-0.42620746,11.75,0.261,TM,Suspect,Circle_5m,E002A,0.3261542618274688,Suspect,Critical,Priority Survey,E02
84,109.24303962,-0.42576159,11.73,0.328,TM,Suspect,Circle_5m,E002A,0.3915747404098511,Abnormal,Sub-Optimal,Monitor,E02
85,109.24526135,-0.4264349,11.69,0.225,TM,Suspect,Circle_5m,E002A,0.2969079315662384,Suspect,Critical,Priority Survey,E02
86,109.24482879,-0.43057245,11.67,0.417,TM,Healthy,,E002A,0.4601332247257232,Healthy,Good,,E02
87,109.24305386,-0.42633492,11.6,0.441,TM,Healthy,,E002A,0.4990116357803345,Healthy,Good,,E02
88,109.243035,-0.42830856,11.6,0.29,TM,Suspect,Circle_5m,E002A,0.3694659769535064,Suspect,Critical,Priority Survey,E02
89,109.24312855,-0.42972834,11.55,0.38,TM,Healthy,,E002A,0.4401929974555969,Normal,Moderate,Routine,E02
90,109.24396942,-0.42932521,11.51,0.461,TM,Healthy,,E002A,0.5328596830368042,Healthy,Good,,E02
91,109.24351701,-0.42792841,11.38,0.321,TM,Suspect,Circle_5m,E002A,0.3874562382698059,Suspect,Critical,Priority Survey,E02
92,109.24526118,-0.42717417,11.37,0.386,TM,Healthy,,E002A,0.4413826763629913,Normal,Moderate,Routine,E02
93,109.24340656,-0.42974604,11.36,0.457,TM,Healthy,,E002A,0.5098071098327637,Healthy,Good,,E02
94,109.24363396,-0.42914744,11.33,0.366,TM,Suspect,Circle_5m,E002A,0.4295340478420257,Abnormal,Sub-Optimal,Monitor,E02
95,109.24493752,-0.43040201,11.32,0.404,TM,Healthy,,E002A,0.4573741257190704,Normal,Moderate,Routine,E02
96,109.24336327,-0.4304862,11.32,0.461,TM,Healthy,,E002A,0.5102480053901672,Healthy,Good,,E02
97,109.24323826,-0.43112415,11.31,0.426,TM,Healthy,,E002A,0.4743709564208984,Healthy,Good,,E02
98,109.24383619,-0.4305894,11.28,0.431,TM,Healthy,,E002A,0.4870271384716034,Healthy,Good,,E02
99,109.2437478,-0.4301847,11.27,0.309,TM,Suspect,Circle_5m,E002A,0.3697994947433471,Suspect,Critical,Priority Survey,E02
100,109.24338577,-0.42833396,11.27,0.365,TM,Suspect,Circle_5m,E002A,0.4230270087718963,Abnormal,Sub-Optimal,Monitor,E02
101,109.24523089,-0.4260777,11.24,0.338,TM,Suspect,Circle_5m,E002A,0.4067338407039642,Abnormal,Sub-Optimal,Monitor,E02
102,109.24518363,-0.43044864,11.23,0.278,TM,Suspect,Circle_5m,E002A,0.3435085713863373,Suspect,Critical,Priority Survey,E02
103,109.24305178,-0.42562188,11.23,0.424,TM,Healthy,,E002A,0.4743360579013824,Healthy,Good,,E02
104,109.24304832,-0.42899131,11.22,0.375,TM,Suspect,Circle_5m,E002A,0.4408017098903656,Normal,Moderate,Routine,E02
105,109.24484982,-0.43091383,11.2,0.301,TM,Suspect,Circle_5m,E002A,0.3768100142478943,Suspect,Critical,Priority Survey,E02
106,109.24353571,-0.43063726,11.16,0.438,TM,Healthy,,E002A,0.5063320994377136,Healthy,Good,,E02
107,109.2434213,-0.4300847,11.15,0.357,TM,Suspect,Circle_5m,E002A,0.4288000762462616,Abnormal,Sub-Optimal,Monitor,E02
108,109.24303654,-0.4254903,11.12,0.382,TM,Healthy,,E002A,0.4415539801120758,Normal,Moderate,Routine,E02
109,109.24512067,-0.42489484,11.07,0.393,TM,Healthy,,E002A,0.4461627006530761,Normal,Moderate,Routine,E02
110,109.24331326,-0.4311608,11.06,0.497,TM,Healthy,,E002A,0.5540648102760315,Healthy,Good,,E02
111,109.24480143,-0.43041283,11.06,0.345,TM,Suspect,Circle_5m,E002A,0.4112434685230255,Abnormal,Sub-Optimal,Monitor,E02
112,109.24318311,-0.42876301,11.06,0.359,TM,Suspect,Circle_5m,E002A,0.4245939552783966,Abnormal,Sub-Optimal,Monitor,E02
113,109.24518638,-0.42825842,11.05,0.422,TM,Healthy,,E002A,0.4761576056480407,Healthy,Good,,E02
114,109.24511041,-0.42658951,11.04,0.375,TM,Suspect,Circle_5m,E002A,0.4366841912269592,Normal,Moderate,Routine,E02
115,109.24418212,-0.42822246,11.04,0.383,TM,Healthy,,E002A,0.4442115128040313,Normal,Moderate,Routine,E02
116,109.24332541,-0.42911979,11.03,0.46,TM,Healthy,,E002A,0.52559494972229,Healthy,Good,,E02
117,109.24406651,-0.42902546,11.02,0.438,TM,Healthy,,E002A,0.4911690950393677,Healthy,Good,,E02
118,109.24514085,-0.42897552,11.02,0.409,TM,Healthy,,E002A,0.4762770533561706,Healthy,Good,,E02
119,109.2449284,-0.43100473,10.98,0.359,TM,Suspect,Circle_5m,E002A,0.3946116864681244,Abnormal,Sub-Optimal,Monitor,E02
120,109.24531195,-0.42908046,10.98,0.325,TM,Suspect,Circle_5m,E002A,0.3901942074298858,Abnormal,Sub-Optimal,Monitor,E02
121,109.24313991,-0.43107756,10.92,0.403,TM,Healthy,,E002A,0.4548448026180267,Normal,Moderate,Routine,E02
122,109.24517056,-0.42474248,10.89,0.369,TM,Suspect,Circle_5m,E002A,0.4243084788322449,Abnormal,Sub-Optimal,Monitor,E02
123,109.24304825,-0.42928747,10.89,0.399,TM,Healthy,,E002A,0.4518794119358063,Normal,Moderate,Routine,E02
124,109.24492803,-0.42868926,10.88,0.418,TM,Healthy,,E002A,0.4849825501441955,Healthy,Good,,E02
125,109.24525015,-0.43027186,10.87,0.108,TM,Suspect,Circle_5m,E002A,0.1906939446926117,Suspect,Critical,Priority Survey,E02
126,109.24477979,-0.43075782,10.85,0.375,TM,Suspect,Circle_5m,E002A,0.4329360127449035,Normal,Moderate,Routine,E02
127,109.2451405,-0.42853512,10.79,0.395,TM,Healthy,,E002A,0.464144617319107,Healthy,Good,,E02
128,109.24362271,-0.42924284,10.79,0.439,TM,Healthy,,E002A,0.4957747161388397,Healthy,Good,,E02
129,109.24497334,-0.4289063,10.79,0.402,TM,Healthy,,E002A,0.4582762718200683,Normal,Moderate,Routine,E02
130,109.24524592,-0.42514356,10.79,0.334,TM,Suspect,Circle_5m,E002A,0.399366945028305,Abnormal,Sub-Optimal,Monitor,E02
131,109.24477892,-0.43065201,10.77,0.39,TM,Healthy,,E002A,0.4532613456249237,Normal,Moderate,Routine,E02
132,109.24467381,-0.42872944,10.71,0.374,TM,Suspect,Circle_5m,E002A,0.4359004199504852,Normal,Moderate,Routine,E02
133,109.24327637,-0.42946477,10.7,0.524,TM,Healthy,,E002A,0.5953708291053772,Healthy,Good,,E02
134,109.24462928,-0.43098838,10.61,0.385,TM,Healthy,,E002A,0.4584158062934875,Normal,Moderate,Routine,E02
135,109.24523333,-0.42917132,10.61,0.394,TM,Healthy,,E002A,0.4554458856582641,Normal,Moderate,Routine,E02
136,109.24508339,-0.43084108,10.61,0.485,TM,Healthy,,E002A,0.5406970381736755,Healthy,Good,,E02
137,109.24370624,-0.42928401,10.6,0.316,TM,Suspect,Circle_5m,E002A,0.3801572024822235,Suspect,Critical,Priority Survey,E02
138,109.2452573,-0.43040932,10.59,0.369,TM,Suspect,Circle_5m,E002A,0.428204745054245,Abnormal,Sub-Optimal,Monitor,E02
139,109.24301928,-0.42435947,10.58,0.389,TM,Healthy,,E002A,0.4416210353374481,Normal,Moderate,Routine,E02
140,109.2441055,-0.42937589,10.57,0.392,TM,Healthy,,E002A,0.4518784880638122,Normal,Moderate,Routine,E02
141,109.24334771,-0.42978898,10.53,0.357,TM,Suspect,Circle_5m,E002A,0.4285090267658233,Abnormal,Sub-Optimal,Monitor,E02
142,109.24304703,-0.43067874,10.49,0.356,TM,Suspect,Circle_5m,E002A,0.4175426661968231,Abnormal,Sub-Optimal,Monitor,E02
143,109.24521894,-0.42926446,10.47,0.389,TM,Healthy,,E002A,0.4515322148799896,Normal,Moderate,Routine,E02
144,109.24432248,-0.42917428,10.45,0.333,TM,Suspect,Circle_5m,E002A,0.4225640594959259,Abnormal,Sub-Optimal,Monitor,E02
145,109.24303487,-0.42491336,10.43,0.409,TM,Healthy,,E002A,0.4588993489742279,Normal,Moderate,Routine,E02
146,109.24303484,-0.42505443,10.4,0.352,TM,Suspect,Circle_5m,E002A,0.4174885153770447,Abnormal,Sub-Optimal,Monitor,E02
147,109.24385183,-0.43092625,10.37,0.332,TM,Suspect,Circle_5m,E002A,0.3920618891716003,Abnormal,Sub-Optimal,Monitor,E02
148,109.24512371,-0.42932458,10.36,0.39,TM,Healthy,,E002A,0.4553897976875305,Normal,Moderate,Routine,E02
149,109.24419036,-0.42950386,10.35,0.35,TM,Suspect,Circle_5m,E002A,0.4222616255283355,Abnormal,Sub-Optimal,Monitor,E02
150,109.24472108,-0.42823977,10.3,0.381,TM,Healthy,,E002A,0.4343705475330353,Normal,Moderate,Routine,E02
151,109.24304688,-0.42937926,10.26,0.379,TM,Suspect,Circle_5m,E002A,0.4492095112800598,Normal,Moderate,Routine,E02
152,109.24383064,-0.42934327,10.25,0.4,TM,Healthy,,E002A,0.4526134133338928,Normal,Moderate,Routine,E02
153,109.2452463,-0.4294286,10.25,0.344,TM,Suspect,Circle_5m,E002A,0.402656227350235,Abnormal,Sub-Optimal,Monitor,E02
154,109.24501955,-0.42913646,10.23,0.433,TM,Healthy,,E002A,0.485685795545578,Healthy,Good,,E02
155,109.24385872,-0.43026521,10.21,0.481,TM,Healthy,,E002A,0.5486341118812561,Healthy,Good,,E02
156,109.24347339,-0.42816443,10.2,0.364,TM,Suspect,Circle_5m,E002A,0.4389387965202331,Normal,Moderate,Routine,E02
157,109.24479329,-0.42866571,10.18,0.387,TM,Healthy,,E002A,0.4589460790157318,Normal,Moderate,Routine,E02
158,109.2452146,-0.42858035,10.18,0.357,TM,Suspect,Circle_5m,E002A,0.4171370267868042,Abnormal,Sub-Optimal,Monitor,E02
159,109.24316945,-0.42957507,10.18,0.36,TM,Suspect,Circle_5m,E002A,0.4274869859218597,Abnormal,Sub-Optimal,Monitor,E02
160,109.24303138,-0.42844285,10.18,0.331,TM,Suspect,Circle_5m,E002A,0.3942390382289886,Abnormal,Sub-Optimal,Monitor,E02
161,109.24524679,-0.42328295,10.18,0.025,TM,Suspect,Circle_5m,E002A,0.1068103164434433,Suspect,Critical,Priority Survey,E02
162,109.24395471,-0.42884412,10.15,0.484,TM,Healthy,,E002A,0.5398790240287781,Healthy,Good,,E02
163,109.24315363,-0.42804498,10.12,0.393,TM,Healthy,,E002A,0.4591577649116516,Normal,Moderate,Routine,E02
164,109.24526576,-0.426812,10.11,0.273,TM,Suspect,Circle_5m,E002A,0.3369359076023102,Suspect,Critical,Priority Survey,E02
165,109.24495178,-0.42494545,10.1,0.384,TM,Healthy,,E002A,0.4437398910522461,Normal,Moderate,Routine,E02
166,109.24509827,-0.43059195,10.1,0.394,TM,Healthy,,E002A,0.4619342088699341,Healthy,Good,,E02
167,109.24519492,-0.42424467,10.08,0.359,TM,Suspect,Circle_5m,E002A,0.4221247136592865,Abnormal,Sub-Optimal,Monitor,E02
168,109.24342151,-0.43115449,10.05,0.279,TM,Suspect,Circle_5m,E002A,0.3356519043445587,Suspect,Critical,Priority Survey,E02
169,109.24526349,-0.42692413,10.04,0.388,TM,Healthy,,E002A,0.4490136802196502,Normal,Moderate,Routine,E02
170,109.24420919,-0.42965172,10.03,0.4,TM,Healthy,,E002A,0.4557662308216095,Normal,Moderate,Routine,E02
171,109.24441277,-0.42910331,10.01,0.292,TM,Suspect,Circle_5m,E002A,0.3413049280643463,Suspect,Critical,Priority Survey,E02
172,109.2439192,-0.42700792,9.99,0.369,TM,Suspect,Circle_5m,E002A,0.4273379743099212,Abnormal,Sub-Optimal,Monitor,E02
173,109.24409844,-0.42882064,9.98,0.36,TM,Suspect,Circle_5m,E002A,0.3982024490833282,Abnormal,Sub-Optimal,Monitor,E02
174,109.24307948,-0.42821995,9.98,0.378,TM,Suspect,Circle_5m,E002A,0.4404721856117248,Normal,Moderate,Routine,E02
175,109.24304081,-0.42447477,9.97,0.376,TM,Suspect,Circle_5m,E002A,0.4318798780441284,Normal,Moderate,Routine,E02
176,109.24489179,-0.42804674,9.94,0.356,TM,Suspect,Circle_5m,E002A,0.3977184891700744,Abnormal,Sub-Optimal,Monitor,E02
177,109.24517932,-0.42967681,9.9,0.353,TM,Suspect,Circle_5m,E002A,0.4286260604858398,Abnormal,Sub-Optimal,Monitor,E02
178,109.24502502,-0.43074069,9.89,0.345,TM,Suspect,Circle_5m,E002A,0.4100893139839172,Abnormal,Sub-Optimal,Monitor,E02
179,109.24416303,-0.43117411,9.88,0.274,TM,Suspect,Circle_5m,E002A,0.3232120275497436,Suspect,Critical,Priority Survey,E02
180,109.24487956,-0.43048158,9.85,0.404,TM,Healthy,,E002A,0.4634110927581787,Healthy,Good,,E02
181,109.24462615,-0.43090066,9.81,0.369,TM,Suspect,Circle_5m,E002A,0.4354663491249084,Normal,Moderate,Routine,E02
182,109.24523552,-0.42544649,9.8,0.332,TM,Suspect,Circle_5m,E002A,0.3949135243892669,Abnormal,Sub-Optimal,Monitor,E02
183,109.24299665,-0.42312645,9.79,0.476,TM,Healthy,,E002A,0.5514696836471558,Healthy,Good,,E02
184,109.24461367,-0.42852098,9.79,0.366,TM,Suspect,Circle_5m,E002A,0.4324572682380676,Normal,Moderate,Routine,E02
185,109.24405348,-0.42309232,9.77,0.49,TM,Healthy,,E002A,0.5459105968475342,Healthy,Good,,E02
186,109.24358262,-0.42776927,9.76,0.305,TM,Suspect,Circle_5m,E002A,0.3568115234375,Suspect,Critical,Priority Survey,E02
187,109.24301931,-0.42420709,9.76,0.356,TM,Suspect,Circle_5m,E002A,0.4127029478549957,Abnormal,Sub-Optimal,Monitor,E02
188,109.24423381,-0.43000215,9.75,0.413,TM,Healthy,,E002A,0.4645071923732757,Healthy,Good,,E02
189,109.24453726,-0.4307442,9.74,0.368,TM,Suspect,Circle_5m,E002A,0.425040453672409,Abnormal,Sub-Optimal,Monitor,E02
190,109.24467031,-0.43027942,9.73,0.409,TM,Healthy,,E002A,0.4636363089084625,Healthy,Good,,E02
191,109.2432841,-0.42904201,9.73,0.421,TM,Healthy,,E002A,0.4677299857139587,Healthy,Good,,E02
192,109.24414153,-0.4289251,9.72,0.398,TM,Healthy,,E002A,0.4569011628627777,Normal,Moderate,Routine,E02
193,109.2440251,-0.42938491,9.71,0.458,TM,Healthy,,E002A,0.513732373714447,Healthy,Good,,E02
194,109.24329415,-0.43027186,9.69,0.399,TM,Healthy,,E002A,0.4445584416389465,Normal,Moderate,Routine,E02
195,109.24481093,-0.4301117,9.67,0.41,TM,Healthy,,E002A,0.4697655439376831,Healthy,Good,,E02
196,109.24350935,-0.42803874,9.66,0.51,TM,Healthy,,E002A,0.555396318435669,Healthy,Good,,E02
197,109.24416017,-0.42794529,9.66,0.41,TM,Healthy,,E002A,0.4896641671657562,Healthy,Good,,E02
198,109.24395283,-0.4311935,9.66,0.201,TM,Suspect,Circle_5m,E002A,0.2718688249588012,Suspect,Critical,Priority Survey,E02
199,109.24429735,-0.42907118,9.65,0.467,TM,Healthy,,E002A,0.5169134140014648,Healthy,Good,,E02
200,109.24524586,-0.42341317,9.64,0.062,TM,Suspect,Circle_5m,E002A,0.1302850842475891,Suspect,Critical,Priority Survey,E02
201,109.24519518,-0.4310274,9.63,0.301,TM,Suspect,Circle_5m,E002A,0.3781803250312805,Suspect,Critical,Priority Survey,E02
202,109.24525651,-0.42994632,9.63,0.306,TM,Suspect,Circle_5m,E002A,0.3758411705493927,Suspect,Critical,Priority Survey,E02
203,109.24405934,-0.42891378,9.63,0.33,TM,Suspect,Circle_5m,E002A,0.3912311494350433,Abnormal,Sub-Optimal,Monitor,E02
204,109.24336423,-0.42825438,9.61,0.446,TM,Healthy,,E002A,0.5172181129455566,Healthy,Good,,E02
205,109.24348822,-0.43011501,9.61,0.338,TM,Suspect,Circle_5m,E002A,0.415205717086792,Abnormal,Sub-Optimal,Monitor,E02
206,109.24367402,-0.43071189,9.58,0.363,TM,Suspect,Circle_5m,E002A,0.4229666888713836,Abnormal,Sub-Optimal,Monitor,E02
207,109.24388008,-0.42322431,9.56,0.35,TM,Suspect,Circle_5m,E002A,0.4351650774478912,Normal,Moderate,Routine,E02
208,109.24374266,-0.42911175,9.55,0.381,TM,Healthy,,E002A,0.4265425205230713,Abnormal,Sub-Optimal,Monitor,E02
209,109.24422172,-0.42789376,9.52,0.312,TM,Suspect,Circle_5m,E002A,0.3782646954059601,Suspect,Critical,Priority Survey,E02
210,109.24303608,-0.4294629,9.52,0.418,TM,Healthy,,E002A,0.4741989374160766,Healthy,Good,,E02
211,109.24525541,-0.42886432,9.51,0.388,TM,Healthy,,E002A,0.462231695652008,Healthy,Good,,E02
212,109.24394082,-0.43065634,9.5,0.366,TM,Suspect,Circle_5m,E002A,0.4258071482181549,Abnormal,Sub-Optimal,Monitor,E02
213,109.24510639,-0.43040024,9.48,0.375,TM,Suspect,Circle_5m,E002A,0.4203077256679535,Abnormal,Sub-Optimal,Monitor,E02
214,109.24420197,-0.42781508,9.46,0.367,TM,Suspect,Circle_5m,E002A,0.4473267197608948,Normal,Moderate,Routine,E02
215,109.24518644,-0.42996619,9.45,0.491,TM,Healthy,,E002A,0.5509892702102661,Healthy,Good,,E02
216,109.24364494,-0.43021362,9.45,0.409,TM,Healthy,,E002A,0.4728577435016632,Healthy,Good,,E02
217,109.24431646,-0.42994565,9.44,0.31,TM,Suspect,Circle_5m,E002A,0.3811341226100921,Suspect,Critical,Priority Survey,E02
218,109.24513551,-0.42481753,9.4,0.384,TM,Healthy,,E002A,0.4388603568077087,Normal,Moderate,Routine,E02
219,109.2430402,-0.42715512,9.4,0.369,TM,Suspect,Circle_5m,E002A,0.4338898062705993,Normal,Moderate,Routine,E02
220,109.24511029,-0.43105541,9.4,0.372,TM,Suspect,Circle_5m,E002A,0.4271669089794159,Abnormal,Sub-Optimal,Monitor,E02
221,109.24326814,-0.42812323,9.4,0.366,TM,Suspect,Circle_5m,E002A,0.4152006804943084,Abnormal,Sub-Optimal,Monitor,E02
222,109.24342943,-0.4298749,9.39,0.348,TM,Suspect,Circle_5m,E002A,0.3866463899612427,Suspect,Critical,Priority Survey,E02
223,109.24317189,-0.43071811,9.38,0.422,TM,Healthy,,E002A,0.4794761836528778,Healthy,Good,,E02
224,109.24512101,-0.42536237,9.37,0.412,TM,Healthy,,E002A,0.4704465270042419,Healthy,Good,,E02
225,109.24527797,-0.42446081,9.37,0.309,TM,Suspect,Circle_5m,E002A,0.3804099261760711,Suspect,Critical,Priority Survey,E02
226,109.24382126,-0.43104788,9.37,0.407,TM,Healthy,,E002A,0.459606260061264,Normal,Moderate,Routine,E02
227,109.24455158,-0.4290007,9.35,0.36,TM,Suspect,Circle_5m,E002A,0.4186980724334717,Abnormal,Sub-Optimal,Monitor,E02
228,109.24431708,-0.43117505,9.34,0.198,TM,Suspect,Circle_5m,E002A,0.2634467780590057,Suspect,Critical,Priority Survey,E02
229,109.24485795,-0.42874079,9.33,0.331,TM,Suspect,Circle_5m,E002A,0.3926303684711456,Abnormal,Sub-Optimal,Monitor,E02
230,109.24304538,-0.42413204,9.33,0.343,TM,Suspect,Circle_5m,E002A,0.3917447030544281,Abnormal,Sub-Optimal,Monitor,E02
231,109.24445892,-0.42364314,9.31,0.379,TM,Suspect,Circle_5m,E002A,0.4302153885364532,Normal,Moderate,Routine,E02
232,109.24412695,-0.42983935,9.31,0.316,TM,Suspect,Circle_5m,E002A,0.3713829219341278,Suspect,Critical,Priority Survey,E02
233,109.24390415,-0.42999529,9.3,0.392,TM,Healthy,,E002A,0.448067158460617,Normal,Moderate,Routine,E02
234,109.24441549,-0.42898665,9.27,0.302,TM,Suspect,Circle_5m,E002A,0.3537620604038238,Suspect,Critical,Priority Survey,E02
235,109.2437735,-0.42781001,9.27,0.354,TM,Suspect,Circle_5m,E002A,0.4347037971019745,Normal,Moderate,Routine,E02
236,109.24408403,-0.43096384,9.27,0.424,TM,Healthy,,E002A,0.4640294015407562,Healthy,Good,,E02
237,109.24526686,-0.4298378,9.26,0.129,TM,Suspect,Circle_5m,E002A,0.1896952837705612,Suspect,Critical,Priority Survey,E02
238,109.24353555,-0.42937078,9.26,0.399,TM,Healthy,,E002A,0.4564365148544311,Normal,Moderate,Routine,E02
239,109.24474574,-0.42839893,9.24,0.339,TM,Suspect,Circle_5m,E002A,0.4059553444385528,Abnormal,Sub-Optimal,Monitor,E02
240,109.24340137,-0.43084295,9.24,0.448,TM,Healthy,,E002A,0.5006201267242432,Healthy,Good,,E02
241,109.24350706,-0.42825486,9.24,0.475,TM,Healthy,,E002A,0.5325013399124146,Healthy,Good,,E02
242,109.24470653,-0.4290039,9.24,0.356,TM,Suspect,Circle_5m,E002A,0.4134423434734344,Abnormal,Sub-Optimal,Monitor,E02
243,109.24392707,-0.42992114,9.23,0.456,TM,Healthy,,E002A,0.5233808755874634,Healthy,Good,,E02
244,109.24435988,-0.42865838,9.22,0.356,TM,Suspect,Circle_5m,E002A,0.4088326394557953,Abnormal,Sub-Optimal,Monitor,E02
245,109.24369427,-0.43053375,9.2,0.427,TM,Healthy,,E002A,0.5092585682868958,Healthy,Good,,E02
246,109.24462806,-0.43039109,9.2,0.434,TM,Healthy,,E002A,0.4917744398117065,Healthy,Good,,E02
247,109.24406971,-0.43072917,9.19,0.345,TM,Suspect,Circle_5m,E002A,0.4008234143257141,Abnormal,Sub-Optimal,Monitor,E02
248,109.24357339,-0.42885579,9.19,0.443,TM,Healthy,,E002A,0.5161561369895935,Healthy,Good,,E02
249,109.24495172,-0.42917126,9.19,0.332,TM,Suspect,Circle_5m,E002A,0.4089821279048919,Abnormal,Sub-Optimal,Monitor,E02
250,109.24350188,-0.4233454,9.18,0.389,TM,Healthy,,E002A,0.4422496855258941,Normal,Moderate,Routine,E02
251,109.24416516,-0.42775132,9.18,0.39,TM,Healthy,,E002A,0.4556151032447815,Normal,Moderate,Routine,E02
252,109.2432506,-0.42822948,9.17,0.39,TM,Healthy,,E002A,0.4386557042598724,Normal,Moderate,Routine,E02
253,109.24525211,-0.42954842,9.17,0.161,TM,Suspect,Circle_5m,E002A,0.2424584478139877,Suspect,Critical,Priority Survey,E02
254,109.24398694,-0.4273466,9.16,0.411,TM,Healthy,,E002A,0.4725129306316376,Healthy,Good,,E02
255,109.24520227,-0.42552697,9.15,0.411,TM,Healthy,,E002A,0.4722062349319458,Healthy,Good,,E02
256,109.24317095,-0.42889684,9.15,0.369,TM,Suspect,Circle_5m,E002A,0.4214890897274017,Abnormal,Sub-Optimal,Monitor,E02
257,109.24446857,-0.4246763,9.15,0.33,TM,Suspect,Circle_5m,E002A,0.4033729434013366,Abnormal,Sub-Optimal,Monitor,E02
258,109.24525074,-0.42370255,9.14,0.024,TM,Suspect,Circle_5m,E002A,0.1094750016927719,Suspect,Critical,Priority Survey,E02
259,109.2445507,-0.43088346,9.12,0.495,TM,Healthy,,E002A,0.5377774834632874,Healthy,Good,,E02
260,109.24417027,-0.43094351,9.12,0.442,TM,Healthy,,E002A,0.5126973390579224,Healthy,Good,,E02
261,109.24297732,-0.42320331,9.1,0.398,TM,Healthy,,E002A,0.4533937871456146,Normal,Moderate,Routine,E02
262,109.24515929,-0.42888238,9.05,0.343,TM,Suspect,Circle_5m,E002A,0.4122882187366485,Abnormal,Sub-Optimal,Monitor,E02
263,109.24431399,-0.42899432,9.05,0.438,TM,Healthy,,E002A,0.4971783459186554,Healthy,Good,,E02
264,109.24310731,-0.43025916,9.05,0.457,TM,Healthy,,E002A,0.5433984994888306,Healthy,Good,,E02
265,109.24508112,-0.42499114,9.04,0.321,TM,Suspect,Circle_5m,E002A,0.3870671689510345,Suspect,Critical,Priority Survey,E02
266,109.24516371,-0.42525296,9.03,0.456,TM,Healthy,,E002A,0.5105748772621155,Healthy,Good,,E02
267,109.24400489,-0.42545119,9.03,0.423,TM,Healthy,,E002A,0.4767032563686371,Healthy,Good,,E02
268,109.24320434,-0.43020764,9.02,0.382,TM,Healthy,,E002A,0.4228982329368591,Abnormal,Sub-Optimal,Monitor,E02
269,109.24476182,-0.42881401,9.01,0.37,TM,Suspect,Circle_5m,E002A,0.4373944997787475,Normal,Moderate,Routine,E02
270,109.24386609,-0.42946943,9.0,0.418,TM,Healthy,,E002A,0.4570936858654022,Normal,Moderate,Routine,E02
271,109.24486791,-0.42443676,9.0,0.366,TM,Suspect,Circle_5m,E002A,0.4285275340080261,Abnormal,Sub-Optimal,Monitor,E02
272,109.24410441,-0.42824686,8.94,0.373,TM,Suspect,Circle_5m,E002A,0.4212638139724731,Abnormal,Sub-Optimal,Monitor,E02
273,109.24352124,-0.4270856,8.92,0.429,TM,Healthy,,E002A,0.4761510789394378,Healthy,Good,,E02
274,109.24388365,-0.42928224,8.9,0.347,TM,Suspect,Circle_5m,E002A,0.3998796939849853,Abnormal,Sub-Optimal,Monitor,E02
275,109.2430327,-0.43052184,8.9,0.373,TM,Suspect,Circle_5m,E002A,0.4399704039096832,Normal,Moderate,Routine,E02
276,109.24307417,-0.42392089,8.89,0.371,TM,Suspect,Circle_5m,E002A,0.4306322038173675,Normal,Moderate,Routine,E02
277,109.2430426,-0.42647238,8.89,0.327,TM,Suspect,Circle_5m,E002A,0.3884294927120209,Suspect,Critical,Priority Survey,E02
278,109.24408111,-0.42998764,8.88,0.542,TM,Healthy,,E002A,0.6007735133171082,Healthy,Good,,E02
279,109.24425825,-0.42722006,8.86,0.397,TM,Healthy,,E002A,0.4458648860454559,Normal,Moderate,Routine,E02
280,109.2432419,-0.43094872,8.84,0.401,TM,Healthy,,E002A,0.4580541551113128,Normal,Moderate,Routine,E02
281,109.24391102,-0.42543082,8.83,0.427,TM,Healthy,,E002A,0.4793345928192138,Healthy,Good,,E02
282,109.24500901,-0.42807887,8.82,0.519,TM,Healthy,,E002A,0.5878328084945679,Healthy,Good,,E02
283,109.24324408,-0.42925451,8.82,0.364,TM,Suspect,Circle_5m,E002A,0.4321914911270141,Normal,Moderate,Routine,E02
284,109.24397045,-0.42677508,8.8,0.368,TM,Suspect,Circle_5m,E002A,0.4293167889118194,Abnormal,Sub-Optimal,Monitor,E02
285,109.24506255,-0.42369256,8.79,0.373,TM,Suspect,Circle_5m,E002A,0.4327295124530792,Normal,Moderate,Routine,E02
286,109.2440497,-0.42982622,8.79,0.472,TM,Healthy,,E002A,0.5157346129417419,Healthy,Good,,E02
287,109.24522148,-0.42597958,8.78,0.271,TM,Suspect,Circle_5m,E002A,0.3327002227306366,Suspect,Critical,Priority Survey,E02
288,109.24398964,-0.42533001,8.75,0.379,TM,Suspect,Circle_5m,E002A,0.4416667222976684,Normal,Moderate,Routine,E02
289,109.24329978,-0.42328432,8.75,0.376,TM,Suspect,Circle_5m,E002A,0.4225579798221588,Abnormal,Sub-Optimal,Monitor,E02
290,109.24497149,-0.42518057,8.74,0.383,TM,Healthy,,E002A,0.4509341120719909,Normal,Moderate,Routine,E02
291,109.24386851,-0.42672532,8.73,0.33,TM,Suspect,Circle_5m,E002A,0.3911342620849609,Abnormal,Sub-Optimal,Monitor,E02
292,109.24456423,-0.4306601,8.72,0.412,TM,Healthy,,E002A,0.4774654507637024,Healthy,Good,,E02
293,109.24387268,-0.43008978,8.72,0.403,TM,Healthy,,E002A,0.470475971698761,Healthy,Good,,E02
294,109.24304688,-0.42743003,8.71,0.444,TM,Healthy,,E002A,0.496683806180954,Healthy,Good,,E02
295,109.24319698,-0.42305415,8.71,0.397,TM,Healthy,,E002A,0.4660346210002899,Healthy,Good,,E02
296,109.24523499,-0.4297555,8.71,0.127,TM,Suspect,Circle_5m,E002A,0.2032157629728317,Suspect,Critical,Priority Survey,E02
297,109.24411034,-0.42784942,8.7,0.363,TM,Suspect,Circle_5m,E002A,0.4355838000774383,Normal,Moderate,Routine,E02
298,109.24524318,-0.42734237,8.69,0.499,TM,Healthy,,E002A,0.5574743151664734,Healthy,Good,,E02
299,109.24330911,-0.42967276,8.66,0.274,TM,Suspect,Circle_5m,E002A,0.3478480577468872,Suspect,Critical,Priority Survey,E02
300,109.24524549,-0.42705073,8.66,0.166,TM,Suspect,Circle_5m,E002A,0.2373991906642913,Suspect,Critical,Priority Survey,E02
301,109.24486182,-0.42356953,8.63,0.339,TM,Suspect,Circle_5m,E002A,0.4310761988162994,Normal,Moderate,Routine,E02
302,109.24342514,-0.42307862,8.62,0.317,TM,Suspect,Circle_5m,E002A,0.3888245522975921,Suspect,Critical,Priority Survey,E02
303,109.24422817,-0.42318415,8.59,0.369,TM,Suspect,Circle_5m,E002A,0.4278319776058197,Abnormal,Sub-Optimal,Monitor,E02
304,109.2452541,-0.42868888,8.58,0.353,TM,Suspect,Circle_5m,E002A,0.4188718795776367,Abnormal,Sub-Optimal,Monitor,E02
305,109.24488009,-0.43013478,8.58,0.359,TM,Suspect,Circle_5m,E002A,0.4142316281795501,Abnormal,Sub-Optimal,Monitor,E02
306,109.24522826,-0.42381603,8.58,0.102,TM,Suspect,Circle_5m,E002A,0.1816682964563369,Suspect,Critical,Priority Survey,E02
307,109.24390623,-0.42875097,8.57,0.401,TM,Healthy,,E002A,0.4888379573822021,Healthy,Good,,E02
308,109.24327244,-0.42305055,8.56,0.398,TM,Healthy,,E002A,0.469483345746994,Healthy,Good,,E02
309,109.24338311,-0.42817842,8.53,0.315,TM,Suspect,Circle_5m,E002A,0.3708496689796448,Suspect,Critical,Priority Survey,E02
310,109.24501326,-0.42317709,8.52,0.337,TM,Suspect,Circle_5m,E002A,0.3985892534255981,Abnormal,Sub-Optimal,Monitor,E02
311,109.24339583,-0.42954211,8.51,0.342,TM,Suspect,Circle_5m,E002A,0.4166425764560699,Abnormal,Sub-Optimal,Monitor,E02
312,109.24464746,-0.42805663,8.5,0.339,TM,Suspect,Circle_5m,E002A,0.4062978625297546,Abnormal,Sub-Optimal,Monitor,E02
313,109.24492479,-0.42315944,8.49,0.335,TM,Suspect,Circle_5m,E002A,0.3883276283740997,Suspect,Critical,Priority Survey,E02
314,109.24481864,-0.42582304,8.48,0.354,TM,Suspect,Circle_5m,E002A,0.4375858604907989,Normal,Moderate,Routine,E02
315,109.24319006,-0.42784605,8.48,0.406,TM,Healthy,,E002A,0.4666091203689575,Healthy,Good,,E02
316,109.24304837,-0.4267717,8.47,0.273,TM,Suspect,Circle_5m,E002A,0.3387550711631775,Suspect,Critical,Priority Survey,E02
317,109.24366286,-0.43040624,8.46,0.344,TM,Suspect,Circle_5m,E002A,0.403841495513916,Abnormal,Sub-Optimal,Monitor,E02
318,109.24441411,-0.43110951,8.46,0.312,TM,Suspect,Circle_5m,E002A,0.368533045053482,Suspect,Critical,Priority Survey,E02
319,109.24304562,-0.42704932,8.46,0.294,TM,Suspect,Circle_5m,E002A,0.353756844997406,Suspect,Critical,Priority Survey,E02
320,109.24425078,-0.42845353,8.44,0.367,TM,Suspect,Circle_5m,E002A,0.4193472862243652,Abnormal,Sub-Optimal,Monitor,E02
321,109.24453247,-0.4280982,8.4,0.396,TM,Healthy,,E002A,0.4619654417037964,Healthy,Good,,E02
322,109.2449129,-0.43003667,8.4,0.394,TM,Healthy,,E002A,0.4497553408145904,Normal,Moderate,Routine,E02
323,109.24391769,-0.42372485,8.4,0.344,TM,Suspect,Circle_5m,E002A,0.4260691106319427,Abnormal,Sub-Optimal,Monitor,E02
324,109.24354684,-0.42908864,8.4,0.44,TM,Healthy,,E002A,0.4898238778114319,Healthy,Good,,E02
325,109.24312117,-0.42860881,8.4,0.375,TM,Suspect,Circle_5m,E002A,0.4191921949386596,Abnormal,Sub-Optimal,Monitor,E02
326,109.24302802,-0.4234416,8.39,0.323,TM,Suspect,Circle_5m,E002A,0.3795240521430969,Suspect,Critical,Priority Survey,E02
327,109.2439402,-0.42551764,8.38,0.485,TM,Healthy,,E002A,0.5596411228179932,Healthy,Good,,E02
328,109.2448004,-0.42901116,8.38,0.459,TM,Healthy,,E002A,0.5111676454544067,Healthy,Good,,E02
329,109.24392564,-0.43029416,8.35,0.425,TM,Healthy,,E002A,0.4795252680778503,Healthy,Good,,E02
330,109.24358038,-0.42376411,8.35,0.358,TM,Suspect,Circle_5m,E002A,0.4181855618953705,Abnormal,Sub-Optimal,Monitor,E02
331,109.24484323,-0.43026453,8.34,0.437,TM,Healthy,,E002A,0.4850830435752868,Healthy,Good,,E02
332,109.24476189,-0.42454254,8.34,0.419,TM,Healthy,,E002A,0.4817598760128021,Healthy,Good,,E02
333,109.24501019,-0.4248487,8.33,0.313,TM,Suspect,Circle_5m,E002A,0.3780249357223511,Suspect,Critical,Priority Survey,E02
334,109.24418469,-0.43070116,8.31,0.369,TM,Suspect,Circle_5m,E002A,0.4376786053180694,Normal,Moderate,Routine,E02
335,109.24489392,-0.42462667,8.31,0.301,TM,Suspect,Circle_5m,E002A,0.3640717267990112,Suspect,Critical,Priority Survey,E02
336,109.2437592,-0.42943775,8.3,0.383,TM,Healthy,,E002A,0.434878945350647,Normal,Moderate,Routine,E02
337,109.24384375,-0.42695862,8.29,0.392,TM,Healthy,,E002A,0.4590254426002502,Normal,Moderate,Routine,E02
338,109.24381195,-0.42659283,8.28,0.343,TM,Suspect,Circle_5m,E002A,0.4036934971809387,Abnormal,Sub-Optimal,Monitor,E02
339,109.24439004,-0.42437335,8.27,0.333,TM,Suspect,Circle_5m,E002A,0.3955907821655273,Abnormal,Sub-Optimal,Monitor,E02
340,109.24319003,-0.42798169,8.26,0.418,TM,Healthy,,E002A,0.4770662486553192,Healthy,Good,,E02
341,109.24507545,-0.42428081,8.25,0.39,TM,Healthy,,E002A,0.455910861492157,Normal,Moderate,Routine,E02
342,109.24398949,-0.42798685,8.24,0.339,TM,Suspect,Circle_5m,E002A,0.4107592403888702,Abnormal,Sub-Optimal,Monitor,E02
343,109.24525339,-0.4258982,8.24,0.333,TM,Suspect,Circle_5m,E002A,0.3949147462844848,Abnormal,Sub-Optimal,Monitor,E02
344,109.24462814,-0.42414145,8.23,0.401,TM,Healthy,,E002A,0.4496849775314331,Normal,Moderate,Routine,E02
345,109.24303424,-0.42771443,8.23,0.357,TM,Suspect,Circle_5m,E002A,0.4044525623321533,Abnormal,Sub-Optimal,Monitor,E02
346,109.24354415,-0.42312883,8.22,0.383,TM,Healthy,,E002A,0.4407201111316681,Normal,Moderate,Routine,E02
347,109.24378254,-0.42951733,8.18,0.296,TM,Suspect,Circle_5m,E002A,0.3679725527763366,Suspect,Critical,Priority Survey,E02
348,109.24521251,-0.4239571,8.13,0.264,TM,Suspect,Circle_5m,E002A,0.3228683173656463,Suspect,Critical,Priority Survey,E02
349,109.243532,-0.42916822,8.12,0.419,TM,Healthy,,E002A,0.4827007949352264,Healthy,Good,,E02
350,109.24503753,-0.42509106,8.11,0.37,TM,Suspect,Circle_5m,E002A,0.427006721496582,Abnormal,Sub-Optimal,Monitor,E02
351,109.24413309,-0.42853353,8.1,0.397,TM,Healthy,,E002A,0.4829926788806915,Healthy,Good,,E02
352,109.24446237,-0.42429017,8.1,0.353,TM,Suspect,Circle_5m,E002A,0.4126248061656952,Abnormal,Sub-Optimal,Monitor,E02
353,109.24445217,-0.42373356,8.07,0.348,TM,Suspect,Circle_5m,E002A,0.4166754484176636,Abnormal,Sub-Optimal,Monitor,E02
354,109.24305144,-0.42514712,8.05,0.436,TM,Healthy,,E002A,0.5038228631019592,Healthy,Good,,E02
355,109.24462042,-0.42451221,8.05,0.349,TM,Suspect,Circle_5m,E002A,0.4070151150226593,Abnormal,Sub-Optimal,Monitor,E02
356,109.24400097,-0.42689355,8.04,0.405,TM,Healthy,,E002A,0.4429936110973358,Normal,Moderate,Routine,E02
357,109.24400252,-0.42991844,8.04,0.43,TM,Healthy,,E002A,0.4750142097473144,Healthy,Good,,E02
358,109.2428282,-0.4311331,8.03,0.392,TM,Healthy,,E002A,,Healthy,Good,,E02
359,109.24331173,-0.42804683,8.03,0.366,TM,Suspect,Circle_5m,E002A,0.4253127574920654,Abnormal,Sub-Optimal,Monitor,E02
360,109.24383516,-0.43115233,8.02,0.317,TM,Suspect,Circle_5m,E002A,0.3885347843170166,Suspect,Critical,Priority Survey,E02
361,109.24343705,-0.42996262,8.02,0.434,TM,Healthy,,E002A,0.4815021455287933,Healthy,Good,,E02
362,109.24523009,-0.4256477,8.0,0.257,TM,Suspect,Circle_5m,E002A,0.3223066329956054,Suspect,Critical,Priority Survey,E02
363,109.2432485,-0.42956921,7.99,0.491,TM,Healthy,,E002A,0.5370947122573853,Healthy,Good,,E02
364,109.24384806,-0.42777385,7.99,0.374,TM,Suspect,Circle_5m,E002A,0.4419283866882324,Normal,Moderate,Routine,E02
365,109.24306951,-0.42465609,7.98,0.393,TM,Healthy,,E002A,0.430507630109787,Normal,Moderate,Routine,E02
366,109.24514019,-0.42989565,7.98,0.475,TM,Healthy,,E002A,0.5316219925880432,Healthy,Good,,E02
367,109.2449683,-0.42538901,7.96,0.412,TM,Healthy,,E002A,0.4737888276576996,Healthy,Good,,E02
368,109.24353152,-0.42734152,7.96,0.453,TM,Healthy,,E002A,0.5039031505584717,Healthy,Good,,E02
369,109.24362685,-0.42681162,7.96,0.338,TM,Suspect,Circle_5m,E002A,0.3924435079097748,Abnormal,Sub-Optimal,Monitor,E02
370,109.24395,-0.42783989,7.94,0.471,TM,Healthy,,E002A,0.5154891014099121,Healthy,Good,,E02
371,109.24431944,-0.43067271,7.89,0.385,TM,Healthy,,E002A,0.4268338680267334,Abnormal,Sub-Optimal,Monitor,E02
372,109.243216,-0.42829956,7.87,0.421,TM,Healthy,,E002A,0.4725265204906463,Healthy,Good,,E02
373,109.24404446,-0.42920677,7.87,0.329,TM,Suspect,Circle_5m,E002A,0.4088641703128814,Abnormal,Sub-Optimal,Monitor,E02
374,109.2433324,-0.42997978,7.86,0.389,TM,Healthy,,E002A,0.4600328207015991,Healthy,Good,,E02
375,109.24319484,-0.43052414,7.86,0.451,TM,Healthy,,E002A,0.4947785139083862,Healthy,Good,,E02
376,109.24449701,-0.42405686,7.86,0.405,TM,Healthy,,E002A,0.4648082256317138,Healthy,Good,,E02
377,109.24303615,-0.42521992,7.85,0.403,TM,Healthy,,E002A,0.4645357728004455,Healthy,Good,,E02
378,109.24466972,-0.42893607,7.84,0.329,TM,Suspect,Circle_5m,E002A,0.3936905860900879,Abnormal,Sub-Optimal,Monitor,E02
379,109.24418402,-0.42972044,7.84,0.359,TM,Suspect,Circle_5m,E002A,0.4474182724952698,Normal,Moderate,Routine,E02
380,109.24459997,-0.42358574,7.83,0.431,TM,Healthy,,E002A,0.4909672737121582,Healthy,Good,,E02
381,109.24520753,-0.42411309,7.83,0.256,TM,Suspect,Circle_5m,E002A,0.3264183402061462,Suspect,Critical,Priority Survey,E02
382,109.24337678,-0.43033428,7.81,0.301,TM,Suspect,Circle_5m,E002A,0.368593156337738,Suspect,Critical,Priority Survey,E02
383,109.24496805,-0.42452404,7.8,0.423,TM,Healthy,,E002A,0.4780769050121307,Healthy,Good,,E02
384,109.24304365,-0.42780441,7.8,0.363,TM,Suspect,Circle_5m,E002A,0.4332787692546844,Normal,Moderate,Routine,E02
385,109.24368564,-0.42305833,7.79,0.463,TM,Healthy,,E002A,0.5128517746925354,Healthy,Good,,E02
386,109.24418187,-0.42930672,7.79,0.443,TM,Healthy,,E002A,0.4888657331466675,Healthy,Good,,E02
387,109.24383429,-0.42312709,7.79,0.452,TM,Healthy,,E002A,0.4985338151454925,Healthy,Good,,E02
388,109.24369533,-0.42985326,7.78,0.356,TM,Suspect,Circle_5m,E002A,0.4222908616065979,Abnormal,Sub-Optimal,Monitor,E02
389,109.2447076,-0.42430966,7.77,0.389,TM,Healthy,,E002A,0.4410409033298492,Normal,Moderate,Routine,E02
390,109.24304133,-0.42811052,7.75,0.268,TM,Suspect,Circle_5m,E002A,0.3395272195339203,Suspect,Critical,Priority Survey,E02
391,109.24483227,-0.4231558,7.75,0.309,TM,Suspect,Circle_5m,E002A,0.3571365773677826,Suspect,Critical,Priority Survey,E02
392,109.24499295,-0.42363738,7.74,0.371,TM,Suspect,Circle_5m,E002A,0.4316198825836181,Normal,Moderate,Routine,E02
393,109.24422053,-0.43112031,7.74,0.325,TM,Suspect,Circle_5m,E002A,0.3984092473983764,Abnormal,Sub-Optimal,Monitor,E02
394,109.24354926,-0.42832224,7.74,0.403,TM,Healthy,,E002A,0.439386248588562,Normal,Moderate,Routine,E02
395,109.24482963,-0.42884297,7.73,0.405,TM,Healthy,,E002A,0.4597053229808807,Normal,Moderate,Routine,E02
396,109.24479242,-0.42657542,7.73,0.548,TM,Healthy,,E002A,0.6018943190574646,Healthy,Good,,E02
397,109.24443533,-0.43064063,7.73,0.381,TM,Healthy,,E002A,0.4547200798988342,Normal,Moderate,Routine,E02
398,109.24527543,-0.4257612,7.72,0.393,TM,Healthy,,E002A,0.4580154418945312,Normal,Moderate,Routine,E02
399,109.24331311,-0.42789174,7.72,0.436,TM,Healthy,,E002A,0.4903346598148346,Healthy,Good,,E02
400,109.24514,-0.42680202,7.7,0.458,TM,Healthy,,E002A,0.5160283446311951,Healthy,Good,,E02
401,109.24397985,-0.42494387,7.7,0.311,TM,Suspect,Circle_5m,E002A,0.3740686774253845,Suspect,Critical,Priority Survey,E02
402,109.24341198,-0.42962034,7.68,0.375,TM,Suspect,Circle_5m,E002A,0.4300792813301086,Normal,Moderate,Routine,E02
403,109.24514554,-0.42612832,7.67,0.412,TM,Healthy,,E002A,0.467439740896225,Healthy,Good,,E02
404,109.24350983,-0.42391783,7.64,0.301,TM,Suspect,Circle_5m,E002A,0.3694257140159607,Suspect,Critical,Priority Survey,E02
405,109.24433782,-0.42688458,7.64,0.365,TM,Suspect,Circle_5m,E002A,0.4187216162681579,Abnormal,Sub-Optimal,Monitor,E02
406,109.24314846,-0.42312241,7.63,0.443,TM,Healthy,,E002A,0.4996693134307861,Healthy,Good,,E02
407,109.2433086,-0.42400686,7.62,0.358,TM,Suspect,Circle_5m,E002A,0.419842779636383,Abnormal,Sub-Optimal,Monitor,E02
408,109.24472208,-0.42382315,7.6,0.286,TM,Suspect,Circle_5m,E002A,0.3638853728771209,Suspect,Critical,Priority Survey,E02
409,109.2437822,-0.42705356,7.59,0.374,TM,Suspect,Circle_5m,E002A,0.4385888576507568,Normal,Moderate,Routine,E02
410,109.24463575,-0.42821533,7.59,0.408,TM,Healthy,,E002A,0.4597113728523254,Normal,Moderate,Routine,E02
411,109.24401177,-0.42478653,7.58,0.449,TM,Healthy,,E002A,0.5266656279563904,Healthy,Good,,E02
412,109.24306886,-0.42357183,7.58,0.379,TM,Suspect,Circle_5m,E002A,0.4301671087741852,Normal,Moderate,Routine,E02
413,109.24429551,-0.42330308,7.58,0.432,TM,Healthy,,E002A,0.4972942769527435,Healthy,Good,,E02
414,109.24339326,-0.42701594,7.57,0.422,TM,Healthy,,E002A,0.4750961363315582,Healthy,Good,,E02
415,109.24417804,-0.42442801,7.56,0.345,TM,Suspect,Circle_5m,E002A,0.403095543384552,Abnormal,Sub-Optimal,Monitor,E02
416,109.24336271,-0.42899998,7.56,0.515,TM,Healthy,,E002A,0.5583610534667969,Healthy,Good,,E02
417,109.24335508,-0.42305418,7.56,0.392,TM,Healthy,,E002A,0.4601907134056091,Healthy,Good,,E02
418,109.24498518,-0.42819236,7.56,0.404,TM,Healthy,,E002A,0.4643077850341797,Healthy,Good,,E02
419,109.24346641,-0.42326853,7.55,0.41,TM,Healthy,,E002A,0.4580390751361847,Normal,Moderate,Routine,E02
420,109.24470369,-0.42369881,7.53,0.34,TM,Suspect,Circle_5m,E002A,0.4069336354732513,Abnormal,Sub-Optimal,Monitor,E02
421,109.24353299,-0.42480134,7.52,0.421,TM,Healthy,,E002A,0.48647141456604,Healthy,Good,,E02
422,109.24382919,-0.4238121,7.52,0.353,TM,Suspect,Circle_5m,E002A,0.4013330340385437,Abnormal,Sub-Optimal,Monitor,E02
423,109.24523701,-0.4287879,7.49,0.279,TM,Suspect,Circle_5m,E002A,0.3140076398849487,Suspect,Critical,Priority Survey,E02
424,109.2435831,-0.42960727,7.48,0.452,TM,Healthy,,E002A,0.5175751447677612,Healthy,Good,,E02
425,109.24482605,-0.4248464,7.48,0.258,TM,Suspect,Circle_5m,E002A,0.3226247131824493,Suspect,Critical,Priority Survey,E02
426,109.24483015,-0.42458189,7.48,0.457,TM,Healthy,,E002A,0.5173412561416626,Healthy,Good,,E02
427,109.24302766,-0.42304597,7.47,0.331,TM,Suspect,Circle_5m,E002A,0.4019224047660827,Abnormal,Sub-Optimal,Monitor,E02
428,109.24445677,-0.42325112,7.46,0.329,TM,Suspect,Circle_5m,E002A,0.4095977246761322,Abnormal,Sub-Optimal,Monitor,E02
429,109.24391271,-0.42392832,7.43,0.417,TM,Healthy,,E002A,0.4811207056045532,Healthy,Good,,E02
430,109.24353683,-0.42370125,7.42,0.447,TM,Healthy,,E002A,0.513232946395874,Healthy,Good,,E02
431,109.24346215,-0.43020543,7.41,0.297,TM,Suspect,Circle_5m,E002A,0.3639856278896332,Suspect,Critical,Priority Survey,E02
432,109.24402659,-0.42878264,7.4,0.347,TM,Suspect,Circle_5m,E002A,0.4066542983055115,Abnormal,Sub-Optimal,Monitor,E02
433,109.2444972,-0.42318331,7.37,0.386,TM,Healthy,,E002A,0.4500417709350586,Normal,Moderate,Routine,E02
434,109.24441554,-0.43075276,7.36,0.351,TM,Suspect,Circle_5m,E002A,0.391864150762558,Abnormal,Sub-Optimal,Monitor,E02
435,109.24350713,-0.42596291,7.35,0.442,TM,Healthy,,E002A,0.4996089339256286,Healthy,Good,,E02
436,109.24412678,-0.42861492,7.34,0.381,TM,Healthy,,E002A,0.4442124366760254,Normal,Moderate,Routine,E02
437,109.24460846,-0.42374219,7.34,0.381,TM,Healthy,,E002A,0.4456682503223419,Normal,Moderate,Routine,E02
438,109.24429641,-0.42924797,7.34,0.392,TM,Healthy,,E002A,0.4497533142566681,Normal,Moderate,Routine,E02
439,109.24354725,-0.42923921,7.31,0.511,TM,Healthy,,E002A,0.5801951885223389,Healthy,Good,,E02
440,109.24433641,-0.42318372,7.31,0.418,TM,Healthy,,E002A,0.4742450714111328,Healthy,Good,,E02
441,109.24513982,-0.42360848,7.31,0.421,TM,Healthy,,E002A,0.4769401252269745,Healthy,Good,,E02
442,109.24382544,-0.43046867,7.3,0.489,TM,Healthy,,E002A,0.568651020526886,Healthy,Good,,E02
443,109.24443831,-0.42344057,7.29,0.31,TM,Suspect,Circle_5m,E002A,0.3747337162494659,Suspect,Critical,Priority Survey,E02
444,109.24480869,-0.42810324,7.29,0.343,TM,Suspect,Circle_5m,E002A,0.4068660140037536,Abnormal,Sub-Optimal,Monitor,E02
445,109.24386113,-0.42956031,7.27,0.393,TM,Healthy,,E002A,0.4581506252288818,Normal,Moderate,Routine,E02
446,109.24306568,-0.42371742,7.24,0.304,TM,Suspect,Circle_5m,E002A,0.3726921379566192,Suspect,Critical,Priority Survey,E02
447,109.24456029,-0.42424633,7.24,0.317,TM,Suspect,Circle_5m,E002A,0.3745940923690796,Suspect,Critical,Priority Survey,E02
448,109.24399972,-0.42646853,7.24,0.339,TM,Suspect,Circle_5m,E002A,0.4034184217453003,Abnormal,Sub-Optimal,Monitor,E02
449,109.24474131,-0.42617796,7.23,0.391,TM,Healthy,,E002A,0.4508035182952881,Normal,Moderate,Routine,E02
450,109.24517357,-0.42332453,7.22,0.31,TM,Suspect,Circle_5m,E002A,0.3774997889995575,Suspect,Critical,Priority Survey,E02
451,109.24471699,-0.42445707,7.21,0.365,TM,Suspect,Circle_5m,E002A,0.4213787317276001,Abnormal,Sub-Optimal,Monitor,E02
452,109.24303248,-0.42755528,7.2,0.294,TM,Suspect,Circle_5m,E002A,0.3575875461101532,Suspect,Critical,Priority Survey,E02
453,109.24512211,-0.42448248,7.19,0.413,TM,Healthy,,E002A,0.4687089622020721,Healthy,Good,,E02
454,109.24408653,-0.42391886,7.19,0.392,TM,Healthy,,E002A,0.4503060281276703,Normal,Moderate,Routine,E02
455,109.24472395,-0.42349489,7.19,0.41,TM,Healthy,,E002A,0.4719126224517822,Healthy,Good,,E02
456,109.24508442,-0.42828823,7.17,0.393,TM,Healthy,,E002A,0.4543659090995788,Normal,Moderate,Routine,E02
457,109.24474789,-0.42487351,7.17,0.367,TM,Suspect,Circle_5m,E002A,0.4348193109035492,Normal,Moderate,Routine,E02
458,109.24335728,-0.42522677,7.16,0.373,TM,Suspect,Circle_5m,E002A,0.4233628809452057,Abnormal,Sub-Optimal,Monitor,E02
459,109.24490542,-0.42341761,7.16,0.292,TM,Suspect,Circle_5m,E002A,0.3548084795475006,Suspect,Critical,Priority Survey,E02
460,109.2447815,-0.42522348,7.16,0.317,TM,Suspect,Circle_5m,E002A,0.3877694010734558,Suspect,Critical,Priority Survey,E02
461,109.24446232,-0.43046611,7.13,0.333,TM,Suspect,Circle_5m,E002A,0.4011003673076629,Abnormal,Sub-Optimal,Monitor,E02
462,109.24470423,-0.42329413,7.13,0.411,TM,Healthy,,E002A,0.4691743850708008,Healthy,Good,,E02
463,109.24409932,-0.43085804,7.12,0.32,TM,Suspect,Circle_5m,E002A,0.3849842548370361,Suspect,Critical,Priority Survey,E02
464,109.24467518,-0.43057467,7.11,0.482,TM,Healthy,,E002A,0.5384493470191956,Healthy,Good,,E02
465,109.24329087,-0.42693453,7.1,0.342,TM,Suspect,Circle_5m,E002A,0.4289657473564148,Abnormal,Sub-Optimal,Monitor,E02
466,109.24414121,-0.42838885,7.09,0.439,TM,Healthy,,E002A,0.5073811411857605,Healthy,Good,,E02
467,109.24472115,-0.42397146,7.09,0.272,TM,Suspect,Circle_5m,E002A,0.33673757314682,Suspect,Critical,Priority Survey,E02
468,109.24325288,-0.43006929,7.08,0.347,TM,Suspect,Circle_5m,E002A,0.400581955909729,Abnormal,Sub-Optimal,Monitor,E02
469,109.24373098,-0.43108177,7.08,0.371,TM,Suspect,Circle_5m,E002A,0.420149028301239,Abnormal,Sub-Optimal,Monitor,E02
470,109.2439283,-0.42449803,7.07,0.357,TM,Suspect,Circle_5m,E002A,0.421169251203537,Abnormal,Sub-Optimal,Monitor,E02
471,109.24404447,-0.42318185,7.07,0.395,TM,Healthy,,E002A,0.4694673717021942,Healthy,Good,,E02
472,109.24335576,-0.42797269,7.07,0.375,TM,Suspect,Circle_5m,E002A,0.4283804297447204,Abnormal,Sub-Optimal,Monitor,E02
473,109.24397101,-0.42826266,7.06,0.447,TM,Healthy,,E002A,0.4923478364944458,Healthy,Good,,E02
474,109.24329761,-0.42889099,7.05,0.488,TM,Healthy,,E002A,0.5481923818588257,Healthy,Good,,E02
475,109.2452049,-0.42581544,7.03,0.4,TM,Healthy,,E002A,0.4616836011409759,Healthy,Good,,E02
476,109.24359053,-0.43049665,7.03,0.445,TM,Healthy,,E002A,0.5051866769790649,Healthy,Good,,E02
477,109.24461687,-0.42430331,7.02,0.354,TM,Suspect,Circle_5m,E002A,0.4149040579795837,Abnormal,Sub-Optimal,Monitor,E02
478,109.2447078,-0.42342119,7.02,0.411,TM,Healthy,,E002A,0.4655998647212982,Healthy,Good,,E02
479,109.24406153,-0.43114605,7.02,0.4,TM,Healthy,,E002A,0.4624756574630737,Healthy,Good,,E02
480,109.24412894,-0.42502936,7.02,0.346,TM,Suspect,Circle_5m,E002A,0.4067209959030151,Abnormal,Sub-Optimal,Monitor,E02
481,109.24372477,-0.42680486,7.01,0.4,TM,Healthy,,E002A,0.4579890370368957,Normal,Moderate,Routine,E02
482,109.2450595,-0.42327432,7.01,0.473,TM,Healthy,,E002A,0.5328318476676941,Healthy,Good,,E02
483,109.24327252,-0.42666731,7.0,0.405,TM,Healthy,,E002A,0.4726148843765259,Healthy,Good,,E02
484,109.24502884,-0.4238074,7.0,0.384,TM,Healthy,,E002A,0.4427788555622101,Normal,Moderate,Routine,E02
485,109.24384355,-0.42785162,6.99,0.352,TM,Suspect,Circle_5m,E002A,0.413152128458023,Abnormal,Sub-Optimal,Monitor,E02
486,109.24390251,-0.42334233,6.98,0.365,TM,Suspect,Circle_5m,E002A,0.4315090477466583,Normal,Moderate,Routine,E02
487,109.24492282,-0.42390368,6.97,0.306,TM,Suspect,Circle_5m,E002A,0.3667488396167755,Suspect,Critical,Priority Survey,E02
488,109.2444466,-0.42450222,6.96,0.381,TM,Healthy,,E002A,0.4525777101516723,Normal,Moderate,Routine,E02
489,109.24473335,-0.42362602,6.96,0.419,TM,Healthy,,E002A,0.4946910440921783,Healthy,Good,,E02
490,109.24357907,-0.42758027,6.95,0.391,TM,Healthy,,E002A,0.4516456127166748,Normal,Moderate,Routine,E02
491,109.24476445,-0.429074,6.94,0.327,TM,Suspect,Circle_5m,E002A,0.3863540589809418,Suspect,Critical,Priority Survey,E02
492,109.24392651,-0.43039002,6.94,0.427,TM,Healthy,,E002A,0.4904645383358001,Healthy,Good,,E02
493,109.24335305,-0.42604426,6.92,0.407,TM,Healthy,,E002A,0.4559179246425628,Normal,Moderate,Routine,E02
494,109.24448016,-0.42508686,6.91,0.33,TM,Suspect,Circle_5m,E002A,0.3995753526687622,Abnormal,Sub-Optimal,Monitor,E02
495,109.24388191,-0.42900236,6.9,0.397,TM,Healthy,,E002A,0.4361212849617004,Normal,Moderate,Routine,E02
496,109.24332717,-0.42925317,6.9,0.396,TM,Healthy,,E002A,0.4601606130599975,Healthy,Good,,E02
497,109.24492014,-0.4258303,6.88,0.352,TM,Suspect,Circle_5m,E002A,0.4121611416339874,Abnormal,Sub-Optimal,Monitor,E02
498,109.24347217,-0.42560751,6.88,0.429,TM,Healthy,,E002A,0.4870466291904449,Healthy,Good,,E02
499,109.24340563,-0.42591179,6.88,0.393,TM,Healthy,,E002A,0.4520731568336487,Normal,Moderate,Routine,E02
500,109.24496694,-0.42346963,6.87,0.394,TM,Healthy,,E002A,0.4531959593296051,Normal,Moderate,Routine,E02
501,109.24336845,-0.42943856,6.87,0.393,TM,Healthy,,E002A,0.4441113471984863,Normal,Moderate,Routine,E02
502,109.24394792,-0.42712278,6.87,0.367,TM,Suspect,Circle_5m,E002A,0.4371975660324096,Normal,Moderate,Routine,E02
503,109.24482063,-0.42496531,6.86,0.323,TM,Suspect,Circle_5m,E002A,0.3927165567874908,Abnormal,Sub-Optimal,Monitor,E02
504,109.24392563,-0.42833635,6.86,0.366,TM,Suspect,Circle_5m,E002A,0.4249391555786133,Abnormal,Sub-Optimal,Monitor,E02
505,109.24434469,-0.4282953,6.85,0.458,TM,Healthy,,E002A,0.5104413032531738,Healthy,Good,,E02
506,109.24382441,-0.42909097,6.84,0.337,TM,Suspect,Circle_5m,E002A,0.3950636684894562,Abnormal,Sub-Optimal,Monitor,E02
507,109.24303028,-0.42732603,6.83,0.25,TM,Suspect,Circle_5m,E002A,0.3104793429374695,Suspect,Critical,Priority Survey,E02
508,109.24461036,-0.42728706,6.83,0.368,TM,Suspect,Circle_5m,E002A,0.4245169758796692,Abnormal,Sub-Optimal,Monitor,E02
509,109.24375128,-0.4306667,6.8,0.367,TM,Suspect,Circle_5m,E002A,0.4192371666431427,Abnormal,Sub-Optimal,Monitor,E02
510,109.24398306,-0.42862167,6.79,0.445,TM,Healthy,,E002A,0.4997674524784088,Healthy,Good,,E02
511,109.24327387,-0.43056983,6.79,0.365,TM,Suspect,Circle_5m,E002A,0.4263190031051636,Abnormal,Sub-Optimal,Monitor,E02
512,109.24466094,-0.42406775,6.79,0.41,TM,Healthy,,E002A,0.4636145830154419,Healthy,Good,,E02
513,109.24397084,-0.42902363,6.78,0.482,TM,Healthy,,E002A,0.5285893082618713,Healthy,Good,,E02
514,109.2433586,-0.42337566,6.78,0.313,TM,Suspect,Circle_5m,E002A,0.3581248223781585,Suspect,Critical,Priority Survey,E02
515,109.24382141,-0.42447133,6.76,0.32,TM,Suspect,Circle_5m,E002A,0.390897661447525,Abnormal,Sub-Optimal,Monitor,E02
516,109.24375314,-0.42646802,6.76,0.358,TM,Suspect,Circle_5m,E002A,0.4137991070747375,Abnormal,Sub-Optimal,Monitor,E02
517,109.24319245,-0.42323003,6.75,0.426,TM,Healthy,,E002A,0.496407151222229,Healthy,Good,,E02
518,109.24436251,-0.42695693,6.75,0.38,TM,Suspect,Circle_5m,E002A,0.4394366443157196,Normal,Moderate,Routine,E02
519,109.24365767,-0.42758029,6.74,0.404,TM,Healthy,,E002A,0.458323210477829,Normal,Moderate,Routine,E02
520,109.24491012,-0.42841887,6.74,0.34,TM,Suspect,Circle_5m,E002A,0.3875492215156555,Suspect,Critical,Priority Survey,E02
521,109.24350195,-0.43092527,6.74,0.409,TM,Healthy,,E002A,0.4679900705814361,Healthy,Good,,E02
522,109.24503701,-0.42344432,6.71,0.458,TM,Healthy,,E002A,0.5109691023826599,Healthy,Good,,E02
523,109.24406943,-0.42800541,6.71,0.417,TM,Healthy,,E002A,0.4679910838603973,Healthy,Good,,E02
524,109.24402518,-0.4270916,6.7,0.319,TM,Suspect,Circle_5m,E002A,0.3952327966690063,Abnormal,Sub-Optimal,Monitor,E02
525,109.2443267,-0.42442985,6.7,0.343,TM,Suspect,Circle_5m,E002A,0.4060962200164795,Abnormal,Sub-Optimal,Monitor,E02
526,109.24390924,-0.42732533,6.69,0.34,TM,Suspect,Circle_5m,E002A,0.3976061940193176,Abnormal,Sub-Optimal,Monitor,E02
527,109.24473009,-0.42415639,6.69,0.475,TM,Healthy,,E002A,0.5293731689453125,Healthy,Good,,E02
528,109.24422083,-0.4298041,6.67,0.359,TM,Suspect,Circle_5m,E002A,0.4424694180488586,Normal,Moderate,Routine,E02
529,109.24481107,-0.42950401,6.66,0.374,TM,Suspect,Circle_5m,E002A,0.4330934584140777,Normal,Moderate,Routine,E02
530,109.24378959,-0.42416386,6.66,0.388,TM,Healthy,,E002A,0.4322300553321838,Normal,Moderate,Routine,E02
531,109.2445437,-0.42413736,6.66,0.426,TM,Healthy,,E002A,0.4864498972892761,Healthy,Good,,E02
532,109.24357123,-0.4245391,6.65,0.389,TM,Healthy,,E002A,0.452967494726181,Normal,Moderate,Routine,E02
533,109.24499505,-0.42826742,6.65,0.36,TM,Suspect,Circle_5m,E002A,0.420695036649704,Abnormal,Sub-Optimal,Monitor,E02
534,109.24425281,-0.42940169,6.65,0.371,TM,Suspect,Circle_5m,E002A,0.4282156825065613,Abnormal,Sub-Optimal,Monitor,E02
535,109.24451972,-0.42490963,6.63,0.324,TM,Suspect,Circle_5m,E002A,0.3922628760337829,Abnormal,Sub-Optimal,Monitor,E02
536,109.24419398,-0.42544083,6.63,0.363,TM,Suspect,Circle_5m,E002A,0.433092713356018,Normal,Moderate,Routine,E02
537,109.24407803,-0.42967611,6.62,0.371,TM,Suspect,Circle_5m,E002A,0.4294823110103607,Abnormal,Sub-Optimal,Monitor,E02
538,109.24510832,-0.42390825,6.62,0.392,TM,Healthy,,E002A,0.4520778954029083,Normal,Moderate,Routine,E02
539,109.24359485,-0.42336125,6.6,0.445,TM,Healthy,,E002A,0.5134879946708679,Healthy,Good,,E02
540,109.24346848,-0.42604203,6.6,0.426,TM,Healthy,,E002A,0.484094887971878,Healthy,Good,,E02
541,109.24501617,-0.42423196,6.59,0.392,TM,Healthy,,E002A,0.4498879313468933,Normal,Moderate,Routine,E02
542,109.24422363,-0.42737514,6.58,0.345,TM,Suspect,Circle_5m,E002A,0.4068784713745117,Abnormal,Sub-Optimal,Monitor,E02
543,109.2447074,-0.42318426,6.56,0.386,TM,Healthy,,E002A,0.4392918050289154,Normal,Moderate,Routine,E02
544,109.24369335,-0.42867993,6.56,0.37,TM,Suspect,Circle_5m,E002A,0.4070944190025329,Abnormal,Sub-Optimal,Monitor,E02
545,109.2434251,-0.42918718,6.56,0.406,TM,Healthy,,E002A,0.4552867710590362,Normal,Moderate,Routine,E02
546,109.24409532,-0.4247671,6.56,0.342,TM,Suspect,Circle_5m,E002A,0.4109192490577698,Abnormal,Sub-Optimal,Monitor,E02
547,109.24320273,-0.42741334,6.55,0.291,TM,Suspect,Circle_5m,E002A,0.3477400541305542,Suspect,Critical,Priority Survey,E02
548,109.24435616,-0.42326195,6.53,0.314,TM,Suspect,Circle_5m,E002A,0.3939992785453796,Abnormal,Sub-Optimal,Monitor,E02
549,109.24482415,-0.42530759,6.53,0.41,TM,Healthy,,E002A,0.4756796360015869,Healthy,Good,,E02
550,109.24493778,-0.42531304,6.52,0.342,TM,Suspect,Circle_5m,E002A,0.4050220251083374,Abnormal,Sub-Optimal,Monitor,E02
551,109.24432094,-0.42407853,6.52,0.455,TM,Healthy,,E002A,0.5248135328292847,Healthy,Good,,E02
552,109.24422052,-0.42326508,6.5,0.352,TM,Suspect,Circle_5m,E002A,0.4309622049331665,Normal,Moderate,Routine,E02
553,109.24427495,-0.428846,6.5,0.372,TM,Suspect,Circle_5m,E002A,0.4147275388240814,Abnormal,Sub-Optimal,Monitor,E02
554,109.24393085,-0.43103705,6.48,0.427,TM,Healthy,,E002A,0.4843084812164306,Healthy,Good,,E02
555,109.24400392,-0.42374341,6.47,0.436,TM,Healthy,,E002A,0.4928154945373535,Healthy,Good,,E02
556,109.24347827,-0.43038494,6.47,0.327,TM,Suspect,Circle_5m,E002A,0.3854985237121582,Suspect,Critical,Priority Survey,E02
557,109.24337653,-0.42550666,6.46,0.493,TM,Healthy,,E002A,0.5492681860923767,Healthy,Good,,E02
558,109.24497686,-0.42327294,6.46,0.507,TM,Healthy,,E002A,0.5633916258811951,Healthy,Good,,E02
559,109.24328255,-0.42600355,6.45,0.337,TM,Suspect,Circle_5m,E002A,0.4006965458393097,Abnormal,Sub-Optimal,Monitor,E02
560,109.24395388,-0.43050804,6.45,0.373,TM,Suspect,Circle_5m,E002A,0.4430490732192993,Normal,Moderate,Routine,E02
561,109.24322422,-0.42574536,6.44,0.419,TM,Healthy,,E002A,0.4741118848323822,Healthy,Good,,E02
562,109.24486482,-0.42419395,6.43,0.351,TM,Suspect,Circle_5m,E002A,0.4068613648414612,Abnormal,Sub-Optimal,Monitor,E02
563,109.24453083,-0.42345054,6.43,0.344,TM,Suspect,Circle_5m,E002A,0.4237210154533386,Abnormal,Sub-Optimal,Monitor,E02
564,109.24323917,-0.42714839,6.42,0.311,TM,Suspect,Circle_5m,E002A,0.3516724705696106,Suspect,Critical,Priority Survey,E02
565,109.24352041,-0.42681883,6.42,0.428,TM,Healthy,,E002A,0.4855643212795257,Healthy,Good,,E02
566,109.24489398,-0.42831487,6.4,0.426,TM,Healthy,,E002A,0.4845030903816223,Healthy,Good,,E02
567,109.2447225,-0.42593425,6.39,0.471,TM,Healthy,,E002A,0.530073344707489,Healthy,Good,,E02
568,109.24529379,-0.42398063,6.38,0.315,TM,Suspect,Circle_5m,E002A,0.3840925693511963,Suspect,Critical,Priority Survey,E02
569,109.24312344,-0.4304459,6.38,0.398,TM,Healthy,,E002A,0.4601406455039978,Healthy,Good,,E02
570,109.24363083,-0.42314875,6.38,0.319,TM,Suspect,Circle_5m,E002A,0.40827077627182,Abnormal,Sub-Optimal,Monitor,E02
571,109.24364628,-0.42631381,6.37,0.388,TM,Healthy,,E002A,0.4521923065185547,Normal,Moderate,Routine,E02
572,109.24333172,-0.43098717,6.37,0.431,TM,Healthy,,E002A,0.4884315431118011,Healthy,Good,,E02
573,109.24418756,-0.42402017,6.37,0.292,TM,Suspect,Circle_5m,E002A,0.357700765132904,Suspect,Critical,Priority Survey,E02
574,109.24302956,-0.42457695,6.36,0.328,TM,Suspect,Circle_5m,E002A,0.3865180611610412,Suspect,Critical,Priority Survey,E02
575,109.24432881,-0.43094807,6.36,0.518,TM,Healthy,,E002A,0.5571578145027161,Healthy,Good,,E02
576,109.24464302,-0.42386021,6.36,0.318,TM,Suspect,Circle_5m,E002A,0.3697163760662079,Suspect,Critical,Priority Survey,E02
577,109.24453227,-0.42501317,6.35,0.289,TM,Suspect,Circle_5m,E002A,0.3540018200874328,Suspect,Critical,Priority Survey,E02
578,109.24424762,-0.42454875,6.34,0.373,TM,Suspect,Circle_5m,E002A,0.4454928040504455,Normal,Moderate,Routine,E02
579,109.244709,-0.42801912,6.34,0.402,TM,Healthy,,E002A,0.462711900472641,Healthy,Good,,E02
580,109.24471993,-0.42538398,6.34,0.28,TM,Suspect,Circle_5m,E002A,0.3441073000431061,Suspect,Critical,Priority Survey,E02
581,109.24347991,-0.42716065,6.33,0.362,TM,Suspect,Circle_5m,E002A,0.4342712163925171,Normal,Moderate,Routine,E02
582,109.24392782,-0.42461469,6.32,0.466,TM,Healthy,,E002A,0.5299210548400879,Healthy,Good,,E02
583,109.24468866,-0.42464425,6.32,0.446,TM,Healthy,,E002A,0.5022724270820618,Healthy,Good,,E02
584,109.24401922,-0.42562753,6.32,0.425,TM,Healthy,,E002A,0.5134249329566956,Healthy,Good,,E02
585,109.24508629,-0.42599854,6.31,0.339,TM,Suspect,Circle_5m,E002A,0.3959405422210693,Abnormal,Sub-Optimal,Monitor,E02
586,109.24386598,-0.42401015,6.31,0.348,TM,Suspect,Circle_5m,E002A,0.4138456583023071,Abnormal,Sub-Optimal,Monitor,E02
587,109.24341416,-0.42789945,6.31,0.467,TM,Healthy,,E002A,0.549223005771637,Healthy,Good,,E02
588,109.24402157,-0.4291204,6.3,0.415,TM,Healthy,,E002A,0.4740572571754455,Healthy,Good,,E02
589,109.24347817,-0.42490487,6.3,0.468,TM,Healthy,,E002A,0.5257789492607117,Healthy,Good,,E02
590,109.24401126,-0.42508675,6.3,0.293,TM,Suspect,Circle_5m,E002A,0.3592370152473449,Suspect,Critical,Priority Survey,E02
591,109.24399062,-0.43088559,6.3,0.319,TM,Suspect,Circle_5m,E002A,0.3726348280906677,Suspect,Critical,Priority Survey,E02
592,109.24316101,-0.42917129,6.29,0.392,TM,Healthy,,E002A,0.4580080509185791,Normal,Moderate,Routine,E02
593,109.24440807,-0.42407809,6.29,0.393,TM,Healthy,,E002A,0.4578230082988739,Normal,Moderate,Routine,E02
594,109.24318172,-0.4249889,6.28,0.397,TM,Healthy,,E002A,0.4593345522880554,Normal,Moderate,Routine,E02
595,109.24338115,-0.42889825,6.28,0.421,TM,Healthy,,E002A,0.4813233911991119,Healthy,Good,,E02
596,109.24353127,-0.42645757,6.28,0.401,TM,Healthy,,E002A,0.4661144912242889,Healthy,Good,,E02
597,109.24490481,-0.42412342,6.28,0.322,TM,Suspect,Circle_5m,E002A,0.3891065418720245,Suspect,Critical,Priority Survey,E02
598,109.24330124,-0.43072221,6.27,0.378,TM,Suspect,Circle_5m,E002A,0.4338216185569763,Normal,Moderate,Routine,E02
599,109.24364139,-0.4280668,6.27,0.414,TM,Healthy,,E002A,0.4622029364109039,Healthy,Good,,E02
600,109.24445256,-0.42796254,6.27,0.37,TM,Suspect,Circle_5m,E002A,0.4372497498989105,Normal,Moderate,Routine,E02
601,109.24466684,-0.42778444,6.27,0.356,TM,Suspect,Circle_5m,E002A,0.4210436642169952,Abnormal,Sub-Optimal,Monitor,E02
602,109.24436808,-0.4241432,6.26,0.404,TM,Healthy,,E002A,0.4676737785339355,Healthy,Good,,E02
603,109.24439522,-0.42928281,6.26,0.373,TM,Suspect,Circle_5m,E002A,0.4287510514259338,Abnormal,Sub-Optimal,Monitor,E02
604,109.24491018,-0.42818917,6.26,0.444,TM,Healthy,,E002A,0.5184953212738037,Healthy,Good,,E02
605,109.24469545,-0.42639318,6.25,0.417,TM,Healthy,,E002A,0.4746783673763275,Healthy,Good,,E02
606,109.24401589,-0.42844262,6.24,0.457,TM,Healthy,,E002A,0.5067905783653259,Healthy,Good,,E02
607,109.24342361,-0.4278244,6.24,0.382,TM,Healthy,,E002A,0.4432727098464966,Normal,Moderate,Routine,E02
608,109.24369775,-0.4271295,6.23,0.343,TM,Suspect,Circle_5m,E002A,0.3929744660854339,Abnormal,Sub-Optimal,Monitor,E02
609,109.24357691,-0.42721131,6.23,0.374,TM,Suspect,Circle_5m,E002A,0.4382388591766357,Normal,Moderate,Routine,E02
610,109.2451383,-0.42639283,6.23,0.404,TM,Healthy,,E002A,0.4625715911388397,Healthy,Good,,E02
611,109.24484471,-0.42375491,6.23,0.317,TM,Suspect,Circle_5m,E002A,0.380988597869873,Suspect,Critical,Priority Survey,E02
612,109.2447317,-0.42495986,6.22,0.35,TM,Suspect,Circle_5m,E002A,0.4180511236190796,Abnormal,Sub-Optimal,Monitor,E02
613,109.24441163,-0.424216,6.22,0.316,TM,Suspect,Circle_5m,E002A,0.3854597508907318,Suspect,Critical,Priority Survey,E02
614,109.24368765,-0.42410822,6.21,0.356,TM,Suspect,Circle_5m,E002A,0.4238728880882263,Abnormal,Sub-Optimal,Monitor,E02
615,109.24485694,-0.42327201,6.21,0.361,TM,Suspect,Circle_5m,E002A,0.4291087985038757,Abnormal,Sub-Optimal,Monitor,E02
616,109.24314265,-0.4308863,6.2,0.344,TM,Suspect,Circle_5m,E002A,0.4027996659278869,Abnormal,Sub-Optimal,Monitor,E02
617,109.24443914,-0.4277134,6.2,0.409,TM,Healthy,,E002A,0.4724961221218109,Healthy,Good,,E02
618,109.24472898,-0.42510048,6.19,0.366,TM,Suspect,Circle_5m,E002A,0.434642881155014,Normal,Moderate,Routine,E02
619,109.24340368,-0.42662031,6.18,0.363,TM,Suspect,Circle_5m,E002A,0.4275765120983124,Abnormal,Sub-Optimal,Monitor,E02
620,109.24376027,-0.42670495,6.17,0.283,TM,Suspect,Circle_5m,E002A,0.3424807786941528,Suspect,Critical,Priority Survey,E02
621,109.24316539,-0.42570375,6.16,0.457,TM,Healthy,,E002A,0.5157749056816101,Healthy,Good,,E02
622,109.24452788,-0.42856121,6.16,0.382,TM,Healthy,,E002A,0.4354726374149322,Normal,Moderate,Routine,E02
623,109.24363696,-0.42384642,6.15,0.325,TM,Suspect,Circle_5m,E002A,0.3849112391471863,Suspect,Critical,Priority Survey,E02
624,109.24436058,-0.42952018,6.15,0.354,TM,Suspect,Circle_5m,E002A,0.4182636439800262,Abnormal,Sub-Optimal,Monitor,E02
625,109.24493818,-0.42551063,6.15,0.375,TM,Suspect,Circle_5m,E002A,0.438958466053009,Normal,Moderate,Routine,E02
626,109.24408352,-0.42529386,6.13,0.369,TM,Suspect,Circle_5m,E002A,0.4377151429653168,Normal,Moderate,Routine,E02
627,109.24411734,-0.43064417,6.12,0.354,TM,Suspect,Circle_5m,E002A,0.4224173128604889,Abnormal,Sub-Optimal,Monitor,E02
628,109.24516707,-0.42628703,6.12,0.481,TM,Healthy,,E002A,0.5357593894004822,Healthy,Good,,E02
629,109.24340934,-0.42540583,6.12,0.518,TM,Healthy,,E002A,0.5661911368370056,Healthy,Good,,E02
630,109.24349692,-0.42541716,6.12,0.412,TM,Healthy,,E002A,0.4742676615715027,Healthy,Good,,E02
631,109.24480789,-0.42367848,6.11,0.31,TM,Suspect,Circle_5m,E002A,0.3630520701408386,Suspect,Critical,Priority Survey,E02
632,109.24507998,-0.42609078,6.11,0.384,TM,Healthy,,E002A,0.4447347521781921,Normal,Moderate,Routine,E02
633,109.24313286,-0.42459461,6.1,0.469,TM,Healthy,,E002A,0.5244492888450623,Healthy,Good,,E02
634,109.24390587,-0.42636858,6.1,0.358,TM,Suspect,Circle_5m,E002A,0.4119936227798462,Abnormal,Sub-Optimal,Monitor,E02
635,109.24514648,-0.42398602,6.1,0.424,TM,Healthy,,E002A,0.4815642535686493,Healthy,Good,,E02
636,109.24479166,-0.42597632,6.09,0.405,TM,Healthy,,E002A,0.47137650847435,Healthy,Good,,E02
637,109.24367348,-0.42518796,6.09,0.484,TM,Healthy,,E002A,0.542742133140564,Healthy,Good,,E02
638,109.24452847,-0.42793136,6.08,0.358,TM,Suspect,Circle_5m,E002A,0.397789716720581,Abnormal,Sub-Optimal,Monitor,E02
639,109.24364006,-0.42602127,6.08,0.432,TM,Healthy,,E002A,0.4987275898456573,Healthy,Good,,E02
640,109.24352452,-0.43045911,6.07,0.425,TM,Healthy,,E002A,0.4593658745288849,Normal,Moderate,Routine,E02
641,109.24438551,-0.42454697,6.07,0.342,TM,Suspect,Circle_5m,E002A,0.4076386094093323,Abnormal,Sub-Optimal,Monitor,E02
642,109.24351389,-0.42978449,6.06,0.485,TM,Healthy,,E002A,0.5415606498718262,Healthy,Good,,E02
643,109.24418377,-0.42883242,6.06,0.372,TM,Suspect,Circle_5m,E002A,0.4184155464172363,Abnormal,Sub-Optimal,Monitor,E02
644,109.24454249,-0.42353735,6.06,0.44,TM,Healthy,,E002A,0.4973583817481994,Healthy,Good,,E02
645,109.24331726,-0.42545012,6.06,0.489,TM,Healthy,,E002A,0.5400411486625671,Healthy,Good,,E02
646,109.24523196,-0.43124715,6.06,0.136,TM,Suspect,Circle_5m,E002A,0.1837161034345626,Suspect,Critical,Priority Survey,E02
647,109.24484243,-0.42389417,6.05,0.278,TM,Suspect,Circle_5m,E002A,0.3428276777267456,Suspect,Critical,Priority Survey,E02
648,109.24468582,-0.42923811,6.04,0.383,TM,Healthy,,E002A,0.4446690678596496,Normal,Moderate,Routine,E02
649,109.2443062,-0.42373579,6.04,0.436,TM,Healthy,,E002A,0.4797966778278351,Healthy,Good,,E02
650,109.24435475,-0.42553401,6.04,0.383,TM,Healthy,,E002A,0.449727714061737,Normal,Moderate,Routine,E02
651,109.24429504,-0.4293384,6.03,0.441,TM,Healthy,,E002A,0.5079677104949951,Healthy,Good,,E02
652,109.24349487,-0.42455129,6.02,0.429,TM,Healthy,,E002A,0.4827944338321686,Healthy,Good,,E02
653,109.24390468,-0.42766128,6.01,0.385,TM,Healthy,,E002A,0.4434996247291565,Normal,Moderate,Routine,E02
654,109.24449897,-0.42532967,6.01,0.282,TM,Suspect,Circle_5m,E002A,0.3513363599777221,Suspect,Critical,Priority Survey,E02
655,109.24310356,-0.42305865,6.01,0.455,TM,Healthy,,E002A,0.5160050988197327,Healthy,Good,,E02
656,109.24485491,-0.42432688,6.01,0.322,TM,Suspect,Circle_5m,E002A,0.3804918825626373,Suspect,Critical,Priority Survey,E02
657,109.24432294,-0.43108326,6.0,0.461,TM,Healthy,,E002A,0.5317428112030029,Healthy,Good,,E02
658,109.2433099,-0.42818654,5.99,0.409,TM,Healthy,,E002A,0.503379225730896,Healthy,Good,,E02
659,109.24375862,-0.42409603,5.99,0.35,TM,Suspect,Circle_5m,E002A,0.4144608378410339,Abnormal,Sub-Optimal,Monitor,E02
660,109.24509426,-0.42646787,5.99,0.435,TM,Healthy,,E002A,0.4917686581611633,Healthy,Good,,E02
661,109.24384068,-0.4286239,5.99,0.471,TM,Healthy,,E002A,0.5304403901100159,Healthy,Good,,E02
662,109.24417213,-0.42869451,5.99,0.395,TM,Healthy,,E002A,0.4550919532775879,Normal,Moderate,Routine,E02
663,109.24313967,-0.42426997,5.99,0.353,TM,Suspect,Circle_5m,E002A,0.4090028405189514,Abnormal,Sub-Optimal,Monitor,E02
664,109.24436516,-0.42716764,5.98,0.338,TM,Suspect,Circle_5m,E002A,0.4067238271236419,Abnormal,Sub-Optimal,Monitor,E02
665,109.24418668,-0.42392974,5.98,0.377,TM,Suspect,Circle_5m,E002A,0.4396998882293701,Normal,Moderate,Routine,E02
666,109.24354006,-0.42532176,5.98,0.456,TM,Healthy,,E002A,0.5211769938468933,Healthy,Good,,E02
667,109.24366122,-0.42973615,5.98,0.415,TM,Healthy,,E002A,0.4720814526081085,Healthy,Good,,E02
668,109.2444072,-0.42394923,5.96,0.351,TM,Suspect,Circle_5m,E002A,0.4063291549682617,Abnormal,Sub-Optimal,Monitor,E02
669,109.24444515,-0.42496432,5.96,0.361,TM,Suspect,Circle_5m,E002A,0.4282183349132538,Abnormal,Sub-Optimal,Monitor,E02
670,109.24508923,-0.42687978,5.95,0.376,TM,Suspect,Circle_5m,E002A,0.4328014254570007,Normal,Moderate,Routine,E02
671,109.24507876,-0.42550569,5.94,0.327,TM,Suspect,Circle_5m,E002A,0.3920781016349792,Abnormal,Sub-Optimal,Monitor,E02
672,109.24427604,-0.42800681,5.94,0.372,TM,Suspect,Circle_5m,E002A,0.4188745319843292,Abnormal,Sub-Optimal,Monitor,E02
673,109.24329858,-0.42464891,5.93,0.382,TM,Healthy,,E002A,0.4195796549320221,Abnormal,Sub-Optimal,Monitor,E02
674,109.24426671,-0.42952378,5.92,0.331,TM,Suspect,Circle_5m,E002A,0.379327654838562,Suspect,Critical,Priority Survey,E02
675,109.24320185,-0.42337065,5.91,0.406,TM,Healthy,,E002A,0.4818545877933502,Healthy,Good,,E02
676,109.24348624,-0.42892992,5.91,0.43,TM,Healthy,,E002A,0.476690798997879,Healthy,Good,,E02
677,109.24319538,-0.42812096,5.91,0.402,TM,Healthy,,E002A,0.4569967687129974,Normal,Moderate,Routine,E02
678,109.24440745,-0.4248368,5.9,0.385,TM,Healthy,,E002A,0.4440209865570068,Normal,Moderate,Routine,E02
679,109.24380459,-0.42734294,5.9,0.358,TM,Suspect,Circle_5m,E002A,0.4197134375572204,Abnormal,Sub-Optimal,Monitor,E02
680,109.24346364,-0.42760104,5.89,0.4,TM,Healthy,,E002A,0.4532352089881897,Normal,Moderate,Routine,E02
681,109.24433941,-0.42384567,5.89,0.332,TM,Suspect,Circle_5m,E002A,0.4160046279430389,Abnormal,Sub-Optimal,Monitor,E02
682,109.24456773,-0.42909475,5.88,0.395,TM,Healthy,,E002A,0.4586182832717895,Normal,Moderate,Routine,E02
683,109.24367804,-0.42885943,5.88,0.513,TM,Healthy,,E002A,0.5450873970985413,Healthy,Good,,E02
684,109.24308024,-0.43079857,5.87,0.414,TM,Healthy,,E002A,0.4662474691867828,Healthy,Good,,E02
685,109.2440028,-0.4287008,5.86,0.411,TM,Healthy,,E002A,0.4674250185489654,Healthy,Good,,E02
686,109.2436505,-0.42946712,5.86,0.389,TM,Healthy,,E002A,0.4602988064289093,Healthy,Good,,E02
687,109.24351443,-0.42741206,5.86,0.362,TM,Suspect,Circle_5m,E002A,0.422148048877716,Abnormal,Sub-Optimal,Monitor,E02
688,109.24353992,-0.42988307,5.85,0.448,TM,Healthy,,E002A,0.4876835942268371,Healthy,Good,,E02
689,109.24374714,-0.42320891,5.84,0.354,TM,Suspect,Circle_5m,E002A,0.4137041866779327,Abnormal,Sub-Optimal,Monitor,E02
690,109.24340634,-0.42476514,5.84,0.255,TM,Suspect,Circle_5m,E002A,0.3136187493801117,Suspect,Critical,Priority Survey,E02
691,109.24481191,-0.42382136,5.84,0.316,TM,Suspect,Circle_5m,E002A,0.382629930973053,Suspect,Critical,Priority Survey,E02
692,109.24314917,-0.42592891,5.83,0.407,TM,Healthy,,E002A,0.4747426807880401,Healthy,Good,,E02
693,109.24338117,-0.42484109,5.83,0.367,TM,Suspect,Circle_5m,E002A,0.4274965524673462,Abnormal,Sub-Optimal,Monitor,E02
694,109.24321508,-0.43039121,5.82,0.416,TM,Healthy,,E002A,0.473624050617218,Healthy,Good,,E02
695,109.24355054,-0.42464083,5.81,0.436,TM,Healthy,,E002A,0.4940985441207886,Healthy,Good,,E02
696,109.2442242,-0.43077171,5.8,0.399,TM,Healthy,,E002A,0.46126389503479,Healthy,Good,,E02
697,109.24428218,-0.42862581,5.79,0.436,TM,Healthy,,E002A,0.4979595839977264,Healthy,Good,,E02
698,109.24359532,-0.42525395,5.79,0.408,TM,Healthy,,E002A,0.4696150422096252,Healthy,Good,,E02
699,109.24364529,-0.42473444,5.79,0.308,TM,Suspect,Circle_5m,E002A,0.3871757388114929,Suspect,Critical,Priority Survey,E02
700,109.24502531,-0.42948055,5.79,0.407,TM,Healthy,,E002A,0.4684297442436218,Healthy,Good,,E02
701,109.24490824,-0.42484958,5.78,0.422,TM,Healthy,,E002A,0.4839332401752472,Healthy,Good,,E02
702,109.2437526,-0.43078742,5.76,0.381,TM,Healthy,,E002A,0.4442738890647888,Normal,Moderate,Routine,E02
703,109.24349431,-0.42900317,5.76,0.379,TM,Suspect,Circle_5m,E002A,0.4385610818862915,Normal,Moderate,Routine,E02
704,109.24457593,-0.42660837,5.75,0.544,TM,Healthy,,E002A,0.5892825722694397,Healthy,Good,,E02
705,109.24343227,-0.42530004,5.75,0.416,TM,Healthy,,E002A,0.4753236174583435,Healthy,Good,,E02
706,109.24483693,-0.42638643,5.74,0.414,TM,Healthy,,E002A,0.4716585576534271,Healthy,Good,,E02
707,109.24351945,-0.43099852,5.74,0.392,TM,Healthy,,E002A,0.4574204683303833,Normal,Moderate,Routine,E02
708,109.24374026,-0.42382338,5.73,0.388,TM,Healthy,,E002A,0.4439223706722259,Normal,Moderate,Routine,E02
709,109.2448782,-0.42659895,5.73,0.469,TM,Healthy,,E002A,0.5251668095588684,Healthy,Good,,E02
710,109.24517191,-0.42672471,5.72,0.41,TM,Healthy,,E002A,0.478668749332428,Healthy,Good,,E02
711,109.24401191,-0.42815641,5.72,0.441,TM,Healthy,,E002A,0.5104915499687195,Healthy,Good,,E02
712,109.24423719,-0.43091549,5.72,0.494,TM,Healthy,,E002A,0.5605255365371704,Healthy,Good,,E02
713,109.24451537,-0.42826459,5.71,0.363,TM,Suspect,Circle_5m,E002A,0.4189468622207641,Abnormal,Sub-Optimal,Monitor,E02
714,109.24366045,-0.42322336,5.71,0.39,TM,Healthy,,E002A,0.4539906978607178,Normal,Moderate,Routine,E02
715,109.24336403,-0.42715294,5.7,0.377,TM,Suspect,Circle_5m,E002A,0.4435505270957947,Normal,Moderate,Routine,E02
716,109.24432869,-0.42356262,5.7,0.33,TM,Suspect,Circle_5m,E002A,0.3942694067955017,Abnormal,Sub-Optimal,Monitor,E02
717,109.24441324,-0.42703878,5.69,0.374,TM,Suspect,Circle_5m,E002A,0.4274105727672577,Abnormal,Sub-Optimal,Monitor,E02
718,109.24417736,-0.42344232,5.69,0.271,TM,Suspect,Circle_5m,E002A,0.3352341949939728,Suspect,Critical,Priority Survey,E02
719,109.24461077,-0.42345236,5.67,0.339,TM,Suspect,Circle_5m,E002A,0.4121599197387695,Abnormal,Sub-Optimal,Monitor,E02
720,109.24333343,-0.42937028,5.67,0.328,TM,Suspect,Circle_5m,E002A,0.3958238959312439,Abnormal,Sub-Optimal,Monitor,E02
721,109.24505306,-0.42396566,5.67,0.405,TM,Healthy,,E002A,0.4697243571281433,Healthy,Good,,E02
722,109.24393513,-0.42803703,5.66,0.421,TM,Healthy,,E002A,0.4773615300655365,Healthy,Good,,E02
723,109.24311429,-0.4252448,5.66,0.404,TM,Healthy,,E002A,0.4647312760353088,Healthy,Good,,E02
724,109.24462963,-0.42546942,5.65,0.346,TM,Suspect,Circle_5m,E002A,0.4080318510532379,Abnormal,Sub-Optimal,Monitor,E02
725,109.24478147,-0.42335745,5.65,0.396,TM,Healthy,,E002A,0.4339799582958221,Normal,Moderate,Routine,E02
726,109.24343456,-0.43101342,5.64,0.452,TM,Healthy,,E002A,0.5016195178031921,Healthy,Good,,E02
727,109.24514973,-0.4234968,5.64,0.354,TM,Suspect,Circle_5m,E002A,0.4124996662139892,Abnormal,Sub-Optimal,Monitor,E02
728,109.2435431,-0.42577844,5.63,0.4,TM,Healthy,,E002A,0.4645748436450958,Healthy,Good,,E02
729,109.24387601,-0.42533405,5.63,0.379,TM,Suspect,Circle_5m,E002A,0.4231352210044861,Abnormal,Sub-Optimal,Monitor,E02
730,109.24339917,-0.43060648,5.62,0.317,TM,Suspect,Circle_5m,E002A,0.3823294043540954,Suspect,Critical,Priority Survey,E02
731,109.24391555,-0.42723626,5.61,0.494,TM,Healthy,,E002A,0.5444822311401367,Healthy,Good,,E02
732,109.24421334,-0.42918601,5.59,0.325,TM,Suspect,Circle_5m,E002A,0.4018999636173248,Abnormal,Sub-Optimal,Monitor,E02
733,109.24417213,-0.42471105,5.59,0.309,TM,Suspect,Circle_5m,E002A,0.3678942620754242,Suspect,Critical,Priority Survey,E02
734,109.24381528,-0.42969594,5.58,0.425,TM,Healthy,,E002A,0.4844874143600464,Healthy,Good,,E02
735,109.24377658,-0.43003505,5.57,0.414,TM,Healthy,,E002A,0.4644158482551574,Healthy,Good,,E02
736,109.24451507,-0.42955006,5.56,0.406,TM,Healthy,,E002A,0.4679272472858429,Healthy,Good,,E02
737,109.24372297,-0.42877308,5.56,0.352,TM,Suspect,Circle_5m,E002A,0.4068612158298492,Abnormal,Sub-Optimal,Monitor,E02
738,109.24480479,-0.42348677,5.56,0.355,TM,Suspect,Circle_5m,E002A,0.4085469841957092,Abnormal,Sub-Optimal,Monitor,E02
739,109.2445469,-0.42387737,5.56,0.359,TM,Suspect,Circle_5m,E002A,0.4220977127552032,Abnormal,Sub-Optimal,Monitor,E02
740,109.24321648,-0.42620384,5.55,0.403,TM,Healthy,,E002A,0.4679896831512451,Healthy,Good,,E02
741,109.24418771,-0.42336771,5.54,0.317,TM,Suspect,Circle_5m,E002A,0.3872911036014557,Suspect,Critical,Priority Survey,E02
742,109.24350645,-0.42694724,5.54,0.423,TM,Healthy,,E002A,0.4670031666755676,Healthy,Good,,E02
743,109.24436239,-0.42747826,5.53,0.361,TM,Suspect,Circle_5m,E002A,0.4275299310684204,Abnormal,Sub-Optimal,Monitor,E02
744,109.24427048,-0.42871578,5.53,0.405,TM,Healthy,,E002A,0.4661809504032135,Healthy,Good,,E02
745,109.24429576,-0.42818496,5.52,0.405,TM,Healthy,,E002A,0.4716037809848785,Healthy,Good,,E02
746,109.24519739,-0.42722887,5.52,0.51,TM,Healthy,,E002A,0.5591657161712646,Healthy,Good,,E02
747,109.24503829,-0.42574532,5.52,0.38,TM,Suspect,Circle_5m,E002A,0.4381316006183624,Normal,Moderate,Routine,E02
748,109.24409833,-0.42336001,5.51,0.358,TM,Suspect,Circle_5m,E002A,0.4287658929824829,Abnormal,Sub-Optimal,Monitor,E02
749,109.24407745,-0.42633019,5.5,0.377,TM,Suspect,Circle_5m,E002A,0.4379994869232178,Normal,Moderate,Routine,E02
750,109.24316048,-0.42556087,5.5,0.414,TM,Healthy,,E002A,0.4774438738822937,Healthy,Good,,E02
751,109.24336736,-0.42632821,5.49,0.372,TM,Suspect,Circle_5m,E002A,0.4397315979003906,Normal,Moderate,Routine,E02
752,109.24509077,-0.42404298,5.48,0.396,TM,Healthy,,E002A,0.4539837837219238,Normal,Moderate,Routine,E02
753,109.24505291,-0.42461811,5.48,0.409,TM,Healthy,,E002A,0.4725602865219116,Healthy,Good,,E02
754,109.24496322,-0.42403798,5.48,0.398,TM,Healthy,,E002A,0.4640824794769287,Healthy,Good,,E02
755,109.24387683,-0.42963808,5.47,0.499,TM,Healthy,,E002A,0.5794885158538818,Healthy,Good,,E02
756,109.24366319,-0.4309339,5.47,0.392,TM,Healthy,,E002A,0.4474019706249237,Normal,Moderate,Routine,E02
757,109.24482508,-0.42912601,5.47,0.414,TM,Healthy,,E002A,0.4754587709903717,Healthy,Good,,E02
758,109.24379158,-0.42329121,5.46,0.443,TM,Healthy,,E002A,0.5116106867790222,Healthy,Good,,E02
759,109.24494388,-0.42613912,5.46,0.397,TM,Healthy,,E002A,0.4612089097499847,Healthy,Good,,E02
760,109.24429998,-0.42738737,5.45,0.436,TM,Healthy,,E002A,0.4997343122959137,Healthy,Good,,E02
761,109.24454711,-0.42691221,5.44,0.352,TM,Suspect,Circle_5m,E002A,0.4113451540470123,Abnormal,Sub-Optimal,Monitor,E02
762,109.24343577,-0.42570381,5.42,0.405,TM,Healthy,,E002A,0.4614812731742859,Healthy,Good,,E02
763,109.24331651,-0.42677855,5.42,0.383,TM,Healthy,,E002A,0.4373616874217987,Normal,Moderate,Routine,E02
764,109.24329172,-0.42316992,5.41,0.336,TM,Suspect,Circle_5m,E002A,0.3771235942840576,Suspect,Critical,Priority Survey,E02
765,109.24338827,-0.42326535,5.41,0.391,TM,Healthy,,E002A,0.452777624130249,Normal,Moderate,Routine,E02
766,109.24332307,-0.42557718,5.4,0.423,TM,Healthy,,E002A,0.4897052049636841,Healthy,Good,,E02
767,109.24386706,-0.42916151,5.39,0.333,TM,Suspect,Circle_5m,E002A,0.3892566561698913,Suspect,Critical,Priority Survey,E02
768,109.24311308,-0.43056255,5.39,0.504,TM,Healthy,,E002A,0.582677960395813,Healthy,Good,,E02
769,109.24459296,-0.42674357,5.38,0.365,TM,Suspect,Circle_5m,E002A,0.420787364244461,Abnormal,Sub-Optimal,Monitor,E02
770,109.24359315,-0.42491801,5.38,0.401,TM,Healthy,,E002A,0.4681922197341919,Healthy,Good,,E02
771,109.24323136,-0.42790755,5.38,0.432,TM,Healthy,,E002A,0.4798765778541565,Healthy,Good,,E02
772,109.24495435,-0.42946063,5.38,0.409,TM,Healthy,,E002A,0.468892902135849,Healthy,Good,,E02
773,109.24364283,-0.42371032,5.38,0.376,TM,Suspect,Circle_5m,E002A,0.4286141693592071,Abnormal,Sub-Optimal,Monitor,E02
774,109.24360404,-0.42640061,5.37,0.448,TM,Healthy,,E002A,0.532699465751648,Healthy,Good,,E02
775,109.24362402,-0.42346932,5.37,0.346,TM,Suspect,Circle_5m,E002A,0.4106423556804657,Abnormal,Sub-Optimal,Monitor,E02
776,109.24437526,-0.42816735,5.37,0.352,TM,Suspect,Circle_5m,E002A,0.4206619262695312,Abnormal,Sub-Optimal,Monitor,E02
777,109.24464684,-0.42483596,5.36,0.351,TM,Suspect,Circle_5m,E002A,0.4195446372032165,Abnormal,Sub-Optimal,Monitor,E02
778,109.24437375,-0.42888536,5.36,0.42,TM,Healthy,,E002A,0.4871408641338348,Healthy,Good,,E02
779,109.24505198,-0.4247637,5.36,0.477,TM,Healthy,,E002A,0.5326622724533081,Healthy,Good,,E02
780,109.24325913,-0.42428627,5.36,0.373,TM,Suspect,Circle_5m,E002A,0.4191629588603973,Abnormal,Sub-Optimal,Monitor,E02
781,109.2449251,-0.42374498,5.35,0.413,TM,Healthy,,E002A,0.4645784199237823,Healthy,Good,,E02
782,109.24460047,-0.42534055,5.34,0.321,TM,Suspect,Circle_5m,E002A,0.380398154258728,Suspect,Critical,Priority Survey,E02
783,109.24509421,-0.42671384,5.33,0.451,TM,Healthy,,E002A,0.5092357993125916,Healthy,Good,,E02
784,109.24444119,-0.42858063,5.33,0.375,TM,Suspect,Circle_5m,E002A,0.4371228218078613,Normal,Moderate,Routine,E02
785,109.24419236,-0.43058586,5.32,0.423,TM,Healthy,,E002A,0.4830245077610016,Healthy,Good,,E02
786,109.24397848,-0.43097602,5.32,0.391,TM,Healthy,,E002A,0.4627543687820434,Healthy,Good,,E02
787,109.24410454,-0.42765952,5.32,0.418,TM,Healthy,,E002A,0.4859188795089721,Healthy,Good,,E02
788,109.24511999,-0.42592801,5.32,0.365,TM,Suspect,Circle_5m,E002A,0.4219356477260589,Abnormal,Sub-Optimal,Monitor,E02
789,109.24523937,-0.42431476,5.31,0.286,TM,Suspect,Circle_5m,E002A,0.3569058179855346,Suspect,Critical,Priority Survey,E02
790,109.24491421,-0.42427851,5.31,0.413,TM,Healthy,,E002A,0.4734963178634643,Healthy,Good,,E02
791,109.24377024,-0.42632559,5.31,0.415,TM,Healthy,,E002A,0.4825941026210785,Healthy,Good,,E02
792,109.24464363,-0.42314943,5.3,0.316,TM,Suspect,Circle_5m,E002A,0.3737152218818664,Suspect,Critical,Priority Survey,E02
793,109.24491685,-0.42647462,5.3,0.484,TM,Healthy,,E002A,0.5380994081497192,Healthy,Good,,E02
794,109.24327015,-0.42522268,5.28,0.448,TM,Healthy,,E002A,0.5014693140983582,Healthy,Good,,E02
795,109.24477004,-0.43020257,5.28,0.333,TM,Suspect,Circle_5m,E002A,0.3930079936981201,Abnormal,Sub-Optimal,Monitor,E02
796,109.24354875,-0.42857907,5.27,0.313,TM,Suspect,Circle_5m,E002A,0.3884249925613403,Suspect,Critical,Priority Survey,E02
797,109.24318922,-0.42759736,5.27,0.459,TM,Healthy,,E002A,0.5118327140808105,Healthy,Good,,E02
798,109.24312695,-0.42489213,5.26,0.407,TM,Healthy,,E002A,0.4561460316181183,Normal,Moderate,Routine,E02
799,109.24397582,-0.43079471,5.26,0.334,TM,Suspect,Circle_5m,E002A,0.3909714221954345,Abnormal,Sub-Optimal,Monitor,E02
800,109.24364142,-0.42397709,5.26,0.409,TM,Healthy,,E002A,0.4650753438472748,Healthy,Good,,E02
801,109.24319872,-0.42530677,5.25,0.452,TM,Healthy,,E002A,0.5131508708000183,Healthy,Good,,E02
802,109.24429709,-0.42429284,5.25,0.423,TM,Healthy,,E002A,0.4911756217479706,Healthy,Good,,E02
803,109.24366171,-0.429558,5.25,0.43,TM,Healthy,,E002A,0.4847613573074341,Healthy,Good,,E02
804,109.24328494,-0.42536602,5.25,0.474,TM,Healthy,,E002A,0.5249160528182983,Healthy,Good,,E02
805,109.24392516,-0.42843175,5.24,0.404,TM,Healthy,,E002A,0.4559251368045807,Normal,Moderate,Routine,E02
806,109.24493096,-0.42565622,5.23,0.336,TM,Suspect,Circle_5m,E002A,0.4074435532093048,Abnormal,Sub-Optimal,Monitor,E02
807,109.24316484,-0.42415513,5.23,0.416,TM,Healthy,,E002A,0.4741002917289734,Healthy,Good,,E02
808,109.24445168,-0.4238778,5.23,0.341,TM,Suspect,Circle_5m,E002A,0.4059956669807434,Abnormal,Sub-Optimal,Monitor,E02
809,109.24418842,-0.42417209,5.23,0.365,TM,Suspect,Circle_5m,E002A,0.4315125942230224,Normal,Moderate,Routine,E02
810,109.24319579,-0.43028631,5.22,0.449,TM,Healthy,,E002A,0.5130359530448914,Healthy,Good,,E02
811,109.24490638,-0.42512132,5.21,0.392,TM,Healthy,,E002A,0.4510091245174408,Normal,Moderate,Routine,E02
812,109.24410228,-0.4237882,5.21,0.309,TM,Suspect,Circle_5m,E002A,0.3703776895999908,Suspect,Critical,Priority Survey,E02
813,109.24338318,-0.42389067,5.21,0.353,TM,Suspect,Circle_5m,E002A,0.416372150182724,Abnormal,Sub-Optimal,Monitor,E02
814,109.24413258,-0.42681671,5.2,0.4,TM,Healthy,,E002A,0.4599263072013855,Normal,Moderate,Routine,E02
815,109.24508587,-0.42583305,5.2,0.348,TM,Suspect,Circle_5m,E002A,0.4096044301986694,Abnormal,Sub-Optimal,Monitor,E02
816,109.24463283,-0.42524018,5.2,0.33,TM,Suspect,Circle_5m,E002A,0.3852025866508484,Suspect,Critical,Priority Survey,E02
817,109.243154,-0.4244549,5.2,0.355,TM,Suspect,Circle_5m,E002A,0.4114401936531067,Abnormal,Sub-Optimal,Monitor,E02
818,109.2443604,-0.4303128,5.19,0.343,TM,Suspect,Circle_5m,E002A,0.4067518711090088,Abnormal,Sub-Optimal,Monitor,E02
819,109.24314385,-0.42365097,5.19,0.431,TM,Healthy,,E002A,0.496054083108902,Healthy,Good,,E02
820,109.24329588,-0.42859076,5.19,0.5,TM,Healthy,,E002A,0.550101101398468,Healthy,Good,,E02
821,109.2436886,-0.42389843,5.19,0.342,TM,Suspect,Circle_5m,E002A,0.4038306176662445,Abnormal,Sub-Optimal,Monitor,E02
822,109.24412388,-0.42558686,5.19,0.477,TM,Healthy,,E002A,0.5367041230201721,Healthy,Good,,E02
823,109.24442094,-0.42872848,5.18,0.401,TM,Healthy,,E002A,0.4425469636917114,Normal,Moderate,Routine,E02
824,109.2445075,-0.42331398,5.18,0.322,TM,Suspect,Circle_5m,E002A,0.3953406512737274,Abnormal,Sub-Optimal,Monitor,E02
825,109.24436958,-0.42348079,5.18,0.286,TM,Suspect,Circle_5m,E002A,0.3528743684291839,Suspect,Critical,Priority Survey,E02
826,109.24422416,-0.42702653,5.17,0.402,TM,Healthy,,E002A,0.4510168433189392,Normal,Moderate,Routine,E02
827,109.24337596,-0.42406655,5.16,0.481,TM,Healthy,,E002A,0.5372028946876526,Healthy,Good,,E02
828,109.24480641,-0.42426899,5.16,0.314,TM,Suspect,Circle_5m,E002A,0.3784458935260772,Suspect,Critical,Priority Survey,E02
829,109.24316455,-0.42547405,5.16,0.432,TM,Healthy,,E002A,0.4795874953269958,Healthy,Good,,E02
830,109.24432601,-0.42945235,5.15,0.467,TM,Healthy,,E002A,0.5276889204978943,Healthy,Good,,E02
831,109.24487986,-0.4252027,5.15,0.193,TM,Suspect,Circle_5m,E002A,0.2608621120452881,Suspect,Critical,Priority Survey,E02
832,109.24402808,-0.42419964,5.15,0.375,TM,Suspect,Circle_5m,E002A,0.4293842315673828,Abnormal,Sub-Optimal,Monitor,E02
833,109.24405197,-0.42974392,5.15,0.434,TM,Healthy,,E002A,0.5014299750328064,Healthy,Good,,E02
834,109.24371192,-0.42997535,5.15,0.431,TM,Healthy,,E002A,0.4978198409080505,Healthy,Good,,E02
835,109.24460542,-0.42331129,5.15,0.363,TM,Suspect,Circle_5m,E002A,0.4270878732204437,Abnormal,Sub-Optimal,Monitor,E02
836,109.24332872,-0.42440114,5.14,0.467,TM,Healthy,,E002A,0.5306165814399719,Healthy,Good,,E02
837,109.24449886,-0.42380637,5.14,0.305,TM,Suspect,Circle_5m,E002A,0.3729665279388428,Suspect,Critical,Priority Survey,E02
838,109.24426199,-0.43050901,5.13,0.423,TM,Healthy,,E002A,0.4747065901756286,Healthy,Good,,E02
839,109.24443631,-0.43026625,5.13,0.331,TM,Suspect,Circle_5m,E002A,0.3920232057571411,Abnormal,Sub-Optimal,Monitor,E02
840,109.24376118,-0.4286171,5.12,0.4,TM,Healthy,,E002A,0.4501735866069793,Normal,Moderate,Routine,E02
841,109.24404311,-0.42724488,5.12,0.393,TM,Healthy,,E002A,0.4474693238735199,Normal,Moderate,Routine,E02
842,109.24458087,-0.42459449,5.12,0.388,TM,Healthy,,E002A,0.4369380176067352,Normal,Moderate,Routine,E02
843,109.24491757,-0.42926213,5.12,0.312,TM,Suspect,Circle_5m,E002A,0.3576988279819488,Suspect,Critical,Priority Survey,E02
844,109.24341097,-0.42415247,5.12,0.38,TM,Suspect,Circle_5m,E002A,0.4433896243572235,Normal,Moderate,Routine,E02
845,109.24484235,-0.42821312,5.11,0.349,TM,Suspect,Circle_5m,E002A,0.4021188020706177,Abnormal,Sub-Optimal,Monitor,E02
846,109.24363783,-0.42991384,5.11,0.384,TM,Healthy,,E002A,0.4251219630241394,Abnormal,Sub-Optimal,Monitor,E02
847,109.24352417,-0.42406297,5.11,0.413,TM,Healthy,,E002A,0.4719856083393097,Healthy,Good,,E02
848,109.24324312,-0.42557128,5.11,0.48,TM,Healthy,,E002A,0.5394756197929382,Healthy,Good,,E02
849,109.24332589,-0.42502058,5.11,0.444,TM,Healthy,,E002A,0.5096801519393921,Healthy,Good,,E02
850,109.24507516,-0.42353612,5.1,0.357,TM,Suspect,Circle_5m,E002A,0.4163773357868194,Abnormal,Sub-Optimal,Monitor,E02
851,109.24512229,-0.42567616,5.1,0.403,TM,Healthy,,E002A,0.4599482715129852,Normal,Moderate,Routine,E02
852,109.24493297,-0.42471123,5.1,0.4,TM,Healthy,,E002A,0.4768873453140259,Healthy,Good,,E02
853,109.244409,-0.42789832,5.1,0.354,TM,Suspect,Circle_5m,E002A,0.4120411276817322,Abnormal,Sub-Optimal,Monitor,E02
854,109.24433113,-0.42666665,5.09,0.516,TM,Healthy,,E002A,0.58506840467453,Healthy,Good,,E02
855,109.24479807,-0.42936926,5.08,0.432,TM,Healthy,,E002A,0.479636013507843,Healthy,Good,,E02
856,109.24383542,-0.4280786,5.07,0.44,TM,Healthy,,E002A,0.5050839185714722,Healthy,Good,,E02
857,109.24351273,-0.42500932,5.06,0.388,TM,Healthy,,E002A,0.4530091285705566,Normal,Moderate,Routine,E02
858,109.24409752,-0.42694195,5.06,0.415,TM,Healthy,,E002A,0.4689836800098419,Healthy,Good,,E02
859,109.24423507,-0.4264193,5.06,0.387,TM,Healthy,,E002A,0.4459151923656463,Normal,Moderate,Routine,E02
860,109.24447228,-0.42417306,5.06,0.39,TM,Healthy,,E002A,0.4464268684387207,Normal,Moderate,Routine,E02
861,109.24485318,-0.42401851,5.06,0.303,TM,Suspect,Circle_5m,E002A,0.3733660280704498,Suspect,Critical,Priority Survey,E02
862,109.24325357,-0.42703987,5.05,0.333,TM,Suspect,Circle_5m,E002A,0.399378627538681,Abnormal,Sub-Optimal,Monitor,E02
863,109.24408386,-0.42774633,5.05,0.349,TM,Suspect,Circle_5m,E002A,0.4007852673530578,Abnormal,Sub-Optimal,Monitor,E02
864,109.24432094,-0.42608608,5.04,0.423,TM,Healthy,,E002A,0.4783937931060791,Healthy,Good,,E02
865,109.24373678,-0.42334274,5.04,0.437,TM,Healthy,,E002A,0.5056042075157166,Healthy,Good,,E02
866,109.24412194,-0.42424216,5.02,0.301,TM,Suspect,Circle_5m,E002A,0.3538877665996551,Suspect,Critical,Priority Survey,E02
867,109.24465298,-0.42353059,5.01,0.378,TM,Suspect,Circle_5m,E002A,0.450048953294754,Normal,Moderate,Routine,E02
868,109.24476587,-0.42678837,5.0,0.407,TM,Healthy,,E002A,0.4681843817234039,Healthy,Good,,E02
869,109.24385427,-0.42615153,5.0,0.434,TM,Healthy,,E002A,0.486471951007843,Healthy,Good,,E02
870,109.24352357,-0.42472809,5.0,0.42,TM,Healthy,,E002A,0.4814589023590088,Healthy,Good,,E02
871,109.24392494,-0.4234816,5.0,0.384,TM,Healthy,,E002A,0.4442888796329498,Normal,Moderate,Routine,E02
872,109.24462247,-0.42934209,4.99,0.369,TM,Suspect,Circle_5m,E002A,0.4283433556556701,Abnormal,Sub-Optimal,Monitor,E02
873,109.24433581,-0.42979373,4.99,0.432,TM,Healthy,,E002A,0.4931071400642395,Healthy,Good,,E02
874,109.24379515,-0.42540095,4.98,0.473,TM,Healthy,,E002A,0.5246655941009521,Healthy,Good,,E02
875,109.24508936,-0.42629153,4.98,0.374,TM,Suspect,Circle_5m,E002A,0.4333453774452209,Normal,Moderate,Routine,E02
876,109.24431244,-0.4278879,4.98,0.411,TM,Healthy,,E002A,0.4685289561748504,Healthy,Good,,E02
877,109.24460452,-0.42923267,4.98,0.349,TM,Suspect,Circle_5m,E002A,0.4097358286380768,Abnormal,Sub-Optimal,Monitor,E02
878,109.24366472,-0.42817216,4.98,0.402,TM,Healthy,,E002A,0.4604060351848602,Healthy,Good,,E02
879,109.2451349,-0.42949775,4.97,0.449,TM,Healthy,,E002A,0.5152210593223572,Healthy,Good,,E02
880,109.2437936,-0.42825719,4.97,0.277,TM,Suspect,Circle_5m,E002A,0.3572117388248443,Suspect,Critical,Priority Survey,E02
881,109.24450984,-0.42885465,4.96,0.391,TM,Healthy,,E002A,0.4498591125011444,Normal,Moderate,Routine,E02
882,109.2433003,-0.42494642,4.95,0.44,TM,Healthy,,E002A,0.4916602075099945,Healthy,Good,,E02
883,109.24425461,-0.42345726,4.95,0.332,TM,Suspect,Circle_5m,E002A,0.3916420638561249,Abnormal,Sub-Optimal,Monitor,E02
884,109.24316747,-0.42642312,4.95,0.362,TM,Suspect,Circle_5m,E002A,0.4089095890522003,Abnormal,Sub-Optimal,Monitor,E02
885,109.24348013,-0.42619214,4.94,0.325,TM,Suspect,Circle_5m,E002A,0.3852627277374267,Suspect,Critical,Priority Survey,E02
886,109.24312288,-0.4289755,4.93,0.357,TM,Suspect,Circle_5m,E002A,0.4161458015441894,Abnormal,Sub-Optimal,Monitor,E02
887,109.2435412,-0.4242574,4.92,0.376,TM,Suspect,Circle_5m,E002A,0.4414107203483581,Normal,Moderate,Routine,E02
888,109.24327773,-0.42746129,4.92,0.341,TM,Suspect,Circle_5m,E002A,0.4057949483394623,Abnormal,Sub-Optimal,Monitor,E02
889,109.24398597,-0.429658,4.92,0.479,TM,Healthy,,E002A,0.5392571091651917,Healthy,Good,,E02
890,109.24399429,-0.42660914,4.91,0.384,TM,Healthy,,E002A,0.4509450197219848,Normal,Moderate,Routine,E02
891,109.24329651,-0.42780583,4.91,0.475,TM,Healthy,,E002A,0.5257782340049744,Healthy,Good,,E02
892,109.24331709,-0.42421394,4.91,0.388,TM,Healthy,,E002A,0.448102205991745,Normal,Moderate,Routine,E02
893,109.24374247,-0.42796599,4.91,0.413,TM,Healthy,,E002A,0.4734053015708923,Healthy,Good,,E02
894,109.24509905,-0.42715831,4.9,0.45,TM,Healthy,,E002A,0.5068822503089905,Healthy,Good,,E02
895,109.24340108,-0.42619981,4.9,0.463,TM,Healthy,,E002A,0.5209686160087585,Healthy,Good,,E02
896,109.24428835,-0.42520257,4.9,0.392,TM,Healthy,,E002A,0.4559402465820312,Normal,Moderate,Routine,E02
897,109.24387127,-0.42644137,4.9,0.362,TM,Suspect,Circle_5m,E002A,0.4267254769802093,Abnormal,Sub-Optimal,Monitor,E02
898,109.24433277,-0.42339126,4.88,0.362,TM,Suspect,Circle_5m,E002A,0.4238137006759643,Abnormal,Sub-Optimal,Monitor,E02
899,109.24367772,-0.42829469,4.88,0.399,TM,Healthy,,E002A,0.4382652342319488,Normal,Moderate,Routine,E02
900,109.24321241,-0.42634446,4.88,0.444,TM,Healthy,,E002A,0.5069410800933838,Healthy,Good,,E02
901,109.24330903,-0.4241113,4.87,0.481,TM,Healthy,,E002A,0.5288817286491394,Healthy,Good,,E02
902,109.24453954,-0.4286331,4.87,0.45,TM,Healthy,,E002A,0.5044347047805786,Healthy,Good,,E02
903,109.24316087,-0.42583442,4.86,0.429,TM,Healthy,,E002A,0.4934298992156982,Healthy,Good,,E02
904,109.24451802,-0.4244638,4.86,0.325,TM,Suspect,Circle_5m,E002A,0.3980124890804291,Abnormal,Sub-Optimal,Monitor,E02
905,109.24441023,-0.42842553,4.86,0.447,TM,Healthy,,E002A,0.5063873529434204,Healthy,Good,,E02
906,109.24317185,-0.42693767,4.85,0.419,TM,Healthy,,E002A,0.4742068350315094,Healthy,Good,,E02
907,109.24366359,-0.42722399,4.85,0.359,TM,Suspect,Circle_5m,E002A,0.4120394587516784,Abnormal,Sub-Optimal,Monitor,E02
908,109.24361602,-0.43100533,4.85,0.411,TM,Healthy,,E002A,0.4519798457622528,Normal,Moderate,Routine,E02
909,109.24485108,-0.42538446,4.85,0.304,TM,Suspect,Circle_5m,E002A,0.3652836084365845,Suspect,Critical,Priority Survey,E02
910,109.24378979,-0.42526621,4.85,0.481,TM,Healthy,,E002A,0.5497255325317383,Healthy,Good,,E02
911,109.24435271,-0.42462383,4.85,0.388,TM,Healthy,,E002A,0.4440208375453949,Normal,Moderate,Routine,E02
912,109.24339107,-0.42871739,4.83,0.46,TM,Healthy,,E002A,0.5214081406593323,Healthy,Good,,E02
913,109.24432052,-0.42395012,4.83,0.306,TM,Suspect,Circle_5m,E002A,0.3704007267951965,Suspect,Critical,Priority Survey,E02
914,109.24509722,-0.42729034,4.83,0.841,TM,Healthy,,E002A,0.8545413017272949,Healthy,Good,,E02
915,109.24432408,-0.42807826,4.82,0.377,TM,Suspect,Circle_5m,E002A,0.4388008117675781,Normal,Moderate,Routine,E02
916,109.24344359,-0.42686358,4.82,0.354,TM,Suspect,Circle_5m,E002A,0.4204319417476654,Abnormal,Sub-Optimal,Monitor,E02
917,109.24362791,-0.43004812,4.82,0.412,TM,Healthy,,E002A,0.4704609513282776,Healthy,Good,,E02
918,109.24453375,-0.42839391,4.81,0.39,TM,Healthy,,E002A,0.4619326591491699,Healthy,Good,,E02
919,109.24404414,-0.42467666,4.8,0.418,TM,Healthy,,E002A,0.4845733344554901,Healthy,Good,,E02
920,109.24375476,-0.42722944,4.8,0.394,TM,Healthy,,E002A,0.453492522239685,Normal,Moderate,Routine,E02
921,109.24315903,-0.42604783,4.8,0.44,TM,Healthy,,E002A,0.4949506819248199,Healthy,Good,,E02
922,109.24333581,-0.4287956,4.79,0.423,TM,Healthy,,E002A,0.4746739566326141,Healthy,Good,,E02
923,109.24338474,-0.42495232,4.79,0.372,TM,Suspect,Circle_5m,E002A,0.4384883642196655,Normal,Moderate,Routine,E02
924,109.24344513,-0.42404532,4.78,0.44,TM,Healthy,,E002A,0.501018226146698,Healthy,Good,,E02
925,109.24321192,-0.42649186,4.78,0.498,TM,Healthy,,E002A,0.5606648921966553,Healthy,Good,,E02
926,109.24453075,-0.42777085,4.78,0.351,TM,Suspect,Circle_5m,E002A,0.4106427431106567,Abnormal,Sub-Optimal,Monitor,E02
927,109.24403094,-0.42743659,4.77,0.386,TM,Healthy,,E002A,0.4440802633762359,Normal,Moderate,Routine,E02
928,109.24412481,-0.42743435,4.76,0.415,TM,Healthy,,E002A,0.4726245105266571,Healthy,Good,,E02
929,109.24423948,-0.42481235,4.76,0.378,TM,Suspect,Circle_5m,E002A,0.4316391050815582,Normal,Moderate,Routine,E02
930,109.24383188,-0.42978547,4.75,0.407,TM,Healthy,,E002A,0.486375480890274,Healthy,Good,,E02
931,109.24490218,-0.42381641,4.75,0.291,TM,Suspect,Circle_5m,E002A,0.361481100320816,Suspect,Critical,Priority Survey,E02
932,109.24461807,-0.42692941,4.75,0.418,TM,Healthy,,E002A,0.484628826379776,Healthy,Good,,E02
933,109.24493621,-0.4262707,4.73,0.392,TM,Healthy,,E002A,0.4510133266448974,Normal,Moderate,Routine,E02
934,109.24484626,-0.42683316,4.72,0.41,TM,Healthy,,E002A,0.4697607755661011,Healthy,Good,,E02
935,109.24317056,-0.43063446,4.72,0.397,TM,Healthy,,E002A,0.4429128170013428,Normal,Moderate,Routine,E02
936,109.24455955,-0.42552366,4.72,0.37,TM,Suspect,Circle_5m,E002A,0.4338068664073944,Normal,Moderate,Routine,E02
937,109.24410412,-0.42358925,4.71,0.39,TM,Healthy,,E002A,0.45668825507164,Normal,Moderate,Routine,E02
938,109.24510344,-0.42958049,4.71,0.321,TM,Suspect,Circle_5m,E002A,0.3828629553318023,Suspect,Critical,Priority Survey,E02
939,109.24368724,-0.42791579,4.71,0.426,TM,Healthy,,E002A,0.4713476002216339,Healthy,Good,,E02
940,109.24365388,-0.42646257,4.7,0.339,TM,Suspect,Circle_5m,E002A,0.3979677259922027,Abnormal,Sub-Optimal,Monitor,E02
941,109.24512566,-0.42864228,4.7,0.354,TM,Suspect,Circle_5m,E002A,0.4139914810657501,Abnormal,Sub-Optimal,Monitor,E02
942,109.24508925,-0.42875983,4.69,0.426,TM,Healthy,,E002A,0.4846972525119781,Healthy,Good,,E02
943,109.24444354,-0.42809637,4.68,0.388,TM,Healthy,,E002A,0.455001950263977,Normal,Moderate,Routine,E02
944,109.24368469,-0.42529874,4.67,0.359,TM,Suspect,Circle_5m,E002A,0.3988467454910278,Abnormal,Sub-Optimal,Monitor,E02
945,109.24479357,-0.42546222,4.67,0.367,TM,Suspect,Circle_5m,E002A,0.4283214509487152,Abnormal,Sub-Optimal,Monitor,E02
946,109.24352585,-0.42660225,4.67,0.4,TM,Healthy,,E002A,0.4558897614479065,Normal,Moderate,Routine,E02
947,109.24330125,-0.42867984,4.65,0.294,TM,Suspect,Circle_5m,E002A,0.350130170583725,Suspect,Critical,Priority Survey,E02
948,109.2448772,-0.42505259,4.64,0.342,TM,Suspect,Circle_5m,E002A,0.4047809243202209,Abnormal,Sub-Optimal,Monitor,E02
949,109.24455693,-0.42519675,4.63,0.366,TM,Suspect,Circle_5m,E002A,0.4369646608829498,Normal,Moderate,Routine,E02
950,109.24368437,-0.42668549,4.63,0.379,TM,Suspect,Circle_5m,E002A,0.4498473703861236,Normal,Moderate,Routine,E02
951,109.24369403,-0.42966155,4.62,0.313,TM,Suspect,Circle_5m,E002A,0.3755722641944885,Suspect,Critical,Priority Survey,E02
952,109.24429951,-0.42547703,4.62,0.366,TM,Suspect,Circle_5m,E002A,0.429400235414505,Abnormal,Sub-Optimal,Monitor,E02
953,109.24451065,-0.4292444,4.62,0.324,TM,Suspect,Circle_5m,E002A,0.3815809786319732,Suspect,Critical,Priority Survey,E02
954,109.2448436,-0.4266853,4.61,0.491,TM,Healthy,,E002A,0.5434852242469788,Healthy,Good,,E02
955,109.24426028,-0.42417437,4.6,0.374,TM,Suspect,Circle_5m,E002A,0.4359985291957855,Normal,Moderate,Routine,E02
956,109.24463454,-0.4256019,4.6,0.287,TM,Suspect,Circle_5m,E002A,0.3478944897651672,Suspect,Critical,Priority Survey,E02
957,109.24427254,-0.42759445,4.6,0.414,TM,Healthy,,E002A,0.4768865406513214,Healthy,Good,,E02
958,109.2445191,-0.42565839,4.59,0.427,TM,Healthy,,E002A,0.4861968159675598,Healthy,Good,,E02
959,109.24497523,-0.42851338,4.57,0.396,TM,Healthy,,E002A,0.459435373544693,Normal,Moderate,Routine,E02
960,109.24319804,-0.42433509,4.57,0.359,TM,Suspect,Circle_5m,E002A,0.4175489842891693,Abnormal,Sub-Optimal,Monitor,E02
961,109.2444338,-0.42948041,4.57,0.423,TM,Healthy,,E002A,0.4948911964893341,Healthy,Good,,E02
962,109.24338012,-0.4274907,4.57,0.407,TM,Healthy,,E002A,0.4615996479988098,Healthy,Good,,E02
963,109.2442714,-0.42468756,4.56,0.304,TM,Suspect,Circle_5m,E002A,0.3696162700653076,Suspect,Critical,Priority Survey,E02
964,109.2445645,-0.42750273,4.56,0.405,TM,Healthy,,E002A,0.4768820106983185,Healthy,Good,,E02
965,109.24313809,-0.42328835,4.56,0.477,TM,Healthy,,E002A,0.5339779853820801,Healthy,Good,,E02
966,109.24324951,-0.42514129,4.56,0.418,TM,Healthy,,E002A,0.4815994799137115,Healthy,Good,,E02
967,109.24468136,-0.42713154,4.55,0.509,TM,Healthy,,E002A,0.5532426834106445,Healthy,Good,,E02
968,109.24316509,-0.42702584,4.55,0.413,TM,Healthy,,E002A,0.4721277356147766,Healthy,Good,,E02
969,109.24375617,-0.426969,4.54,0.327,TM,Suspect,Circle_5m,E002A,0.3926879465579986,Abnormal,Sub-Optimal,Monitor,E02
970,109.2444021,-0.42664812,4.54,0.462,TM,Healthy,,E002A,0.5183557868003845,Healthy,Good,,E02
971,109.24350701,-0.42843346,4.53,0.462,TM,Healthy,,E002A,0.5258013606071472,Healthy,Good,,E02
972,109.24338593,-0.42365555,4.53,0.419,TM,Healthy,,E002A,0.4803444743156433,Healthy,Good,,E02
973,109.24338259,-0.42451826,4.53,0.369,TM,Suspect,Circle_5m,E002A,0.4292516708374023,Abnormal,Sub-Optimal,Monitor,E02
974,109.24412476,-0.4296187,4.53,0.342,TM,Suspect,Circle_5m,E002A,0.4002591371536255,Abnormal,Sub-Optimal,Monitor,E02
975,109.24458776,-0.42394611,4.52,0.447,TM,Healthy,,E002A,0.5016153454780579,Healthy,Good,,E02
976,109.24330176,-0.42644757,4.52,0.339,TM,Suspect,Circle_5m,E002A,0.4006573855876922,Abnormal,Sub-Optimal,Monitor,E02
977,109.24467992,-0.42752807,4.52,0.366,TM,Suspect,Circle_5m,E002A,0.4359605610370636,Normal,Moderate,Routine,E02
978,109.24430821,-0.42674486,4.52,0.446,TM,Healthy,,E002A,0.5007858276367188,Healthy,Good,,E02
979,109.24315804,-0.4284058,4.51,0.434,TM,Healthy,,E002A,0.4762283563613891,Healthy,Good,,E02
980,109.24401122,-0.42325283,4.51,0.448,TM,Healthy,,E002A,0.5054174065589905,Healthy,Good,,E02
981,109.24332674,-0.4272194,4.51,0.4,TM,Healthy,,E002A,0.4638819098472595,Healthy,Good,,E02
982,109.24393339,-0.42977419,4.51,0.437,TM,Healthy,,E002A,0.4987820982933044,Healthy,Good,,E02
983,109.24482094,-0.42559471,4.51,0.386,TM,Healthy,,E002A,0.4464555978775024,Normal,Moderate,Routine,E02
984,109.24495092,-0.42876251,4.51,0.406,TM,Healthy,,E002A,0.4737713932991028,Healthy,Good,,E02
985,109.24469388,-0.42931679,4.51,0.382,TM,Healthy,,E002A,0.4239318966865539,Abnormal,Sub-Optimal,Monitor,E02
986,109.2445677,-0.42722692,4.5,0.408,TM,Healthy,,E002A,0.4707009792327881,Healthy,Good,,E02
987,109.24372584,-0.42604118,4.5,0.375,TM,Suspect,Circle_5m,E002A,0.4462802410125732,Normal,Moderate,Routine,E02
988,109.24406932,-0.43048591,4.5,0.425,TM,Healthy,,E002A,0.4804792702198028,Healthy,Good,,E02
989,109.24415133,-0.42730685,4.49,0.277,TM,Suspect,Circle_5m,E002A,0.3344219326972961,Suspect,Critical,Priority Survey,E02
990,109.24461422,-0.42610695,4.49,0.424,TM,Healthy,,E002A,0.4819304049015045,Healthy,Good,,E02
991,109.24419462,-0.42658477,4.49,0.425,TM,Healthy,,E002A,0.4833722114562988,Healthy,Good,,E02
992,109.24460959,-0.42470889,4.48,0.313,TM,Suspect,Circle_5m,E002A,0.3740871846675873,Suspect,Critical,Priority Survey,E02
993,109.24504001,-0.43001409,4.47,0.514,TM,Healthy,,E002A,0.5674585700035095,Healthy,Good,,E02
994,109.24379527,-0.42883052,4.47,0.37,TM,Suspect,Circle_5m,E002A,0.4470303952693939,Normal,Moderate,Routine,E02
995,109.24311142,-0.42404615,4.46,0.369,TM,Suspect,Circle_5m,E002A,0.437080979347229,Normal,Moderate,Routine,E02
996,109.24493162,-0.42669391,4.46,0.41,TM,Healthy,,E002A,0.4697530567646026,Healthy,Good,,E02
997,109.24443777,-0.4297725,4.46,0.301,TM,Suspect,Circle_5m,E002A,0.3725828528404236,Suspect,Critical,Priority Survey,E02
998,109.24449175,-0.42941531,4.46,0.388,TM,Healthy,,E002A,0.4450292587280273,Normal,Moderate,Routine,E02
999,109.24447213,-0.42681046,4.45,0.454,TM,Healthy,,E002A,0.5140305161476135,Healthy,Good,,E02
1000,109.24483197,-0.42647098,4.45,0.452,TM,Healthy,,E002A,0.5114901065826416,Healthy,Good,,E02
1001,109.24433512,-0.42494937,4.45,0.359,TM,Suspect,Circle_5m,E002A,0.4136842787265777,Abnormal,Sub-Optimal,Monitor,E02
1002,109.24435648,-0.42582158,4.45,0.463,TM,Healthy,,E002A,0.5117576122283936,Healthy,Good,,E02
1003,109.24332838,-0.42589866,4.44,0.42,TM,Healthy,,E002A,0.4733390212059021,Healthy,Good,,E02
1004,109.24467901,-0.42952658,4.44,0.457,TM,Healthy,,E002A,0.5081750154495239,Healthy,Good,,E02
1005,109.24360263,-0.42865549,4.44,0.463,TM,Healthy,,E002A,0.528911292552948,Healthy,Good,,E02
1006,109.24380366,-0.42352407,4.44,0.301,TM,Suspect,Circle_5m,E002A,0.3745305836200714,Suspect,Critical,Priority Survey,E02
1007,109.24451615,-0.42480021,4.43,0.365,TM,Suspect,Circle_5m,E002A,0.4173609018325805,Abnormal,Sub-Optimal,Monitor,E02
1008,109.24366645,-0.42448803,4.43,0.279,TM,Suspect,Circle_5m,E002A,0.327109158039093,Suspect,Critical,Priority Survey,E02
1009,109.2435867,-0.42364701,4.42,0.369,TM,Suspect,Circle_5m,E002A,0.4300551414489746,Normal,Moderate,Routine,E02
1010,109.24491529,-0.42938919,4.41,0.451,TM,Healthy,,E002A,0.4968957602977752,Healthy,Good,,E02
1011,109.24424849,-0.42668607,4.41,0.428,TM,Healthy,,E002A,0.4768167436122894,Healthy,Good,,E02
1012,109.24460326,-0.42492999,4.4,0.408,TM,Healthy,,E002A,0.4663489162921905,Healthy,Good,,E02
1013,109.24395292,-0.42487604,4.39,0.397,TM,Healthy,,E002A,0.4275916814804077,Abnormal,Sub-Optimal,Monitor,E02
1014,109.24431078,-0.42529436,4.39,0.377,TM,Suspect,Circle_5m,E002A,0.4417753219604492,Normal,Moderate,Routine,E02
1015,109.24381844,-0.42768116,4.39,0.367,TM,Suspect,Circle_5m,E002A,0.4278016686439514,Abnormal,Sub-Optimal,Monitor,E02
1016,109.24321009,-0.42465974,4.39,0.431,TM,Healthy,,E002A,0.4962649345397949,Healthy,Good,,E02
1017,109.24404123,-0.42954498,4.38,0.487,TM,Healthy,,E002A,0.5365808606147766,Healthy,Good,,E02
1018,109.24324133,-0.42358589,4.38,0.463,TM,Healthy,,E002A,0.528276801109314,Healthy,Good,,E02
1019,109.24344396,-0.42723208,4.38,0.333,TM,Suspect,Circle_5m,E002A,0.4017998874187469,Abnormal,Sub-Optimal,Monitor,E02
1020,109.24339962,-0.42469098,4.37,0.362,TM,Suspect,Circle_5m,E002A,0.4122039973735809,Abnormal,Sub-Optimal,Monitor,E02
1021,109.24472925,-0.42786268,4.37,0.419,TM,Healthy,,E002A,0.4670835733413696,Healthy,Good,,E02
1022,109.24375196,-0.42373747,4.36,0.308,TM,Suspect,Circle_5m,E002A,0.365475982427597,Suspect,Critical,Priority Survey,E02
1023,109.24406402,-0.4241368,4.36,0.279,TM,Suspect,Circle_5m,E002A,0.3366135656833648,Suspect,Critical,Priority Survey,E02
1024,109.244693,-0.43123889,4.36,0.275,TM,Suspect,Circle_5m,E002A,0.34353107213974,Suspect,Critical,Priority Survey,E02
1025,109.2432195,-0.42476916,4.35,0.376,TM,Suspect,Circle_5m,E002A,0.4284083843231201,Abnormal,Sub-Optimal,Monitor,E02
1026,109.24354003,-0.42347066,4.35,0.372,TM,Suspect,Circle_5m,E002A,0.4582551419734955,Normal,Moderate,Routine,E02
1027,109.24468233,-0.4268087,4.34,0.476,TM,Healthy,,E002A,0.5282050967216492,Healthy,Good,,E02
1028,109.24391535,-0.42812474,4.34,0.335,TM,Suspect,Circle_5m,E002A,0.3977295160293579,Abnormal,Sub-Optimal,Monitor,E02
1029,109.24438625,-0.42526725,4.34,0.42,TM,Healthy,,E002A,0.4854909479618072,Healthy,Good,,E02
1030,109.24330712,-0.42658502,4.34,0.364,TM,Suspect,Circle_5m,E002A,0.4243776202201843,Abnormal,Sub-Optimal,Monitor,E02
1031,109.24319903,-0.42391504,4.33,0.379,TM,Suspect,Circle_5m,E002A,0.4433519840240478,Normal,Moderate,Routine,E02
1032,109.24327983,-0.42610483,4.33,0.377,TM,Suspect,Circle_5m,E002A,0.4327371418476105,Normal,Moderate,Routine,E02
1033,109.24326921,-0.4273817,4.33,0.378,TM,Suspect,Circle_5m,E002A,0.4378232955932617,Normal,Moderate,Routine,E02
1034,109.2434363,-0.42732025,4.33,0.501,TM,Healthy,,E002A,0.5542400479316711,Healthy,Good,,E02
1035,109.24383562,-0.42716435,4.32,0.375,TM,Suspect,Circle_5m,E002A,0.453664481639862,Normal,Moderate,Routine,E02
1036,109.24403414,-0.42517176,4.32,0.342,TM,Suspect,Circle_5m,E002A,0.4021849632263183,Abnormal,Sub-Optimal,Monitor,E02
1037,109.24363499,-0.42657967,4.31,0.32,TM,Suspect,Circle_5m,E002A,0.3825316131114959,Suspect,Critical,Priority Survey,E02
1038,109.24419765,-0.42508047,4.31,0.359,TM,Suspect,Circle_5m,E002A,0.4325652122497558,Normal,Moderate,Routine,E02
1039,109.24401927,-0.42341741,4.31,0.308,TM,Suspect,Circle_5m,E002A,0.3731676042079925,Suspect,Critical,Priority Survey,E02
1040,109.24446847,-0.42708944,4.3,0.43,TM,Healthy,,E002A,0.4893564581871032,Healthy,Good,,E02
1041,109.24415058,-0.42668379,4.3,0.353,TM,Suspect,Circle_5m,E002A,0.4025768041610718,Abnormal,Sub-Optimal,Monitor,E02
1042,109.24321633,-0.42486773,4.3,0.458,TM,Healthy,,E002A,0.5178479552268982,Healthy,Good,,E02
1043,109.24476343,-0.42566749,4.3,0.34,TM,Suspect,Circle_5m,E002A,0.4044835865497589,Abnormal,Sub-Optimal,Monitor,E02
1044,109.24349259,-0.42867446,4.29,0.489,TM,Healthy,,E002A,0.5443772077560425,Healthy,Good,,E02
1045,109.24485949,-0.42789165,4.29,0.435,TM,Healthy,,E002A,0.4879103899002075,Healthy,Good,,E02
1046,109.24319692,-0.42729307,4.29,0.425,TM,Healthy,,E002A,0.5113850235939026,Healthy,Good,,E02
1047,109.24341286,-0.42772402,4.27,0.382,TM,Healthy,,E002A,0.447505384683609,Normal,Moderate,Routine,E02
1048,109.24382534,-0.42892729,4.27,0.361,TM,Suspect,Circle_5m,E002A,0.4325581789016723,Normal,Moderate,Routine,E02
1049,109.24485586,-0.42609208,4.27,0.483,TM,Healthy,,E002A,0.5409203171730042,Healthy,Good,,E02
1050,109.24360954,-0.42590234,4.26,0.468,TM,Healthy,,E002A,0.529227614402771,Healthy,Good,,E02
1051,109.24406783,-0.42716847,4.25,0.285,TM,Suspect,Circle_5m,E002A,0.3435012400150299,Suspect,Critical,Priority Survey,E02
1052,109.24326942,-0.42448296,4.25,0.335,TM,Suspect,Circle_5m,E002A,0.4037634134292602,Abnormal,Sub-Optimal,Monitor,E02
1053,109.24366366,-0.42692738,4.24,0.357,TM,Suspect,Circle_5m,E002A,0.4254073798656463,Abnormal,Sub-Optimal,Monitor,E02
1054,109.24320966,-0.42853377,4.24,0.458,TM,Healthy,,E002A,0.5138393044471741,Healthy,Good,,E02
1055,109.24483954,-0.42475099,4.24,0.418,TM,Healthy,,E002A,0.4794160425662994,Healthy,Good,,E02
1056,109.24339982,-0.42581006,4.23,0.369,TM,Suspect,Circle_5m,E002A,0.4272613525390625,Abnormal,Sub-Optimal,Monitor,E02
1057,109.24459529,-0.42834916,4.23,0.397,TM,Healthy,,E002A,0.4544520080089569,Normal,Moderate,Routine,E02
1058,109.24350214,-0.4241656,4.23,0.373,TM,Suspect,Circle_5m,E002A,0.4364691376686096,Normal,Moderate,Routine,E02
1059,109.24507638,-0.42411623,4.23,0.392,TM,Healthy,,E002A,0.454402208328247,Normal,Moderate,Routine,E02
1060,109.24461024,-0.42580536,4.22,0.402,TM,Healthy,,E002A,0.463020920753479,Healthy,Good,,E02
1061,109.24417248,-0.42714092,4.22,0.359,TM,Suspect,Circle_5m,E002A,0.4255732893943786,Abnormal,Sub-Optimal,Monitor,E02
1062,109.24502191,-0.42664962,4.22,0.387,TM,Healthy,,E002A,0.4377916157245636,Normal,Moderate,Routine,E02
1063,109.2438797,-0.42687227,4.21,0.373,TM,Suspect,Circle_5m,E002A,0.4377743601799011,Normal,Moderate,Routine,E02
1064,109.24412321,-0.42456635,4.21,0.357,TM,Suspect,Circle_5m,E002A,0.4204586148262024,Abnormal,Sub-Optimal,Monitor,E02
1065,109.2432245,-0.42845375,4.21,0.454,TM,Healthy,,E002A,0.5052483677864075,Healthy,Good,,E02
1066,109.24443837,-0.4251809,4.2,0.329,TM,Suspect,Circle_5m,E002A,0.3960444629192352,Abnormal,Sub-Optimal,Monitor,E02
1067,109.24360771,-0.42407791,4.2,0.446,TM,Healthy,,E002A,0.504411518573761,Healthy,Good,,E02
1068,109.24357696,-0.42697439,4.2,0.373,TM,Suspect,Circle_5m,E002A,0.4342735111713409,Normal,Moderate,Routine,E02
1069,109.24434477,-0.42594727,4.2,0.47,TM,Healthy,,E002A,0.5215492844581604,Healthy,Good,,E02
1070,109.24417118,-0.42692343,4.19,0.342,TM,Suspect,Circle_5m,E002A,0.4078981578350067,Abnormal,Sub-Optimal,Monitor,E02
1071,109.24330909,-0.42580325,4.19,0.444,TM,Healthy,,E002A,0.5157676935195923,Healthy,Good,,E02
1072,109.24491463,-0.42638599,4.18,0.389,TM,Healthy,,E002A,0.4493485987186432,Normal,Moderate,Routine,E02
1073,109.24434458,-0.42878272,4.18,0.319,TM,Suspect,Circle_5m,E002A,0.3833805620670318,Suspect,Critical,Priority Survey,E02
1074,109.24348549,-0.42632417,4.18,0.338,TM,Suspect,Circle_5m,E002A,0.4026748538017273,Abnormal,Sub-Optimal,Monitor,E02
1075,109.24363436,-0.42737365,4.18,0.446,TM,Healthy,,E002A,0.5027828216552734,Healthy,Good,,E02
1076,109.24335299,-0.42433287,4.18,0.389,TM,Healthy,,E002A,0.4474415183067322,Normal,Moderate,Routine,E02
1077,109.24343475,-0.42424652,4.17,0.321,TM,Suspect,Circle_5m,E002A,0.4077838957309723,Abnormal,Sub-Optimal,Monitor,E02
1078,109.24357398,-0.42626948,4.17,0.359,TM,Suspect,Circle_5m,E002A,0.4174339175224304,Abnormal,Sub-Optimal,Monitor,E02
1079,109.2439442,-0.4256664,4.15,0.47,TM,Healthy,,E002A,0.5449994802474976,Healthy,Good,,E02
1080,109.24371399,-0.42479188,4.14,0.405,TM,Healthy,,E002A,0.4545980989933014,Normal,Moderate,Routine,E02
1081,109.24344397,-0.42519921,4.14,0.416,TM,Healthy,,E002A,0.4691988825798034,Healthy,Good,,E02
1082,109.24348457,-0.4244066,4.14,0.313,TM,Suspect,Circle_5m,E002A,0.3760123252868652,Suspect,Critical,Priority Survey,E02
1083,109.24511225,-0.42439295,4.14,0.371,TM,Suspect,Circle_5m,E002A,0.4344633221626282,Normal,Moderate,Routine,E02
1084,109.24393012,-0.42439901,4.14,0.36,TM,Suspect,Circle_5m,E002A,0.4013463854789734,Abnormal,Sub-Optimal,Monitor,E02
1085,109.24332048,-0.42510378,4.14,0.421,TM,Healthy,,E002A,0.4727902412414551,Healthy,Good,,E02
1086,109.24467959,-0.42699001,4.13,0.377,TM,Suspect,Circle_5m,E002A,0.4404081404209137,Normal,Moderate,Routine,E02
1087,109.24384845,-0.4260489,4.13,0.493,TM,Healthy,,E002A,0.5403892397880554,Healthy,Good,,E02
1088,109.24387529,-0.42652547,4.12,0.343,TM,Suspect,Circle_5m,E002A,0.4036077558994293,Abnormal,Sub-Optimal,Monitor,E02
1089,109.24364871,-0.42749709,4.12,0.402,TM,Healthy,,E002A,0.4570853412151336,Normal,Moderate,Routine,E02
1090,109.24361557,-0.42901902,4.12,0.393,TM,Healthy,,E002A,0.465756893157959,Healthy,Good,,E02
1091,109.24423027,-0.42385107,4.11,0.37,TM,Suspect,Circle_5m,E002A,0.425347238779068,Abnormal,Sub-Optimal,Monitor,E02
1092,109.24451148,-0.42758682,4.1,0.358,TM,Suspect,Circle_5m,E002A,0.4208346605300903,Abnormal,Sub-Optimal,Monitor,E02
1093,109.24372047,-0.42592814,4.1,0.631,TM,Healthy,,E002A,0.6704441905021667,Healthy,Good,,E02
1094,109.24433959,-0.42504478,4.08,0.332,TM,Suspect,Circle_5m,E002A,0.3970061242580414,Abnormal,Sub-Optimal,Monitor,E02
1095,109.24370396,-0.42349647,4.08,0.355,TM,Suspect,Circle_5m,E002A,0.4281097948551178,Abnormal,Sub-Optimal,Monitor,E02
1096,109.24380625,-0.42598016,4.07,0.354,TM,Suspect,Circle_5m,E002A,0.4123199880123138,Abnormal,Sub-Optimal,Monitor,E02
1097,109.24344367,-0.42655114,4.06,0.334,TM,Suspect,Circle_5m,E002A,0.3915415704250335,Abnormal,Sub-Optimal,Monitor,E02
1098,109.24475107,-0.42473741,4.05,0.403,TM,Healthy,,E002A,0.4665121436119079,Healthy,Good,,E02
1099,109.24426482,-0.42596489,4.05,0.337,TM,Suspect,Circle_5m,E002A,0.3983484804630279,Abnormal,Sub-Optimal,Monitor,E02
1100,109.24477968,-0.43123484,4.04,0.16,TM,Suspect,Circle_5m,E002A,0.2373306006193161,Suspect,Critical,Priority Survey,E02
1101,109.24436192,-0.42756508,4.04,0.471,TM,Healthy,,E002A,0.5352957844734192,Healthy,Good,,E02
1102,109.24401906,-0.42432985,4.04,0.354,TM,Suspect,Circle_5m,E002A,0.4260623753070831,Abnormal,Sub-Optimal,Monitor,E02
1103,109.24443586,-0.42828582,4.03,0.357,TM,Suspect,Circle_5m,E002A,0.4174238741397857,Abnormal,Sub-Optimal,Monitor,E02
1104,109.24455153,-0.42324662,4.03,0.408,TM,Healthy,,E002A,0.4682248830795288,Healthy,Good,,E02
1105,109.24332486,-0.42359857,4.03,0.363,TM,Suspect,Circle_5m,E002A,0.4342208802700043,Normal,Moderate,Routine,E02
1106,109.24368176,-0.42434244,4.03,0.378,TM,Suspect,Circle_5m,E002A,0.4402749538421631,Normal,Moderate,Routine,E02
1107,109.24333055,-0.42626355,4.01,0.437,TM,Healthy,,E002A,0.5027797818183899,Healthy,Good,,E02
1108,109.24398818,-0.4238587,4.0,0.266,TM,Suspect,Circle_5m,E002A,0.3295227587223053,Suspect,Critical,Priority Survey,E02
1109,109.24314022,-0.4277547,4.0,0.419,TM,Healthy,,E002A,0.4725120961666107,Healthy,Good,,E02
1110,109.24495449,-0.42689241,4.0,0.509,TM,Healthy,,E002A,0.5645490884780884,Healthy,Good,,E02
1111,109.24431743,-0.42568502,4.0,0.442,TM,Healthy,,E002A,0.5064374804496765,Healthy,Good,,E02
1112,109.24378149,-0.42620487,4.0,0.369,TBM,Healthy,,E002A,0.4236678779125213,Abnormal,Sub-Optimal,Monitor,E02
1113,109.2444818,-0.42576735,3.99,0.384,TBM,Healthy,,E002A,0.4445036649703979,Normal,Moderate,Routine,E02
1114,109.24495855,-0.42680967,3.99,0.508,Kenthosan,Abnormal,Field_Verification,E002A,0.5604797601699829,Healthy,Good,,E02
1115,109.2434907,-0.42511376,3.98,0.45,TBM,Healthy,,E002A,0.499193400144577,Healthy,Good,,E02
1116,109.24443875,-0.42544405,3.98,0.31,TBM,Healthy,,E002A,0.3779537677764892,Suspect,Critical,Priority Survey,E02
1117,109.24502982,-0.4294082,3.97,0.469,Kenthosan,Abnormal,Field_Verification,E002A,0.5247434973716736,Healthy,Good,,E02
1118,109.24335466,-0.42687396,3.97,0.381,Kenthosan,Abnormal,Field_Verification,E002A,0.445394217967987,Normal,Moderate,Routine,E02
1119,109.24368583,-0.4261949,3.96,0.344,TBM,Healthy,,E002A,0.3937259912490845,Abnormal,Sub-Optimal,Monitor,E02
1120,109.24471796,-0.43009857,3.95,0.476,TBM,Healthy,,E002A,0.533815324306488,Healthy,Good,,E02
1121,109.24417154,-0.42533412,3.95,0.343,TBM,Healthy,,E002A,0.3937608897686004,Abnormal,Sub-Optimal,Monitor,E02
1122,109.2450917,-0.42982555,3.95,0.369,Kenthosan,Abnormal,Field_Verification,E002A,0.4249750673770904,Abnormal,Sub-Optimal,Monitor,E02
1123,109.24460706,-0.42596949,3.95,0.432,TBM,Healthy,,E002A,0.4844830930233001,Healthy,Good,,E02
1124,109.24362296,-0.42417784,3.95,0.452,Kenthosan,Abnormal,Field_Verification,E002A,0.5127372145652771,Healthy,Good,,E02
1125,109.24357468,-0.42514498,3.94,0.469,TBM,Healthy,,E002A,0.525138258934021,Healthy,Good,,E02
1126,109.24400193,-0.42461516,3.94,0.437,Kenthosan,Abnormal,Field_Verification,E002A,0.4810529053211212,Healthy,Good,,E02
1127,109.24350615,-0.42432069,3.94,0.457,Kenthosan,Abnormal,Field_Verification,E002A,0.5246215462684631,Healthy,Good,,E02
1128,109.24375043,-0.42456717,3.93,0.364,TBM,Healthy,,E002A,0.4142384231090545,Abnormal,Sub-Optimal,Monitor,E02
1129,109.24439783,-0.42764512,3.93,0.405,Kenthosan,Abnormal,Field_Verification,E002A,0.4605427384376526,Healthy,Good,,E02
1130,109.2440536,-0.42654043,3.93,0.459,Kenthosan,Abnormal,Field_Verification,E002A,0.5197499394416809,Healthy,Good,,E02
1131,109.24395486,-0.42422268,3.93,0.386,Kenthosan,Abnormal,Field_Verification,E002A,0.4444741606712341,Normal,Moderate,Routine,E02
1132,109.24471024,-0.42650938,3.92,0.529,Kenthosan,Abnormal,Field_Verification,E002A,0.5755977034568787,Healthy,Good,,E02
1133,109.24403899,-0.42757766,3.92,0.39,TBM,Healthy,,E002A,0.4622116386890411,Healthy,Good,,E02
1134,109.24429722,-0.42965807,3.92,0.33,Kenthosan,Abnormal,Field_Verification,E002A,0.3970482051372528,Abnormal,Sub-Optimal,Monitor,E02
1135,109.24504397,-0.42445488,3.91,0.358,Kenthosan,Abnormal,Field_Verification,E002A,0.4174897372722626,Abnormal,Sub-Optimal,Monitor,E02
1136,109.24356009,-0.42610173,3.91,0.406,TBM,Healthy,,E002A,0.4647961854934692,Healthy,Good,,E02
1137,109.24439359,-0.42851867,3.91,0.397,Kenthosan,Abnormal,Field_Verification,E002A,0.4550173878669739,Normal,Moderate,Routine,E02
1138,109.24489707,-0.42852331,3.9,0.334,Kenthosan,Abnormal,Field_Verification,E002A,0.3959144353866577,Abnormal,Sub-Optimal,Monitor,E02
1139,109.24503501,-0.42634533,3.88,0.393,Kenthosan,Abnormal,Field_Verification,E002A,0.4557006657123565,Normal,Moderate,Routine,E02
1140,109.24446947,-0.42668205,3.86,0.419,Kenthosan,Abnormal,Field_Verification,E002A,0.4673591554164886,Healthy,Good,,E02
1141,109.243724,-0.4242597,3.86,0.374,TBM,Healthy,,E002A,0.4397501349449157,Normal,Moderate,Routine,E02
1142,109.24372071,-0.42489317,3.85,0.339,TBM,Healthy,,E002A,0.3992565274238586,Abnormal,Sub-Optimal,Monitor,E02
1143,109.24469208,-0.42737525,3.84,0.441,TBM,Healthy,,E002A,0.5003789663314819,Healthy,Good,,E02
1144,109.24516106,-0.42700052,3.83,0.423,TBM,Healthy,,E002A,0.4743909239768982,Healthy,Good,,E02
1145,109.24383434,-0.42491761,3.83,0.39,TBM,Healthy,,E002A,0.4497370719909668,Normal,Moderate,Routine,E02
1146,109.24422671,-0.42366659,3.82,0.378,Kenthosan,Abnormal,Field_Verification,E002A,0.4459374248981476,Normal,Moderate,Routine,E02
1147,109.24485089,-0.42621371,3.82,0.412,Kenthosan,Abnormal,Field_Verification,E002A,0.4736897945404053,Healthy,Good,,E02
1148,109.24396712,-0.42759212,3.81,0.495,TBM,Healthy,,E002A,0.5450261831283569,Healthy,Good,,E02
1149,109.24441499,-0.42723502,3.8,0.372,TBM,Healthy,,E002A,0.4303551018238067,Normal,Moderate,Routine,E02
1150,109.24450487,-0.4270266,3.78,0.404,Kenthosan,Abnormal,Field_Verification,E002A,0.4568101167678833,Normal,Moderate,Routine,E02
1151,109.24320018,-0.42676269,3.78,0.385,TBM,Healthy,,E002A,0.4398787319660187,Normal,Moderate,Routine,E02
1152,109.24374077,-0.4275482,3.78,0.352,Kenthosan,Abnormal,Field_Verification,E002A,0.4138587117195129,Abnormal,Sub-Optimal,Monitor,E02
1153,109.24456408,-0.42736799,3.78,0.334,TBM,Healthy,,E002A,0.3935658931732178,Abnormal,Sub-Optimal,Monitor,E02
1154,109.24324714,-0.42369893,3.78,0.371,TBM,Healthy,,E002A,0.4095284938812256,Abnormal,Sub-Optimal,Monitor,E02
1155,109.24391157,-0.42498681,3.77,0.325,TBM,Healthy,,E002A,0.3824107646942138,Suspect,Critical,Priority Survey,E02
1156,109.24391286,-0.42523368,3.76,0.281,Kenthosan,Abnormal,Field_Verification,E002A,0.33045294880867,Suspect,Critical,Priority Survey,E02
1157,109.24397106,-0.42409382,3.74,0.358,Kenthosan,Abnormal,Field_Verification,E002A,0.4157692790031433,Abnormal,Sub-Optimal,Monitor,E02
1158,109.24375864,-0.42397621,3.74,0.379,Kenthosan,Abnormal,Field_Verification,E002A,0.4471594095230102,Normal,Moderate,Routine,E02
1159,109.24417037,-0.43050718,3.73,0.404,Kenthosan,Abnormal,Field_Verification,E002A,0.4757227301597595,Healthy,Good,,E02
1160,109.24503864,-0.4261613,3.73,0.364,Kenthosan,Abnormal,Field_Verification,E002A,0.4204459190368652,Abnormal,Sub-Optimal,Monitor,E02
1161,109.24420173,-0.43084811,3.72,0.429,Kenthosan,Abnormal,Field_Verification,E002A,0.4802654683589935,Healthy,Good,,E02
1162,109.24412449,-0.42487608,3.71,0.35,TBM,Healthy,,E002A,0.4111390113830566,Abnormal,Sub-Optimal,Monitor,E02
1163,109.24379977,-0.4268189,3.7,0.379,Kenthosan,Abnormal,Field_Verification,E002A,0.447103202342987,Normal,Moderate,Routine,E02
1164,109.24374574,-0.42739402,3.69,0.427,TBM,Healthy,,E002A,0.4805935621261596,Healthy,Good,,E02
1165,109.2444584,-0.42595273,3.69,0.476,TBM,Healthy,,E002A,0.5337567329406738,Healthy,Good,,E02
1166,109.24426387,-0.43012423,3.68,0.502,TBM,Healthy,,E002A,0.5685462355613708,Healthy,Good,,E02
1167,109.24448323,-0.42736932,3.68,0.444,TBM,Healthy,,E002A,0.5088024735450745,Healthy,Good,,E02
1168,109.24426361,-0.42535132,3.67,0.427,TBM,Healthy,,E002A,0.4733695387840271,Healthy,Good,,E02
1169,109.24313556,-0.42655966,3.67,0.446,Kenthosan,Abnormal,Field_Verification,E002A,0.5009375214576721,Healthy,Good,,E02
1170,109.24437661,-0.42616115,3.66,0.459,Kenthosan,Abnormal,Field_Verification,E002A,0.5120440721511841,Healthy,Good,,E02
1171,109.24432525,-0.4248716,3.65,0.33,Kenthosan,Abnormal,Field_Verification,E002A,0.3880453407764435,Suspect,Critical,Priority Survey,E02
1172,109.24458794,-0.42512803,3.65,0.346,Kenthosan,Abnormal,Field_Verification,E002A,0.3991160988807678,Abnormal,Sub-Optimal,Monitor,E02
1173,109.2431472,-0.42670933,3.64,0.339,TBM,Healthy,,E002A,0.4208526313304901,Abnormal,Sub-Optimal,Monitor,E02
1174,109.24445729,-0.42690134,3.64,0.409,Kenthosan,Abnormal,Field_Verification,E002A,0.4708153009414673,Healthy,Good,,E02
1175,109.2432768,-0.42760145,3.64,0.355,TBM,Healthy,,E002A,0.4197099804878235,Abnormal,Sub-Optimal,Monitor,E02
1176,109.243293,-0.42348778,3.64,0.392,TBM,Healthy,,E002A,0.4454425573348999,Normal,Moderate,Routine,E02
1177,109.24407879,-0.42437056,3.63,0.337,TBM,Healthy,,E002A,0.405851811170578,Abnormal,Sub-Optimal,Monitor,E02
1178,109.24473428,-0.42942079,3.63,0.439,Kenthosan,Abnormal,Field_Verification,E002A,0.4906593561172485,Healthy,Good,,E02
1179,109.2434112,-0.42511103,3.62,0.386,Kenthosan,Abnormal,Field_Verification,E002A,0.4427728652954101,Normal,Moderate,Routine,E02
1180,109.24372877,-0.42499942,3.62,0.314,TBM,Healthy,,E002A,0.3793940246105194,Suspect,Critical,Priority Survey,E02
1181,109.24482909,-0.42923272,3.61,0.365,Kenthosan,Abnormal,Field_Verification,E002A,0.4208641648292541,Abnormal,Sub-Optimal,Monitor,E02
1182,109.24367732,-0.42610176,3.59,0.346,Kenthosan,Abnormal,Field_Verification,E002A,0.4071352481842041,Abnormal,Sub-Optimal,Monitor,E02
1183,109.24384501,-0.42339929,3.59,0.319,Kenthosan,Abnormal,Field_Verification,E002A,0.4045850932598114,Abnormal,Sub-Optimal,Monitor,E02
1184,109.24334802,-0.42843704,3.58,0.402,TBM,Healthy,,E002A,0.4610188603401184,Healthy,Good,,E02
1185,109.24450338,-0.4296233,3.58,0.395,Kenthosan,Abnormal,Field_Verification,E002A,0.453441321849823,Normal,Moderate,Routine,E02
1186,109.24467852,-0.42576694,3.58,0.341,TBM,Healthy,,E002A,0.3969506025314331,Abnormal,Sub-Optimal,Monitor,E02
1187,109.24369184,-0.42544117,3.58,0.39,TBM,Healthy,,E002A,0.4642818868160248,Healthy,Good,,E02
1188,109.24495472,-0.42785278,3.57,0.511,TBM,Healthy,,E002A,0.5537601709365845,Healthy,Good,,E02
1189,109.24411951,-0.42702154,3.55,0.373,Kenthosan,Abnormal,Field_Verification,E002A,0.4352357685565948,Normal,Moderate,Routine,E02
1190,109.24527152,-0.42316766,3.54,0.249,Kenthosan,Abnormal,Field_Verification,E002A,0.3180335462093353,Suspect,Critical,Priority Survey,E02
1191,109.24324463,-0.42686489,3.53,0.296,Kenthosan,Abnormal,Field_Verification,E002A,0.3511411845684051,Suspect,Critical,Priority Survey,E02
1192,109.24501744,-0.4265411,3.52,0.516,Kenthosan,Abnormal,Field_Verification,E002A,0.5680645108222961,Healthy,Good,,E02
1193,109.24420803,-0.42682758,3.5,0.461,Kenthosan,Abnormal,Field_Verification,E002A,0.5349908471107483,Healthy,Good,,E02
1194,109.24331638,-0.4273261,3.5,0.387,Kenthosan,Abnormal,Field_Verification,E002A,0.4385131597518921,Normal,Moderate,Routine,E02
1195,109.24325368,-0.42457113,3.5,0.287,Kenthosan,Abnormal,Field_Verification,E002A,0.3503237664699554,Suspect,Critical,Priority Survey,E02
1196,109.24468627,-0.42723915,3.5,0.399,Kenthosan,Abnormal,Field_Verification,E002A,0.4644697606563568,Healthy,Good,,E02
1197,109.24379487,-0.42464676,3.49,0.357,TBM,Healthy,,E002A,0.4279898703098297,Abnormal,Sub-Optimal,Monitor,E02
1198,109.24312368,-0.42742463,3.49,0.523,Kenthosan,Abnormal,Field_Verification,E002A,0.5869500637054443,Healthy,Good,,E02
1199,109.24417357,-0.42432085,3.49,0.386,Kenthosan,Abnormal,Field_Verification,E002A,0.4462828338146209,Normal,Moderate,Routine,E02
1200,109.24353479,-0.42873596,3.48,0.405,Kenthosan,Abnormal,Field_Verification,E002A,0.4400903582572937,Normal,Moderate,Routine,E02
1201,109.24354675,-0.42748848,3.48,0.439,Kenthosan,Abnormal,Field_Verification,E002A,0.4800540506839752,Healthy,Good,,E02
1202,109.24517873,-0.42436448,3.47,0.384,Kenthosan,Abnormal,Field_Verification,E002A,0.4460258483886719,Normal,Moderate,Routine,E02
1203,109.24493404,-0.42792467,3.46,0.54,TBM,Healthy,,E002A,0.6044681072235107,Healthy,Good,,E02
1204,109.24495155,-0.42993042,3.44,0.363,TBM,Healthy,,E002A,0.4259600043296814,Abnormal,Sub-Optimal,Monitor,E02
1205,109.24405153,-0.42572656,3.43,0.474,TBM,Healthy,,E002A,0.5320671200752258,Healthy,Good,,E02
1206,109.2433886,-0.42375593,3.43,0.379,TBM,Healthy,,E002A,0.4386920928955078,Normal,Moderate,Routine,E02
1207,109.24315395,-0.42663246,3.42,0.338,TBM,Healthy,,E002A,0.399721622467041,Abnormal,Sub-Optimal,Monitor,E02
1208,109.24362555,-0.42464084,3.42,0.421,Kenthosan,Abnormal,Field_Verification,E002A,0.4818949997425079,Healthy,Good,,E02
1209,109.24393801,-0.42327225,3.42,0.365,Kenthosan,Abnormal,Field_Verification,E002A,0.4150906801223755,Abnormal,Sub-Optimal,Monitor,E02
1210,109.24405339,-0.42348434,3.4,0.281,Kenthosan,Abnormal,Field_Verification,E002A,0.3432916104793548,Suspect,Critical,Priority Survey,E02
1211,109.24336348,-0.42564411,3.39,0.346,Kenthosan,Abnormal,Field_Verification,E002A,0.4137274920940399,Abnormal,Sub-Optimal,Monitor,E02
1212,109.24429095,-0.42559549,3.39,0.33,Kenthosan,Abnormal,Field_Verification,E002A,0.3966258764266968,Abnormal,Sub-Optimal,Monitor,E02
1213,109.24366725,-0.42496007,3.38,0.411,TBM,Healthy,,E002A,0.4743750989437103,Healthy,Good,,E02
1214,109.24395859,-0.42362584,3.37,0.315,Kenthosan,Abnormal,Field_Verification,E002A,0.3831643760204315,Suspect,Critical,Priority Survey,E02
1215,109.24386652,-0.4275627,3.37,0.347,TBM,Healthy,,E002A,0.4052888453006744,Abnormal,Sub-Optimal,Monitor,E02
1216,109.24316212,-0.42627165,3.37,0.385,Kenthosan,Abnormal,Field_Verification,E002A,0.4483704566955566,Normal,Moderate,Routine,E02
1217,109.24301367,-0.42333896,3.37,0.269,Kenthosan,Abnormal,Field_Verification,E002A,0.3330368101596832,Suspect,Critical,Priority Survey,E02
1218,109.24414062,-0.42304668,3.36,0.268,Kenthosan,Abnormal,Field_Verification,E002A,0.3603575825691223,Suspect,Critical,Priority Survey,E02
1219,109.24471853,-0.42559513,3.34,0.275,Kenthosan,Abnormal,Field_Verification,E002A,0.3349290788173675,Suspect,Critical,Priority Survey,E02
1220,109.24376803,-0.42815138,3.33,0.329,Kenthosan,Abnormal,Field_Verification,E002A,0.393154501914978,Abnormal,Sub-Optimal,Monitor,E02
1221,109.24372322,-0.42768475,3.33,0.307,Kenthosan,Abnormal,Field_Verification,E002A,0.36704882979393,Suspect,Critical,Priority Survey,E02
1222,109.24384462,-0.42511158,3.33,0.44,TBM,Healthy,,E002A,0.4864863157272339,Healthy,Good,,E02
1223,109.24426546,-0.42511304,3.32,0.379,Kenthosan,Abnormal,Field_Verification,E002A,0.4381250441074371,Normal,Moderate,Routine,E02
1224,109.24489675,-0.42600437,3.32,0.328,Kenthosan,Abnormal,Field_Verification,E002A,0.3903586566448211,Abnormal,Sub-Optimal,Monitor,E02
1225,109.24421009,-0.42570037,3.31,0.397,TBM,Healthy,,E002A,0.4618265926837921,Healthy,Good,,E02
1226,109.24370624,-0.4272864,3.3,0.407,Kenthosan,Abnormal,Field_Verification,E002A,0.4684743583202362,Healthy,Good,,E02
1227,109.24392644,-0.42478018,3.29,0.451,Kenthosan,Abnormal,Field_Verification,E002A,0.5291693806648254,Healthy,Good,,E02
1228,109.24308914,-0.42725325,3.29,0.472,Kenthosan,Abnormal,Field_Verification,E002A,0.530632734298706,Healthy,Good,,E02
1229,109.24311737,-0.42752771,3.27,0.42,Kenthosan,Abnormal,Field_Verification,E002A,0.4857097566127777,Healthy,Good,,E02
1230,109.24374341,-0.4297642,3.26,0.464,Kenthosan,Abnormal,Field_Verification,E002A,0.4974718689918518,Healthy,Good,,E02
1231,109.24365305,-0.43011776,3.26,0.407,Kenthosan,Abnormal,Field_Verification,E002A,0.4622383415699005,Healthy,Good,,E02
1232,109.24319404,-0.42611566,3.25,0.34,Kenthosan,Abnormal,Field_Verification,E002A,0.3989721238613128,Abnormal,Sub-Optimal,Monitor,E02
1233,109.24504589,-0.4278519,3.25,0.349,TBM,Healthy,,E002A,0.4066683948040008,Abnormal,Sub-Optimal,Monitor,E02
1234,109.24431968,-0.42767901,3.24,0.477,TBM,Healthy,,E002A,0.5236583948135376,Healthy,Good,,E02
1235,109.24428984,-0.42653913,3.23,0.477,TBM,Healthy,,E002A,0.5397520661354065,Healthy,Good,,E02
1236,109.24340776,-0.42644262,3.23,0.305,Kenthosan,Abnormal,Field_Verification,E002A,0.3764970600605011,Suspect,Critical,Priority Survey,E02
1237,109.24370208,-0.42584132,3.22,0.419,TBM,Healthy,,E002A,0.4833945035934448,Healthy,Good,,E02
1238,109.24452175,-0.42587814,3.21,0.409,TBM,Healthy,,E002A,0.4625468552112579,Healthy,Good,,E02
1239,109.24419216,-0.42749767,3.2,0.39,TBM,Healthy,,E002A,0.4369406402111053,Normal,Moderate,Routine,E02
1240,109.24313507,-0.42471715,3.2,0.394,Kenthosan,Abnormal,Field_Verification,E002A,0.4508113861083984,Normal,Moderate,Routine,E02
1241,109.24359994,-0.42666241,3.19,0.389,Kenthosan,Abnormal,Field_Verification,E002A,0.4362311661243438,Normal,Moderate,Routine,E02
1242,109.24448498,-0.42559372,3.19,0.248,Kenthosan,Abnormal,Field_Verification,E002A,0.3159425258636474,Suspect,Critical,Priority Survey,E02
1243,109.24321979,-0.42348144,3.19,0.408,TBM,Healthy,,E002A,0.4707798361778259,Healthy,Good,,E02
1244,109.24324847,-0.42773754,3.18,0.331,Kenthosan,Abnormal,Field_Verification,E002A,0.3923367261886596,Abnormal,Sub-Optimal,Monitor,E02
1245,109.24391639,-0.42748901,3.17,0.492,TBM,Healthy,,E002A,0.5579561591148376,Healthy,Good,,E02
1246,109.24379962,-0.42548822,3.16,0.442,Kenthosan,Abnormal,Field_Verification,E002A,0.5015799403190613,Healthy,Good,,E02
1247,109.24421603,-0.4252437,3.15,0.411,Kenthosan,Abnormal,Field_Verification,E002A,0.4706648588180542,Healthy,Good,,E02
1248,109.24329923,-0.42375003,3.14,0.412,TBM,Healthy,,E002A,0.4726156592369079,Healthy,Good,,E02
1249,109.24407525,-0.43008485,3.13,0.413,TBM,Healthy,,E002A,0.4733758568763733,Healthy,Good,,E02
1250,109.24471748,-0.42627607,3.12,0.273,Kenthosan,Abnormal,Field_Verification,E002A,0.3402729034423828,Suspect,Critical,Priority Survey,E02
1251,109.24384109,-0.42483984,3.11,0.414,TBM,Healthy,,E002A,0.4713488519191742,Healthy,Good,,E02
1252,109.24414705,-0.426403,3.1,0.326,Kenthosan,Abnormal,Field_Verification,E002A,0.388445645570755,Suspect,Critical,Priority Survey,E02
1253,109.24383016,-0.4275003,3.1,0.403,TBM,Healthy,,E002A,0.4749565422534942,Healthy,Good,,E02
1254,109.24468191,-0.42668029,3.08,0.437,TBM,Healthy,,E002A,0.5138238072395325,Healthy,Good,,E02
1255,109.24313663,-0.42377351,3.08,0.387,Kenthosan,Abnormal,Field_Verification,E002A,0.4460673034191131,Normal,Moderate,Routine,E02
1256,109.24426743,-0.4263456,3.08,0.307,TBM,Healthy,,E002A,0.3667642772197723,Suspect,Critical,Priority Survey,E02
1257,109.24306399,-0.42323995,3.07,0.394,Kenthosan,Abnormal,Field_Verification,E002A,0.4636751711368561,Healthy,Good,,E02
1258,109.24379305,-0.42477743,3.07,0.362,TBM,Healthy,,E002A,0.4248330593109131,Abnormal,Sub-Optimal,Monitor,E02
1259,109.24374334,-0.42808174,3.06,0.373,Kenthosan,Abnormal,Field_Verification,E002A,0.4217809736728668,Abnormal,Sub-Optimal,Monitor,E02
1260,109.24411197,-0.42660194,3.03,0.458,Kenthosan,Abnormal,Field_Verification,E002A,0.5107149481773376,Healthy,Good,,E02
1261,109.2437991,-0.42579794,3.0,0.477,TBM,Healthy,,E002A,0.5343939065933228,Healthy,Good,,E02
1262,109.24332293,-0.42618442,2.99,0.349,Kenthosan,Abnormal,Field_Verification,E002A,0.4091223776340484,Abnormal,Sub-Optimal,Monitor,E02
1263,109.24373683,-0.42509121,2.99,0.336,TBM,Healthy,,E002A,0.4022881984710693,Abnormal,Sub-Optimal,Monitor,E02
1264,109.24401004,-0.42453061,2.96,0.431,TBM,Healthy,,E002A,0.5038582682609558,Healthy,Good,,E02
1265,109.24450946,-0.4265758,2.95,0.384,Kenthosan,Abnormal,Field_Verification,E002A,0.4406356513500213,Normal,Moderate,Routine,E02
1266,109.24315641,-0.42767603,2.95,0.418,Kenthosan,Abnormal,Field_Verification,E002A,0.474321186542511,Healthy,Good,,E02
1267,109.24352743,-0.42357555,2.91,0.297,Kenthosan,Abnormal,Field_Verification,E002A,0.3545065820217132,Suspect,Critical,Priority Survey,E02
1268,109.24432504,-0.42779205,2.91,0.445,Kenthosan,Abnormal,Field_Verification,E002A,0.5033548474311829,Healthy,Good,,E02
1269,109.24313055,-0.42682327,2.88,0.325,TBM,Healthy,,E002A,0.3865592181682586,Suspect,Critical,Priority Survey,E02
1270,109.2451094,-0.42707738,2.88,0.511,TBM,Healthy,,E002A,0.5591383576393127,Healthy,Good,,E02
1271,109.24436602,-0.42730509,2.87,0.394,TBM,Healthy,,E002A,0.4532945454120636,Normal,Moderate,Routine,E02
1272,109.24344944,-0.42882049,2.84,0.376,Kenthosan,Abnormal,Field_Verification,E002A,0.4323083460330963,Normal,Moderate,Routine,E02
1273,109.24423438,-0.42354813,2.84,0.311,Kenthosan,Abnormal,Field_Verification,E002A,0.3767182826995849,Suspect,Critical,Priority Survey,E02
1274,109.24392211,-0.42605208,2.84,0.422,TBM,Healthy,,E002A,0.4820848703384399,Healthy,Good,,E02
1275,109.24480787,-0.42774288,2.83,0.378,TBM,Healthy,,E002A,0.4398374557495117,Normal,Moderate,Routine,E02
1276,109.24365095,-0.42550808,2.82,0.379,TBM,Healthy,,E002A,0.4364811778068542,Normal,Moderate,Routine,E02
1277,109.24438981,-0.42538616,2.79,0.298,Kenthosan,Abnormal,Field_Verification,E002A,0.3591760396957397,Suspect,Critical,Priority Survey,E02
1278,109.24457018,-0.42619013,2.77,0.501,TBM,Healthy,,E002A,0.5644717812538147,Healthy,Good,,E02
1279,109.24412338,-0.4257849,2.73,0.45,TBM,Healthy,,E002A,0.5091880559921265,Healthy,Good,,E02
1280,109.24400871,-0.4244135,2.71,0.455,Kenthosan,Abnormal,Field_Verification,E002A,0.5137691497802734,Healthy,Good,,E02
1281,109.24382344,-0.42741439,2.69,0.376,TBM,Healthy,,E002A,0.4141263365745544,Abnormal,Sub-Optimal,Monitor,E02
1282,109.24434822,-0.42658345,2.68,0.366,Kenthosan,Abnormal,Field_Verification,E002A,0.4332446753978729,Normal,Moderate,Routine,E02
1283,109.24441078,-0.42603003,2.68,0.432,TBM,Healthy,,E002A,0.4910622835159302,Healthy,Good,,E02
1284,109.24362032,-0.42788096,2.67,0.371,Kenthosan,Abnormal,Field_Verification,E002A,0.4271416366100311,Abnormal,Sub-Optimal,Monitor,E02
1285,109.24339181,-0.42345887,2.66,0.473,TBM,Healthy,,E002A,0.519957423210144,Healthy,Good,,E02
1286,109.24472741,-0.42605271,2.65,0.475,Kenthosan,Abnormal,Field_Verification,E002A,0.5266391634941101,Healthy,Good,,E02
1287,109.24468753,-0.42959984,2.64,0.504,Kenthosan,Abnormal,Field_Verification,E002A,0.562609076499939,Healthy,Good,,E02
1288,109.24387804,-0.42432168,2.63,0.361,TBM,Healthy,,E002A,0.4204949140548706,Abnormal,Sub-Optimal,Monitor,E02
1289,109.24399484,-0.42620266,2.63,0.334,TBM,Healthy,,E002A,0.4021160900592804,Abnormal,Sub-Optimal,Monitor,E02
1290,109.24457133,-0.42707951,2.6,0.268,Kenthosan,Abnormal,Field_Verification,E002A,0.335370272397995,Suspect,Critical,Priority Survey,E02
1291,109.24381383,-0.42424209,2.59,0.329,TBM,Healthy,,E002A,0.3905451595783233,Abnormal,Sub-Optimal,Monitor,E02
1292,109.24371178,-0.42465488,2.57,0.468,TBM,Healthy,,E002A,0.5237935185432434,Healthy,Good,,E02
1293,109.24508584,-0.42794234,2.56,0.461,TBM,Healthy,,E002A,0.5144925713539124,Healthy,Good,,E02
1294,109.24458556,-0.42572532,2.56,0.331,Kenthosan,Abnormal,Field_Verification,E002A,0.3962048292160034,Abnormal,Sub-Optimal,Monitor,E02
1295,109.24363445,-0.42894352,2.55,0.443,Kenthosan,Abnormal,Field_Verification,E002A,0.5098685622215271,Healthy,Good,,E02
1296,109.24342907,-0.42354976,2.54,0.364,TBM,Healthy,,E002A,0.4302314221858978,Normal,Moderate,Routine,E02
1297,109.24327482,-0.42838458,2.5,0.366,Kenthosan,Abnormal,Field_Verification,E002A,0.4164921343326568,Abnormal,Sub-Optimal,Monitor,E02
1298,109.24449069,-0.42616841,2.47,0.466,TBM,Healthy,,E002A,0.5263067483901978,Healthy,Good,,E02
1299,109.24458606,-0.42945151,2.46,0.357,Kenthosan,Abnormal,Field_Verification,E002A,0.4223347306251526,Abnormal,Sub-Optimal,Monitor,E02
1300,109.24405634,-0.43024807,2.42,0.367,TBM,Healthy,,E002A,0.4149627089500427,Abnormal,Sub-Optimal,Monitor,E02
1301,109.24412146,-0.43027929,2.41,0.476,TBM,Healthy,,E002A,0.5305536985397339,Healthy,Good,,E02
1302,109.24373877,-0.42446679,2.37,0.446,Kenthosan,Abnormal,Field_Verification,E002A,0.4752515256404876,Healthy,Good,,E02
1303,109.24326956,-0.42386261,2.35,0.308,Kenthosan,Abnormal,Field_Verification,E002A,0.3709733784198761,Suspect,Critical,Priority Survey,E02
1304,109.2439403,-0.42304256,2.34,0.218,Kenthosan,Abnormal,Field_Verification,E002A,0.2725526988506317,Suspect,Critical,Priority Survey,E02
1305,109.24472157,-0.43002351,2.33,0.415,TBM,Healthy,,E002A,0.4688372611999511,Healthy,Good,,E02
1306,109.24345355,-0.42852705,2.28,0.335,Kenthosan,Abnormal,Field_Verification,E002A,0.3954392373561859,Abnormal,Sub-Optimal,Monitor,E02
1307,109.24415846,-0.42758131,2.25,0.361,TBM,Healthy,,E002A,0.4100861251354217,Abnormal,Sub-Optimal,Monitor,E02
1308,109.24417246,-0.42722637,2.24,0.373,Kenthosan,Abnormal,Field_Verification,E002A,0.419177383184433,Abnormal,Sub-Optimal,Monitor,E02
1309,109.24451453,-0.42602508,2.22,0.449,TBM,Healthy,,E002A,0.49381884932518,Healthy,Good,,E02
1310,109.24374533,-0.43117627,2.22,0.119,Kenthosan,Abnormal,Field_Verification,E002A,0.2058145254850387,Suspect,Critical,Priority Survey,E02
1311,109.24335854,-0.42760916,2.15,0.328,TBM,Healthy,,E002A,0.3861832618713379,Suspect,Critical,Priority Survey,E02
1312,109.24482946,-0.42960394,1.97,0.408,Kenthosan,Abnormal,Field_Verification,E002A,0.456462025642395,Normal,Moderate,Routine,E02
1313,109.24370348,-0.42361764,1.94,0.416,TBM,Healthy,,E002A,0.4653522968292236,Healthy,Good,,E02
1314,109.2438216,-0.42562794,1.84,0.441,TBM,Healthy,,E002A,0.4942622184753418,Healthy,Good,,E02
1315,109.2449908,-0.42717185,1.81,0.45,TBM,Healthy,,E002A,0.5099083185195923,Healthy,Good,,E02
1316,109.24514256,-0.42737761,1.76,0.536,Kenthosan,Abnormal,Field_Verification,E002A,0.587331235408783,Healthy,Good,,E02
1317,109.24521216,-0.42745088,1.58,0.523,TBM,Healthy,,E002A,0.5769162178039551,Healthy,Good,,E02
1318,109.24407434,-0.42617419,1.58,0.321,TBM,Healthy,,E002A,0.3764074444770813,Suspect,Critical,Priority Survey,E02
1319,109.2448649,-0.42778856,1.55,0.438,TBM,Healthy,,E002A,0.4985310137271881,Healthy,Good,,E02
1320,109.24404873,-0.43017166,1.48,0.402,TBM,Healthy,,E002A,0.4703607261180877,Healthy,Good,,E02
1321,109.24463304,-0.42630183,1.45,0.373,TBM,Healthy,,E002A,0.434292584657669,Normal,Moderate,Routine,E02
1322,109.24428928,-0.42306796,1.43,0.242,Kenthosan,Abnormal,Field_Verification,E002A,0.2988035380840301,Suspect,Critical,Priority Survey,E02
1323,109.24400836,-0.42599874,1.43,0.405,TBM,Healthy,,E002A,0.4506900906562805,Normal,Moderate,Routine,E02
1324,109.2449522,-0.42709045,1.38,0.455,TBM,Healthy,,E002A,0.514107882976532,Healthy,Good,,E02
1325,109.2453029,-0.42741021,1.21,0.346,TBM,Healthy,,E002A,0.4127900600433349,Abnormal,Sub-Optimal,Monitor,E02
1326,109.2446596,-0.42996426,1.2,0.348,TBM,Healthy,,E002A,0.4061767160892486,Abnormal,Sub-Optimal,Monitor,E02
1327,109.24441925,-0.42628731,1.14,0.408,TBM,Healthy,,E002A,0.4639815092086792,Healthy,Good,,E02
1328,109.24489063,-0.42724508,1.11,0.468,TBM,Healthy,,E002A,0.5163613557815552,Healthy,Good,,E02
1329,109.24416827,-0.42590835,1.1,0.464,TBM,Healthy,,E002A,0.5159987211227417,Healthy,Good,,E02
1330,109.24476206,-0.42971334,1.1,0.443,TBM,Healthy,,E002A,0.52642822265625,Healthy,Good,,E02
1331,109.24439864,-0.43003022,1.09,0.426,TBM,Healthy,,E002A,0.4920160174369812,Healthy,Good,,E02
1332,109.2453173,-0.43123722,1.02,0.129,Kenthosan,Abnormal,Field_Verification,E002A,0.1932964473962783,Suspect,Critical,Priority Survey,E02
1333,109.24484034,-0.42717272,1.01,0.486,TBM,Healthy,,E002A,0.542762279510498,Healthy,Good,,E02
1334,109.24476787,-0.4298621,0.99,0.354,Kenthosan,Abnormal,Field_Verification,E002A,0.408729612827301,Abnormal,Sub-Optimal,Monitor,E02
1335,109.24420528,-0.4231005,0.98,0.251,Kenthosan,Abnormal,Field_Verification,E002A,0.3073126971721649,Suspect,Critical,Priority Survey,E02
1336,109.24490898,-0.42753446,0.96,0.412,Kenthosan,Abnormal,Field_Verification,E002A,0.460970014333725,Healthy,Good,,E02
1337,109.24435231,-0.42638315,0.95,0.495,Kenthosan,Abnormal,Field_Verification,E002A,0.5457221865653992,Healthy,Good,,E02
1338,109.24531786,-0.43071951,0.92,0.205,Kenthosan,Abnormal,Field_Verification,E002A,0.2794247269630432,Suspect,Critical,Priority Survey,E02
1339,109.24365971,-0.42850449,0.91,0.38,Kenthosan,Abnormal,Field_Verification,E002A,0.4330144822597503,Normal,Moderate,Routine,E02
1340,109.24471533,-0.4298015,0.89,0.418,Kenthosan,Abnormal,Field_Verification,E002A,0.4707092344760895,Healthy,Good,,E02
1341,109.24444268,-0.42992262,0.88,0.427,Kenthosan,Abnormal,Field_Verification,E002A,0.4937390089035034,Healthy,Good,,E02
1342,109.24396617,-0.42583099,0.87,0.522,Kenthosan,Abnormal,Field_Verification,E002A,0.5669723749160767,Healthy,Good,,E02
1343,109.24380209,-0.42847468,0.86,0.263,Kenthosan,Abnormal,Field_Verification,E002A,0.3278865814208984,Suspect,Critical,Priority Survey,E02
1344,109.24449166,-0.42982496,0.85,0.477,Kenthosan,Abnormal,Field_Verification,E002A,0.5375186800956726,Healthy,Good,,E02
1345,109.24488072,-0.42738162,0.83,0.525,Kenthosan,Abnormal,Field_Verification,E002A,0.5909129977226257,Healthy,Good,,E02
1346,109.24484831,-0.4276624,0.79,0.497,Kenthosan,Abnormal,Field_Verification,E002A,0.5765454769134521,Healthy,Good,,E02
1347,109.24476785,-0.4299349,0.78,0.385,Kenthosan,Abnormal,Field_Verification,E002A,0.4467458426952362,Normal,Moderate,Routine,E02
1348,109.24511688,-0.42775244,0.77,0.403,Kenthosan,Abnormal,Field_Verification,E002A,0.4618366360664367,Healthy,Good,,E02
1349,109.24441414,-0.42307658,0.76,0.224,Kenthosan,Abnormal,Field_Verification,E002A,0.2880637943744659,Suspect,Critical,Priority Survey,E02
1350,109.24406486,-0.43034303,0.76,0.445,Kenthosan,Abnormal,Field_Verification,E002A,0.5034140944480896,Healthy,Good,,E02
1351,109.2449651,-0.42959493,0.73,0.488,Kenthosan,Abnormal,Field_Verification,E002A,0.5432005524635315,Healthy,Good,,E02
1352,109.24413406,-0.43018117,0.72,0.331,Kenthosan,Abnormal,Field_Verification,E002A,0.3988427817821502,Abnormal,Sub-Optimal,Monitor,E02
1353,109.24531575,-0.43016472,0.68,0.3,Kenthosan,Abnormal,Field_Verification,E002A,0.376187652349472,Suspect,Critical,Priority Survey,E02
1354,109.2453187,-0.43100843,0.67,0.263,Kenthosan,Abnormal,Field_Verification,E002A,0.3409701585769653,Suspect,Critical,Priority Survey,E02
1355,109.24366529,-0.42568035,0.65,0.448,Kenthosan,Abnormal,Field_Verification,E002A,0.5081926584243774,Healthy,Good,,E02
1356,109.24415429,-0.42615477,0.65,0.392,Kenthosan,Abnormal,Field_Verification,E002A,0.4511446058750152,Normal,Moderate,Routine,E02
1357,109.24367839,-0.43124769,0.53,0.246,Kenthosan,Abnormal,Field_Verification,E002A,0.3255702555179596,Suspect,Critical,Priority Survey,E02
