DIVISI,BLOK_B,Blok,T_TANAM,N_BARIS,N_POKOK,OBJECTID,NDRE125,KlassNDRE12025,NDRE2_26,KLASSNDRE2_26,Ket,Longitude_SR,Latitude_SR,Drone_TreeID,Drone_Lon,Drone_Lat,Drone_Height_m,NDRE_Drone_Rel,NDRE_Drone_Abs,HS_Drone_Rel,HS_Drone_Abs
AME II,D003A,D03,2009,1,3,151274,0.40957378547802914,Stres Sedang,0.493367315377467,Stres Sedang,Pokok Utama,109.23606416995898,-0.4311173497364507,1848,109.2360783,-0.43111562,5.44,0.417,0.417,Healthy,Sub-Optimal
AME II,D003A,D03,2009,1,5,151281,0.3836850286958524,Stres Berat,0.49708816370604414,Stres Sedang,Pokok Utama,109.23615263143243,-0.4311147072104894,3373,109.23615691,-0.43107947,1.87,0.462,0.462,Healthy,Good
AME II,D003A,D03,2009,1,7,151293,0.44149749732729215,Stres Sedang,0.4672255937565261,Stres Sedang,Pokok Utama,109.23625073643855,-0.431117329955036,3411,109.23626559,-0.43112923,1.63,0.481,0.481,Healthy,Good
AME II,D003A,D03,2009,1,8,151294,0.4253546458864782,Stres Sedang,0.45660545989477,Stres Sedang,Pokok Utama,109.2362846995789,-0.4310765792943901,3112,109.23628357,-0.43105644,2.92,0.55,0.55,Healthy,Good
AME II,D003A,D03,2009,1,10,151301,0.4423713029029899,Stres Sedang,0.4622059297124509,Stres Sedang,Pokok Utama,109.23635482684081,-0.4311190488908811,3122,109.23637293,-0.43113016,2.9,0.553,0.553,Healthy,Good
AME II,D003A,D03,2009,1,11,151300,0.4329232857864618,Stres Sedang,0.448904600707299,Stres Sedang,Pokok Utama,109.23639207655052,-0.43109871717132064,3247,109.23637699,-0.43108042,2.51,0.507,0.507,Healthy,Good
AME II,D003A,D03,2009,1,15,151314,0.3523873978707651,Stres Berat,0.43141451664101216,Stres Sedang,Pokok Utama,109.2365537585964,-0.43110497826718036,498,109.23658493,-0.43109449,10.8,0.423,0.423,Healthy,Sub-Optimal
AME II,D003A,D03,2009,1,16,122404,0.3557047871563861,Stres Berat,0.41418105069490857,Stres Sedang,Pokok Utama,109.23661459924075,-0.43111360590869524,498,109.23658493,-0.43109449,10.8,0.423,0.423,Healthy,Sub-Optimal
AME II,D003A,D03,2009,1,19,122420,0.3740612578432576,Stres Berat,0.37898584411897984,Stres Berat,Pokok Utama,109.2367942740359,-0.4311222612614194,256,109.2368095,-0.4310968,12.39,0.429,0.429,Healthy,Sub-Optimal
AME II,D003A,D03,2009,1,20,122617,0.41094750036504707,Stres Sedang,0.4386351704239595,Stres Sedang,Pokok Utama,109.23693938924423,-0.43109749196583463,312,109.23695142,-0.43110678,12.02,0.464,0.464,Healthy,Good
AME II,D003A,D03,2009,1,21,122619,0.388128938383055,Stres Berat,0.44079104500847893,Stres Sedang,Pokok Utama,109.23696948548165,-0.43113809390216784,287,109.23693749,-0.43114566,12.2,0.45,0.45,Healthy,Moderate
AME II,D003A,D03,2009,1,23,122614,0.36873073874287465,Stres Berat,0.44384795792467957,Stres Sedang,Pokok Utama,109.23707858824166,-0.4310814143182466,635,109.23709066,-0.43107561,10.08,0.39,0.39,Healthy,Sub-Optimal
AME II,D003A,D03,2009,1,24,122612,0.3890783373450598,Stres Berat,0.4388406904002365,Stres Sedang,Pokok Utama,109.23711914614542,-0.431096895438586,635,109.23709066,-0.43107561,10.08,0.39,0.39,Healthy,Sub-Optimal
AME II,D003A,D03,2009,1,25,122609,0.40532717663780243,Stres Sedang,0.44638183546595783,Stres Sedang,Pokok Utama,109.23718394853617,-0.431104009299257,280,109.23718946,-0.43113939,12.23,0.507,0.507,Healthy,Good
AME II,D003A,D03,2009,1,26,122608,0.4017544396673495,Stres Sedang,0.42451447705785794,Stres Sedang,Pokok Utama,109.23721064423827,-0.43111589892695884,280,109.23718946,-0.43113939,12.23,0.507,0.507,Healthy,Good
AME II,D003A,D03,2009,1,27,122605,0.40484860916954146,Stres Sedang,0.4479547656309358,Stres Sedang,Pokok Utama,109.2372966051558,-0.4310968581329398,196,109.23728065,-0.43107882,13.05,0.486,0.486,Healthy,Good
AME II,D003A,D03,2009,1,29,122603,0.3980900543300729,Stres Berat,0.4008127568164267,Stres Sedang,Pokok Utama,109.23737764427382,-0.43112152100486156,375,109.2374073,-0.43110869,11.57,0.399,0.399,Healthy,Sub-Optimal
AME II,D003A,D03,2009,1,30,122601,0.42546392387104737,Stres Sedang,0.44097809941337046,Stres Sedang,Pokok Utama,109.23741774084765,-0.43107678830267754,516,109.23740057,-0.43106981,10.68,0.461,0.461,Healthy,Good
AME II,D003A,D03,2009,1,32,122597,0.3531003674060066,Stres Berat,0.41141341989999775,Stres Sedang,Pokok Utama,109.23762378443499,-0.4311443079595691,424,109.23761838,-0.43116978,11.23,0.432,0.432,Healthy,Moderate
AME II,D003A,D03,2009,1,35,122582,0.3882895597914288,Stres Berat,0.43945586665280756,Stres Sedang,Pokok Utama,109.23783530766089,-0.4311486644413968,339,109.23781196,-0.43115898,11.81,0.508,0.508,Healthy,Good
AME II,D003A,D03,2009,1,37,122571,0.3717809296085252,Stres Berat,0.40280112979107335,Stres Sedang,Pokok Utama,109.23803075092097,-0.43111403097851153,2318,109.23806304,-0.4311093,4.4,0.551,0.551,Healthy,Good
AME II,D003A,D03,2009,1,39,122556,0.3742369132892962,Stres Berat,0.42460557117234343,Stres Sedang,Pokok Utama,109.23811050937044,-0.43112595829363415,1350,109.23812502,-0.43109801,6.91,0.474,0.474,Healthy,Good
AME II,D003A,D03,2009,1,38,122557,0.3841060025008753,Stres Berat,0.43768504858911933,Stres Sedang,Pokok Utama,109.2380804371903,-0.4310782865230287,2318,109.23806304,-0.4311093,4.4,0.551,0.551,Healthy,Good
AME II,D003A,D03,2009,2,3,151282,0.3882023618689026,Stres Berat,0.4642110277534033,Stres Sedang,Pokok Utama,109.23616786409205,-0.43101811169927234,3470,109.23618162,-0.43103245,1.32,0.447,0.447,Healthy,Moderate
AME II,D003A,D03,2009,2,5,151295,0.4468157839411484,Stres Sedang,0.4720820185119429,Stres Sedang,Pokok Utama,109.23634436681121,-0.4310277827441224,2932,109.23634601,-0.43103023,3.31,0.513,0.513,Healthy,Good
AME II,D003A,D03,2009,2,6,151296,0.46251742436339033,Stres Sedang,0.48416330599199947,Stres Sedang,Pokok Utama,109.236354139215,-0.43100779096247616,2932,109.23634601,-0.43103023,3.31,0.513,0.513,Healthy,Good
AME II,D003A,D03,2009,2,11,122419,0.3970910221500241,Stres Berat,0.4067611712253076,Stres Sedang,Pokok Utama,109.23683706523288,-0.4310744184138521,256,109.2368095,-0.4310968,12.39,0.429,0.429,Healthy,Sub-Optimal
AME II,D003A,D03,2009,2,13,122615,0.37602611976850614,Stres Berat,0.43104417586748894,Stres Sedang,Pokok Utama,109.23705753250636,-0.4310043666856851,695,109.23705789,-0.43102813,9.73,0.489,0.489,Healthy,Good
AME II,D003A,D03,2009,2,14,122611,0.3546473115860865,Stres Berat,0.4214076629279252,Stres Sedang,Pokok Utama,109.23711789675279,-0.43101833771871056,715,109.23712301,-0.43104216,9.62,0.406,0.406,Healthy,Sub-Optimal
AME II,D003A,D03,2009,2,15,122610,0.36782622697513473,Stres Berat,0.42107383667222364,Stres Sedang,Pokok Utama,109.23715591573568,-0.4310512052187689,715,109.23712301,-0.43104216,9.62,0.406,0.406,Healthy,Sub-Optimal
AME II,D003A,D03,2009,2,17,122606,0.40619591312918096,Stres Sedang,0.46365673158158754,Stres Sedang,Pokok Utama,109.23729678395965,-0.43101072270529306,428,109.23726854,-0.4309902,11.21,0.456,0.456,Healthy,Moderate
AME II,D003A,D03,2009,2,24,122589,0.3779372530815944,Stres Berat,0.4186048224460777,Stres Sedang,Pokok Utama,109.23780270167961,-0.4310179999403412,799,109.23779806,-0.43103735,9.18,0.445,0.445,Healthy,Moderate
AME II,D003A,D03,2009,2,25,122584,0.41005022626666715,Stres Sedang,0.4224587222023939,Stres Sedang,Pokok Utama,109.23782516252936,-0.4310629181449828,650,109.23784073,-0.431036,10.0,0.457,0.457,Healthy,Moderate
AME II,D003A,D03,2009,2,26,122580,0.4197773888203963,Stres Sedang,0.46493586956022737,Stres Sedang,Pokok Utama,109.23797099820868,-0.43106558273489154,619,109.23795076,-0.43106632,10.18,0.487,0.487,Healthy,Good
AME II,D003A,D03,2009,2,27,122572,0.4577339852695688,Stres Sedang,0.49287726092381495,Stres Sedang,Pokok Utama,109.23798110639186,-0.43102683311231427,1775,109.23797817,-0.43100076,5.66,0.422,0.422,Healthy,Sub-Optimal
AME II,D003A,D03,2009,2,29,122564,0.3780709983367565,Stres Berat,0.42771796845939114,Stres Sedang,Pokok Utama,109.23820463529393,-0.43097939042760236,663,109.23822834,-0.43099811,9.95,0.451,0.451,Healthy,Moderate
AME II,D003A,D03,2009,3,5,151306,0.37951937398722896,Stres Berat,0.4684500842346519,Stres Sedang,Pokok Utama,109.23654238807197,-0.430937969578919,1478,109.23654006,-0.43093622,6.53,0.544,0.544,Healthy,Good
AME II,D003A,D03,2009,3,7,122407,0.38577037620136717,Stres Berat,0.43252958591156737,Stres Sedang,Pokok Utama,109.23664124491518,-0.43099541655085283,683,109.23664963,-0.43098553,9.81,0.516,0.516,Healthy,Good
AME II,D003A,D03,2009,3,8,122422,0.40628432645822987,Stres Sedang,0.4362850525972543,Stres Sedang,Pokok Utama,109.23678052396328,-0.43097487258639555,655,109.23675609,-0.43095617,9.97,0.4,0.4,Healthy,Sub-Optimal
AME II,D003A,D03,2009,3,9,122424,0.42686262247586976,Stres Sedang,0.4312493740222775,Stres Sedang,Pokok Utama,109.23685449671629,-0.43092375168266583,1652,109.23685984,-0.43095484,6.0,0.457,0.457,Healthy,Moderate
AME II,D003A,D03,2009,3,10,122434,0.38098113608399237,Stres Berat,0.4055805332770869,Stres Sedang,Pokok Utama,109.23692270528771,-0.4309350125465629,1864,109.23690791,-0.43090511,5.41,0.458,0.458,Healthy,Moderate
AME II,D003A,D03,2009,3,11,122491,0.33388820271949154,Stres Berat,0.36813823376986743,Stres Berat,Pokok Utama,109.23719143491927,-0.4309352506076201,456,109.23718052,-0.43093954,11.05,0.411,0.411,Healthy,Sub-Optimal
AME II,D003A,D03,2009,3,12,122495,0.4124871930261977,Stres Sedang,0.43360082768441105,Stres Sedang,Pokok Utama,109.237259716078,-0.4309746650559462,428,109.23726854,-0.4309902,11.21,0.456,0.456,Healthy,Moderate
AME II,D003A,D03,2009,3,13,122504,0.40813672433757003,Stres Sedang,0.43199850326369826,Stres Sedang,Pokok Utama,109.23741269523788,-0.4309557592382553,341,109.23743743,-0.43095135,11.8,0.437,0.437,Healthy,Moderate
AME II,D003A,D03,2009,3,14,122505,0.43308623799748897,Stres Sedang,0.424161406841364,Stres Sedang,Pokok Utama,109.23744257575156,-0.4309110639404367,453,109.23745091,-0.43089258,11.06,0.415,0.415,Healthy,Sub-Optimal
AME II,D003A,D03,2009,3,15,122507,0.41481305270479085,Stres Sedang,0.4343775238516522,Stres Sedang,Pokok Utama,109.23749159981516,-0.43092291174468544,399,109.2374783,-0.43095046,11.38,0.565,0.565,Healthy,Good
AME II,D003A,D03,2009,3,16,122594,0.3923026724357076,Stres Berat,0.40969799305757554,Stres Sedang,Pokok Utama,109.23756725943099,-0.4309152726634448,171,109.23754343,-0.43090255,13.47,0.461,0.461,Healthy,Good
AME II,D003A,D03,2009,3,17,122592,0.4031599429477888,Stres Sedang,0.40607903867825934,Stres Sedang,Pokok Utama,109.23765631135757,-0.4309468444388203,971,109.23764493,-0.43094914,8.31,0.448,0.448,Healthy,Moderate
AME II,D003A,D03,2009,3,18,122588,0.3742669531835036,Stres Berat,0.3787954419842351,Stres Berat,Pokok Utama,109.23771764402707,-0.430948809302876,712,109.23768984,-0.43095774,9.65,0.488,0.488,Healthy,Good
AME II,D003A,D03,2009,3,21,122573,0.39024781695584837,Stres Berat,0.4195486008404539,Stres Sedang,Pokok Utama,109.2380540061795,-0.430950399647049,1625,109.23803568,-0.43094923,6.07,0.511,0.511,Healthy,Good
AME II,D003A,D03,2009,3,23,122565,0.36439345290333797,Stres Berat,0.40334078225645575,Stres Sedang,Pokok Utama,109.23824659501759,-0.4309341182645378,461,109.23825216,-0.43096194,11.01,0.389,0.389,Healthy,Critical
AME II,D003A,D03,2009,4,1,151271,0.4521338061401952,Stres Sedang,0.4772367022185846,Stres Sedang,Pokok Utama,109.23599681408417,-0.4308787970604795,2165,109.23597057,-0.43086013,4.68,0.51,0.51,Healthy,Good
AME II,D003A,D03,2009,4,3,151284,0.41507756215371183,Stres Sedang,0.4884397704960205,Stres Sedang,Pokok Utama,109.23614026377894,-0.43089720134642284,1564,109.23613045,-0.43088865,6.22,0.508,0.508,Healthy,Good
AME II,D003A,D03,2009,4,4,151286,0.43369210842021283,Stres Sedang,0.4711028730014477,Stres Sedang,Pokok Utama,109.23620726627084,-0.4308718992984128,666,109.23622164,-0.43085024,9.93,0.482,0.482,Healthy,Good
AME II,D003A,D03,2009,4,5,151290,0.3785455753462609,Stres Berat,0.4234990665994151,Stres Sedang,Pokok Utama,109.23629663079635,-0.4308719201310947,1035,109.23628451,-0.43089276,8.05,0.385,0.385,Healthy,Critical
AME II,D003A,D03,2009,4,7,151307,0.3763220148379622,Stres Berat,0.44088568384756327,Stres Sedang,Pokok Utama,109.23654741146545,-0.43088216733030354,2934,109.23654052,-0.43085212,3.3,0.482,0.482,Abnormal,Good
AME II,D003A,D03,2009,4,10,122425,0.3683023921214044,Stres Berat,0.4032525019007236,Stres Sedang,Pokok Utama,109.23688825861026,-0.4308675329092207,1897,109.23690567,-0.4308495,5.33,0.449,0.449,Healthy,Moderate
AME II,D003A,D03,2009,4,11,122433,0.3903727804330629,Stres Berat,0.4392830247132762,Stres Sedang,Pokok Utama,109.23697333835578,-0.4308912399625243,1219,109.23699908,-0.43088433,7.42,0.457,0.457,Healthy,Moderate
AME II,D003A,D03,2009,4,12,122493,0.3536813111955543,Stres Berat,0.42841687317904054,Stres Sedang,Pokok Utama,109.23705386235586,-0.43088636103943784,822,109.2370458,-0.43087756,9.07,0.468,0.468,Healthy,Good
AME II,D003A,D03,2009,4,17,122549,0.3930450821778514,Stres Berat,0.4353310002390152,Stres Sedang,Pokok Utama,109.23778991362707,-0.430866678610298,696,109.23780124,-0.43088995,9.72,0.451,0.451,Healthy,Moderate
AME II,D003A,D03,2009,4,18,122548,0.4119673626405418,Stres Sedang,0.4406621316495442,Stres Sedang,Pokok Utama,109.23786579163514,-0.4308781438188645,902,109.23784346,-0.43088543,8.64,0.362,0.362,Suspect,Critical
AME II,D003A,D03,2009,4,20,122577,0.38259735299794084,Stres Berat,0.4086191893483584,Stres Sedang,Pokok Utama,109.23794960178546,-0.4309113412092234,169,109.23795754,-0.43088139,13.48,0.448,0.448,Healthy,Moderate
AME II,D003A,D03,2009,4,21,122574,0.39932472550104076,Stres Berat,0.4550842610961603,Stres Sedang,Pokok Utama,109.23801893492183,-0.43088791879964045,1011,109.23803479,-0.43090266,8.14,0.444,0.444,Healthy,Moderate
AME II,D003A,D03,2009,4,22,122560,0.4026339886092543,Stres Sedang,0.43622211717270515,Stres Sedang,Pokok Utama,109.23810044504488,-0.4308957455112047,1299,109.23808061,-0.43087916,7.12,0.471,0.471,Healthy,Good
AME II,D003A,D03,2009,5,5,151299,0.39204904573966254,Stres Berat,0.43242682061932824,Stres Sedang,Pokok Utama,109.23645019907273,-0.43082597410844253,2642,109.236448,-0.43084351,3.82,0.439,0.439,Abnormal,Moderate
AME II,D003A,D03,2009,5,6,151308,0.38768348764400096,Stres Berat,0.4703525960947036,Stres Sedang,Pokok Utama,109.2365329069775,-0.4308279077867433,2934,109.23654052,-0.43085212,3.3,0.482,0.482,Abnormal,Good
AME II,D003A,D03,2009,5,7,151309,0.3874265995603855,Stres Berat,0.44692250154856555,Stres Sedang,Pokok Utama,109.23660720432694,-0.4307948675273962,3031,109.23659444,-0.43076532,3.11,0.411,0.411,Abnormal,Sub-Optimal
AME II,D003A,D03,2009,5,11,122426,0.40751215252701356,Stres Sedang,0.4397207421314967,Stres Sedang,Pokok Utama,109.23691650703589,-0.43081077026911657,1806,109.23690254,-0.43078484,5.56,0.428,0.428,Healthy,Sub-Optimal
AME II,D003A,D03,2009,5,13,122489,0.38059175753272484,Stres Berat,0.4078199307868506,Stres Sedang,Pokok Utama,109.23717979394911,-0.4307879265995896,721,109.2371644,-0.43075867,9.59,0.471,0.471,Healthy,Good
AME II,D003A,D03,2009,5,15,122499,0.41432390510066475,Stres Sedang,0.422890802923179,Stres Sedang,Pokok Utama,109.2373274158098,-0.43078462592891253,903,109.23730721,-0.43079443,8.64,0.484,0.484,Healthy,Good
AME II,D003A,D03,2009,5,16,122502,0.422869263760525,Stres Sedang,0.4223597333063345,Stres Sedang,Pokok Utama,109.23742769863016,-0.43082092708869324,446,109.23744329,-0.43082385,11.11,0.371,0.371,Suspect,Critical
AME II,D003A,D03,2009,5,17,122508,0.37323682691485743,Stres Berat,0.42363563160245027,Stres Sedang,Pokok Utama,109.23758187413911,-0.4308066180888856,381,109.23759915,-0.43080851,11.48,0.492,0.492,Healthy,Good
AME II,D003A,D03,2009,5,18,122550,0.39976003173740743,Stres Berat,0.45730390208952415,Stres Sedang,Pokok Utama,109.23774312166995,-0.4307965953044043,111,109.23775185,-0.43080945,14.39,0.517,0.517,Healthy,Good
AME II,D003A,D03,2009,5,19,122546,0.4197399772302556,Stres Sedang,0.4278429307911147,Stres Sedang,Pokok Utama,109.23789749759392,-0.43080541562629954,272,109.23789872,-0.43079366,12.28,0.425,0.425,Healthy,Sub-Optimal
AME II,D003A,D03,2009,5,20,122575,0.3892680570462934,Stres Berat,0.4177028623007554,Stres Sedang,Pokok Utama,109.23803012097048,-0.43078295565707886,798,109.23806087,-0.43076747,9.19,0.523,0.523,Healthy,Good
AME II,D003A,D03,2009,5,21,122567,0.38066647998245795,Stres Berat,0.41890464673454575,Stres Sedang,Pokok Utama,109.2381554466511,-0.4308080276251321,1176,109.23813317,-0.43079281,7.59,0.51,0.51,Healthy,Good
AME II,D003A,D03,2009,5,22,122569,0.38217140516752135,Stres Berat,0.44042677801019514,Stres Sedang,Pokok Utama,109.23819537719918,-0.43079782827574037,181,109.23821133,-0.43077881,13.26,0.374,0.374,Suspect,Critical
AME II,D003A,D03,2009,6,2,122369,0.3816463824342313,Stres Berat,0.4408348975577152,Stres Sedang,Pokok Utama,109.2361483796101,-0.43074120527335025,692,109.23613722,-0.43075346,9.74,0.504,0.504,Healthy,Good
AME II,D003A,D03,2009,6,6,138802,0.3954674337545167,Stres Berat,0.4715510610078111,Stres Sedang,Pokok Utama,109.23651393515449,-0.4307277648542682,587,109.23650238,-0.43071059,10.37,0.454,0.454,Healthy,Moderate
AME II,D003A,D03,2009,6,10,122411,0.3614373510137917,Stres Berat,0.39914767660332645,Stres Berat,Pokok Utama,109.2368865763147,-0.4307456835590437,1773,109.2368765,-0.4307568,5.66,0.455,0.455,Healthy,Moderate
AME II,D003A,D03,2009,6,11,122427,0.39038307143353496,Stres Berat,0.421760455257765,Stres Sedang,Pokok Utama,109.23696833102086,-0.4307365510915138,1883,109.23696004,-0.43076089,5.38,0.442,0.442,Healthy,Moderate
AME II,D003A,D03,2009,6,12,122431,0.35253551529398164,Stres Berat,0.3543080707229864,Stres Berat,Pokok Utama,109.23704078772379,-0.4307586636307207,2004,109.23703191,-0.43072473,5.07,0.446,0.446,Healthy,Moderate
AME II,D003A,D03,2009,6,13,122488,0.37458157574134354,Stres Berat,0.42054021774253,Stres Sedang,Pokok Utama,109.23715936438843,-0.43074565215355015,721,109.2371644,-0.43075867,9.59,0.471,0.471,Healthy,Good
AME II,D003A,D03,2009,6,20,122539,0.3790895199523093,Stres Berat,0.40638527650242817,Stres Sedang,Pokok Utama,109.23801920112699,-0.43073015554447064,540,109.23803258,-0.4307322,10.58,0.413,0.413,Healthy,Sub-Optimal
AME II,D003A,D03,2009,6,21,122561,0.3841517345700667,Stres Berat,0.4408435076654244,Stres Sedang,Pokok Utama,109.23809144777086,-0.43075186562339146,798,109.23806087,-0.43076747,9.19,0.523,0.523,Healthy,Good
AME II,D003A,D03,2009,7,2,122348,0.41886143183682245,Stres Sedang,0.48298078926836807,Stres Sedang,Pokok Utama,109.23612130091699,-0.4306761192530067,2130,109.23614757,-0.43068745,4.75,0.629,0.629,Healthy,Good
AME II,D003A,D03,2009,7,4,122371,0.4551316238878991,Stres Sedang,0.4525508853953295,Stres Sedang,Pokok Utama,109.2363437608899,-0.43066277208529363,432,109.23637169,-0.43068343,11.17,0.534,0.534,Healthy,Good
AME II,D003A,D03,2009,7,6,138801,0.3820784743890487,Stres Berat,0.46460966199708015,Stres Sedang,Pokok Utama,109.23659051875175,-0.43069407131548765,1954,109.23658009,-0.43067082,5.19,0.482,0.482,Healthy,Good
AME II,D003A,D03,2009,7,7,138800,0.4095722284695274,Stres Sedang,0.47156883769032476,Stres Sedang,Pokok Utama,109.23663955074475,-0.4306713206141796,956,109.23666453,-0.43065773,8.36,0.5,0.5,Healthy,Good
AME II,D003A,D03,2009,7,9,122412,0.4147859115869058,Stres Sedang,0.4279242621557583,Stres Sedang,Pokok Utama,109.2368343045502,-0.4306772430251646,717,109.23685002,-0.43065732,9.6,0.451,0.451,Healthy,Moderate
AME II,D003A,D03,2009,7,12,122430,0.3312642426838653,Stres Berat,0.3784851775119911,Stres Berat,Pokok Utama,109.23708196294966,-0.43067161718597313,739,109.23707864,-0.43064381,9.5,0.406,0.406,Healthy,Sub-Optimal
AME II,D003A,D03,2009,7,13,122486,0.38057113456868646,Stres Berat,0.4096874112805172,Stres Sedang,Pokok Utama,109.23724142251632,-0.4306592373812753,466,109.23724077,-0.43068364,10.99,0.449,0.449,Healthy,Moderate
AME II,D003A,D03,2009,7,16,122553,0.41307560858064013,Stres Sedang,0.44963749050378726,Stres Sedang,Pokok Utama,109.23775524484421,-0.43067107584517517,226,109.23776311,-0.43070456,12.72,0.469,0.469,Healthy,Good
AME II,D003A,D03,2009,7,18,122547,0.41202816721340674,Stres Sedang,0.42094356710042585,Stres Sedang,Pokok Utama,109.23792413720078,-0.43071354492912717,254,109.23790548,-0.43072991,12.41,0.543,0.543,Healthy,Good
AME II,D003A,D03,2009,7,19,122538,0.4075629601165397,Stres Sedang,0.4447337826462513,Stres Sedang,Pokok Utama,109.23808062627039,-0.4306658930850527,1347,109.23808739,-0.43065263,6.92,0.478,0.478,Healthy,Good
AME II,D003A,D03,2009,7,20,122536,0.3936602562414682,Stres Berat,0.4122360787723973,Stres Sedang,Pokok Utama,109.23812965371188,-0.43065920001440394,1326,109.23815252,-0.43063502,7.01,0.571,0.571,Healthy,Good
AME II,D003A,D03,2009,8,1,122286,0.4264632005562531,Stres Sedang,0.4716975810970855,Stres Sedang,Pokok Utama,109.23601121299264,-0.4306187664504657,1432,109.2360106,-0.43062999,6.65,0.554,0.554,Healthy,Good
AME II,D003A,D03,2009,8,2,122338,0.3986559859738363,Stres Berat,0.45708777681664303,Stres Sedang,Pokok Utama,109.23609778480602,-0.4306264894440385,3054,109.23607707,-0.43060153,3.07,0.573,0.573,Abnormal,Good
AME II,D003A,D03,2009,8,3,122349,0.4117856362053627,Stres Sedang,0.45785718370486306,Stres Sedang,Pokok Utama,109.23617481702847,-0.43061838135883185,2330,109.23619789,-0.43061738,4.36,0.492,0.492,Healthy,Good
AME II,D003A,D03,2009,8,5,122372,0.4577889349872963,Stres Sedang,0.4668267924835657,Stres Sedang,Pokok Utama,109.23633616688696,-0.43061204635248485,1045,109.23634431,-0.43058034,8.03,0.399,0.399,Healthy,Sub-Optimal
AME II,D003A,D03,2009,8,6,122387,0.39671789521444156,Stres Berat,0.44043578656722304,Stres Sedang,Pokok Utama,109.23648829362007,-0.430592627596535,720,109.23650196,-0.4305659,9.59,0.444,0.444,Healthy,Moderate
AME II,D003A,D03,2009,8,7,122389,0.39325748667599003,Stres Berat,0.4512874573764589,Stres Sedang,Pokok Utama,109.23655579338798,-0.43058457425474445,1097,109.23658954,-0.4305822,7.84,0.481,0.481,Healthy,Good
AME II,D003A,D03,2009,8,8,138796,0.37528808757375043,Stres Berat,0.44601641957824295,Stres Sedang,Pokok Utama,109.23665195483319,-0.4305937816233626,1500,109.23663804,-0.43060166,6.44,0.427,0.427,Healthy,Sub-Optimal
AME II,D003A,D03,2009,8,9,138797,0.391804967301515,Stres Berat,0.4264539580713879,Stres Sedang,Pokok Utama,109.23671110929189,-0.4305717115004155,811,109.23670497,-0.4305646,9.12,0.513,0.513,Healthy,Good
AME II,D003A,D03,2009,8,10,122413,0.4251913632833906,Stres Sedang,0.43562426715238267,Stres Sedang,Pokok Utama,109.23689122089903,-0.43061053976411623,810,109.23687429,-0.430599,9.12,0.489,0.489,Healthy,Good
AME II,D003A,D03,2009,8,14,122436,0.3949345119757467,Stres Berat,0.418364346760145,Stres Sedang,Pokok Utama,109.23716029575641,-0.4306055392506018,699,109.23713927,-0.43063252,9.72,0.481,0.481,Healthy,Good
AME II,D003A,D03,2009,8,18,122481,0.4443025648399116,Stres Sedang,0.42409656639924914,Stres Sedang,Pokok Utama,109.23746024129383,-0.4305743447257269,439,109.23743302,-0.43059732,11.13,0.469,0.469,Healthy,Good
AME II,D003A,D03,2009,8,19,122512,0.3797975178646005,Stres Berat,0.39823765517568716,Stres Berat,Pokok Utama,109.23757430830891,-0.4306332303601109,361,109.23759155,-0.43065523,11.67,0.416,0.416,Healthy,Sub-Optimal
AME II,D003A,D03,2009,8,20,122516,0.36372314560484686,Stres Berat,0.39542931380930607,Stres Berat,Pokok Utama,109.23768128543558,-0.4306170972314811,387,109.23766342,-0.43059556,11.47,0.408,0.408,Healthy,Sub-Optimal
AME II,D003A,D03,2009,8,23,122537,0.41750375424399044,Stres Sedang,0.4685979131407955,Stres Sedang,Pokok Utama,109.23810716994484,-0.4305966678416908,1297,109.23809145,-0.43057758,7.13,0.434,0.434,Healthy,Moderate
AME II,D003A,D03,2009,8,24,122534,0.38782236273198023,Stres Berat,0.3908767714625911,Stres Berat,Pokok Utama,109.2381914654412,-0.43058568031532657,1110,109.23816511,-0.43057488,7.79,0.499,0.499,Healthy,Good
AME II,D003A,D03,2009,9,1,122339,0.3814818775071541,Stres Berat,0.4524857493148719,Stres Sedang,Pokok Utama,109.23603909240408,-0.4305650819855247,1966,109.23605058,-0.4305658,5.17,0.52,0.52,Healthy,Good
AME II,D003A,D03,2009,9,2,122347,0.3937554923395154,Stres Berat,0.4716026449078196,Stres Sedang,Pokok Utama,109.23611541520471,-0.43055212759327044,1984,109.2361202,-0.43058028,5.12,0.55,0.55,Healthy,Good
AME II,D003A,D03,2009,9,3,122350,0.3879358197258699,Stres Berat,0.45580706550001415,Stres Sedang,Pokok Utama,109.23618169879441,-0.430539753229356,2082,109.23616242,-0.43055497,4.87,0.448,0.448,Healthy,Moderate
AME II,D003A,D03,2009,9,4,122366,0.36676985168577086,Stres Berat,0.4232944101139961,Stres Sedang,Pokok Utama,109.23626488606766,-0.430527331256324,973,109.23628459,-0.43054099,8.3,0.373,0.373,Suspect,Critical
AME II,D003A,D03,2009,9,6,122385,0.40771677342808565,Stres Sedang,0.43296765884658595,Stres Sedang,Pokok Utama,109.23641509252892,-0.43052640858960595,471,109.23641798,-0.43055865,10.98,0.434,0.434,Healthy,Moderate
AME II,D003A,D03,2009,9,7,122383,0.40914523066888525,Stres Sedang,0.4554873607001147,Stres Sedang,Pokok Utama,109.23650547799654,-0.4305516161908636,720,109.23650196,-0.4305659,9.59,0.444,0.444,Healthy,Moderate
AME II,D003A,D03,2009,9,8,122390,0.3798699727984154,Stres Berat,0.4239501780820544,Stres Sedang,Pokok Utama,109.23660452118312,-0.4305526177108196,1097,109.23658954,-0.4305822,7.84,0.481,0.481,Healthy,Good
AME II,D003A,D03,2009,9,9,138795,0.4151707508435646,Stres Sedang,0.4270278760577121,Stres Sedang,Pokok Utama,109.23667838546677,-0.4305317139424081,1087,109.236643,-0.43053157,7.86,0.506,0.506,Healthy,Good
AME II,D003A,D03,2009,9,12,122414,0.3877969263516715,Stres Berat,0.40928939316703494,Stres Sedang,Pokok Utama,109.23693130439035,-0.4305405472580736,2184,109.23694213,-0.43052577,4.64,0.422,0.422,Healthy,Sub-Optimal
AME II,D003A,D03,2009,9,13,122444,0.3515733975108926,Stres Berat,0.4036554699732845,Stres Sedang,Pokok Utama,109.23701644699076,-0.43052527266132873,1912,109.23701578,-0.43053799,5.29,0.442,0.442,Healthy,Moderate
AME II,D003A,D03,2009,9,16,122483,0.4372060703483777,Stres Sedang,0.44837295391877063,Stres Sedang,Pokok Utama,109.23740796389764,-0.43053030852087915,807,109.23742359,-0.43055798,9.13,0.447,0.447,Healthy,Moderate
AME II,D003A,D03,2009,9,17,122480,0.39027732625267864,Stres Berat,0.4250170699289969,Stres Sedang,Pokok Utama,109.2374846539324,-0.43052219128991465,986,109.23746133,-0.4304965,8.24,0.386,0.386,Healthy,Critical
AME II,D003A,D03,2009,9,20,122517,0.33256647974317594,Stres Berat,0.38587129406660053,Stres Berat,Pokok Utama,109.23772216244966,-0.43052607447295427,1120,109.23771555,-0.43049475,7.75,0.474,0.474,Healthy,Good
AME II,D003A,D03,2009,9,21,122518,0.34943698642128224,Stres Berat,0.35955253921341723,Stres Berat,Pokok Utama,109.23779552172502,-0.4305296011350002,1235,109.23781705,-0.43050155,7.35,0.453,0.453,Healthy,Moderate
AME II,D003A,D03,2009,9,22,122526,0.3951955476494038,Stres Berat,0.40101066766916454,Stres Sedang,Pokok Utama,109.23788108856988,-0.4305055350132294,1676,109.23786197,-0.43048755,5.91,0.407,0.407,Healthy,Sub-Optimal
AME II,D003A,D03,2009,9,24,122532,0.38840867007704455,Stres Berat,0.41363836126821535,Stres Sedang,Pokok Utama,109.2380475393806,-0.43053259152461093,1081,109.23805867,-0.43054954,7.88,0.407,0.407,Healthy,Sub-Optimal
AME II,D003A,D03,2009,9,25,122533,0.3943535877229925,Stres Berat,0.44555809520035045,Stres Sedang,Pokok Utama,109.23812941580114,-0.43052562485690893,1196,109.23812695,-0.43050705,7.52,0.429,0.429,Healthy,Sub-Optimal
AME II,D003A,D03,2009,10,1,122287,0.4041961636135632,Stres Sedang,0.4399336927767413,Stres Sedang,Pokok Utama,109.23597738814016,-0.43052303668436687,776,109.23600209,-0.43051605,9.3,0.541,0.541,Healthy,Good
AME II,D003A,D03,2009,10,2,122340,0.3967625329894538,Stres Berat,0.47100475242376544,Stres Sedang,Pokok Utama,109.23610683164324,-0.4304764863817283,823,109.23612336,-0.43047584,9.07,0.493,0.493,Healthy,Good
AME II,D003A,D03,2009,10,5,122384,0.3621233271997087,Stres Berat,0.42947919895465997,Stres Sedang,Pokok Utama,109.23644742802297,-0.4304737786566589,599,109.23643461,-0.43048631,10.34,0.521,0.521,Healthy,Good
AME II,D003A,D03,2009,10,10,122400,0.3781451489331924,Stres Berat,0.4166705377747242,Stres Sedang,Pokok Utama,109.23688283461355,-0.4304777079418227,1242,109.23686803,-0.43046923,7.31,0.446,0.446,Healthy,Moderate
AME II,D003A,D03,2009,10,13,122447,0.41037093138768105,Stres Sedang,0.4572343506578303,Stres Sedang,Pokok Utama,109.2372244434722,-0.4304398710798492,736,109.23723633,-0.43042365,9.51,0.438,0.438,Healthy,Moderate
AME II,D003A,D03,2009,10,14,122446,0.40719919782607955,Stres Sedang,0.45619123394177313,Stres Sedang,Pokok Utama,109.23724477977422,-0.4304658292195593,844,109.23726058,-0.43046389,8.93,0.478,0.478,Healthy,Good
AME II,D003A,D03,2009,10,15,122484,0.40695016849568577,Stres Sedang,0.42115152425820357,Stres Sedang,Pokok Utama,109.23730292155932,-0.43049997736128526,1204,109.23731357,-0.43049284,7.46,0.424,0.424,Healthy,Sub-Optimal
AME II,D003A,D03,2009,10,16,122464,0.39007892154889673,Stres Berat,0.39887530487388945,Stres Berat,Pokok Utama,109.23737973356977,-0.43045355130073026,470,109.23736658,-0.43044403,10.98,0.461,0.461,Healthy,Good
AME II,D003A,D03,2009,10,18,122479,0.4333723788769945,Stres Sedang,0.450510887384916,Stres Sedang,Pokok Utama,109.23750478051778,-0.43042090985339315,1532,109.23747528,-0.43041104,6.32,0.44,0.44,Healthy,Moderate
AME II,D003A,D03,2009,10,19,122478,0.4041212204190874,Stres Sedang,0.4495609485788408,Stres Sedang,Pokok Utama,109.23755011703255,-0.43040991235940324,438,109.23753367,-0.43038619,11.14,0.438,0.438,Healthy,Moderate
AME II,D003A,D03,2009,10,22,122519,0.38925898359109035,Stres Berat,0.42689398592178407,Stres Sedang,Pokok Utama,109.23776702352616,-0.43043404886405506,687,109.23777934,-0.43040524,9.77,0.444,0.444,Healthy,Moderate
AME II,D003A,D03,2009,10,24,122528,0.42312828552505716,Stres Sedang,0.4134995778485273,Stres Sedang,Pokok Utama,109.23796343335668,-0.43044998854349253,1531,109.23797741,-0.43042744,6.32,0.447,0.447,Healthy,Moderate
AME II,D003A,D03,2009,10,25,122531,0.40130935238229637,Stres Sedang,0.43659179521744707,Stres Sedang,Pokok Utama,109.23806670789662,-0.4304530989480769,1132,109.23809148,-0.43045957,7.71,0.441,0.441,Healthy,Moderate
AME II,D003A,D03,2009,11,2,122341,0.3801116359872362,Stres Berat,0.4372597262710512,Stres Sedang,Pokok Utama,109.23600448225082,-0.4304468087597594,382,109.23601513,-0.43044688,11.48,0.506,0.506,Healthy,Good
AME II,D003A,D03,2009,11,3,122345,0.41843758923043883,Stres Sedang,0.49323888919824305,Stres Sedang,Pokok Utama,109.23612231803725,-0.43038572546589904,491,109.23612923,-0.43037094,10.86,0.518,0.518,Healthy,Good
AME II,D003A,D03,2009,11,5,122351,0.41628315596030957,Stres Sedang,0.5109244168627345,Stres Ringan,Pokok Utama,109.23622593126349,-0.43042730938465473,559,109.23623251,-0.43044557,10.49,0.635,0.635,Healthy,Good
AME II,D003A,D03,2009,11,6,122364,0.39313195001117435,Stres Berat,0.4237116938546443,Stres Sedang,Pokok Utama,109.23629295749856,-0.430412013396087,935,109.23629674,-0.43044785,8.48,0.577,0.577,Healthy,Good
AME II,D003A,D03,2009,11,7,122362,0.42324859983914553,Stres Sedang,0.44385588671766124,Stres Sedang,Pokok Utama,109.23638273309552,-0.4303861270263183,2243,109.2363484,-0.43038275,4.53,0.476,0.476,Healthy,Good
AME II,D003A,D03,2009,11,8,122375,0.4145076893687313,Stres Sedang,0.4572333138484227,Stres Sedang,Pokok Utama,109.23646646425362,-0.4303718567812649,2443,109.23645485,-0.43037961,4.17,0.43,0.43,Healthy,Moderate
AME II,D003A,D03,2009,11,9,122393,0.41200363809059976,Stres Sedang,0.4310832730596924,Stres Sedang,Pokok Utama,109.23675061347721,-0.43040360597379806,604,109.23673241,-0.43037922,10.3,0.416,0.416,Healthy,Sub-Optimal
AME II,D003A,D03,2009,11,13,122440,0.3478483900488639,Stres Berat,0.4168452881857985,Stres Sedang,Pokok Utama,109.2371233807746,-0.4303887383392499,1019,109.2371254,-0.4304078,8.12,0.398,0.398,Healthy,Sub-Optimal
AME II,D003A,D03,2009,11,14,122462,0.3745637789299811,Stres Berat,0.4288116530336153,Stres Sedang,Pokok Utama,109.23728798471612,-0.4303569018853783,412,109.23729833,-0.43035629,11.31,0.428,0.428,Healthy,Sub-Optimal
AME II,D003A,D03,2009,11,16,122467,0.4222816356660231,Stres Sedang,0.4543694575347391,Stres Sedang,Pokok Utama,109.23746083591509,-0.4303984865519598,1532,109.23747528,-0.43041104,6.32,0.44,0.44,Healthy,Moderate
AME II,D003A,D03,2009,11,17,122468,0.40805393555297653,Stres Sedang,0.4154235957284197,Stres Sedang,Pokok Utama,109.2375293997663,-0.430353054196819,438,109.23753367,-0.43038619,11.14,0.438,0.438,Healthy,Moderate
AME II,D003A,D03,2009,11,18,122477,0.3969839012444909,Stres Berat,0.41682950529576207,Stres Sedang,Pokok Utama,109.237660609423,-0.4303845091519365,1312,109.23766931,-0.43040295,7.07,0.495,0.495,Healthy,Good
AME II,D003A,D03,2009,11,19,122474,0.4297842328852451,Stres Sedang,0.47073354634613007,Stres Sedang,Pokok Utama,109.23771889135394,-0.43039127059957577,738,109.23773668,-0.43040477,9.5,0.426,0.426,Healthy,Sub-Optimal
AME II,D003A,D03,2009,11,20,122520,0.4129217846472153,Stres Sedang,0.42031208558398947,Stres Sedang,Pokok Utama,109.23783123118152,-0.4303946426470284,1655,109.237831,-0.43039304,5.98,0.326,0.326,Suspect,Critical
AME II,D003A,D03,2009,11,22,122529,0.4418990334339458,Stres Sedang,0.4498233208600499,Stres Sedang,Pokok Utama,109.23798376679075,-0.4303984879503179,1531,109.23797741,-0.43042744,6.32,0.447,0.447,Healthy,Moderate
AME II,D003A,D03,2009,11,24,122076,0.3963323123125099,Stres Berat,0.4470030879346948,Stres Sedang,Pokok Utama,109.23814590661085,-0.43038724000012957,1620,109.23812742,-0.43041481,6.08,0.487,0.487,Healthy,Good
AME II,D003A,D03,2009,12,1,122289,0.40212993846679107,Stres Sedang,0.45881141111205453,Stres Sedang,Pokok Utama,109.23599390725194,-0.43035538978014826,369,109.23601245,-0.43038583,11.61,0.579,0.579,Healthy,Good
AME II,D003A,D03,2009,12,3,122344,0.4276250386950304,Stres Sedang,0.4821030156185421,Stres Sedang,Pokok Utama,109.23616540549722,-0.4303501874925466,639,109.23619391,-0.43034518,10.05,0.543,0.543,Healthy,Good
AME II,D003A,D03,2009,12,5,122363,0.4523790300800193,Stres Sedang,0.4645634973651303,Stres Sedang,Pokok Utama,109.23632706901498,-0.43032356186560383,2615,109.23631923,-0.43030814,3.87,0.442,0.442,Abnormal,Moderate
AME II,D003A,D03,2009,12,6,122361,0.44021394729776225,Stres Sedang,0.4392024092588978,Stres Sedang,Pokok Utama,109.23643082126262,-0.43034265860004073,2446,109.23641803,-0.43032579,4.16,0.504,0.504,Healthy,Good
AME II,D003A,D03,2009,12,7,122376,0.3843867733168058,Stres Berat,0.4730765382168746,Stres Sedang,Pokok Utama,109.2365186228692,-0.430350201004019,2680,109.23652717,-0.43033486,3.76,0.447,0.447,Abnormal,Moderate
AME II,D003A,D03,2009,12,8,122380,0.40884732157640186,Stres Sedang,0.46375698165313617,Stres Sedang,Pokok Utama,109.23662237585103,-0.43036615077696755,244,109.23663226,-0.4303584,12.49,0.461,0.461,Healthy,Good
AME II,D003A,D03,2009,12,10,122398,0.35892550724599026,Stres Berat,0.4220953479042723,Stres Sedang,Pokok Utama,109.23696969472515,-0.4303059039799914,691,109.23693679,-0.43031054,9.75,0.483,0.483,Healthy,Good
AME II,D003A,D03,2009,12,11,122442,0.3479267966074041,Stres Berat,0.4180282032450422,Stres Sedang,Pokok Utama,109.23707008831788,-0.4302978537543607,1454,109.2370832,-0.4303273,6.59,0.461,0.461,Healthy,Good
AME II,D003A,D03,2009,12,16,122470,0.36322542306336053,Stres Berat,0.37743253958447337,Stres Berat,Pokok Utama,109.23761553739688,-0.43031159851611644,193,109.23758804,-0.43029215,13.08,0.445,0.445,Healthy,Moderate
AME II,D003A,D03,2009,12,20,122523,0.4191581084472561,Stres Sedang,0.43012235538737553,Stres Sedang,Pokok Utama,109.23792243482669,-0.43031907069847813,561,109.23792174,-0.43029585,10.49,0.454,0.454,Healthy,Moderate
AME II,D003A,D03,2009,12,21,122078,0.34759871541740717,Stres Berat,0.38276590049123704,Stres Berat,Pokok Utama,109.23805531452413,-0.43031867658407263,925,109.23802729,-0.43030401,8.52,0.448,0.448,Healthy,Moderate
AME II,D003A,D03,2009,13,1,122290,0.3823097739935569,Stres Berat,0.46622081335703436,Stres Sedang,Pokok Utama,109.23594528270552,-0.43026255213997405,245,109.23594735,-0.43027188,12.48,0.455,0.455,Healthy,Moderate
AME II,D003A,D03,2009,13,2,122291,0.39921811769824533,Stres Berat,0.4620541669204742,Stres Sedang,Pokok Utama,109.23602656981909,-0.43024752985584946,462,109.23604482,-0.4302502,11.01,0.492,0.492,Healthy,Good
AME II,D003A,D03,2009,13,3,122295,0.41684951229472933,Stres Sedang,0.45230092565576596,Stres Sedang,Pokok Utama,109.23612484518553,-0.4302397034167985,698,109.2361306,-0.43025383,9.72,0.458,0.458,Healthy,Moderate
AME II,D003A,D03,2009,13,4,122301,0.3779098342834704,Stres Berat,0.4572216874745296,Stres Sedang,Pokok Utama,109.23619459992642,-0.43024976913379287,987,109.23620112,-0.43023803,8.24,0.378,0.378,Suspect,Critical
AME II,D003A,D03,2009,13,6,122355,0.43850036223113636,Stres Sedang,0.47073088631078647,Stres Sedang,Pokok Utama,109.23634215053353,-0.43028645021526174,2615,109.23631923,-0.43030814,3.87,0.442,0.442,Abnormal,Moderate
AME II,D003A,D03,2009,13,7,122356,0.4325282215163574,Stres Sedang,0.46569650136180174,Stres Sedang,Pokok Utama,109.23644075488137,-0.4302660332877806,1545,109.23643556,-0.4302842,6.27,0.425,0.425,Healthy,Sub-Optimal
AME II,D003A,D03,2009,13,11,122331,0.3980247353176783,Stres Berat,0.4377676340125801,Stres Sedang,Pokok Utama,109.23692933063806,-0.43026395859129285,820,109.23689772,-0.43027165,9.08,0.532,0.532,Healthy,Good
AME II,D003A,D03,2009,13,12,122443,0.35886924070943554,Stres Berat,0.42856581108255504,Stres Sedang,Pokok Utama,109.23708436071007,-0.4302441570409281,1272,109.23707693,-0.43026174,7.2,0.397,0.397,Healthy,Sub-Optimal
AME II,D003A,D03,2009,13,16,122457,0.3870160388771654,Stres Berat,0.41862115363160796,Stres Sedang,Pokok Utama,109.23749363512943,-0.4302627895016241,669,109.23751978,-0.43024783,9.91,0.428,0.428,Healthy,Sub-Optimal
AME II,D003A,D03,2009,13,17,122469,0.394876439837354,Stres Berat,0.43101420197512685,Stres Sedang,Pokok Utama,109.2375994727592,-0.43022132935697166,267,109.23761007,-0.43020354,12.33,0.499,0.499,Healthy,Good
AME II,D003A,D03,2009,13,19,122209,0.4155468923018499,Stres Sedang,0.43941396003803956,Stres Sedang,Pokok Utama,109.23780694360929,-0.4302424080140604,110,109.23782115,-0.43025558,14.4,0.49,0.49,Healthy,Good
AME II,D003A,D03,2009,13,22,122079,0.3629785269328387,Stres Berat,0.37567882011497933,Stres Berat,Pokok Utama,109.23802034204708,-0.43022884068888445,485,109.23803764,-0.43020319,10.88,0.532,0.532,Healthy,Good
AME II,D003A,D03,2009,13,23,122060,0.3961389156781301,Stres Berat,0.44381168880024735,Stres Sedang,Pokok Utama,109.23810427010234,-0.43022584798067537,952,109.23809109,-0.43020591,8.38,0.481,0.481,Healthy,Good
AME II,D003A,D03,2009,14,1,122292,0.4312649809225154,Stres Sedang,0.4829456755916039,Stres Sedang,Pokok Utama,109.2360424454384,-0.43015552742984137,311,109.2360354,-0.43018147,12.04,0.521,0.521,Healthy,Good
AME II,D003A,D03,2009,14,2,122304,0.40097855925074355,Stres Sedang,0.4593730483032913,Stres Sedang,Pokok Utama,109.23624988745152,-0.4301957808619575,452,109.23625816,-0.43021453,11.06,0.441,0.441,Healthy,Moderate
AME II,D003A,D03,2009,14,3,122311,0.42055244311131235,Stres Sedang,0.4434963946028345,Stres Sedang,Pokok Utama,109.23640471202515,-0.4301904806254149,1323,109.23638213,-0.43020777,7.01,0.42,0.42,Healthy,Sub-Optimal
AME II,D003A,D03,2009,14,5,122359,0.37951880331544535,Stres Berat,0.4384609983647038,Stres Sedang,Pokok Utama,109.23656096096079,-0.4301943512178884,348,109.23653035,-0.43018927,11.76,0.412,0.412,Healthy,Sub-Optimal
AME II,D003A,D03,2009,14,7,122324,0.4128801733959187,Stres Sedang,0.40499038350070665,Stres Sedang,Pokok Utama,109.23679604917189,-0.4301836031586453,527,109.23679892,-0.43021782,10.64,0.442,0.442,Healthy,Moderate
AME II,D003A,D03,2009,14,8,122333,0.42384220682819695,Stres Sedang,0.41964867021670543,Stres Sedang,Pokok Utama,109.23687530413231,-0.43015422281599747,658,109.23690763,-0.43016449,9.96,0.49,0.49,Healthy,Good
AME II,D003A,D03,2009,14,9,122330,0.37015556349085643,Stres Berat,0.41364237694734574,Stres Sedang,Pokok Utama,109.23696975234812,-0.4301879498485677,755,109.23700194,-0.43019616,9.41,0.438,0.438,Healthy,Moderate
AME II,D003A,D03,2009,14,13,122452,0.4359170702525548,Stres Sedang,0.4581265532129162,Stres Sedang,Pokok Utama,109.23736122580031,-0.4301708592182597,133,109.23737023,-0.43019851,14.03,0.473,0.473,Healthy,Good
AME II,D003A,D03,2009,14,15,122213,0.38772037822158806,Stres Berat,0.41982145178783403,Stres Sedang,Pokok Utama,109.23760314976563,-0.4301805345241886,267,109.23761007,-0.43020354,12.33,0.499,0.499,Healthy,Good
AME II,D003A,D03,2009,14,17,122210,0.41276722044449515,Stres Sedang,0.44541925015729933,Stres Sedang,Pokok Utama,109.23775288183897,-0.430176576860533,463,109.23772325,-0.4301805,11.0,0.484,0.484,Healthy,Good
AME II,D003A,D03,2009,14,19,122085,0.3359339459537651,Stres Berat,0.3655794422643689,Stres Berat,Pokok Utama,109.23793141596212,-0.4301811453026556,342,109.23790425,-0.43019275,11.8,0.46,0.46,Healthy,Good
AME II,D003A,D03,2009,14,20,122080,0.40653197099457233,Stres Sedang,0.430009057049853,Stres Sedang,Pokok Utama,109.23800985753633,-0.4301382563037779,318,109.23800037,-0.43017017,11.94,0.401,0.401,Healthy,Sub-Optimal
AME II,D003A,D03,2009,15,3,122296,0.3855144353066617,Stres Berat,0.43577150739013004,Stres Sedang,Pokok Utama,109.2361087655864,-0.43008170773137466,1791,109.23607765,-0.43006889,5.61,0.502,0.502,Healthy,Good
AME II,D003A,D03,2009,15,6,122312,0.43130929948976005,Stres Sedang,0.45005850397367714,Stres Sedang,Pokok Utama,109.23641565829101,-0.4301321034079868,926,109.23641808,-0.43013363,8.52,0.401,0.401,Healthy,Sub-Optimal
AME II,D003A,D03,2009,15,7,122358,0.38393983353909056,Stres Berat,0.4585913354760541,Stres Sedang,Pokok Utama,109.23653878043206,-0.43009050082000905,302,109.2365353,-0.43011241,12.11,0.461,0.461,Healthy,Good
AME II,D003A,D03,2009,15,8,122321,0.38232663772406866,Stres Berat,0.4055982640009187,Stres Sedang,Pokok Utama,109.23668795941157,-0.4301242405811504,742,109.23669924,-0.43010837,9.47,0.483,0.483,Healthy,Good
AME II,D003A,D03,2009,15,10,122336,0.3979884666478702,Stres Berat,0.4237220418574895,Stres Sedang,Pokok Utama,109.23716677203022,-0.43008640844897955,486,109.23716409,-0.43011074,10.88,0.459,0.459,Healthy,Moderate
AME II,D003A,D03,2009,15,13,122218,0.3948618209890193,Stres Berat,0.40213071168166886,Stres Sedang,Pokok Utama,109.23757446367831,-0.43006992472420325,474,109.23758988,-0.43009276,10.97,0.478,0.478,Healthy,Good
AME II,D003A,D03,2009,15,14,122203,0.409839750041,Stres Sedang,0.43443543635400395,Stres Sedang,Pokok Utama,109.23765812362818,-0.4300686682082574,161,109.23764019,-0.4300679,13.55,0.495,0.495,Healthy,Good
AME II,D003A,D03,2009,15,16,122207,0.39383015637971475,Stres Berat,0.395603977933808,Stres Berat,Pokok Utama,109.23781403370816,-0.4300699804232781,1962,109.23781042,-0.43003629,5.18,0.511,0.511,Healthy,Good
AME II,D003A,D03,2009,15,17,122086,0.4229962964658182,Stres Sedang,0.4123848524718296,Stres Sedang,Pokok Utama,109.23791654760373,-0.4300721971830203,1280,109.23791776,-0.43006118,7.18,0.436,0.436,Healthy,Moderate
AME II,D003A,D03,2009,15,18,122081,0.4398036334069449,Stres Sedang,0.43362571461560956,Stres Sedang,Pokok Utama,109.23800099876571,-0.43008347896994664,2275,109.23798063,-0.43006934,4.47,0.472,0.472,Healthy,Good
AME II,D003A,D03,2009,15,19,122067,0.41490710297409367,Stres Sedang,0.4290863773543974,Stres Sedang,Pokok Utama,109.2381603304853,-0.43006872617525477,437,109.23813829,-0.43004676,11.14,0.494,0.494,Healthy,Good
AME II,D003A,D03,2009,15,20,122070,0.4102399026172285,Stres Sedang,0.42675952988569266,Stres Sedang,Pokok Utama,109.23824452737601,-0.4300842373144672,353,109.23825145,-0.43010828,11.72,0.504,0.504,Healthy,Good
AME II,D003A,D03,2009,16,2,121833,0.4206743143393503,Stres Sedang,0.4661818904431241,Stres Sedang,Pokok Utama,109.23607687206444,-0.430001299962755,2296,109.23606868,-0.43001237,4.44,0.519,0.519,Healthy,Good
AME II,D003A,D03,2009,16,7,122315,0.4236133986256594,Stres Sedang,0.4940112753646863,Stres Sedang,Pokok Utama,109.23654213212389,-0.429983789733942,429,109.23652635,-0.43000208,11.2,0.406,0.406,Healthy,Sub-Optimal
AME II,D003A,D03,2009,16,9,122322,0.41136610707349675,Stres Sedang,0.4262618603185379,Stres Sedang,Pokok Utama,109.23672709844729,-0.43002054460675937,1988,109.236759,-0.43001705,5.11,0.582,0.582,Healthy,Good
AME II,D003A,D03,2009,16,13,122284,0.3850139036065056,Stres Berat,0.4441950220812623,Stres Sedang,Pokok Utama,109.2370550910213,-0.4300189208061633,3099,109.23704375,-0.43000536,2.94,0.436,0.436,Abnormal,Moderate
AME II,D003A,D03,2009,16,17,122196,0.44187725777535336,Stres Sedang,0.47460569366991806,Stres Sedang,Pokok Utama,109.23764830967649,-0.43002703466421766,217,109.23766265,-0.43003806,12.81,0.567,0.567,Healthy,Good
AME II,D003A,D03,2009,16,18,122204,0.3978743205535292,Stres Berat,0.4713675862956684,Stres Sedang,Pokok Utama,109.23769109203647,-0.4300176335590524,688,109.23770264,-0.42999421,9.75,0.476,0.476,Healthy,Good
AME II,D003A,D03,2009,16,21,122082,0.41844972638225375,Stres Sedang,0.4182168379922559,Stres Sedang,Pokok Utama,109.2379352555435,-0.4300229135533736,1364,109.23797031,-0.43003045,6.87,0.47,0.47,Healthy,Good
AME II,D003A,D03,2009,16,23,122066,0.4135350653378618,Stres Sedang,0.4467442723015139,Stres Sedang,Pokok Utama,109.23814861623958,-0.4300211898107501,437,109.23813829,-0.43004676,11.14,0.494,0.494,Healthy,Good
AME II,D003A,D03,2009,16,24,122071,0.40141101391724254,Stres Sedang,0.45134534993697845,Stres Sedang,Pokok Utama,109.23819684468049,-0.43003988296002593,322,109.23821554,-0.43003051,11.92,0.463,0.463,Healthy,Good
AME II,D003A,D03,2009,17,1,121830,0.37573886137072143,Stres Berat,0.45811041943260883,Stres Sedang,Pokok Utama,109.2359670384134,-0.4299475527013136,979,109.23595955,-0.42995583,8.26,0.404,0.404,Healthy,Sub-Optimal
AME II,D003A,D03,2009,17,2,121825,0.3705428645257717,Stres Berat,0.45418602921012646,Stres Sedang,Pokok Utama,109.23601774308325,-0.42993599941459354,860,109.23604399,-0.42992736,8.86,0.408,0.408,Healthy,Sub-Optimal
AME II,D003A,D03,2009,17,3,121834,0.3780083425508965,Stres Berat,0.45126149722804815,Stres Sedang,Pokok Utama,109.23611409088927,-0.42996671555630844,1726,109.23613696,-0.42995723,5.79,0.477,0.477,Healthy,Good
AME II,D003A,D03,2009,17,5,122299,0.426883988644946,Stres Sedang,0.4607276888720566,Stres Sedang,Pokok Utama,109.2362316800677,-0.4299311397415977,2757,109.236247,-0.4299464,3.6,0.358,0.358,Abnormal,Critical
AME II,D003A,D03,2009,17,6,122300,0.4142387078841009,Stres Sedang,0.41997486841718007,Stres Sedang,Pokok Utama,109.23627569399365,-0.4299605785950496,2757,109.236247,-0.4299464,3.6,0.358,0.358,Abnormal,Critical
AME II,D003A,D03,2009,17,7,122309,0.4339482529297617,Stres Sedang,0.44813620593367504,Stres Sedang,Pokok Utama,109.23636898366861,-0.42995011765675023,233,109.2363723,-0.42996904,12.68,0.441,0.441,Healthy,Moderate
AME II,D003A,D03,2009,17,8,122310,0.41791663828008974,Stres Sedang,0.4354445859588783,Stres Sedang,Pokok Utama,109.23646725058572,-0.4299243661694645,1224,109.23650122,-0.4299139,7.39,0.425,0.425,Healthy,Sub-Optimal
AME II,D003A,D03,2009,17,11,122318,0.42912547922925454,Stres Sedang,0.44669156563807777,Stres Sedang,Pokok Utama,109.23668780499396,-0.4299281802532771,2898,109.23671545,-0.42992481,3.37,0.506,0.506,Abnormal,Good
AME II,D003A,D03,2009,17,12,122319,0.4289649474070124,Stres Sedang,0.4286419630766631,Stres Sedang,Pokok Utama,109.23674273605982,-0.4299283277680522,2898,109.23671545,-0.42992481,3.37,0.506,0.506,Abnormal,Good
AME II,D003A,D03,2009,17,13,122320,0.41107220989438187,Stres Sedang,0.4297837782768615,Stres Sedang,Pokok Utama,109.2368097576932,-0.42993312800281036,2508,109.23681021,-0.4299619,4.05,0.644,0.644,Healthy,Good
AME II,D003A,D03,2009,17,14,122327,0.3842801875886435,Stres Berat,0.4170774749257511,Stres Sedang,Pokok Utama,109.23693157288318,-0.4299658377204405,2128,109.23692923,-0.42997233,4.75,0.456,0.456,Healthy,Moderate
AME II,D003A,D03,2009,17,16,122283,0.39199267575867935,Stres Berat,0.46149178611146535,Stres Sedang,Pokok Utama,109.23713051833097,-0.42999006676637613,2321,109.23713627,-0.43001579,4.39,0.454,0.454,Healthy,Moderate
AME II,D003A,D03,2009,17,17,122282,0.41589953051450007,Stres Sedang,0.4536462718391562,Stres Sedang,Pokok Utama,109.23717742318873,-0.429963520195193,3164,109.2371794,-0.42994029,2.79,0.41,0.41,Healthy,Sub-Optimal
AME II,D003A,D03,2009,17,19,122185,0.4154531360645154,Stres Sedang,0.45587329449860947,Stres Sedang,Pokok Utama,109.23736897931728,-0.42998454087211035,451,109.23739633,-0.42997063,11.08,0.504,0.504,Healthy,Good
AME II,D003A,D03,2009,17,20,122062,0.36870954585289234,Stres Berat,0.43092131340908096,Stres Sedang,Pokok Utama,109.23752367524173,-0.429960899549086,1160,109.2375423,-0.4299666,7.64,0.459,0.459,Healthy,Moderate
AME II,D003A,D03,2009,17,21,122197,0.36202956067685144,Stres Berat,0.42084356361804837,Stres Sedang,Pokok Utama,109.23765231725866,-0.4299352545644341,549,109.23766267,-0.42996255,10.53,0.518,0.518,Healthy,Good
AME II,D003A,D03,2009,17,22,122205,0.3678191102318839,Stres Berat,0.42594201294914713,Stres Sedang,Pokok Utama,109.23774344611465,-0.4299467413660186,648,109.23773767,-0.42997026,10.0,0.477,0.477,Healthy,Good
AME II,D003A,D03,2009,17,24,122083,0.46154233576489145,Stres Sedang,0.44911719512086934,Stres Sedang,Pokok Utama,109.23790692589537,-0.42995607556672666,263,109.2379317,-0.42996081,12.36,0.573,0.573,Healthy,Good
AME II,D003A,D03,2009,17,25,122064,0.4092212161525549,Stres Sedang,0.4151743329508961,Stres Sedang,Pokok Utama,109.23797836747319,-0.42995912067133496,2437,109.23800087,-0.42995359,4.18,0.393,0.393,Healthy,Sub-Optimal
AME II,D003A,D03,2009,17,27,122072,0.40559649748179605,Stres Sedang,0.45202669707917364,Stres Sedang,Pokok Utama,109.23815370630432,-0.4299330235214527,2257,109.23815942,-0.42993644,4.49,0.464,0.464,Healthy,Good
AME II,D003A,D03,2009,17,28,122073,0.3778669138722446,Stres Berat,0.39626444202371197,Stres Berat,Pokok Utama,109.23824080629751,-0.42992551817203384,2240,109.23821646,-0.42992877,4.53,0.424,0.424,Healthy,Sub-Optimal
AME II,D003A,D03,2009,18,1,121835,0.4066735551580057,Stres Sedang,0.4973026305911562,Stres Sedang,Pokok Utama,109.23612395177254,-0.4298507812512445,601,109.23613294,-0.42982972,10.33,0.55,0.55,Healthy,Good
AME II,D003A,D03,2009,18,2,122276,0.42617423001063004,Stres Sedang,0.4408897898990711,Stres Sedang,Pokok Utama,109.2364026438923,-0.4298827081528647,301,109.23640241,-0.42989806,12.11,0.419,0.419,Healthy,Sub-Optimal
AME II,D003A,D03,2009,18,3,122265,0.4018879563841226,Stres Sedang,0.44658136704607987,Stres Sedang,Pokok Utama,109.23648630378719,-0.4298814516421833,1224,109.23650122,-0.4299139,7.39,0.425,0.425,Healthy,Sub-Optimal
AME II,D003A,D03,2009,18,4,122263,0.3701197618604967,Stres Berat,0.45317559435570554,Stres Sedang,Pokok Utama,109.23657503265103,-0.4298840251134802,2132,109.23657264,-0.42985378,4.75,0.461,0.461,Healthy,Good
AME II,D003A,D03,2009,18,6,122261,0.40763836595345554,Stres Sedang,0.4583330245939298,Stres Sedang,Pokok Utama,109.23671652658327,-0.4298722541927532,2782,109.23671816,-0.42984206,3.57,0.536,0.536,Healthy,Good
AME II,D003A,D03,2009,18,9,122147,0.3931599237817054,Stres Berat,0.4165965767728921,Stres Sedang,Pokok Utama,109.2369566336604,-0.4298762337747467,1300,109.23694901,-0.42990497,7.11,0.516,0.516,Healthy,Good
AME II,D003A,D03,2009,18,11,122253,0.39330548796719794,Stres Berat,0.4179010083086865,Stres Sedang,Pokok Utama,109.23711565835782,-0.42984067569540896,3308,109.23713497,-0.42982679,2.21,0.384,0.384,Healthy,Critical
AME II,D003A,D03,2009,18,12,122277,0.4086326949049151,Stres Sedang,0.44234948802237534,Stres Sedang,Pokok Utama,109.23723557418788,-0.42987136566432727,3410,109.23724724,-0.42986253,1.63,0.495,0.495,Healthy,Good
AME II,D003A,D03,2009,18,14,122186,0.43642217435355296,Stres Sedang,0.48196444350953294,Stres Sedang,Pokok Utama,109.23735901853998,-0.42989377758969954,1075,109.2373703,-0.42986708,7.92,0.507,0.507,Healthy,Good
AME II,D003A,D03,2009,18,15,122199,0.3738403377805169,Stres Berat,0.4322980103532819,Stres Sedang,Pokok Utama,109.2376155681472,-0.4298878471354652,743,109.23763349,-0.42991145,9.47,0.491,0.491,Healthy,Good
AME II,D003A,D03,2009,18,16,122198,0.3713179661600145,Stres Berat,0.44815621367453673,Stres Sedang,Pokok Utama,109.23768195813459,-0.4298856533596381,643,109.23771658,-0.42988389,10.01,0.502,0.502,Healthy,Good
AME II,D003A,D03,2009,18,17,122089,0.41165176980092033,Stres Sedang,0.4461648096061813,Stres Sedang,Pokok Utama,109.23778574844272,-0.4298487910769988,1578,109.23780821,-0.42987035,6.19,0.507,0.507,Healthy,Good
AME II,D003A,D03,2009,18,18,122057,0.40328173279827073,Stres Sedang,0.43551115014498754,Stres Sedang,Pokok Utama,109.23802544356059,-0.4298832047536773,1340,109.23806017,-0.42988714,6.95,0.434,0.434,Healthy,Moderate
AME II,D003A,D03,2009,18,20,122040,0.3947873077405222,Stres Berat,0.43433920683676225,Stres Sedang,Pokok Utama,109.23817413758452,-0.42988566282634666,2619,109.23819042,-0.42989847,3.86,0.503,0.503,Abnormal,Good
AME II,D003A,D03,2009,19,1,121827,0.3570477302156802,Stres Berat,0.4493820099160075,Stres Sedang,Pokok Utama,109.23603427309891,-0.4298184606311297,464,109.23605929,-0.42983106,11.0,0.526,0.526,Healthy,Good
AME II,D003A,D03,2009,19,2,121836,0.4224038602457231,Stres Sedang,0.5038935499608894,Stres Ringan,Pokok Utama,109.23611223371891,-0.42981992745024433,601,109.23613294,-0.42982972,10.33,0.55,0.55,Healthy,Good
AME II,D003A,D03,2009,19,3,122271,0.38763554125083804,Stres Berat,0.4749085191312853,Stres Sedang,Pokok Utama,109.23618679930092,-0.429831290131271,1416,109.23621334,-0.4298225,6.72,0.399,0.399,Healthy,Sub-Optimal
AME II,D003A,D03,2009,19,5,122274,0.450606575739306,Stres Sedang,0.4474013486132473,Stres Sedang,Pokok Utama,109.23635886555385,-0.4297895641721535,552,109.23634181,-0.42976601,10.52,0.49,0.49,Healthy,Good
AME II,D003A,D03,2009,19,6,122266,0.38150784780121627,Stres Berat,0.4533980793874854,Stres Sedang,Pokok Utama,109.2364653494826,-0.42980066569558445,1541,109.23647474,-0.42981985,6.29,0.47,0.47,Healthy,Good
AME II,D003A,D03,2009,19,7,122264,0.37724274481166115,Stres Berat,0.4448386419019839,Stres Sedang,Pokok Utama,109.23655476406931,-0.4298291493129527,2132,109.23657264,-0.42985378,4.75,0.461,0.461,Healthy,Good
AME II,D003A,D03,2009,19,8,122241,0.39448019447421273,Stres Berat,0.4563684404110994,Stres Sedang,Pokok Utama,109.2366141673233,-0.4297914520244937,2444,109.23659242,-0.42976381,4.16,0.415,0.415,Healthy,Sub-Optimal
AME II,D003A,D03,2009,19,11,122247,0.43007415371687235,Stres Sedang,0.4644606987527802,Stres Sedang,Pokok Utama,109.2367885909617,-0.42978764568317274,3583,109.2367905,-0.42975165,0.71,0.533,0.533,Abnormal,Good
AME II,D003A,D03,2009,19,12,122259,0.4654706900289585,Stres Sedang,0.46825251452682554,Stres Sedang,Pokok Utama,109.2368608868645,-0.4298019440938789,3385,109.23685292,-0.42979688,1.79,0.497,0.497,Healthy,Good
AME II,D003A,D03,2009,19,13,122257,0.3988115213860094,Stres Berat,0.4590584914527592,Stres Sedang,Pokok Utama,109.2369500567187,-0.42981269162524194,2216,109.23696205,-0.42983624,4.57,0.652,0.652,Healthy,Good
AME II,D003A,D03,2009,19,16,122179,0.438204050599458,Stres Sedang,0.4870758551825928,Stres Sedang,Pokok Utama,109.23735413001847,-0.42979248762724837,3221,109.2373564,-0.42977755,2.62,0.551,0.551,Abnormal,Good
AME II,D003A,D03,2009,19,17,122187,0.4748946774429558,Stres Sedang,0.4986098691865847,Stres Sedang,Pokok Utama,109.23741303818205,-0.4298025146301443,1809,109.23740626,-0.42977259,5.56,0.607,0.607,Healthy,Good
AME II,D003A,D03,2009,19,18,122194,0.4062764782834713,Stres Sedang,0.4401764045379913,Stres Sedang,Pokok Utama,109.23748563626589,-0.42980751238511844,657,109.2375064,-0.42983366,9.96,0.536,0.536,Healthy,Good
AME II,D003A,D03,2009,19,19,122200,0.3949630510466902,Stres Berat,0.43730739214092823,Stres Sedang,Pokok Utama,109.23761845989613,-0.42980857505609404,1053,109.23761106,-0.42979344,7.99,0.503,0.503,Healthy,Good
AME II,D003A,D03,2009,19,20,122090,0.38399954312372103,Stres Berat,0.4502733237806402,Stres Sedang,Pokok Utama,109.23773488179968,-0.42978694773705106,1107,109.23773862,-0.42978216,7.8,0.445,0.445,Healthy,Moderate
AME II,D003A,D03,2009,19,21,122011,0.4211251648800964,Stres Sedang,0.4354610140708,Stres Sedang,Pokok Utama,109.23780924999373,-0.42980934915679136,1636,109.2378208,-0.42982514,6.04,0.501,0.501,Healthy,Good
AME II,D003A,D03,2009,19,23,122056,0.4283035132144324,Stres Sedang,0.4357966509773038,Stres Sedang,Pokok Utama,109.23796445186593,-0.42983581700606793,80,109.23795419,-0.42982788,15.03,0.478,0.478,Healthy,Good
AME II,D003A,D03,2009,19,24,122048,0.3908701173589038,Stres Berat,0.43169030254121593,Stres Sedang,Pokok Utama,109.2380519216389,-0.4298021810804057,1283,109.23806064,-0.42980982,7.17,0.444,0.444,Healthy,Moderate
AME II,D003A,D03,2009,19,25,122041,0.41353113631056965,Stres Sedang,0.48151558605409966,Stres Sedang,Pokok Utama,109.23814662692034,-0.4298315856060199,1059,109.23817382,-0.42982884,7.97,0.51,0.51,Healthy,Good
AME II,D003A,D03,2009,19,26,122032,0.37720041694314493,Stres Berat,0.42505265445527535,Stres Sedang,Pokok Utama,109.23821290161601,-0.429807322346142,355,109.23824389,-0.42980986,11.7,0.459,0.459,Healthy,Moderate
AME II,D003A,D03,2009,20,4,122275,0.4543577652301005,Stres Sedang,0.46104072665430096,Stres Sedang,Pokok Utama,109.23635489463997,-0.4297449966596446,552,109.23634181,-0.42976601,10.52,0.49,0.49,Healthy,Good
AME II,D003A,D03,2009,20,5,122238,0.3614053403688539,Stres Berat,0.43205619996651673,Stres Sedang,Pokok Utama,109.23656465021317,-0.42975967699085915,2444,109.23659242,-0.42976381,4.16,0.415,0.415,Healthy,Sub-Optimal
AME II,D003A,D03,2009,20,10,122251,0.3953811498778725,Stres Berat,0.43292406128892236,Stres Sedang,Pokok Utama,109.23704374857623,-0.4297329188960218,3013,109.23706223,-0.4297386,3.14,0.537,0.537,Healthy,Good
AME II,D003A,D03,2009,20,11,122252,0.39262192333013396,Stres Berat,0.44273840048164803,Stres Sedang,Pokok Utama,109.2371125189378,-0.42971124162981333,3017,109.23710086,-0.4297047,3.14,0.52,0.52,Healthy,Good
AME II,D003A,D03,2009,20,13,122278,0.4176109160836978,Stres Sedang,0.4554311049514824,Stres Sedang,Pokok Utama,109.23727666359159,-0.4297588269556126,3513,109.23724682,-0.42974678,1.15,0.527,0.527,Healthy,Good
AME II,D003A,D03,2009,20,14,122180,0.45712195337223727,Stres Sedang,0.4877302228311608,Stres Sedang,Pokok Utama,109.23738165282103,-0.4297583015382331,1809,109.23740626,-0.42977259,5.56,0.607,0.607,Healthy,Good
AME II,D003A,D03,2009,20,15,122188,0.410390895632667,Stres Sedang,0.4503183093759129,Stres Sedang,Pokok Utama,109.23744618556816,-0.4297387104056814,932,109.23746061,-0.42974321,8.49,0.567,0.567,Healthy,Good
AME II,D003A,D03,2009,20,16,122195,0.34292386726516744,Stres Berat,0.4145045085085763,Stres Sedang,Pokok Utama,109.23754627904144,-0.429731149297435,1875,109.23753876,-0.42975906,5.39,0.535,0.535,Healthy,Good
AME II,D003A,D03,2009,20,19,122012,0.4265270837551232,Stres Sedang,0.4676317017125696,Stres Sedang,Pokok Utama,109.23776658054409,-0.42971805285784803,230,109.23779028,-0.42969898,12.7,0.56,0.56,Healthy,Good
AME II,D003A,D03,2009,20,21,122055,0.4398181034899924,Stres Sedang,0.4369342296689122,Stres Sedang,Pokok Utama,109.2379000528633,-0.42974211654373157,1071,109.23791513,-0.42975327,7.92,0.501,0.501,Healthy,Good
AME II,D003A,D03,2009,20,22,122049,0.39468629059988575,Stres Berat,0.4216934271659451,Stres Sedang,Pokok Utama,109.23803022948103,-0.4297385322934208,513,109.23800317,-0.42971486,10.69,0.456,0.456,Healthy,Moderate
AME II,D003A,D03,2009,20,23,122042,0.37590274895790027,Stres Berat,0.42691621490059745,Stres Sedang,Pokok Utama,109.23810910600135,-0.4297692724077879,1624,109.23809433,-0.42979039,6.08,0.557,0.557,Healthy,Good
AME II,D003A,D03,2009,21,9,122237,0.39803781280444206,Stres Berat,0.4243086876183918,Stres Sedang,Pokok Utama,109.23649494033154,-0.4296949671978937,2115,109.23649857,-0.42969778,4.8,0.499,0.499,Healthy,Good
AME II,D003A,D03,2009,21,10,122245,0.4180761449562186,Stres Sedang,0.4438587463922329,Stres Sedang,Pokok Utama,109.2367674920449,-0.42970677287888304,3559,109.23675592,-0.42973356,0.88,0.468,0.468,Abnormal,Good
AME II,D003A,D03,2009,21,11,122246,0.4010812738720913,Stres Sedang,0.42665437984172827,Stres Sedang,Pokok Utama,109.23683709914167,-0.4296674447865786,3329,109.23682599,-0.42969288,2.12,0.454,0.454,Healthy,Moderate
AME II,D003A,D03,2009,21,12,122249,0.42064435626261265,Stres Sedang,0.4601619079377518,Stres Sedang,Pokok Utama,109.236932529023,-0.4296939737964664,3394,109.23696118,-0.42970964,1.73,0.406,0.406,Healthy,Sub-Optimal
AME II,D003A,D03,2009,21,13,122250,0.4179659072220455,Stres Sedang,0.4652278446908046,Stres Sedang,Pokok Utama,109.23698434023908,-0.4296948105582307,3394,109.23696118,-0.42970964,1.73,0.406,0.406,Healthy,Sub-Optimal
AME II,D003A,D03,2009,21,14,122221,0.37827391107731245,Stres Berat,0.41461572034938915,Stres Sedang,Pokok Utama,109.23715245766536,-0.42966914128483785,3016,109.23712108,-0.42967441,3.14,0.449,0.449,Healthy,Moderate
AME II,D003A,D03,2009,21,15,122279,0.43229943691583084,Stres Sedang,0.4506721532348395,Stres Sedang,Pokok Utama,109.23733100618303,-0.4296889860324838,514,109.2373654,-0.429693,10.69,0.503,0.503,Healthy,Good
AME II,D003A,D03,2009,21,16,122189,0.404215271576099,Stres Sedang,0.43270554387487065,Stres Sedang,Pokok Utama,109.23748672604438,-0.42966569488794226,678,109.23748353,-0.42967042,9.85,0.473,0.473,Healthy,Good
AME II,D003A,D03,2009,21,17,122193,0.3885674494287772,Stres Berat,0.42532341381541094,Stres Sedang,Pokok Utama,109.2375555468345,-0.42965136958094324,283,109.23754148,-0.42962929,12.22,0.534,0.534,Healthy,Good
AME II,D003A,D03,2009,21,19,122013,0.4205582280697622,Stres Sedang,0.4685895021949977,Stres Sedang,Pokok Utama,109.23772717961621,-0.4296907220858623,615,109.23771887,-0.42969083,10.21,0.564,0.564,Healthy,Good
AME II,D003A,D03,2009,21,20,122021,0.37408675371660877,Stres Berat,0.41827379869390585,Stres Sedang,Pokok Utama,109.23781554935472,-0.4296770704984757,230,109.23779028,-0.42969898,12.7,0.56,0.56,Healthy,Good
AME II,D003A,D03,2009,21,23,122043,0.4157878574596007,Stres Sedang,0.45361065401110484,Stres Sedang,Pokok Utama,109.23804836256471,-0.4296694425391148,1310,109.2380517,-0.429638,7.08,0.505,0.505,Healthy,Good
AME II,D003A,D03,2009,21,25,122038,0.4072143561349863,Stres Sedang,0.4569111980663207,Stres Sedang,Pokok Utama,109.23824732184103,-0.429641680600903,25,109.23827177,-0.42963172,18.42,0.359,0.359,Suspect,Critical
AME II,D003A,D03,2009,22,11,122225,0.4212218321373929,Stres Sedang,0.4254532830651401,Stres Sedang,Pokok Utama,109.2368979538705,-0.4295833201711337,3346,109.23687093,-0.42958347,2.02,0.408,0.408,Healthy,Sub-Optimal
AME II,D003A,D03,2009,22,12,18617,0.35280563839513235,Stres Berat,0.3900899418647616,Stres Berat,Pokok Utama,109.23696270012529,-0.4296079746687569,2567,109.2369621,-0.42960158,3.95,0.452,0.452,Healthy,Moderate
AME II,D003A,D03,2009,22,15,122182,0.42314379471801716,Stres Sedang,0.4638071665459109,Stres Sedang,Pokok Utama,109.23740750041638,-0.42959841013105193,357,109.237431,-0.42960033,11.69,0.594,0.594,Healthy,Good
AME II,D003A,D03,2009,22,16,122192,0.4267089065484565,Stres Sedang,0.4625063995240188,Stres Sedang,Pokok Utama,109.23745496929725,-0.4296036109344959,376,109.23747456,-0.429613,11.55,0.545,0.545,Healthy,Good
AME II,D003A,D03,2009,22,18,122014,0.3813625564727928,Stres Berat,0.4382662294467242,Stres Sedang,Pokok Utama,109.2376691879228,-0.4296012453036835,56,109.23770048,-0.4296031,16.3,0.56,0.56,Healthy,Good
AME II,D003A,D03,2009,22,22,122046,0.3680210857895455,Stres Berat,0.42217784163901023,Stres Sedang,Pokok Utama,109.23809671726858,-0.4295800718235938,623,109.23810965,-0.42955346,10.15,0.478,0.478,Healthy,Good
AME II,D003A,D03,2009,23,14,122150,0.38753487981576623,Stres Berat,0.4324534465332289,Stres Sedang,Pokok Utama,109.2371694789043,-0.42951679422910166,746,109.23719162,-0.42953652,9.46,0.516,0.516,Healthy,Good
AME II,D003A,D03,2009,23,16,122191,0.39526094904412395,Stres Berat,0.421360629736179,Stres Sedang,Pokok Utama,109.2374788221141,-0.42952867170909376,265,109.23749614,-0.42953252,12.33,0.457,0.457,Healthy,Moderate
AME II,D003A,D03,2009,23,18,122023,0.37716417806273705,Stres Berat,0.39610579024020937,Stres Berat,Pokok Utama,109.23781456467103,-0.42953672107761237,1188,109.23781727,-0.4295231,7.54,0.439,0.439,Healthy,Moderate
AME II,D003A,D03,2009,23,19,122052,0.40991906277659274,Stres Sedang,0.3813760387743419,Stres Berat,Pokok Utama,109.23789087187446,-0.42952934433249235,792,109.237855,-0.42952808,9.21,0.423,0.423,Healthy,Sub-Optimal
AME II,D003A,D03,2009,23,20,122051,0.45236884574765607,Stres Sedang,0.45041040732654897,Stres Sedang,Pokok Utama,109.23790872361907,-0.4296413623341517,36,109.23793941,-0.42965018,17.19,0.447,0.447,Healthy,Moderate
AME II,D003A,D03,2009,23,21,122045,0.38231161356750587,Stres Berat,0.3920546558627201,Stres Berat,Pokok Utama,109.23804893843511,-0.4295514839375271,455,109.23805306,-0.42956204,11.05,0.451,0.451,Healthy,Moderate
AME II,D003A,D03,2009,23,22,122036,0.3794846276447606,Stres Berat,0.4185035058417478,Stres Sedang,Pokok Utama,109.23815643978737,-0.4295251901387505,953,109.2381694,-0.42952589,8.37,0.515,0.515,Healthy,Good
AME II,D003A,D03,2009,23,23,122037,0.40696879280837317,Stres Sedang,0.4393444751890806,Stres Sedang,Pokok Utama,109.23822817842765,-0.4295176576925121,642,109.23820264,-0.42950917,10.04,0.551,0.551,Healthy,Good
AME II,D003A,D03,2009,24,8,122133,0.4082656085312869,Stres Sedang,0.4209178981391634,Stres Sedang,Pokok Utama,109.23672216666371,-0.4294616799660667,3431,109.23674251,-0.42945458,1.49,0.483,0.483,Healthy,Good
AME II,D003A,D03,2009,24,9,122134,0.43169602545401864,Stres Sedang,0.42175116492077136,Stres Sedang,Pokok Utama,109.23682489862551,-0.42945669310505585,3582,109.23680315,-0.42943289,0.71,0.446,0.446,Abnormal,Moderate
AME II,D003A,D03,2009,24,11,122142,0.35973002439458884,Stres Berat,0.41151549475380383,Stres Sedang,Pokok Utama,109.2370399739066,-0.429447441432036,789,109.23703669,-0.42944922,9.23,0.535,0.535,Healthy,Good
AME II,D003A,D03,2009,24,12,122151,0.4049322882737071,Stres Sedang,0.4349633312673497,Stres Sedang,Pokok Utama,109.23716019928077,-0.42945615967431233,557,109.23717728,-0.42943433,10.5,0.472,0.472,Healthy,Good
AME II,D003A,D03,2009,24,13,122156,0.4014875775465439,Stres Sedang,0.43996925575530627,Stres Sedang,Pokok Utama,109.23722914843599,-0.42944215180404904,264,109.23724285,-0.42944565,12.35,0.575,0.575,Healthy,Good
AME II,D003A,D03,2009,24,15,122171,0.4420741896942598,Stres Sedang,0.45386207247775295,Stres Sedang,Pokok Utama,109.23745940657591,-0.42944761208021437,534,109.23749077,-0.42944978,10.61,0.497,0.497,Healthy,Good
AME II,D003A,D03,2009,24,16,122172,0.3912595196690925,Stres Berat,0.44176990662527243,Stres Sedang,Pokok Utama,109.23750693760982,-0.429459906223232,534,109.23749077,-0.42944978,10.61,0.497,0.497,Healthy,Good
AME II,D003A,D03,2009,24,17,122016,0.3900123409604364,Stres Berat,0.44239659337702103,Stres Sedang,Pokok Utama,109.23768878278304,-0.4294485343681137,1434,109.2376565,-0.4294358,6.65,0.448,0.448,Healthy,Moderate
AME II,D003A,D03,2009,24,18,122024,0.4141102833708885,Stres Sedang,0.4602063125633734,Stres Sedang,Pokok Utama,109.23778334783242,-0.4294390864907918,1140,109.23780966,-0.42944533,7.69,0.484,0.484,Healthy,Good
AME II,D003A,D03,2009,24,20,122026,0.4148038858243453,Stres Sedang,0.4193114263829417,Stres Sedang,Pokok Utama,109.23793706045409,-0.4294573221186554,490,109.23796011,-0.42946209,10.86,0.525,0.525,Healthy,Good
AME II,D003A,D03,2009,24,22,122029,0.41291001399390526,Stres Sedang,0.4617697767372538,Stres Sedang,Pokok Utama,109.23810530189972,-0.4294434946304357,215,109.2380998,-0.42942505,12.84,0.507,0.507,Healthy,Good
AME II,D003A,D03,2009,24,23,122030,0.4025367430204009,Stres Sedang,0.4337991691486665,Stres Sedang,Pokok Utama,109.23818418486691,-0.4294500302315234,122,109.23818962,-0.42944632,14.21,0.592,0.592,Healthy,Good
AME II,D003A,D03,2009,24,24,122031,0.39458142627406073,Stres Berat,0.4323396448718622,Stres Sedang,Pokok Utama,109.23826334149324,-0.429461874139018,65,109.2382745,-0.42948342,15.81,0.477,0.477,Healthy,Good
AME II,D003A,D03,2009,25,11,122125,0.3437875158248858,Stres Berat,0.3667675949192219,Stres Berat,Pokok Utama,109.23667203153632,-0.4293867905048008,3404,109.2366473,-0.4294003,1.66,0.502,0.502,Healthy,Good
AME II,D003A,D03,2009,25,12,122132,0.40995383235474925,Stres Sedang,0.4272630558385012,Stres Sedang,Pokok Utama,109.23672851773534,-0.429405534382209,3240,109.23674387,-0.42937952,2.53,0.488,0.488,Healthy,Good
AME II,D003A,D03,2009,25,16,122152,0.3901636115193237,Stres Berat,0.42735106489953156,Stres Sedang,Pokok Utama,109.23717223040468,-0.42941054325441275,557,109.23717728,-0.42943433,10.5,0.472,0.472,Healthy,Good
AME II,D003A,D03,2009,25,17,122157,0.40365291387045243,Stres Sedang,0.4483871151722847,Stres Sedang,Pokok Utama,109.23724265275563,-0.42939248174799594,704,109.23721636,-0.42939274,9.7,0.464,0.464,Healthy,Good
AME II,D003A,D03,2009,25,19,122170,0.43807755290311023,Stres Sedang,0.4360843222491061,Stres Sedang,Pokok Utama,109.2374155405411,-0.4293684458066677,881,109.23741219,-0.42935028,8.75,0.504,0.504,Healthy,Good
AME II,D003A,D03,2009,25,22,122005,0.3932160893644698,Stres Berat,0.4446374238647807,Stres Sedang,Pokok Utama,109.23775880803576,-0.42936807695679646,1341,109.23776924,-0.42939649,6.94,0.458,0.458,Healthy,Moderate
AME II,D003A,D03,2009,25,24,122008,0.43939180600014033,Stres Sedang,0.4547098227060185,Stres Sedang,Pokok Utama,109.23785349533333,-0.42936219747097937,61,109.2378784,-0.4293409,16.1,0.491,0.491,Healthy,Good
AME II,D003A,D03,2009,25,28,121938,0.4191780673653528,Stres Sedang,0.46819292529185014,Stres Sedang,Pokok Utama,109.23819556438202,-0.42940599435047305,368,109.23817436,-0.42941195,11.61,0.412,0.412,Healthy,Sub-Optimal
AME II,D003A,D03,2009,26,7,122110,0.4312020328289988,Stres Sedang,0.47378189322396275,Stres Sedang,Pokok Utama,109.23647379749437,-0.4293315704349077,3505,109.23647935,-0.4293148,1.17,0.522,0.522,Healthy,Good
AME II,D003A,D03,2009,26,12,122137,0.42236470261142606,Stres Sedang,0.4271891931603263,Stres Sedang,Pokok Utama,109.23690772628335,-0.4293162836419667,3565,109.23690603,-0.42929727,0.86,0.529,0.529,Abnormal,Good
AME II,D003A,D03,2009,26,14,122158,0.40905400401570524,Stres Sedang,0.42202648811790716,Stres Sedang,Pokok Utama,109.23721917677355,-0.4293282221747553,345,109.23722267,-0.42930322,11.79,0.474,0.474,Healthy,Good
AME II,D003A,D03,2009,26,15,122202,0.40992387364905764,Stres Sedang,0.45057164054262133,Stres Sedang,Pokok Utama,109.23726856446208,-0.429325121040118,737,109.23729003,-0.42933805,9.51,0.487,0.487,Healthy,Good
AME II,D003A,D03,2009,26,16,122165,0.4404799027359311,Stres Sedang,0.46471291826114997,Stres Sedang,Pokok Utama,109.23735597470045,-0.42930414077462403,778,109.23732866,-0.42932404,9.29,0.485,0.485,Healthy,Good
AME II,D003A,D03,2009,26,17,122169,0.4075153706123053,Stres Sedang,0.4343581928743316,Stres Sedang,Pokok Utama,109.23746383625884,-0.4293207986009374,1054,109.23749933,-0.42932092,7.99,0.418,0.418,Healthy,Sub-Optimal
AME II,D003A,D03,2009,26,19,122002,0.39718159358364846,Stres Berat,0.4422441033085938,Stres Sedang,Pokok Utama,109.23762456101636,-0.42931831381403396,754,109.23759544,-0.42933857,9.42,0.443,0.443,Healthy,Moderate
AME II,D003A,D03,2009,26,20,122003,0.4014067173490058,Stres Sedang,0.44320589237802566,Stres Sedang,Pokok Utama,109.23769808738477,-0.42933348694865575,337,109.23767854,-0.42932593,11.83,0.44,0.44,Healthy,Moderate
AME II,D003A,D03,2009,26,22,122007,0.4284550586732522,Stres Sedang,0.4390977963814159,Stres Sedang,Pokok Utama,109.23783000266408,-0.42932760072876935,78,109.23782047,-0.42930516,15.06,0.426,0.426,Healthy,Sub-Optimal
AME II,D003A,D03,2009,26,23,122009,0.4224653024567297,Stres Sedang,0.4388276031344208,Stres Sedang,Pokok Utama,109.23795344083578,-0.4293104847470321,889,109.23797632,-0.42929932,8.72,0.355,0.355,Suspect,Critical
AME II,D003A,D03,2009,26,26,121940,0.31897286224002225,Stres Berat,0.3778118475770148,Stres Berat,Pokok Utama,109.23815222365137,-0.4293196733484519,589,109.23813306,-0.42932468,10.37,0.439,0.439,Healthy,Moderate
AME II,D003A,D03,2009,27,9,122111,0.37907438462569226,Stres Berat,0.45282209125120054,Stres Sedang,Pokok Utama,109.23654158486978,-0.42926001900964283,3396,109.23655572,-0.42923795,1.72,0.532,0.532,Healthy,Good
AME II,D003A,D03,2009,27,14,122145,0.36644060049691923,Stres Berat,0.4008224543112402,Stres Sedang,Pokok Utama,109.23697509581042,-0.429245444686664,289,109.23699228,-0.42923398,12.19,0.55,0.55,Healthy,Good
AME II,D003A,D03,2009,27,16,122153,0.3807032307931549,Stres Berat,0.4146581060902831,Stres Sedang,Pokok Utama,109.23709677317156,-0.4292799267549306,894,109.23708748,-0.42930454,8.68,0.465,0.465,Healthy,Good
AME II,D003A,D03,2009,27,17,122159,0.4118361209516167,Stres Sedang,0.44032268044250383,Stres Sedang,Pokok Utama,109.23722600690968,-0.4292825683731462,345,109.23722267,-0.42930322,11.79,0.474,0.474,Healthy,Good
AME II,D003A,D03,2009,27,18,122166,0.4327438131956283,Stres Sedang,0.44142440792959425,Stres Sedang,Pokok Utama,109.23741275016867,-0.4292522733607388,1692,109.23744635,-0.42925941,5.86,0.462,0.462,Healthy,Good
AME II,D003A,D03,2009,27,22,121988,0.4178454008165381,Stres Sedang,0.44652005721505234,Stres Sedang,Pokok Utama,109.23775015473709,-0.42919261359583927,503,109.23776929,-0.42919664,10.78,0.472,0.472,Healthy,Good
AME II,D003A,D03,2009,27,23,121985,0.4178735901066425,Stres Sedang,0.42897347660436447,Stres Sedang,Pokok Utama,109.23782360658895,-0.42919978636451844,1320,109.23784295,-0.42921022,7.03,0.397,0.397,Healthy,Sub-Optimal
AME II,D003A,D03,2009,27,24,121984,0.4561010109086182,Stres Sedang,0.4313385678368027,Stres Sedang,Pokok Utama,109.23789916141642,-0.4291907482313571,1258,109.23789236,-0.4291718,7.24,0.439,0.439,Healthy,Moderate
AME II,D003A,D03,2009,27,26,121953,0.3415397806750382,Stres Berat,0.3572560034441848,Stres Berat,Pokok Utama,109.23798942985796,-0.4292684087737654,889,109.23797632,-0.42929932,8.72,0.355,0.355,Suspect,Critical
AME II,D003A,D03,2009,27,27,121941,0.3940464728147439,Stres Berat,0.43525738594410296,Stres Sedang,Pokok Utama,109.23815373237255,-0.42922321740937763,236,109.23814746,-0.42922566,12.59,0.416,0.416,Healthy,Sub-Optimal
AME II,D003A,D03,2009,28,6,122103,0.42316889523908996,Stres Sedang,0.4485836940668982,Stres Sedang,Pokok Utama,109.23647608227525,-0.4291962000436116,3039,109.23648566,-0.42918504,3.1,0.446,0.446,Healthy,Moderate
AME II,D003A,D03,2009,28,7,122112,0.3764044860652691,Stres Berat,0.46029290869438017,Stres Sedang,Pokok Utama,109.23654762597188,-0.4291727681677092,3056,109.23653463,-0.4291552,3.07,0.535,0.535,Healthy,Good
AME II,D003A,D03,2009,28,8,122129,0.39434032809209135,Stres Berat,0.4330629002550193,Stres Sedang,Pokok Utama,109.23669117509428,-0.4291846803726048,1572,109.23668553,-0.4291679,6.2,0.458,0.458,Healthy,Moderate
AME II,D003A,D03,2009,28,9,122139,0.3778540801269056,Stres Berat,0.4066710984191843,Stres Sedang,Pokok Utama,109.23687434596974,-0.429150034861511,1687,109.23686429,-0.42915121,5.87,0.481,0.481,Healthy,Good
AME II,D003A,D03,2009,28,12,122160,0.41200596699280434,Stres Sedang,0.4392217614194659,Stres Sedang,Pokok Utama,109.2371804586261,-0.4291671727570994,995,109.23715398,-0.42915218,8.22,0.421,0.421,Healthy,Sub-Optimal
AME II,D003A,D03,2009,28,16,121997,0.40276875732092227,Stres Sedang,0.40591091527769924,Stres Sedang,Pokok Utama,109.237523649979,-0.42917742124932456,1237,109.23750206,-0.42915272,7.35,0.433,0.433,Healthy,Moderate
AME II,D003A,D03,2009,28,18,121986,0.42191116503320675,Stres Sedang,0.43799438130869894,Stres Sedang,Pokok Utama,109.23786454265178,-0.4291526429377849,1258,109.23789236,-0.4291718,7.24,0.439,0.439,Healthy,Moderate
AME II,D003A,D03,2009,28,19,121955,0.37188445310506923,Stres Berat,0.4221576241796472,Stres Sedang,Pokok Utama,109.23801800447123,-0.4291560027436794,1038,109.23799971,-0.42913655,8.05,0.492,0.492,Healthy,Good
AME II,D003A,D03,2009,28,20,121942,0.37161280203442526,Stres Berat,0.41988575086109486,Stres Sedang,Pokok Utama,109.23817534105241,-0.4291532476626288,91,109.23818025,-0.42918678,14.83,0.452,0.452,Healthy,Moderate
AME II,D003A,D03,2009,29,3,121813,0.39057219455263575,Stres Berat,0.430686583097716,Stres Sedang,Pokok Utama,109.23621897502848,-0.42910017247643806,3169,109.23623641,-0.42911354,2.75,0.472,0.472,Healthy,Good
AME II,D003A,D03,2009,29,4,121814,0.38069770112937645,Stres Berat,0.40579990009478756,Stres Sedang,Pokok Utama,109.23629159630728,-0.4291095614953513,2076,109.23630018,-0.42912486,4.89,0.479,0.479,Healthy,Good
AME II,D003A,D03,2009,29,5,121818,0.471143720543582,Stres Sedang,0.45074762171372434,Stres Sedang,Pokok Utama,109.23639831190629,-0.4291053016990264,1995,109.23640304,-0.42909278,5.1,0.449,0.449,Healthy,Moderate
AME II,D003A,D03,2009,29,6,122104,0.4228450970881596,Stres Sedang,0.4267849199343932,Stres Sedang,Pokok Utama,109.236474052474,-0.4291243439342912,3051,109.23649646,-0.42911948,3.08,0.393,0.393,Healthy,Sub-Optimal
AME II,D003A,D03,2009,29,7,122113,0.39015943477564624,Stres Berat,0.4219336570025206,Stres Sedang,Pokok Utama,109.23655065054743,-0.4291096044516896,2365,109.23658,-0.42911271,4.31,0.493,0.493,Healthy,Good
AME II,D003A,D03,2009,29,9,122122,0.400816331003236,Stres Sedang,0.4115245752327435,Stres Sedang,Pokok Utama,109.2366945214125,-0.4290972760711234,1514,109.23671339,-0.42911998,6.39,0.553,0.553,Healthy,Good
AME II,D003A,D03,2009,29,11,122140,0.40608683893469727,Stres Sedang,0.40025994845696755,Stres Sedang,Pokok Utama,109.23685423774491,-0.4290890984815761,2585,109.23686611,-0.42906214,3.92,0.555,0.555,Abnormal,Good
AME II,D003A,D03,2009,29,14,122161,0.43106128912282604,Stres Sedang,0.44693223156117806,Stres Sedang,Pokok Utama,109.23724005326221,-0.429082168834864,209,109.23726314,-0.42908393,12.92,0.607,0.607,Healthy,Good
AME II,D003A,D03,2009,29,15,122000,0.44798491571401494,Stres Sedang,0.4486271105125314,Stres Sedang,Pokok Utama,109.23740784571517,-0.42909094058919084,555,109.23740775,-0.42912014,10.51,0.471,0.471,Healthy,Good
AME II,D003A,D03,2009,29,17,121991,0.3724175803535369,Stres Berat,0.39687158648839466,Stres Berat,Pokok Utama,109.23756626962916,-0.42909002601896856,714,109.23758966,-0.42907542,9.63,0.458,0.458,Healthy,Moderate
AME II,D003A,D03,2009,29,18,327180,0.3987552290751996,Stres Berat,0.41771470924415566,Stres Sedang,Tamb,109.23766097419947,-0.42908318706355253,631,109.23765883,-0.42906097,10.09,0.544,0.544,Healthy,Good
AME II,D003A,D03,2009,29,20,121987,0.4182003894501759,Stres Sedang,0.4367891436804509,Stres Sedang,Pokok Utama,109.2378113854163,-0.42908285299804183,1839,109.23779043,-0.42906687,5.47,0.501,0.501,Healthy,Good
AME II,D003A,D03,2009,29,21,121983,0.4299242230149441,Stres Sedang,0.4322370072814986,Stres Sedang,Pokok Utama,109.23790631814872,-0.42907606292342154,1880,109.23787891,-0.42906102,5.39,0.43,0.43,Healthy,Moderate
AME II,D003A,D03,2009,29,24,121943,0.38706446229423247,Stres Berat,0.448106151446812,Stres Sedang,Pokok Utama,109.2381370141833,-0.42907994432865304,45,109.23816097,-0.4290534,16.65,0.512,0.512,Healthy,Good
AME II,D003A,D03,2009,30,4,121817,0.4581773113170763,Stres Sedang,0.44561373976709756,Stres Sedang,Pokok Utama,109.23639994314392,-0.42906618479592323,1995,109.23640304,-0.42909278,5.1,0.449,0.449,Healthy,Moderate
AME II,D003A,D03,2009,30,5,122105,0.4140798560536623,Stres Sedang,0.44800216260971,Stres Sedang,Pokok Utama,109.23647810041307,-0.429032704067041,2731,109.23650411,-0.42903764,3.67,0.451,0.451,Abnormal,Moderate
AME II,D003A,D03,2009,30,6,122114,0.37717477405774397,Stres Berat,0.4334868376732732,Stres Sedang,Pokok Utama,109.23655922331268,-0.4290365516991118,2088,109.23656699,-0.42904489,4.87,0.527,0.527,Healthy,Good
AME II,D003A,D03,2009,30,7,122116,0.33844159912499244,Stres Berat,0.3920960826662273,Stres Berat,Pokok Utama,109.236652347093,-0.4290326784930333,2291,109.23665098,-0.42905305,4.45,0.424,0.424,Healthy,Sub-Optimal
AME II,D003A,D03,2009,30,9,121852,0.4296405901473676,Stres Sedang,0.42898634146778236,Stres Sedang,Pokok Utama,109.23684174137861,-0.4289971789450567,722,109.23684008,-0.42898301,9.57,0.486,0.486,Healthy,Good
AME II,D003A,D03,2009,30,11,121871,0.4273204233747489,Stres Sedang,0.4653155522819901,Stres Sedang,Pokok Utama,109.23711933061631,-0.4290286659584703,508,109.23712257,-0.42905994,10.73,0.442,0.442,Healthy,Moderate
AME II,D003A,D03,2009,30,13,121881,0.4407180780509427,Stres Sedang,0.4561670146175936,Stres Sedang,Pokok Utama,109.23727839599849,-0.4290311155335007,157,109.23730851,-0.42904596,13.69,0.526,0.526,Healthy,Good
AME II,D003A,D03,2009,30,23,121898,0.38043687166696794,Stres Berat,0.4299422422913658,Stres Sedang,Pokok Utama,109.23810660612654,-0.42901996227267297,75,109.23811022,-0.42904615,15.29,0.437,0.437,Healthy,Moderate
AME II,D003A,D03,2009,30,24,121944,0.3794096314469757,Stres Berat,0.4359583279142016,Stres Sedang,Pokok Utama,109.23818566843413,-0.4290317844370381,69,109.23821262,-0.42904391,15.53,0.486,0.486,Healthy,Good
AME II,D003A,D03,2009,31,4,121799,0.4255722835478013,Stres Sedang,0.5072666681853637,Stres Ringan,Pokok Utama,109.23616407312272,-0.4289845785175891,2860,109.23619556,-0.42899959,3.44,0.61,0.61,Healthy,Good
AME II,D003A,D03,2009,31,5,121801,0.43652346033954126,Stres Sedang,0.5040250984407767,Stres Ringan,Pokok Utama,109.23622618069575,-0.4289954400041923,2524,109.23625171,-0.42900005,4.03,0.509,0.509,Healthy,Good
AME II,D003A,D03,2009,31,7,121815,0.41912404903579886,Stres Sedang,0.4051519835590062,Stres Sedang,Pokok Utama,109.2363210871597,-0.4290088610367529,3023,109.23633793,-0.42903263,3.13,0.437,0.437,Abnormal,Moderate
AME II,D003A,D03,2009,31,10,122106,0.41136693705103056,Stres Sedang,0.4600036490457849,Stres Sedang,Pokok Utama,109.23651970937216,-0.42895758542436446,2478,109.23655354,-0.42895174,4.1,0.497,0.497,Healthy,Good
AME II,D003A,D03,2009,31,11,121498,0.35349886661999763,Stres Berat,0.45589492645057655,Stres Sedang,Pokok Utama,109.2365693084343,-0.42893355160875235,2478,109.23655354,-0.42895174,4.1,0.497,0.497,Healthy,Good
AME II,D003A,D03,2009,31,12,121500,0.3797456665318429,Stres Berat,0.4373193623762897,Stres Sedang,Pokok Utama,109.23666460962613,-0.4289492850219568,2167,109.23667615,-0.42896805,4.68,0.492,0.492,Healthy,Good
AME II,D003A,D03,2009,31,13,122118,0.4340663214511053,Stres Sedang,0.4936132408745654,Stres Sedang,Pokok Utama,109.23678292769388,-0.4289630008576696,980,109.23680775,-0.42895903,8.25,0.504,0.504,Healthy,Good
AME II,D003A,D03,2009,31,15,121863,0.3680375751623616,Stres Berat,0.4024001372510053,Stres Sedang,Pokok Utama,109.23701947070195,-0.4289774847431735,1429,109.23700312,-0.42895863,6.66,0.441,0.441,Healthy,Moderate
AME II,D003A,D03,2009,31,16,121870,0.3626291761273686,Stres Berat,0.39170526095568975,Stres Berat,Pokok Utama,109.23711538698397,-0.42895114303790055,620,109.23714415,-0.42896906,10.17,0.415,0.415,Healthy,Sub-Optimal
AME II,D003A,D03,2009,31,18,121882,0.42335759143418256,Stres Sedang,0.44508423803090835,Stres Sedang,Pokok Utama,109.23733027189971,-0.42894559164748347,1,109.23734671,-0.42894243,19.98,0.541,0.541,Healthy,Good
AME II,D003A,D03,2009,31,19,121994,0.42626403662410806,Stres Sedang,0.41086333982052026,Stres Sedang,Pokok Utama,109.23740254177284,-0.42894419137110984,4,109.23739208,-0.42893204,19.94,0.436,0.436,Healthy,Moderate
AME II,D003A,D03,2009,31,22,121979,0.401644211130506,Stres Sedang,0.42114022611928115,Stres Sedang,Pokok Utama,109.23766293187947,-0.4289482207309117,2,109.23764629,-0.42892306,19.97,0.481,0.481,Healthy,Good
AME II,D003A,D03,2009,31,23,121974,0.373224052886249,Stres Berat,0.4183447534168089,Stres Sedang,Pokok Utama,109.2377315832122,-0.42894426767721167,156,109.23774105,-0.42894659,13.71,0.483,0.483,Healthy,Good
AME II,D003A,D03,2009,31,24,121981,0.4075715312914992,Stres Sedang,0.4486540762250188,Stres Sedang,Pokok Utama,109.23780763615181,-0.42894492374809984,109,109.23778911,-0.42892399,14.42,0.543,0.543,Healthy,Good
AME II,D003A,D03,2009,31,25,121958,0.4287602064232735,Stres Sedang,0.4135993075216993,Stres Sedang,Pokok Utama,109.23789367387548,-0.4289395206091806,152,109.23791981,-0.42894844,13.79,0.427,0.427,Healthy,Sub-Optimal
AME II,D003A,D03,2009,32,3,121805,0.4241197894324309,Stres Sedang,0.4694849223917519,Stres Sedang,Pokok Utama,109.23623919271019,-0.42889886656320036,3409,109.23621175,-0.42890464,1.63,0.447,0.447,Healthy,Moderate
AME II,D003A,D03,2009,32,4,138789,0.4405938233001938,Stres Sedang,0.4430829888260042,Stres Sedang,Pokok Utama,109.23643269323578,-0.42885818362354894,869,109.23642241,-0.42887439,8.77,0.421,0.421,Healthy,Sub-Optimal
AME II,D003A,D03,2009,32,6,121501,0.39774311678140645,Stres Berat,0.46039103308320944,Stres Sedang,Pokok Utama,109.23667372397831,-0.42891182743027684,2622,109.23664606,-0.42892147,3.85,0.451,0.451,Healthy,Moderate
AME II,D003A,D03,2009,32,7,122119,0.4143508597924827,Stres Sedang,0.453299670490254,Stres Sedang,Pokok Utama,109.23675729262004,-0.4289011082599236,1867,109.23675207,-0.42887176,5.41,0.432,0.432,Healthy,Moderate
AME II,D003A,D03,2009,32,11,121873,0.4173403922230208,Stres Sedang,0.45317553773330016,Stres Sedang,Pokok Utama,109.23719978201542,-0.42888957346427536,270,109.23720973,-0.42891572,12.31,0.472,0.472,Healthy,Good
AME II,D003A,D03,2009,32,12,121878,0.39930348051357994,Stres Berat,0.4202333921058205,Stres Sedang,Pokok Utama,109.23729285797235,-0.42889854671485994,1118,109.23727576,-0.42887278,7.76,0.43,0.43,Healthy,Moderate
AME II,D003A,D03,2009,32,15,121977,0.4037559182667888,Stres Sedang,0.42857264449494115,Stres Sedang,Pokok Utama,109.23760895885607,-0.42888697624953487,43,109.23760363,-0.42890903,16.81,0.47,0.47,Healthy,Good
AME II,D003A,D03,2009,32,17,121982,0.4106264953755243,Stres Sedang,0.43774686950523883,Stres Sedang,Pokok Utama,109.2377736789292,-0.42887751567242516,172,109.23775768,-0.42888827,13.45,0.437,0.437,Healthy,Moderate
AME II,D003A,D03,2009,32,19,121927,0.4132345718563706,Stres Sedang,0.41538511070533135,Stres Sedang,Pokok Utama,109.23793044726315,-0.4288770012973121,10,109.23796384,-0.42888786,19.79,0.456,0.456,Healthy,Moderate
AME II,D003A,D03,2009,32,20,121933,0.36994648478062275,Stres Berat,0.38447824269085673,Stres Berat,Pokok Utama,109.23801585167335,-0.4288717571635201,32,109.2380321,-0.42889964,17.34,0.377,0.377,Suspect,Critical
AME II,D003A,D03,2009,32,22,121900,0.3724793021222447,Stres Berat,0.4201194868431435,Stres Sedang,Pokok Utama,109.23814208993049,-0.42888924213419494,260,109.23816056,-0.42890373,12.37,0.448,0.448,Healthy,Moderate
AME II,D003A,D03,2009,33,1,138751,0.3677668837691663,Stres Berat,0.4449831331532246,Stres Sedang,Pokok Utama,109.23596116761367,-0.42882569306422413,3067,109.2359926,-0.42880828,3.04,0.527,0.527,Abnormal,Good
AME II,D003A,D03,2009,33,2,138755,0.40293725862738816,Stres Sedang,0.48486013781243503,Stres Sedang,Pokok Utama,109.23603024936313,-0.4288247523458054,3383,109.23605907,-0.42880694,1.8,0.614,0.614,Healthy,Good
AME II,D003A,D03,2009,33,7,138782,0.4085332499381248,Stres Sedang,0.4426191825497974,Stres Sedang,Pokok Utama,109.23651461698789,-0.4288245455062521,2244,109.23651853,-0.42883553,4.53,0.458,0.458,Healthy,Moderate
AME II,D003A,D03,2009,33,9,121502,0.3447736872622875,Stres Berat,0.38623227944003546,Stres Berat,Pokok Utama,109.23664483123166,-0.4288326791405303,965,109.23663351,-0.42883375,8.33,0.374,0.374,Suspect,Critical
AME II,D003A,D03,2009,33,11,121854,0.4355337240545523,Stres Sedang,0.4530859152297,Stres Sedang,Pokok Utama,109.23683765890685,-0.42883160796161174,398,109.23684325,-0.42885957,11.38,0.478,0.478,Healthy,Good
AME II,D003A,D03,2009,33,13,121865,0.39439295406149627,Stres Berat,0.4358706008525483,Stres Sedang,Pokok Utama,109.23702285105813,-0.42882764215184654,3157,109.23700225,-0.42881032,2.81,0.559,0.559,Abnormal,Good
AME II,D003A,D03,2009,33,14,121868,0.38387941428593225,Stres Berat,0.4188791322579216,Stres Sedang,Pokok Utama,109.23709422026775,-0.4288052320678734,1976,109.23707591,-0.42880627,5.15,0.462,0.462,Healthy,Good
AME II,D003A,D03,2009,33,16,121875,0.3975231658302895,Stres Berat,0.4388037004711464,Stres Sedang,Pokok Utama,109.23724851746967,-0.42879262302131904,159,109.23727623,-0.42879094,13.59,0.508,0.508,Healthy,Good
AME II,D003A,D03,2009,33,19,121978,0.41313459661610263,Stres Sedang,0.4353287152244291,Stres Sedang,Pokok Utama,109.23756400060904,-0.428811247879156,207,109.23757626,-0.42878061,12.92,0.451,0.451,Healthy,Moderate
AME II,D003A,D03,2009,33,22,121960,0.39682902985368695,Stres Berat,0.40195604067412205,Stres Sedang,Pokok Utama,109.23782034420002,-0.4288066320718574,1680,109.2378098,-0.42880915,5.9,0.413,0.413,Healthy,Sub-Optimal
AME II,D003A,D03,2009,33,24,121910,0.3351356441420299,Stres Berat,0.3798652264821383,Stres Berat,Pokok Utama,109.23805975810977,-0.4287940870434022,2191,109.2380685,-0.42881464,4.63,0.405,0.405,Healthy,Sub-Optimal
AME II,D003A,D03,2009,33,26,121891,0.4034527299760961,Stres Sedang,0.43733352896292743,Stres Sedang,Pokok Utama,109.23821779075428,-0.4288074530542854,982,109.23821448,-0.42877262,8.25,0.519,0.519,Healthy,Good
AME II,D003A,D03,2009,34,3,121789,0.3952959481668265,Stres Berat,0.4699470998020493,Stres Sedang,Pokok Utama,109.23617981500927,-0.42875056125455463,3242,109.23617136,-0.42876944,2.52,0.501,0.501,Healthy,Good
AME II,D003A,D03,2009,34,4,121787,0.42027772976806926,Stres Sedang,0.480987942204474,Stres Sedang,Pokok Utama,109.23623542605404,-0.42875458472286676,3191,109.23622751,-0.4287378,2.69,0.509,0.509,Healthy,Good
AME II,D003A,D03,2009,34,5,138791,0.4173211317150861,Stres Sedang,0.45896023941211767,Stres Sedang,Pokok Utama,109.23631942971784,-0.42875048874264715,3340,109.2363169,-0.42871747,2.05,0.466,0.466,Healthy,Good
AME II,D003A,D03,2009,34,7,138783,0.40654574084786443,Stres Sedang,0.45210930108488195,Stres Sedang,Pokok Utama,109.23649514341413,-0.4287615357291314,2761,109.23647273,-0.42876318,3.6,0.498,0.498,Abnormal,Good
AME II,D003A,D03,2009,34,10,121505,0.3759827776779099,Stres Berat,0.4114675059542844,Stres Sedang,Pokok Utama,109.23673919816906,-0.4287740816150377,1082,109.23676107,-0.42879354,7.88,0.435,0.435,Healthy,Moderate
AME II,D003A,D03,2009,34,11,121506,0.41792539613818835,Stres Sedang,0.425926936599665,Stres Sedang,Pokok Utama,109.23679339487884,-0.4287409163341974,108,109.23677456,-0.42873838,14.43,0.445,0.445,Healthy,Moderate
AME II,D003A,D03,2009,34,13,121858,0.4232917912385386,Stres Sedang,0.4299469917690044,Stres Sedang,Pokok Utama,109.23698149540058,-0.4287497162860974,3146,109.2369879,-0.4287529,2.84,0.48,0.48,Healthy,Good
AME II,D003A,D03,2009,34,17,121876,0.38705662667978563,Stres Berat,0.41022300459623623,Stres Sedang,Pokok Utama,109.23727134407773,-0.4287466889753522,208,109.23726546,-0.42874482,12.92,0.437,0.437,Healthy,Moderate
AME II,D003A,D03,2009,34,18,121885,0.42689287151354555,Stres Sedang,0.4302659914581546,Stres Sedang,Pokok Utama,109.23736113355338,-0.42873867689499445,315,109.23736202,-0.4287661,11.97,0.502,0.502,Healthy,Good
AME II,D003A,D03,2009,34,20,121966,0.421282793668426,Stres Sedang,0.43134005655039537,Stres Sedang,Pokok Utama,109.23750235285112,-0.428706367341632,7,109.23752283,-0.42870193,19.91,0.394,0.394,Healthy,Sub-Optimal
AME II,D003A,D03,2009,34,22,121962,0.39501132912252074,Stres Berat,0.4350409851899459,Stres Sedang,Pokok Utama,109.2376903111069,-0.4287405328604552,12,109.23768271,-0.42875713,19.75,0.456,0.456,Healthy,Moderate
AME II,D003A,D03,2009,34,23,121920,0.39125224401283526,Stres Berat,0.41593375554309275,Stres Sedang,Pokok Utama,109.23778442346735,-0.4287112155593308,3126,109.23776491,-0.42872866,2.89,0.489,0.489,Abnormal,Good
AME II,D003A,D03,2009,34,24,121929,0.3619772344058055,Stres Berat,0.3734779808928781,Stres Berat,Pokok Utama,109.23785585551836,-0.42872050571164366,2255,109.23785383,-0.42873275,4.5,0.383,0.383,Healthy,Critical
AME II,D003A,D03,2009,34,25,339024,0.3619772344058055,Stres Berat,0.35587224947985935,Stres Berat,Pokok Utama,109.23791643511909,-0.4287198894531899,3419,109.23791267,-0.42872824,1.58,0.464,0.464,Abnormal,Good
AME II,D003A,D03,2009,34,26,121932,0.38760160713470027,Stres Berat,0.377080989252212,Stres Berat,Pokok Utama,109.23797595256951,-0.42875242730750956,1063,109.23798049,-0.42873594,7.97,0.4,0.4,Healthy,Sub-Optimal
AME II,D003A,D03,2009,34,27,121934,0.37880338773878053,Stres Berat,0.3767343877976132,Stres Berat,Pokok Utama,109.23800527114592,-0.4287136812191665,2697,109.23802721,-0.42870747,3.72,0.447,0.447,Healthy,Moderate
AME II,D003A,D03,2009,34,29,121903,0.4227395761278877,Stres Sedang,0.4633568262753005,Stres Sedang,Pokok Utama,109.23817512245668,-0.42872265325420367,2063,109.23816419,-0.42874141,4.92,0.516,0.516,Healthy,Good
AME II,D003A,D03,2009,34,30,121892,0.4001877376784894,Stres Sedang,0.4181404782907544,Stres Sedang,Pokok Utama,109.23823849685512,-0.42874053329599987,955,109.23823515,-0.42872832,8.37,0.48,0.48,Healthy,Good
AME II,D003A,D03,2009,35,4,121788,0.4067062932186422,Stres Sedang,0.4837011761075753,Stres Sedang,Pokok Utama,109.23617083519771,-0.42870257252639055,3378,109.23616823,-0.42872377,1.84,0.504,0.504,Healthy,Good
AME II,D003A,D03,2009,35,5,138792,0.42508555214409594,Stres Sedang,0.45130878044706,Stres Sedang,Pokok Utama,109.23629401870731,-0.4286986673962887,3340,109.2363169,-0.42871747,2.05,0.466,0.466,Healthy,Good
AME II,D003A,D03,2009,35,9,138787,0.3990844612887464,Stres Berat,0.4548062087987599,Stres Sedang,Pokok Utama,109.23660971558347,-0.4286893042461942,912,109.23662995,-0.42869901,8.59,0.426,0.426,Healthy,Sub-Optimal
AME II,D003A,D03,2009,35,10,121507,0.45237970305189035,Stres Sedang,0.46100605546354173,Stres Sedang,Pokok Utama,109.23686391415308,-0.4286917243151472,365,109.23685811,-0.42868685,11.63,0.42,0.42,Healthy,Sub-Optimal
AME II,D003A,D03,2009,35,11,121857,0.4165970694039676,Stres Sedang,0.4613677026489033,Stres Sedang,Pokok Utama,109.23697221155221,-0.4286917494242387,711,109.23695243,-0.42867241,9.66,0.555,0.555,Healthy,Good
AME II,D003A,D03,2009,35,12,121867,0.38229312458287384,Stres Berat,0.41926982230304133,Stres Sedang,Pokok Utama,109.23704090487836,-0.4286965120197286,2738,109.23706695,-0.42871086,3.66,0.485,0.485,Healthy,Good
AME II,D003A,D03,2009,35,13,121531,0.41568811237002634,Stres Sedang,0.4300895878740658,Stres Sedang,Pokok Utama,109.2371558551941,-0.42866770597305454,640,109.23717835,-0.42865075,10.05,0.417,0.417,Healthy,Sub-Optimal
AME II,D003A,D03,2009,35,14,121534,0.4570022165322032,Stres Sedang,0.45996743843410415,Stres Sedang,Pokok Utama,109.23733956247409,-0.42867183870436293,97,109.23737013,-0.4286725,14.67,0.461,0.461,Healthy,Good
AME II,D003A,D03,2009,35,18,121963,0.38495109401936445,Stres Berat,0.4236792276496824,Stres Sedang,Pokok Utama,109.23761740783992,-0.4286638249877907,484,109.23760054,-0.42864904,10.89,0.466,0.466,Healthy,Good
AME II,D003A,D03,2009,35,21,339023,0.3619772344058055,Stres Berat,0.3785702831863145,Stres Berat,Pokok Utama,109.23789149209878,-0.42866796327745205,1953,109.23788439,-0.42867805,5.19,0.479,0.479,Healthy,Good
AME II,D003A,D03,2009,35,22,121935,0.44596026844293996,Stres Sedang,0.40065800369063215,Stres Sedang,Pokok Utama,109.23798978520476,-0.4286417866659968,3365,109.23797781,-0.42865049,1.89,0.431,0.431,Healthy,Moderate
AME II,D003A,D03,2009,35,23,121937,0.4313090406814152,Stres Sedang,0.4312850438030409,Stres Sedang,Pokok Utama,109.23805092028196,-0.42863968024570465,3274,109.23802857,-0.42862654,2.37,0.455,0.455,Healthy,Moderate
AME II,D003A,D03,2009,35,24,121904,0.42174507335116107,Stres Sedang,0.4649559217351335,Stres Sedang,Pokok Utama,109.23819019043037,-0.4286660782906055,204,109.23816869,-0.428665,12.99,0.481,0.481,Healthy,Good
AME II,D003A,D03,2009,36,4,122148,0.3901766521860743,Stres Berat,0.44632113616017743,Stres Sedang,Pokok Utama,109.23625695366528,-0.42861875942658517,1037,109.23623337,-0.42863697,8.05,0.466,0.466,Healthy,Good
AME II,D003A,D03,2009,36,5,138776,0.41724720828631545,Stres Sedang,0.45284779013080545,Stres Sedang,Pokok Utama,109.23640311965042,-0.4286139688835217,1700,109.23641483,-0.42862661,5.85,0.421,0.421,Healthy,Sub-Optimal
AME II,D003A,D03,2009,36,9,138716,0.3809573117579802,Stres Berat,0.4339135057097768,Stres Sedang,Pokok Utama,109.23666090027974,-0.4286369634992185,813,109.23669239,-0.42863934,9.1,0.462,0.462,Healthy,Good
AME II,D003A,D03,2009,36,11,121856,0.42448144870198184,Stres Sedang,0.4464024776033945,Stres Sedang,Pokok Utama,109.23691930023946,-0.4286504251285586,407,109.23690708,-0.42864301,11.34,0.442,0.442,Healthy,Moderate
AME II,D003A,D03,2009,36,12,121525,0.40290097332578284,Stres Sedang,0.4171854822753786,Stres Sedang,Pokok Utama,109.23703830750425,-0.4286121755163167,2583,109.23703957,-0.42863038,3.92,0.386,0.386,Healthy,Critical
AME II,D003A,D03,2009,36,13,121523,0.35658189267933776,Stres Berat,0.3903546003646027,Stres Berat,Pokok Utama,109.23710485378598,-0.4286137861259183,2012,109.23711054,-0.42860688,5.06,0.452,0.452,Healthy,Moderate
AME II,D003A,D03,2009,36,15,121889,0.4045951778034299,Stres Sedang,0.414994039869423,Stres Sedang,Pokok Utama,109.23749182984729,-0.4286031444838175,8,109.2374703,-0.42859837,19.86,0.463,0.463,Healthy,Good
AME II,D003A,D03,2009,36,17,121922,0.4202234936484454,Stres Sedang,0.42163228383273776,Stres Sedang,Pokok Utama,109.23771550554297,-0.4285807434455284,40,109.23772182,-0.42858035,16.92,0.462,0.462,Healthy,Good
AME II,D003A,D03,2009,36,19,121918,0.41136509237505586,Stres Sedang,0.3979340315286125,Stres Berat,Pokok Utama,109.23785572787376,-0.42858731583094495,2152,109.23787812,-0.42859259,4.71,0.451,0.451,Healthy,Moderate
AME II,D003A,D03,2009,36,22,121912,0.37825683981050473,Stres Berat,0.4227850815021576,Stres Sedang,Pokok Utama,109.23810416662614,-0.42860268680472935,1693,109.23808473,-0.42857319,5.86,0.387,0.387,Healthy,Critical
AME II,D003A,D03,2009,36,23,121905,0.364749913016037,Stres Berat,0.4126972105368601,Stres Sedang,Pokok Utama,109.23820050589111,-0.42858484376343653,1985,109.23816512,-0.42858768,5.11,0.479,0.479,Healthy,Good
AME II,D003A,D03,2009,36,24,121894,0.40839223488740023,Stres Sedang,0.43908587094548224,Stres Sedang,Pokok Utama,109.23825880779509,-0.4286103784325581,960,109.23826258,-0.42860263,8.35,0.467,0.467,Healthy,Good
AME II,D003A,D03,2009,37,2,138762,0.3812043487184797,Stres Berat,0.45837728361658403,Stres Sedang,Pokok Utama,109.23620904643985,-0.4285272874785579,3326,109.2361795,-0.42852573,2.14,0.491,0.491,Healthy,Good
AME II,D003A,D03,2009,37,4,138775,0.4256031601397214,Stres Sedang,0.4180148412246962,Stres Sedang,Pokok Utama,109.23636764557538,-0.4285373963365368,3104,109.23635781,-0.42852035,2.93,0.388,0.388,Healthy,Critical
AME II,D003A,D03,2009,37,6,138773,0.40561638599538585,Stres Sedang,0.4444812410548844,Stres Sedang,Pokok Utama,109.23650454531253,-0.4285233906330716,1577,109.23652624,-0.42849552,6.19,0.512,0.512,Healthy,Good
AME II,D003A,D03,2009,37,7,138772,0.36471900988477546,Stres Berat,0.4252870316479673,Stres Sedang,Pokok Utama,109.23657315072629,-0.4285275545586449,1013,109.23659406,-0.42851181,8.13,0.471,0.471,Healthy,Good
AME II,D003A,D03,2009,37,9,121509,0.41430656207586647,Stres Sedang,0.42369196699912093,Stres Sedang,Pokok Utama,109.236794154028,-0.4285401755513589,1159,109.2368047,-0.42852994,7.64,0.553,0.553,Healthy,Good
AME II,D003A,D03,2009,37,11,121516,0.4284405831867774,Stres Sedang,0.431535458930343,Stres Sedang,Pokok Utama,109.23692289214313,-0.42852991626795445,421,109.23693046,-0.42849697,11.25,0.387,0.387,Healthy,Critical
AME II,D003A,D03,2009,37,14,121526,0.41501033163782375,Stres Sedang,0.4220941545851629,Stres Sedang,Pokok Utama,109.23716824628454,-0.42852877673982376,1701,109.23714964,-0.42852234,5.84,0.517,0.517,Healthy,Good
AME II,D003A,D03,2009,37,16,121475,0.3631889827826604,Stres Berat,0.3980376815946433,Stres Berat,Pokok Utama,109.23732109902926,-0.4285398943545955,593,109.23730997,-0.42857256,10.36,0.389,0.389,Healthy,Critical
AME II,D003A,D03,2009,37,19,121489,0.41737484431461147,Stres Sedang,0.4399633910898982,Stres Sedang,Pokok Utama,109.23756744768251,-0.42853844034867683,186,109.2375552,-0.42855544,13.19,0.56,0.56,Healthy,Good
AME II,D003A,D03,2009,37,20,121923,0.4027572135406062,Stres Sedang,0.43374543007085875,Stres Sedang,Pokok Utama,109.23764912653746,-0.4285349496834038,231,109.23765132,-0.42854958,12.69,0.481,0.481,Healthy,Good
AME II,D003A,D03,2009,37,21,121925,0.4246004608662232,Stres Sedang,0.44815863043857884,Stres Sedang,Pokok Utama,109.23780630434423,-0.428534967105201,1086,109.23778785,-0.42856318,7.86,0.432,0.432,Healthy,Moderate
AME II,D003A,D03,2009,37,22,121917,0.4285534149636779,Stres Sedang,0.42714990533725156,Stres Sedang,Pokok Utama,109.23788699859428,-0.42853981476072955,2119,109.2378952,-0.42855597,4.78,0.431,0.431,Healthy,Moderate
AME II,D003A,D03,2009,37,24,121913,0.3932309077402786,Stres Berat,0.39350200578073513,Stres Berat,Pokok Utama,109.23805633168269,-0.42853265123209705,2218,109.23804117,-0.42851621,4.57,0.509,0.509,Healthy,Good
AME II,D003A,D03,2009,37,26,121895,0.4114011251913454,Stres Sedang,0.43441063298079674,Stres Sedang,Pokok Utama,109.23823600772454,-0.428540189496052,556,109.23826259,-0.42854023,10.51,0.608,0.608,Healthy,Good
AME II,D003A,D03,2009,38,2,138685,0.39370013919578756,Stres Berat,0.4593535094601767,Stres Sedang,Pokok Utama,109.23609006065989,-0.42848756476734867,2775,109.23609059,-0.4284615,3.58,0.538,0.538,Healthy,Good
AME II,D003A,D03,2009,38,3,138693,0.396385206090454,Stres Berat,0.4692013758499654,Stres Sedang,Pokok Utama,109.23615296294906,-0.4284877394120676,3336,109.23616694,-0.42847644,2.07,0.549,0.549,Healthy,Good
AME II,D003A,D03,2009,38,5,138767,0.4160947516106053,Stres Sedang,0.43377486564225715,Stres Sedang,Pokok Utama,109.23639808136708,-0.4284720840340687,2973,109.23641037,-0.42846022,3.23,0.443,0.443,Healthy,Moderate
AME II,D003A,D03,2009,38,8,138781,0.3990945029605625,Stres Berat,0.43327187848657256,Stres Sedang,Pokok Utama,109.23665206710321,-0.4284819536506172,239,109.23665919,-0.42850369,12.55,0.514,0.514,Healthy,Good
AME II,D003A,D03,2009,38,13,121518,0.42038504707066177,Stres Sedang,0.4380499122738123,Stres Sedang,Pokok Utama,109.23706037262536,-0.42845513540863117,2334,109.23705668,-0.42846851,4.36,0.416,0.416,Healthy,Sub-Optimal
AME II,D003A,D03,2009,38,15,121529,0.3767104374044154,Stres Berat,0.40418617317617067,Stres Sedang,Pokok Utama,109.23719627801484,-0.428445098423031,1925,109.23716852,-0.42844367,5.27,0.387,0.387,Healthy,Critical
AME II,D003A,D03,2009,38,16,121474,0.3805582773533287,Stres Berat,0.3996330519141716,Stres Berat,Pokok Utama,109.23728760048606,-0.4284582463976631,210,109.23729741,-0.42847444,12.89,0.448,0.448,Healthy,Moderate
AME II,D003A,D03,2009,38,17,121476,0.4447260610212909,Stres Sedang,0.45507748073074394,Stres Sedang,Pokok Utama,109.23737753414093,-0.4284757310732513,319,109.23735535,-0.42846767,11.93,0.533,0.533,Healthy,Good
AME II,D003A,D03,2009,38,18,121487,0.42801557417767805,Stres Sedang,0.40655698414647184,Stres Sedang,Pokok Utama,109.23743484870242,-0.4284506789649078,401,109.23745641,-0.42846544,11.36,0.451,0.451,Healthy,Moderate
AME II,D003A,D03,2009,38,20,121495,0.41525540181337117,Stres Sedang,0.4236693178512612,Stres Sedang,Pokok Utama,109.23762102143344,-0.42845231727574573,323,109.23763023,-0.4284596,11.92,0.523,0.523,Healthy,Good
AME II,D003A,D03,2009,38,21,121458,0.39151258424743723,Stres Berat,0.4404784395405827,Stres Sedang,Pokok Utama,109.2376945393186,-0.4284574381741706,317,109.23769625,-0.42846911,11.94,0.578,0.578,Healthy,Good
AME II,D003A,D03,2009,38,22,121438,0.42293192415903835,Stres Sedang,0.43655861527533146,Stres Sedang,Pokok Utama,109.23778120773672,-0.4284593726515801,2584,109.23776631,-0.42846461,3.92,0.511,0.511,Abnormal,Good
AME II,D003A,D03,2009,38,23,121437,0.41373841671840006,Stres Sedang,0.4290107663939981,Stres Sedang,Pokok Utama,109.2378513359532,-0.4284509382088262,2576,109.2378265,-0.42844744,3.94,0.456,0.456,Healthy,Moderate
AME II,D003A,D03,2009,38,24,121435,0.42986880325316734,Stres Sedang,0.4508446512654867,Stres Sedang,Pokok Utama,109.23793965274241,-0.4284645132184246,676,109.23794732,-0.42844159,9.87,0.483,0.483,Healthy,Good
AME II,D003A,D03,2009,38,25,121914,0.4126107719186076,Stres Sedang,0.425074534188367,Stres Sedang,Pokok Utama,109.2380173328228,-0.42845177334043677,954,109.23802951,-0.42844206,8.37,0.477,0.477,Healthy,Good
AME II,D003A,D03,2009,38,27,121896,0.3937216673706143,Stres Berat,0.41298911349776274,Stres Sedang,Pokok Utama,109.23825725510098,-0.4284709675106055,596,109.23826621,-0.42845206,10.36,0.482,0.482,Healthy,Good
AME II,D003A,D03,2009,39,2,138681,0.3941274480096799,Stres Berat,0.46662427347164614,Stres Sedang,Pokok Utama,109.23599023655835,-0.42842928485524684,2100,109.23599448,-0.42842124,4.82,0.445,0.445,Healthy,Moderate
AME II,D003A,D03,2009,39,4,138686,0.3725161700954904,Stres Berat,0.4407722158681731,Stres Sedang,Pokok Utama,109.23611563498557,-0.42841840807589243,3325,109.23609824,-0.42841132,2.14,0.459,0.459,Healthy,Moderate
AME II,D003A,D03,2009,39,6,138764,0.4004826844952005,Stres Sedang,0.4634349928233299,Stres Sedang,Pokok Utama,109.2362167510012,-0.42844050365410224,2789,109.2362195,-0.42844254,3.56,0.491,0.491,Healthy,Good
AME II,D003A,D03,2009,39,7,138746,0.3999667492776137,Stres Berat,0.42372053359392065,Stres Sedang,Pokok Utama,109.23629019274703,-0.42841694920985623,2540,109.23628328,-0.42841679,4.01,0.525,0.525,Healthy,Good
AME II,D003A,D03,2009,39,8,138768,0.4369102717012815,Stres Sedang,0.4591712397229564,Stres Sedang,Pokok Utama,109.23634517791363,-0.4283964651035017,3401,109.23634796,-0.42838967,1.7,0.417,0.417,Healthy,Sub-Optimal
AME II,D003A,D03,2009,39,9,138769,0.3737348543357616,Stres Berat,0.45544443233888976,Stres Sedang,Pokok Utama,109.2364549797832,-0.4284126368187336,3291,109.23644767,-0.42838563,2.28,0.43,0.43,Healthy,Moderate
AME II,D003A,D03,2009,39,10,138741,0.38304737436995273,Stres Berat,0.4439681507009184,Stres Sedang,Pokok Utama,109.23659266915297,-0.4284023452450646,522,109.23657971,-0.42839877,10.65,0.493,0.493,Healthy,Good
AME II,D003A,D03,2009,39,11,138740,0.3781151558145565,Stres Berat,0.41894727021169204,Stres Sedang,Pokok Utama,109.2367118223636,-0.4283896113804599,225,109.23668795,-0.42840603,12.73,0.403,0.403,Healthy,Sub-Optimal
AME II,D003A,D03,2009,39,14,121521,0.4100557519097637,Stres Sedang,0.41810154679409556,Stres Sedang,Pokok Utama,109.23700912543222,-0.4283997161835292,1523,109.23702795,-0.42839209,6.35,0.492,0.492,Healthy,Good
AME II,D003A,D03,2009,39,15,121519,0.408713123754039,Stres Sedang,0.39579340235234883,Stres Berat,Pokok Utama,109.2370818542983,-0.42839048204632646,2303,109.23707017,-0.42839753,4.42,0.496,0.496,Healthy,Good
AME II,D003A,D03,2009,39,17,121473,0.42192511882573197,Stres Sedang,0.4159454716572494,Stres Sedang,Pokok Utama,109.23724584943882,-0.4283966014537768,1134,109.23726824,-0.42840842,7.7,0.461,0.461,Healthy,Good
AME II,D003A,D03,2009,39,19,121488,0.3815847652704537,Stres Berat,0.3907257695729949,Stres Berat,Pokok Utama,109.23741901874479,-0.42838655319617597,732,109.23742274,-0.42838043,9.54,0.503,0.503,Healthy,Good
AME II,D003A,D03,2009,39,20,121491,0.3769536943701298,Stres Berat,0.39811071759762884,Stres Berat,Pokok Utama,109.23749824000319,-0.4283905595081626,393,109.23750088,-0.42842249,11.42,0.52,0.52,Healthy,Good
AME II,D003A,D03,2009,39,21,121496,0.4151536571480115,Stres Sedang,0.43021845141664644,Stres Sedang,Pokok Utama,109.23758015412483,-0.4283991919380603,297,109.23758487,-0.42841844,12.14,0.488,0.488,Healthy,Good
AME II,D003A,D03,2009,39,22,121459,0.39269908597861075,Stres Berat,0.4132313167458182,Stres Sedang,Pokok Utama,109.23766381631556,-0.42838804592132707,449,109.23763833,-0.42837324,11.08,0.496,0.496,Healthy,Good
AME II,D003A,D03,2009,39,23,121439,0.40538739154674064,Stres Sedang,0.4305911094604185,Stres Sedang,Pokok Utama,109.23772545010291,-0.4283930040036102,221,109.23772232,-0.42837462,12.76,0.427,0.427,Healthy,Sub-Optimal
AME II,D003A,D03,2009,39,24,121930,0.39726788913218336,Stres Berat,0.40513654282563016,Stres Sedang,Pokok Utama,109.23780444474708,-0.428382436559652,1824,109.23780451,-0.42838504,5.52,0.402,0.402,Healthy,Sub-Optimal
AME II,D003A,D03,2009,39,27,121931,0.384400190656423,Stres Berat,0.43213343573748153,Stres Sedang,Pokok Utama,109.23809764770618,-0.42837932131378287,2053,109.23809914,-0.42837335,4.95,0.483,0.483,Healthy,Good
AME II,D003A,D03,2009,39,28,121382,0.4085515759429153,Stres Sedang,0.4398005038687831,Stres Sedang,Pokok Utama,109.23820142175359,-0.4283899238452039,1909,109.23819391,-0.42838106,5.3,0.415,0.415,Healthy,Sub-Optimal
AME II,D003A,D03,2009,40,6,138745,0.449776882548695,Stres Sedang,0.436340776852199,Stres Sedang,Pokok Utama,109.23632174567143,-0.4283215710200663,3251,109.23630485,-0.42833947,2.48,0.484,0.484,Healthy,Good
AME II,D003A,D03,2009,40,8,138743,0.40716752151486674,Stres Sedang,0.44330471386909487,Stres Sedang,Pokok Utama,109.23646608838445,-0.4283236771218721,2258,109.2364908,-0.42834042,4.49,0.442,0.442,Healthy,Moderate
AME II,D003A,D03,2009,40,11,121514,0.4146093190638811,Stres Sedang,0.4421136120757902,Stres Sedang,Pokok Utama,109.23693412521571,-0.42834050786844813,1733,109.23696688,-0.4283446,5.77,0.475,0.475,Healthy,Good
AME II,D003A,D03,2009,40,12,121522,0.417702014071,Stres Sedang,0.41023048792464445,Stres Sedang,Pokok Utama,109.23704819840336,-0.42829379194259426,751,109.23704234,-0.42831071,9.44,0.431,0.431,Healthy,Moderate
AME II,D003A,D03,2009,40,14,121472,0.3914968767272892,Stres Berat,0.41100449573879194,Stres Sedang,Pokok Utama,109.23719691314734,-0.42831124048882896,2312,109.2372202,-0.42830803,4.4,0.418,0.418,Healthy,Sub-Optimal
AME II,D003A,D03,2009,40,15,121479,0.36120203899273834,Stres Berat,0.3827273784977416,Stres Berat,Pokok Utama,109.23729922153409,-0.42831235838673487,140,109.2373199,-0.42833654,13.92,0.449,0.449,Healthy,Moderate
AME II,D003A,D03,2009,40,16,121485,0.37504572332586006,Stres Berat,0.40160434520198074,Stres Sedang,Pokok Utama,109.23737435529009,-0.42830614968211433,606,109.23739042,-0.42833566,10.29,0.484,0.484,Healthy,Good
AME II,D003A,D03,2009,40,17,121492,0.3840718348005538,Stres Berat,0.38756700457841325,Stres Berat,Pokok Utama,109.23745609158591,-0.42830282179631357,809,109.23746677,-0.42831578,9.12,0.49,0.49,Healthy,Good
AME II,D003A,D03,2009,40,18,121497,0.40045384517628957,Stres Sedang,0.4154817799768837,Stres Sedang,Pokok Utama,109.23752290999684,-0.4283086256936786,93,109.2375319,-0.42830404,14.72,0.465,0.465,Healthy,Good
AME II,D003A,D03,2009,40,19,121460,0.3694822407179531,Stres Berat,0.40342693738751223,Stres Sedang,Pokok Utama,109.2376227543155,-0.42830636636026614,517,109.2376334,-0.42832441,10.68,0.499,0.499,Healthy,Good
AME II,D003A,D03,2009,40,21,121418,0.4095003634707444,Stres Sedang,0.4165995384868544,Stres Sedang,Pokok Utama,109.23786460627865,-0.428304796426028,271,109.23786067,-0.42828422,12.3,0.458,0.458,Healthy,Moderate
AME II,D003A,D03,2009,40,22,121417,0.4228597027069852,Stres Sedang,0.4010695976855054,Stres Sedang,Pokok Utama,109.23793683331073,-0.4283219116560909,1207,109.23793027,-0.42835387,7.46,0.42,0.42,Healthy,Sub-Optimal
AME II,D003A,D03,2009,40,23,121394,0.4184843871964363,Stres Sedang,0.42459629819598826,Stres Sedang,Pokok Utama,109.2380285276664,-0.4283273586860925,1452,109.23803537,-0.42834033,6.59,0.406,0.406,Healthy,Sub-Optimal
AME II,D003A,D03,2009,40,24,121392,0.3950924000893515,Stres Berat,0.4246930942808514,Stres Sedang,Pokok Utama,109.2381016168509,-0.4283178026837118,1931,109.23812521,-0.42829604,5.26,0.446,0.446,Healthy,Moderate
AME II,D003A,D03,2009,40,25,121383,0.3822318366475095,Stres Berat,0.38546347625260596,Stres Berat,Pokok Utama,109.23818813202385,-0.4283025101934571,2421,109.23818943,-0.42833222,4.2,0.394,0.394,Healthy,Sub-Optimal
AME II,D003A,D03,2009,40,26,121364,0.3848937188730061,Stres Berat,0.3962402709461067,Stres Berat,Pokok Utama,109.23827305769409,-0.4283089105946892,1091,109.2382613,-0.42829064,7.86,0.489,0.489,Healthy,Good
AME II,D003A,D03,2009,41,6,138720,0.39808280519683314,Stres Berat,0.4039674310335106,Stres Sedang,Pokok Utama,109.23667952936832,-0.4282605612490176,741,109.23670595,-0.42827943,9.47,0.399,0.399,Healthy,Sub-Optimal
AME II,D003A,D03,2009,41,7,327183,0.4236092930064436,Stres Sedang,0.40002476240179885,Stres Sedang,Tamb,109.23686327763343,-0.42821088722399636,162,109.23686631,-0.42819944,13.54,0.506,0.506,Healthy,Good
AME II,D003A,D03,2009,41,8,121471,0.4066151727638815,Stres Sedang,0.4030544854383234,Stres Sedang,Pokok Utama,109.23716279336702,-0.4282436886229011,929,109.23717081,-0.42824834,8.5,0.519,0.519,Healthy,Good
AME II,D003A,D03,2009,41,9,121484,0.3997354618253946,Stres Berat,0.4137353276802018,Stres Sedang,Pokok Utama,109.23743838083612,-0.42824571115183535,814,109.23744613,-0.42826287,9.09,0.432,0.432,Healthy,Moderate
AME II,D003A,D03,2009,41,10,121493,0.4068529502229888,Stres Sedang,0.43303831698693374,Stres Sedang,Pokok Utama,109.23749637639956,-0.42822801929042303,2883,109.23747264,-0.428205,3.4,0.5,0.5,Abnormal,Good
AME II,D003A,D03,2009,41,11,121451,0.37381634099147526,Stres Berat,0.4160822617853818,Stres Sedang,Pokok Utama,109.23764491019483,-0.4282316319938462,857,109.23764151,-0.42823217,8.88,0.464,0.464,Healthy,Good
AME II,D003A,D03,2009,41,16,121384,0.3868749532995741,Stres Berat,0.42354265697157156,Stres Sedang,Pokok Utama,109.23814884993936,-0.4282463539980774,2019,109.23817148,-0.42825626,5.04,0.408,0.408,Healthy,Sub-Optimal
AME II,D003A,D03,2009,41,17,121365,0.3825022866779739,Stres Berat,0.4309289004077986,Stres Sedang,Pokok Utama,109.23822110329672,-0.4282387140097207,1876,109.23822179,-0.42824542,5.39,0.474,0.474,Healthy,Good
AME II,D003A,D03,2009,42,5,138710,0.4319548385949467,Stres Sedang,0.41534742490262117,Stres Sedang,Pokok Utama,109.2363385715687,-0.4281863134271748,2345,109.23631882,-0.4281758,4.34,0.456,0.456,Healthy,Moderate
AME II,D003A,D03,2009,42,6,138711,0.42985561406576733,Stres Sedang,0.4374995880340836,Stres Sedang,Pokok Utama,109.23640195410458,-0.4281683009000399,3621,109.23639517,-0.42817446,0.52,0.519,0.519,Abnormal,Good
AME II,D003A,D03,2009,42,9,138726,0.38372844463298345,Stres Berat,0.3709931808865775,Stres Berat,Pokok Utama,109.23672658025893,-0.42817654643593206,440,109.23671315,-0.4281881,11.13,0.473,0.473,Healthy,Good
AME II,D003A,D03,2009,42,11,138727,0.4507130865723924,Stres Sedang,0.4166497050534852,Stres Sedang,Pokok Utama,109.23687806861854,-0.428171365518431,162,109.23686631,-0.42819944,13.54,0.506,0.506,Healthy,Good
AME II,D003A,D03,2009,42,15,121483,0.4208559922539458,Stres Sedang,0.41527025286211117,Stres Sedang,Pokok Utama,109.23738262663457,-0.4281643492277877,2513,109.2373945,-0.42813852,4.05,0.456,0.456,Healthy,Moderate
AME II,D003A,D03,2009,42,16,121494,0.38664028274523693,Stres Berat,0.41228721133583984,Stres Sedang,Pokok Utama,109.23746010617745,-0.4281681950662608,2193,109.23743087,-0.42818013,4.62,0.434,0.434,Healthy,Moderate
AME II,D003A,D03,2009,42,17,121461,0.37945640526588403,Stres Berat,0.402365107908063,Stres Sedang,Pokok Utama,109.23754059728883,-0.4281656635733558,1978,109.23751981,-0.42815754,5.14,0.422,0.422,Healthy,Sub-Optimal
AME II,D003A,D03,2009,42,20,121478,0.3716275847561013,Stres Berat,0.4198754210254063,Stres Sedang,Pokok Utama,109.23777686663858,-0.42816732068277885,2833,109.23776368,-0.42819331,3.48,0.488,0.488,Abnormal,Good
AME II,D003A,D03,2009,42,21,121420,0.41022062939677845,Stres Sedang,0.4217314108256967,Stres Sedang,Pokok Utama,109.23786699460851,-0.42816398206779116,950,109.23786161,-0.42812958,8.41,0.432,0.432,Healthy,Moderate
AME II,D003A,D03,2009,42,22,121396,0.3684606092972116,Stres Berat,0.3697305179398077,Stres Berat,Pokok Utama,109.23794288966914,-0.42816368041482067,2927,109.23793212,-0.4281504,3.31,0.41,0.41,Abnormal,Sub-Optimal
AME II,D003A,D03,2009,42,23,121403,0.4133348208215451,Stres Sedang,0.4394636853939767,Stres Sedang,Pokok Utama,109.23802829170232,-0.4281688049541462,2025,109.23804979,-0.42816263,5.02,0.5,0.5,Healthy,Good
AME II,D003A,D03,2009,42,24,121385,0.3753937620956008,Stres Berat,0.4120536801301274,Stres Sedang,Pokok Utama,109.2381051380517,-0.42816451645987175,3253,109.23811492,-0.42813869,2.47,0.456,0.456,Healthy,Moderate
AME II,D003A,D03,2009,42,25,121372,0.37471976510506755,Stres Berat,0.4036100109745895,Stres Sedang,Pokok Utama,109.23820353245594,-0.42816677194643077,2287,109.23820564,-0.42815091,4.45,0.471,0.471,Healthy,Good
AME II,D003A,D03,2009,43,7,138712,0.3811502281197586,Stres Berat,0.4087968521574375,Stres Sedang,Pokok Utama,109.23643746516063,-0.4280831313489078,2967,109.236441,-0.42808585,3.24,0.435,0.435,Healthy,Moderate
AME II,D003A,D03,2009,43,8,138649,0.4035480146099921,Stres Sedang,0.4462453506340045,Stres Sedang,Pokok Utama,109.23652293452507,-0.42809990871650233,2600,109.23649175,-0.42810847,3.9,0.439,0.439,Healthy,Moderate
AME II,D003A,D03,2009,43,9,138715,0.39651672721817877,Stres Berat,0.4476673872450814,Stres Sedang,Pokok Utama,109.23659552376836,-0.42810014708012234,660,109.23659415,-0.42812884,9.96,0.454,0.454,Healthy,Moderate
AME II,D003A,D03,2009,43,14,138739,0.46654679212080263,Stres Sedang,0.45337349331421944,Stres Sedang,Pokok Utama,109.23700714256854,-0.4280947731849098,3447,109.23699613,-0.42807919,1.42,0.476,0.476,Abnormal,Good
AME II,D003A,D03,2009,43,17,121482,0.4380589843071374,Stres Sedang,0.41245472635296093,Stres Sedang,Pokok Utama,109.23725525303612,-0.42809174243896736,335,109.23728358,-0.42807655,11.84,0.43,0.43,Healthy,Moderate
AME II,D003A,D03,2009,43,18,121465,0.3731650308519197,Stres Berat,0.38253709999746516,Stres Berat,Pokok Utama,109.23734398454219,-0.4280828303037453,3050,109.23732669,-0.42810369,3.08,0.452,0.452,Abnormal,Moderate
AME II,D003A,D03,2009,43,19,121463,0.435019955940288,Stres Sedang,0.42248381830601855,Stres Sedang,Pokok Utama,109.23742589937089,-0.42809226121798777,2904,109.23739451,-0.42809195,3.36,0.494,0.494,Abnormal,Good
AME II,D003A,D03,2009,43,20,121462,0.3915493073976927,Stres Berat,0.3842468211481061,Stres Berat,Pokok Utama,109.23751297265837,-0.4281148897761511,1528,109.23748703,-0.42813492,6.32,0.419,0.419,Healthy,Sub-Optimal
AME II,D003A,D03,2009,43,21,121453,0.3696059206048669,Stres Berat,0.3924785042159277,Stres Berat,Pokok Utama,109.23759204504775,-0.4280824346634153,1444,109.23762672,-0.42808205,6.61,0.442,0.442,Healthy,Moderate
AME II,D003A,D03,2009,43,22,121443,0.3798467618700727,Stres Berat,0.42840477959391376,Stres Sedang,Pokok Utama,109.23767259290487,-0.4281146491005332,1935,109.23766219,-0.42813632,5.24,0.435,0.435,Healthy,Moderate
AME II,D003A,D03,2009,43,23,121449,0.38468886642561184,Stres Berat,0.387926817074633,Stres Berat,Pokok Utama,109.23776282279047,-0.42810161821920834,2412,109.23774394,-0.42810966,4.21,0.444,0.444,Healthy,Moderate
AME II,D003A,D03,2009,43,26,121404,0.4045988691124784,Stres Sedang,0.40827882504807067,Stres Sedang,Pokok Utama,109.23799408605663,-0.42809558489039884,1587,109.23802285,-0.42810566,6.17,0.443,0.443,Healthy,Moderate
AME II,D003A,D03,2009,43,27,121386,0.38123206125386916,Stres Berat,0.40760584424088636,Stres Sedang,Pokok Utama,109.23808000432375,-0.42810977967745484,3098,109.23810505,-0.42809302,2.94,0.471,0.471,Healthy,Good
AME II,D003A,D03,2009,43,29,121367,0.3856949551268573,Stres Berat,0.40948467041113484,Stres Sedang,Pokok Utama,109.23824189109774,-0.42810106350649824,1865,109.23821688,-0.42810751,5.41,0.461,0.461,Healthy,Good
AME II,D003A,D03,2009,44,6,138713,0.4279672819771519,Stres Sedang,0.4305267052771342,Stres Sedang,Pokok Utama,109.23639564878268,-0.4280244226823299,3589,109.23637948,-0.428037,0.68,0.578,0.578,Abnormal,Good
AME II,D003A,D03,2009,44,9,327165,0.3228163028621803,Stres Berat,0.35638731269330126,Stres Berat,Tamb,109.23668014386563,-0.4280125563217143,2177,109.23669747,-0.4280217,4.66,0.502,0.502,Healthy,Good
AME II,D003A,D03,2009,44,13,138732,0.38263881479025535,Stres Berat,0.393273816451806,Stres Berat,Pokok Utama,109.23706034520033,-0.42802088521928683,2199,109.23706891,-0.42802812,4.6,0.459,0.459,Healthy,Moderate
AME II,D003A,D03,2009,44,15,121468,0.39923208724507037,Stres Berat,0.396302507188346,Stres Berat,Pokok Utama,109.237208366498,-0.42803430854430224,851,109.23723329,-0.42802409,8.9,0.515,0.515,Healthy,Good
AME II,D003A,D03,2009,44,16,121466,0.4100333059670746,Stres Sedang,0.4157385596035837,Stres Sedang,Pokok Utama,109.2372856917009,-0.42801773796425674,502,109.23727237,-0.4279938,10.79,0.46,0.46,Healthy,Good
AME II,D003A,D03,2009,44,17,121464,0.408009791382316,Stres Sedang,0.4143237312628816,Stres Sedang,Pokok Utama,109.23738075973583,-0.42801616478114013,1599,109.23739903,-0.42799067,6.14,0.498,0.498,Healthy,Good
AME II,D003A,D03,2009,44,20,121444,0.38546872859321385,Stres Berat,0.41600216455900896,Stres Sedang,Pokok Utama,109.23762019048738,-0.4280239013128337,1718,109.23763033,-0.42799389,5.81,0.438,0.438,Healthy,Moderate
AME II,D003A,D03,2009,44,23,121398,0.37920380325043157,Stres Berat,0.384746518946739,Stres Berat,Pokok Utama,109.23786214091818,-0.4280198544863411,2582,109.23788634,-0.42799711,3.93,0.441,0.441,Healthy,Moderate
AME II,D003A,D03,2009,44,24,121405,0.39985685243793306,Stres Berat,0.4097517216381644,Stres Sedang,Pokok Utama,109.23793284952869,-0.42802666304446263,2921,109.23792362,-0.42800526,3.32,0.432,0.432,Healthy,Moderate
AME II,D003A,D03,2009,44,25,121413,0.3738466015157899,Stres Berat,0.40080999193929967,Stres Sedang,Pokok Utama,109.23803142755632,-0.42802328929906247,2464,109.23802512,-0.42799217,4.12,0.474,0.474,Healthy,Good
AME II,D003A,D03,2009,44,26,121387,0.3782833974296544,Stres Berat,0.42316555626831387,Stres Sedang,Pokok Utama,109.23810804758467,-0.42802273821948383,3124,109.23810506,-0.42805006,2.9,0.463,0.463,Healthy,Good
AME II,D003A,D03,2009,44,27,121374,0.41112005847540156,Stres Sedang,0.42792549353462084,Stres Sedang,Pokok Utama,109.23818763017303,-0.4280258782740737,2825,109.23820612,-0.42800397,3.5,0.488,0.488,Healthy,Good
AME II,D003A,D03,2009,44,28,121368,0.38253146855645753,Stres Berat,0.38291091072724226,Stres Berat,Pokok Utama,109.2382579127829,-0.42801796291339894,3335,109.23824385,-0.42800217,2.08,0.41,0.41,Healthy,Sub-Optimal
AME II,D003A,D03,2009,45,10,327168,0.36762633224840985,Stres Berat,0.40300075769782423,Stres Sedang,Tamb,109.23675500432718,-0.4279560612556069,1233,109.23674779,-0.42796972,7.36,0.474,0.474,Healthy,Good
AME II,D003A,D03,2009,45,13,138731,0.4483404635493435,Stres Sedang,0.449110085275685,Stres Sedang,Pokok Utama,109.23699300105274,-0.4279690514462702,1032,109.23700649,-0.42797927,8.07,0.509,0.509,Healthy,Good
AME II,D003A,D03,2009,45,14,138735,0.3775060969660806,Stres Berat,0.3808441090981046,Stres Berat,Pokok Utama,109.23716274233209,-0.4279716245795496,879,109.23714392,-0.42796936,8.75,0.469,0.469,Healthy,Good
AME II,D003A,D03,2009,45,16,18611,0.41224274403501115,Stres Sedang,0.4328229400073974,Stres Sedang,Pokok Utama,109.2373278029877,-0.42794161289176474,609,109.2373146,-0.4279486,10.27,0.402,0.402,Healthy,Sub-Optimal
AME II,D003A,D03,2009,45,17,121456,0.4269291662087024,Stres Sedang,0.4262437007221139,Stres Sedang,Pokok Utama,109.23743442009396,-0.4279558133678495,1373,109.2374462,-0.42795903,6.85,0.493,0.493,Healthy,Good
AME II,D003A,D03,2009,45,22,121399,0.3863964320574201,Stres Berat,0.4147909786910392,Stres Sedang,Pokok Utama,109.23782061892553,-0.42795023004468363,2715,109.23782078,-0.42793153,3.68,0.459,0.459,Healthy,Moderate
AME II,D003A,D03,2009,45,24,121414,0.421139659632522,Stres Sedang,0.41484732695507665,Stres Sedang,Pokok Utama,109.23797976573573,-0.4279542322155574,2632,109.23798651,-0.42796096,3.84,0.446,0.446,Healthy,Moderate
AME II,D003A,D03,2009,45,25,121388,0.3915229887336525,Stres Berat,0.40416586284385125,Stres Sedang,Pokok Utama,109.23806652389982,-0.4279604946683423,2653,109.2380705,-0.42792616,3.8,0.462,0.462,Healthy,Good
AME II,D003A,D03,2009,45,27,121369,0.39875731974953604,Stres Berat,0.44203201746747184,Stres Sedang,Pokok Utama,109.23822809921903,-0.4279428077530889,2970,109.23821916,-0.42793976,3.24,0.502,0.502,Healthy,Good
AME II,D003A,D03,2009,46,7,138652,0.3497393407041211,Stres Berat,0.3771265527239075,Stres Berat,Pokok Utama,109.2364888406996,-0.4279109275442428,2953,109.23648371,-0.42792399,3.26,0.472,0.472,Healthy,Good
AME II,D003A,D03,2009,46,11,121432,0.43588658287079723,Stres Sedang,0.4071155693404385,Stres Sedang,Pokok Utama,109.23738744054752,-0.42789653467874383,1029,109.23740309,-0.42790747,8.08,0.5,0.5,Healthy,Good
AME II,D003A,D03,2009,46,12,121447,0.38717002126635336,Stres Berat,0.3790772916226909,Stres Berat,Pokok Utama,109.2375075480035,-0.4278748692132006,1278,109.23750056,-0.42787404,7.18,0.374,0.374,Suspect,Critical
AME II,D003A,D03,2009,46,14,121446,0.39791142679296,Stres Berat,0.4056037876916968,Stres Sedang,Pokok Utama,109.23761655537987,-0.4278892501929619,1682,109.23759981,-0.4279143,5.89,0.421,0.421,Healthy,Sub-Optimal
AME II,D003A,D03,2009,46,15,121424,0.37660556213059937,Stres Berat,0.3879734399224931,Stres Berat,Pokok Utama,109.23770344997922,-0.427895881631612,2124,109.23768425,-0.42792427,4.76,0.495,0.495,Healthy,Good
AME II,D003A,D03,2009,46,16,121400,0.3995969548048677,Stres Berat,0.3772274713306393,Stres Berat,Pokok Utama,109.23778006879888,-0.42789662550766744,3076,109.23777812,-0.42791298,3.0,0.451,0.451,Abnormal,Moderate
AME II,D003A,D03,2009,46,18,121415,0.4034325225209373,Stres Sedang,0.3946860501653898,Stres Berat,Pokok Utama,109.23795907012473,-0.4278926816592502,3198,109.23798023,-0.42790941,2.68,0.387,0.387,Healthy,Critical
AME II,D003A,D03,2009,46,19,121389,0.38325624962485433,Stres Berat,0.39248288583469104,Stres Berat,Pokok Utama,109.23803849666601,-0.427894683159427,2668,109.23804266,-0.42789406,3.78,0.424,0.424,Healthy,Sub-Optimal
AME II,D003A,D03,2009,46,20,121376,0.379689831770906,Stres Berat,0.41274471721812267,Stres Sedang,Pokok Utama,109.23810726149163,-0.4278972509981328,1694,109.23812171,-0.42790402,5.86,0.447,0.447,Healthy,Moderate
AME II,D003A,D03,2009,46,22,121370,0.37280110718274323,Stres Berat,0.393708026708247,Stres Berat,Pokok Utama,109.2382769567912,-0.4278852558117508,2972,109.23830002,-0.42789592,3.23,0.3,0.3,Abnormal,Critical
AME II,D003A,D03,2009,47,8,138659,0.3653248237756054,Stres Berat,0.42529847709908947,Stres Sedang,Pokok Utama,109.2365997769749,-0.42780567738172626,3534,109.23661129,-0.42778295,1.06,0.455,0.455,Healthy,Moderate
AME II,D003A,D03,2009,47,10,138668,0.39595659680830647,Stres Berat,0.4128148993273368,Stres Sedang,Pokok Utama,109.23675790391528,-0.4278106586835817,3537,109.23673345,-0.4277988,1.05,0.418,0.418,Healthy,Sub-Optimal
AME II,D003A,D03,2009,47,11,138667,0.42290314363700987,Stres Sedang,0.4208809752655689,Stres Sedang,Pokok Utama,109.23684695321163,-0.42779855624731283,3481,109.23686415,-0.42779883,1.28,0.453,0.453,Healthy,Moderate
AME II,D003A,D03,2009,47,15,121429,0.41823882655552047,Stres Sedang,0.39384072874678316,Stres Berat,Pokok Utama,109.23751136162073,-0.4278256535675338,1265,109.23750551,-0.42783741,7.23,0.48,0.48,Healthy,Good
AME II,D003A,D03,2009,47,16,121427,0.38037591494413225,Stres Berat,0.3853726261795051,Stres Berat,Pokok Utama,109.23761050941394,-0.4278052800126939,2294,109.23759445,-0.42778227,4.44,0.521,0.521,Healthy,Good
AME II,D003A,D03,2009,47,17,121425,0.40207221410901034,Stres Sedang,0.4053499600789897,Stres Sedang,Pokok Utama,109.23765713351067,-0.4278162047935404,2650,109.23764744,-0.42783247,3.81,0.441,0.441,Abnormal,Moderate
AME II,D003A,D03,2009,47,18,121401,0.36765227919850996,Stres Berat,0.3935928547736974,Stres Berat,Pokok Utama,109.23775007420707,-0.4278235881958577,2225,109.23775568,-0.42782571,4.56,0.421,0.421,Healthy,Sub-Optimal
AME II,D003A,D03,2009,47,19,121408,0.4206050091758492,Stres Sedang,0.3982244294196072,Stres Berat,Pokok Utama,109.23784993296742,-0.42784466701519125,2378,109.23782529,-0.42784834,4.28,0.445,0.445,Healthy,Moderate
AME II,D003A,D03,2009,47,20,121416,0.3785025475788791,Stres Berat,0.33299841023903193,Stres Berat,Pokok Utama,109.23792049161841,-0.42783155922425314,3137,109.23793578,-0.42783299,2.87,0.354,0.354,Healthy,Critical
AME II,D003A,D03,2009,47,21,121390,0.38112946226990085,Stres Berat,0.38622549638773934,Stres Berat,Pokok Utama,109.23798971100683,-0.4278181952049812,2523,109.2379789,-0.4278226,4.03,0.431,0.431,Healthy,Moderate
AME II,D003A,D03,2009,47,22,121377,0.383970802255854,Stres Berat,0.393419893592811,Stres Berat,Pokok Utama,109.2380619608336,-0.4278220407190565,3186,109.2380539,-0.42785156,2.7,0.437,0.437,Healthy,Moderate
AME II,D003A,D03,2009,47,23,121380,0.36353159110172045,Stres Berat,0.4047477825997722,Stres Sedang,Pokok Utama,109.23815021471268,-0.4278239746251948,2631,109.23813655,-0.42781902,3.84,0.421,0.421,Healthy,Sub-Optimal
AME II,D003A,D03,2009,47,24,121371,0.347505767792018,Stres Berat,0.3808911759479022,Stres Berat,Pokok Utama,109.2382250012161,-0.42782016401370915,2987,109.23822772,-0.42784572,3.21,0.493,0.493,Healthy,Good
AME II,D003A,D03,2009,48,7,138654,0.4063848986925883,Stres Sedang,0.439702428993769,Stres Sedang,Pokok Utama,109.23646148432624,-0.4277279081756699,3319,109.23648465,-0.42772776,2.15,0.639,0.639,Healthy,Good
AME II,D003A,D03,2009,48,9,138660,0.39505773470364813,Stres Berat,0.458643601472991,Stres Sedang,Pokok Utama,109.23660058027963,-0.427757371693615,3534,109.23661129,-0.42778295,1.06,0.455,0.455,Healthy,Moderate
AME II,D003A,D03,2009,48,11,138672,0.48515901993453436,Stres Sedang,0.46769047007054126,Stres Sedang,Pokok Utama,109.23693332421627,-0.4277180248290236,3374,109.23691268,-0.42772017,1.86,0.405,0.405,Healthy,Sub-Optimal
AME II,D003A,D03,2009,48,12,138670,0.4769841688263173,Stres Sedang,0.4831421334882905,Stres Sedang,Pokok Utama,109.2370029565542,-0.4277371017666883,3364,109.23699576,-0.42775907,1.89,0.534,0.534,Healthy,Good
AME II,D003A,D03,2009,48,15,138677,0.4437874168100904,Stres Sedang,0.43966330247918584,Stres Sedang,Pokok Utama,109.23715275588678,-0.42778435081617877,1211,109.23713498,-0.42781065,7.45,0.639,0.639,Healthy,Good
AME II,D003A,D03,2009,48,18,121430,0.39025894342605155,Stres Berat,0.38592819899490594,Stres Berat,Pokok Utama,109.23747794811142,-0.42774518212978135,2422,109.23746825,-0.42775466,4.2,0.451,0.451,Healthy,Moderate
AME II,D003A,D03,2009,48,20,121426,0.40267813988070494,Stres Sedang,0.3979221477575927,Stres Berat,Pokok Utama,109.23760925389618,-0.4277529406437072,2294,109.23759445,-0.42778227,4.44,0.521,0.521,Healthy,Good
AME II,D003A,D03,2009,48,21,121402,0.38655753622301,Stres Berat,0.40683985268822886,Stres Sedang,Pokok Utama,109.23769741706792,-0.4277586337058593,2069,109.23772291,-0.42777461,4.91,0.482,0.482,Healthy,Good
AME II,D003A,D03,2009,48,22,121410,0.41928481181938104,Stres Sedang,0.401115630217275,Stres Sedang,Pokok Utama,109.23778614946264,-0.4277458936450684,2341,109.2377795,-0.42777779,4.35,0.387,0.387,Healthy,Critical
AME II,D003A,D03,2009,48,24,121391,0.39783770284971165,Stres Berat,0.3724227802966156,Stres Berat,Pokok Utama,109.23794783035338,-0.4277496223819591,2545,109.23795242,-0.42774256,4.0,0.38,0.38,Abnormal,Critical
AME II,D003A,D03,2009,48,26,121379,0.38370815954386894,Stres Berat,0.4181777689685403,Stres Sedang,Pokok Utama,109.23811474286175,-0.42773336548025204,2227,109.2380966,-0.42770552,4.55,0.443,0.443,Healthy,Moderate
AME II,D003A,D03,2009,48,27,138725,0.39707750014743953,Stres Berat,0.4241930931904922,Stres Sedang,Pokok Utama,109.23818318807132,-0.42775095276277736,3135,109.23814869,-0.42775798,2.87,0.505,0.505,Healthy,Good
AME II,D003A,D03,2009,49,7,138655,0.3985757498336979,Stres Berat,0.4406744818787675,Stres Sedang,Pokok Utama,109.23646433605691,-0.42767405147049053,3445,109.23647972,-0.42766943,1.42,0.482,0.482,Healthy,Good
AME II,D003A,D03,2009,49,8,262654,0.37566388411160495,Stres Berat,0.4287161855278788,Stres Sedang,Pokok Utama,109.23653261842375,-0.4276846050705513,3363,109.23656506,-0.42767487,1.89,0.482,0.482,Healthy,Good
AME II,D003A,D03,2009,49,9,262665,0.38673342888790335,Stres Berat,0.3917120029591527,Stres Berat,Pokok Utama,109.23660944342677,-0.4276830276599057,3561,109.23661535,-0.42771558,0.86,0.48,0.48,Abnormal,Good
AME II,D003A,D03,2009,49,10,138662,0.35005533912951114,Stres Berat,0.37723263263953283,Stres Berat,Pokok Utama,109.23667743804174,-0.42770281228356943,2651,109.23665803,-0.42768077,3.8,0.493,0.493,Healthy,Good
AME II,D003A,D03,2009,49,11,262724,0.4277779980259941,Stres Sedang,0.4340885015150819,Stres Sedang,Pokok Utama,109.23677429396935,-0.4276838850914601,1767,109.2367748,-0.42768577,5.68,0.433,0.433,Healthy,Moderate
AME II,D003A,D03,2009,49,12,262728,0.3552107456675667,Stres Berat,0.3615589298334761,Stres Berat,Pokok Utama,109.23683765481059,-0.4277019106849673,3547,109.23686776,-0.42772061,0.95,0.434,0.434,Abnormal,Moderate
AME II,D003A,D03,2009,49,13,262746,0.459545887290363,Stres Sedang,0.42481190783708467,Stres Sedang,Pokok Utama,109.23692583740258,-0.42766564244007466,3020,109.23695625,-0.4276727,3.14,0.461,0.461,Healthy,Good
AME II,D003A,D03,2009,49,14,262748,0.4297048472833517,Stres Sedang,0.4312927524457835,Stres Sedang,Pokok Utama,109.23701910242772,-0.4276804972405216,2172,109.23701779,-0.42766503,4.67,0.439,0.439,Healthy,Moderate
AME II,D003A,D03,2009,49,16,262761,0.4385540139953425,Stres Sedang,0.45755513963432837,Stres Sedang,Pokok Utama,109.23710757731197,-0.42765451817978717,1009,109.23710582,-0.42765058,8.16,0.515,0.515,Healthy,Good
AME II,D003A,D03,2009,49,17,262780,0.4369728461605161,Stres Sedang,0.4476453384115545,Stres Sedang,Pokok Utama,109.23717982488252,-0.4276680930555261,1715,109.23718845,-0.42769717,5.81,0.524,0.524,Healthy,Good
AME II,D003A,D03,2009,49,20,262803,0.40703089926432423,Stres Sedang,0.4044160048494966,Stres Sedang,Pokok Utama,109.2373429998578,-0.4276783204420358,3021,109.23732634,-0.42769314,3.14,0.442,0.442,Healthy,Moderate
AME II,D003A,D03,2009,49,21,262827,0.4110739522081437,Stres Sedang,0.4055834880346717,Stres Sedang,Pokok Utama,109.23743114111217,-0.4276737162340808,1933,109.23740943,-0.42768185,5.26,0.462,0.462,Healthy,Good
AME II,D003A,D03,2009,49,22,262838,0.38227919949638184,Stres Berat,0.39764574222067367,Stres Berat,Pokok Utama,109.23751491719564,-0.427675122801819,2032,109.23749297,-0.42767418,5.0,0.453,0.453,Healthy,Moderate
AME II,D003A,D03,2009,49,24,262862,0.3682019519916227,Stres Berat,0.3882725156602167,Stres Berat,Pokok Utama,109.23767501161137,-0.4276911107672201,2259,109.2376852,-0.42769638,4.49,0.397,0.397,Healthy,Sub-Optimal
AME II,D003A,D03,2009,49,25,121411,0.3478448599495966,Stres Berat,0.3839872222238204,Stres Berat,Pokok Utama,109.23776052235651,-0.4276724449843213,3138,109.23776559,-0.42769866,2.86,0.411,0.411,Abnormal,Sub-Optimal
AME II,D003A,D03,2009,49,26,262874,0.3871907998796843,Stres Berat,0.36917153299839583,Stres Berat,Pokok Utama,109.23782759591455,-0.42768205421127853,2852,109.23782263,-0.42769415,3.45,0.453,0.453,Healthy,Moderate
AME II,D003A,D03,2009,49,27,262893,0.39920805315753866,Stres Berat,0.3920737070282205,Stres Berat,Pokok Utama,109.237924879293,-0.4276796839230284,2428,109.23791201,-0.42768242,4.19,0.447,0.447,Healthy,Moderate
AME II,D003A,D03,2009,49,28,262894,0.37803236511270355,Stres Berat,0.379120981019445,Stres Berat,Pokok Utama,109.23799500402082,-0.4276707683601809,2305,109.23798927,-0.4276422,4.42,0.553,0.553,Healthy,Good
AME II,D003A,D03,2009,49,29,262908,0.38504441114078725,Stres Berat,0.4075653158563903,Stres Sedang,Pokok Utama,109.23807741788711,-0.4276742029526597,1420,109.23807416,-0.42765081,6.69,0.451,0.451,Healthy,Moderate
AME II,D003A,D03,2009,49,30,262917,0.4466774015969794,Stres Sedang,0.4694023250014349,Stres Sedang,Pokok Utama,109.2381396807214,-0.42768595787548586,3189,109.23813614,-0.42765037,2.69,0.509,0.509,Abnormal,Good
AME II,D003A,D03,2009,49,31,327161,0.4214859798680322,Stres Sedang,0.4711564733218603,Stres Sedang,Tamb,109.23818481853905,-0.4276480971151068,2822,109.23818779,-0.42766214,3.5,0.415,0.415,Abnormal,Sub-Optimal
AME II,D003A,D03,2009,49,32,262921,0.3829989856564404,Stres Berat,0.39019136099887075,Stres Berat,Pokok Utama,109.23826211901209,-0.4276849606993536,2742,109.23827941,-0.42767753,3.65,0.282,0.282,Abnormal,Critical
AME II,D003A,D03,2009,50,6,262653,0.45342203393412556,Stres Sedang,0.46348753899962336,Stres Sedang,Pokok Utama,109.23639619438904,-0.4275941218569731,3459,109.23640338,-0.42761244,1.37,0.486,0.486,Healthy,Good
AME II,D003A,D03,2009,50,7,262655,0.44308524188155485,Stres Sedang,0.47375561529212146,Stres Sedang,Pokok Utama,109.23645909288446,-0.427595189915805,3398,109.23645593,-0.42761381,1.72,0.537,0.537,Healthy,Good
AME II,D003A,D03,2009,50,8,262666,0.385479068215714,Stres Berat,0.4418295808773934,Stres Sedang,Pokok Utama,109.23651649133187,-0.42761959034251684,3588,109.2364986,-0.42761337,0.69,0.624,0.624,Abnormal,Good
AME II,D003A,D03,2009,50,9,262664,0.39691936696252195,Stres Berat,0.4360007959274718,Stres Sedang,Pokok Utama,109.23659809307189,-0.42761131498310323,2708,109.23661223,-0.42760435,3.7,0.423,0.423,Healthy,Sub-Optimal
AME II,D003A,D03,2009,50,11,262725,0.4126084695178635,Stres Sedang,0.41735327420112966,Stres Sedang,Pokok Utama,109.23672476107309,-0.42761095633719715,1932,109.23673081,-0.42758991,5.26,0.458,0.458,Healthy,Moderate
AME II,D003A,D03,2009,50,12,327177,0.38390808001967075,Stres Berat,0.4166543905993326,Stres Sedang,Tamb,109.23676741191817,-0.4276029640544143,2073,109.23676269,-0.42763151,4.9,0.449,0.449,Healthy,Moderate
AME II,D003A,D03,2009,50,14,262747,0.4347421115738949,Stres Sedang,0.4106333523236049,Stres Sedang,Pokok Utama,109.23689732921699,-0.42761730464399766,2662,109.23690866,-0.42763064,3.78,0.497,0.497,Healthy,Good
AME II,D003A,D03,2009,50,16,262804,0.40192899379967284,Stres Sedang,0.41161883705689645,Stres Sedang,Pokok Utama,109.23730007628014,-0.427613890903576,2529,109.23732591,-0.42761537,4.03,0.491,0.491,Healthy,Good
AME II,D003A,D03,2009,50,17,262808,0.3961258041544709,Stres Berat,0.37591168690852195,Stres Berat,Pokok Utama,109.23738129301637,-0.427608145674246,3089,109.23736903,-0.42759593,2.97,0.398,0.398,Healthy,Sub-Optimal
AME II,D003A,D03,2009,50,18,262828,0.3589757464259215,Stres Berat,0.3759404387495194,Stres Berat,Pokok Utama,109.23746345479185,-0.4276179139282532,3092,109.23746424,-0.42761585,2.97,0.369,0.369,Healthy,Critical
AME II,D003A,D03,2009,50,20,262842,0.3608648157674741,Stres Berat,0.39004286857140735,Stres Berat,Pokok Utama,109.2376293973292,-0.4276125545253979,2120,109.23762189,-0.42761317,4.78,0.434,0.434,Healthy,Moderate
AME II,D003A,D03,2009,50,21,262863,0.3554095118047103,Stres Berat,0.3986804547200266,Stres Berat,Pokok Utama,109.23770898116238,-0.42760619218133866,2998,109.23769015,-0.42762947,3.19,0.408,0.408,Abnormal,Sub-Optimal
AME II,D003A,D03,2009,50,22,121412,0.34989543457151107,Stres Berat,0.3980560578741469,Stres Berat,Pokok Utama,109.2377551964545,-0.42759389714830287,1961,109.23776157,-0.42759783,5.18,0.479,0.479,Healthy,Good
AME II,D003A,D03,2009,50,23,262881,0.3539037843953344,Stres Berat,0.35106736609640604,Stres Berat,Pokok Utama,109.23787113779737,-0.4276034923474542,2863,109.23784646,-0.42759695,3.43,0.481,0.481,Healthy,Good
AME II,D003A,D03,2009,50,26,262918,0.3954885658458965,Stres Berat,0.4250325130986738,Stres Sedang,Pokok Utama,109.23812560160957,-0.42760147759924744,2091,109.23812493,-0.42758164,4.85,0.533,0.533,Healthy,Good
AME II,D003A,D03,2009,51,2,262592,0.37720517389859265,Stres Berat,0.4417942920484041,Stres Sedang,Pokok Utama,109.23603191441998,-0.4275571295091167,846,109.23600546,-0.42754226,8.92,0.527,0.527,Healthy,Good
AME II,D003A,D03,2009,51,4,262603,0.3966313949233819,Stres Berat,0.4573079347879044,Stres Sedang,Pokok Utama,109.23620541455773,-0.4275413778675226,3241,109.23620263,-0.42757486,2.53,0.537,0.537,Healthy,Good
AME II,D003A,D03,2009,51,5,262610,0.42257194313772284,Stres Sedang,0.4429518000683508,Stres Sedang,Pokok Utama,109.2362953460752,-0.4275443629638374,3479,109.23626551,-0.42755634,1.28,0.503,0.503,Healthy,Good
AME II,D003A,D03,2009,51,7,262656,0.3923376096342804,Stres Berat,0.44516274043292636,Stres Sedang,Pokok Utama,109.23646221209098,-0.42753829573034163,3512,109.23647032,-0.42755639,1.15,0.567,0.567,Healthy,Good
AME II,D003A,D03,2009,51,9,262670,0.3481616432306566,Stres Berat,0.3916386725569072,Stres Berat,Pokok Utama,109.23661903670295,-0.4275464182473255,2470,109.2366311,-0.42756411,4.11,0.445,0.445,Healthy,Moderate
AME II,D003A,D03,2009,51,10,262726,0.4069534910010488,Stres Sedang,0.41857806044177776,Stres Sedang,Pokok Utama,109.23676285053448,-0.4275319420184755,1621,109.23673082,-0.42753701,6.08,0.39,0.39,Healthy,Sub-Optimal
AME II,D003A,D03,2009,51,11,262730,0.38558670353344954,Stres Berat,0.40628374361461905,Stres Sedang,Pokok Utama,109.23683809277941,-0.42752254294503395,2164,109.23683951,-0.42752301,4.68,0.441,0.441,Healthy,Moderate
AME II,D003A,D03,2009,51,13,262767,0.4376829816203051,Stres Sedang,0.40836974907638435,Stres Sedang,Pokok Utama,109.23701079710085,-0.42752656993538324,690,109.23702859,-0.42754702,9.75,0.505,0.505,Healthy,Good
AME II,D003A,D03,2009,51,14,262762,0.38080890520900285,Stres Berat,0.3616250154402879,Stres Berat,Pokok Utama,109.23713630895226,-0.42753453056781426,3014,109.23711528,-0.42753664,3.14,0.479,0.479,Abnormal,Good
AME II,D003A,D03,2009,51,16,262805,0.4061798021987993,Stres Sedang,0.3874502564092483,Stres Berat,Pokok Utama,109.23730912465179,-0.4275347767010005,2964,109.23729044,-0.42754527,3.24,0.485,0.485,Healthy,Good
AME II,D003A,D03,2009,51,17,262809,0.38415756903337994,Stres Berat,0.3683495810979553,Stres Berat,Pokok Utama,109.23739629275667,-0.42753550401424456,3358,109.23742428,-0.42755797,1.95,0.472,0.472,Healthy,Good
AME II,D003A,D03,2009,51,19,262840,0.34214630956894293,Stres Berat,0.3742124250242036,Stres Berat,Pokok Utama,109.23755274984988,-0.42753271333817083,2577,109.23754825,-0.42753719,3.94,0.389,0.389,Healthy,Critical
AME II,D003A,D03,2009,51,20,262843,0.3699134701406247,Stres Berat,0.38761996833005347,Stres Berat,Pokok Utama,109.23763600250454,-0.42753298216780466,2807,109.23765604,-0.42751145,3.53,0.493,0.493,Healthy,Good
AME II,D003A,D03,2009,51,21,262864,0.33546328379904705,Stres Berat,0.3716595847614528,Stres Berat,Pokok Utama,109.23771603908106,-0.42753049213792016,3152,109.23770544,-0.42753045,2.82,0.376,0.376,Healthy,Critical
AME II,D003A,D03,2009,51,22,262875,0.3549000364183861,Stres Berat,0.3794203229436579,Stres Berat,Pokok Utama,109.23780336646665,-0.4275221683430799,2377,109.23777192,-0.42750514,4.29,0.49,0.49,Healthy,Good
AME II,D003A,D03,2009,51,23,262882,0.3841643080844179,Stres Berat,0.37220225338815716,Stres Berat,Pokok Utama,109.23787194940729,-0.42753052817038595,2741,109.23788555,-0.4275124,3.65,0.452,0.452,Healthy,Moderate
AME II,D003A,D03,2009,51,24,262896,0.4265960691611058,Stres Sedang,0.41305483701956586,Stres Sedang,Pokok Utama,109.2379380180327,-0.4275312506013382,2485,109.23794798,-0.42750247,4.09,0.471,0.471,Healthy,Good
AME II,D003A,D03,2009,51,27,262938,0.37884634161670927,Stres Berat,0.39652245170898265,Stres Berat,Pokok Utama,109.23826425362572,-0.42754568175315133,805,109.23827091,-0.42751973,9.15,0.357,0.357,Suspect,Critical
AME II,D003A,D03,2009,52,1,262583,0.39432026633852,Stres Berat,0.4565609589259403,Stres Sedang,Pokok Utama,109.2359988211587,-0.4274590234681161,358,109.23598618,-0.42743329,11.69,0.55,0.55,Healthy,Good
AME II,D003A,D03,2009,52,4,262611,0.37476058910252547,Stres Berat,0.43574924472574,Stres Sedang,Pokok Utama,109.23623347613669,-0.4274723157805377,3304,109.23621073,-0.42749619,2.22,0.532,0.532,Healthy,Good
AME II,D003A,D03,2009,52,5,262644,0.4088161723121353,Stres Sedang,0.42777318879179577,Stres Sedang,Pokok Utama,109.23631722405062,-0.42747489069974887,3265,109.23631718,-0.42745417,2.42,0.462,0.462,Healthy,Good
AME II,D003A,D03,2009,52,6,262657,0.4210562819676791,Stres Sedang,0.4686969426721021,Stres Sedang,Pokok Utama,109.23641790888034,-0.4274616723276777,2605,109.23643934,-0.42747997,3.89,0.477,0.477,Healthy,Good
AME II,D003A,D03,2009,52,7,262662,0.3383167596136274,Stres Berat,0.37646132442845304,Stres Berat,Pokok Utama,109.2364948709844,-0.4274694028955806,2868,109.23648516,-0.42744064,3.42,0.482,0.482,Healthy,Good
AME II,D003A,D03,2009,52,8,262671,0.3951631211914407,Stres Berat,0.4298836613530947,Stres Sedang,Pokok Utama,109.23659131989177,-0.4274941722602633,630,109.23660507,-0.42748905,10.1,0.412,0.412,Healthy,Sub-Optimal
AME II,D003A,D03,2009,52,9,262668,0.3675214738472121,Stres Berat,0.4020591819336495,Stres Sedang,Pokok Utama,109.23666064147727,-0.4274854156801053,1287,109.23666974,-0.42751212,7.15,0.448,0.448,Healthy,Moderate
AME II,D003A,D03,2009,52,13,262783,0.3840420460422175,Stres Berat,0.36472175259125206,Stres Berat,Pokok Utama,109.23718509819791,-0.42747707540090674,3149,109.23717503,-0.42744532,2.83,0.495,0.495,Healthy,Good
AME II,D003A,D03,2009,52,14,262806,0.3870093178830179,Stres Berat,0.37769409395360315,Stres Berat,Pokok Utama,109.23726178615917,-0.42747781837630916,2720,109.23725183,-0.42747473,3.68,0.416,0.416,Healthy,Sub-Optimal
AME II,D003A,D03,2009,52,18,262844,0.3775778298933199,Stres Berat,0.39693652022708287,Stres Berat,Pokok Utama,109.23760038514293,-0.4274699216143068,1067,109.23759902,-0.42745853,7.93,0.405,0.405,Healthy,Sub-Optimal
AME II,D003A,D03,2009,52,19,262865,0.36315093019879446,Stres Berat,0.38146055138032453,Stres Berat,Pokok Utama,109.2376821180607,-0.4274814061234508,3227,109.23767851,-0.42747438,2.6,0.437,0.437,Abnormal,Moderate
AME II,D003A,D03,2009,52,20,262876,0.38812915844319795,Stres Berat,0.42687248424057916,Stres Sedang,Pokok Utama,109.23777184606695,-0.4274790277506558,2377,109.23777192,-0.42750514,4.29,0.49,0.49,Healthy,Good
AME II,D003A,D03,2009,52,22,262897,0.40466618034988644,Stres Sedang,0.39387182637417606,Stres Berat,Pokok Utama,109.23794210680695,-0.4274767927784449,2485,109.23794798,-0.42750247,4.09,0.471,0.471,Healthy,Good
AME II,D003A,D03,2009,52,23,262911,0.4276763073399881,Stres Sedang,0.41665589691211397,Stres Sedang,Pokok Utama,109.23801759309673,-0.42748460528828036,1721,109.23804275,-0.42749571,5.8,0.38,0.38,Healthy,Critical
AME II,D003A,D03,2009,52,24,262919,0.4042359688628355,Stres Sedang,0.4051461205817759,Stres Sedang,Pokok Utama,109.23806985703017,-0.4274776859023289,1721,109.23804275,-0.42749571,5.8,0.38,0.38,Healthy,Critical
AME II,D003A,D03,2009,52,25,262924,0.40814707857116156,Stres Sedang,0.4397952659685809,Stres Sedang,Pokok Utama,109.23814717905695,-0.42747515183134527,3219,109.23811956,-0.42747222,2.63,0.437,0.437,Healthy,Moderate
AME II,D003A,D03,2009,52,26,262939,0.387586510559123,Stres Berat,0.4018316014200959,Stres Sedang,Pokok Utama,109.23823210585695,-0.42747261951623394,2499,109.23822825,-0.42747179,4.06,0.416,0.416,Healthy,Sub-Optimal
AME II,D003A,D03,2009,53,2,262605,0.3915130853046394,Stres Berat,0.45493742691106215,Stres Sedang,Pokok Utama,109.23611116994176,-0.42741071827271254,2965,109.2361061,-0.42741388,3.24,0.461,0.461,Healthy,Good
AME II,D003A,D03,2009,53,3,262612,0.37367595315254826,Stres Berat,0.44431322685092534,Stres Sedang,Pokok Utama,109.23619324830264,-0.42739606137985375,2453,109.23620805,-0.42741209,4.15,0.457,0.457,Healthy,Moderate
AME II,D003A,D03,2009,53,7,262672,0.3914025195392171,Stres Berat,0.4244635404500342,Stres Sedang,Pokok Utama,109.23652851665312,-0.4274023604832227,3168,109.23653277,-0.42743387,2.76,0.394,0.394,Healthy,Sub-Optimal
AME II,D003A,D03,2009,53,10,262751,0.3937093711955966,Stres Berat,0.35921515501586304,Stres Berat,Pokok Utama,109.23689707155063,-0.42735682647940626,1147,109.23691365,-0.42738015,7.68,0.411,0.411,Healthy,Sub-Optimal
AME II,D003A,D03,2009,53,11,262769,0.39375840426463676,Stres Berat,0.3787081850366429,Stres Berat,Pokok Utama,109.23700464628375,-0.4273981642773738,1924,109.23700078,-0.42739781,5.27,0.369,0.369,Suspect,Critical
AME II,D003A,D03,2009,53,12,262764,0.361152554459878,Stres Berat,0.35583218331269634,Stres Berat,Pokok Utama,109.23707151029942,-0.4273969037651808,2764,109.23705692,-0.42742269,3.59,0.483,0.483,Abnormal,Good
AME II,D003A,D03,2009,53,13,262784,0.3406792020353813,Stres Berat,0.32531164866331885,Stres Berat,Pokok Utama,109.23714867204191,-0.42740378071361856,3101,109.23712115,-0.4273915,2.94,0.428,0.428,Healthy,Sub-Optimal
AME II,D003A,D03,2009,53,14,262807,0.38110000345784895,Stres Berat,0.35800570094635564,Stres Berat,Pokok Utama,109.23723154264916,-0.427389444106288,2569,109.23723164,-0.42737344,3.95,0.364,0.364,Healthy,Critical
AME II,D003A,D03,2009,53,15,262812,0.37840041399941754,Stres Berat,0.346248195740163,Stres Berat,Pokok Utama,109.23728732182582,-0.4273613830067153,2094,109.23729901,-0.42737301,4.85,0.39,0.39,Healthy,Sub-Optimal
AME II,D003A,D03,2009,53,16,262811,0.3910073898236497,Stres Berat,0.3825012241934871,Stres Berat,Pokok Utama,109.23731836821008,-0.42739935359570436,2094,109.23729901,-0.42737301,4.85,0.39,0.39,Healthy,Sub-Optimal
AME II,D003A,D03,2009,53,17,262837,0.4167128516452806,Stres Sedang,0.4102882570624889,Stres Sedang,Pokok Utama,109.23735450468692,-0.42735246585667747,1611,109.2373601,-0.42735493,6.11,0.442,0.442,Healthy,Moderate
AME II,D003A,D03,2009,53,18,262834,0.41612329015983324,Stres Sedang,0.40151277589418966,Stres Sedang,Pokok Utama,109.23739759322773,-0.42739075844727525,1550,109.2374041,-0.4274196,6.26,0.417,0.417,Healthy,Sub-Optimal
AME II,D003A,D03,2009,53,20,262831,0.37852586525208926,Stres Berat,0.3921870288997665,Stres Berat,Pokok Utama,109.23748111440804,-0.4273991217234964,1507,109.23749258,-0.42741465,6.41,0.474,0.474,Healthy,Good
AME II,D003A,D03,2009,53,23,262845,0.4023664558287092,Stres Sedang,0.42996653544720176,Stres Sedang,Pokok Utama,109.23764834553094,-0.42739565077687613,2272,109.2376664,-0.42739027,4.47,0.498,0.498,Healthy,Good
AME II,D003A,D03,2009,53,24,262846,0.379307030271282,Stres Berat,0.4032549140613337,Stres Sedang,Pokok Utama,109.23766309396856,-0.42733779616100814,2215,109.23763722,-0.42735183,4.57,0.483,0.483,Healthy,Good
AME II,D003A,D03,2009,53,25,262877,0.37381593948372177,Stres Berat,0.4087936562355266,Stres Sedang,Pokok Utama,109.23774184663621,-0.4274113918293283,2472,109.23774365,-0.42739436,4.11,0.484,0.484,Healthy,Good
AME II,D003A,D03,2009,53,29,262898,0.42453966043838837,Stres Sedang,0.4130709853884694,Stres Sedang,Pokok Utama,109.23787340265676,-0.4273972482234664,3048,109.23788468,-0.42738942,3.08,0.526,0.526,Healthy,Good
AME II,D003A,D03,2009,53,30,262899,0.4058281916682729,Stres Sedang,0.4084978851738635,Stres Sedang,Pokok Utama,109.23790637069249,-0.4273474894869448,2062,109.23791703,-0.4273311,4.93,0.523,0.523,Healthy,Good
AME II,D003A,D03,2009,53,31,262912,0.3993746504122726,Stres Berat,0.38745327963798987,Stres Berat,Pokok Utama,109.23795959780307,-0.4273947162011976,2358,109.2379507,-0.42741656,4.32,0.488,0.488,Healthy,Good
AME II,D003A,D03,2009,53,32,262913,0.4136585991871172,Stres Sedang,0.43672449930573254,Stres Sedang,Pokok Utama,109.23798677326309,-0.42735117951820834,2813,109.23799563,-0.42734061,3.51,0.442,0.442,Abnormal,Moderate
AME II,D003A,D03,2009,53,33,262920,0.3840794807469764,Stres Berat,0.402408673710667,Stres Sedang,Pokok Utama,109.2380423292415,-0.42740389949188456,3043,109.23802256,-0.4274315,3.09,0.451,0.451,Healthy,Moderate
AME II,D003A,D03,2009,53,34,262929,0.39295532946353373,Stres Berat,0.41314924577365575,Stres Sedang,Pokok Utama,109.23806762543607,-0.42734495580883447,2057,109.23805356,-0.42735962,4.94,0.509,0.509,Healthy,Good
AME II,D003A,D03,2009,53,35,262925,0.3950285015711144,Stres Berat,0.4211203137113614,Stres Sedang,Pokok Utama,109.23811994216686,-0.42740591863735045,2594,109.23808814,-0.42740213,3.9,0.484,0.484,Abnormal,Good
AME II,D003A,D03,2009,53,36,262926,0.37988846749878036,Stres Berat,0.42997402467348195,Stres Sedang,Pokok Utama,109.23812312515717,-0.4273449876179165,2023,109.23814609,-0.4273515,5.03,0.511,0.511,Healthy,Good
AME II,D003A,D03,2009,53,37,262940,0.397974602664988,Stres Berat,0.43728182766622364,Stres Sedang,Pokok Utama,109.23818649080513,-0.42739732054909146,1451,109.23819145,-0.42736507,6.6,0.49,0.49,Healthy,Good
AME II,D003A,D03,2009,53,39,262941,0.41269652291022285,Stres Sedang,0.4144308305481801,Stres Sedang,Pokok Utama,109.23827062338206,-0.427411218280045,707,109.23829968,-0.427418,9.69,0.274,0.274,Suspect,Critical
AME II,D003A,D03,2009,54,1,262585,0.3813594408685776,Stres Berat,0.4308200329452664,Stres Sedang,Pokok Utama,109.2360253128258,-0.42732185191627775,3435,109.23602437,-0.42733699,1.48,0.474,0.474,Abnormal,Good
AME II,D003A,D03,2009,54,2,262595,0.3991993267790848,Stres Berat,0.4484385149287805,Stres Sedang,Pokok Utama,109.23608044951746,-0.4273339867975416,3402,109.23606615,-0.42732932,1.67,0.51,0.51,Healthy,Good
AME II,D003A,D03,2009,54,3,262606,0.4000022203929076,Stres Sedang,0.45416422292576714,Stres Sedang,Pokok Utama,109.23614984969346,-0.42732714373402425,3485,109.23615418,-0.42729723,1.25,0.583,0.583,Healthy,Good
AME II,D003A,D03,2009,54,6,262660,0.41363942579371077,Stres Sedang,0.40286265948925365,Stres Sedang,Pokok Utama,109.23639623317949,-0.42733358414774714,3289,109.23639312,-0.42731809,2.29,0.44,0.44,Abnormal,Moderate
AME II,D003A,D03,2009,54,7,262673,0.4101357903459837,Stres Sedang,0.39863060756322677,Stres Berat,Pokok Utama,109.23647514018344,-0.42733280479745045,2723,109.23647441,-0.42731313,3.67,0.403,0.403,Abnormal,Sub-Optimal
AME II,D003A,D03,2009,54,8,262682,0.39503377662265166,Stres Berat,0.4261967383569051,Stres Sedang,Pokok Utama,109.23655674003481,-0.4273170300694716,2434,109.23657501,-0.42734028,4.18,0.479,0.479,Healthy,Good
AME II,D003A,D03,2009,54,14,262766,0.42894571923885216,Stres Sedang,0.40786377109638605,Stres Sedang,Pokok Utama,109.23702985975301,-0.42730804758986346,1279,109.23701562,-0.42731778,7.18,0.396,0.396,Healthy,Sub-Optimal
AME II,D003A,D03,2009,54,16,262785,0.4169625690625588,Stres Sedang,0.4180425777673578,Stres Sedang,Pokok Utama,109.23714552577157,-0.42730759594366163,1495,109.23715844,-0.42733454,6.45,0.375,0.375,Suspect,Critical
AME II,D003A,D03,2009,54,18,262836,0.4092670683147145,Stres Sedang,0.4047771169995903,Stres Sedang,Pokok Utama,109.23739254663232,-0.4272848429580092,1277,109.2373947,-0.42729662,7.19,0.438,0.438,Healthy,Moderate
AME II,D003A,D03,2009,54,19,262833,0.4069686510415301,Stres Sedang,0.4100813455722881,Stres Sedang,Pokok Utama,109.23747303598543,-0.42728996632648947,2045,109.23745488,-0.4272912,4.97,0.464,0.464,Healthy,Good
AME II,D003A,D03,2009,54,21,262866,0.42549217324050814,Stres Sedang,0.42139642063614413,Stres Sedang,Pokok Utama,109.23762238657235,-0.42727658282399567,1778,109.23762781,-0.42725552,5.65,0.452,0.452,Healthy,Moderate
AME II,D003A,D03,2009,54,23,262886,0.4179836498407865,Stres Sedang,0.4274402041000516,Stres Sedang,Pokok Utama,109.23779215087833,-0.4272768472076304,1742,109.23777466,-0.42730349,5.76,0.487,0.487,Healthy,Good
AME II,D003A,D03,2009,54,24,262900,0.41660527252642493,Stres Sedang,0.3875923496581471,Stres Berat,Pokok Utama,109.23786835922019,-0.427281380884467,2762,109.23787213,-0.42727638,3.6,0.373,0.373,Abnormal,Critical
AME II,D003A,D03,2009,54,25,262914,0.419890458207177,Stres Sedang,0.4020676623158475,Stres Sedang,Pokok Utama,109.23794608810127,-0.427290901223499,2226,109.23797858,-0.42728273,4.56,0.43,0.43,Healthy,Moderate
AME II,D003A,D03,2009,54,26,262930,0.3533664041161861,Stres Berat,0.3907806777260026,Stres Berat,Pokok Utama,109.23801920206681,-0.4272671232569446,1833,109.23805134,-0.4272615,5.49,0.426,0.426,Healthy,Sub-Optimal
AME II,D003A,D03,2009,54,28,262943,0.39946537047648906,Stres Berat,0.41988237702753395,Stres Sedang,Pokok Utama,109.2381852538768,-0.42726333279523093,968,109.23821168,-0.42725385,8.32,0.384,0.384,Healthy,Critical
AME II,D003A,D03,2009,55,1,262586,0.3712318029623666,Stres Berat,0.41942161555909696,Stres Sedang,Pokok Utama,109.23596790075582,-0.4272627327371907,2337,109.2359651,-0.42728363,4.35,0.455,0.455,Healthy,Moderate
AME II,D003A,D03,2009,55,4,262613,0.38014198830746465,Stres Berat,0.43427841448941246,Stres Sedang,Pokok Utama,109.23619803415717,-0.4272548977383393,3263,109.23619282,-0.42723394,2.43,0.473,0.473,Healthy,Good
AME II,D003A,D03,2009,55,7,262683,0.38282789925793637,Stres Berat,0.4067820919176134,Stres Sedang,Pokok Utama,109.23650621388234,-0.4272351901351456,1629,109.23650407,-0.42725255,6.06,0.487,0.487,Healthy,Good
AME II,D003A,D03,2009,55,9,262733,0.366650164078693,Stres Berat,0.4079741658589702,Stres Sedang,Pokok Utama,109.23669791121135,-0.4272352841741973,3047,109.23669047,-0.4272015,3.08,0.399,0.399,Healthy,Sub-Optimal
AME II,D003A,D03,2009,55,10,262737,0.34733108982905675,Stres Berat,0.36570389883127064,Stres Berat,Pokok Utama,109.23678073343427,-0.42722819190104205,3145,109.23680096,-0.42721961,2.85,0.362,0.362,Healthy,Critical
AME II,D003A,D03,2009,55,11,262753,0.3815700605786714,Stres Berat,0.3672520188220705,Stres Berat,Pokok Utama,109.23687143276639,-0.427228256265653,1964,109.23688943,-0.42723591,5.17,0.414,0.414,Healthy,Sub-Optimal
AME II,D003A,D03,2009,55,12,262770,0.3879307082108496,Stres Berat,0.381056952968732,Stres Berat,Pokok Utama,109.23694907561224,-0.4272091337978628,2518,109.23694109,-0.42722326,4.04,0.422,0.422,Healthy,Sub-Optimal
AME II,D003A,D03,2009,55,15,262820,0.33700185651780473,Stres Berat,0.3464251101893011,Stres Berat,Pokok Utama,109.23734847478603,-0.42720186958758194,1787,109.23732466,-0.42717678,5.63,0.344,0.344,Suspect,Critical
AME II,D003A,D03,2009,55,16,262853,0.38875909921039115,Stres Berat,0.36809369776023737,Stres Berat,Pokok Utama,109.23743011804316,-0.4271968026629742,2058,109.2374064,-0.42719443,4.94,0.379,0.379,Suspect,Critical
AME II,D003A,D03,2009,55,20,262879,0.37883210067877443,Stres Berat,0.3952321187891189,Stres Berat,Pokok Utama,109.23766683831523,-0.4271864895358904,1949,109.23763636,-0.4271755,5.2,0.346,0.346,Suspect,Critical
AME II,D003A,D03,2009,55,21,262887,0.3849786385597665,Stres Berat,0.39752498056910784,Stres Berat,Pokok Utama,109.23775428408233,-0.42717502511858063,1471,109.23778098,-0.42717327,6.55,0.494,0.494,Healthy,Good
AME II,D003A,D03,2009,55,22,262901,0.42970199222600997,Stres Sedang,0.4147617737094203,Stres Sedang,Pokok Utama,109.2378302196017,-0.4271784419178015,1424,109.23784162,-0.42714615,6.68,0.413,0.413,Healthy,Sub-Optimal
AME II,D003A,D03,2009,55,23,262915,0.4199040379983451,Stres Sedang,0.381740246842269,Stres Berat,Pokok Utama,109.23790767886452,-0.4271688398583749,1892,109.23790315,-0.42717556,5.34,0.431,0.431,Healthy,Moderate
AME II,D003A,D03,2009,55,26,262945,0.3861448567319169,Stres Berat,0.39430701932452633,Stres Berat,Pokok Utama,109.23822488887227,-0.4271623731953172,1051,109.23823191,-0.42719779,8.0,0.454,0.454,Healthy,Moderate
AME II,D003A,D03,2009,56,2,262597,0.37651486243569027,Stres Berat,0.41644872918984244,Stres Sedang,Pokok Utama,109.23606701119112,-0.4272009549327553,1920,109.23607696,-0.42717875,5.27,0.662,0.662,Healthy,Good
AME II,D003A,D03,2009,56,3,262614,0.3790867353904121,Stres Berat,0.41309181297366454,Stres Sedang,Pokok Utama,109.23615336590034,-0.42719555090642597,2788,109.23617622,-0.42718511,3.56,0.493,0.493,Healthy,Good
AME II,D003A,D03,2009,56,4,262648,0.3708986998712654,Stres Berat,0.41211888887743503,Stres Sedang,Pokok Utama,109.23622625324897,-0.4271844014648273,2550,109.23623955,-0.42715257,3.99,0.426,0.426,Abnormal,Sub-Optimal
AME II,D003A,D03,2009,56,5,262675,0.37597294749936755,Stres Berat,0.39645033293200616,Stres Berat,Pokok Utama,109.23630880268513,-0.42718777097327854,2374,109.23633836,-0.42717565,4.3,0.42,0.42,Healthy,Sub-Optimal
AME II,D003A,D03,2009,56,6,262678,0.45565361925413456,Stres Sedang,0.42655330576364625,Stres Sedang,Pokok Utama,109.2363862849501,-0.4271755066853113,2448,109.23640303,-0.4271942,4.16,0.493,0.493,Healthy,Good
AME II,D003A,D03,2009,56,8,262743,0.3500557546305014,Stres Berat,0.37273261446702793,Stres Berat,Pokok Utama,109.2366527935666,-0.42716121251561046,2256,109.23662805,-0.42718476,4.49,0.42,0.42,Healthy,Sub-Optimal
AME II,D003A,D03,2009,56,9,262738,0.3364284957151698,Stres Berat,0.3171200547132406,Stres Berat,Pokok Utama,109.23673677079661,-0.4271548511807477,2855,109.23673405,-0.42714138,3.44,0.434,0.434,Healthy,Moderate
AME II,D003A,D03,2009,56,10,262754,0.3645171834398871,Stres Berat,0.37110758389459225,Stres Berat,Pokok Utama,109.23682946251174,-0.4271508855389461,2691,109.23681445,-0.42713868,3.73,0.422,0.422,Healthy,Sub-Optimal
AME II,D003A,D03,2009,56,11,262771,0.37625898735372754,Stres Berat,0.33960740554257535,Stres Berat,Pokok Utama,109.23690947981702,-0.42714213050920913,1763,109.23691595,-0.42715182,5.69,0.346,0.346,Suspect,Critical
AME II,D003A,D03,2009,56,12,262789,0.39892621191944544,Stres Berat,0.4116256172976477,Stres Sedang,Pokok Utama,109.23700138073033,-0.42712779598057476,780,109.236995,-0.42714415,9.28,0.381,0.381,Healthy,Critical
AME II,D003A,D03,2009,56,13,262788,0.36272604655047463,Stres Berat,0.37101747875333224,Stres Berat,Pokok Utama,109.23708800484137,-0.4271386901950659,2562,109.23710279,-0.42716995,3.96,0.418,0.418,Abnormal,Sub-Optimal
AME II,D003A,D03,2009,56,14,262815,0.38565413890923694,Stres Berat,0.3882016110958013,Stres Berat,Pokok Utama,109.23715792185946,-0.42714234796038064,1703,109.23717689,-0.4271677,5.84,0.421,0.421,Healthy,Sub-Optimal
AME II,D003A,D03,2009,56,15,262821,0.35786211323575906,Stres Berat,0.3619093247824909,Stres Berat,Pokok Utama,109.23731541752827,-0.42713472763034077,1512,109.23731838,-0.42711845,6.39,0.42,0.42,Healthy,Sub-Optimal
AME II,D003A,D03,2009,56,17,262851,0.41052296395500176,Stres Sedang,0.38473688776841647,Stres Berat,Pokok Utama,109.23745833826688,-0.42712136162499426,2516,109.23747289,-0.42711984,4.04,0.367,0.367,Suspect,Critical
AME II,D003A,D03,2009,56,18,262868,0.41882949134021696,Stres Sedang,0.3908117459115589,Stres Berat,Pokok Utama,109.23755273245962,-0.4271203832673146,2780,109.23755463,-0.42712755,3.57,0.415,0.415,Abnormal,Sub-Optimal
AME II,D003A,D03,2009,56,19,262880,0.40132890210329236,Stres Sedang,0.39849500444864167,Stres Berat,Pokok Utama,109.23764598806457,-0.4271175797679078,2083,109.23765479,-0.42710632,4.87,0.444,0.444,Healthy,Moderate
AME II,D003A,D03,2009,56,22,262933,0.4154386374654897,Stres Sedang,0.3949044838556667,Stres Berat,Pokok Utama,109.23795332593006,-0.42710361417992104,2031,109.2379355,-0.42711633,5.0,0.454,0.454,Healthy,Moderate
AME II,D003A,D03,2009,56,23,262949,0.3828523986536903,Stres Berat,0.4023633133731827,Stres Sedang,Pokok Utama,109.23803936466938,-0.4271054987093647,3129,109.2380361,-0.42712992,2.88,0.526,0.526,Abnormal,Good
AME II,D003A,D03,2009,56,24,262947,0.3898234904840633,Stres Berat,0.44229390081521625,Stres Sedang,Pokok Utama,109.23810949055432,-0.42707965462177006,2959,109.23809809,-0.42709828,3.25,0.548,0.548,Healthy,Good
AME II,D003A,D03,2009,57,1,262588,0.3864994082554386,Stres Berat,0.419596681705566,Stres Sedang,Pokok Utama,109.23596041447709,-0.42713710756310524,2502,109.23595166,-0.42713486,4.06,0.468,0.468,Healthy,Good
AME II,D003A,D03,2009,57,4,262649,0.39868879776765703,Stres Berat,0.42479910189006365,Stres Sedang,Pokok Utama,109.23620376909838,-0.4271193174596596,2831,109.23620902,-0.4271295,3.49,0.446,0.446,Healthy,Moderate
AME II,D003A,D03,2009,57,6,262679,0.43310384388399925,Stres Sedang,0.39832234469388855,Stres Berat,Pokok Utama,109.23635825610764,-0.42710499740580016,2572,109.23634376,-0.42711913,3.94,0.445,0.445,Abnormal,Moderate
AME II,D003A,D03,2009,57,7,262685,0.3876399686712046,Stres Berat,0.34835958270707573,Stres Berat,Pokok Utama,109.23644492385625,-0.4271134717274012,2298,109.23641337,-0.42712638,4.44,0.402,0.402,Healthy,Sub-Optimal
AME II,D003A,D03,2009,57,8,262715,0.3915540937265537,Stres Berat,0.4128084625117481,Stres Sedang,Pokok Utama,109.23652272234249,-0.42710503540698186,2376,109.23650365,-0.42712278,4.29,0.364,0.364,Suspect,Critical
AME II,D003A,D03,2009,57,9,262744,0.3824541598809206,Stres Berat,0.3859034977070204,Stres Berat,Pokok Utama,109.23660986593893,-0.4271106386862723,2364,109.23661683,-0.42714316,4.31,0.408,0.408,Healthy,Sub-Optimal
AME II,D003A,D03,2009,57,10,262739,0.3900055618910068,Stres Berat,0.397720993280697,Stres Berat,Pokok Utama,109.23670303700345,-0.4270923164941437,2168,109.23672868,-0.42707581,4.68,0.293,0.293,Suspect,Critical
AME II,D003A,D03,2009,57,11,262755,0.3869107136845621,Stres Berat,0.38880966711981674,Stres Berat,Pokok Utama,109.23679398509913,-0.42708866876038715,1922,109.23681536,-0.42709301,5.27,0.366,0.366,Suspect,Critical
AME II,D003A,D03,2009,57,12,262790,0.38458054177756545,Stres Berat,0.3831320631992856,Stres Berat,Pokok Utama,109.23710420059787,-0.42707990359689185,2700,109.23710011,-0.42710529,3.71,0.425,0.425,Abnormal,Sub-Optimal
AME II,D003A,D03,2009,57,13,262816,0.4030445793967532,Stres Sedang,0.4028998485901633,Stres Sedang,Pokok Utama,109.23717821580006,-0.42708237767355156,2153,109.23717242,-0.42709355,4.7,0.482,0.482,Healthy,Good
AME II,D003A,D03,2009,57,14,262822,0.41490970988138715,Stres Sedang,0.42646475000163686,Stres Sedang,Pokok Utama,109.23726760767735,-0.42707275576823206,1423,109.2372901,-0.42707549,6.68,0.407,0.407,Healthy,Sub-Optimal
AME II,D003A,D03,2009,57,15,262855,0.4094137647442828,Stres Sedang,0.40567789159891876,Stres Sedang,Pokok Utama,109.23734823105201,-0.42706917708120024,1497,109.2373395,-0.4270859,6.44,0.45,0.45,Healthy,Moderate
AME II,D003A,D03,2009,57,16,262852,0.4391054823362269,Stres Sedang,0.42908868525658284,Stres Sedang,Pokok Utama,109.23743173243547,-0.4270658468357297,1730,109.23741721,-0.42706241,5.78,0.388,0.388,Healthy,Critical
AME II,D003A,D03,2009,57,17,262869,0.42590564815466603,Stres Sedang,0.42894252159199914,Stres Sedang,Pokok Utama,109.23750778435347,-0.4270747970717076,2484,109.23753668,-0.42706379,4.09,0.446,0.446,Healthy,Moderate
AME II,D003A,D03,2009,57,18,262871,0.3700815504006616,Stres Berat,0.3797369302348332,Stres Berat,Pokok Utama,109.23759160595922,-0.427057748666652,2157,109.23758159,-0.42706335,4.7,0.472,0.472,Healthy,Good
AME II,D003A,D03,2009,57,20,262906,0.4094023260574735,Stres Sedang,0.4268337744813013,Stres Sedang,Pokok Utama,109.23774292099843,-0.42705650763348724,2779,109.2377572,-0.42708374,3.57,0.499,0.499,Abnormal,Good
AME II,D003A,D03,2009,57,21,262902,0.425678154910434,Stres Sedang,0.42236019183517004,Stres Sedang,Pokok Utama,109.23782461272842,-0.42704771227877725,3182,109.23782997,-0.42704758,2.72,0.488,0.488,Healthy,Good
AME II,D003A,D03,2009,57,22,262934,0.4113691241213884,Stres Sedang,0.3862672823662158,Stres Berat,Pokok Utama,109.23789978672895,-0.4270383592733053,2836,109.23790632,-0.42703946,3.48,0.509,0.509,Abnormal,Good
AME II,D003A,D03,2009,57,24,262950,0.40058035417670074,Stres Sedang,0.42672709686359245,Stres Sedang,Pokok Utama,109.23803378349733,-0.42704725957962897,1664,109.23800558,-0.42705667,5.95,0.546,0.546,Healthy,Good
AME II,D003A,D03,2009,57,25,262948,0.39202255358838517,Stres Berat,0.42482565653951543,Stres Sedang,Pokok Utama,109.23807391850393,-0.4270383994662106,3009,109.23808778,-0.42702051,3.16,0.402,0.402,Healthy,Sub-Optimal
AME II,D003A,D03,2009,58,2,262616,0.394443261868089,Stres Berat,0.44261322859669106,Stres Sedang,Pokok Utama,109.2360762363932,-0.42704750832445165,2198,109.2360963,-0.42707431,4.61,0.522,0.522,Healthy,Good
AME II,D003A,D03,2009,58,3,262650,0.4093016717601172,Stres Sedang,0.4578373345873072,Stres Sedang,Pokok Utama,109.23617005852236,-0.42705744474186447,2679,109.23618388,-0.42705896,3.76,0.431,0.431,Abnormal,Moderate
AME II,D003A,D03,2009,58,4,262677,0.40739625522971706,Stres Sedang,0.42109874705211375,Stres Sedang,Pokok Utama,109.23624925834119,-0.4270488242698621,3030,109.23623105,-0.42703546,3.12,0.448,0.448,Healthy,Moderate
AME II,D003A,D03,2009,58,5,262680,0.4041424366509286,Stres Sedang,0.38828680869370985,Stres Berat,Pokok Utama,109.23632610572031,-0.42704357900255835,3006,109.23633659,-0.42705447,3.17,0.348,0.348,Abnormal,Critical
AME II,D003A,D03,2009,58,8,262745,0.4040017904974054,Stres Sedang,0.4276352937921873,Stres Sedang,Pokok Utama,109.2365812047895,-0.4270358220751933,2483,109.23658945,-0.42706357,4.09,0.49,0.49,Healthy,Good
AME II,D003A,D03,2009,58,10,262756,0.31059030971729085,Stres Berat,0.3135454859019114,Stres Berat,Pokok Utama,109.2367512211235,-0.42701368972886844,3195,109.2367242,-0.42699759,2.68,0.355,0.355,Healthy,Critical
AME II,D003A,D03,2009,58,11,262773,0.35535163931767494,Stres Berat,0.30993817937943996,Stres Berat,Pokok Utama,109.23683583122666,-0.42701307083500173,2908,109.23680415,-0.42700529,3.35,0.352,0.352,Healthy,Critical
AME II,D003A,D03,2009,58,14,262791,0.3820956522483935,Stres Berat,0.4111900947811437,Stres Sedang,Pokok Utama,109.23708878561463,-0.4269960153784077,2981,109.23707588,-0.42700084,3.22,0.502,0.502,Healthy,Good
AME II,D003A,D03,2009,58,15,262817,0.3908346686031778,Stres Berat,0.4064930264284061,Stres Sedang,Pokok Utama,109.23716492892771,-0.4269861905611185,3224,109.2371747,-0.42696469,2.61,0.412,0.412,Healthy,Sub-Optimal
AME II,D003A,D03,2009,58,16,262823,0.38349308486249206,Stres Berat,0.3864862342937971,Stres Berat,Pokok Utama,109.23731180735787,-0.42698893646913,1765,109.23731483,-0.42696381,5.69,0.364,0.364,Suspect,Critical
AME II,D003A,D03,2009,58,19,262872,0.3929794975958543,Stres Berat,0.37895398951562725,Stres Berat,Pokok Utama,109.23755423290854,-0.42698090618579226,1524,109.2375605,-0.42697744,6.35,0.334,0.334,Suspect,Critical
AME II,D003A,D03,2009,58,20,262890,0.4081861201821623,Stres Sedang,0.4038000912279696,Stres Sedang,Pokok Utama,109.23763900185688,-0.4269653247689265,1686,109.23765212,-0.42698062,5.88,0.434,0.434,Healthy,Moderate
AME II,D003A,D03,2009,58,21,262907,0.41741285877661033,Stres Sedang,0.4290624152595314,Stres Sedang,Pokok Utama,109.23771980668381,-0.4269736367566024,2554,109.23770602,-0.42696752,3.98,0.54,0.54,Abnormal,Good
AME II,D003A,D03,2009,58,22,262903,0.4063079412768503,Stres Sedang,0.41744505156974804,Stres Sedang,Pokok Utama,109.2377941206164,-0.42696216929741754,2926,109.23781292,-0.4269585,3.31,0.429,0.429,Abnormal,Sub-Optimal
AME II,D003A,D03,2009,58,23,262935,0.42748118842108845,Stres Sedang,0.39200131428721285,Stres Berat,Pokok Utama,109.23786716747149,-0.4269490276845363,2721,109.23785424,-0.4269757,3.67,0.432,0.432,Healthy,Moderate
AME II,D003A,D03,2009,58,26,262960,0.3656843543465919,Stres Berat,0.4133319945333956,Stres Sedang,Pokok Utama,109.23812066319837,-0.4269418617285267,2872,109.23813676,-0.42691291,3.41,0.419,0.419,Healthy,Sub-Optimal
AME II,D003A,D03,2009,58,27,262958,0.3566127088776221,Stres Berat,0.38928638447899944,Stres Berat,Pokok Utama,109.23817264085348,-0.4269889751092599,2854,109.23818615,-0.42697622,3.44,0.489,0.489,Healthy,Good
AME II,D003A,D03,2009,58,28,262959,0.3858668205087806,Stres Berat,0.4104682157258014,Stres Sedang,Pokok Utama,109.23818532864287,-0.42693506365100325,2791,109.23816505,-0.42693824,3.56,0.442,0.442,Healthy,Moderate
AME II,D003A,D03,2009,58,29,262964,0.3789973932481966,Stres Berat,0.3886399167554023,Stres Berat,Pokok Utama,109.23827659044852,-0.42694657022709986,2844,109.23829485,-0.42693962,3.46,0.316,0.316,Healthy,Critical
AME II,D003A,D03,2009,59,1,262619,0.3798396774969688,Stres Berat,0.4359613885550787,Stres Sedang,Pokok Utama,109.23596042644976,-0.42699005856047145,865,109.23597236,-0.4269721,8.81,0.243,0.243,Suspect,Critical
AME II,D003A,D03,2009,59,3,262651,0.3738219085726289,Stres Berat,0.43625935827238094,Stres Sedang,Pokok Utama,109.23619809476406,-0.4269851696673846,2945,109.23619917,-0.42699204,3.29,0.433,0.433,Healthy,Moderate
AME II,D003A,D03,2009,59,5,262686,0.44581872223186725,Stres Sedang,0.4198948261865343,Stres Sedang,Pokok Utama,109.23638981686055,-0.4269710173602598,2113,109.23641745,-0.42698712,4.8,0.472,0.472,Healthy,Good
AME II,D003A,D03,2009,59,6,262706,0.4350645706227709,Stres Sedang,0.43029096293277674,Stres Sedang,Pokok Utama,109.23644844113468,-0.42697709151695235,2113,109.23641745,-0.42698712,4.8,0.472,0.472,Healthy,Good
AME II,D003A,D03,2009,59,7,262717,0.32867477081889895,Stres Berat,0.3575275150347271,Stres Berat,Pokok Utama,109.23653907265368,-0.42697113141402493,1099,109.23650638,-0.42698397,7.83,0.446,0.446,Healthy,Moderate
AME II,D003A,D03,2009,59,9,262757,0.30914363903716624,Stres Berat,0.3122455440830476,Stres Berat,Pokok Utama,109.23671003592533,-0.42696798143515324,3195,109.2367242,-0.42699759,2.68,0.355,0.355,Healthy,Critical
AME II,D003A,D03,2009,59,12,262798,0.44216763237496315,Stres Sedang,0.4398983031055286,Stres Sedang,Pokok Utama,109.2370163812897,-0.42697263336153807,890,109.23700895,-0.4270067,8.71,0.471,0.471,Healthy,Good
AME II,D003A,D03,2009,59,13,262792,0.40519521679405285,Stres Sedang,0.3900593303807891,Stres Berat,Pokok Utama,109.23710124818622,-0.4269252432316497,2309,109.23710509,-0.42691493,4.41,0.402,0.402,Healthy,Sub-Optimal
AME II,D003A,D03,2009,59,14,262818,0.40433383337304357,Stres Sedang,0.39323028627902656,Stres Berat,Pokok Utama,109.23718855132165,-0.4269246258557681,2749,109.23721288,-0.42693485,3.63,0.357,0.357,Healthy,Critical
AME II,D003A,D03,2009,59,16,262857,0.3595677089373961,Stres Berat,0.3724768811550278,Stres Berat,Pokok Utama,109.23735714000597,-0.4269119032939687,2262,109.23734268,-0.42692901,4.49,0.391,0.391,Healthy,Sub-Optimal
AME II,D003A,D03,2009,59,17,262859,0.43170982031247873,Stres Sedang,0.41561483415722916,Stres Sedang,Pokok Utama,109.23743319482634,-0.4269080929477807,1947,109.23744284,-0.42692993,5.21,0.419,0.419,Healthy,Sub-Optimal
AME II,D003A,D03,2009,59,18,262873,0.426617716307034,Stres Sedang,0.424251568157966,Stres Sedang,Pokok Utama,109.23759417728559,-0.4268979214609536,745,109.23757624,-0.42689741,9.46,0.418,0.418,Healthy,Sub-Optimal
AME II,D003A,D03,2009,59,19,262891,0.40324109887814535,Stres Sedang,0.41822161164139215,Stres Sedang,Pokok Utama,109.23767957781251,-0.4269055978793319,2690,109.23768627,-0.42690557,3.73,0.505,0.505,Abnormal,Good
AME II,D003A,D03,2009,59,24,262961,0.38601364229793356,Stres Berat,0.4073503969185779,Stres Sedang,Pokok Utama,109.23808124545195,-0.4268817202808634,2570,109.23807837,-0.42689391,3.95,0.425,0.425,Healthy,Sub-Optimal
AME II,D003A,D03,2009,59,26,262963,0.39135703561940444,Stres Berat,0.3660968422317619,Stres Berat,Pokok Utama,109.23824600899441,-0.4268706616238195,2235,109.238276,-0.42688039,4.54,0.414,0.414,Healthy,Sub-Optimal
AME II,D003A,D03,2009,60,3,262652,0.375929544277647,Stres Berat,0.4402712293128131,Stres Sedang,Pokok Utama,109.23618021064371,-0.4268964790890398,2652,109.23616686,-0.42687176,3.8,0.433,0.433,Healthy,Moderate
AME II,D003A,D03,2009,60,4,327178,0.34834552145692704,Stres Berat,0.38842142183704825,Stres Berat,Tamb,109.23625915313157,-0.4269015415047256,3185,109.23626297,-0.42688716,2.71,0.428,0.428,Healthy,Sub-Optimal
AME II,D003A,D03,2009,60,5,262687,0.4100336894806213,Stres Sedang,0.413412281640767,Stres Sedang,Pokok Utama,109.23633041844312,-0.4268893354535123,2435,109.23633034,-0.42687316,4.18,0.457,0.457,Healthy,Moderate
AME II,D003A,D03,2009,60,6,262707,0.3825340757810481,Stres Berat,0.3861904793526404,Stres Berat,Pokok Utama,109.23641962306215,-0.42689318395495873,1653,109.23643723,-0.42688539,5.99,0.413,0.413,Healthy,Sub-Optimal
AME II,D003A,D03,2009,60,7,262718,0.3901974505953864,Stres Berat,0.4093177090604468,Stres Sedang,Pokok Utama,109.23649694599509,-0.42688634360445954,1111,109.23651314,-0.42688722,7.79,0.495,0.495,Healthy,Good
AME II,D003A,D03,2009,60,8,262742,0.3948271294785322,Stres Berat,0.43579287535431577,Stres Sedang,Pokok Utama,109.23658472602138,-0.42688205669638923,1125,109.2365805,-0.42690396,7.73,0.505,0.505,Healthy,Good
AME II,D003A,D03,2009,60,9,262775,0.3448533212062813,Stres Berat,0.3467227718015822,Stres Berat,Pokok Utama,109.23673556647975,-0.4268777852518653,2559,109.23674085,-0.42688049,3.96,0.447,0.447,Healthy,Moderate
AME II,D003A,D03,2009,60,12,262799,0.40825449467516267,Stres Sedang,0.399556679263626,Stres Berat,Pokok Utama,109.23699827213368,-0.4268662012370499,1942,109.2369955,-0.42690089,5.22,0.449,0.449,Healthy,Moderate
AME II,D003A,D03,2009,60,13,262819,0.39921070555483873,Stres Berat,0.39250329122529015,Stres Berat,Pokok Utama,109.23715053788132,-0.42686719313613086,3044,109.23714641,-0.42689867,3.09,0.431,0.431,Abnormal,Moderate
AME II,D003A,D03,2009,60,15,262825,0.3972370766481152,Stres Berat,0.4104251700079645,Stres Sedang,Pokok Utama,109.23728696223921,-0.4268501568702429,1989,109.23727802,-0.42685032,5.11,0.39,0.39,Healthy,Sub-Optimal
AME II,D003A,D03,2009,60,16,262858,0.3998443255306682,Stres Berat,0.38386801414254335,Stres Berat,Pokok Utama,109.23739644825841,-0.4268532133532518,2097,109.23738896,-0.42686119,4.84,0.375,0.375,Suspect,Critical
AME II,D003A,D03,2009,60,17,262860,0.38874874870801707,Stres Berat,0.360835915277512,Stres Berat,Pokok Utama,109.23747392979895,-0.4268442985599885,1566,109.23750484,-0.42683454,6.22,0.46,0.46,Healthy,Good
AME II,D003A,D03,2009,60,18,262892,0.3743513031959404,Stres Berat,0.38231539847222856,Stres Berat,Pokok Utama,109.23763185398475,-0.42684052609240586,2695,109.23765171,-0.42682689,3.72,0.49,0.49,Abnormal,Good
AME II,D003A,D03,2009,60,21,262965,0.4341693143703329,Stres Sedang,0.40870021544854584,Stres Sedang,Pokok Utama,109.23787733479072,-0.4268316310676722,2117,109.23784708,-0.4268414,4.78,0.386,0.386,Healthy,Critical
AME II,D003A,D03,2009,60,23,262982,0.3988522776512472,Stres Berat,0.42682354148174056,Stres Sedang,Pokok Utama,109.23803535088898,-0.4268306854536632,2300,109.23800203,-0.42683421,4.43,0.488,0.488,Healthy,Good
AME II,D003A,D03,2009,60,24,262992,0.4153862768546327,Stres Sedang,0.4563937383936718,Stres Sedang,Pokok Utama,109.23812394635625,-0.4268235999003341,1702,109.23812195,-0.42685458,5.84,0.405,0.405,Healthy,Sub-Optimal
AME II,D003A,D03,2009,60,25,263001,0.4076773089163972,Stres Sedang,0.4347382096639096,Stres Sedang,Pokok Utama,109.23818836681835,-0.42682755570176334,3022,109.23820774,-0.42681074,3.13,0.449,0.449,Healthy,Moderate
AME II,D003A,D03,2009,60,26,263010,0.3866491453357689,Stres Berat,0.40153221242736686,Stres Sedang,Pokok Utama,109.2382835274162,-0.426829883618674,2739,109.23827511,-0.4268415,3.65,0.433,0.433,Healthy,Moderate
AME II,D003A,D03,2009,61,2,262637,0.3720860796644432,Stres Berat,0.42618526623534814,Stres Sedang,Pokok Utama,109.23604126410609,-0.4268540172713502,3422,109.23605187,-0.42688756,1.55,0.48,0.48,Healthy,Good
AME II,D003A,D03,2009,61,3,262638,0.35491842808052415,Stres Berat,0.4300161919704787,Stres Sedang,Pokok Utama,109.23609656165624,-0.42685403004345646,3163,109.23607793,-0.4268523,2.79,0.516,0.516,Healthy,Good
AME II,D003A,D03,2009,61,4,262693,0.38571933931767355,Stres Berat,0.42225347694975024,Stres Sedang,Pokok Utama,109.23620874273941,-0.42684384731713293,2827,109.23624007,-0.42685369,3.49,0.507,0.507,Healthy,Good
AME II,D003A,D03,2009,61,6,262719,0.38918860258698174,Stres Berat,0.38773569122395884,Stres Berat,Pokok Utama,109.236466540497,-0.4268150352802581,1240,109.23649114,-0.42683883,7.33,0.473,0.473,Healthy,Good
AME II,D003A,D03,2009,61,7,262758,0.36830664831323773,Stres Berat,0.4015251912837692,Stres Sedang,Pokok Utama,109.23662118396959,-0.42681188152086086,1522,109.23661825,-0.4268366,6.35,0.478,0.478,Healthy,Good
AME II,D003A,D03,2009,61,8,262776,0.32226998932600864,Stres Berat,0.3309776684706198,Stres Berat,Pokok Utama,109.23670658757499,-0.4268058397176552,1844,109.23668203,-0.4268018,5.46,0.408,0.408,Healthy,Sub-Optimal
AME II,D003A,D03,2009,61,9,262778,0.3480641422436334,Stres Berat,0.3420457938963619,Stres Berat,Pokok Utama,109.23678755404174,-0.4268023488222576,2978,109.23681183,-0.42682218,3.23,0.37,0.37,Healthy,Critical
AME II,D003A,D03,2009,61,10,262797,0.4269150993583191,Stres Sedang,0.3944729236907135,Stres Berat,Pokok Utama,109.23686423917589,-0.4268114592579308,1812,109.23687426,-0.42681903,5.55,0.378,0.378,Suspect,Critical
AME II,D003A,D03,2009,61,14,263058,0.3997628809043061,Stres Berat,0.4212049340244235,Stres Sedang,Pokok Utama,109.2373442015378,-0.4267846544559083,1936,109.23735574,-0.42676759,5.23,0.471,0.471,Healthy,Good
AME II,D003A,D03,2009,61,15,263052,0.3987067709207081,Stres Berat,0.3909529681320305,Stres Berat,Pokok Utama,109.23743184410435,-0.426780642406752,1877,109.23744107,-0.42679564,5.39,0.37,0.37,Suspect,Critical
AME II,D003A,D03,2009,61,16,263047,0.40995453639036933,Stres Sedang,0.4056719050624804,Stres Sedang,Pokok Utama,109.23751097504093,-0.4267788755777708,1437,109.23752012,-0.42677079,6.64,0.516,0.516,Healthy,Good
AME II,D003A,D03,2009,61,17,263035,0.41561767763004537,Stres Sedang,0.41934860314355465,Stres Sedang,Pokok Utama,109.23759964095301,-0.4267779022103625,1579,109.23757133,-0.42676538,6.19,0.367,0.367,Suspect,Critical
AME II,D003A,D03,2009,61,18,263032,0.38738917638302367,Stres Berat,0.4000731254614388,Stres Sedang,Pokok Utama,109.23767421893729,-0.42678236043503076,2675,109.23767103,-0.42679344,3.76,0.452,0.452,Abnormal,Moderate
AME II,D003A,D03,2009,61,19,263034,0.40306350956768455,Stres Sedang,0.4133466624380517,Stres Sedang,Pokok Utama,109.2377566112932,-0.42677759388798236,2389,109.23775951,-0.42680431,4.26,0.502,0.502,Healthy,Good
AME II,D003A,D03,2009,61,21,262976,0.4201369459943279,Stres Sedang,0.406540347639328,Stres Sedang,Pokok Utama,109.23791664418229,-0.4267640084288789,1946,109.23788707,-0.42677359,5.21,0.507,0.507,Healthy,Good
AME II,D003A,D03,2009,61,22,262983,0.35427896382371304,Stres Berat,0.39358151546817766,Stres Berat,Pokok Utama,109.23799620837475,-0.4267650088523846,2905,109.23796612,-0.42677813,3.36,0.389,0.389,Abnormal,Critical
AME II,D003A,D03,2009,61,23,262993,0.36308147429353244,Stres Berat,0.4076053735301574,Stres Sedang,Pokok Utama,109.23808142996181,-0.4267538377938932,2122,109.2380793,-0.42676731,4.77,0.365,0.365,Suspect,Critical
AME II,D003A,D03,2009,61,24,263002,0.33996876363870465,Stres Berat,0.36643941367384264,Stres Berat,Pokok Utama,109.2381574839386,-0.4267538553355719,2313,109.23816194,-0.4267619,4.4,0.431,0.431,Healthy,Moderate
AME II,D003A,D03,2009,61,25,263011,0.3774564905856529,Stres Berat,0.3875405211706419,Stres Berat,Pokok Utama,109.23823353559531,-0.42676408152275896,3417,109.23824188,-0.42679221,1.59,0.492,0.492,Healthy,Good
AME II,D003A,D03,2009,61,26,263019,0.3641815783051838,Stres Berat,0.37050478907451234,Stres Berat,Pokok Utama,109.2382899479575,-0.4267364989026993,3273,109.23826884,-0.42675785,2.37,0.448,0.448,Healthy,Moderate
AME II,D003A,D03,2009,62,2,262701,0.3839064484432769,Stres Berat,0.43796314908048284,Stres Sedang,Pokok Utama,109.23601450668302,-0.42676612133995845,2849,109.23603753,-0.42678402,3.45,0.551,0.551,Healthy,Good
AME II,D003A,D03,2009,62,3,262704,0.3675653127322408,Stres Berat,0.4264344125896549,Stres Sedang,Pokok Utama,109.23610022513256,-0.426769810781087,3003,109.23608199,-0.42677951,3.18,0.477,0.477,Healthy,Good
AME II,D003A,D03,2009,62,4,262694,0.3562093470232946,Stres Berat,0.43340056127502996,Stres Sedang,Pokok Utama,109.23618420131473,-0.4267679157707358,3134,109.23621539,-0.42676868,2.87,0.442,0.442,Healthy,Moderate
AME II,D003A,D03,2009,62,6,262708,0.4247004765936214,Stres Sedang,0.42701542857286623,Stres Sedang,Pokok Utama,109.23635500743463,-0.42676045766278653,2548,109.23635283,-0.42674973,3.99,0.514,0.514,Healthy,Good
AME II,D003A,D03,2009,62,8,262759,0.40850417906092895,Stres Sedang,0.4042246996300039,Stres Sedang,Pokok Utama,109.23666397866279,-0.42674808763874145,2551,109.23664746,-0.42675115,3.98,0.4,0.4,Healthy,Sub-Optimal
AME II,D003A,D03,2009,62,10,262796,0.4355236626472385,Stres Sedang,0.40430636085547483,Stres Sedang,Pokok Utama,109.2369083034401,-0.4267384146729904,1677,109.23690256,-0.42676884,5.9,0.473,0.473,Healthy,Good
AME II,D003A,D03,2009,62,11,262795,0.424958854613334,Stres Sedang,0.4195949646688217,Stres Sedang,Pokok Utama,109.23700305503941,-0.4267338101433033,2794,109.2369924,-0.42673812,3.54,0.428,0.428,Abnormal,Sub-Optimal
AME II,D003A,D03,2009,62,12,262794,0.44303157582761543,Stres Sedang,0.434693613622484,Stres Sedang,Pokok Utama,109.23708069352217,-0.4267338280605632,1337,109.23708088,-0.4267413,6.96,0.423,0.423,Healthy,Sub-Optimal
AME II,D003A,D03,2009,62,13,263063,0.43303139287824205,Stres Sedang,0.4304495082869813,Stres Sedang,Pokok Utama,109.23717433567778,-0.42672960669519683,2756,109.23720304,-0.42674992,3.61,0.417,0.417,Abnormal,Sub-Optimal
AME II,D003A,D03,2009,62,14,263060,0.4052712667033675,Stres Sedang,0.40526732164152957,Stres Sedang,Pokok Utama,109.23725672692143,-0.42672962570722833,2429,109.23723673,-0.4267341,4.19,0.467,0.467,Healthy,Good
AME II,D003A,D03,2009,62,18,263036,0.40218257851412764,Stres Sedang,0.4095611203365561,Stres Sedang,Pokok Utama,109.23755375039705,-0.42671326762888895,1640,109.23756236,-0.42671926,6.03,0.439,0.439,Healthy,Moderate
AME II,D003A,D03,2009,62,19,263040,0.3462918283831461,Stres Berat,0.37599468059316343,Stres Berat,Pokok Utama,109.23764412951489,-0.426715359325983,1889,109.23765578,-0.42668989,5.35,0.429,0.429,Healthy,Sub-Optimal
AME II,D003A,D03,2009,62,20,263033,0.3733550394171921,Stres Berat,0.41908797826858696,Stres Sedang,Pokok Utama,109.23771955023753,-0.42671122960403407,2667,109.23772,-0.42672834,3.78,0.461,0.461,Abnormal,Good
AME II,D003A,D03,2009,62,21,262967,0.40806357303779284,Stres Sedang,0.42109021108870315,Stres Sedang,Pokok Utama,109.23779497253865,-0.42670017746375005,2490,109.23779321,-0.42673242,4.08,0.523,0.523,Healthy,Good
AME II,D003A,D03,2009,62,22,262977,0.4026862931443118,Stres Sedang,0.38441408202230787,Stres Berat,Pokok Utama,109.23787482569247,-0.42671423242987583,1845,109.23785878,-0.42673018,5.45,0.479,0.479,Healthy,Good
AME II,D003A,D03,2009,62,23,262984,0.4287786459341836,Stres Sedang,0.3997315711850631,Stres Berat,Pokok Utama,109.23795468613714,-0.426700214301819,2952,109.23794638,-0.42667549,3.27,0.508,0.508,Healthy,Good
AME II,D003A,D03,2009,62,24,262994,0.3991518997110861,Stres Berat,0.42929233050103016,Stres Sedang,Pokok Utama,109.23804101459872,-0.42670787193222176,2553,109.23803889,-0.42673067,3.98,0.481,0.481,Abnormal,Good
AME II,D003A,D03,2009,62,25,263003,0.3583483415012549,Stres Berat,0.42157561655584885,Stres Sedang,Pokok Utama,109.23812508688148,-0.42669458002106625,2404,109.23812693,-0.42667372,4.22,0.391,0.391,Healthy,Sub-Optimal
AME II,D003A,D03,2009,62,26,263012,0.3668573035602502,Stres Berat,0.3819714005844218,Stres Berat,Pokok Utama,109.23820494501334,-0.4266907705337554,2310,109.23820058,-0.42670177,4.41,0.48,0.48,Healthy,Good
AME II,D003A,D03,2009,62,27,263020,0.36134277488171035,Stres Berat,0.3540745567199852,Stres Berat,Pokok Utama,109.23828423694715,-0.42668823597825656,3028,109.23830523,-0.42668371,3.12,0.302,0.302,Healthy,Critical
AME II,D003A,D03,2009,63,2,262705,0.3794932368781082,Stres Berat,0.45249504105925237,Stres Sedang,Pokok Utama,109.23606823589037,-0.42669499342552203,3155,109.23609773,-0.42669722,2.81,0.461,0.461,Healthy,Good
AME II,D003A,D03,2009,63,6,262712,0.3417905530499312,Stres Berat,0.3540505438254766,Stres Berat,Pokok Utama,109.2363835453406,-0.426682304745162,3382,109.23640404,-0.42669548,1.81,0.383,0.383,Healthy,Critical
AME II,D003A,D03,2009,63,7,262721,0.37225192250536265,Stres Berat,0.39717266786273947,Stres Berat,Pokok Utama,109.23645579491387,-0.42668694781887107,3177,109.2364548,-0.42665932,2.73,0.414,0.414,Healthy,Sub-Optimal
AME II,D003A,D03,2009,63,9,263099,0.3325113448049869,Stres Berat,0.3674696484724776,Stres Berat,Pokok Utama,109.23662454228705,-0.42667524715178123,2802,109.2366111,-0.42665393,3.53,0.485,0.485,Healthy,Good
AME II,D003A,D03,2009,63,10,263156,0.3852167758645247,Stres Berat,0.3913250768299252,Stres Berat,Pokok Utama,109.23670534840087,-0.4266816456352722,2703,109.23669733,-0.42669283,3.71,0.456,0.456,Healthy,Moderate
AME II,D003A,D03,2009,63,14,263061,0.3726314981346545,Stres Berat,0.3715734354573707,Stres Berat,Pokok Utama,109.2372646663792,-0.42665625355054776,2874,109.23724797,-0.42667759,3.41,0.362,0.362,Healthy,Critical
AME II,D003A,D03,2009,63,15,263054,0.42538063417325767,Stres Sedang,0.4104927492843587,Stres Sedang,Pokok Utama,109.23735815202285,-0.4266451097264687,1374,109.23733781,-0.42663556,6.85,0.416,0.416,Healthy,Sub-Optimal
AME II,D003A,D03,2009,63,16,263049,0.4102996315518204,Stres Sedang,0.399568634947857,Stres Berat,Pokok Utama,109.23744212528321,-0.42665629448949116,2037,109.23745457,-0.42668442,4.99,0.499,0.499,Healthy,Good
AME II,D003A,D03,2009,63,17,263037,0.4047326202369841,Stres Sedang,0.41652611880689056,Stres Sedang,Pokok Utama,109.23751976668801,-0.4266435518222083,1851,109.2375206,-0.42665911,5.44,0.393,0.393,Healthy,Sub-Optimal
AME II,D003A,D03,2009,63,18,263041,0.41595041789570636,Stres Sedang,0.4252688569291461,Stres Sedang,Pokok Utama,109.23759740429328,-0.4266435697302227,2201,109.2376284,-0.42662704,4.6,0.567,0.567,Healthy,Good
AME II,D003A,D03,2009,63,19,263044,0.4050749942089856,Stres Sedang,0.4241952096971755,Stres Sedang,Pokok Utama,109.23767963789476,-0.42664167429420313,1600,109.23769756,-0.42667046,6.13,0.427,0.427,Healthy,Sub-Optimal
AME II,D003A,D03,2009,63,23,262995,0.39949671341378185,Stres Berat,0.39821817862744235,Stres Berat,Pokok Utama,109.23799399871822,-0.42661855420500183,2730,109.23800657,-0.42663707,3.67,0.41,0.41,Healthy,Sub-Optimal
AME II,D003A,D03,2009,63,25,263013,0.4072906717791704,Stres Sedang,0.423358039401315,Stres Sedang,Pokok Utama,109.23816511861453,-0.4266224224693977,2046,109.23819835,-0.42663078,4.97,0.47,0.47,Healthy,Good
AME II,D003A,D03,2009,63,26,263021,0.39972072352887367,Stres Berat,0.39148796356250415,Stres Berat,Pokok Utama,109.23823483528575,-0.4266224385437047,3132,109.2382509,-0.42664843,2.87,0.443,0.443,Healthy,Moderate
AME II,D003A,D03,2009,64,1,262699,0.41640392630344564,Stres Sedang,0.45321575945139075,Stres Sedang,Pokok Utama,109.23594498182143,-0.4266263756780319,786,109.23596704,-0.42664248,9.25,0.481,0.481,Healthy,Good
AME II,D003A,D03,2009,64,2,262700,0.3970768466928195,Stres Berat,0.46286555169690713,Stres Sedang,Pokok Utama,109.23599251362477,-0.4266311722029756,786,109.23596704,-0.42664248,9.25,0.481,0.481,Healthy,Good
AME II,D003A,D03,2009,64,3,262696,0.3648568772809786,Stres Berat,0.4276150364775557,Stres Sedang,Pokok Utama,109.23609835805088,-0.42661811685214085,3090,109.23610044,-0.42661538,2.97,0.501,0.501,Healthy,Good
AME II,D003A,D03,2009,64,4,262691,0.37348971581157453,Stres Berat,0.42582135197456694,Stres Sedang,Pokok Utama,109.23617352961358,-0.42661914068947876,3271,109.23619252,-0.42660138,2.38,0.525,0.525,Healthy,Good
AME II,D003A,D03,2009,64,6,262713,0.39314990022404867,Stres Berat,0.4040854887631244,Stres Sedang,Pokok Utama,109.23634236644928,-0.42660892128736594,2960,109.2363596,-0.42659916,3.25,0.496,0.496,Healthy,Good
AME II,D003A,D03,2009,64,7,262722,0.32010384787131846,Stres Berat,0.3408274168511548,Stres Berat,Pokok Utama,109.23642190538982,-0.42661005735885127,3306,109.23644314,-0.42659014,2.21,0.487,0.487,Healthy,Good
AME II,D003A,D03,2009,64,9,263100,0.35605590128146264,Stres Berat,0.3957176807050702,Stres Berat,Pokok Utama,109.23658241208258,-0.4266020226230481,2820,109.23657069,-0.42658926,3.5,0.422,0.422,Healthy,Sub-Optimal
AME II,D003A,D03,2009,64,13,263190,0.4118785526747286,Stres Sedang,0.39437445517740105,Stres Berat,Pokok Utama,109.2369065947739,-0.4265891776968147,2616,109.23690126,-0.4265595,3.86,0.413,0.413,Abnormal,Sub-Optimal
AME II,D003A,D03,2009,64,14,263198,0.33662232989635293,Stres Berat,0.33653826874655646,Stres Berat,Pokok Utama,109.2370000778571,-0.4265891992644334,2586,109.23699467,-0.4266192,3.91,0.335,0.335,Abnormal,Critical
AME II,D003A,D03,2009,64,15,263204,0.38956860845783403,Stres Berat,0.3773846481024468,Stres Berat,Pokok Utama,109.23707771779071,-0.42658283643662137,2042,109.23707148,-0.4265731,4.98,0.479,0.479,Healthy,Good
AME II,D003A,D03,2009,64,16,263065,0.36389771039846347,Stres Berat,0.3523820854307794,Stres Berat,Pokok Utama,109.23715583069821,-0.42658620398280417,3128,109.23716849,-0.42660658,2.88,0.365,0.365,Healthy,Critical
AME II,D003A,D03,2009,64,17,263072,0.35928650562783926,Stres Berat,0.34001146622069245,Stres Berat,Pokok Utama,109.23722317098651,-0.4265801579947726,2549,109.23721925,-0.42657178,3.99,0.358,0.358,Healthy,Critical
AME II,D003A,D03,2009,64,21,263045,0.38164387963718294,Stres Berat,0.3790605236611855,Stres Berat,Pokok Utama,109.23764226061813,-0.42657148294450503,2098,109.23763604,-0.42659132,4.84,0.392,0.392,Healthy,Sub-Optimal
AME II,D003A,D03,2009,64,22,262969,0.404866125862063,Stres Sedang,0.41603053840639215,Stres Sedang,Pokok Utama,109.23771387969596,-0.4265640977639644,2531,109.2377151,-0.42656782,4.02,0.392,0.392,Healthy,Sub-Optimal
AME II,D003A,D03,2009,64,25,262996,0.3518953712700176,Stres Berat,0.3696227531767049,Stres Berat,Pokok Utama,109.2379724640139,-0.426557298271408,2500,109.23794685,-0.42657421,4.06,0.409,0.409,Healthy,Sub-Optimal
AME II,D003A,D03,2009,65,1,262698,0.40228029634025614,Stres Sedang,0.4333268297065531,Stres Sedang,Pokok Utama,109.23597831639289,-0.42655651540426714,1192,109.2359684,-0.42658189,7.53,0.3,0.3,Suspect,Critical
AME II,D003A,D03,2009,65,2,262697,0.38762403302034476,Stres Berat,0.4095777422726369,Stres Sedang,Pokok Utama,109.23605860174332,-0.4265578135189349,3223,109.23608698,-0.42657287,2.61,0.574,0.574,Healthy,Good
AME II,D003A,D03,2009,65,6,262723,0.37332779524664694,Stres Berat,0.3653569024720828,Stres Berat,Pokok Utama,109.23638230922886,-0.42654464928347824,3250,109.2363632,-0.42654038,2.49,0.39,0.39,Healthy,Sub-Optimal
AME II,D003A,D03,2009,65,9,263158,0.40320828942082476,Stres Sedang,0.4332958944085913,Stres Sedang,Pokok Utama,109.23662425711284,-0.4265390261107176,2571,109.23663358,-0.42656079,3.94,0.48,0.48,Healthy,Good
AME II,D003A,D03,2009,65,10,263168,0.36098963243380033,Stres Berat,0.364210850324456,Stres Berat,Pokok Utama,109.23670378031774,-0.42652647198093757,3091,109.23672386,-0.42653821,2.97,0.429,0.429,Healthy,Sub-Optimal
AME II,D003A,D03,2009,65,11,263174,0.4149304872106248,Stres Sedang,0.41448337828905124,Stres Sedang,Pokok Utama,109.23679252922662,-0.42652375242774265,2263,109.23679976,-0.42654546,4.49,0.421,0.421,Healthy,Sub-Optimal
AME II,D003A,D03,2009,65,13,263199,0.41212998650337906,Stres Sedang,0.4045697027357159,Stres Sedang,Pokok Utama,109.23695414383981,-0.4265221945253223,2491,109.23694529,-0.42651068,4.08,0.412,0.412,Healthy,Sub-Optimal
AME II,D003A,D03,2009,65,17,263051,0.4215295641771896,Stres Sedang,0.4100870702768249,Stres Sedang,Pokok Utama,109.23735216220224,-0.42650761134859666,1704,109.23736972,-0.42652298,5.83,0.508,0.508,Healthy,Good
AME II,D003A,D03,2009,65,20,263046,0.41459571409316215,Stres Sedang,0.40489975535708744,Stres Sedang,Pokok Utama,109.23760377661566,-0.42649363282508224,2574,109.23762349,-0.42648506,3.94,0.476,0.476,Abnormal,Good
AME II,D003A,D03,2009,65,21,262970,0.3947074493231333,Stres Berat,0.40912428257667144,Stres Sedang,Pokok Utama,109.23768727494222,-0.42649980945657734,2689,109.23769894,-0.42652441,3.73,0.41,0.41,Abnormal,Sub-Optimal
AME II,D003A,D03,2009,65,22,262980,0.38493434196263066,Stres Berat,0.3959880495818928,Stres Berat,Pokok Utama,109.23775762741602,-0.42648865937920594,3153,109.23775643,-0.42651584,2.82,0.459,0.459,Abnormal,Moderate
AME II,D003A,D03,2009,65,23,262987,0.33695678304276866,Stres Berat,0.3303638101609137,Stres Berat,Pokok Utama,109.23783764261836,-0.4264853282986047,1316,109.23781168,-0.42647109,7.05,0.415,0.415,Healthy,Sub-Optimal
AME II,D003A,D03,2009,65,24,262997,0.395103151339278,Stres Berat,0.3745284280247198,Stres Berat,Pokok Utama,109.23791797552201,-0.42648327325771535,840,109.23791768,-0.42647699,8.97,0.403,0.403,Healthy,Sub-Optimal
AME II,D003A,D03,2009,65,25,263006,0.3601913749444184,Stres Berat,0.3784068605790918,Stres Berat,Pokok Utama,109.23800971743212,-0.42647703303128576,999,109.23800211,-0.42648786,8.2,0.45,0.45,Healthy,Moderate
AME II,D003A,D03,2009,65,26,263015,0.36542675499680377,Stres Berat,0.3888259768844547,Stres Berat,Pokok Utama,109.23807768970708,-0.4264807581392195,1096,109.23806365,-0.42647928,7.84,0.492,0.492,Healthy,Good
AME II,D003A,D03,2009,65,27,263023,0.3675808456399041,Stres Berat,0.4138632572094838,Stres Sedang,Pokok Utama,109.23815754867734,-0.42646929193259153,1339,109.23817145,-0.4264472,6.96,0.454,0.454,Healthy,Moderate
AME II,D003A,D03,2009,66,1,263114,0.400397084428462,Stres Sedang,0.43540026279739463,Stres Sedang,Pokok Utama,109.23594436222388,-0.4264795290937124,645,109.23592755,-0.42649959,10.01,0.489,0.489,Healthy,Good
AME II,D003A,D03,2009,66,5,263133,0.36222885809363115,Stres Berat,0.38303089178561306,Stres Berat,Pokok Utama,109.2362569946305,-0.42647545683381877,3557,109.23627653,-0.42649244,0.89,0.47,0.47,Abnormal,Good
AME II,D003A,D03,2009,66,10,263169,0.3635785905504992,Stres Berat,0.3597465416344391,Stres Berat,Pokok Utama,109.23666420327014,-0.42645991905994324,3209,109.23663181,-0.42645454,2.66,0.453,0.453,Healthy,Moderate
AME II,D003A,D03,2009,66,11,263175,0.33221868449863506,Stres Berat,0.3324908273349894,Stres Berat,Pokok Utama,109.2367418415638,-0.42645674659999155,3178,109.23673421,-0.42645094,2.72,0.445,0.445,Healthy,Moderate
AME II,D003A,D03,2009,66,12,263192,0.39571214303183616,Stres Berat,0.3744081211458592,Stres Berat,Pokok Utama,109.23682423440945,-0.42645357613994456,2819,109.23685143,-0.42646996,3.51,0.409,0.409,Abnormal,Sub-Optimal
AME II,D003A,D03,2009,66,13,263200,0.4013621510126536,Stres Sedang,0.3875956762349233,Stres Berat,Pokok Utama,109.23691929968699,-0.4264599779011771,2354,109.2369197,-0.42647947,4.33,0.394,0.394,Healthy,Sub-Optimal
AME II,D003A,D03,2009,66,17,263057,0.39040826554852137,Stres Berat,0.3971129382605309,Stres Berat,Pokok Utama,109.23726471466058,-0.4264441066162125,2870,109.23727721,-0.42645966,3.42,0.385,0.385,Abnormal,Critical
AME II,D003A,D03,2009,66,20,262971,0.3811713302739305,Stres Berat,0.3738940184106346,Stres Berat,Pokok Utama,109.23764134339399,-0.4264257864266058,1904,109.2376226,-0.42643532,5.31,0.407,0.407,Healthy,Sub-Optimal
AME II,D003A,D03,2009,66,22,262988,0.3859916823248588,Stres Berat,0.3869044846670293,Stres Berat,Pokok Utama,109.23780264291187,-0.4264157750264662,1186,109.23777577,-0.42639647,7.56,0.491,0.491,Healthy,Good
AME II,D003A,D03,2009,66,23,262998,0.39171441245929606,Stres Berat,0.3967597361492074,Stres Berat,Pokok Utama,109.23787489275763,-0.42641945952174914,1115,109.23790017,-0.42643946,7.77,0.462,0.462,Healthy,Good
AME II,D003A,D03,2009,66,24,263007,0.39644278339788214,Stres Berat,0.40981103552397913,Stres Sedang,Pokok Utama,109.23796996014855,-0.42642075830603643,479,109.23796485,-0.42642998,10.94,0.384,0.384,Healthy,Critical
AME II,D003A,D03,2009,66,25,263016,0.39486050672845313,Stres Berat,0.4300899805247462,Stres Sedang,Pokok Utama,109.2380526452022,-0.4264126883974822,1057,109.23803761,-0.42643316,7.98,0.503,0.503,Healthy,Good
AME II,D003A,D03,2009,66,26,327154,0.4104957166892984,Stres Sedang,0.43919474072754383,Stres Sedang,Tamb,109.23811445835062,-0.42641499775762337,1263,109.23808791,-0.42643859,7.23,0.509,0.509,Healthy,Good
AME II,D003A,D03,2009,66,27,263031,0.38541003590794665,Stres Berat,0.4127714633493899,Stres Sedang,Pokok Utama,109.23821021503049,-0.42641101739225057,1613,109.23821413,-0.42639386,6.11,0.383,0.383,Healthy,Critical
AME II,D003A,D03,2009,67,1,263115,0.4181926193457678,Stres Sedang,0.4491232311947501,Stres Sedang,Pokok Utama,109.23596313069444,-0.42642034703904763,2613,109.23595407,-0.42643675,3.87,0.56,0.56,Abnormal,Good
AME II,D003A,D03,2009,67,4,263134,0.3770053593417036,Stres Berat,0.4369539330575933,Stres Sedang,Pokok Utama,109.23620915826915,-0.4264116420492761,3567,109.23620065,-0.42639204,0.86,0.52,0.52,Abnormal,Good
AME II,D003A,D03,2009,67,6,263149,0.41825690402159,Stres Sedang,0.3830739394143537,Stres Berat,Pokok Utama,109.2363726748314,-0.4264084903087221,3262,109.23638389,-0.42641333,2.43,0.494,0.494,Healthy,Good
AME II,D003A,D03,2009,67,15,263068,0.41339876259253416,Stres Sedang,0.396513998562119,Stres Berat,Pokok Utama,109.23711578714153,-0.4263946251592405,1948,109.23712048,-0.42640627,5.21,0.319,0.319,Suspect,Critical
AME II,D003A,D03,2009,67,16,263074,0.44352793826321096,Stres Sedang,0.4258308330885541,Stres Sedang,Pokok Utama,109.23719025833914,-0.42638666640611733,1262,109.2372139,-0.42638594,7.23,0.407,0.407,Healthy,Sub-Optimal
AME II,D003A,D03,2009,67,19,262989,0.3802756311636859,Stres Berat,0.4010299975577952,Stres Sedang,Pokok Utama,109.23776351913277,-0.42636248916570746,1186,109.23777577,-0.42639647,7.56,0.491,0.491,Healthy,Good
AME II,D003A,D03,2009,67,20,262999,0.4145587494673942,Stres Sedang,0.4109216358860871,Stres Sedang,Pokok Utama,109.23783687957507,-0.42636075173134813,1571,109.2378454,-0.42634675,6.2,0.545,0.545,Healthy,Good
AME II,D003A,D03,2009,67,24,263028,0.3842641830411907,Stres Berat,0.41689510713673694,Stres Sedang,Pokok Utama,109.2381785404982,-0.42634636166171164,1313,109.23818808,-0.42636175,7.07,0.528,0.528,Healthy,Good
AME II,D003A,D03,2009,67,25,263027,0.35309257744511496,Stres Berat,0.36146884429461956,Stres Berat,Pokok Utama,109.23825713200897,-0.42633489515558975,1698,109.23827612,-0.42634278,5.85,0.443,0.443,Healthy,Moderate
AME II,D003A,D03,2009,68,1,263116,0.4001675354345689,Stres Sedang,0.4390177980096679,Stres Sedang,Pokok Utama,109.23595439194263,-0.42635096989711196,910,109.23592848,-0.4263644,8.6,0.426,0.426,Healthy,Sub-Optimal
AME II,D003A,D03,2009,68,2,263123,0.4030709991017848,Stres Sedang,0.448738215501244,Stres Sedang,Pokok Utama,109.23603203037753,-0.42635098780894265,2770,109.23604975,-0.42634498,3.58,0.538,0.538,Healthy,Good
AME II,D003A,D03,2009,68,3,263132,0.36909529155838056,Stres Berat,0.412266645187454,Stres Sedang,Pokok Utama,109.2360914491993,-0.4263470144611427,3213,109.2361005,-0.42634906,2.64,0.594,0.594,Healthy,Good
AME II,D003A,D03,2009,68,4,263135,0.3946441167427704,Stres Berat,0.4325521855382948,Stres Sedang,Pokok Utama,109.23616290822686,-0.42634399973449766,3563,109.23619437,-0.42634456,0.86,0.514,0.514,Abnormal,Good
AME II,D003A,D03,2009,68,5,263139,0.38072820203431956,Stres Berat,0.4027939421835958,Stres Sedang,Pokok Utama,109.23626366089132,-0.426344391929843,2555,109.23627702,-0.4263387,3.97,0.421,0.421,Healthy,Sub-Optimal
AME II,D003A,D03,2009,68,7,263104,0.4240141141291445,Stres Sedang,0.41378294860288956,Stres Sedang,Pokok Utama,109.23642656263381,-0.4263351287843931,2635,109.23643377,-0.42632156,3.83,0.406,0.406,Healthy,Sub-Optimal
AME II,D003A,D03,2009,68,9,263171,0.3930498979187582,Stres Berat,0.36977843307640473,Stres Berat,Pokok Utama,109.23659609988847,-0.4263338919184074,2260,109.23661476,-0.4263528,4.49,0.419,0.419,Healthy,Sub-Optimal
AME II,D003A,D03,2009,68,10,263177,0.4240845168724713,Stres Sedang,0.4352776919360779,Stres Sedang,Pokok Utama,109.23666423227444,-0.42633247250735823,2224,109.23665205,-0.42632206,4.56,0.465,0.465,Healthy,Good
AME II,D003A,D03,2009,68,12,263202,0.4173346529993451,Stres Sedang,0.39863730070472264,Stres Berat,Pokok Utama,109.23682901547382,-0.4263291600760092,1902,109.23682451,-0.42635466,5.32,0.431,0.431,Healthy,Moderate
AME II,D003A,D03,2009,68,13,263208,0.3944060439747399,Stres Berat,0.377876984483849,Stres Berat,Pokok Utama,109.23690839746213,-0.42632535047936493,1828,109.23691029,-0.42635558,5.51,0.415,0.415,Healthy,Sub-Optimal
AME II,D003A,D03,2009,68,14,263212,0.41399931008815116,Stres Sedang,0.4061875872694336,Stres Sedang,Pokok Utama,109.23698746260935,-0.42632441105592883,2521,109.2369871,-0.42635515,4.04,0.502,0.502,Healthy,Good
AME II,D003A,D03,2009,68,17,327156,0.331818319330148,Stres Berat,0.31147339739659213,Stres Berat,Tamb,109.23732362858904,-0.42631423469947316,1485,109.23731902,-0.42629735,6.48,0.412,0.412,Healthy,Sub-Optimal
AME II,D003A,D03,2009,68,18,262974,0.3941237279483565,Stres Berat,0.36658297168413323,Stres Berat,Pokok Utama,109.23738643109867,-0.4263108815630747,1230,109.23736169,-0.4263064,7.37,0.42,0.42,Healthy,Sub-Optimal
AME II,D003A,D03,2009,68,21,263000,0.4018931395582184,Stres Sedang,0.39532906886583197,Stres Berat,Pokok Utama,109.23780140247496,-0.42629694065754314,1344,109.23782025,-0.4263169,6.93,0.481,0.481,Healthy,Good
AME II,D003A,D03,2009,68,22,263009,0.42668952732078397,Stres Sedang,0.40600763646484817,Stres Sedang,Pokok Utama,109.23789335013582,-0.4262944090061681,1178,109.23788897,-0.42631104,7.58,0.457,0.457,Healthy,Moderate
AME II,D003A,D03,2009,68,23,263018,0.3702480930093193,Stres Berat,0.3534449892448591,Stres Berat,Pokok Utama,109.23797307149226,-0.42629158154302527,1234,109.23796667,-0.42631649,7.36,0.485,0.485,Healthy,Good
AME II,D003A,D03,2009,68,24,263389,0.40346990239037117,Stres Sedang,0.4139204333404879,Stres Sedang,Pokok Utama,109.23803489876097,-0.4262949842019375,1001,109.23805829,-0.42631289,8.2,0.466,0.466,Healthy,Good
AME II,D003A,D03,2009,68,25,263029,0.4248413429849158,Stres Sedang,0.43615456985868684,Stres Sedang,Pokok Utama,109.23812336514534,-0.42629063410163837,1453,109.23812477,-0.42627854,6.59,0.442,0.442,Healthy,Moderate
AME II,D003A,D03,2009,68,26,263408,0.3688850979674699,Stres Berat,0.3930787107438915,Stres Berat,Pokok Utama,109.23821937963567,-0.4262866194256872,1126,109.23820876,-0.42630659,7.73,0.428,0.428,Healthy,Sub-Optimal
AME II,D003A,D03,2009,68,27,263431,0.3789529652865121,Stres Berat,0.3697719144331168,Stres Berat,Pokok Utama,109.2382836616797,-0.42627909056101315,993,109.23829994,-0.42627903,8.23,0.348,0.348,Suspect,Critical
AME II,D003A,D03,2009,69,2,263129,0.36210226757937797,Stres Berat,0.42764665887399467,Stres Sedang,Pokok Utama,109.23605454710874,-0.4262769815318466,891,109.23605606,-0.42624732,8.7,0.475,0.475,Healthy,Good
AME II,D003A,D03,2009,69,3,263136,0.4028626601128166,Stres Sedang,0.4377584458563015,Stres Sedang,Pokok Utama,109.23614470075415,-0.4262787575711989,2950,109.23612432,-0.42627944,3.27,0.489,0.489,Healthy,Good
AME II,D003A,D03,2009,69,4,263140,0.4102505977768968,Stres Sedang,0.45391694010734274,Stres Sedang,Pokok Utama,109.23622154803766,-0.42627781764254186,2803,109.23623706,-0.42626454,3.53,0.411,0.411,Healthy,Sub-Optimal
AME II,D003A,D03,2009,69,6,327179,0.35867157627059065,Stres Berat,0.35994127662072345,Stres Berat,Tamb,109.23646508127904,-0.42626456613546176,2672,109.23645265,-0.42624334,3.77,0.422,0.422,Healthy,Sub-Optimal
AME II,D003A,D03,2009,69,10,263203,0.39552919080195154,Stres Berat,0.38779858374022863,Stres Berat,Pokok Utama,109.23678466854471,-0.4262509903265395,1805,109.23677289,-0.42622488,5.57,0.417,0.417,Healthy,Sub-Optimal
AME II,D003A,D03,2009,69,12,263213,0.4254844668519707,Stres Sedang,0.4051033166649107,Stres Sedang,Pokok Utama,109.23693994512264,-0.4262526213088056,1193,109.23694624,-0.42627782,7.53,0.449,0.449,Healthy,Moderate
AME II,D003A,D03,2009,69,14,263076,0.38115579270888467,Stres Berat,0.3772464132869713,Stres Berat,Pokok Utama,109.23712215981428,-0.42624309310781117,2895,109.23711467,-0.42625751,3.37,0.287,0.287,Abnormal,Critical
AME II,D003A,D03,2009,69,15,263079,0.3930987306486736,Stres Berat,0.38576427025971216,Stres Berat,Pokok Utama,109.23719995386203,-0.42625028937139253,2423,109.23722022,-0.42627019,4.2,0.4,0.4,Healthy,Sub-Optimal
AME II,D003A,D03,2009,69,16,263082,0.39607894467633153,Stres Berat,0.3856080521453315,Stres Berat,Pokok Utama,109.23730135942752,-0.42624760074885737,1759,109.23733116,-0.42622862,5.69,0.505,0.505,Healthy,Good
AME II,D003A,D03,2009,69,18,263087,0.3912774921841423,Stres Berat,0.36763728124616524,Stres Berat,Pokok Utama,109.23745331168094,-0.426236788691214,2620,109.23742548,-0.42622005,3.85,0.404,0.404,Abnormal,Sub-Optimal
AME II,D003A,D03,2009,69,19,18610,0.36549390370605234,Stres Berat,0.3655517253257278,Stres Berat,Pokok Utama,109.23752725300118,-0.4262363273563161,1505,109.23750947,-0.42622098,6.42,0.391,0.391,Healthy,Sub-Optimal
AME II,D003A,D03,2009,69,20,263091,0.41744353998785183,Stres Sedang,0.4183839412782198,Stres Sedang,Pokok Utama,109.23760700593999,-0.4262288490871346,2361,109.23761726,-0.42621738,4.31,0.4,0.4,Healthy,Sub-Optimal
AME II,D003A,D03,2009,69,22,263095,0.39983665253652717,Stres Berat,0.40415935305462425,Stres Sedang,Pokok Utama,109.23776624398099,-0.4262225050371237,1802,109.23776953,-0.42618803,5.57,0.354,0.354,Suspect,Critical
AME II,D003A,D03,2009,69,23,263096,0.38310750539417626,Stres Berat,0.3682895856717703,Stres Berat,Pokok Utama,109.2378472095071,-0.4262233221887494,1149,109.23781847,-0.42624456,7.67,0.392,0.392,Healthy,Sub-Optimal
AME II,D003A,D03,2009,69,25,263390,0.37829510599723287,Stres Berat,0.3744720917266722,Stres Berat,Pokok Utama,109.23800069519521,-0.4262123277996573,1622,109.23799454,-0.42622697,6.08,0.416,0.416,Healthy,Sub-Optimal
AME II,D003A,D03,2009,69,27,263409,0.4157865041781289,Stres Sedang,0.42098030206101555,Stres Sedang,Pokok Utama,109.23820635597599,-0.4262098467513179,482,109.23820832,-0.42624284,10.9,0.514,0.514,Healthy,Good
AME II,D003A,D03,2009,70,1,263117,0.41210984470664064,Stres Sedang,0.437275715965857,Stres Sedang,Pokok Utama,109.23594453378861,-0.42620333444097486,967,109.23596894,-0.426217,8.33,0.495,0.495,Healthy,Good
AME II,D003A,D03,2009,70,2,263124,0.40721118983738186,Stres Sedang,0.45843881423279154,Stres Sedang,Pokok Utama,109.23600473954382,-0.4262188670061163,967,109.23596894,-0.426217,8.33,0.495,0.495,Healthy,Good
AME II,D003A,D03,2009,70,5,263152,0.3697379234247669,Stres Berat,0.38117943574514085,Stres Berat,Pokok Utama,109.23626262670865,-0.42619559284223796,3096,109.23626044,-0.42617367,2.95,0.431,0.431,Healthy,Moderate
AME II,D003A,D03,2009,70,6,263105,0.3878882616279627,Stres Berat,0.36347643885080916,Stres Berat,Pokok Utama,109.23633376763516,-0.42619704527370883,3301,109.23632735,-0.42618408,2.24,0.384,0.384,Healthy,Critical
AME II,D003A,D03,2009,70,9,263179,0.4118866554737479,Stres Sedang,0.4112407233512316,Stres Sedang,Pokok Utama,109.2365866272372,-0.4261855466256613,1282,109.23658111,-0.42621579,7.17,0.461,0.461,Healthy,Good
AME II,D003A,D03,2009,70,12,263210,0.39995109153534075,Stres Berat,0.38079777895724504,Stres Berat,Pokok Utama,109.23682302842617,-0.42618336750202024,2359,109.23681557,-0.42615299,4.32,0.426,0.426,Healthy,Sub-Optimal
AME II,D003A,D03,2009,70,15,263077,0.4136816070155564,Stres Sedang,0.41279726818575446,Stres Sedang,Pokok Utama,109.2370746434085,-0.4261665178040881,2383,109.23706799,-0.42613316,4.28,0.387,0.387,Healthy,Critical
AME II,D003A,D03,2009,70,21,263092,0.39815907074161816,Stres Berat,0.3914431763414001,Stres Berat,Pokok Utama,109.23764742590976,-0.426151815651656,3549,109.2376312,-0.42614911,0.94,0.522,0.522,Abnormal,Good
AME II,D003A,D03,2009,70,24,263391,0.3685084915495334,Stres Berat,0.33921566959867533,Stres Berat,Pokok Utama,109.2379683856488,-0.42614343528607895,2993,109.23796536,-0.42613246,3.2,0.439,0.439,Healthy,Moderate
AME II,D003A,D03,2009,70,25,263410,0.4227009605800671,Stres Sedang,0.4524551296914304,Stres Sedang,Pokok Utama,109.23814742589744,-0.4261578322913022,1194,109.23811986,-0.42617952,7.53,0.461,0.461,Healthy,Good
AME II,D003A,D03,2009,70,26,263421,0.38128178375362703,Stres Berat,0.4055443193320941,Stres Sedang,Pokok Utama,109.23823188223591,-0.4261383921034673,2487,109.23819936,-0.42612845,4.08,0.441,0.441,Healthy,Moderate
AME II,D003A,D03,2009,70,27,263430,0.3353333479899527,Stres Berat,0.33295667489990033,Stres Berat,Pokok Utama,109.23829311259486,-0.4261398883529367,1758,109.23830043,-0.42610496,5.7,0.506,0.506,Healthy,Good
AME II,D003A,D03,2009,71,2,263128,0.37779444284483127,Stres Berat,0.4356722825465082,Stres Sedang,Pokok Utama,109.23603977516181,-0.4261304174341317,2856,109.23602824,-0.42614241,3.44,0.628,0.628,Abnormal,Good
AME II,D003A,D03,2009,71,4,263153,0.3903085368362829,Stres Berat,0.4244083897756027,Stres Sedang,Pokok Utama,109.23621952271803,-0.42612261498591264,3279,109.23622138,-0.42610629,2.32,0.522,0.522,Healthy,Good
AME II,D003A,D03,2009,71,5,263106,0.4216773907937918,Stres Sedang,0.42302069178930635,Stres Sedang,Pokok Utama,109.23630270665033,-0.4261245485658133,3207,109.23628201,-0.42609545,2.66,0.491,0.491,Healthy,Good
AME II,D003A,D03,2009,71,6,263164,0.4038371667468684,Stres Sedang,0.38482949813469197,Stres Berat,Pokok Utama,109.23638231542975,-0.4261227022533454,3084,109.23637138,-0.42615154,2.99,0.339,0.339,Healthy,Critical
AME II,D003A,D03,2009,71,7,18305,0.4331561440571078,Stres Sedang,0.39331298915158175,Stres Berat,Pokok Utama,109.23646987837363,-0.4261209798539258,3368,109.2364621,-0.42615246,1.88,0.44,0.44,Healthy,Moderate
AME II,D003A,D03,2009,71,8,263180,0.358851051074516,Stres Berat,0.3662680438108046,Stres Berat,Pokok Utama,109.23653879277921,-0.4261132784476376,2893,109.23651646,-0.42608782,3.37,0.437,0.437,Healthy,Moderate
AME II,D003A,D03,2009,71,11,263216,0.4142941400489729,Stres Sedang,0.3799800112696154,Stres Berat,Pokok Utama,109.23694631434925,-0.4261122555637194,2462,109.23692652,-0.42609198,4.13,0.414,0.414,Healthy,Sub-Optimal
AME II,D003A,D03,2009,71,12,263078,0.39817334109423114,Stres Berat,0.3658358664162314,Stres Berat,Pokok Utama,109.23706198277458,-0.4261011159253297,2383,109.23706799,-0.42613316,4.28,0.387,0.387,Healthy,Critical
AME II,D003A,D03,2009,71,14,263086,0.41543166408159576,Stres Sedang,0.38449532297748823,Stres Berat,Pokok Utama,109.23726764521368,-0.42609877144083214,1584,109.23727819,-0.42611557,6.18,0.475,0.475,Healthy,Good
AME II,D003A,D03,2009,71,17,263339,0.39087644547110484,Stres Berat,0.38862827614558715,Stres Berat,Pokok Utama,109.23753256627768,-0.4260980348827932,2206,109.23752792,-0.42607042,4.58,0.541,0.541,Healthy,Good
AME II,D003A,D03,2009,71,18,263093,0.38028116770546483,Stres Berat,0.382131767380345,Stres Berat,Pokok Utama,109.23760703748752,-0.4260900761118672,3546,109.23763391,-0.42610571,0.96,0.466,0.466,Abnormal,Good
AME II,D003A,D03,2009,71,19,263098,0.4065218951136709,Stres Sedang,0.4012113771102092,Stres Sedang,Pokok Utama,109.23769497304848,-0.4260932867386101,3558,109.2377161,-0.42609397,0.88,0.492,0.492,Abnormal,Good
AME II,D003A,D03,2009,71,22,263401,0.40932594687556445,Stres Sedang,0.39922877669120005,Stres Berat,Pokok Utama,109.23800801187755,-0.4260807583197988,2755,109.23802197,-0.42608364,3.61,0.474,0.474,Healthy,Good
AME II,D003A,D03,2009,71,24,263422,0.36691917030422916,Stres Berat,0.3924034197677721,Stres Berat,Pokok Utama,109.23817786934083,-0.426062453703512,2685,109.23817782,-0.42607283,3.75,0.485,0.485,Healthy,Good
AME II,D003A,D03,2009,72,1,263118,0.3853313531767179,Stres Berat,0.43105643315738973,Stres Sedang,Pokok Utama,109.23594985773728,-0.4260813999583618,1101,109.2359555,-0.42607096,7.81,0.462,0.462,Healthy,Good
AME II,D003A,D03,2009,72,3,263143,0.3332105093708937,Stres Berat,0.3903695096303266,Stres Berat,Pokok Utama,109.23610276150885,-0.42606899295719003,2363,109.23611359,-0.42607687,4.31,0.427,0.427,Healthy,Sub-Optimal
AME II,D003A,D03,2009,72,4,263154,0.3837977536904089,Stres Berat,0.4423121283983367,Stres Sedang,Pokok Utama,109.23618388603579,-0.42606550297781154,2949,109.23619803,-0.42606966,3.28,0.5,0.5,Healthy,Good
AME II,D003A,D03,2009,72,5,263107,0.3646863478864461,Stres Berat,0.3995577901154309,Stres Berat,Pokok Utama,109.23625993883948,-0.42607030515791333,3197,109.23627349,-0.42605837,2.68,0.403,0.403,Healthy,Sub-Optimal
AME II,D003A,D03,2009,72,6,263165,0.3939208424467312,Stres Berat,0.4086628868317261,Stres Sedang,Pokok Utama,109.23633676429833,-0.4260626480781324,2971,109.23633996,-0.42605296,3.24,0.468,0.468,Healthy,Good
AME II,D003A,D03,2009,72,7,263186,0.4320182170602651,Stres Sedang,0.40459386778708833,Stres Sedang,Pokok Utama,109.23641680264909,-0.42605598556261126,2736,109.2364015,-0.42603218,3.66,0.465,0.465,Healthy,Good
AME II,D003A,D03,2009,72,8,263181,0.42946509097932345,Stres Sedang,0.41987084778531203,Stres Sedang,Pokok Utama,109.23649887718871,-0.42605807894290376,2893,109.23651646,-0.42608782,3.37,0.437,0.437,Healthy,Moderate
AME II,D003A,D03,2009,72,9,263230,0.3824278098438592,Stres Berat,0.3923974502294396,Stres Berat,Pokok Utama,109.23658824117342,-0.4260563442938771,2178,109.23657037,-0.42605166,4.66,0.466,0.466,Healthy,Good
AME II,D003A,D03,2009,72,11,263253,0.36439541418466853,Stres Berat,0.34749992487933073,Stres Berat,Pokok Utama,109.23675461032411,-0.426046812432227,2707,109.23673206,-0.42604175,3.7,0.448,0.448,Abnormal,Moderate
AME II,D003A,D03,2009,72,14,263217,0.47986064486547647,Stres Sedang,0.4489846309294572,Stres Sedang,Pokok Utama,109.23698229867922,-0.4260350610736262,1333,109.23697415,-0.42600518,6.96,0.529,0.529,Healthy,Good
AME II,D003A,D03,2009,72,17,263300,0.38073951253950644,Stres Berat,0.35226988643273455,Stres Berat,Pokok Utama,109.23723312019672,-0.4260274630580619,3400,109.2372526,-0.42605272,1.7,0.407,0.407,Healthy,Sub-Optimal
AME II,D003A,D03,2009,72,18,263309,0.4256785489831652,Stres Sedang,0.38448500320190143,Stres Berat,Pokok Utama,109.23730759070486,-0.42602253550163094,3423,109.23728945,-0.4259953,1.55,0.443,0.443,Healthy,Moderate
AME II,D003A,D03,2009,72,19,263317,0.4503919476155646,Stres Sedang,0.4223317660402501,Stres Sedang,Pokok Utama,109.23740630202279,-0.4260252693312942,1797,109.23742104,-0.42601161,5.58,0.414,0.414,Healthy,Sub-Optimal
AME II,D003A,D03,2009,72,20,263340,0.4017908743831508,Stres Sedang,0.3876325330990215,Stres Berat,Pokok Utama,109.23749170439184,-0.42602082266530283,3504,109.23748796,-0.42601479,1.17,0.457,0.457,Healthy,Moderate
AME II,D003A,D03,2009,72,24,263380,0.3883214770092806,Stres Berat,0.367621847983593,Stres Berat,Pokok Utama,109.2378067995934,-0.4260189817367294,3113,109.23779157,-0.42602526,2.92,0.345,0.345,Healthy,Critical
AME II,D003A,D03,2009,72,25,263393,0.44582136131491384,Stres Sedang,0.3939523576328552,Stres Berat,Pokok Utama,109.23788412162908,-0.4260162875466746,2837,109.23791239,-0.42603298,3.47,0.405,0.405,Healthy,Sub-Optimal
AME II,D003A,D03,2009,72,26,263402,0.4093473079205208,Stres Sedang,0.3853835605477972,Stres Berat,Pokok Utama,109.23796809810027,-0.4260134357310578,3093,109.23797751,-0.42602802,2.96,0.443,0.443,Healthy,Moderate
AME II,D003A,D03,2009,72,27,263412,0.39976087280478867,Stres Berat,0.39719765862472917,Stres Berat,Pokok Utama,109.23804130168351,-0.42600627425156085,3292,109.23804579,-0.42600316,2.27,0.461,0.461,Healthy,Good
AME II,D003A,D03,2009,72,28,263423,0.3974633790860023,Stres Berat,0.41860097968198645,Stres Sedang,Pokok Utama,109.23812987266861,-0.4260080498917767,3144,109.23813022,-0.42602534,2.85,0.447,0.447,Healthy,Moderate
AME II,D003A,D03,2009,72,29,263446,0.3997838153475751,Stres Berat,0.399807611796949,Stres Berat,Pokok Utama,109.23820767186005,-0.42599674234652735,3281,109.238225,-0.42599416,2.32,0.532,0.532,Healthy,Good
AME II,D003A,D03,2009,72,30,263433,0.41574874043141163,Stres Sedang,0.3820767879414444,Stres Berat,Pokok Utama,109.23827580090361,-0.42600632824234314,3255,109.23824969,-0.42602718,2.46,0.441,0.441,Healthy,Moderate
AME II,D003A,D03,2009,73,2,263144,0.38539401449697797,Stres Berat,0.4571563588337855,Stres Sedang,Pokok Utama,109.23607267293713,-0.42599832407258803,2277,109.2360624,-0.42601265,4.46,0.477,0.477,Healthy,Good
AME II,D003A,D03,2009,73,3,263155,0.4058073331536824,Stres Sedang,0.44916831562728665,Stres Sedang,Pokok Utama,109.23613620920362,-0.4259992954665929,2963,109.23610238,-0.42601131,3.24,0.499,0.499,Abnormal,Good
AME II,D003A,D03,2009,73,5,263187,0.40644199500980827,Stres Sedang,0.403939731021305,Stres Sedang,Pokok Utama,109.23638703104979,-0.42598579511490936,1881,109.23639207,-0.42599012,5.39,0.43,0.43,Healthy,Moderate
AME II,D003A,D03,2009,73,9,263254,0.39145419067283915,Stres Berat,0.3663357106174159,Stres Berat,Pokok Utama,109.23670265597765,-0.4259802856055431,2385,109.23672443,-0.42599653,4.28,0.453,0.453,Healthy,Moderate
AME II,D003A,D03,2009,73,11,263271,0.42812616090325156,Stres Sedang,0.3929627893620035,Stres Berat,Pokok Utama,109.23687219456328,-0.42596931843625746,2266,109.23689286,-0.4259821,4.48,0.534,0.534,Healthy,Good
AME II,D003A,D03,2009,73,13,263220,0.4040181087061868,Stres Sedang,0.3793056331590574,Stres Berat,Pokok Utama,109.23710922872846,-0.42597256341189327,3222,109.23713629,-0.42599482,2.61,0.466,0.466,Healthy,Good
AME II,D003A,D03,2009,73,18,263351,0.37271256428358834,Stres Berat,0.3435280080398496,Stres Berat,Pokok Utama,109.23752863604112,-0.42596101624702315,3502,109.23750054,-0.42597772,1.17,0.484,0.484,Healthy,Good
AME II,D003A,D03,2009,73,21,263381,0.3961669231144259,Stres Berat,0.3895998141202672,Stres Berat,Pokok Utama,109.23776039146212,-0.42595102012859815,2896,109.23776733,-0.42598637,3.37,0.479,0.479,Healthy,Good
AME II,D003A,D03,2009,73,22,263394,0.4464476132934007,Stres Sedang,0.41442912973385343,Stres Sedang,Pokok Utama,109.23784183405567,-0.42594354132847295,1716,109.23785132,-0.4259683,5.81,0.421,0.421,Healthy,Sub-Optimal
AME II,D003A,D03,2009,73,23,263420,0.4317219328945098,Stres Sedang,0.38818438523986304,Stres Berat,Pokok Utama,109.23792691877364,-0.4259416474191736,2735,109.23793486,-0.42596832,3.66,0.45,0.45,Healthy,Moderate
AME II,D003A,D03,2009,73,24,263413,0.4241990923702977,Stres Sedang,0.4094652952785715,Stres Sedang,Pokok Utama,109.23800297143184,-0.4259474063309997,3035,109.23803143,-0.42596066,3.11,0.405,0.405,Healthy,Sub-Optimal
AME II,D003A,D03,2009,73,25,263424,0.4208410323379026,Stres Sedang,0.43420189396285036,Stres Sedang,Pokok Utama,109.23808789997403,-0.4259410469491232,2793,109.23806691,-0.42593851,3.55,0.498,0.498,Healthy,Good
AME II,D003A,D03,2009,73,26,263447,0.4030140066156553,Stres Sedang,0.4108326642024853,Stres Sedang,Pokok Utama,109.2381633194373,-0.4259424994358917,3123,109.23813473,-0.42593762,2.9,0.456,0.456,Healthy,Moderate
AME II,D003A,D03,2009,73,27,263454,0.39786229466853057,Stres Berat,0.39035532931528516,Stres Berat,Pokok Utama,109.2382409590478,-0.4259377317508578,2980,109.23823669,-0.42592725,3.22,0.421,0.421,Healthy,Sub-Optimal
AME II,D003A,D03,2009,74,1,263119,0.40243403130363076,Stres Sedang,0.42249179093336825,Stres Sedang,Pokok Utama,109.23594244970518,-0.42591550907551634,735,109.23592902,-0.42594797,9.51,0.466,0.466,Healthy,Good
AME II,D003A,D03,2009,74,2,263126,0.38385400626567345,Stres Berat,0.4448153908885109,Stres Sedang,Pokok Utama,109.23601139079628,-0.42593651646383457,1457,109.23602963,-0.42595115,6.58,0.497,0.497,Healthy,Good
AME II,D003A,D03,2009,74,3,18602,0.3912354293103318,Stres Berat,0.4300603426429404,Stres Sedang,Pokok Utama,109.23610754796164,-0.42592081105183927,2386,109.23610644,-0.42592585,4.28,0.405,0.405,Healthy,Sub-Optimal
AME II,D003A,D03,2009,74,4,18598,0.3017633962208141,Stres Berat,0.34685840581816907,Stres Berat,Pokok Utama,109.23618930777236,-0.42591245608169037,2323,109.23615809,-0.4259227,4.38,0.551,0.551,Healthy,Good
AME II,D003A,D03,2009,74,5,18597,0.3280140312954112,Stres Berat,0.33952509745274884,Stres Berat,Pokok Utama,109.23626512538993,-0.4259086456537671,3074,109.2362587,-0.42592317,3.01,0.473,0.473,Abnormal,Good
AME II,D003A,D03,2009,74,7,263184,0.3959355026548271,Stres Berat,0.3214606934070802,Stres Berat,Pokok Utama,109.23642364758938,-0.4259172151508318,2222,109.23643161,-0.42592593,4.57,0.323,0.323,Suspect,Critical
AME II,D003A,D03,2009,74,8,263182,0.42760240303397534,Stres Sedang,0.37152802536935553,Stres Berat,Pokok Utama,109.23648892524376,-0.42592376918141434,2640,109.23652279,-0.42593318,3.82,0.388,0.388,Healthy,Critical
AME II,D003A,D03,2009,74,9,263223,0.3981351805390514,Stres Berat,0.3900697361711406,Stres Berat,Pokok Utama,109.23658985898889,-0.4259060871560383,1672,109.23657085,-0.42588527,5.92,0.458,0.458,Healthy,Moderate
AME II,D003A,D03,2009,74,11,263264,0.39799228110093726,Stres Berat,0.3550063891787278,Stres Berat,Pokok Utama,109.23675464296099,-0.4259032548717024,1360,109.23673119,-0.42590384,6.88,0.503,0.503,Healthy,Good
AME II,D003A,D03,2009,74,12,263272,0.41422462706530844,Stres Sedang,0.371455415386101,Stres Berat,Pokok Utama,109.23682119228519,-0.4258952942790298,2233,109.23681787,-0.42592149,4.55,0.441,0.441,Healthy,Moderate
AME II,D003A,D03,2009,74,16,263302,0.3869207252329494,Stres Berat,0.36804646122960205,Stres Berat,Pokok Utama,109.23716866365596,-0.42588995122622214,1239,109.23718032,-0.42592293,7.33,0.411,0.411,Healthy,Sub-Optimal
AME II,D003A,D03,2009,74,18,263319,0.42541868134072724,Stres Sedang,0.3979780158212593,Stres Berat,Pokok Utama,109.2373250520165,-0.4258810545670579,2561,109.23733393,-0.42590488,3.96,0.424,0.424,Healthy,Sub-Optimal
AME II,D003A,D03,2009,74,19,263342,0.4244301122033295,Stres Sedang,0.38525099056557965,Stres Berat,Pokok Utama,109.23740110374277,-0.4258908023474034,3332,109.23740354,-0.4259153,2.09,0.418,0.418,Healthy,Sub-Optimal
AME II,D003A,D03,2009,74,23,263414,0.4237459929028952,Stres Sedang,0.4134212270732684,Stres Sedang,Pokok Utama,109.23796511708984,-0.42588534905530334,2471,109.23795014,-0.42591588,4.11,0.434,0.434,Healthy,Moderate
AME II,D003A,D03,2009,74,24,263425,0.39577597753429566,Stres Berat,0.41008251883087304,Stres Sedang,Pokok Utama,109.23804465641959,-0.42588504905103564,2288,109.2380283,-0.42586254,4.45,0.455,0.455,Healthy,Moderate
AME II,D003A,D03,2009,74,25,263448,0.4190469014942484,Stres Sedang,0.43660386765346665,Stres Sedang,Pokok Utama,109.23812752696514,-0.42587103067265153,3229,109.2381316,-0.42589422,2.58,0.45,0.45,Healthy,Moderate
AME II,D003A,D03,2009,74,26,263455,0.40139351137059504,Stres Sedang,0.4076225729202916,Stres Sedang,Pokok Utama,109.23819343896916,-0.42587710736851336,2767,109.23820031,-0.42590056,3.59,0.449,0.449,Healthy,Moderate
AME II,D003A,D03,2009,74,27,263434,0.4165477567301022,Stres Sedang,0.40805580289058047,Stres Sedang,Pokok Utama,109.23829009103783,-0.42587393924196815,3105,109.23827802,-0.42589108,2.93,0.444,0.444,Healthy,Moderate
AME II,D003A,D03,2009,75,2,18599,0.36798814145312353,Stres Berat,0.41485809141792934,Stres Sedang,Pokok Utama,109.23606736211954,-0.425853230737791,1969,109.23607816,-0.42586119,5.17,0.573,0.573,Healthy,Good
AME II,D003A,D03,2009,75,3,263110,0.35491023035816105,Stres Berat,0.4288267940507034,Stres Sedang,Pokok Utama,109.23614416514843,-0.4258493590436029,3127,109.23616125,-0.42583679,2.89,0.472,0.472,Abnormal,Good
AME II,D003A,D03,2009,75,4,263109,0.3583635111369237,Stres Berat,0.3798250172883317,Stres Berat,Pokok Utama,109.23621435499967,-0.42585782951110984,2388,109.23624928,-0.42585264,4.27,0.409,0.409,Healthy,Sub-Optimal
AME II,D003A,D03,2009,75,6,263185,0.45860810236114524,Stres Sedang,0.4105703548442419,Stres Sedang,Pokok Utama,109.23638353028325,-0.42584841584708294,1537,109.23638312,-0.42586126,6.31,0.442,0.442,Healthy,Moderate
AME II,D003A,D03,2009,75,9,263255,0.3759249084148428,Stres Berat,0.37567767766234395,Stres Berat,Pokok Utama,109.23661998223281,-0.42582825470149505,2136,109.23659243,-0.42582107,4.74,0.45,0.45,Healthy,Moderate
AME II,D003A,D03,2009,75,10,263265,0.4557158823774506,Stres Sedang,0.4358633530079102,Stres Sedang,Pokok Utama,109.23670585803681,-0.4258352927512685,2865,109.23671414,-0.42581431,3.42,0.438,0.438,Abnormal,Moderate
AME II,D003A,D03,2009,75,11,263273,0.4269887642677513,Stres Sedang,0.40842105440191323,Stres Sedang,Pokok Utama,109.23678951758045,-0.42583148412017174,3233,109.23678376,-0.42582925,2.56,0.46,0.46,Healthy,Good
AME II,D003A,D03,2009,75,12,263280,0.43653629874110256,Stres Sedang,0.38659455184642977,Stres Berat,Pokok Utama,109.23686240311977,-0.4258283105377408,2916,109.2368417,-0.42582338,3.34,0.424,0.424,Healthy,Sub-Optimal
AME II,D003A,D03,2009,75,13,263287,0.3715322878445643,Stres Berat,0.33244236109851,Stres Berat,Pokok Utama,109.23694162737013,-0.4258229056981165,2254,109.23696296,-0.42581979,4.5,0.464,0.464,Healthy,Good
AME II,D003A,D03,2009,75,14,263294,0.4133441136306133,Stres Sedang,0.3775929880503886,Stres Berat,Pokok Utama,109.2370256029992,-0.42582356256846116,2060,109.23700204,-0.42580986,4.93,0.503,0.503,Healthy,Good
AME II,D003A,D03,2009,75,16,263312,0.385191172004654,Stres Berat,0.37780204043352517,Stres Berat,Pokok Utama,109.23719830820987,-0.42582360233844685,1893,109.23717181,-0.42580809,5.34,0.431,0.431,Healthy,Moderate
AME II,D003A,D03,2009,75,17,263320,0.442404072446888,Stres Sedang,0.4198453667051509,Stres Sedang,Pokok Utama,109.23727452208499,-0.42581548570993066,1104,109.23729173,-0.42582258,7.8,0.499,0.499,Healthy,Good
AME II,D003A,D03,2009,75,18,263343,0.43181235332678397,Stres Sedang,0.4059377029573932,Stres Sedang,Pokok Utama,109.23736039878955,-0.42581869585282023,2403,109.23735281,-0.42582486,4.22,0.471,0.471,Healthy,Good
AME II,D003A,D03,2009,75,19,263353,0.3977257316615306,Stres Berat,0.3610357856134568,Stres Berat,Pokok Utama,109.23745182283878,-0.42581568568836276,3381,109.23747497,-0.42583981,1.82,0.486,0.486,Healthy,Good
AME II,D003A,D03,2009,75,20,263358,0.3839226669355238,Stres Berat,0.36347786938510307,Stres Berat,Pokok Utama,109.23752946154853,-0.42581474681314424,3387,109.2375145,-0.42582761,1.77,0.466,0.466,Healthy,Good
AME II,D003A,D03,2009,75,21,263361,0.36384138382300957,Stres Berat,0.3396908158305167,Stres Berat,Pokok Utama,109.23760805056038,-0.4258141264694599,3592,109.23763173,-0.42581497,0.67,0.483,0.483,Abnormal,Good
AME II,D003A,D03,2009,75,22,263383,0.37887347541972793,Stres Berat,0.38499167934060097,Stres Berat,Pokok Utama,109.23769434968564,-0.42581637905256076,3572,109.23767978,-0.42583126,0.77,0.507,0.507,Abnormal,Good
AME II,D003A,D03,2009,75,24,263403,0.3913457335303926,Stres Berat,0.3798686561998553,Stres Berat,Pokok Utama,109.23784883655578,-0.4258070044657301,2938,109.23781857,-0.42579241,3.3,0.526,0.526,Healthy,Good
AME II,D003A,D03,2009,75,25,263415,0.44324361917505317,Stres Sedang,0.400127159521127,Stres Sedang,Pokok Utama,109.23793519050882,-0.4257972940711062,3159,109.23793265,-0.4258268,2.8,0.552,0.552,Healthy,Good
AME II,D003A,D03,2009,75,26,263426,0.3946876136013065,Stres Berat,0.3896473076087065,Stres Berat,Pokok Utama,109.23800522276869,-0.42580385008847327,2966,109.23801709,-0.42581958,3.24,0.401,0.401,Healthy,Sub-Optimal
AME II,D003A,D03,2009,75,27,263449,0.3766172446340848,Stres Berat,0.38572096240584874,Stres Berat,Pokok Utama,109.23808888117495,-0.42580530446650877,2814,109.238115,-0.42578524,3.51,0.477,0.477,Healthy,Good
AME II,D003A,D03,2009,75,28,263456,0.40970654474803864,Stres Sedang,0.42452650934824604,Stres Sedang,Pokok Utama,109.23816715489504,-0.4257968690804414,3303,109.23819405,-0.42578798,2.23,0.344,0.344,Healthy,Critical
AME II,D003A,D03,2009,75,29,263435,0.39329426590193217,Stres Berat,0.37991111137624184,Stres Berat,Pokok Utama,109.23824415840464,-0.42580055464273736,2475,109.23826231,-0.42582281,4.1,0.379,0.379,Suspect,Critical
AME II,D003A,D03,2009,76,1,263113,0.4052824040621187,Stres Sedang,0.4631542120295507,Stres Sedang,Pokok Utama,109.23595961682916,-0.4257839402038179,416,109.23596589,-0.42579651,11.28,0.541,0.541,Healthy,Good
AME II,D003A,D03,2009,76,3,263111,0.3449335944597443,Stres Berat,0.42493692234534175,Stres Sedang,Pokok Utama,109.23608904042244,-0.4257845867548098,991,109.23609344,-0.42579473,8.23,0.431,0.431,Healthy,Moderate
AME II,D003A,D03,2009,76,4,263237,0.3489517284814629,Stres Berat,0.40665355986124047,Stres Sedang,Pokok Utama,109.23619203202934,-0.425775039377792,2320,109.23619854,-0.42578435,4.39,0.407,0.407,Healthy,Sub-Optimal
AME II,D003A,D03,2009,76,6,18306,0.38862169992527673,Stres Berat,0.36273714499880594,Stres Berat,Pokok Utama,109.23634239875308,-0.4257720437089697,3350,109.23634631,-0.42580111,2.0,0.42,0.42,Healthy,Sub-Optimal
AME II,D003A,D03,2009,76,7,263232,0.4332775694763531,Stres Sedang,0.39023116810925895,Stres Berat,Pokok Utama,109.23642748354567,-0.42576951047029943,2995,109.23643523,-0.42580475,3.2,0.442,0.442,Healthy,Moderate
AME II,D003A,D03,2009,76,8,263225,0.43848564521175476,Stres Sedang,0.4210403397952211,Stres Sedang,Pokok Utama,109.23652096804466,-0.42576315216948446,2212,109.23654169,-0.4257582,4.58,0.436,0.436,Healthy,Moderate
AME II,D003A,D03,2009,76,10,264806,0.35016806986669013,Stres Berat,0.33245464126937063,Stres Berat,Pokok Utama,109.2366739032925,-0.4257547032533389,2065,109.23666071,-0.42575055,4.92,0.428,0.428,Healthy,Sub-Optimal
AME II,D003A,D03,2009,76,11,263274,0.3939189018194243,Stres Berat,0.3810324257392265,Stres Berat,Pokok Utama,109.23675190433812,-0.42575610750766013,2512,109.2367384,-0.42578221,4.05,0.427,0.427,Healthy,Sub-Optimal
AME II,D003A,D03,2009,76,12,263281,0.42204310722509286,Stres Sedang,0.37935681012814937,Stres Berat,Pokok Utama,109.2368275620223,-0.4257565237264586,2869,109.23681521,-0.42578314,3.42,0.416,0.416,Healthy,Sub-Optimal
AME II,D003A,D03,2009,76,13,263288,0.41185384224705696,Stres Sedang,0.3954025249646491,Stres Berat,Pokok Utama,109.23691787509281,-0.4257565445230036,2390,109.23689876,-0.42573568,4.26,0.426,0.426,Healthy,Sub-Optimal
AME II,D003A,D03,2009,76,15,263304,0.3972006183117628,Stres Berat,0.371752166816003,Stres Berat,Pokok Utama,109.23706206253055,-0.4257501969837427,1368,109.23706942,-0.42575697,6.86,0.346,0.346,Suspect,Critical
AME II,D003A,D03,2009,76,17,263354,0.4488324675750525,Stres Sedang,0.4188555826952394,Stres Sedang,Pokok Utama,109.23740398985264,-0.4257407054962002,2339,109.23737349,-0.42573082,4.35,0.423,0.423,Healthy,Sub-Optimal
AME II,D003A,D03,2009,76,21,263404,0.3951820450345935,Stres Berat,0.3923960980100652,Stres Berat,Pokok Utama,109.2378079746132,-0.4257299513999193,3103,109.23777457,-0.42573724,2.93,0.478,0.478,Abnormal,Good
AME II,D003A,D03,2009,76,24,263450,0.4065405564740211,Stres Sedang,0.39198552677310006,Stres Berat,Pokok Utama,109.23804627628776,-0.4257295278629545,2809,109.23804809,-0.42574634,3.52,0.548,0.548,Healthy,Good
AME II,D003A,D03,2009,76,25,263457,0.4132484709416177,Stres Sedang,0.4295322658116219,Stres Sedang,Pokok Utama,109.23812280681493,-0.42572348394753895,3114,109.23814196,-0.42573597,2.92,0.548,0.548,Healthy,Good
AME II,D003A,D03,2009,76,26,263436,0.39707429402465566,Stres Berat,0.39094884804398605,Stres Berat,Pokok Utama,109.23820773380235,-0.4257239827671568,2989,109.23818913,-0.42570613,3.2,0.5,0.5,Healthy,Good
AME II,D003A,D03,2009,76,27,263440,0.3965917268546137,Stres Berat,0.37760215944877146,Stres Berat,Pokok Utama,109.23827665810796,-0.42572040945669454,3407,109.23825335,-0.42571971,1.63,0.365,0.365,Healthy,Critical
AME II,D003A,D03,2009,77,2,18601,0.34238492247848884,Stres Berat,0.39440795793547645,Stres Berat,Pokok Utama,109.23607052163811,-0.42570570588549583,3469,109.23609481,-0.42569254,1.33,0.419,0.419,Abnormal,Sub-Optimal
AME II,D003A,D03,2009,77,3,263238,0.3850014447630231,Stres Berat,0.4538776409099293,Stres Sedang,Pokok Utama,109.23615418120612,-0.4257016576174764,3299,109.23614467,-0.42567401,2.24,0.534,0.534,Healthy,Good
AME II,D003A,D03,2009,77,4,263246,0.37127301485043235,Stres Berat,0.42359723205290206,Stres Sedang,Pokok Utama,109.23623697899315,-0.42570307111799693,2909,109.23624302,-0.42571111,3.35,0.477,0.477,Healthy,Good
AME II,D003A,D03,2009,77,7,263226,0.4036831574339016,Stres Sedang,0.405101458657313,Stres Sedang,Pokok Utama,109.23649167357556,-0.42568434747561096,2133,109.23650802,-0.42567636,4.75,0.488,0.488,Healthy,Good
AME II,D003A,D03,2009,77,14,263314,0.37869232281224113,Stres Berat,0.3725109740397088,Stres Berat,Pokok Utama,109.23710042243852,-0.42567842701827824,2604,109.23711884,-0.42569504,3.89,0.437,0.437,Abnormal,Moderate
AME II,D003A,D03,2009,77,17,263363,0.42337489214884183,Stres Sedang,0.391804030629759,Stres Berat,Pokok Utama,109.23753266347235,-0.4256702313637509,3342,109.23755226,-0.42569197,2.05,0.553,0.553,Healthy,Good
AME II,D003A,D03,2009,77,18,263385,0.4293506033069298,Stres Sedang,0.4168189419626509,Stres Sedang,Pokok Utama,109.23762546280294,-0.42565525942477805,2204,109.2376075,-0.42568204,4.59,0.547,0.547,Healthy,Good
AME II,D003A,D03,2009,77,19,263397,0.4270594885466209,Stres Sedang,0.4173375808615954,Stres Sedang,Pokok Utama,109.23768440221626,-0.42566612006726445,2084,109.23768117,-0.4256703,4.87,0.59,0.59,Healthy,Good
AME II,D003A,D03,2009,77,20,263405,0.4048952195289315,Stres Sedang,0.420157958640104,Stres Sedang,Pokok Utama,109.23776726894667,-0.42566486316835755,1294,109.23778492,-0.42566535,7.13,0.535,0.535,Healthy,Good
AME II,D003A,D03,2009,77,21,263417,0.4017841683187529,Stres Sedang,0.3742488701261989,Stres Berat,Pokok Utama,109.23784903003852,-0.42565116374788403,1594,109.23785679,-0.42563507,6.15,0.61,0.61,Healthy,Good
AME II,D003A,D03,2009,77,22,263428,0.4325130719985884,Stres Sedang,0.4035150909892508,Stres Sedang,Pokok Utama,109.23793157744113,-0.42565979620011263,1488,109.2379228,-0.4256699,6.48,0.445,0.445,Healthy,Moderate
AME II,D003A,D03,2009,77,23,263451,0.4407607080140839,Stres Sedang,0.4285691366978706,Stres Sedang,Pokok Utama,109.23800969323808,-0.42565056227676507,1749,109.23801173,-0.42566992,5.74,0.476,0.476,Healthy,Good
AME II,D003A,D03,2009,77,24,263458,0.38943873259104117,Stres Berat,0.4111105568961748,Stres Sedang,Pokok Utama,109.23808891268251,-0.4256665314549226,1198,109.23809796,-0.42566723,7.5,0.471,0.471,Healthy,Good
AME II,D003A,D03,2009,77,26,263441,0.4057871213020838,Stres Sedang,0.3928528621980962,Stres Berat,Pokok Utama,109.23825053173462,-0.42564583302840897,3060,109.23826685,-0.4256329,3.06,0.434,0.434,Healthy,Moderate
AME II,D003A,D03,2009,78,1,263242,0.40063735641644493,Stres Sedang,0.4321261102592412,Stres Sedang,Pokok Utama,109.23595582106455,-0.4256441880187034,1150,109.23593044,-0.42566311,7.67,0.486,0.486,Healthy,Good
AME II,D003A,D03,2009,78,4,263247,0.37880198275462773,Stres Berat,0.43576240568215474,Stres Sedang,Pokok Utama,109.2361910489958,-0.42563023098093683,3179,109.23620216,-0.42566046,2.72,0.455,0.455,Healthy,Moderate
AME II,D003A,D03,2009,78,5,263245,0.3712057149915866,Stres Berat,0.35529060498412646,Stres Berat,Pokok Utama,109.23627144805067,-0.42562527856196725,2658,109.23628706,-0.4256424,3.79,0.447,0.447,Healthy,Moderate
AME II,D003A,D03,2009,78,6,263234,0.3747245703954741,Stres Berat,0.33284205093993263,Stres Berat,Pokok Utama,109.2363538396046,-0.425623703254665,2745,109.2363432,-0.42564196,3.64,0.404,0.404,Abnormal,Sub-Optimal
AME II,D003A,D03,2009,78,10,263276,0.4285045233821013,Stres Sedang,0.4177027373657055,Stres Sedang,Pokok Utama,109.23666914897949,-0.4256113344998419,3102,109.23668859,-0.42562938,2.94,0.403,0.403,Abnormal,Sub-Optimal
AME II,D003A,D03,2009,78,12,263290,0.39316178732314944,Stres Berat,0.3493759487440866,Stres Berat,Pokok Utama,109.23683307383475,-0.4256140860401611,3052,109.23685566,-0.42563168,3.07,0.361,0.361,Healthy,Critical
AME II,D003A,D03,2009,78,13,263297,0.40827040919561935,Stres Sedang,0.38723157473000314,Stres Berat,Pokok Utama,109.23691790609928,-0.4256200540516377,3062,109.23690866,-0.42561948,3.05,0.404,0.404,Healthy,Sub-Optimal
AME II,D003A,D03,2009,78,16,263322,0.3099910132597076,Stres Berat,0.3138084806765563,Stres Berat,Pokok Utama,109.23715399313188,-0.4256050653655533,3278,109.23717141,-0.42562135,2.33,0.478,0.478,Abnormal,Good
AME II,D003A,D03,2009,78,19,263365,0.39490566188730125,Stres Berat,0.3537260814718824,Stres Berat,Pokok Utama,109.23740750593588,-0.42560512370810305,1737,109.23743416,-0.4256083,5.77,0.476,0.476,Healthy,Good
AME II,D003A,D03,2009,78,21,263386,0.4003875656109131,Stres Sedang,0.37719102814578664,Stres Berat,Pokok Utama,109.23757636035954,-0.42558506449453937,3204,109.23757024,-0.42561195,2.67,0.477,0.477,Abnormal,Good
AME II,D003A,D03,2009,78,23,263406,0.372152057510985,Stres Berat,0.36993659199248974,Stres Berat,Pokok Utama,109.23772197115612,-0.42558860668076376,3082,109.23772027,-0.42555275,2.99,0.56,0.56,Healthy,Good
AME II,D003A,D03,2009,78,24,263418,0.4514533404570808,Stres Sedang,0.43419403332665507,Stres Sedang,Pokok Utama,109.23781482016105,-0.4255883097283121,1348,109.23782176,-0.42560206,6.92,0.461,0.461,Healthy,Good
AME II,D003A,D03,2009,78,25,263429,0.44135674504644196,Stres Sedang,0.4041167545737825,Stres Sedang,Pokok Utama,109.23789245776815,-0.42558832758904475,1220,109.23790844,-0.42560298,7.41,0.496,0.496,Healthy,Good
AME II,D003A,D03,2009,78,26,263452,0.41161238859612903,Stres Sedang,0.3902779266090588,Stres Berat,Pokok Utama,109.23797643520516,-0.4255851565361372,1187,109.23798659,-0.4256039,7.56,0.524,0.524,Healthy,Good
AME II,D003A,D03,2009,78,28,263438,0.41003589459111456,Stres Sedang,0.41898331197489835,Stres Sedang,Pokok Utama,109.2381304452488,-0.42557913043726087,1660,109.23813975,-0.42561072,5.96,0.499,0.499,Healthy,Good
AME II,D003A,D03,2009,78,30,263444,0.3921484464296588,Stres Berat,0.3850488041636824,Stres Berat,Pokok Utama,109.23828857499625,-0.42557214853193825,1517,109.23829471,-0.42554112,6.38,0.399,0.399,Healthy,Sub-Optimal
AME II,D003A,D03,2009,79,4,263248,0.3270726767247138,Stres Berat,0.37916720966277234,Stres Berat,Pokok Utama,109.23617815130618,-0.4255011600759111,2317,109.23620849,-0.42549226,4.4,0.5,0.5,Healthy,Good
AME II,D003A,D03,2009,79,5,263235,0.42140247436597855,Stres Sedang,0.4167064793495202,Stres Sedang,Pokok Utama,109.23626799001889,-0.4255013399151348,1683,109.23630056,-0.42551037,5.88,0.525,0.525,Healthy,Good
AME II,D003A,D03,2009,79,8,263259,0.4614708797783915,Stres Sedang,0.4260118272360995,Stres Sedang,Pokok Utama,109.23649583178263,-0.4255138337165513,1034,109.23650851,-0.42551856,8.06,0.47,0.47,Healthy,Good
AME II,D003A,D03,2009,79,15,263323,0.39392177464034356,Stres Berat,0.3941326664933497,Stres Berat,Pokok Utama,109.23714767824862,-0.4255063279347606,1898,109.23716246,-0.42547847,5.33,0.395,0.395,Healthy,Sub-Optimal
AME II,D003A,D03,2009,79,16,263347,0.42647396546343097,Stres Sedang,0.4083507305337228,Stres Sedang,Pokok Utama,109.23725066885777,-0.42550140692048166,1169,109.23724959,-0.42547487,7.6,0.407,0.407,Healthy,Sub-Optimal
AME II,D003A,D03,2009,79,17,263366,0.4460336320225817,Stres Sedang,0.4045263912239269,Stres Sedang,Pokok Utama,109.23733773317458,-0.42550812600597704,1648,109.23734884,-0.42552779,6.0,0.468,0.468,Healthy,Good
AME II,D003A,D03,2009,79,20,263399,0.4004777936652797,Stres Sedang,0.38215226885110426,Stres Berat,Pokok Utama,109.23761757390038,-0.42551010478893003,2801,109.23764706,-0.42552379,3.53,0.593,0.593,Healthy,Good
AME II,D003A,D03,2009,79,21,263407,0.38616027457127616,Stres Berat,0.3739176172587841,Stres Berat,Pokok Utama,109.23768681482586,-0.4255045384723738,2796,109.2377095,-0.42547905,3.54,0.571,0.571,Healthy,Good
AME II,D003A,D03,2009,79,22,263419,0.3983753633658048,Stres Berat,0.3842332386149993,Stres Berat,Pokok Utama,109.23776445242011,-0.4255085433901839,1639,109.23778001,-0.42552156,6.03,0.546,0.546,Healthy,Good
AME II,D003A,D03,2009,79,23,264220,0.3691745931821254,Stres Berat,0.3299677294256876,Stres Berat,Pokok Utama,109.23785746121678,-0.42550473688093987,1711,109.23787702,-0.42552159,5.82,0.535,0.535,Healthy,Good
AME II,D003A,D03,2009,79,25,263460,0.4126251296401833,Stres Sedang,0.398268759509947,Stres Berat,Pokok Utama,109.23801352888616,-0.4255079622429914,1195,109.23799919,-0.42549087,7.52,0.469,0.469,Healthy,Good
AME II,D003A,D03,2009,79,27,263443,0.4219580743536636,Stres Sedang,0.43153825806010127,Stres Sedang,Pokok Utama,109.23816547923009,-0.4255017774106036,602,109.23818693,-0.42552075,10.33,0.428,0.428,Healthy,Sub-Optimal
AME II,D003A,D03,2009,80,4,263236,0.42143998246235725,Stres Sedang,0.43946398437094675,Stres Sedang,Pokok Utama,109.23622696820884,-0.4254322627972104,2847,109.23622691,-0.42545112,3.46,0.443,0.443,Abnormal,Moderate
AME II,D003A,D03,2009,80,6,263261,0.40550231139729226,Stres Sedang,0.3598198200338633,Stres Berat,Pokok Utama,109.23639412871643,-0.4254265589708971,2638,109.23638233,-0.42540007,3.82,0.439,0.439,Healthy,Moderate
AME II,D003A,D03,2009,80,9,263278,0.3711346592759191,Stres Berat,0.3947188825131179,Stres Berat,Pokok Utama,109.23663512392535,-0.42543092251676834,2815,109.23662934,-0.42544534,3.51,0.425,0.425,Healthy,Sub-Optimal
AME II,D003A,D03,2009,80,10,263285,0.3674108487382235,Stres Berat,0.3903981061347832,Stres Berat,Pokok Utama,109.23671276237963,-0.42543094038305174,2754,109.23671602,-0.42545169,3.61,0.426,0.426,Healthy,Sub-Optimal
AME II,D003A,D03,2009,80,17,263348,0.40520759150284485,Stres Sedang,0.37797007993892867,Stres Berat,Pokok Utama,109.23723087909796,-0.42542994278239976,1342,109.23724736,-0.42540931,6.94,0.389,0.389,Healthy,Critical
AME II,D003A,D03,2009,80,18,263367,0.44634433283955266,Stres Sedang,0.39604965189042,Stres Berat,Pokok Utama,109.23740849736285,-0.42542822929919594,2085,109.23741623,-0.42542653,4.87,0.464,0.464,Healthy,Good
AME II,D003A,D03,2009,80,19,263461,0.3756576857702703,Stres Berat,0.34948598079902765,Stres Berat,Pokok Utama,109.23749717406105,-0.4254271328859724,3298,109.23750156,-0.42544102,2.24,0.486,0.486,Healthy,Good
AME II,D003A,D03,2009,80,20,264189,0.3934756566040666,Stres Berat,0.37289862151039843,Stres Berat,Pokok Utama,109.23757639728994,-0.4254223655520175,2710,109.23755187,-0.42543153,3.69,0.417,0.417,Healthy,Sub-Optimal
AME II,D003A,D03,2009,80,21,264196,0.3992653061894901,Stres Berat,0.3975575274263048,Stres Berat,Pokok Utama,109.23765165968153,-0.42541919249124,3055,109.23763901,-0.42540623,3.07,0.411,0.411,Healthy,Sub-Optimal
AME II,D003A,D03,2009,80,22,264204,0.4184742312844991,Stres Sedang,0.41543421561461186,Stres Sedang,Pokok Utama,109.23773246240005,-0.42543675720967905,3275,109.23771356,-0.42541484,2.37,0.529,0.529,Healthy,Good
AME II,D003A,D03,2009,80,25,264228,0.42030853959135794,Stres Sedang,0.39315342624075844,Stres Berat,Pokok Utama,109.23797013138972,-0.4254336214954129,1425,109.2379781,-0.42544248,6.68,0.48,0.48,Healthy,Good
AME II,D003A,D03,2009,80,26,264236,0.44094545728578344,Stres Sedang,0.4262218032825176,Stres Sedang,Pokok Utama,109.2380471370708,-0.42543164612496764,1915,109.23804188,-0.4254226,5.29,0.497,0.497,Healthy,Good
AME II,D003A,D03,2009,80,27,264244,0.4176359349000223,Stres Sedang,0.40063724207355295,Stres Sedang,Pokok Utama,109.2382128697483,-0.4254327205603836,1706,109.23822108,-0.42544344,5.83,0.495,0.495,Healthy,Good
AME II,D003A,D03,2009,81,3,264500,0.3710539732168962,Stres Berat,0.42500426678794834,Stres Sedang,Pokok Utama,109.23609429002761,-0.42536503829519046,3216,109.2361142,-0.4253783,2.63,0.451,0.451,Healthy,Moderate
AME II,D003A,D03,2009,81,4,264504,0.402331462041736,Stres Sedang,0.44892524792795996,Stres Sedang,Pokok Utama,109.23618620727143,-0.42536548989695155,2162,109.23620492,-0.4253851,4.69,0.51,0.51,Healthy,Good
AME II,D003A,D03,2009,81,5,264510,0.3960176327814067,Stres Berat,0.37902213331819223,Stres Berat,Pokok Utama,109.23626749280994,-0.4253649596946438,1911,109.23630014,-0.425358,5.29,0.442,0.442,Healthy,Moderate
AME II,D003A,D03,2009,81,6,264517,0.42054365094565516,Stres Sedang,0.38539217932467207,Stres Berat,Pokok Utama,109.2363403773457,-0.42536609327766645,3032,109.23633786,-0.42539734,3.11,0.371,0.371,Healthy,Critical
AME II,D003A,D03,2009,81,7,264528,0.4127196799097484,Stres Sedang,0.36949381460546193,Stres Berat,Pokok Utama,109.23642926757731,-0.42535797955961807,2664,109.23640704,-0.42535893,3.78,0.506,0.506,Healthy,Good
AME II,D003A,D03,2009,81,10,263338,0.3736559778015078,Stres Berat,0.3708970337111849,Stres Berat,Pokok Utama,109.23667601832975,-0.4253648954489665,2806,109.23664418,-0.42534994,3.53,0.414,0.414,Healthy,Sub-Optimal
AME II,D003A,D03,2009,81,12,263334,0.3884253713856649,Stres Berat,0.38267563670864685,Stres Berat,Pokok Utama,109.23683462319363,-0.42536160954298985,1891,109.23682339,-0.425345,5.35,0.363,0.363,Suspect,Critical
AME II,D003A,D03,2009,81,14,263327,0.4164313991767288,Stres Sedang,0.4055807836693254,Stres Sedang,Pokok Utama,109.23700891333094,-0.42535986726389335,2188,109.23697879,-0.42534594,4.64,0.471,0.471,Healthy,Good
AME II,D003A,D03,2009,81,15,263325,0.41861922056220424,Stres Sedang,0.39053285409374017,Stres Berat,Pokok Utama,109.23707387539825,-0.4253598822074534,1090,109.23709556,-0.42538486,7.86,0.442,0.442,Healthy,Moderate
AME II,D003A,D03,2009,81,17,263462,0.39965152493206796,Stres Berat,0.36737501532804195,Stres Berat,Pokok Utama,109.23745123999247,-0.42536012816048974,2104,109.23748003,-0.42534516,4.81,0.367,0.367,Suspect,Critical
AME II,D003A,D03,2009,81,18,264190,0.40894129499691795,Stres Sedang,0.3877677157337725,Stres Berat,Pokok Utama,109.23754155326316,-0.42536333930086606,2469,109.23752269,-0.42537139,4.11,0.378,0.378,Suspect,Critical
AME II,D003A,D03,2009,81,20,264205,0.3953901438950586,Stres Berat,0.40093526468664803,Stres Sedang,Pokok Utama,109.23769888872587,-0.42536497066734674,3170,109.23768168,-0.42538002,2.75,0.381,0.381,Healthy,Critical
AME II,D003A,D03,2009,81,21,264212,0.3818429876579874,Stres Berat,0.3642692925496275,Stres Berat,Pokok Utama,109.23776702006398,-0.4253643478980789,2261,109.2377513,-0.42535426,4.49,0.487,0.487,Healthy,Good
AME II,D003A,D03,2009,81,22,264221,0.42722626948654735,Stres Sedang,0.3912939134035142,Stres Berat,Pokok Utama,109.23784497659581,-0.42536021870262775,1274,109.23782495,-0.42538548,7.19,0.416,0.416,Healthy,Sub-Optimal
AME II,D003A,D03,2009,81,23,264229,0.4110041418196099,Stres Sedang,0.38355351908899077,Stres Berat,Pokok Utama,109.23792578258006,-0.4253634276531198,1181,109.23793993,-0.42537963,7.57,0.445,0.445,Healthy,Moderate
AME II,D003A,D03,2009,81,24,264237,0.42170414883772056,Stres Sedang,0.41610107620318565,Stres Sedang,Pokok Utama,109.23801403817006,-0.42535371857800425,978,109.23800731,-0.42534437,8.27,0.468,0.468,Healthy,Good
AME II,D003A,D03,2009,81,26,264257,0.4080416656000959,Stres Sedang,0.38997829029372394,Stres Berat,Pokok Utama,109.23828402948024,-0.4253555340840026,1928,109.23825523,-0.42535664,5.26,0.462,0.462,Healthy,Good
AME II,D003A,D03,2009,82,3,264505,0.3520302852743404,Stres Berat,0.38600405125782405,Stres Berat,Pokok Utama,109.23614503071931,-0.4252974599276765,3403,109.23616407,-0.4252915,1.67,0.508,0.508,Healthy,Good
AME II,D003A,D03,2009,82,6,264529,0.47773806443046196,Stres Sedang,0.4319762217837411,Stres Sedang,Pokok Utama,109.23638550408371,-0.42529352639633644,3239,109.23639224,-0.42527392,2.54,0.366,0.366,Healthy,Critical
AME II,D003A,D03,2009,82,7,264537,0.4614294314633961,Stres Sedang,0.4370632472965452,Stres Sedang,Pokok Utama,109.2364736231643,-0.4252992021598005,2059,109.23647847,-0.42527982,4.94,0.38,0.38,Healthy,Critical
AME II,D003A,D03,2009,82,8,264803,0.4198595007881522,Stres Sedang,0.4076282952707524,Stres Sedang,Pokok Utama,109.23654017013403,-0.4252975788796458,2681,109.23653011,-0.4253151,3.76,0.437,0.437,Abnormal,Moderate
AME II,D003A,D03,2009,82,10,263337,0.4219850118293783,Stres Sedang,0.41917264072441396,Stres Sedang,Pokok Utama,109.23671630214758,-0.4253057264459062,1678,109.23673088,-0.42531198,5.9,0.383,0.383,Healthy,Critical
AME II,D003A,D03,2009,82,12,263332,0.44489616324118086,Stres Sedang,0.4098744847668478,Stres Sedang,Pokok Utama,109.23688312424913,-0.42528726194496264,2342,109.2368755,-0.42530794,4.35,0.412,0.412,Healthy,Sub-Optimal
AME II,D003A,D03,2009,82,13,263328,0.43927871120562534,Stres Sedang,0.4140606537586501,Stres Sedang,Pokok Utama,109.23694967042726,-0.4252891907496431,2047,109.2369595,-0.42525641,4.97,0.442,0.442,Healthy,Moderate
AME II,D003A,D03,2009,82,15,263369,0.4041195592064316,Stres Sedang,0.4022471169057393,Stres Sedang,Pokok Utama,109.23728399149438,-0.42528607726912404,1290,109.23730846,-0.42530985,7.14,0.439,0.439,Healthy,Moderate
AME II,D003A,D03,2009,82,16,263368,0.4624851761400489,Stres Sedang,0.4238384309674485,Stres Sedang,Pokok Utama,109.2373673321213,-0.4252904036145994,1041,109.23738617,-0.42529992,8.04,0.455,0.455,Healthy,Moderate
AME II,D003A,D03,2009,82,18,264191,0.38212692650020835,Stres Berat,0.3306748318228411,Stres Berat,Pokok Utama,109.23753364969147,-0.4252787980912614,3116,109.23752136,-0.42527689,2.91,0.386,0.386,Healthy,Critical
AME II,D003A,D03,2009,82,19,264198,0.4285216954003142,Stres Sedang,0.3954155304599654,Stres Berat,Pokok Utama,109.2376128730945,-0.42527722112114447,2265,109.23760176,-0.42525973,4.48,0.345,0.345,Suspect,Critical
AME II,D003A,D03,2009,82,20,264206,0.41083999819496053,Stres Sedang,0.3862912285037419,Stres Berat,Pokok Utama,109.23768813195785,-0.42528960020634227,2733,109.23766239,-0.42528371,3.66,0.412,0.412,Healthy,Sub-Optimal
AME II,D003A,D03,2009,82,22,264222,0.44254686113832953,Stres Sedang,0.4054722352257858,Stres Sedang,Pokok Utama,109.23786796508054,-0.4252972186814229,2602,109.23786315,-0.42531992,3.89,0.451,0.451,Abnormal,Moderate
AME II,D003A,D03,2009,82,26,264258,0.41626019478654086,Stres Sedang,0.42253203781868626,Stres Sedang,Pokok Utama,109.23824855418316,-0.4252835879302238,3012,109.23821482,-0.42529604,3.15,0.491,0.491,Abnormal,Good
AME II,D003A,D03,2009,83,2,264502,0.4304208483289986,Stres Sedang,0.4439130383976649,Stres Sedang,Pokok Utama,109.23602177535516,-0.42523043745518907,3444,109.2360545,-0.42521687,1.42,0.438,0.438,Healthy,Moderate
AME II,D003A,D03,2009,83,4,264512,0.38744374751704913,Stres Berat,0.43198717525326713,Stres Sedang,Pokok Utama,109.2361875110444,-0.42522138285877287,3367,109.23619777,-0.425216,1.88,0.41,0.41,Healthy,Sub-Optimal
AME II,D003A,D03,2009,83,5,264519,0.41638000805092895,Stres Sedang,0.39735131345736296,Stres Berat,Pokok Utama,109.23626673391851,-0.42522188036398567,2081,109.23626918,-0.42523003,4.87,0.408,0.408,Healthy,Sub-Optimal
AME II,D003A,D03,2009,83,6,264530,0.4268404903041021,Stres Sedang,0.37724241929558605,Stres Berat,Pokok Utama,109.23634964725392,-0.42522078534180674,3244,109.23634329,-0.42523773,2.52,0.388,0.388,Healthy,Critical
AME II,D003A,D03,2009,83,7,264793,0.43606913135091235,Stres Sedang,0.3845896935936061,Stres Berat,Pokok Utama,109.23642739613875,-0.42522494853639026,3317,109.23643807,-0.42520068,2.16,0.435,0.435,Healthy,Moderate
AME II,D003A,D03,2009,83,8,264815,0.4039858942094107,Stres Sedang,0.3936955458272418,Stres Berat,Pokok Utama,109.23658090619324,-0.4252326215627276,2912,109.23656517,-0.42521744,3.35,0.454,0.454,Healthy,Moderate
AME II,D003A,D03,2009,83,11,263333,0.38275534573780456,Stres Berat,0.3621425099628389,Stres Berat,Pokok Utama,109.23683211736775,-0.4252294636541702,3252,109.23684991,-0.42525639,2.47,0.382,0.382,Abnormal,Critical
AME II,D003A,D03,2009,83,13,263373,0.36809441349346483,Stres Berat,0.34699765921212505,Stres Berat,Pokok Utama,109.23700815002265,-0.4252282724819498,2603,109.23702328,-0.42523653,3.89,0.346,0.346,Abnormal,Critical
AME II,D003A,D03,2009,83,14,263372,0.4406468716406459,Stres Sedang,0.42206528950303507,Stres Sedang,Pokok Utama,109.23709894043974,-0.4252266981754815,1869,109.23709021,-0.42521123,5.4,0.397,0.397,Healthy,Sub-Optimal
AME II,D003A,D03,2009,83,16,264192,0.43465115362551154,Stres Sedang,0.3878507471077433,Stres Berat,Pokok Utama,109.23749935745296,-0.42523053856670584,2292,109.23749487,-0.42524795,4.44,0.399,0.399,Healthy,Sub-Optimal
AME II,D003A,D03,2009,83,18,264207,0.40998531356717166,Stres Sedang,0.3708379060101495,Stres Berat,Pokok Utama,109.2376526559401,-0.42521693605978517,2944,109.23763321,-0.42520683,3.29,0.359,0.359,Healthy,Critical
AME II,D003A,D03,2009,83,20,264223,0.42900302712768845,Stres Sedang,0.40181513247905193,Stres Sedang,Pokok Utama,109.23781965579751,-0.425223035067267,2701,109.23782049,-0.42524893,3.71,0.403,0.403,Abnormal,Sub-Optimal
AME II,D003A,D03,2009,83,21,264231,0.40372116172929173,Stres Sedang,0.36113003331764376,Stres Berat,Pokok Utama,109.23788779006269,-0.4252134805192976,1298,109.23789012,-0.42521865,7.12,0.404,0.404,Healthy,Sub-Optimal
AME II,D003A,D03,2009,83,22,264239,0.38590453367684374,Stres Berat,0.38665560838014174,Stres Berat,Pokok Utama,109.23797746725643,-0.42522514580488524,1543,109.23797455,-0.4252562,6.27,0.428,0.428,Healthy,Sub-Optimal
AME II,D003A,D03,2009,83,23,264253,0.40655962788510785,Stres Sedang,0.42109160502811244,Stres Sedang,Pokok Utama,109.2380566906778,-0.4252235688275024,1810,109.23808774,-0.42521055,5.56,0.561,0.561,Healthy,Good
AME II,D003A,D03,2009,83,24,264247,0.39523628017882884,Stres Berat,0.4444432054045108,Stres Sedang,Pokok Utama,109.23813670678196,-0.4252162497243163,1576,109.23812771,-0.42519881,6.19,0.472,0.472,Healthy,Good
AME II,D003A,D03,2009,83,26,264264,0.3991881546084812,Stres Berat,0.3917778148047196,Stres Berat,Pokok Utama,109.23829426615656,-0.42522098558128857,2050,109.23832577,-0.42523457,4.96,0.411,0.411,Healthy,Sub-Optimal
AME II,D003A,D03,2009,84,3,264513,0.3875460915911645,Stres Berat,0.4197754767289435,Stres Sedang,Pokok Utama,109.23614628321052,-0.425165559113411,3360,109.23617083,-0.42518977,1.93,0.511,0.511,Healthy,Good
AME II,D003A,D03,2009,84,4,264520,0.41439123081917667,Stres Sedang,0.41750352858316425,Stres Sedang,Pokok Utama,109.23623184530106,-0.42515760287562193,3533,109.23622519,-0.42514456,1.07,0.413,0.413,Healthy,Sub-Optimal
AME II,D003A,D03,2009,84,5,264531,0.44207062339776254,Stres Sedang,0.41879754059657376,Stres Sedang,Pokok Utama,109.23629128495853,-0.4251528328044765,2109,109.2362975,-0.42512243,4.81,0.486,0.486,Healthy,Good
AME II,D003A,D03,2009,84,6,264794,0.44480190899870964,Stres Sedang,0.37193738407693944,Stres Berat,Pokok Utama,109.23639463725439,-0.42516094734431936,2773,109.23638148,-0.42515997,3.58,0.495,0.495,Healthy,Good
AME II,D003A,D03,2009,84,7,264804,0.4131686477085841,Stres Sedang,0.3767677554139146,Stres Berat,Pokok Utama,109.23648877571325,-0.42515841615918265,2447,109.23650634,-0.42515232,4.16,0.432,0.432,Healthy,Moderate
AME II,D003A,D03,2009,84,8,264816,0.3898261296749115,Stres Berat,0.3803799945491928,Stres Berat,Pokok Utama,109.23655009328809,-0.42516321581506555,2729,109.23657506,-0.42518127,3.67,0.423,0.423,Healthy,Sub-Optimal
AME II,D003A,D03,2009,84,9,264862,0.3756856938040986,Stres Berat,0.3934994324196283,Stres Berat,Pokok Utama,109.2366275262966,-0.42516206798155265,3002,109.23660336,-0.42515324,3.18,0.427,0.427,Healthy,Sub-Optimal
AME II,D003A,D03,2009,84,10,264848,0.39077160850487425,Stres Berat,0.38086066111850797,Stres Berat,Pokok Utama,109.23670910058769,-0.42516377597345695,2207,109.23673495,-0.42518854,4.58,0.41,0.41,Healthy,Sub-Optimal
AME II,D003A,D03,2009,84,11,264861,0.40344598912836416,Stres Sedang,0.3854770600652637,Stres Berat,Pokok Utama,109.23678212624672,-0.42516060239780995,3357,109.23676775,-0.42512977,1.95,0.43,0.43,Abnormal,Moderate
AME II,D003A,D03,2009,84,12,263330,0.4307251658799954,Stres Sedang,0.39750717402293745,Stres Berat,Pokok Utama,109.23688552697999,-0.42516914558281016,2411,109.23688406,-0.4252035,4.21,0.419,0.419,Healthy,Sub-Optimal
AME II,D003A,D03,2009,84,15,263472,0.4574319355810851,Stres Sedang,0.41707821679595575,Stres Sedang,Pokok Utama,109.23720062645762,-0.42514784400270256,2527,109.23721822,-0.42516378,4.03,0.402,0.402,Healthy,Sub-Optimal
AME II,D003A,D03,2009,84,18,264193,0.4008878077467552,Stres Sedang,0.346187997674184,Stres Berat,Pokok Utama,109.23744447218999,-0.42515523754893414,2418,109.23745132,-0.42516655,4.2,0.465,0.465,Healthy,Good
AME II,D003A,D03,2009,84,20,264208,0.3916449992229109,Stres Berat,0.3685945577358061,Stres Berat,Pokok Utama,109.23761844752055,-0.42514762083033414,2209,109.23760807,-0.4251702,4.58,0.391,0.391,Healthy,Sub-Optimal
AME II,D003A,D03,2009,84,21,264215,0.43533345918889266,Stres Sedang,0.4150505554414569,Stres Sedang,Pokok Utama,109.23769529189916,-0.42515178561253636,2596,109.23767993,-0.42515711,3.9,0.416,0.416,Abnormal,Sub-Optimal
AME II,D003A,D03,2009,84,22,264224,0.44543058960610016,Stres Sedang,0.4193170465714726,Stres Sedang,Pokok Utama,109.23777134584435,-0.4251518030921931,2922,109.23776168,-0.42515351,3.32,0.402,0.402,Abnormal,Sub-Optimal
AME II,D003A,D03,2009,84,24,264240,0.43629782844778303,Stres Sedang,0.40258984299054223,Stres Sedang,Pokok Utama,109.23793930001895,-0.4251445041988204,1399,109.23794942,-0.42511874,6.77,0.433,0.433,Healthy,Moderate
AME II,D003A,D03,2009,84,26,264248,0.4227729084262905,Stres Sedang,0.44606929327801265,Stres Sedang,Pokok Utama,109.23808981958985,-0.4251572993684451,1386,109.23807518,-0.42513866,6.81,0.475,0.475,Healthy,Good
AME II,D003A,D03,2009,84,28,264265,0.42239965736378765,Stres Sedang,0.42317851011616453,Stres Sedang,Pokok Utama,109.23825302173067,-0.42514298110026766,1663,109.23826561,-0.42515227,5.95,0.471,0.471,Healthy,Good
AME II,D003A,D03,2009,85,6,264795,0.428915068130309,Stres Sedang,0.40475473204234524,Stres Sedang,Pokok Utama,109.23635053418164,-0.425088701760261,1768,109.23635365,-0.42509395,5.68,0.521,0.521,Healthy,Good
AME II,D003A,D03,2009,85,7,264805,0.4496762433268689,Stres Sedang,0.3979964140994924,Stres Berat,Pokok Utama,109.23643326779974,-0.4250839361381947,2440,109.23644303,-0.42509307,4.18,0.415,0.415,Healthy,Sub-Optimal
AME II,D003A,D03,2009,85,8,264817,0.4046573885401999,Stres Sedang,0.3909248121875779,Stres Berat,Pokok Utama,109.23650803116723,-0.4250945517212164,1638,109.236536,-0.42510982,6.03,0.392,0.392,Healthy,Sub-Optimal
AME II,D003A,D03,2009,85,9,264845,0.374661502057903,Stres Berat,0.39491414188659124,Stres Berat,Pokok Utama,109.23659870625659,-0.4250904417320293,2673,109.23660876,-0.42510532,3.77,0.459,0.459,Healthy,Moderate
AME II,D003A,D03,2009,85,10,264849,0.3885634752071422,Stres Berat,0.3998159079778387,Stres Berat,Pokok Utama,109.2366675854386,-0.42509146224714806,2526,109.23668556,-0.42510443,4.03,0.423,0.423,Healthy,Sub-Optimal
AME II,D003A,D03,2009,85,12,264875,0.3938771698958867,Stres Berat,0.39310335778560573,Stres Berat,Pokok Utama,109.23684223720615,-0.4250873073581348,1164,109.23683468,-0.42505382,7.62,0.385,0.385,Healthy,Critical
AME II,D003A,D03,2009,85,13,264888,0.3846508197376893,Stres Berat,0.371403291108913,Stres Berat,Pokok Utama,109.2369201924723,-0.4250846132858461,2804,109.23693618,-0.42510132,3.53,0.415,0.415,Abnormal,Sub-Optimal
AME II,D003A,D03,2009,85,15,264185,0.4679182216890501,Stres Sedang,0.4162560118114104,Stres Sedang,Pokok Utama,109.23701493843924,-0.4251047340342574,328,109.23700624,-0.42509863,11.91,0.465,0.465,Healthy,Good
AME II,D003A,D03,2009,85,16,264181,0.4088281396941578,Stres Sedang,0.3783874319295714,Stres Berat,Pokok Utama,109.23708687693723,-0.42508688522568083,990,109.23709428,-0.42509593,8.23,0.368,0.368,Suspect,Critical
AME II,D003A,D03,2009,85,17,263473,0.4216243348853744,Stres Sedang,0.3990721407686718,Stres Berat,Pokok Utama,109.23714772148732,-0.4250782857565454,1102,109.23714907,-0.42509323,7.81,0.347,0.347,Suspect,Critical
AME II,D003A,D03,2009,85,18,263469,0.4168486467047578,Stres Sedang,0.3811367181226638,Stres Berat,Pokok Utama,109.23724690735641,-0.42508373164206753,2021,109.23726854,-0.425091,5.04,0.392,0.392,Healthy,Sub-Optimal
AME II,D003A,D03,2009,85,19,263465,0.44238479019767113,Stres Sedang,0.41015159359091496,Stres Sedang,Pokok Utama,109.23733310212535,-0.4250786475854417,1785,109.2373211,-0.42506207,5.64,0.456,0.456,Healthy,Moderate
AME II,D003A,D03,2009,85,22,264225,0.3899826566076097,Stres Berat,0.3690490836577308,Stres Berat,Pokok Utama,109.23773333617561,-0.4250774635993301,2009,109.23775271,-0.42508388,5.06,0.434,0.434,Healthy,Moderate
AME II,D003A,D03,2009,85,24,264241,0.46922651712897673,Stres Sedang,0.402911276753562,Stres Sedang,Pokok Utama,109.23789526627166,-0.425079255150279,1136,109.2379144,-0.42508572,7.7,0.459,0.459,Healthy,Moderate
AME II,D003A,D03,2009,85,25,264255,0.42547687122031397,Stres Sedang,0.3943904439042125,Stres Berat,Pokok Utama,109.23797734282097,-0.42507273410939994,1295,109.23797818,-0.42507353,7.13,0.408,0.408,Healthy,Sub-Optimal
AME II,D003A,D03,2009,85,28,264266,0.40102070562713343,Stres Sedang,0.39392372802880193,Stres Berat,Pokok Utama,109.23821263510625,-0.4250731073840448,1506,109.23822071,-0.42507539,6.41,0.472,0.472,Healthy,Good
AME II,D003A,D03,2009,85,29,264269,0.39051096939658236,Stres Berat,0.3819809801912365,Stres Berat,Pokok Utama,109.23829106507286,-0.42507280618311016,1906,109.23826697,-0.42509168,5.31,0.435,0.435,Healthy,Moderate
AME II,D003A,D03,2009,86,4,264533,0.38035748799884617,Stres Berat,0.3796868944436984,Stres Berat,Pokok Utama,109.23624808544727,-0.425005821766451,2882,109.23626834,-0.42497864,3.4,0.428,0.428,Healthy,Sub-Optimal
AME II,D003A,D03,2009,86,10,264864,0.41630663367655124,Stres Sedang,0.4195849328159212,Stres Sedang,Pokok Utama,109.23671448342327,-0.4249917758057639,3038,109.23673275,-0.4249801,3.1,0.48,0.48,Healthy,Good
AME II,D003A,D03,2009,86,11,264876,0.4490342946675499,Stres Sedang,0.43504661949010226,Stres Sedang,Pokok Utama,109.23679757755622,-0.42498967703708623,2504,109.23680686,-0.42496339,4.05,0.45,0.45,Healthy,Moderate
AME II,D003A,D03,2009,86,12,264887,0.4587030142424058,Stres Sedang,0.43442005166734193,Stres Sedang,Pokok Utama,109.23687985472056,-0.4249855750556717,576,109.23686614,-0.42500048,10.43,0.461,0.461,Healthy,Good
AME II,D003A,D03,2009,86,15,263470,0.4186080633055257,Stres Sedang,0.402402723655821,Stres Sedang,Pokok Utama,109.2371924246321,-0.42498418645043223,1634,109.23717379,-0.42500597,6.05,0.464,0.464,Healthy,Good
AME II,D003A,D03,2009,86,16,263466,0.4573534071039439,Stres Sedang,0.42558614258002436,Stres Sedang,Pokok Utama,109.23729129522148,-0.42498165633283025,1314,109.23728474,-0.42495174,7.05,0.44,0.44,Healthy,Moderate
AME II,D003A,D03,2009,86,17,264194,0.44793218462621553,Stres Sedang,0.41570839247413216,Stres Sedang,Pokok Utama,109.23735926917446,-0.42497385608844135,1854,109.23735705,-0.42494452,5.43,0.479,0.479,Healthy,Good
AME II,D003A,D03,2009,86,27,264270,0.41581277110997367,Stres Sedang,0.38259448451974404,Stres Berat,Pokok Utama,109.23825781768399,-0.42495635721164715,2892,109.23822703,-0.42493884,3.38,0.448,0.448,Abnormal,Moderate
AME II,D003A,D03,2009,87,2,264516,0.3892480516423995,Stres Berat,0.41553639114528584,Stres Sedang,Pokok Utama,109.23602199552612,-0.4249411024282052,3480,109.23605277,-0.42493744,1.28,0.541,0.541,Healthy,Good
AME II,D003A,D03,2009,87,3,264523,0.40687742265166954,Stres Sedang,0.4359243836554542,Stres Sedang,Pokok Utama,109.23611249248604,-0.42494203657901514,3487,109.23612912,-0.42493746,1.24,0.572,0.572,Healthy,Good
AME II,D003A,D03,2009,87,5,264808,0.46265160950815115,Stres Sedang,0.4305409315970165,Stres Sedang,Pokok Utama,109.23635267679582,-0.42492928149496106,1814,109.23637165,-0.42495379,5.55,0.48,0.48,Healthy,Good
AME II,D003A,D03,2009,87,6,264819,0.4394312878347066,Stres Sedang,0.3680343622289717,Stres Berat,Pokok Utama,109.23642904882867,-0.4249206855993194,2956,109.2364278,-0.42489502,3.26,0.461,0.461,Abnormal,Good
AME II,D003A,D03,2009,87,7,264851,0.39484366828833434,Stres Berat,0.39906613728066154,Stres Berat,Pokok Utama,109.23659351362761,-0.42492687806716223,2379,109.23659622,-0.4249439,4.28,0.514,0.514,Healthy,Good
AME II,D003A,D03,2009,87,8,264865,0.3878522176700442,Stres Berat,0.40087445620593004,Stres Sedang,Pokok Utama,109.23666846013536,-0.4249181886973979,3282,109.23664967,-0.42493984,2.32,0.434,0.434,Healthy,Moderate
AME II,D003A,D03,2009,87,9,264877,0.426092847282307,Stres Sedang,0.425695157492801,Stres Sedang,Pokok Utama,109.23675988381298,-0.42491661452554724,2606,109.23676375,-0.42492087,3.88,0.436,0.436,Healthy,Moderate
AME II,D003A,D03,2009,87,10,264889,0.39152645763167876,Stres Berat,0.39103424890391775,Stres Berat,Pokok Utama,109.23684544484229,-0.42491344382044555,2438,109.23686301,-0.42490914,4.18,0.436,0.436,Healthy,Moderate
AME II,D003A,D03,2009,87,11,264188,0.4342683074006313,Stres Sedang,0.3985783830777303,Stres Berat,Pokok Utama,109.23693163907814,-0.4249145804392343,1221,109.23695015,-0.42488881,7.4,0.405,0.405,Healthy,Sub-Optimal
AME II,D003A,D03,2009,87,13,264184,0.404935940318407,Stres Sedang,0.3552696561709632,Stres Berat,Pokok Utama,109.23710387352297,-0.4248949994251977,1217,109.23712351,-0.42491146,7.43,0.49,0.49,Healthy,Good
AME II,D003A,D03,2009,87,14,263471,0.43050252427239594,Stres Sedang,0.3933354298703693,Stres Berat,Pokok Utama,109.23717469723097,-0.4249010772203152,1606,109.23716752,-0.42491961,6.12,0.493,0.493,Healthy,Good
AME II,D003A,D03,2009,87,15,263467,0.446272931611966,Stres Sedang,0.38460479796308994,Stres Berat,Pokok Utama,109.23726231797859,-0.42489806704347916,791,109.23724388,-0.42489838,9.23,0.45,0.45,Healthy,Moderate
AME II,D003A,D03,2009,87,17,264203,0.4499109225053323,Stres Sedang,0.40596248794352635,Stres Sedang,Pokok Utama,109.2374179120277,-0.4248941157321086,570,109.23741725,-0.42487491,10.45,0.491,0.491,Healthy,Good
AME II,D003A,D03,2009,87,18,264210,0.4418492587480976,Stres Sedang,0.3999642785492964,Stres Berat,Pokok Utama,109.23749000483016,-0.42489700344645226,1185,109.23749899,-0.42491517,7.56,0.419,0.419,Healthy,Sub-Optimal
AME II,D003A,D03,2009,87,20,264227,0.38735096820582504,Stres Berat,0.37820471866148003,Stres Berat,Pokok Utama,109.23765700730601,-0.424891458660783,1330,109.2376728,-0.42491882,6.99,0.411,0.411,Healthy,Sub-Optimal
AME II,D003A,D03,2009,87,21,264235,0.4061513591827161,Stres Sedang,0.3955763481338366,Stres Berat,Pokok Utama,109.23773971788277,-0.42488158823292377,1482,109.23774646,-0.42491703,6.5,0.414,0.414,Healthy,Sub-Optimal
AME II,D003A,D03,2009,87,22,264243,0.4444363446531254,Stres Sedang,0.40267652846334073,Stres Sedang,Pokok Utama,109.23781688285517,-0.42487426846468523,1632,109.23782551,-0.42489218,6.05,0.438,0.438,Healthy,Moderate
AME II,D003A,D03,2009,87,23,264251,0.423767437488894,Stres Sedang,0.40298967014115067,Stres Sedang,Pokok Utama,109.23799006135246,-0.42488292169674846,1389,109.23797777,-0.42489222,6.81,0.39,0.39,Healthy,Sub-Optimal
AME II,D003A,D03,2009,87,26,264271,0.40060596313527136,Stres Sedang,0.37990231897546467,Stres Berat,Pokok Utama,109.23820554879951,-0.4248781856237009,1552,109.23819021,-0.42489769,6.25,0.53,0.53,Healthy,Good
AME II,D003A,D03,2009,87,27,264272,0.4093223292930703,Stres Sedang,0.3800970339167422,Stres Berat,Pokok Utama,109.23830536959566,-0.42487661335827764,1544,109.23828453,-0.4248855,6.27,0.416,0.416,Healthy,Sub-Optimal
AME II,D003A,D03,2009,88,2,264524,0.4143973977249734,Stres Sedang,0.426316936381615,Stres Sedang,Pokok Utama,109.23607815062435,-0.4248473440231764,3449,109.23605414,-0.42483254,1.41,0.532,0.532,Healthy,Good
AME II,D003A,D03,2009,88,6,264809,0.38474733441209197,Stres Berat,0.37767288114799347,Stres Berat,Pokok Utama,109.23632207031953,-0.42484081860117373,3601,109.23634113,-0.42483396,0.61,0.454,0.454,Abnormal,Moderate
AME II,D003A,D03,2009,88,11,264878,0.3827756704033717,Stres Berat,0.3701743252882199,Stres Berat,Pokok Utama,109.2367198156309,-0.42483302271061013,3333,109.2367229,-0.4248553,2.09,0.455,0.455,Healthy,Moderate
AME II,D003A,D03,2009,88,12,264890,0.35395539289321154,Stres Berat,0.3365487724301195,Stres Berat,Pokok Utama,109.23680300091748,-0.42482506590241326,3608,109.23678982,-0.42482502,0.58,0.383,0.383,Abnormal,Critical
AME II,D003A,D03,2009,88,14,264905,0.4059811740692085,Stres Sedang,0.37381706114429797,Stres Berat,Pokok Utama,109.23695384151823,-0.42482797171232456,2771,109.23695151,-0.42481918,3.58,0.457,0.457,Abnormal,Moderate
AME II,D003A,D03,2009,88,15,264915,0.41918855078005746,Stres Sedang,0.3749342160478521,Stres Berat,Pokok Utama,109.23706253768171,-0.4248161937645455,1383,109.23707593,-0.42481333,6.82,0.466,0.466,Healthy,Good
AME II,D003A,D03,2009,88,18,264954,0.4431378974773237,Stres Sedang,0.4304657405589824,Stres Sedang,Pokok Utama,109.23737784848144,-0.4247939345098459,2961,109.23739527,-0.42477091,3.25,0.358,0.358,Healthy,Critical
AME II,D003A,D03,2009,88,20,264474,0.40208662791375566,Stres Sedang,0.38520284440647057,Stres Berat,Pokok Utama,109.23754009667314,-0.4247950885846892,2126,109.23757267,-0.4247922,4.76,0.437,0.437,Healthy,Moderate
AME II,D003A,D03,2009,88,21,264472,0.3469167772220684,Stres Berat,0.338325497846549,Stres Berat,Pokok Utama,109.23762724481733,-0.4247807528354275,2758,109.23764185,-0.42476915,3.6,0.432,0.432,Abnormal,Moderate
AME II,D003A,D03,2009,88,23,264465,0.4244578999486686,Stres Sedang,0.4055077430092611,Stres Sedang,Pokok Utama,109.23778236064236,-0.424786370700332,1917,109.23780219,-0.42477371,5.28,0.455,0.455,Healthy,Moderate
AME II,D003A,D03,2009,88,24,264449,0.4445277992169797,Stres Sedang,0.39923482321014475,Stres Berat,Pokok Utama,109.2378712525227,-0.42477123865794303,2173,109.23787495,-0.42474615,4.67,0.451,0.451,Healthy,Moderate
AME II,D003A,D03,2009,88,25,264445,0.42327812808442444,Stres Sedang,0.37308155516036473,Stres Berat,Pokok Utama,109.23794192036858,-0.4247675861375565,2752,109.23797062,-0.42476064,3.62,0.464,0.464,Abnormal,Good
AME II,D003A,D03,2009,88,26,264441,0.4267569242042749,Stres Sedang,0.3931304578927682,Stres Berat,Pokok Utama,109.2380119542183,-0.42476313497354634,3049,109.23803575,-0.42473714,3.08,0.51,0.51,Healthy,Good
AME II,D003A,D03,2009,88,27,264437,0.41552706693773006,Stres Sedang,0.40774428633493653,Stres Sedang,Pokok Utama,109.23809878251105,-0.42476108225132,3196,109.23812736,-0.42477062,2.68,0.445,0.445,Healthy,Moderate
AME II,D003A,D03,2009,88,28,264433,0.4177106527144303,Stres Sedang,0.3945290795512012,Stres Berat,Pokok Utama,109.23818180708766,-0.42476492921445846,3245,109.23820596,-0.42475617,2.52,0.494,0.494,Healthy,Good
AME II,D003A,D03,2009,89,2,264525,0.403269482219806,Stres Sedang,0.44212706958857734,Stres Sedang,Pokok Utama,109.23603740397915,-0.4247808659451514,3462,109.23606672,-0.42479592,1.37,0.479,0.479,Healthy,Good
AME II,D003A,D03,2009,89,3,264535,0.40859065023409263,Stres Sedang,0.4304759337051444,Stres Sedang,Pokok Utama,109.23611583431472,-0.4247824791562187,3452,109.23611837,-0.42479819,1.4,0.493,0.493,Healthy,Good
AME II,D003A,D03,2009,89,5,264810,0.4360397936275286,Stres Sedang,0.43246594574067226,Stres Sedang,Pokok Utama,109.2362692086327,-0.4247825144067944,3522,109.23627826,-0.42480908,1.12,0.477,0.477,Healthy,Good
AME II,D003A,D03,2009,89,6,264821,0.40217518896595333,Stres Sedang,0.3753231641823292,Stres Berat,Pokok Utama,109.23634795859955,-0.42477296230397205,3607,109.23633711,-0.4247779,0.58,0.477,0.477,Abnormal,Good
AME II,D003A,D03,2009,89,9,264867,0.39255009557961706,Stres Berat,0.3830399145518822,Stres Berat,Pokok Utama,109.23659407138797,-0.42476871710572933,3390,109.23659626,-0.42474811,1.76,0.402,0.402,Healthy,Sub-Optimal
AME II,D003A,D03,2009,89,12,264898,0.4001129335800288,Stres Sedang,0.3575535955661331,Stres Berat,Pokok Utama,109.23685340267131,-0.4247587226849099,3483,109.23684554,-0.42473235,1.27,0.386,0.386,Healthy,Critical
AME II,D003A,D03,2009,89,14,264914,0.40430828711158134,Stres Sedang,0.374656883304288,Stres Berat,Pokok Utama,109.23701977198647,-0.4247523801647015,1895,109.2369924,-0.42475001,5.33,0.453,0.453,Healthy,Moderate
AME II,D003A,D03,2009,89,15,264916,0.4096900422368194,Stres Sedang,0.38675972407273357,Stres Berat,Pokok Utama,109.23708204071261,-0.42474984253410797,1795,109.23708942,-0.42473331,5.59,0.307,0.307,Suspect,Critical
AME II,D003A,D03,2009,89,17,264942,0.4070459994952619,Stres Sedang,0.3794160309891401,Stres Berat,Pokok Utama,109.23724032974316,-0.4247411053740289,3064,109.23726323,-0.42476093,3.05,0.48,0.48,Healthy,Good
AME II,D003A,D03,2009,89,18,264955,0.42916107355138794,Stres Sedang,0.3986997316466071,Stres Berat,Pokok Utama,109.23733234188613,-0.4247352503654038,3075,109.23735396,-0.42472885,3.01,0.378,0.378,Healthy,Critical
AME II,D003A,D03,2009,89,20,264475,0.4076538667103005,Stres Sedang,0.38120897641067564,Stres Berat,Pokok Utama,109.23749431951066,-0.42472928029844936,2129,109.23751205,-0.42474245,4.75,0.462,0.462,Healthy,Good
AME II,D003A,D03,2009,89,21,264473,0.39967820280694794,Stres Berat,0.37876374969030335,Stres Berat,Pokok Utama,109.23758130602687,-0.42473448462529356,2431,109.23755921,-0.42475647,4.18,0.408,0.408,Healthy,Sub-Optimal
AME II,D003A,D03,2009,89,22,264469,0.3937241563586151,Stres Berat,0.3921711294367762,Stres Berat,Pokok Utama,109.23766528326374,-0.42472812316680325,2886,109.23767329,-0.42474791,3.39,0.366,0.366,Abnormal,Critical
AME II,D003A,D03,2009,89,23,264466,0.3908920140287775,Stres Berat,0.3888649577660409,Stres Berat,Pokok Utama,109.23774209089947,-0.42472000662275533,2458,109.23777075,-0.42474025,4.14,0.555,0.555,Healthy,Good
AME II,D003A,D03,2009,89,24,264450,0.42714893528550807,Stres Sedang,0.4013249966598788,Stres Sedang,Pokok Utama,109.23782690008213,-0.42471699488011994,2299,109.23784262,-0.42470635,4.43,0.516,0.516,Healthy,Good
AME II,D003A,D03,2009,89,26,264442,0.4170966248041654,Stres Sedang,0.4018827448088784,Stres Sedang,Pokok Utama,109.23799010038103,-0.42471065250850254,3171,109.23800207,-0.42470367,2.74,0.477,0.477,Healthy,Good
AME II,D003A,D03,2009,89,27,264438,0.4028204477513614,Stres Sedang,0.40250079620893403,Stres Sedang,Pokok Utama,109.23805918263209,-0.4247116251164316,3049,109.23803575,-0.42473714,3.08,0.51,0.51,Healthy,Good
AME II,D003A,D03,2009,89,28,264434,0.4336585152042214,Stres Sedang,0.4315475265555068,Stres Sedang,Pokok Utama,109.23814125741318,-0.42471291992417687,3393,109.23815612,-0.42469015,1.73,0.437,0.437,Healthy,Moderate
AME II,D003A,D03,2009,89,29,264289,0.4283827730100982,Stres Sedang,0.43226481882253087,Stres Sedang,Pokok Utama,109.23822222640898,-0.42469842268012703,2894,109.23823967,-0.42467027,3.37,0.573,0.573,Healthy,Good
AME II,D003A,D03,2009,89,30,264273,0.4256955593751441,Stres Sedang,0.40894135280261534,Stres Sedang,Pokok Utama,109.23829875494295,-0.42470115224175015,3094,109.23828817,-0.42470329,2.95,0.527,0.527,Healthy,Good
AME II,D003A,D03,2009,90,4,264822,0.4233330017799721,Stres Sedang,0.399407244735763,Stres Berat,Pokok Utama,109.2363208783833,-0.424709789861073,3482,109.23629356,-0.42470238,1.28,0.416,0.416,Healthy,Sub-Optimal
AME II,D003A,D03,2009,90,10,264907,0.3992924734142733,Stres Berat,0.3523924145769344,Stres Berat,Pokok Utama,109.23688178083908,-0.4246874278853767,3474,109.23690483,-0.42471473,1.3,0.44,0.44,Healthy,Moderate
AME II,D003A,D03,2009,90,13,264943,0.38821787798352836,Stres Berat,0.3671759767007699,Stres Berat,Pokok Utama,109.2372118244553,-0.4246756998606099,3266,109.23720665,-0.42469761,2.42,0.39,0.39,Healthy,Sub-Optimal
AME II,D003A,D03,2009,90,14,264956,0.4287483398592867,Stres Sedang,0.39758323500810944,Stres Berat,Pokok Utama,109.23728781095829,-0.42467196175249183,3323,109.2372637,-0.42465286,2.14,0.46,0.46,Abnormal,Good
AME II,D003A,D03,2009,90,16,264476,0.4065467437594926,Stres Sedang,0.3769154620960793,Stres Berat,Pokok Utama,109.23746470381106,-0.42467639636420035,1757,109.23746401,-0.424671,5.7,0.419,0.419,Healthy,Sub-Optimal
AME II,D003A,D03,2009,90,20,264447,0.45832485949915347,Stres Sedang,0.4092520741163018,Stres Sedang,Pokok Utama,109.23786367211589,-0.424659739417354,2535,109.23787766,-0.42467652,4.02,0.478,0.478,Healthy,Good
AME II,D003A,D03,2009,90,21,264443,0.4602117132550515,Stres Sedang,0.4220142400715396,Stres Sedang,Pokok Utama,109.23794574782701,-0.4246568871041342,2515,109.23796704,-0.42467473,4.05,0.483,0.483,Healthy,Good
AME II,D003A,D03,2009,90,22,264439,0.4241588008151312,Stres Sedang,0.4228688452896899,Stres Sedang,Pokok Utama,109.23802497113223,-0.424655789381881,2947,109.23800792,-0.42466117,3.29,0.418,0.418,Healthy,Sub-Optimal
AME II,D003A,D03,2009,90,23,264435,0.4300889738102592,Stres Sedang,0.435053441989826,Stres Sedang,Pokok Utama,109.23810546024531,-0.4246580405732694,2900,109.23808966,-0.42467611,3.36,0.505,0.505,Healthy,Good
AME II,D003A,D03,2009,90,25,264274,0.40898285361616254,Stres Sedang,0.40617942935316026,Stres Sedang,Pokok Utama,109.23825630250758,-0.4246501001676119,2894,109.23823967,-0.42467027,3.37,0.573,0.573,Healthy,Good
AME II,D003A,D03,2009,91,4,264811,0.4224308421281817,Stres Sedang,0.44132194743679093,Stres Sedang,Pokok Utama,109.23620020334106,-0.42465238885798895,3465,109.23617993,-0.42466618,1.36,0.571,0.571,Healthy,Good
AME II,D003A,D03,2009,91,5,264823,0.42021234763597554,Stres Sedang,0.4043720061980331,Stres Sedang,Pokok Utama,109.236278275101,-0.42463098303819713,3351,109.23628953,-0.42463591,2.0,0.45,0.45,Healthy,Moderate
AME II,D003A,D03,2009,91,6,264839,0.39524719410854287,Stres Berat,0.35826146911115503,Stres Berat,Pokok Utama,109.23635670545136,-0.42462860737576996,1286,109.23635825,-0.42461242,7.15,0.415,0.415,Healthy,Sub-Optimal
AME II,D003A,D03,2009,91,9,264881,0.393331320698507,Stres Berat,0.38193857153125393,Stres Berat,Pokok Utama,109.23661100948499,-0.4246326546579949,2111,109.23660662,-0.42462875,4.8,0.513,0.513,Healthy,Good
AME II,D003A,D03,2009,91,11,264900,0.41342566681115467,Stres Sedang,0.36949449133543344,Stres Berat,Pokok Utama,109.23675963448794,-0.424617694602988,2245,109.23678403,-0.42462382,4.52,0.392,0.392,Healthy,Sub-Optimal
AME II,D003A,D03,2009,91,14,264917,0.43351439359101357,Stres Sedang,0.41105264361773364,Stres Sedang,Pokok Utama,109.23701663288931,-0.4246199872440844,1404,109.23699467,-0.42464105,6.73,0.394,0.394,Healthy,Sub-Optimal
AME II,D003A,D03,2009,91,17,265018,0.4401048884415776,Stres Sedang,0.42716035737731917,Stres Sedang,Pokok Utama,109.23732924672147,-0.42461508718482954,1592,109.2373459,-0.42459636,6.16,0.429,0.429,Healthy,Sub-Optimal
AME II,D003A,D03,2009,91,18,264477,0.42440721141442844,Stres Sedang,0.3898677459764423,Stres Berat,Pokok Utama,109.23742161953294,-0.42461513552160346,2698,109.23742899,-0.42461537,3.72,0.414,0.414,Abnormal,Sub-Optimal
AME II,D003A,D03,2009,91,20,264471,0.41418866108020513,Stres Sedang,0.39318006157445734,Stres Berat,Pokok Utama,109.23757040142507,-0.4246097465905786,733,109.23757002,-0.42463259,9.53,0.384,0.384,Healthy,Critical
AME II,D003A,D03,2009,91,21,264452,0.41283370452140694,Stres Sedang,0.4071630993057143,Stres Sedang,Pokok Utama,109.23774770358872,-0.42460372576635474,795,109.23774698,-0.42460414,9.19,0.401,0.401,Healthy,Sub-Optimal
AME II,D003A,D03,2009,91,23,264444,0.4508402033753772,Stres Sedang,0.3934182122251411,Stres Berat,Pokok Utama,109.23790456711973,-0.424591001190086,930,109.23791451,-0.42459243,8.5,0.436,0.436,Healthy,Moderate
AME II,D003A,D03,2009,91,24,264440,0.4449506830575999,Stres Sedang,0.41983401366115475,Stres Sedang,Pokok Utama,109.2379901253078,-0.4246005910353274,1129,109.23800074,-0.42459652,7.71,0.432,0.432,Healthy,Moderate
AME II,D003A,D03,2009,91,27,264275,0.4195956245934138,Stres Sedang,0.42016321300636156,Stres Sedang,Pokok Utama,109.23821860560373,-0.42459075403963786,1518,109.23822532,-0.42457486,6.37,0.403,0.403,Healthy,Sub-Optimal
AME II,D003A,D03,2009,92,2,264813,0.4185087620209975,Stres Sedang,0.43042638476494016,Stres Sedang,Pokok Utama,109.23608815857732,-0.42455277986400825,3236,109.2360816,-0.42453684,2.55,0.497,0.497,Healthy,Good
AME II,D003A,D03,2009,92,5,264840,0.4439520247779466,Stres Sedang,0.4074225609951128,Stres Sedang,Pokok Utama,109.23632678127689,-0.42453385343227495,3077,109.2363156,-0.42456357,3.0,0.498,0.498,Healthy,Good
AME II,D003A,D03,2009,92,6,264856,0.46440617529823003,Stres Sedang,0.39341303093829433,Stres Berat,Pokok Utama,109.2364316762838,-0.4245164914620952,2645,109.23642071,-0.42449578,3.81,0.464,0.464,Abnormal,Good
AME II,D003A,D03,2009,92,7,264870,0.4478416402595499,Stres Sedang,0.423821496013619,Stres Sedang,Pokok Utama,109.23649505196705,-0.4245244810340398,2154,109.23650064,-0.42454146,4.7,0.417,0.417,Healthy,Sub-Optimal
AME II,D003A,D03,2009,92,10,264901,0.3652127243100105,Stres Berat,0.34667870602153256,Stres Berat,Pokok Utama,109.2367235311689,-0.42452261909963035,1825,109.23675711,-0.42450987,5.51,0.425,0.425,Healthy,Sub-Optimal
AME II,D003A,D03,2009,92,14,264932,0.3878874522523732,Stres Berat,0.37241020933620217,Stres Berat,Pokok Utama,109.23707211456667,-0.4245051539100551,2416,109.23709441,-0.42450497,4.2,0.386,0.386,Healthy,Critical
AME II,D003A,D03,2009,92,15,264945,0.4410524623676717,Stres Sedang,0.41629923051363,Stres Sedang,Pokok Utama,109.23715459416414,-0.42449965571105136,2581,109.23713258,-0.42451629,3.93,0.431,0.431,Abnormal,Moderate
AME II,D003A,D03,2009,92,17,265019,0.42203158725080336,Stres Sedang,0.4068979579573746,Stres Sedang,Pokok Utama,109.23735605207682,-0.4244919530079483,185,109.23734414,-0.42445936,13.19,0.43,0.43,Healthy,Moderate
AME II,D003A,D03,2009,92,18,264479,0.40458703579477756,Stres Sedang,0.3749283350919,Stres Berat,Pokok Utama,109.23745491988521,-0.4244977442295485,2834,109.23746809,-0.42452224,3.48,0.393,0.393,Abnormal,Sub-Optimal
AME II,D003A,D03,2009,92,24,264421,0.4203113949149928,Stres Sedang,0.4002931763579478,Stres Sedang,Pokok Utama,109.23801931023195,-0.4244653343085657,2039,109.23803177,-0.4244351,4.98,0.479,0.479,Healthy,Good
AME II,D003A,D03,2009,92,25,264292,0.36467399017980057,Stres Berat,0.3823761577701454,Stres Berat,Pokok Utama,109.23810170040595,-0.42447013876760176,2974,109.23809733,-0.42448802,3.23,0.462,0.462,Abnormal,Good
AME II,D003A,D03,2009,92,27,264277,0.40763408277671886,Stres Sedang,0.38362699509310594,Stres Berat,Pokok Utama,109.23825317746142,-0.42445549853083137,3107,109.23823568,-0.42443651,2.93,0.4,0.4,Healthy,Sub-Optimal
AME II,D003A,D03,2009,93,1,264835,0.41623919494531253,Stres Sedang,0.43213334879120774,Stres Sedang,Pokok Utama,109.23596585762165,-0.42446789322958456,1771,109.2359644,-0.42444593,5.68,0.304,0.304,Suspect,Critical
AME II,D003A,D03,2009,93,2,264834,0.4129331417869828,Stres Sedang,0.4142403725320812,Stres Sedang,Pokok Utama,109.23604904150844,-0.42446990631584,3117,109.2360385,-0.42448845,2.91,0.517,0.517,Healthy,Good
AME II,D003A,D03,2009,93,3,264827,0.43858024687183145,Stres Sedang,0.4415509922391335,Stres Sedang,Pokok Utama,109.2361170763962,-0.4244744235440871,1808,109.23612608,-0.42449119,5.56,0.533,0.533,Healthy,Good
AME II,D003A,D03,2009,93,4,264825,0.4248410884315282,Stres Sedang,0.4145913727209644,Stres Sedang,Pokok Utama,109.23620083142812,-0.42446922316423963,2138,109.23620738,-0.42446679,4.74,0.447,0.447,Healthy,Moderate
AME II,D003A,D03,2009,93,5,264841,0.44844936729935597,Stres Sedang,0.40828550272573405,Stres Sedang,Pokok Utama,109.23627973713367,-0.4244700388776339,1878,109.23627296,-0.42444103,5.39,0.492,0.492,Healthy,Good
AME II,D003A,D03,2009,93,6,264857,0.45281978458490063,Stres Sedang,0.387743103532837,Stres Berat,Pokok Utama,109.23636545752672,-0.4244651138537161,1794,109.23638074,-0.4244614,5.59,0.433,0.433,Healthy,Moderate
AME II,D003A,D03,2009,93,9,264902,0.42846060556990156,Stres Sedang,0.4008292031535454,Stres Sedang,Pokok Utama,109.23668203435022,-0.42444859807367263,769,109.23665427,-0.42445107,9.35,0.453,0.453,Healthy,Moderate
AME II,D003A,D03,2009,93,10,264910,0.41916713845973114,Stres Sedang,0.37814793760324567,Stres Berat,Pokok Utama,109.23675523681501,-0.42444606294621123,324,109.23673646,-0.42444837,11.92,0.327,0.327,Suspect,Critical
AME II,D003A,D03,2009,93,11,264925,0.43068338443873305,Stres Sedang,0.3815289677459891,Stres Berat,Pokok Utama,109.23684397018958,-0.4244285371901148,135,109.23684111,-0.4244276,13.99,0.408,0.408,Healthy,Sub-Optimal
AME II,D003A,D03,2009,93,13,264933,0.3858820863122813,Stres Berat,0.38941699131375174,Stres Berat,Pokok Utama,109.23700399944832,-0.4244343162278406,194,109.23700954,-0.42443894,13.06,0.394,0.394,Healthy,Sub-Optimal
AME II,D003A,D03,2009,93,14,264946,0.3899589387450631,Stres Berat,0.39036554285064606,Stres Berat,Pokok Utama,109.23709589691777,-0.4244349748527551,227,109.23711778,-0.42444484,12.72,0.457,0.457,Healthy,Moderate
AME II,D003A,D03,2009,93,15,264959,0.4034010889446583,Stres Sedang,0.3891108436208098,Stres Berat,Pokok Utama,109.23717760715597,-0.4244274499377377,72,109.23719638,-0.4244417,15.36,0.454,0.454,Healthy,Moderate
AME II,D003A,D03,2009,93,17,264485,0.4186314022803579,Stres Sedang,0.3876371794086013,Stres Berat,Pokok Utama,109.23750944411175,-0.4244141741018416,346,109.23750584,-0.42441057,11.77,0.46,0.46,Healthy,Good
AME II,D003A,D03,2009,93,18,264454,0.4174247693522715,Stres Sedang,0.408980171575466,Stres Sedang,Pokok Utama,109.23766313659817,-0.42441389105338184,497,109.23766213,-0.42443502,10.8,0.504,0.504,Healthy,Good
AME II,D003A,D03,2009,93,20,264430,0.3785752118363672,Stres Berat,0.3571905369842989,Stres Berat,Pokok Utama,109.23782221722236,-0.42440834530668115,2597,109.23782113,-0.42443053,3.9,0.49,0.49,Abnormal,Good
AME II,D003A,D03,2009,93,21,264425,0.42692463702722855,Stres Sedang,0.38619768859907544,Stres Berat,Pokok Utama,109.23790334137038,-0.4244067687320993,1563,109.23793027,-0.42440162,6.22,0.432,0.432,Healthy,Moderate
AME II,D003A,D03,2009,93,23,264298,0.39253510664039115,Stres Berat,0.39896431009284594,Stres Berat,Pokok Utama,109.2381549553049,-0.42439486255673425,3033,109.23818044,-0.42440439,3.11,0.488,0.488,Healthy,Good
AME II,D003A,D03,2009,94,3,264826,0.4162833399176274,Stres Sedang,0.43846882983133506,Stres Sedang,Pokok Utama,109.2361579136536,-0.424378931677324,1705,109.23618808,-0.42437726,5.83,0.431,0.431,Healthy,Moderate
AME II,D003A,D03,2009,94,4,264842,0.39231498201871845,Stres Berat,0.3881443967389103,Stres Berat,Pokok Utama,109.23623285838059,-0.4243779921369889,2285,109.23623973,-0.42437908,4.45,0.393,0.393,Healthy,Sub-Optimal
AME II,D003A,D03,2009,94,5,264858,0.41993426645103277,Stres Sedang,0.3747008355503936,Stres Berat,Pokok Utama,109.23632745163472,-0.4243741850521106,1950,109.23630935,-0.4243705,5.2,0.502,0.502,Healthy,Good
AME II,D003A,D03,2009,94,9,264903,0.45389104177613804,Stres Sedang,0.4485276930318568,Stres Sedang,Pokok Utama,109.23663800647124,-0.4243614957762352,413,109.23661971,-0.42435475,11.29,0.502,0.502,Healthy,Good
AME II,D003A,D03,2009,94,10,264911,0.39131790127147137,Stres Berat,0.3592148035576921,Stres Berat,Pokok Utama,109.23673148590112,-0.42437746907920243,336,109.23671358,-0.42435929,11.84,0.421,0.421,Healthy,Sub-Optimal
AME II,D003A,D03,2009,94,11,264926,0.36185324749115055,Stres Berat,0.3295207523371602,Stres Berat,Pokok Utama,109.23680358041163,-0.4243687121123598,295,109.23677331,-0.42438011,12.15,0.416,0.416,Healthy,Sub-Optimal
AME II,D003A,D03,2009,94,12,264920,0.46599829247977953,Stres Sedang,0.4112060258291264,Stres Sedang,Pokok Utama,109.23689278503481,-0.4243685725259469,184,109.23686718,-0.42436837,13.22,0.456,0.456,Healthy,Moderate
AME II,D003A,D03,2009,94,14,264947,0.3945540147341693,Stres Berat,0.3691560923874307,Stres Berat,Pokok Utama,109.23707008749373,-0.42435696854958543,229,109.23709129,-0.42437927,12.71,0.403,0.403,Healthy,Sub-Optimal
AME II,D003A,D03,2009,94,15,264960,0.3281615590732494,Stres Berat,0.32576379989450044,Stres Berat,Pokok Utama,109.23714740937142,-0.42435475357742997,214,109.23717259,-0.42436573,12.86,0.353,0.353,Suspect,Critical
AME II,D003A,D03,2009,94,16,265020,0.42901807646763096,Stres Sedang,0.4082839600797815,Stres Sedang,Pokok Utama,109.23726156877284,-0.42435905982501393,191,109.23729431,-0.42436395,13.1,0.409,0.409,Healthy,Sub-Optimal
AME II,D003A,D03,2009,94,17,264481,0.40976215627397106,Stres Sedang,0.3605945287146366,Stres Berat,Pokok Utama,109.23736717459234,-0.4243525712889564,386,109.23737066,-0.42435809,11.48,0.436,0.436,Healthy,Moderate
AME II,D003A,D03,2009,94,19,264461,0.4377074489869228,Stres Sedang,0.40434964696327536,Stres Sedang,Pokok Utama,109.23754495166712,-0.42434367940180484,211,109.2375584,-0.42435949,12.89,0.443,0.443,Healthy,Moderate
AME II,D003A,D03,2009,94,20,264455,0.43739819723518364,Stres Sedang,0.4079009214410553,Stres Sedang,Pokok Utama,109.23762274842483,-0.4243429005611756,338,109.23762532,-0.42435272,11.82,0.44,0.44,Healthy,Moderate
AME II,D003A,D03,2009,94,21,264458,0.43111673706282283,Stres Sedang,0.42185663834756154,Stres Sedang,Pokok Utama,109.23770672457478,-0.424341324640247,612,109.23768685,-0.42436087,10.24,0.423,0.423,Healthy,Sub-Optimal
AME II,D003A,D03,2009,94,23,264426,0.4219415853466797,Stres Sedang,0.3910275660780139,Stres Berat,Pokok Utama,109.23787467706225,-0.42434136316632787,1927,109.23790065,-0.42433651,5.26,0.374,0.374,Suspect,Critical
AME II,D003A,D03,2009,94,25,264294,0.42848323263713844,Stres Sedang,0.41997740641594505,Stres Sedang,Pokok Utama,109.2380266295664,-0.4243294341265436,2647,109.23803404,-0.42432071,3.81,0.391,0.391,Abnormal,Sub-Optimal
AME II,D003A,D03,2009,94,26,264299,0.41910424282032005,Stres Sedang,0.44295864435207666,Stres Sedang,Pokok Utama,109.2381058529119,-0.4243241883638995,2079,109.23807716,-0.4243171,4.88,0.533,0.533,Healthy,Good
AME II,D003A,D03,2009,94,27,264279,0.3849190856659782,Stres Berat,0.408651698617732,Stres Sedang,Pokok Utama,109.23818523290875,-0.4243293104393641,2362,109.23818585,-0.42433928,4.31,0.459,0.459,Healthy,Moderate
AME II,D003A,D03,2009,94,28,264283,0.40968565282786584,Stres Sedang,0.3992091554201104,Stres Berat,Pokok Utama,109.23826287394346,-0.4243181628474874,3140,109.23827433,-0.424328,2.85,0.455,0.455,Abnormal,Moderate
AME II,D003A,D03,2009,95,1,264832,0.3934756115265292,Stres Berat,0.43580023686998276,Stres Sedang,Pokok Utama,109.2359788844707,-0.42431668201153966,884,109.23600934,-0.42432884,8.73,0.628,0.628,Healthy,Good
AME II,D003A,D03,2009,95,4,264859,0.42326145312841096,Stres Sedang,0.4149199840289392,Stres Sedang,Pokok Utama,109.23628468469008,-0.4243119675718593,1728,109.23626894,-0.42432257,5.79,0.51,0.51,Healthy,Good
AME II,D003A,D03,2009,95,5,264873,0.44749524245754174,Stres Sedang,0.4073735209128175,Stres Sedang,Pokok Utama,109.2363781698823,-0.424302417926924,2086,109.23638527,-0.42428371,4.87,0.493,0.493,Healthy,Good
AME II,D003A,D03,2009,95,10,264927,0.353983376916174,Stres Berat,0.34353293968929544,Stres Berat,Pokok Utama,109.23677111609588,-0.4242929379143459,292,109.23680252,-0.42430325,12.17,0.441,0.441,Healthy,Moderate
AME II,D003A,D03,2009,95,13,264961,0.41332154362859574,Stres Sedang,0.3928159989338407,Stres Berat,Pokok Utama,109.2370924714406,-0.42428189509899805,136,109.23710433,-0.42431236,13.99,0.406,0.406,Healthy,Sub-Optimal
AME II,D003A,D03,2009,95,14,265021,0.43012432992134403,Stres Sedang,0.40132325201654206,Stres Sedang,Pokok Utama,109.23724447602862,-0.42427371893132776,187,109.23727502,-0.42426718,13.17,0.473,0.473,Healthy,Good
AME II,D003A,D03,2009,95,17,264462,0.3833873761869961,Stres Berat,0.3602309840324586,Stres Berat,Pokok Utama,109.23750044438013,-0.4242750807479811,771,109.2375135,-0.42429256,9.34,0.463,0.463,Healthy,Good
AME II,D003A,D03,2009,95,18,264456,0.40929188591880344,Stres Sedang,0.38480775342143786,Stres Berat,Pokok Utama,109.237597730714,-0.42427127516161683,538,109.23759346,-0.42423832,10.59,0.357,0.357,Suspect,Critical
AME II,D003A,D03,2009,95,19,264459,0.4043087711166009,Stres Sedang,0.39738741607458383,Stres Berat,Pokok Utama,109.2376657039427,-0.42427065231675304,103,109.23764421,-0.42426501,14.55,0.396,0.396,Healthy,Sub-Optimal
AME II,D003A,D03,2009,95,21,264427,0.4132135014590068,Stres Sedang,0.38621881724906115,Stres Berat,Pokok Utama,109.23782810947937,-0.42426328063387175,1408,109.23783869,-0.42424064,6.73,0.447,0.447,Healthy,Moderate
AME II,D003A,D03,2009,95,22,264423,0.41618256298067,Stres Sedang,0.3750459699570632,Stres Berat,Pokok Utama,109.23791107288152,-0.424259521493949,2373,109.23791548,-0.42427728,4.3,0.464,0.464,Healthy,Good
AME II,D003A,D03,2009,95,23,264295,0.4313088455036416,Stres Sedang,0.41280576628824595,Stres Sedang,Pokok Utama,109.23798608054014,-0.42427056663636364,1551,109.2379842,-0.42427775,6.26,0.347,0.347,Suspect,Critical
AME II,D003A,D03,2009,95,25,264280,0.4102978514617278,Stres Sedang,0.42154227456243204,Stres Sedang,Pokok Utama,109.23815308423588,-0.4242597587542082,2763,109.23815937,-0.42425699,3.59,0.538,0.538,Abnormal,Good
AME II,D003A,D03,2009,95,26,264284,0.4136211861567111,Stres Sedang,0.42495632478511575,Stres Sedang,Pokok Utama,109.23822042388247,-0.42425658382291115,2528,109.23822359,-0.42426966,4.03,0.494,0.494,Healthy,Good
AME II,D003A,D03,2009,96,1,264833,0.41811850409079554,Stres Sedang,0.41947535221087534,Stres Sedang,Pokok Utama,109.23595101460681,-0.4242458545121161,600,109.23593301,-0.42423206,10.34,0.546,0.546,Healthy,Good
AME II,D003A,D03,2009,96,2,264830,0.3971550085327842,Stres Berat,0.4344306315581959,Stres Sedang,Pokok Utama,109.23600939924657,-0.424254879257848,779,109.23600486,-0.42427865,9.28,0.519,0.519,Healthy,Good
AME II,D003A,D03,2009,96,6,264874,0.40955349302610283,Stres Sedang,0.40702530239475543,Stres Sedang,Pokok Utama,109.23633381910234,-0.4242409976754884,864,109.23634936,-0.4242308,8.82,0.424,0.424,Healthy,Sub-Optimal
AME II,D003A,D03,2009,96,10,264913,0.40439527994426694,Stres Sedang,0.4144790933654831,Stres Sedang,Pokok Utama,109.23665166285946,-0.42423070192197876,321,109.23661614,-0.42422724,11.92,0.426,0.426,Healthy,Sub-Optimal
AME II,D003A,D03,2009,96,11,264928,0.40934193374310296,Stres Sedang,0.40481101001981284,Stres Sedang,Pokok Utama,109.23672613111948,-0.42423550456389814,425,109.23670821,-0.42425439,11.22,0.439,0.439,Healthy,Moderate
AME II,D003A,D03,2009,96,13,264936,0.42396316498048536,Stres Sedang,0.4011039793795834,Stres Sedang,Pokok Utama,109.2368772930634,-0.42421161238337934,417,109.23686137,-0.42422233,11.26,0.482,0.482,Healthy,Good
AME II,D003A,D03,2009,96,14,264948,0.4133685470988291,Stres Sedang,0.41206539707871775,Stres Sedang,Pokok Utama,109.23695809772653,-0.4242243924004147,222,109.23693503,-0.424235,12.76,0.475,0.475,Healthy,Good
AME II,D003A,D03,2009,96,15,264962,0.42390694790030536,Stres Sedang,0.4110849759746706,Stres Sedang,Pokok Utama,109.23710391138587,-0.42422032756658967,192,109.23712681,-0.42421606,13.1,0.451,0.451,Healthy,Moderate
AME II,D003A,D03,2009,96,16,265022,0.3815329275650232,Stres Berat,0.3645947632096967,Stres Berat,Pokok Utama,109.2371855490346,-0.42420806861556054,197,109.23721035,-0.42421155,13.04,0.422,0.422,Healthy,Sub-Optimal
AME II,D003A,D03,2009,96,17,264483,0.42485489050168734,Stres Sedang,0.4232278437640964,Stres Sedang,Pokok Utama,109.23729559121,-0.4242024564521104,195,109.23730782,-0.42420118,13.06,0.467,0.467,Healthy,Good
AME II,D003A,D03,2009,96,18,264488,0.40804236056561954,Stres Sedang,0.3904849122259956,Stres Berat,Pokok Utama,109.2373735431678,-0.4242104502575692,77,109.23737474,-0.42420119,15.23,0.389,0.389,Healthy,Critical
AME II,D003A,D03,2009,96,19,264463,0.4264218663188045,Stres Sedang,0.38463983794536244,Stres Berat,Pokok Utama,109.2374686127774,-0.42420568741187126,334,109.23745423,-0.42423467,11.86,0.449,0.449,Healthy,Moderate
AME II,D003A,D03,2009,96,22,264420,0.4576906819706378,Stres Sedang,0.4196533835149026,Stres Sedang,Pokok Utama,109.23787994156157,-0.424183768361692,2253,109.23788317,-0.42415202,4.5,0.555,0.555,Healthy,Good
AME II,D003A,D03,2009,96,23,264296,0.4165947473749251,Stres Sedang,0.3884360949335674,Stres Berat,Pokok Utama,109.23795219229186,-0.42418745457805573,2728,109.23792268,-0.42420222,3.67,0.447,0.447,Abnormal,Moderate
AME II,D003A,D03,2009,96,24,264419,0.4342300272237619,Stres Sedang,0.4209332406037998,Stres Sedang,Pokok Utama,109.23802824461426,-0.42419465035067766,1830,109.23802958,-0.42421445,5.51,0.47,0.47,Healthy,Good
AME II,D003A,D03,2009,96,26,264285,0.3899005068064578,Stres Berat,0.3981263826795081,Stres Berat,Pokok Utama,109.23819081348059,-0.4241761847327697,2087,109.23816612,-0.42417741,4.87,0.468,0.468,Healthy,Good
AME II,D003A,D03,2009,96,27,264287,0.40313609138462636,Stres Sedang,0.38480437374136484,Stres Berat,Pokok Utama,109.23827003401315,-0.42418736829018594,2370,109.23826404,-0.42415482,4.3,0.468,0.468,Healthy,Good
AME II,D003A,D03,2009,97,1,264977,0.41820136382384315,Stres Sedang,0.4405561527948529,Stres Sedang,Pokok Utama,109.23597772748873,-0.42418189774906256,298,109.23596715,-0.42419047,12.13,0.512,0.512,Healthy,Good
AME II,D003A,D03,2009,97,2,264978,0.40130203334183545,Stres Sedang,0.43710452594172144,Stres Sedang,Pokok Utama,109.23604823651567,-0.4241771283812464,672,109.23602105,-0.42416561,9.9,0.468,0.468,Healthy,Good
AME II,D003A,D03,2009,97,3,264992,0.4176074543847656,Stres Sedang,0.4349880353662162,Stres Sedang,Pokok Utama,109.23619979017111,-0.4241725367695036,1508,109.23619531,-0.42419324,6.4,0.479,0.479,Healthy,Good
AME II,D003A,D03,2009,97,4,264993,0.4304262495911814,Stres Sedang,0.41175697256739324,Stres Sedang,Pokok Utama,109.23628089487666,-0.4241811254283578,3097,109.23626223,-0.42419325,2.95,0.513,0.513,Abnormal,Good
AME II,D003A,D03,2009,97,5,265034,0.44904577508203736,Stres Sedang,0.4107839871968071,Stres Sedang,Pokok Utama,109.23644839942932,-0.4241673398419045,1740,109.23645312,-0.42418289,5.77,0.493,0.493,Healthy,Good
AME II,D003A,D03,2009,97,6,265027,0.37500070095840343,Stres Berat,0.3742287662844078,Stres Berat,Pokok Utama,109.23659598664155,-0.4241535397321755,1362,109.23659414,-0.42418835,6.88,0.397,0.397,Healthy,Sub-Optimal
AME II,D003A,D03,2009,97,7,265050,0.4161560031575784,Stres Sedang,0.41219299192689046,Stres Sedang,Pokok Utama,109.2366884408254,-0.4241471015322399,515,109.23666781,-0.42415265,10.68,0.446,0.446,Healthy,Moderate
AME II,D003A,D03,2009,97,9,264937,0.41559760771915116,Stres Sedang,0.3841483853086561,Stres Berat,Pokok Utama,109.23684403339587,-0.4241493970724611,492,109.23682726,-0.42413144,10.85,0.444,0.444,Healthy,Moderate
AME II,D003A,D03,2009,97,10,264949,0.39848221703963926,Stres Berat,0.37315965619368047,Stres Berat,Pokok Utama,109.23691882084698,-0.4241449478924719,268,109.23691619,-0.42411247,12.33,0.49,0.49,Healthy,Good
AME II,D003A,D03,2009,97,12,264963,0.4073179622193448,Stres Sedang,0.40269625859240504,Stres Sedang,Pokok Utama,109.2370896246192,-0.4241478582238428,250,109.23710527,-0.42414099,12.44,0.439,0.439,Healthy,Moderate
AME II,D003A,D03,2009,97,13,265023,0.3938538381708986,Stres Berat,0.36928952616908917,Stres Berat,Pokok Utama,109.23715443053901,-0.4241392325033583,389,109.23716771,-0.4241071,11.44,0.427,0.427,Healthy,Sub-Optimal
AME II,D003A,D03,2009,97,16,265111,0.41229274228665047,Stres Sedang,0.3713969735949695,Stres Berat,Pokok Utama,109.23750594144217,-0.42414170589582256,309,109.23751489,-0.42411396,12.05,0.402,0.402,Healthy,Sub-Optimal
AME II,D003A,D03,2009,97,17,265113,0.40698364039208,Stres Sedang,0.37923265774578957,Stres Berat,Pokok Utama,109.23759102742245,-0.42413406960266725,378,109.23759482,-0.42416055,11.54,0.405,0.405,Healthy,Sub-Optimal
AME II,D003A,D03,2009,97,20,265190,0.4434911719473555,Stres Sedang,0.4122241771403569,Stres Sedang,Pokok Utama,109.23784010741106,-0.4241176169045478,2601,109.2378441,-0.42413619,3.9,0.465,0.465,Healthy,Good
AME II,D003A,D03,2009,97,21,265214,0.4591148854341146,Stres Sedang,0.4080208245974155,Stres Sedang,Pokok Utama,109.23791441910268,-0.4241158786941324,2984,109.23791506,-0.42413395,3.21,0.487,0.487,Abnormal,Good
AME II,D003A,D03,2009,97,22,265215,0.419036865485632,Stres Sedang,0.40022402456751816,Stres Sedang,Pokok Utama,109.23799886868066,-0.42412211963936997,2456,109.23800489,-0.42412402,4.15,0.476,0.476,Healthy,Good
AME II,D003A,D03,2009,97,23,265180,0.3900986954837211,Stres Berat,0.39088024139010275,Stres Berat,Pokok Utama,109.23807207263684,-0.42411320374214034,2646,109.23809069,-0.42409646,3.81,0.497,0.497,Abnormal,Good
AME II,D003A,D03,2009,97,24,265170,0.4241963807425679,Stres Sedang,0.4310722372355205,Stres Sedang,Pokok Utama,109.23814178668452,-0.4241247043362575,2783,109.23816389,-0.42411727,3.57,0.469,0.469,Healthy,Good
AME II,D003A,D03,2009,98,2,264981,0.4280592877967934,Stres Sedang,0.4445445719364879,Stres Sedang,Pokok Utama,109.2360819221465,-0.42409961414969877,1293,109.23611404,-0.42410233,7.13,0.564,0.564,Healthy,Good
AME II,D003A,D03,2009,98,4,264994,0.38420397410798224,Stres Berat,0.3623422981470591,Stres Berat,Pokok Utama,109.23623484111808,-0.42410320584931477,1914,109.23620881,-0.42409512,5.29,0.435,0.435,Healthy,Moderate
AME II,D003A,D03,2009,98,5,265005,0.4460544566329631,Stres Sedang,0.39199707671198697,Stres Berat,Pokok Utama,109.23631800881941,-0.4240894596866148,2396,109.23631615,-0.42411595,4.25,0.397,0.397,Healthy,Sub-Optimal
AME II,D003A,D03,2009,98,6,265035,0.43331482137748967,Stres Sedang,0.3847845453806959,Stres Berat,Pokok Utama,109.23640803486472,-0.42409535919276786,2357,109.23641676,-0.4241015,4.32,0.4,0.4,Healthy,Sub-Optimal
AME II,D003A,D03,2009,98,10,264938,0.41091574404233827,Stres Sedang,0.40127767575876727,Stres Sedang,Pokok Utama,109.23680919296419,-0.42407441992406647,547,109.2368376,-0.42409346,10.53,0.397,0.397,Healthy,Sub-Optimal
AME II,D003A,D03,2009,98,11,264950,0.44414092206546574,Stres Sedang,0.3919189378274736,Stres Berat,Pokok Utama,109.23688033201694,-0.4240841665057771,548,109.23687398,-0.42409708,10.53,0.374,0.374,Suspect,Critical
AME II,D003A,D03,2009,98,12,264969,0.40400646580370525,Stres Sedang,0.3991729874941085,Stres Berat,Pokok Utama,109.23698189775482,-0.4240760547202435,79,109.23700917,-0.42408581,15.04,0.421,0.421,Healthy,Sub-Optimal
AME II,D003A,D03,2009,98,14,265024,0.4142571369969115,Stres Sedang,0.42077128729747176,Stres Sedang,Pokok Utama,109.23717322145002,-0.4240718447712043,389,109.23716771,-0.4241071,11.44,0.427,0.427,Healthy,Sub-Optimal
AME II,D003A,D03,2009,98,17,265112,0.460703069062312,Stres Sedang,0.41696839714487166,Stres Sedang,Pokok Utama,109.23746832731048,-0.4240659304951995,313,109.23747268,-0.42406647,11.98,0.419,0.419,Healthy,Sub-Optimal
AME II,D003A,D03,2009,98,20,265192,0.3989939118505948,Stres Berat,0.3865731236422641,Stres Berat,Pokok Utama,109.23771463161046,-0.4240614410471888,431,109.23769814,-0.4240932,11.17,0.421,0.421,Healthy,Sub-Optimal
AME II,D003A,D03,2009,98,22,265213,0.4044310799232165,Stres Sedang,0.37913052034320704,Stres Berat,Pokok Utama,109.23787719932386,-0.42405190810441695,1015,109.23789038,-0.42405662,8.12,0.438,0.438,Healthy,Moderate
AME II,D003A,D03,2009,98,24,265181,0.3981964797963272,Stres Berat,0.39318864563285216,Stres Berat,Pokok Utama,109.2380304170486,-0.42404588169861746,1231,109.23805701,-0.4240535,7.36,0.399,0.399,Healthy,Sub-Optimal
AME II,D003A,D03,2009,98,26,265161,0.4239364110048873,Stres Sedang,0.4186294813318035,Stres Sedang,Pokok Utama,109.23818236631475,-0.42404432133745346,3000,109.23818861,-0.42402866,3.19,0.503,0.503,Healthy,Good
AME II,D003A,D03,2009,98,27,265129,0.4429721856779342,Stres Sedang,0.4135191375070864,Stres Sedang,Pokok Utama,109.23827386885122,-0.42404386393212484,2397,109.23826271,-0.42405716,4.24,0.39,0.39,Healthy,Sub-Optimal
AME II,D003A,D03,2009,99,1,264982,0.4174709656932514,Stres Sedang,0.43453820650817965,Stres Sedang,Pokok Utama,109.2360428210476,-0.4240334122767819,992,109.23603725,-0.42404851,8.23,0.497,0.497,Healthy,Good
AME II,D003A,D03,2009,99,3,264995,0.3638582520186901,Stres Berat,0.3693396613552723,Stres Berat,Pokok Utama,109.23619712861246,-0.42403360412456637,1982,109.23617064,-0.42405532,5.12,0.442,0.442,Healthy,Moderate
AME II,D003A,D03,2009,99,5,265036,0.445067960417572,Stres Sedang,0.40430477322474057,Stres Sedang,Pokok Utama,109.23636262558206,-0.42402747477012703,2538,109.23639252,-0.42403458,4.01,0.472,0.472,Healthy,Good
AME II,D003A,D03,2009,99,6,265038,0.42601178461259753,Stres Sedang,0.3884542576717929,Stres Berat,Pokok Utama,109.23643265960338,-0.4240179993084019,2533,109.23642441,-0.42401514,4.02,0.501,0.501,Healthy,Good
AME II,D003A,D03,2009,99,7,265029,0.43169048669935084,Stres Sedang,0.4337600420471421,Stres Sedang,Pokok Utama,109.2365310528412,-0.4240248023159996,2823,109.23653939,-0.4239912,3.5,0.498,0.498,Healthy,Good
AME II,D003A,D03,2009,99,8,265047,0.4354413138691874,Stres Sedang,0.4556114324355962,Stres Sedang,Pokok Utama,109.23660346132425,-0.4240297627304372,1837,109.23658251,-0.42402015,5.48,0.509,0.509,Healthy,Good
AME II,D003A,D03,2009,99,12,264965,0.43715573348428893,Stres Sedang,0.41293681728668147,Stres Sedang,Pokok Utama,109.23708648728285,-0.4240074893751976,240,109.23710934,-0.42402208,12.54,0.432,0.432,Healthy,Moderate
AME II,D003A,D03,2009,99,13,265070,0.3890822314846474,Stres Berat,0.361122226738343,Stres Berat,Pokok Utama,109.23719494422896,-0.4240008676394205,509,109.23721579,-0.42399045,10.73,0.371,0.371,Suspect,Critical
AME II,D003A,D03,2009,99,16,265193,0.3857546013446402,Stres Berat,0.3692282017018344,Stres Berat,Pokok Utama,109.23767820508509,-0.4239931634649702,385,109.23769682,-0.42397564,11.48,0.442,0.442,Healthy,Moderate
AME II,D003A,D03,2009,99,19,265182,0.4215004696339466,Stres Sedang,0.3678075712209997,Stres Berat,Pokok Utama,109.23796403968969,-0.42399243047962915,1049,109.2379371,-0.42400961,8.01,0.417,0.417,Healthy,Sub-Optimal
AME II,D003A,D03,2009,99,20,265172,0.4049903973208965,Stres Sedang,0.3956652174181464,Stres Berat,Pokok Utama,109.23811931892024,-0.4239825775403621,2999,109.23814506,-0.4239866,3.19,0.54,0.54,Healthy,Good
AME II,D003A,D03,2009,99,22,265130,0.44477542572191275,Stres Sedang,0.42057134910505645,Stres Sedang,Pokok Utama,109.23831032465706,-0.423986688850195,2156,109.2383063,-0.42396855,4.7,0.425,0.425,Healthy,Sub-Optimal
AME II,D003A,D03,2009,100,1,264983,0.4123905717078049,Stres Sedang,0.44446069932242005,Stres Sedang,Pokok Utama,109.23600114745159,-0.423962577995404,1249,109.23599055,-0.42398475,7.29,0.398,0.398,Healthy,Sub-Optimal
AME II,D003A,D03,2009,100,3,899,0.29815523930049737,Stres Sangat Berat,0.31549601474826,Stres Berat,Pokok Utama,109.23616418666082,-0.42396867691588835,2213,109.23614102,-0.42395087,4.58,0.535,0.535,Healthy,Good
AME II,D003A,D03,2009,100,4,265004,0.4381870802181969,Stres Sedang,0.41468696737647953,Stres Sedang,Pokok Utama,109.23625307549473,-0.4239626357873343,842,109.23624521,-0.42399249,8.95,0.491,0.491,Healthy,Good
AME II,D003A,D03,2009,100,6,265030,0.43465729567736094,Stres Sedang,0.445361515461808,Stres Sedang,Pokok Utama,109.23649034837263,-0.42395436974998163,3232,109.23646978,-0.42396587,2.56,0.515,0.515,Healthy,Good
AME II,D003A,D03,2009,100,7,265048,0.4381520940049784,Stres Sedang,0.42673803921464115,Stres Sedang,Pokok Utama,109.2365138708205,-0.42398069297391383,2823,109.23653939,-0.4239912,3.5,0.498,0.498,Healthy,Good
AME II,D003A,D03,2009,100,8,897,0.38466839250101326,Stres Berat,0.3948973386800425,Stres Berat,Pokok Utama,109.23657091548124,-0.42396491517850393,2696,109.23657533,-0.42395278,3.72,0.503,0.503,Healthy,Good
AME II,D003A,D03,2009,100,9,265055,0.39242084488215884,Stres Berat,0.39825114303705644,Stres Berat,Pokok Utama,109.2366462573868,-0.4239594297941811,560,109.2366409,-0.4239867,10.49,0.469,0.469,Healthy,Good
AME II,D003A,D03,2009,100,11,264952,0.4060885852821629,Stres Sedang,0.3953805367628495,Stres Berat,Pokok Utama,109.23680668670333,-0.42394776946739804,575,109.2368327,-0.42392345,10.44,0.436,0.436,Healthy,Moderate
AME II,D003A,D03,2009,100,12,264971,0.4317083284623868,Stres Sedang,0.3842878083949192,Stres Berat,Pokok Utama,109.23688796781101,-0.42395496553170353,300,109.23687221,-0.42397591,12.13,0.472,0.472,Healthy,Good
AME II,D003A,D03,2009,100,13,264974,0.43238980372423197,Stres Sedang,0.394568427072631,Stres Berat,Pokok Utama,109.23696180143416,-0.423957854517062,418,109.23694003,-0.42395422,11.26,0.429,0.429,Healthy,Sub-Optimal
AME II,D003A,D03,2009,100,15,265071,0.3936070249693252,Stres Berat,0.38734324442264056,Stres Berat,Pokok Utama,109.23712650835621,-0.4239461409042602,706,109.23712239,-0.42392578,9.69,0.385,0.385,Healthy,Critical
AME II,D003A,D03,2009,100,16,265094,0.39429853737013865,Stres Berat,0.3752580391547571,Stres Berat,Pokok Utama,109.2372138118554,-0.4239437681414787,88,109.23722839,-0.42391495,14.88,0.382,0.382,Healthy,Critical
AME II,D003A,D03,2009,100,18,265105,0.4438931735282102,Stres Sedang,0.40583456750923336,Stres Sedang,Pokok Utama,109.23738333345463,-0.42394034172449224,28,109.23738333,-0.42396562,17.84,0.497,0.497,Healthy,Good
AME II,D003A,D03,2009,100,23,265221,0.38068834768183435,Stres Berat,0.374985959727065,Stres Berat,Pokok Utama,109.23779229967668,-0.42393066178204275,3083,109.2378145,-0.42395849,2.99,0.405,0.405,Abnormal,Sub-Optimal
AME II,D003A,D03,2009,100,26,265286,0.414734404780159,Stres Sedang,0.3871916695660045,Stres Berat,Pokok Utama,109.23803392801878,-0.4239363003007796,3085,109.23801122,-0.42393321,2.98,0.467,0.467,Abnormal,Good
AME II,D003A,D03,2009,100,27,265173,0.4016503161088111,Stres Sedang,0.4079979644885331,Stres Sedang,Pokok Utama,109.23811394392338,-0.42392977873506965,748,109.23809791,-0.42392464,9.45,0.496,0.496,Healthy,Good
AME II,D003A,D03,2009,100,29,265131,0.42744638848214217,Stres Sedang,0.41350278578432625,Stres Sedang,Pokok Utama,109.23826953699161,-0.4239343603013645,481,109.23823804,-0.42392784,10.92,0.52,0.52,Healthy,Good
AME II,D003A,D03,2009,101,2,264986,0.43724327574737953,Stres Sedang,0.4439584785664046,Stres Sedang,Pokok Utama,109.23612252788271,-0.42391172363016416,2169,109.23615316,-0.42389571,4.68,0.407,0.407,Healthy,Sub-Optimal
AME II,D003A,D03,2009,101,5,265040,0.45675928587974546,Stres Sedang,0.40484899107884914,Stres Sedang,Pokok Utama,109.23636122883849,-0.42389619910671056,2143,109.23638537,-0.42386954,4.73,0.457,0.457,Healthy,Moderate
AME II,D003A,D03,2009,101,7,265049,0.4139923290699389,Stres Sedang,0.3926917252631599,Stres Berat,Pokok Utama,109.23652458522663,-0.42389806958300663,2628,109.23652774,-0.42390303,3.84,0.469,0.469,Healthy,Good
AME II,D003A,D03,2009,101,8,265056,0.4411454295658547,Stres Sedang,0.4355235176155896,Stres Sedang,Pokok Utama,109.23661680142554,-0.42389928802135696,1154,109.23661172,-0.42392204,7.66,0.495,0.495,Healthy,Good
AME II,D003A,D03,2009,101,9,264940,0.3881963730214537,Stres Berat,0.3569301940965281,Stres Berat,Pokok Utama,109.23668691283602,-0.42389717718494463,273,109.23667955,-0.42388634,12.27,0.475,0.475,Healthy,Good
AME II,D003A,D03,2009,101,10,264953,0.4190037428619681,Stres Sedang,0.3624096690033764,Stres Berat,Pokok Utama,109.23676090854411,-0.4238903359425466,539,109.23674332,-0.4239171,10.58,0.484,0.484,Healthy,Good
AME II,D003A,D03,2009,101,14,265072,0.3837985396385193,Stres Berat,0.36634819401834245,Stres Berat,Pokok Utama,109.2370963423129,-0.4238720419917943,675,109.23709095,-0.42390406,9.88,0.332,0.332,Suspect,Critical
AME II,D003A,D03,2009,101,17,265119,0.46548886371651743,Stres Sedang,0.41309294909391003,Stres Sedang,Pokok Utama,109.23742915436681,-0.4238763458753035,57,109.23741569,-0.42384626,16.3,0.53,0.53,Healthy,Good
AME II,D003A,D03,2009,101,18,265195,0.41060535066239395,Stres Sedang,0.38688027393212726,Stres Berat,Pokok Utama,109.23759916817801,-0.42386920650374493,394,109.23760836,-0.42388926,11.41,0.41,0.41,Healthy,Sub-Optimal
AME II,D003A,D03,2009,101,19,265207,0.38919207203621325,Stres Berat,0.3734927955829389,Stres Berat,Pokok Utama,109.23768013450298,-0.4238663539044591,121,109.23767258,-0.42390058,14.23,0.419,0.419,Healthy,Sub-Optimal
AME II,D003A,D03,2009,101,20,265222,0.4136740794000418,Stres Sedang,0.402251324084428,Stres Sedang,Pokok Utama,109.23775301709804,-0.4238762600310287,320,109.23772963,-0.42387889,11.93,0.493,0.493,Healthy,Good
AME II,D003A,D03,2009,101,21,265218,0.39404126421777075,Stres Berat,0.36880383451803533,Stres Berat,Pokok Utama,109.23784079804373,-0.42386798590344954,92,109.23781542,-0.42386489,14.77,0.393,0.393,Healthy,Sub-Optimal
AME II,D003A,D03,2009,101,22,265184,0.40340312012451507,Stres Sedang,0.35592935426841277,Stres Berat,Pokok Utama,109.23791431677218,-0.42386927871563834,662,109.23788279,-0.42385361,9.95,0.371,0.371,Suspect,Critical
AME II,D003A,D03,2009,101,27,265140,0.3836344448739397,Stres Berat,0.3771900043146644,Stres Berat,Pokok Utama,109.23831875472695,-0.42384057934725416,1144,109.23834989,-0.42385823,7.68,0.187,0.187,Suspect,Critical
AME II,D003A,D03,2009,102,1,264990,0.390098099575022,Stres Berat,0.4178214135545603,Stres Sedang,Pokok Utama,109.23600117164051,-0.42385570700807923,911,109.23599956,-0.42387895,8.59,0.518,0.518,Healthy,Good
AME II,D003A,D03,2009,102,2,264987,0.4049175855077282,Stres Sedang,0.45847567902491976,Stres Sedang,Pokok Utama,109.23607881204184,-0.42384296424744483,2174,109.23609164,-0.42383782,4.67,0.451,0.451,Healthy,Moderate
AME II,D003A,D03,2009,102,3,265000,0.32992539081627287,Stres Berat,0.360231525397966,Stres Berat,Pokok Utama,109.23616500771048,-0.4238375609318391,1916,109.23616935,-0.42381071,5.28,0.47,0.47,Healthy,Good
AME II,D003A,D03,2009,102,4,265008,0.45357281249320547,Stres Sedang,0.4330641764757435,Stres Sedang,Pokok Utama,109.23624518054315,-0.42383981293663947,1503,109.23624569,-0.4238478,6.43,0.466,0.466,Healthy,Good
AME II,D003A,D03,2009,102,5,265041,0.4185719289447786,Stres Sedang,0.3911700033866387,Stres Berat,Pokok Utama,109.23630990770721,-0.42382975207516393,2835,109.23633058,-0.4238329,3.48,0.471,0.471,Abnormal,Good
AME II,D003A,D03,2009,102,6,265032,0.4198852183621809,Stres Sedang,0.3580121093316186,Stres Berat,Pokok Utama,109.23641091539173,-0.4238344007276757,2832,109.23640739,-0.42380172,3.48,0.437,0.437,Healthy,Moderate
AME II,D003A,D03,2009,102,7,265046,0.42706148684543394,Stres Sedang,0.3944413642172127,Stres Berat,Pokok Utama,109.23648601890089,-0.4238344179479634,2913,109.23645814,-0.42383474,3.35,0.395,0.395,Healthy,Sub-Optimal
AME II,D003A,D03,2009,102,8,265079,0.40404335163345345,Stres Sedang,0.35960772127306617,Stres Berat,Pokok Utama,109.23672765104145,-0.423818522404985,1256,109.23672627,-0.42382531,7.26,0.495,0.495,Healthy,Good
AME II,D003A,D03,2009,102,9,264973,0.39736445786967234,Stres Berat,0.3546445272050487,Stres Berat,Pokok Utama,109.23679974337306,-0.4238193636525662,2496,109.23680756,-0.42383392,4.07,0.423,0.423,Healthy,Sub-Optimal
AME II,D003A,D03,2009,102,11,265073,0.4242573543573203,Stres Sedang,0.3905156074968496,Stres Berat,Pokok Utama,109.2369673007179,-0.42381458937722805,1152,109.23698228,-0.42380547,7.66,0.408,0.408,Healthy,Sub-Optimal
AME II,D003A,D03,2009,102,12,265096,0.41153953092105366,Stres Sedang,0.38754651363409415,Stres Berat,Pokok Utama,109.23718770037648,-0.4238031552835074,167,109.23720775,-0.42380824,13.49,0.453,0.453,Healthy,Moderate
AME II,D003A,D03,2009,102,13,265107,0.3787995644418012,Stres Berat,0.3618775456384659,Stres Berat,Pokok Utama,109.23730899010211,-0.4238041407326608,41,109.23728186,-0.42380418,16.87,0.405,0.405,Healthy,Sub-Optimal
AME II,D003A,D03,2009,102,14,265120,0.40266677982819477,Stres Sedang,0.35123790773706365,Stres Berat,Pokok Utama,109.23739510587735,-0.4238027244380522,966,109.23742783,-0.42380467,8.33,0.419,0.419,Healthy,Sub-Optimal
AME II,D003A,D03,2009,102,16,265196,0.39964059667156737,Stres Berat,0.36645601660720434,Stres Berat,Pokok Utama,109.23754357197602,-0.4237915134863044,947,109.23751406,-0.42379519,8.43,0.444,0.444,Healthy,Moderate
AME II,D003A,D03,2009,102,18,265223,0.4006776625807436,Stres Sedang,0.39650503743713583,Stres Berat,Pokok Utama,109.23771548570505,-0.4237920303440136,175,109.23769462,-0.42379343,13.41,0.429,0.429,Healthy,Sub-Optimal
AME II,D003A,D03,2009,102,19,265219,0.42995680429497546,Stres Sedang,0.3945341506698019,Stres Berat,Pokok Utama,109.2377931232209,-0.42378838028892457,288,109.23778309,-0.42381831,12.2,0.413,0.413,Healthy,Sub-Optimal
AME II,D003A,D03,2009,102,20,265185,0.4012206327210714,Stres Sedang,0.3618376507442825,Stres Berat,Pokok Utama,109.23787393073646,-0.42378871801846296,591,109.23790167,-0.42378217,10.37,0.384,0.384,Healthy,Critical
AME II,D003A,D03,2009,102,21,265284,0.3927163419256265,Stres Berat,0.3617948273004745,Stres Berat,Pokok Utama,109.23795410537406,-0.42378331239143713,183,109.23797488,-0.4237641,13.22,0.331,0.331,Suspect,Critical
AME II,D003A,D03,2009,102,24,265133,0.3941440292424946,Stres Berat,0.39878352383534016,Stres Berat,Pokok Utama,109.23820365813064,-0.4237777077263982,258,109.23820305,-0.42374155,12.38,0.417,0.417,Healthy,Sub-Optimal
AME II,D003A,D03,2009,102,25,265141,0.4233302051619773,Stres Sedang,0.3947828505999045,Stres Berat,Pokok Utama,109.2382846254181,-0.4237707070901216,937,109.23829512,-0.42377005,8.47,0.479,0.479,Healthy,Good
AME II,D003A,D03,2009,103,1,264991,0.3645414810020832,Stres Berat,0.4164426164681456,Stres Sedang,Pokok Utama,109.23596157584689,-0.4237843984514268,893,109.23593356,-0.42379664,8.7,0.45,0.45,Healthy,Moderate
AME II,D003A,D03,2009,103,3,264997,0.3638263243884091,Stres Berat,0.4126295127194113,Stres Sedang,Pokok Utama,109.23612810578855,-0.42376641124014836,1315,109.23614061,-0.42376775,7.05,0.429,0.429,Healthy,Sub-Optimal
AME II,D003A,D03,2009,103,4,265042,0.39250368146451675,Stres Berat,0.39050252568055116,Stres Berat,Pokok Utama,109.23627490530855,-0.4237679342798717,1296,109.23626547,-0.4237836,7.13,0.42,0.42,Healthy,Sub-Optimal
AME II,D003A,D03,2009,103,5,265033,0.42955709410257664,Stres Sedang,0.41781305884956416,Stres Sedang,Pokok Utama,109.23635927702313,-0.4237685911547594,3042,109.23637191,-0.42379448,3.1,0.485,0.485,Healthy,Good
AME II,D003A,D03,2009,103,6,265059,0.4304815953044216,Stres Sedang,0.4022646012550855,Stres Sedang,Pokok Utama,109.2364480876994,-0.4237586425176464,2841,109.23645051,-0.42379269,3.46,0.532,0.532,Healthy,Good
AME II,D003A,D03,2009,103,8,265080,0.3901595807149925,Stres Berat,0.4004616628969189,Stres Sedang,Pokok Utama,109.23660590007724,-0.42375604718220516,939,109.23662074,-0.42376198,8.47,0.512,0.512,Healthy,Good
AME II,D003A,D03,2009,103,9,265074,0.3842197657360529,Stres Berat,0.3294647605812582,Stres Berat,Pokok Utama,109.23684222120983,-0.4237540268856762,1707,109.23682375,-0.42375434,5.83,0.464,0.464,Healthy,Good
AME II,D003A,D03,2009,103,10,265099,0.39939028019811745,Stres Berat,0.3749899057639024,Stres Berat,Pokok Utama,109.23709652969882,-0.42374252098111503,216,109.23710042,-0.42374401,12.81,0.546,0.546,Healthy,Good
AME II,D003A,D03,2009,103,11,265097,0.4175523712120995,Stres Sedang,0.3919480848081338,Stres Berat,Pokok Utama,109.23718478302374,-0.42374254120415783,314,109.23721091,-0.42372685,11.97,0.449,0.449,Healthy,Moderate
AME II,D003A,D03,2009,103,12,265108,0.4091513849089532,Stres Sedang,0.38974088896681236,Stres Berat,Pokok Utama,109.23726004343284,-0.42374798243986334,23,109.23727693,-0.4237445,18.42,0.524,0.524,Healthy,Good
AME II,D003A,D03,2009,103,13,265121,0.39732170152826374,Stres Berat,0.3820595497865482,Stres Berat,Pokok Utama,109.23734362601525,-0.4237389088552747,614,109.23735598,-0.42373954,10.22,0.437,0.437,Healthy,Moderate
AME II,D003A,D03,2009,103,14,265201,0.40988737407961323,Stres Sedang,0.3692831720041821,Stres Berat,Pokok Utama,109.23743156285711,-0.4237362974898734,299,109.23740987,-0.42376035,12.13,0.474,0.474,Healthy,Good
AME II,D003A,D03,2009,103,15,265197,0.41350065665724484,Stres Sedang,0.3883373350227008,Stres Berat,Pokok Utama,109.23751157948757,-0.4237304134555826,518,109.23751587,-0.42374636,10.68,0.493,0.493,Healthy,Good
AME II,D003A,D03,2009,103,16,265209,0.3953626276942936,Stres Berat,0.3892428728016289,Stres Berat,Pokok Utama,109.23759222933019,-0.42372484968721974,67,109.23755899,-0.42372015,15.8,0.501,0.501,Healthy,Good
AME II,D003A,D03,2009,103,17,265224,0.3674287825044532,Stres Berat,0.3671971966050057,Stres Berat,Pokok Utama,109.23766305521376,-0.4237213563229912,377,109.23767038,-0.42369621,11.55,0.461,0.461,Healthy,Good
AME II,D003A,D03,2009,103,18,265220,0.39121462398649137,Stres Berat,0.3817448374779465,Stres Berat,Pokok Utama,109.23775178609115,-0.4237149968104553,188,109.23777323,-0.42371522,13.17,0.386,0.386,Healthy,Critical
AME II,D003A,D03,2009,103,19,265186,0.40617045471692875,Stres Sedang,0.3759280565195625,Stres Berat,Pokok Utama,109.23783037541483,-0.42371294125090436,633,109.23781905,-0.42369489,10.09,0.45,0.45,Healthy,Moderate
AME II,D003A,D03,2009,103,21,265176,0.4379268546169307,Stres Sedang,0.4006568724476751,Stres Sedang,Pokok Utama,109.23799737688006,-0.42371585065274664,94,109.23802564,-0.42372704,14.69,0.403,0.403,Healthy,Sub-Optimal
AME II,D003A,D03,2009,103,22,265166,0.39419266208803294,Stres Berat,0.39335916061861576,Stres Berat,Pokok Utama,109.23807739281338,-0.423713156981138,153,109.23809976,-0.42370897,13.78,0.376,0.376,Suspect,Critical
AME II,D003A,D03,2009,103,23,265134,0.39567435145994095,Stres Berat,0.42079680847699474,Stres Sedang,Pokok Utama,109.23815668670213,-0.4237137204329183,354,109.23813299,-0.42373249,11.71,0.466,0.466,Healthy,Good
AME II,D003A,D03,2009,103,24,265142,0.41682271981517754,Stres Sedang,0.4237284882895552,Stres Sedang,Pokok Utama,109.23823195455375,-0.4237142287039911,49,109.23824347,-0.42374517,16.54,0.519,0.519,Healthy,Good
AME II,D003A,D03,2009,103,25,265149,0.40455884334676984,Stres Sedang,0.3913774706177167,Stres Berat,Pokok Utama,109.23831149451834,-0.42371504541472044,685,109.23834408,-0.42372756,9.8,0.338,0.338,Suspect,Critical
AME II,D003A,D03,2009,104,1,264989,0.3454740447279676,Stres Berat,0.4408497234101982,Stres Sedang,Pokok Utama,109.23600912885686,-0.4236993907550863,1092,109.23600543,-0.42372296,7.85,0.508,0.508,Healthy,Good
AME II,D003A,D03,2009,104,2,264998,0.3197177189697332,Stres Berat,0.3899839472214524,Stres Berat,Pokok Utama,109.23609151874979,-0.4237089798440175,2142,109.23611547,-0.42371123,4.73,0.447,0.447,Healthy,Moderate
AME II,D003A,D03,2009,104,3,265009,0.3552059304175431,Stres Berat,0.39533233957511105,Stres Berat,Pokok Utama,109.23616321728768,-0.42369934650328545,1494,109.23616129,-0.42370898,6.45,0.421,0.421,Healthy,Sub-Optimal
AME II,D003A,D03,2009,104,4,265060,0.45023130567050446,Stres Sedang,0.3985598901746364,Stres Berat,Pokok Utama,109.23639890790105,-0.42368485849226895,1490,109.23638946,-0.42366065,6.47,0.402,0.402,Healthy,Sub-Optimal
AME II,D003A,D03,2009,104,5,265058,0.39806005227322483,Stres Berat,0.39831713752713627,Stres Berat,Pokok Utama,109.2364880334128,-0.42368487892047346,656,109.23650712,-0.42369142,9.97,0.456,0.456,Healthy,Moderate
AME II,D003A,D03,2009,104,6,265078,0.4189582965949419,Stres Sedang,0.40983401788474205,Stres Sedang,Pokok Utama,109.2367296610391,-0.4236889222594429,473,109.23675056,-0.42368515,10.97,0.454,0.454,Healthy,Moderate
AME II,D003A,D03,2009,104,10,265098,0.38489782463464817,Stres Berat,0.38495070729064196,Stres Berat,Pokok Utama,109.23717109415088,-0.42367155685935676,674,109.23719745,-0.42368841,9.89,0.413,0.413,Healthy,Sub-Optimal
AME II,D003A,D03,2009,104,11,265109,0.40535050913030957,Stres Sedang,0.39153509822566634,Stres Berat,Pokok Utama,109.23727067929984,-0.42366304579605213,143,109.23726931,-0.4236613,13.88,0.46,0.46,Healthy,Good
AME II,D003A,D03,2009,104,12,265202,0.43662637557117245,Stres Sedang,0.43242963279771646,Stres Sedang,Pokok Utama,109.23737152977215,-0.4236600385898694,747,109.23736543,-0.42366539,9.45,0.405,0.405,Healthy,Sub-Optimal
AME II,D003A,D03,2009,104,13,265198,0.40872110767429376,Stres Sedang,0.38553455677772563,Stres Berat,Pokok Utama,109.23747150964815,-0.42365383990794325,1358,109.23747726,-0.42368576,6.89,0.402,0.402,Healthy,Sub-Optimal
AME II,D003A,D03,2009,104,15,265225,0.3867530722411573,Stres Berat,0.3730806376582615,Stres Berat,Pokok Utama,109.23763597576446,-0.4236545169183943,1384,109.23762279,-0.42363109,6.81,0.427,0.427,Healthy,Sub-Optimal
AME II,D003A,D03,2009,104,16,265187,0.38393835634317086,Stres Berat,0.3713126606194689,Stres Berat,Pokok Utama,109.23779489805683,-0.4236499269160425,613,109.23779571,-0.42363339,10.22,0.484,0.484,Healthy,Good
AME II,D003A,D03,2009,104,18,265177,0.40397535487563313,Stres Sedang,0.3694299450852817,Stres Berat,Pokok Utama,109.23796221718678,-0.42364629648633717,372,109.23797132,-0.42361896,11.58,0.447,0.447,Healthy,Moderate
AME II,D003A,D03,2009,104,21,265143,0.40926161758611773,Stres Sedang,0.42198001778275845,Stres Sedang,Pokok Utama,109.23820511639165,-0.4236369410499024,734,109.23823137,-0.4236258,9.52,0.482,0.482,Healthy,Good
AME II,D003A,D03,2009,105,3,265043,0.3990015961772988,Stres Berat,0.4308005771749472,Stres Sedang,Pokok Utama,109.23619761722698,-0.4236209290262502,1406,109.23620173,-0.42360182,6.73,0.572,0.572,Healthy,Good
AME II,D003A,D03,2009,105,5,265081,0.44670270247524285,Stres Sedang,0.41279362336293357,Stres Sedang,Pokok Utama,109.2365237005916,-0.42360744559623115,957,109.23650849,-0.42362767,8.36,0.398,0.398,Healthy,Sub-Optimal
AME II,D003A,D03,2009,105,6,895,0.3885764087424665,Stres Berat,0.3930281297614922,Stres Berat,Pokok Utama,109.23660165483564,-0.4236091382222364,396,109.23657406,-0.4236313,11.39,0.45,0.45,Healthy,Moderate
AME II,D003A,D03,2009,105,8,265091,0.43451327750739877,Stres Sedang,0.411188357941343,Stres Sedang,Pokok Utama,109.23685414091433,-0.4235926871789414,1261,109.23683996,-0.42356806,7.24,0.417,0.417,Healthy,Sub-Optimal
AME II,D003A,D03,2009,105,9,265199,0.42219512712602286,Stres Sedang,0.3713576194044348,Stres Berat,Pokok Utama,109.23742161458154,-0.4235889087839701,1269,109.23742203,-0.42361612,7.21,0.42,0.42,Healthy,Sub-Optimal
AME II,D003A,D03,2009,105,12,265227,0.42339435430783334,Stres Sedang,0.40338955783829683,Stres Sedang,Pokok Utama,109.23765849192012,-0.42357859523136404,994,109.23767849,-0.42360442,8.23,0.426,0.426,Healthy,Sub-Optimal
AME II,D003A,D03,2009,105,13,265188,0.39306971587078726,Stres Berat,0.40655812686351106,Stres Sedang,Pokok Utama,109.23775815485891,-0.4235797348633784,71,109.23772835,-0.42357098,15.43,0.404,0.404,Healthy,Sub-Optimal
AME II,D003A,D03,2009,105,14,265558,0.42027333307370124,Stres Sedang,0.3973418048092154,Stres Berat,Pokok Utama,109.23782835466605,-0.4235841313673808,18,109.23780919,-0.42359541,19.26,0.444,0.444,Healthy,Moderate
AME II,D003A,D03,2009,105,15,265178,0.43645242564957654,Stres Sedang,0.38772176275409237,Stres Berat,Pokok Utama,109.23790217968262,-0.4235855101470555,638,109.23790036,-0.42360854,10.07,0.473,0.473,Healthy,Good
AME II,D003A,D03,2009,105,17,265136,0.39489680741745986,Stres Berat,0.40439535508091484,Stres Sedang,Pokok Utama,109.23806989742408,-0.42357494110411126,525,109.23804993,-0.42356336,10.65,0.443,0.443,Healthy,Moderate
AME II,D003A,D03,2009,105,18,265144,0.3964799769731329,Stres Berat,0.42123505431943786,Stres Sedang,Pokok Utama,109.23815038822262,-0.4235696955987338,2005,109.23815594,-0.42353716,5.07,0.412,0.412,Healthy,Sub-Optimal
AME II,D003A,D03,2009,106,1,265011,0.4105940120097636,Stres Sedang,0.45905778158355404,Stres Sedang,Pokok Utama,109.23608331863548,-0.42353335851497687,1465,109.23610024,-0.42355885,6.56,0.479,0.479,Healthy,Good
AME II,D003A,D03,2009,106,3,265067,0.3663837733413332,Stres Berat,0.36964169270858355,Stres Berat,Pokok Utama,109.23623407963217,-0.4235304161101078,1068,109.23625655,-0.42350553,7.93,0.476,0.476,Healthy,Good
AME II,D003A,D03,2009,106,5,894,0.43518038413094373,Stres Sedang,0.36260930279316883,Stres Berat,Pokok Utama,109.23641042880007,-0.4235353216498424,1724,109.2364317,-0.42354581,5.79,0.376,0.376,Suspect,Critical
AME II,D003A,D03,2009,106,6,338951,0.33737852842368904,Stres Berat,0.30161127149343203,Stres Berat,Pokok Utama,109.2364441810928,-0.42352440273265624,1724,109.2364317,-0.42354581,5.79,0.376,0.376,Suspect,Critical
AME II,D003A,D03,2009,106,9,265077,0.42700588506256,Stres Sedang,0.3981151389377611,Stres Berat,Pokok Utama,109.23672922456635,-0.4235176894065499,702,109.23673532,-0.42354226,9.7,0.479,0.479,Healthy,Good
AME II,D003A,D03,2009,106,13,265122,0.38777664596133904,Stres Berat,0.37014860530485816,Stres Berat,Pokok Utama,109.23721977407715,-0.423504961611881,872,109.23723835,-0.42353198,8.77,0.368,0.368,Suspect,Critical
AME II,D003A,D03,2009,106,15,265228,0.4009729528553357,Stres Sedang,0.36899947556796964,Stres Berat,Pokok Utama,109.2374818453046,-0.42349417454554156,249,109.23746652,-0.42349315,12.45,0.404,0.404,Healthy,Sub-Optimal
AME II,D003A,D03,2009,106,16,265261,0.3975221233456103,Stres Berat,0.364404605481674,Stres Berat,Pokok Utama,109.23755790066636,-0.42348781121841816,854,109.23753614,-0.42348864,8.89,0.458,0.458,Healthy,Moderate
AME II,D003A,D03,2009,106,17,265267,0.3679665969486782,Stres Berat,0.36254805678630375,Stres Berat,Pokok Utama,109.23763046551919,-0.4234966004472248,47,109.2376062,-0.42349001,16.62,0.464,0.464,Healthy,Good
AME II,D003A,D03,2009,106,19,265299,0.3842426002948076,Stres Berat,0.38220770810996446,Stres Berat,Pokok Utama,109.23780761075271,-0.42348531645184684,6,109.23778361,-0.42348915,19.92,0.392,0.392,Healthy,Sub-Optimal
AME II,D003A,D03,2009,106,20,265179,0.41817008856524907,Stres Sedang,0.3768904999752428,Stres Berat,Pokok Utama,109.23787051367279,-0.42348277891630837,16,109.23788737,-0.4234625,19.5,0.421,0.421,Healthy,Sub-Optimal
AME II,D003A,D03,2009,106,21,265169,0.4292793084436872,Stres Sedang,0.3934573077263329,Stres Berat,Pokok Utama,109.23795274602463,-0.42348630732907083,95,109.23792105,-0.42348918,14.68,0.372,0.372,Suspect,Critical
AME II,D003A,D03,2009,106,22,265137,0.3885124263076629,Stres Berat,0.3854495128585954,Stres Berat,Pokok Utama,109.23804084415352,-0.42347763355169,29,109.23805535,-0.42346615,17.74,0.485,0.485,Healthy,Good
AME II,D003A,D03,2009,106,25,265155,0.4120711420000214,Stres Sedang,0.40614255901538965,Stres Sedang,Pokok Utama,109.23827217639054,-0.423471944189786,2726,109.23828486,-0.42344134,3.67,0.363,0.363,Healthy,Critical
AME II,D003A,D03,2009,107,2,265012,0.3871738933045027,Stres Berat,0.4473936015469626,Stres Sedang,Pokok Utama,109.23604404269167,-0.42345375580254163,870,109.23602481,-0.4234363,8.77,0.45,0.45,Healthy,Moderate
AME II,D003A,D03,2009,107,5,265063,0.369478032293208,Stres Berat,0.3290363591904037,Stres Berat,Pokok Utama,109.23628355428812,-0.4234562043596262,2015,109.23628801,-0.42342189,5.05,0.427,0.427,Healthy,Sub-Optimal
AME II,D003A,D03,2009,107,6,265087,0.3657633483587951,Stres Berat,0.3236230673989912,Stres Berat,Pokok Utama,109.23636334378692,-0.42344950912017104,1753,109.23636167,-0.42342507,5.73,0.42,0.42,Healthy,Sub-Optimal
AME II,D003A,D03,2009,107,7,265085,0.4532546726051642,Stres Sedang,0.39876233840074676,Stres Berat,Pokok Utama,109.23644189250071,-0.42344801150857764,961,109.23644699,-0.42346714,8.35,0.417,0.417,Healthy,Sub-Optimal
AME II,D003A,D03,2009,107,11,265123,0.3736746680029972,Stres Berat,0.32680310515422056,Stres Berat,Pokok Utama,109.23714904445286,-0.42343236811733714,2503,109.23715799,-0.42340672,4.06,0.493,0.493,Healthy,Good
AME II,D003A,D03,2009,107,12,265229,0.4646339807791059,Stres Sedang,0.4448801617698223,Stres Sedang,Pokok Utama,109.2373185032759,-0.4234244309926339,1165,109.23731293,-0.42343795,7.61,0.478,0.478,Healthy,Good
AME II,D003A,D03,2009,107,14,265268,0.3825080564512107,Stres Berat,0.37637678953222664,Stres Berat,Pokok Utama,109.2375997457358,-0.4234201891017926,26,109.23763317,-0.4234127,17.95,0.417,0.417,Healthy,Sub-Optimal
AME II,D003A,D03,2009,107,15,265275,0.37580541862331396,Stres Berat,0.37424122743509913,Stres Berat,Pokok Utama,109.23767025384423,-0.4234157398078809,17,109.23768482,-0.42340729,19.42,0.538,0.538,Healthy,Good
AME II,D003A,D03,2009,107,16,265300,0.4124196102661943,Stres Sedang,0.4138283204839268,Stres Sedang,Pokok Utama,109.23775549866863,-0.42341272901036764,13,109.23776297,-0.42341002,19.72,0.461,0.461,Healthy,Good
AME II,D003A,D03,2009,107,17,265287,0.42054396811811917,Stres Sedang,0.3890115286474331,Stres Berat,Pokok Utama,109.23783900139358,-0.4234033361665673,19,109.23783528,-0.42339873,19.05,0.391,0.391,Healthy,Sub-Optimal
AME II,D003A,D03,2009,107,19,265146,0.4224081949960618,Stres Sedang,0.4180698002069105,Stres Sedang,Pokok Utama,109.23807809455305,-0.4234100908458048,44,109.23806255,-0.42340285,16.79,0.419,0.419,Healthy,Sub-Optimal
AME II,D003A,D03,2009,107,21,265156,0.42147703783829576,Stres Sedang,0.4276332904850439,Stres Sedang,Pokok Utama,109.23823852403908,-0.42339417660353657,2340,109.2382184,-0.4233952,4.35,0.439,0.439,Healthy,Moderate
AME II,D003A,D03,2009,108,3,265069,0.3585328031630175,Stres Berat,0.42384399610761414,Stres Sedang,Pokok Utama,109.23616590170208,-0.4233878006166296,3379,109.23613756,-0.42336579,1.83,0.418,0.418,Abnormal,Sub-Optimal
AME II,D003A,D03,2009,108,5,265088,0.4282917144428305,Stres Sedang,0.4231900451528822,Stres Sedang,Pokok Utama,109.23631975345036,-0.4233817734364242,3080,109.23634192,-0.42335363,3.0,0.424,0.424,Healthy,Sub-Optimal
AME II,D003A,D03,2009,108,6,265086,0.4226062876217652,Stres Sedang,0.3839312423145972,Stres Berat,Pokok Utama,109.23640686414528,-0.4233896924453782,1847,109.2364277,-0.42336721,5.44,0.387,0.387,Healthy,Critical
AME II,D003A,D03,2009,108,7,265084,0.40296283609213335,Stres Sedang,0.36735198146418524,Stres Berat,Pokok Utama,109.23648017963228,-0.4233798171057318,1901,109.23649687,-0.42337853,5.32,0.4,0.4,Healthy,Sub-Optimal
AME II,D003A,D03,2009,108,8,265437,0.4006923144767309,Stres Sedang,0.4080786728451089,Stres Sedang,Pokok Utama,109.23656494873305,-0.4233749713889672,1460,109.2365575,-0.42335187,6.58,0.414,0.414,Healthy,Sub-Optimal
AME II,D003A,D03,2009,108,9,265126,0.3832919967054575,Stres Berat,0.3586976848716999,Stres Berat,Pokok Utama,109.23705465278938,-0.42335485886235935,785,109.23705604,-0.42338228,9.25,0.398,0.398,Healthy,Sub-Optimal
AME II,D003A,D03,2009,108,10,265233,0.3339785929365477,Stres Berat,0.3179283478362517,Stres Berat,Pokok Utama,109.23713345434247,-0.42335558044877947,2295,109.23715126,-0.42336738,4.44,0.374,0.374,Suspect,Critical
AME II,D003A,D03,2009,108,11,265232,0.38411604060541665,Stres Berat,0.3603742605440618,Stres Berat,Pokok Utama,109.23719287164312,-0.42335836573057434,1064,109.23721863,-0.42337327,7.94,0.463,0.463,Healthy,Good
AME II,D003A,D03,2009,108,12,265230,0.4272389149435961,Stres Sedang,0.3941814083326328,Stres Berat,Pokok Utama,109.23729808113247,-0.4233486604530392,1131,109.23728241,-0.42334932,7.71,0.4,0.4,Healthy,Sub-Optimal
AME II,D003A,D03,2009,108,14,265263,0.422721635146216,Stres Sedang,0.3901118560482685,Stres Berat,Pokok Utama,109.23747411286128,-0.42335157189969713,2387,109.23746072,-0.42332495,4.27,0.423,0.423,Healthy,Sub-Optimal
AME II,D003A,D03,2009,108,16,265276,0.39181068770676625,Stres Berat,0.38400905034115035,Stres Berat,Pokok Utama,109.2376314519153,-0.423341080050402,1410,109.23761342,-0.42335573,6.73,0.408,0.408,Healthy,Sub-Optimal
AME II,D003A,D03,2009,108,17,265301,0.40965995607168776,Stres Sedang,0.40817511101367054,Stres Sedang,Pokok Utama,109.23772018163307,-0.42333982438970474,1930,109.23769966,-0.42335258,5.26,0.479,0.479,Healthy,Good
AME II,D003A,D03,2009,108,18,265288,0.4054243514543644,Stres Sedang,0.3823118863789527,Stres Berat,Pokok Utama,109.23780384352924,-0.42332963489116454,1973,109.23781284,-0.42332819,5.16,0.439,0.439,Healthy,Moderate
AME II,D003A,D03,2009,108,19,265323,0.42871134764211843,Stres Sedang,0.4029917532975251,Stres Sedang,Pokok Utama,109.23788575878697,-0.423333163225147,1379,109.23792063,-0.42333907,6.82,0.408,0.408,Healthy,Sub-Optimal
AME II,D003A,D03,2009,108,20,265139,0.3801047047022507,Stres Berat,0.34524106236323915,Stres Berat,Pokok Utama,109.23795967458652,-0.42333030898564944,2857,109.23796375,-0.42333862,3.44,0.344,0.344,Abnormal,Critical
AME II,D003A,D03,2009,108,21,265147,0.4146925392146993,Stres Sedang,0.4068317383805111,Stres Sedang,Pokok Utama,109.23803683897013,-0.4233255419891322,2239,109.23803383,-0.42329207,4.54,0.36,0.36,Suspect,Critical
AME II,D003A,D03,2009,108,23,265158,0.3900365334488664,Stres Berat,0.38115453131018673,Stres Berat,Pokok Utama,109.2382760141757,-0.423311160458655,1369,109.23828578,-0.42333056,6.86,0.418,0.418,Healthy,Sub-Optimal
AME II,D003A,D03,2009,109,2,338960,0.33737852842368904,Stres Berat,0.36805481188940353,Stres Berat,Pokok Utama,109.23603924207595,-0.4233118448225083,3517,109.23607065,-0.42330609,1.13,0.399,0.399,Healthy,Sub-Optimal
AME II,D003A,D03,2009,109,3,265066,0.3715804540062963,Stres Berat,0.40761578958576666,Stres Sedang,Pokok Utama,109.23611933408432,-0.42332191174203077,3330,109.23611422,-0.42330339,2.11,0.461,0.461,Healthy,Good
AME II,D003A,D03,2009,109,5,265089,0.3535402587909388,Stres Berat,0.3388670947185947,Stres Berat,Pokok Utama,109.23627623904763,-0.4233158897782062,2765,109.23626199,-0.4232894,3.59,0.377,0.377,Healthy,Critical
AME II,D003A,D03,2009,109,8,327151,0.36396341374467894,Stres Berat,0.3850878919610464,Stres Berat,Tamb,109.23660749606971,-0.4233040903766174,1455,109.23659614,-0.42328722,6.58,0.404,0.404,Healthy,Sub-Optimal
AME II,D003A,D03,2009,109,10,265127,0.4079613448549502,Stres Sedang,0.37345577948868075,Stres Berat,Pokok Utama,109.23692693793338,-0.4232854897263016,1346,109.23691952,-0.42328051,6.92,0.507,0.507,Healthy,Good
AME II,D003A,D03,2009,109,11,327149,0.3578312201792694,Stres Berat,0.3217817868659721,Stres Berat,Tamb,109.23715112956641,-0.4232842352378712,998,109.23716655,-0.42329458,8.21,0.426,0.426,Healthy,Sub-Optimal
AME II,D003A,D03,2009,109,12,265231,0.3441563127628168,Stres Berat,0.32420091006872426,Stres Berat,Pokok Utama,109.23725753613436,-0.42327591561833494,1345,109.23725682,-0.42329054,6.92,0.327,0.327,Suspect,Critical
AME II,D003A,D03,2009,109,13,265253,0.3794264769161853,Stres Berat,0.37697029948377836,Stres Berat,Pokok Utama,109.23735007051998,-0.42326445218783676,2353,109.23731971,-0.42327246,4.33,0.387,0.387,Healthy,Critical
AME II,D003A,D03,2009,109,14,265264,0.41333227020641305,Stres Sedang,0.35385607391371765,Stres Berat,Pokok Utama,109.23742976587488,-0.42327308388394536,3061,109.23742077,-0.42324581,3.05,0.397,0.397,Abnormal,Sub-Optimal
AME II,D003A,D03,2009,109,15,265270,0.4139787601238685,Stres Sedang,0.3775354400209955,Stres Berat,Pokok Utama,109.23751881375247,-0.42326704273956095,2186,109.23750115,-0.42329556,4.64,0.447,0.447,Healthy,Moderate
AME II,D003A,D03,2009,109,16,265277,0.38519100054401306,Stres Berat,0.35455833000908826,Stres Berat,Pokok Utama,109.23759613599707,-0.42326323162725954,1788,109.23758469,-0.42329197,5.62,0.399,0.399,Healthy,Sub-Optimal
AME II,D003A,D03,2009,109,17,265302,0.4168771407660552,Stres Sedang,0.3824360608911242,Stres Berat,Pokok Utama,109.23767583362947,-0.42326580270316877,2281,109.23765027,-0.42325626,4.46,0.413,0.413,Healthy,Sub-Optimal
AME II,D003A,D03,2009,109,18,265289,0.4077596250827266,Stres Sedang,0.39282812935950057,Stres Berat,Pokok Utama,109.23775283950881,-0.4232627900135365,2663,109.23778276,-0.42326986,3.78,0.403,0.403,Abnormal,Sub-Optimal
AME II,D003A,D03,2009,109,19,265324,0.44527743109688267,Stres Sedang,0.40243502934678416,Stres Sedang,Pokok Utama,109.23783729227807,-0.42325483340905384,1275,109.2378663,-0.4232744,7.19,0.397,0.397,Healthy,Sub-Optimal
AME II,D003A,D03,2009,109,20,265148,0.42974462862596374,Stres Sedang,0.4185708471865329,Stres Sedang,Pokok Utama,109.23799296333449,-0.42325997379892516,2290,109.23798442,-0.42328844,4.45,0.426,0.426,Healthy,Sub-Optimal
AME II,D003A,D03,2009,109,21,265349,0.3987715978806085,Stres Berat,0.4200875204873157,Stres Sedang,Pokok Utama,109.23808193301879,-0.4232502638813601,1811,109.23811198,-0.42326541,5.56,0.429,0.429,Healthy,Sub-Optimal
AME II,D003A,D03,2009,109,23,265362,0.4154333003802456,Stres Sedang,0.3905285261672121,Stres Berat,Pokok Utama,109.23831009802383,-0.4232362786175918,1448,109.23828401,-0.42321843,6.6,0.472,0.472,Healthy,Good
AME II,D003A,D03,2009,110,1,265014,0.4271284930805257,Stres Sedang,0.47203918326409067,Stres Sedang,Pokok Utama,109.23598863286252,-0.4232511665046321,3176,109.2359777,-0.42324367,2.73,0.463,0.463,Healthy,Good
AME II,D003A,D03,2009,110,2,265458,0.39336616878538044,Stres Berat,0.4251530798187909,Stres Sedang,Pokok Utama,109.23608155936422,-0.4232572230808322,3436,109.23608683,-0.42324822,1.48,0.431,0.431,Healthy,Moderate
AME II,D003A,D03,2009,110,3,265460,0.3716769648301595,Stres Berat,0.4114201592614116,Stres Sedang,Pokok Utama,109.23616284304795,-0.42325285494003,3208,109.23619463,-0.42325096,2.66,0.443,0.443,Healthy,Moderate
AME II,D003A,D03,2009,110,5,265470,0.40112720991372736,Stres Sedang,0.3688730961061118,Stres Berat,Pokok Utama,109.23632325871168,-0.4232377437552788,2607,109.23635407,-0.42325009,3.88,0.396,0.396,Healthy,Sub-Optimal
AME II,D003A,D03,2009,110,6,265445,0.4391197103184118,Stres Sedang,0.39542130825222876,Stres Berat,Pokok Utama,109.23640400047944,-0.4232345664488366,2996,109.23642549,-0.42320851,3.19,0.423,0.423,Abnormal,Sub-Optimal
AME II,D003A,D03,2009,110,8,265477,0.3632971551679612,Stres Berat,0.34774016669624175,Stres Berat,Pokok Utama,109.23655922789212,-0.423234739443024,1548,109.23656067,-0.42324923,6.26,0.394,0.394,Healthy,Sub-Optimal
AME II,D003A,D03,2009,110,10,265486,0.4170096702954868,Stres Sedang,0.3863621465548748,Stres Berat,Pokok Utama,109.23671898995842,-0.4232341601906254,2344,109.23671114,-0.42319998,4.34,0.415,0.415,Healthy,Sub-Optimal
AME II,D003A,D03,2009,110,12,265501,0.447155263663634,Stres Sedang,0.3995380355472719,Stres Berat,Pokok Utama,109.23688567674807,-0.42322191614933763,2166,109.23689933,-0.42322308,4.68,0.366,0.366,Suspect,Critical
AME II,D003A,D03,2009,110,14,265234,0.3952672998169939,Stres Berat,0.3829976391577828,Stres Berat,Pokok Utama,109.23713079431265,-0.42320953089560687,1183,109.23714949,-0.42322404,7.57,0.381,0.381,Healthy,Critical
AME II,D003A,D03,2009,110,15,265254,0.412043727486068,Stres Sedang,0.3937395694511789,Stres Berat,Pokok Utama,109.2373120575571,-0.42320446760446334,1708,109.2373049,-0.4232078,5.83,0.419,0.419,Healthy,Sub-Optimal
AME II,D003A,D03,2009,110,16,265265,0.4073067250736777,Stres Sedang,0.3601312866120476,Stres Berat,Pokok Utama,109.23740332246688,-0.4232019365539677,3011,109.23739383,-0.42319471,3.16,0.444,0.444,Abnormal,Moderate
AME II,D003A,D03,2009,110,17,265271,0.41617824488420746,Stres Sedang,0.35771262722688396,Stres Berat,Pokok Utama,109.23747050387183,-0.42319923993052283,2986,109.23747332,-0.42322638,3.21,0.427,0.427,Healthy,Sub-Optimal
AME II,D003A,D03,2009,110,19,265290,0.41783795761679515,Stres Sedang,0.403383307040542,Stres Sedang,Pokok Utama,109.23771704559027,-0.42319738283899505,1735,109.23770688,-0.42319297,5.77,0.464,0.464,Healthy,Good
AME II,D003A,D03,2009,110,21,265341,0.39851029838630925,Stres Berat,0.3818758870252585,Stres Berat,Pokok Utama,109.23795994262473,-0.423193450440626,3154,109.23796288,-0.42319981,2.81,0.397,0.397,Healthy,Sub-Optimal
AME II,D003A,D03,2009,110,24,265374,0.41100095066528713,Stres Sedang,0.4271354456539807,Stres Sedang,Pokok Utama,109.2382036381558,-0.42316607061225325,2348,109.23818836,-0.42317183,4.33,0.478,0.478,Healthy,Good
AME II,D003A,D03,2009,111,1,265455,0.3985917956819996,Stres Berat,0.4285677969724208,Stres Sedang,Pokok Utama,109.235970742226,-0.42318661442994854,3309,109.23599702,-0.42318309,2.2,0.5,0.5,Healthy,Good
AME II,D003A,D03,2009,111,2,265459,0.3790134743677796,Stres Berat,0.4078355796910105,Stres Sedang,Pokok Utama,109.23604172710807,-0.4231828027861612,3280,109.23606439,-0.42318627,2.32,0.529,0.529,Healthy,Good
AME II,D003A,D03,2009,111,3,265461,0.3731721412023816,Stres Berat,0.4301362703759833,Stres Sedang,Pokok Utama,109.23612388184111,-0.4231796312300795,3544,109.23614029,-0.42321115,0.98,0.442,0.442,Abnormal,Moderate
AME II,D003A,D03,2009,111,4,265466,0.38297511004205304,Stres Berat,0.4101388795558948,Stres Sedang,Pokok Utama,109.23620500611729,-0.42317709787227303,3277,109.23620587,-0.42319625,2.33,0.491,0.491,Healthy,Good
AME II,D003A,D03,2009,111,6,265446,0.41907750033988245,Stres Sedang,0.3990688729995432,Stres Berat,Pokok Utama,109.23633461285192,-0.4231701481632948,1688,109.23634016,-0.4231791,5.87,0.464,0.464,Healthy,Good
AME II,D003A,D03,2009,111,8,265480,0.3869645673658199,Stres Berat,0.4114376874307869,Stres Sedang,Pokok Utama,109.23660316038882,-0.42315973604300355,2068,109.23658584,-0.42316378,4.91,0.405,0.405,Healthy,Sub-Optimal
AME II,D003A,D03,2009,111,10,265496,0.3828985384134186,Stres Berat,0.38156551678772443,Stres Berat,Pokok Utama,109.23675608600406,-0.4231459605822904,2969,109.23676011,-0.42315071,3.24,0.389,0.389,Abnormal,Critical
AME II,D003A,D03,2009,111,12,265239,0.4075564486616683,Stres Sedang,0.37129044497903674,Stres Berat,Pokok Utama,109.23692673290817,-0.4231392996805002,2718,109.23691867,-0.42310462,3.68,0.455,0.455,Abnormal,Moderate
AME II,D003A,D03,2009,111,13,265237,0.4034598412736542,Stres Sedang,0.37228320417172706,Stres Berat,Pokok Utama,109.23700246935432,-0.4231369251394737,1586,109.23701342,-0.42314489,6.17,0.448,0.448,Healthy,Moderate
AME II,D003A,D03,2009,111,14,265236,0.3709704495296105,Stres Berat,0.31382026760364734,Stres Berat,Pokok Utama,109.23707123705655,-0.4231304009796803,2008,109.2370799,-0.42314083,5.06,0.303,0.303,Suspect,Critical
AME II,D003A,D03,2009,111,16,265266,0.4135360030027536,Stres Sedang,0.377817604269904,Stres Berat,Pokok Utama,109.2373326726646,-0.42312583530427533,1608,109.23732827,-0.42313049,6.12,0.344,0.344,Suspect,Critical
AME II,D003A,D03,2009,111,17,265272,0.47804590947713055,Stres Sedang,0.40707322743729424,Stres Sedang,Pokok Utama,109.23742235280655,-0.42312824769503304,2273,109.2374136,-0.42315854,4.47,0.429,0.429,Healthy,Sub-Optimal
AME II,D003A,D03,2009,111,20,265325,0.4089709681201085,Stres Sedang,0.3905739972216344,Stres Berat,Pokok Utama,109.23775778722506,-0.42310344080117057,2705,109.23774014,-0.42309034,3.7,0.488,0.488,Abnormal,Good
AME II,D003A,D03,2009,111,21,265337,0.43890732740985905,Stres Sedang,0.40640285859803477,Stres Sedang,Pokok Utama,109.23783384169431,-0.42309707835837596,2134,109.23783041,-0.42311162,4.74,0.511,0.511,Healthy,Good
AME II,D003A,D03,2009,111,22,265342,0.45664154043003,Stres Sedang,0.3996425612143006,Stres Berat,Pokok Utama,109.23791575817538,-0.42309518268939156,1308,109.23794584,-0.42309356,7.08,0.374,0.374,Suspect,Critical
AME II,D003A,D03,2009,111,23,265351,0.3938411093963521,Stres Berat,0.37202161164129194,Stres Berat,Pokok Utama,109.23799165239403,-0.42310237838119685,1827,109.23800378,-0.42311075,5.51,0.41,0.41,Healthy,Sub-Optimal
AME II,D003A,D03,2009,111,24,265375,0.41980367709899474,Stres Sedang,0.4327540952010172,Stres Sedang,Pokok Utama,109.23815295066782,-0.4230976297096293,1581,109.23815244,-0.42311033,6.18,0.453,0.453,Healthy,Moderate
AME II,D003A,D03,2009,111,26,265364,0.39581649042331263,Stres Berat,0.3876857428695075,Stres Berat,Pokok Utama,109.23831140032493,-0.4230818741422442,1141,109.23828315,-0.42307871,7.69,0.455,0.455,Healthy,Moderate
AME II,D003A,D03,2009,112,2,265462,0.3759291657959733,Stres Berat,0.42232241757779965,Stres Sedang,Pokok Utama,109.23609221110833,-0.4230979558020247,2897,109.23608058,-0.42307956,3.37,0.443,0.443,Healthy,Moderate
AME II,D003A,D03,2009,112,3,265467,0.37460239968759235,Stres Berat,0.4306296927255911,Stres Sedang,Pokok Utama,109.23616446399656,-0.4230877637074538,3366,109.23616547,-0.42307642,1.88,0.413,0.413,Healthy,Sub-Optimal
AME II,D003A,D03,2009,112,4,265472,0.3861843867895233,Stres Berat,0.4354564703394793,Stres Sedang,Pokok Utama,109.23625319248835,-0.4230916119180715,2805,109.2362535,-0.42309633,3.53,0.394,0.394,Healthy,Sub-Optimal
AME II,D003A,D03,2009,112,5,265440,0.4313780001044079,Stres Sedang,0.39369281477577334,Stres Berat,Pokok Utama,109.23640118374416,-0.4230784077534626,2027,109.23642821,-0.42308462,5.02,0.436,0.436,Healthy,Moderate
AME II,D003A,D03,2009,112,7,265488,0.4035291326052455,Stres Sedang,0.41170189718661887,Stres Sedang,Pokok Utama,109.23663837644001,-0.4230751116095782,1558,109.23666086,-0.423091,6.23,0.392,0.392,Healthy,Sub-Optimal
AME II,D003A,D03,2009,112,8,265497,0.4146552872414492,Stres Sedang,0.4027317404639581,Stres Sedang,Pokok Utama,109.23672726643352,-0.42306795452553697,1776,109.2367462,-0.42307248,5.66,0.442,0.442,Healthy,Moderate
AME II,D003A,D03,2009,112,9,265503,0.3939925200724556,Stres Berat,0.38913218933220495,Stres Berat,Pokok Utama,109.23680585678721,-0.423061113396464,2034,109.23679965,-0.42305848,5.0,0.391,0.391,Healthy,Sub-Optimal
AME II,D003A,D03,2009,112,11,265243,0.4054737573790693,Stres Sedang,0.3796582733637735,Stres Berat,Pokok Utama,109.23697254174317,-0.42305700441729094,1477,109.23696404,-0.42303455,6.53,0.464,0.464,Healthy,Good
AME II,D003A,D03,2009,112,12,265251,0.38284487396446226,Stres Berat,0.35016439610699984,Stres Berat,Pokok Utama,109.2371327318215,-0.4230506603272994,1486,109.23712258,-0.42305991,6.48,0.398,0.398,Healthy,Sub-Optimal
AME II,D003A,D03,2009,112,13,265255,0.3950187379147653,Stres Berat,0.3758454646016916,Stres Berat,Pokok Utama,109.23720498118377,-0.4230562600031593,1363,109.23718726,-0.42307439,6.87,0.406,0.406,Healthy,Sub-Optimal
AME II,D003A,D03,2009,112,15,265279,0.39486401110911845,Stres Berat,0.35950607671913587,Stres Berat,Pokok Utama,109.23748321361604,-0.4230475501302359,2327,109.23751199,-0.42303468,4.37,0.461,0.461,Healthy,Good
AME II,D003A,D03,2009,112,17,265293,0.42641498483039747,Stres Sedang,0.40382429130194103,Stres Sedang,Pokok Utama,109.23762724135999,-0.42304423354451726,2958,109.23764313,-0.42306048,3.25,0.479,0.479,Healthy,Good
AME II,D003A,D03,2009,112,18,265326,0.4144970015553136,Stres Sedang,0.4113860954730566,Stres Sedang,Pokok Utama,109.23770963593216,-0.42302941824920615,2078,109.2377433,-0.4230189,4.89,0.449,0.449,Healthy,Moderate
AME II,D003A,D03,2009,112,19,265338,0.3799363951644172,Stres Berat,0.36329838803670417,Stres Berat,Pokok Utama,109.23780311599002,-0.42304283773759166,2812,109.23779135,-0.42305057,3.51,0.343,0.343,Healthy,Critical
AME II,D003A,D03,2009,112,20,265343,0.4283070751983315,Stres Sedang,0.38706794914125786,Stres Berat,Pokok Utama,109.23787948841219,-0.4230366354255397,2687,109.23787535,-0.42300582,3.74,0.5,0.5,Healthy,Good
AME II,D003A,D03,2009,112,23,265379,0.39539717316886797,Stres Berat,0.41027156463091163,Stres Sedang,Pokok Utama,109.23818972800872,-0.4230205953467849,1066,109.23815965,-0.42301267,7.93,0.457,0.457,Healthy,Moderate
AME II,D003A,D03,2009,112,24,265365,0.4048853102711461,Stres Sedang,0.40313558675239225,Stres Sedang,Pokok Utama,109.23827338909408,-0.42301008660787265,943,109.23826744,-0.42302083,8.46,0.495,0.495,Healthy,Good
AME II,D003A,D03,2009,113,1,265463,0.3687978886663428,Stres Berat,0.42978520073977955,Stres Sedang,Pokok Utama,109.2360427941443,-0.4230162763145754,3354,109.23604691,-0.42304158,1.97,0.525,0.525,Healthy,Good
AME II,D003A,D03,2009,113,2,265468,0.3553641007677943,Stres Berat,0.39913000118521175,Stres Berat,Pokok Utama,109.23613278896984,-0.4230290574816757,3416,109.2361291,-0.42303753,1.6,0.459,0.459,Healthy,Moderate
AME II,D003A,D03,2009,113,3,265473,0.39463133870534367,Stres Berat,0.4192473089526925,Stres Sedang,Pokok Utama,109.23619743389746,-0.42302907227815884,3566,109.23617716,-0.42303889,0.86,0.467,0.467,Abnormal,Good
AME II,D003A,D03,2009,113,4,265447,0.33955862989776253,Stres Berat,0.3545399348632771,Stres Berat,Pokok Utama,109.23628743273161,-0.4230201602072951,2948,109.23628361,-0.42300455,3.28,0.424,0.424,Healthy,Sub-Optimal
AME II,D003A,D03,2009,113,6,265482,0.3643076841267077,Stres Berat,0.32801011126927704,Stres Berat,Pokok Utama,109.23643954133208,-0.4230163671188064,2714,109.23640982,-0.42301136,3.69,0.401,0.401,Abnormal,Sub-Optimal
AME II,D003A,D03,2009,113,7,265492,0.36441414797795607,Stres Berat,0.36151121562570915,Stres Berat,Pokok Utama,109.23653334374325,-0.4230061799470392,1764,109.23651716,-0.42298697,5.69,0.428,0.428,Healthy,Sub-Optimal
AME II,D003A,D03,2009,113,9,265241,0.43305311067383345,Stres Sedang,0.38849742703872076,Stres Berat,Pokok Utama,109.2368418373032,-0.42300018901211944,2810,109.23682572,-0.42300332,3.52,0.399,0.399,Healthy,Sub-Optimal
AME II,D003A,D03,2009,113,11,265256,0.341066363504927,Stres Berat,0.31298447581331773,Stres Berat,Pokok Utama,109.23718915386303,-0.42298367908420015,1516,109.23720658,-0.42300522,6.38,0.43,0.43,Healthy,Moderate
AME II,D003A,D03,2009,113,15,265294,0.41121877003253654,Stres Sedang,0.38398693856355304,Stres Berat,Pokok Utama,109.23759604270663,-0.42297611633726706,2185,109.2375933,-0.42294291,4.64,0.355,0.355,Suspect,Critical
AME II,D003A,D03,2009,113,16,265327,0.3912791937378856,Stres Berat,0.38125871672004363,Stres Berat,Pokok Utama,109.23766766229672,-0.42296624328864096,1549,109.23767505,-0.42293705,6.26,0.401,0.401,Healthy,Sub-Optimal
AME II,D003A,D03,2009,113,17,265339,0.4099772584422127,Stres Sedang,0.40967972802528924,Stres Sedang,Pokok Utama,109.23774672560653,-0.42296945083338405,2674,109.2377743,-0.42298184,3.77,0.448,0.448,Healthy,Moderate
AME II,D003A,D03,2009,113,18,265344,0.3632069806381959,Stres Berat,0.35945737298926433,Stres Berat,Pokok Utama,109.2378313368612,-0.42296372787325953,3130,109.23784796,-0.42296874,2.88,0.36,0.36,Healthy,Critical
AME II,D003A,D03,2009,113,20,265357,0.381416584348394,Stres Berat,0.3648766742185787,Stres Berat,Pokok Utama,109.23800689844738,-0.4229484554947981,1223,109.23801234,-0.42298234,7.4,0.355,0.355,Suspect,Critical
AME II,D003A,D03,2009,113,22,265366,0.3710285075156706,Stres Berat,0.3642403014627906,Stres Berat,Pokok Utama,109.23822650462809,-0.4229427633875904,1361,109.23824815,-0.4229209,6.88,0.346,0.346,Suspect,Critical
AME II,D003A,D03,2009,114,2,265469,0.3775866353294485,Stres Berat,0.4390160194523957,Stres Sedang,Pokok Utama,109.23608399949903,-0.4229769659075482,3548,109.23607387,-0.42295839,0.94,0.577,0.577,Abnormal,Good
AME II,D003A,D03,2009,114,5,265442,0.3851407277212052,Stres Berat,0.3938398305947023,Stres Berat,Pokok Utama,109.23632167070117,-0.4229627450290034,2817,109.23632405,-0.42294081,3.51,0.392,0.392,Healthy,Sub-Optimal
AME II,D003A,D03,2009,114,6,265483,0.4358343902555998,Stres Sedang,0.3945570964109937,Stres Berat,Pokok Utama,109.2363977245345,-0.42295893453253575,2557,109.23637255,-0.42295032,3.97,0.402,0.402,Healthy,Sub-Optimal
AME II,D003A,D03,2009,114,10,265504,0.4030223205349803,Stres Sedang,0.3862318782798516,Stres Berat,Pokok Utama,109.23672476129482,-0.4229360392433114,3218,109.23672198,-0.42295447,2.63,0.462,0.462,Abnormal,Good
AME II,D003A,D03,2009,114,14,265258,0.41929421854920446,Stres Sedang,0.38997087582188894,Stres Berat,Pokok Utama,109.23710360576791,-0.4229255980420806,1351,109.23708803,-0.42290481,6.91,0.542,0.542,Healthy,Good
AME II,D003A,D03,2009,114,15,265281,0.4079377275646997,Stres Sedang,0.37768400777427685,Stres Berat,Pokok Utama,109.23740053743691,-0.422905169989147,1997,109.23740287,-0.42292116,5.09,0.361,0.361,Suspect,Critical
AME II,D003A,D03,2009,114,16,265307,0.39686215691408255,Stres Berat,0.3750271578850437,Stres Berat,Pokok Utama,109.23748071036911,-0.4229071823026683,2203,109.23749495,-0.42290852,4.6,0.389,0.389,Healthy,Critical
AME II,D003A,D03,2009,114,20,265353,0.42093237720798576,Stres Sedang,0.40178049386388653,Stres Sedang,Pokok Utama,109.23787698674123,-0.422885260426413,1882,109.23789064,-0.42289686,5.39,0.358,0.358,Suspect,Critical
AME II,D003A,D03,2009,114,21,265358,0.4028374858620444,Stres Sedang,0.38409925215527646,Stres Berat,Pokok Utama,109.23796444986803,-0.42288017564413016,1998,109.23795712,-0.42288919,5.09,0.408,0.408,Healthy,Sub-Optimal
AME II,D003A,D03,2009,114,22,265377,0.38201060482911553,Stres Berat,0.37565829721705307,Stres Berat,Pokok Utama,109.23804145514455,-0.4228758860629698,1731,109.23803437,-0.4228892,5.78,0.365,0.365,Suspect,Critical
AME II,D003A,D03,2009,114,24,265367,0.40546591898848383,Stres Sedang,0.40558540911439733,Stres Sedang,Pokok Utama,109.23819546800752,-0.42286108802425776,1163,109.2382239,-0.42287523,7.62,0.413,0.413,Healthy,Sub-Optimal
AME II,D003A,D03,2009,114,25,265369,0.39343485950224094,Stres Berat,0.3771561936281253,Stres Berat,Pokok Utama,109.23827167950736,-0.42286349731533557,1604,109.23827242,-0.42283364,6.13,0.476,0.476,Healthy,Good
AME II,D003A,D03,2009,115,3,265449,0.3609550887471086,Stres Berat,0.4179254776905649,Stres Sedang,Pokok Utama,109.2361981743904,-0.4229083240649394,3267,109.23619112,-0.42288471,2.41,0.446,0.446,Healthy,Moderate
AME II,D003A,D03,2009,115,4,265443,0.36760408804731437,Stres Berat,0.3960499494766838,Stres Berat,Pokok Utama,109.23627510108689,-0.42290164261678,3283,109.23626163,-0.42289965,2.31,0.46,0.46,Healthy,Good
AME II,D003A,D03,2009,115,5,265484,0.38471046866557096,Stres Berat,0.3721118347558121,Stres Berat,Pokok Utama,109.23636557247913,-0.4229043744063685,2343,109.23638738,-0.42291189,4.34,0.404,0.404,Healthy,Sub-Optimal
AME II,D003A,D03,2009,115,6,265494,0.413486042639819,Stres Sedang,0.37096583736634375,Stres Berat,Pokok Utama,109.23643798480069,-0.4228922688388998,3079,109.2364588,-0.42290603,3.0,0.434,0.434,Abnormal,Moderate
AME II,D003A,D03,2009,115,8,265500,0.3733140841462802,Stres Berat,0.37604550000746784,Stres Berat,Pokok Utama,109.23660514551679,-0.4228854488719873,2612,109.23660881,-0.4229038,3.87,0.434,0.434,Abnormal,Moderate
AME II,D003A,D03,2009,115,9,265505,0.42253683366452693,Stres Sedang,0.42056282025144653,Stres Sedang,Pokok Utama,109.23668674657827,-0.42287988348798444,1329,109.23670133,-0.42288709,6.99,0.465,0.465,Healthy,Good
AME II,D003A,D03,2009,115,11,265246,0.3693750949945172,Stres Berat,0.3454830087866911,Stres Berat,Pokok Utama,109.23684773055997,-0.4228622150261128,3384,109.2368738,-0.42288577,1.8,0.35,0.35,Healthy,Critical
AME II,D003A,D03,2009,115,12,265249,0.4170663237393405,Stres Sedang,0.39053537416951706,Stres Berat,Pokok Utama,109.2369267936878,-0.422870048970789,3246,109.23693174,-0.4228894,2.51,0.466,0.466,Abnormal,Good
AME II,D003A,D03,2009,115,16,265282,0.379764825921837,Stres Berat,0.36420579188320196,Stres Berat,Pokok Utama,109.23735016355128,-0.4228522813400935,1959,109.23732788,-0.42286417,5.18,0.393,0.393,Healthy,Sub-Optimal
AME II,D003A,D03,2009,115,17,265329,0.4215049292283656,Stres Sedang,0.41711547651781206,Stres Sedang,Pokok Utama,109.23760320553288,-0.42283271859277755,2101,109.2376288,-0.42285746,4.82,0.435,0.435,Healthy,Moderate
AME II,D003A,D03,2009,116,1,265454,0.37557282279761606,Stres Berat,0.4243543973880698,Stres Sedang,Pokok Utama,109.23600448868588,-0.422847506310385,1273,109.23598946,-0.42287291,7.2,0.483,0.483,Healthy,Good
AME II,D003A,D03,2009,116,4,265444,0.3876799207267844,Stres Berat,0.42282840141011113,Stres Sedang,Pokok Utama,109.23623645421772,-0.42284054111559527,3268,109.23627107,-0.42283997,2.4,0.472,0.472,Healthy,Good
AME II,D003A,D03,2009,116,6,265491,0.4483240735579378,Stres Sedang,0.4215144937766784,Stres Sedang,Pokok Utama,109.23647919777507,-0.422815234661836,1142,109.23649295,-0.42282058,7.69,0.468,0.468,Healthy,Good
AME II,D003A,D03,2009,116,7,265507,0.3704479855179041,Stres Berat,0.36698081173530434,Stres Berat,Pokok Utama,109.23672716724413,-0.42280301008309723,2546,109.2367256,-0.42281113,4.0,0.414,0.414,Abnormal,Sub-Optimal
AME II,D003A,D03,2009,116,8,265247,0.41912216434408733,Stres Sedang,0.40305297418784064,Stres Sedang,Pokok Utama,109.23681130189766,-0.4228033485414515,2018,109.23681498,-0.42281342,5.04,0.403,0.403,Healthy,Sub-Optimal
AME II,D003A,D03,2009,116,10,265321,0.43758351692981,Stres Sedang,0.4091035998143565,Stres Sedang,Pokok Utama,109.23697117565834,-0.4227934947737174,1331,109.23699239,-0.42280758,6.98,0.471,0.471,Healthy,Good
AME II,D003A,D03,2009,116,13,265309,0.3467511830768865,Stres Berat,0.33106814513750066,Stres Berat,Pokok Utama,109.23737806890375,-0.42277014020829545,1671,109.23736608,-0.42275793,5.93,0.495,0.495,Healthy,Good
AME II,D003A,D03,2009,116,14,265296,0.3616854529260941,Stres Berat,0.3252463824409928,Stres Berat,Pokok Utama,109.23748327695355,-0.42276681472997674,1792,109.23749768,-0.42273535,5.6,0.381,0.381,Healthy,Critical
AME II,D003A,D03,2009,116,15,265330,0.39709849189713703,Stres Berat,0.37420374704317666,Stres Berat,Pokok Utama,109.23755632140801,-0.4227639602731759,1822,109.23756729,-0.42276928,5.52,0.358,0.358,Suspect,Critical
AME II,D003A,D03,2009,116,16,265333,0.4071393264232039,Stres Sedang,0.4065069262950665,Stres Sedang,Pokok Utama,109.23763744804388,-0.42275121823699774,1122,109.2376167,-0.42276612,7.75,0.404,0.404,Healthy,Sub-Optimal
AME II,D003A,D03,2009,116,17,265347,0.37078183069097104,Stres Berat,0.3792804072649944,Stres Berat,Pokok Utama,109.23772997754673,-0.4227614480279159,1872,109.23772809,-0.42273043,5.4,0.34,0.34,Suspect,Critical
AME II,D003A,D03,2009,116,18,265354,0.41956459557368003,Stres Sedang,0.4057503092904337,Stres Sedang,Pokok Utama,109.23779906487911,-0.42273977056036066,3025,109.23777435,-0.4227318,3.12,0.44,0.44,Abnormal,Moderate
AME II,D003A,D03,2009,116,19,265359,0.4491286120084606,Stres Sedang,0.4188629830066313,Stres Sedang,Pokok Utama,109.23788208798604,-0.42274999817731185,2985,109.23789562,-0.42271871,3.21,0.491,0.491,Abnormal,Good
AME II,D003A,D03,2009,116,21,265383,0.41156187079859013,Stres Sedang,0.4349601714105772,Stres Sedang,Pokok Utama,109.23810866807487,-0.42273346056168937,1388,109.23809368,-0.422759,6.81,0.369,0.369,Suspect,Critical
AME II,D003A,D03,2009,117,1,265453,0.39120910830021943,Stres Berat,0.42242250256845193,Stres Sedang,Pokok Utama,109.23603278770445,-0.4227723049260082,2997,109.23600385,-0.42278701,3.19,0.436,0.436,Healthy,Moderate
AME II,D003A,D03,2009,117,5,265548,0.41713043398108096,Stres Sedang,0.39717853337875464,Stres Berat,Pokok Utama,109.23635990072086,-0.42276145400565185,3315,109.23638337,-0.42276584,2.17,0.476,0.476,Abnormal,Good
AME II,D003A,D03,2009,117,10,265313,0.4039740164912609,Stres Sedang,0.38640355423432726,Stres Berat,Pokok Utama,109.23725481249674,-0.4227071067455615,2150,109.23724841,-0.42273213,4.71,0.495,0.495,Healthy,Good
AME II,D003A,D03,2009,117,11,265310,0.4210813055711314,Stres Sedang,0.40931993129914823,Stres Sedang,Pokok Utama,109.23734639495468,-0.4227025012798205,1799,109.23731579,-0.42269326,5.58,0.441,0.441,Healthy,Moderate
AME II,D003A,D03,2009,117,14,265360,0.40013669548637193,Stres Sedang,0.39146223574787287,Stres Berat,Pokok Utama,109.23783964159736,-0.42267597602943413,2267,109.23783904,-0.42269473,4.48,0.446,0.446,Healthy,Moderate
AME II,D003A,D03,2009,117,15,265386,0.41382326207943815,Stres Sedang,0.3843574693847376,Stres Berat,Pokok Utama,109.2379163290932,-0.4226747175830375,2746,109.23794458,-0.42268843,3.63,0.32,0.32,Healthy,Critical
AME II,D003A,D03,2009,118,1,265528,0.3691501691917206,Stres Berat,0.4242959631284556,Stres Sedang,Pokok Utama,109.23600357223337,-0.422697249540815,2891,109.23602992,-0.42268392,3.38,0.451,0.451,Healthy,Moderate
AME II,D003A,D03,2009,118,2,265542,0.4003805511100841,Stres Sedang,0.4506052635753384,Stres Sedang,Pokok Utama,109.23608342759923,-0.42270109660903565,3619,109.23605641,-0.42271287,0.53,0.536,0.536,Abnormal,Good
AME II,D003A,D03,2009,118,6,265522,0.42943420164333773,Stres Sedang,0.39879578608906496,Stres Berat,Pokok Utama,109.23640253906173,-0.42268920661239145,3260,109.23638339,-0.42267722,2.44,0.442,0.442,Healthy,Moderate
AME II,D003A,D03,2009,118,12,265314,0.3735302272617169,Stres Berat,0.3813452369026578,Stres Berat,Pokok Utama,109.23723169504669,-0.4226373953137338,1609,109.23722328,-0.42264124,6.11,0.376,0.376,Suspect,Critical
AME II,D003A,D03,2009,118,13,265311,0.4237886956366508,Stres Sedang,0.41485395438324374,Stres Sedang,Pokok Utama,109.23731282080355,-0.4226284811790393,1197,109.2373185,-0.42264624,7.5,0.446,0.446,Healthy,Moderate
AME II,D003A,D03,2009,118,14,265297,0.40031167808904955,Stres Sedang,0.36940183520710745,Stres Berat,Pokok Utama,109.23739014245642,-0.42262722288117416,1398,109.23737196,-0.42259877,6.77,0.414,0.414,Healthy,Sub-Optimal
AME II,D003A,D03,2009,118,15,265332,0.3892139543914121,Stres Berat,0.3841896026332875,Stres Berat,Pokok Utama,109.23748267464215,-0.42262947764635994,1215,109.23748604,-0.42260242,7.43,0.417,0.417,Healthy,Sub-Optimal
AME II,D003A,D03,2009,118,16,265334,0.36970322941748457,Stres Berat,0.3737325278164532,Stres Berat,Pokok Utama,109.23755508556388,-0.4226197639235965,1226,109.23758843,-0.42262324,7.38,0.339,0.339,Suspect,Critical
AME II,D003A,D03,2009,118,18,265361,0.3743734065000538,Stres Berat,0.37250341069590936,Stres Berat,Pokok Utama,109.23779972685732,-0.4226124823255266,1382,109.2377883,-0.42262328,6.82,0.371,0.371,Suspect,Critical
AME II,D003A,D03,2009,118,19,265387,0.365646591772039,Stres Berat,0.3455574821420204,Stres Berat,Pokok Utama,109.23787324787422,-0.42260356644380276,2495,109.23790104,-0.42261246,4.07,0.371,0.371,Suspect,Critical
AME II,D003A,D03,2009,118,20,265389,0.36605179119220427,Stres Berat,0.330493191361034,Stres Berat,Pokok Utama,109.23796134352281,-0.4226018331294187,3069,109.23795808,-0.42261564,3.04,0.41,0.41,Healthy,Sub-Optimal
AME II,D003A,D03,2009,118,23,265398,0.3743386943434116,Stres Berat,0.37182273921290876,Stres Berat,Pokok Utama,109.23819236075256,-0.4225867316306479,2331,109.23821409,-0.42256551,4.36,0.565,0.565,Healthy,Good
AME II,D003A,D03,2009,119,1,265529,0.35234906157263285,Stres Berat,0.41968460262341295,Stres Sedang,Pokok Utama,109.2360580936043,-0.42262580247141146,3290,109.23605689,-0.42260254,2.28,0.498,0.498,Healthy,Good
AME II,D003A,D03,2009,119,2,265537,0.3462028896794023,Stres Berat,0.41226385409894273,Stres Sedang,Pokok Utama,109.23612654381809,-0.4226168854556999,3552,109.23613413,-0.42262426,0.93,0.465,0.465,Abnormal,Good
AME II,D003A,D03,2009,119,3,265545,0.3896990283972078,Stres Berat,0.4355164504724424,Stres Sedang,Pokok Utama,109.23621321521466,-0.42260900983649524,3554,109.23618669,-0.42258991,0.92,0.435,0.435,Abnormal,Moderate
AME II,D003A,D03,2009,119,5,265523,0.34939717946490995,Stres Berat,0.3355053892340684,Stres Berat,Pokok Utama,109.2363585132437,-0.4225926933241119,3010,109.2363632,-0.42257819,3.16,0.454,0.454,Healthy,Moderate
AME II,D003A,D03,2009,119,7,265510,0.3745011172131276,Stres Berat,0.36588495808678706,Stres Berat,Pokok Utama,109.23651569081616,-0.4225927292576049,2406,109.2365451,-0.42257643,4.22,0.346,0.346,Suspect,Critical
AME II,D003A,D03,2009,119,8,265560,0.3624582412129357,Stres Berat,0.39023404166285713,Stres Berat,Pokok Utama,109.23660850279857,-0.4225968433344039,1769,109.23663268,-0.42261126,5.68,0.408,0.408,Healthy,Sub-Optimal
AME II,D003A,D03,2009,119,9,265427,0.33348870762200056,Stres Berat,0.35000005597583683,Stres Berat,Pokok Utama,109.23668934890308,-0.422585112250254,1630,109.23669557,-0.42255159,6.05,0.43,0.43,Healthy,Moderate
AME II,D003A,D03,2009,119,13,265298,0.4432518117498483,Stres Sedang,0.4212961745212088,Stres Sedang,Pokok Utama,109.23734452784267,-0.42254937212758115,1033,109.23731268,-0.4225454,8.07,0.427,0.427,Healthy,Sub-Optimal
AME II,D003A,D03,2009,119,16,265406,0.34271147681472425,Stres Berat,0.3653252780696776,Stres Berat,Pokok Utama,109.23768439428166,-0.42254450505846486,1403,109.23770073,-0.42256855,6.75,0.319,0.319,Suspect,Critical
AME II,D003A,D03,2009,119,18,265391,0.3428992025270734,Stres Berat,0.3597379541352279,Stres Berat,Pokok Utama,109.23783935647144,-0.42253018468947395,1813,109.23782245,-0.42255909,5.55,0.38,0.38,Healthy,Critical
AME II,D003A,D03,2009,119,19,265390,0.3484334031131072,Stres Berat,0.3101123077090548,Stres Berat,Pokok Utama,109.2379139839417,-0.4225341906023834,2391,109.23793069,-0.42254193,4.26,0.31,0.31,Suspect,Critical
AME II,D003A,D03,2009,119,21,265397,0.3996826391494942,Stres Berat,0.38989011963053205,Stres Berat,Pokok Utama,109.23807924375161,-0.4225286451949307,1568,109.23806634,-0.42252207,6.21,0.389,0.389,Healthy,Critical
AME II,D003A,D03,2009,119,22,265399,0.3953855576174044,Stres Berat,0.4104892278271636,Stres Sedang,Pokok Utama,109.23816559909888,-0.4225205298295418,1657,109.2381867,-0.42253114,5.97,0.452,0.452,Healthy,Moderate
AME II,D003A,D03,2009,119,24,265401,0.3657868738418954,Stres Berat,0.3578318992110256,Stres Berat,Pokok Utama,109.23831406499292,-0.422506367118732,873,109.23830303,-0.42252348,8.77,0.439,0.439,Healthy,Moderate
AME II,D003A,D03,2009,120,1,265530,0.39109985471321884,Stres Berat,0.43210845949626203,Stres Sedang,Pokok Utama,109.23600740772522,-0.42255050253908644,3595,109.23600165,-0.42256364,0.65,0.573,0.573,Abnormal,Good
AME II,D003A,D03,2009,120,2,265538,0.31938507739423116,Stres Berat,0.3669575213348762,Stres Berat,Pokok Utama,109.23608853375099,-0.42254414035211996,3352,109.23606992,-0.42256275,1.99,0.544,0.544,Healthy,Good
AME II,D003A,D03,2009,120,3,265546,0.37681202776072953,Stres Berat,0.432000198141815,Stres Sedang,Pokok Utama,109.23617219322495,-0.4225403315800381,3586,109.23615212,-0.4225465,0.69,0.487,0.487,Abnormal,Good
AME II,D003A,D03,2009,120,6,265517,0.4180294310923202,Stres Sedang,0.39861890503747166,Stres Berat,Pokok Utama,109.23640764696982,-0.422524434468123,3027,109.23640229,-0.42254429,3.12,0.409,0.409,Healthy,Sub-Optimal
AME II,D003A,D03,2009,120,7,265511,0.39119068135925944,Stres Berat,0.3844629631507286,Stres Berat,Pokok Utama,109.23648275230192,-0.4225123295006422,3121,109.23645394,-0.4225122,2.91,0.454,0.454,Healthy,Moderate
AME II,D003A,D03,2009,120,8,265561,0.39211830424574395,Stres Berat,0.3980786007954381,Stres Berat,Pokok Utama,109.2365563221062,-0.422513886338109,2457,109.23656982,-0.42252263,4.14,0.426,0.426,Healthy,Sub-Optimal
AME II,D003A,D03,2009,120,10,265434,0.37974599463968783,Stres Berat,0.40719456487108513,Stres Sedang,Pokok Utama,109.23672866155799,-0.42250217706505894,2858,109.23675397,-0.42248152,3.44,0.421,0.421,Abnormal,Sub-Optimal
AME II,D003A,D03,2009,120,11,265423,0.40452663599634064,Stres Sedang,0.4238920350499133,Stres Sedang,Pokok Utama,109.2368161240503,-0.42249964511871385,2148,109.23682718,-0.42248109,4.71,0.465,0.465,Healthy,Good
AME II,D003A,D03,2009,120,12,265420,0.42771012032924055,Stres Sedang,0.408457503317356,Stres Sedang,Pokok Utama,109.23687300722209,-0.4224908846015591,3111,109.23689096,-0.42248879,2.92,0.569,0.569,Abnormal,Good
AME II,D003A,D03,2009,120,13,265415,0.3972000780558949,Stres Berat,0.3716288070552022,Stres Berat,Pokok Utama,109.23699865409515,-0.42249330608872654,1309,109.23700368,-0.42252137,7.08,0.373,0.373,Suspect,Critical
AME II,D003A,D03,2009,120,14,265414,0.4195308601529232,Stres Sedang,0.4050505934822427,Stres Sedang,Pokok Utama,109.2370886549724,-0.42247546130546426,882,109.2370805,-0.42247753,8.74,0.472,0.472,Healthy,Good
AME II,D003A,D03,2009,120,15,265412,0.4176835067918822,Stres Sedang,0.39718681609666384,Stres Berat,Pokok Utama,109.23716882535267,-0.42248473151330845,815,109.23716178,-0.42251553,9.09,0.394,0.394,Healthy,Sub-Optimal
AME II,D003A,D03,2009,120,16,265410,0.4168622740487328,Stres Sedang,0.39905984059056815,Stres Berat,Pokok Utama,109.23724107586214,-0.4224932023192301,880,109.23726553,-0.42251013,8.75,0.409,0.409,Healthy,Sub-Optimal
AME II,D003A,D03,2009,120,17,265407,0.44950434811060813,Stres Sedang,0.44367188431967336,Stres Sedang,Pokok Utama,109.23732600633426,-0.4224779092112239,1000,109.23734414,-0.42247397,8.2,0.469,0.469,Healthy,Good
AME II,D003A,D03,2009,120,19,265405,0.4045148374399889,Stres Sedang,0.40091316484867184,Stres Sedang,Pokok Utama,109.23755226717132,-0.42247062250007544,907,109.23753187,-0.42249301,8.62,0.406,0.406,Healthy,Sub-Optimal
AME II,D003A,D03,2009,121,3,265547,0.3918370998064807,Stres Berat,0.4211403631744654,Stres Sedang,Pokok Utama,109.23612404114107,-0.4224739648942262,3553,109.23612519,-0.42244973,0.92,0.389,0.389,Abnormal,Critical
AME II,D003A,D03,2009,121,4,265552,0.3858091115496913,Stres Berat,0.44072693446735006,Stres Sedang,Pokok Utama,109.23619629373356,-0.42246504874113006,3406,109.23621321,-0.42248457,1.64,0.47,0.47,Healthy,Good
AME II,D003A,D03,2009,121,5,265525,0.3723304990876158,Stres Berat,0.3985083454722041,Stres Berat,Pokok Utama,109.23628248615071,-0.42247400111210553,2717,109.23627609,-0.42249227,3.68,0.489,0.489,Healthy,Good
AME II,D003A,D03,2009,121,6,265518,0.42928914655747863,Stres Sedang,0.39023396911725655,Stres Berat,Pokok Utama,109.2363636112888,-0.4224676398220146,3045,109.23637355,-0.42249229,3.09,0.403,0.403,Healthy,Sub-Optimal
AME II,D003A,D03,2009,121,7,265512,0.3965668576349701,Stres Berat,0.3797196896763535,Stres Berat,Pokok Utama,109.23643934961038,-0.422460798020669,2941,109.23642791,-0.42245161,3.3,0.407,0.407,Healthy,Sub-Optimal
AME II,D003A,D03,2009,121,8,265562,0.3802863993753646,Stres Berat,0.37102274804458446,Stres Berat,Pokok Utama,109.23651454883536,-0.42245456468837855,1918,109.23654872,-0.42245887,5.28,0.451,0.451,Healthy,Moderate
AME II,D003A,D03,2009,121,9,265429,0.3566453165895357,Stres Berat,0.38313592244761147,Stres Berat,Pokok Utama,109.23660564023338,-0.4224524622097755,2656,109.23660621,-0.42247154,3.79,0.396,0.396,Abnormal,Sub-Optimal
AME II,D003A,D03,2009,121,11,265424,0.3911770242342363,Stres Berat,0.38689100234457724,Stres Berat,Pokok Utama,109.2367413482761,-0.4224524127378442,2858,109.23675397,-0.42248152,3.44,0.421,0.421,Abnormal,Sub-Optimal
AME II,D003A,D03,2009,121,16,265411,0.41915363956740315,Stres Sedang,0.3991824005382499,Stres Berat,Pokok Utama,109.23720385555232,-0.4224274756314842,1241,109.23718021,-0.4224459,7.32,0.413,0.413,Healthy,Sub-Optimal
AME II,D003A,D03,2009,121,17,265408,0.35854782647027345,Stres Berat,0.35610509573483096,Stres Berat,Pokok Utama,109.23728419190529,-0.42240978869428486,1319,109.23726061,-0.42243281,7.03,0.423,0.423,Healthy,Sub-Optimal
AME II,D003A,D03,2009,122,4,265526,0.3900318425016767,Stres Berat,0.40569113054838435,Stres Sedang,Pokok Utama,109.23624320800388,-0.4223999806541075,3276,109.23624153,-0.42239324,2.37,0.486,0.486,Healthy,Good
AME II,D003A,D03,2009,122,6,265513,0.42943377526627124,Stres Sedang,0.38410475776740216,Stres Berat,Pokok Utama,109.2364092586781,-0.42240001860122056,2862,109.23641085,-0.42241769,3.43,0.409,0.409,Healthy,Sub-Optimal
AME II,D003A,D03,2009,122,7,265563,0.4410960855161874,Stres Sedang,0.41034940365447004,Stres Sedang,Pokok Utama,109.23648226494555,-0.42239501461309403,2558,109.23650202,-0.42241455,3.96,0.589,0.589,Abnormal,Good
AME II,D003A,D03,2009,122,8,265431,0.41778538867729864,Stres Sedang,0.4186995272147258,Stres Sedang,Pokok Utama,109.23655756658648,-0.42238872704299923,944,109.2365465,-0.42236482,8.46,0.47,0.47,Healthy,Good
AME II,D003A,D03,2009,122,9,265436,0.4018993842501328,Stres Sedang,0.39484527143828857,Stres Berat,Pokok Utama,109.23665358549214,-0.42238444180289286,1083,109.23667809,-0.42237525,7.88,0.281,0.281,Suspect,Critical
AME II,D003A,D03,2009,122,11,265422,0.3796809131210188,Stres Berat,0.36466781980562885,Stres Berat,Pokok Utama,109.23679666163805,-0.42238224177521555,1473,109.23682945,-0.42239382,6.54,0.343,0.343,Suspect,Critical
AME II,D003A,D03,2009,122,12,265419,0.4448556061778314,Stres Sedang,0.41348566298590894,Stres Sedang,Pokok Utama,109.23689727711586,-0.42236950418750974,1166,109.23688559,-0.42237711,7.61,0.389,0.389,Healthy,Critical
AME II,D003A,D03,2009,122,13,265417,0.4127797183621189,Stres Sedang,0.4160506889219579,Stres Sedang,Pokok Utama,109.23696572534296,-0.4223695198232984,1539,109.2369871,-0.42238482,6.3,0.386,0.386,Healthy,Critical
AME II,D003A,D03,2009,123,1,265533,0.42451139604338367,Stres Sedang,0.41801824401678245,Stres Sedang,Pokok Utama,109.23596435199869,-0.422370566983005,940,109.23593612,-0.42238774,8.47,0.527,0.527,Healthy,Good
AME II,D003A,D03,2009,123,5,265520,0.39683801150930303,Stres Berat,0.3908286802817379,Stres Berat,Pokok Utama,109.23627189945563,-0.4223411272666515,1481,109.23629364,-0.42234577,6.5,0.407,0.407,Healthy,Sub-Optimal
AME II,D003A,D03,2009,123,6,265514,0.427594572176104,Stres Sedang,0.38233037859067387,Stres Berat,Pokok Utama,109.23635967980496,-0.4223350867092331,1301,109.23639155,-0.42234444,7.11,0.393,0.393,Healthy,Sub-Optimal
AME II,D003A,D03,2009,123,7,265564,0.4240422984261228,Stres Sedang,0.3791243744769708,Stres Berat,Pokok Utama,109.23644144733656,-0.4223361236329253,1679,109.23645578,-0.4223336,5.9,0.377,0.377,Suspect,Critical
AME II,D003A,D03,2009,124,1,265534,0.407873076886675,Stres Sedang,0.4116941577633389,Stres Sedang,Pokok Utama,109.23596468827847,-0.4222814809223063,3591,109.23597926,-0.42227471,0.67,0.459,0.459,Abnormal,Moderate
