Tree_ID,Longitude,Latitude,Height_m,NDRE_Value,Classification,Health_Status,Action,Block_Name
1,109.23596366817574,-0.431115592749286,0.0,0.41453873624771537,Normal,Normal,Routine,D003A
2,109.2359961574197,-0.4311092241145645,0.0,0.48401954433465577,Normal,Normal,Routine,D003A
3,109.23606416995898,-0.4311173497364507,0.0,0.493367315377467,Normal,Normal,Routine,D003A
4,109.23612031787549,-0.4310836623115499,0.0,0.4573162689849779,Normal,Normal,Routine,D003A
5,109.23615263143243,-0.4311147072104894,0.0,0.49708816370604414,Normal,Normal,Routine,D003A
6,109.2362326810289,-0.4310828719373433,0.0,0.4527108472029511,Normal,Normal,Routine,D003A
7,109.23625073643855,-0.431117329955036,0.0,0.4672255937565261,Normal,Normal,Routine,D003A
8,109.2362846995789,-0.4310765792943901,0.0,0.45660545989477,Normal,Normal,Routine,D003A
9,109.23631893353915,-0.43114320611234885,0.0,0.4610776125113122,Normal,Normal,Routine,D003A
10,109.23635482684081,-0.4311190488908811,0.0,0.4622059297124509,Normal,Normal,Routine,D003A
11,109.23639207655052,-0.43109871717132064,0.0,0.448904600707299,Normal,Normal,Routine,D003A
12,109.23642350980838,-0.4311336593993117,0.0,0.44890813110647976,Normal,Normal,Routine,D003A
13,109.2364643927515,-0.4311145285317431,0.0,0.48307106380492726,Normal,Normal,Routine,D003A
14,109.23651763237025,-0.431106884244297,0.0,0.4618138762682757,Normal,Normal,Routine,D003A
15,109.2365537585964,-0.43110497826718036,0.0,0.43141451664101216,Normal,Normal,Routine,D003A
16,109.23661459924075,-0.43111360590869524,0.0,0.41418105069490857,Normal,Normal,Routine,D003A
17,109.23668305414085,-0.43108491036012075,0.0,0.4318474135836776,Normal,Normal,Routine,D003A
18,109.23672297746882,-0.4311059753814969,0.0,0.4091068987945149,Normal,Normal,Routine,D003A
19,109.2367942740359,-0.4311222612614194,0.0,0.37898584411897984,Abnormal,Abnormal,Monitor,D003A
20,109.23693938924423,-0.43109749196583463,0.0,0.4386351704239595,Normal,Normal,Routine,D003A
21,109.23696948548165,-0.43113809390216784,0.0,0.44079104500847893,Normal,Normal,Routine,D003A
22,109.23705774205919,-0.4311243166743517,0.0,0.4584551092651155,Normal,Normal,Routine,D003A
23,109.23707858824166,-0.4310814143182466,0.0,0.44384795792467957,Normal,Normal,Routine,D003A
24,109.23711914614542,-0.431096895438586,0.0,0.4388406904002365,Normal,Normal,Routine,D003A
25,109.23718394853617,-0.431104009299257,0.0,0.44638183546595783,Normal,Normal,Routine,D003A
26,109.23721064423827,-0.43111589892695884,0.0,0.42451447705785794,Normal,Normal,Routine,D003A
27,109.2372966051558,-0.4310968581329398,0.0,0.4479547656309358,Normal,Normal,Routine,D003A
28,109.23732789462177,-0.4311126563116123,0.0,0.4399667806377789,Normal,Normal,Routine,D003A
29,109.23737764427382,-0.43112152100486156,0.0,0.4008127568164267,Normal,Normal,Routine,D003A
30,109.23741774084765,-0.43107678830267754,0.0,0.44097809941337046,Normal,Normal,Routine,D003A
31,109.23754845323968,-0.4311026582362905,0.0,0.3977040089253295,Abnormal,Abnormal,Monitor,D003A
32,109.23762378443499,-0.4311443079595691,0.0,0.41141341989999775,Normal,Normal,Routine,D003A
33,109.23769982455954,-0.43109529724498474,0.0,0.4528599873104514,Normal,Normal,Routine,D003A
34,109.23780596407923,-0.43110840087299107,0.0,0.4500513663165958,Normal,Normal,Routine,D003A
35,109.23783530766089,-0.4311486644413968,0.0,0.43945586665280756,Normal,Normal,Routine,D003A
36,109.23791255972215,-0.4311184914790449,0.0,0.43818464929748596,Normal,Normal,Routine,D003A
37,109.23803075092097,-0.43111403097851153,0.0,0.40280112979107335,Normal,Normal,Routine,D003A
38,109.2381675455206,-0.4310697439981471,0.0,0.39545523312512143,Abnormal,Abnormal,Monitor,D003A
39,109.23811050937044,-0.43112595829363415,0.0,0.42460557117234343,Normal,Normal,Routine,D003A
40,109.2380804371903,-0.4310782865230287,0.0,0.43768504858911933,Normal,Normal,Routine,D003A
41,109.23598477778194,-0.43101311705670264,0.0,0.41808010977093535,Normal,Normal,Routine,D003A
42,109.23607843549527,-0.4310232914683379,0.0,0.4124753197213193,Normal,Normal,Routine,D003A
43,109.23616786409205,-0.43101811169927234,0.0,0.4642110277534033,Normal,Normal,Routine,D003A
44,109.23624742915625,-0.4310268883937911,0.0,0.4494478955690231,Normal,Normal,Routine,D003A
45,109.23634436681121,-0.4310277827441224,0.0,0.4720820185119429,Normal,Normal,Routine,D003A
46,109.236354139215,-0.43100779096247616,0.0,0.48416330599199947,Normal,Normal,Routine,D003A
47,109.23643256039287,-0.4310456125835116,0.0,0.4161524861656989,Normal,Normal,Routine,D003A
48,109.23656993851952,-0.4310257861996133,0.0,0.3957982567860354,Abnormal,Abnormal,Monitor,D003A
49,109.23674485332533,-0.4310619555596101,0.0,0.4301445379902427,Normal,Normal,Routine,D003A
50,109.236810453519,-0.4310449835854611,0.0,0.4375650096835947,Normal,Normal,Routine,D003A
51,109.23683706523288,-0.4310744184138521,0.0,0.4067611712253076,Normal,Normal,Routine,D003A
52,109.23692870908,-0.43103376618767764,0.0,0.40661801182496793,Normal,Normal,Routine,D003A
53,109.23705753250636,-0.4310043666856851,0.0,0.43104417586748894,Normal,Normal,Routine,D003A
54,109.23711789675279,-0.43101833771871056,0.0,0.4214076629279252,Normal,Normal,Routine,D003A
55,109.23715591573568,-0.4310512052187689,0.0,0.42107383667222364,Normal,Normal,Routine,D003A
56,109.23722651029955,-0.4310187618303455,0.0,0.4475462421654153,Normal,Normal,Routine,D003A
57,109.23729678395965,-0.43101072270529306,0.0,0.46365673158158754,Normal,Normal,Routine,D003A
58,109.2373826600357,-0.4310168838197077,0.0,0.4546309929192156,Normal,Normal,Routine,D003A
59,109.2374550650782,-0.4310371588212831,0.0,0.4151422954997381,Normal,Normal,Routine,D003A
60,109.23753888135083,-0.4310436386735315,0.0,0.43720601697494077,Normal,Normal,Routine,D003A
61,109.23762627238693,-0.43100481754285963,0.0,0.346807991739471,Abnormal,Abnormal,Monitor,D003A
62,109.23766753687522,-0.43104925089906765,0.0,0.429582835433006,Normal,Normal,Routine,D003A
63,109.23770824230715,-0.43104434008767845,0.0,0.4385387053538998,Normal,Normal,Routine,D003A
64,109.23780270167961,-0.4310179999403412,0.0,0.4186048224460777,Normal,Normal,Routine,D003A
65,109.23782516252936,-0.4310629181449828,0.0,0.4224587222023939,Normal,Normal,Routine,D003A
66,109.23797099820868,-0.43106558273489154,0.0,0.46493586956022737,Normal,Normal,Routine,D003A
67,109.23798110639186,-0.43102683311231427,0.0,0.49287726092381495,Normal,Normal,Routine,D003A
68,109.23812615095888,-0.43100885324074284,0.0,0.45196331088461367,Normal,Normal,Routine,D003A
69,109.23820463529393,-0.43097939042760236,0.0,0.42771796845939114,Normal,Normal,Routine,D003A
70,109.2359481947541,-0.43093128029500577,0.0,0.42132969043191887,Normal,Normal,Routine,D003A
71,109.2362721533343,-0.4309637478371203,0.0,0.4461941830232507,Normal,Normal,Routine,D003A
72,109.23636458266212,-0.430960316772793,0.0,0.4319255029310842,Normal,Normal,Routine,D003A
73,109.2364401799295,-0.4309853201927034,0.0,0.4432924046441241,Normal,Normal,Routine,D003A
74,109.23654238807197,-0.430937969578919,0.0,0.4684500842346519,Normal,Normal,Routine,D003A
75,109.23661819903141,-0.4309595222412228,0.0,0.4564831414096933,Normal,Normal,Routine,D003A
76,109.23664124491518,-0.43099541655085283,0.0,0.43252958591156737,Normal,Normal,Routine,D003A
77,109.23678052396328,-0.43097487258639555,0.0,0.4362850525972543,Normal,Normal,Routine,D003A
78,109.23685449671629,-0.43092375168266583,0.0,0.4312493740222775,Normal,Normal,Routine,D003A
79,109.23692270528771,-0.4309350125465629,0.0,0.4055805332770869,Normal,Normal,Routine,D003A
80,109.23719143491927,-0.4309352506076201,0.0,0.36813823376986743,Abnormal,Abnormal,Monitor,D003A
81,109.237259716078,-0.4309746650559462,0.0,0.43360082768441105,Normal,Normal,Routine,D003A
82,109.23741269523788,-0.4309557592382553,0.0,0.43199850326369826,Normal,Normal,Routine,D003A
83,109.23744257575156,-0.4309110639404367,0.0,0.424161406841364,Normal,Normal,Routine,D003A
84,109.23749159981516,-0.43092291174468544,0.0,0.4343775238516522,Normal,Normal,Routine,D003A
85,109.23756725943099,-0.4309152726634448,0.0,0.40969799305757554,Normal,Normal,Routine,D003A
86,109.23765631135757,-0.4309468444388203,0.0,0.40607903867825934,Normal,Normal,Routine,D003A
87,109.23771764402707,-0.430948809302876,0.0,0.3787954419842351,Abnormal,Abnormal,Monitor,D003A
88,109.23780863613021,-0.4309456419382542,0.0,0.4033583931945128,Normal,Normal,Routine,D003A
89,109.23790760446397,-0.43095216600680225,0.0,0.3965184202616004,Abnormal,Abnormal,Monitor,D003A
90,109.2380540061795,-0.430950399647049,0.0,0.4195486008404539,Normal,Normal,Routine,D003A
91,109.23811948939426,-0.43096576268405784,0.0,0.43079642680273955,Normal,Normal,Routine,D003A
92,109.23824659501759,-0.4309341182645378,0.0,0.40334078225645575,Normal,Normal,Routine,D003A
93,109.23599681408417,-0.4308787970604795,0.0,0.4772367022185846,Normal,Normal,Routine,D003A
94,109.23607762386926,-0.43086924479769273,0.0,0.4782276066305401,Normal,Normal,Routine,D003A
95,109.23614026377894,-0.43089720134642284,0.0,0.4884397704960205,Normal,Normal,Routine,D003A
96,109.23620726627084,-0.4308718992984128,0.0,0.4711028730014477,Normal,Normal,Routine,D003A
97,109.23629663079635,-0.4308719201310947,0.0,0.4234990665994151,Normal,Normal,Routine,D003A
98,109.23637609638727,-0.4308914127438081,0.0,0.42420626693480723,Normal,Normal,Routine,D003A
99,109.23654741146545,-0.43088216733030354,0.0,0.44088568384756327,Normal,Normal,Routine,D003A
100,109.23663377012525,-0.43085600075187386,0.0,0.4091026408201365,Normal,Normal,Routine,D003A
101,109.23679147705924,-0.43088299739102115,0.0,0.3864234227985905,Abnormal,Abnormal,Monitor,D003A
102,109.23688825861026,-0.4308675329092207,0.0,0.4032525019007236,Normal,Normal,Routine,D003A
103,109.23697333835578,-0.4308912399625243,0.0,0.4392830247132762,Normal,Normal,Routine,D003A
104,109.23705386235586,-0.43088636103943784,0.0,0.42841687317904054,Normal,Normal,Routine,D003A
105,109.23713678742209,-0.4308659314305799,0.0,0.4379252857413469,Normal,Normal,Routine,D003A
106,109.23720008055017,-0.43088939376839197,0.0,0.3984626286658926,Abnormal,Abnormal,Monitor,D003A
107,109.23752355544735,-0.43086992087927406,0.0,0.4187081607077685,Normal,Normal,Routine,D003A
108,109.23774144967712,-0.43088783789215795,0.0,0.43045187005414987,Normal,Normal,Routine,D003A
109,109.23778991362707,-0.430866678610298,0.0,0.4353310002390152,Normal,Normal,Routine,D003A
110,109.23786579163514,-0.4308781438188645,0.0,0.4406621316495442,Normal,Normal,Routine,D003A
111,109.23791871343022,-0.43087384986715827,0.0,0.45397345835658565,Normal,Normal,Routine,D003A
112,109.23794960178546,-0.4309113412092234,0.0,0.4086191893483584,Normal,Normal,Routine,D003A
113,109.23801893492183,-0.43088791879964045,0.0,0.4550842610961603,Normal,Normal,Routine,D003A
114,109.23810044504488,-0.4308957455112047,0.0,0.43622211717270515,Normal,Normal,Routine,D003A
115,109.23819396034564,-0.43090850797669267,0.0,0.3006636802552157,Abnormal,Abnormal,Monitor,D003A
116,109.23596155756927,-0.43080576215471206,0.0,0.4335512261145034,Normal,Normal,Routine,D003A
117,109.23605706581154,-0.43079600713534755,0.0,0.4244121024907619,Normal,Normal,Routine,D003A
118,109.23618421267415,-0.4308226973263404,0.0,0.4389202176416142,Normal,Normal,Routine,D003A
119,109.23634677429128,-0.4308398635536517,0.0,0.4214035945973049,Normal,Normal,Routine,D003A
120,109.23645019907273,-0.43082597410844253,0.0,0.43242682061932824,Normal,Normal,Routine,D003A
121,109.2365329069775,-0.4308279077867433,0.0,0.4703525960947036,Normal,Normal,Routine,D003A
122,109.23660720432694,-0.4307948675273962,0.0,0.44692250154856555,Normal,Normal,Routine,D003A
123,109.2366774134031,-0.43080975780772796,0.0,0.4252386201943199,Normal,Normal,Routine,D003A
124,109.23677057833592,-0.43081456416679315,0.0,0.36056325819743346,Abnormal,Abnormal,Monitor,D003A
125,109.23682001335739,-0.4308126621879261,0.0,0.4062826781345267,Normal,Normal,Routine,D003A
126,109.23691650703589,-0.43081077026911657,0.0,0.4397207421314967,Normal,Normal,Routine,D003A
127,109.2369996221172,-0.4308312023926939,0.0,0.42076853919722895,Normal,Normal,Routine,D003A
128,109.23717979394911,-0.4307879265995896,0.0,0.4078199307868506,Normal,Normal,Routine,D003A
129,109.23725721569977,-0.4308244078143757,0.0,0.425314651739497,Normal,Normal,Routine,D003A
130,109.2373274158098,-0.43078462592891253,0.0,0.422890802923179,Normal,Normal,Routine,D003A
131,109.23742769863016,-0.43082092708869324,0.0,0.4223597333063345,Normal,Normal,Routine,D003A
132,109.23758187413911,-0.4308066180888856,0.0,0.42363563160245027,Normal,Normal,Routine,D003A
133,109.23774312166995,-0.4307965953044043,0.0,0.45730390208952415,Normal,Normal,Routine,D003A
134,109.23789749759392,-0.43080541562629954,0.0,0.4278429307911147,Normal,Normal,Routine,D003A
135,109.23803012097048,-0.43078295565707886,0.0,0.4177028623007554,Normal,Normal,Routine,D003A
136,109.2381554466511,-0.4308080276251321,0.0,0.41890464673454575,Normal,Normal,Routine,D003A
137,109.23819537719918,-0.43079782827574037,0.0,0.44042677801019514,Normal,Normal,Routine,D003A
138,109.23603914085325,-0.4307645658967358,0.0,0.4370353112212898,Normal,Normal,Routine,D003A
139,109.2361483796101,-0.43074120527335025,0.0,0.4408348975577152,Normal,Normal,Routine,D003A
140,109.23630001351133,-0.4307359766852616,0.0,0.4080208110269416,Normal,Normal,Routine,D003A
141,109.23638557716116,-0.4307216408707994,0.0,0.4383567771096637,Normal,Normal,Routine,D003A
142,109.23648555207643,-0.4307529167571257,0.0,0.4324932767108449,Normal,Normal,Routine,D003A
143,109.23651393515449,-0.4307277648542682,0.0,0.4715510610078111,Normal,Normal,Routine,D003A
144,109.23665651367158,-0.4307418020581645,0.0,0.43690655161826664,Normal,Normal,Routine,D003A
145,109.23673541590114,-0.4307580896961666,0.0,0.4258776513223072,Normal,Normal,Routine,D003A
146,109.23676394086411,-0.4307370415338724,0.0,0.4343244471608821,Normal,Normal,Routine,D003A
147,109.2368865763147,-0.4307456835590437,0.0,0.39914767660332645,Abnormal,Abnormal,Monitor,D003A
148,109.23696833102086,-0.4307365510915138,0.0,0.421760455257765,Normal,Normal,Routine,D003A
149,109.23704078772379,-0.4307586636307207,0.0,0.3543080707229864,Abnormal,Abnormal,Monitor,D003A
150,109.23715936438843,-0.43074565215355015,0.0,0.42054021774253,Normal,Normal,Routine,D003A
151,109.2372164096329,-0.430723972191728,0.0,0.4143551065689739,Normal,Normal,Routine,D003A
152,109.23727832064965,-0.43074601806948914,0.0,0.4267149451795641,Normal,Normal,Routine,D003A
153,109.23737559452788,-0.43073032489698576,0.0,0.4009284965629085,Normal,Normal,Routine,D003A
154,109.23760724082284,-0.4307385130216723,0.0,0.3719779673671036,Abnormal,Abnormal,Monitor,D003A
155,109.23775691560597,-0.430757199969091,0.0,0.4474833483123951,Normal,Normal,Routine,D003A
156,109.23786412046334,-0.4307703653177874,0.0,0.40727718033542937,Normal,Normal,Routine,D003A
157,109.23801920112699,-0.43073015554447064,0.0,0.40638527650242817,Normal,Normal,Routine,D003A
158,109.23809144777086,-0.43075186562339146,0.0,0.4408435076654244,Normal,Normal,Routine,D003A
159,109.23817003876374,-0.4307429512413252,0.0,0.4164291887034092,Normal,Normal,Routine,D003A
160,109.23599569135963,-0.4306752164278834,0.0,0.4370615308990284,Normal,Normal,Routine,D003A
161,109.23612130091699,-0.4306761192530067,0.0,0.48298078926836807,Normal,Normal,Routine,D003A
162,109.23618404450583,-0.4306790050244198,0.0,0.4900578768635426,Normal,Normal,Routine,D003A
163,109.2363437608899,-0.43066277208529363,0.0,0.4525508853953295,Normal,Normal,Routine,D003A
164,109.23653113807391,-0.43067644082181317,0.0,0.48587654787794987,Normal,Normal,Routine,D003A
165,109.23659051875175,-0.43069407131548765,0.0,0.46460966199708015,Normal,Normal,Routine,D003A
166,109.23663955074475,-0.4306713206141796,0.0,0.47156883769032476,Normal,Normal,Routine,D003A
167,109.23673325699376,-0.4306893226328076,0.0,0.42966846328358405,Normal,Normal,Routine,D003A
168,109.2368343045502,-0.4306772430251646,0.0,0.4279242621557583,Normal,Normal,Routine,D003A
169,109.23692129718914,-0.43064807249384335,0.0,0.44387314805656286,Normal,Normal,Routine,D003A
170,109.23700922300068,-0.430682029533416,0.0,0.3960454431813721,Abnormal,Abnormal,Monitor,D003A
171,109.23708196294966,-0.43067161718597313,0.0,0.3784851775119911,Abnormal,Abnormal,Monitor,D003A
172,109.23724142251632,-0.4306592373812753,0.0,0.4096874112805172,Normal,Normal,Routine,D003A
173,109.2374769277734,-0.43070650120144055,0.0,0.33437082898162424,Abnormal,Abnormal,Monitor,D003A
174,109.23767173768407,-0.4306992895559497,0.0,0.4321447870830904,Normal,Normal,Routine,D003A
175,109.23775524484421,-0.43067107584517517,0.0,0.44963749050378726,Normal,Normal,Routine,D003A
176,109.2378620562944,-0.4306801708422393,0.0,0.42403604659134647,Normal,Normal,Routine,D003A
177,109.23792413720078,-0.43071354492912717,0.0,0.42094356710042585,Normal,Normal,Routine,D003A
178,109.23808062627039,-0.4306658930850527,0.0,0.4447337826462513,Normal,Normal,Routine,D003A
179,109.23812965371188,-0.43065920001440394,0.0,0.4122360787723973,Normal,Normal,Routine,D003A
180,109.23822392910908,-0.4306595411751099,0.0,0.3874498737775087,Abnormal,Abnormal,Monitor,D003A
181,109.23601121299264,-0.4306187664504657,0.0,0.4716975810970855,Normal,Normal,Routine,D003A
182,109.23609778480602,-0.4306264894440385,0.0,0.45708777681664303,Normal,Normal,Routine,D003A
183,109.23617481702847,-0.43061838135883185,0.0,0.45785718370486306,Normal,Normal,Routine,D003A
184,109.23624272687566,-0.4306160622800568,0.0,0.44844606074348353,Normal,Normal,Routine,D003A
185,109.23633616688696,-0.43061204635248485,0.0,0.4668267924835657,Normal,Normal,Routine,D003A
186,109.23648829362007,-0.430592627596535,0.0,0.44043578656722304,Normal,Normal,Routine,D003A
187,109.23655579338798,-0.43058457425474445,0.0,0.4512874573764589,Normal,Normal,Routine,D003A
188,109.23665195483319,-0.4305937816233626,0.0,0.44601641957824295,Normal,Normal,Routine,D003A
189,109.23671110929189,-0.4305717115004155,0.0,0.4264539580713879,Normal,Normal,Routine,D003A
190,109.23689122089903,-0.43061053976411623,0.0,0.43562426715238267,Normal,Normal,Routine,D003A
191,109.23697332089638,-0.4305998546883054,0.0,0.4004944426485967,Normal,Normal,Routine,D003A
192,109.23706674084222,-0.4305894986988276,0.0,0.43104508059641816,Normal,Normal,Routine,D003A
193,109.23712383772309,-0.43057372111085657,0.0,0.429883366277268,Normal,Normal,Routine,D003A
194,109.23716029575641,-0.4306055392506018,0.0,0.418364346760145,Normal,Normal,Routine,D003A
195,109.23731360752979,-0.4306010896211101,0.0,0.4281491062656175,Normal,Normal,Routine,D003A
196,109.2373868352505,-0.4305945884766524,0.0,0.45074999473021865,Normal,Normal,Routine,D003A
197,109.23740859227834,-0.4306337605815772,0.0,0.45133888990285337,Normal,Normal,Routine,D003A
198,109.23746024129383,-0.4305743447257269,0.0,0.42409656639924914,Normal,Normal,Routine,D003A
199,109.23757430830891,-0.4306332303601109,0.0,0.39823765517568716,Abnormal,Abnormal,Monitor,D003A
200,109.23768128543558,-0.4306170972314811,0.0,0.39542931380930607,Abnormal,Abnormal,Monitor,D003A
201,109.23786981172306,-0.4306226121328973,0.0,0.4088525687699561,Normal,Normal,Routine,D003A
202,109.23799768149178,-0.43060381979107326,0.0,0.4288978982161302,Normal,Normal,Routine,D003A
203,109.23810716994484,-0.4305966678416908,0.0,0.4685979131407955,Normal,Normal,Routine,D003A
204,109.2381914654412,-0.43058568031532657,0.0,0.3908767714625911,Abnormal,Abnormal,Monitor,D003A
205,109.23603909240408,-0.4305650819855247,0.0,0.4524857493148719,Normal,Normal,Routine,D003A
206,109.23611541520471,-0.43055212759327044,0.0,0.4716026449078196,Normal,Normal,Routine,D003A
207,109.23618169879441,-0.430539753229356,0.0,0.45580706550001415,Normal,Normal,Routine,D003A
208,109.23626488606766,-0.430527331256324,0.0,0.4232944101139961,Normal,Normal,Routine,D003A
209,109.23635234937292,-0.4305216093274254,0.0,0.39485486873060116,Abnormal,Abnormal,Monitor,D003A
210,109.23641509252892,-0.43052640858960595,0.0,0.43296765884658595,Normal,Normal,Routine,D003A
211,109.23650547799654,-0.4305516161908636,0.0,0.4554873607001147,Normal,Normal,Routine,D003A
212,109.23660452118312,-0.4305526177108196,0.0,0.4239501780820544,Normal,Normal,Routine,D003A
213,109.23667838546677,-0.4305317139424081,0.0,0.4270278760577121,Normal,Normal,Routine,D003A
214,109.23677268077518,-0.43053107666687007,0.0,0.39491453531234877,Abnormal,Abnormal,Monitor,D003A
215,109.23687249900655,-0.43054067101849525,0.0,0.4302433779080804,Normal,Normal,Routine,D003A
216,109.23693130439035,-0.4305405472580736,0.0,0.40928939316703494,Normal,Normal,Routine,D003A
217,109.23701644699076,-0.43052527266132873,0.0,0.4036554699732845,Normal,Normal,Routine,D003A
218,109.23717441456398,-0.4305361565160835,0.0,0.4232906834002764,Normal,Normal,Routine,D003A
219,109.23725316150527,-0.43054032196850206,0.0,0.4128430760837532,Normal,Normal,Routine,D003A
220,109.23740796389764,-0.43053030852087915,0.0,0.44837295391877063,Normal,Normal,Routine,D003A
221,109.2374846539324,-0.43052219128991465,0.0,0.4250170699289969,Normal,Normal,Routine,D003A
222,109.23757433355254,-0.4305233289744904,0.0,0.3716337501340641,Abnormal,Abnormal,Monitor,D003A
223,109.23764024468198,-0.4305332337409749,0.0,0.3958094487229625,Abnormal,Abnormal,Monitor,D003A
224,109.23772216244966,-0.43052607447295427,0.0,0.38587129406660053,Abnormal,Abnormal,Monitor,D003A
225,109.23779552172502,-0.4305296011350002,0.0,0.35955253921341723,Abnormal,Abnormal,Monitor,D003A
226,109.23788108856988,-0.4305055350132294,0.0,0.40101066766916454,Normal,Normal,Routine,D003A
227,109.23795840447045,-0.43052979819796533,0.0,0.3911527506895386,Abnormal,Abnormal,Monitor,D003A
228,109.2380475393806,-0.43053259152461093,0.0,0.41363836126821535,Normal,Normal,Routine,D003A
229,109.23812941580114,-0.43052562485690893,0.0,0.44555809520035045,Normal,Normal,Routine,D003A
230,109.23822541174951,-0.4305283049318295,0.0,0.3927311608196199,Abnormal,Abnormal,Monitor,D003A
231,109.23597738814016,-0.43052303668436687,0.0,0.4399336927767413,Normal,Normal,Routine,D003A
232,109.23610683164324,-0.4304764863817283,0.0,0.47100475242376544,Normal,Normal,Routine,D003A
233,109.23615772413865,-0.4304528743197618,0.0,0.46213893019029645,Normal,Normal,Routine,D003A
234,109.23641101603238,-0.4304410227805023,0.0,0.43811103367368215,Normal,Normal,Routine,D003A
235,109.23644742802297,-0.4304737786566589,0.0,0.42947919895465997,Normal,Normal,Routine,D003A
236,109.23658908725764,-0.4304345722787059,0.0,0.4175649817942283,Normal,Normal,Routine,D003A
237,109.23664814711786,-0.43048016725021243,0.0,0.4579964536585776,Normal,Normal,Routine,D003A
238,109.23670229336001,-0.4304439816493772,0.0,0.4490854476854657,Normal,Normal,Routine,D003A
239,109.23681914832594,-0.4304413248943246,0.0,0.4089134940603474,Normal,Normal,Routine,D003A
240,109.23688283461355,-0.4304777079418227,0.0,0.4166705377747242,Normal,Normal,Routine,D003A
241,109.23696269955458,-0.4304442294651283,0.0,0.45947376185001265,Normal,Normal,Routine,D003A
242,109.23711837791618,-0.43045689515579794,0.0,0.40880969874202633,Normal,Normal,Routine,D003A
243,109.2372244434722,-0.4304398710798492,0.0,0.4572343506578303,Normal,Normal,Routine,D003A
244,109.23724477977422,-0.4304658292195593,0.0,0.45619123394177313,Normal,Normal,Routine,D003A
245,109.23730292155932,-0.43049997736128526,0.0,0.42115152425820357,Normal,Normal,Routine,D003A
246,109.23737973356977,-0.43045355130073026,0.0,0.39887530487388945,Abnormal,Abnormal,Monitor,D003A
247,109.2374432930964,-0.43043181225357924,0.0,0.40771495247394934,Normal,Normal,Routine,D003A
248,109.23750478051778,-0.43042090985339315,0.0,0.450510887384916,Normal,Normal,Routine,D003A
249,109.23755011703255,-0.43040991235940324,0.0,0.4495609485788408,Normal,Normal,Routine,D003A
250,109.23760762345982,-0.4304531521874856,0.0,0.4233503654791781,Normal,Normal,Routine,D003A
251,109.23769001915734,-0.4304340309460403,0.0,0.4311538291586054,Normal,Normal,Routine,D003A
252,109.23776702352616,-0.43043404886405506,0.0,0.42689398592178407,Normal,Normal,Routine,D003A
253,109.23789757789969,-0.43045577249801276,0.0,0.4116468966096729,Normal,Normal,Routine,D003A
254,109.23796343335668,-0.43044998854349253,0.0,0.4134995778485273,Normal,Normal,Routine,D003A
255,109.23806670789662,-0.4304530989480769,0.0,0.43659179521744707,Normal,Normal,Routine,D003A
256,109.23817093011328,-0.43042493072816657,0.0,0.42476347486833993,Normal,Normal,Routine,D003A
257,109.23595216084799,-0.43042639286900236,0.0,0.44003980446771374,Normal,Normal,Routine,D003A
258,109.23600448225082,-0.4304468087597594,0.0,0.4372597262710512,Normal,Normal,Routine,D003A
259,109.23612231803725,-0.43038572546589904,0.0,0.49323888919824305,Normal,Normal,Routine,D003A
260,109.2361890364964,-0.4304276091584729,0.0,0.49038545027509467,Normal,Normal,Routine,D003A
261,109.23622593126349,-0.43042730938465473,0.0,0.5109244168627345,Healthy,Healthy,None,D003A
262,109.23629295749856,-0.430412013396087,0.0,0.4237116938546443,Normal,Normal,Routine,D003A
263,109.23638273309552,-0.4303861270263183,0.0,0.44385588671766124,Normal,Normal,Routine,D003A
264,109.23646646425362,-0.4303718567812649,0.0,0.4572333138484227,Normal,Normal,Routine,D003A
265,109.23675061347721,-0.43040360597379806,0.0,0.4310832730596924,Normal,Normal,Routine,D003A
266,109.23684377333267,-0.4303835874758317,0.0,0.40402856470941606,Normal,Normal,Routine,D003A
267,109.23691324076927,-0.4303931566681193,0.0,0.44130342165402414,Normal,Normal,Routine,D003A
268,109.23700264091875,-0.4303868157288602,0.0,0.44658270344124734,Normal,Normal,Routine,D003A
269,109.2371233807746,-0.4303887383392499,0.0,0.4168452881857985,Normal,Normal,Routine,D003A
270,109.23728798471612,-0.4303569018853783,0.0,0.4288116530336153,Normal,Normal,Routine,D003A
271,109.23733247212976,-0.43038602074763155,0.0,0.4495010837836419,Normal,Normal,Routine,D003A
272,109.23746083591509,-0.4303984865519598,0.0,0.4543694575347391,Normal,Normal,Routine,D003A
273,109.2375293997663,-0.430353054196819,0.0,0.4154235957284197,Normal,Normal,Routine,D003A
274,109.237660609423,-0.4303845091519365,0.0,0.41682950529576207,Normal,Normal,Routine,D003A
275,109.23771889135394,-0.43039127059957577,0.0,0.47073354634613007,Normal,Normal,Routine,D003A
276,109.23783123118152,-0.4303946426470284,0.0,0.42031208558398947,Normal,Normal,Routine,D003A
277,109.23793021629332,-0.43038284285471246,0.0,0.4079120459767012,Normal,Normal,Routine,D003A
278,109.23798376679075,-0.4303984879503179,0.0,0.4498233208600499,Normal,Normal,Routine,D003A
279,109.23804390611909,-0.43040629520027196,0.0,0.43873896304279913,Normal,Normal,Routine,D003A
280,109.23814590661085,-0.43038724000012957,0.0,0.4470030879346948,Normal,Normal,Routine,D003A
281,109.23820516307204,-0.43038665694519407,0.0,0.42935223794720245,Normal,Normal,Routine,D003A
282,109.23599390725194,-0.43035538978014826,0.0,0.45881141111205453,Normal,Normal,Routine,D003A
283,109.2360872874022,-0.43034989710830557,0.0,0.4367419531917257,Normal,Normal,Routine,D003A
284,109.23616540549722,-0.4303501874925466,0.0,0.4821030156185421,Normal,Normal,Routine,D003A
285,109.23625970782861,-0.43031103610493376,0.0,0.46409797934261526,Normal,Normal,Routine,D003A
286,109.23632706901498,-0.43032356186560383,0.0,0.4645634973651303,Normal,Normal,Routine,D003A
287,109.23643082126262,-0.43034265860004073,0.0,0.4392024092588978,Normal,Normal,Routine,D003A
288,109.2365186228692,-0.430350201004019,0.0,0.4730765382168746,Normal,Normal,Routine,D003A
289,109.23662237585103,-0.43036615077696755,0.0,0.46375698165313617,Normal,Normal,Routine,D003A
290,109.23667086258253,-0.4303551558340924,0.0,0.47052249066885593,Normal,Normal,Routine,D003A
291,109.23696969472515,-0.4303059039799914,0.0,0.4220953479042723,Normal,Normal,Routine,D003A
292,109.23707008831788,-0.4302978537543607,0.0,0.4180282032450422,Normal,Normal,Routine,D003A
293,109.23714265488688,-0.4303031345696372,0.0,0.44734131519352527,Normal,Normal,Routine,D003A
294,109.2372083295689,-0.4303099339090172,0.0,0.46459002609649935,Normal,Normal,Routine,D003A
295,109.23729234988456,-0.43030792601887485,0.0,0.4040233968239443,Normal,Normal,Routine,D003A
296,109.23738034392943,-0.4302990915876268,0.0,0.43136960360201987,Normal,Normal,Routine,D003A
297,109.23761553739688,-0.43031159851611644,0.0,0.37743253958447337,Abnormal,Abnormal,Monitor,D003A
298,109.23769779298487,-0.430300201766995,0.0,0.4252872802753569,Normal,Normal,Routine,D003A
299,109.2377407491814,-0.4303161654219576,0.0,0.4720950093345264,Normal,Normal,Routine,D003A
300,109.23786899436793,-0.4303210441111944,0.0,0.40775809894999765,Normal,Normal,Routine,D003A
301,109.23792243482669,-0.43031907069847813,0.0,0.43012235538737553,Normal,Normal,Routine,D003A
302,109.23805531452413,-0.43031867658407263,0.0,0.38276590049123704,Abnormal,Abnormal,Monitor,D003A
303,109.23816620457127,-0.43030242677716884,0.0,0.4094102677643907,Normal,Normal,Routine,D003A
304,109.23594528270552,-0.43026255213997405,0.0,0.46622081335703436,Normal,Normal,Routine,D003A
305,109.23602656981909,-0.43024752985584946,0.0,0.4620541669204742,Normal,Normal,Routine,D003A
306,109.23612484518553,-0.4302397034167985,0.0,0.45230092565576596,Normal,Normal,Routine,D003A
307,109.23619459992642,-0.43024976913379287,0.0,0.4572216874745296,Normal,Normal,Routine,D003A
308,109.2362827396347,-0.43025963837620845,0.0,0.4515702660914298,Normal,Normal,Routine,D003A
309,109.23634215053353,-0.43028645021526174,0.0,0.47073088631078647,Normal,Normal,Routine,D003A
310,109.23644075488137,-0.4302660332877806,0.0,0.46569650136180174,Normal,Normal,Routine,D003A
311,109.2365303797456,-0.4302941471179672,0.0,0.47430176278259933,Normal,Normal,Routine,D003A
312,109.23668628514686,-0.4302997909684087,0.0,0.4333726718695037,Normal,Normal,Routine,D003A
313,109.236851515891,-0.4302451373800247,0.0,0.42803771091531656,Normal,Normal,Routine,D003A
314,109.23692933063806,-0.43026395859129285,0.0,0.4377676340125801,Normal,Normal,Routine,D003A
315,109.23708436071007,-0.4302441570409281,0.0,0.42856581108255504,Normal,Normal,Routine,D003A
316,109.23719892251441,-0.43024495325441786,0.0,0.43843538888223893,Normal,Normal,Routine,D003A
317,109.2373254380575,-0.430255623585017,0.0,0.4806199454648707,Normal,Normal,Routine,D003A
318,109.23742863554375,-0.43028118592792464,0.0,0.4676475519889036,Normal,Normal,Routine,D003A
319,109.23749363512943,-0.4302627895016241,0.0,0.41862115363160796,Normal,Normal,Routine,D003A
320,109.2375994727592,-0.43022132935697166,0.0,0.43101420197512685,Normal,Normal,Routine,D003A
321,109.2376645818963,-0.4302305168161297,0.0,0.4079460187995133,Normal,Normal,Routine,D003A
322,109.23780694360929,-0.4302424080140604,0.0,0.43941396003803956,Normal,Normal,Routine,D003A
323,109.23789762652041,-0.43024394471115895,0.0,0.4013326830373934,Normal,Normal,Routine,D003A
324,109.2379618225179,-0.4302475081145882,0.0,0.4176423721319924,Normal,Normal,Routine,D003A
325,109.23802034204708,-0.43022884068888445,0.0,0.37567882011497933,Abnormal,Abnormal,Monitor,D003A
326,109.23810427010234,-0.43022584798067537,0.0,0.44381168880024735,Normal,Normal,Routine,D003A
327,109.23822373598387,-0.4302368829025355,0.0,0.41967362872473113,Normal,Normal,Routine,D003A
328,109.2360424454384,-0.43015552742984137,0.0,0.4829456755916039,Normal,Normal,Routine,D003A
329,109.23624988745152,-0.4301957808619575,0.0,0.4593730483032913,Normal,Normal,Routine,D003A
330,109.23640471202515,-0.4301904806254149,0.0,0.4434963946028345,Normal,Normal,Routine,D003A
331,109.23647221432705,-0.4301713559319363,0.0,0.4656433164356562,Normal,Normal,Routine,D003A
332,109.23656096096079,-0.4301943512178884,0.0,0.4384609983647038,Normal,Normal,Routine,D003A
333,109.23668311688614,-0.43021789414658124,0.0,0.3986131421182878,Abnormal,Abnormal,Monitor,D003A
334,109.23679604917189,-0.4301836031586453,0.0,0.40499038350070665,Normal,Normal,Routine,D003A
335,109.23687530413231,-0.43015422281599747,0.0,0.41964867021670543,Normal,Normal,Routine,D003A
336,109.23696975234812,-0.4301879498485677,0.0,0.41364237694734574,Normal,Normal,Routine,D003A
337,109.2370478512204,-0.43015474042733925,0.0,0.4491631178447444,Normal,Normal,Routine,D003A
338,109.23713340439437,-0.43018614224541774,0.0,0.4209775342929849,Normal,Normal,Routine,D003A
339,109.23721187352236,-0.4301678836951282,0.0,0.4094340909276915,Normal,Normal,Routine,D003A
340,109.23736122580031,-0.4301708592182597,0.0,0.4581265532129162,Normal,Normal,Routine,D003A
341,109.23744092271903,-0.4301767647476861,0.0,0.4221979975879533,Normal,Normal,Routine,D003A
342,109.23760314976563,-0.4301805345241886,0.0,0.41982145178783403,Normal,Normal,Routine,D003A
343,109.23768471869887,-0.4301707599241106,0.0,0.4400702667665911,Normal,Normal,Routine,D003A
344,109.23775288183897,-0.430176576860533,0.0,0.44541925015729933,Normal,Normal,Routine,D003A
345,109.23785414140292,-0.43018028271763836,0.0,0.440002244676934,Normal,Normal,Routine,D003A
346,109.23793141596212,-0.4301811453026556,0.0,0.3655794422643689,Abnormal,Abnormal,Monitor,D003A
347,109.23800985753633,-0.4301382563037779,0.0,0.430009057049853,Normal,Normal,Routine,D003A
348,109.23809783300425,-0.43015963180812405,0.0,0.4051579193067866,Normal,Normal,Routine,D003A
349,109.23820284068597,-0.43015329537215596,0.0,0.4234563926569592,Normal,Normal,Routine,D003A
350,109.23594231381522,-0.4301144001050895,0.0,0.425272183959419,Normal,Normal,Routine,D003A
351,109.23603681827161,-0.4301181378662895,0.0,0.5013519057295376,Healthy,Healthy,None,D003A
352,109.2361087655864,-0.43008170773137466,0.0,0.43577150739013004,Normal,Normal,Routine,D003A
353,109.23617989611625,-0.430112907238477,0.0,0.4775960736352807,Normal,Normal,Routine,D003A
354,109.23632059218208,-0.43012538223556473,0.0,0.4109287310184393,Normal,Normal,Routine,D003A
355,109.23641565829101,-0.4301321034079868,0.0,0.45005850397367714,Normal,Normal,Routine,D003A
356,109.23653878043206,-0.43009050082000905,0.0,0.4585913354760541,Normal,Normal,Routine,D003A
357,109.23668795941157,-0.4301242405811504,0.0,0.4055982640009187,Normal,Normal,Routine,D003A
358,109.23679233719935,-0.43010280040826504,0.0,0.443472952466262,Normal,Normal,Routine,D003A
359,109.23716677203022,-0.43008640844897955,0.0,0.4237220418574895,Normal,Normal,Routine,D003A
360,109.23734228461741,-0.43007005521346664,0.0,0.3991614860631067,Abnormal,Abnormal,Monitor,D003A
361,109.23750523229432,-0.4300924112279696,0.0,0.4281570996007034,Normal,Normal,Routine,D003A
362,109.23757446367831,-0.43006992472420325,0.0,0.40213071168166886,Normal,Normal,Routine,D003A
363,109.23765812362818,-0.4300686682082574,0.0,0.43443543635400395,Normal,Normal,Routine,D003A
364,109.23774002000715,-0.4300724898307187,0.0,0.44710061921236605,Normal,Normal,Routine,D003A
365,109.23781403370816,-0.4300699804232781,0.0,0.395603977933808,Abnormal,Abnormal,Monitor,D003A
366,109.23791654760373,-0.4300721971830203,0.0,0.4123848524718296,Normal,Normal,Routine,D003A
367,109.23800099876571,-0.43008347896994664,0.0,0.43362571461560956,Normal,Normal,Routine,D003A
368,109.2381603304853,-0.43006872617525477,0.0,0.4290863773543974,Normal,Normal,Routine,D003A
369,109.23824452737601,-0.4300842373144672,0.0,0.42675952988569266,Normal,Normal,Routine,D003A
370,109.23601809424565,-0.4300419092184624,0.0,0.4342558864612711,Normal,Normal,Routine,D003A
371,109.23607687206444,-0.430001299962755,0.0,0.4661818904431241,Normal,Normal,Routine,D003A
372,109.23616400047074,-0.4300222158795723,0.0,0.45726752482798183,Normal,Normal,Routine,D003A
373,109.23624797650922,-0.4300367792650041,0.0,0.3820515266402118,Abnormal,Abnormal,Monitor,D003A
374,109.23632489833346,-0.4300047940053721,0.0,0.44571133869704044,Normal,Normal,Routine,D003A
375,109.23648413383192,-0.430017273305317,0.0,0.45823285931159297,Normal,Normal,Routine,D003A
376,109.23654213212389,-0.429983789733942,0.0,0.4940112753646863,Normal,Normal,Routine,D003A
377,109.2366682255079,-0.4300136935036547,0.0,0.4395721302658418,Normal,Normal,Routine,D003A
378,109.23672709844729,-0.43002054460675937,0.0,0.4262618603185379,Normal,Normal,Routine,D003A
379,109.23681306841998,-0.4300049075582937,0.0,0.4437162000574127,Normal,Normal,Routine,D003A
380,109.2368743821796,-0.4300186653649305,0.0,0.4387693625039819,Normal,Normal,Routine,D003A
381,109.23696754942958,-0.4300212136463386,0.0,0.4306689673277928,Normal,Normal,Routine,D003A
382,109.2370550910213,-0.4300189208061633,0.0,0.4441950220812623,Normal,Normal,Routine,D003A
383,109.23721927180384,-0.43004212624318383,0.0,0.43420994279079866,Normal,Normal,Routine,D003A
384,109.2374437916768,-0.43002462237091743,0.0,0.43295172152669353,Normal,Normal,Routine,D003A
385,109.23751521765608,-0.43001727345392443,0.0,0.4214937088903613,Normal,Normal,Routine,D003A
386,109.23764830967649,-0.43002703466421766,0.0,0.47460569366991806,Normal,Normal,Routine,D003A
387,109.23769109203647,-0.4300176335590524,0.0,0.4713675862956684,Normal,Normal,Routine,D003A
388,109.23776555781886,-0.4300336018195346,0.0,0.4530622002777753,Normal,Normal,Routine,D003A
389,109.23783745415317,-0.4299886214609535,0.0,0.4324060038247503,Normal,Normal,Routine,D003A
390,109.2379352555435,-0.4300229135533736,0.0,0.4182168379922559,Normal,Normal,Routine,D003A
391,109.23803681540578,-0.430041121733043,0.0,0.4470712824542041,Normal,Normal,Routine,D003A
392,109.23814861623958,-0.4300211898107501,0.0,0.4467442723015139,Normal,Normal,Routine,D003A
393,109.23819684468049,-0.43003988296002593,0.0,0.45134534993697845,Normal,Normal,Routine,D003A
394,109.2359670384134,-0.4299475527013136,0.0,0.45811041943260883,Normal,Normal,Routine,D003A
395,109.23601774308325,-0.42993599941459354,0.0,0.45418602921012646,Normal,Normal,Routine,D003A
396,109.23611409088927,-0.42996671555630844,0.0,0.45126149722804815,Normal,Normal,Routine,D003A
397,109.23619086479022,-0.42995691091765054,0.0,0.4265333979220085,Normal,Normal,Routine,D003A
398,109.2362316800677,-0.4299311397415977,0.0,0.4607276888720566,Normal,Normal,Routine,D003A
399,109.23627569399365,-0.4299605785950496,0.0,0.41997486841718007,Normal,Normal,Routine,D003A
400,109.23636898366861,-0.42995011765675023,0.0,0.44813620593367504,Normal,Normal,Routine,D003A
401,109.23646725058572,-0.4299243661694645,0.0,0.4354445859588783,Normal,Normal,Routine,D003A
402,109.23651599344623,-0.4299636855972586,0.0,0.45831413480572236,Normal,Normal,Routine,D003A
403,109.23660345829238,-0.4299512645872246,0.0,0.4671149353066997,Normal,Normal,Routine,D003A
404,109.23668780499396,-0.4299281802532771,0.0,0.44669156563807777,Normal,Normal,Routine,D003A
405,109.23674273605982,-0.4299283277680522,0.0,0.4286419630766631,Normal,Normal,Routine,D003A
406,109.2368097576932,-0.42993312800281036,0.0,0.4297837782768615,Normal,Normal,Routine,D003A
407,109.23693157288318,-0.4299658377204405,0.0,0.4170774749257511,Normal,Normal,Routine,D003A
408,109.23701889698165,-0.42997576553450556,0.0,0.46606233667711966,Normal,Normal,Routine,D003A
409,109.23713051833097,-0.42999006676637613,0.0,0.46149178611146535,Normal,Normal,Routine,D003A
410,109.23717742318873,-0.429963520195193,0.0,0.4536462718391562,Normal,Normal,Routine,D003A
411,109.23726236607638,-0.4299377891010951,0.0,0.44272738995408656,Normal,Normal,Routine,D003A
412,109.23736897931728,-0.42998454087211035,0.0,0.45587329449860947,Normal,Normal,Routine,D003A
413,109.23752367524173,-0.429960899549086,0.0,0.43092131340908096,Normal,Normal,Routine,D003A
414,109.23765231725866,-0.4299352545644341,0.0,0.42084356361804837,Normal,Normal,Routine,D003A
415,109.23774344611465,-0.4299467413660186,0.0,0.42594201294914713,Normal,Normal,Routine,D003A
416,109.23782501540735,-0.42993149212031384,0.0,0.450927785739495,Normal,Normal,Routine,D003A
417,109.23790692589537,-0.42995607556672666,0.0,0.44911719512086934,Normal,Normal,Routine,D003A
418,109.23797836747319,-0.42995912067133496,0.0,0.4151743329508961,Normal,Normal,Routine,D003A
419,109.23808059486787,-0.42994549220680445,0.0,0.4476944985476368,Normal,Normal,Routine,D003A
420,109.23815370630432,-0.4299330235214527,0.0,0.45202669707917364,Normal,Normal,Routine,D003A
421,109.23824080629751,-0.42992551817203384,0.0,0.39626444202371197,Abnormal,Abnormal,Monitor,D003A
422,109.23612395177254,-0.4298507812512445,0.0,0.4973026305911562,Normal,Normal,Routine,D003A
423,109.2364026438923,-0.4298827081528647,0.0,0.4408897898990711,Normal,Normal,Routine,D003A
424,109.23648630378719,-0.4298814516421833,0.0,0.44658136704607987,Normal,Normal,Routine,D003A
425,109.23657503265103,-0.4298840251134802,0.0,0.45317559435570554,Normal,Normal,Routine,D003A
426,109.23666521143558,-0.4298783055896132,0.0,0.45325189566490454,Normal,Normal,Routine,D003A
427,109.23671652658327,-0.4298722541927532,0.0,0.4583330245939298,Normal,Normal,Routine,D003A
428,109.23681080226501,-0.4298709992418502,0.0,0.42313484233968396,Normal,Normal,Routine,D003A
429,109.23687102075621,-0.4298311363392842,0.0,0.46940024360083044,Normal,Normal,Routine,D003A
430,109.2369566336604,-0.4298762337747467,0.0,0.4165965767728921,Normal,Normal,Routine,D003A
431,109.23703853172822,-0.4298842965611388,0.0,0.4468319575123084,Normal,Normal,Routine,D003A
432,109.23711565835782,-0.42984067569540896,0.0,0.4179010083086865,Normal,Normal,Routine,D003A
433,109.23723557418788,-0.42987136566432727,0.0,0.44234948802237534,Normal,Normal,Routine,D003A
434,109.23730055308013,-0.4298804698866383,0.0,0.4776998031716424,Normal,Normal,Routine,D003A
435,109.23735901853998,-0.42989377758969954,0.0,0.48196444350953294,Normal,Normal,Routine,D003A
436,109.2376155681472,-0.4298878471354652,0.0,0.4322980103532819,Normal,Normal,Routine,D003A
437,109.23768195813459,-0.4298856533596381,0.0,0.44815621367453673,Normal,Normal,Routine,D003A
438,109.23778574844272,-0.4298487910769988,0.0,0.4461648096061813,Normal,Normal,Routine,D003A
439,109.23802544356059,-0.4298832047536773,0.0,0.43551115014498754,Normal,Normal,Routine,D003A
440,109.23811812427863,-0.42986496303875094,0.0,0.46675658746882603,Normal,Normal,Routine,D003A
441,109.23817413758452,-0.42988566282634666,0.0,0.43433920683676225,Normal,Normal,Routine,D003A
442,109.23603427309891,-0.4298184606311297,0.0,0.4493820099160075,Normal,Normal,Routine,D003A
443,109.23611223371891,-0.42981992745024433,0.0,0.5038935499608894,Healthy,Healthy,None,D003A
444,109.23618679930092,-0.429831290131271,0.0,0.4749085191312853,Normal,Normal,Routine,D003A
445,109.23629329425204,-0.4298412893200795,0.0,0.4343629959541862,Normal,Normal,Routine,D003A
446,109.23635886555385,-0.4297895641721535,0.0,0.4474013486132473,Normal,Normal,Routine,D003A
447,109.2364653494826,-0.42980066569558445,0.0,0.4533980793874854,Normal,Normal,Routine,D003A
448,109.23655476406931,-0.4298291493129527,0.0,0.4448386419019839,Normal,Normal,Routine,D003A
449,109.2366141673233,-0.4297914520244937,0.0,0.4563684404110994,Normal,Normal,Routine,D003A
450,109.23668079226218,-0.42982606511198757,0.0,0.45949059469436065,Normal,Normal,Routine,D003A
451,109.23672969104666,-0.42980440584457275,0.0,0.4618284188257964,Normal,Normal,Routine,D003A
452,109.2367885909617,-0.42978764568317274,0.0,0.4644606987527802,Normal,Normal,Routine,D003A
453,109.2368608868645,-0.4298019440938789,0.0,0.46825251452682554,Normal,Normal,Routine,D003A
454,109.2369500567187,-0.42981269162524194,0.0,0.4590584914527592,Normal,Normal,Routine,D003A
455,109.23700684112475,-0.42979630625308746,0.0,0.4561428434414515,Normal,Normal,Routine,D003A
456,109.23724179112945,-0.42978518371451785,0.0,0.4296006087775407,Normal,Normal,Routine,D003A
457,109.23735413001847,-0.42979248762724837,0.0,0.4870758551825928,Normal,Normal,Routine,D003A
458,109.23741303818205,-0.4298025146301443,0.0,0.4986098691865847,Normal,Normal,Routine,D003A
459,109.23748563626589,-0.42980751238511844,0.0,0.4401764045379913,Normal,Normal,Routine,D003A
460,109.23761845989613,-0.42980857505609404,0.0,0.43730739214092823,Normal,Normal,Routine,D003A
461,109.23773488179968,-0.42978694773705106,0.0,0.4502733237806402,Normal,Normal,Routine,D003A
462,109.23780924999373,-0.42980934915679136,0.0,0.4354610140708,Normal,Normal,Routine,D003A
463,109.23790361253303,-0.42982128704406414,0.0,0.438291031662604,Normal,Normal,Routine,D003A
464,109.23796445186593,-0.42983581700606793,0.0,0.4357966509773038,Normal,Normal,Routine,D003A
465,109.2380519216389,-0.4298021810804057,0.0,0.43169030254121593,Normal,Normal,Routine,D003A
466,109.23814662692034,-0.4298315856060199,0.0,0.48151558605409966,Normal,Normal,Routine,D003A
467,109.23821290161601,-0.429807322346142,0.0,0.42505265445527535,Normal,Normal,Routine,D003A
468,109.23601686261165,-0.42973710672355725,0.0,0.45870246130638304,Normal,Normal,Routine,D003A
469,109.23609416778025,-0.42974906325901024,0.0,0.476242065089703,Normal,Normal,Routine,D003A
470,109.23617093859815,-0.42974484808517016,0.0,0.46100687238722415,Normal,Normal,Routine,D003A
471,109.23635489463997,-0.4297449966596446,0.0,0.46104072665430096,Normal,Normal,Routine,D003A
472,109.23656465021317,-0.42975967699085915,0.0,0.43205619996651673,Normal,Normal,Routine,D003A
473,109.23664050196527,-0.42974829864102215,0.0,0.46249827353033024,Normal,Normal,Routine,D003A
474,109.23672169131275,-0.4297483934751123,0.0,0.4483144462019116,Normal,Normal,Routine,D003A
475,109.23688176542854,-0.42973911458727626,0.0,0.4440202542879918,Normal,Normal,Routine,D003A
476,109.23696610540301,-0.4297571460316148,0.0,0.44721594598649644,Normal,Normal,Routine,D003A
477,109.23704374857623,-0.4297329188960218,0.0,0.43292406128892236,Normal,Normal,Routine,D003A
478,109.2371125189378,-0.42971124162981333,0.0,0.44273840048164803,Normal,Normal,Routine,D003A
479,109.23719154604086,-0.4297432215674256,0.0,0.4226068527069744,Normal,Normal,Routine,D003A
480,109.23727666359159,-0.4297588269556126,0.0,0.4554311049514824,Normal,Normal,Routine,D003A
481,109.23738165282103,-0.4297583015382331,0.0,0.4877302228311608,Normal,Normal,Routine,D003A
482,109.23744618556816,-0.4297387104056814,0.0,0.4503183093759129,Normal,Normal,Routine,D003A
483,109.23754627904144,-0.429731149297435,0.0,0.4145045085085763,Normal,Normal,Routine,D003A
484,109.23760199369907,-0.42975752801373357,0.0,0.47648290514588537,Normal,Normal,Routine,D003A
485,109.2376826126287,-0.42971084959205286,0.0,0.44355867135299015,Normal,Normal,Routine,D003A
486,109.23776658054409,-0.42971805285784803,0.0,0.4676317017125696,Normal,Normal,Routine,D003A
487,109.23785108977147,-0.42976597236422254,0.0,0.43283366930352196,Normal,Normal,Routine,D003A
488,109.2379000528633,-0.42974211654373157,0.0,0.4369342296689122,Normal,Normal,Routine,D003A
489,109.23803022948103,-0.4297385322934208,0.0,0.4216934271659451,Normal,Normal,Routine,D003A
490,109.23810910600135,-0.4297692724077879,0.0,0.42691621490059745,Normal,Normal,Routine,D003A
491,109.23819480233249,-0.42972891711129846,0.0,0.427290494120845,Normal,Normal,Routine,D003A
492,109.23824160652255,-0.4296948756468467,0.0,0.44100059414732046,Normal,Normal,Routine,D003A
493,109.235959344786,-0.42968894122214696,0.0,0.44384243125531997,Normal,Normal,Routine,D003A
494,109.23606440923274,-0.42968128995846666,0.0,0.4593741107101658,Normal,Normal,Routine,D003A
495,109.23612840653257,-0.42968925543731046,0.0,0.45680306728695264,Normal,Normal,Routine,D003A
496,109.23618783571746,-0.4296911682828254,0.0,0.46612508017116566,Normal,Normal,Routine,D003A
497,109.23628226681282,-0.4297014784508064,0.0,0.42592912861401705,Normal,Normal,Routine,D003A
498,109.23635578728656,-0.4296951157101858,0.0,0.4546279628808952,Normal,Normal,Routine,D003A
499,109.2364319679602,-0.4296634422444028,0.0,0.4256624047731136,Normal,Normal,Routine,D003A
500,109.23644198188836,-0.42971044192034163,0.0,0.4513442399013232,Normal,Normal,Routine,D003A
501,109.23649494033154,-0.4296949671978937,0.0,0.4243086876183918,Normal,Normal,Routine,D003A
502,109.2367674920449,-0.42970677287888304,0.0,0.4438587463922329,Normal,Normal,Routine,D003A
503,109.23683709914167,-0.4296674447865786,0.0,0.42665437984172827,Normal,Normal,Routine,D003A
504,109.236932529023,-0.4296939737964664,0.0,0.4601619079377518,Normal,Normal,Routine,D003A
505,109.23698434023908,-0.4296948105582307,0.0,0.4652278446908046,Normal,Normal,Routine,D003A
506,109.23715245766536,-0.42966914128483785,0.0,0.41461572034938915,Normal,Normal,Routine,D003A
507,109.23733100618303,-0.4296889860324838,0.0,0.4506721532348395,Normal,Normal,Routine,D003A
508,109.23748672604438,-0.42966569488794226,0.0,0.43270554387487065,Normal,Normal,Routine,D003A
509,109.2375555468345,-0.42965136958094324,0.0,0.42532341381541094,Normal,Normal,Routine,D003A
510,109.23765518177362,-0.42967699436367873,0.0,0.4553552794088908,Normal,Normal,Routine,D003A
511,109.23772717961621,-0.4296907220858623,0.0,0.4685895021949977,Normal,Normal,Routine,D003A
512,109.23781554935472,-0.4296770704984757,0.0,0.41827379869390585,Normal,Normal,Routine,D003A
513,109.23790043112467,-0.4296790190855924,0.0,0.47011691299683334,Normal,Normal,Routine,D003A
514,109.23797915484573,-0.4296827024982041,0.0,0.4398263222023957,Normal,Normal,Routine,D003A
515,109.23804836256471,-0.4296694425391148,0.0,0.45361065401110484,Normal,Normal,Routine,D003A
516,109.23813997250403,-0.42966703395846106,0.0,0.43758959334341435,Normal,Normal,Routine,D003A
517,109.23824732184103,-0.429641680600903,0.0,0.4569111980663207,Normal,Normal,Routine,D003A
518,109.23597607617278,-0.4296215531150101,0.0,0.4403240619121013,Normal,Normal,Routine,D003A
519,109.23605256971281,-0.42963171894448265,0.0,0.5051327407772132,Healthy,Healthy,None,D003A
520,109.23622913214938,-0.42959627075986634,0.0,0.3982426321868283,Abnormal,Abnormal,Monitor,D003A
521,109.23630948858339,-0.4296128887570139,0.0,0.3693378351999745,Abnormal,Abnormal,Monitor,D003A
522,109.23639811773855,-0.42961149864955656,0.0,0.4478091931199884,Normal,Normal,Routine,D003A
523,109.23650157568673,-0.42961348050288606,0.0,0.44535401164680155,Normal,Normal,Routine,D003A
524,109.23655861679461,-0.42960966585945637,0.0,0.4602127910518732,Normal,Normal,Routine,D003A
525,109.23663973972324,-0.4296173414162611,0.0,0.4035098107371499,Normal,Normal,Routine,D003A
526,109.23671952357928,-0.4296121891716467,0.0,0.40190131382287214,Normal,Normal,Routine,D003A
527,109.23681498901016,-0.4296050936123759,0.0,0.4209604614921176,Normal,Normal,Routine,D003A
528,109.2368979538705,-0.4295833201711337,0.0,0.4254532830651401,Normal,Normal,Routine,D003A
529,109.23696270012529,-0.4296079746687569,0.0,0.3900899418647616,Abnormal,Abnormal,Monitor,D003A
530,109.23723540175286,-0.4296244157990275,0.0,0.4150590698999222,Normal,Normal,Routine,D003A
531,109.23728565103784,-0.42961281807052726,0.0,0.4458383943038959,Normal,Normal,Routine,D003A
532,109.23740750041638,-0.42959841013105193,0.0,0.4638071665459109,Normal,Normal,Routine,D003A
533,109.23745496929725,-0.4296036109344959,0.0,0.4625063995240188,Normal,Normal,Routine,D003A
534,109.23752975837364,-0.42959246291352526,0.0,0.42784630861497464,Normal,Normal,Routine,D003A
535,109.2376691879228,-0.4296012453036835,0.0,0.4382662294467242,Normal,Normal,Routine,D003A
536,109.23776955085775,-0.4296016529394639,0.0,0.4192481824439841,Normal,Normal,Routine,D003A
537,109.23786851689788,-0.42959460067739136,0.0,0.4199657804993188,Normal,Normal,Routine,D003A
538,109.23801967193714,-0.42961375539673824,0.0,0.37728792205430567,Abnormal,Abnormal,Monitor,D003A
539,109.23809671726858,-0.4295800718235938,0.0,0.42217784163901023,Normal,Normal,Routine,D003A
540,109.23815195839623,-0.4295797021301331,0.0,0.42058436444980957,Normal,Normal,Routine,D003A
541,109.23594513065028,-0.42955142294065435,0.0,0.4137851203766339,Normal,Normal,Routine,D003A
542,109.23605898348738,-0.42952154060963793,0.0,0.4396336554855421,Normal,Normal,Routine,D003A
543,109.23613249243813,-0.42954970943629317,0.0,0.4591214037858523,Normal,Normal,Routine,D003A
544,109.23618564467864,-0.4295156016708154,0.0,0.4657111848094533,Normal,Normal,Routine,D003A
545,109.23628963726502,-0.42951288128880094,0.0,0.4551131948180043,Normal,Normal,Routine,D003A
546,109.23637684507584,-0.4295557924765034,0.0,0.4469191385041766,Normal,Normal,Routine,D003A
547,109.23645725229848,-0.4295076391283247,0.0,0.47098996030123064,Normal,Normal,Routine,D003A
548,109.23648099566198,-0.42953786904735813,0.0,0.4566859114610662,Normal,Normal,Routine,D003A
549,109.236618635671,-0.42952750791437005,0.0,0.4685009108800828,Normal,Normal,Routine,D003A
550,109.23669806520337,-0.42956329413128597,0.0,0.4450255417813049,Normal,Normal,Routine,D003A
551,109.23684293785934,-0.4295344390341034,0.0,0.41661065833873395,Normal,Normal,Routine,D003A
552,109.23691482304496,-0.429533973742288,0.0,0.4682537618787492,Normal,Normal,Routine,D003A
553,109.23699103232731,-0.4295343178982216,0.0,0.46521528945138096,Normal,Normal,Routine,D003A
554,109.2371694789043,-0.42951679422910166,0.0,0.4324534465332289,Normal,Normal,Routine,D003A
555,109.23733410653716,-0.4295382399566828,0.0,0.430595521254986,Normal,Normal,Routine,D003A
556,109.2374788221141,-0.42952867170909376,0.0,0.421360629736179,Normal,Normal,Routine,D003A
557,109.23768060842416,-0.4295508431735375,0.0,0.440281823505758,Normal,Normal,Routine,D003A
558,109.23781456467103,-0.42953672107761237,0.0,0.39610579024020937,Abnormal,Abnormal,Monitor,D003A
559,109.23789087187446,-0.42952934433249235,0.0,0.3813760387743419,Abnormal,Abnormal,Monitor,D003A
560,109.23790872361907,-0.4296413623341517,0.0,0.45041040732654897,Normal,Normal,Routine,D003A
561,109.23804893843511,-0.4295514839375271,0.0,0.3920546558627201,Abnormal,Abnormal,Monitor,D003A
562,109.23815643978737,-0.4295251901387505,0.0,0.4185035058417478,Normal,Normal,Routine,D003A
563,109.23822817842765,-0.4295176576925121,0.0,0.4393444751890806,Normal,Normal,Routine,D003A
564,109.23608934214941,-0.4294597713624505,0.0,0.4541309275665787,Normal,Normal,Routine,D003A
565,109.23617590311017,-0.42945995877217885,0.0,0.48091725206081487,Normal,Normal,Routine,D003A
566,109.23625416559895,-0.42947297445247035,0.0,0.4356240183249049,Normal,Normal,Routine,D003A
567,109.2363778698662,-0.429466281537966,0.0,0.4161230647485319,Normal,Normal,Routine,D003A
568,109.2364575694168,-0.4294330661446913,0.0,0.47654258563174856,Normal,Normal,Routine,D003A
569,109.23655290834824,-0.42946048495144856,0.0,0.47336444295328417,Normal,Normal,Routine,D003A
570,109.23663033721873,-0.429469752115133,0.0,0.486360383756233,Normal,Normal,Routine,D003A
571,109.23672216666371,-0.4294616799660667,0.0,0.4209178981391634,Normal,Normal,Routine,D003A
572,109.23682489862551,-0.42945669310505585,0.0,0.42175116492077136,Normal,Normal,Routine,D003A
573,109.23691402898578,-0.42947121244494396,0.0,0.4498798911444623,Normal,Normal,Routine,D003A
574,109.2370399739066,-0.429447441432036,0.0,0.41151549475380383,Normal,Normal,Routine,D003A
575,109.23716019928077,-0.42945615967431233,0.0,0.4349633312673497,Normal,Normal,Routine,D003A
576,109.23722914843599,-0.42944215180404904,0.0,0.43996925575530627,Normal,Normal,Routine,D003A
577,109.23738716407394,-0.4294549752976751,0.0,0.3929871597741275,Abnormal,Abnormal,Monitor,D003A
578,109.23745940657591,-0.42944761208021437,0.0,0.45386207247775295,Normal,Normal,Routine,D003A
579,109.23750693760982,-0.429459906223232,0.0,0.44176990662527243,Normal,Normal,Routine,D003A
580,109.23768878278304,-0.4294485343681137,0.0,0.44239659337702103,Normal,Normal,Routine,D003A
581,109.23778334783242,-0.4294390864907918,0.0,0.4602063125633734,Normal,Normal,Routine,D003A
582,109.23786185031736,-0.4294478013689905,0.0,0.43859544541210777,Normal,Normal,Routine,D003A
583,109.23793706045409,-0.4294573221186554,0.0,0.4193114263829417,Normal,Normal,Routine,D003A
584,109.23802707296306,-0.429448354268429,0.0,0.42358417374634666,Normal,Normal,Routine,D003A
585,109.23810530189972,-0.4294434946304357,0.0,0.4617697767372538,Normal,Normal,Routine,D003A
586,109.23818418486691,-0.4294500302315234,0.0,0.4337991691486665,Normal,Normal,Routine,D003A
587,109.23826334149324,-0.429461874139018,0.0,0.4323396448718622,Normal,Normal,Routine,D003A
588,109.23598604615081,-0.4294136678850793,0.0,0.4396867264400829,Normal,Normal,Routine,D003A
589,109.23606341537034,-0.42941266581308474,0.0,0.4837454522225576,Normal,Normal,Routine,D003A
590,109.23611109052337,-0.4293995591246035,0.0,0.48791485310964045,Normal,Normal,Routine,D003A
591,109.23617120738172,-0.42939537895167523,0.0,0.47867878797970514,Normal,Normal,Routine,D003A
592,109.23627230745745,-0.4294125768939602,0.0,0.4697227173916532,Normal,Normal,Routine,D003A
593,109.23632782728686,-0.42943052024156786,0.0,0.4508677652497029,Normal,Normal,Routine,D003A
594,109.23636984479774,-0.4293992864575687,0.0,0.4217196135336436,Normal,Normal,Routine,D003A
595,109.23645670845887,-0.429387845544483,0.0,0.4573339644531904,Normal,Normal,Routine,D003A
596,109.23651567375003,-0.4293640436092408,0.0,0.4748103897610883,Normal,Normal,Routine,D003A
597,109.23657617224707,-0.42940358459414824,0.0,0.4520812243008528,Normal,Normal,Routine,D003A
598,109.23667203153632,-0.4293867905048008,0.0,0.3667675949192219,Abnormal,Abnormal,Monitor,D003A
599,109.23672851773534,-0.429405534382209,0.0,0.4272630558385012,Normal,Normal,Routine,D003A
600,109.23683948454219,-0.42937924322585597,0.0,0.43750806802427167,Normal,Normal,Routine,D003A
601,109.23701098937889,-0.42939647107892986,0.0,0.4484939120830571,Normal,Normal,Routine,D003A
602,109.23707647007265,-0.4294030623527843,0.0,0.39922540175496296,Abnormal,Abnormal,Monitor,D003A
603,109.23717223040468,-0.42941054325441275,0.0,0.42735106489953156,Normal,Normal,Routine,D003A
604,109.23724265275563,-0.42939248174799594,0.0,0.4483871151722847,Normal,Normal,Routine,D003A
605,109.23734510207869,-0.4293783894131439,0.0,0.45013135803135906,Normal,Normal,Routine,D003A
606,109.2374155405411,-0.4293684458066677,0.0,0.4360843222491061,Normal,Normal,Routine,D003A
607,109.2376007907607,-0.4294014821981332,0.0,0.4224826328606624,Normal,Normal,Routine,D003A
608,109.23765847326212,-0.42937807602536604,0.0,0.4157392487368954,Normal,Normal,Routine,D003A
609,109.23775880803576,-0.42936807695679646,0.0,0.4446374238647807,Normal,Normal,Routine,D003A
610,109.23781410610835,-0.4293621892332348,0.0,0.4277567747621144,Normal,Normal,Routine,D003A
611,109.23785349533333,-0.42936219747097937,0.0,0.4547098227060185,Normal,Normal,Routine,D003A
612,109.23796315325862,-0.42937976182382603,0.0,0.3970093840460998,Abnormal,Abnormal,Monitor,D003A
613,109.23807026850336,-0.429392001971322,0.0,0.4378701725003957,Normal,Normal,Routine,D003A
614,109.23813863653729,-0.429405324616935,0.0,0.4736836347790515,Normal,Normal,Routine,D003A
615,109.23819556438202,-0.42940599435047305,0.0,0.46819292529185014,Normal,Normal,Routine,D003A
616,109.235978142157,-0.4293083386971184,0.0,0.4439957126916834,Normal,Normal,Routine,D003A
617,109.23601922149741,-0.42932964810528945,0.0,0.3777349426341857,Abnormal,Abnormal,Monitor,D003A
618,109.2360852874774,-0.429353442003489,0.0,0.483161661181006,Normal,Normal,Routine,D003A
619,109.2361868700097,-0.42933105887308415,0.0,0.4129441625379077,Normal,Normal,Routine,D003A
620,109.23628620958137,-0.4293321137541641,0.0,0.46567603060877816,Normal,Normal,Routine,D003A
621,109.23641710579673,-0.4293472414376056,0.0,0.4402593207284272,Normal,Normal,Routine,D003A
622,109.23647379749437,-0.4293315704349077,0.0,0.47378189322396275,Normal,Normal,Routine,D003A
623,109.23654695575723,-0.4293300446911162,0.0,0.47692050310413747,Normal,Normal,Routine,D003A
624,109.2366355297395,-0.42931857975275556,0.0,0.4102587955453785,Normal,Normal,Routine,D003A
625,109.23674121663608,-0.42930345185106467,0.0,0.4367618014713606,Normal,Normal,Routine,D003A
626,109.23681991777035,-0.42934275561602075,0.0,0.4292765952032367,Normal,Normal,Routine,D003A
627,109.23690772628335,-0.4293162836419667,0.0,0.4271891931603263,Normal,Normal,Routine,D003A
628,109.23695113696182,-0.42933236222336196,0.0,0.4347042686741153,Normal,Normal,Routine,D003A
629,109.23721917677355,-0.4293282221747553,0.0,0.42202648811790716,Normal,Normal,Routine,D003A
630,109.23726856446208,-0.429325121040118,0.0,0.45057164054262133,Normal,Normal,Routine,D003A
631,109.23735597470045,-0.42930414077462403,0.0,0.46471291826114997,Normal,Normal,Routine,D003A
632,109.23746383625884,-0.4293207986009374,0.0,0.4343581928743316,Normal,Normal,Routine,D003A
633,109.23754252573973,-0.4293248491398347,0.0,0.429159514442717,Normal,Normal,Routine,D003A
634,109.23762456101636,-0.42931831381403396,0.0,0.4422441033085938,Normal,Normal,Routine,D003A
635,109.23769808738477,-0.42933348694865575,0.0,0.44320589237802566,Normal,Normal,Routine,D003A
636,109.23778390290398,-0.4292942276849702,0.0,0.41201898637973555,Normal,Normal,Routine,D003A
637,109.23783000266408,-0.42932760072876935,0.0,0.4390977963814159,Normal,Normal,Routine,D003A
638,109.23795344083578,-0.4293104847470321,0.0,0.4388276031344208,Normal,Normal,Routine,D003A
639,109.23801110477511,-0.42932110647402205,0.0,0.4307956730139845,Normal,Normal,Routine,D003A
640,109.23809186126142,-0.4293013644431992,0.0,0.40367106903601696,Normal,Normal,Routine,D003A
641,109.23815222365137,-0.4293196733484519,0.0,0.3778118475770148,Abnormal,Abnormal,Monitor,D003A
642,109.23824005440342,-0.42934933759741883,0.0,0.40569869860716307,Normal,Normal,Routine,D003A
643,109.23596129856715,-0.4292696244463327,0.0,0.43138710939669395,Normal,Normal,Routine,D003A
644,109.23605472940874,-0.4292310036316336,0.0,0.4346776530460213,Normal,Normal,Routine,D003A
645,109.2361073986724,-0.42924653183203115,0.0,0.45876372842301283,Normal,Normal,Routine,D003A
646,109.23619246486898,-0.4292429714678658,0.0,0.4657962456260562,Normal,Normal,Routine,D003A
647,109.23627347525148,-0.42924386926086117,0.0,0.4606808904084942,Normal,Normal,Routine,D003A
648,109.2363243476288,-0.4293001248820733,0.0,0.4541702931338022,Normal,Normal,Routine,D003A
649,109.23638846205162,-0.4292909276744961,0.0,0.4534288897108631,Normal,Normal,Routine,D003A
650,109.23646283903031,-0.42927866546517224,0.0,0.45175479575969235,Normal,Normal,Routine,D003A
651,109.23654158486978,-0.42926001900964283,0.0,0.45282209125120054,Normal,Normal,Routine,D003A
652,109.23663079067984,-0.42925881258908066,0.0,0.42849769827660855,Normal,Normal,Routine,D003A
653,109.23667619562377,-0.4292587290847169,0.0,0.4605681277045412,Normal,Normal,Routine,D003A
654,109.23675699339843,-0.42925456636333564,0.0,0.42919657032053354,Normal,Normal,Routine,D003A
655,109.23691393506797,-0.4292460020056776,0.0,0.44286329485587755,Normal,Normal,Routine,D003A
656,109.23697509581042,-0.429245444686664,0.0,0.4008224543112402,Normal,Normal,Routine,D003A
657,109.23701437840005,-0.4292952201345799,0.0,0.42948408281169304,Normal,Normal,Routine,D003A
658,109.23709677317156,-0.4292799267549306,0.0,0.4146581060902831,Normal,Normal,Routine,D003A
659,109.23722600690968,-0.4292825683731462,0.0,0.44032268044250383,Normal,Normal,Routine,D003A
660,109.23741275016867,-0.4292522733607388,0.0,0.44142440792959425,Normal,Normal,Routine,D003A
661,109.23748611590918,-0.4292313929193984,0.0,0.41280127622659374,Normal,Normal,Routine,D003A
662,109.23757448073138,-0.42926266332204077,0.0,0.42957466227852,Normal,Normal,Routine,D003A
663,109.23774464207139,-0.4292513384708112,0.0,0.44633599797455425,Normal,Normal,Routine,D003A
664,109.23775015473709,-0.42919261359583927,0.0,0.44652005721505234,Normal,Normal,Routine,D003A
665,109.23782360658895,-0.42919978636451844,0.0,0.42897347660436447,Normal,Normal,Routine,D003A
666,109.23789916141642,-0.4291907482313571,0.0,0.4313385678368027,Normal,Normal,Routine,D003A
667,109.23797134540516,-0.4291997003678107,0.0,0.3758432086234769,Abnormal,Abnormal,Monitor,D003A
668,109.23798942985796,-0.4292684087737654,0.0,0.3572560034441848,Abnormal,Abnormal,Monitor,D003A
669,109.23815373237255,-0.42922321740937763,0.0,0.43525738594410296,Normal,Normal,Routine,D003A
670,109.23822634249248,-0.4292346094471098,0.0,0.4155728502928548,Normal,Normal,Routine,D003A
671,109.23602325516998,-0.429194493376819,0.0,0.45443618550184506,Normal,Normal,Routine,D003A
672,109.23614089669893,-0.4291694453810809,0.0,0.42791999055725655,Normal,Normal,Routine,D003A
673,109.23625212371715,-0.4291795197835208,0.0,0.4446991088872634,Normal,Normal,Routine,D003A
674,109.23634412247783,-0.42922039106381876,0.0,0.4529504951324549,Normal,Normal,Routine,D003A
675,109.23640305468298,-0.42917630115943145,0.0,0.43001696461115974,Normal,Normal,Routine,D003A
676,109.23647608227525,-0.4291962000436116,0.0,0.4485836940668982,Normal,Normal,Routine,D003A
677,109.23654762597188,-0.4291727681677092,0.0,0.46029290869438017,Normal,Normal,Routine,D003A
678,109.23669117509428,-0.4291846803726048,0.0,0.4330629002550193,Normal,Normal,Routine,D003A
679,109.23687434596974,-0.429150034861511,0.0,0.4066710984191843,Normal,Normal,Routine,D003A
680,109.23697953598904,-0.42916690909324423,0.0,0.4318660476282172,Normal,Normal,Routine,D003A
681,109.23715940202577,-0.4291916454581963,0.0,0.41938153008590123,Normal,Normal,Routine,D003A
682,109.2371804586261,-0.4291671727570994,0.0,0.4392217614194659,Normal,Normal,Routine,D003A
683,109.2372856976875,-0.42918178805858,0.0,0.36807773542246613,Abnormal,Abnormal,Monitor,D003A
684,109.23736921637192,-0.4291775409531906,0.0,0.4629438296632457,Normal,Normal,Routine,D003A
685,109.23746599271438,-0.4291494867042901,0.0,0.4103702043838461,Normal,Normal,Routine,D003A
686,109.237523649979,-0.42917742124932456,0.0,0.40591091527769924,Normal,Normal,Routine,D003A
687,109.2376731104462,-0.4291708500159591,0.0,0.4142067663443203,Normal,Normal,Routine,D003A
688,109.23786454265178,-0.4291526429377849,0.0,0.43799438130869894,Normal,Normal,Routine,D003A
689,109.23801800447123,-0.4291560027436794,0.0,0.4221576241796472,Normal,Normal,Routine,D003A
690,109.23817534105241,-0.4291532476626288,0.0,0.41988575086109486,Normal,Normal,Routine,D003A
691,109.23823248709739,-0.4291817391435399,0.0,0.4204929144541375,Normal,Normal,Routine,D003A
692,109.23594485995741,-0.4291139220021332,0.0,0.4420457879016522,Normal,Normal,Routine,D003A
693,109.236042083292,-0.42913019935736596,0.0,0.45747905080198314,Normal,Normal,Routine,D003A
694,109.23621897502848,-0.42910017247643806,0.0,0.430686583097716,Normal,Normal,Routine,D003A
695,109.23629159630728,-0.4291095614953513,0.0,0.40579990009478756,Normal,Normal,Routine,D003A
696,109.23639831190629,-0.4291053016990264,0.0,0.45074762171372434,Normal,Normal,Routine,D003A
697,109.236474052474,-0.4291243439342912,0.0,0.4267849199343932,Normal,Normal,Routine,D003A
698,109.23655065054743,-0.4291096044516896,0.0,0.4219336570025206,Normal,Normal,Routine,D003A
699,109.23661917940665,-0.4291068287860559,0.0,0.4234324876342092,Normal,Normal,Routine,D003A
700,109.2366945214125,-0.4290972760711234,0.0,0.4115245752327435,Normal,Normal,Routine,D003A
701,109.23676527172856,-0.429082617517522,0.0,0.431874768056262,Normal,Normal,Routine,D003A
702,109.23685423774491,-0.4290890984815761,0.0,0.40025994845696755,Normal,Normal,Routine,D003A
703,109.23708857725678,-0.42909202311020866,0.0,0.41445412122426684,Normal,Normal,Routine,D003A
704,109.23716019750086,-0.4290795983720391,0.0,0.4155817304287587,Normal,Normal,Routine,D003A
705,109.23724005326221,-0.429082168834864,0.0,0.44693223156117806,Normal,Normal,Routine,D003A
706,109.23740784571517,-0.42909094058919084,0.0,0.4486271105125314,Normal,Normal,Routine,D003A
707,109.23748223247374,-0.4290596564070201,0.0,0.4471411053561992,Normal,Normal,Routine,D003A
708,109.23756626962916,-0.42909002601896856,0.0,0.39687158648839466,Abnormal,Abnormal,Monitor,D003A
709,109.23766097419947,-0.42908318706355253,0.0,0.41771470924415566,Normal,Normal,Routine,D003A
710,109.23770374525118,-0.4290917534724382,0.0,0.4282513263886078,Normal,Normal,Routine,D003A
711,109.2378113854163,-0.42908285299804183,0.0,0.4367891436804509,Normal,Normal,Routine,D003A
712,109.23790631814872,-0.42907606292342154,0.0,0.4322370072814986,Normal,Normal,Routine,D003A
713,109.23796462266776,-0.4290901129939297,0.0,0.42635336180683225,Normal,Normal,Routine,D003A
714,109.23804947342849,-0.42907840932427405,0.0,0.4231134722851074,Normal,Normal,Routine,D003A
715,109.2381370141833,-0.42907994432865304,0.0,0.448106151446812,Normal,Normal,Routine,D003A
716,109.23600803685953,-0.42906425266169584,0.0,0.458271209786142,Normal,Normal,Routine,D003A
717,109.23608961392404,-0.42904605539608287,0.0,0.45241695874336785,Normal,Normal,Routine,D003A
718,109.23616275524437,-0.42906743554350735,0.0,0.49926153944171353,Normal,Normal,Routine,D003A
719,109.23639994314392,-0.42906618479592323,0.0,0.44561373976709756,Normal,Normal,Routine,D003A
720,109.23647810041307,-0.429032704067041,0.0,0.44800216260971,Normal,Normal,Routine,D003A
721,109.23655922331268,-0.4290365516991118,0.0,0.4334868376732732,Normal,Normal,Routine,D003A
722,109.236652347093,-0.4290326784930333,0.0,0.3920960826662273,Abnormal,Abnormal,Monitor,D003A
723,109.23675142283798,-0.42901697661882165,0.0,0.4222050101530359,Normal,Normal,Routine,D003A
724,109.23684174137861,-0.4289971789450567,0.0,0.42898634146778236,Normal,Normal,Routine,D003A
725,109.23697113668457,-0.4290080994491249,0.0,0.46544468727229377,Normal,Normal,Routine,D003A
726,109.23711933061631,-0.4290286659584703,0.0,0.4653155522819901,Normal,Normal,Routine,D003A
727,109.23722053896769,-0.4290400592012058,0.0,0.44431819737708417,Normal,Normal,Routine,D003A
728,109.23727839599849,-0.4290311155335007,0.0,0.4561670146175936,Normal,Normal,Routine,D003A
729,109.23736174740583,-0.42902772565892633,0.0,0.3836347809423217,Abnormal,Abnormal,Monitor,D003A
730,109.2374472092938,-0.42900672955219765,0.0,0.4123130289684877,Normal,Normal,Routine,D003A
731,109.23754308256923,-0.42902709944451783,0.0,0.40231592056628784,Normal,Normal,Routine,D003A
732,109.23763054902356,-0.42901955797493363,0.0,0.4183361706180641,Normal,Normal,Routine,D003A
733,109.23769138787249,-0.42903616056634697,0.0,0.4398124966173738,Normal,Normal,Routine,D003A
734,109.23776294172603,-0.42901562242013275,0.0,0.3847777964152814,Abnormal,Abnormal,Monitor,D003A
735,109.23786957162115,-0.4290211832743689,0.0,0.42392918681289826,Normal,Normal,Routine,D003A
736,109.23793802286266,-0.42900843856800264,0.0,0.4484914905266263,Normal,Normal,Routine,D003A
737,109.23803053264126,-0.4290266002827354,0.0,0.41213375026304727,Normal,Normal,Routine,D003A
738,109.23810660612654,-0.42901996227267297,0.0,0.4299422422913658,Normal,Normal,Routine,D003A
739,109.23818566843413,-0.4290317844370381,0.0,0.4359583279142016,Normal,Normal,Routine,D003A
740,109.23595011363614,-0.4289858744495487,0.0,0.4149651176546915,Normal,Normal,Routine,D003A
741,109.2360354502198,-0.42894693704596165,0.0,0.43260507539241244,Normal,Normal,Routine,D003A
742,109.23611706465599,-0.42896951102255293,0.0,0.472010950333934,Normal,Normal,Routine,D003A
743,109.23616407312272,-0.4289845785175891,0.0,0.5072666681853637,Healthy,Healthy,None,D003A
744,109.23622618069575,-0.4289954400041923,0.0,0.5040250984407767,Healthy,Healthy,None,D003A
745,109.23629542862047,-0.428955345876572,0.0,0.4506681140410517,Normal,Normal,Routine,D003A
746,109.2363210871597,-0.4290088610367529,0.0,0.4051519835590062,Normal,Normal,Routine,D003A
747,109.23636799830825,-0.4289860600670159,0.0,0.45477402406832623,Normal,Normal,Routine,D003A
748,109.23645365266133,-0.42895207557197557,0.0,0.3872394904154403,Abnormal,Abnormal,Monitor,D003A
749,109.23651970937216,-0.42895758542436446,0.0,0.4600036490457849,Normal,Normal,Routine,D003A
750,109.2365693084343,-0.42893355160875235,0.0,0.45589492645057655,Normal,Normal,Routine,D003A
751,109.23666460962613,-0.4289492850219568,0.0,0.4373193623762897,Normal,Normal,Routine,D003A
752,109.23678292769388,-0.4289630008576696,0.0,0.4936132408745654,Normal,Normal,Routine,D003A
753,109.23694167430044,-0.4289726820445931,0.0,0.46451565791435745,Normal,Normal,Routine,D003A
754,109.23701947070195,-0.4289774847431735,0.0,0.4024001372510053,Normal,Normal,Routine,D003A
755,109.23711538698397,-0.42895114303790055,0.0,0.39170526095568975,Abnormal,Abnormal,Monitor,D003A
756,109.2372546650357,-0.4289309181229986,0.0,0.42605745148522634,Normal,Normal,Routine,D003A
757,109.23733027189971,-0.42894559164748347,0.0,0.44508423803090835,Normal,Normal,Routine,D003A
758,109.23740254177284,-0.42894419137110984,0.0,0.41086333982052026,Normal,Normal,Routine,D003A
759,109.23748255563913,-0.42894676276685767,0.0,0.4120193516678439,Normal,Normal,Routine,D003A
760,109.23756664244775,-0.4289407207444044,0.0,0.39390109684620717,Abnormal,Abnormal,Monitor,D003A
761,109.23766293187947,-0.4289482207309117,0.0,0.42114022611928115,Normal,Normal,Routine,D003A
762,109.2377315832122,-0.42894426767721167,0.0,0.4183447534168089,Normal,Normal,Routine,D003A
763,109.23780763615181,-0.42894492374809984,0.0,0.4486540762250188,Normal,Normal,Routine,D003A
764,109.23789367387548,-0.4289395206091806,0.0,0.4135993075216993,Normal,Normal,Routine,D003A
765,109.23798281198793,-0.4289439379838407,0.0,0.44032417518946415,Normal,Normal,Routine,D003A
766,109.23805972644344,-0.42893253992937613,0.0,0.4058108868076838,Normal,Normal,Routine,D003A
767,109.23813070677598,-0.42894531787057266,0.0,0.44085608200557663,Normal,Normal,Routine,D003A
768,109.23821857771841,-0.4289485096225709,0.0,0.40964992305919046,Normal,Normal,Routine,D003A
769,109.23594887059915,-0.4289184586525974,0.0,0.44105266263060766,Normal,Normal,Routine,D003A
770,109.23615965873387,-0.42888775687512143,0.0,0.4637963894862108,Normal,Normal,Routine,D003A
771,109.23623919271019,-0.42889886656320036,0.0,0.4694849223917519,Normal,Normal,Routine,D003A
772,109.23643269323578,-0.42885818362354894,0.0,0.4430829888260042,Normal,Normal,Routine,D003A
773,109.23647657820311,-0.4288781318004022,0.0,0.45293210493372726,Normal,Normal,Routine,D003A
774,109.23667372397831,-0.42891182743027684,0.0,0.46039103308320944,Normal,Normal,Routine,D003A
775,109.23675729262004,-0.4289011082599236,0.0,0.453299670490254,Normal,Normal,Routine,D003A
776,109.23689294514192,-0.4288812270489586,0.0,0.4086987194749248,Normal,Normal,Routine,D003A
777,109.23696012275246,-0.42889528007590666,0.0,0.442314865004916,Normal,Normal,Routine,D003A
778,109.23715199971176,-0.4288997900133698,0.0,0.43142487467248436,Normal,Normal,Routine,D003A
779,109.23719978201542,-0.42888957346427536,0.0,0.45317553773330016,Normal,Normal,Routine,D003A
780,109.23729285797235,-0.42889854671485994,0.0,0.4202333921058205,Normal,Normal,Routine,D003A
781,109.23735563303369,-0.42890141253078523,0.0,0.47015266449583104,Normal,Normal,Routine,D003A
782,109.23754067158553,-0.4288780277400181,0.0,0.41671001661692947,Normal,Normal,Routine,D003A
783,109.23760895885607,-0.42888697624953487,0.0,0.42857264449494115,Normal,Normal,Routine,D003A
784,109.23769368562938,-0.4288792279566684,0.0,0.4273812093306333,Normal,Normal,Routine,D003A
785,109.2377736789292,-0.42887751567242516,0.0,0.43774686950523883,Normal,Normal,Routine,D003A
786,109.2378393445086,-0.42886134754035504,0.0,0.41931276471765194,Normal,Normal,Routine,D003A
787,109.23793044726315,-0.4288770012973121,0.0,0.41538511070533135,Normal,Normal,Routine,D003A
788,109.23801585167335,-0.4288717571635201,0.0,0.38447824269085673,Abnormal,Abnormal,Monitor,D003A
789,109.23811551983108,-0.42884259035714184,0.0,0.46866774200355593,Normal,Normal,Routine,D003A
790,109.23814208993049,-0.42888924213419494,0.0,0.4201194868431435,Normal,Normal,Routine,D003A
791,109.23823212421553,-0.42889110777622946,0.0,0.42406113557908487,Normal,Normal,Routine,D003A
792,109.23596116761367,-0.42882569306422413,0.0,0.4449831331532246,Normal,Normal,Routine,D003A
793,109.23603024936313,-0.4288247523458054,0.0,0.48486013781243503,Normal,Normal,Routine,D003A
794,109.23611419859614,-0.42883080169296023,0.0,0.4668194636407553,Normal,Normal,Routine,D003A
795,109.23619770149516,-0.428816783629014,0.0,0.4850610067408233,Normal,Normal,Routine,D003A
796,109.23628959819332,-0.42882478087071046,0.0,0.45789246293795866,Normal,Normal,Routine,D003A
797,109.2364168266228,-0.4288012787068157,0.0,0.4323805293234268,Normal,Normal,Routine,D003A
798,109.23651461698789,-0.4288245455062521,0.0,0.4426191825497974,Normal,Normal,Routine,D003A
799,109.23657376821951,-0.4288321047032281,0.0,0.4733447517923279,Normal,Normal,Routine,D003A
800,109.23664483123166,-0.4288326791405303,0.0,0.38623227944003546,Abnormal,Abnormal,Monitor,D003A
801,109.23670512021185,-0.42883006161336606,0.0,0.3915656195404863,Abnormal,Abnormal,Monitor,D003A
802,109.23683765890685,-0.42883160796161174,0.0,0.4530859152297,Normal,Normal,Routine,D003A
803,109.236950164194,-0.4287946264930057,0.0,0.4448286000757641,Normal,Normal,Routine,D003A
804,109.23702285105813,-0.42882764215184654,0.0,0.4358706008525483,Normal,Normal,Routine,D003A
805,109.23709422026775,-0.4288052320678734,0.0,0.4188791322579216,Normal,Normal,Routine,D003A
806,109.23717624669763,-0.4287979850394197,0.0,0.4441912918880058,Normal,Normal,Routine,D003A
807,109.23724851746967,-0.42879262302131904,0.0,0.4388037004711464,Normal,Normal,Routine,D003A
808,109.2373226138591,-0.42881331792306054,0.0,0.4434446098840326,Normal,Normal,Routine,D003A
809,109.23750676559064,-0.4288105274473923,0.0,0.4088137832680086,Normal,Normal,Routine,D003A
810,109.23756400060904,-0.428811247879156,0.0,0.4353287152244291,Normal,Normal,Routine,D003A
811,109.23764091335022,-0.4287679895255855,0.0,0.3935103985990408,Abnormal,Abnormal,Monitor,D003A
812,109.23773185288658,-0.4288020656427049,0.0,0.4349971698382153,Normal,Normal,Routine,D003A
813,109.23782034420002,-0.4288066320718574,0.0,0.40195604067412205,Normal,Normal,Routine,D003A
814,109.237891325763,-0.42881398692086925,0.0,0.4012285608253619,Normal,Normal,Routine,D003A
815,109.23805975810977,-0.4287940870434022,0.0,0.3798652264821383,Abnormal,Abnormal,Monitor,D003A
816,109.23814848587168,-0.42880176341275134,0.0,0.457013688784759,Normal,Normal,Routine,D003A
817,109.23821779075428,-0.4288074530542854,0.0,0.43733352896292743,Normal,Normal,Routine,D003A
818,109.23599493132073,-0.4287572725737973,0.0,0.43983932548938626,Normal,Normal,Routine,D003A
819,109.23609728896591,-0.42875091558516376,0.0,0.47140868835482136,Normal,Normal,Routine,D003A
820,109.23617981500927,-0.42875056125455463,0.0,0.4699470998020493,Normal,Normal,Routine,D003A
821,109.23623542605404,-0.42875458472286676,0.0,0.480987942204474,Normal,Normal,Routine,D003A
822,109.23631942971784,-0.42875048874264715,0.0,0.45896023941211767,Normal,Normal,Routine,D003A
823,109.23641547320767,-0.42874511235281876,0.0,0.4669743249015173,Normal,Normal,Routine,D003A
824,109.23649514341413,-0.4287615357291314,0.0,0.45210930108488195,Normal,Normal,Routine,D003A
825,109.23657389050858,-0.42876091646266445,0.0,0.45135658628905534,Normal,Normal,Routine,D003A
826,109.23668200121256,-0.4287680873120862,0.0,0.416388725296132,Normal,Normal,Routine,D003A
827,109.23673919816906,-0.4287740816150377,0.0,0.4114675059542844,Normal,Normal,Routine,D003A
828,109.23679339487884,-0.4287409163341974,0.0,0.425926936599665,Normal,Normal,Routine,D003A
829,109.23689170892665,-0.4287446874544758,0.0,0.4225131996336519,Normal,Normal,Routine,D003A
830,109.23698149540058,-0.4287497162860974,0.0,0.4299469917690044,Normal,Normal,Routine,D003A
831,109.23706728734389,-0.4287622544006949,0.0,0.41956067446045203,Normal,Normal,Routine,D003A
832,109.23716119953673,-0.428720389007361,0.0,0.4256687407127124,Normal,Normal,Routine,D003A
833,109.23721395967105,-0.42872757957119917,0.0,0.41003703175991674,Normal,Normal,Routine,D003A
834,109.23727134407773,-0.4287466889753522,0.0,0.41022300459623623,Normal,Normal,Routine,D003A
835,109.23736113355338,-0.42873867689499445,0.0,0.4302659914581546,Normal,Normal,Routine,D003A
836,109.23745307401205,-0.4287205525247597,0.0,0.4083437170260228,Normal,Normal,Routine,D003A
837,109.23750235285112,-0.428706367341632,0.0,0.43134005655039537,Normal,Normal,Routine,D003A
838,109.2376184191201,-0.4287117223790031,0.0,0.4161663309192027,Normal,Normal,Routine,D003A
839,109.2376903111069,-0.4287405328604552,0.0,0.4350409851899459,Normal,Normal,Routine,D003A
840,109.23778442346735,-0.4287112155593308,0.0,0.41593375554309275,Normal,Normal,Routine,D003A
841,109.23785585551836,-0.42872050571164366,0.0,0.3734779808928781,Abnormal,Abnormal,Monitor,D003A
842,109.23791643511909,-0.4287198894531899,0.0,0.35587224947985935,Abnormal,Abnormal,Monitor,D003A
843,109.23797595256951,-0.42875242730750956,0.0,0.377080989252212,Abnormal,Abnormal,Monitor,D003A
844,109.23800527114592,-0.4287136812191665,0.0,0.3767343877976132,Abnormal,Abnormal,Monitor,D003A
845,109.23811602499832,-0.4287114741650163,0.0,0.44327911982858986,Normal,Normal,Routine,D003A
846,109.23817512245668,-0.42872265325420367,0.0,0.4633568262753005,Normal,Normal,Routine,D003A
847,109.23823849685512,-0.42874053329599987,0.0,0.4181404782907544,Normal,Normal,Routine,D003A
848,109.23594646624174,-0.42867383791577374,0.0,0.4348371277297622,Normal,Normal,Routine,D003A
849,109.23605040328505,-0.4286899730216453,0.0,0.4408462424649244,Normal,Normal,Routine,D003A
850,109.23610997694367,-0.42869641640865486,0.0,0.465503792910158,Normal,Normal,Routine,D003A
851,109.23617083519771,-0.42870257252639055,0.0,0.4837011761075753,Normal,Normal,Routine,D003A
852,109.23629401870731,-0.4286986673962887,0.0,0.45130878044706,Normal,Normal,Routine,D003A
853,109.23636064860902,-0.42868803472413,0.0,0.4821901887538808,Normal,Normal,Routine,D003A
854,109.23648257746142,-0.4286753367945327,0.0,0.4433696115024099,Normal,Normal,Routine,D003A
855,109.23654484249964,-0.4287007765193161,0.0,0.4663587525263205,Normal,Normal,Routine,D003A
856,109.23660971558347,-0.4286893042461942,0.0,0.4548062087987599,Normal,Normal,Routine,D003A
857,109.23686391415308,-0.4286917243151472,0.0,0.46100605546354173,Normal,Normal,Routine,D003A
858,109.23697221155221,-0.4286917494242387,0.0,0.4613677026489033,Normal,Normal,Routine,D003A
859,109.23704090487836,-0.4286965120197286,0.0,0.41926982230304133,Normal,Normal,Routine,D003A
860,109.2371558551941,-0.42866770597305454,0.0,0.4300895878740658,Normal,Normal,Routine,D003A
861,109.23733956247409,-0.42867183870436293,0.0,0.45996743843410415,Normal,Normal,Routine,D003A
862,109.23740923506516,-0.428668155362122,0.0,0.44489293538103303,Normal,Normal,Routine,D003A
863,109.23748350803666,-0.42866696443164154,0.0,0.4108859144356929,Normal,Normal,Routine,D003A
864,109.23756654437227,-0.4286861937217158,0.0,0.4166993289801209,Normal,Normal,Routine,D003A
865,109.23761740783992,-0.4286638249877907,0.0,0.4236792276496824,Normal,Normal,Routine,D003A
866,109.23775350966858,-0.42867486276443784,0.0,0.4007319797190207,Normal,Normal,Routine,D003A
867,109.23781641926,-0.4286472826232547,0.0,0.4130587486838492,Normal,Normal,Routine,D003A
868,109.23789149209878,-0.42866796327745205,0.0,0.3785702831863145,Abnormal,Abnormal,Monitor,D003A
869,109.23798978520476,-0.4286417866659968,0.0,0.40065800369063215,Normal,Normal,Routine,D003A
870,109.23805092028196,-0.42863968024570465,0.0,0.4312850438030409,Normal,Normal,Routine,D003A
871,109.23819019043037,-0.4286660782906055,0.0,0.4649559217351335,Normal,Normal,Routine,D003A
872,109.23824770483498,-0.42866285421954115,0.0,0.42710864745342325,Normal,Normal,Routine,D003A
873,109.23600130175895,-0.42861642763239194,0.0,0.4639568846905604,Normal,Normal,Routine,D003A
874,109.23611332373979,-0.4286146983681803,0.0,0.455177314782908,Normal,Normal,Routine,D003A
875,109.23616343198596,-0.42864221787080004,0.0,0.49043226474966056,Normal,Normal,Routine,D003A
876,109.23625695366528,-0.42861875942658517,0.0,0.44632113616017743,Normal,Normal,Routine,D003A
877,109.23640311965042,-0.4286139688835217,0.0,0.45284779013080545,Normal,Normal,Routine,D003A
878,109.2364777462547,-0.42862955460767777,0.0,0.46612684786552633,Normal,Normal,Routine,D003A
879,109.23656711248132,-0.4286181567388344,0.0,0.4230917895732161,Normal,Normal,Routine,D003A
880,109.23663159825011,-0.4286113089607246,0.0,0.4374965081925789,Normal,Normal,Routine,D003A
881,109.23666090027974,-0.4286369634992185,0.0,0.4339135057097768,Normal,Normal,Routine,D003A
882,109.23681608129905,-0.42861275610775984,0.0,0.455225756128987,Normal,Normal,Routine,D003A
883,109.23691930023946,-0.4286504251285586,0.0,0.4464024776033945,Normal,Normal,Routine,D003A
884,109.23703830750425,-0.4286121755163167,0.0,0.4171854822753786,Normal,Normal,Routine,D003A
885,109.23710485378598,-0.4286137861259183,0.0,0.3903546003646027,Abnormal,Abnormal,Monitor,D003A
886,109.23738500579809,-0.42861004214482634,0.0,0.430409744426626,Normal,Normal,Routine,D003A
887,109.23749182984729,-0.4286031444838175,0.0,0.414994039869423,Normal,Normal,Routine,D003A
888,109.23763675334617,-0.4285995473007557,0.0,0.40619045033290224,Normal,Normal,Routine,D003A
889,109.23771550554297,-0.4285807434455284,0.0,0.42163228383273776,Normal,Normal,Routine,D003A
890,109.23775986413976,-0.4286037238502824,0.0,0.41001718368069795,Normal,Normal,Routine,D003A
891,109.23785572787376,-0.42858731583094495,0.0,0.3979340315286125,Abnormal,Abnormal,Monitor,D003A
892,109.23794205844439,-0.42858578495608024,0.0,0.4196171041305254,Normal,Normal,Routine,D003A
893,109.23800910124457,-0.4285924561368236,0.0,0.4101181988471201,Normal,Normal,Routine,D003A
894,109.23810416662614,-0.42860268680472935,0.0,0.4227850815021576,Normal,Normal,Routine,D003A
895,109.23820050589111,-0.42858484376343653,0.0,0.4126972105368601,Normal,Normal,Routine,D003A
896,109.23825880779509,-0.4286103784325581,0.0,0.43908587094548224,Normal,Normal,Routine,D003A
897,109.23594206165896,-0.4285341072886626,0.0,0.4305713077237239,Normal,Normal,Routine,D003A
898,109.23620904643985,-0.4285272874785579,0.0,0.45837728361658403,Normal,Normal,Routine,D003A
899,109.23626893271584,-0.4285415205671386,0.0,0.45791985925470363,Normal,Normal,Routine,D003A
900,109.23636764557538,-0.4285373963365368,0.0,0.4180148412246962,Normal,Normal,Routine,D003A
901,109.23644750129736,-0.42853996678317563,0.0,0.4387187102982948,Normal,Normal,Routine,D003A
902,109.23650454531253,-0.4285233906330716,0.0,0.4444812410548844,Normal,Normal,Routine,D003A
903,109.23657315072629,-0.4285275545586449,0.0,0.4252870316479673,Normal,Normal,Routine,D003A
904,109.23665664821263,-0.42854511913432725,0.0,0.44389789755508496,Normal,Normal,Routine,D003A
905,109.236794154028,-0.4285401755513589,0.0,0.42369196699912093,Normal,Normal,Routine,D003A
906,109.23685610499962,-0.42854066738079705,0.0,0.4297119483181868,Normal,Normal,Routine,D003A
907,109.23692289214313,-0.42852991626795445,0.0,0.431535458930343,Normal,Normal,Routine,D003A
908,109.23702292813839,-0.42851816546917904,0.0,0.41618975831452376,Normal,Normal,Routine,D003A
909,109.23709684152696,-0.428529885141662,0.0,0.4041969641855284,Normal,Normal,Routine,D003A
910,109.23716824628454,-0.42852877673982376,0.0,0.4220941545851629,Normal,Normal,Routine,D003A
911,109.23724338223622,-0.42853652681907933,0.0,0.3834886593567509,Abnormal,Abnormal,Monitor,D003A
912,109.23732109902926,-0.4285398943545955,0.0,0.3980376815946433,Abnormal,Abnormal,Monitor,D003A
913,109.2373922864792,-0.42853457095849495,0.0,0.42928961784032027,Normal,Normal,Routine,D003A
914,109.23750026946585,-0.4285269392699088,0.0,0.3155585247048827,Abnormal,Abnormal,Monitor,D003A
915,109.23756744768251,-0.42853844034867683,0.0,0.4399633910898982,Normal,Normal,Routine,D003A
916,109.23764912653746,-0.4285349496834038,0.0,0.43374543007085875,Normal,Normal,Routine,D003A
917,109.23780630434423,-0.428534967105201,0.0,0.44815863043857884,Normal,Normal,Routine,D003A
918,109.23788699859428,-0.42853981476072955,0.0,0.42714990533725156,Normal,Normal,Routine,D003A
919,109.2379672871889,-0.4285273666756912,0.0,0.39914089654812623,Abnormal,Abnormal,Monitor,D003A
920,109.23805633168269,-0.42853265123209705,0.0,0.39350200578073513,Abnormal,Abnormal,Monitor,D003A
921,109.23813841091214,-0.4285146457288018,0.0,0.42528503017428404,Normal,Normal,Routine,D003A
922,109.23823600772454,-0.428540189496052,0.0,0.43441063298079674,Normal,Normal,Routine,D003A
923,109.23596553146189,-0.42848010978859224,0.0,0.44074319042913485,Normal,Normal,Routine,D003A
924,109.23609006065989,-0.42848756476734867,0.0,0.4593535094601767,Normal,Normal,Routine,D003A
925,109.23615296294906,-0.4284877394120676,0.0,0.4692013758499654,Normal,Normal,Routine,D003A
926,109.23631838278806,-0.42846583674488353,0.0,0.4491520762085557,Normal,Normal,Routine,D003A
927,109.23639808136708,-0.4284720840340687,0.0,0.43377486564225715,Normal,Normal,Routine,D003A
928,109.23648878339819,-0.4284642566431045,0.0,0.44664055535411346,Normal,Normal,Routine,D003A
929,109.23655510109376,-0.42847156247724055,0.0,0.4315969016001224,Normal,Normal,Routine,D003A
930,109.23665206710321,-0.4284819536506172,0.0,0.43327187848657256,Normal,Normal,Routine,D003A
931,109.23672432057812,-0.42848927623344096,0.0,0.38909638143501374,Abnormal,Abnormal,Monitor,D003A
932,109.23676160771471,-0.42845439337807184,0.0,0.4148550725380222,Normal,Normal,Routine,D003A
933,109.23683170647614,-0.4284567580890663,0.0,0.4270740990371521,Normal,Normal,Routine,D003A
934,109.23695681827918,-0.42845431653425103,0.0,0.46467027478278256,Normal,Normal,Routine,D003A
935,109.23706037262536,-0.42845513540863117,0.0,0.4380499122738123,Normal,Normal,Routine,D003A
936,109.2371202446826,-0.42849239739051315,0.0,0.4251687743821302,Normal,Normal,Routine,D003A
937,109.23719627801484,-0.428445098423031,0.0,0.40418617317617067,Normal,Normal,Routine,D003A
938,109.23728760048606,-0.4284582463976631,0.0,0.3996330519141716,Abnormal,Abnormal,Monitor,D003A
939,109.23737753414093,-0.4284757310732513,0.0,0.45507748073074394,Normal,Normal,Routine,D003A
940,109.23743484870242,-0.4284506789649078,0.0,0.40655698414647184,Normal,Normal,Routine,D003A
941,109.2375240512521,-0.42845995152200755,0.0,0.43517054182190734,Normal,Normal,Routine,D003A
942,109.23762102143344,-0.42845231727574573,0.0,0.4236693178512612,Normal,Normal,Routine,D003A
943,109.2376945393186,-0.4284574381741706,0.0,0.4404784395405827,Normal,Normal,Routine,D003A
944,109.23778120773672,-0.4284593726515801,0.0,0.43655861527533146,Normal,Normal,Routine,D003A
945,109.2378513359532,-0.4284509382088262,0.0,0.4290107663939981,Normal,Normal,Routine,D003A
946,109.23793965274241,-0.4284645132184246,0.0,0.4508446512654867,Normal,Normal,Routine,D003A
947,109.2380173328228,-0.42845177334043677,0.0,0.425074534188367,Normal,Normal,Routine,D003A
948,109.2381903956247,-0.42845212992126336,0.0,0.44413840310156383,Normal,Normal,Routine,D003A
949,109.23825725510098,-0.4284709675106055,0.0,0.41298911349776274,Normal,Normal,Routine,D003A
950,109.23594848177464,-0.42839199996025007,0.0,0.42842130804519973,Normal,Normal,Routine,D003A
951,109.23599023655835,-0.42842928485524684,0.0,0.46662427347164614,Normal,Normal,Routine,D003A
952,109.23604177052235,-0.4283814738388476,0.0,0.4307716711930888,Normal,Normal,Routine,D003A
953,109.23611563498557,-0.42841840807589243,0.0,0.4407722158681731,Normal,Normal,Routine,D003A
954,109.23618846948214,-0.4283949140803351,0.0,0.464323423223189,Normal,Normal,Routine,D003A
955,109.2362167510012,-0.42844050365410224,0.0,0.4634349928233299,Normal,Normal,Routine,D003A
956,109.23629019274703,-0.42841694920985623,0.0,0.42372053359392065,Normal,Normal,Routine,D003A
957,109.23634517791363,-0.4283964651035017,0.0,0.4591712397229564,Normal,Normal,Routine,D003A
958,109.2364549797832,-0.4284126368187336,0.0,0.45544443233888976,Normal,Normal,Routine,D003A
959,109.23659266915297,-0.4284023452450646,0.0,0.4439681507009184,Normal,Normal,Routine,D003A
960,109.2367118223636,-0.4283896113804599,0.0,0.41894727021169204,Normal,Normal,Routine,D003A
961,109.2367942981103,-0.42838933116785183,0.0,0.43810732681936854,Normal,Normal,Routine,D003A
962,109.23686668865793,-0.42839433424931983,0.0,0.4257860637248907,Normal,Normal,Routine,D003A
963,109.23700912543222,-0.4283997161835292,0.0,0.41810154679409556,Normal,Normal,Routine,D003A
964,109.2370818542983,-0.42839048204632646,0.0,0.39579340235234883,Abnormal,Abnormal,Monitor,D003A
965,109.23717046363731,-0.4283894246484226,0.0,0.387267211927006,Abnormal,Abnormal,Monitor,D003A
966,109.23724584943882,-0.4283966014537768,0.0,0.4159454716572494,Normal,Normal,Routine,D003A
967,109.23732490231404,-0.42838270259030004,0.0,0.3917169159631119,Abnormal,Abnormal,Monitor,D003A
968,109.23741901874479,-0.42838655319617597,0.0,0.3907257695729949,Abnormal,Abnormal,Monitor,D003A
969,109.23749824000319,-0.4283905595081626,0.0,0.39811071759762884,Abnormal,Abnormal,Monitor,D003A
970,109.23758015412483,-0.4283991919380603,0.0,0.43021845141664644,Normal,Normal,Routine,D003A
971,109.23766381631556,-0.42838804592132707,0.0,0.4132313167458182,Normal,Normal,Routine,D003A
972,109.23772545010291,-0.4283930040036102,0.0,0.4305911094604185,Normal,Normal,Routine,D003A
973,109.23780444474708,-0.428382436559652,0.0,0.40513654282563016,Normal,Normal,Routine,D003A
974,109.23789367817267,-0.4283942538188744,0.0,0.423491030295857,Normal,Normal,Routine,D003A
975,109.23805375273743,-0.428379362695807,0.0,0.4043988769813603,Normal,Normal,Routine,D003A
976,109.23809764770618,-0.42837932131378287,0.0,0.43213343573748153,Normal,Normal,Routine,D003A
977,109.23820142175359,-0.4283899238452039,0.0,0.4398005038687831,Normal,Normal,Routine,D003A
978,109.23597618044683,-0.42830346553686743,0.0,0.42827896824365475,Normal,Normal,Routine,D003A
979,109.23606094840582,-0.42830380440047533,0.0,0.4569809368663173,Normal,Normal,Routine,D003A
980,109.2361206819802,-0.42830621101986854,0.0,0.41793140279152613,Normal,Normal,Routine,D003A
981,109.23619182389048,-0.4283073434120557,0.0,0.43154544089291547,Normal,Normal,Routine,D003A
982,109.2362507642456,-0.428313897868184,0.0,0.4487793472281153,Normal,Normal,Routine,D003A
983,109.23632174567143,-0.4283215710200663,0.0,0.436340776852199,Normal,Normal,Routine,D003A
984,109.23642980728943,-0.428311546580481,0.0,0.42921054868450614,Normal,Normal,Routine,D003A
985,109.23646608838445,-0.4283236771218721,0.0,0.44330471386909487,Normal,Normal,Routine,D003A
986,109.23648487723318,-0.42830137240670674,0.0,0.43753974615830116,Normal,Normal,Routine,D003A
987,109.23652930013947,-0.42836117588828876,0.0,0.4633557969743425,Normal,Normal,Routine,D003A
988,109.23693412521571,-0.42834050786844813,0.0,0.4421136120757902,Normal,Normal,Routine,D003A
989,109.23704819840336,-0.42829379194259426,0.0,0.41023048792464445,Normal,Normal,Routine,D003A
990,109.23710048116006,-0.4283105534931816,0.0,0.4207448732570466,Normal,Normal,Routine,D003A
991,109.23719691314734,-0.42831124048882896,0.0,0.41100449573879194,Normal,Normal,Routine,D003A
992,109.23729922153409,-0.42831235838673487,0.0,0.3827273784977416,Abnormal,Abnormal,Monitor,D003A
993,109.23737435529009,-0.42830614968211433,0.0,0.40160434520198074,Normal,Normal,Routine,D003A
994,109.23745609158591,-0.42830282179631357,0.0,0.38756700457841325,Abnormal,Abnormal,Monitor,D003A
995,109.23752290999684,-0.4283086256936786,0.0,0.4154817799768837,Normal,Normal,Routine,D003A
996,109.2376227543155,-0.42830636636026614,0.0,0.40342693738751223,Normal,Normal,Routine,D003A
997,109.23769436935558,-0.42831675164742666,0.0,0.4167713329361594,Normal,Normal,Routine,D003A
998,109.23786460627865,-0.428304796426028,0.0,0.4165995384868544,Normal,Normal,Routine,D003A
999,109.23793683331073,-0.4283219116560909,0.0,0.4010695976855054,Normal,Normal,Routine,D003A
1000,109.2380285276664,-0.4283273586860925,0.0,0.42459629819598826,Normal,Normal,Routine,D003A
1001,109.2381016168509,-0.4283178026837118,0.0,0.4246930942808514,Normal,Normal,Routine,D003A
1002,109.23818813202385,-0.4283025101934571,0.0,0.38546347625260596,Abnormal,Abnormal,Monitor,D003A
1003,109.23827305769409,-0.4283089105946892,0.0,0.3962402709461067,Abnormal,Abnormal,Monitor,D003A
1004,109.23596177280685,-0.428253589189801,0.0,0.4362014600485071,Normal,Normal,Routine,D003A
1005,109.23603898418324,-0.42824749582793215,0.0,0.47063009912545256,Normal,Normal,Routine,D003A
1006,109.23608821534603,-0.42824128294389296,0.0,0.47239858533916024,Normal,Normal,Routine,D003A
1007,109.23618154338891,-0.4282239176054383,0.0,0.4584738760023146,Normal,Normal,Routine,D003A
1008,109.23625617097991,-0.4282272853253093,0.0,0.478047643007907,Normal,Normal,Routine,D003A
1009,109.23667952936832,-0.4282605612490176,0.0,0.4039674310335106,Normal,Normal,Routine,D003A
1010,109.23686327763343,-0.42821088722399636,0.0,0.40002476240179885,Normal,Normal,Routine,D003A
1011,109.23716279336702,-0.4282436886229011,0.0,0.4030544854383234,Normal,Normal,Routine,D003A
1012,109.23743838083612,-0.42824571115183535,0.0,0.4137353276802018,Normal,Normal,Routine,D003A
1013,109.23749637639956,-0.42822801929042303,0.0,0.43303831698693374,Normal,Normal,Routine,D003A
1014,109.23764491019483,-0.4282316319938462,0.0,0.4160822617853818,Normal,Normal,Routine,D003A
1015,109.23775506741084,-0.42824583330418475,0.0,0.4332803546343572,Normal,Normal,Routine,D003A
1016,109.23784475169501,-0.42824222963065783,0.0,0.4301591783735105,Normal,Normal,Routine,D003A
1017,109.23798914185355,-0.42822589974107295,0.0,0.3987899915653975,Abnormal,Abnormal,Monitor,D003A
1018,109.2380708991028,-0.42822926819244167,0.0,0.38622066331203014,Abnormal,Abnormal,Monitor,D003A
1019,109.23814884993936,-0.4282463539980774,0.0,0.42354265697157156,Normal,Normal,Routine,D003A
1020,109.23822110329672,-0.4282387140097207,0.0,0.4309289004077986,Normal,Normal,Routine,D003A
1021,109.2360078994335,-0.4281732076739228,0.0,0.45855701852131175,Normal,Normal,Routine,D003A
1022,109.23607492290068,-0.42816982032417383,0.0,0.48672801090760376,Normal,Normal,Routine,D003A
1023,109.23615224508463,-0.42816234159637284,0.0,0.46291224583826945,Normal,Normal,Routine,D003A
1024,109.23625661229015,-0.42817113838256127,0.0,0.4851501279317581,Normal,Normal,Routine,D003A
1025,109.2363385715687,-0.4281863134271748,0.0,0.41534742490262117,Normal,Normal,Routine,D003A
1026,109.23640195410458,-0.4281683009000399,0.0,0.4374995880340836,Normal,Normal,Routine,D003A
1027,109.23646548883126,-0.4281761323816551,0.0,0.4125347909021049,Normal,Normal,Routine,D003A
1028,109.23664195158554,-0.4281719149076243,0.0,0.37598545660208627,Abnormal,Abnormal,Monitor,D003A
1029,109.23672658025893,-0.42817654643593206,0.0,0.3709931808865775,Abnormal,Abnormal,Monitor,D003A
1030,109.23681279831278,-0.42817578328000805,0.0,0.39756053544652575,Abnormal,Abnormal,Monitor,D003A
1031,109.23687806861854,-0.428171365518431,0.0,0.4166497050534852,Normal,Normal,Routine,D003A
1032,109.23703121615439,-0.42818559396724604,0.0,0.40345044362133947,Normal,Normal,Routine,D003A
1033,109.23714829024652,-0.428147704689021,0.0,0.42005526472275373,Normal,Normal,Routine,D003A
1034,109.23729715393145,-0.42816200448473385,0.0,0.43769546042756585,Normal,Normal,Routine,D003A
1035,109.23738262663457,-0.4281643492277877,0.0,0.41527025286211117,Normal,Normal,Routine,D003A
1036,109.23746010617745,-0.4281681950662608,0.0,0.41228721133583984,Normal,Normal,Routine,D003A
1037,109.23754059728883,-0.4281656635733558,0.0,0.402365107908063,Normal,Normal,Routine,D003A
1038,109.23762353021246,-0.42817358997052885,0.0,0.41004764736861105,Normal,Normal,Routine,D003A
1039,109.23771441290921,-0.4281576383547599,0.0,0.4262021668378424,Normal,Normal,Routine,D003A
1040,109.23777686663858,-0.42816732068277885,0.0,0.4198754210254063,Normal,Normal,Routine,D003A
1041,109.23786699460851,-0.42816398206779116,0.0,0.4217314108256967,Normal,Normal,Routine,D003A
1042,109.23794288966914,-0.42816368041482067,0.0,0.3697305179398077,Abnormal,Abnormal,Monitor,D003A
1043,109.23802829170232,-0.4281688049541462,0.0,0.4394636853939767,Normal,Normal,Routine,D003A
1044,109.2381051380517,-0.42816451645987175,0.0,0.4120536801301274,Normal,Normal,Routine,D003A
1045,109.23820353245594,-0.42816677194643077,0.0,0.4036100109745895,Normal,Normal,Routine,D003A
1046,109.23826057651523,-0.42815019666018994,0.0,0.42346592065022914,Normal,Normal,Routine,D003A
1047,109.23594611681273,-0.4281240645899396,0.0,0.4204309432759787,Normal,Normal,Routine,D003A
1048,109.23603168156438,-0.42810462479631417,0.0,0.4505831413116495,Normal,Normal,Routine,D003A
1049,109.2361039289584,-0.4281187838692674,0.0,0.4526042869588634,Normal,Normal,Routine,D003A
1050,109.23620026577974,-0.4281111503866825,0.0,0.45883129596102357,Normal,Normal,Routine,D003A
1051,109.23627691283966,-0.4280981154827458,0.0,0.44308990369789025,Normal,Normal,Routine,D003A
1052,109.23636674903526,-0.42810946173601877,0.0,0.42120959111847556,Normal,Normal,Routine,D003A
1053,109.23643746516063,-0.4280831313489078,0.0,0.4087968521574375,Normal,Normal,Routine,D003A
1054,109.23652293452507,-0.42809990871650233,0.0,0.4462453506340045,Normal,Normal,Routine,D003A
1055,109.23659552376836,-0.42810014708012234,0.0,0.4476673872450814,Normal,Normal,Routine,D003A
1056,109.2366768046022,-0.4281086211035973,0.0,0.42597814873106804,Normal,Normal,Routine,D003A
1057,109.23672440559226,-0.42809771270845526,0.0,0.40293771933407674,Normal,Normal,Routine,D003A
1058,109.23684419042006,-0.42810013322151824,0.0,0.4132704857212625,Normal,Normal,Routine,D003A
1059,109.23692974959873,-0.4281052578035939,0.0,0.377377014576977,Abnormal,Abnormal,Monitor,D003A
1060,109.23700714256854,-0.4280947731849098,0.0,0.45337349331421944,Normal,Normal,Routine,D003A
1061,109.23709216049274,-0.42809030121055003,0.0,0.4008072022292707,Normal,Normal,Routine,D003A
1062,109.23716187751492,-0.42811225656839424,0.0,0.394232677286849,Abnormal,Abnormal,Monitor,D003A
1063,109.23725525303612,-0.42809174243896736,0.0,0.41245472635296093,Normal,Normal,Routine,D003A
1064,109.23734398454219,-0.4280828303037453,0.0,0.38253709999746516,Abnormal,Abnormal,Monitor,D003A
1065,109.23742589937089,-0.42809226121798777,0.0,0.42248381830601855,Normal,Normal,Routine,D003A
1066,109.23751297265837,-0.4281148897761511,0.0,0.3842468211481061,Abnormal,Abnormal,Monitor,D003A
1067,109.23759204504775,-0.4280824346634153,0.0,0.3924785042159277,Abnormal,Abnormal,Monitor,D003A
1068,109.23767259290487,-0.4281146491005332,0.0,0.42840477959391376,Normal,Normal,Routine,D003A
1069,109.23776282279047,-0.42810161821920834,0.0,0.387926817074633,Abnormal,Abnormal,Monitor,D003A
1070,109.2378117111961,-0.4281017859768828,0.0,0.40845364807568074,Normal,Normal,Routine,D003A
1071,109.23790551136618,-0.4281021015807979,0.0,0.37978599732126794,Abnormal,Abnormal,Monitor,D003A
1072,109.23799408605663,-0.42809558489039884,0.0,0.40827882504807067,Normal,Normal,Routine,D003A
1073,109.23808000432375,-0.42810977967745484,0.0,0.40760584424088636,Normal,Normal,Routine,D003A
1074,109.23815791207585,-0.42811492056511524,0.0,0.430640414996893,Normal,Normal,Routine,D003A
1075,109.23824189109774,-0.42810106350649824,0.0,0.40948467041113484,Normal,Normal,Routine,D003A
1076,109.23598812189773,-0.42804878598196805,0.0,0.42090510144789467,Normal,Normal,Routine,D003A
1077,109.23606718646586,-0.42804635906979666,0.0,0.4533357543026997,Normal,Normal,Routine,D003A
1078,109.23616732635787,-0.42803569525341517,0.0,0.45042839207175545,Normal,Normal,Routine,D003A
1079,109.23622056261763,-0.42804256578905653,0.0,0.46334253072273685,Normal,Normal,Routine,D003A
1080,109.23631056240956,-0.42802982606279916,0.0,0.40177051285681836,Normal,Normal,Routine,D003A
1081,109.23639564878268,-0.4280244226823299,0.0,0.4305267052771342,Normal,Normal,Routine,D003A
1082,109.23648643745629,-0.4280265706173237,0.0,0.42166153936235756,Normal,Normal,Routine,D003A
1083,109.23653238672021,-0.4280265812567429,0.0,0.4622043092228642,Normal,Normal,Routine,D003A
1084,109.23668014386563,-0.4280125563217143,0.0,0.35638731269330126,Abnormal,Abnormal,Monitor,D003A
1085,109.23679096689591,-0.428037433941453,0.0,0.39717052901113353,Abnormal,Abnormal,Monitor,D003A
1086,109.23691819874881,-0.42803831434263534,0.0,0.4123014695317053,Normal,Normal,Routine,D003A
1087,109.23699022497233,-0.4280220273961049,0.0,0.4404717465999032,Normal,Normal,Routine,D003A
1088,109.23706034520033,-0.42802088521928683,0.0,0.393273816451806,Abnormal,Abnormal,Monitor,D003A
1089,109.23713287221182,-0.4280301783144686,0.0,0.3899445719379868,Abnormal,Abnormal,Monitor,D003A
1090,109.237208366498,-0.42803430854430224,0.0,0.396302507188346,Abnormal,Abnormal,Monitor,D003A
1091,109.2372856917009,-0.42801773796425674,0.0,0.4157385596035837,Normal,Normal,Routine,D003A
1092,109.23738075973583,-0.42801616478114013,0.0,0.4143237312628816,Normal,Normal,Routine,D003A
1093,109.23746014016595,-0.42801937261754275,0.0,0.39965047938928294,Abnormal,Abnormal,Monitor,D003A
1094,109.23754450283292,-0.42802468139096855,0.0,0.4183166310436901,Normal,Normal,Routine,D003A
1095,109.23762019048738,-0.4280239013128337,0.0,0.41600216455900896,Normal,Normal,Routine,D003A
1096,109.23769144924927,-0.42801313944892705,0.0,0.42881194600874073,Normal,Normal,Routine,D003A
1097,109.23778020077619,-0.4280149812446087,0.0,0.4187574240045482,Normal,Normal,Routine,D003A
1098,109.23786214091818,-0.4280198544863411,0.0,0.384746518946739,Abnormal,Abnormal,Monitor,D003A
1099,109.23793284952869,-0.42802666304446263,0.0,0.4097517216381644,Normal,Normal,Routine,D003A
1100,109.23803142755632,-0.42802328929906247,0.0,0.40080999193929967,Normal,Normal,Routine,D003A
1101,109.23810804758467,-0.42802273821948383,0.0,0.42316555626831387,Normal,Normal,Routine,D003A
1102,109.23818763017303,-0.4280258782740737,0.0,0.42792549353462084,Normal,Normal,Routine,D003A
1103,109.2382579127829,-0.42801796291339894,0.0,0.38291091072724226,Abnormal,Abnormal,Monitor,D003A
1104,109.23596358066906,-0.42797221599292207,0.0,0.43197450804739046,Normal,Normal,Routine,D003A
1105,109.23602283735256,-0.4279781320773013,0.0,0.4468903650759504,Normal,Normal,Routine,D003A
1106,109.23610862586908,-0.42797400121024715,0.0,0.44103338892037447,Normal,Normal,Routine,D003A
1107,109.2361720039834,-0.4279752918529281,0.0,0.4403993257518294,Normal,Normal,Routine,D003A
1108,109.23628506863969,-0.42796272023872417,0.0,0.3619592813433328,Abnormal,Abnormal,Monitor,D003A
1109,109.23636603430066,-0.4279627389852481,0.0,0.42988544595997125,Normal,Normal,Routine,D003A
1110,109.23648011210066,-0.42797034252251853,0.0,0.3994188169501129,Abnormal,Abnormal,Monitor,D003A
1111,109.23655648036232,-0.42798240275992283,0.0,0.42781990449098795,Normal,Normal,Routine,D003A
1112,109.23667979592297,-0.4279706645621892,0.0,0.4129444294386428,Normal,Normal,Routine,D003A
1113,109.23675500432718,-0.4279560612556069,0.0,0.40300075769782423,Normal,Normal,Routine,D003A
1114,109.23686593367836,-0.42794413932483544,0.0,0.4116705272815051,Normal,Normal,Routine,D003A
1115,109.236924871371,-0.4279585087241339,0.0,0.42236724260370606,Normal,Normal,Routine,D003A
1116,109.23699300105274,-0.4279690514462702,0.0,0.449110085275685,Normal,Normal,Routine,D003A
1117,109.23716274233209,-0.4279716245795496,0.0,0.3808441090981046,Abnormal,Abnormal,Monitor,D003A
1118,109.23722866311631,-0.42796668155923445,0.0,0.400113785923386,Normal,Normal,Routine,D003A
1119,109.2373278029877,-0.42794161289176474,0.0,0.4328229400073974,Normal,Normal,Routine,D003A
1120,109.23743442009396,-0.4279558133678495,0.0,0.4262437007221139,Normal,Normal,Routine,D003A
1121,109.23750626335541,-0.4279501573172036,0.0,0.38011969417548264,Abnormal,Abnormal,Monitor,D003A
1122,109.23758892427281,-0.42796519505756264,0.0,0.45080396969122094,Normal,Normal,Routine,D003A
1123,109.23766258060657,-0.42795798855017186,0.0,0.37926933639055976,Abnormal,Abnormal,Monitor,D003A
1124,109.23774854460808,-0.4279685155013257,0.0,0.42493064211711123,Normal,Normal,Routine,D003A
1125,109.23782061892553,-0.42795023004468363,0.0,0.4147909786910392,Normal,Normal,Routine,D003A
1126,109.23791611406794,-0.4279547673062341,0.0,0.38696686677240694,Abnormal,Abnormal,Monitor,D003A
1127,109.23797976573573,-0.4279542322155574,0.0,0.41484732695507665,Normal,Normal,Routine,D003A
1128,109.23806652389982,-0.4279604946683423,0.0,0.40416586284385125,Normal,Normal,Routine,D003A
1129,109.23814257847026,-0.42795796032440186,0.0,0.42867864572247194,Normal,Normal,Routine,D003A
1130,109.23822809921903,-0.4279428077530889,0.0,0.44203201746747184,Normal,Normal,Routine,D003A
1131,109.23601055090131,-0.4278794132103859,0.0,0.44488534059334145,Normal,Normal,Routine,D003A
1132,109.23608863423051,-0.4278705492610319,0.0,0.4721839269055928,Normal,Normal,Routine,D003A
1133,109.23614599291238,-0.427864487457414,0.0,0.46109595895708233,Normal,Normal,Routine,D003A
1134,109.23624328049874,-0.4278905112998364,0.0,0.3669647732707592,Abnormal,Abnormal,Monitor,D003A
1135,109.23630727100267,-0.42790069676947307,0.0,0.4113593689142817,Normal,Normal,Routine,D003A
1136,109.23640917285026,-0.42788812437235035,0.0,0.355117053716425,Abnormal,Abnormal,Monitor,D003A
1137,109.2364888406996,-0.4279109275442428,0.0,0.3771265527239075,Abnormal,Abnormal,Monitor,D003A
1138,109.23656711342494,-0.4279106264452428,0.0,0.4559534826560317,Normal,Normal,Routine,D003A
1139,109.23663473198015,-0.4278739555674687,0.0,0.41976606240328335,Normal,Normal,Routine,D003A
1140,109.2372129412597,-0.4278893485268302,0.0,0.40133039767443507,Normal,Normal,Routine,D003A
1141,109.23738744054752,-0.42789653467874383,0.0,0.4071155693404385,Normal,Normal,Routine,D003A
1142,109.2375075480035,-0.4278748692132006,0.0,0.3790772916226909,Abnormal,Abnormal,Monitor,D003A
1143,109.23755051049396,-0.42786720435743897,0.0,0.3583847482522567,Abnormal,Abnormal,Monitor,D003A
1144,109.23761655537987,-0.4278892501929619,0.0,0.4056037876916968,Normal,Normal,Routine,D003A
1145,109.23770344997922,-0.427895881631612,0.0,0.3879734399224931,Abnormal,Abnormal,Monitor,D003A
1146,109.23778006879888,-0.42789662550766744,0.0,0.3772274713306393,Abnormal,Abnormal,Monitor,D003A
1147,109.23786499575772,-0.4278972826832641,0.0,0.4218924773606257,Normal,Normal,Routine,D003A
1148,109.23795907012473,-0.4278926816592502,0.0,0.3946860501653898,Abnormal,Abnormal,Monitor,D003A
1149,109.23803849666601,-0.427894683159427,0.0,0.39248288583469104,Abnormal,Abnormal,Monitor,D003A
1150,109.23810726149163,-0.4278972509981328,0.0,0.41274471721812267,Normal,Normal,Routine,D003A
1151,109.23819583149577,-0.4278916168909302,0.0,0.42968199738153107,Normal,Normal,Routine,D003A
1152,109.2382769567912,-0.4278852558117508,0.0,0.393708026708247,Abnormal,Abnormal,Monitor,D003A
1153,109.23596202928277,-0.4278270629439215,0.0,0.4581350470308353,Normal,Normal,Routine,D003A
1154,109.236045017596,-0.42782026012233815,0.0,0.44360678924395025,Normal,Normal,Routine,D003A
1155,109.23613126967663,-0.42781981075755643,0.0,0.4133727957617224,Normal,Normal,Routine,D003A
1156,109.23619811357301,-0.4278239272282279,0.0,0.4459099000534759,Normal,Normal,Routine,D003A
1157,109.23628510822556,-0.4278169489919931,0.0,0.4388665376697155,Normal,Normal,Routine,D003A
1158,109.23635972961964,-0.4278159896203409,0.0,0.4073118938383861,Normal,Normal,Routine,D003A
1159,109.2364657972415,-0.42783274009273736,0.0,0.42244598997068833,Normal,Normal,Routine,D003A
1160,109.2365997769749,-0.42780567738172626,0.0,0.42529847709908947,Normal,Normal,Routine,D003A
1161,109.23669088669155,-0.42779054511690906,0.0,0.39432757100066324,Abnormal,Abnormal,Monitor,D003A
1162,109.23675790391528,-0.4278106586835817,0.0,0.4128148993273368,Normal,Normal,Routine,D003A
1163,109.23684695321163,-0.42779855624731283,0.0,0.4208809752655689,Normal,Normal,Routine,D003A
1164,109.2370028597072,-0.4278190095992265,0.0,0.45180263709914575,Normal,Normal,Routine,D003A
1165,109.23720206998485,-0.42782417854660176,0.0,0.44153132862821287,Normal,Normal,Routine,D003A
1166,109.23742684204366,-0.42783484159935187,0.0,0.43239747334170986,Normal,Normal,Routine,D003A
1167,109.23751136162073,-0.4278256535675338,0.0,0.39384072874678316,Abnormal,Abnormal,Monitor,D003A
1168,109.23761050941394,-0.4278052800126939,0.0,0.3853726261795051,Abnormal,Abnormal,Monitor,D003A
1169,109.23765713351067,-0.4278162047935404,0.0,0.4053499600789897,Normal,Normal,Routine,D003A
1170,109.23775007420707,-0.4278235881958577,0.0,0.3935928547736974,Abnormal,Abnormal,Monitor,D003A
1171,109.23784993296742,-0.42784466701519125,0.0,0.3982244294196072,Abnormal,Abnormal,Monitor,D003A
1172,109.23792049161841,-0.42783155922425314,0.0,0.33299841023903193,Abnormal,Abnormal,Monitor,D003A
1173,109.23798971100683,-0.4278181952049812,0.0,0.38622549638773934,Abnormal,Abnormal,Monitor,D003A
1174,109.2380619608336,-0.4278220407190565,0.0,0.393419893592811,Abnormal,Abnormal,Monitor,D003A
1175,109.23815021471268,-0.4278239746251948,0.0,0.4047477825997722,Normal,Normal,Routine,D003A
1176,109.2382250012161,-0.42782016401370915,0.0,0.3808911759479022,Abnormal,Abnormal,Monitor,D003A
1177,109.23598972234214,-0.4277551124541525,0.0,0.42794779046013676,Normal,Normal,Routine,D003A
1178,109.23608721958016,-0.42774414778444214,0.0,0.3417600502379487,Abnormal,Abnormal,Monitor,D003A
1179,109.23616148269545,-0.4277425752139975,0.0,0.466915225014605,Normal,Normal,Routine,D003A
1180,109.23623608017326,-0.42774011469811385,0.0,0.4367259191594821,Normal,Normal,Routine,D003A
1181,109.23630960021923,-0.4277355062208189,0.0,0.43322139953349803,Normal,Normal,Routine,D003A
1182,109.23638099763504,-0.42777031747309696,0.0,0.4507351740703085,Normal,Normal,Routine,D003A
1183,109.23646148432624,-0.4277279081756699,0.0,0.439702428993769,Normal,Normal,Routine,D003A
1184,109.23655660953067,-0.42776294376018204,0.0,0.45410497828812546,Normal,Normal,Routine,D003A
1185,109.23660058027963,-0.427757371693615,0.0,0.458643601472991,Normal,Normal,Routine,D003A
1186,109.23673256584485,-0.427750039424998,0.0,0.39503234804858667,Abnormal,Abnormal,Monitor,D003A
1187,109.23693332421627,-0.4277180248290236,0.0,0.46769047007054126,Normal,Normal,Routine,D003A
1188,109.2370029565542,-0.4277371017666883,0.0,0.4831421334882905,Normal,Normal,Routine,D003A
1189,109.23709094343867,-0.42777120427503984,0.0,0.46321819143411136,Normal,Normal,Routine,D003A
1190,109.23712987133928,-0.42773792871672106,0.0,0.44614624364219796,Normal,Normal,Routine,D003A
1191,109.23715275588678,-0.42778435081617877,0.0,0.43966330247918584,Normal,Normal,Routine,D003A
1192,109.23717693054047,-0.42773155976642413,0.0,0.4344130239857838,Normal,Normal,Routine,D003A
1193,109.23740015350795,-0.42773639152415355,0.0,0.4287619805540296,Normal,Normal,Routine,D003A
1194,109.23747794811142,-0.42774518212978135,0.0,0.38592819899490594,Abnormal,Abnormal,Monitor,D003A
1195,109.23755855185198,-0.42775292891845346,0.0,0.3710244762312887,Abnormal,Abnormal,Monitor,D003A
1196,109.23760925389618,-0.4277529406437072,0.0,0.3979221477575927,Abnormal,Abnormal,Monitor,D003A
1197,109.23769741706792,-0.4277586337058593,0.0,0.40683985268822886,Normal,Normal,Routine,D003A
1198,109.23778614946264,-0.4277458936450684,0.0,0.401115630217275,Normal,Normal,Routine,D003A
1199,109.23786375996245,-0.4277585103004771,0.0,0.3688192165918178,Abnormal,Abnormal,Monitor,D003A
1200,109.23794783035338,-0.4277496223819591,0.0,0.3724227802966156,Abnormal,Abnormal,Monitor,D003A
1201,109.23803388518328,-0.427751877708318,0.0,0.40643728335100904,Normal,Normal,Routine,D003A
1202,109.23811474286175,-0.42773336548025204,0.0,0.4181777689685403,Normal,Normal,Routine,D003A
1203,109.23818318807132,-0.42775095276277736,0.0,0.4241930931904922,Normal,Normal,Routine,D003A
1204,109.23596005835091,-0.42767815966903605,0.0,0.45225063642248015,Normal,Normal,Routine,D003A
1205,109.23603124958862,-0.4276874479251004,0.0,0.45165594554878213,Normal,Normal,Routine,D003A
1206,109.23611639911174,-0.4276807812412697,0.0,0.4906565571114703,Normal,Normal,Routine,D003A
1207,109.23619872819502,-0.4276814251635958,0.0,0.48067277908110273,Normal,Normal,Routine,D003A
1208,109.23632601577728,-0.4277016132598781,0.0,0.4242937799336492,Normal,Normal,Routine,D003A
1209,109.23637321175329,-0.4276823119615831,0.0,0.45808790360285595,Normal,Normal,Routine,D003A
1210,109.23646433605691,-0.42767405147049053,0.0,0.4406744818787675,Normal,Normal,Routine,D003A
1211,109.23653261842375,-0.4276846050705513,0.0,0.4287161855278788,Normal,Normal,Routine,D003A
1212,109.23660944342677,-0.4276830276599057,0.0,0.3917120029591527,Abnormal,Abnormal,Monitor,D003A
1213,109.23667743804174,-0.42770281228356943,0.0,0.37723263263953283,Abnormal,Abnormal,Monitor,D003A
1214,109.23677429396935,-0.4276838850914601,0.0,0.4340885015150819,Normal,Normal,Routine,D003A
1215,109.23683765481059,-0.4277019106849673,0.0,0.3615589298334761,Abnormal,Abnormal,Monitor,D003A
1216,109.23692583740258,-0.42766564244007466,0.0,0.42481190783708467,Normal,Normal,Routine,D003A
1217,109.23701910242772,-0.4276804972405216,0.0,0.4312927524457835,Normal,Normal,Routine,D003A
1218,109.23708638008159,-0.42769309613278844,0.0,0.4510720847426234,Normal,Normal,Routine,D003A
1219,109.23710757731197,-0.42765451817978717,0.0,0.45755513963432837,Normal,Normal,Routine,D003A
1220,109.23717982488252,-0.4276680930555261,0.0,0.4476453384115545,Normal,Normal,Routine,D003A
1221,109.23724130283482,-0.427666991366951,0.0,0.37883367814101254,Abnormal,Abnormal,Monitor,D003A
1222,109.23727910750561,-0.4277062874183278,0.0,0.42502941188961046,Normal,Normal,Routine,D003A
1223,109.2373429998578,-0.4276783204420358,0.0,0.4044160048494966,Normal,Normal,Routine,D003A
1224,109.23743114111217,-0.4276737162340808,0.0,0.4055834880346717,Normal,Normal,Routine,D003A
1225,109.23751491719564,-0.427675122801819,0.0,0.39764574222067367,Abnormal,Abnormal,Monitor,D003A
1226,109.23758053287422,-0.42767281211382485,0.0,0.3518597499674082,Abnormal,Abnormal,Monitor,D003A
1227,109.23767501161137,-0.4276911107672201,0.0,0.3882725156602167,Abnormal,Abnormal,Monitor,D003A
1228,109.23776052235651,-0.4276724449843213,0.0,0.3839872222238204,Abnormal,Abnormal,Monitor,D003A
1229,109.23782759591455,-0.42768205421127853,0.0,0.36917153299839583,Abnormal,Abnormal,Monitor,D003A
1230,109.237924879293,-0.4276796839230284,0.0,0.3920737070282205,Abnormal,Abnormal,Monitor,D003A
1231,109.23799500402082,-0.4276707683601809,0.0,0.379120981019445,Abnormal,Abnormal,Monitor,D003A
1232,109.23807741788711,-0.4276742029526597,0.0,0.4075653158563903,Normal,Normal,Routine,D003A
1233,109.2381396807214,-0.42768595787548586,0.0,0.4694023250014349,Normal,Normal,Routine,D003A
1234,109.23818481853905,-0.4276480971151068,0.0,0.4711564733218603,Normal,Normal,Routine,D003A
1235,109.23826211901209,-0.4276849606993536,0.0,0.39019136099887075,Abnormal,Abnormal,Monitor,D003A
1236,109.23598912363776,-0.4276036946383542,0.0,0.44016134504441384,Normal,Normal,Routine,D003A
1237,109.23605852031774,-0.42761216498963966,0.0,0.4826829900714354,Normal,Normal,Routine,D003A
1238,109.23616024453247,-0.4276024591694559,0.0,0.4607095984885326,Normal,Normal,Routine,D003A
1239,109.23622631598992,-0.4276023143946902,0.0,0.4675934557849639,Normal,Normal,Routine,D003A
1240,109.23630062295639,-0.42762115367364967,0.0,0.4673875984486875,Normal,Normal,Routine,D003A
1241,109.23639619438904,-0.4275941218569731,0.0,0.46348753899962336,Normal,Normal,Routine,D003A
1242,109.23645909288446,-0.427595189915805,0.0,0.47375561529212146,Normal,Normal,Routine,D003A
1243,109.23651649133187,-0.42761959034251684,0.0,0.4418295808773934,Normal,Normal,Routine,D003A
1244,109.23659809307189,-0.42761131498310323,0.0,0.4360007959274718,Normal,Normal,Routine,D003A
1245,109.23666362477617,-0.4276028948344218,0.0,0.4287137054265119,Normal,Normal,Routine,D003A
1246,109.23672476107309,-0.42761095633719715,0.0,0.41735327420112966,Normal,Normal,Routine,D003A
1247,109.23676741191817,-0.4276029640544143,0.0,0.4166543905993326,Normal,Normal,Routine,D003A
1248,109.23683395828775,-0.4275844304502872,0.0,0.4146225457530529,Normal,Normal,Routine,D003A
1249,109.23689732921699,-0.42761730464399766,0.0,0.4106333523236049,Normal,Normal,Routine,D003A
1250,109.23697750368154,-0.42761269678839864,0.0,0.3763358780090857,Abnormal,Abnormal,Monitor,D003A
1251,109.23730007628014,-0.427613890903576,0.0,0.41161883705689645,Normal,Normal,Routine,D003A
1252,109.23738129301637,-0.427608145674246,0.0,0.37591168690852195,Abnormal,Abnormal,Monitor,D003A
1253,109.23746345479185,-0.4276179139282532,0.0,0.3759404387495194,Abnormal,Abnormal,Monitor,D003A
1254,109.23754005716688,-0.4276079979026585,0.0,0.4063739387425952,Normal,Normal,Routine,D003A
1255,109.2376293973292,-0.4276125545253979,0.0,0.39004286857140735,Abnormal,Abnormal,Monitor,D003A
1256,109.23770898116238,-0.42760619218133866,0.0,0.3986804547200266,Abnormal,Abnormal,Monitor,D003A
1257,109.2377551964545,-0.42759389714830287,0.0,0.3980560578741469,Abnormal,Abnormal,Monitor,D003A
1258,109.23787113779737,-0.4276034923474542,0.0,0.35106736609640604,Abnormal,Abnormal,Monitor,D003A
1259,109.23796206811566,-0.4275993002297377,0.0,0.4151537981984993,Normal,Normal,Routine,D003A
1260,109.23803573647474,-0.42761818367241916,0.0,0.4122488946841622,Normal,Normal,Routine,D003A
1261,109.23812560160957,-0.42760147759924744,0.0,0.4250325130986738,Normal,Normal,Routine,D003A
1262,109.23820672631605,-0.42759766844377284,0.0,0.4035099899933355,Normal,Normal,Routine,D003A
1263,109.23595524622642,-0.4275526472457198,0.0,0.46107687115526186,Normal,Normal,Routine,D003A
1264,109.23603191441998,-0.4275571295091167,0.0,0.4417942920484041,Normal,Normal,Routine,D003A
1265,109.23611240707714,-0.4275435890670863,0.0,0.4409537818986782,Normal,Normal,Routine,D003A
1266,109.23620541455773,-0.4275413778675226,0.0,0.4573079347879044,Normal,Normal,Routine,D003A
1267,109.2362953460752,-0.4275443629638374,0.0,0.4429518000683508,Normal,Normal,Routine,D003A
1268,109.23637939238596,-0.42753439712991853,0.0,0.4235686551538303,Normal,Normal,Routine,D003A
1269,109.23646221209098,-0.42753829573034163,0.0,0.44516274043292636,Normal,Normal,Routine,D003A
1270,109.23653113465912,-0.427542140475276,0.0,0.4434003413206677,Normal,Normal,Routine,D003A
1271,109.23661903670295,-0.4275464182473255,0.0,0.3916386725569072,Abnormal,Abnormal,Monitor,D003A
1272,109.23676285053448,-0.4275319420184755,0.0,0.41857806044177776,Normal,Normal,Routine,D003A
1273,109.23683809277941,-0.42752254294503395,0.0,0.40628374361461905,Normal,Normal,Routine,D003A
1274,109.23693706881168,-0.4275343235358074,0.0,0.4225047895500252,Normal,Normal,Routine,D003A
1275,109.23701079710085,-0.42752656993538324,0.0,0.40836974907638435,Normal,Normal,Routine,D003A
1276,109.23713630895226,-0.42753453056781426,0.0,0.3616250154402879,Abnormal,Abnormal,Monitor,D003A
1277,109.23723377291563,-0.427539726600304,0.0,0.3776696847029829,Abnormal,Abnormal,Monitor,D003A
1278,109.23730912465179,-0.4275347767010005,0.0,0.3874502564092483,Abnormal,Abnormal,Monitor,D003A
1279,109.23739629275667,-0.42753550401424456,0.0,0.3683495810979553,Abnormal,Abnormal,Monitor,D003A
1280,109.23747995247865,-0.4275311447324386,0.0,0.3800460825080814,Abnormal,Abnormal,Monitor,D003A
1281,109.23755274984988,-0.42753271333817083,0.0,0.3742124250242036,Abnormal,Abnormal,Monitor,D003A
1282,109.23763600250454,-0.42753298216780466,0.0,0.38761996833005347,Abnormal,Abnormal,Monitor,D003A
1283,109.23771603908106,-0.42753049213792016,0.0,0.3716595847614528,Abnormal,Abnormal,Monitor,D003A
1284,109.23780336646665,-0.4275221683430799,0.0,0.3794203229436579,Abnormal,Abnormal,Monitor,D003A
1285,109.23787194940729,-0.42753052817038595,0.0,0.37220225338815716,Abnormal,Abnormal,Monitor,D003A
1286,109.2379380180327,-0.4275312506013382,0.0,0.41305483701956586,Normal,Normal,Routine,D003A
1287,109.23805771259948,-0.4275437639347125,0.0,0.4043239256193285,Normal,Normal,Routine,D003A
1288,109.23815477046989,-0.42753768143101273,0.0,0.43742686514559537,Normal,Normal,Routine,D003A
1289,109.23826425362572,-0.42754568175315133,0.0,0.39652245170898265,Abnormal,Abnormal,Monitor,D003A
1290,109.2359988211587,-0.4274590234681161,0.0,0.4565609589259403,Normal,Normal,Routine,D003A
1291,109.23608231917403,-0.4274702081649124,0.0,0.4449631891368065,Normal,Normal,Routine,D003A
1292,109.23616534481106,-0.4274691105587696,0.0,0.4310560440680947,Normal,Normal,Routine,D003A
1293,109.23623347613669,-0.4274723157805377,0.0,0.43574924472574,Normal,Normal,Routine,D003A
1294,109.23631722405062,-0.42747489069974887,0.0,0.42777318879179577,Normal,Normal,Routine,D003A
1295,109.23641790888034,-0.4274616723276777,0.0,0.4686969426721021,Normal,Normal,Routine,D003A
1296,109.2364948709844,-0.4274694028955806,0.0,0.37646132442845304,Abnormal,Abnormal,Monitor,D003A
1297,109.23659131989177,-0.4274941722602633,0.0,0.4298836613530947,Normal,Normal,Routine,D003A
1298,109.23666064147727,-0.4274854156801053,0.0,0.4020591819336495,Normal,Normal,Routine,D003A
1299,109.23694498238535,-0.42748400018129096,0.0,0.35060833188038637,Abnormal,Abnormal,Monitor,D003A
1300,109.23702063253116,-0.4274742539463603,0.0,0.4088186989454519,Normal,Normal,Routine,D003A
1301,109.23711221481085,-0.4274706778132586,0.0,0.3728299412315451,Abnormal,Abnormal,Monitor,D003A
1302,109.23718509819791,-0.42747707540090674,0.0,0.36472175259125206,Abnormal,Abnormal,Monitor,D003A
1303,109.23726178615917,-0.42747781837630916,0.0,0.37769409395360315,Abnormal,Abnormal,Monitor,D003A
1304,109.23734263949586,-0.42747424066444567,0.0,0.40238235400119227,Normal,Normal,Routine,D003A
1305,109.23743366647511,-0.42747541197334954,0.0,0.31727171117181757,Abnormal,Abnormal,Monitor,D003A
1306,109.23747743385348,-0.42745968455632816,0.0,0.34357343453551686,Abnormal,Abnormal,Monitor,D003A
1307,109.23760038514293,-0.4274699216143068,0.0,0.39693652022708287,Abnormal,Abnormal,Monitor,D003A
1308,109.2376821180607,-0.4274814061234508,0.0,0.38146055138032453,Abnormal,Abnormal,Monitor,D003A
1309,109.23777184606695,-0.4274790277506558,0.0,0.42687248424057916,Normal,Normal,Routine,D003A
1310,109.23785734300844,-0.42746968619182835,0.0,0.4154854897229512,Normal,Normal,Routine,D003A
1311,109.23794210680695,-0.4274767927784449,0.0,0.39387182637417606,Abnormal,Abnormal,Monitor,D003A
1312,109.23801759309673,-0.42748460528828036,0.0,0.41665589691211397,Normal,Normal,Routine,D003A
1313,109.23806985703017,-0.4274776859023289,0.0,0.4051461205817759,Normal,Normal,Routine,D003A
1314,109.23814717905695,-0.42747515183134527,0.0,0.4397952659685809,Normal,Normal,Routine,D003A
1315,109.23823210585695,-0.42747261951623394,0.0,0.4018316014200959,Normal,Normal,Routine,D003A
1316,109.23595426440099,-0.427403166353108,0.0,0.44360126143034834,Normal,Normal,Routine,D003A
1317,109.23611116994176,-0.42741071827271254,0.0,0.45493742691106215,Normal,Normal,Routine,D003A
1318,109.23619324830264,-0.42739606137985375,0.0,0.44431322685092534,Normal,Normal,Routine,D003A
1319,109.2362894240117,-0.42739767970810255,0.0,0.38523222054713047,Abnormal,Abnormal,Monitor,D003A
1320,109.2363707040272,-0.42740966147995535,0.0,0.4081461209863165,Normal,Normal,Routine,D003A
1321,109.23644865755324,-0.42741462511878225,0.0,0.4357144484812879,Normal,Normal,Routine,D003A
1322,109.23652851665312,-0.4274023604832227,0.0,0.4244635404500342,Normal,Normal,Routine,D003A
1323,109.23661154120616,-0.42741003638306513,0.0,0.44609357863262256,Normal,Normal,Routine,D003A
1324,109.2367298396435,-0.4273837269104636,0.0,0.4118717000585237,Normal,Normal,Routine,D003A
1325,109.23689707155063,-0.42735682647940626,0.0,0.35921515501586304,Abnormal,Abnormal,Monitor,D003A
1326,109.23700464628375,-0.4273981642773738,0.0,0.3787081850366429,Abnormal,Abnormal,Monitor,D003A
1327,109.23707151029942,-0.4273969037651808,0.0,0.35583218331269634,Abnormal,Abnormal,Monitor,D003A
1328,109.23714867204191,-0.42740378071361856,0.0,0.32531164866331885,Abnormal,Abnormal,Monitor,D003A
1329,109.23723154264916,-0.427389444106288,0.0,0.35800570094635564,Abnormal,Abnormal,Monitor,D003A
1330,109.23728732182582,-0.4273613830067153,0.0,0.346248195740163,Abnormal,Abnormal,Monitor,D003A
1331,109.23731836821008,-0.42739935359570436,0.0,0.3825012241934871,Abnormal,Abnormal,Monitor,D003A
1332,109.23735450468692,-0.42735246585667747,0.0,0.4102882570624889,Normal,Normal,Routine,D003A
1333,109.23739759322773,-0.42739075844727525,0.0,0.40151277589418966,Normal,Normal,Routine,D003A
1334,109.23742327119179,-0.4273475379384375,0.0,0.42358826239379355,Normal,Normal,Routine,D003A
1335,109.23748111440804,-0.4273991217234964,0.0,0.3921870288997665,Abnormal,Abnormal,Monitor,D003A
1336,109.23748775752286,-0.4273501047729564,0.0,0.37925979294696777,Abnormal,Abnormal,Monitor,D003A
1337,109.23757110128234,-0.427348688000852,0.0,0.37657511915760833,Abnormal,Abnormal,Monitor,D003A
1338,109.23764834553094,-0.42739565077687613,0.0,0.42996653544720176,Normal,Normal,Routine,D003A
1339,109.23766309396856,-0.42733779616100814,0.0,0.4032549140613337,Normal,Normal,Routine,D003A
1340,109.23774184663621,-0.4274113918293283,0.0,0.4087936562355266,Normal,Normal,Routine,D003A
1341,109.23775988232303,-0.4273396424941122,0.0,0.42499890961111164,Normal,Normal,Routine,D003A
1342,109.23779666699343,-0.4274165092698565,0.0,0.4345376903685494,Normal,Normal,Routine,D003A
1343,109.23783846917907,-0.4273485933252388,0.0,0.42437425758896663,Normal,Normal,Routine,D003A
1344,109.23787340265676,-0.4273972482234664,0.0,0.4130709853884694,Normal,Normal,Routine,D003A
1345,109.23790637069249,-0.4273474894869448,0.0,0.4084978851738635,Normal,Normal,Routine,D003A
1346,109.23795959780307,-0.4273947162011976,0.0,0.38745327963798987,Abnormal,Abnormal,Monitor,D003A
1347,109.23798677326309,-0.42735117951820834,0.0,0.43672449930573254,Normal,Normal,Routine,D003A
1348,109.2380423292415,-0.42740389949188456,0.0,0.402408673710667,Normal,Normal,Routine,D003A
1349,109.23806762543607,-0.42734495580883447,0.0,0.41314924577365575,Normal,Normal,Routine,D003A
1350,109.23811994216686,-0.42740591863735045,0.0,0.4211203137113614,Normal,Normal,Routine,D003A
1351,109.23812312515717,-0.4273449876179165,0.0,0.42997402467348195,Normal,Normal,Routine,D003A
1352,109.23818649080513,-0.42739732054909146,0.0,0.43728182766622364,Normal,Normal,Routine,D003A
1353,109.23827062338206,-0.427411218280045,0.0,0.4144308305481801,Normal,Normal,Routine,D003A
1354,109.23822073066803,-0.4273284207709061,0.0,0.4390588767316734,Normal,Normal,Routine,D003A
1355,109.2360253128258,-0.42732185191627775,0.0,0.4308200329452664,Normal,Normal,Routine,D003A
1356,109.23608044951746,-0.4273339867975416,0.0,0.4484385149287805,Normal,Normal,Routine,D003A
1357,109.23614984969346,-0.42732714373402425,0.0,0.45416422292576714,Normal,Normal,Routine,D003A
1358,109.23623572559514,-0.4273337043868548,0.0,0.3808089686138136,Abnormal,Abnormal,Monitor,D003A
1359,109.23631612374508,-0.4273406996452055,0.0,0.3900113860234761,Abnormal,Abnormal,Monitor,D003A
1360,109.23639623317949,-0.42733358414774714,0.0,0.40286265948925365,Normal,Normal,Routine,D003A
1361,109.23647514018344,-0.42733280479745045,0.0,0.39863060756322677,Abnormal,Abnormal,Monitor,D003A
1362,109.23655674003481,-0.4273170300694716,0.0,0.4261967383569051,Normal,Normal,Routine,D003A
1363,109.2366521257062,-0.42730891703886126,0.0,0.4032804908447071,Normal,Normal,Routine,D003A
1364,109.23673277295896,-0.427314757560257,0.0,0.3668903208230264,Abnormal,Abnormal,Monitor,D003A
1365,109.23682158663581,-0.42730774444465536,0.0,0.3858811545579454,Abnormal,Abnormal,Monitor,D003A
1366,109.23690518742062,-0.4273135476667401,0.0,0.3428126577546411,Abnormal,Abnormal,Monitor,D003A
1367,109.23699183868938,-0.42728411284057183,0.0,0.4079251172165518,Normal,Normal,Routine,D003A
1368,109.23702985975301,-0.42730804758986346,0.0,0.40786377109638605,Normal,Normal,Routine,D003A
1369,109.23708675084697,-0.4273042192710774,0.0,0.40809990927165585,Normal,Normal,Routine,D003A
1370,109.23714552577157,-0.42730759594366163,0.0,0.4180425777673578,Normal,Normal,Routine,D003A
1371,109.23729731960147,-0.42729040410471364,0.0,0.3604912171755232,Abnormal,Abnormal,Monitor,D003A
1372,109.23739254663232,-0.4272848429580092,0.0,0.4047771169995903,Normal,Normal,Routine,D003A
1373,109.23747303598543,-0.42728996632648947,0.0,0.4100813455722881,Normal,Normal,Routine,D003A
1374,109.23755226020813,-0.42728487985497443,0.0,0.4011994969715982,Normal,Normal,Routine,D003A
1375,109.23762238657235,-0.42727658282399567,0.0,0.42139642063614413,Normal,Normal,Routine,D003A
1376,109.23770934512152,-0.4272942611786865,0.0,0.4225412342402897,Normal,Normal,Routine,D003A
1377,109.23779215087833,-0.4272768472076304,0.0,0.4274402041000516,Normal,Normal,Routine,D003A
1378,109.23786835922019,-0.427281380884467,0.0,0.3875923496581471,Abnormal,Abnormal,Monitor,D003A
1379,109.23794608810127,-0.427290901223499,0.0,0.4020676623158475,Normal,Normal,Routine,D003A
1380,109.23801920206681,-0.4272671232569446,0.0,0.3907806777260026,Abnormal,Abnormal,Monitor,D003A
1381,109.23809652059997,-0.4272799016938199,0.0,0.42571439918707543,Normal,Normal,Routine,D003A
1382,109.2381852538768,-0.42726333279523093,0.0,0.41988237702753395,Normal,Normal,Routine,D003A
1383,109.23826130786286,-0.42726335035681734,0.0,0.39738889697256746,Abnormal,Abnormal,Monitor,D003A
1384,109.23596790075582,-0.4272627327371907,0.0,0.41942161555909696,Normal,Normal,Routine,D003A
1385,109.23604909145489,-0.4272724094249026,0.0,0.4080053030584867,Normal,Normal,Routine,D003A
1386,109.2361156406013,-0.42726125942696797,0.0,0.44820835941262305,Normal,Normal,Routine,D003A
1387,109.23619803415717,-0.4272548977383393,0.0,0.43427841448941246,Normal,Normal,Routine,D003A
1388,109.23627558100132,-0.42725879420463175,0.0,0.4161082306661858,Normal,Normal,Routine,D003A
1389,109.2363611916692,-0.427254632513481,0.0,0.36955800832554064,Abnormal,Abnormal,Monitor,D003A
1390,109.23650621388234,-0.4272351901351456,0.0,0.4067820919176134,Normal,Normal,Routine,D003A
1391,109.23660341123417,-0.42723158002738,0.0,0.4091416899590844,Normal,Normal,Routine,D003A
1392,109.23669791121135,-0.4272352841741973,0.0,0.4079741658589702,Normal,Normal,Routine,D003A
1393,109.23678073343427,-0.42722819190104205,0.0,0.36570389883127064,Abnormal,Abnormal,Monitor,D003A
1394,109.23687143276639,-0.427228256265653,0.0,0.3672520188220705,Abnormal,Abnormal,Monitor,D003A
1395,109.23694907561224,-0.4272091337978628,0.0,0.381056952968732,Abnormal,Abnormal,Monitor,D003A
1396,109.23707073129287,-0.42721658439780014,0.0,0.3542511049870614,Abnormal,Abnormal,Monitor,D003A
1397,109.23725440180003,-0.4272005908801501,0.0,0.3496435997946126,Abnormal,Abnormal,Monitor,D003A
1398,109.23734847478603,-0.42720186958758194,0.0,0.3464251101893011,Abnormal,Abnormal,Monitor,D003A
1399,109.23743011804316,-0.4271968026629742,0.0,0.36809369776023737,Abnormal,Abnormal,Monitor,D003A
1400,109.23750458747222,-0.4272006486695961,0.0,0.40425014574677515,Normal,Normal,Routine,D003A
1401,109.23753580613716,-0.42717640978795385,0.0,0.4007487596601856,Normal,Normal,Routine,D003A
1402,109.23759157586662,-0.42718982168172126,0.0,0.34854630845887136,Abnormal,Abnormal,Monitor,D003A
1403,109.23766683831523,-0.4271864895358904,0.0,0.3952321187891189,Abnormal,Abnormal,Monitor,D003A
1404,109.23775428408233,-0.42717502511858063,0.0,0.39752498056910784,Abnormal,Abnormal,Monitor,D003A
1405,109.2378302196017,-0.4271784419178015,0.0,0.4147617737094203,Normal,Normal,Routine,D003A
1406,109.23790767886452,-0.4271688398583749,0.0,0.381740246842269,Abnormal,Abnormal,Monitor,D003A
1407,109.23802286354612,-0.42719167652334356,0.0,0.39008400714819347,Abnormal,Abnormal,Monitor,D003A
1408,109.23810731681253,-0.4271857945591305,0.0,0.41160808874928073,Normal,Normal,Routine,D003A
1409,109.23822488887227,-0.4271623731953172,0.0,0.39430701932452633,Abnormal,Abnormal,Monitor,D003A
1410,109.23598369327684,-0.42719569616274067,0.0,0.41766480888511326,Normal,Normal,Routine,D003A
1411,109.23606701119112,-0.4272009549327553,0.0,0.41644872918984244,Normal,Normal,Routine,D003A
1412,109.23615336590034,-0.42719555090642597,0.0,0.41309181297366454,Normal,Normal,Routine,D003A
1413,109.23622625324897,-0.4271844014648273,0.0,0.41211888887743503,Normal,Normal,Routine,D003A
1414,109.23630880268513,-0.42718777097327854,0.0,0.39645033293200616,Abnormal,Abnormal,Monitor,D003A
1415,109.2363862849501,-0.4271755066853113,0.0,0.42655330576364625,Normal,Normal,Routine,D003A
1416,109.23647025958599,-0.42718047080129945,0.0,0.39460791395646727,Abnormal,Abnormal,Monitor,D003A
1417,109.2366527935666,-0.42716121251561046,0.0,0.37273261446702793,Abnormal,Abnormal,Monitor,D003A
1418,109.23673677079661,-0.4271548511807477,0.0,0.3171200547132406,Abnormal,Abnormal,Monitor,D003A
1419,109.23682946251174,-0.4271508855389461,0.0,0.37110758389459225,Abnormal,Abnormal,Monitor,D003A
1420,109.23690947981702,-0.42714213050920913,0.0,0.33960740554257535,Abnormal,Abnormal,Monitor,D003A
1421,109.23700138073033,-0.42712779598057476,0.0,0.4116256172976477,Normal,Normal,Routine,D003A
1422,109.23708800484137,-0.4271386901950659,0.0,0.37101747875333224,Abnormal,Abnormal,Monitor,D003A
1423,109.23715792185946,-0.42714234796038064,0.0,0.3882016110958013,Abnormal,Abnormal,Monitor,D003A
1424,109.23731541752827,-0.42713472763034077,0.0,0.3619093247824909,Abnormal,Abnormal,Monitor,D003A
1425,109.23739765605582,-0.4271151269318532,0.0,0.31273123034667455,Abnormal,Abnormal,Monitor,D003A
1426,109.23745833826688,-0.42712136162499426,0.0,0.38473688776841647,Abnormal,Abnormal,Monitor,D003A
1427,109.23755273245962,-0.4271203832673146,0.0,0.3908117459115589,Abnormal,Abnormal,Monitor,D003A
1428,109.23764598806457,-0.4271175797679078,0.0,0.39849500444864167,Abnormal,Abnormal,Monitor,D003A
1429,109.23771122162374,-0.42710499069559277,0.0,0.4436171164595712,Normal,Normal,Routine,D003A
1430,109.23788361045405,-0.42710232211761395,0.0,0.3829350683730669,Abnormal,Abnormal,Monitor,D003A
1431,109.23795332593006,-0.42710361417992104,0.0,0.3949044838556667,Abnormal,Abnormal,Monitor,D003A
1432,109.23803936466938,-0.4271054987093647,0.0,0.4023633133731827,Normal,Normal,Routine,D003A
1433,109.23810949055432,-0.42707965462177006,0.0,0.44229390081521625,Normal,Normal,Routine,D003A
1434,109.23827402784967,-0.42706811484154766,0.0,0.42020548138624203,Normal,Normal,Routine,D003A
1435,109.23596041447709,-0.42713710756310524,0.0,0.419596681705566,Normal,Normal,Routine,D003A
1436,109.23603914116953,-0.4271312423882422,0.0,0.44428382680500644,Normal,Normal,Routine,D003A
1437,109.23611947452343,-0.4271229658170958,0.0,0.419225228799356,Normal,Normal,Routine,D003A
1438,109.23620376909838,-0.4271193174596596,0.0,0.42479910189006365,Normal,Normal,Routine,D003A
1439,109.23626651161184,-0.4271268286009973,0.0,0.4116886117526361,Normal,Normal,Routine,D003A
1440,109.23635825610764,-0.42710499740580016,0.0,0.39832234469388855,Abnormal,Abnormal,Monitor,D003A
1441,109.23644492385625,-0.4271134717274012,0.0,0.34835958270707573,Abnormal,Abnormal,Monitor,D003A
1442,109.23652272234249,-0.42710503540698186,0.0,0.4128084625117481,Normal,Normal,Routine,D003A
1443,109.23660986593893,-0.4271106386862723,0.0,0.3859034977070204,Abnormal,Abnormal,Monitor,D003A
1444,109.23670303700345,-0.4270923164941437,0.0,0.397720993280697,Abnormal,Abnormal,Monitor,D003A
1445,109.23679398509913,-0.42708866876038715,0.0,0.38880966711981674,Abnormal,Abnormal,Monitor,D003A
1446,109.23710420059787,-0.42707990359689185,0.0,0.3831320631992856,Abnormal,Abnormal,Monitor,D003A
1447,109.23717821580006,-0.42708237767355156,0.0,0.4028998485901633,Normal,Normal,Routine,D003A
1448,109.23726760767735,-0.42707275576823206,0.0,0.42646475000163686,Normal,Normal,Routine,D003A
1449,109.23734823105201,-0.42706917708120024,0.0,0.40567789159891876,Normal,Normal,Routine,D003A
1450,109.23743173243547,-0.4270658468357297,0.0,0.42908868525658284,Normal,Normal,Routine,D003A
1451,109.23750778435347,-0.4270747970717076,0.0,0.42894252159199914,Normal,Normal,Routine,D003A
1452,109.23759160595922,-0.427057748666652,0.0,0.3797369302348332,Abnormal,Abnormal,Monitor,D003A
1453,109.2376602376661,-0.4270570383591516,0.0,0.4362840978274668,Normal,Normal,Routine,D003A
1454,109.23774292099843,-0.42705650763348724,0.0,0.4268337744813013,Normal,Normal,Routine,D003A
1455,109.23782461272842,-0.42704771227877725,0.0,0.42236019183517004,Normal,Normal,Routine,D003A
1456,109.23789978672895,-0.4270383592733053,0.0,0.3862672823662158,Abnormal,Abnormal,Monitor,D003A
1457,109.23797488964918,-0.42703741985930815,0.0,0.3999133667620908,Abnormal,Abnormal,Monitor,D003A
1458,109.23803378349733,-0.42704725957962897,0.0,0.42672709686359245,Normal,Normal,Routine,D003A
1459,109.23807391850393,-0.4270383994662106,0.0,0.42482565653951543,Normal,Normal,Routine,D003A
1460,109.23814949679846,-0.4270366634715489,0.0,0.40010295454933364,Normal,Normal,Routine,D003A
1461,109.23598908874904,-0.42705977128328704,0.0,0.4250599778607255,Normal,Normal,Routine,D003A
1462,109.2360762363932,-0.42704750832445165,0.0,0.44261322859669106,Normal,Normal,Routine,D003A
1463,109.23617005852236,-0.42705744474186447,0.0,0.4578373345873072,Normal,Normal,Routine,D003A
1464,109.23624925834119,-0.4270488242698621,0.0,0.42109874705211375,Normal,Normal,Routine,D003A
1465,109.23632610572031,-0.42704357900255835,0.0,0.38828680869370985,Abnormal,Abnormal,Monitor,D003A
1466,109.23641021740065,-0.42704236044923055,0.0,0.3614305014432516,Abnormal,Abnormal,Monitor,D003A
1467,109.23649564454527,-0.42703548309240424,0.0,0.3988945269957185,Abnormal,Abnormal,Monitor,D003A
1468,109.2365812047895,-0.4270358220751933,0.0,0.4276352937921873,Normal,Normal,Routine,D003A
1469,109.23666248842656,-0.4270280249900222,0.0,0.3519234856566032,Abnormal,Abnormal,Monitor,D003A
1470,109.2367512211235,-0.42701368972886844,0.0,0.3135454859019114,Abnormal,Abnormal,Monitor,D003A
1471,109.23683583122666,-0.42701307083500173,0.0,0.30993817937943996,Abnormal,Abnormal,Monitor,D003A
1472,109.23691901701281,-0.4270070294300971,0.0,0.4022937132960179,Normal,Normal,Routine,D003A
1473,109.23705194653232,-0.42703577164608353,0.0,0.3948170552376796,Abnormal,Abnormal,Monitor,D003A
1474,109.23708878561463,-0.4269960153784077,0.0,0.4111900947811437,Normal,Normal,Routine,D003A
1475,109.23716492892771,-0.4269861905611185,0.0,0.4064930264284061,Normal,Normal,Routine,D003A
1476,109.23731180735787,-0.42698893646913,0.0,0.3864862342937971,Abnormal,Abnormal,Monitor,D003A
1477,109.23739974345864,-0.4269897534596224,0.0,0.40214708544520616,Normal,Normal,Routine,D003A
1478,109.23748198192955,-0.42698223420078824,0.0,0.3503546207516759,Abnormal,Abnormal,Monitor,D003A
1479,109.23755423290854,-0.42698090618579226,0.0,0.37895398951562725,Abnormal,Abnormal,Monitor,D003A
1480,109.23763900185688,-0.4269653247689265,0.0,0.4038000912279696,Normal,Normal,Routine,D003A
1481,109.23771980668381,-0.4269736367566024,0.0,0.4290624152595314,Normal,Normal,Routine,D003A
1482,109.2377941206164,-0.42696216929741754,0.0,0.41744505156974804,Normal,Normal,Routine,D003A
1483,109.23786716747149,-0.4269490276845363,0.0,0.39200131428721285,Abnormal,Abnormal,Monitor,D003A
1484,109.23794195162894,-0.4269554247813883,0.0,0.3691552087924456,Abnormal,Abnormal,Monitor,D003A
1485,109.23803559791051,-0.42694906655411635,0.0,0.38586817715798055,Abnormal,Abnormal,Monitor,D003A
1486,109.23812066319837,-0.4269418617285267,0.0,0.4133319945333956,Normal,Normal,Routine,D003A
1487,109.23817264085348,-0.4269889751092599,0.0,0.38928638447899944,Abnormal,Abnormal,Monitor,D003A
1488,109.23818532864287,-0.42693506365100325,0.0,0.4104682157258014,Normal,Normal,Routine,D003A
1489,109.23827659044852,-0.42694657022709986,0.0,0.3886399167554023,Abnormal,Abnormal,Monitor,D003A
1490,109.23596042644976,-0.42699005856047145,0.0,0.4359613885550787,Normal,Normal,Routine,D003A
1491,109.23602079192209,-0.4269945397466159,0.0,0.3767972732184171,Abnormal,Abnormal,Monitor,D003A
1492,109.23619809476406,-0.4269851696673846,0.0,0.43625935827238094,Normal,Normal,Routine,D003A
1493,109.2362972814004,-0.4269871060788556,0.0,0.4114432354600957,Normal,Normal,Routine,D003A
1494,109.23638981686055,-0.4269710173602598,0.0,0.4198948261865343,Normal,Normal,Routine,D003A
1495,109.23644844113468,-0.42697709151695235,0.0,0.43029096293277674,Normal,Normal,Routine,D003A
1496,109.23653907265368,-0.42697113141402493,0.0,0.3575275150347271,Abnormal,Abnormal,Monitor,D003A
1497,109.23662558591298,-0.42696381481324025,0.0,0.3794285374523962,Abnormal,Abnormal,Monitor,D003A
1498,109.23671003592533,-0.42696798143515324,0.0,0.3122455440830476,Abnormal,Abnormal,Monitor,D003A
1499,109.23678910370603,-0.4269554778579663,0.0,0.31300419472533164,Abnormal,Abnormal,Monitor,D003A
1500,109.23695704166568,-0.42694819633183684,0.0,0.32038521644162804,Abnormal,Abnormal,Monitor,D003A
1501,109.2370163812897,-0.42697263336153807,0.0,0.4398983031055286,Normal,Normal,Routine,D003A
1502,109.23710124818622,-0.4269252432316497,0.0,0.3900593303807891,Abnormal,Abnormal,Monitor,D003A
1503,109.23718855132165,-0.4269246258557681,0.0,0.39323028627902656,Abnormal,Abnormal,Monitor,D003A
1504,109.23727379694127,-0.426914277736989,0.0,0.38097090791316673,Abnormal,Abnormal,Monitor,D003A
1505,109.23735714000597,-0.4269119032939687,0.0,0.3724768811550278,Abnormal,Abnormal,Monitor,D003A
1506,109.23743319482634,-0.4269080929477807,0.0,0.41561483415722916,Normal,Normal,Routine,D003A
1507,109.23759417728559,-0.4268979214609536,0.0,0.424251568157966,Normal,Normal,Routine,D003A
1508,109.23767957781251,-0.4269055978793319,0.0,0.41822161164139215,Normal,Normal,Routine,D003A
1509,109.23775210527253,-0.4268932853894711,0.0,0.40833666295413323,Normal,Normal,Routine,D003A
1510,109.2378316894898,-0.42688521569413324,0.0,0.38898671877992763,Abnormal,Abnormal,Monitor,D003A
1511,109.2379159143918,-0.4268841156054507,0.0,0.4001973915981802,Normal,Normal,Routine,D003A
1512,109.23798927788276,-0.42688481980152354,0.0,0.4024777351127878,Normal,Normal,Routine,D003A
1513,109.23808124545195,-0.4268817202808634,0.0,0.4073503969185779,Normal,Normal,Routine,D003A
1514,109.23815870478296,-0.4268757896644878,0.0,0.4099961830521977,Normal,Normal,Routine,D003A
1515,109.23824600899441,-0.4268706616238195,0.0,0.3660968422317619,Abnormal,Abnormal,Monitor,D003A
1516,109.23601970410937,-0.4269039377504533,0.0,0.439424442301358,Normal,Normal,Routine,D003A
1517,109.23610098582972,-0.42690443580505855,0.0,0.41519497622601875,Normal,Normal,Routine,D003A
1518,109.23618021064371,-0.4268964790890398,0.0,0.4402712293128131,Normal,Normal,Routine,D003A
1519,109.23625915313157,-0.4269015415047256,0.0,0.38842142183704825,Abnormal,Abnormal,Monitor,D003A
1520,109.23633041844312,-0.4268893354535123,0.0,0.413412281640767,Normal,Normal,Routine,D003A
1521,109.23641962306215,-0.42689318395495873,0.0,0.3861904793526404,Abnormal,Abnormal,Monitor,D003A
1522,109.23649694599509,-0.42688634360445954,0.0,0.4093177090604468,Normal,Normal,Routine,D003A
1523,109.23658472602138,-0.42688205669638923,0.0,0.43579287535431577,Normal,Normal,Routine,D003A
1524,109.23673556647975,-0.4268777852518653,0.0,0.3467227718015822,Abnormal,Abnormal,Monitor,D003A
1525,109.23681795896712,-0.42687620909090174,0.0,0.3854274741430188,Abnormal,Abnormal,Monitor,D003A
1526,109.23692221856685,-0.42686458849458586,0.0,0.3656371839946185,Abnormal,Abnormal,Monitor,D003A
1527,109.23699827213368,-0.4268662012370499,0.0,0.399556679263626,Abnormal,Abnormal,Monitor,D003A
1528,109.23715053788132,-0.42686719313613086,0.0,0.39250329122529015,Abnormal,Abnormal,Monitor,D003A
1529,109.2372303968193,-0.42685572696165797,0.0,0.3626864906579543,Abnormal,Abnormal,Monitor,D003A
1530,109.23728696223921,-0.4268501568702429,0.0,0.4104251700079645,Normal,Normal,Routine,D003A
1531,109.23739644825841,-0.4268532133532518,0.0,0.38386801414254335,Abnormal,Abnormal,Monitor,D003A
1532,109.23747392979895,-0.4268442985599885,0.0,0.360835915277512,Abnormal,Abnormal,Monitor,D003A
1533,109.23763185398475,-0.42684052609240586,0.0,0.38231539847222856,Abnormal,Abnormal,Monitor,D003A
1534,109.23771732896742,-0.4268328701166721,0.0,0.3929923315747426,Abnormal,Abnormal,Monitor,D003A
1535,109.23778776539372,-0.4268357141156187,0.0,0.38659402996650793,Abnormal,Abnormal,Monitor,D003A
1536,109.23787733479072,-0.4268316310676722,0.0,0.40870021544854584,Normal,Normal,Routine,D003A
1537,109.23795972635725,-0.42683037410912356,0.0,0.4182271530922116,Normal,Normal,Routine,D003A
1538,109.23803535088898,-0.4268306854536632,0.0,0.42682354148174056,Normal,Normal,Routine,D003A
1539,109.23812394635625,-0.4268235999003341,0.0,0.4563937383936718,Normal,Normal,Routine,D003A
1540,109.23818836681835,-0.42682755570176334,0.0,0.4347382096639096,Normal,Normal,Routine,D003A
1541,109.2382835274162,-0.426829883618674,0.0,0.40153221242736686,Normal,Normal,Routine,D003A
1542,109.23596742778065,-0.4268591049860017,0.0,0.42355007869677813,Normal,Normal,Routine,D003A
1543,109.23604126410609,-0.4268540172713502,0.0,0.42618526623534814,Normal,Normal,Routine,D003A
1544,109.23609656165624,-0.42685403004345646,0.0,0.4300161919704787,Normal,Normal,Routine,D003A
1545,109.23620874273941,-0.42684384731713293,0.0,0.42225347694975024,Normal,Normal,Routine,D003A
1546,109.23630539743432,-0.42683270425367426,0.0,0.4084502235189376,Normal,Normal,Routine,D003A
1547,109.236466540497,-0.4268150352802581,0.0,0.38773569122395884,Abnormal,Abnormal,Monitor,D003A
1548,109.23662118396959,-0.42681188152086086,0.0,0.4015251912837692,Normal,Normal,Routine,D003A
1549,109.23670658757499,-0.4268058397176552,0.0,0.3309776684706198,Abnormal,Abnormal,Monitor,D003A
1550,109.23678755404174,-0.4268023488222576,0.0,0.3420457938963619,Abnormal,Abnormal,Monitor,D003A
1551,109.23686423917589,-0.4268114592579308,0.0,0.3944729236907135,Abnormal,Abnormal,Monitor,D003A
1552,109.23695439547264,-0.4268057377660335,0.0,0.3808979105311804,Abnormal,Abnormal,Monitor,D003A
1553,109.2370801599736,-0.4268086659801855,0.0,0.37691573370029735,Abnormal,Abnormal,Monitor,D003A
1554,109.23717115204784,-0.4267934097402913,0.0,0.38560198093406284,Abnormal,Abnormal,Monitor,D003A
1555,109.2373442015378,-0.4267846544559083,0.0,0.4212049340244235,Normal,Normal,Routine,D003A
1556,109.23743184410435,-0.426780642406752,0.0,0.3909529681320305,Abnormal,Abnormal,Monitor,D003A
1557,109.23751097504093,-0.4267788755777708,0.0,0.4056719050624804,Normal,Normal,Routine,D003A
1558,109.23759964095301,-0.4267779022103625,0.0,0.41934860314355465,Normal,Normal,Routine,D003A
1559,109.23767421893729,-0.42678236043503076,0.0,0.4000731254614388,Normal,Normal,Routine,D003A
1560,109.2377566112932,-0.42677759388798236,0.0,0.4133466624380517,Normal,Normal,Routine,D003A
1561,109.23783631040413,-0.426769891359972,0.0,0.4236143351530843,Normal,Normal,Routine,D003A
1562,109.23791664418229,-0.4267640084288789,0.0,0.406540347639328,Normal,Normal,Routine,D003A
1563,109.23799620837475,-0.4267650088523846,0.0,0.39358151546817766,Abnormal,Abnormal,Monitor,D003A
1564,109.23808142996181,-0.4267538377938932,0.0,0.4076053735301574,Normal,Normal,Routine,D003A
1565,109.2381574839386,-0.4267538553355719,0.0,0.36643941367384264,Abnormal,Abnormal,Monitor,D003A
1566,109.23823353559531,-0.42676408152275896,0.0,0.3875405211706419,Abnormal,Abnormal,Monitor,D003A
1567,109.2382899479575,-0.4267364989026993,0.0,0.37050478907451234,Abnormal,Abnormal,Monitor,D003A
1568,109.23593971989075,-0.42676769925293184,0.0,0.4197831592397191,Normal,Normal,Routine,D003A
1569,109.23601450668302,-0.42676612133995845,0.0,0.43796314908048284,Normal,Normal,Routine,D003A
1570,109.23610022513256,-0.426769810781087,0.0,0.4264344125896549,Normal,Normal,Routine,D003A
1571,109.23618420131473,-0.4267679157707358,0.0,0.43340056127502996,Normal,Normal,Routine,D003A
1572,109.23626722898346,-0.4267578854628736,0.0,0.40393050121121626,Normal,Normal,Routine,D003A
1573,109.23635500743463,-0.42676045766278653,0.0,0.42701542857286623,Normal,Normal,Routine,D003A
1574,109.23650410442653,-0.4267596953973435,0.0,0.4155761452005347,Normal,Normal,Routine,D003A
1575,109.23666397866279,-0.42674808763874145,0.0,0.4042246996300039,Normal,Normal,Routine,D003A
1576,109.23673876639208,-0.4267425226603954,0.0,0.3996405988904815,Abnormal,Abnormal,Monitor,D003A
1577,109.2369083034401,-0.4267384146729904,0.0,0.40430636085547483,Normal,Normal,Routine,D003A
1578,109.23700305503941,-0.4267338101433033,0.0,0.4195949646688217,Normal,Normal,Routine,D003A
1579,109.23708069352217,-0.4267338280605632,0.0,0.434693613622484,Normal,Normal,Routine,D003A
1580,109.23717433567778,-0.42672960669519683,0.0,0.4304495082869813,Normal,Normal,Routine,D003A
1581,109.23725672692143,-0.42672962570722833,0.0,0.40526732164152957,Normal,Normal,Routine,D003A
1582,109.23732925179809,-0.4267285780808295,0.0,0.42678267694450356,Normal,Normal,Routine,D003A
1583,109.23740245513885,-0.4267224149853444,0.0,0.3847907613577051,Abnormal,Abnormal,Monitor,D003A
1584,109.23747791981566,-0.4267185113517549,0.0,0.4011607717092634,Normal,Normal,Routine,D003A
1585,109.23755375039705,-0.42671326762888895,0.0,0.4095611203365561,Normal,Normal,Routine,D003A
1586,109.23764412951489,-0.426715359325983,0.0,0.37599468059316343,Abnormal,Abnormal,Monitor,D003A
1587,109.23771955023753,-0.42671122960403407,0.0,0.41908797826858696,Normal,Normal,Routine,D003A
1588,109.23779497253865,-0.42670017746375005,0.0,0.42109021108870315,Normal,Normal,Routine,D003A
1589,109.23787482569247,-0.42671423242987583,0.0,0.38441408202230787,Abnormal,Abnormal,Monitor,D003A
1590,109.23795468613714,-0.426700214301819,0.0,0.3997315711850631,Abnormal,Abnormal,Monitor,D003A
1591,109.23804101459872,-0.42670787193222176,0.0,0.42929233050103016,Normal,Normal,Routine,D003A
1592,109.23812508688148,-0.42669458002106625,0.0,0.42157561655584885,Normal,Normal,Routine,D003A
1593,109.23820494501334,-0.4266907705337554,0.0,0.3819714005844218,Abnormal,Abnormal,Monitor,D003A
1594,109.23828423694715,-0.42668823597825656,0.0,0.3540745567199852,Abnormal,Abnormal,Monitor,D003A
1595,109.2359848922947,-0.42670390594614,0.0,0.44208504450213804,Normal,Normal,Routine,D003A
1596,109.23606823589037,-0.42669499342552203,0.0,0.45249504105925237,Normal,Normal,Routine,D003A
1597,109.23613731874012,-0.42669309497367963,0.0,0.43021516333346477,Normal,Normal,Routine,D003A
1598,109.23621812628568,-0.42669311362965645,0.0,0.4725388287959977,Normal,Normal,Routine,D003A
1599,109.2362957638368,-0.4266931315529745,0.0,0.4197752800724476,Normal,Normal,Routine,D003A
1600,109.2363835453406,-0.426682304745162,0.0,0.3540505438254766,Abnormal,Abnormal,Monitor,D003A
1601,109.23645579491387,-0.42668694781887107,0.0,0.39717266786273947,Abnormal,Abnormal,Monitor,D003A
1602,109.23654769497313,-0.42668017322053703,0.0,0.3625163439249333,Abnormal,Abnormal,Monitor,D003A
1603,109.23662454228705,-0.42667524715178123,0.0,0.3674696484724776,Abnormal,Abnormal,Monitor,D003A
1604,109.23670534840087,-0.4266816456352722,0.0,0.3913250768299252,Abnormal,Abnormal,Monitor,D003A
1605,109.23687805686956,-0.42666732973566324,0.0,0.36516843273444394,Abnormal,Abnormal,Monitor,D003A
1606,109.23698104722807,-0.42666352560054993,0.0,0.3458866895141458,Abnormal,Abnormal,Monitor,D003A
1607,109.23716722157845,-0.4266576670968677,0.0,0.401496949368971,Normal,Normal,Routine,D003A
1608,109.2372646663792,-0.42665625355054776,0.0,0.3715734354573707,Abnormal,Abnormal,Monitor,D003A
1609,109.23735815202285,-0.4266451097264687,0.0,0.4104927492843587,Normal,Normal,Routine,D003A
1610,109.23744212528321,-0.42665629448949116,0.0,0.399568634947857,Abnormal,Abnormal,Monitor,D003A
1611,109.23751976668801,-0.4266435518222083,0.0,0.41652611880689056,Normal,Normal,Routine,D003A
1612,109.23759740429328,-0.4266435697302227,0.0,0.4252688569291461,Normal,Normal,Routine,D003A
1613,109.23767963789476,-0.42664167429420313,0.0,0.4241952096971755,Normal,Normal,Routine,D003A
1614,109.23776076145926,-0.4266427456098458,0.0,0.437714803401086,Normal,Normal,Routine,D003A
1615,109.23784315330883,-0.42664021267672375,0.0,0.36615812816944826,Abnormal,Abnormal,Monitor,D003A
1616,109.23791540866533,-0.42662364085709065,0.0,0.36395522584028256,Abnormal,Abnormal,Monitor,D003A
1617,109.23799399871822,-0.42661855420500183,0.0,0.39821817862744235,Abnormal,Abnormal,Monitor,D003A
1618,109.23807005123835,-0.4266249524844431,0.0,0.4157950880647707,Normal,Normal,Routine,D003A
1619,109.23816511861453,-0.4266224224693977,0.0,0.423358039401315,Normal,Normal,Routine,D003A
1620,109.23823483528575,-0.4266224385437047,0.0,0.39148796356250415,Abnormal,Abnormal,Monitor,D003A
1621,109.23594498182143,-0.4266263756780319,0.0,0.45321575945139075,Normal,Normal,Routine,D003A
1622,109.23599251362477,-0.4266311722029756,0.0,0.46286555169690713,Normal,Normal,Routine,D003A
1623,109.23609835805088,-0.42661811685214085,0.0,0.4276150364775557,Normal,Normal,Routine,D003A
1624,109.23617352961358,-0.42661914068947876,0.0,0.42582135197456694,Normal,Normal,Routine,D003A
1625,109.23625711943318,-0.42662166218046543,0.0,0.4151820197925195,Normal,Normal,Routine,D003A
1626,109.23634236644928,-0.42660892128736594,0.0,0.4040854887631244,Normal,Normal,Routine,D003A
1627,109.23642190538982,-0.42661005735885127,0.0,0.3408274168511548,Abnormal,Abnormal,Monitor,D003A
1628,109.23650017754949,-0.4266082243219687,0.0,0.4148229253177425,Normal,Normal,Routine,D003A
1629,109.23658241208258,-0.4266020226230481,0.0,0.3957176807050702,Abnormal,Abnormal,Monitor,D003A
1630,109.23666496489766,-0.42659454502941524,0.0,0.4296420522911761,Normal,Normal,Routine,D003A
1631,109.23674434495744,-0.4265991897430591,0.0,0.36654714104207026,Abnormal,Abnormal,Monitor,D003A
1632,109.23683212467434,-0.42659234997986045,0.0,0.42434715506445175,Normal,Normal,Routine,D003A
1633,109.2369065947739,-0.4265891776968147,0.0,0.39437445517740105,Abnormal,Abnormal,Monitor,D003A
1634,109.2370000778571,-0.4265891992644334,0.0,0.33653826874655646,Abnormal,Abnormal,Monitor,D003A
1635,109.23707771779071,-0.42658283643662137,0.0,0.3773846481024468,Abnormal,Abnormal,Monitor,D003A
1636,109.23715583069821,-0.42658620398280417,0.0,0.3523820854307794,Abnormal,Abnormal,Monitor,D003A
1637,109.23722317098651,-0.4265801579947726,0.0,0.34001146622069245,Abnormal,Abnormal,Monitor,D003A
1638,109.23731206059851,-0.42657108666721133,0.0,0.4013128878563267,Normal,Normal,Routine,D003A
1639,109.23740475314337,-0.4265635643763685,0.0,0.4159537438495534,Normal,Normal,Routine,D003A
1640,109.2375597116626,-0.42656970866094107,0.0,0.3426145790066539,Abnormal,Abnormal,Monitor,D003A
1641,109.23764226061813,-0.42657148294450503,0.0,0.3790605236611855,Abnormal,Abnormal,Monitor,D003A
1642,109.23771387969596,-0.4265640977639644,0.0,0.41603053840639215,Normal,Normal,Routine,D003A
1643,109.23779627194187,-0.4265598095814285,0.0,0.4062237412973235,Normal,Normal,Routine,D003A
1644,109.23787993331297,-0.4265521721623211,0.0,0.3770801670658857,Abnormal,Abnormal,Monitor,D003A
1645,109.2379724640139,-0.426557298271408,0.0,0.3696227531767049,Abnormal,Abnormal,Monitor,D003A
1646,109.23803711283625,-0.4265445525955481,0.0,0.37950920396679544,Abnormal,Abnormal,Monitor,D003A
1647,109.23812203906681,-0.42654840007763545,0.0,0.39857248936441975,Abnormal,Abnormal,Monitor,D003A
1648,109.23819809301568,-0.4265445897070969,0.0,0.37557084377821504,Abnormal,Abnormal,Monitor,D003A
1649,109.23827097255484,-0.4265838676126204,0.0,0.4248145844980124,Normal,Normal,Routine,D003A
1650,109.23597831639289,-0.42655651540426714,0.0,0.4333268297065531,Normal,Normal,Routine,D003A
1651,109.23605860174332,-0.4265578135189349,0.0,0.4095777422726369,Normal,Normal,Routine,D003A
1652,109.2361425773385,-0.42655847676215064,0.0,0.37387171490717136,Abnormal,Abnormal,Monitor,D003A
1653,109.23622813976854,-0.4265530670960674,0.0,0.4502399497313458,Normal,Normal,Routine,D003A
1654,109.23630150222253,-0.42654223785958095,0.0,0.3552265447797254,Abnormal,Abnormal,Monitor,D003A
1655,109.23638230922886,-0.42654464928347824,0.0,0.3653569024720828,Abnormal,Abnormal,Monitor,D003A
1656,109.23647088086148,-0.4265393099387931,0.0,0.4061483203756018,Normal,Normal,Routine,D003A
1657,109.23654408513255,-0.42654074025034056,0.0,0.4189983381030078,Normal,Normal,Routine,D003A
1658,109.23662425711284,-0.4265390261107176,0.0,0.4332958944085913,Normal,Normal,Routine,D003A
1659,109.23670378031774,-0.42652647198093757,0.0,0.364210850324456,Abnormal,Abnormal,Monitor,D003A
1660,109.23679252922662,-0.42652375242774265,0.0,0.41448337828905124,Normal,Normal,Routine,D003A
1661,109.23685749328364,-0.4265189818605203,0.0,0.38857802121498247,Abnormal,Abnormal,Monitor,D003A
1662,109.23695414383981,-0.4265221945253223,0.0,0.4045697027357159,Normal,Normal,Routine,D003A
1663,109.23706347153094,-0.4265222197437196,0.0,0.39661033700729986,Abnormal,Abnormal,Monitor,D003A
1664,109.23715299677522,-0.4265027807650073,0.0,0.36994981089559925,Abnormal,Abnormal,Monitor,D003A
1665,109.23725677956699,-0.42649833836349205,0.0,0.3940947090751744,Abnormal,Abnormal,Monitor,D003A
1666,109.23735216220224,-0.42650761134859666,0.0,0.4100870702768249,Normal,Normal,Routine,D003A
1667,109.23744532876162,-0.42650524005589446,0.0,0.42960841025727087,Normal,Normal,Routine,D003A
1668,109.23751821734615,-0.4264888275411455,0.0,0.40122756667144305,Normal,Normal,Routine,D003A
1669,109.23760377661566,-0.42649363282508224,0.0,0.40489975535708744,Normal,Normal,Routine,D003A
1670,109.23768727494222,-0.42649980945657734,0.0,0.40912428257667144,Normal,Normal,Routine,D003A
1671,109.23775762741602,-0.42648865937920594,0.0,0.3959880495818928,Abnormal,Abnormal,Monitor,D003A
1672,109.23783764261836,-0.4264853282986047,0.0,0.3303638101609137,Abnormal,Abnormal,Monitor,D003A
1673,109.23791797552201,-0.42648327325771535,0.0,0.3745284280247198,Abnormal,Abnormal,Monitor,D003A
1674,109.23800971743212,-0.42647703303128576,0.0,0.3784068605790918,Abnormal,Abnormal,Monitor,D003A
1675,109.23807768970708,-0.4264807581392195,0.0,0.3888259768844547,Abnormal,Abnormal,Monitor,D003A
1676,109.23815754867734,-0.42646929193259153,0.0,0.4138632572094838,Normal,Normal,Routine,D003A
1677,109.2382516017114,-0.4264715716482346,0.0,0.368371734885204,Abnormal,Abnormal,Monitor,D003A
1678,109.23594436222388,-0.4264795290937124,0.0,0.43540026279739463,Normal,Normal,Routine,D003A
1679,109.23600474636471,-0.4264887976279562,0.0,0.4556003122805833,Normal,Normal,Routine,D003A
1680,109.23608745250031,-0.4264982277574992,0.0,0.44259926249213866,Normal,Normal,Routine,D003A
1681,109.2361793545505,-0.4264826172469766,0.0,0.3988647687134983,Abnormal,Abnormal,Monitor,D003A
1682,109.2362569946305,-0.42647545683381877,0.0,0.38303089178561306,Abnormal,Abnormal,Monitor,D003A
1683,109.2363428716567,-0.4264770718329092,0.0,0.3838879089677133,Abnormal,Abnormal,Monitor,D003A
1684,109.23641879264092,-0.42647697631240983,0.0,0.38141639875357053,Abnormal,Abnormal,Monitor,D003A
1685,109.23649953245075,-0.42646680619768595,0.0,0.4062460863493613,Normal,Normal,Routine,D003A
1686,109.2365808591528,-0.4264670781635878,0.0,0.4208350812777036,Normal,Normal,Routine,D003A
1687,109.23666420327014,-0.42645991905994324,0.0,0.3597465416344391,Abnormal,Abnormal,Monitor,D003A
1688,109.2367418415638,-0.42645674659999155,0.0,0.3324908273349894,Abnormal,Abnormal,Monitor,D003A
1689,109.23682423440945,-0.42645357613994456,0.0,0.3744081211458592,Abnormal,Abnormal,Monitor,D003A
1690,109.23691929968699,-0.4264599779011771,0.0,0.3875956762349233,Abnormal,Abnormal,Monitor,D003A
1691,109.23700850498385,-0.426460956128946,0.0,0.35943453512989604,Abnormal,Abnormal,Monitor,D003A
1692,109.23711577589064,-0.42644407227063696,0.0,0.3686354333961576,Abnormal,Abnormal,Monitor,D003A
1693,109.23719198787506,-0.42644823696476103,0.0,0.36182923331637395,Abnormal,Abnormal,Monitor,D003A
1694,109.23726471466058,-0.4264441066162125,0.0,0.3971129382605309,Abnormal,Abnormal,Monitor,D003A
1695,109.23732973274349,-0.4264427823404192,0.0,0.39338192056772875,Abnormal,Abnormal,Monitor,D003A
1696,109.23742871031239,-0.4264242064248398,0.0,0.39145531216099,Abnormal,Abnormal,Monitor,D003A
1697,109.23764134339399,-0.4264257864266058,0.0,0.3738940184106346,Abnormal,Abnormal,Monitor,D003A
1698,109.23771375426793,-0.4264165512249452,0.0,0.3725440252249283,Abnormal,Abnormal,Monitor,D003A
1699,109.23780264291187,-0.4264157750264662,0.0,0.3869044846670293,Abnormal,Abnormal,Monitor,D003A
1700,109.23787489275763,-0.42641945952174914,0.0,0.3967597361492074,Abnormal,Abnormal,Monitor,D003A
1701,109.23796996014855,-0.42642075830603643,0.0,0.40981103552397913,Normal,Normal,Routine,D003A
1702,109.2380526452022,-0.4264126883974822,0.0,0.4300899805247462,Normal,Normal,Routine,D003A
1703,109.23811445835062,-0.42641499775762337,0.0,0.43919474072754383,Normal,Normal,Routine,D003A
1704,109.23821021503049,-0.42641101739225057,0.0,0.4127714633493899,Normal,Normal,Routine,D003A
1705,109.23827925053162,-0.4264004122931842,0.0,0.38492903726600103,Abnormal,Abnormal,Monitor,D003A
1706,109.23596313069444,-0.42642034703904763,0.0,0.4491232311947501,Normal,Normal,Routine,D003A
1707,109.23605023688413,-0.4264125630353633,0.0,0.4245984669830706,Normal,Normal,Routine,D003A
1708,109.23613658954794,-0.4264160916408181,0.0,0.43077519273714965,Normal,Normal,Routine,D003A
1709,109.23620915826915,-0.4264116420492761,0.0,0.4369539330575933,Normal,Normal,Routine,D003A
1710,109.23630008810048,-0.4264091608309158,0.0,0.42060846962536186,Normal,Normal,Routine,D003A
1711,109.2363726748314,-0.4264084903087221,0.0,0.3830739394143537,Abnormal,Abnormal,Monitor,D003A
1712,109.23645981968569,-0.42640851041164973,0.0,0.3738971794427478,Abnormal,Abnormal,Monitor,D003A
1713,109.23653793419918,-0.4264046996263518,0.0,0.38067324500237004,Abnormal,Abnormal,Monitor,D003A
1714,109.23662460329486,-0.42640727245517723,0.0,0.41254745889707317,Normal,Normal,Routine,D003A
1715,109.23670382703465,-0.4264041003591757,0.0,0.3952052445249108,Abnormal,Abnormal,Monitor,D003A
1716,109.23677512947862,-0.4263945466011124,0.0,0.3567097294783585,Abnormal,Abnormal,Monitor,D003A
1717,109.23687494840391,-0.4264009494560399,0.0,0.33879274801986,Abnormal,Abnormal,Monitor,D003A
1718,109.23695211188296,-0.4263961826011705,0.0,0.40130953780528594,Normal,Normal,Routine,D003A
1719,109.2370338723364,-0.4263851943184035,0.0,0.32228613832668096,Abnormal,Abnormal,Monitor,D003A
1720,109.23711578714153,-0.4263946251592405,0.0,0.396513998562119,Abnormal,Abnormal,Monitor,D003A
1721,109.23719025833914,-0.42638666640611733,0.0,0.4258308330885541,Normal,Normal,Routine,D003A
1722,109.23745106103229,-0.42638108008611697,0.0,0.42334297594369064,Normal,Normal,Routine,D003A
1723,109.23752743109843,-0.4263814169095186,0.0,0.4057254690216725,Normal,Normal,Routine,D003A
1724,109.23776351913277,-0.42636248916570746,0.0,0.4010299975577952,Normal,Normal,Routine,D003A
1725,109.23783687957507,-0.42636075173134813,0.0,0.4109216358860871,Normal,Normal,Routine,D003A
1726,109.23791927229509,-0.4263543908821701,0.0,0.40439556973321095,Normal,Normal,Routine,D003A
1727,109.23800293337844,-0.42634802941952377,0.0,0.3384690774536519,Abnormal,Abnormal,Monitor,D003A
1728,109.23809671496795,-0.42634704996989486,0.0,0.4041212565041218,Normal,Normal,Routine,D003A
1729,109.2381785404982,-0.42634636166171164,0.0,0.41689510713673694,Normal,Normal,Routine,D003A
1730,109.23825713200897,-0.42633489515558975,0.0,0.36146884429461956,Abnormal,Abnormal,Monitor,D003A
1731,109.23595439194263,-0.42635096989711196,0.0,0.4390177980096679,Normal,Normal,Routine,D003A
1732,109.23603203037753,-0.42635098780894265,0.0,0.448738215501244,Normal,Normal,Routine,D003A
1733,109.2360914491993,-0.4263470144611427,0.0,0.412266645187454,Normal,Normal,Routine,D003A
1734,109.23616290822686,-0.42634399973449766,0.0,0.4325521855382948,Normal,Normal,Routine,D003A
1735,109.23626366089132,-0.426344391929843,0.0,0.4027939421835958,Normal,Normal,Routine,D003A
1736,109.23633751616957,-0.4263389361454442,0.0,0.42742344633112167,Normal,Normal,Routine,D003A
1737,109.23642656263381,-0.4263351287843931,0.0,0.41378294860288956,Normal,Normal,Routine,D003A
1738,109.23650546880283,-0.4263340301732473,0.0,0.41723939504759244,Normal,Normal,Routine,D003A
1739,109.23659609988847,-0.4263338919184074,0.0,0.36977843307640473,Abnormal,Abnormal,Monitor,D003A
1740,109.23666423227444,-0.42633247250735823,0.0,0.4352776919360779,Normal,Normal,Routine,D003A
1741,109.23674456409125,-0.42632706794737846,0.0,0.3917637071569451,Abnormal,Abnormal,Monitor,D003A
1742,109.23682901547382,-0.4263291600760092,0.0,0.39863730070472264,Abnormal,Abnormal,Monitor,D003A
1743,109.23690839746213,-0.42632535047936493,0.0,0.377876984483849,Abnormal,Abnormal,Monitor,D003A
1744,109.23698746260935,-0.42632441105592883,0.0,0.4061875872694336,Normal,Normal,Routine,D003A
1745,109.23707143984214,-0.4263180505825287,0.0,0.3558906585452008,Abnormal,Abnormal,Monitor,D003A
1746,109.23716492474469,-0.42631009621023414,0.0,0.38258198296522594,Abnormal,Abnormal,Monitor,D003A
1747,109.23732362858904,-0.42631423469947316,0.0,0.31147339739659213,Abnormal,Abnormal,Monitor,D003A
1748,109.23738643109867,-0.4263108815630747,0.0,0.36658297168413323,Abnormal,Abnormal,Monitor,D003A
1749,109.2376505434156,-0.42629973273376937,0.0,0.42255277057309765,Normal,Normal,Routine,D003A
1750,109.23772249603387,-0.4262989951296033,0.0,0.4395519175770119,Normal,Normal,Routine,D003A
1751,109.23780140247496,-0.42629694065754314,0.0,0.39532906886583197,Abnormal,Abnormal,Monitor,D003A
1752,109.23789335013582,-0.4262944090061681,0.0,0.40600763646484817,Normal,Normal,Routine,D003A
1753,109.23797307149226,-0.42629158154302527,0.0,0.3534449892448591,Abnormal,Abnormal,Monitor,D003A
1754,109.23803489876097,-0.4262949842019375,0.0,0.4139204333404879,Normal,Normal,Routine,D003A
1755,109.23812336514534,-0.42629063410163837,0.0,0.43615456985868684,Normal,Normal,Routine,D003A
1756,109.23821937963567,-0.4262866194256872,0.0,0.3930787107438915,Abnormal,Abnormal,Monitor,D003A
1757,109.2382836616797,-0.42627909056101315,0.0,0.3697719144331168,Abnormal,Abnormal,Monitor,D003A
1758,109.23599231558582,-0.426289802801053,0.0,0.43163777089240785,Normal,Normal,Routine,D003A
1759,109.23605454710874,-0.4262769815318466,0.0,0.42764665887399467,Normal,Normal,Routine,D003A
1760,109.23614470075415,-0.4262787575711989,0.0,0.4377584458563015,Normal,Normal,Routine,D003A
1761,109.23622154803766,-0.42627781764254186,0.0,0.45391694010734274,Normal,Normal,Routine,D003A
1762,109.23630235660818,-0.4262693819844313,0.0,0.39983123644694196,Abnormal,Abnormal,Monitor,D003A
1763,109.23646508127904,-0.42626456613546176,0.0,0.35994127662072345,Abnormal,Abnormal,Monitor,D003A
1764,109.23653822947115,-0.4262676820375667,0.0,0.3832442059463128,Abnormal,Abnormal,Monitor,D003A
1765,109.2366208337621,-0.42626291643595865,0.0,0.3797574613245582,Abnormal,Abnormal,Monitor,D003A
1766,109.2367095642653,-0.4262581513412048,0.0,0.4118881445299756,Normal,Normal,Routine,D003A
1767,109.23678466854471,-0.4262509903265395,0.0,0.38779858374022863,Abnormal,Abnormal,Monitor,D003A
1768,109.2368588208506,-0.4262548362269332,0.0,0.3712101320437606,Abnormal,Abnormal,Monitor,D003A
1769,109.23693994512264,-0.4262526213088056,0.0,0.4051033166649107,Normal,Normal,Routine,D003A
1770,109.23702550400019,-0.4262590217715252,0.0,0.4131397154778868,Normal,Normal,Routine,D003A
1771,109.23712215981428,-0.42624309310781117,0.0,0.3772464132869713,Abnormal,Abnormal,Monitor,D003A
1772,109.23719995386203,-0.42625028937139253,0.0,0.38576427025971216,Abnormal,Abnormal,Monitor,D003A
1773,109.23730135942752,-0.42624760074885737,0.0,0.3856080521453315,Abnormal,Abnormal,Monitor,D003A
1774,109.23737725846347,-0.4262335816980436,0.0,0.4279102891254511,Normal,Normal,Routine,D003A
1775,109.23745331168094,-0.426236788691214,0.0,0.36763728124616524,Abnormal,Abnormal,Monitor,D003A
1776,109.23752725300118,-0.4262363273563161,0.0,0.3655517253257278,Abnormal,Abnormal,Monitor,D003A
1777,109.23760700593999,-0.4262288490871346,0.0,0.4183839412782198,Normal,Normal,Routine,D003A
1778,109.2376901900255,-0.4262224875133965,0.0,0.4482380152375509,Normal,Normal,Routine,D003A
1779,109.23776624398099,-0.4262225050371237,0.0,0.40415935305462425,Normal,Normal,Routine,D003A
1780,109.2378472095071,-0.4262233221887494,0.0,0.3682895856717703,Abnormal,Abnormal,Monitor,D003A
1781,109.23792273376245,-0.4262300386448884,0.0,0.39538942405334615,Abnormal,Abnormal,Monitor,D003A
1782,109.23800069519521,-0.4262123277996573,0.0,0.3744720917266722,Abnormal,Abnormal,Monitor,D003A
1783,109.23809091916863,-0.42621731590559514,0.0,0.42577523291379726,Normal,Normal,Routine,D003A
1784,109.23820635597599,-0.4262098467513179,0.0,0.42098030206101555,Normal,Normal,Routine,D003A
1785,109.23594453378861,-0.42620333444097486,0.0,0.437275715965857,Normal,Normal,Routine,D003A
1786,109.23600473954382,-0.4262188670061163,0.0,0.45843881423279154,Normal,Normal,Routine,D003A
1787,109.23609895192939,-0.42619539413359653,0.0,0.4319230048846798,Normal,Normal,Routine,D003A
1788,109.23617738257079,-0.4261957323420913,0.0,0.4259152563305588,Normal,Normal,Routine,D003A
1789,109.23626262670865,-0.42619559284223796,0.0,0.38117943574514085,Abnormal,Abnormal,Monitor,D003A
1790,109.23633376763516,-0.42619704527370883,0.0,0.36347643885080916,Abnormal,Abnormal,Monitor,D003A
1791,109.2364209375477,-0.42619350876305634,0.0,0.40612702678982954,Normal,Normal,Routine,D003A
1792,109.23650692676844,-0.42619158886638525,0.0,0.3278629434269828,Abnormal,Abnormal,Monitor,D003A
1793,109.2365866272372,-0.4261855466256613,0.0,0.4112407233512316,Normal,Normal,Routine,D003A
1794,109.23665919564645,-0.42618253304737536,0.0,0.3856253887577653,Abnormal,Abnormal,Monitor,D003A
1795,109.23674599458316,-0.42618296722588156,0.0,0.33896214739741903,Abnormal,Abnormal,Monitor,D003A
1796,109.23682302842617,-0.42618336750202024,0.0,0.38079777895724504,Abnormal,Abnormal,Monitor,D003A
1797,109.2369085887489,-0.42618338722397026,0.0,0.384801901711358,Abnormal,Abnormal,Monitor,D003A
1798,109.23698432616251,-0.42618085274699324,0.0,0.37239118213052147,Abnormal,Abnormal,Monitor,D003A
1799,109.2370746434085,-0.4261665178040881,0.0,0.41279726818575446,Normal,Normal,Routine,D003A
1800,109.23716337320639,-0.4261649430679614,0.0,0.38672596240380347,Abnormal,Abnormal,Monitor,D003A
1801,109.23723736700447,-0.4261667153658724,0.0,0.3800397011946974,Abnormal,Abnormal,Monitor,D003A
1802,109.23731500415784,-0.4261686476595559,0.0,0.40320013024385143,Normal,Normal,Routine,D003A
1803,109.23740421060351,-0.4261606922898332,0.0,0.3795282290249696,Abnormal,Abnormal,Monitor,D003A
1804,109.23749119972061,-0.42615449074943756,0.0,0.38431109279483644,Abnormal,Abnormal,Monitor,D003A
1805,109.23764742590976,-0.426151815651656,0.0,0.3914431763414001,Abnormal,Abnormal,Monitor,D003A
1806,109.23780571403597,-0.4261513737423151,0.0,0.3590906465672688,Abnormal,Abnormal,Monitor,D003A
1807,109.23788663099653,-0.42612874147091534,0.0,0.32924212200421177,Abnormal,Abnormal,Monitor,D003A
1808,109.2379683856488,-0.42614343528607895,0.0,0.33921566959867533,Abnormal,Abnormal,Monitor,D003A
1809,109.23814742589744,-0.4261578322913022,0.0,0.4524551296914304,Normal,Normal,Routine,D003A
1810,109.23823188223591,-0.4261383921034673,0.0,0.4055443193320941,Normal,Normal,Routine,D003A
1811,109.23829311259486,-0.4261398883529367,0.0,0.33295667489990033,Abnormal,Abnormal,Monitor,D003A
1812,109.23597560352084,-0.42613470981435,0.0,0.44786992517720126,Normal,Normal,Routine,D003A
1813,109.23603977516181,-0.4261304174341317,0.0,0.4356722825465082,Normal,Normal,Routine,D003A
1814,109.2361458457514,-0.4261261075847071,0.0,0.43028125734130246,Normal,Normal,Routine,D003A
1815,109.23621952271803,-0.42612261498591264,0.0,0.4244083897756027,Normal,Normal,Routine,D003A
1816,109.23630270665033,-0.4261245485658133,0.0,0.42302069178930635,Normal,Normal,Routine,D003A
1817,109.23638231542975,-0.4261227022533454,0.0,0.38482949813469197,Abnormal,Abnormal,Monitor,D003A
1818,109.23646987837363,-0.4261209798539258,0.0,0.39331298915158175,Abnormal,Abnormal,Monitor,D003A
1819,109.23653879277921,-0.4261132784476376,0.0,0.3662680438108046,Abnormal,Abnormal,Monitor,D003A
1820,109.23672371867899,-0.42608676721814787,0.0,0.379059800146294,Abnormal,Abnormal,Monitor,D003A
1821,109.23685917063618,-0.42610713070880113,0.0,0.4015411768648455,Normal,Normal,Routine,D003A
1822,109.23694631434925,-0.4261122555637194,0.0,0.3799800112696154,Abnormal,Abnormal,Monitor,D003A
1823,109.23706198277458,-0.4261011159253297,0.0,0.3658358664162314,Abnormal,Abnormal,Monitor,D003A
1824,109.23719032255003,-0.4261043358679016,0.0,0.39534300984437315,Abnormal,Abnormal,Monitor,D003A
1825,109.23726764521368,-0.42609877144083214,0.0,0.38449532297748823,Abnormal,Abnormal,Monitor,D003A
1826,109.23737745046807,-0.4260844409781005,0.0,0.3745594209199911,Abnormal,Abnormal,Monitor,D003A
1827,109.23745508667587,-0.4260945074451811,0.0,0.4138028366685236,Normal,Normal,Routine,D003A
1828,109.23753256627768,-0.4260980348827932,0.0,0.38862827614558715,Abnormal,Abnormal,Monitor,D003A
1829,109.23760703748752,-0.4260900761118672,0.0,0.382131767380345,Abnormal,Abnormal,Monitor,D003A
1830,109.23769497304848,-0.4260932867386101,0.0,0.4012113771102092,Normal,Normal,Routine,D003A
1831,109.23785273619185,-0.4260748201911816,0.0,0.36724942275921124,Abnormal,Abnormal,Monitor,D003A
1832,109.23792926427913,-0.4260834512759728,0.0,0.3761903968838242,Abnormal,Abnormal,Monitor,D003A
1833,109.23800801187755,-0.4260807583197988,0.0,0.39922877669120005,Abnormal,Abnormal,Monitor,D003A
1834,109.23808961254329,-0.4260734387149986,0.0,0.4321513098460418,Normal,Normal,Routine,D003A
1835,109.23817786934083,-0.426062453703512,0.0,0.3924034197677721,Abnormal,Abnormal,Monitor,D003A
1836,109.23827578713343,-0.4260669416853632,0.0,0.356988570351781,Abnormal,Abnormal,Monitor,D003A
1837,109.23594985773728,-0.4260813999583618,0.0,0.43105643315738973,Normal,Normal,Routine,D003A
1838,109.2360105465267,-0.42606243180490244,0.0,0.46263234965120964,Normal,Normal,Routine,D003A
1839,109.23610276150885,-0.42606899295719003,0.0,0.3903695096303266,Abnormal,Abnormal,Monitor,D003A
1840,109.23618388603579,-0.42606550297781154,0.0,0.4423121283983367,Normal,Normal,Routine,D003A
1841,109.23625993883948,-0.42607030515791333,0.0,0.3995577901154309,Abnormal,Abnormal,Monitor,D003A
1842,109.23633676429833,-0.4260626480781324,0.0,0.4086628868317261,Normal,Normal,Routine,D003A
1843,109.23641680264909,-0.42605598556261126,0.0,0.40459386778708833,Normal,Normal,Routine,D003A
1844,109.23649887718871,-0.42605807894290376,0.0,0.41987084778531203,Normal,Normal,Routine,D003A
1845,109.23658824117342,-0.4260563442938771,0.0,0.3923974502294396,Abnormal,Abnormal,Monitor,D003A
1846,109.23667538784741,-0.42604838935996203,0.0,0.3670654085171115,Abnormal,Abnormal,Monitor,D003A
1847,109.23675461032411,-0.426046812432227,0.0,0.34749992487933073,Abnormal,Abnormal,Monitor,D003A
1848,109.23681798909902,-0.42604523185260823,0.0,0.33029805741779084,Abnormal,Abnormal,Monitor,D003A
1849,109.23690798710504,-0.42604030878423144,0.0,0.3281786229574319,Abnormal,Abnormal,Monitor,D003A
1850,109.23698229867922,-0.4260350610736262,0.0,0.4489846309294572,Normal,Normal,Routine,D003A
1851,109.23706992007679,-0.42603316776342914,0.0,0.3409087579930201,Abnormal,Abnormal,Monitor,D003A
1852,109.2371562749607,-0.42602712613691535,0.0,0.37042359840801864,Abnormal,Abnormal,Monitor,D003A
1853,109.23723312019672,-0.4260274630580619,0.0,0.35226988643273455,Abnormal,Abnormal,Monitor,D003A
1854,109.23730759070486,-0.42602253550163094,0.0,0.38448500320190143,Abnormal,Abnormal,Monitor,D003A
1855,109.23740630202279,-0.4260252693312942,0.0,0.4223317660402501,Normal,Normal,Routine,D003A
1856,109.23749170439184,-0.42602082266530283,0.0,0.3876325330990215,Abnormal,Abnormal,Monitor,D003A
1857,109.2375753642188,-0.4260198851850859,0.0,0.3945910639495346,Abnormal,Abnormal,Monitor,D003A
1858,109.23764111931196,-0.42601670995899693,0.0,0.36402488476163275,Abnormal,Abnormal,Monitor,D003A
1859,109.2377228255943,-0.4260109864707672,0.0,0.3118458749322124,Abnormal,Abnormal,Monitor,D003A
1860,109.2378067995934,-0.4260189817367294,0.0,0.367621847983593,Abnormal,Abnormal,Monitor,D003A
1861,109.23788412162908,-0.4260162875466746,0.0,0.3939523576328552,Abnormal,Abnormal,Monitor,D003A
1862,109.23796809810027,-0.4260134357310578,0.0,0.3853835605477972,Abnormal,Abnormal,Monitor,D003A
1863,109.23804130168351,-0.42600627425156085,0.0,0.39719765862472917,Abnormal,Abnormal,Monitor,D003A
1864,109.23812987266861,-0.4260080498917767,0.0,0.41860097968198645,Normal,Normal,Routine,D003A
1865,109.23820767186005,-0.42599674234652735,0.0,0.399807611796949,Abnormal,Abnormal,Monitor,D003A
1866,109.23827580090361,-0.42600632824234314,0.0,0.3820767879414444,Abnormal,Abnormal,Monitor,D003A
1867,109.23597182131236,-0.4260026080022699,0.0,0.4231256476028565,Normal,Normal,Routine,D003A
1868,109.23607267293713,-0.42599832407258803,0.0,0.4571563588337855,Normal,Normal,Routine,D003A
1869,109.23613620920362,-0.4259992954665929,0.0,0.44916831562728665,Normal,Normal,Routine,D003A
1870,109.23622573329709,-0.42598862909120533,0.0,0.4056298513265074,Normal,Normal,Routine,D003A
1871,109.23638703104979,-0.42598579511490936,0.0,0.403939731021305,Normal,Normal,Routine,D003A
1872,109.23646562005095,-0.42598501653821097,0.0,0.37955023766029067,Abnormal,Abnormal,Monitor,D003A
1873,109.23655118035494,-0.42598503625497697,0.0,0.40117338895261234,Normal,Normal,Routine,D003A
1874,109.23662469944955,-0.42598457391739725,0.0,0.3779664952845241,Abnormal,Abnormal,Monitor,D003A
1875,109.23670265597765,-0.4259802856055431,0.0,0.3663357106174159,Abnormal,Abnormal,Monitor,D003A
1876,109.23678473129935,-0.42597504058818514,0.0,0.3994657797674642,Abnormal,Abnormal,Monitor,D003A
1877,109.23687219456328,-0.42596931843625746,0.0,0.3929627893620035,Abnormal,Abnormal,Monitor,D003A
1878,109.23695109955074,-0.42597348373311383,0.0,0.4354395956408856,Normal,Normal,Routine,D003A
1879,109.23710922872846,-0.42597256341189327,0.0,0.3793056331590574,Abnormal,Abnormal,Monitor,D003A
1880,109.23719003776714,-0.4259622142286094,0.0,0.37340759130872314,Abnormal,Abnormal,Monitor,D003A
1881,109.2372746480797,-0.4259607099720914,0.0,0.38106675758022346,Abnormal,Abnormal,Monitor,D003A
1882,109.23735070328412,-0.42595514524599143,0.0,0.3655508560609689,Abnormal,Abnormal,Monitor,D003A
1883,109.23744862220762,-0.42595445701793094,0.0,0.35936863514960943,Abnormal,Abnormal,Monitor,D003A
1884,109.23752863604112,-0.42596101624702315,0.0,0.3435280080398496,Abnormal,Abnormal,Monitor,D003A
1885,109.23760120528217,-0.42595449215681846,0.0,0.4060004317971806,Normal,Normal,Routine,D003A
1886,109.23768232983663,-0.4259511613104816,0.0,0.4204096698450099,Normal,Normal,Routine,D003A
1887,109.23776039146212,-0.42595102012859815,0.0,0.3895998141202672,Abnormal,Abnormal,Monitor,D003A
1888,109.23784183405567,-0.42594354132847295,0.0,0.41442912973385343,Normal,Normal,Routine,D003A
1889,109.23792691877364,-0.4259416474191736,0.0,0.38818438523986304,Abnormal,Abnormal,Monitor,D003A
1890,109.23800297143184,-0.4259474063309997,0.0,0.4094652952785715,Normal,Normal,Routine,D003A
1891,109.23808789997403,-0.4259410469491232,0.0,0.43420189396285036,Normal,Normal,Routine,D003A
1892,109.2381633194373,-0.4259424994358917,0.0,0.4108326642024853,Normal,Normal,Routine,D003A
1893,109.2382409590478,-0.4259377317508578,0.0,0.39035532931528516,Abnormal,Abnormal,Monitor,D003A
1894,109.23594244970518,-0.42591550907551634,0.0,0.42249179093336825,Normal,Normal,Routine,D003A
1895,109.23601139079628,-0.42593651646383457,0.0,0.4448153908885109,Normal,Normal,Routine,D003A
1896,109.23610754796164,-0.42592081105183927,0.0,0.4300603426429404,Normal,Normal,Routine,D003A
1897,109.23618930777236,-0.42591245608169037,0.0,0.34685840581816907,Abnormal,Abnormal,Monitor,D003A
1898,109.23626512538993,-0.4259086456537671,0.0,0.33952509745274884,Abnormal,Abnormal,Monitor,D003A
1899,109.23633998977392,-0.4259095391708226,0.0,0.33935149730845854,Abnormal,Abnormal,Monitor,D003A
1900,109.23642364758938,-0.4259172151508318,0.0,0.3214606934070802,Abnormal,Abnormal,Monitor,D003A
1901,109.23648892524376,-0.42592376918141434,0.0,0.37152802536935553,Abnormal,Abnormal,Monitor,D003A
1902,109.23658985898889,-0.4259060871560383,0.0,0.3900697361711406,Abnormal,Abnormal,Monitor,D003A
1903,109.23666987582175,-0.4259032353437246,0.0,0.3389969257815946,Abnormal,Abnormal,Monitor,D003A
1904,109.23675464296099,-0.4259032548717024,0.0,0.3550063891787278,Abnormal,Abnormal,Monitor,D003A
1905,109.23682119228519,-0.4258952942790298,0.0,0.371455415386101,Abnormal,Abnormal,Monitor,D003A
1906,109.2369115044425,-0.42590329100572477,0.0,0.35612952038779827,Abnormal,Abnormal,Monitor,D003A
1907,109.23698423215333,-0.42589501352058445,0.0,0.3889330603242744,Abnormal,Abnormal,Monitor,D003A
1908,109.23705822652227,-0.42589423206677696,0.0,0.37670415708810295,Abnormal,Abnormal,Monitor,D003A
1909,109.23716866365596,-0.42588995122622214,0.0,0.36804646122960205,Abnormal,Abnormal,Monitor,D003A
1910,109.2372489966326,-0.4258874177926366,0.0,0.381450029560457,Abnormal,Abnormal,Monitor,D003A
1911,109.2373250520165,-0.4258810545670579,0.0,0.3979780158212593,Abnormal,Abnormal,Monitor,D003A
1912,109.23740110374277,-0.4258908023474034,0.0,0.38525099056557965,Abnormal,Abnormal,Monitor,D003A
1913,109.23748412971086,-0.42588842868798876,0.0,0.3550999956683878,Abnormal,Abnormal,Monitor,D003A
1914,109.23756747245395,-0.42588350316569323,0.0,0.39950551544853413,Abnormal,Abnormal,Monitor,D003A
1915,109.23764590287261,-0.42588112844584425,0.0,0.3294733652714813,Abnormal,Abnormal,Monitor,D003A
1916,109.23796511708984,-0.42588534905530334,0.0,0.4134212270732684,Normal,Normal,Routine,D003A
1917,109.23804465641959,-0.42588504905103564,0.0,0.41008251883087304,Normal,Normal,Routine,D003A
1918,109.23812752696514,-0.42587103067265153,0.0,0.43660386765346665,Normal,Normal,Routine,D003A
1919,109.23819343896916,-0.42587710736851336,0.0,0.4076225729202916,Normal,Normal,Routine,D003A
1920,109.23829009103783,-0.42587393924196815,0.0,0.40805580289058047,Normal,Normal,Routine,D003A
1921,109.2359899192699,-0.42584637277263826,0.0,0.44367303399621794,Normal,Normal,Routine,D003A
1922,109.23606736211954,-0.425853230737791,0.0,0.41485809141792934,Normal,Normal,Routine,D003A
1923,109.23614416514843,-0.4258493590436029,0.0,0.4288267940507034,Normal,Normal,Routine,D003A
1924,109.23621435499967,-0.42585782951110984,0.0,0.3798250172883317,Abnormal,Abnormal,Monitor,D003A
1925,109.23630340219513,-0.42585075127772914,0.0,0.2886533884764004,Suspect,Suspect,Priority Survey,D003A
1926,109.23638353028325,-0.42584841584708294,0.0,0.4105703548442419,Normal,Normal,Routine,D003A
1927,109.23646993188602,-0.4258342816564569,0.0,0.36338831176372366,Abnormal,Abnormal,Monitor,D003A
1928,109.23654290948939,-0.425833067716028,0.0,0.4095832199189299,Normal,Normal,Routine,D003A
1929,109.23661998223281,-0.42582825470149505,0.0,0.37567767766234395,Abnormal,Abnormal,Monitor,D003A
1930,109.23670585803681,-0.4258352927512685,0.0,0.4358633530079102,Normal,Normal,Routine,D003A
1931,109.23678951758045,-0.42583148412017174,0.0,0.40842105440191323,Normal,Normal,Routine,D003A
1932,109.23686240311977,-0.4258283105377408,0.0,0.38659455184642977,Abnormal,Abnormal,Monitor,D003A
1933,109.23694162737013,-0.4258229056981165,0.0,0.33244236109851,Abnormal,Abnormal,Monitor,D003A
1934,109.2370256029992,-0.42582356256846116,0.0,0.3775929880503886,Abnormal,Abnormal,Monitor,D003A
1935,109.2370973766817,-0.4258313958642854,0.0,0.3818549116139015,Abnormal,Abnormal,Monitor,D003A
1936,109.23719830820987,-0.42582360233844685,0.0,0.37780204043352517,Abnormal,Abnormal,Monitor,D003A
1937,109.23727452208499,-0.42581548570993066,0.0,0.4198453667051509,Normal,Normal,Routine,D003A
1938,109.23736039878955,-0.42581869585282023,0.0,0.4059377029573932,Normal,Normal,Routine,D003A
1939,109.23745182283878,-0.42581568568836276,0.0,0.3610357856134568,Abnormal,Abnormal,Monitor,D003A
1940,109.23752946154853,-0.42581474681314424,0.0,0.36347786938510307,Abnormal,Abnormal,Monitor,D003A
1941,109.23760805056038,-0.4258141264694599,0.0,0.3396908158305167,Abnormal,Abnormal,Monitor,D003A
1942,109.23769434968564,-0.42581637905256076,0.0,0.38499167934060097,Abnormal,Abnormal,Monitor,D003A
1943,109.23776248341863,-0.42580522934265846,0.0,0.4094525133392481,Normal,Normal,Routine,D003A
1944,109.23784883655578,-0.4258070044657301,0.0,0.3798686561998553,Abnormal,Abnormal,Monitor,D003A
1945,109.23793519050882,-0.4257972940711062,0.0,0.400127159521127,Normal,Normal,Routine,D003A
1946,109.23800522276869,-0.42580385008847327,0.0,0.3896473076087065,Abnormal,Abnormal,Monitor,D003A
1947,109.23808888117495,-0.42580530446650877,0.0,0.38572096240584874,Abnormal,Abnormal,Monitor,D003A
1948,109.23816715489504,-0.4257968690804414,0.0,0.42452650934824604,Normal,Normal,Routine,D003A
1949,109.23824415840464,-0.42580055464273736,0.0,0.37991111137624184,Abnormal,Abnormal,Monitor,D003A
1950,109.23595961682916,-0.4257839402038179,0.0,0.4631542120295507,Normal,Normal,Routine,D003A
1951,109.23600268876561,-0.425784566859825,0.0,0.3745617098391934,Abnormal,Abnormal,Monitor,D003A
1952,109.23608904042244,-0.4257845867548098,0.0,0.42493692234534175,Normal,Normal,Routine,D003A
1953,109.23619203202934,-0.425775039377792,0.0,0.40665355986124047,Normal,Normal,Routine,D003A
1954,109.236258265322,-0.4257662820272411,0.0,0.37964445243335837,Abnormal,Abnormal,Monitor,D003A
1955,109.23634239875308,-0.4257720437089697,0.0,0.36273714499880594,Abnormal,Abnormal,Monitor,D003A
1956,109.23642748354567,-0.42576951047029943,0.0,0.39023116810925895,Abnormal,Abnormal,Monitor,D003A
1957,109.23652096804466,-0.42576315216948446,0.0,0.4210403397952211,Normal,Normal,Routine,D003A
1958,109.23658830970618,-0.4257548734438453,0.0,0.3870308209256487,Abnormal,Abnormal,Monitor,D003A
1959,109.2366739032925,-0.4257547032533389,0.0,0.33245464126937063,Abnormal,Abnormal,Monitor,D003A
1960,109.23675190433812,-0.42575610750766013,0.0,0.3810324257392265,Abnormal,Abnormal,Monitor,D003A
1961,109.2368275620223,-0.4257565237264586,0.0,0.37935681012814937,Abnormal,Abnormal,Monitor,D003A
1962,109.23691787509281,-0.4257565445230036,0.0,0.3954025249646491,Abnormal,Abnormal,Monitor,D003A
1963,109.23699075918663,-0.4257597516749024,0.0,0.39183411877540864,Abnormal,Abnormal,Monitor,D003A
1964,109.23706206253055,-0.4257501969837427,0.0,0.371752166816003,Abnormal,Abnormal,Monitor,D003A
1965,109.23715712998839,-0.4257470285019858,0.0,0.41027794122982225,Normal,Normal,Routine,D003A
1966,109.23740398985264,-0.4257407054962002,0.0,0.4188555826952394,Normal,Normal,Routine,D003A
1967,109.23756592105597,-0.4257375523994945,0.0,0.35115954437508035,Abnormal,Abnormal,Monitor,D003A
1968,109.23763986244812,-0.4257367727299311,0.0,0.36350661684291485,Abnormal,Abnormal,Monitor,D003A
1969,109.2377236791865,-0.42573711033443634,0.0,0.435144972996428,Normal,Normal,Routine,D003A
1970,109.2378079746132,-0.4257299513999193,0.0,0.3923960980100652,Abnormal,Abnormal,Monitor,D003A
1971,109.23788450295743,-0.4257334786004506,0.0,0.4028973181803639,Normal,Normal,Routine,D003A
1972,109.23797640189085,-0.425731904562703,0.0,0.4193401343302619,Normal,Normal,Routine,D003A
1973,109.23804627628776,-0.4257295278629545,0.0,0.39198552677310006,Abnormal,Abnormal,Monitor,D003A
1974,109.23812280681493,-0.42572348394753895,0.0,0.4295322658116219,Normal,Normal,Routine,D003A
1975,109.23820773380235,-0.4257239827671568,0.0,0.39094884804398605,Abnormal,Abnormal,Monitor,D003A
1976,109.23827665810796,-0.42572040945669454,0.0,0.37760215944877146,Abnormal,Abnormal,Monitor,D003A
1977,109.23598282072629,-0.4257059244181769,0.0,0.4260393376643951,Normal,Normal,Routine,D003A
1978,109.23607052163811,-0.42570570588549583,0.0,0.39440795793547645,Abnormal,Abnormal,Monitor,D003A
1979,109.23615418120612,-0.4257016576174764,0.0,0.4538776409099293,Normal,Normal,Routine,D003A
1980,109.23623697899315,-0.42570307111799693,0.0,0.42359723205290206,Normal,Normal,Routine,D003A
1981,109.23632134214884,-0.4256940394155528,0.0,0.3656825608844545,Abnormal,Abnormal,Monitor,D003A
1982,109.23641054940221,-0.4256862431956917,0.0,0.39070441808044926,Abnormal,Abnormal,Monitor,D003A
1983,109.23649167357556,-0.42568434747561096,0.0,0.405101458657313,Normal,Normal,Routine,D003A
1984,109.23657564751534,-0.42569234273495515,0.0,0.3827282307761199,Abnormal,Abnormal,Monitor,D003A
1985,109.23664061112082,-0.42568948654303335,0.0,0.4335959219023818,Normal,Normal,Routine,D003A
1986,109.23672141976496,-0.4256847205007624,0.0,0.42256114742038053,Normal,Normal,Routine,D003A
1987,109.23679627503225,-0.4256823223516149,0.0,0.41918922891887295,Normal,Normal,Routine,D003A
1988,109.23686877647508,-0.42567358813593503,0.0,0.42232861446367725,Normal,Normal,Routine,D003A
1989,109.23696099169372,-0.4256713766497847,0.0,0.4281616333831831,Normal,Normal,Routine,D003A
1990,109.23710042243852,-0.42567842701827824,0.0,0.3725109740397088,Abnormal,Abnormal,Monitor,D003A
1991,109.23717346693536,-0.4256715051400247,0.0,0.3911146163475606,Abnormal,Abnormal,Monitor,D003A
1992,109.23735520450954,-0.42567051064367434,0.0,0.40671929694696507,Normal,Normal,Routine,D003A
1993,109.23753266347235,-0.4256702313637509,0.0,0.391804030629759,Abnormal,Abnormal,Monitor,D003A
1994,109.23762546280294,-0.42565525942477805,0.0,0.4168189419626509,Normal,Normal,Routine,D003A
1995,109.23768440221626,-0.42566612006726445,0.0,0.4173375808615954,Normal,Normal,Routine,D003A
1996,109.23776726894667,-0.42566486316835755,0.0,0.420157958640104,Normal,Normal,Routine,D003A
1997,109.23784903003852,-0.42565116374788403,0.0,0.3742488701261989,Abnormal,Abnormal,Monitor,D003A
1998,109.23793157744113,-0.42565979620011263,0.0,0.4035150909892508,Normal,Normal,Routine,D003A
1999,109.23800969323808,-0.42565056227676507,0.0,0.4285691366978706,Normal,Normal,Routine,D003A
2000,109.23808891268251,-0.4256665314549226,0.0,0.4111105568961748,Normal,Normal,Routine,D003A
2001,109.2381649702697,-0.4256505979991329,0.0,0.4353244774630467,Normal,Normal,Routine,D003A
2002,109.23825053173462,-0.42564583302840897,0.0,0.3928528621980962,Abnormal,Abnormal,Monitor,D003A
2003,109.23595582106455,-0.4256441880187034,0.0,0.4321261102592412,Normal,Normal,Routine,D003A
2004,109.23603346113157,-0.42563304051788203,0.0,0.41205816391599526,Normal,Normal,Routine,D003A
2005,109.23610793010116,-0.4256346528528044,0.0,0.4509767112559591,Normal,Normal,Routine,D003A
2006,109.2361910489958,-0.42563023098093683,0.0,0.43576240568215474,Normal,Normal,Routine,D003A
2007,109.23627144805067,-0.42562527856196725,0.0,0.35529060498412646,Abnormal,Abnormal,Monitor,D003A
2008,109.2363538396046,-0.425623703254665,0.0,0.33284205093993263,Abnormal,Abnormal,Monitor,D003A
2009,109.23643179531979,-0.425622923612811,0.0,0.3719587748793645,Abnormal,Abnormal,Monitor,D003A
2010,109.23651656432186,-0.4256186359523691,0.0,0.39241576982332066,Abnormal,Abnormal,Monitor,D003A
2011,109.23658834087445,-0.42561769572918534,0.0,0.4231413135746936,Normal,Normal,Routine,D003A
2012,109.23666914897949,-0.4256113344998419,0.0,0.4177027373657055,Normal,Normal,Routine,D003A
2013,109.23674044887483,-0.4256129451944164,0.0,0.36646571240373604,Abnormal,Abnormal,Monitor,D003A
2014,109.23683307383475,-0.4256140860401611,0.0,0.3493759487440866,Abnormal,Abnormal,Monitor,D003A
2015,109.23691790609928,-0.4256200540516377,0.0,0.38723157473000314,Abnormal,Abnormal,Monitor,D003A
2016,109.23700822225577,-0.42561045490025373,0.0,0.40711565457617926,Normal,Normal,Routine,D003A
2017,109.23707477158487,-0.42560249519803794,0.0,0.38889690596611426,Abnormal,Abnormal,Monitor,D003A
2018,109.23715399313188,-0.4256050653655533,0.0,0.3138084806765563,Abnormal,Abnormal,Monitor,D003A
2019,109.23723448517838,-0.42559822477605125,0.0,0.31583813255896515,Abnormal,Abnormal,Monitor,D003A
2020,109.2373203621326,-0.4256003180989202,0.0,0.3951933518934436,Abnormal,Abnormal,Monitor,D003A
2021,109.23740750593588,-0.42560512370810305,0.0,0.3537260814718824,Abnormal,Abnormal,Monitor,D003A
2022,109.23748704899815,-0.4255922222780334,0.0,0.3774573270061748,Abnormal,Abnormal,Monitor,D003A
2023,109.23757636035954,-0.42558506449453937,0.0,0.37719102814578664,Abnormal,Abnormal,Monitor,D003A
2024,109.2376547884215,-0.4255930575618565,0.0,0.3651074101995756,Abnormal,Abnormal,Monitor,D003A
2025,109.23772197115612,-0.42558860668076376,0.0,0.36993659199248974,Abnormal,Abnormal,Monitor,D003A
2026,109.23781482016105,-0.4255883097283121,0.0,0.43419403332665507,Normal,Normal,Routine,D003A
2027,109.23789245776815,-0.42558832758904475,0.0,0.4041167545737825,Normal,Normal,Routine,D003A
2028,109.23797643520516,-0.4255851565361372,0.0,0.3902779266090588,Abnormal,Abnormal,Monitor,D003A
2029,109.23804583606218,-0.4255755218079255,0.0,0.3619597379062269,Abnormal,Abnormal,Monitor,D003A
2030,109.2381304452488,-0.42557913043726087,0.0,0.41898331197489835,Normal,Normal,Routine,D003A
2031,109.23820887637542,-0.4255737253876993,0.0,0.4087546395933789,Normal,Normal,Routine,D003A
2032,109.23828857499625,-0.42557214853193825,0.0,0.3850488041636824,Abnormal,Abnormal,Monitor,D003A
2033,109.23596884663372,-0.425499037423534,0.0,0.432394234044743,Normal,Normal,Routine,D003A
2034,109.23601304836862,-0.4255204225229347,0.0,0.43593305461220555,Normal,Normal,Routine,D003A
2035,109.23610986142239,-0.4255040155039682,0.0,0.3823117276838234,Abnormal,Abnormal,Monitor,D003A
2036,109.23617815130618,-0.4255011600759111,0.0,0.37916720966277234,Abnormal,Abnormal,Monitor,D003A
2037,109.23626799001889,-0.4255013399151348,0.0,0.4167064793495202,Normal,Normal,Routine,D003A
2038,109.2363487971956,-0.42550295279746836,0.0,0.36506039198628043,Abnormal,Abnormal,Monitor,D003A
2039,109.23642643484143,-0.42550648025578314,0.0,0.3616478639265414,Abnormal,Abnormal,Monitor,D003A
2040,109.23649583178263,-0.4255138337165513,0.0,0.4260118272360995,Normal,Normal,Routine,D003A
2041,109.2365956557483,-0.42550189461969884,0.0,0.40103069430322896,Normal,Normal,Routine,D003A
2042,109.23667836512956,-0.4254971281029871,0.0,0.39339287733487377,Abnormal,Abnormal,Monitor,D003A
2043,109.23675996395441,-0.4254976252575854,0.0,0.4001543592762303,Normal,Normal,Routine,D003A
2044,109.23683506492934,-0.4255049800290537,0.0,0.3304891125990613,Abnormal,Abnormal,Monitor,D003A
2045,109.23694170150212,-0.4254965502714979,0.0,0.41329690384435225,Normal,Normal,Routine,D003A
2046,109.23706528652286,-0.4255045546343402,0.0,0.39082487682417894,Abnormal,Abnormal,Monitor,D003A
2047,109.23714767824862,-0.4255063279347606,0.0,0.3941326664933497,Abnormal,Abnormal,Monitor,D003A
2048,109.23725066885777,-0.42550140692048166,0.0,0.4083507305337228,Normal,Normal,Routine,D003A
2049,109.23733773317458,-0.42550812600597704,0.0,0.4045263912239269,Normal,Normal,Routine,D003A
2050,109.23746071272905,-0.42550847351762083,0.0,0.3803941934853345,Abnormal,Abnormal,Monitor,D003A
2051,109.23753043027571,-0.4255005145346728,0.0,0.39809262107844257,Abnormal,Abnormal,Monitor,D003A
2052,109.23761757390038,-0.42551010478893003,0.0,0.38215226885110426,Abnormal,Abnormal,Monitor,D003A
2053,109.23768681482586,-0.4255045384723738,0.0,0.3739176172587841,Abnormal,Abnormal,Monitor,D003A
2054,109.23776445242011,-0.4255085433901839,0.0,0.3842332386149993,Abnormal,Abnormal,Monitor,D003A
2055,109.23785746121678,-0.42550473688093987,0.0,0.3299677294256876,Abnormal,Abnormal,Monitor,D003A
2056,109.23793050365919,-0.4255069863980917,0.0,0.39636210745177586,Abnormal,Abnormal,Monitor,D003A
2057,109.23801352888616,-0.4255079622429914,0.0,0.398268759509947,Abnormal,Abnormal,Monitor,D003A
2058,109.23808641410744,-0.4255063847239873,0.0,0.4280647709248442,Normal,Normal,Routine,D003A
2059,109.23816547923009,-0.4255017774106036,0.0,0.43153825806010127,Normal,Normal,Routine,D003A
2060,109.2382569007087,-0.42551025183373503,0.0,0.38903506902134427,Abnormal,Abnormal,Monitor,D003A
2061,109.23598689899401,-0.42544449334399737,0.0,0.414381431079405,Normal,Normal,Routine,D003A
2062,109.23604269284189,-0.42544641787728876,0.0,0.3884449985702164,Abnormal,Abnormal,Monitor,D003A
2063,109.23612983875682,-0.42544165238678333,0.0,0.4147552629818266,Normal,Normal,Routine,D003A
2064,109.23622696820884,-0.4254322627972104,0.0,0.43946398437094675,Normal,Normal,Routine,D003A
2065,109.23628701487445,-0.42545221642062775,0.0,0.3941393828427827,Abnormal,Abnormal,Monitor,D003A
2066,109.23639412871643,-0.4254265589708971,0.0,0.3598198200338633,Abnormal,Abnormal,Monitor,D003A
2067,109.23647446060366,-0.4254286519223836,0.0,0.3242611546899834,Abnormal,Abnormal,Monitor,D003A
2068,109.23654734503953,-0.4254302638805194,0.0,0.41311781017257154,Normal,Normal,Routine,D003A
2069,109.23663512392535,-0.42543092251676834,0.0,0.3947188825131179,Abnormal,Abnormal,Monitor,D003A
2070,109.23671276237963,-0.42543094038305174,0.0,0.3903981061347832,Abnormal,Abnormal,Monitor,D003A
2071,109.23679150911546,-0.4254357431530655,0.0,0.4150254962318822,Normal,Normal,Routine,D003A
2072,109.23684189380941,-0.42544069945754576,0.0,0.4233507764797394,Normal,Normal,Routine,D003A
2073,109.23688784615216,-0.4254231639040357,0.0,0.3960883529568348,Abnormal,Abnormal,Monitor,D003A
2074,109.23697942729083,-0.42542446094229747,0.0,0.35651810814415674,Abnormal,Abnormal,Monitor,D003A
2075,109.23706213823783,-0.42541682416979154,0.0,0.34879689201846853,Abnormal,Abnormal,Monitor,D003A
2076,109.23714135963795,-0.4254200318608266,0.0,0.35675253304275306,Abnormal,Abnormal,Monitor,D003A
2077,109.23723087909796,-0.42542994278239976,0.0,0.37797007993892867,Abnormal,Abnormal,Monitor,D003A
2078,109.23740849736285,-0.42542822929919594,0.0,0.39604965189042,Abnormal,Abnormal,Monitor,D003A
2079,109.23749717406105,-0.4254271328859724,0.0,0.34948598079902765,Abnormal,Abnormal,Monitor,D003A
2080,109.23757639728994,-0.4254223655520175,0.0,0.37289862151039843,Abnormal,Abnormal,Monitor,D003A
2081,109.23765165968153,-0.42541919249124,0.0,0.3975575274263048,Abnormal,Abnormal,Monitor,D003A
2082,109.23773246240005,-0.42543675720967905,0.0,0.41543421561461186,Normal,Normal,Routine,D003A
2083,109.23780693397035,-0.4254272041282151,0.0,0.3843960560538396,Abnormal,Abnormal,Monitor,D003A
2084,109.23790120854633,-0.4254308140713014,0.0,0.39857317325589176,Abnormal,Abnormal,Monitor,D003A
2085,109.23797013138972,-0.4254336214954129,0.0,0.39315342624075844,Abnormal,Abnormal,Monitor,D003A
2086,109.2380471370708,-0.42543164612496764,0.0,0.4262218032825176,Normal,Normal,Routine,D003A
2087,109.2382128697483,-0.4254327205603836,0.0,0.40063724207355295,Normal,Normal,Routine,D003A
2088,109.23595013043847,-0.4253519669272573,0.0,0.4138150394248991,Normal,Normal,Routine,D003A
2089,109.23600875118473,-0.4253695256345451,0.0,0.434052083810266,Normal,Normal,Routine,D003A
2090,109.23609429002761,-0.42536503829519046,0.0,0.42500426678794834,Normal,Normal,Routine,D003A
2091,109.23618620727143,-0.42536548989695155,0.0,0.44892524792795996,Normal,Normal,Routine,D003A
2092,109.23626749280994,-0.4253649596946438,0.0,0.37902213331819223,Abnormal,Abnormal,Monitor,D003A
2093,109.2363403773457,-0.42536609327766645,0.0,0.38539217932467207,Abnormal,Abnormal,Monitor,D003A
2094,109.23642926757731,-0.42535797955961807,0.0,0.36949381460546193,Abnormal,Abnormal,Monitor,D003A
2095,109.23651206447317,-0.42536335749088894,0.0,0.40374363433201726,Normal,Normal,Routine,D003A
2096,109.23659167125798,-0.4253702982216383,0.0,0.3692817734856279,Abnormal,Abnormal,Monitor,D003A
2097,109.23667601832975,-0.4253648954489665,0.0,0.3708970337111849,Abnormal,Abnormal,Monitor,D003A
2098,109.23675999444882,-0.42536331958562507,0.0,0.3634159860935492,Abnormal,Abnormal,Monitor,D003A
2099,109.23683462319363,-0.42536160954298985,0.0,0.38267563670864685,Abnormal,Abnormal,Monitor,D003A
2100,109.23691848587164,-0.4253651628395482,0.0,0.4098440418983328,Normal,Normal,Routine,D003A
2101,109.23700891333094,-0.42535986726389335,0.0,0.4055807836693254,Normal,Normal,Routine,D003A
2102,109.23707387539825,-0.4253598822074534,0.0,0.39053285409374017,Abnormal,Abnormal,Monitor,D003A
2103,109.23726099860264,-0.42536455074322393,0.0,0.36149155287234275,Abnormal,Abnormal,Monitor,D003A
2104,109.23745123999247,-0.42536012816048974,0.0,0.36737501532804195,Abnormal,Abnormal,Monitor,D003A
2105,109.23754155326316,-0.42536333930086606,0.0,0.3877677157337725,Abnormal,Abnormal,Monitor,D003A
2106,109.2376191919424,-0.425358571599223,0.0,0.39758180508230284,Abnormal,Abnormal,Monitor,D003A
2107,109.23769888872587,-0.42536497066734674,0.0,0.40093526468664803,Normal,Normal,Routine,D003A
2108,109.23776702006398,-0.4253643478980789,0.0,0.3642692925496275,Abnormal,Abnormal,Monitor,D003A
2109,109.23784497659581,-0.42536021870262775,0.0,0.3912939134035142,Abnormal,Abnormal,Monitor,D003A
2110,109.23792578258006,-0.4253634276531198,0.0,0.38355351908899077,Abnormal,Abnormal,Monitor,D003A
2111,109.23801403817006,-0.42535371857800425,0.0,0.41610107620318565,Normal,Normal,Routine,D003A
2112,109.2381705808123,-0.4253618887478233,0.0,0.4108152563306065,Normal,Normal,Routine,D003A
2113,109.23828402948024,-0.4253555340840026,0.0,0.38997829029372394,Abnormal,Abnormal,Monitor,D003A
2114,109.23598071961666,-0.4253068331573418,0.0,0.4258094931710746,Normal,Normal,Routine,D003A
2115,109.2360602626294,-0.4252938675339675,0.0,0.4374287922640588,Normal,Normal,Routine,D003A
2116,109.23614503071931,-0.4252974599276765,0.0,0.38600405125782405,Abnormal,Abnormal,Monitor,D003A
2117,109.23622567984336,-0.4252909385929671,0.0,0.39192339740357957,Abnormal,Abnormal,Monitor,D003A
2118,109.23629795412539,-0.4253014188718309,0.0,0.4130700464670111,Normal,Normal,Routine,D003A
2119,109.23638550408371,-0.42529352639633644,0.0,0.4319762217837411,Normal,Normal,Routine,D003A
2120,109.2364736231643,-0.4252992021598005,0.0,0.4370632472965452,Normal,Normal,Routine,D003A
2121,109.23654017013403,-0.4252975788796458,0.0,0.4076282952707524,Normal,Normal,Routine,D003A
2122,109.2366326574205,-0.42529575086469684,0.0,0.3872998854418685,Abnormal,Abnormal,Monitor,D003A
2123,109.23671630214758,-0.4253057264459062,0.0,0.41917264072441396,Normal,Normal,Routine,D003A
2124,109.23678520314286,-0.425293779315976,0.0,0.39620743836327926,Abnormal,Abnormal,Monitor,D003A
2125,109.23688312424913,-0.42528726194496264,0.0,0.4098744847668478,Normal,Normal,Routine,D003A
2126,109.23694967042726,-0.4252891907496431,0.0,0.4140606537586501,Normal,Normal,Routine,D003A
2127,109.23714138896199,-0.4252908300291072,0.0,0.3965991756854454,Abnormal,Abnormal,Monitor,D003A
2128,109.23728399149438,-0.42528607726912404,0.0,0.4022471169057393,Normal,Normal,Routine,D003A
2129,109.2373673321213,-0.4252904036145994,0.0,0.4238384309674485,Normal,Normal,Routine,D003A
2130,109.23745442682834,-0.4252819693414243,0.0,0.4231174712432058,Normal,Normal,Routine,D003A
2131,109.23753364969147,-0.4252787980912614,0.0,0.3306748318228411,Abnormal,Abnormal,Monitor,D003A
2132,109.2376128730945,-0.42527722112114447,0.0,0.3954155304599654,Abnormal,Abnormal,Monitor,D003A
2133,109.23768813195785,-0.42528960020634227,0.0,0.3862912285037419,Abnormal,Abnormal,Monitor,D003A
2134,109.23778240508507,-0.42529560382581105,0.0,0.4117326418034026,Normal,Normal,Routine,D003A
2135,109.23786796508054,-0.4252972186814229,0.0,0.4054722352257858,Normal,Normal,Routine,D003A
2136,109.23800291952189,-0.4252857017911304,0.0,0.4217157347409403,Normal,Normal,Routine,D003A
2137,109.2380901067836,-0.4252891337573437,0.0,0.4076182639881062,Normal,Normal,Routine,D003A
2138,109.23817281658339,-0.4252867608941877,0.0,0.4173441812973475,Normal,Normal,Routine,D003A
2139,109.23824855418316,-0.4252835879302238,0.0,0.42253203781868626,Normal,Normal,Routine,D003A
2140,109.23596471843055,-0.4252210856278541,0.0,0.4310066509468644,Normal,Normal,Routine,D003A
2141,109.23602177535516,-0.42523043745518907,0.0,0.4439130383976649,Normal,Normal,Routine,D003A
2142,109.23609404887719,-0.42522444501588136,0.0,0.4525491075853787,Normal,Normal,Routine,D003A
2143,109.2361875110444,-0.42522138285877287,0.0,0.43198717525326713,Normal,Normal,Routine,D003A
2144,109.23626673391851,-0.42522188036398567,0.0,0.39735131345736296,Abnormal,Abnormal,Monitor,D003A
2145,109.23634964725392,-0.42522078534180674,0.0,0.37724241929558605,Abnormal,Abnormal,Monitor,D003A
2146,109.23642739613875,-0.42522494853639026,0.0,0.3845896935936061,Abnormal,Abnormal,Monitor,D003A
2147,109.23658090619324,-0.4252326215627276,0.0,0.3936955458272418,Abnormal,Abnormal,Monitor,D003A
2148,109.23666261774501,-0.4252311356035763,0.0,0.3905490809903109,Abnormal,Abnormal,Monitor,D003A
2149,109.2367707527667,-0.4252141388431754,0.0,0.33935047913216415,Abnormal,Abnormal,Monitor,D003A
2150,109.23683211736775,-0.4252294636541702,0.0,0.3621425099628389,Abnormal,Abnormal,Monitor,D003A
2151,109.23693310020437,-0.4252131733116021,0.0,0.3908316037666346,Abnormal,Abnormal,Monitor,D003A
2152,109.23700815002265,-0.4252282724819498,0.0,0.34699765921212505,Abnormal,Abnormal,Monitor,D003A
2153,109.23709894043974,-0.4252266981754815,0.0,0.42206528950303507,Normal,Normal,Routine,D003A
2154,109.23715756560428,-0.425224957314754,0.0,0.39275095681415084,Abnormal,Abnormal,Monitor,D003A
2155,109.23749935745296,-0.42523053856670584,0.0,0.3878507471077433,Abnormal,Abnormal,Monitor,D003A
2156,109.23756693612306,-0.42522297697306316,0.0,0.3645899514870516,Abnormal,Abnormal,Monitor,D003A
2157,109.2376526559401,-0.42521693605978517,0.0,0.3708379060101495,Abnormal,Abnormal,Monitor,D003A
2158,109.2377375825028,-0.42521918829907246,0.0,0.35979260197641183,Abnormal,Abnormal,Monitor,D003A
2159,109.23781965579751,-0.425223035067267,0.0,0.40181513247905193,Normal,Normal,Routine,D003A
2160,109.23788779006269,-0.4252134805192976,0.0,0.36113003331764376,Abnormal,Abnormal,Monitor,D003A
2161,109.23797746725643,-0.42522514580488524,0.0,0.38665560838014174,Abnormal,Abnormal,Monitor,D003A
2162,109.2380566906778,-0.4252235688275024,0.0,0.42109160502811244,Normal,Normal,Routine,D003A
2163,109.23813670678196,-0.4252162497243163,0.0,0.4444432054045108,Normal,Normal,Routine,D003A
2164,109.23821418853967,-0.4252103651619373,0.0,0.4231238861132685,Normal,Normal,Routine,D003A
2165,109.23829426615656,-0.42522098558128857,0.0,0.3917778148047196,Abnormal,Abnormal,Monitor,D003A
2166,109.23600171393133,-0.42516074030256545,0.0,0.43477565171054294,Normal,Normal,Routine,D003A
2167,109.23607378460086,-0.42516196502691384,0.0,0.4247140569208336,Normal,Normal,Routine,D003A
2168,109.23614628321052,-0.425165559113411,0.0,0.4197754767289435,Normal,Normal,Routine,D003A
2169,109.23623184530106,-0.42515760287562193,0.0,0.41750352858316425,Normal,Normal,Routine,D003A
2170,109.23629128495853,-0.4251528328044765,0.0,0.41879754059657376,Normal,Normal,Routine,D003A
2171,109.23639463725439,-0.42516094734431936,0.0,0.37193738407693944,Abnormal,Abnormal,Monitor,D003A
2172,109.23648877571325,-0.42515841615918265,0.0,0.3767677554139146,Abnormal,Abnormal,Monitor,D003A
2173,109.23655009328809,-0.42516321581506555,0.0,0.3803799945491928,Abnormal,Abnormal,Monitor,D003A
2174,109.2366275262966,-0.42516206798155265,0.0,0.3934994324196283,Abnormal,Abnormal,Monitor,D003A
2175,109.23670910058769,-0.42516377597345695,0.0,0.38086066111850797,Abnormal,Abnormal,Monitor,D003A
2176,109.23678212624672,-0.42516060239780995,0.0,0.3854770600652637,Abnormal,Abnormal,Monitor,D003A
2177,109.23688552697999,-0.42516914558281016,0.0,0.39750717402293745,Abnormal,Abnormal,Monitor,D003A
2178,109.23696110864446,-0.4251522552703108,0.0,0.3903007582456124,Abnormal,Abnormal,Monitor,D003A
2179,109.23713111915283,-0.42515963184831296,0.0,0.34375852754726416,Abnormal,Abnormal,Monitor,D003A
2180,109.23720062645762,-0.42514784400270256,0.0,0.41707821679595575,Normal,Normal,Routine,D003A
2181,109.23729030622198,-0.425148023776314,0.0,0.42958463426824806,Normal,Normal,Routine,D003A
2182,109.2373806187592,-0.4251544243736957,0.0,0.42982513803680117,Normal,Normal,Routine,D003A
2183,109.23744447218999,-0.42515523754893414,0.0,0.346187997674184,Abnormal,Abnormal,Monitor,D003A
2184,109.23752419425814,-0.42514912833745216,0.0,0.35682764842529535,Abnormal,Abnormal,Monitor,D003A
2185,109.23761844752055,-0.42514762083033414,0.0,0.3685945577358061,Abnormal,Abnormal,Monitor,D003A
2186,109.23769529189916,-0.42515178561253636,0.0,0.4150505554414569,Normal,Normal,Routine,D003A
2187,109.23777134584435,-0.4251518030921931,0.0,0.4193170465714726,Normal,Normal,Routine,D003A
2188,109.23785057091997,-0.42514288862270744,0.0,0.3914728541721453,Abnormal,Abnormal,Monitor,D003A
2189,109.23793930001895,-0.4251445041988204,0.0,0.40258984299054223,Normal,Normal,Routine,D003A
2190,109.23801852073109,-0.42515090314608417,0.0,0.39943182537243904,Abnormal,Abnormal,Monitor,D003A
2191,109.23808981958985,-0.4251572993684451,0.0,0.44606929327801265,Normal,Normal,Routine,D003A
2192,109.2381684122291,-0.42514471600259174,0.0,0.42757726457117556,Normal,Normal,Routine,D003A
2193,109.23825302173067,-0.42514298110026766,0.0,0.42317851011616453,Normal,Normal,Routine,D003A
2194,109.23596771176936,-0.4250852198746078,0.0,0.43968278126712323,Normal,Normal,Routine,D003A
2195,109.23601673497915,-0.4250966886229964,0.0,0.45434563267095035,Normal,Normal,Routine,D003A
2196,109.23611418108098,-0.42508522643608315,0.0,0.39500397190648395,Abnormal,Abnormal,Monitor,D003A
2197,109.2361986302208,-0.42509306171902567,0.0,0.40348529181715037,Normal,Normal,Routine,D003A
2198,109.23626785224796,-0.4250953130679601,0.0,0.4088412413815478,Normal,Normal,Routine,D003A
2199,109.23635053418164,-0.425088701760261,0.0,0.40475473204234524,Normal,Normal,Routine,D003A
2200,109.23643326779974,-0.4250839361381947,0.0,0.3979964140994924,Abnormal,Abnormal,Monitor,D003A
2201,109.23650803116723,-0.4250945517212164,0.0,0.3909248121875779,Abnormal,Abnormal,Monitor,D003A
2202,109.23659870625659,-0.4250904417320293,0.0,0.39491414188659124,Abnormal,Abnormal,Monitor,D003A
2203,109.2366675854386,-0.42509146224714806,0.0,0.3998159079778387,Abnormal,Abnormal,Monitor,D003A
2204,109.23675002092159,-0.42509031736817227,0.0,0.3851181433414976,Abnormal,Abnormal,Monitor,D003A
2205,109.23684223720615,-0.4250873073581348,0.0,0.39310335778560573,Abnormal,Abnormal,Monitor,D003A
2206,109.2369201924723,-0.4250846132858461,0.0,0.371403291108913,Abnormal,Abnormal,Monitor,D003A
2207,109.2370127296598,-0.4250608686575426,0.0,0.4300531253773862,Normal,Normal,Routine,D003A
2208,109.23701493843924,-0.4251047340342574,0.0,0.4162560118114104,Normal,Normal,Routine,D003A
2209,109.23708687693723,-0.42508688522568083,0.0,0.3783874319295714,Abnormal,Abnormal,Monitor,D003A
2210,109.23714772148732,-0.4250782857565454,0.0,0.3990721407686718,Abnormal,Abnormal,Monitor,D003A
2211,109.23724690735641,-0.42508373164206753,0.0,0.3811367181226638,Abnormal,Abnormal,Monitor,D003A
2212,109.23733310212535,-0.4250786475854417,0.0,0.41015159359091496,Normal,Normal,Routine,D003A
2213,109.23749915411189,-0.4250735818806226,0.0,0.40157073339065014,Normal,Normal,Routine,D003A
2214,109.23765363701145,-0.42507760444148623,0.0,0.3401012872299585,Abnormal,Abnormal,Monitor,D003A
2215,109.23773333617561,-0.4250774635993301,0.0,0.3690490836577308,Abnormal,Abnormal,Monitor,D003A
2216,109.23781097160433,-0.4250870516475536,0.0,0.4033978690751384,Normal,Normal,Routine,D003A
2217,109.23789526627166,-0.425079255150279,0.0,0.402911276753562,Normal,Normal,Routine,D003A
2218,109.23797734282097,-0.42507273410939994,0.0,0.3943904439042125,Abnormal,Abnormal,Monitor,D003A
2219,109.2380617952239,-0.42507052079513696,0.0,0.42244566442696296,Normal,Normal,Routine,D003A
2220,109.23813832306736,-0.4250762806837148,0.0,0.4473386905244148,Normal,Normal,Routine,D003A
2221,109.23821263510625,-0.4250731073840448,0.0,0.39392372802880193,Abnormal,Abnormal,Monitor,D003A
2222,109.23829106507286,-0.42507280618311016,0.0,0.3819809801912365,Abnormal,Abnormal,Monitor,D003A
2223,109.23598965947933,-0.42501676765987695,0.0,0.43511686611727,Normal,Normal,Routine,D003A
2224,109.23607141539351,-0.4250175849585065,0.0,0.42791855707764626,Normal,Normal,Routine,D003A
2225,109.23613081042218,-0.4250194488141967,0.0,0.4350656633192299,Normal,Normal,Routine,D003A
2226,109.23624808544727,-0.425005821766451,0.0,0.3796868944436984,Abnormal,Abnormal,Monitor,D003A
2227,109.23631162034349,-0.4250088666832277,0.0,0.4067131319740513,Normal,Normal,Routine,D003A
2228,109.23639448815007,-0.42501048182601003,0.0,0.37990108427071234,Abnormal,Abnormal,Monitor,D003A
2229,109.23646959290686,-0.4250010871452931,0.0,0.3823542145326479,Abnormal,Abnormal,Monitor,D003A
2230,109.23655040193267,-0.42499456673414415,0.0,0.379160804625351,Abnormal,Abnormal,Monitor,D003A
2231,109.2366355946037,-0.42499957443611913,0.0,0.39150027602982634,Abnormal,Abnormal,Monitor,D003A
2232,109.23671448342327,-0.4249917758057639,0.0,0.4195849328159212,Normal,Normal,Routine,D003A
2233,109.23679757755622,-0.42498967703708623,0.0,0.43504661949010226,Normal,Normal,Routine,D003A
2234,109.23687985472056,-0.4249855750556717,0.0,0.43442005166734193,Normal,Normal,Routine,D003A
2235,109.23697598497525,-0.4249975348119986,0.0,0.41803925723534685,Normal,Normal,Routine,D003A
2236,109.23705172234212,-0.42499516034675183,0.0,0.41533322377618853,Normal,Normal,Routine,D003A
2237,109.2371924246321,-0.42498418645043223,0.0,0.402402723655821,Normal,Normal,Routine,D003A
2238,109.23729129522148,-0.42498165633283025,0.0,0.42558614258002436,Normal,Normal,Routine,D003A
2239,109.23735926917446,-0.42497385608844135,0.0,0.41570839247413216,Normal,Normal,Routine,D003A
2240,109.23745417886057,-0.4249732394608892,0.0,0.3940797684802682,Abnormal,Abnormal,Monitor,D003A
2241,109.23752896486303,-0.42497533110851915,0.0,0.393093414045982,Abnormal,Abnormal,Monitor,D003A
2242,109.23762403269548,-0.42497056739509054,0.0,0.3769518062942341,Abnormal,Abnormal,Monitor,D003A
2243,109.2377777244072,-0.4249737930749239,0.0,0.3979402894014353,Abnormal,Abnormal,Monitor,D003A
2244,109.2378556824227,-0.42495913600049984,0.0,0.38989460547968013,Abnormal,Abnormal,Monitor,D003A
2245,109.23792809342298,-0.4249532502663386,0.0,0.40642048813675946,Normal,Normal,Routine,D003A
2246,109.23801697920942,-0.4249610874543017,0.0,0.394543286155652,Abnormal,Abnormal,Monitor,D003A
2247,109.23811157220072,-0.42495887555924305,0.0,0.42532108707092503,Normal,Normal,Routine,D003A
2248,109.23818651737402,-0.4249563408366089,0.0,0.3567174940165764,Abnormal,Abnormal,Monitor,D003A
2249,109.23825781768399,-0.42495635721164715,0.0,0.38259448451974404,Abnormal,Abnormal,Monitor,D003A
2250,109.23594324679561,-0.42496108922810766,0.0,0.429227310587235,Normal,Normal,Routine,D003A
2251,109.23602199552612,-0.4249411024282052,0.0,0.41553639114528584,Normal,Normal,Routine,D003A
2252,109.23611249248604,-0.42494203657901514,0.0,0.4359243836554542,Normal,Normal,Routine,D003A
2253,109.23625919550226,-0.42492160330075013,0.0,0.41736750200883044,Normal,Normal,Routine,D003A
2254,109.23635267679582,-0.42492928149496106,0.0,0.4305409315970165,Normal,Normal,Routine,D003A
2255,109.23642904882867,-0.4249206855993194,0.0,0.3680343622289717,Abnormal,Abnormal,Monitor,D003A
2256,109.23659351362761,-0.42492687806716223,0.0,0.39906613728066154,Abnormal,Abnormal,Monitor,D003A
2257,109.23666846013536,-0.4249181886973979,0.0,0.40087445620593004,Normal,Normal,Routine,D003A
2258,109.23675988381298,-0.42491661452554724,0.0,0.425695157492801,Normal,Normal,Routine,D003A
2259,109.23684544484229,-0.42491344382044555,0.0,0.39103424890391775,Abnormal,Abnormal,Monitor,D003A
2260,109.23693163907814,-0.4249145804392343,0.0,0.3985783830777303,Abnormal,Abnormal,Monitor,D003A
2261,109.23700928043307,-0.42490183770747103,0.0,0.3628624810708953,Abnormal,Abnormal,Monitor,D003A
2262,109.23710387352297,-0.4248949994251977,0.0,0.3552696561709632,Abnormal,Abnormal,Monitor,D003A
2263,109.23717469723097,-0.4249010772203152,0.0,0.3933354298703693,Abnormal,Abnormal,Monitor,D003A
2264,109.23726231797859,-0.42489806704347916,0.0,0.38460479796308994,Abnormal,Abnormal,Monitor,D003A
2265,109.23733583748836,-0.42489585121820267,0.0,0.4213949290704856,Normal,Normal,Routine,D003A
2266,109.2374179120277,-0.4248941157321086,0.0,0.40596248794352635,Normal,Normal,Routine,D003A
2267,109.23749000483016,-0.42489700344645226,0.0,0.3999642785492964,Abnormal,Abnormal,Monitor,D003A
2268,109.23758190593891,-0.42488569910421015,0.0,0.4149667034018029,Normal,Normal,Routine,D003A
2269,109.23765700730601,-0.424891458660783,0.0,0.37820471866148003,Abnormal,Abnormal,Monitor,D003A
2270,109.23773971788277,-0.42488158823292377,0.0,0.3955763481338366,Abnormal,Abnormal,Monitor,D003A
2271,109.23781688285517,-0.42487426846468523,0.0,0.40267652846334073,Normal,Normal,Routine,D003A
2272,109.23799006135246,-0.42488292169674846,0.0,0.40298967014115067,Normal,Normal,Routine,D003A
2273,109.23806136201563,-0.4248813428851654,0.0,0.4152851967510432,Normal,Normal,Routine,D003A
2274,109.2381358335906,-0.4248717897764363,0.0,0.423692833883713,Normal,Normal,Routine,D003A
2275,109.23820554879951,-0.4248781856237009,0.0,0.37990231897546467,Abnormal,Abnormal,Monitor,D003A
2276,109.23830536959566,-0.42487661335827764,0.0,0.3800970339167422,Abnormal,Abnormal,Monitor,D003A
2277,109.23599412878364,-0.424856604626598,0.0,0.40894583886963737,Normal,Normal,Routine,D003A
2278,109.23607815062435,-0.4248473440231764,0.0,0.426316936381615,Normal,Normal,Routine,D003A
2279,109.2361314327142,-0.4248857573430939,0.0,0.4457066490068284,Normal,Normal,Routine,D003A
2280,109.23616572846933,-0.4248510790171309,0.0,0.4837014614014296,Normal,Normal,Routine,D003A
2281,109.23624162252246,-0.42485476610979306,0.0,0.3928116330390068,Abnormal,Abnormal,Monitor,D003A
2282,109.23632207031953,-0.42484081860117373,0.0,0.37767288114799347,Abnormal,Abnormal,Monitor,D003A
2283,109.23639230907617,-0.42483565853496486,0.0,0.38324798821794015,Abnormal,Abnormal,Monitor,D003A
2284,109.23648031095148,-0.4248392543607559,0.0,0.41364645031718905,Normal,Normal,Routine,D003A
2285,109.23655795190585,-0.42484007612663194,0.0,0.37322798641351046,Abnormal,Abnormal,Monitor,D003A
2286,109.23665118481495,-0.4248300480711986,0.0,0.4174336189798151,Normal,Normal,Routine,D003A
2287,109.2367198156309,-0.42483302271061013,0.0,0.3701743252882199,Abnormal,Abnormal,Monitor,D003A
2288,109.23680300091748,-0.42482506590241326,0.0,0.3365487724301195,Abnormal,Abnormal,Monitor,D003A
2289,109.2368882456115,-0.4248225335554415,0.0,0.35256913067987283,Abnormal,Abnormal,Monitor,D003A
2290,109.23695384151823,-0.42482797171232456,0.0,0.37381706114429797,Abnormal,Abnormal,Monitor,D003A
2291,109.23706253768171,-0.4248161937645455,0.0,0.3749342160478521,Abnormal,Abnormal,Monitor,D003A
2292,109.23717123254978,-0.42481015721328985,0.0,0.34279490282841807,Abnormal,Abnormal,Monitor,D003A
2293,109.23727374833089,-0.4247996529032181,0.0,0.3448757251193216,Abnormal,Abnormal,Monitor,D003A
2294,109.23737784848144,-0.4247939345098459,0.0,0.4304657405589824,Normal,Normal,Routine,D003A
2295,109.23745033677994,-0.4247956792762784,0.0,0.40618587109208176,Normal,Normal,Routine,D003A
2296,109.23754009667314,-0.4247950885846892,0.0,0.38520284440647057,Abnormal,Abnormal,Monitor,D003A
2297,109.23762724481733,-0.4247807528354275,0.0,0.338325497846549,Abnormal,Abnormal,Monitor,D003A
2298,109.23770804934135,-0.42479034159946716,0.0,0.40663725185995164,Normal,Normal,Routine,D003A
2299,109.23778236064236,-0.424786370700332,0.0,0.4055077430092611,Normal,Normal,Routine,D003A
2300,109.2378712525227,-0.42477123865794303,0.0,0.39923482321014475,Abnormal,Abnormal,Monitor,D003A
2301,109.23794192036858,-0.4247675861375565,0.0,0.37308155516036473,Abnormal,Abnormal,Monitor,D003A
2302,109.2380119542183,-0.42476313497354634,0.0,0.3931304578927682,Abnormal,Abnormal,Monitor,D003A
2303,109.23809878251105,-0.42476108225132,0.0,0.40774428633493653,Normal,Normal,Routine,D003A
2304,109.23818180708766,-0.42476492921445846,0.0,0.3945290795512012,Abnormal,Abnormal,Monitor,D003A
2305,109.2382470916955,-0.4247450052823058,0.0,0.4332892881868982,Normal,Normal,Routine,D003A
2306,109.23596511430705,-0.4247947303224195,0.0,0.42818079930449005,Normal,Normal,Routine,D003A
2307,109.23603740397915,-0.4247808659451514,0.0,0.44212706958857734,Normal,Normal,Routine,D003A
2308,109.23611583431472,-0.4247824791562187,0.0,0.4304759337051444,Normal,Normal,Routine,D003A
2309,109.2362006006869,-0.424789676062884,0.0,0.4676328012613601,Normal,Normal,Routine,D003A
2310,109.2362692086327,-0.4247825144067944,0.0,0.43246594574067226,Normal,Normal,Routine,D003A
2311,109.23634795859955,-0.42477296230397205,0.0,0.3753231641823292,Abnormal,Abnormal,Monitor,D003A
2312,109.23644207664958,-0.42476532722870847,0.0,0.4043360175097966,Normal,Normal,Routine,D003A
2313,109.23651908115723,-0.42476821607432047,0.0,0.4061150340899888,Normal,Normal,Routine,D003A
2314,109.23659407138797,-0.42476871710572933,0.0,0.3830399145518822,Abnormal,Abnormal,Monitor,D003A
2315,109.23667784514515,-0.4247602766314746,0.0,0.3458670717626318,Abnormal,Abnormal,Monitor,D003A
2316,109.23676736700072,-0.4247595005113585,0.0,0.4131014886957982,Normal,Normal,Routine,D003A
2317,109.23685340267131,-0.4247587226849099,0.0,0.3575535955661331,Abnormal,Abnormal,Monitor,D003A
2318,109.23691836570445,-0.42475443042931277,0.0,0.38079557338896386,Abnormal,Abnormal,Monitor,D003A
2319,109.23701977198647,-0.4247523801647015,0.0,0.374656883304288,Abnormal,Abnormal,Monitor,D003A
2320,109.23708204071261,-0.42474984253410797,0.0,0.38675972407273357,Abnormal,Abnormal,Monitor,D003A
2321,109.23715968098647,-0.42474188444308575,0.0,0.3613382433535529,Abnormal,Abnormal,Monitor,D003A
2322,109.23724032974316,-0.4247411053740289,0.0,0.3794160309891401,Abnormal,Abnormal,Monitor,D003A
2323,109.23733234188613,-0.4247352503654038,0.0,0.3986997316466071,Abnormal,Abnormal,Monitor,D003A
2324,109.23741871547561,-0.42473780585854654,0.0,0.386976471033618,Abnormal,Abnormal,Monitor,D003A
2325,109.23749431951066,-0.42472928029844936,0.0,0.38120897641067564,Abnormal,Abnormal,Monitor,D003A
2326,109.23758130602687,-0.42473448462529356,0.0,0.37876374969030335,Abnormal,Abnormal,Monitor,D003A
2327,109.23766528326374,-0.42472812316680325,0.0,0.3921711294367762,Abnormal,Abnormal,Monitor,D003A
2328,109.23774209089947,-0.42472000662275533,0.0,0.3888649577660409,Abnormal,Abnormal,Monitor,D003A
2329,109.23782690008213,-0.42471699488011994,0.0,0.4013249966598788,Normal,Normal,Routine,D003A
2330,109.23790643956956,-0.4247198842939552,0.0,0.4137621978076686,Normal,Normal,Routine,D003A
2331,109.23799010038103,-0.42471065250850254,0.0,0.4018827448088784,Normal,Normal,Routine,D003A
2332,109.23805918263209,-0.4247116251164316,0.0,0.40250079620893403,Normal,Normal,Routine,D003A
2333,109.23814125741318,-0.42471291992417687,0.0,0.4315475265555068,Normal,Normal,Routine,D003A
2334,109.23822222640898,-0.42469842268012703,0.0,0.43226481882253087,Normal,Normal,Routine,D003A
2335,109.23829875494295,-0.42470115224175015,0.0,0.40894135280261534,Normal,Normal,Routine,D003A
2336,109.23600256142271,-0.42471545901278174,0.0,0.470878666633955,Normal,Normal,Routine,D003A
2337,109.23608178204736,-0.4247218579549815,0.0,0.47302372654577846,Normal,Normal,Routine,D003A
2338,109.23616377960944,-0.42471469937485223,0.0,0.45740933906534265,Normal,Normal,Routine,D003A
2339,109.2363208783833,-0.424709789861073,0.0,0.399407244735763,Abnormal,Abnormal,Monitor,D003A
2340,109.23640010281308,-0.42470342823188584,0.0,0.39017429844130636,Abnormal,Abnormal,Monitor,D003A
2341,109.23648107003608,-0.42469642856629314,0.0,0.42263648411234456,Normal,Normal,Routine,D003A
2342,109.23656504505374,-0.42469963822786855,0.0,0.3738205200131142,Abnormal,Abnormal,Monitor,D003A
2343,109.23664546671182,-0.42470198256209213,0.0,0.39823131231076003,Abnormal,Abnormal,Monitor,D003A
2344,109.23680113159793,-0.42468645261140103,0.0,0.39980002976158985,Abnormal,Abnormal,Monitor,D003A
2345,109.23688178083908,-0.4246874278853767,0.0,0.3523924145769344,Abnormal,Abnormal,Monitor,D003A
2346,109.23695355614247,-0.42468409484505043,0.0,0.3760264184809505,Abnormal,Abnormal,Monitor,D003A
2347,109.23712816429301,-0.4246822205445395,0.0,0.368701885388613,Abnormal,Abnormal,Monitor,D003A
2348,109.2372118244553,-0.4246756998606099,0.0,0.3671759767007699,Abnormal,Abnormal,Monitor,D003A
2349,109.23728781095829,-0.42467196175249183,0.0,0.39758323500810944,Abnormal,Abnormal,Monitor,D003A
2350,109.23738286722194,-0.4246706090438575,0.0,0.3906335229003752,Abnormal,Abnormal,Monitor,D003A
2351,109.23746470381106,-0.42467639636420035,0.0,0.3769154620960793,Abnormal,Abnormal,Monitor,D003A
2352,109.23761300933516,-0.42467228329516865,0.0,0.37567894796554285,Abnormal,Abnormal,Monitor,D003A
2353,109.2377064947846,-0.4246579489935737,0.0,0.4093795144984212,Normal,Normal,Routine,D003A
2354,109.23778431929561,-0.4246615912942654,0.0,0.38116202486647044,Abnormal,Abnormal,Monitor,D003A
2355,109.23786367211589,-0.424659739417354,0.0,0.4092520741163018,Normal,Normal,Routine,D003A
2356,109.23794574782701,-0.4246568871041342,0.0,0.4220142400715396,Normal,Normal,Routine,D003A
2357,109.23802497113223,-0.424655789381881,0.0,0.4228688452896899,Normal,Normal,Routine,D003A
2358,109.23810546024531,-0.4246580405732694,0.0,0.435053441989826,Normal,Normal,Routine,D003A
2359,109.23817945706197,-0.4246505600023138,0.0,0.43073193268293664,Normal,Normal,Routine,D003A
2360,109.23825630250758,-0.4246501001676119,0.0,0.40617942935316026,Normal,Normal,Routine,D003A
2361,109.23596851051258,-0.4246488567809948,0.0,0.44588344723227646,Normal,Normal,Routine,D003A
2362,109.2360516933221,-0.4246516674670963,0.0,0.4064733285953303,Normal,Normal,Routine,D003A
2363,109.23613091737835,-0.42464690011879536,0.0,0.43728901537627063,Normal,Normal,Routine,D003A
2364,109.23620020334106,-0.42465238885798895,0.0,0.44132194743679093,Normal,Normal,Routine,D003A
2365,109.236278275101,-0.42463098303819713,0.0,0.4043720061980331,Normal,Normal,Routine,D003A
2366,109.23635670545136,-0.42462860737576996,0.0,0.35826146911115503,Abnormal,Abnormal,Monitor,D003A
2367,109.23645240706712,-0.42462926779606186,0.0,0.4260891581408116,Normal,Normal,Routine,D003A
2368,109.23653654086533,-0.4246294471835679,0.0,0.3875057357605105,Abnormal,Abnormal,Monitor,D003A
2369,109.23661100948499,-0.4246326546579949,0.0,0.38193857153125393,Abnormal,Abnormal,Monitor,D003A
2370,109.23668991616759,-0.4246292436781643,0.0,0.37291716431080846,Abnormal,Abnormal,Monitor,D003A
2371,109.23675963448794,-0.424617694602988,0.0,0.36949449133543344,Abnormal,Abnormal,Monitor,D003A
2372,109.23685707938459,-0.424615643423379,0.0,0.36321157954245814,Abnormal,Abnormal,Monitor,D003A
2373,109.23692299181101,-0.42461565856032896,0.0,0.3950748427842672,Abnormal,Abnormal,Monitor,D003A
2374,109.23701663288931,-0.4246199872440844,0.0,0.41105264361773364,Normal,Normal,Routine,D003A
2375,109.23717824820363,-0.4246152388006291,0.0,0.42161447604020247,Normal,Normal,Routine,D003A
2376,109.23725747104731,-0.42461206662093054,0.0,0.3896442695128388,Abnormal,Abnormal,Monitor,D003A
2377,109.23732924672147,-0.42461508718482954,0.0,0.42716035737731917,Normal,Normal,Routine,D003A
2378,109.23742161953294,-0.42461513552160346,0.0,0.3898677459764423,Abnormal,Abnormal,Monitor,D003A
2379,109.23749624942286,-0.42460845269623093,0.0,0.3952867910915748,Abnormal,Abnormal,Monitor,D003A
2380,109.23757040142507,-0.4246097465905786,0.0,0.39318006157445734,Abnormal,Abnormal,Monitor,D003A
2381,109.23774770358872,-0.42460372576635474,0.0,0.4071630993057143,Normal,Normal,Routine,D003A
2382,109.23781844153464,-0.4245998905883982,0.0,0.4188176215660669,Normal,Normal,Routine,D003A
2383,109.23790456711973,-0.424591001190086,0.0,0.3934182122251411,Abnormal,Abnormal,Monitor,D003A
2384,109.2379901253078,-0.4246005910353274,0.0,0.41983401366115475,Normal,Normal,Routine,D003A
2385,109.2380611105711,-0.4245955034553814,0.0,0.42608249148986005,Normal,Normal,Routine,D003A
2386,109.23814255020105,-0.4245971164259151,0.0,0.4506198796005553,Normal,Normal,Routine,D003A
2387,109.23821860560373,-0.42459075403963786,0.0,0.42016321300636156,Normal,Normal,Routine,D003A
2388,109.23829276019458,-0.42458470952965777,0.0,0.39774882152246743,Abnormal,Abnormal,Monitor,D003A
2389,109.23600101484595,-0.4245479751971412,0.0,0.42639095166745167,Normal,Normal,Routine,D003A
2390,109.23608815857732,-0.42455277986400825,0.0,0.43042638476494016,Normal,Normal,Routine,D003A
2391,109.23616690817724,-0.42454083497801187,0.0,0.43991399640077583,Normal,Normal,Routine,D003A
2392,109.23624660724133,-0.424536865324637,0.0,0.41461792751019744,Normal,Normal,Routine,D003A
2393,109.23632678127689,-0.42453385343227495,0.0,0.4074225609951128,Normal,Normal,Routine,D003A
2394,109.2364316762838,-0.4245164914620952,0.0,0.39341303093829433,Abnormal,Abnormal,Monitor,D003A
2395,109.23649505196705,-0.4245244810340398,0.0,0.423821496013619,Normal,Normal,Routine,D003A
2396,109.23657586059004,-0.42451971403842637,0.0,0.415356153244374,Normal,Normal,Routine,D003A
2397,109.23665222966237,-0.42452419791126056,0.0,0.34050741442479193,Abnormal,Abnormal,Monitor,D003A
2398,109.2367235311689,-0.42452261909963035,0.0,0.34667870602153256,Abnormal,Abnormal,Monitor,D003A
2399,109.23681384566541,-0.4245162600032552,0.0,0.4316460570003346,Normal,Normal,Routine,D003A
2400,109.23689227935616,-0.42450319822087895,0.0,0.4074289182189278,Normal,Normal,Routine,D003A
2401,109.23696690510434,-0.4245146999607563,0.0,0.43818022806544205,Normal,Normal,Routine,D003A
2402,109.23707211456667,-0.4245051539100551,0.0,0.37241020933620217,Abnormal,Abnormal,Monitor,D003A
2403,109.23715459416414,-0.42449965571105136,0.0,0.41629923051363,Normal,Normal,Routine,D003A
2404,109.23722770443578,-0.4245076511313586,0.0,0.43435817610573124,Normal,Normal,Routine,D003A
2405,109.23735605207682,-0.4244919530079483,0.0,0.4068979579573746,Normal,Normal,Routine,D003A
2406,109.23745491988521,-0.4244977442295485,0.0,0.3749283350919,Abnormal,Abnormal,Monitor,D003A
2407,109.23753572732092,-0.4244984012114772,0.0,0.36445622192695737,Abnormal,Abnormal,Monitor,D003A
2408,109.23762260751116,-0.42448522831670354,0.0,0.4208693933676842,Normal,Normal,Routine,D003A
2409,109.2377027314163,-0.42448567895909545,0.0,0.40779475965599965,Normal,Normal,Routine,D003A
2410,109.23786244806712,-0.4244719973747844,0.0,0.3849872244786629,Abnormal,Abnormal,Monitor,D003A
2411,109.23793533363302,-0.42446882463101937,0.0,0.38500228720864066,Abnormal,Abnormal,Monitor,D003A
2412,109.23801931023195,-0.4244653343085657,0.0,0.4002931763579478,Normal,Normal,Routine,D003A
2413,109.23810170040595,-0.42447013876760176,0.0,0.3823761577701454,Abnormal,Abnormal,Monitor,D003A
2414,109.23817363911232,-0.42445149232077,0.0,0.44480785069701906,Normal,Normal,Routine,D003A
2415,109.23825317746142,-0.42445549853083137,0.0,0.38362699509310594,Abnormal,Abnormal,Monitor,D003A
2416,109.23596585762165,-0.42446789322958456,0.0,0.43213334879120774,Normal,Normal,Routine,D003A
2417,109.23604904150844,-0.42446990631584,0.0,0.4142403725320812,Normal,Normal,Routine,D003A
2418,109.2361170763962,-0.4244744235440871,0.0,0.4415509922391335,Normal,Normal,Routine,D003A
2419,109.23620083142812,-0.42446922316423963,0.0,0.4145913727209644,Normal,Normal,Routine,D003A
2420,109.23627973713367,-0.4244700388776339,0.0,0.40828550272573405,Normal,Normal,Routine,D003A
2421,109.23636545752672,-0.4244651138537161,0.0,0.387743103532837,Abnormal,Abnormal,Monitor,D003A
2422,109.23644180750397,-0.42445868463522674,0.0,0.38683158083161134,Abnormal,Abnormal,Monitor,D003A
2423,109.23653071898573,-0.4244479248963267,0.0,0.3997604686604407,Abnormal,Abnormal,Monitor,D003A
2424,109.23668203435022,-0.42444859807367263,0.0,0.4008292031535454,Normal,Normal,Routine,D003A
2425,109.23675523681501,-0.42444606294621123,0.0,0.37814793760324567,Abnormal,Abnormal,Monitor,D003A
2426,109.23684397018958,-0.4244285371901148,0.0,0.3815289677459891,Abnormal,Abnormal,Monitor,D003A
2427,109.23693428248181,-0.42443589540945437,0.0,0.411861951589656,Normal,Normal,Routine,D003A
2428,109.23700399944832,-0.4244343162278406,0.0,0.38941699131375174,Abnormal,Abnormal,Monitor,D003A
2429,109.23709589691777,-0.4244349748527551,0.0,0.39036554285064606,Abnormal,Abnormal,Monitor,D003A
2430,109.23717760715597,-0.4244274499377377,0.0,0.3891108436208098,Abnormal,Abnormal,Monitor,D003A
2431,109.23743196326039,-0.4244162298823209,0.0,0.38273219897174804,Abnormal,Abnormal,Monitor,D003A
2432,109.23750944411175,-0.4244141741018416,0.0,0.3876371794086013,Abnormal,Abnormal,Monitor,D003A
2433,109.23766313659817,-0.42441389105338184,0.0,0.408980171575466,Normal,Normal,Routine,D003A
2434,109.2377444204556,-0.4244091241466465,0.0,0.406093105414406,Normal,Normal,Routine,D003A
2435,109.23782221722236,-0.42440834530668115,0.0,0.3571905369842989,Abnormal,Abnormal,Monitor,D003A
2436,109.23790334137038,-0.4244067687320993,0.0,0.38619768859907544,Abnormal,Abnormal,Monitor,D003A
2437,109.23805671871328,-0.4243980303951463,0.0,0.39841327590113534,Abnormal,Abnormal,Monitor,D003A
2438,109.2381549553049,-0.42439486255673425,0.0,0.39896431009284594,Abnormal,Abnormal,Monitor,D003A
2439,109.23822150249269,-0.4243964730060989,0.0,0.4106847302038939,Normal,Normal,Routine,D003A
2440,109.23830864961349,-0.42438676272136333,0.0,0.38160829433761245,Abnormal,Abnormal,Monitor,D003A
2441,109.2360014476758,-0.4243860740757,0.0,0.38101624827479486,Abnormal,Abnormal,Monitor,D003A
2442,109.23608264943647,-0.4243904794787461,0.0,0.39245372533475936,Abnormal,Abnormal,Monitor,D003A
2443,109.2361579136536,-0.424378931677324,0.0,0.43846882983133506,Normal,Normal,Routine,D003A
2444,109.23623285838059,-0.4243779921369889,0.0,0.3881443967389103,Abnormal,Abnormal,Monitor,D003A
2445,109.23632745163472,-0.4243741850521106,0.0,0.3747008355503936,Abnormal,Abnormal,Monitor,D003A
2446,109.23640192223628,-0.42436463194852764,0.0,0.38414273955354883,Abnormal,Abnormal,Monitor,D003A
2447,109.23648035103001,-0.42437310334566314,0.0,0.4089644051981058,Normal,Normal,Routine,D003A
2448,109.23656828933349,-0.4243678605101595,0.0,0.4166810770829519,Normal,Normal,Routine,D003A
2449,109.23663800647124,-0.4243614957762352,0.0,0.4485276930318568,Normal,Normal,Routine,D003A
2450,109.23673148590112,-0.42437746907920243,0.0,0.3592148035576921,Abnormal,Abnormal,Monitor,D003A
2451,109.23680358041163,-0.4243687121123598,0.0,0.3295207523371602,Abnormal,Abnormal,Monitor,D003A
2452,109.23689278503481,-0.4243685725259469,0.0,0.4112060258291264,Normal,Normal,Routine,D003A
2453,109.23696994953205,-0.42436316715063477,0.0,0.3786513205318033,Abnormal,Abnormal,Monitor,D003A
2454,109.23707008749373,-0.42435696854958543,0.0,0.3691560923874307,Abnormal,Abnormal,Monitor,D003A
2455,109.23714740937142,-0.42435475357742997,0.0,0.32576379989450044,Abnormal,Abnormal,Monitor,D003A
2456,109.23726156877284,-0.42435905982501393,0.0,0.4082839600797815,Normal,Normal,Routine,D003A
2457,109.23736717459234,-0.4243525712889564,0.0,0.3605945287146366,Abnormal,Abnormal,Monitor,D003A
2458,109.23745558801446,-0.4243478060192094,0.0,0.35727766339664346,Abnormal,Abnormal,Monitor,D003A
2459,109.23754495166712,-0.42434367940180484,0.0,0.40434964696327536,Normal,Normal,Routine,D003A
2460,109.23762274842483,-0.4243429005611756,0.0,0.4079009214410553,Normal,Normal,Routine,D003A
2461,109.23770672457478,-0.424341324640247,0.0,0.42185663834756154,Normal,Normal,Routine,D003A
2462,109.2377878484961,-0.4243446927772191,0.0,0.3759034147223195,Abnormal,Abnormal,Monitor,D003A
2463,109.23787467706225,-0.42434136316632787,0.0,0.3910275660780139,Abnormal,Abnormal,Monitor,D003A
2464,109.23794792111053,-0.42433786766431264,0.0,0.39906424813064306,Abnormal,Abnormal,Monitor,D003A
2465,109.2380266295664,-0.4243294341265436,0.0,0.41997740641594505,Normal,Normal,Routine,D003A
2466,109.2381058529119,-0.4243241883638995,0.0,0.44295864435207666,Normal,Normal,Routine,D003A
2467,109.23818523290875,-0.4243293104393641,0.0,0.408651698617732,Normal,Normal,Routine,D003A
2468,109.23826287394346,-0.4243181628474874,0.0,0.3992091554201104,Abnormal,Abnormal,Monitor,D003A
2469,109.2359788844707,-0.42431668201153966,0.0,0.43580023686998276,Normal,Normal,Routine,D003A
2470,109.23604939295697,-0.4243143063289857,0.0,0.42768340834753693,Normal,Normal,Routine,D003A
2471,109.2361975416743,-0.4243039716457428,0.0,0.4147304737481908,Normal,Normal,Routine,D003A
2472,109.23628468469008,-0.4243119675718593,0.0,0.4149199840289392,Normal,Normal,Routine,D003A
2473,109.2363781698823,-0.424302417926924,0.0,0.4073735209128175,Normal,Normal,Routine,D003A
2474,109.23645105538841,-0.42429924519311313,0.0,0.3856171583818259,Abnormal,Abnormal,Monitor,D003A
2475,109.23652600228938,-0.4242927215974193,0.0,0.38570988559944586,Abnormal,Abnormal,Monitor,D003A
2476,109.23659959891975,-0.42429489253091873,0.0,0.3471492025855783,Abnormal,Abnormal,Monitor,D003A
2477,109.2366839719008,-0.4242900467635804,0.0,0.42717882707688154,Normal,Normal,Routine,D003A
2478,109.23677111609588,-0.4242929379143459,0.0,0.34353293968929544,Abnormal,Abnormal,Monitor,D003A
2479,109.23683988113588,-0.4242942296620247,0.0,0.411509297213301,Normal,Normal,Routine,D003A
2480,109.23692068868716,-0.424294248205733,0.0,0.36477707435532347,Abnormal,Abnormal,Monitor,D003A
2481,109.2370924714406,-0.42428189509899805,0.0,0.3928159989338407,Abnormal,Abnormal,Monitor,D003A
2482,109.23724447602862,-0.42427371893132776,0.0,0.40132325201654206,Normal,Normal,Routine,D003A
2483,109.23733075087078,-0.4242680235485894,0.0,0.43427731804940656,Normal,Normal,Routine,D003A
2484,109.23741599251761,-0.42427506137520843,0.0,0.36706432180026516,Abnormal,Abnormal,Monitor,D003A
2485,109.23750044438013,-0.4242750807479811,0.0,0.3602309840324586,Abnormal,Abnormal,Monitor,D003A
2486,109.237597730714,-0.42427127516161683,0.0,0.38480775342143786,Abnormal,Abnormal,Monitor,D003A
2487,109.2376657039427,-0.42427065231675304,0.0,0.39738741607458383,Abnormal,Abnormal,Monitor,D003A
2488,109.23775110550585,-0.424269715154847,0.0,0.3907666512880148,Abnormal,Abnormal,Monitor,D003A
2489,109.23782810947937,-0.42426328063387175,0.0,0.38621881724906115,Abnormal,Abnormal,Monitor,D003A
2490,109.23791107288152,-0.424259521493949,0.0,0.3750459699570632,Abnormal,Abnormal,Monitor,D003A
2491,109.23798608054014,-0.42427056663636364,0.0,0.41280576628824595,Normal,Normal,Routine,D003A
2492,109.23806546341864,-0.42426292812976396,0.0,0.4306834663147689,Normal,Normal,Routine,D003A
2493,109.23815308423588,-0.4242597587542082,0.0,0.42154227456243204,Normal,Normal,Routine,D003A
2494,109.23822042388247,-0.42425658382291115,0.0,0.42495632478511575,Normal,Normal,Routine,D003A
2495,109.2382933088106,-0.4242562813159498,0.0,0.3958227193029989,Abnormal,Abnormal,Monitor,D003A
2496,109.23595101460681,-0.4242458545121161,0.0,0.41947535221087534,Normal,Normal,Routine,D003A
2497,109.23600939924657,-0.424254879257848,0.0,0.4344306315581959,Normal,Normal,Routine,D003A
2498,109.23608189085874,-0.4242417365359107,0.0,0.4072522791989902,Normal,Normal,Routine,D003A
2499,109.23614891276287,-0.42424111438982737,0.0,0.4290635644942745,Normal,Normal,Routine,D003A
2500,109.23623914793515,-0.42424376751798126,0.0,0.4359273674356487,Normal,Normal,Routine,D003A
2501,109.23633381910234,-0.4242409976754884,0.0,0.40702530239475543,Normal,Normal,Routine,D003A
2502,109.23639719622125,-0.424246594462316,0.0,0.3851951263179018,Abnormal,Abnormal,Monitor,D003A
2503,109.23647990767209,-0.4242325769085489,0.0,0.4011965448824832,Normal,Normal,Routine,D003A
2504,109.23656499204984,-0.42423578680365487,0.0,0.4210261204312093,Normal,Normal,Routine,D003A
2505,109.23665166285946,-0.42423070192197876,0.0,0.4144790933654831,Normal,Normal,Routine,D003A
2506,109.23672613111948,-0.42423550456389814,0.0,0.40481101001981284,Normal,Normal,Routine,D003A
2507,109.23680678108582,-0.4242292752636565,0.0,0.3595121175694723,Abnormal,Abnormal,Monitor,D003A
2508,109.2368772930634,-0.42421161238337934,0.0,0.4011039793795834,Normal,Normal,Routine,D003A
2509,109.23695809772653,-0.4242243924004147,0.0,0.41206539707871775,Normal,Normal,Routine,D003A
2510,109.23710391138587,-0.42422032756658967,0.0,0.4110849759746706,Normal,Normal,Routine,D003A
2511,109.2371855490346,-0.42420806861556054,0.0,0.3645947632096967,Abnormal,Abnormal,Monitor,D003A
2512,109.23729559121,-0.4242024564521104,0.0,0.4232278437640964,Normal,Normal,Routine,D003A
2513,109.2373735431678,-0.4242104502575692,0.0,0.3904849122259956,Abnormal,Abnormal,Monitor,D003A
2514,109.2374686127774,-0.42420568741187126,0.0,0.38463983794536244,Abnormal,Abnormal,Monitor,D003A
2515,109.23754514117174,-0.42420490737105315,0.0,0.3870079791610228,Abnormal,Abnormal,Monitor,D003A
2516,109.2377880423236,-0.42419076646731907,0.0,0.4283868076114998,Normal,Normal,Routine,D003A
2517,109.23787994156157,-0.424183768361692,0.0,0.4196533835149026,Normal,Normal,Routine,D003A
2518,109.23795219229186,-0.42418745457805573,0.0,0.3884360949335674,Abnormal,Abnormal,Monitor,D003A
2519,109.23802824461426,-0.42419465035067766,0.0,0.4209332406037998,Normal,Normal,Routine,D003A
2520,109.23811634083113,-0.42419052342733277,0.0,0.42208463532783563,Normal,Normal,Routine,D003A
2521,109.23819081348059,-0.4241761847327697,0.0,0.3981263826795081,Abnormal,Abnormal,Monitor,D003A
2522,109.23827003401315,-0.42418736829018594,0.0,0.38480437374136484,Abnormal,Abnormal,Monitor,D003A
2523,109.23597772748873,-0.42418189774906256,0.0,0.4405561527948529,Normal,Normal,Routine,D003A
2524,109.23604823651567,-0.4241771283812464,0.0,0.43710452594172144,Normal,Normal,Routine,D003A
2525,109.23619979017111,-0.4241725367695036,0.0,0.4349880353662162,Normal,Normal,Routine,D003A
2526,109.23628089487666,-0.4241811254283578,0.0,0.41175697256739324,Normal,Normal,Routine,D003A
2527,109.23644839942932,-0.4241673398419045,0.0,0.4107839871968071,Normal,Normal,Routine,D003A
2528,109.23659598664155,-0.4241535397321755,0.0,0.3742287662844078,Abnormal,Abnormal,Monitor,D003A
2529,109.2366884408254,-0.4241471015322399,0.0,0.41219299192689046,Normal,Normal,Routine,D003A
2530,109.23676931829247,-0.42415171212078395,0.0,0.36025743862905196,Abnormal,Abnormal,Monitor,D003A
2531,109.23684403339587,-0.4241493970724611,0.0,0.3841483853086561,Abnormal,Abnormal,Monitor,D003A
2532,109.23691882084698,-0.4241449478924719,0.0,0.37315965619368047,Abnormal,Abnormal,Monitor,D003A
2533,109.23701674125591,-0.4241414607667952,0.0,0.3815616460307606,Abnormal,Abnormal,Monitor,D003A
2534,109.2370896246192,-0.4241478582238428,0.0,0.40269625859240504,Normal,Normal,Routine,D003A
2535,109.23715443053901,-0.4241392325033583,0.0,0.36928952616908917,Abnormal,Abnormal,Monitor,D003A
2536,109.23723167180371,-0.4241399691374505,0.0,0.39901332115138083,Abnormal,Abnormal,Monitor,D003A
2537,109.23742695765402,-0.42413243679444124,0.0,0.4257479170617501,Normal,Normal,Routine,D003A
2538,109.23750594144217,-0.42414170589582256,0.0,0.3713969735949695,Abnormal,Abnormal,Monitor,D003A
2539,109.23759102742245,-0.42413406960266725,0.0,0.37923265774578957,Abnormal,Abnormal,Monitor,D003A
2540,109.23766660674549,-0.42413153409354115,0.0,0.37810923241459216,Abnormal,Abnormal,Monitor,D003A
2541,109.23774551573644,-0.42412206065196784,0.0,0.40635712434493254,Normal,Normal,Routine,D003A
2542,109.23784010741106,-0.4241176169045478,0.0,0.4122241771403569,Normal,Normal,Routine,D003A
2543,109.23791441910268,-0.4241158786941324,0.0,0.4080208245974155,Normal,Normal,Routine,D003A
2544,109.23799886868066,-0.42412211963936997,0.0,0.40022402456751816,Normal,Normal,Routine,D003A
2545,109.23807207263684,-0.42411320374214034,0.0,0.39088024139010275,Abnormal,Abnormal,Monitor,D003A
2546,109.23814178668452,-0.4241247043362575,0.0,0.4310722372355205,Normal,Normal,Routine,D003A
2547,109.23822671661759,-0.4241081353178719,0.0,0.3999332955009059,Abnormal,Abnormal,Monitor,D003A
2548,109.23832368048616,-0.4241282556184271,0.0,0.38260862032632076,Abnormal,Abnormal,Monitor,D003A
2549,109.23601062134546,-0.42410613858406954,0.0,0.42302619981207124,Normal,Normal,Routine,D003A
2550,109.2360819221465,-0.42409961414969877,0.0,0.4445445719364879,Normal,Normal,Routine,D003A
2551,109.2361598786243,-0.42409931282097574,0.0,0.37547348063139496,Abnormal,Abnormal,Monitor,D003A
2552,109.23623484111808,-0.42410320584931477,0.0,0.3623422981470591,Abnormal,Abnormal,Monitor,D003A
2553,109.23631800881941,-0.4240894596866148,0.0,0.39199707671198697,Abnormal,Abnormal,Monitor,D003A
2554,109.23640803486472,-0.42409535919276786,0.0,0.3847845453806959,Abnormal,Abnormal,Monitor,D003A
2555,109.23648255328212,-0.42409282164334056,0.0,0.3911983235779737,Abnormal,Abnormal,Monitor,D003A
2556,109.23656558070414,-0.4240837488635661,0.0,0.42395375559685533,Normal,Normal,Routine,D003A
2557,109.23672212385208,-0.4240890477979169,0.0,0.37399709187089825,Abnormal,Abnormal,Monitor,D003A
2558,109.23680919296419,-0.42407441992406647,0.0,0.40127767575876727,Normal,Normal,Routine,D003A
2559,109.23688033201694,-0.4240841665057771,0.0,0.3919189378274736,Abnormal,Abnormal,Monitor,D003A
2560,109.23698189775482,-0.4240760547202435,0.0,0.3991729874941085,Abnormal,Abnormal,Monitor,D003A
2561,109.23707133837138,-0.4240810208484206,0.0,0.38955478190517595,Abnormal,Abnormal,Monitor,D003A
2562,109.23717322145002,-0.4240718447712043,0.0,0.42077128729747176,Normal,Normal,Routine,D003A
2563,109.23726400962695,-0.4240761727707554,0.0,0.3987274460595353,Abnormal,Abnormal,Monitor,D003A
2564,109.2373700899337,-0.42406877912303814,0.0,0.4368530945344405,Normal,Normal,Routine,D003A
2565,109.23746832731048,-0.4240659304951995,0.0,0.41696839714487166,Normal,Normal,Routine,D003A
2566,109.23754834045039,-0.42407153198859104,0.0,0.39357256201734925,Abnormal,Abnormal,Monitor,D003A
2567,109.2376293080347,-0.4240670842137514,0.0,0.39516565422867195,Abnormal,Abnormal,Monitor,D003A
2568,109.23771463161046,-0.4240614410471888,0.0,0.3865731236422641,Abnormal,Abnormal,Monitor,D003A
2569,109.23779211110237,-0.4240614588086146,0.0,0.4059881515841178,Normal,Normal,Routine,D003A
2570,109.23787719932386,-0.42405190810441695,0.0,0.37913052034320704,Abnormal,Abnormal,Monitor,D003A
2571,109.23795689798577,-0.42405001196886527,0.0,0.39197604679646453,Abnormal,Abnormal,Monitor,D003A
2572,109.2380304170486,-0.42404588169861746,0.0,0.39318864563285216,Abnormal,Abnormal,Monitor,D003A
2573,109.23811138166292,-0.42405068581218647,0.0,0.42216261197777033,Normal,Normal,Routine,D003A
2574,109.23818236631475,-0.42404432133745346,0.0,0.4186294813318035,Normal,Normal,Routine,D003A
2575,109.23827386885122,-0.42404386393212484,0.0,0.4135191375070864,Normal,Normal,Routine,D003A
2576,109.2360428210476,-0.4240334122767819,0.0,0.43453820650817965,Normal,Normal,Routine,D003A
2577,109.23612867986209,-0.4240319932361751,0.0,0.4144109030600457,Normal,Normal,Routine,D003A
2578,109.23619712861246,-0.42403360412456637,0.0,0.3693396613552723,Abnormal,Abnormal,Monitor,D003A
2579,109.23626557748243,-0.4240267616216375,0.0,0.4229092146945193,Normal,Normal,Routine,D003A
2580,109.23636262558206,-0.42402747477012703,0.0,0.40430477322474057,Normal,Normal,Routine,D003A
2581,109.23643265960338,-0.4240179993084019,0.0,0.3884542576717929,Abnormal,Abnormal,Monitor,D003A
2582,109.2365310528412,-0.4240248023159996,0.0,0.4337600420471421,Normal,Normal,Routine,D003A
2583,109.23660346132425,-0.4240297627304372,0.0,0.4556114324355962,Normal,Normal,Routine,D003A
2584,109.23668403210206,-0.4240241193909041,0.0,0.40495043611419257,Normal,Normal,Routine,D003A
2585,109.23684406227648,-0.4240217895413814,0.0,0.3836582394306168,Abnormal,Abnormal,Monitor,D003A
2586,109.23694546987944,-0.4240138377778473,0.0,0.3897768048131455,Abnormal,Abnormal,Monitor,D003A
2587,109.23708648728285,-0.4240074893751976,0.0,0.41293681728668147,Normal,Normal,Routine,D003A
2588,109.23719494422896,-0.4240008676394205,0.0,0.361122226738343,Abnormal,Abnormal,Monitor,D003A
2589,109.2372665608599,-0.424004074429388,0.0,0.398603804555242,Abnormal,Abnormal,Monitor,D003A
2590,109.23759050407686,-0.4239975292175136,0.0,0.41047208002195334,Normal,Normal,Routine,D003A
2591,109.23767820508509,-0.4239931634649702,0.0,0.3692282017018344,Abnormal,Abnormal,Monitor,D003A
2592,109.23774792168201,-0.42398935063786725,0.0,0.4355372919631805,Normal,Normal,Routine,D003A
2593,109.2378276182128,-0.4239928784930266,0.0,0.4117524990082791,Normal,Normal,Routine,D003A
2594,109.23796403968969,-0.42399243047962915,0.0,0.3678075712209997,Abnormal,Abnormal,Monitor,D003A
2595,109.23811931892024,-0.4239825775403621,0.0,0.3956652174181464,Abnormal,Abnormal,Monitor,D003A
2596,109.23819854262244,-0.42397972454044974,0.0,0.40950535942785515,Normal,Normal,Routine,D003A
2597,109.23831032465706,-0.423986688850195,0.0,0.42057134910505645,Normal,Normal,Routine,D003A
2598,109.23600114745159,-0.423962577995404,0.0,0.44446069932242005,Normal,Normal,Routine,D003A
2599,109.23608353763888,-0.4239669031698459,0.0,0.43894077063537856,Normal,Normal,Routine,D003A
2600,109.23616418666082,-0.42396867691588835,0.0,0.31549601474826,Abnormal,Abnormal,Monitor,D003A
2601,109.23625307549473,-0.4239626357873343,0.0,0.41468696737647953,Normal,Normal,Routine,D003A
2602,109.23640676524285,-0.4239699823007409,0.0,0.4169120910220007,Normal,Normal,Routine,D003A
2603,109.23649034837263,-0.42395436974998163,0.0,0.445361515461808,Normal,Normal,Routine,D003A
2604,109.2365138708205,-0.42398069297391383,0.0,0.42673803921464115,Normal,Normal,Routine,D003A
2605,109.23657091548124,-0.42396491517850393,0.0,0.3948973386800425,Abnormal,Abnormal,Monitor,D003A
2606,109.2366462573868,-0.4239594297941811,0.0,0.39825114303705644,Abnormal,Abnormal,Monitor,D003A
2607,109.23673744208297,-0.423961950189157,0.0,0.43469444550719216,Normal,Normal,Routine,D003A
2608,109.23680668670333,-0.42394776946739804,0.0,0.3953805367628495,Abnormal,Abnormal,Monitor,D003A
2609,109.23688796781101,-0.42395496553170353,0.0,0.3842878083949192,Abnormal,Abnormal,Monitor,D003A
2610,109.23696180143416,-0.423957854517062,0.0,0.394568427072631,Abnormal,Abnormal,Monitor,D003A
2611,109.23705179869215,-0.42396010786795035,0.0,0.4136688039645365,Normal,Normal,Routine,D003A
2612,109.23712650835621,-0.4239461409042602,0.0,0.38734324442264056,Abnormal,Abnormal,Monitor,D003A
2613,109.2372138118554,-0.4239437681414787,0.0,0.3752580391547571,Abnormal,Abnormal,Monitor,D003A
2614,109.23730391283472,-0.4239481891196951,0.0,0.4037963259424359,Normal,Normal,Routine,D003A
2615,109.23738333345463,-0.42394034172449224,0.0,0.40583456750923336,Normal,Normal,Routine,D003A
2616,109.23747825868003,-0.4239384852518635,0.0,0.4364758811002026,Normal,Normal,Routine,D003A
2617,109.23754829392765,-0.4239277347080981,0.0,0.40459473459259504,Normal,Normal,Routine,D003A
2618,109.23764652655049,-0.42394594088791776,0.0,0.3685948575119011,Abnormal,Abnormal,Monitor,D003A
2619,109.23771592760684,-0.4239352697749895,0.0,0.4057846372732176,Normal,Normal,Routine,D003A
2620,109.23779229967668,-0.42393066178204275,0.0,0.374985959727065,Abnormal,Abnormal,Monitor,D003A
2621,109.23788467182412,-0.42393371325988366,0.0,0.4201598677243076,Normal,Normal,Routine,D003A
2622,109.2379483657246,-0.42394090619056624,0.0,0.3809319223752982,Abnormal,Abnormal,Monitor,D003A
2623,109.23803392801878,-0.4239363003007796,0.0,0.3871916695660045,Abnormal,Abnormal,Monitor,D003A
2624,109.23811394392338,-0.42392977873506965,0.0,0.4079979644885331,Normal,Normal,Routine,D003A
2625,109.23818556062572,-0.42393282635847873,0.0,0.4139810655122766,Normal,Normal,Routine,D003A
2626,109.23826953699161,-0.4239343603013645,0.0,0.41350278578432625,Normal,Normal,Routine,D003A
2627,109.23606097495616,-0.4239030698358562,0.0,0.4233843740596181,Normal,Normal,Routine,D003A
2628,109.23612252788271,-0.42391172363016416,0.0,0.4439584785664046,Normal,Normal,Routine,D003A
2629,109.23619287813057,-0.42390998452111484,0.0,0.38090735225392447,Abnormal,Abnormal,Monitor,D003A
2630,109.23628794587941,-0.4239052207728889,0.0,0.4134689710213907,Normal,Normal,Routine,D003A
2631,109.23636122883849,-0.42389619910671056,0.0,0.40484899107884914,Normal,Normal,Routine,D003A
2632,109.23644100491146,-0.4239012416895005,0.0,0.4138621281925393,Normal,Normal,Routine,D003A
2633,109.23652458522663,-0.42389806958300663,0.0,0.3926917252631599,Abnormal,Abnormal,Monitor,D003A
2634,109.23661680142554,-0.42389928802135696,0.0,0.4355235176155896,Normal,Normal,Routine,D003A
2635,109.23668691283602,-0.42389717718494463,0.0,0.3569301940965281,Abnormal,Abnormal,Monitor,D003A
2636,109.23676090854411,-0.4238903359425466,0.0,0.3624096690033764,Abnormal,Abnormal,Monitor,D003A
2637,109.23684647049494,-0.423887005129102,0.0,0.35898838411332895,Abnormal,Abnormal,Monitor,D003A
2638,109.23692331811476,-0.423876654950742,0.0,0.3621050955796435,Abnormal,Abnormal,Monitor,D003A
2639,109.23699461367558,-0.4238974077926702,0.0,0.3810285617910824,Abnormal,Abnormal,Monitor,D003A
2640,109.2370963423129,-0.4238720419917943,0.0,0.36634819401834245,Abnormal,Abnormal,Monitor,D003A
2641,109.23718348491798,-0.42388203187232754,0.0,0.3796191859560517,Abnormal,Abnormal,Monitor,D003A
2642,109.23734605307139,-0.42386635692270264,0.0,0.4230197508657359,Normal,Normal,Routine,D003A
2643,109.23742915436681,-0.4238763458753035,0.0,0.41309294909391003,Normal,Normal,Routine,D003A
2644,109.23759916817801,-0.42386920650374493,0.0,0.38688027393212726,Abnormal,Abnormal,Monitor,D003A
2645,109.23768013450298,-0.4238663539044591,0.0,0.3734927955829389,Abnormal,Abnormal,Monitor,D003A
2646,109.23775301709804,-0.4238762600310287,0.0,0.402251324084428,Normal,Normal,Routine,D003A
2647,109.23784079804373,-0.42386798590344954,0.0,0.36880383451803533,Abnormal,Abnormal,Monitor,D003A
2648,109.23791431677218,-0.42386927871563834,0.0,0.35592935426841277,Abnormal,Abnormal,Monitor,D003A
2649,109.23799084680417,-0.4238613203212772,0.0,0.39039473929621565,Abnormal,Abnormal,Monitor,D003A
2650,109.23807434824512,-0.42386165866911013,0.0,0.40667473580263386,Normal,Normal,Routine,D003A
2651,109.23816165294132,-0.42385418201953456,0.0,0.4205672317500163,Normal,Normal,Routine,D003A
2652,109.23823548808716,-0.42385850611563514,0.0,0.41469995731998505,Normal,Normal,Routine,D003A
2653,109.23831875472695,-0.42384057934725416,0.0,0.3771900043146644,Abnormal,Abnormal,Monitor,D003A
2654,109.23600117164051,-0.42385570700807923,0.0,0.4178214135545603,Normal,Normal,Routine,D003A
2655,109.23607881204184,-0.42384296424744483,0.0,0.45847567902491976,Normal,Normal,Routine,D003A
2656,109.23616500771048,-0.4238375609318391,0.0,0.360231525397966,Abnormal,Abnormal,Monitor,D003A
2657,109.23624518054315,-0.42383981293663947,0.0,0.4330641764757435,Normal,Normal,Routine,D003A
2658,109.23630990770721,-0.42382975207516393,0.0,0.3911700033866387,Abnormal,Abnormal,Monitor,D003A
2659,109.23641091539173,-0.4238344007276757,0.0,0.3580121093316186,Abnormal,Abnormal,Monitor,D003A
2660,109.23648601890089,-0.4238344179479634,0.0,0.3944413642172127,Abnormal,Abnormal,Monitor,D003A
2661,109.23672765104145,-0.423818522404985,0.0,0.35960772127306617,Abnormal,Abnormal,Monitor,D003A
2662,109.23679974337306,-0.4238193636525662,0.0,0.3546445272050487,Abnormal,Abnormal,Monitor,D003A
2663,109.23688752297507,-0.4238168309360028,0.0,0.35865245708967164,Abnormal,Abnormal,Monitor,D003A
2664,109.2369673007179,-0.42381458937722805,0.0,0.3905156074968496,Abnormal,Abnormal,Monitor,D003A
2665,109.23718770037648,-0.4238031552835074,0.0,0.38754651363409415,Abnormal,Abnormal,Monitor,D003A
2666,109.23730899010211,-0.4238041407326608,0.0,0.3618775456384659,Abnormal,Abnormal,Monitor,D003A
2667,109.23739510587735,-0.4238027244380522,0.0,0.35123790773706365,Abnormal,Abnormal,Monitor,D003A
2668,109.23747290440843,-0.42379404922909025,0.0,0.3444671040759085,Abnormal,Abnormal,Monitor,D003A
2669,109.23754357197602,-0.4237915134863044,0.0,0.36645601660720434,Abnormal,Abnormal,Monitor,D003A
2670,109.23763990606263,-0.423792013028373,0.0,0.3705829172279069,Abnormal,Abnormal,Monitor,D003A
2671,109.23771548570505,-0.4237920303440136,0.0,0.39650503743713583,Abnormal,Abnormal,Monitor,D003A
2672,109.2377931232209,-0.42378838028892457,0.0,0.3945341506698019,Abnormal,Abnormal,Monitor,D003A
2673,109.23787393073646,-0.42378871801846296,0.0,0.3618376507442825,Abnormal,Abnormal,Monitor,D003A
2674,109.23795410537406,-0.42378331239143713,0.0,0.3617948273004745,Abnormal,Abnormal,Monitor,D003A
2675,109.23802873516576,-0.42377710880452274,0.0,0.3668414439601532,Abnormal,Abnormal,Monitor,D003A
2676,109.23811619712542,-0.4237733000297435,0.0,0.3997284503609417,Abnormal,Abnormal,Monitor,D003A
2677,109.23820365813064,-0.4237777077263982,0.0,0.39878352383534016,Abnormal,Abnormal,Monitor,D003A
2678,109.2382846254181,-0.4237707070901216,0.0,0.3947828505999045,Abnormal,Abnormal,Monitor,D003A
2679,109.23596157584689,-0.4237843984514268,0.0,0.4164426164681456,Normal,Normal,Routine,D003A
2680,109.23604238490647,-0.42377755787225746,0.0,0.41892014281088563,Normal,Normal,Routine,D003A
2681,109.23612810578855,-0.42376641124014836,0.0,0.4126295127194113,Normal,Normal,Routine,D003A
2682,109.23627490530855,-0.4237679342798717,0.0,0.39050252568055116,Abnormal,Abnormal,Monitor,D003A
2683,109.23635927702313,-0.4237685911547594,0.0,0.41781305884956416,Normal,Normal,Routine,D003A
2684,109.2364480876994,-0.4237586425176464,0.0,0.4022646012550855,Normal,Normal,Routine,D003A
2685,109.2365234280242,-0.4237640837773777,0.0,0.4085587476813069,Normal,Normal,Routine,D003A
2686,109.23660590007724,-0.42375604718220516,0.0,0.4004616628969189,Normal,Normal,Routine,D003A
2687,109.23684222120983,-0.4237540268856762,0.0,0.3294647605812582,Abnormal,Abnormal,Monitor,D003A
2688,109.23709652969882,-0.42374252098111503,0.0,0.3749899057639024,Abnormal,Abnormal,Monitor,D003A
2689,109.23718478302374,-0.42374254120415783,0.0,0.3919480848081338,Abnormal,Abnormal,Monitor,D003A
2690,109.23726004343284,-0.42374798243986334,0.0,0.38974088896681236,Abnormal,Abnormal,Monitor,D003A
2691,109.23734362601525,-0.4237389088552747,0.0,0.3820595497865482,Abnormal,Abnormal,Monitor,D003A
2692,109.23743156285711,-0.4237362974898734,0.0,0.3692831720041821,Abnormal,Abnormal,Monitor,D003A
2693,109.23751157948757,-0.4237304134555826,0.0,0.3883373350227008,Abnormal,Abnormal,Monitor,D003A
2694,109.23759222933019,-0.42372484968721974,0.0,0.3892428728016289,Abnormal,Abnormal,Monitor,D003A
2695,109.23766305521376,-0.4237213563229912,0.0,0.3671971966050057,Abnormal,Abnormal,Monitor,D003A
2696,109.23775178609115,-0.4237149968104553,0.0,0.3817448374779465,Abnormal,Abnormal,Monitor,D003A
2697,109.23783037541483,-0.42371294125090436,0.0,0.3759280565195625,Abnormal,Abnormal,Monitor,D003A
2698,109.23790626949224,-0.4237167874405407,0.0,0.3634214426818067,Abnormal,Abnormal,Monitor,D003A
2699,109.23799737688006,-0.42371585065274664,0.0,0.4006568724476751,Normal,Normal,Routine,D003A
2700,109.23807739281338,-0.423713156981138,0.0,0.39335916061861576,Abnormal,Abnormal,Monitor,D003A
2701,109.23815668670213,-0.4237137204329183,0.0,0.42079680847699474,Normal,Normal,Routine,D003A
2702,109.23823195455375,-0.4237142287039911,0.0,0.4237284882895552,Normal,Normal,Routine,D003A
2703,109.23831149451834,-0.42371504541472044,0.0,0.3913774706177167,Abnormal,Abnormal,Monitor,D003A
2704,109.23600912885686,-0.4236993907550863,0.0,0.4408497234101982,Normal,Normal,Routine,D003A
2705,109.23609151874979,-0.4237089798440175,0.0,0.3899839472214524,Abnormal,Abnormal,Monitor,D003A
2706,109.23616321728768,-0.42369934650328545,0.0,0.39533233957511105,Abnormal,Abnormal,Monitor,D003A
2707,109.23639890790105,-0.42368485849226895,0.0,0.3985598901746364,Abnormal,Abnormal,Monitor,D003A
2708,109.2364880334128,-0.42368487892047346,0.0,0.39831713752713627,Abnormal,Abnormal,Monitor,D003A
2709,109.2367296610391,-0.4236889222594429,0.0,0.40983401788474205,Normal,Normal,Routine,D003A
2710,109.23679549662022,-0.4236831145612952,0.0,0.37597507561470295,Abnormal,Abnormal,Monitor,D003A
2711,109.23687733450109,-0.42367906667908667,0.0,0.408563653195595,Normal,Normal,Routine,D003A
2712,109.23706398625033,-0.4236669864045308,0.0,0.41384513800716227,Normal,Normal,Routine,D003A
2713,109.23717109415088,-0.42367155685935676,0.0,0.38495070729064196,Abnormal,Abnormal,Monitor,D003A
2714,109.23727067929984,-0.42366304579605213,0.0,0.39153509822566634,Abnormal,Abnormal,Monitor,D003A
2715,109.23737152977215,-0.4236600385898694,0.0,0.43242963279771646,Normal,Normal,Routine,D003A
2716,109.23747150964815,-0.42365383990794325,0.0,0.38553455677772563,Abnormal,Abnormal,Monitor,D003A
2717,109.23755912977772,-0.4236575296269791,0.0,0.35511309481239894,Abnormal,Abnormal,Monitor,D003A
2718,109.23763597576446,-0.4236545169183943,0.0,0.3730806376582615,Abnormal,Abnormal,Monitor,D003A
2719,109.23779489805683,-0.4236499269160425,0.0,0.3713126606194689,Abnormal,Abnormal,Monitor,D003A
2720,109.2378734977477,-0.42364969985059603,0.0,0.3840189188548599,Abnormal,Abnormal,Monitor,D003A
2721,109.23796221718678,-0.42364629648633717,0.0,0.3694299450852817,Abnormal,Abnormal,Monitor,D003A
2722,109.23804143817549,-0.4236554064616165,0.0,0.41887935048003355,Normal,Normal,Routine,D003A
2723,109.23811567134736,-0.42364736885653625,0.0,0.3803635394927937,Abnormal,Abnormal,Monitor,D003A
2724,109.23820511639165,-0.4236369410499024,0.0,0.42198001778275845,Normal,Normal,Routine,D003A
2725,109.23605747222553,-0.42362283752941904,0.0,0.41440172808674663,Normal,Normal,Routine,D003A
2726,109.23611847377047,-0.42362285151218254,0.0,0.433452373850292,Normal,Normal,Routine,D003A
2727,109.23619761722698,-0.4236209290262502,0.0,0.4308005771749472,Normal,Normal,Routine,D003A
2728,109.23636382666795,-0.42361809596965205,0.0,0.33213582785902834,Abnormal,Abnormal,Monitor,D003A
2729,109.2365237005916,-0.42360744559623115,0.0,0.41279362336293357,Normal,Normal,Routine,D003A
2730,109.23660165483564,-0.4236091382222364,0.0,0.3930281297614922,Abnormal,Abnormal,Monitor,D003A
2731,109.23675867702214,-0.42359737037826206,0.0,0.40301608149885204,Normal,Normal,Routine,D003A
2732,109.23685414091433,-0.4235926871789414,0.0,0.411188357941343,Normal,Normal,Routine,D003A
2733,109.23742161458154,-0.4235889087839701,0.0,0.3713576194044348,Abnormal,Abnormal,Monitor,D003A
2734,109.23750273708366,-0.42359052254809537,0.0,0.3865968042218291,Abnormal,Abnormal,Monitor,D003A
2735,109.23758624091454,-0.42358017387144103,0.0,0.3911377837916084,Abnormal,Abnormal,Monitor,D003A
2736,109.23765849192012,-0.42357859523136404,0.0,0.40338955783829683,Normal,Normal,Routine,D003A
2737,109.23775815485891,-0.4235797348633784,0.0,0.40655812686351106,Normal,Normal,Routine,D003A
2738,109.23782835466605,-0.4235841313673808,0.0,0.3973418048092154,Abnormal,Abnormal,Monitor,D003A
2739,109.23790217968262,-0.4235855101470555,0.0,0.38772176275409237,Abnormal,Abnormal,Monitor,D003A
2740,109.23799668759173,-0.4235741158989464,0.0,0.41188440892268485,Normal,Normal,Routine,D003A
2741,109.23806989742408,-0.42357494110411126,0.0,0.40439535508091484,Normal,Normal,Routine,D003A
2742,109.23815038822262,-0.4235696955987338,0.0,0.42123505431943786,Normal,Normal,Routine,D003A
2743,109.2382192341934,-0.42356285314489256,0.0,0.41362126341632177,Normal,Normal,Routine,D003A
2744,109.23830004295033,-0.42355776686666813,0.0,0.37975144477468376,Abnormal,Abnormal,Monitor,D003A
2745,109.23608331863548,-0.42353335851497687,0.0,0.45905778158355404,Normal,Normal,Routine,D003A
2746,109.23616451922678,-0.4235429210988812,0.0,0.4243875426588708,Normal,Normal,Routine,D003A
2747,109.23623407963217,-0.4235304161101078,0.0,0.36964169270858355,Abnormal,Abnormal,Monitor,D003A
2748,109.23633358355367,-0.42353131608131955,0.0,0.39744608886640587,Abnormal,Abnormal,Monitor,D003A
2749,109.23641042880007,-0.4235353216498424,0.0,0.36260930279316883,Abnormal,Abnormal,Monitor,D003A
2750,109.2364441810928,-0.42352440273265624,0.0,0.30161127149343203,Abnormal,Abnormal,Monitor,D003A
2751,109.23657078066897,-0.42351246966359846,0.0,0.4314200261314961,Normal,Normal,Routine,D003A
2752,109.23664573389493,-0.42352165281550486,0.0,0.4340365517701135,Normal,Normal,Routine,D003A
2753,109.23672922456635,-0.4235176894065499,0.0,0.3981151389377611,Abnormal,Abnormal,Monitor,D003A
2754,109.23681090258019,-0.42352145643902883,0.0,0.3571775253113953,Abnormal,Abnormal,Monitor,D003A
2755,109.23695714735838,-0.4235175019762008,0.0,0.40922638008263534,Normal,Normal,Routine,D003A
2756,109.23712716147476,-0.42351275626562773,0.0,0.38654795291725313,Abnormal,Abnormal,Monitor,D003A
2757,109.23721977407715,-0.423504961611881,0.0,0.37014860530485816,Abnormal,Abnormal,Monitor,D003A
2758,109.23730153373766,-0.42349732362776976,0.0,0.35957817648739043,Abnormal,Abnormal,Monitor,D003A
2759,109.2374818453046,-0.42349417454554156,0.0,0.36899947556796964,Abnormal,Abnormal,Monitor,D003A
2760,109.23755790066636,-0.42348781121841816,0.0,0.364404605481674,Abnormal,Abnormal,Monitor,D003A
2761,109.23763046551919,-0.4234966004472248,0.0,0.36254805678630375,Abnormal,Abnormal,Monitor,D003A
2762,109.23770731316196,-0.4234902382039007,0.0,0.3770464368240703,Abnormal,Abnormal,Monitor,D003A
2763,109.23780761075271,-0.42348531645184684,0.0,0.38220770810996446,Abnormal,Abnormal,Monitor,D003A
2764,109.23787051367279,-0.42348277891630837,0.0,0.3768904999752428,Abnormal,Abnormal,Monitor,D003A
2765,109.23795274602463,-0.42348630732907083,0.0,0.3934573077263329,Abnormal,Abnormal,Monitor,D003A
2766,109.23804084415352,-0.42347763355169,0.0,0.3854495128585954,Abnormal,Abnormal,Monitor,D003A
2767,109.23811072065273,-0.4234698336776522,0.0,0.4349903899944784,Normal,Normal,Routine,D003A
2768,109.23819438168555,-0.42346355256449014,0.0,0.4175832611560392,Normal,Normal,Routine,D003A
2769,109.23827217639054,-0.423471944189786,0.0,0.40614255901538965,Normal,Normal,Routine,D003A
2770,109.23596006500779,-0.42345852120731836,0.0,0.43727310371915046,Normal,Normal,Routine,D003A
2771,109.23604404269167,-0.42345375580254163,0.0,0.4473936015469626,Normal,Normal,Routine,D003A
2772,109.23612960075462,-0.42346347853826577,0.0,0.44575144186253374,Normal,Normal,Routine,D003A
2773,109.23621278509324,-0.4234595096374071,0.0,0.40932605391030114,Normal,Normal,Routine,D003A
2774,109.23628355428812,-0.4234562043596262,0.0,0.3290363591904037,Abnormal,Abnormal,Monitor,D003A
2775,109.23636334378692,-0.42344950912017104,0.0,0.3236230673989912,Abnormal,Abnormal,Monitor,D003A
2776,109.23644189250071,-0.42344801150857764,0.0,0.39876233840074676,Abnormal,Abnormal,Monitor,D003A
2777,109.23652373627266,-0.4234496118767267,0.0,0.3252771899367895,Abnormal,Abnormal,Monitor,D003A
2778,109.23684712532119,-0.4234381217640345,0.0,0.4373411626258556,Normal,Normal,Routine,D003A
2779,109.23707711048885,-0.42343027808617856,0.0,0.409006699503667,Normal,Normal,Routine,D003A
2780,109.23714904445286,-0.42343236811733714,0.0,0.32680310515422056,Abnormal,Abnormal,Monitor,D003A
2781,109.2373185032759,-0.4234244309926339,0.0,0.4448801617698223,Normal,Normal,Routine,D003A
2782,109.23751862078576,-0.42342144740238613,0.0,0.4138830497037046,Normal,Normal,Routine,D003A
2783,109.2375997457358,-0.4234201891017926,0.0,0.37637678953222664,Abnormal,Abnormal,Monitor,D003A
2784,109.23767025384423,-0.4234157398078809,0.0,0.37424122743509913,Abnormal,Abnormal,Monitor,D003A
2785,109.23775549866863,-0.42341272901036764,0.0,0.4138283204839268,Normal,Normal,Routine,D003A
2786,109.23783900139358,-0.4234033361665673,0.0,0.3890115286474331,Abnormal,Abnormal,Monitor,D003A
2787,109.23799134804509,-0.42340010108345666,0.0,0.39748959911095333,Abnormal,Abnormal,Monitor,D003A
2788,109.23807809455305,-0.4234100908458048,0.0,0.4180698002069105,Normal,Normal,Routine,D003A
2789,109.23815533826291,-0.4234001386111894,0.0,0.4149975683332959,Normal,Normal,Routine,D003A
2790,109.23823852403908,-0.42339417660353657,0.0,0.4276332904850439,Normal,Normal,Routine,D003A
2791,109.23832646167314,-0.4233922027422121,0.0,0.39632654139975537,Abnormal,Abnormal,Monitor,D003A
2792,109.23600603045911,-0.4233867529846662,0.0,0.4194464401713217,Normal,Normal,Routine,D003A
2793,109.23607891413785,-0.42339155523414196,0.0,0.46419705598607003,Normal,Normal,Routine,D003A
2794,109.23616590170208,-0.4233878006166296,0.0,0.42384399610761414,Normal,Normal,Routine,D003A
2795,109.23624450129881,-0.42338767212551653,0.0,0.3746708441498897,Abnormal,Abnormal,Monitor,D003A
2796,109.23631975345036,-0.4233817734364242,0.0,0.4231900451528822,Normal,Normal,Routine,D003A
2797,109.23640686414528,-0.4233896924453782,0.0,0.3839312423145972,Abnormal,Abnormal,Monitor,D003A
2798,109.23648017963228,-0.4233798171057318,0.0,0.36735198146418524,Abnormal,Abnormal,Monitor,D003A
2799,109.23656494873305,-0.4233749713889672,0.0,0.4080786728451089,Normal,Normal,Routine,D003A
2800,109.23705465278938,-0.42335485886235935,0.0,0.3586976848716999,Abnormal,Abnormal,Monitor,D003A
2801,109.23713345434247,-0.42335558044877947,0.0,0.3179283478362517,Abnormal,Abnormal,Monitor,D003A
2802,109.23719287164312,-0.42335836573057434,0.0,0.3603742605440618,Abnormal,Abnormal,Monitor,D003A
2803,109.23729808113247,-0.4233486604530392,0.0,0.3941814083326328,Abnormal,Abnormal,Monitor,D003A
2804,109.23738649500348,-0.42334580863505883,0.0,0.359536905990834,Abnormal,Abnormal,Monitor,D003A
2805,109.23747411286128,-0.42335157189969713,0.0,0.3901118560482685,Abnormal,Abnormal,Monitor,D003A
2806,109.23754731711068,-0.423341219951084,0.0,0.360053383577117,Abnormal,Abnormal,Monitor,D003A
2807,109.2376314519153,-0.423341080050402,0.0,0.38400905034115035,Abnormal,Abnormal,Monitor,D003A
2808,109.23772018163307,-0.42333982438970474,0.0,0.40817511101367054,Normal,Normal,Routine,D003A
2809,109.23780384352924,-0.42332963489116454,0.0,0.3823118863789527,Abnormal,Abnormal,Monitor,D003A
2810,109.23788575878697,-0.423333163225147,0.0,0.4029917532975251,Normal,Normal,Routine,D003A
2811,109.23795967458652,-0.42333030898564944,0.0,0.34524106236323915,Abnormal,Abnormal,Monitor,D003A
2812,109.23803683897013,-0.4233255419891322,0.0,0.4068317383805111,Normal,Normal,Routine,D003A
2813,109.23811002784905,-0.4233236841202785,0.0,0.4014199109076737,Normal,Normal,Routine,D003A
2814,109.2382760141757,-0.423311160458655,0.0,0.38115453131018673,Abnormal,Abnormal,Monitor,D003A
2815,109.23596310619479,-0.42332102591468235,0.0,0.4240110621795998,Normal,Normal,Routine,D003A
2816,109.23603924207595,-0.4233118448225083,0.0,0.36805481188940353,Abnormal,Abnormal,Monitor,D003A
2817,109.23611933408432,-0.42332191174203077,0.0,0.40761578958576666,Normal,Normal,Routine,D003A
2818,109.23620093342075,-0.42331993735634077,0.0,0.41182753825294915,Normal,Normal,Routine,D003A
2819,109.23627623904763,-0.4233158897782062,0.0,0.3388670947185947,Abnormal,Abnormal,Monitor,D003A
2820,109.23636151963059,-0.4233133537592217,0.0,0.36525698587454775,Abnormal,Abnormal,Monitor,D003A
2821,109.23652279948311,-0.42331001946467256,0.0,0.3254468843068155,Abnormal,Abnormal,Monitor,D003A
2822,109.23660749606971,-0.4233040903766174,0.0,0.3850878919610464,Abnormal,Abnormal,Monitor,D003A
2823,109.2367647651082,-0.42330100474405263,0.0,0.30893334817020546,Abnormal,Abnormal,Monitor,D003A
2824,109.23692693793338,-0.4232854897263016,0.0,0.37345577948868075,Abnormal,Abnormal,Monitor,D003A
2825,109.23715112956641,-0.4232842352378712,0.0,0.3217817868659721,Abnormal,Abnormal,Monitor,D003A
2826,109.23725753613436,-0.42327591561833494,0.0,0.32420091006872426,Abnormal,Abnormal,Monitor,D003A
2827,109.23735007051998,-0.42326445218783676,0.0,0.37697029948377836,Abnormal,Abnormal,Monitor,D003A
2828,109.23742976587488,-0.42327308388394536,0.0,0.35385607391371765,Abnormal,Abnormal,Monitor,D003A
2829,109.23751881375247,-0.42326704273956095,0.0,0.3775354400209955,Abnormal,Abnormal,Monitor,D003A
2830,109.23759613599707,-0.42326323162725954,0.0,0.35455833000908826,Abnormal,Abnormal,Monitor,D003A
2831,109.23767583362947,-0.42326580270316877,0.0,0.3824360608911242,Abnormal,Abnormal,Monitor,D003A
2832,109.23775283950881,-0.4232627900135365,0.0,0.39282812935950057,Abnormal,Abnormal,Monitor,D003A
2833,109.23783729227807,-0.42325483340905384,0.0,0.40243502934678416,Normal,Normal,Routine,D003A
2834,109.23799296333449,-0.42325997379892516,0.0,0.4185708471865329,Normal,Normal,Routine,D003A
2835,109.23808193301879,-0.4232502638813601,0.0,0.4200875204873157,Normal,Normal,Routine,D003A
2836,109.23818999217174,-0.4232551528316923,0.0,0.3994752033011462,Abnormal,Abnormal,Monitor,D003A
2837,109.23831009802383,-0.4232362786175918,0.0,0.3905285261672121,Abnormal,Abnormal,Monitor,D003A
2838,109.23598863286252,-0.4232511665046321,0.0,0.47203918326409067,Normal,Normal,Routine,D003A
2839,109.23608155936422,-0.4232572230808322,0.0,0.4251530798187909,Normal,Normal,Routine,D003A
2840,109.23616284304795,-0.42325285494003,0.0,0.4114201592614116,Normal,Normal,Routine,D003A
2841,109.23625189043545,-0.4232447402548446,0.0,0.4019198331784887,Normal,Normal,Routine,D003A
2842,109.23632325871168,-0.4232377437552788,0.0,0.3688730961061118,Abnormal,Abnormal,Monitor,D003A
2843,109.23640400047944,-0.4232345664488366,0.0,0.39542130825222876,Abnormal,Abnormal,Monitor,D003A
2844,109.23648029471467,-0.42323226619779397,0.0,0.3744724189970069,Abnormal,Abnormal,Monitor,D003A
2845,109.23655922789212,-0.423234739443024,0.0,0.34774016669624175,Abnormal,Abnormal,Monitor,D003A
2846,109.23664293477806,-0.42323988508153393,0.0,0.3799991215224023,Abnormal,Abnormal,Monitor,D003A
2847,109.23671898995842,-0.4232341601906254,0.0,0.3863621465548748,Abnormal,Abnormal,Monitor,D003A
2848,109.2368051878819,-0.4232188665125865,0.0,0.4135567832726974,Normal,Normal,Routine,D003A
2849,109.23688567674807,-0.42322191614933763,0.0,0.3995380355472719,Abnormal,Abnormal,Monitor,D003A
2850,109.23697092114038,-0.42321667173238164,0.0,0.43759022850739326,Normal,Normal,Routine,D003A
2851,109.23713079431265,-0.42320953089560687,0.0,0.3829976391577828,Abnormal,Abnormal,Monitor,D003A
2852,109.2373120575571,-0.42320446760446334,0.0,0.3937395694511789,Abnormal,Abnormal,Monitor,D003A
2853,109.23740332246688,-0.4232019365539677,0.0,0.3601312866120476,Abnormal,Abnormal,Monitor,D003A
2854,109.23747050387183,-0.42319923993052283,0.0,0.35771262722688396,Abnormal,Abnormal,Monitor,D003A
2855,109.2375578076659,-0.42319559116083794,0.0,0.33941164184467876,Abnormal,Abnormal,Monitor,D003A
2856,109.23771704559027,-0.42319738283899505,0.0,0.403383307040542,Normal,Normal,Routine,D003A
2857,109.23787692138399,-0.4231749285632336,0.0,0.38120658343423414,Abnormal,Abnormal,Monitor,D003A
2858,109.23795994262473,-0.423193450440626,0.0,0.3818758870252585,Abnormal,Abnormal,Monitor,D003A
2859,109.23803599983758,-0.4231789529142119,0.0,0.39930479978032124,Abnormal,Abnormal,Monitor,D003A
2860,109.23811601508393,-0.4231753024690436,0.0,0.4244580674074733,Normal,Normal,Routine,D003A
2861,109.2382036381558,-0.42316607061225325,0.0,0.4271354456539807,Normal,Normal,Routine,D003A
2862,109.23826701515439,-0.4231724658496966,0.0,0.39621737211969515,Abnormal,Abnormal,Monitor,D003A
2863,109.235970742226,-0.42318661442994854,0.0,0.4285677969724208,Normal,Normal,Routine,D003A
2864,109.23604172710807,-0.4231828027861612,0.0,0.4078355796910105,Normal,Normal,Routine,D003A
2865,109.23612388184111,-0.4231796312300795,0.0,0.4301362703759833,Normal,Normal,Routine,D003A
2866,109.23620500611729,-0.42317709787227303,0.0,0.4101388795558948,Normal,Normal,Routine,D003A
2867,109.23628613155019,-0.42316945974343584,0.0,0.4149300488294837,Normal,Normal,Routine,D003A
2868,109.23633461285192,-0.4231701481632948,0.0,0.3990688729995432,Abnormal,Abnormal,Monitor,D003A
2869,109.23644568920628,-0.4231670193959911,0.0,0.42379387494501053,Normal,Normal,Routine,D003A
2870,109.23660316038882,-0.42315973604300355,0.0,0.4114376874307869,Normal,Normal,Routine,D003A
2871,109.23668034820105,-0.42315040958319766,0.0,0.40992466071978784,Normal,Normal,Routine,D003A
2872,109.23675608600406,-0.4231459605822904,0.0,0.38156551678772443,Abnormal,Abnormal,Monitor,D003A
2873,109.23684893471516,-0.4231466193637609,0.0,0.40689499021648823,Normal,Normal,Routine,D003A
2874,109.23692673290817,-0.4231392996805002,0.0,0.37129044497903674,Abnormal,Abnormal,Monitor,D003A
2875,109.23700246935432,-0.4231369251394737,0.0,0.37228320417172706,Abnormal,Abnormal,Monitor,D003A
2876,109.23707123705655,-0.4231304009796803,0.0,0.31382026760364734,Abnormal,Abnormal,Monitor,D003A
2877,109.23715695512867,-0.4231318566218378,0.0,0.37012321028086514,Abnormal,Abnormal,Monitor,D003A
2878,109.2373326726646,-0.42312583530427533,0.0,0.377817604269904,Abnormal,Abnormal,Monitor,D003A
2879,109.23742235280655,-0.42312824769503304,0.0,0.40707322743729424,Normal,Normal,Routine,D003A
2880,109.23759347744054,-0.4231105815520251,0.0,0.3840586584007654,Abnormal,Abnormal,Monitor,D003A
2881,109.23767460177991,-0.42310804817367326,0.0,0.3912071879557887,Abnormal,Abnormal,Monitor,D003A
2882,109.23775778722506,-0.42310344080117057,0.0,0.3905739972216344,Abnormal,Abnormal,Monitor,D003A
2883,109.23783384169431,-0.42309707835837596,0.0,0.40640285859803477,Normal,Normal,Routine,D003A
2884,109.23791575817538,-0.42309518268939156,0.0,0.3996425612143006,Abnormal,Abnormal,Monitor,D003A
2885,109.23799165239403,-0.42310237838119685,0.0,0.37202161164129194,Abnormal,Abnormal,Monitor,D003A
2886,109.23815295066782,-0.4230976297096293,0.0,0.4327540952010172,Normal,Normal,Routine,D003A
2887,109.23822900932613,-0.4230767514327769,0.0,0.4176797305647046,Normal,Normal,Routine,D003A
2888,109.23831140032493,-0.4230818741422442,0.0,0.3876857428695075,Abnormal,Abnormal,Monitor,D003A
2889,109.23600981966679,-0.42309921290557023,0.0,0.4238316072028081,Normal,Normal,Routine,D003A
2890,109.23609221110833,-0.4230979558020247,0.0,0.42232241757779965,Normal,Normal,Routine,D003A
2891,109.23616446399656,-0.4230877637074538,0.0,0.4306296927255911,Normal,Normal,Routine,D003A
2892,109.23625319248835,-0.4230916119180715,0.0,0.4354564703394793,Normal,Normal,Routine,D003A
2893,109.23640118374416,-0.4230784077534626,0.0,0.39369281477577334,Abnormal,Abnormal,Monitor,D003A
2894,109.2364975179042,-0.42308225770213825,0.0,0.4152937531829346,Normal,Normal,Routine,D003A
2895,109.23663837644001,-0.4230751116095782,0.0,0.41170189718661887,Normal,Normal,Routine,D003A
2896,109.23672726643352,-0.42306795452553697,0.0,0.4027317404639581,Normal,Normal,Routine,D003A
2897,109.23680585678721,-0.423061113396464,0.0,0.38913218933220495,Abnormal,Abnormal,Monitor,D003A
2898,109.23689126063576,-0.4230537954504462,0.0,0.4096170102095224,Normal,Normal,Routine,D003A
2899,109.23697254174317,-0.42305700441729094,0.0,0.3796582733637735,Abnormal,Abnormal,Monitor,D003A
2900,109.2371327318215,-0.4230506603272994,0.0,0.35016439610699984,Abnormal,Abnormal,Monitor,D003A
2901,109.23720498118377,-0.4230562600031593,0.0,0.3758454646016916,Abnormal,Abnormal,Monitor,D003A
2902,109.23738180869908,-0.42304752693548836,0.0,0.39492763408158593,Abnormal,Abnormal,Monitor,D003A
2903,109.23748321361604,-0.4230475501302359,0.0,0.35950607671913587,Abnormal,Abnormal,Monitor,D003A
2904,109.2375543568296,-0.42304294090761957,0.0,0.39007709518722866,Abnormal,Abnormal,Monitor,D003A
2905,109.23762724135999,-0.42304423354451726,0.0,0.40382429130194103,Normal,Normal,Routine,D003A
2906,109.23770963593216,-0.42302941824920615,0.0,0.4113860954730566,Normal,Normal,Routine,D003A
2907,109.23780311599002,-0.42304283773759166,0.0,0.36329838803670417,Abnormal,Abnormal,Monitor,D003A
2908,109.23787948841219,-0.4230366354255397,0.0,0.38706794914125786,Abnormal,Abnormal,Monitor,D003A
2909,109.23802874556516,-0.42302693928382606,0.0,0.4210459820419926,Normal,Normal,Routine,D003A
2910,109.23809973426586,-0.42300653822245127,0.0,0.42120065067249995,Normal,Normal,Routine,D003A
2911,109.23818972800872,-0.4230205953467849,0.0,0.41027156463091163,Normal,Normal,Routine,D003A
2912,109.23827338909408,-0.42301008660787265,0.0,0.40313558675239225,Normal,Normal,Routine,D003A
2913,109.2360427941443,-0.4230162763145754,0.0,0.42978520073977955,Normal,Normal,Routine,D003A
2914,109.23613278896984,-0.4230290574816757,0.0,0.39913000118521175,Abnormal,Abnormal,Monitor,D003A
2915,109.23619743389746,-0.42302907227815884,0.0,0.4192473089526925,Normal,Normal,Routine,D003A
2916,109.23628743273161,-0.4230201602072951,0.0,0.3545399348632771,Abnormal,Abnormal,Monitor,D003A
2917,109.23635461438045,-0.4230201755827212,0.0,0.3473522689167749,Abnormal,Abnormal,Monitor,D003A
2918,109.23643954133208,-0.4230163671188064,0.0,0.32801011126927704,Abnormal,Abnormal,Monitor,D003A
2919,109.23653334374325,-0.4230061799470392,0.0,0.36151121562570915,Abnormal,Abnormal,Monitor,D003A
2920,109.23667530948349,-0.4230086052082767,0.0,0.36503880844303965,Abnormal,Abnormal,Monitor,D003A
2921,109.2368418373032,-0.42300018901211944,0.0,0.38849742703872076,Abnormal,Abnormal,Monitor,D003A
2922,109.23692775857235,-0.4230007593876701,0.0,0.41338718101051514,Normal,Normal,Routine,D003A
2923,109.23718915386303,-0.42298367908420015,0.0,0.31298447581331773,Abnormal,Abnormal,Monitor,D003A
2924,109.2373534627824,-0.42297622001849144,0.0,0.41384380734153203,Normal,Normal,Routine,D003A
2925,109.23742793203431,-0.4229767154243547,0.0,0.38982465603979877,Abnormal,Abnormal,Monitor,D003A
2926,109.23751269993066,-0.42297737324579593,0.0,0.3702548055478914,Abnormal,Abnormal,Monitor,D003A
2927,109.23759604270663,-0.42297611633726706,0.0,0.38398693856355304,Abnormal,Abnormal,Monitor,D003A
2928,109.23766766229672,-0.42296624328864096,0.0,0.38125871672004363,Abnormal,Abnormal,Monitor,D003A
2929,109.23774672560653,-0.42296945083338405,0.0,0.40967972802528924,Normal,Normal,Routine,D003A
2930,109.2378313368612,-0.42296372787325953,0.0,0.35945737298926433,Abnormal,Abnormal,Monitor,D003A
2931,109.23791499889997,-0.42295290082425074,0.0,0.36278416463010266,Abnormal,Abnormal,Monitor,D003A
2932,109.23800689844738,-0.4229484554947981,0.0,0.3648766742185787,Abnormal,Abnormal,Monitor,D003A
2933,109.23814538113,-0.42294146887667194,0.0,0.41201089145257497,Normal,Normal,Routine,D003A
2934,109.23822650462809,-0.4229427633875904,0.0,0.3642403014627906,Abnormal,Abnormal,Monitor,D003A
2935,109.23830430470956,-0.42292730859036437,0.0,0.38071814921798464,Abnormal,Abnormal,Monitor,D003A
2936,109.23599526813469,-0.42298587826726336,0.0,0.43083893965752035,Normal,Normal,Routine,D003A
2937,109.23608399949903,-0.4229769659075482,0.0,0.4390160194523957,Normal,Normal,Routine,D003A
2938,109.236163223051,-0.4229703654721104,0.0,0.43641429703824697,Normal,Normal,Routine,D003A
2939,109.23624434764848,-0.42297038403761766,0.0,0.4281149599790716,Normal,Normal,Routine,D003A
2940,109.23632167070117,-0.4229627450290034,0.0,0.3938398305947023,Abnormal,Abnormal,Monitor,D003A
2941,109.2363977245345,-0.42295893453253575,0.0,0.3945570964109937,Abnormal,Abnormal,Monitor,D003A
2942,109.23647980008874,-0.4229564004751417,0.0,0.40081790028786174,Normal,Normal,Routine,D003A
2943,109.23655744024018,-0.42294876243946855,0.0,0.4023326250473754,Normal,Normal,Routine,D003A
2944,109.23665377610136,-0.4229411277752531,0.0,0.4150813260850732,Normal,Normal,Routine,D003A
2945,109.23672476129482,-0.4229360392433114,0.0,0.3862318782798516,Abnormal,Abnormal,Monitor,D003A
2946,109.2367974870135,-0.42293637509788756,0.0,0.3470065357111995,Abnormal,Abnormal,Monitor,D003A
2947,109.23689002313287,-0.4229210837585012,0.0,0.3674398420739474,Abnormal,Abnormal,Monitor,D003A
2948,109.23696354091682,-0.4229223765412509,0.0,0.3550229057880146,Abnormal,Abnormal,Monitor,D003A
2949,109.23710360576791,-0.4229255980420806,0.0,0.38997087582188894,Abnormal,Abnormal,Monitor,D003A
2950,109.23740053743691,-0.422905169989147,0.0,0.37768400777427685,Abnormal,Abnormal,Monitor,D003A
2951,109.23748071036911,-0.4229071823026683,0.0,0.3750271578850437,Abnormal,Abnormal,Monitor,D003A
2952,109.23755391302863,-0.4229038495128957,0.0,0.3754935553126849,Abnormal,Abnormal,Monitor,D003A
2953,109.23764771502515,-0.42289573587570917,0.0,0.39991417050754946,Abnormal,Abnormal,Monitor,D003A
2954,109.23779792123193,-0.422891782251289,0.0,0.3969006604643349,Abnormal,Abnormal,Monitor,D003A
2955,109.23787698674123,-0.422885260426413,0.0,0.40178049386388653,Normal,Normal,Routine,D003A
2956,109.23796444986803,-0.42288017564413016,0.0,0.38409925215527646,Abnormal,Abnormal,Monitor,D003A
2957,109.23804145514455,-0.4228758860629698,0.0,0.37565829721705307,Abnormal,Abnormal,Monitor,D003A
2958,109.23811243999354,-0.42287255366303084,0.0,0.42808261688648397,Normal,Normal,Routine,D003A
2959,109.23819546800752,-0.42286108802425776,0.0,0.40558540911439733,Normal,Normal,Routine,D003A
2960,109.23827167950736,-0.42286349731533557,0.0,0.3771561936281253,Abnormal,Abnormal,Monitor,D003A
2961,109.2360491548173,-0.4229167442591707,0.0,0.42898797531289834,Normal,Normal,Routine,D003A
2962,109.23612013851296,-0.4229142085702295,0.0,0.4086000928725081,Normal,Normal,Routine,D003A
2963,109.2361981743904,-0.4229083240649394,0.0,0.4179254776905649,Normal,Normal,Routine,D003A
2964,109.23627510108689,-0.42290164261678,0.0,0.3960499494766838,Abnormal,Abnormal,Monitor,D003A
2965,109.23636557247913,-0.4229043744063685,0.0,0.3721118347558121,Abnormal,Abnormal,Monitor,D003A
2966,109.23643798480069,-0.4228922688388998,0.0,0.37096583736634375,Abnormal,Abnormal,Monitor,D003A
2967,109.23652291351699,-0.4228846315641931,0.0,0.34891978398162204,Abnormal,Abnormal,Monitor,D003A
2968,109.23660514551679,-0.4228854488719873,0.0,0.37604550000746784,Abnormal,Abnormal,Monitor,D003A
2969,109.23668674657827,-0.42287988348798444,0.0,0.42056282025144653,Normal,Normal,Routine,D003A
2970,109.23676913980958,-0.42287479846694176,0.0,0.36056581390823217,Abnormal,Abnormal,Monitor,D003A
2971,109.23684773055997,-0.4228622150261128,0.0,0.3454830087866911,Abnormal,Abnormal,Monitor,D003A
2972,109.2369267936878,-0.422870048970789,0.0,0.39053537416951706,Abnormal,Abnormal,Monitor,D003A
2973,109.236993975612,-0.4228649604673693,0.0,0.37191446091020147,Abnormal,Abnormal,Monitor,D003A
2974,109.23707129782991,-0.4228611502489033,0.0,0.401464359490478,Normal,Normal,Routine,D003A
2975,109.23719805516775,-0.42285479849490165,0.0,0.37835717431067417,Abnormal,Abnormal,Monitor,D003A
2976,109.23735016355128,-0.4228522813400935,0.0,0.36420579188320196,Abnormal,Abnormal,Monitor,D003A
2977,109.23760320553288,-0.42283271859277755,0.0,0.41711547651781206,Normal,Normal,Routine,D003A
2978,109.23767513969355,-0.4228300239445753,0.0,0.3883841041417397,Abnormal,Abnormal,Monitor,D003A
2979,109.23776798855395,-0.4228341922883141,0.0,0.41782904973551005,Normal,Normal,Routine,D003A
2980,109.23807696163222,-0.42281384651792053,0.0,0.38775805791779583,Abnormal,Abnormal,Monitor,D003A
2981,109.23823952873427,-0.422803036583701,0.0,0.3936982160933779,Abnormal,Abnormal,Monitor,D003A
2982,109.23832033471375,-0.4228062454190666,0.0,0.38647269014033137,Abnormal,Abnormal,Monitor,D003A
2983,109.23600448868588,-0.422847506310385,0.0,0.4243543973880698,Normal,Normal,Routine,D003A
2984,109.23608941577943,-0.4228469677894898,0.0,0.3984394573026607,Abnormal,Abnormal,Monitor,D003A
2985,109.23615730922758,-0.4228453094651077,0.0,0.4339910564176387,Normal,Normal,Routine,D003A
2986,109.23623645421772,-0.42284054111559527,0.0,0.42282840141011113,Normal,Normal,Routine,D003A
2987,109.23631694337764,-0.42284614357826744,0.0,0.39477722073288857,Abnormal,Abnormal,Monitor,D003A
2988,109.23647919777507,-0.422815234661836,0.0,0.4215144937766784,Normal,Normal,Routine,D003A
2989,109.23672716724413,-0.42280301008309723,0.0,0.36698081173530434,Abnormal,Abnormal,Monitor,D003A
2990,109.23681130189766,-0.4228033485414515,0.0,0.40305297418784064,Normal,Normal,Routine,D003A
2991,109.23686946318595,-0.4227991288147877,0.0,0.3810403730060245,Abnormal,Abnormal,Monitor,D003A
2992,109.23697117565834,-0.4227934947737174,0.0,0.4091035998143565,Normal,Normal,Routine,D003A
2993,109.23720061016652,-0.4227697804229093,0.0,0.3709852395651397,Abnormal,Abnormal,Monitor,D003A
2994,109.23728141627981,-0.42277219167344693,0.0,0.3510625994563999,Abnormal,Abnormal,Monitor,D003A
2995,109.23737806890375,-0.42277014020829545,0.0,0.33106814513750066,Abnormal,Abnormal,Monitor,D003A
2996,109.23748327695355,-0.42276681472997674,0.0,0.3252463824409928,Abnormal,Abnormal,Monitor,D003A
2997,109.23755632140801,-0.4227639602731759,0.0,0.37420374704317666,Abnormal,Abnormal,Monitor,D003A
2998,109.23763744804388,-0.42275121823699774,0.0,0.4065069262950665,Normal,Normal,Routine,D003A
2999,109.23772997754673,-0.4227614480279159,0.0,0.3792804072649944,Abnormal,Abnormal,Monitor,D003A
3000,109.23779906487911,-0.42273977056036066,0.0,0.4057503092904337,Normal,Normal,Routine,D003A
3001,109.23788208798604,-0.42274999817731185,0.0,0.4188629830066313,Normal,Normal,Routine,D003A
3002,109.23796448241904,-0.42273980835980285,0.0,0.36291956165878086,Abnormal,Abnormal,Monitor,D003A
3003,109.23810866807487,-0.42273346056168937,0.0,0.4349601714105772,Normal,Normal,Routine,D003A
3004,109.23819993290897,-0.4227353958168611,0.0,0.38280394021198333,Abnormal,Abnormal,Monitor,D003A
3005,109.23828010848125,-0.4227258439227232,0.0,0.3825078265267573,Abnormal,Abnormal,Monitor,D003A
3006,109.23603278770445,-0.4227723049260082,0.0,0.42242250256845193,Normal,Normal,Routine,D003A
3007,109.2361255556886,-0.42278022248951835,0.0,0.4071839003724263,Normal,Normal,Routine,D003A
3008,109.23620161069829,-0.4227751351174254,0.0,0.4134902420665036,Normal,Normal,Routine,D003A
3009,109.23628875957004,-0.422761118516336,0.0,0.4016424108656424,Normal,Normal,Routine,D003A
3010,109.23635990072086,-0.42276145400565185,0.0,0.39717853337875464,Abnormal,Abnormal,Monitor,D003A
3011,109.23643960009524,-0.422756048245595,0.0,0.38709824942611715,Abnormal,Abnormal,Monitor,D003A
3012,109.23661289271317,-0.42274387440645805,0.0,0.41228338042010904,Normal,Normal,Routine,D003A
3013,109.23705358405115,-0.42271726848364344,0.0,0.4014424417848484,Normal,Normal,Routine,D003A
3014,109.23716132836813,-0.42271187002754973,0.0,0.36277918340652243,Abnormal,Abnormal,Monitor,D003A
3015,109.23725481249674,-0.4227071067455615,0.0,0.38640355423432726,Abnormal,Abnormal,Monitor,D003A
3016,109.23734639495468,-0.4227025012798205,0.0,0.40931993129914823,Normal,Normal,Routine,D003A
3017,109.2375133963209,-0.4227015826981802,0.0,0.3088791579276592,Abnormal,Abnormal,Monitor,D003A
3018,109.23776548668897,-0.4226836157954659,0.0,0.37275087543436,Abnormal,Abnormal,Monitor,D003A
3019,109.23783964159736,-0.42267597602943413,0.0,0.39146223574787287,Abnormal,Abnormal,Monitor,D003A
3020,109.2379163290932,-0.4226747175830375,0.0,0.3843574693847376,Abnormal,Abnormal,Monitor,D003A
3021,109.237996025009,-0.42268095737646943,0.0,0.3692958468073481,Abnormal,Abnormal,Monitor,D003A
3022,109.23806812130489,-0.4226683724228945,0.0,0.380116971600281,Abnormal,Abnormal,Monitor,D003A
3023,109.23831292047561,-0.42266236681688035,0.0,0.38907258083768825,Abnormal,Abnormal,Monitor,D003A
3024,109.23600357223337,-0.422697249540815,0.0,0.4242959631284556,Normal,Normal,Routine,D003A
3025,109.23608342759923,-0.42270109660903565,0.0,0.4506052635753384,Normal,Normal,Routine,D003A
3026,109.2361582174505,-0.4226858003094392,0.0,0.43483338090012386,Normal,Normal,Routine,D003A
3027,109.23624092747711,-0.4226779237870561,0.0,0.4061762734089676,Normal,Normal,Routine,D003A
3028,109.23632648606079,-0.4226853604168618,0.0,0.3998026742431081,Abnormal,Abnormal,Monitor,D003A
3029,109.23640253906173,-0.42268920661239145,0.0,0.39879578608906496,Abnormal,Abnormal,Monitor,D003A
3030,109.23647748788431,-0.4226700824430697,0.0,0.39221799975395777,Abnormal,Abnormal,Monitor,D003A
3031,109.23655861159419,-0.42267010099188695,0.0,0.3555908804356015,Abnormal,Abnormal,Monitor,D003A
3032,109.23672608893617,-0.42266934169036746,0.0,0.347522092915964,Abnormal,Abnormal,Monitor,D003A
3033,109.23699054005169,-0.42264451852834584,0.0,0.41842148834481263,Normal,Normal,Routine,D003A
3034,109.23714613690615,-0.4226278055547488,0.0,0.4260717554739124,Normal,Normal,Routine,D003A
3035,109.23723169504669,-0.4226373953137338,0.0,0.3813452369026578,Abnormal,Abnormal,Monitor,D003A
3036,109.23731282080355,-0.4226284811790393,0.0,0.41485395438324374,Normal,Normal,Routine,D003A
3037,109.23739014245642,-0.42262722288117416,0.0,0.36940183520710745,Abnormal,Abnormal,Monitor,D003A
3038,109.23748267464215,-0.42262947764635994,0.0,0.3841896026332875,Abnormal,Abnormal,Monitor,D003A
3039,109.23755508556388,-0.4226197639235965,0.0,0.3737325278164532,Abnormal,Abnormal,Monitor,D003A
3040,109.23763367526253,-0.4226159539776733,0.0,0.3119454431924135,Abnormal,Abnormal,Monitor,D003A
3041,109.23779972685732,-0.4226124823255266,0.0,0.37250341069590936,Abnormal,Abnormal,Monitor,D003A
3042,109.23787324787422,-0.42260356644380276,0.0,0.3455574821420204,Abnormal,Abnormal,Monitor,D003A
3043,109.23796134352281,-0.4226018331294187,0.0,0.330493191361034,Abnormal,Abnormal,Monitor,D003A
3044,109.23803834955041,-0.4225981810685705,0.0,0.3528606717852382,Abnormal,Abnormal,Monitor,D003A
3045,109.23811250241958,-0.42259564607017575,0.0,0.3956857411379426,Abnormal,Abnormal,Monitor,D003A
3046,109.23819236075256,-0.4225867316306479,0.0,0.37182273921290876,Abnormal,Abnormal,Monitor,D003A
3047,109.23827633877652,-0.42258084934525997,0.0,0.3714897203860574,Abnormal,Abnormal,Monitor,D003A
3048,109.2360580936043,-0.42262580247141146,0.0,0.41968460262341295,Normal,Normal,Routine,D003A
3049,109.23612654381809,-0.4226168854556999,0.0,0.41226385409894273,Normal,Normal,Routine,D003A
3050,109.23621321521466,-0.42260900983649524,0.0,0.4355164504724424,Normal,Normal,Routine,D003A
3051,109.23628879556237,-0.42260161005410557,0.0,0.3780264401582538,Abnormal,Abnormal,Monitor,D003A
3052,109.2363585132437,-0.4225926933241119,0.0,0.3355053892340684,Abnormal,Abnormal,Monitor,D003A
3053,109.23645231215457,-0.4225939907351398,0.0,0.3563465347742891,Abnormal,Abnormal,Monitor,D003A
3054,109.23651569081616,-0.4225927292576049,0.0,0.36588495808678706,Abnormal,Abnormal,Monitor,D003A
3055,109.23660850279857,-0.4225968433344039,0.0,0.39023404166285713,Abnormal,Abnormal,Monitor,D003A
3056,109.23668934890308,-0.422585112250254,0.0,0.35000005597583683,Abnormal,Abnormal,Monitor,D003A
3057,109.23675336283218,-0.42257507740033695,0.0,0.3675962199319948,Abnormal,Abnormal,Monitor,D003A
3058,109.23684557656576,-0.4225792464994527,0.0,0.37016277731843594,Abnormal,Abnormal,Monitor,D003A
3059,109.23692400702359,-0.4225803803307365,0.0,0.3888297183433549,Abnormal,Abnormal,Monitor,D003A
3060,109.23734452784267,-0.42254937212758115,0.0,0.4212961745212088,Normal,Normal,Routine,D003A
3061,109.23742835713246,-0.4225456239664005,0.0,0.40291228969999165,Normal,Normal,Routine,D003A
3062,109.23751263900158,-0.42254653938255315,0.0,0.3987413586135237,Abnormal,Abnormal,Monitor,D003A
3063,109.23768439428166,-0.42254450505846486,0.0,0.3653252780696776,Abnormal,Abnormal,Monitor,D003A
3064,109.23777059280994,-0.4225266602988791,0.0,0.37537723129819667,Abnormal,Abnormal,Monitor,D003A
3065,109.23783935647144,-0.42253018468947395,0.0,0.3597379541352279,Abnormal,Abnormal,Monitor,D003A
3066,109.2379139839417,-0.4225341906023834,0.0,0.3101123077090548,Abnormal,Abnormal,Monitor,D003A
3067,109.23799368442134,-0.4225241593163629,0.0,0.32609814550425553,Abnormal,Abnormal,Monitor,D003A
3068,109.23807924375161,-0.4225286451949307,0.0,0.38989011963053205,Abnormal,Abnormal,Monitor,D003A
3069,109.23816559909888,-0.4225205298295418,0.0,0.4104892278271636,Normal,Normal,Routine,D003A
3070,109.23822913735191,-0.4225088996626239,0.0,0.40948372698711377,Normal,Normal,Routine,D003A
3071,109.23831406499292,-0.422506367118732,0.0,0.3578318992110256,Abnormal,Abnormal,Monitor,D003A
3072,109.23600740772522,-0.42255050253908644,0.0,0.43210845949626203,Normal,Normal,Routine,D003A
3073,109.23608853375099,-0.42254414035211996,0.0,0.3669575213348762,Abnormal,Abnormal,Monitor,D003A
3074,109.23617219322495,-0.4225403315800381,0.0,0.432000198141815,Normal,Normal,Routine,D003A
3075,109.23624191234026,-0.42252503501743366,0.0,0.4374672783660115,Normal,Normal,Routine,D003A
3076,109.23631669845271,-0.4225263280801069,0.0,0.4109225300127829,Normal,Normal,Routine,D003A
3077,109.23640764696982,-0.422524434468123,0.0,0.39861890503747166,Abnormal,Abnormal,Monitor,D003A
3078,109.23648275230192,-0.4225123295006422,0.0,0.3844629631507286,Abnormal,Abnormal,Monitor,D003A
3079,109.2365563221062,-0.422513886338109,0.0,0.3980786007954381,Abnormal,Abnormal,Monitor,D003A
3080,109.23664595469607,-0.4224959365823752,0.0,0.4113619389584846,Normal,Normal,Routine,D003A
3081,109.23672866155799,-0.42250217706505894,0.0,0.40719456487108513,Normal,Normal,Routine,D003A
3082,109.2368161240503,-0.42249964511871385,0.0,0.4238920350499133,Normal,Normal,Routine,D003A
3083,109.23687300722209,-0.4224908846015591,0.0,0.408457503317356,Normal,Normal,Routine,D003A
3084,109.23699865409515,-0.42249330608872654,0.0,0.3716288070552022,Abnormal,Abnormal,Monitor,D003A
3085,109.2370886549724,-0.42247546130546426,0.0,0.4050505934822427,Normal,Normal,Routine,D003A
3086,109.23716882535267,-0.42248473151330845,0.0,0.39718681609666384,Abnormal,Abnormal,Monitor,D003A
3087,109.23724107586214,-0.4224932023192301,0.0,0.39905984059056815,Abnormal,Abnormal,Monitor,D003A
3088,109.23732600633426,-0.4224779092112239,0.0,0.44367188431967336,Normal,Normal,Routine,D003A
3089,109.23747494483018,-0.4224749120196591,0.0,0.40001371672868513,Normal,Normal,Routine,D003A
3090,109.23755226717132,-0.42247062250007544,0.0,0.40091316484867184,Normal,Normal,Routine,D003A
3091,109.23596052483384,-0.42247647944622874,0.0,0.40952149857161246,Normal,Normal,Routine,D003A
3092,109.23605305482447,-0.42248415730173616,0.0,0.4364956025423265,Normal,Normal,Routine,D003A
3093,109.23612404114107,-0.4224739648942262,0.0,0.4211403631744654,Normal,Normal,Routine,D003A
3094,109.23619629373356,-0.42246504874113006,0.0,0.44072693446735006,Normal,Normal,Routine,D003A
3095,109.23628248615071,-0.42247400111210553,0.0,0.3985083454722041,Abnormal,Abnormal,Monitor,D003A
3096,109.2363636112888,-0.4224676398220146,0.0,0.39023396911725655,Abnormal,Abnormal,Monitor,D003A
3097,109.23643934961038,-0.422460798020669,0.0,0.3797196896763535,Abnormal,Abnormal,Monitor,D003A
3098,109.23651454883536,-0.42245456468837855,0.0,0.37102274804458446,Abnormal,Abnormal,Monitor,D003A
3099,109.23660564023338,-0.4224524622097755,0.0,0.38313592244761147,Abnormal,Abnormal,Monitor,D003A
3100,109.2366837532313,-0.4224512040929592,0.0,0.3789762415953943,Abnormal,Abnormal,Monitor,D003A
3101,109.2367413482761,-0.4224524127378442,0.0,0.38689100234457724,Abnormal,Abnormal,Monitor,D003A
3102,109.2368372113625,-0.422434091827244,0.0,0.38625698655924307,Abnormal,Abnormal,Monitor,D003A
3103,109.23691579872737,-0.42244049052133104,0.0,0.4021130024743016,Normal,Normal,Routine,D003A
3104,109.23699740198978,-0.4224251948484513,0.0,0.38430710516899047,Abnormal,Abnormal,Monitor,D003A
3105,109.23711829532914,-0.42242713686879213,0.0,0.40025395654640694,Normal,Normal,Routine,D003A
3106,109.23720385555232,-0.4224274756314842,0.0,0.3991824005382499,Abnormal,Abnormal,Monitor,D003A
3107,109.23728419190529,-0.42240978869428486,0.0,0.35610509573483096,Abnormal,Abnormal,Monitor,D003A
3108,109.23735644252781,-0.42240980519659527,0.0,0.41031500324606895,Normal,Normal,Routine,D003A
3109,109.23743614082558,-0.4224093441201963,0.0,0.3850189609286595,Abnormal,Abnormal,Monitor,D003A
3110,109.23600712326926,-0.4224098161131045,0.0,0.41376788891361466,Normal,Normal,Routine,D003A
3111,109.23608016374213,-0.4224203597562879,0.0,0.3963081016957473,Abnormal,Abnormal,Monitor,D003A
3112,109.23615952946889,-0.4224046584607761,0.0,0.4149046180570932,Normal,Normal,Routine,D003A
3113,109.23624320800388,-0.4223999806541075,0.0,0.40569113054838435,Normal,Normal,Routine,D003A
3114,109.23632940243712,-0.4224000003523349,0.0,0.3994149944498033,Abnormal,Abnormal,Monitor,D003A
3115,109.2364092586781,-0.42240001860122056,0.0,0.38410475776740216,Abnormal,Abnormal,Monitor,D003A
3116,109.23648226494555,-0.42239501461309403,0.0,0.41034940365447004,Normal,Normal,Routine,D003A
3117,109.23655756658648,-0.42238872704299923,0.0,0.4186995272147258,Normal,Normal,Routine,D003A
3118,109.23665358549214,-0.42238444180289286,0.0,0.39484527143828857,Abnormal,Abnormal,Monitor,D003A
3119,109.23672092456184,-0.42238350043898765,0.0,0.40617451768974094,Normal,Normal,Routine,D003A
3120,109.23679666163805,-0.42238224177521555,0.0,0.36466781980562885,Abnormal,Abnormal,Monitor,D003A
3121,109.23689727711586,-0.42236950418750974,0.0,0.41348566298590894,Normal,Normal,Routine,D003A
3122,109.23696572534296,-0.4223695198232984,0.0,0.4160506889219579,Normal,Normal,Routine,D003A
3123,109.23596435199869,-0.422370566983005,0.0,0.41801824401678245,Normal,Normal,Routine,D003A
3124,109.23603438646771,-0.4223589383275944,0.0,0.39026746689020336,Abnormal,Abnormal,Monitor,D003A
3125,109.23613038624912,-0.42235967104635813,0.0,0.41057997795064277,Normal,Normal,Routine,D003A
3126,109.23619917031024,-0.42235610483550473,0.0,0.4059822160977793,Normal,Normal,Routine,D003A
3127,109.23627189945563,-0.4223411272666515,0.0,0.3908286802817379,Abnormal,Abnormal,Monitor,D003A
3128,109.23635967980496,-0.4223350867092331,0.0,0.38233037859067387,Abnormal,Abnormal,Monitor,D003A
3129,109.23644144733656,-0.4223361236329253,0.0,0.3791243744769708,Abnormal,Abnormal,Monitor,D003A
3130,109.2365195518967,-0.4223324121464131,0.0,0.3731227132665517,Abnormal,Abnormal,Monitor,D003A
3131,109.23596468827847,-0.4222814809223063,0.0,0.4116941577633389,Normal,Normal,Routine,D003A
