DIVISI,BLOK_B,Blok,T_TANAM,N_BARIS,N_POKOK,OBJECTID,NDRE125,KlassNDRE12025,NDRE2_26,KLASSNDRE2_26,Ket,Longitude_SR,Latitude_SR,Drone_TreeID,Drone_Lon,Drone_Lat,Drone_Height_m,NDRE_Drone_Rel,NDRE_Drone_Abs,HS_Drone_Rel,HS_Drone_Abs
AME II,D005A,D05,2009,1,2,63794,0.429562320096852,Stres Sedang,0.42572314798482297,Stres Sedang,Pokok Utama,109.23147959661287,-0.4400629136171658,592,109.23147389,-0.44007766,7.96,0.478,0.478,Healthy,Good
AME II,D005A,D05,2009,1,4,63728,0.4228153652305086,Stres Sedang,0.41952532531669445,Stres Sedang,Pokok Utama,109.23164278212019,-0.44005471399491813,1318,109.23163379,-0.44006097,5.63,0.517,0.517,Healthy,Good
AME II,D005A,D05,2009,1,6,63942,0.4060515686012764,Stres Sedang,0.4493177874536841,Stres Sedang,Pokok Utama,109.23179117978844,-0.4400528509954495,489,109.23176674,-0.44003478,8.29,0.438,0.438,Healthy,Moderate
AME II,D005A,D05,2009,1,7,63941,0.44326279421603915,Stres Sedang,0.4544220932471899,Stres Sedang,Pokok Utama,109.23188738082312,-0.44006021119321903,827,109.23188979,-0.44007686,7.21,0.504,0.504,Healthy,Good
AME II,D005A,D05,2009,1,8,63943,0.42901713815862186,Stres Sedang,0.4530816548681097,Stres Sedang,Pokok Utama,109.23197698540123,-0.44006970791418926,1327,109.23197512,-0.44008411,5.59,0.538,0.538,Healthy,Good
AME II,D005A,D05,2009,1,9,63940,0.39149165066712405,Stres Berat,0.39226869987818896,Stres Berat,Pokok Utama,109.23204979276237,-0.4400700457194267,1256,109.23205462,-0.4400778,5.84,0.418,0.418,Healthy,Sub-Optimal
AME II,D005A,D05,2009,1,12,65555,0.42506046802564634,Stres Sedang,0.4325674026928225,Stres Sedang,Pokok Utama,109.23227578762462,-0.44005519614393707,1028,109.23226976,-0.44007966,6.54,0.452,0.452,Healthy,Moderate
AME II,D005A,D05,2009,1,13,65556,0.4530007465939402,Stres Sedang,0.44899992298579666,Stres Sedang,Pokok Utama,109.23236444073837,-0.440045201965701,1032,109.2323497,-0.44007561,6.53,0.502,0.502,Healthy,Good
AME II,D005A,D05,2009,1,15,65579,0.4382683243520819,Stres Sedang,0.41271463112812,Stres Sedang,Pokok Utama,109.23253564415096,-0.4400532779833688,1171,109.23255136,-0.44008244,6.09,0.4,0.4,Healthy,Sub-Optimal
AME II,D005A,D05,2009,1,16,65580,0.3773799771318222,Stres Berat,0.4124788835455983,Stres Sedang,Pokok Utama,109.23257485932409,-0.44005328661481447,884,109.23259538,-0.44006527,7.01,0.463,0.463,Healthy,Good
AME II,D005A,D05,2009,1,17,65592,0.45906918271212865,Stres Sedang,0.4825372390898155,Stres Sedang,Pokok Utama,109.23269356415871,-0.4400268238138381,2026,109.23271261,-0.44003953,3.35,0.445,0.445,Healthy,Moderate
AME II,D005A,D05,2009,1,18,65593,0.40229420399372295,Stres Sedang,0.4457508089917677,Stres Sedang,Pokok Utama,109.23273820179138,-0.44004067120635904,2026,109.23271261,-0.44003953,3.35,0.445,0.445,Healthy,Moderate
AME II,D005A,D05,2009,1,20,65596,0.38371263985579696,Stres Berat,0.4325852825174953,Stres Sedang,Pokok Utama,109.23289854160787,-0.44007487763017805,689,109.23289405,-0.44009112,7.67,0.474,0.474,Healthy,Good
AME II,D005A,D05,2009,1,22,63936,0.40214653017172397,Stres Sedang,0.45453715170743697,Stres Sedang,Pokok Utama,109.23308227483359,-0.44004611478783434,482,109.23306698,-0.44004639,8.33,0.488,0.488,Healthy,Good
AME II,D005A,D05,2009,1,23,63905,0.4487100004856142,Stres Sedang,0.4264324110879084,Stres Sedang,Pokok Utama,109.23317667913838,-0.4400563227689636,1166,109.23318644,-0.44008124,6.12,0.485,0.485,Healthy,Good
AME II,D005A,D05,2009,1,26,63938,0.43963524137871585,Stres Sedang,0.4351538837691884,Stres Sedang,Pokok Utama,109.23339259991342,-0.4400455717950743,986,109.23340787,-0.44006637,6.69,0.521,0.521,Healthy,Good
AME II,D005A,D05,2009,1,27,63933,0.4426877516952816,Stres Sedang,0.4459016055890019,Stres Sedang,Pokok Utama,109.23349287837509,-0.4400403187617579,1125,109.23349096,-0.44006006,6.22,0.482,0.482,Healthy,Good
AME II,D005A,D05,2009,2,1,63928,0.402865877364806,Stres Sedang,0.45040275584607764,Stres Sedang,Pokok Utama,109.2314336675371,-0.4400074949794369,392,109.23140474,-0.44002023,8.66,0.54,0.54,Healthy,Good
AME II,D005A,D05,2009,2,2,63926,0.3988437135516373,Stres Berat,0.4224868229717329,Stres Sedang,Pokok Utama,109.23153068881663,-0.43998234565613664,2784,109.23151703,-0.43997911,1.1,0.534,0.534,Healthy,Good
AME II,D005A,D05,2009,2,3,63927,0.4322554093947054,Stres Sedang,0.44345590893371134,Stres Sedang,Pokok Utama,109.23159293698026,-0.43997163127668726,2399,109.23159787,-0.43998546,2.23,0.46,0.46,Abnormal,Good
AME II,D005A,D05,2009,2,4,63923,0.41513706143757967,Stres Sedang,0.4212171176173497,Stres Sedang,Pokok Utama,109.23167870927378,-0.43998574273227126,1064,109.23170791,-0.43997825,6.42,0.448,0.448,Healthy,Moderate
AME II,D005A,D05,2009,2,5,63932,,-,0.35121127743333985,Stres Berat,Sisip Des25,109.23175256856875,-0.4399927097017292,727,109.23176181,-0.4399656,7.56,0.379,0.379,Suspect,Critical
AME II,D005A,D05,2009,2,6,63924,0.44733584113317215,Stres Sedang,0.4509728097060997,Stres Sedang,Pokok Utama,109.23182013178676,-0.4400060233231346,118,109.23181975,-0.43998687,10.05,0.5,0.5,Healthy,Good
AME II,D005A,D05,2009,2,7,63931,0.414096699335658,Stres Sedang,0.4448870327162507,Stres Sedang,Pokok Utama,109.23192082100974,-0.43999397244093047,2352,109.23192125,-0.43999865,2.4,0.459,0.459,Abnormal,Moderate
AME II,D005A,D05,2009,2,8,63930,0.4572323119105165,Stres Sedang,0.43503869214270374,Stres Sedang,Pokok Utama,109.23200221474325,-0.4400051730767482,2414,109.23203038,-0.44002218,2.2,0.558,0.558,Abnormal,Good
AME II,D005A,D05,2009,2,9,63925,0.4115904157072371,Stres Sedang,0.4112423177818868,Stres Sedang,Pokok Utama,109.23209529460227,-0.43999470950590097,1984,109.23210809,-0.44000276,3.45,0.457,0.457,Healthy,Moderate
AME II,D005A,D05,2009,2,10,63918,0.43809347988674474,Stres Sedang,0.44379338604605734,Stres Sedang,Pokok Utama,109.23218396611759,-0.43995794125543697,1799,109.23220016,-0.43998243,3.98,0.545,0.545,Abnormal,Good
AME II,D005A,D05,2009,2,11,65554,0.46913959882192796,Stres Sedang,0.4604505870829093,Stres Sedang,Pokok Utama,109.23225357012339,-0.4399885726800806,1623,109.23227876,-0.43999195,4.59,0.549,0.549,Healthy,Good
AME II,D005A,D05,2009,2,12,177292,0.4546644378632374,Stres Sedang,0.46458737893177304,Stres Sedang,Pokok Utama,109.23228006938766,-0.4399853085348935,1623,109.23227876,-0.43999195,4.59,0.549,0.549,Healthy,Good
AME II,D005A,D05,2009,2,13,65557,0.42897302069720117,Stres Sedang,0.46029170310935524,Stres Sedang,Pokok Utama,109.23235563478025,-0.4400034341698691,1997,109.23237487,-0.44000147,3.42,0.513,0.513,Healthy,Good
AME II,D005A,D05,2009,2,14,65577,0.4089755413061814,Stres Sedang,0.4269421064986246,Stres Sedang,Pokok Utama,109.23246887315196,-0.43999360618932437,2378,109.23248177,-0.43998928,2.3,0.489,0.489,Healthy,Good
AME II,D005A,D05,2009,2,15,65581,0.4107009864425006,Stres Sedang,0.4516677112585985,Stres Sedang,Pokok Utama,109.23263286609216,-0.43998790225209167,2056,109.23263672,-0.44000198,3.25,0.458,0.458,Healthy,Moderate
AME II,D005A,D05,2009,2,16,65591,0.4010051910613479,Stres Sedang,0.41900015797212176,Stres Sedang,Pokok Utama,109.23281256877904,-0.43997123868079985,2039,109.23281099,-0.43998981,3.29,0.439,0.439,Healthy,Moderate
AME II,D005A,D05,2009,2,17,65599,0.3857302789628799,Stres Berat,0.4332472855110227,Stres Sedang,Pokok Utama,109.2328975261575,-0.4399541448410373,2800,109.23287118,-0.43993648,1.05,0.406,0.406,Healthy,Sub-Optimal
AME II,D005A,D05,2009,2,18,65598,0.41627476668550173,Stres Sedang,0.4576924996295755,Stres Sedang,Pokok Utama,109.23298707497075,-0.43997431789667774,1083,109.23299603,-0.43997946,6.35,0.471,0.471,Healthy,Good
AME II,D005A,D05,2009,2,19,63920,0.39186822465441296,Stres Berat,0.3949650397507561,Stres Berat,Pokok Utama,109.23311558505854,-0.4399811100483782,878,109.23312404,-0.43996231,7.03,0.457,0.457,Healthy,Moderate
AME II,D005A,D05,2009,2,20,63929,0.4405382822690114,Stres Sedang,0.39154140650765135,Stres Berat,Pokok Utama,109.23323006812599,-0.44000157715351523,1386,109.23324171,-0.43998404,5.38,0.478,0.478,Healthy,Good
AME II,D005A,D05,2009,2,21,63917,0.42642374965209406,Stres Sedang,0.4294023140505826,Stres Sedang,Pokok Utama,109.23337828500418,-0.4399891170112598,1475,109.23337555,-0.44000713,5.09,0.448,0.448,Healthy,Moderate
AME II,D005A,D05,2009,3,1,63916,0.4329547626759908,Stres Sedang,0.4515902909189693,Stres Sedang,Pokok Utama,109.23150387703562,-0.4399424173470805,2677,109.23150222,-0.43993344,1.42,0.567,0.567,Healthy,Good
AME II,D005A,D05,2009,3,3,63915,0.4464095738677905,Stres Sedang,0.4621176465940564,Stres Sedang,Pokok Utama,109.23163409533556,-0.43994241430742687,1079,109.23165538,-0.439919,6.36,0.451,0.451,Healthy,Moderate
AME II,D005A,D05,2009,3,4,63914,,-,0.34346142141310215,Stres Berat,Sisip Des25,109.23179197294054,-0.43994987953865633,727,109.23176181,-0.4399656,7.56,0.379,0.379,Suspect,Critical
AME II,D005A,D05,2009,3,5,63913,0.43514229974687246,Stres Sedang,0.4477872029681829,Stres Sedang,Pokok Utama,109.23190096060155,-0.43993408409425927,2644,109.23192036,-0.43994574,1.55,0.564,0.564,Healthy,Good
AME II,D005A,D05,2009,3,6,63912,0.41712110166164484,Stres Sedang,0.43922099597108216,Stres Sedang,Pokok Utama,109.23195467375244,-0.4399314215605872,2539,109.23194238,-0.43989918,1.88,0.547,0.547,Healthy,Good
AME II,D005A,D05,2009,3,7,63910,0.49541517902118754,Stres Sedang,0.46249123838831585,Stres Sedang,Pokok Utama,109.23203146125442,-0.43992773127824275,1140,109.23201917,-0.43993356,6.19,0.47,0.47,Healthy,Good
AME II,D005A,D05,2009,3,8,63909,0.45245085792998746,Stres Sedang,0.4477553976078828,Stres Sedang,Pokok Utama,109.23210594967874,-0.4399245316136393,2546,109.23209553,-0.43991775,1.86,0.556,0.556,Healthy,Good
AME II,D005A,D05,2009,3,10,65552,,-,0.3732014833777039,Stres Berat,Sisip Des25,109.23229220584867,-0.43992582390169405,1868,109.23230482,-0.43993137,3.8,0.454,0.454,Healthy,Moderate
AME II,D005A,D05,2009,3,11,65558,0.4660878118597707,Stres Sedang,0.4629240994724143,Stres Sedang,Pokok Utama,109.23239448365801,-0.4399095297334904,1257,109.23239106,-0.4399228,5.83,0.575,0.575,Healthy,Good
AME II,D005A,D05,2009,3,14,65582,0.3980949775258635,Stres Berat,0.42391264531388306,Stres Sedang,Pokok Utama,109.2325824951037,-0.43992472544605316,2080,109.23256488,-0.43992148,3.17,0.457,0.457,Healthy,Moderate
AME II,D005A,D05,2009,3,15,65583,0.372513408818258,Stres Berat,0.4454783053494589,Stres Sedang,Pokok Utama,109.23264502880622,-0.43990683736408237,1856,109.23266324,-0.43989166,3.83,0.472,0.472,Healthy,Good
AME II,D005A,D05,2009,3,17,63907,0.3751585790644877,Stres Berat,0.4248481866445406,Stres Sedang,Pokok Utama,109.23295025456224,-0.43989731577015995,1162,109.23295698,-0.43988043,6.13,0.483,0.483,Healthy,Good
AME II,D005A,D05,2009,3,19,65660,0.450052754144146,Stres Sedang,0.41833796844566207,Stres Sedang,Pokok Utama,109.23326133050108,-0.43993761089817984,1047,109.23325924,-0.43993159,6.48,0.435,0.435,Healthy,Moderate
AME II,D005A,D05,2009,3,20,177294,0.39862530679531016,Stres Berat,0.41198699151430146,Stres Sedang,Pokok Utama,109.2333336045778,-0.4399137583642394,939,109.23333739,-0.43992167,6.85,0.469,0.469,Healthy,Good
AME II,D005A,D05,2009,3,21,63902,0.38760974865699593,Stres Berat,0.41704024364817904,Stres Sedang,Pokok Utama,109.23340974002754,-0.43991101939637894,911,109.2334142,-0.43987918,6.93,0.393,0.393,Healthy,Sub-Optimal
AME II,D005A,D05,2009,3,23,63906,0.4413223613805154,Stres Sedang,0.42053742895572827,Stres Sedang,Pokok Utama,109.23358524005663,-0.43993264929936626,2281,109.23359744,-0.43993439,2.6,0.534,0.534,Abnormal,Good
AME II,D005A,D05,2009,4,1,63900,0.4165146296124971,Stres Sedang,0.45385007169086156,Stres Sedang,Pokok Utama,109.2314707123743,-0.4398494076700675,96,109.23146002,-0.43986515,10.18,0.507,0.507,Healthy,Good
AME II,D005A,D05,2009,4,2,63895,0.4099362231108881,Stres Sedang,0.4481841473757815,Stres Sedang,Pokok Utama,109.23158109337103,-0.4398319360969088,791,109.23157905,-0.43980052,7.33,0.42,0.42,Healthy,Sub-Optimal
AME II,D005A,D05,2009,4,3,63901,0.4004227145282227,Stres Sedang,0.4369400032232573,Stres Sedang,Pokok Utama,109.23167929721542,-0.4398349051994343,583,109.23168324,-0.4398435,8.0,0.477,0.477,Healthy,Good
AME II,D005A,D05,2009,4,6,63897,0.41407654815948153,Stres Sedang,0.43753245664408885,Stres Sedang,Pokok Utama,109.23201666077395,-0.4398529346302001,1497,109.23199629,-0.43984629,4.99,0.505,0.505,Healthy,Good
AME II,D005A,D05,2009,4,7,63898,0.4082885172838457,Stres Sedang,0.42933875935134347,Stres Sedang,Pokok Utama,109.23209429506343,-0.43985460062799075,2743,109.23209825,-0.43983365,1.2,0.5,0.5,Healthy,Good
AME II,D005A,D05,2009,4,8,63896,0.4100115306816242,Stres Sedang,0.42425013389599164,Stres Sedang,Pokok Utama,109.23217097708084,-0.43983206345970555,2594,109.23214675,-0.43984723,1.71,0.523,0.523,Healthy,Good
AME II,D005A,D05,2009,4,9,65553,0.42497669198364635,Stres Sedang,0.44528092085304904,Stres Sedang,Pokok Utama,109.23225827442764,-0.43983459204015307,1930,109.23228508,-0.43984184,3.59,0.489,0.489,Healthy,Good
AME II,D005A,D05,2009,4,10,65561,0.42831570424586657,Stres Sedang,0.4161666916656288,Stres Sedang,Pokok Utama,109.2323626776126,-0.43984569572302307,1485,109.23233494,-0.43984637,5.05,0.521,0.521,Healthy,Good
AME II,D005A,D05,2009,4,11,65560,0.3930413402941271,Stres Berat,0.42407873059430584,Stres Sedang,Pokok Utama,109.23243415111392,-0.4398503513636759,2055,109.23246429,-0.43983645,3.25,0.437,0.437,Healthy,Moderate
AME II,D005A,D05,2009,4,14,65588,0.3636027972379776,Stres Berat,0.42799694999351656,Stres Sedang,Pokok Utama,109.23282463495559,-0.4398726663641999,1946,109.23283572,-0.43985237,3.53,0.475,0.475,Healthy,Good
AME II,D005A,D05,2009,4,16,65650,0.405141297455986,Stres Sedang,0.45032964169409334,Stres Sedang,Pokok Utama,109.23305748591729,-0.43986069416222995,548,109.23304367,-0.43985423,8.11,0.427,0.427,Healthy,Sub-Optimal
AME II,D005A,D05,2009,4,17,65651,0.41926644389405865,Stres Sedang,0.4341039018485236,Stres Sedang,Pokok Utama,109.23313777911314,-0.43986157096219886,2099,109.23313304,-0.43988499,3.12,0.509,0.509,Abnormal,Good
AME II,D005A,D05,2009,4,18,63903,0.4087890818919221,Stres Sedang,0.40911781219771287,Stres Sedang,Pokok Utama,109.23321018970535,-0.43988223847575525,1514,109.23321972,-0.43990762,4.95,0.555,0.555,Healthy,Good
AME II,D005A,D05,2009,4,20,63893,,-,0.292144630136537,Stres Sangat Berat,Sisip Des25,109.2334236516427,-0.4398522337288701,911,109.2334142,-0.43987918,6.93,0.393,0.393,Healthy,Sub-Optimal
AME II,D005A,D05,2009,4,21,63894,0.4272430633054625,Stres Sedang,0.44753007823486385,Stres Sedang,Pokok Utama,109.23354748314746,-0.4398511983570586,640,109.23354851,-0.43982179,7.8,0.519,0.519,Healthy,Good
AME II,D005A,D05,2009,5,1,65535,0.3854408597450955,Stres Berat,0.4014465655299444,Stres Sedang,Pokok Utama,109.23141033566029,-0.4397831729698086,593,109.23142904,-0.43978557,7.95,0.478,0.478,Healthy,Good
AME II,D005A,D05,2009,5,4,63888,0.3916073036654481,Stres Berat,0.3905561321068134,Stres Berat,Pokok Utama,109.23171663100693,-0.43978042179599625,649,109.23172952,-0.43977659,7.77,0.498,0.498,Healthy,Good
AME II,D005A,D05,2009,5,9,63890,0.40345759095394446,Stres Sedang,0.4242509717601736,Stres Sedang,Pokok Utama,109.23213377684272,-0.4397801709913876,2639,109.23214182,-0.43980021,1.56,0.496,0.496,Healthy,Good
AME II,D005A,D05,2009,5,10,65542,0.4340312542440204,Stres Sedang,0.4435487079870322,Stres Sedang,Pokok Utama,109.23221563452859,-0.43978377036759564,2011,109.23221817,-0.43980701,3.38,0.509,0.509,Healthy,Good
AME II,D005A,D05,2009,5,14,65573,0.393796442835722,Stres Berat,0.45359027188747586,Stres Sedang,Pokok Utama,109.2327103523601,-0.43974899250555016,1793,109.23273289,-0.43976824,3.99,0.528,0.528,Healthy,Good
AME II,D005A,D05,2009,5,15,65589,0.40326600697098675,Stres Sedang,0.42152257585473873,Stres Sedang,Pokok Utama,109.23279581821353,-0.4397869096484335,2390,109.23277241,-0.4397791,2.26,0.496,0.496,Healthy,Good
AME II,D005A,D05,2009,5,16,329134,,-,0.3067156870300307,Stres Berat,Sisip Des25,109.23293681566001,-0.4397797577499874,2747,109.23292736,-0.439771,1.19,0.396,0.396,Abnormal,Sub-Optimal
AME II,D005A,D05,2009,5,17,65652,0.43498073373755364,Stres Sedang,0.4291963736547671,Stres Sedang,Pokok Utama,109.23309720258183,-0.43977930732822396,2051,109.23310477,-0.4397715,3.26,0.489,0.489,Abnormal,Good
AME II,D005A,D05,2009,5,18,65649,0.44394588141890445,Stres Sedang,0.4616791106509307,Stres Sedang,Pokok Utama,109.23313820835023,-0.43974235263426104,2058,109.23316631,-0.43972856,3.24,0.541,0.541,Healthy,Good
AME II,D005A,D05,2009,5,19,63892,0.4203268429203289,Stres Sedang,0.44632210150370266,Stres Sedang,Pokok Utama,109.23315793395977,-0.4397950683334502,1708,109.23316719,-0.43980316,4.26,0.534,0.534,Healthy,Good
AME II,D005A,D05,2009,5,21,63887,0.4099795773821549,Stres Sedang,0.41436439280517295,Stres Sedang,Pokok Utama,109.23332869435193,-0.4397778843043958,732,109.23333562,-0.43980094,7.53,0.445,0.445,Healthy,Moderate
AME II,D005A,D05,2009,5,22,65600,0.396702243752276,Stres Berat,0.4247202892730266,Stres Sedang,Pokok Utama,109.23341140853027,-0.4397668725388553,1088,109.23343219,-0.43977384,6.34,0.406,0.406,Healthy,Sub-Optimal
AME II,D005A,D05,2009,7,2,63873,0.4187363170802056,Stres Sedang,0.4461467075870845,Stres Sedang,Pokok Utama,109.23160279157807,-0.43973619211058623,713,109.23157728,-0.43971733,7.62,0.408,0.408,Healthy,Sub-Optimal
AME II,D005A,D05,2009,7,3,63876,0.39964666464693804,Stres Berat,0.4007939643389358,Stres Sedang,Pokok Utama,109.23164704044662,-0.43971166528914923,120,109.23163612,-0.43969293,10.03,0.418,0.418,Healthy,Sub-Optimal
AME II,D005A,D05,2009,7,6,63877,0.45948436810583276,Stres Sedang,0.4355041057405242,Stres Sedang,Pokok Utama,109.23209777639026,-0.4397192700942613,2386,109.23206684,-0.43970162,2.28,0.471,0.471,Healthy,Good
AME II,D005A,D05,2009,7,7,63881,0.4206683522946126,Stres Sedang,0.4426655709854015,Stres Sedang,Pokok Utama,109.23214842327468,-0.43971602705477975,2274,109.23215487,-0.43970254,2.61,0.558,0.558,Healthy,Good
AME II,D005A,D05,2009,7,8,65543,0.4094777500999813,Stres Sedang,0.41283815938346446,Stres Sedang,Pokok Utama,109.23225241868556,-0.43973584685230477,1262,109.23226894,-0.43974146,5.82,0.412,0.412,Healthy,Sub-Optimal
AME II,D005A,D05,2009,7,9,65551,0.4665606654986588,Stres Sedang,0.4919294227211471,Stres Sedang,Pokok Utama,109.23233424884906,-0.4396829098251483,1077,109.23231521,-0.43970439,6.37,0.495,0.495,Healthy,Good
AME II,D005A,D05,2009,7,10,65587,0.44252414788518635,Stres Sedang,0.4826821411397648,Stres Sedang,Pokok Utama,109.23234636452864,-0.4397065108532065,1077,109.23231521,-0.43970439,6.37,0.495,0.495,Healthy,Good
AME II,D005A,D05,2009,7,13,65568,0.4306353570301719,Stres Sedang,0.4613370353868073,Stres Sedang,Pokok Utama,109.23262904353405,-0.4397190204851913,1914,109.23263678,-0.43972888,3.65,0.503,0.503,Healthy,Good
AME II,D005A,D05,2009,7,14,63788,0.4070416196642741,Stres Sedang,0.4105462316971627,Stres Sedang,Pokok Utama,109.23276316635993,-0.43970807074903306,1193,109.23277558,-0.43968913,6.0,0.45,0.45,Healthy,Moderate
AME II,D005A,D05,2009,7,15,65586,0.4143830003150522,Stres Sedang,0.42334960424535467,Stres Sedang,Pokok Utama,109.23281930800819,-0.4397241278761534,1222,109.23283799,-0.4397321,5.93,0.488,0.488,Healthy,Good
AME II,D005A,D05,2009,7,16,65602,0.4412800732179905,Stres Sedang,0.43737782493284316,Stres Sedang,Pokok Utama,109.23291403747928,-0.43970233173782886,566,109.23292603,-0.43972307,8.06,0.494,0.494,Healthy,Good
AME II,D005A,D05,2009,7,17,65653,0.3636606405287573,Stres Berat,0.40253731617600425,Stres Sedang,Pokok Utama,109.23304823265079,-0.43973538265442413,2020,109.23302079,-0.43973078,3.36,0.42,0.42,Healthy,Sub-Optimal
AME II,D005A,D05,2009,7,21,63868,0.4038077121366723,Stres Sedang,0.42536079743762073,Stres Sedang,Pokok Utama,109.23335837079989,-0.4397388529780445,1369,109.23335495,-0.43972589,5.44,0.442,0.442,Healthy,Moderate
AME II,D005A,D05,2009,8,1,65534,0.38516660979593287,Stres Berat,0.4169233892069252,Stres Sedang,Pokok Utama,109.23140780156783,-0.43963690225291086,493,109.2314192,-0.43965263,8.28,0.484,0.484,Healthy,Good
AME II,D005A,D05,2009,8,2,63862,,-,0.31646975462938454,Stres Berat,Sisip Des25,109.23153812376184,-0.4396464590834206,2963,109.23153329,-0.43961061,0.54,0.425,0.425,Abnormal,Sub-Optimal
AME II,D005A,D05,2009,8,3,63865,,-,0.32427312588250196,Stres Berat,Sisip Des25,109.2316516957483,-0.4396519396660817,2988,109.23168015,-0.43963777,0.5,0.394,0.394,Abnormal,Sub-Optimal
AME II,D005A,D05,2009,8,4,63867,0.4001997544072858,Stres Sedang,0.4246749355421438,Stres Sedang,Pokok Utama,109.23179193607614,-0.43967419536223223,2648,109.23179108,-0.43966041,1.54,0.5,0.5,Healthy,Good
AME II,D005A,D05,2009,8,5,63860,0.45976918418946544,Stres Sedang,0.4800490449887435,Stres Sedang,Pokok Utama,109.23186480032498,-0.4396620771700161,1859,109.23186563,-0.43965862,3.83,0.569,0.569,Healthy,Good
AME II,D005A,D05,2009,8,6,170941,0.4478465948301562,Stres Sedang,0.4926752941935743,Stres Sedang,Pokok Utama,109.23189274144191,-0.4396783503012736,1859,109.23186563,-0.43965862,3.83,0.569,0.569,Healthy,Good
AME II,D005A,D05,2009,8,7,63857,0.4298816717216264,Stres Sedang,0.4448699572120142,Stres Sedang,Pokok Utama,109.23198036765612,-0.43966694374794757,2423,109.23195097,-0.43967085,2.18,0.46,0.46,Healthy,Good
AME II,D005A,D05,2009,8,11,65544,0.4408918133889951,Stres Sedang,0.4694861421154605,Stres Sedang,Pokok Utama,109.23228839298672,-0.4396185304742703,1805,109.23226716,-0.43964696,3.97,0.536,0.536,Abnormal,Good
AME II,D005A,D05,2009,8,12,65545,0.4239912385679374,Stres Sedang,0.44368308785338695,Stres Sedang,Pokok Utama,109.2323425015385,-0.43961569275398454,604,109.23235431,-0.43960583,7.93,0.47,0.47,Healthy,Good
AME II,D005A,D05,2009,8,13,65563,0.41734057740764313,Stres Sedang,0.4382868719240895,Stres Sedang,Pokok Utama,109.23244037406864,-0.43966752745096477,551,109.23244232,-0.43966056,8.09,0.435,0.435,Healthy,Moderate
AME II,D005A,D05,2009,8,15,65572,0.4180684179083915,Stres Sedang,0.44287100530112916,Stres Sedang,Pokok Utama,109.23260713589693,-0.43964136981841134,2470,109.23258425,-0.43966919,2.05,0.471,0.471,Healthy,Good
AME II,D005A,D05,2009,8,16,65676,0.3576108436369302,Stres Berat,0.4265521591513733,Stres Sedang,Pokok Utama,109.2326534728748,-0.4396391453921854,2750,109.23265431,-0.43966378,1.18,0.466,0.466,Healthy,Good
AME II,D005A,D05,2009,8,17,65595,0.4210711195656474,Stres Sedang,0.41459087231123143,Stres Sedang,Pokok Utama,109.23285648446773,-0.43962411807908813,2851,109.23283622,-0.43963534,0.86,0.452,0.452,Abnormal,Moderate
AME II,D005A,D05,2009,8,18,65603,0.44524784032163756,Stres Sedang,0.4568682642354641,Stres Sedang,Pokok Utama,109.23293602048463,-0.43964674480455995,1916,109.23292021,-0.43965344,3.64,0.561,0.561,Healthy,Good
AME II,D005A,D05,2009,8,19,63864,0.38415108942646053,Stres Berat,0.4280433597996914,Stres Sedang,Pokok Utama,109.23305554244571,-0.4396747617572456,1795,109.23303563,-0.43967608,3.98,0.392,0.392,Healthy,Sub-Optimal
AME II,D005A,D05,2009,8,23,63855,0.41790533476974945,Stres Sedang,0.440810445636253,Stres Sedang,Pokok Utama,109.2335003165663,-0.43963266926453426,2685,109.23350678,-0.4396459,1.4,0.553,0.553,Healthy,Good
AME II,D005A,D05,2009,8,24,63856,0.4414269613023662,Stres Sedang,0.410796027887365,Stres Sedang,Pokok Utama,109.23356760067449,-0.43964939653499147,2246,109.23359795,-0.43964456,2.68,0.577,0.577,Healthy,Good
AME II,D005A,D05,2009,9,2,63851,0.3486067218768763,Stres Berat,0.3921406450078633,Stres Berat,Pokok Utama,109.23158103747,-0.439570219652104,152,109.23160471,-0.43956722,9.79,0.363,0.363,Suspect,Critical
AME II,D005A,D05,2009,9,3,63847,,-,0.32262545695116257,Stres Berat,Sisip Des25,109.23167280195467,-0.4395651870080328,2779,109.23165007,-0.43957085,1.1,0.366,0.366,Healthy,Critical
AME II,D005A,D05,2009,9,4,63846,0.38717261390889335,Stres Berat,0.39733990072725583,Stres Berat,Pokok Utama,109.23175914152567,-0.4395799338572426,2574,109.23173675,-0.43957223,1.79,0.385,0.385,Healthy,Critical
AME II,D005A,D05,2009,9,7,63848,0.44392435397844726,Stres Sedang,0.4707607040247848,Stres Sedang,Pokok Utama,109.23197673789069,-0.4395888046160883,1670,109.23196581,-0.43957906,4.4,0.503,0.503,Healthy,Good
AME II,D005A,D05,2009,9,8,63854,0.4619238822305408,Stres Sedang,0.4727855011899051,Stres Sedang,Pokok Utama,109.23206103542742,-0.4395732330739033,2040,109.23205878,-0.4395827,3.29,0.587,0.587,Healthy,Good
AME II,D005A,D05,2009,9,9,63840,0.39785375022724884,Stres Berat,0.44777448312961676,Stres Sedang,Pokok Utama,109.2322057494974,-0.43957776013930183,1518,109.23221149,-0.43956691,4.94,0.432,0.432,Healthy,Moderate
AME II,D005A,D05,2009,9,10,177293,,-,0.33152768788514314,Stres Berat,Sisip Des25,109.23242597160066,-0.4395877973329547,2862,109.23241764,-0.43959409,0.82,0.415,0.415,Abnormal,Sub-Optimal
AME II,D005A,D05,2009,9,11,65612,0.4282534072633382,Stres Sedang,0.4463129200137935,Stres Sedang,Pokok Utama,109.23254923325202,-0.439578477739265,1701,109.2325425,-0.43958146,4.28,0.427,0.427,Healthy,Sub-Optimal
AME II,D005A,D05,2009,9,12,65610,0.42991718115233046,Stres Sedang,0.4548177393899746,Stres Sedang,Pokok Utama,109.2326636993242,-0.4395562810655504,1600,109.23267276,-0.43954939,4.67,0.479,0.479,Healthy,Good
AME II,D005A,D05,2009,9,13,65611,0.4134469697619959,Stres Sedang,0.4476909684928783,Stres Sedang,Pokok Utama,109.23271788068574,-0.43958213428579834,466,109.23271991,-0.43957246,8.39,0.495,0.495,Healthy,Good
AME II,D005A,D05,2009,9,14,65607,0.3637553475408043,Stres Berat,0.40702114705319536,Stres Sedang,Pokok Utama,109.23279424897699,-0.439575452032618,951,109.23278728,-0.43956524,6.81,0.472,0.472,Healthy,Good
AME II,D005A,D05,2009,9,16,65601,0.38580079236744136,Stres Berat,0.4213294211669415,Stres Sedang,Pokok Utama,109.23298354715665,-0.4396009904340714,2768,109.23297007,-0.43959015,1.13,0.472,0.472,Healthy,Good
AME II,D005A,D05,2009,9,17,65673,0.3839147223090382,Stres Berat,0.42550564753913706,Stres Sedang,Pokok Utama,109.23305905176991,-0.4395809782243225,1492,109.23305542,-0.43956621,5.02,0.506,0.506,Healthy,Good
AME II,D005A,D05,2009,9,18,65648,0.3926860246428788,Stres Berat,0.43211289791779406,Stres Sedang,Pokok Utama,109.23312216104377,-0.43961038309757744,1769,109.23313311,-0.43960828,4.04,0.487,0.487,Healthy,Good
AME II,D005A,D05,2009,9,19,65647,0.40271121419242567,Stres Sedang,0.4071583800855881,Stres Sedang,Pokok Utama,109.23322350635566,-0.43959952259274204,1183,109.23321665,-0.43959066,6.05,0.439,0.439,Healthy,Moderate
AME II,D005A,D05,2009,9,21,65645,0.3960774278518272,Stres Berat,0.415766348083042,Stres Sedang,Pokok Utama,109.23337819397616,-0.4395916425752544,1200,109.23335722,-0.43961059,5.98,0.431,0.431,Healthy,Moderate
AME II,D005A,D05,2009,9,22,63852,0.4098279613498205,Stres Sedang,0.44988090887536814,Stres Sedang,Pokok Utama,109.23345757667776,-0.4395857933400718,2314,109.23345874,-0.43958123,2.52,0.485,0.485,Healthy,Good
AME II,D005A,D05,2009,10,1,65533,0.38015186891750014,Stres Berat,0.40679750357118794,Stres Sedang,Pokok Utama,109.23140049202672,-0.43952723802244753,681,109.23139991,-0.43953688,7.69,0.409,0.409,Healthy,Sub-Optimal
AME II,D005A,D05,2009,10,5,63837,0.4179875023624271,Stres Sedang,0.4081924884289163,Stres Sedang,Pokok Utama,109.23172500460673,-0.4394726603673713,365,109.23172106,-0.43947501,8.76,0.476,0.476,Healthy,Good
AME II,D005A,D05,2009,10,6,63835,0.43450623100112806,Stres Sedang,0.41415657431034214,Stres Sedang,Pokok Utama,109.2317864513927,-0.4394838427677064,2320,109.23179785,-0.43949809,2.51,0.433,0.433,Healthy,Moderate
AME II,D005A,D05,2009,10,8,63839,0.46226947552998154,Stres Sedang,0.4617213385429982,Stres Sedang,Pokok Utama,109.23195873995961,-0.43948070858209715,1987,109.2319591,-0.43946648,3.44,0.558,0.558,Healthy,Good
AME II,D005A,D05,2009,10,12,65546,0.41065312165336293,Stres Sedang,0.43497639453753384,Stres Sedang,Pokok Utama,109.23229215905003,-0.43948627030859566,723,109.23229145,-0.4395068,7.58,0.457,0.457,Healthy,Moderate
AME II,D005A,D05,2009,10,13,65549,0.4804291709155252,Stres Sedang,0.4813479674234181,Stres Sedang,Pokok Utama,109.2323846507134,-0.4394890463138194,1429,109.23236556,-0.43950003,5.24,0.485,0.485,Healthy,Good
AME II,D005A,D05,2009,10,14,65619,0.4205147397397382,Stres Sedang,0.4377105619949349,Stres Sedang,Pokok Utama,109.23243241640458,-0.4395139412337585,389,109.23242529,-0.43952672,8.66,0.504,0.504,Healthy,Good
AME II,D005A,D05,2009,10,17,65609,,-,0.3519979766552764,Stres Berat,Sisip Des25,109.23271997444274,-0.4395079025643004,2722,109.23270196,-0.43950915,1.27,0.43,0.43,Abnormal,Moderate
AME II,D005A,D05,2009,10,18,65664,0.4002131149335994,Stres Sedang,0.4424117869330278,Stres Sedang,Pokok Utama,109.23285188857116,-0.43948513640481013,1012,109.23284164,-0.43950421,6.6,0.415,0.415,Healthy,Sub-Optimal
AME II,D005A,D05,2009,10,20,65665,0.3235225201451498,Stres Berat,0.39295746335936194,Stres Berat,Pokok Utama,109.2330167627044,-0.4394822351912183,1304,109.23302893,-0.43949476,5.67,0.432,0.432,Healthy,Moderate
AME II,D005A,D05,2009,10,21,65671,0.40628699799367846,Stres Sedang,0.41473416217393977,Stres Sedang,Pokok Utama,109.2331450419622,-0.4394794902045849,731,109.23314077,-0.43949117,7.54,0.438,0.438,Healthy,Moderate
AME II,D005A,D05,2009,10,22,65646,0.41014943210637733,Stres Sedang,0.402801678417861,Stres Sedang,Pokok Utama,109.23326049113665,-0.43950930510113917,794,109.23324092,-0.43952466,7.33,0.457,0.457,Healthy,Moderate
AME II,D005A,D05,2009,10,23,65643,0.3802174200312022,Stres Berat,0.4023350506561038,Stres Sedang,Pokok Utama,109.23331525813163,-0.4394893560652551,513,109.23331638,-0.43948217,8.22,0.416,0.416,Healthy,Sub-Optimal
AME II,D005A,D05,2009,10,25,65636,0.40951532052784434,Stres Sedang,0.4323434688983838,Stres Sedang,Pokok Utama,109.23349539706149,-0.4395034843718531,1836,109.2334875,-0.43951612,3.88,0.487,0.487,Healthy,Good
AME II,D005A,D05,2009,10,26,65635,0.4056293938094622,Stres Sedang,0.410052589784621,Stres Sedang,Pokok Utama,109.23357974306758,-0.4395100028542739,1372,109.23358946,-0.43948133,5.43,0.461,0.461,Healthy,Good
AME II,D005A,D05,2009,11,1,63831,0.37263938361882903,Stres Berat,0.41003269170669215,Stres Sedang,Pokok Utama,109.23144857782654,-0.4394500317323204,532,109.23145248,-0.43944149,8.16,0.504,0.504,Healthy,Good
AME II,D005A,D05,2009,11,4,177291,,-,0.33089885501473515,Stres Berat,Sisip Des25,109.23166608335467,-0.43943359014164945,2354,109.23163124,-0.43943701,2.4,0.438,0.438,Abnormal,Moderate
AME II,D005A,D05,2009,11,6,63834,0.4683721150974171,Stres Sedang,0.476581041888784,Stres Sedang,Pokok Utama,109.23198403549144,-0.43945764216194444,1987,109.2319591,-0.43946648,3.44,0.558,0.558,Healthy,Good
AME II,D005A,D05,2009,11,7,170940,0.4201397422371548,Stres Sedang,0.43511851396938245,Stres Sedang,Pokok Utama,109.23206392159686,-0.43943442351405804,2547,109.23205252,-0.43945339,1.86,0.449,0.449,Healthy,Moderate
AME II,D005A,D05,2009,11,8,63832,0.4096484014338899,Stres Sedang,0.4342857099547361,Stres Sedang,Pokok Utama,109.23219355714338,-0.4394087711140227,2675,109.23218143,-0.43942674,1.43,0.554,0.554,Healthy,Good
AME II,D005A,D05,2009,11,10,65674,0.4424561584893971,Stres Sedang,0.4710435799066304,Stres Sedang,Pokok Utama,109.23238232964188,-0.4394364669007348,1494,109.23238624,-0.43942814,5.01,0.541,0.541,Healthy,Good
AME II,D005A,D05,2009,11,11,65618,0.4262540800997515,Stres Sedang,0.4395328122867045,Stres Sedang,Pokok Utama,109.23244558127982,-0.43946226437676056,1179,109.2324563,-0.43943675,6.06,0.477,0.477,Healthy,Good
AME II,D005A,D05,2009,11,12,65615,0.41858298537622324,Stres Sedang,0.4550739008359388,Stres Sedang,Pokok Utama,109.23257888774762,-0.4394304732558721,1264,109.2325879,-0.43943904,5.81,0.587,0.587,Healthy,Good
AME II,D005A,D05,2009,11,15,65666,0.3924932512296578,Stres Berat,0.4409860612137838,Stres Sedang,Pokok Utama,109.23297289181316,-0.4394523119046916,953,109.23299031,-0.43947396,6.81,0.517,0.517,Healthy,Good
AME II,D005A,D05,2009,11,16,65669,,-,0.29184960541437155,Stres Sangat Berat,Sisip Des25,109.23310565110194,-0.4394309386312377,2866,109.23308284,-0.43942967,0.8,0.32,0.32,Abnormal,Critical
AME II,D005A,D05,2009,12,2,63820,0.3587035081527619,Stres Berat,0.3746852007001298,Stres Berat,Pokok Utama,109.23148389965097,-0.439368310883706,599,109.23147316,-0.43937277,7.94,0.442,0.442,Healthy,Moderate
AME II,D005A,D05,2009,12,3,63815,0.3609540180375032,Stres Berat,0.40064478109957663,Stres Sedang,Pokok Utama,109.23157652576984,-0.4393406621914437,282,109.23158544,-0.43935923,9.1,0.497,0.497,Healthy,Good
AME II,D005A,D05,2009,12,4,63821,,-,0.36874673735772445,Stres Berat,Sisip Des25,109.23163432793464,-0.4393679286044557,2945,109.23163664,-0.43939722,0.6,0.424,0.424,Abnormal,Sub-Optimal
AME II,D005A,D05,2009,12,7,63825,0.4000665878416477,Stres Sedang,0.41448058078995975,Stres Sedang,Pokok Utama,109.23188090788109,-0.4393960690396242,1379,109.2318666,-0.43938552,5.4,0.46,0.46,Healthy,Good
AME II,D005A,D05,2009,12,10,63811,0.42253471371393536,Stres Sedang,0.4308700180178923,Stres Sedang,Pokok Utama,109.23212755540925,-0.4393768529553584,1975,109.2321244,-0.43936976,3.47,0.477,0.477,Healthy,Good
AME II,D005A,D05,2009,12,11,65693,0.33478353953524814,Stres Berat,0.39614154797735457,Stres Berat,Pokok Utama,109.23252048283484,-0.4393928953240991,2891,109.23252278,-0.43939472,0.75,0.503,0.503,Abnormal,Good
AME II,D005A,D05,2009,12,14,63812,0.3785206565188278,Stres Berat,0.4539808225668507,Stres Sedang,Pokok Utama,109.23269260164382,-0.43933753384202195,754,109.2326764,-0.43934411,7.45,0.489,0.489,Healthy,Good
AME II,D005A,D05,2009,12,18,65661,0.4457718766909434,Stres Sedang,0.4350474620119446,Stres Sedang,Pokok Utama,109.23310647396922,-0.43933517570587766,708,109.23313676,-0.43933609,7.63,0.523,0.523,Healthy,Good
AME II,D005A,D05,2009,12,19,327237,0.4115141573503471,Stres Sedang,0.40951436850080675,Stres Sedang,Tamb,109.2331459904569,-0.439345905762242,708,109.23313676,-0.43933609,7.63,0.523,0.523,Healthy,Good
AME II,D005A,D05,2009,12,21,65641,,-,0.2848423743137607,Stres Sangat Berat,Sisip Des25,109.23329973473476,-0.4393759034856061,2682,109.23329934,-0.43937637,1.4,0.382,0.382,Healthy,Critical
AME II,D005A,D05,2009,12,23,65633,0.38652013544841607,Stres Berat,0.4224073476181918,Stres Sedang,Pokok Utama,109.2334080706729,-0.43935672950796634,662,109.23341791,-0.43937232,7.74,0.48,0.48,Healthy,Good
AME II,D005A,D05,2009,12,24,65632,0.390763106087773,Stres Berat,0.4258948961740508,Stres Sedang,Pokok Utama,109.23348228173104,-0.43931027367492037,620,109.23349832,-0.43931809,7.88,0.438,0.438,Healthy,Moderate
AME II,D005A,D05,2009,12,25,65634,0.3018556156851737,Stres Berat,0.30444040766422764,Stres Berat,Mati Des25,109.23354875061658,-0.43932370919795943,2525,109.23356075,-0.43931765,1.91,0.378,0.378,Healthy,Critical
AME II,D005A,D05,2009,13,1,65528,0.42001801140257444,Stres Sedang,0.42020323085439165,Stres Sedang,Pokok Utama,109.23144341980446,-0.4393171730306728,804,109.23145431,-0.43931217,7.29,0.503,0.503,Healthy,Good
AME II,D005A,D05,2009,13,4,388503,,-,0.3265897976084899,Stres Berat,Sisip Des25,109.23158406898092,-0.43923703643126816,2969,109.23159715,-0.43923625,0.53,0.391,0.391,Abnormal,Sub-Optimal
AME II,D005A,D05,2009,13,5,63808,0.41387066079057344,Stres Sedang,0.42092561687757735,Stres Sedang,Pokok Utama,109.23162631348906,-0.4393093660778552,307,109.23164654,-0.43930182,8.98,0.479,0.479,Healthy,Good
AME II,D005A,D05,2009,13,6,63810,0.414847882002812,Stres Sedang,0.4176933673003929,Stres Sedang,Pokok Utama,109.2316843301113,-0.43932470562363884,299,109.23168382,-0.43930997,9.03,0.466,0.466,Healthy,Good
AME II,D005A,D05,2009,13,7,63802,0.4455172669574092,Stres Sedang,0.42998409315350977,Stres Sedang,Pokok Utama,109.2317712338708,-0.43925787736147065,1082,109.23176108,-0.43923674,6.35,0.511,0.511,Healthy,Good
AME II,D005A,D05,2009,13,9,63806,0.4280454061595451,Stres Sedang,0.45259680389512774,Stres Sedang,Pokok Utama,109.23192113079683,-0.4393077540020435,2219,109.23194206,-0.43933173,2.75,0.478,0.478,Healthy,Good
AME II,D005A,D05,2009,13,11,63833,0.4484557664501892,Stres Sedang,0.4471952156336219,Stres Sedang,Pokok Utama,109.23203101072178,-0.4392344209921317,2455,109.23202921,-0.43927026,2.1,0.444,0.444,Healthy,Moderate
AME II,D005A,D05,2009,13,12,63822,0.3854842394753678,Stres Berat,0.42170153625360024,Stres Sedang,Pokok Utama,109.23208249576223,-0.43927454546444583,2803,109.23208177,-0.4392436,1.04,0.442,0.442,Healthy,Moderate
AME II,D005A,D05,2009,13,13,63807,,-,0.3548261752665633,Stres Berat,Sisip Des25,109.2321436143557,-0.43923615992704484,1121,109.2321671,-0.43924859,6.23,0.423,0.423,Healthy,Sub-Optimal
AME II,D005A,D05,2009,13,15,388501,,-,0.36519065069358536,Stres Berat,Sisip Des25,109.2322641607344,-0.4392297925062483,698,109.23226501,-0.43925856,7.65,0.444,0.444,Healthy,Moderate
AME II,D005A,D05,2009,13,16,65677,0.3776959175169631,Stres Berat,0.42669462045695433,Stres Sedang,Pokok Utama,109.23226544188446,-0.4392836634408912,698,109.23226501,-0.43925856,7.65,0.444,0.444,Healthy,Moderate
AME II,D005A,D05,2009,13,18,65675,0.4531098285008221,Stres Sedang,0.46253644140333094,Stres Sedang,Pokok Utama,109.23237689721618,-0.4392559306507594,157,109.23239077,-0.43924412,9.77,0.483,0.483,Healthy,Good
AME II,D005A,D05,2009,13,22,65708,0.4021044833715572,Stres Sedang,0.44462694427819116,Stres Sedang,Pokok Utama,109.23275142917537,-0.4392875283138482,1194,109.23275366,-0.43929349,6.0,0.454,0.454,Healthy,Moderate
AME II,D005A,D05,2009,13,24,65655,0.3656134162944038,Stres Berat,0.4027085546903507,Stres Sedang,Pokok Utama,109.23292525661479,-0.43932850327637657,1565,109.23289738,-0.4393089,4.8,0.36,0.36,Suspect,Critical
AME II,D005A,D05,2009,13,25,65622,0.416339983752157,Stres Sedang,0.4557829313049204,Stres Sedang,Pokok Utama,109.23294197448648,-0.4392324433064552,1122,109.23292704,-0.43921622,6.23,0.509,0.509,Healthy,Good
AME II,D005A,D05,2009,13,27,65623,0.403346627893607,Stres Sedang,0.4636895222678619,Stres Sedang,Pokok Utama,109.23302014924039,-0.43923726706688326,1604,109.23301731,-0.43925151,4.66,0.358,0.358,Suspect,Critical
AME II,D005A,D05,2009,13,29,65658,0.3825526408422483,Stres Berat,0.3811726294031836,Stres Berat,Pokok Utama,109.23316980303593,-0.4392535053259567,1731,109.23316687,-0.43926917,4.16,0.437,0.437,Healthy,Moderate
AME II,D005A,D05,2009,13,32,65629,0.3862197465927883,Stres Berat,0.43083676705947993,Stres Sedang,Pokok Utama,109.23344632184171,-0.43923685085621794,1101,109.23346779,-0.43925613,6.28,0.542,0.542,Healthy,Good
AME II,D005A,D05,2009,14,2,63797,0.4121175564476576,Stres Sedang,0.43993476205377396,Stres Sedang,Pokok Utama,109.23145241825452,-0.43922669158189326,43,109.23145702,-0.43924571,10.77,0.508,0.508,Healthy,Good
AME II,D005A,D05,2009,14,3,63779,0.4140052666139225,Stres Sedang,0.40071335972257144,Stres Sedang,Pokok Utama,109.23147857259481,-0.439152997858959,530,109.23148848,-0.4391476,8.17,0.511,0.511,Healthy,Good
AME II,D005A,D05,2009,14,4,63792,0.40842012788743187,Stres Sedang,0.42501053101819913,Stres Sedang,Pokok Utama,109.23151765370392,-0.43916543631867655,357,109.23153518,-0.43917745,8.8,0.499,0.499,Healthy,Good
AME II,D005A,D05,2009,14,5,63798,0.4289790541096419,Stres Sedang,0.3560386366467804,Stres Berat,Mati Jan26,109.2316236181605,-0.4391937171764409,2978,109.23163488,-0.43922179,0.52,0.363,0.363,Abnormal,Critical
AME II,D005A,D05,2009,14,6,63793,0.410605289058335,Stres Sedang,0.4310519097486248,Stres Sedang,Pokok Utama,109.23165936046813,-0.4391633964753819,330,109.23162501,-0.43916346,8.9,0.467,0.467,Healthy,Good
AME II,D005A,D05,2009,14,7,63801,0.4451425681900547,Stres Sedang,0.4339705943950866,Stres Sedang,Pokok Utama,109.23173140849647,-0.43921004248478535,488,109.23172201,-0.43923175,8.29,0.498,0.498,Healthy,Good
AME II,D005A,D05,2009,14,8,63790,0.4319497252812687,Stres Sedang,0.45584656979579674,Stres Sedang,Pokok Utama,109.23178597499815,-0.43916277343728133,2267,109.23178715,-0.43918429,2.63,0.46,0.46,Abnormal,Good
AME II,D005A,D05,2009,14,9,63796,0.4052202024977544,Stres Sedang,0.4527636470156004,Stres Sedang,Pokok Utama,109.23189833850805,-0.4391860687706986,215,109.23188595,-0.4392024,9.43,0.444,0.444,Healthy,Moderate
AME II,D005A,D05,2009,14,10,63789,0.42576138830263277,Stres Sedang,0.4572670526485396,Stres Sedang,Pokok Utama,109.2319913722385,-0.4391559768052438,1635,109.23198477,-0.43916716,4.54,0.457,0.457,Healthy,Moderate
AME II,D005A,D05,2009,14,11,63795,,-,0.3610450017231482,Stres Berat,Sisip Des25,109.23207991772561,-0.43915587362059455,749,109.2321047,-0.43914096,7.47,0.428,0.428,Healthy,Sub-Optimal
AME II,D005A,D05,2009,14,12,65680,0.39651219857388803,Stres Berat,0.4074225343738525,Stres Sedang,Pokok Utama,109.23219877985964,-0.43912703368742756,410,109.23220127,-0.4391116,8.59,0.392,0.392,Healthy,Sub-Optimal
AME II,D005A,D05,2009,14,13,63780,,-,0.346606379266111,Stres Berat,Sisip Des25,109.23228129244166,-0.43914772964024307,797,109.23227133,-0.4391184,7.31,0.446,0.446,Healthy,Moderate
AME II,D005A,D05,2009,14,14,65678,0.42388564134006435,Stres Sedang,0.4393150232831208,Stres Sedang,Pokok Utama,109.23239354954322,-0.4391865487952904,1310,109.23238494,-0.43919303,5.66,0.492,0.492,Healthy,Good
AME II,D005A,D05,2009,14,15,65689,0.43679573788312454,Stres Sedang,0.4569415023048976,Stres Sedang,Pokok Utama,109.23251480894722,-0.4391591265223464,285,109.23254349,-0.43917362,9.1,0.434,0.434,Healthy,Moderate
AME II,D005A,D05,2009,14,16,65694,0.4338725957193581,Stres Sedang,0.44770669604563823,Stres Sedang,Pokok Utama,109.23253525697095,-0.4392033827674406,285,109.23254349,-0.43917362,9.1,0.434,0.434,Healthy,Moderate
AME II,D005A,D05,2009,14,19,65710,0.37934224256168647,Stres Berat,0.4651528334569994,Stres Sedang,Pokok Utama,109.23264407299966,-0.43920781241096,210,109.23265622,-0.43919445,9.44,0.509,0.509,Healthy,Good
AME II,D005A,D05,2009,14,20,65706,0.43664612970557054,Stres Sedang,0.46563812284384326,Stres Sedang,Pokok Utama,109.23274173013468,-0.43915134957349805,683,109.23273348,-0.43914337,7.69,0.477,0.477,Healthy,Good
AME II,D005A,D05,2009,14,21,65716,0.38539162726434945,Stres Berat,0.41198400950726166,Stres Sedang,Pokok Utama,109.23282557654191,-0.439140425777503,1232,109.23285385,-0.4391538,5.9,0.448,0.448,Healthy,Moderate
AME II,D005A,D05,2009,14,22,65709,0.44372778346363867,Stres Sedang,0.46091359514538555,Stres Sedang,Pokok Utama,109.23282682988416,-0.4391976738139985,198,109.23283497,-0.43920625,9.53,0.467,0.467,Healthy,Good
AME II,D005A,D05,2009,14,24,65625,0.4242788584941645,Stres Sedang,0.4167899713472766,Stres Sedang,Pokok Utama,109.23313258147546,-0.439169420519799,1357,109.23313006,-0.43919275,5.48,0.497,0.497,Healthy,Good
AME II,D005A,D05,2009,14,25,65626,0.3977542462219533,Stres Berat,0.40538781553571296,Stres Sedang,Pokok Utama,109.23321059397766,-0.43918228204248433,2027,109.23322663,-0.4391869,3.35,0.468,0.468,Healthy,Good
AME II,D005A,D05,2009,14,27,65627,0.3884000921045264,Stres Berat,0.44380386265332517,Stres Sedang,Pokok Utama,109.23335724698843,-0.4392003042650272,1360,109.23338023,-0.43920547,5.46,0.528,0.528,Healthy,Good
AME II,D005A,D05,2009,14,28,65630,0.4173047805195822,Stres Sedang,0.4641218034253604,Stres Sedang,Pokok Utama,109.23344443113076,-0.4391931650048566,790,109.23344446,-0.43918469,7.34,0.521,0.521,Healthy,Good
AME II,D005A,D05,2009,14,29,65631,0.4255375648207316,Stres Sedang,0.44711233135128375,Stres Sedang,Pokok Utama,109.23355607393535,-0.4391583924773703,860,109.23353429,-0.43914492,7.1,0.509,0.509,Healthy,Good
AME II,D005A,D05,2009,15,1,65531,0.38395917292697546,Stres Berat,0.413351398329308,Stres Sedang,Pokok Utama,109.23143659907045,-0.4391212419449392,455,109.23144044,-0.43909016,8.41,0.501,0.501,Healthy,Good
AME II,D005A,D05,2009,15,3,388504,,-,0.3717282193678397,Stres Berat,Sisip Des25,109.23165372047582,-0.43909038291293473,1451,109.23162682,-0.4391101,5.18,0.436,0.436,Healthy,Moderate
AME II,D005A,D05,2009,15,6,63785,0.46103982538009336,Stres Sedang,0.4709783233909271,Stres Sedang,Pokok Utama,109.23197375187964,-0.43908679361766995,1574,109.23194751,-0.43909797,4.76,0.487,0.487,Healthy,Good
AME II,D005A,D05,2009,15,7,63787,0.4434631677244475,Stres Sedang,0.44088932204121273,Stres Sedang,Pokok Utama,109.23207490708877,-0.4390962954612738,770,109.2320818,-0.43910388,7.41,0.441,0.441,Healthy,Moderate
AME II,D005A,D05,2009,15,8,63781,0.41120556978061407,Stres Sedang,0.4207213919685624,Stres Sedang,Pokok Utama,109.23214094387272,-0.4390851682312144,102,109.23214244,-0.43905823,10.14,0.461,0.461,Healthy,Good
AME II,D005A,D05,2009,15,9,65679,0.40034192950799385,Stres Sedang,0.428759751117767,Stres Sedang,Pokok Utama,109.2323191476648,-0.4390815402273865,664,109.2323131,-0.43910936,7.74,0.444,0.444,Healthy,Moderate
AME II,D005A,D05,2009,15,11,184096,0.43754473796877635,Stres Sedang,0.4650075705940703,Stres Sedang,Pokok Utama,109.2324519661924,-0.4390660996056575,1789,109.23245683,-0.43909628,4.0,0.457,0.457,Abnormal,Moderate
AME II,D005A,D05,2009,15,12,65690,0.4202966147372405,Stres Sedang,0.4548179020183627,Stres Sedang,Pokok Utama,109.2324894286187,-0.4390556913366535,1418,109.23250489,-0.43907821,5.29,0.482,0.482,Healthy,Good
AME II,D005A,D05,2009,15,13,65695,0.4065206501863338,Stres Sedang,0.46240776253887167,Stres Sedang,Pokok Utama,109.23260820237198,-0.43906109062496085,61,109.23260954,-0.43908863,10.43,0.56,0.56,Healthy,Good
AME II,D005A,D05,2009,15,16,388495,,-,0.32095839129414216,Stres Berat,Sisip Des25,109.23294112772,-0.43910637398692226,2499,109.23295223,-0.43908781,1.97,0.405,0.405,Abnormal,Sub-Optimal
AME II,D005A,D05,2009,15,17,65723,0.4253052343875904,Stres Sedang,0.4626645362277795,Stres Sedang,Pokok Utama,109.23307516101247,-0.43909639791488997,560,109.23304789,-0.4390901,8.08,0.408,0.408,Healthy,Sub-Optimal
AME II,D005A,D05,2009,15,19,65734,0.3516477273320252,Stres Berat,0.3642986836009662,Stres Berat,Pokok Utama,109.23334628011597,-0.4390874515582841,1066,109.23332411,-0.43911141,6.42,0.403,0.403,Healthy,Sub-Optimal
AME II,D005A,D05,2009,15,20,65737,0.352927557144263,Stres Berat,0.38299420991061645,Stres Berat,Pokok Utama,109.2334245987114,-0.43907408597141423,1558,109.23341079,-0.43908973,4.82,0.447,0.447,Healthy,Moderate
AME II,D005A,D05,2009,15,21,65743,0.40575739612086853,Stres Sedang,0.4300078775695755,Stres Sedang,Pokok Utama,109.23350516505971,-0.43907931884883755,1063,109.23351813,-0.43910196,6.43,0.526,0.526,Healthy,Good
AME II,D005A,D05,2009,16,1,63786,0.3954012290679677,Stres Berat,0.4394190075071807,Stres Sedang,Pokok Utama,109.23142313873299,-0.4390820716940952,455,109.23144044,-0.43909016,8.41,0.501,0.501,Healthy,Good
AME II,D005A,D05,2009,16,2,63778,0.36446942857601355,Stres Berat,0.39946434620613663,Stres Berat,Pokok Utama,109.23150908939795,-0.43902917498753136,688,109.23150917,-0.43900472,7.67,0.463,0.463,Healthy,Good
AME II,D005A,D05,2009,16,3,63859,0.47011477888251346,Stres Sedang,0.4070997692228504,Stres Sedang,Pokok Utama,109.23160980228256,-0.4390355496436025,1812,109.23159451,-0.43901605,3.95,0.466,0.466,Abnormal,Good
AME II,D005A,D05,2009,16,4,63772,0.40150508255575024,Stres Sedang,0.4050720354019399,Stres Sedang,Pokok Utama,109.23165661633277,-0.43902292400899684,1240,109.23164256,-0.4390346,5.87,0.454,0.454,Healthy,Moderate
AME II,D005A,D05,2009,16,5,63776,0.440676308925496,Stres Sedang,0.4440894148954266,Stres Sedang,Pokok Utama,109.23175662684832,-0.4390400863266119,777,109.23176473,-0.43903282,7.39,0.449,0.449,Healthy,Moderate
AME II,D005A,D05,2009,16,6,184140,,-,0.3343946204141334,Stres Berat,Sisip Des25,109.23183747947748,-0.439025358562609,1620,109.23183883,-0.43905409,4.59,0.472,0.472,Healthy,Good
AME II,D005A,D05,2009,16,7,63773,0.39762915226322465,Stres Berat,0.4386276527640995,Stres Sedang,Pokok Utama,109.23191850641277,-0.43901923453850317,792,109.23189812,-0.4390116,7.33,0.468,0.468,Healthy,Good
AME II,D005A,D05,2009,16,8,63774,0.4377782239254637,Stres Sedang,0.4541379614316523,Stres Sedang,Pokok Utama,109.23200903000708,-0.4390401509249653,1368,109.23203465,-0.43905866,5.44,0.485,0.485,Healthy,Good
AME II,D005A,D05,2009,16,9,63777,,-,0.3756973122311111,Stres Berat,Sisip Des25,109.2321373318881,-0.43903099981405214,102,109.23214244,-0.43905823,10.14,0.461,0.461,Healthy,Good
AME II,D005A,D05,2009,16,10,63770,0.38288056861858116,Stres Berat,0.4087045823994242,Stres Sedang,Pokok Utama,109.23220965751499,-0.4390594094672938,763,109.23223137,-0.43906639,7.43,0.453,0.453,Healthy,Moderate
AME II,D005A,D05,2009,16,11,65683,,-,0.3414659123285817,Stres Berat,Sisip Des25,109.23224568704157,-0.43901376451377727,2709,109.23226686,-0.43902028,1.31,0.456,0.456,Abnormal,Moderate
AME II,D005A,D05,2009,16,12,65688,0.4763771766513871,Stres Sedang,0.4657859026170793,Stres Sedang,Pokok Utama,109.23241227993891,-0.43904363571668514,609,109.23238813,-0.43901986,7.91,0.445,0.445,Healthy,Moderate
AME II,D005A,D05,2009,16,16,65701,0.44315199301197167,Stres Sedang,0.43601737933036644,Stres Sedang,Pokok Utama,109.23277114363503,-0.4390199091043764,853,109.23275462,-0.43904165,7.12,0.432,0.432,Healthy,Moderate
AME II,D005A,D05,2009,16,17,65712,0.39169456409703335,Stres Berat,0.42164302219456,Stres Sedang,Pokok Utama,109.23284178993913,-0.4390121230530336,1665,109.23283501,-0.4390385,4.41,0.451,0.451,Healthy,Moderate
AME II,D005A,D05,2009,16,18,65717,0.3892128428301221,Stres Berat,0.42181401774287225,Stres Sedang,Pokok Utama,109.23292545369506,-0.43899443702669455,1638,109.23293293,-0.43901456,4.53,0.471,0.471,Healthy,Good
AME II,D005A,D05,2009,16,19,65722,0.39037275872920585,Stres Berat,0.44579237223812446,Stres Sedang,Pokok Utama,109.23301627033926,-0.43902524956577915,744,109.23303309,-0.43901549,7.49,0.43,0.43,Healthy,Moderate
AME II,D005A,D05,2009,16,20,65724,0.42995309961985234,Stres Sedang,0.4473642383836295,Stres Sedang,Pokok Utama,109.2331117019086,-0.4390378912549359,1011,109.2331054,-0.43902183,6.61,0.435,0.435,Healthy,Moderate
AME II,D005A,D05,2009,16,21,65730,0.4181691042286804,Stres Sedang,0.4055013496645154,Stres Sedang,Pokok Utama,109.23319875785936,-0.43905096758847517,1907,109.23319791,-0.43905622,3.67,0.498,0.498,Healthy,Good
AME II,D005A,D05,2009,16,22,65732,0.3792939122309766,Stres Berat,0.3926824143005073,Stres Berat,Pokok Utama,109.23325802917006,-0.43905783667311155,2379,109.2332581,-0.43903634,2.29,0.396,0.396,Healthy,Sub-Optimal
AME II,D005A,D05,2009,16,23,65735,0.36863901434747476,Stres Berat,0.405843612406964,Stres Sedang,Pokok Utama,109.23334666258815,-0.43904007759852054,2814,109.23334838,-0.43900426,0.98,0.421,0.421,Abnormal,Sub-Optimal
AME II,D005A,D05,2009,16,24,65738,0.4087839583044603,Stres Sedang,0.478056545880331,Stres Sedang,Pokok Utama,109.23345522402208,-0.4390450681300643,2046,109.23346785,-0.43903006,3.27,0.48,0.48,Abnormal,Good
AME II,D005A,D05,2009,16,25,65742,0.4048694896267239,Stres Sedang,0.4404356203676924,Stres Sedang,Pokok Utama,109.23354259861868,-0.43902828424931084,1070,109.23356261,-0.4390554,6.4,0.536,0.536,Healthy,Good
AME II,D005A,D05,2009,17,1,63743,0.39846890048416655,Stres Berat,0.4374271718667132,Stres Sedang,Pokok Utama,109.23140170729467,-0.43895703752328685,125,109.23140678,-0.43895677,9.99,0.516,0.516,Healthy,Good
AME II,D005A,D05,2009,17,3,63767,0.4101057786402637,Stres Sedang,0.41494049475530886,Stres Sedang,Pokok Utama,109.23165370673793,-0.4389518141656058,211,109.23167312,-0.4389591,9.44,0.489,0.489,Healthy,Good
AME II,D005A,D05,2009,17,5,63763,0.4004729714048965,Stres Sedang,0.4007073865513921,Stres Sedang,Pokok Utama,109.23178025847898,-0.4389101940013372,579,109.23178721,-0.43891617,8.03,0.499,0.499,Healthy,Good
AME II,D005A,D05,2009,17,7,63766,0.4345187865293571,Stres Sedang,0.45465286383845255,Stres Sedang,Pokok Utama,109.23198025940539,-0.4389494801088509,1767,109.23195652,-0.43896595,4.05,0.483,0.483,Healthy,Good
AME II,D005A,D05,2009,17,8,63769,0.449429043893064,Stres Sedang,0.44259239885177837,Stres Sedang,Pokok Utama,109.232065164753,-0.4389619971673543,1532,109.23205309,-0.43896507,4.9,0.609,0.609,Healthy,Good
AME II,D005A,D05,2009,17,9,63765,0.42324888293146107,Stres Sedang,0.4027648315017606,Stres Sedang,Pokok Utama,109.23212324556782,-0.43894191091584805,702,109.23213932,-0.4389565,7.64,0.597,0.597,Healthy,Good
AME II,D005A,D05,2009,17,11,65682,0.4293532394248123,Stres Sedang,0.4428886594265175,Stres Sedang,Pokok Utama,109.23229906720626,-0.4389135062508634,420,109.23229787,-0.4389285,8.55,0.433,0.433,Healthy,Moderate
AME II,D005A,D05,2009,17,13,65699,0.43569488569959425,Stres Sedang,0.43758580851621137,Stres Sedang,Pokok Utama,109.23244704146927,-0.43893929256615455,349,109.23246899,-0.43892809,8.84,0.448,0.448,Healthy,Moderate
AME II,D005A,D05,2009,17,14,65700,0.4364148113489869,Stres Sedang,0.4559457790361944,Stres Sedang,Pokok Utama,109.23251826607024,-0.43894687728728277,260,109.23250986,-0.43895568,9.25,0.416,0.416,Healthy,Sub-Optimal
AME II,D005A,D05,2009,17,16,65702,0.4068661941771638,Stres Sedang,0.4278850849298818,Stres Sedang,Pokok Utama,109.2327842715822,-0.43896098100087483,755,109.23276901,-0.43894127,7.45,0.445,0.445,Healthy,Moderate
AME II,D005A,D05,2009,17,17,65713,0.4187612030436011,Stres Sedang,0.4492774098734079,Stres Sedang,Pokok Utama,109.23287106121396,-0.43894435042440133,2252,109.23287142,-0.43894356,2.66,0.538,0.538,Abnormal,Good
AME II,D005A,D05,2009,17,18,65718,0.40439897969800637,Stres Sedang,0.4568177457757301,Stres Sedang,Pokok Utama,109.23293632032694,-0.4389422633817555,2208,109.23294822,-0.43894267,2.78,0.508,0.508,Abnormal,Good
AME II,D005A,D05,2009,17,19,65720,0.39341603788551555,Stres Berat,0.4228951615862509,Stres Sedang,Pokok Utama,109.23302233800811,-0.43894176241585686,1053,109.23303356,-0.4389332,6.47,0.522,0.522,Healthy,Good
AME II,D005A,D05,2009,17,20,329145,,-,0.32936424050066204,Stres Berat,Sisip Des25,109.23308319301485,-0.4389605549007419,1353,109.23306634,-0.43895265,5.49,0.456,0.456,Healthy,Moderate
AME II,D005A,D05,2009,17,21,65725,0.4215160733366614,Stres Sedang,0.4435730830373202,Stres Sedang,Pokok Utama,109.23318840000188,-0.43895062468847457,1583,109.23316875,-0.43893323,4.74,0.446,0.446,Healthy,Moderate
AME II,D005A,D05,2009,17,22,65731,0.3544458081493362,Stres Berat,0.3956468294064204,Stres Berat,Pokok Utama,109.23326485371868,-0.4389526461121582,2129,109.23323881,-0.43894591,3.04,0.45,0.45,Healthy,Moderate
AME II,D005A,D05,2009,17,24,65729,0.36043977068894795,Stres Berat,0.41259070630242795,Stres Sedang,Pokok Utama,109.23338622344706,-0.438953712135645,2191,109.23341352,-0.43894549,2.84,0.471,0.471,Healthy,Good
AME II,D005A,D05,2009,18,1,65914,0.4335369291181828,Stres Sedang,0.44556472554301124,Stres Sedang,Pokok Utama,109.23138103325668,-0.4389018024786062,326,109.23138479,-0.43891065,8.92,0.473,0.473,Healthy,Good
AME II,D005A,D05,2009,18,2,63759,0.4315289082069392,Stres Sedang,0.43894111864544727,Stres Sedang,Pokok Utama,109.23145517962134,-0.43888940412480404,21,109.23145575,-0.43891202,11.3,0.481,0.481,Healthy,Good
AME II,D005A,D05,2009,18,3,63756,0.410931259997738,Stres Sedang,0.45283386243877954,Stres Sedang,Pokok Utama,109.2315004062101,-0.4388912112448915,471,109.23152267,-0.43891204,8.38,0.509,0.509,Healthy,Good
AME II,D005A,D05,2009,18,4,63752,0.40253583974718166,Stres Sedang,0.38568911556849816,Stres Berat,Pokok Utama,109.23166377340901,-0.43885366503091777,194,109.23165338,-0.43884922,9.54,0.458,0.458,Healthy,Moderate
AME II,D005A,D05,2009,18,5,170893,0.373696656316225,Stres Berat,0.38734911934961114,Stres Berat,Pokok Utama,109.23176664686196,-0.43886171022501064,873,109.23178274,-0.43883388,7.05,0.4,0.4,Healthy,Sub-Optimal
AME II,D005A,D05,2009,18,6,63754,0.3541766945338934,Stres Berat,0.3893970676909703,Stres Berat,Pokok Utama,109.23186715469565,-0.4388516359584442,1608,109.23189278,-0.43882667,4.65,0.392,0.392,Healthy,Sub-Optimal
AME II,D005A,D05,2009,18,7,63757,0.4467866707752333,Stres Sedang,0.43422815696997286,Stres Sedang,Pokok Utama,109.23200650649206,-0.43886968090809236,1591,109.2319772,-0.43887597,4.72,0.436,0.436,Healthy,Moderate
AME II,D005A,D05,2009,18,8,63753,0.4456260245480866,Stres Sedang,0.4405488249393973,Stres Sedang,Pokok Utama,109.23207898774427,-0.4388826068634866,1787,109.23205131,-0.4388674,4.0,0.531,0.531,Healthy,Good
AME II,D005A,D05,2009,18,9,63750,0.4473629785476321,Stres Sedang,0.43869443332034475,Stres Sedang,Pokok Utama,109.23211798382151,-0.43882485541248484,1991,109.23210971,-0.43884526,3.44,0.445,0.445,Healthy,Moderate
AME II,D005A,D05,2009,18,10,63755,,-,0.35294380473439807,Stres Berat,Sisip Des25,109.2321755705883,-0.4388601925060134,1509,109.23216316,-0.43883261,4.96,0.426,0.426,Healthy,Sub-Optimal
AME II,D005A,D05,2009,18,11,63758,0.40993691870384324,Stres Sedang,0.4258086673908481,Stres Sedang,Pokok Utama,109.23225407114084,-0.43886815991014805,464,109.23225388,-0.43884982,8.4,0.514,0.514,Healthy,Good
AME II,D005A,D05,2009,18,14,65686,,-,0.35455145784366277,Stres Berat,Sisip Des25,109.23251238674895,-0.4388611777142171,2939,109.23253997,-0.43885983,0.61,0.385,0.385,Abnormal,Critical
AME II,D005A,D05,2009,18,15,65687,0.4052413750429676,Stres Sedang,0.4776890424392166,Stres Sedang,Pokok Utama,109.23261888828912,-0.4388744899678756,253,109.23262621,-0.43885443,9.28,0.488,0.488,Healthy,Good
AME II,D005A,D05,2009,18,16,65721,0.3801558106779205,Stres Berat,0.4297139241858866,Stres Sedang,Pokok Utama,109.23267552920234,-0.43890736841861216,934,109.23266752,-0.43889015,6.86,0.47,0.47,Healthy,Good
AME II,D005A,D05,2009,18,17,65703,0.4090087070528224,Stres Sedang,0.4143893181486141,Stres Sedang,Pokok Utama,109.23279286062044,-0.43888721576274464,2933,109.23276633,-0.43887526,0.62,0.437,0.437,Abnormal,Moderate
AME II,D005A,D05,2009,18,18,65714,0.4167592908759787,Stres Sedang,0.43438353641540384,Stres Sedang,Pokok Utama,109.23292049396973,-0.4388828617171077,2476,109.23289792,-0.43890332,2.03,0.53,0.53,Healthy,Good
AME II,D005A,D05,2009,18,19,65715,0.41835228496791566,Stres Sedang,0.4201452310460973,Stres Sedang,Pokok Utama,109.23296268454231,-0.43884937136658725,65,109.23295902,-0.4388319,10.41,0.546,0.546,Healthy,Good
AME II,D005A,D05,2009,18,20,65719,,-,0.3377111014672012,Stres Berat,Sisip Des25,109.23304053651478,-0.4388609395193083,2830,109.23305648,-0.43886854,0.93,0.428,0.428,Abnormal,Sub-Optimal
AME II,D005A,D05,2009,18,21,65726,0.3854243909334215,Stres Berat,0.4072054530914058,Stres Sedang,Pokok Utama,109.23323587665612,-0.43887583605687575,603,109.23321637,-0.43885909,7.93,0.459,0.459,Healthy,Moderate
AME II,D005A,D05,2009,18,22,65728,0.3810447946610298,Stres Berat,0.3864162313349453,Stres Berat,Pokok Utama,109.23334972367078,-0.43885911446137704,1384,109.23332372,-0.43883922,5.39,0.434,0.434,Healthy,Moderate
AME II,D005A,D05,2009,18,24,65740,0.41768273178234366,Stres Sedang,0.43815892906319787,Stres Sedang,Pokok Utama,109.23356273111672,-0.4388879807956767,943,109.2335896,-0.43888224,6.85,0.497,0.497,Healthy,Good
AME II,D005A,D05,2009,19,1,65913,0.4121079679291041,Stres Sedang,0.43857558660664775,Stres Sedang,Pokok Utama,109.23138770450501,-0.43883002572899754,205,109.23137313,-0.43883288,9.49,0.462,0.462,Healthy,Good
AME II,D005A,D05,2009,19,2,63742,0.3752697739458567,Stres Berat,0.43963006243726366,Stres Sedang,Pokok Utama,109.23146010622902,-0.43881352385384026,954,109.23147104,-0.43882928,6.8,0.497,0.497,Healthy,Good
AME II,D005A,D05,2009,19,3,63749,0.3795527975981761,Stres Berat,0.42266820182185305,Stres Sedang,Pokok Utama,109.23154293686682,-0.43881116127248526,567,109.23156536,-0.43881077,8.06,0.434,0.434,Healthy,Moderate
AME II,D005A,D05,2009,19,4,329152,,-,0.3339815424900267,Stres Berat,Sisip Des25,109.23180036686087,-0.43881011266492925,873,109.23178274,-0.43883388,7.05,0.4,0.4,Healthy,Sub-Optimal
AME II,D005A,D05,2009,19,7,63760,,-,0.34734186810085593,Stres Berat,Sisip Des25,109.23220897675942,-0.43880035234870846,680,109.23220719,-0.43876977,7.69,0.458,0.458,Healthy,Moderate
AME II,D005A,D05,2009,19,8,63724,0.458360878709403,Stres Sedang,0.4634934246981995,Stres Sedang,Pokok Utama,109.23229281300789,-0.438788084570676,24,109.23231947,-0.43877794,11.25,0.494,0.494,Healthy,Good
AME II,D005A,D05,2009,19,9,63745,0.43908658450662763,Stres Sedang,0.43847261869304344,Stres Sedang,Pokok Utama,109.23237344557367,-0.43879578807166075,72,109.2323801,-0.43879061,10.37,0.54,0.54,Healthy,Good
AME II,D005A,D05,2009,19,11,63746,0.4234015558108892,Stres Sedang,0.438689311136989,Stres Sedang,Pokok Utama,109.23253921079974,-0.43879205715325276,323,109.23254582,-0.43881552,8.92,0.469,0.469,Healthy,Good
AME II,D005A,D05,2009,19,12,63744,,-,0.35819213220785406,Stres Berat,Sisip Des25,109.23263053957649,-0.4388200845741551,253,109.23262621,-0.43885443,9.28,0.488,0.488,Healthy,Good
AME II,D005A,D05,2009,19,15,63734,0.41436379558989134,Stres Sedang,0.43668765930665865,Stres Sedang,Pokok Utama,109.2329407091839,-0.4387895032931731,87,109.23293164,-0.43878577,10.24,0.424,0.424,Healthy,Sub-Optimal
AME II,D005A,D05,2009,19,18,63741,0.42501509539933724,Stres Sedang,0.4251174597020211,Stres Sedang,Pokok Utama,109.23334295802965,-0.43879884501547434,793,109.23333451,-0.43878903,7.33,0.508,0.508,Healthy,Good
AME II,D005A,D05,2009,19,19,65727,,-,0.29915980523262664,Stres Sangat Berat,Sisip Des25,109.23340627008217,-0.438798104834808,838,109.23338615,-0.43882748,7.17,0.488,0.488,Healthy,Good
AME II,D005A,D05,2009,19,20,63747,0.40830601666503263,Stres Sedang,0.4519180871638251,Stres Sedang,Pokok Utama,109.23350398713595,-0.4388159527217134,1112,109.23350338,-0.43881123,6.26,0.466,0.466,Healthy,Good
AME II,D005A,D05,2009,20,1,65912,0.4130033627438219,Stres Sedang,0.4368151987457305,Stres Sedang,Pokok Utama,109.23137727018914,-0.4387338402951475,1280,109.2313507,-0.43871803,5.77,0.43,0.43,Healthy,Moderate
AME II,D005A,D05,2009,20,2,63725,0.3872136724130711,Stres Berat,0.4308645869205941,Stres Sedang,Pokok Utama,109.2314559045062,-0.4387409756527059,2576,109.23143827,-0.43873884,1.78,0.461,0.461,Abnormal,Good
AME II,D005A,D05,2009,20,4,63727,0.3772184228643112,Stres Berat,0.3908884238593186,Stres Berat,Pokok Utama,109.23162011510621,-0.43870814134014796,823,109.23162467,-0.43871538,7.22,0.418,0.418,Healthy,Sub-Optimal
AME II,D005A,D05,2009,20,5,63738,0.38951248354351165,Stres Berat,0.4102867861202827,Stres Sedang,Pokok Utama,109.23168988728833,-0.43871931673382825,1188,109.23167991,-0.43873709,6.02,0.523,0.523,Healthy,Good
AME II,D005A,D05,2009,20,6,63732,0.427857949016292,Stres Sedang,0.44257699564292596,Stres Sedang,Pokok Utama,109.23177962145814,-0.43871201757310746,908,109.23177962,-0.43870999,6.94,0.473,0.473,Healthy,Good
AME II,D005A,D05,2009,20,8,63716,0.3779225627398876,Stres Berat,0.40264752662372827,Stres Sedang,Pokok Utama,109.232011618726,-0.43874171569670434,1506,109.23202035,-0.43873717,4.97,0.503,0.503,Healthy,Good
AME II,D005A,D05,2009,20,9,63729,0.4137053232705241,Stres Sedang,0.4147918436564769,Stres Sedang,Pokok Utama,109.23218146412046,-0.438751943096935,680,109.23220719,-0.43876977,7.69,0.458,0.458,Healthy,Moderate
AME II,D005A,D05,2009,20,10,63719,0.3925956685984262,Stres Berat,0.4306192918598873,Stres Sedang,Pokok Utama,109.23223903761631,-0.4387386909996733,630,109.23224447,-0.4387318,7.84,0.514,0.514,Healthy,Good
AME II,D005A,D05,2009,20,11,63730,0.44192436958352727,Stres Sedang,0.47388155409982363,Stres Sedang,Pokok Utama,109.23231551664037,-0.4387609580892267,24,109.23231947,-0.43877794,11.25,0.494,0.494,Healthy,Good
AME II,D005A,D05,2009,20,12,63721,0.3316997017094766,Stres Berat,0.3767817609283643,Stres Berat,Pokok Utama,109.23247128698245,-0.43872500320898294,284,109.23248746,-0.43871061,9.1,0.444,0.444,Healthy,Moderate
AME II,D005A,D05,2009,20,14,65696,0.3761794936367593,Stres Berat,0.41081538597742717,Stres Sedang,Pokok Utama,109.23267138502116,-0.4387411799566109,577,109.23267699,-0.43871834,8.03,0.411,0.411,Healthy,Sub-Optimal
AME II,D005A,D05,2009,20,15,65943,0.4287214026960516,Stres Sedang,0.4489888473471913,Stres Sedang,Pokok Utama,109.23291490245444,-0.4387602371032701,87,109.23293164,-0.43878577,10.24,0.424,0.424,Healthy,Sub-Optimal
AME II,D005A,D05,2009,20,19,63733,0.4130401946003563,Stres Sedang,0.3999679322083889,Stres Berat,Pokok Utama,109.23325244542535,-0.43876218832492964,722,109.23324514,-0.43874425,7.58,0.503,0.503,Healthy,Good
AME II,D005A,D05,2009,20,20,63720,,-,0.327222945792566,Stres Berat,Sisip Des25,109.23334539618642,-0.4387466121059278,773,109.23331072,-0.43873884,7.4,0.348,0.348,Suspect,Critical
AME II,D005A,D05,2009,20,21,63718,0.40511778741870785,Stres Sedang,0.4460066841411443,Stres Sedang,Pokok Utama,109.23345367159708,-0.43874089021396023,942,109.23344995,-0.43873887,6.85,0.547,0.547,Healthy,Good
AME II,D005A,D05,2009,20,22,63722,0.4161150796796408,Stres Sedang,0.43243530274062597,Stres Sedang,Pokok Utama,109.23354146024623,-0.4387371421410532,1923,109.23357032,-0.43874659,3.6,0.538,0.538,Healthy,Good
AME II,D005A,D05,2009,21,1,65910,0.43133906493567975,Stres Sedang,0.4286120163116873,Stres Sedang,Pokok Utama,109.23139364280914,-0.43864761070614056,1239,109.23139697,-0.43864705,5.87,0.586,0.586,Healthy,Good
AME II,D005A,D05,2009,21,3,65915,0.43066326585283937,Stres Sedang,0.4656620726719926,Stres Sedang,Pokok Utama,109.23155483168564,-0.43865101921097616,536,109.23154653,-0.43866788,8.14,0.436,0.436,Healthy,Moderate
AME II,D005A,D05,2009,21,4,63700,,-,0.37887179443129787,Stres Berat,Sisip Des25,109.23161188396321,-0.4386622639910993,981,109.23159954,-0.43864167,6.71,0.402,0.402,Healthy,Sub-Optimal
AME II,D005A,D05,2009,21,7,63715,0.43442877571924793,Stres Sedang,0.45520156110036436,Stres Sedang,Pokok Utama,109.23195454526102,-0.4386896492934269,895,109.23196422,-0.43871636,6.98,0.46,0.46,Healthy,Good
AME II,D005A,D05,2009,21,9,63709,0.35077174268673117,Stres Berat,0.40190957270863986,Stres Sedang,Pokok Utama,109.23211802335662,-0.43869330162797415,2631,109.23210569,-0.43871323,1.57,0.466,0.466,Healthy,Good
AME II,D005A,D05,2009,21,15,65930,,-,0.33701089057780553,Stres Berat,Sisip Des25,109.23262374814723,-0.4386694358886613,1896,109.23260559,-0.43868984,3.7,0.373,0.373,Abnormal,Critical
AME II,D005A,D05,2009,21,16,63695,0.39375799328976074,Stres Berat,0.4449771809603721,Stres Sedang,Pokok Utama,109.23272025979222,-0.43864348923912755,375,109.23273135,-0.43866455,8.72,0.471,0.471,Healthy,Good
AME II,D005A,D05,2009,21,17,65942,,-,0.32407068696607,Stres Berat,Sisip Des25,109.23288499996245,-0.4386635380611935,2749,109.23286878,-0.43867362,1.18,0.411,0.411,Healthy,Sub-Optimal
AME II,D005A,D05,2009,21,18,63705,0.4054880497437292,Stres Sedang,0.4293127861459242,Stres Sedang,Pokok Utama,109.23295535258356,-0.4386657739205212,201,109.23298646,-0.43866416,9.52,0.541,0.541,Healthy,Good
AME II,D005A,D05,2009,21,19,329148,,-,0.32876832309934695,Stres Berat,Sisip Des25,109.23307470545568,-0.43866944007384706,1225,109.23304799,-0.43868271,5.92,0.375,0.375,Suspect,Critical
AME II,D005A,D05,2009,21,20,329149,,-,0.34622641227206924,Stres Berat,Sisip Des25,109.23304024439224,-0.4386664407371345,1225,109.23304799,-0.43868271,5.92,0.375,0.375,Suspect,Critical
AME II,D005A,D05,2009,21,21,63710,0.44362614668186817,Stres Sedang,0.45095206736818594,Stres Sedang,Pokok Utama,109.23318353774623,-0.43865569932089443,208,109.23321327,-0.43866014,9.46,0.493,0.493,Healthy,Good
AME II,D005A,D05,2009,21,23,63711,0.41541964251443186,Stres Sedang,0.4197929468154172,Stres Sedang,Pokok Utama,109.23333675432141,-0.43867036224798756,1185,109.23333499,-0.43867826,6.04,0.575,0.575,Healthy,Good
AME II,D005A,D05,2009,21,25,63703,0.439799136937759,Stres Sedang,0.46805183141458706,Stres Sedang,Pokok Utama,109.233488680969,-0.4386368091184132,2061,109.23349758,-0.43866428,3.24,0.49,0.49,Abnormal,Good
AME II,D005A,D05,2009,21,26,63706,0.41845784694502086,Stres Sedang,0.42484342207511266,Stres Sedang,Pokok Utama,109.23356721302383,-0.4386696632338632,1816,109.23359998,-0.43867244,3.95,0.49,0.49,Healthy,Good
AME II,D005A,D05,2009,22,1,63687,0.43552577151576594,Stres Sedang,0.45048873074424184,Stres Sedang,Pokok Utama,109.23151683377611,-0.4385605801662665,1959,109.23152185,-0.43856162,3.51,0.71,0.71,Abnormal,Good
AME II,D005A,D05,2009,22,2,63680,0.43122486449619035,Stres Sedang,0.42843749693461824,Stres Sedang,Pokok Utama,109.23161354919358,-0.4385689902175539,1452,109.23161572,-0.4385847,5.18,0.558,0.558,Healthy,Good
AME II,D005A,D05,2009,22,3,63683,,-,0.3308609997386249,Stres Berat,Sisip Des25,109.23168075602169,-0.43857754997210696,1728,109.23166603,-0.43855894,4.18,0.436,0.436,Healthy,Moderate
AME II,D005A,D05,2009,22,4,63696,0.4639187831820654,Stres Sedang,0.47516570407235087,Stres Sedang,Pokok Utama,109.23177311535046,-0.43858932578298304,89,109.23177426,-0.43858112,10.23,0.551,0.551,Healthy,Good
AME II,D005A,D05,2009,22,8,63691,0.42498171714992844,Stres Sedang,0.4231215751947924,Stres Sedang,Pokok Utama,109.23208464591809,-0.4386131744894762,2637,109.23210168,-0.43859884,1.56,0.494,0.494,Healthy,Good
AME II,D005A,D05,2009,22,9,63692,0.42357004207397125,Stres Sedang,0.4230919721887201,Stres Sedang,Pokok Utama,109.23216051192544,-0.4385779691031516,2015,109.23217759,-0.4385663,3.37,0.45,0.45,Abnormal,Moderate
AME II,D005A,D05,2009,22,11,65937,0.3784965827535468,Stres Berat,0.4044470256830315,Stres Sedang,Pokok Utama,109.23247607292994,-0.43860780339425703,178,109.23247177,-0.43859079,9.65,0.446,0.446,Healthy,Moderate
AME II,D005A,D05,2009,22,12,65933,0.414047867406436,Stres Sedang,0.4470750537596576,Stres Sedang,Pokok Utama,109.23258654778193,-0.4385973233487552,647,109.2325836,-0.43860935,7.78,0.454,0.454,Healthy,Moderate
AME II,D005A,D05,2009,22,13,65929,0.41212904605555206,Stres Sedang,0.44480155327437837,Stres Sedang,Pokok Utama,109.23266294097758,-0.4386278573225679,110,109.23269319,-0.43861842,10.1,0.466,0.466,Healthy,Good
AME II,D005A,D05,2009,22,14,65928,0.4336773185378462,Stres Sedang,0.4566927381792898,Stres Sedang,Pokok Utama,109.23274607515381,-0.4385688313421817,269,109.23272599,-0.43856146,9.19,0.486,0.486,Healthy,Good
AME II,D005A,D05,2009,22,15,65941,0.424557295236319,Stres Sedang,0.44885860168404373,Stres Sedang,Pokok Utama,109.23282857035183,-0.4385598447505342,143,109.23284186,-0.43855968,9.82,0.461,0.461,Healthy,Good
AME II,D005A,D05,2009,22,17,63689,0.40053488025426476,Stres Sedang,0.4263449682428278,Stres Sedang,Pokok Utama,109.2329914555988,-0.4386130599862909,351,109.23299276,-0.4386004,8.84,0.517,0.517,Healthy,Good
AME II,D005A,D05,2009,22,18,63698,0.39417255238139226,Stres Berat,0.45363130732801193,Stres Sedang,Pokok Utama,109.233074686369,-0.4386059469134733,447,109.23306057,-0.43863659,8.44,0.458,0.458,Healthy,Moderate
AME II,D005A,D05,2009,22,19,65977,0.43080424768188613,Stres Sedang,0.4285931048145112,Stres Sedang,Pokok Utama,109.23320897159662,-0.4386284500204039,208,109.23321327,-0.43866014,9.46,0.493,0.493,Healthy,Good
AME II,D005A,D05,2009,22,20,63693,0.3211532224980119,Stres Berat,0.35675589240194105,Stres Berat,Pokok Utama,109.23328630380404,-0.43860106455846953,2568,109.23329144,-0.43858827,1.81,0.367,0.367,Abnormal,Critical
AME II,D005A,D05,2009,22,22,63690,0.4415711284124205,Stres Sedang,0.46823799327664556,Stres Sedang,Pokok Utama,109.2334701881203,-0.43860056912250134,1585,109.23347828,-0.438596,4.73,0.553,0.553,Healthy,Good
AME II,D005A,D05,2009,22,23,63686,0.42546183746109445,Stres Sedang,0.43029070228273797,Stres Sedang,Pokok Utama,109.23355826606122,-0.4386208727171965,710,109.23356541,-0.43860868,7.62,0.5,0.5,Healthy,Good
AME II,D005A,D05,2009,23,2,63667,0.3985013818698398,Stres Berat,0.4249273834773052,Stres Sedang,Pokok Utama,109.23140055322848,-0.4384870992335444,421,109.23136961,-0.43850281,8.55,0.43,0.43,Healthy,Moderate
AME II,D005A,D05,2009,23,3,63614,0.40503361437548113,Stres Sedang,0.4053162658763123,Stres Sedang,Pokok Utama,109.23145355923688,-0.43859486458474334,2329,109.23142259,-0.43858466,2.49,0.496,0.496,Abnormal,Good
AME II,D005A,D05,2009,23,4,63663,0.42995463825083835,Stres Sedang,0.4323121779087923,Stres Sedang,Pokok Utama,109.23149321587333,-0.4384803323201438,1932,109.23147202,-0.43848158,3.58,0.493,0.493,Healthy,Good
AME II,D005A,D05,2009,23,7,63685,0.4356529263646111,Stres Sedang,0.45284473040061207,Stres Sedang,Pokok Utama,109.23173273049785,-0.43851044407950307,322,109.231737,-0.43852686,8.93,0.47,0.47,Healthy,Good
AME II,D005A,D05,2009,23,9,63677,0.4452450834245298,Stres Sedang,0.4614800264912504,Stres Sedang,Pokok Utama,109.23190175881841,-0.4385194851454987,1377,109.23187398,-0.43852553,5.41,0.537,0.537,Healthy,Good
AME II,D005A,D05,2009,23,10,63676,0.4587125387552795,Stres Sedang,0.45616888853686827,Stres Sedang,Pokok Utama,109.23197595759012,-0.43849603581223473,2334,109.23196921,-0.43848667,2.48,0.486,0.486,Healthy,Good
AME II,D005A,D05,2009,23,11,63669,0.4102991443279509,Stres Sedang,0.41109760508915055,Stres Sedang,Pokok Utama,109.23204682813721,-0.43852698410273455,2460,109.23205094,-0.43852332,2.08,0.553,0.553,Healthy,Good
AME II,D005A,D05,2009,23,16,63671,0.4429891236876372,Stres Sedang,0.4069148598396638,Stres Sedang,Mati Jan26,109.23273174761474,-0.43852765077550276,269,109.23272599,-0.43856146,9.19,0.486,0.486,Healthy,Good
AME II,D005A,D05,2009,23,17,63665,0.44536931068927227,Stres Sedang,0.43828484030839177,Stres Sedang,Pokok Utama,109.2327896756611,-0.4385072319387084,479,109.23279831,-0.43849908,8.33,0.6,0.6,Healthy,Good
AME II,D005A,D05,2009,23,19,63670,0.40512155781483705,Stres Sedang,0.41940631614819657,Stres Sedang,Pokok Utama,109.23294537269817,-0.4385146199319303,414,109.23294967,-0.43850363,8.57,0.47,0.47,Healthy,Good
AME II,D005A,D05,2009,23,21,65945,0.4232787773555643,Stres Sedang,0.4210080953707914,Stres Sedang,Pokok Utama,109.23317036977501,-0.43855960225516294,2036,109.23317916,-0.43855523,3.3,0.53,0.53,Healthy,Good
AME II,D005A,D05,2009,23,22,66011,0.38346548103972483,Stres Berat,0.39848807587648644,Stres Berat,Pokok Utama,109.23334570529505,-0.43852417777141534,1158,109.23335658,-0.43853674,6.14,0.466,0.466,Healthy,Good
AME II,D005A,D05,2009,23,23,66015,,-,0.34266436945201434,Stres Berat,Sisip Des25,109.23346645127535,-0.43853293701308593,813,109.23346977,-0.43850873,7.25,0.471,0.471,Healthy,Good
AME II,D005A,D05,2009,24,2,63648,0.4276117973174503,Stres Sedang,0.45733255672234074,Stres Sedang,Pokok Utama,109.23153692913097,-0.43843425342634795,2094,109.23153671,-0.43843276,3.15,0.469,0.469,Healthy,Good
AME II,D005A,D05,2009,24,3,63649,0.4096375210266877,Stres Sedang,0.44306566222036925,Stres Sedang,Pokok Utama,109.23161592241097,-0.43842175167558056,999,109.23163687,-0.43842148,6.65,0.531,0.531,Healthy,Good
AME II,D005A,D05,2009,24,4,63684,0.40023475970284184,Stres Sedang,0.4400068082205661,Stres Sedang,Pokok Utama,109.23163998519135,-0.43844876512184455,999,109.23163687,-0.43842148,6.65,0.531,0.531,Healthy,Good
AME II,D005A,D05,2009,24,7,63655,0.45457349223087806,Stres Sedang,0.4728902466353793,Stres Sedang,Pokok Utama,109.23195159225057,-0.4384615526411678,2466,109.23193104,-0.43847672,2.06,0.504,0.504,Healthy,Good
AME II,D005A,D05,2009,24,8,63651,0.43417657104188506,Stres Sedang,0.44526194002485053,Stres Sedang,Pokok Utama,109.2320965720131,-0.4384421487018712,1512,109.23212417,-0.43843245,4.95,0.471,0.471,Healthy,Good
AME II,D005A,D05,2009,24,11,65908,0.4297251489911303,Stres Sedang,0.45371403073477884,Stres Sedang,Pokok Utama,109.23233856037334,-0.4384574020050378,2550,109.23233616,-0.43844516,1.85,0.547,0.547,Abnormal,Good
AME II,D005A,D05,2009,24,13,65935,0.35298118218045116,Stres Berat,0.41544058483741503,Stres Sedang,Pokok Utama,109.23257613764848,-0.4384869510470611,597,109.23258318,-0.4384823,7.95,0.497,0.497,Healthy,Good
AME II,D005A,D05,2009,24,14,65934,0.42070383643228954,Stres Sedang,0.4788904094217736,Stres Sedang,Pokok Utama,109.23262879712254,-0.438547235040504,227,109.23263212,-0.43856415,9.39,0.462,0.462,Healthy,Good
AME II,D005A,D05,2009,24,15,65927,,-,0.32395585545419175,Stres Berat,Sisip Des25,109.23263758613166,-0.4384617896827187,2795,109.23266807,-0.43844886,1.06,0.435,0.435,Healthy,Moderate
AME II,D005A,D05,2009,24,16,63660,0.4359835360713925,Stres Sedang,0.44701754767476426,Stres Sedang,Pokok Utama,109.23273768370095,-0.43848477149169945,155,109.23274127,-0.43848279,9.78,0.501,0.501,Healthy,Good
AME II,D005A,D05,2009,24,19,63658,0.33851151181807626,Stres Berat,0.38603695634340635,Stres Berat,Pokok Utama,109.23300559619804,-0.43846261449751744,456,109.23299863,-0.43846747,8.41,0.385,0.385,Healthy,Critical
AME II,D005A,D05,2009,24,20,65984,0.41920706611780223,Stres Sedang,0.41895438182453404,Stres Sedang,Pokok Utama,109.23313472819665,-0.4385016894511557,2341,109.23311181,-0.43849373,2.46,0.451,0.451,Healthy,Moderate
AME II,D005A,D05,2009,24,21,65985,0.4147394851666607,Stres Sedang,0.4010262245280665,Stres Sedang,Pokok Utama,109.2331760115708,-0.43847873508436896,2674,109.23314775,-0.43845756,1.45,0.478,0.478,Healthy,Good
AME II,D005A,D05,2009,24,22,66010,0.4029417530810807,Stres Sedang,0.4043056998069696,Stres Sedang,Pokok Utama,109.23326181613395,-0.43849531315479284,2560,109.23325103,-0.43852315,1.83,0.494,0.494,Healthy,Good
AME II,D005A,D05,2009,24,23,66009,0.4151431029614625,Stres Sedang,0.4146959080794833,Stres Sedang,Pokok Utama,109.2333303522827,-0.43847122492656465,2714,109.23330719,-0.43846167,1.3,0.397,0.397,Healthy,Sub-Optimal
AME II,D005A,D05,2009,24,24,66013,0.4041672672887833,Stres Sedang,0.43000983927741765,Stres Sedang,Pokok Utama,109.23346423893518,-0.43848808262128264,813,109.23346977,-0.43850873,7.25,0.471,0.471,Healthy,Good
AME II,D005A,D05,2009,24,25,66014,0.4240477602269073,Stres Sedang,0.4578271349307966,Stres Sedang,Pokok Utama,109.2335468530166,-0.43848120178743205,240,109.2335587,-0.43847168,9.32,0.578,0.578,Healthy,Good
AME II,D005A,D05,2009,25,2,63636,0.42776336680040955,Stres Sedang,0.45294810909295974,Stres Sedang,Pokok Utama,109.2314631906193,-0.438381580273591,2082,109.23147429,-0.43839522,3.17,0.457,0.457,Healthy,Moderate
AME II,D005A,D05,2009,25,6,63650,,-,0.34102763433761785,Stres Berat,Sisip Des25,109.23180085626004,-0.4383866901908426,1014,109.23182865,-0.43838897,6.58,0.414,0.414,Healthy,Sub-Optimal
AME II,D005A,D05,2009,25,7,63641,0.4027259986612895,Stres Sedang,0.4457664637331537,Stres Sedang,Pokok Utama,109.23188969254106,-0.4383738718370868,1727,109.23190681,-0.43837,4.18,0.519,0.519,Healthy,Good
AME II,D005A,D05,2009,25,8,63645,0.44365000739497573,Stres Sedang,0.4473684614985023,Stres Sedang,Pokok Utama,109.2319879569768,-0.43840762782947734,1757,109.23199169,-0.43837364,4.09,0.533,0.533,Healthy,Good
AME II,D005A,D05,2009,25,9,63644,0.41901675238899927,Stres Sedang,0.4246796857561048,Stres Sedang,Pokok Utama,109.23204706369535,-0.43836940406569863,1614,109.23205458,-0.43833432,4.62,0.4,0.4,Healthy,Sub-Optimal
AME II,D005A,D05,2009,25,10,63635,0.44275008931311394,Stres Sedang,0.4141573945153562,Stres Sedang,Pokok Utama,109.2321073591651,-0.4383487645937144,1228,109.23211791,-0.43833524,5.91,0.336,0.336,Suspect,Critical
AME II,D005A,D05,2009,25,13,65939,0.439654905152839,Stres Sedang,0.4403278237314915,Stres Sedang,Pokok Utama,109.23233313161856,-0.4383808977224815,1609,109.23235549,-0.4383882,4.64,0.449,0.449,Healthy,Moderate
AME II,D005A,D05,2009,25,14,65938,,-,0.35698058240943487,Stres Berat,Sisip Des25,109.23238324279694,-0.4383880832727605,1241,109.23239771,-0.43840132,5.86,0.387,0.387,Healthy,Critical
AME II,D005A,D05,2009,25,16,184094,0.37398859535674794,Stres Berat,0.41695601829523804,Stres Sedang,Pokok Utama,109.23248541697518,-0.4384031585084748,424,109.23249068,-0.4384027,8.52,0.46,0.46,Healthy,Good
AME II,D005A,D05,2009,25,17,65923,0.3722553963057648,Stres Berat,0.40556894007142935,Stres Sedang,Pokok Utama,109.23256535207426,-0.43835740857413963,161,109.23257917,-0.43832811,9.73,0.4,0.4,Healthy,Sub-Optimal
AME II,D005A,D05,2009,25,19,65926,0.3993930524505981,Stres Berat,0.4046967710662286,Stres Sedang,Pokok Utama,109.23276862068407,-0.43838835520167135,511,109.23275971,-0.43837834,8.22,0.454,0.454,Healthy,Moderate
AME II,D005A,D05,2009,25,20,63642,0.3658203559766172,Stres Berat,0.38998395569132255,Stres Berat,Pokok Utama,109.23285776297338,-0.438391825109989,1825,109.23286615,-0.43839872,3.91,0.412,0.412,Abnormal,Sub-Optimal
AME II,D005A,D05,2009,25,21,63634,0.39581356775861787,Stres Berat,0.4400158321750687,Stres Sedang,Pokok Utama,109.23292090561034,-0.4383509297726475,202,109.2329542,-0.4383377,9.52,0.447,0.447,Healthy,Moderate
AME II,D005A,D05,2009,25,22,63643,0.38878648107454433,Stres Berat,0.4455813848284504,Stres Sedang,Pokok Utama,109.23299562199236,-0.4383887977029024,45,109.2329973,-0.43840191,10.69,0.484,0.484,Healthy,Good
AME II,D005A,D05,2009,25,23,65982,,-,0.34760288505530623,Stres Berat,Sisip Des25,109.23308453273992,-0.4384043400668213,2200,109.23307186,-0.43840419,2.82,0.316,0.316,Healthy,Critical
AME II,D005A,D05,2009,25,24,170939,0.41798918368358606,Stres Sedang,0.42002585541318965,Stres Sedang,Pokok Utama,109.23319396077542,-0.43838233616038047,2018,109.23319897,-0.4383572,3.37,0.434,0.434,Healthy,Moderate
AME II,D005A,D05,2009,25,25,66007,0.4112029135357772,Stres Sedang,0.4267772088448207,Stres Sedang,Pokok Utama,109.23326995154441,-0.43838145477010976,1356,109.23326679,-0.43838118,5.48,0.535,0.535,Healthy,Good
AME II,D005A,D05,2009,25,27,66004,0.4334781292376702,Stres Sedang,0.47853658495675794,Stres Sedang,Pokok Utama,109.2334183478023,-0.4383614676906185,839,109.23340827,-0.4383568,7.16,0.447,0.447,Healthy,Moderate
AME II,D005A,D05,2009,25,28,66001,0.4352242058012192,Stres Sedang,0.46700509026411985,Stres Sedang,Pokok Utama,109.23348950542255,-0.4383572290860662,263,109.23345767,-0.43836721,9.24,0.548,0.548,Healthy,Good
AME II,D005A,D05,2009,25,29,66000,0.42460592018613397,Stres Sedang,0.4449861205794554,Stres Sedang,Pokok Utama,109.2335258506254,-0.43833901581825635,57,109.23351338,-0.43831974,10.52,0.49,0.49,Healthy,Good
AME II,D005A,D05,2009,26,1,63639,,-,0.34900902224688346,Stres Berat,Sisip Des25,109.23153998865742,-0.4383006319330563,2344,109.23152596,-0.4382944,2.45,0.415,0.415,Healthy,Sub-Optimal
AME II,D005A,D05,2009,26,6,63632,0.41616699349048525,Stres Sedang,0.4306673705301818,Stres Sedang,Pokok Utama,109.23196604084187,-0.4383134059705264,2162,109.23198946,-0.43832616,2.93,0.485,0.485,Abnormal,Good
AME II,D005A,D05,2009,26,7,63630,0.44797412891764216,Stres Sedang,0.43344008484361496,Stres Sedang,Pokok Utama,109.23215871079935,-0.43831592858326257,1107,109.2321507,-0.43831264,6.26,0.38,0.38,Suspect,Critical
AME II,D005A,D05,2009,26,9,63628,0.42224638907059114,Stres Sedang,0.4399371905617957,Stres Sedang,Pokok Utama,109.23231489368962,-0.43829812740635665,503,109.23232362,-0.43830499,8.24,0.514,0.514,Healthy,Good
AME II,D005A,D05,2009,26,10,63633,,-,0.35756390234351604,Stres Berat,Sisip Des25,109.23236956616047,-0.4383209364330838,602,109.23235191,-0.43833348,7.93,0.536,0.536,Healthy,Good
AME II,D005A,D05,2009,26,11,65922,0.39758285186174214,Stres Berat,0.4288992124829089,Stres Sedang,Pokok Utama,109.23246847436556,-0.4383033076460281,124,109.23247408,-0.43830865,9.99,0.576,0.576,Healthy,Good
AME II,D005A,D05,2009,26,13,65925,,-,0.3310028403849885,Stres Berat,Sisip Des25,109.2327706996431,-0.4383122212937145,2931,109.23274761,-0.43830102,0.63,0.363,0.363,Abnormal,Critical
AME II,D005A,D05,2009,26,15,65981,0.3597833844374944,Stres Berat,0.41167004425326065,Stres Sedang,Pokok Utama,109.23306681542564,-0.4383497390822253,1482,109.23308759,-0.43835084,5.06,0.505,0.505,Healthy,Good
AME II,D005A,D05,2009,26,16,65987,0.38439169202942447,Stres Berat,0.41657051926190636,Stres Sedang,Pokok Utama,109.23318428819346,-0.43833331227729294,2018,109.23319897,-0.4383572,3.37,0.434,0.434,Healthy,Moderate
AME II,D005A,D05,2009,26,17,66006,0.4226978424349616,Stres Sedang,0.43736994289512726,Stres Sedang,Pokok Utama,109.23332016793286,-0.43833757799889933,1013,109.23330543,-0.43832874,6.58,0.527,0.527,Healthy,Good
AME II,D005A,D05,2009,26,18,66002,0.444653583659922,Stres Sedang,0.46137635957804246,Stres Sedang,Pokok Utama,109.23349114386434,-0.4383061700708588,57,109.23351338,-0.43831974,10.52,0.49,0.49,Healthy,Good
AME II,D005A,D05,2009,27,1,65905,0.42038991264326037,Stres Sedang,0.41377621365410816,Stres Sedang,Pokok Utama,109.23145595351097,-0.43824478910383147,81,109.2314568,-0.43826952,10.3,0.423,0.423,Healthy,Sub-Optimal
AME II,D005A,D05,2009,27,2,65906,0.4450917216938706,Stres Sedang,0.46556615902089105,Stres Sedang,Pokok Utama,109.23155563945654,-0.4382266451026406,8,109.23153766,-0.43821392,11.95,0.547,0.547,Healthy,Good
AME II,D005A,D05,2009,27,3,63625,0.3981793699525807,Stres Berat,0.41257350782240904,Stres Sedang,Pokok Utama,109.23166707955434,-0.43824197221203437,1336,109.2316652,-0.43825555,5.56,0.524,0.524,Healthy,Good
AME II,D005A,D05,2009,27,6,63615,0.44912841334625253,Stres Sedang,0.4636419261171701,Stres Sedang,Pokok Utama,109.23189202147667,-0.43822761247269293,1808,109.23187316,-0.43820858,3.96,0.466,0.466,Abnormal,Good
AME II,D005A,D05,2009,27,7,63620,0.4318221447470414,Stres Sedang,0.4173652850933617,Stres Sedang,Pokok Utama,109.23204781511326,-0.4382101573967552,252,109.23205461,-0.43820274,9.29,0.494,0.494,Healthy,Good
AME II,D005A,D05,2009,27,8,63622,0.41987353435258234,Stres Sedang,0.43202207164815914,Stres Sedang,Pokok Utama,109.2321415631663,-0.43823262947758534,659,109.23215162,-0.43822176,7.75,0.495,0.495,Healthy,Good
AME II,D005A,D05,2009,27,12,65918,0.4100355890655282,Stres Sedang,0.4220080324221423,Stres Sedang,Pokok Utama,109.23247792085263,-0.43825347482624555,293,109.2324943,-0.43825394,9.05,0.526,0.526,Healthy,Good
AME II,D005A,D05,2009,27,13,65917,0.4014556880390373,Stres Sedang,0.4305089563820138,Stres Sedang,Pokok Utama,109.23254763771111,-0.43821915085927443,1048,109.23255898,-0.43824265,6.48,0.501,0.501,Healthy,Good
AME II,D005A,D05,2009,27,14,329172,,-,0.3369259866707405,Stres Berat,Sisip Des25,109.23260309933545,-0.4382610256953718,2809,109.23262186,-0.43824493,1.02,0.455,0.455,Healthy,Moderate
AME II,D005A,D05,2009,27,16,63606,0.40123656317856815,Stres Sedang,0.4318962195589219,Stres Sedang,Pokok Utama,109.2328768134251,-0.4382252836900062,391,109.23288505,-0.43824092,8.66,0.456,0.456,Healthy,Moderate
AME II,D005A,D05,2009,27,17,63618,,-,0.32193098820653965,Stres Berat,Sisip Des25,109.23294513351425,-0.43826409808245936,1549,109.23295961,-0.43826716,4.84,0.409,0.409,Healthy,Sub-Optimal
AME II,D005A,D05,2009,27,19,65979,0.398521166554433,Stres Berat,0.4262718997343823,Stres Sedang,Pokok Utama,109.23312649232855,-0.438249954526241,1391,109.23312264,-0.43827896,5.36,0.44,0.44,Healthy,Moderate
AME II,D005A,D05,2009,27,21,65988,,-,0.3002549652631852,Stres Berat,Sisip Des25,109.23329571744323,-0.4382633226784145,1470,109.23331397,-0.43828081,5.1,0.437,0.437,Healthy,Moderate
AME II,D005A,D05,2009,27,22,65998,0.3894178906701646,Stres Berat,0.4276451134792251,Stres Sedang,Pokok Utama,109.23342909369093,-0.4382553491373259,1128,109.23340335,-0.43826229,6.22,0.495,0.495,Healthy,Good
AME II,D005A,D05,2009,27,23,65999,0.3189919851485782,Stres Berat,0.31345453062235684,Stres Berat,Mati Jan26,109.23352277643944,-0.43823797974356954,1540,109.23350307,-0.43821575,4.87,0.409,0.409,Healthy,Sub-Optimal
AME II,D005A,D05,2009,28,2,65904,0.4177541654455206,Stres Sedang,0.48363066107449243,Stres Sedang,Pokok Utama,109.23145957389526,-0.4381877065558346,20,109.23144649,-0.4381714,11.31,0.486,0.486,Healthy,Good
AME II,D005A,D05,2009,28,3,65903,0.4207532757784716,Stres Sedang,0.47914814269494876,Stres Sedang,Pokok Utama,109.2315549928031,-0.43818547552734205,264,109.23156596,-0.4381651,9.23,0.513,0.513,Healthy,Good
AME II,D005A,D05,2009,28,5,65897,0.36378619621455166,Stres Berat,0.397862712539148,Stres Berat,Pokok Utama,109.23168114695402,-0.43818437299577784,1491,109.23167824,-0.43819361,5.02,0.482,0.482,Healthy,Good
AME II,D005A,D05,2009,28,6,65896,0.42350788571611886,Stres Sedang,0.4425035450407846,Stres Sedang,Pokok Utama,109.23176827149558,-0.43814639957143675,1528,109.23175909,-0.43815701,4.91,0.542,0.542,Healthy,Good
AME II,D005A,D05,2009,28,8,63607,0.3884948105264487,Stres Berat,0.4375290454315933,Stres Sedang,Pokok Utama,109.23195744432661,-0.4382031957361467,1105,109.2319302,-0.43819322,6.27,0.449,0.449,Healthy,Moderate
AME II,D005A,D05,2009,28,10,65907,,-,0.3593959999172885,Stres Berat,Sisip Des25,109.23218829062063,-0.43817809410372216,678,109.2321687,-0.43818333,7.69,0.419,0.419,Healthy,Sub-Optimal
AME II,D005A,D05,2009,28,11,63611,0.41097189963942293,Stres Sedang,0.45937123575709177,Stres Sedang,Pokok Utama,109.23230732975819,-0.4382072625192742,130,109.23230883,-0.43818427,9.93,0.443,0.443,Healthy,Moderate
AME II,D005A,D05,2009,28,13,63602,0.4068580762619719,Stres Sedang,0.41754003743502444,Stres Sedang,Pokok Utama,109.232492885684,-0.4381595284377576,426,109.23250466,-0.43814678,8.52,0.464,0.464,Healthy,Good
AME II,D005A,D05,2009,28,14,329171,,-,0.352961216953327,Stres Berat,Sisip Des25,109.2326486722759,-0.43817023629517987,2745,109.23264298,-0.43819158,1.19,0.379,0.379,Healthy,Critical
AME II,D005A,D05,2009,28,17,65955,0.40969069825559246,Stres Sedang,0.4311110515072827,Stres Sedang,Pokok Utama,109.23299162022212,-0.438175237806517,803,109.23297984,-0.43815639,7.3,0.435,0.435,Healthy,Moderate
AME II,D005A,D05,2009,28,18,65974,0.3700241215770034,Stres Berat,0.43291980062238583,Stres Sedang,Pokok Utama,109.23307634251123,-0.4381834970207345,1766,109.23308044,-0.43818219,4.05,0.526,0.526,Healthy,Good
AME II,D005A,D05,2009,28,20,65976,0.43375514392710735,Stres Sedang,0.4472238076539947,Stres Sedang,Pokok Utama,109.23323973113766,-0.43820113401343835,1364,109.23324257,-0.43823558,5.45,0.447,0.447,Healthy,Moderate
AME II,D005A,D05,2009,28,22,65997,0.4413836146057109,Stres Sedang,0.43482306060020637,Stres Sedang,Pokok Utama,109.23348347004023,-0.438186811594697,1541,109.2334658,-0.43818183,4.87,0.499,0.499,Healthy,Good
AME II,D005A,D05,2009,29,3,65900,0.33178300410305483,Stres Berat,0.33806348191105534,Stres Berat,Mati Jan26,109.23157420669942,-0.43810319060490527,2957,109.2315817,-0.43810045,0.56,0.39,0.39,Abnormal,Sub-Optimal
AME II,D005A,D05,2009,29,4,65898,0.4046877097288441,Stres Sedang,0.4407335306995809,Stres Sedang,Pokok Utama,109.2317149090815,-0.4380897284940187,68,109.23169488,-0.43811042,10.41,0.46,0.46,Healthy,Good
AME II,D005A,D05,2009,29,5,65893,0.4260641559693313,Stres Sedang,0.45631856266012605,Stres Sedang,Pokok Utama,109.23180854381347,-0.43812143063790476,1508,109.23179997,-0.43813215,4.96,0.585,0.585,Healthy,Good
AME II,D005A,D05,2009,29,7,65846,0.41698917418489845,Stres Sedang,0.4138416401993666,Stres Sedang,Pokok Utama,109.23206047115437,-0.4381205333162603,219,109.23208023,-0.43812634,9.42,0.504,0.504,Healthy,Good
AME II,D005A,D05,2009,29,8,63600,0.41212417957505865,Stres Sedang,0.4197324448161655,Stres Sedang,Pokok Utama,109.23211819322462,-0.43810577505045867,98,109.23213683,-0.43810284,10.18,0.494,0.494,Healthy,Good
AME II,D005A,D05,2009,29,10,63601,0.4115145221087577,Stres Sedang,0.40060723833889184,Stres Sedang,Pokok Utama,109.2322430072307,-0.4380702504632469,387,109.23224687,-0.43809246,8.67,0.45,0.45,Healthy,Moderate
AME II,D005A,D05,2009,29,11,63599,,-,0.36615435659369666,Stres Berat,Sisip Des25,109.23232418088506,-0.43810981341065675,2625,109.23230031,-0.43809655,1.58,0.399,0.399,Abnormal,Sub-Optimal
AME II,D005A,D05,2009,29,12,65919,0.427861124726191,Stres Sedang,0.42704116789912383,Stres Sedang,Pokok Utama,109.2323922286133,-0.4381111609497064,59,109.23239598,-0.43811104,10.49,0.441,0.441,Healthy,Moderate
AME II,D005A,D05,2009,29,13,63596,,-,0.32492299990952384,Stres Berat,Sisip Des25,109.23254565246117,-0.4380998165070187,2426,109.23251321,-0.4380862,2.17,0.38,0.38,Healthy,Critical
AME II,D005A,D05,2009,29,14,63598,0.37515061244221665,Stres Berat,0.42540506314273224,Stres Sedang,Pokok Utama,109.23267946626794,-0.4380781208347228,325,109.2326767,-0.43806634,8.92,0.466,0.466,Healthy,Good
AME II,D005A,D05,2009,29,15,63594,0.410857742476287,Stres Sedang,0.4477887799004996,Stres Sedang,Pokok Utama,109.2327563680982,-0.43805960626273377,814,109.23275664,-0.4380632,7.25,0.534,0.534,Healthy,Good
AME II,D005A,D05,2009,29,16,63589,0.38738139702250396,Stres Berat,0.4070085615158522,Stres Sedang,Pokok Utama,109.23280994206604,-0.43812654966877035,1496,109.23282219,-0.43816042,5.0,0.35,0.35,Suspect,Critical
AME II,D005A,D05,2009,29,18,63581,,-,0.3503046558227068,Stres Berat,Sisip Des25,109.23292944762098,-0.43806004965792483,2829,109.23290081,-0.43807318,0.93,0.359,0.359,Abnormal,Critical
AME II,D005A,D05,2009,29,21,65972,0.42320072064982056,Stres Sedang,0.435605357716113,Stres Sedang,Pokok Utama,109.23322799346542,-0.4380641246065053,816,109.23324485,-0.43805924,7.24,0.424,0.424,Healthy,Sub-Optimal
AME II,D005A,D05,2009,29,23,65996,0.4065645420559454,Stres Sedang,0.425374604653354,Stres Sedang,Pokok Utama,109.23345334085995,-0.43811412772518776,924,109.23346582,-0.438114,6.89,0.514,0.514,Healthy,Good
AME II,D005A,D05,2009,30,1,65870,0.3673380229081193,Stres Berat,0.39151855161497434,Stres Berat,Pokok Utama,109.23138028631276,-0.4380356728064167,975,109.23137825,-0.43805111,6.73,0.438,0.438,Healthy,Moderate
AME II,D005A,D05,2009,30,2,65869,,-,0.3325482060634399,Stres Berat,Sisip Des25,109.23145702085014,-0.4380348427029828,1019,109.23144427,-0.43806243,6.57,0.387,0.387,Healthy,Critical
AME II,D005A,D05,2009,30,3,65875,0.39651585727530203,Stres Berat,0.4226377598851671,Stres Sedang,Pokok Utama,109.23153256370576,-0.4380428865876444,396,109.23154623,-0.43805839,8.64,0.458,0.458,Healthy,Moderate
AME II,D005A,D05,2009,30,4,65877,0.43903661945590383,Stres Sedang,0.41025432082300306,Stres Sedang,Pokok Utama,109.23161276747848,-0.43803257433828047,475,109.2316401,-0.43803083,8.36,0.563,0.563,Healthy,Good
AME II,D005A,D05,2009,30,6,65892,0.42847735232461953,Stres Sedang,0.44574974886865953,Stres Sedang,Pokok Utama,109.23175258465577,-0.43803153248499693,1607,109.23175507,-0.43805527,4.65,0.444,0.444,Healthy,Moderate
AME II,D005A,D05,2009,30,7,65851,0.42399788235825703,Stres Sedang,0.44910785845673795,Stres Sedang,Pokok Utama,109.2318668848204,-0.43803882581395404,2142,109.23185973,-0.43801551,3.01,0.488,0.488,Healthy,Good
AME II,D005A,D05,2009,30,8,65850,0.43564820089678385,Stres Sedang,0.4645979107990424,Stres Sedang,Pokok Utama,109.23196658481507,-0.4380410013622293,467,109.23197247,-0.43801011,8.39,0.455,0.455,Healthy,Moderate
AME II,D005A,D05,2009,30,9,65849,0.3507800809652053,Stres Berat,0.36597890645247205,Stres Berat,Pokok Utama,109.23207001182105,-0.4380269100166404,2778,109.23206004,-0.4380463,1.11,0.502,0.502,Abnormal,Good
AME II,D005A,D05,2009,30,11,63595,,-,0.34857526384525417,Stres Berat,Sisip Des25,109.232326447098,-0.43802635777238835,2501,109.23234614,-0.43804501,1.97,0.423,0.423,Abnormal,Sub-Optimal
AME II,D005A,D05,2009,30,13,63556,,-,0.3287059363946962,Stres Berat,Sisip Des25,109.23248338197409,-0.43802639560473855,2725,109.23251142,-0.43803827,1.26,0.372,0.372,Healthy,Critical
AME II,D005A,D05,2009,30,14,63592,0.3548521011031121,Stres Berat,0.44159447876978275,Stres Sedang,Pokok Utama,109.23259172930453,-0.43803373034263654,301,109.23261967,-0.43802428,9.01,0.497,0.497,Healthy,Good
AME II,D005A,D05,2009,30,16,65954,,-,0.3331655736322756,Stres Berat,Sisip Des25,109.23285566945954,-0.43802625083997704,2792,109.23285636,-0.43803383,1.07,0.387,0.387,Abnormal,Critical
AME II,D005A,D05,2009,30,17,65957,0.40883268430624925,Stres Sedang,0.4609981791584837,Stres Sedang,Pokok Utama,109.23298689023912,-0.4380359825018995,216,109.23295203,-0.43802843,9.43,0.376,0.376,Suspect,Critical
AME II,D005A,D05,2009,30,19,65962,0.410364132094083,Stres Sedang,0.42240855118056925,Stres Sedang,Pokok Utama,109.23315563755574,-0.4380264513948996,71,109.23315908,-0.43802576,10.37,0.441,0.441,Healthy,Moderate
AME II,D005A,D05,2009,30,20,65990,,-,0.3042605060982349,Stres Berat,Sisip Des25,109.23332621244235,-0.4380306690624643,1906,109.23333469,-0.43802309,3.68,0.362,0.362,Healthy,Critical
AME II,D005A,D05,2009,30,21,65991,,-,0.33421366422040627,Stres Berat,Sisip Des25,109.23343842939933,-0.438030696282538,2805,109.23342137,-0.43802854,1.04,0.405,0.405,Abnormal,Sub-Optimal
AME II,D005A,D05,2009,30,22,65994,0.4583482207961016,Stres Sedang,0.44651190257985196,Stres Sedang,Pokok Utama,109.23356288407096,-0.43803982115966017,637,109.23353725,-0.43804168,7.83,0.488,0.488,Healthy,Good
AME II,D005A,D05,2009,31,2,65874,0.407088604425033,Stres Sedang,0.43864569534018477,Stres Sedang,Pokok Utama,109.23147004936821,-0.4379573644357763,34,109.23145598,-0.43794985,10.89,0.496,0.496,Healthy,Good
AME II,D005A,D05,2009,31,5,65880,0.4185750235582849,Stres Sedang,0.45781854396068145,Stres Sedang,Pokok Utama,109.23173109326272,-0.43799220980964837,1134,109.2317268,-0.43797297,6.21,0.466,0.466,Healthy,Good
AME II,D005A,D05,2009,31,7,65852,,-,0.3423768378334281,Stres Berat,Sisip Des25,109.23193486637578,-0.4379754992332229,957,109.2319307,-0.43799427,6.8,0.419,0.419,Healthy,Sub-Optimal
AME II,D005A,D05,2009,31,8,65845,0.43178349675333333,Stres Sedang,0.41887737324024427,Stres Sedang,Pokok Utama,109.23206621632555,-0.4379453943020736,812,109.23207668,-0.4379604,7.25,0.487,0.487,Healthy,Good
AME II,D005A,D05,2009,31,10,63587,0.3810555457775229,Stres Berat,0.3979736186476639,Stres Berat,Pokok Utama,109.23219813661551,-0.43798787118697724,1301,109.2322141,-0.43800293,5.68,0.496,0.496,Healthy,Good
AME II,D005A,D05,2009,31,12,63588,0.4254236376892532,Stres Sedang,0.44429458751837464,Stres Sedang,Pokok Utama,109.23236562352007,-0.43796717334566787,51,109.23238119,-0.43797042,10.62,0.508,0.508,Healthy,Good
AME II,D005A,D05,2009,31,13,63590,0.3851789672862073,Stres Berat,0.42654289219339014,Stres Sedang,Pokok Utama,109.2324441043558,-0.4379381407042414,725,109.2324315,-0.43794827,7.56,0.492,0.492,Healthy,Good
AME II,D005A,D05,2009,31,14,170802,0.3999676424224083,Stres Berat,0.4248451211528231,Stres Sedang,Pokok Utama,109.23255441766796,-0.43795613772217207,355,109.23256219,-0.43796503,8.81,0.532,0.532,Healthy,Good
AME II,D005A,D05,2009,31,15,63586,0.4061250259481607,Stres Sedang,0.4441435716494366,Stres Sedang,Pokok Utama,109.23270583989343,-0.4379506292151965,556,109.23270277,-0.43797456,8.08,0.507,0.507,Healthy,Good
AME II,D005A,D05,2009,31,16,65946,0.46638591279580727,Stres Sedang,0.4481146421736218,Stres Sedang,Pokok Utama,109.23278298946137,-0.4379584128757673,113,109.23281685,-0.43795967,10.08,0.571,0.571,Healthy,Good
AME II,D005A,D05,2009,31,17,65947,0.4286402429874157,Stres Sedang,0.44330712998307165,Stres Sedang,Pokok Utama,109.23282738498399,-0.43793870700298076,113,109.23281685,-0.43795967,10.08,0.571,0.571,Healthy,Good
AME II,D005A,D05,2009,31,18,65950,0.43339927782606874,Stres Sedang,0.44393020720163884,Stres Sedang,Pokok Utama,109.23290789508081,-0.43794059788873846,54,109.23291432,-0.43793256,10.57,0.586,0.586,Healthy,Good
AME II,D005A,D05,2009,31,19,65951,0.4191096739498471,Stres Sedang,0.4521620268956102,Stres Sedang,Pokok Utama,109.23293298908959,-0.4379244300361994,54,109.23291432,-0.43793256,10.57,0.586,0.586,Healthy,Good
AME II,D005A,D05,2009,31,20,65952,0.41742087981042,Stres Sedang,0.44770448356222564,Stres Sedang,Pokok Utama,109.23296753635027,-0.43797727667310765,94,109.23297719,-0.43797915,10.19,0.485,0.485,Healthy,Good
AME II,D005A,D05,2009,31,23,65961,0.43771975755822135,Stres Sedang,0.45949402916515975,Stres Sedang,Pokok Utama,109.2331204763141,-0.43796686686817204,167,109.23309845,-0.43798551,9.71,0.462,0.462,Healthy,Good
AME II,D005A,D05,2009,31,24,65964,0.42498436881900487,Stres Sedang,0.428483186016342,Stres Sedang,Pokok Utama,109.23322605184225,-0.4379154513493709,509,109.23321569,-0.43792856,8.22,0.513,0.513,Healthy,Good
AME II,D005A,D05,2009,31,25,65968,,-,0.3100758759183155,Stres Berat,Sisip Des25,109.23322858280248,-0.4379699932867187,2785,109.23325296,-0.43797605,1.1,0.392,0.392,Abnormal,Sub-Optimal
AME II,D005A,D05,2009,31,26,65969,0.4240319473833359,Stres Sedang,0.4124823332956112,Stres Sedang,Pokok Utama,109.23333995139653,-0.43795064973036335,542,109.23333829,-0.43798195,8.12,0.442,0.442,Healthy,Moderate
AME II,D005A,D05,2009,31,28,65992,0.4334172745779385,Stres Sedang,0.4474767019547674,Stres Sedang,Pokok Utama,109.2335138617481,-0.4379464442509203,100,109.23349999,-0.43795621,10.16,0.401,0.401,Healthy,Sub-Optimal
AME II,D005A,D05,2009,32,3,65873,0.42042664285721665,Stres Sedang,0.439795065697675,Stres Sedang,Pokok Utama,109.23145187399535,-0.4379144919335094,383,109.23141916,-0.43790553,8.68,0.483,0.483,Healthy,Good
AME II,D005A,D05,2009,32,4,65885,0.40284699133424623,Stres Sedang,0.422641856316621,Stres Sedang,Pokok Utama,109.23151484495457,-0.4378696568056713,181,109.23150226,-0.43786034,9.62,0.508,0.508,Healthy,Good
AME II,D005A,D05,2009,32,5,65884,,-,0.3439738049660579,Stres Berat,Sisip Des25,109.23159787347583,-0.4378849186508475,2896,109.23160331,-0.43787392,0.73,0.433,0.433,Abnormal,Moderate
AME II,D005A,D05,2009,32,6,65881,0.45665916032393666,Stres Sedang,0.43385873647513695,Stres Sedang,Pokok Utama,109.23168189888175,-0.4378570988893756,416,109.23167023,-0.43785857,8.57,0.469,0.469,Healthy,Good
AME II,D005A,D05,2009,32,7,65889,0.40063995671856734,Stres Sedang,0.45074098609021906,Stres Sedang,Pokok Utama,109.23182458886873,-0.4378860422227783,112,109.2318099,-0.43790155,10.08,0.537,0.537,Healthy,Good
AME II,D005A,D05,2009,32,8,65853,,-,0.342831011292676,Stres Berat,Sisip Des25,109.23194395322194,-0.437872498716199,2569,109.23194106,-0.43786587,1.81,0.387,0.387,Healthy,Critical
AME II,D005A,D05,2009,32,9,65844,0.4045715957349294,Stres Sedang,0.4227651346333419,Stres Sedang,Pokok Utama,109.23210377630969,-0.4379087957991526,314,109.23208388,-0.43790207,8.95,0.475,0.475,Healthy,Good
AME II,D005A,D05,2009,32,11,63580,0.34864496957261,Stres Berat,0.3711734986224267,Stres Berat,Pokok Utama,109.232338914596,-0.43787045809440184,1350,109.23235966,-0.43784652,5.51,0.369,0.369,Suspect,Critical
AME II,D005A,D05,2009,32,12,63567,0.36444858944266095,Stres Berat,0.40035186036086656,Stres Sedang,Pokok Utama,109.23258478924475,-0.43788554086733467,429,109.23257164,-0.4378737,8.51,0.443,0.443,Healthy,Moderate
AME II,D005A,D05,2009,32,13,63579,,-,0.34155413526766404,Stres Berat,Sisip Des25,109.23272636384401,-0.437886414336618,653,109.2327504,-0.43788821,7.76,0.438,0.438,Healthy,Moderate
AME II,D005A,D05,2009,32,14,63577,0.37105189546252954,Stres Berat,0.3957088097350107,Stres Berat,Pokok Utama,109.23314474730542,-0.4378644973750295,810,109.23313127,-0.43786615,7.26,0.659,0.659,Healthy,Good
AME II,D005A,D05,2009,32,15,63563,0.3719952088578129,Stres Berat,0.39663806808079544,Stres Berat,Pokok Utama,109.23324992181391,-0.437874186628966,1597,109.23328532,-0.43787478,4.69,0.466,0.466,Healthy,Good
AME II,D005A,D05,2009,32,16,65967,0.40972496893716187,Stres Sedang,0.4432974315724158,Stres Sedang,Pokok Utama,109.23335056834355,-0.4378433529816034,1415,109.23334416,-0.43784585,5.3,0.496,0.496,Healthy,Good
AME II,D005A,D05,2009,32,17,63568,0.40840981516633024,Stres Sedang,0.4574895399834623,Stres Sedang,Pokok Utama,109.23344268437835,-0.43784490827269135,481,109.23345106,-0.43784769,8.33,0.49,0.49,Healthy,Good
AME II,D005A,D05,2009,32,18,65993,0.45265334723229683,Stres Sedang,0.4556233042811435,Stres Sedang,Pokok Utama,109.23353069567256,-0.4378797388433143,126,109.23351258,-0.43787438,9.99,0.462,0.462,Healthy,Good
AME II,D005A,D05,2009,33,1,65866,0.44835866499282806,Stres Sedang,0.4362530960684724,Stres Sedang,Pokok Utama,109.23137797447912,-0.43775477806190544,337,109.2313855,-0.43776762,8.89,0.445,0.445,Healthy,Moderate
AME II,D005A,D05,2009,33,2,65863,,-,0.3383176733080035,Stres Berat,Sisip Des25,109.23147093745025,-0.43774357673908304,67,109.23147758,-0.43773554,10.41,0.44,0.44,Healthy,Moderate
AME II,D005A,D05,2009,33,5,65862,0.4462839922165139,Stres Sedang,0.40856623775302775,Stres Sedang,Pokok Utama,109.23162234555633,-0.43776608289161645,196,109.23161726,-0.43776089,9.54,0.493,0.493,Healthy,Good
AME II,D005A,D05,2009,33,7,65890,0.4149413226614649,Stres Sedang,0.4006160768988989,Stres Sedang,Pokok Utama,109.23189189628803,-0.4378048595379348,734,109.23190289,-0.43782019,7.53,0.461,0.461,Healthy,Good
AME II,D005A,D05,2009,33,8,65854,0.39614031307843295,Stres Berat,0.4148237214352695,Stres Sedang,Pokok Utama,109.23199237955284,-0.43779356411504866,1230,109.231977,-0.43782021,5.91,0.5,0.5,Healthy,Good
AME II,D005A,D05,2009,33,9,65843,0.4372206143943031,Stres Sedang,0.4344940677248356,Stres Sedang,Pokok Utama,109.23207031487557,-0.4378205878681237,606,109.23207131,-0.43785278,7.92,0.503,0.503,Healthy,Good
AME II,D005A,D05,2009,33,10,63545,0.3925455484183364,Stres Berat,0.4000295143645807,Stres Sedang,Pokok Utama,109.23213192276253,-0.4377601489686869,1661,109.23212972,-0.43775966,4.42,0.465,0.465,Healthy,Good
AME II,D005A,D05,2009,33,13,63574,0.4314633706960973,Stres Sedang,0.45096464154712207,Stres Sedang,Pokok Utama,109.23228014956841,-0.4378160561885794,132,109.2322878,-0.4378456,9.93,0.553,0.553,Healthy,Good
AME II,D005A,D05,2009,33,14,63566,,-,0.34376759241012406,Stres Berat,Sisip Des25,109.23237064747015,-0.4378307183182651,1350,109.23235966,-0.43784652,5.51,0.369,0.369,Suspect,Critical
AME II,D005A,D05,2009,33,15,63569,0.355930843195893,Stres Berat,0.38911068920077163,Stres Berat,Pokok Utama,109.23248134595535,-0.4378271446597452,1151,109.23248227,-0.43783886,6.15,0.539,0.539,Healthy,Good
AME II,D005A,D05,2009,33,18,63551,0.39923752961093434,Stres Berat,0.451214466068783,Stres Sedang,Pokok Utama,109.2326425684831,-0.43780067103560943,529,109.2326296,-0.43780589,8.17,0.512,0.512,Healthy,Good
AME II,D005A,D05,2009,33,20,63557,0.4255191655246358,Stres Sedang,0.44853569956770345,Stres Sedang,Pokok Utama,109.23275468806038,-0.4377507179140558,91,109.23274774,-0.43774669,10.22,0.401,0.401,Healthy,Sub-Optimal
AME II,D005A,D05,2009,33,21,63572,,-,0.31584018788167406,Stres Berat,Sisip Des25,109.23282685306773,-0.43783628609014524,2759,109.23279981,-0.43783758,1.16,0.482,0.482,Abnormal,Good
AME II,D005A,D05,2009,33,23,63573,0.4250414205015293,Stres Sedang,0.44557668616374335,Stres Sedang,Pokok Utama,109.23296257753395,-0.4378127784312358,614,109.23297543,-0.43782677,7.9,0.485,0.485,Healthy,Good
AME II,D005A,D05,2009,33,24,63561,0.387844842928449,Stres Berat,0.39781535594937534,Stres Berat,Pokok Utama,109.23300940854546,-0.43773984904437263,2091,109.23300913,-0.43775037,3.16,0.454,0.454,Healthy,Moderate
AME II,D005A,D05,2009,33,25,65960,,-,0.3352435137386675,Stres Berat,Sisip Des25,109.23306622077513,-0.4378305697234781,2262,109.23303651,-0.43783176,2.64,0.395,0.395,Healthy,Sub-Optimal
AME II,D005A,D05,2009,33,26,63565,,-,0.3422311715873671,Stres Berat,Sisip Des25,109.23308285700655,-0.43775573124596245,2642,109.23310524,-0.43776757,1.56,0.395,0.395,Healthy,Sub-Optimal
AME II,D005A,D05,2009,33,28,66141,0.37572614080495814,Stres Berat,0.4044976439131418,Stres Sedang,Pokok Utama,109.23322983718731,-0.43773597032797906,632,109.23319867,-0.43772374,7.84,0.413,0.413,Healthy,Sub-Optimal
AME II,D005A,D05,2009,33,29,63552,0.3313124665330849,Stres Berat,0.3828546471628929,Stres Berat,Pokok Utama,109.23332278073491,-0.4377561302788433,1375,109.23331903,-0.43776988,5.42,0.421,0.421,Healthy,Sub-Optimal
AME II,D005A,D05,2009,33,31,63578,0.4031462357454623,Stres Sedang,0.45073694555876326,Stres Sedang,Pokok Utama,109.23351364075286,-0.43781405029527465,245,109.23352517,-0.43781831,9.31,0.471,0.471,Healthy,Good
AME II,D005A,D05,2009,34,1,65867,0.4078231049715346,Stres Sedang,0.4105491027245177,Stres Sedang,Pokok Utama,109.23137532623996,-0.43769735479301675,1238,109.23136082,-0.43768442,5.88,0.441,0.441,Healthy,Moderate
AME II,D005A,D05,2009,34,2,65864,0.421364575086459,Stres Sedang,0.44010266330200176,Stres Sedang,Pokok Utama,109.23150918565882,-0.43767776714110723,672,109.23149332,-0.43768309,7.72,0.457,0.457,Healthy,Moderate
AME II,D005A,D05,2009,34,3,177290,0.43467136380171756,Stres Sedang,0.42748243754125603,Stres Sedang,Pokok Utama,109.2315780801154,-0.43771132478553226,993,109.23156831,-0.43772245,6.67,0.55,0.55,Healthy,Good
AME II,D005A,D05,2009,34,7,65857,0.4043857592088533,Stres Sedang,0.409480206702881,Stres Sedang,Pokok Utama,109.23179920205246,-0.43775097499392834,1155,109.23182656,-0.43774105,6.15,0.477,0.477,Healthy,Good
AME II,D005A,D05,2009,34,8,65836,,-,0.32816353141893123,Stres Berat,Sisip Des25,109.2318734483295,-0.4376992195087176,539,109.23190382,-0.43769268,8.14,0.428,0.428,Healthy,Sub-Optimal
AME II,D005A,D05,2009,34,11,65842,0.429545909659779,Stres Sedang,0.42556425132992676,Stres Sedang,Pokok Utama,109.23220573635406,-0.4377059164667211,2773,109.23221147,-0.43771672,1.12,0.483,0.483,Healthy,Good
AME II,D005A,D05,2009,34,12,63553,0.423857850600386,Stres Sedang,0.4269251827198904,Stres Sedang,Pokok Utama,109.23227481075071,-0.43768109339848654,1957,109.23226448,-0.43767333,3.52,0.517,0.517,Healthy,Good
AME II,D005A,D05,2009,34,13,63576,0.38727914960774557,Stres Berat,0.40136593999958187,Stres Sedang,Pokok Utama,109.23233799520084,-0.4377318964599147,2167,109.23236013,-0.43775383,2.9,0.466,0.466,Abnormal,Good
AME II,D005A,D05,2009,34,14,66022,0.37977810326062694,Stres Berat,0.42648038098998103,Stres Sedang,Pokok Utama,109.23244888846013,-0.4377065099173585,333,109.23244951,-0.43772763,8.9,0.509,0.509,Healthy,Good
AME II,D005A,D05,2009,34,15,63559,,-,0.36056139762771083,Stres Berat,Sisip Des25,109.23245774519874,-0.43775157387805336,333,109.23244951,-0.43772763,8.9,0.509,0.509,Healthy,Good
AME II,D005A,D05,2009,34,16,66020,,-,0.32538736591368544,Stres Berat,Sisip Des25,109.23253374358619,-0.43771246031775546,2914,109.23251464,-0.43770639,0.67,0.397,0.397,Abnormal,Sub-Optimal
AME II,D005A,D05,2009,34,19,63546,0.3801407867521415,Stres Berat,0.41168141196879054,Stres Sedang,Pokok Utama,109.23284356907654,-0.4376659288566993,745,109.23284701,-0.43767799,7.48,0.447,0.447,Healthy,Moderate
AME II,D005A,D05,2009,34,20,63531,0.42250620632482866,Stres Sedang,0.4010697463651038,Stres Sedang,Pokok Utama,109.23295975006017,-0.43766335915429605,246,109.23297906,-0.43764546,9.31,0.468,0.468,Healthy,Good
AME II,D005A,D05,2009,34,21,63547,0.3955025941329245,Stres Berat,0.45607228952306444,Stres Sedang,Pokok Utama,109.23306847272639,-0.4376748512570987,160,109.23307652,-0.43767668,9.76,0.492,0.492,Healthy,Good
AME II,D005A,D05,2009,34,22,63548,0.42220252066630265,Stres Sedang,0.43147948139611586,Stres Sedang,Pokok Utama,109.2331984998642,-0.43769423458334694,632,109.23319867,-0.43772374,7.84,0.413,0.413,Healthy,Sub-Optimal
AME II,D005A,D05,2009,34,24,63550,0.3849083171712368,Stres Berat,0.430209857556555,Stres Sedang,Pokok Utama,109.23344076296034,-0.4376921617054538,751,109.2334484,-0.43767994,7.46,0.529,0.529,Healthy,Good
AME II,D005A,D05,2009,34,25,63549,0.40513818799404533,Stres Sedang,0.4038335456524366,Stres Sedang,Pokok Utama,109.23350332501552,-0.43769860194647664,690,109.23351038,-0.43770844,7.67,0.492,0.492,Healthy,Good
AME II,D005A,D05,2009,35,1,65777,0.40190939927169683,Stres Sedang,0.41793677371976107,Stres Sedang,Pokok Utama,109.2313751524877,-0.43762844667140977,570,109.23134287,-0.43764281,8.06,0.377,0.377,Suspect,Critical
AME II,D005A,D05,2009,35,3,65779,0.4080697255714299,Stres Sedang,0.44607791986466927,Stres Sedang,Pokok Utama,109.23155082483237,-0.43761314559208875,1589,109.23155487,-0.43760534,4.72,0.435,0.435,Healthy,Moderate
AME II,D005A,D05,2009,35,4,65783,0.3756356258297319,Stres Berat,0.39850723300592966,Stres Berat,Pokok Utama,109.23163406620417,-0.43759534378080617,1904,109.23161999,-0.43761168,3.68,0.47,0.47,Abnormal,Good
AME II,D005A,D05,2009,35,6,65781,0.34534679863656914,Stres Berat,0.37316101450874467,Stres Berat,Pokok Utama,109.2317877408508,-0.4376457722227431,1051,109.23179874,-0.43762574,6.47,0.442,0.442,Healthy,Moderate
AME II,D005A,D05,2009,35,9,65839,0.465019992878928,Stres Sedang,0.47742401673662727,Stres Sedang,Pokok Utama,109.23195101821338,-0.43764299238352056,10,109.23195189,-0.43764612,11.87,0.507,0.507,Healthy,Good
AME II,D005A,D05,2009,35,10,65835,0.37891971814785624,Stres Berat,0.40106985614269597,Stres Sedang,Pokok Utama,109.23204412422945,-0.4376296781804175,665,109.23204218,-0.43760816,7.74,0.468,0.468,Healthy,Good
AME II,D005A,D05,2009,35,11,65841,0.41724479900647515,Stres Sedang,0.4165851616612999,Stres Sedang,Pokok Utama,109.2321913526524,-0.43762175101762346,1590,109.2321823,-0.43763261,4.72,0.447,0.447,Healthy,Moderate
AME II,D005A,D05,2009,35,12,63534,0.45085546185765707,Stres Sedang,0.48164658381881503,Stres Sedang,Pokok Utama,109.23223915941281,-0.43759078322354933,2008,109.23222856,-0.43762132,3.39,0.512,0.512,Healthy,Good
AME II,D005A,D05,2009,35,13,63542,0.3990033793954941,Stres Berat,0.43268207588767005,Stres Sedang,Pokok Utama,109.23233900739197,-0.4376450739800514,1237,109.23236599,-0.43764803,5.88,0.492,0.492,Healthy,Good
AME II,D005A,D05,2009,35,14,66024,0.40737051535708296,Stres Sedang,0.42907872900063054,Stres Sedang,Pokok Utama,109.23243463958254,-0.4376562617487079,796,109.23242708,-0.4376286,7.32,0.489,0.489,Healthy,Good
AME II,D005A,D05,2009,35,15,66025,0.3950166172914001,Stres Berat,0.42083500036126786,Stres Sedang,Pokok Utama,109.2324843700101,-0.4375963642575522,418,109.23250928,-0.43760149,8.56,0.577,0.577,Healthy,Good
AME II,D005A,D05,2009,35,16,66021,,-,0.34019281165582116,Stres Berat,Sisip Des25,109.23256534057435,-0.43761006291848287,2987,109.23255554,-0.43761236,0.5,0.407,0.407,Abnormal,Sub-Optimal
AME II,D005A,D05,2009,35,17,388512,,-,0.3441304844148053,Stres Berat,Sisip Des25,109.23262238773462,-0.43766051375138837,242,109.23263817,-0.43763227,9.32,0.55,0.55,Healthy,Good
AME II,D005A,D05,2009,35,18,66032,0.40890673584839005,Stres Sedang,0.43911093642891413,Stres Sedang,Pokok Utama,109.23263994938686,-0.4376219823152184,242,109.23263817,-0.43763227,9.32,0.55,0.55,Healthy,Good
AME II,D005A,D05,2009,35,22,63537,0.432206110477709,Stres Sedang,0.436362673385013,Stres Sedang,Pokok Utama,109.23284962999693,-0.4376004543261166,1001,109.2328349,-0.43760428,6.64,0.493,0.493,Healthy,Good
AME II,D005A,D05,2009,35,23,63539,0.42646377455966294,Stres Sedang,0.4172815428868424,Stres Sedang,Pokok Utama,109.23292416549138,-0.4376324754799314,544,109.23290855,-0.43763007,8.11,0.448,0.448,Healthy,Moderate
AME II,D005A,D05,2009,35,24,63536,0.41575131587527364,Stres Sedang,0.43470854403615183,Stres Sedang,Pokok Utama,109.23300425748222,-0.43759149733282887,757,109.23302623,-0.43761563,7.44,0.424,0.424,Healthy,Sub-Optimal
AME II,D005A,D05,2009,35,29,63540,0.432671493730412,Stres Sedang,0.4436727816751069,Stres Sedang,Pokok Utama,109.23327580536233,-0.43765240869178623,1569,109.233271,-0.4376383,4.78,0.496,0.496,Healthy,Good
AME II,D005A,D05,2009,35,30,63558,0.3797460740581379,Stres Berat,0.4193468223918568,Stres Sedang,Pokok Utama,109.23339845148124,-0.4376179021427196,526,109.23340081,-0.43762115,8.18,0.472,0.472,Healthy,Good
AME II,D005A,D05,2009,35,31,65966,,-,0.3614143347563349,Stres Berat,Sisip Des25,109.23346661719377,-0.4376198642579309,2869,109.23348255,-0.43761122,0.8,0.496,0.496,Abnormal,Good
AME II,D005A,D05,2009,36,1,65776,0.43674970123087775,Stres Sedang,0.45552523043093024,Stres Sedang,Pokok Utama,109.23141459920168,-0.43755433842698527,1331,109.23142642,-0.43755738,5.58,0.467,0.467,Healthy,Good
AME II,D005A,D05,2009,36,2,65780,0.41342724617687976,Stres Sedang,0.451819826447695,Stres Sedang,Pokok Utama,109.23147589447805,-0.4375491658985311,1392,109.23147942,-0.43756191,5.36,0.493,0.493,Healthy,Good
AME II,D005A,D05,2009,36,4,65791,0.3232798288896774,Stres Berat,0.28971566288393175,Stres Sangat Berat,Mati Jan26,109.23181961278618,-0.437538589750919,2974,109.23181089,-0.43753441,0.53,0.343,0.343,Abnormal,Critical
AME II,D005A,D05,2009,36,5,65837,,-,0.34182756707662404,Stres Berat,Sisip Des25,109.23192202118253,-0.43756438232386047,287,109.23193349,-0.43757558,9.09,0.371,0.371,Suspect,Critical
AME II,D005A,D05,2009,36,7,65833,0.3826337272600275,Stres Berat,0.3835553194199132,Stres Berat,Pokok Utama,109.23208628948082,-0.437504898712062,1068,109.23206287,-0.43748654,6.41,0.458,0.458,Healthy,Moderate
AME II,D005A,D05,2009,36,8,65834,0.371030737360971,Stres Berat,0.400954001844205,Stres Sedang,Pokok Utama,109.23213005420315,-0.4375434055626634,840,109.23211316,-0.43753855,7.15,0.475,0.475,Healthy,Good
AME II,D005A,D05,2009,36,9,63529,0.4252057608185422,Stres Sedang,0.46107247993511047,Stres Sedang,Pokok Utama,109.23221177685862,-0.4375360818536226,1936,109.23219849,-0.43754942,3.57,0.54,0.54,Abnormal,Good
AME II,D005A,D05,2009,36,10,63530,0.3755922779004887,Stres Berat,0.4498964488929698,Stres Sedang,Pokok Utama,109.23231117307982,-0.43757344983318125,658,109.23233502,-0.43757704,7.75,0.472,0.472,Healthy,Good
AME II,D005A,D05,2009,36,11,66026,0.39790105713760066,Stres Berat,0.3165326175455115,Stres Berat,Sisip Des25,109.23239993342848,-0.43755724357191306,2589,109.23241677,-0.43754586,1.73,0.418,0.418,Abnormal,Sub-Optimal
AME II,D005A,D05,2009,36,12,66033,,-,0.3312074766944454,Stres Berat,Sisip Des25,109.23256869683911,-0.4375620191241882,2920,109.23259013,-0.43755675,0.65,0.408,0.408,Abnormal,Sub-Optimal
AME II,D005A,D05,2009,36,14,66036,0.42049685229177347,Stres Sedang,0.4405002280899745,Stres Sedang,Pokok Utama,109.23288039229595,-0.4375610589121994,1102,109.23289824,-0.43756315,6.28,0.508,0.508,Healthy,Good
AME II,D005A,D05,2009,36,15,63526,0.4084131187141774,Stres Sedang,0.4357734484788669,Stres Sedang,Pokok Utama,109.23305691486286,-0.4375241447762073,1096,109.23307117,-0.43751934,6.3,0.532,0.532,Healthy,Good
AME II,D005A,D05,2009,36,17,63524,0.37428139008304484,Stres Berat,0.3811701701788029,Stres Berat,Pokok Utama,109.23330290777896,-0.4375133364839993,1076,109.23330921,-0.43752798,6.37,0.475,0.475,Healthy,Good
AME II,D005A,D05,2009,36,19,63535,,-,0.3356087727216619,Stres Berat,Sisip Des25,109.2334186444119,-0.4375386571752484,1759,109.23344888,-0.4375461,4.07,0.41,0.41,Healthy,Sub-Optimal
AME II,D005A,D05,2009,36,21,66041,0.41678109948922115,Stres Sedang,0.4450091665709008,Stres Sedang,Pokok Utama,109.23350654957895,-0.4375392772464469,297,109.23351221,-0.43753255,9.04,0.491,0.491,Healthy,Good
AME II,D005A,D05,2009,37,1,65775,0.40129809732663263,Stres Sedang,0.4187296486747118,Stres Sedang,Pokok Utama,109.23136147766299,-0.43748061674695876,628,109.23135997,-0.43747959,7.85,0.569,0.569,Healthy,Good
AME II,D005A,D05,2009,37,2,65773,0.40835887260893905,Stres Sedang,0.444455903963422,Stres Sedang,Pokok Utama,109.23149932416716,-0.4374943899745382,961,109.23147539,-0.43750946,6.79,0.456,0.456,Healthy,Moderate
AME II,D005A,D05,2009,37,3,65782,0.4497211275159774,Stres Sedang,0.42032044869646634,Stres Sedang,Pokok Utama,109.2315945834375,-0.4374750656171707,359,109.23159487,-0.43745749,8.79,0.456,0.456,Healthy,Moderate
AME II,D005A,D05,2009,37,4,65786,0.4230221340171339,Stres Sedang,0.4297098213231858,Stres Sedang,Pokok Utama,109.23166702017147,-0.43750117608987327,290,109.23168604,-0.43747198,9.06,0.483,0.483,Healthy,Good
AME II,D005A,D05,2009,37,5,65787,0.4272205170369207,Stres Sedang,0.4462664678737776,Stres Sedang,Pokok Utama,109.23167738973903,-0.4374748179730839,290,109.23168604,-0.43747198,9.06,0.483,0.483,Healthy,Good
AME II,D005A,D05,2009,37,6,65792,,-,0.3389313589643549,Stres Berat,Sisip Des25,109.23174787896849,-0.43747605454637606,106,109.23172287,-0.43748284,10.11,0.454,0.454,Healthy,Moderate
AME II,D005A,D05,2009,37,9,65822,0.43050830429647025,Stres Sedang,0.44682439797004164,Stres Sedang,Pokok Utama,109.23219196476164,-0.4374723913432826,1036,109.2321783,-0.4374608,6.51,0.455,0.455,Healthy,Moderate
AME II,D005A,D05,2009,37,12,66028,0.37433201092916313,Stres Berat,0.40522167157340433,Stres Sedang,Pokok Utama,109.23252421621736,-0.4374822008749709,1052,109.23250976,-0.43747896,6.47,0.516,0.516,Healthy,Good
AME II,D005A,D05,2009,37,13,66029,0.3623008156122898,Stres Berat,0.40791022739832916,Stres Sedang,Pokok Utama,109.23259748901812,-0.43747346057360825,1324,109.23259195,-0.43746135,5.61,0.486,0.486,Healthy,Good
AME II,D005A,D05,2009,37,14,63525,0.4470956212425806,Stres Sedang,0.47222075025572025,Stres Sedang,Pokok Utama,109.23281281089521,-0.4374534671244637,907,109.23280709,-0.43745868,6.94,0.554,0.554,Healthy,Good
AME II,D005A,D05,2009,37,15,63521,0.38330271953243045,Stres Berat,0.4150181088858409,Stres Sedang,Pokok Utama,109.23288468367734,-0.4374881795387802,1520,109.23289915,-0.43750392,4.93,0.425,0.425,Healthy,Sub-Optimal
AME II,D005A,D05,2009,37,17,63541,0.40433857308675164,Stres Sedang,0.392063782516178,Stres Berat,Pokok Utama,109.23322900085687,-0.43748200811124494,2178,109.23323961,-0.43745336,2.87,0.49,0.49,Abnormal,Good
AME II,D005A,D05,2009,37,19,66043,0.40128391049496787,Stres Sedang,0.43782339546509624,Stres Sedang,Pokok Utama,109.23340022461598,-0.4374581956646423,715,109.23340668,-0.43747375,7.61,0.56,0.56,Healthy,Good
AME II,D005A,D05,2009,38,1,65774,0.4127348843126289,Stres Sedang,0.43941204504650316,Stres Sedang,Pokok Utama,109.23141715460434,-0.4374468904640622,733,109.23140129,-0.43747101,7.53,0.386,0.386,Healthy,Critical
AME II,D005A,D05,2009,38,2,65772,,-,0.3625905852626871,Stres Berat,Sisip Des25,109.23145851132597,-0.4374042651569912,1354,109.23145296,-0.43738285,5.49,0.37,0.37,Suspect,Critical
AME II,D005A,D05,2009,38,4,65788,0.4229223541090742,Stres Sedang,0.43032496119259755,Stres Sedang,Pokok Utama,109.23171216318477,-0.4374254919599293,494,109.23168785,-0.43742677,8.27,0.469,0.469,Healthy,Good
AME II,D005A,D05,2009,38,5,65789,,-,0.32264549491878797,Stres Berat,Sisip Des25,109.23182911685726,-0.43741021637513966,2947,109.23179609,-0.43742137,0.6,0.415,0.415,Abnormal,Sub-Optimal
AME II,D005A,D05,2009,38,6,65793,0.4133536056638351,Stres Sedang,0.41883401241005114,Stres Sedang,Pokok Utama,109.23197471417865,-0.4374255820380264,121,109.23198697,-0.43743995,10.03,0.516,0.516,Healthy,Good
AME II,D005A,D05,2009,38,7,65831,0.3691481554094107,Stres Berat,0.42462250522257367,Stres Sedang,Pokok Utama,109.23201044330517,-0.43742355062784916,121,109.23198697,-0.43743995,10.03,0.516,0.516,Healthy,Good
AME II,D005A,D05,2009,38,8,65823,,-,0.3224717806840297,Stres Berat,Sisip Des25,109.2321183085975,-0.4374156472262369,2948,109.23210556,-0.43738798,0.6,0.359,0.359,Abnormal,Critical
AME II,D005A,D05,2009,38,9,65821,0.42030721069344157,Stres Sedang,0.4428142870281949,Stres Sedang,Pokok Utama,109.23221753847646,-0.43742999623651463,1078,109.23221469,-0.43740203,6.36,0.488,0.488,Healthy,Good
AME II,D005A,D05,2009,38,11,66138,0.3881908038100498,Stres Berat,0.3737494386652069,Stres Berat,Pokok Utama,109.23239089796094,-0.4374438038211081,769,109.23240556,-0.43744864,7.41,0.482,0.482,Healthy,Good
AME II,D005A,D05,2009,38,13,327231,0.37262636417406386,Stres Berat,0.37160383120758306,Stres Berat,Tamb,109.23253541876066,-0.437410514371635,2902,109.23253493,-0.43739215,0.7,0.435,0.435,Abnormal,Moderate
AME II,D005A,D05,2009,38,14,63517,0.3863123329991479,Stres Berat,0.4458096730874389,Stres Sedang,Pokok Utama,109.23263723669928,-0.4374028384619531,624,109.23264811,-0.43740394,7.87,0.44,0.44,Healthy,Moderate
AME II,D005A,D05,2009,38,18,66049,0.37748100412991675,Stres Berat,0.3589215562956002,Stres Berat,Pokok Utama,109.23314542264501,-0.4374249562057603,1599,109.23314798,-0.43744791,4.68,0.465,0.465,Healthy,Good
AME II,D005A,D05,2009,38,20,66045,0.37884071924042956,Stres Berat,0.4299484180475258,Stres Sedang,Pokok Utama,109.23342484085022,-0.4374141882277705,2646,109.23341344,-0.43738377,1.55,0.454,0.454,Healthy,Moderate
AME II,D005A,D05,2009,38,21,66039,0.41102415884910315,Stres Sedang,0.4647093731691397,Stres Sedang,Pokok Utama,109.2335422687822,-0.43741611536047503,1343,109.23354458,-0.43740958,5.54,0.472,0.472,Healthy,Good
AME II,D005A,D05,2009,39,1,65753,0.42724106256000255,Stres Sedang,0.4098985953103473,Stres Sedang,Pokok Utama,109.23137653882402,-0.4373415444083159,820,109.23137212,-0.4373643,7.23,0.365,0.365,Suspect,Critical
AME II,D005A,D05,2009,39,2,65754,0.3802955573205592,Stres Berat,0.42259627195918464,Stres Sedang,Pokok Utama,109.23143224262436,-0.4373472472074278,674,109.23142378,-0.43735753,7.71,0.416,0.416,Healthy,Sub-Optimal
AME II,D005A,D05,2009,39,3,65769,0.40984131248725547,Stres Sedang,0.409044875033883,Stres Sedang,Pokok Utama,109.23163440100066,-0.43736075809484526,601,109.23163891,-0.437363,7.94,0.565,0.565,Healthy,Good
AME II,D005A,D05,2009,39,5,65794,0.402302787898992,Stres Sedang,0.4134003512377356,Stres Sedang,Pokok Utama,109.2318374609922,-0.43734661832430266,7,109.23184327,-0.43735582,12.07,0.451,0.451,Healthy,Moderate
AME II,D005A,D05,2009,39,6,65829,0.40825376023775506,Stres Sedang,0.42595744552162734,Stres Sedang,Pokok Utama,109.2319715902088,-0.43731812140067156,564,109.23198026,-0.43732782,8.07,0.536,0.536,Healthy,Good
AME II,D005A,D05,2009,39,7,65825,0.41493594821522145,Stres Sedang,0.42688697547088433,Stres Sedang,Pokok Utama,109.23210870964897,-0.43732838448062766,247,109.2321159,-0.43731112,9.3,0.52,0.52,Healthy,Good
AME II,D005A,D05,2009,39,8,65824,0.40017159656607504,Stres Sedang,0.40817190531855235,Stres Sedang,Pokok Utama,109.2321801366386,-0.43736804688135195,920,109.23218012,-0.43737579,6.9,0.48,0.48,Healthy,Good
AME II,D005A,D05,2009,39,9,65820,0.4414447090592577,Stres Sedang,0.44670473345641076,Stres Sedang,Pokok Utama,109.23224545748414,-0.4373230569683299,1668,109.23221876,-0.43729984,4.4,0.412,0.412,Healthy,Sub-Optimal
AME II,D005A,D05,2009,39,10,63516,0.44110833323628895,Stres Sedang,0.45601888741102053,Stres Sedang,Pokok Utama,109.23243703697841,-0.4373352748139246,533,109.23242805,-0.43734149,8.15,0.448,0.448,Healthy,Moderate
AME II,D005A,D05,2009,39,11,63514,0.44192648561849984,Stres Sedang,0.45675173176266654,Stres Sedang,Pokok Utama,109.23245748026694,-0.4373147987948998,243,109.23246353,-0.43731392,9.32,0.635,0.635,Healthy,Good
AME II,D005A,D05,2009,39,12,63520,0.40078585227570096,Stres Sedang,0.45917424923036154,Stres Sedang,Pokok Utama,109.23267042975847,-0.4373245667910788,505,109.23267821,-0.43735059,8.24,0.46,0.46,Healthy,Good
AME II,D005A,D05,2009,39,13,184046,0.4451207696347246,Stres Sedang,0.42502669223402106,Stres Sedang,Pokok Utama,109.23276442101333,-0.4373373949387342,1282,109.23274513,-0.4373497,5.75,0.459,0.459,Healthy,Moderate
AME II,D005A,D05,2009,39,14,66114,0.4207415086329718,Stres Sedang,0.4571674523509035,Stres Sedang,Pokok Utama,109.23285585129035,-0.43733236682898463,340,109.23286461,-0.43731537,8.86,0.506,0.506,Healthy,Good
AME II,D005A,D05,2009,39,15,66115,,-,0.34796814675820936,Stres Berat,Sisip Des25,109.23294794312186,-0.43735199053450813,2400,109.23297913,-0.43735157,2.23,0.403,0.403,Abnormal,Sub-Optimal
AME II,D005A,D05,2009,39,19,66123,0.43325606210469414,Stres Sedang,0.4162550834685932,Stres Sedang,Pokok Utama,109.2332720935911,-0.4373178909186432,2255,109.23325536,-0.43731591,2.66,0.492,0.492,Healthy,Good
AME II,D005A,D05,2009,39,20,66125,0.3912703405323905,Stres Berat,0.4245477902660994,Stres Sedang,Pokok Utama,109.23335743754899,-0.4373242458823511,2435,109.23333126,-0.43731729,2.14,0.524,0.524,Healthy,Good
AME II,D005A,D05,2009,39,21,66046,0.4376257712042833,Stres Sedang,0.4613603882746919,Stres Sedang,Pokok Utama,109.2334772151991,-0.4373446227448936,2234,109.2334853,-0.43737791,2.71,0.511,0.511,Healthy,Good
AME II,D005A,D05,2009,39,22,66038,0.43743837597450447,Stres Sedang,0.4519805363622535,Stres Sedang,Pokok Utama,109.23356918473856,-0.43733637228211536,1334,109.23357873,-0.43733136,5.57,0.574,0.574,Healthy,Good
AME II,D005A,D05,2009,40,2,65764,0.43378478893831773,Stres Sedang,0.46395355753872114,Stres Sedang,Pokok Utama,109.23153331986019,-0.43730464479782644,817,109.23155358,-0.43732907,7.23,0.512,0.512,Healthy,Good
AME II,D005A,D05,2009,40,3,65765,0.4295762079646185,Stres Sedang,0.4298128852696513,Stres Sedang,Pokok Utama,109.23164244034584,-0.43727561411461585,898,109.23164656,-0.43728976,6.97,0.499,0.499,Healthy,Good
AME II,D005A,D05,2009,40,4,65766,0.41035329353235483,Stres Sedang,0.4281348280424689,Stres Sedang,Pokok Utama,109.23175686552675,-0.43728850289288435,1870,109.23174627,-0.4372839,3.79,0.458,0.458,Abnormal,Moderate
AME II,D005A,D05,2009,40,9,65815,0.3972728885445167,Stres Berat,0.41562654555690665,Stres Sedang,Pokok Utama,109.23229468437808,-0.43725429348924305,581,109.23228794,-0.43724424,8.02,0.417,0.417,Healthy,Sub-Optimal
AME II,D005A,D05,2009,40,12,66135,0.40434525736390725,Stres Sedang,0.4433252442126221,Stres Sedang,Pokok Utama,109.23261308359004,-0.43728358747506774,39,109.23262299,-0.43727959,10.83,0.507,0.507,Healthy,Good
AME II,D005A,D05,2009,40,13,66110,0.34557498344465304,Stres Berat,0.35424687609182315,Stres Berat,Mati Jan26,109.23278103668395,-0.43728271374404615,2113,109.23280309,-0.43727737,3.08,0.287,0.287,Abnormal,Critical
AME II,D005A,D05,2009,40,14,66113,0.36147716709604,Stres Berat,0.3956525616989566,Stres Berat,Pokok Utama,109.2329158100561,-0.43727621985744525,127,109.23289831,-0.4372584,9.98,0.401,0.401,Healthy,Sub-Optimal
AME II,D005A,D05,2009,40,15,66116,,-,0.3473270672876549,Stres Berat,Sisip Des25,109.23301930594639,-0.43728263941822515,1323,109.23305011,-0.43728738,5.61,0.504,0.504,Healthy,Good
AME II,D005A,D05,2009,40,16,66119,0.3650375273243046,Stres Berat,0.40966893533742893,Stres Sedang,Pokok Utama,109.23313032731605,-0.43726219147844514,1833,109.23312108,-0.43727067,3.88,0.542,0.542,Abnormal,Good
AME II,D005A,D05,2009,40,17,66120,0.4015384443608595,Stres Sedang,0.37575788142008865,Stres Berat,Pokok Utama,109.23318965842098,-0.43729706070115015,1201,109.23317273,-0.43726751,5.98,0.568,0.568,Healthy,Good
AME II,D005A,D05,2009,40,18,66124,0.41937575589018,Stres Sedang,0.40945080782977766,Stres Sedang,Pokok Utama,109.23332585194072,-0.43730654934492047,2435,109.23333126,-0.43731729,2.14,0.524,0.524,Healthy,Good
AME II,D005A,D05,2009,40,20,66047,0.40516379182221857,Stres Sedang,0.4323286813538091,Stres Sedang,Pokok Utama,109.23344667260913,-0.43729195820921996,2151,109.23344894,-0.43728069,2.97,0.512,0.512,Healthy,Good
AME II,D005A,D05,2009,40,21,66037,0.4083388223020705,Stres Sedang,0.40639947861000847,Stres Sedang,Pokok Utama,109.23355472863028,-0.43722282651924316,1644,109.23356439,-0.43721244,4.48,0.543,0.543,Healthy,Good
AME II,D005A,D05,2009,41,1,65756,0.4159323360489402,Stres Sedang,0.4029629106973463,Stres Sedang,Pokok Utama,109.23138594318542,-0.4372143302333431,1658,109.23137485,-0.43721328,4.43,0.35,0.35,Suspect,Critical
AME II,D005A,D05,2009,41,2,65763,0.36092450955905603,Stres Berat,0.42921846336260744,Stres Sedang,Pokok Utama,109.2315406470222,-0.4372397768391559,1898,109.2315325,-0.43721784,3.7,0.473,0.473,Abnormal,Good
AME II,D005A,D05,2009,41,3,65762,0.46127304670979463,Stres Sedang,0.45401433827036736,Stres Sedang,Pokok Utama,109.23162929561164,-0.4372380329024898,1015,109.23163715,-0.43721741,6.58,0.545,0.545,Healthy,Good
AME II,D005A,D05,2009,41,5,65797,0.38601155927246183,Stres Berat,0.37376464292591,Stres Berat,Pokok Utama,109.23183147767153,-0.43720605508863497,1965,109.23181681,-0.43718038,3.51,0.412,0.412,Abnormal,Sub-Optimal
AME II,D005A,D05,2009,41,6,65798,0.4180493273484955,Stres Sedang,0.4246789634669541,Stres Sedang,Pokok Utama,109.23192799706605,-0.4372039720274417,1050,109.23194076,-0.43722381,6.47,0.478,0.478,Healthy,Good
AME II,D005A,D05,2009,41,7,65799,,-,0.3284500902633608,Stres Berat,Sisip Des25,109.23199648060664,-0.43721501811028507,1703,109.23198074,-0.43720755,4.28,0.417,0.417,Healthy,Sub-Optimal
AME II,D005A,D05,2009,41,8,65800,0.4047905402456626,Stres Sedang,0.3848028716462451,Stres Berat,Pokok Utama,109.23208255477763,-0.4372125138538785,666,109.23208584,-0.43720531,7.74,0.491,0.491,Healthy,Good
AME II,D005A,D05,2009,41,9,183998,0.4072747362259963,Stres Sedang,0.3987737066440924,Stres Berat,Pokok Utama,109.23218840180444,-0.437179933575012,1235,109.23219318,-0.43718589,5.88,0.473,0.473,Healthy,Good
AME II,D005A,D05,2009,41,10,65814,0.42250238550182245,Stres Sedang,0.4280151396649802,Stres Sedang,Pokok Utama,109.23225891031473,-0.4371673583359013,1481,109.23227089,-0.43716421,5.06,0.45,0.45,Healthy,Moderate
AME II,D005A,D05,2009,41,11,65810,0.44495526307969835,Stres Sedang,0.43701958215850917,Stres Sedang,Pokok Utama,109.23236848040368,-0.4371810387566105,1133,109.23238676,-0.43719091,6.21,0.482,0.482,Healthy,Good
AME II,D005A,D05,2009,41,12,63513,0.406857828152395,Stres Sedang,0.42087065125822765,Stres Sedang,Pokok Utama,109.23250177466787,-0.437162199591028,575,109.23249052,-0.43715522,8.04,0.435,0.435,Healthy,Moderate
AME II,D005A,D05,2009,41,14,63512,0.44798396411511204,Stres Sedang,0.4527852671607919,Stres Sedang,Pokok Utama,109.23257479013817,-0.43719543413098083,58,109.23258438,-0.43720046,10.51,0.43,0.43,Healthy,Moderate
AME II,D005A,D05,2009,41,15,66109,,-,0.3502359517719896,Stres Berat,Sisip Des25,109.23266802282633,-0.43721949912910163,192,109.23265758,-0.43725021,9.57,0.416,0.416,Healthy,Sub-Optimal
AME II,D005A,D05,2009,41,17,66111,0.4439910724514687,Stres Sedang,0.4494329010972862,Stres Sedang,Pokok Utama,109.23284356202963,-0.4372017553858337,423,109.23283679,-0.4372073,8.53,0.473,0.473,Healthy,Good
AME II,D005A,D05,2009,41,18,66106,0.33450675721464906,Stres Berat,0.3757375373273159,Stres Berat,Pokok Utama,109.23291550536736,-0.43718394410830624,2734,109.23291854,-0.43717341,1.22,0.441,0.441,Abnormal,Moderate
AME II,D005A,D05,2009,41,19,66112,0.37986438600879285,Stres Berat,0.4243451799320689,Stres Sedang,Pokok Utama,109.23296194719045,-0.4371525756718508,1781,109.23296077,-0.43714357,4.01,0.406,0.406,Healthy,Sub-Optimal
AME II,D005A,D05,2009,41,20,66118,0.4050296535298147,Stres Sedang,0.44010964446356354,Stres Sedang,Pokok Utama,109.23300229444827,-0.43720994962412757,765,109.23300476,-0.43723085,7.42,0.458,0.458,Healthy,Moderate
AME II,D005A,D05,2009,41,22,66131,0.383143275808844,Stres Berat,0.30417003314178226,Stres Berat,Mati Jan26,109.23316857411183,-0.4372109213771885,1921,109.23316421,-0.43718748,3.62,0.334,0.334,Healthy,Critical
AME II,D005A,D05,2009,41,23,66132,0.3859134042080285,Stres Berat,0.44695190357500675,Stres Sedang,Pokok Utama,109.23321099769419,-0.43714859733758665,1143,109.23319701,-0.43715041,6.18,0.506,0.506,Healthy,Good
AME II,D005A,D05,2009,41,24,66130,0.41566646311614663,Stres Sedang,0.4253131177514451,Stres Sedang,Pokok Utama,109.23325291039507,-0.4372048395402171,1791,109.23323832,-0.43721011,3.99,0.525,0.525,Healthy,Good
AME II,D005A,D05,2009,41,25,66129,0.4402180696408803,Stres Sedang,0.4197089369647513,Stres Sedang,Pokok Utama,109.23330599959573,-0.43717876851876414,2323,109.2333057,-0.43716671,2.5,0.546,0.546,Healthy,Good
AME II,D005A,D05,2009,41,26,66128,0.4059580392728412,Stres Sedang,0.429216966939289,Stres Sedang,Pokok Utama,109.23335674445543,-0.4371744329940001,2523,109.2333542,-0.43718346,1.92,0.421,0.421,Healthy,Sub-Optimal
AME II,D005A,D05,2009,41,27,66134,0.4036087401558275,Stres Sedang,0.40715808599689673,Stres Sedang,Pokok Utama,109.23343813760584,-0.43714989203971155,2371,109.23344493,-0.43716358,2.33,0.523,0.523,Healthy,Good
AME II,D005A,D05,2009,41,28,66048,0.3920763205877414,Stres Berat,0.421940152136843,Stres Sedang,Pokok Utama,109.2334864773129,-0.4371998440278996,2152,109.233484,-0.43718982,2.97,0.418,0.418,Healthy,Sub-Optimal
AME II,D005A,D05,2009,42,2,65757,0.39933606747313927,Stres Berat,0.42163745058460694,Stres Sedang,Pokok Utama,109.23145297550374,-0.4371693647944196,966,109.23146604,-0.43715814,6.77,0.505,0.505,Healthy,Good
AME II,D005A,D05,2009,42,3,65759,0.40348381771759867,Stres Sedang,0.4073302967955067,Stres Sedang,Pokok Utama,109.23158265726359,-0.437136350058621,574,109.23158282,-0.43715003,8.05,0.493,0.493,Healthy,Good
AME II,D005A,D05,2009,42,5,63498,0.3805483707954576,Stres Berat,0.38226555906116744,Stres Berat,Pokok Utama,109.23170132535641,-0.43709684537493343,1065,109.23169871,-0.43709037,6.42,0.54,0.54,Healthy,Good
AME II,D005A,D05,2009,42,7,63510,0.40998625898857094,Stres Sedang,0.43917295337644,Stres Sedang,Pokok Utama,109.23191812476679,-0.4371111963891245,22,109.23190397,-0.43707957,11.3,0.441,0.441,Healthy,Moderate
AME II,D005A,D05,2009,42,8,63511,0.41780101487313676,Stres Sedang,0.41904394079321694,Stres Sedang,Pokok Utama,109.23200728245006,-0.4371411001164986,824,109.23198929,-0.43713656,7.22,0.476,0.476,Healthy,Good
AME II,D005A,D05,2009,42,9,65801,0.4421549240693699,Stres Sedang,0.4395415754663675,Stres Sedang,Pokok Utama,109.23209394580098,-0.43714171910480404,1530,109.23210607,-0.43711805,4.9,0.539,0.539,Healthy,Good
AME II,D005A,D05,2009,42,10,65818,0.36619143801192716,Stres Berat,0.3462259650211994,Stres Berat,Pokok Utama,109.23217257351541,-0.43712010258203715,2301,109.23219096,-0.43711717,2.55,0.388,0.388,Abnormal,Critical
AME II,D005A,D05,2009,42,12,65808,0.43105517328600207,Stres Sedang,0.4559654238945018,Stres Sedang,Pokok Utama,109.23237157925527,-0.4370999130146144,329,109.23240385,-0.43708647,8.9,0.453,0.453,Healthy,Moderate
AME II,D005A,D05,2009,42,13,329184,,-,0.33911413149092845,Stres Berat,Sisip Des25,109.23245577695872,-0.4371349000727044,2836,109.23245774,-0.43712175,0.92,0.428,0.428,Abnormal,Sub-Optimal
AME II,D005A,D05,2009,42,14,66059,0.4186286382940225,Stres Sedang,0.42701818067373243,Stres Sedang,Pokok Utama,109.23252749192919,-0.437073639321697,2505,109.23251569,-0.437077,1.95,0.4,0.4,Healthy,Sub-Optimal
AME II,D005A,D05,2009,42,16,329178,0.3332325828636701,Stres Berat,0.41373385430008963,Stres Sedang,Pokok Utama,109.23269731080443,-0.4371239070106958,2757,109.23269803,-0.43710417,1.16,0.513,0.513,Healthy,Good
AME II,D005A,D05,2009,42,17,388500,,-,0.3306978965033438,Stres Berat,Sisip Des25,109.2327400448099,-0.4370906228473369,2214,109.23275058,-0.43711323,2.77,0.433,0.433,Healthy,Moderate
AME II,D005A,D05,2009,42,18,329179,0.3791117430304828,Stres Berat,0.3795413507090021,Stres Berat,Pokok Utama,109.23282406413676,-0.4371169985032725,2573,109.23282739,-0.43708838,1.79,0.407,0.407,Healthy,Sub-Optimal
AME II,D005A,D05,2009,42,19,63508,0.38921495875103207,Stres Berat,0.3916833864318,Stres Berat,Pokok Utama,109.23290804850856,-0.43710100596554385,1960,109.23290868,-0.43709699,3.51,0.436,0.436,Healthy,Moderate
AME II,D005A,D05,2009,42,20,66104,0.3813975745643655,Stres Berat,0.41476922326609583,Stres Sedang,Pokok Utama,109.23303018893127,-0.43711603173499736,1739,109.2330286,-0.43709747,4.14,0.436,0.436,Healthy,Moderate
AME II,D005A,D05,2009,42,21,66103,,-,0.3484110009242931,Stres Berat,Sisip Des25,109.2331120973607,-0.43713127830029086,2667,109.23310493,-0.43716124,1.47,0.428,0.428,Abnormal,Sub-Optimal
AME II,D005A,D05,2009,42,22,66102,0.42312055295460843,Stres Sedang,0.41314703884170406,Stres Sedang,Pokok Utama,109.2332320809844,-0.4370875019706641,1258,109.23319747,-0.43708395,5.83,0.425,0.425,Healthy,Sub-Optimal
AME II,D005A,D05,2009,42,24,63507,0.40394419055485126,Stres Sedang,0.4282423509095023,Stres Sedang,Pokok Utama,109.23338193906588,-0.43710181283073474,1330,109.23337938,-0.43707223,5.58,0.551,0.551,Healthy,Good
AME II,D005A,D05,2009,42,26,63506,0.4468047062555949,Stres Sedang,0.41995751154308736,Stres Sedang,Pokok Utama,109.23357140614775,-0.43705365556063247,495,109.23356668,-0.43702932,8.27,0.512,0.512,Healthy,Good
AME II,D005A,D05,2009,43,1,65748,0.42507152553945615,Stres Sedang,0.4280915437729446,Stres Sedang,Pokok Utama,109.2313917358166,-0.4370747624679047,35,109.23141126,-0.43709799,10.89,0.479,0.479,Healthy,Good
AME II,D005A,D05,2009,43,2,63497,0.42254086111655886,Stres Sedang,0.4562949950672928,Stres Sedang,Pokok Utama,109.23144338520997,-0.4370674201708668,108,109.23144899,-0.4370876,10.1,0.541,0.541,Healthy,Good
AME II,D005A,D05,2009,43,3,177288,0.4337837257328099,Stres Sedang,0.4263607129781251,Stres Sedang,Pokok Utama,109.23155513539685,-0.4370443513941867,1229,109.23153478,-0.43704964,5.91,0.5,0.5,Healthy,Good
AME II,D005A,D05,2009,43,5,63485,0.3729509283658153,Stres Berat,0.393905456186519,Stres Berat,Pokok Utama,109.2316951448965,-0.43701086549028934,2596,109.23172972,-0.43700402,1.71,0.482,0.482,Healthy,Good
AME II,D005A,D05,2009,43,6,63501,0.38725359338960397,Stres Berat,0.38175142301335,Stres Berat,Pokok Utama,109.23176127106329,-0.43705026535170427,1344,109.23177058,-0.43706417,5.54,0.387,0.387,Healthy,Critical
AME II,D005A,D05,2009,43,8,63495,0.40588914390588016,Stres Sedang,0.4223121364020859,Stres Sedang,Pokok Utama,109.23191421768712,-0.43705649622584436,22,109.23190397,-0.43707957,11.3,0.441,0.441,Healthy,Moderate
AME II,D005A,D05,2009,43,9,65802,0.4121028826065027,Stres Sedang,0.41690827189623497,Stres Sedang,Pokok Utama,109.23208091918903,-0.4370694586218602,1291,109.23207913,-0.43706062,5.71,0.412,0.412,Healthy,Sub-Optimal
AME II,D005A,D05,2009,43,10,65805,0.40614142725649977,Stres Sedang,0.409388199655866,Stres Sedang,Pokok Utama,109.23216213906079,-0.43704590371981966,972,109.23217345,-0.43705612,6.75,0.489,0.489,Healthy,Good
AME II,D005A,D05,2009,43,11,65806,0.3915482367264745,Stres Berat,0.41848558796596735,Stres Sedang,Pokok Utama,109.23223707308672,-0.4370386299373951,381,109.23226464,-0.43702042,8.69,0.437,0.437,Healthy,Moderate
AME II,D005A,D05,2009,43,12,183997,0.43645085586405646,Stres Sedang,0.45621388975744853,Stres Sedang,Pokok Utama,109.23235305723476,-0.4370463842285642,949,109.23234413,-0.43704486,6.82,0.521,0.521,Healthy,Good
AME II,D005A,D05,2009,43,14,66058,0.40513901292283516,Stres Sedang,0.4472721282589535,Stres Sedang,Pokok Utama,109.23252653303881,-0.4369992690207222,1502,109.2324955,-0.43698883,4.98,0.447,0.447,Healthy,Moderate
AME II,D005A,D05,2009,43,15,66140,0.3431577355183545,Stres Berat,0.4031938179457913,Stres Sedang,Pokok Utama,109.23264944067962,-0.43705125044691157,1920,109.23265089,-0.43702323,3.62,0.454,0.454,Healthy,Moderate
AME II,D005A,D05,2009,43,16,327227,,-,0.35992972995385086,Stres Berat,Sisip Des25,109.23267219721461,-0.4369962423953937,1920,109.23265089,-0.43702323,3.62,0.454,0.454,Healthy,Moderate
AME II,D005A,D05,2009,43,17,327226,0.324016288998873,Stres Berat,0.36320817201291195,Stres Berat,Tamb,109.23274067063585,-0.43704214677193404,1405,109.23274116,-0.43704043,5.32,0.482,0.482,Healthy,Good
AME II,D005A,D05,2009,43,18,329177,,-,0.3472551456698687,Stres Berat,Sisip Des25,109.23279431780031,-0.4369983183519363,2005,109.23280585,-0.43700066,3.4,0.452,0.452,Healthy,Moderate
AME II,D005A,D05,2009,43,19,63505,0.3317379675043809,Stres Berat,0.3660432738601554,Stres Berat,Pokok Utama,109.23281049484996,-0.43705119825651695,2736,109.23281931,-0.43704135,1.22,0.401,0.401,Healthy,Sub-Optimal
AME II,D005A,D05,2009,43,20,66105,0.4163289511621129,Stres Sedang,0.42210670744390094,Stres Sedang,Pokok Utama,109.232914193818,-0.43701285608231266,1203,109.23290556,-0.43699797,5.97,0.54,0.54,Healthy,Good
AME II,D005A,D05,2009,43,22,63481,0.40385426972505006,Stres Sedang,0.441097284133205,Stres Sedang,Pokok Utama,109.23305496552808,-0.4370019564312309,1127,109.23308117,-0.43700841,6.22,0.483,0.483,Healthy,Good
AME II,D005A,D05,2009,43,24,63491,0.40642806292559736,Stres Sedang,0.42545143898090293,Stres Sedang,Pokok Utama,109.23320189259017,-0.43699450351779623,685,109.23319705,-0.43697679,7.68,0.417,0.417,Healthy,Sub-Optimal
AME II,D005A,D05,2009,43,26,63492,0.4087289044976855,Stres Sedang,0.43741541958289515,Stres Sedang,Pokok Utama,109.23335568391455,-0.43702352803591143,998,109.23334526,-0.43699626,6.65,0.441,0.441,Healthy,Moderate
AME II,D005A,D05,2009,44,2,65747,0.3935201222301999,Stres Berat,0.4150074954392914,Stres Sedang,Pokok Utama,109.2313735097061,-0.43701847488250595,1333,109.23136861,-0.43700936,5.57,0.432,0.432,Healthy,Moderate
AME II,D005A,D05,2009,44,3,63487,0.37471082968804453,Stres Berat,0.41800748804285204,Stres Sedang,Pokok Utama,109.23148625288617,-0.43692725516633696,2030,109.23147373,-0.43691353,3.34,0.483,0.483,Healthy,Good
AME II,D005A,D05,2009,44,5,63478,,-,0.33623699819908875,Stres Berat,Sisip Des25,109.23157820595257,-0.4369236861704517,1489,109.23155637,-0.43692033,5.03,0.511,0.511,Healthy,Good
AME II,D005A,D05,2009,44,6,63483,0.4181359362871311,Stres Sedang,0.44634439053451547,Stres Sedang,Pokok Utama,109.2315893372479,-0.43699407738091345,1693,109.23159364,-0.43698002,4.3,0.477,0.477,Healthy,Good
AME II,D005A,D05,2009,44,7,63461,0.40342962264198146,Stres Sedang,0.4037779729958299,Stres Sedang,Pokok Utama,109.23167729517324,-0.4369727904517092,2528,109.23170593,-0.43695609,1.9,0.567,0.567,Healthy,Good
AME II,D005A,D05,2009,44,8,63486,0.42438511395980666,Stres Sedang,0.40797964732158915,Stres Sedang,Pokok Utama,109.23173906024255,-0.43695501493706734,2186,109.2317468,-0.4369561,2.84,0.436,0.436,Healthy,Moderate
AME II,D005A,D05,2009,44,10,63482,0.38443690084326165,Stres Berat,0.4087895922649807,Stres Sedang,Pokok Utama,109.23186060078373,-0.4369698967248895,199,109.23186357,-0.43698054,9.53,0.472,0.472,Healthy,Good
AME II,D005A,D05,2009,44,13,66107,,-,0.34778177012567935,Stres Berat,Sisip Des25,109.23207337304643,-0.43697305703873845,1968,109.23209307,-0.43698738,3.5,0.435,0.435,Abnormal,Moderate
AME II,D005A,D05,2009,44,14,65804,,-,0.3429367927444321,Stres Berat,Sisip Des25,109.2321833489737,-0.4369758177316765,973,109.23219189,-0.4369562,6.75,0.425,0.425,Healthy,Sub-Optimal
AME II,D005A,D05,2009,44,18,63480,0.413538771389413,Stres Sedang,0.4210569747977688,Stres Sedang,Pokok Utama,109.23243292488247,-0.43696409688671606,2156,109.23244565,-0.43696576,2.96,0.442,0.442,Abnormal,Moderate
AME II,D005A,D05,2009,44,20,66054,0.4155505110855497,Stres Sedang,0.47423488825126897,Stres Sedang,Pokok Utama,109.23267854407092,-0.436922527086281,273,109.23267202,-0.43695586,9.17,0.435,0.435,Healthy,Moderate
AME II,D005A,D05,2009,44,21,329180,,-,0.3180962537499156,Stres Berat,Sisip Des25,109.2327543973595,-0.4369490434970689,2840,109.23276948,-0.4369699,0.89,0.446,0.446,Abnormal,Moderate
AME II,D005A,D05,2009,44,22,66060,0.39736852403372935,Stres Berat,0.4172008467493234,Stres Sedang,Pokok Utama,109.2328370860279,-0.43691492917636326,1428,109.2328135,-0.4369256,5.25,0.48,0.48,Healthy,Good
AME II,D005A,D05,2009,44,23,66062,0.435889957950977,Stres Sedang,0.41010670326615617,Stres Sedang,Pokok Utama,109.23292583101036,-0.4369323697979406,2600,109.23293656,-0.43692518,1.69,0.459,0.459,Abnormal,Moderate
AME II,D005A,D05,2009,44,25,63471,,-,0.3271849598023791,Stres Berat,Sisip Des25,109.2331022949504,-0.4369529275247353,2282,109.23307849,-0.43693607,2.6,0.388,0.388,Healthy,Critical
AME II,D005A,D05,2009,44,26,63473,0.4455526295244743,Stres Sedang,0.4464163758504538,Stres Sedang,Pokok Utama,109.23319151812841,-0.4369128175954756,452,109.23318718,-0.43692162,8.43,0.537,0.537,Healthy,Good
AME II,D005A,D05,2009,44,28,63475,,-,0.32975012736282183,Stres Berat,Sisip Des25,109.2333807725706,-0.4369398148591342,1929,109.2333848,-0.43694473,3.59,0.385,0.385,Healthy,Critical
AME II,D005A,D05,2009,45,2,63462,0.40211134364988066,Stres Sedang,0.4458786926795671,Stres Sedang,Pokok Utama,109.23150761247487,-0.4368819285812472,1824,109.23151102,-0.43689048,3.92,0.553,0.553,Healthy,Good
AME II,D005A,D05,2009,45,4,63456,0.4161813533306122,Stres Sedang,0.424433275822905,Stres Sedang,Pokok Utama,109.23163534805516,-0.4368570110639976,251,109.23163049,-0.4368679,9.29,0.518,0.518,Healthy,Good
AME II,D005A,D05,2009,45,6,63464,0.36750178664171945,Stres Berat,0.3414742442762289,Stres Berat,Pokok Utama,109.23174089823843,-0.4368805029450345,1556,109.23175086,-0.43686657,4.83,0.369,0.369,Suspect,Critical
AME II,D005A,D05,2009,45,7,63465,,-,0.3171125700198913,Stres Berat,Sisip Des25,109.23182015913648,-0.4368488822964545,2882,109.23179398,-0.43684669,0.77,0.376,0.376,Abnormal,Critical
AME II,D005A,D05,2009,45,8,388499,,-,0.3234321179587652,Stres Berat,Sisip Des25,109.23183994386522,-0.4368956944737396,2823,109.23183799,-0.4368901,0.95,0.42,0.42,Abnormal,Sub-Optimal
AME II,D005A,D05,2009,45,10,63454,0.4151584331325965,Stres Sedang,0.437185736094476,Stres Sedang,Pokok Utama,109.2319918538279,-0.43688217369571464,37,109.23201226,-0.43686709,10.87,0.447,0.447,Healthy,Moderate
AME II,D005A,D05,2009,45,11,184042,0.4434868044175562,Stres Sedang,0.4259864364224703,Stres Sedang,Pokok Utama,109.23209456034553,-0.4369007055186125,15,109.23211285,-0.43693177,11.45,0.466,0.466,Healthy,Good
AME II,D005A,D05,2009,45,12,63484,0.4599687390893502,Stres Sedang,0.46639232840302913,Stres Sedang,Pokok Utama,109.23212339617794,-0.43690860630380507,15,109.23211285,-0.43693177,11.45,0.466,0.466,Healthy,Good
AME II,D005A,D05,2009,45,13,63459,0.4138196321056314,Stres Sedang,0.45376742097829287,Stres Sedang,Pokok Utama,109.23222364059676,-0.43690246445645076,283,109.23223367,-0.43689653,9.1,0.57,0.57,Healthy,Good
AME II,D005A,D05,2009,45,15,63463,0.41125936017845544,Stres Sedang,0.43268473643333255,Stres Sedang,Pokok Utama,109.2323941698356,-0.436873728856001,874,109.23236932,-0.43687395,7.04,0.482,0.482,Healthy,Good
AME II,D005A,D05,2009,45,16,63457,0.44916208105497674,Stres Sedang,0.4534871590373248,Stres Sedang,Pokok Utama,109.23246997571924,-0.4368924630334494,1653,109.23247487,-0.43686358,4.44,0.483,0.483,Healthy,Good
AME II,D005A,D05,2009,45,18,66056,0.44908241943111826,Stres Sedang,0.4534731646152015,Stres Sedang,Pokok Utama,109.23261622755608,-0.43689651104862803,1276,109.23262353,-0.43688939,5.79,0.554,0.554,Healthy,Good
AME II,D005A,D05,2009,45,20,327225,0.39531164996936136,Stres Berat,0.4045707164041861,Stres Sedang,Tamb,109.2327980680165,-0.43686456491686515,2123,109.23279779,-0.43687044,3.06,0.531,0.531,Healthy,Good
AME II,D005A,D05,2009,45,21,327222,0.41668156915131893,Stres Sedang,0.4137200145312539,Stres Sedang,Tamb,109.23287394085231,-0.43687431046526837,2587,109.23290154,-0.43687724,1.73,0.475,0.475,Healthy,Good
AME II,D005A,D05,2009,45,22,63453,,-,0.3303820595717637,Stres Berat,Sisip Des25,109.23298073912737,-0.43686262244100244,1555,109.23298957,-0.43688269,4.83,0.459,0.459,Healthy,Moderate
AME II,D005A,D05,2009,45,23,63452,,-,0.32248524310267607,Stres Berat,Sisip Des25,109.23307855714351,-0.43686106782373085,2340,109.23307042,-0.43686417,2.47,0.376,0.376,Healthy,Critical
AME II,D005A,D05,2009,45,24,63451,0.444792020627561,Stres Sedang,0.42347999758460897,Stres Sedang,Pokok Utama,109.23319950387261,-0.4368562851630904,404,109.23320292,-0.43683662,8.62,0.413,0.413,Healthy,Sub-Optimal
AME II,D005A,D05,2009,45,25,63458,0.42273428722796363,Stres Sedang,0.4316246281457043,Stres Sedang,Pokok Utama,109.23336012363411,-0.4368753216527951,156,109.2333646,-0.43687148,9.77,0.526,0.526,Healthy,Good
AME II,D005A,D05,2009,45,26,327219,0.4191066496509106,Stres Sedang,0.4292710726831046,Stres Sedang,Tamb,109.23348160289008,-0.4368712655613084,1947,109.23345847,-0.4368828,3.53,0.457,0.457,Healthy,Moderate
AME II,D005A,D05,2009,45,27,327220,0.3864256142182273,Stres Berat,0.4024091279959377,Stres Sedang,Tamb,109.23355414530106,-0.43687662580364167,1713,109.23355953,-0.43686293,4.25,0.486,0.486,Healthy,Good
AME II,D005A,D05,2009,46,1,65745,0.36277745357043245,Stres Berat,0.41049871314374514,Stres Sedang,Pokok Utama,109.23137665467657,-0.4367928520684836,1236,109.23134306,-0.43680046,5.88,0.369,0.369,Suspect,Critical
AME II,D005A,D05,2009,46,2,63445,0.3941157609916639,Stres Berat,0.4145907867796324,Stres Sedang,Pokok Utama,109.23146384165719,-0.43681587531343846,1472,109.23147196,-0.43681044,5.1,0.525,0.525,Healthy,Good
AME II,D005A,D05,2009,46,4,388498,,-,0.34633483099878276,Stres Berat,Sisip Des25,109.23161786440963,-0.43680526070849546,2227,109.23162557,-0.43678561,2.74,0.391,0.391,Abnormal,Sub-Optimal
AME II,D005A,D05,2009,46,5,63447,0.3696716420951931,Stres Berat,0.3654165469110012,Stres Berat,Pokok Utama,109.23179350866403,-0.43678388381217736,1378,109.231794,-0.43677615,5.41,0.359,0.359,Suspect,Critical
AME II,D005A,D05,2009,46,6,65412,0.35168450411821245,Stres Berat,0.38585128306533584,Stres Berat,Pokok Utama,109.2318423717013,-0.4367613594795427,616,109.23185104,-0.43677617,7.89,0.471,0.471,Healthy,Good
AME II,D005A,D05,2009,46,13,63437,0.3988317439226401,Stres Berat,0.45898145688507863,Stres Sedang,Pokok Utama,109.23238244867751,-0.4367678297288969,1895,109.23237698,-0.43678352,3.71,0.429,0.429,Abnormal,Sub-Optimal
AME II,D005A,D05,2009,46,15,184044,0.4244680107374513,Stres Sedang,0.47280408849168537,Stres Sedang,Pokok Utama,109.23257066712289,-0.4367617203904275,2351,109.23259347,-0.43673384,2.42,0.524,0.524,Healthy,Good
AME II,D005A,D05,2009,46,16,63448,0.4186070464910513,Stres Sedang,0.4730479973609801,Stres Sedang,Pokok Utama,109.23268275913387,-0.4367816551059676,1971,109.23267835,-0.43677591,3.49,0.502,0.502,Healthy,Good
AME II,D005A,D05,2009,46,17,63450,0.4664987107709836,Stres Sedang,0.4480958416404512,Stres Sedang,Pokok Utama,109.23275613264623,-0.43677847128734354,1844,109.23275245,-0.43678949,3.86,0.485,0.485,Healthy,Good
AME II,D005A,D05,2009,46,18,63449,0.45014988394085265,Stres Sedang,0.4126267785333984,Stres Sedang,Pokok Utama,109.2327969821857,-0.4367569927647148,2109,109.23279872,-0.43677006,3.09,0.527,0.527,Healthy,Good
AME II,D005A,D05,2009,46,19,327224,0.40492952519900177,Stres Sedang,0.38332239247688044,Stres Berat,Tamb,109.2328440709562,-0.43680310016763596,2731,109.23284991,-0.43681755,1.24,0.437,0.437,Healthy,Moderate
AME II,D005A,D05,2009,46,21,63438,0.41142603467745953,Stres Sedang,0.42035830546286634,Stres Sedang,Pokok Utama,109.23297271518177,-0.4367615552135102,332,109.2329896,-0.43675925,8.9,0.413,0.413,Healthy,Sub-Optimal
AME II,D005A,D05,2009,46,22,184093,0.3838387170248141,Stres Berat,0.4081410304489383,Stres Sedang,Pokok Utama,109.23307856030897,-0.43678169230195096,1074,109.23308526,-0.43678731,6.38,0.484,0.484,Healthy,Good
AME II,D005A,D05,2009,46,24,63470,,-,0.3153216425877419,Stres Berat,Sisip Des25,109.23327441919582,-0.4368082565628501,2086,109.2332667,-0.43682533,3.17,0.463,0.463,Healthy,Good
AME II,D005A,D05,2009,46,26,63432,0.43376649614319635,Stres Sedang,0.4605311966937329,Stres Sedang,Pokok Utama,109.23347958686941,-0.4367706111900432,1059,109.23348949,-0.43677384,6.45,0.578,0.578,Healthy,Good
AME II,D005A,D05,2009,46,27,63431,0.419511390856055,Stres Sedang,0.4309483134257054,Stres Sedang,Pokok Utama,109.23354333201759,-0.4367623369618365,862,109.23355416,-0.436763,7.09,0.527,0.527,Healthy,Good
AME II,D005A,D05,2009,47,1,63427,0.4294515583876586,Stres Sedang,0.4615026661243757,Stres Sedang,Pokok Utama,109.23143297359988,-0.4367136311316685,1300,109.23142572,-0.43673085,5.68,0.438,0.438,Healthy,Moderate
AME II,D005A,D05,2009,47,2,65518,0.4243912133297616,Stres Sedang,0.4364473139956322,Stres Sedang,Pokok Utama,109.23150286912072,-0.43673261094037913,2388,109.2315142,-0.4367476,2.27,0.479,0.479,Healthy,Good
AME II,D005A,D05,2009,47,3,65519,0.3802017253386313,Stres Berat,0.4334152597770638,Stres Sedang,Pokok Utama,109.23155991041249,-0.4367302322564778,1884,109.23156586,-0.43669516,3.77,0.518,0.518,Healthy,Good
AME II,D005A,D05,2009,47,5,63446,0.357929680767644,Stres Berat,0.40222567629313144,Stres Sedang,Pokok Utama,109.23175056834954,-0.4367334946166468,2275,109.2317491,-0.43671962,2.61,0.385,0.385,Healthy,Critical
AME II,D005A,D05,2009,47,8,177286,0.4201837856290896,Stres Sedang,0.4251710933617919,Stres Sedang,Pokok Utama,109.23204458017872,-0.4367548164531688,422,109.2320527,-0.43676672,8.53,0.478,0.478,Healthy,Good
AME II,D005A,D05,2009,47,10,65205,0.41308975729728065,Stres Sedang,0.4359476770728652,Stres Sedang,Pokok Utama,109.23226827628383,-0.4367116089404004,2412,109.23226874,-0.43673602,2.2,0.439,0.439,Abnormal,Moderate
AME II,D005A,D05,2009,47,11,65803,0.48578232126157794,Stres Sedang,0.45882042943234425,Stres Sedang,Pokok Utama,109.23240675822315,-0.43671400387491294,1778,109.23240663,-0.43674284,4.02,0.518,0.518,Healthy,Good
AME II,D005A,D05,2009,47,12,183996,0.4420099439158991,Stres Sedang,0.44099878337361925,Stres Sedang,Pokok Utama,109.23246295342926,-0.43669213114501243,2327,109.23248659,-0.43668543,2.49,0.448,0.448,Healthy,Moderate
AME II,D005A,D05,2009,47,13,63430,0.41540872831698905,Stres Sedang,0.46057343737684037,Stres Sedang,Pokok Utama,109.23262919625789,-0.43673342522883335,2656,109.2326568,-0.43673928,1.52,0.548,0.548,Healthy,Good
AME II,D005A,D05,2009,47,17,63442,,-,0.3207618290627444,Stres Berat,Sisip Des25,109.23334391395697,-0.4367300812328299,2796,109.23334217,-0.43676476,1.06,0.448,0.448,Healthy,Moderate
AME II,D005A,D05,2009,47,18,63440,0.4478220343018388,Stres Sedang,0.45101958883257837,Stres Sedang,Pokok Utama,109.23342883437454,-0.43674887208646107,374,109.23341808,-0.43675936,8.72,0.487,0.487,Healthy,Good
AME II,D005A,D05,2009,47,19,65361,0.4359753879822303,Stres Sedang,0.42267703745938556,Stres Sedang,Pokok Utama,109.2335799448974,-0.4366755618432845,1543,109.23357081,-0.43665314,4.86,0.589,0.589,Healthy,Good
AME II,D005A,D05,2009,48,3,177289,0.413729813527571,Stres Sedang,0.44398388181046106,Stres Sedang,Pokok Utama,109.23155431972089,-0.4366610623045503,2762,109.23153128,-0.43665627,1.14,0.492,0.492,Healthy,Good
AME II,D005A,D05,2009,48,5,65414,0.44970467619031684,Stres Sedang,0.43286720856079913,Stres Sedang,Pokok Utama,109.23170431572166,-0.43663408351079896,1664,109.23167861,-0.43663099,4.41,0.465,0.465,Healthy,Good
AME II,D005A,D05,2009,48,6,177287,0.4226695667330907,Stres Sedang,0.41960913881397277,Stres Sedang,Pokok Utama,109.23179337834975,-0.43662840511766865,2104,109.23177831,-0.43664005,3.11,0.434,0.434,Healthy,Moderate
AME II,D005A,D05,2009,48,7,65409,0.3935407648674117,Stres Berat,0.4424256447821037,Stres Sedang,Pokok Utama,109.23183003919776,-0.4366517739946561,2000,109.23184344,-0.43663148,3.41,0.491,0.491,Abnormal,Good
AME II,D005A,D05,2009,48,8,65410,0.39669467129846203,Stres Berat,0.43227769097855717,Stres Sedang,Pokok Utama,109.23194001167293,-0.43666474366095187,441,109.23194853,-0.43665366,8.48,0.459,0.459,Healthy,Moderate
AME II,D005A,D05,2009,48,10,65418,0.40723609029511276,Stres Sedang,0.42908536291225646,Stres Sedang,Pokok Utama,109.23210430053203,-0.4366304962543469,188,109.23208238,-0.43664193,9.58,0.434,0.434,Healthy,Moderate
AME II,D005A,D05,2009,48,11,65419,0.35200968476881245,Stres Berat,0.40061488412470225,Stres Sedang,Pokok Utama,109.23217311887814,-0.4366499539708611,1553,109.23216592,-0.43663924,4.83,0.433,0.433,Healthy,Moderate
AME II,D005A,D05,2009,48,15,65524,0.4063394370997164,Stres Sedang,0.4401377234222639,Stres Sedang,Pokok Utama,109.23252133688345,-0.436624796028353,1251,109.23251579,-0.43662757,5.85,0.452,0.452,Healthy,Moderate
AME II,D005A,D05,2009,48,16,65525,0.42671149009537945,Stres Sedang,0.4487835834386976,Stres Sedang,Pokok Utama,109.23259050668582,-0.4366627226378314,2331,109.23258091,-0.43666285,2.49,0.51,0.51,Healthy,Good
AME II,D005A,D05,2009,48,17,65526,0.43176321095459574,Stres Sedang,0.4710535431449227,Stres Sedang,Pokok Utama,109.232685577477,-0.43665506847568547,1966,109.23267389,-0.43664433,3.5,0.583,0.583,Healthy,Good
AME II,D005A,D05,2009,48,18,179984,0.45896996170992915,Stres Sedang,0.44453312333005834,Stres Sedang,Pokok Utama,109.23277865079804,-0.4366538844711544,2203,109.23278975,-0.43667872,2.8,0.483,0.483,Healthy,Good
AME II,D005A,D05,2009,48,19,65399,0.4361412142388892,Stres Sedang,0.41212288919703854,Stres Sedang,Pokok Utama,109.23289773766848,-0.43664373318044103,1723,109.23288947,-0.4366584,4.2,0.49,0.49,Healthy,Good
AME II,D005A,D05,2009,48,21,329186,0.2935542241452331,Stres Sangat Berat,0.3109370430816471,Stres Berat,Pokok Utama,109.23307264784357,-0.4366825823168095,2292,109.23305968,-0.43668014,2.56,0.385,0.385,Abnormal,Critical
AME II,D005A,D05,2009,48,22,65377,0.3501888900521813,Stres Berat,0.3703950307872135,Stres Berat,Pokok Utama,109.23324173001173,-0.43667704980434047,1114,109.23325102,-0.43668471,6.26,0.413,0.413,Healthy,Sub-Optimal
AME II,D005A,D05,2009,48,23,65363,,-,0.3118209364135026,Stres Berat,Sisip Des25,109.23333052257148,-0.436670899976571,2825,109.23331345,-0.43664584,0.95,0.347,0.347,Abnormal,Critical
AME II,D005A,D05,2009,48,24,65364,0.42757255293077995,Stres Sedang,0.45204071093318493,Stres Sedang,Pokok Utama,109.23340814109514,-0.4366317050361589,238,109.23340644,-0.43659658,9.33,0.432,0.432,Healthy,Moderate
AME II,D005A,D05,2009,48,25,65362,0.432345871132258,Stres Sedang,0.453605519219062,Stres Sedang,Pokok Utama,109.23349224625201,-0.4366444119251073,1399,109.23349311,-0.43665267,5.34,0.609,0.609,Healthy,Good
AME II,D005A,D05,2009,49,1,65425,0.3732878017102733,Stres Berat,0.41600627713353405,Stres Sedang,Pokok Utama,109.23142144082925,-0.4365938023725367,1938,109.23142306,-0.43658752,3.56,0.408,0.408,Abnormal,Sub-Optimal
AME II,D005A,D05,2009,49,3,65426,0.4145259679398773,Stres Sedang,0.4379827789870309,Stres Sedang,Pokok Utama,109.23156030160105,-0.4365828470026711,2149,109.23156364,-0.43656901,2.97,0.434,0.434,Healthy,Moderate
AME II,D005A,D05,2009,49,4,65416,0.3900376838364013,Stres Berat,0.37244541347579063,Stres Berat,Pokok Utama,109.23163469222763,-0.4365850173321394,2389,109.23162067,-0.43660023,2.26,0.378,0.378,Healthy,Critical
AME II,D005A,D05,2009,49,6,63429,0.39507171897341603,Stres Berat,0.4257569496922287,Stres Sedang,Pokok Utama,109.23188786122698,-0.43658003425408015,1340,109.23189959,-0.4365804,5.55,0.484,0.484,Healthy,Good
AME II,D005A,D05,2009,49,7,329193,,-,0.3280469811992881,Stres Berat,Sisip Des25,109.2319823003969,-0.4365800292939652,2406,109.23196921,-0.43656278,2.22,0.401,0.401,Abnormal,Sub-Optimal
AME II,D005A,D05,2009,49,8,65417,,-,0.3410645262257337,Stres Berat,Sisip Des25,109.23209029589154,-0.43657737241219297,2017,109.23210755,-0.43656507,3.37,0.425,0.425,Abnormal,Sub-Optimal
AME II,D005A,D05,2009,49,9,65420,0.4291881857775244,Stres Sedang,0.45256715849377366,Stres Sedang,Pokok Utama,109.23224175885383,-0.4365939705164705,1352,109.23221354,-0.43657731,5.5,0.443,0.443,Healthy,Moderate
AME II,D005A,D05,2009,49,10,65421,0.46460787273210813,Stres Sedang,0.4798880694566353,Stres Sedang,Pokok Utama,109.23231324320527,-0.43661637682722537,1650,109.23232043,-0.43659135,4.45,0.547,0.547,Healthy,Good
AME II,D005A,D05,2009,49,14,65391,0.43424872123215297,Stres Sedang,0.4731422776977221,Stres Sedang,Pokok Utama,109.23271897549547,-0.4365985748383239,1985,109.23271388,-0.4365729,3.44,0.482,0.482,Healthy,Good
AME II,D005A,D05,2009,49,15,65390,0.45987826011581506,Stres Sedang,0.45200340358315705,Stres Sedang,Pokok Utama,109.23279370698404,-0.43659653594575354,2701,109.23279067,-0.43659327,1.34,0.525,0.525,Healthy,Good
AME II,D005A,D05,2009,49,16,65389,0.44051430974631905,Stres Sedang,0.4447750998020907,Stres Sedang,Pokok Utama,109.23284589739411,-0.4365840851696139,1611,109.2328302,-0.43658966,4.63,0.458,0.458,Healthy,Moderate
AME II,D005A,D05,2009,49,17,66055,0.4481861107683469,Stres Sedang,0.47350277606256574,Stres Sedang,Pokok Utama,109.23288914167243,-0.43657077481739925,1311,109.23292317,-0.43657521,5.66,0.482,0.482,Healthy,Good
AME II,D005A,D05,2009,49,18,65398,0.4137155230705274,Stres Sedang,0.43664786474782125,Stres Sedang,Pokok Utama,109.2330404529497,-0.4366017605258008,1675,109.23305432,-0.43657434,4.38,0.47,0.47,Healthy,Good
AME II,D005A,D05,2009,49,19,65379,0.4525382262019359,Stres Sedang,0.449055944849151,Stres Sedang,Pokok Utama,109.23312393439306,-0.436598490458733,1313,109.2331365,-0.43661596,5.65,0.508,0.508,Healthy,Good
AME II,D005A,D05,2009,49,20,65378,0.4229239534744649,Stres Sedang,0.4414536684843493,Stres Sedang,Pokok Utama,109.23316239509596,-0.4366126568929468,1313,109.2331365,-0.43661596,5.65,0.508,0.508,Healthy,Good
AME II,D005A,D05,2009,49,21,65376,0.42549088791041256,Stres Sedang,0.40039221721275176,Stres Sedang,Pokok Utama,109.23319967404896,-0.4365913854381756,1297,109.23322139,-0.43659201,5.69,0.41,0.41,Healthy,Sub-Optimal
AME II,D005A,D05,2009,49,23,65365,0.4334655286716208,Stres Sedang,0.4564508132779208,Stres Sedang,Pokok Utama,109.23337477784733,-0.4366027152865495,238,109.23340644,-0.43659658,9.33,0.432,0.432,Healthy,Moderate
AME II,D005A,D05,2009,49,24,65360,0.43793903241500554,Stres Sedang,0.4355917670290743,Stres Sedang,Pokok Utama,109.23351521676216,-0.43659495046350566,1265,109.23351918,-0.4365636,5.81,0.488,0.488,Healthy,Good
AME II,D005A,D05,2009,50,1,65507,0.41741236226607675,Stres Sedang,0.44712133886821476,Stres Sedang,Pokok Utama,109.23137544934195,-0.43651306166818865,133,109.23136963,-0.43650883,9.91,0.569,0.569,Healthy,Good
AME II,D005A,D05,2009,50,2,65504,,-,0.33404347833504183,Stres Berat,Sisip Des25,109.23145914177073,-0.43652450766962836,1718,109.2314626,-0.43652151,4.23,0.451,0.451,Healthy,Moderate
AME II,D005A,D05,2009,50,3,65503,0.37345906595932193,Stres Berat,0.4088161168772289,Stres Sedang,Pokok Utama,109.23154842456753,-0.43651708858903343,2671,109.23154255,-0.43650119,1.47,0.454,0.454,Abnormal,Moderate
AME II,D005A,D05,2009,50,4,65498,,-,0.3412459183567511,Stres Berat,Sisip Des25,109.2316245708467,-0.4365255470268432,1752,109.23161934,-0.43652698,4.1,0.407,0.407,Healthy,Sub-Optimal
AME II,D005A,D05,2009,50,5,65495,0.4195447302814252,Stres Sedang,0.43187023719986045,Stres Sedang,Pokok Utama,109.23171049764458,-0.43649449013696334,2375,109.23172489,-0.43652067,2.3,0.528,0.528,Abnormal,Good
AME II,D005A,D05,2009,50,6,65497,0.3866481673200686,Stres Berat,0.43831251905656154,Stres Sedang,Pokok Utama,109.23187368675976,-0.43650296316161186,1263,109.23186143,-0.43651709,5.82,0.496,0.496,Healthy,Good
AME II,D005A,D05,2009,50,9,65457,0.4052602998606146,Stres Sedang,0.4403612192214271,Stres Sedang,Pokok Utama,109.2321860805452,-0.43649183616182313,354,109.23217853,-0.43646743,8.82,0.531,0.531,Healthy,Good
AME II,D005A,D05,2009,50,10,65458,0.4521461085052057,Stres Sedang,0.47221742231549396,Stres Sedang,Pokok Utama,109.2322677389309,-0.43650718036642583,870,109.23226925,-0.43651357,7.05,0.635,0.635,Healthy,Good
AME II,D005A,D05,2009,50,11,65459,0.4150959864536225,Stres Sedang,0.4556399723047101,Stres Sedang,Pokok Utama,109.23232162570186,-0.4365246028386185,585,109.23234066,-0.43652489,7.99,0.519,0.519,Healthy,Good
AME II,D005A,D05,2009,50,13,65395,0.3766760517408994,Stres Berat,0.41479918866908655,Stres Sedang,Pokok Utama,109.23252901674073,-0.4365178524962862,296,109.23253243,-0.43653398,9.04,0.44,0.44,Healthy,Moderate
AME II,D005A,D05,2009,50,15,65393,0.3414154462546851,Stres Berat,0.4038870583972872,Stres Sedang,Pokok Utama,109.23265264449948,-0.43654634387313973,2062,109.23261957,-0.436534,3.24,0.435,0.435,Healthy,Moderate
AME II,D005A,D05,2009,50,18,65428,0.40001484421834554,Stres Sedang,0.4171585634171577,Stres Sedang,Pokok Utama,109.2329300249961,-0.43650738179944704,1883,109.23295328,-0.43651192,3.77,0.496,0.496,Healthy,Good
AME II,D005A,D05,2009,50,19,65397,0.39006109839674546,Stres Berat,0.4211988680535362,Stres Sedang,Pokok Utama,109.23306451541879,-0.4365290853815843,809,109.23306152,-0.43651375,7.27,0.416,0.416,Healthy,Sub-Optimal
AME II,D005A,D05,2009,50,21,65366,0.43312942482567773,Stres Sedang,0.452011239565449,Stres Sedang,Pokok Utama,109.23333015942026,-0.4365151850893633,462,109.23333774,-0.43649573,8.4,0.484,0.484,Healthy,Good
AME II,D005A,D05,2009,50,22,65367,,-,0.31886677659220164,Stres Berat,Sisip Des25,109.23340047125092,-0.43654273036750907,656,109.23341768,-0.4365473,7.76,0.411,0.411,Healthy,Sub-Optimal
AME II,D005A,D05,2009,50,23,65359,0.42109479440456216,Stres Sedang,0.4458667198092445,Stres Sedang,Pokok Utama,109.23350236060934,-0.436514589469342,1195,109.23350481,-0.436522,6.0,0.477,0.477,Healthy,Good
AME II,D005A,D05,2009,50,24,65358,0.4484922469836095,Stres Sedang,0.44051469520074926,Stres Sedang,Pokok Utama,109.23357467000261,-0.4365297803466661,313,109.2335879,-0.43652473,8.96,0.553,0.553,Healthy,Good
AME II,D005A,D05,2009,51,2,65505,0.41946283597963135,Stres Sedang,0.46226957051410456,Stres Sedang,Pokok Utama,109.23147789308618,-0.43644009710741544,888,109.23146396,-0.43646816,7.0,0.491,0.491,Healthy,Good
AME II,D005A,D05,2009,51,3,65499,0.3888904944678186,Stres Berat,0.40657220556021695,Stres Sedang,Pokok Utama,109.23160227863075,-0.4364659980511635,1144,109.2316225,-0.43645825,6.18,0.494,0.494,Healthy,Good
AME II,D005A,D05,2009,51,4,65494,0.4209200380347579,Stres Sedang,0.44363959292441857,Stres Sedang,Pokok Utama,109.23173515145132,-0.4364116369669137,1538,109.23173838,-0.43644245,4.87,0.481,0.481,Healthy,Good
AME II,D005A,D05,2009,51,7,65478,0.3631195600594942,Stres Berat,0.38234876378062926,Stres Berat,Pokok Utama,109.23196294051986,-0.4364373439919999,1042,109.2319688,-0.43641402,6.5,0.439,0.439,Healthy,Moderate
AME II,D005A,D05,2009,51,9,66096,0.38632529134619725,Stres Berat,0.4263453410843671,Stres Sedang,Pokok Utama,109.23215291299668,-0.43643513694600783,692,109.23214845,-0.43642085,7.66,0.399,0.399,Healthy,Sub-Optimal
AME II,D005A,D05,2009,51,13,65394,0.4341762107238785,Stres Sedang,0.446850537977581,Stres Sedang,Pokok Utama,109.23250169516389,-0.4364815954224619,933,109.23250999,-0.43649961,6.87,0.434,0.434,Healthy,Moderate
AME II,D005A,D05,2009,51,15,65443,0.4289571523927448,Stres Sedang,0.4284410430445927,Stres Sedang,Pokok Utama,109.2326101754052,-0.4364593749018465,2127,109.23262946,-0.43646663,3.05,0.476,0.476,Healthy,Good
AME II,D005A,D05,2009,51,16,65388,0.4153660868937927,Stres Sedang,0.44529245226857395,Stres Sedang,Pokok Utama,109.23266538548636,-0.4364270424250398,2226,109.23265732,-0.43643046,2.74,0.521,0.521,Healthy,Good
AME II,D005A,D05,2009,51,17,65444,0.40359774796663495,Stres Sedang,0.41990787399939633,Stres Sedang,Pokok Utama,109.23271940048076,-0.43645269581689794,2059,109.2327166,-0.43646484,3.24,0.442,0.442,Healthy,Moderate
AME II,D005A,D05,2009,51,21,65370,0.44785129310425403,Stres Sedang,0.4470849787014513,Stres Sedang,Pokok Utama,109.23315264275503,-0.43647844291968335,226,109.23315361,-0.43646133,9.4,0.408,0.408,Healthy,Sub-Optimal
AME II,D005A,D05,2009,51,23,65372,0.4129076117611453,Stres Sedang,0.4315411541248215,Stres Sedang,Pokok Utama,109.23323988685034,-0.4364836537405693,799,109.23327262,-0.43647537,7.31,0.419,0.419,Healthy,Sub-Optimal
AME II,D005A,D05,2009,51,24,65368,0.41364725420203574,Stres Sedang,0.45495009278809584,Stres Sedang,Pokok Utama,109.23334858629393,-0.43648327186767644,462,109.23333774,-0.43649573,8.4,0.484,0.484,Healthy,Good
AME II,D005A,D05,2009,51,25,65357,0.46610746931482233,Stres Sedang,0.4725736319226986,Stres Sedang,Pokok Utama,109.23345992219812,-0.4364687501103427,1192,109.23343746,-0.43647541,6.0,0.505,0.505,Healthy,Good
AME II,D005A,D05,2009,51,26,184091,0.45186142117740097,Stres Sedang,0.44761538951394003,Stres Sedang,Pokok Utama,109.23352920038045,-0.436471059478017,1025,109.23354839,-0.43648086,6.56,0.47,0.47,Healthy,Good
AME II,D005A,D05,2009,52,1,65508,0.4545365423900764,Stres Sedang,0.4596149912678901,Stres Sedang,Pokok Utama,109.23146279997077,-0.43639211337394634,393,109.23146667,-0.43641074,8.65,0.52,0.52,Healthy,Good
AME II,D005A,D05,2009,52,3,65500,0.4715583546909606,Stres Sedang,0.4632474226834043,Stres Sedang,Pokok Utama,109.23163312722967,-0.4363499659940059,2130,109.23165711,-0.43635607,3.04,0.44,0.44,Healthy,Moderate
AME II,D005A,D05,2009,52,4,65491,0.39304252060258765,Stres Berat,0.39405843896078474,Stres Berat,Pokok Utama,109.23179410789355,-0.4363600744528064,1747,109.23178466,-0.43636198,4.12,0.455,0.455,Healthy,Moderate
AME II,D005A,D05,2009,52,5,65472,0.43294021915547526,Stres Sedang,0.45511380556339975,Stres Sedang,Pokok Utama,109.23187192538651,-0.43638166999361105,1881,109.23187179,-0.43639411,3.77,0.516,0.516,Abnormal,Good
AME II,D005A,D05,2009,52,9,65455,0.42456302539625423,Stres Sedang,0.42361551083260807,Stres Sedang,Pokok Utama,109.23227489461362,-0.43639586795299506,1908,109.23226927,-0.43641816,3.67,0.54,0.54,Abnormal,Good
AME II,D005A,D05,2009,52,10,65452,0.43496518142482693,Stres Sedang,0.45799237900355005,Stres Sedang,Pokok Utama,109.23230400342628,-0.4363482084254405,2507,109.23230611,-0.43635261,1.95,0.553,0.553,Healthy,Good
AME II,D005A,D05,2009,52,11,65453,0.4444342101598707,Stres Sedang,0.4427097849605334,Stres Sedang,Pokok Utama,109.23236526591094,-0.43638191311004876,1610,109.23236045,-0.43639965,4.63,0.506,0.506,Healthy,Good
AME II,D005A,D05,2009,52,13,65404,0.41798793980100085,Stres Sedang,0.4386114570788659,Stres Sedang,Pokok Utama,109.23250565962266,-0.4363680570473354,2342,109.23252034,-0.43638431,2.45,0.427,0.427,Healthy,Sub-Optimal
AME II,D005A,D05,2009,52,14,63426,0.43198308692936566,Stres Sedang,0.4579284957634806,Stres Sedang,Pokok Utama,109.23257827780674,-0.4363528659883256,2287,109.23260299,-0.43636579,2.59,0.43,0.43,Healthy,Moderate
AME II,D005A,D05,2009,52,15,65387,0.42963768132937086,Stres Sedang,0.4615694384301235,Stres Sedang,Pokok Utama,109.23268914645975,-0.4363582440029798,1579,109.23266812,-0.4363319,4.75,0.49,0.49,Healthy,Good
AME II,D005A,D05,2009,52,17,65441,0.3683576841461081,Stres Berat,0.41288859640006664,Stres Sedang,Pokok Utama,109.23295510469319,-0.4363802384906394,1124,109.23295735,-0.43640114,6.23,0.439,0.439,Healthy,Moderate
AME II,D005A,D05,2009,52,18,65380,,-,0.32962678291513664,Stres Berat,Sisip Des25,109.23307268553546,-0.4363991608882378,2897,109.23305661,-0.43639212,0.72,0.423,0.423,Abnormal,Sub-Optimal
AME II,D005A,D05,2009,52,19,65373,0.44215658111436623,Stres Sedang,0.4379877891623628,Stres Sedang,Pokok Utama,109.23316663109303,-0.43638508731167547,294,109.23315767,-0.4363718,9.05,0.536,0.536,Healthy,Good
AME II,D005A,D05,2009,53,1,65514,0.39975749056468385,Stres Berat,0.4036202076150105,Stres Sedang,Pokok Utama,109.23140643991924,-0.4363215524371308,425,109.23138584,-0.43632979,8.52,0.446,0.446,Healthy,Moderate
AME II,D005A,D05,2009,53,2,65510,0.4574388124342168,Stres Sedang,0.4408311221033915,Stres Sedang,Pokok Utama,109.23145139682661,-0.43628079205223697,1347,109.23143077,-0.43627599,5.52,0.423,0.423,Healthy,Sub-Optimal
AME II,D005A,D05,2009,53,3,65509,0.44073708879069345,Stres Sedang,0.4498186493280939,Stres Sedang,Pokok Utama,109.23148902376069,-0.43633156041433374,1287,109.23147163,-0.43631579,5.73,0.46,0.46,Healthy,Good
AME II,D005A,D05,2009,53,4,65490,0.40083775939544586,Stres Sedang,0.44731965454817185,Stres Sedang,Pokok Utama,109.23167913964552,-0.4363336055016011,2130,109.23165711,-0.43635607,3.04,0.44,0.44,Healthy,Moderate
AME II,D005A,D05,2009,53,5,65489,0.42785423888151214,Stres Sedang,0.42623779403301343,Stres Sedang,Pokok Utama,109.23169445915512,-0.4362844196384221,1715,109.23171103,-0.4362756,4.23,0.398,0.398,Healthy,Sub-Optimal
AME II,D005A,D05,2009,53,8,65477,0.43641528628946263,Stres Sedang,0.437482995635825,Stres Sedang,Pokok Utama,109.23202190876628,-0.4363466815947269,316,109.23202226,-0.43635887,8.95,0.454,0.454,Healthy,Moderate
AME II,D005A,D05,2009,53,9,65461,0.40804061046815554,Stres Sedang,0.40816953843514053,Stres Sedang,Pokok Utama,109.23215712675217,-0.4363182021081863,858,109.23213006,-0.43632725,7.11,0.463,0.463,Healthy,Good
AME II,D005A,D05,2009,53,12,65446,0.45556676978617705,Stres Sedang,0.44970040174085074,Stres Sedang,Pokok Utama,109.23240053483806,-0.43632813444431384,2666,109.2323663,-0.43633047,1.48,0.455,0.455,Healthy,Moderate
AME II,D005A,D05,2009,53,14,63422,0.4397828180526124,Stres Sedang,0.44906362121748733,Stres Sedang,Pokok Utama,109.23254425119603,-0.43632475715900726,1736,109.23254147,-0.43630338,4.15,0.519,0.519,Healthy,Good
AME II,D005A,D05,2009,53,15,63420,0.4317939821013744,Stres Sedang,0.4558678304939617,Stres Sedang,Pokok Utama,109.23260666073223,-0.43628801901670317,2233,109.23262591,-0.43628034,2.71,0.508,0.508,Healthy,Good
AME II,D005A,D05,2009,53,16,65436,0.39484718945865227,Stres Berat,0.4148343669708786,Stres Sedang,Pokok Utama,109.2327382840138,-0.4363439617791611,1161,109.23274492,-0.43635091,6.13,0.457,0.457,Healthy,Moderate
AME II,D005A,D05,2009,53,17,65437,0.40978292935616606,Stres Sedang,0.43404389101046104,Stres Sedang,Pokok Utama,109.23277439682909,-0.43630909404992163,1401,109.2327602,-0.43629439,5.34,0.404,0.404,Healthy,Sub-Optimal
AME II,D005A,D05,2009,53,18,65439,0.4149363710966989,Stres Sedang,0.4564161386084534,Stres Sedang,Pokok Utama,109.2328753290965,-0.4362932584547809,673,109.23285003,-0.43628582,7.72,0.482,0.482,Healthy,Good
AME II,D005A,D05,2009,53,19,65440,0.41013837600413344,Stres Sedang,0.44574897874642716,Stres Sedang,Pokok Utama,109.23297309272321,-0.4363157056817991,2413,109.23296366,-0.43630439,2.2,0.475,0.475,Abnormal,Good
AME II,D005A,D05,2009,53,20,63419,0.41490384428625654,Stres Sedang,0.43394070264547974,Stres Sedang,Pokok Utama,109.23305388774901,-0.43631077530674073,958,109.2330674,-0.43633832,6.79,0.489,0.489,Healthy,Good
AME II,D005A,D05,2009,53,21,65369,0.45857910698562576,Stres Sedang,0.4459075630723271,Stres Sedang,Pokok Utama,109.23316632897203,-0.43634574464667936,294,109.23315767,-0.4363718,9.05,0.536,0.536,Healthy,Good
AME II,D005A,D05,2009,53,23,63423,0.42687836737788254,Stres Sedang,0.43907428310563934,Stres Sedang,Pokok Utama,109.2333096944104,-0.43633239878114344,882,109.23332385,-0.43636054,7.02,0.457,0.457,Healthy,Moderate
AME II,D005A,D05,2009,53,25,63421,0.44550090149803506,Stres Sedang,0.4809062943465182,Stres Sedang,Pokok Utama,109.23341970765587,-0.43634506290146596,1043,109.23342176,-0.43635649,6.49,0.527,0.527,Healthy,Good
AME II,D005A,D05,2009,53,26,63425,0.4314182099213872,Stres Sedang,0.4346996237574079,Stres Sedang,Pokok Utama,109.2335260128206,-0.4363270565478243,277,109.2335372,-0.43630769,9.15,0.53,0.53,Healthy,Good
AME II,D005A,D05,2009,54,1,65513,0.45882313831306765,Stres Sedang,0.43460494357950147,Stres Sedang,Pokok Utama,109.23138461005612,-0.4362530033135728,861,109.231389,-0.43625156,7.1,0.505,0.505,Healthy,Good
AME II,D005A,D05,2009,54,2,65512,0.4086300050574854,Stres Sedang,0.43518282929639396,Stres Sedang,Pokok Utama,109.23139961258691,-0.43618917693478354,562,109.23140339,-0.43619686,8.08,0.516,0.516,Healthy,Good
AME II,D005A,D05,2009,54,3,65511,0.4230956917340713,Stres Sedang,0.4526738650094965,Stres Sedang,Pokok Utama,109.23148184869153,-0.4362142074407326,2083,109.23148603,-0.43620185,3.17,0.491,0.491,Healthy,Good
AME II,D005A,D05,2009,54,4,65485,0.45461182761453245,Stres Sedang,0.4699349670406477,Stres Sedang,Pokok Utama,109.23153639343744,-0.4362177705180788,2042,109.23153902,-0.43620458,3.28,0.446,0.446,Healthy,Moderate
AME II,D005A,D05,2009,54,5,65486,0.42986767979668306,Stres Sedang,0.4679247607223639,Stres Sedang,Pokok Utama,109.23159140271547,-0.4362205663808499,2195,109.23158258,-0.43623126,2.82,0.532,0.532,Healthy,Good
AME II,D005A,D05,2009,54,6,65487,0.4466294528946562,Stres Sedang,0.446298893322774,Stres Sedang,Pokok Utama,109.23170202902612,-0.4362044537673934,2179,109.23170925,-0.43618472,2.86,0.536,0.536,Healthy,Good
AME II,D005A,D05,2009,54,9,65470,0.4305182193618333,Stres Sedang,0.4533103970035961,Stres Sedang,Pokok Utama,109.23193377986685,-0.43625428763865703,588,109.23192707,-0.43622818,7.98,0.49,0.49,Healthy,Good
AME II,D005A,D05,2009,54,10,65476,0.4415264195866055,Stres Sedang,0.43252529836327436,Stres Sedang,Pokok Utama,109.23205654792413,-0.43627576453127637,1790,109.23206764,-0.43627795,3.99,0.512,0.512,Healthy,Good
AME II,D005A,D05,2009,54,11,65463,0.414503904914706,Stres Sedang,0.416387089114382,Stres Sedang,Pokok Utama,109.23211427270391,-0.43621829812147234,2006,109.23211301,-0.43622596,3.4,0.453,0.453,Healthy,Moderate
AME II,D005A,D05,2009,54,12,65462,0.43063189127986695,Stres Sedang,0.4445411390108498,Stres Sedang,Pokok Utama,109.23219452688492,-0.43623395234585666,2397,109.23217455,-0.43621648,2.24,0.516,0.516,Healthy,Good
AME II,D005A,D05,2009,54,13,65450,0.43487445681961506,Stres Sedang,0.4539173067756993,Stres Sedang,Pokok Utama,109.23226295213813,-0.4362074409135608,2187,109.23226168,-0.43622193,2.84,0.504,0.504,Healthy,Good
AME II,D005A,D05,2009,54,15,65447,0.4289139630741703,Stres Sedang,0.42655441835016433,Stres Sedang,Pokok Utama,109.23242912358623,-0.4362323625287517,2661,109.23242607,-0.43620072,1.5,0.526,0.526,Healthy,Good
AME II,D005A,D05,2009,54,17,63411,0.4241094440425466,Stres Sedang,0.45566528001647694,Stres Sedang,Pokok Utama,109.23262131320888,-0.43625036365908726,2233,109.23262591,-0.43628034,2.71,0.508,0.508,Healthy,Good
AME II,D005A,D05,2009,54,18,64233,0.42542746682657456,Stres Sedang,0.44172325652066224,Stres Sedang,Pokok Utama,109.23270484508963,-0.43621323774352483,1865,109.23269644,-0.43624645,3.8,0.363,0.363,Healthy,Critical
AME II,D005A,D05,2009,54,20,65386,0.4117007854046802,Stres Sedang,0.4344117121082196,Stres Sedang,Pokok Utama,109.23287701670137,-0.43619746570570506,1880,109.23287701,-0.43616329,3.77,0.46,0.46,Healthy,Good
AME II,D005A,D05,2009,54,22,63406,0.43063431616293785,Stres Sedang,0.45621212676849,Stres Sedang,Pokok Utama,109.23297890028955,-0.4362045567053336,2541,109.23297312,-0.43617326,1.87,0.494,0.494,Healthy,Good
AME II,D005A,D05,2009,54,23,63405,0.4441977861074552,Stres Sedang,0.4706931034748439,Stres Sedang,Pokok Utama,109.23304161642793,-0.43620837806717405,1919,109.23305216,-0.43622257,3.63,0.518,0.518,Healthy,Good
AME II,D005A,D05,2009,54,24,63410,0.43674190255060585,Stres Sedang,0.4729336053731451,Stres Sedang,Pokok Utama,109.23311954006326,-0.4362231978625056,1335,109.23311458,-0.4362375,5.57,0.43,0.43,Healthy,Moderate
AME II,D005A,D05,2009,54,26,63414,0.4189135492859623,Stres Sedang,0.4155482051459987,Stres Sedang,Pokok Utama,109.23322706930581,-0.43624087373502834,657,109.23321159,-0.43626872,7.75,0.465,0.465,Healthy,Good
AME II,D005A,D05,2009,54,27,65189,0.4220433199187505,Stres Sedang,0.43808391818267894,Stres Sedang,Pokok Utama,109.2333252888072,-0.4362157770085519,1640,109.2332929,-0.43620363,4.51,0.425,0.425,Healthy,Sub-Optimal
AME II,D005A,D05,2009,54,28,63415,0.42498137571068495,Stres Sedang,0.4165544283194922,Stres Sedang,Pokok Utama,109.23332717069155,-0.4362580321339778,2782,109.23331309,-0.4362891,1.1,0.468,0.468,Abnormal,Good
AME II,D005A,D05,2009,54,30,63418,0.4484984469956063,Stres Sedang,0.43820578533398147,Stres Sedang,Pokok Utama,109.23347042926717,-0.4362806014205036,408,109.23348197,-0.43624889,8.6,0.535,0.535,Healthy,Good
AME II,D005A,D05,2009,55,3,65250,0.3684686387932464,Stres Berat,0.43541388203973347,Stres Sedang,Pokok Utama,109.23151434969891,-0.43610443518536673,1198,109.23149504,-0.43607932,5.99,0.389,0.389,Healthy,Critical
AME II,D005A,D05,2009,55,4,65484,0.43943367823958396,Stres Sedang,0.4485127507959409,Stres Sedang,Pokok Utama,109.23158471920885,-0.4361558784498409,2016,109.23157766,-0.43615756,3.37,0.533,0.533,Healthy,Good
AME II,D005A,D05,2009,55,5,65483,0.4539908147900482,Stres Sedang,0.46517517352030485,Stres Sedang,Pokok Utama,109.23164397411932,-0.4361431024319305,2138,109.2316666,-0.43613,3.02,0.557,0.557,Healthy,Good
AME II,D005A,D05,2009,55,6,65480,0.44373081620834653,Stres Sedang,0.43434224799666443,Stres Sedang,Pokok Utama,109.23179923773861,-0.43610461272862433,945,109.23179371,-0.43607351,6.83,0.463,0.463,Healthy,Good
AME II,D005A,D05,2009,55,7,65468,0.3960058544464552,Stres Berat,0.43433642261374145,Stres Sedang,Pokok Utama,109.23183835399654,-0.4361608081555452,430,109.23184715,-0.43613411,8.51,0.484,0.484,Healthy,Good
AME II,D005A,D05,2009,55,8,65467,0.4132452116019747,Stres Sedang,0.4594866087544747,Stres Sedang,Pokok Utama,109.23185428845167,-0.43611583151392785,430,109.23184715,-0.43613411,8.51,0.484,0.484,Healthy,Good
AME II,D005A,D05,2009,55,9,388508,,-,0.3656438104532383,Stres Berat,Sisip Des25,109.23190028719756,-0.43618719208248796,741,109.23191406,-0.43618613,7.5,0.408,0.408,Healthy,Sub-Optimal
AME II,D005A,D05,2009,55,10,65466,0.43226893868312627,Stres Sedang,0.4264524960090821,Stres Sedang,Pokok Utama,109.23199568680666,-0.4361778347812848,1694,109.23197829,-0.43616806,4.3,0.488,0.488,Healthy,Good
AME II,D005A,D05,2009,55,12,65464,0.42268175541179465,Stres Sedang,0.4064506978828032,Stres Sedang,Pokok Utama,109.23206722077732,-0.4361962742575613,2237,109.23208203,-0.43619747,2.71,0.502,0.502,Healthy,Good
AME II,D005A,D05,2009,55,13,65198,0.38428814076905043,Stres Berat,0.4096240992620449,Stres Sedang,Pokok Utama,109.23215876294032,-0.43611077630972256,2116,109.23217771,-0.43612198,3.07,0.453,0.453,Healthy,Moderate
AME II,D005A,D05,2009,55,14,65451,0.42419767631852656,Stres Sedang,0.44683231862837536,Stres Sedang,Pokok Utama,109.23223009324569,-0.43616931594888114,2033,109.23224327,-0.43618485,3.31,0.482,0.482,Healthy,Good
AME II,D005A,D05,2009,55,16,65448,0.4504419518062812,Stres Sedang,0.41218405875446695,Stres Sedang,Pokok Utama,109.23239309237131,-0.43615987941400836,2616,109.23237622,-0.43616318,1.62,0.421,0.421,Healthy,Sub-Optimal
AME II,D005A,D05,2009,55,18,65194,0.4073482901347558,Stres Sedang,0.42546035822136813,Stres Sedang,Pokok Utama,109.23248603807325,-0.4361862782769375,2239,109.23248312,-0.43616275,2.7,0.517,0.517,Healthy,Good
AME II,D005A,D05,2009,55,20,65193,0.38954897863640914,Stres Berat,0.419241263777413,Stres Sedang,Pokok Utama,109.23257076195301,-0.4361090216317889,1279,109.2325496,-0.4361171,5.77,0.471,0.471,Healthy,Good
AME II,D005A,D05,2009,55,21,65191,0.3738990250496612,Stres Berat,0.4269504473763826,Stres Sedang,Pokok Utama,109.23264075518533,-0.4361892647307294,2492,109.23263357,-0.43618991,2.0,0.48,0.48,Healthy,Good
AME II,D005A,D05,2009,55,23,65383,0.44116209226029696,Stres Sedang,0.452384852978669,Stres Sedang,Pokok Utama,109.23274917052986,-0.4361927873771675,2022,109.23272969,-0.43617456,3.35,0.456,0.456,Healthy,Moderate
AME II,D005A,D05,2009,55,24,64232,0.41424408513480293,Stres Sedang,0.42719339805021467,Stres Sedang,Pokok Utama,109.23278552235861,-0.436148668446929,2425,109.23279527,-0.43614022,2.17,0.476,0.476,Healthy,Good
AME II,D005A,D05,2009,55,25,65381,0.4369167520723732,Stres Sedang,0.4572781596462754,Stres Sedang,Pokok Utama,109.2328210557374,-0.4361428243158217,2165,109.23284108,-0.43614204,2.91,0.554,0.554,Healthy,Good
AME II,D005A,D05,2009,55,26,65384,0.41564553416297145,Stres Sedang,0.47202841964233355,Stres Sedang,Pokok Utama,109.23292794143762,-0.4361452695333383,2420,109.23294573,-0.43614116,2.19,0.558,0.558,Healthy,Good
AME II,D005A,D05,2009,55,27,65385,0.4150280035257928,Stres Sedang,0.4294726133494003,Stres Sedang,Pokok Utama,109.23298080511688,-0.43612212777951104,2177,109.23300862,-0.43610771,2.88,0.426,0.426,Healthy,Sub-Optimal
AME II,D005A,D05,2009,55,28,65154,0.4196352049145289,Stres Sedang,0.4400804010510371,Stres Sedang,Pokok Utama,109.23315471599999,-0.4361470766866761,852,109.23315368,-0.43615432,7.12,0.499,0.499,Healthy,Good
AME II,D005A,D05,2009,55,29,65153,,-,0.31345664510138277,Stres Berat,Sisip Des25,109.23324447288265,-0.4361751919619624,2833,109.23324754,-0.43617016,0.92,0.355,0.355,Abnormal,Critical
AME II,D005A,D05,2009,56,1,65352,0.4140450783888173,Stres Sedang,0.45585047855605315,Stres Sedang,Pokok Utama,109.23143381816674,-0.43604167480775996,114,109.23143666,-0.43602505,10.08,0.537,0.537,Healthy,Good
AME II,D005A,D05,2009,56,2,65351,,-,0.37934867114896975,Stres Berat,Sisip Des25,109.23149932578023,-0.4360440238035525,1198,109.23149504,-0.43607932,5.99,0.389,0.389,Healthy,Critical
AME II,D005A,D05,2009,56,3,65249,0.4351726176188668,Stres Sedang,0.46160619282074516,Stres Sedang,Pokok Utama,109.23159869479748,-0.43602823834812576,605,109.23158577,-0.43603322,7.92,0.509,0.509,Healthy,Good
AME II,D005A,D05,2009,56,7,177285,0.3995616099053765,Stres Berat,0.4502833010844337,Stres Sedang,Pokok Utama,109.23192526892403,-0.43608846927464257,806,109.23191768,-0.43607128,7.29,0.533,0.533,Healthy,Good
AME II,D005A,D05,2009,56,8,65244,0.42538071641077596,Stres Sedang,0.4724476293400436,Stres Sedang,Pokok Utama,109.23193127039812,-0.4360436779911059,806,109.23191768,-0.43607128,7.29,0.533,0.533,Healthy,Good
AME II,D005A,D05,2009,56,9,65245,0.4134251924326999,Stres Sedang,0.41309397079055143,Stres Sedang,Pokok Utama,109.232012981835,-0.43606217268087527,1671,109.23199404,-0.4360401,4.39,0.485,0.485,Healthy,Good
AME II,D005A,D05,2009,56,10,65200,0.4244842413448811,Stres Sedang,0.42232610540612314,Stres Sedang,Pokok Utama,109.23207878483352,-0.43605546731262557,2019,109.23206051,-0.43603786,3.36,0.392,0.392,Healthy,Sub-Optimal
AME II,D005A,D05,2009,56,11,65219,0.3729303067341402,Stres Berat,0.43318255820365714,Stres Sedang,Pokok Utama,109.23222909577679,-0.4360853534775174,2611,109.23223565,-0.43611928,1.65,0.518,0.518,Healthy,Good
AME II,D005A,D05,2009,56,12,65217,0.44816132526576535,Stres Sedang,0.42331142330213845,Stres Sedang,Pokok Utama,109.23230569243904,-0.4360585751353734,1850,109.23233807,-0.43607319,3.84,0.437,0.437,Healthy,Moderate
AME II,D005A,D05,2009,56,13,65196,0.4364391024181884,Stres Sedang,0.4296031630804746,Stres Sedang,Pokok Utama,109.23234294330989,-0.4360848374565174,1850,109.23233807,-0.43607319,3.84,0.437,0.437,Healthy,Moderate
AME II,D005A,D05,2009,56,15,65125,0.404805307711911,Stres Sedang,0.4204411423659023,Stres Sedang,Pokok Utama,109.23249328855762,-0.43604406334294077,2373,109.23247731,-0.43601716,2.32,0.434,0.434,Healthy,Moderate
AME II,D005A,D05,2009,56,17,65123,0.4139095275844418,Stres Sedang,0.45517838114459547,Stres Sedang,Pokok Utama,109.23265729488085,-0.4360476573766497,2774,109.23264393,-0.43604026,1.12,0.534,0.534,Healthy,Good
AME II,D005A,D05,2009,56,18,183905,0.4364051834406282,Stres Sedang,0.45755366629791144,Stres Sedang,Pokok Utama,109.23269266472676,-0.43608111193873345,1931,109.2326866,-0.43605926,3.58,0.542,0.542,Healthy,Good
AME II,D005A,D05,2009,56,19,65121,0.3864762210465666,Stres Berat,0.4350148990446583,Stres Sedang,Pokok Utama,109.23274261342658,-0.4360424167939868,2317,109.23273646,-0.43601948,2.52,0.485,0.485,Healthy,Good
AME II,D005A,D05,2009,56,20,65120,0.388371354212817,Stres Berat,0.4087270465887929,Stres Sedang,Pokok Utama,109.23281890190461,-0.4360643995673847,1374,109.23281057,-0.43603487,5.43,0.465,0.465,Healthy,Good
AME II,D005A,D05,2009,56,22,65130,0.4114584590549219,Stres Sedang,0.4401026222208125,Stres Sedang,Pokok Utama,109.23297116039716,-0.43606447532000625,1846,109.2329754,-0.43602948,3.86,0.438,0.438,Healthy,Moderate
AME II,D005A,D05,2009,56,23,63408,0.43939865241132886,Stres Sedang,0.48271059898088453,Stres Sedang,Pokok Utama,109.23304935287722,-0.43606249421639853,2112,109.23307555,-0.43606929,3.08,0.516,0.516,Healthy,Good
AME II,D005A,D05,2009,56,24,65151,0.40920594993158604,Stres Sedang,0.404390889990094,Stres Sedang,Pokok Utama,109.23322138206242,-0.4360668984542139,221,109.23320266,-0.43605079,9.42,0.46,0.46,Healthy,Good
AME II,D005A,D05,2009,56,25,65152,,-,0.3191528002003042,Stres Berat,Sisip Des25,109.23328342560377,-0.4360519767619661,2789,109.23330326,-0.43605126,1.08,0.427,0.427,Abnormal,Sub-Optimal
AME II,D005A,D05,2009,56,28,65184,0.4471675069070078,Stres Sedang,0.4455310822675902,Stres Sedang,Pokok Utama,109.23353243527177,-0.4360411004274404,53,109.23352558,-0.43607166,10.57,0.538,0.538,Healthy,Good
AME II,D005A,D05,2009,56,29,65185,0.4025064125738732,Stres Sedang,0.3850659444781088,Stres Berat,Pokok Utama,109.23356741777711,-0.4360899182790407,596,109.23357094,-0.43610061,7.95,0.434,0.434,Healthy,Moderate
AME II,D005A,D05,2009,57,1,65350,0.40309354727416535,Stres Sedang,0.41795319478672815,Stres Sedang,Pokok Utama,109.23139367094798,-0.4359754020058381,310,109.23141332,-0.43597576,8.97,0.461,0.461,Healthy,Good
AME II,D005A,D05,2009,57,2,65251,0.44897861045297294,Stres Sedang,0.469068321800173,Stres Sedang,Pokok Utama,109.23153152491055,-0.4359510290936078,86,109.23154672,-0.43593917,10.24,0.549,0.549,Healthy,Good
AME II,D005A,D05,2009,57,4,65255,0.41757166882356006,Stres Sedang,0.41808876107142545,Stres Sedang,Pokok Utama,109.23169727828827,-0.43598517286742966,395,109.23170795,-0.43598216,8.65,0.482,0.482,Healthy,Good
AME II,D005A,D05,2009,57,7,65241,0.44460719873603,Stres Sedang,0.4627957569414517,Stres Sedang,Pokok Utama,109.23193210143542,-0.4359584747788858,2429,109.2319213,-0.43594332,2.16,0.494,0.494,Healthy,Good
AME II,D005A,D05,2009,57,8,65242,0.4319154919986683,Stres Sedang,0.43983867132023924,Stres Sedang,Pokok Utama,109.23197749817663,-0.43595154464191227,2468,109.23197609,-0.43594695,2.06,0.411,0.411,Healthy,Sub-Optimal
AME II,D005A,D05,2009,57,9,65243,0.4328369329179644,Stres Sedang,0.4288836757575331,Stres Sedang,Pokok Utama,109.23203287269405,-0.43595314229078935,2549,109.23203133,-0.43596596,1.85,0.494,0.494,Healthy,Good
AME II,D005A,D05,2009,57,10,65206,0.43062779541013013,Stres Sedang,0.4574204016803811,Stres Sedang,Pokok Utama,109.23212888310101,-0.43598842929670467,2071,109.2321535,-0.43596644,3.21,0.476,0.476,Healthy,Good
AME II,D005A,D05,2009,57,11,65207,0.41123892646129817,Stres Sedang,0.4377013026673975,Stres Sedang,Pokok Utama,109.2322505720925,-0.4359743426545578,1878,109.23222626,-0.43595651,3.78,0.487,0.487,Abnormal,Good
AME II,D005A,D05,2009,57,14,65107,0.4160908460331837,Stres Sedang,0.4570118991985103,Stres Sedang,Pokok Utama,109.2325728475938,-0.4359765497252557,2405,109.23256715,-0.43596835,2.22,0.504,0.504,Healthy,Good
AME II,D005A,D05,2009,57,15,65122,0.4195586027890167,Stres Sedang,0.42627032252005587,Stres Sedang,Pokok Utama,109.23270516883512,-0.4359825806189067,2450,109.23270009,-0.43600274,2.11,0.519,0.519,Healthy,Good
AME II,D005A,D05,2009,57,19,65146,0.4028706271782493,Stres Sedang,0.42238989389477044,Stres Sedang,Pokok Utama,109.23309648039873,-0.4359688341933969,1153,109.23310566,-0.43596621,6.15,0.43,0.43,Healthy,Moderate
AME II,D005A,D05,2009,57,20,65150,0.43794246864358005,Stres Sedang,0.40958806384559615,Stres Sedang,Pokok Utama,109.23323276687002,-0.4359469170633447,348,109.23322334,-0.43595855,8.84,0.459,0.459,Healthy,Moderate
AME II,D005A,D05,2009,57,22,65179,0.3829302410012883,Stres Berat,0.4154921970127467,Stres Sedang,Pokok Utama,109.23340689231058,-0.4359798144386005,176,109.23341286,-0.43600336,9.66,0.519,0.519,Healthy,Good
AME II,D005A,D05,2009,58,2,65349,0.4055099490732118,Stres Sedang,0.45272875345574004,Stres Sedang,Pokok Utama,109.2314769663914,-0.43592641028350904,3,109.2314843,-0.43592468,13.34,0.513,0.513,Healthy,Good
AME II,D005A,D05,2009,58,3,65253,0.4328794253328459,Stres Sedang,0.4433846637809232,Stres Sedang,Pokok Utama,109.2315895233179,-0.43591563291655105,82,109.23158132,-0.43589532,10.29,0.519,0.519,Healthy,Good
AME II,D005A,D05,2009,58,4,329197,,-,0.33391671681241825,Stres Berat,Sisip Des25,109.23168834780512,-0.4358952348839376,2983,109.23168956,-0.43588087,0.51,0.399,0.399,Abnormal,Sub-Optimal
AME II,D005A,D05,2009,58,5,65257,,-,0.3207429169466528,Stres Berat,Sisip Des25,109.23178950231072,-0.43589782499719454,2975,109.23180363,-0.43592205,0.53,0.465,0.465,Abnormal,Good
AME II,D005A,D05,2009,58,6,65239,0.42520573525912253,Stres Sedang,0.4731083199929293,Stres Sedang,Pokok Utama,109.23192166086716,-0.4358910002433052,2553,109.2319056,-0.43586736,1.84,0.537,0.537,Healthy,Good
AME II,D005A,D05,2009,58,7,65210,0.40521149600253387,Stres Sedang,0.3978307873111847,Stres Berat,Pokok Utama,109.23208018175258,-0.4359020444346008,2442,109.2320821,-0.43590177,2.13,0.478,0.478,Healthy,Good
AME II,D005A,D05,2009,58,8,177280,0.4064616471651482,Stres Sedang,0.4265416068061473,Stres Sedang,Pokok Utama,109.2321604990333,-0.4359336746176959,2071,109.2321535,-0.43596644,3.21,0.476,0.476,Healthy,Good
AME II,D005A,D05,2009,58,9,65209,0.45484959919465057,Stres Sedang,0.45155965930409325,Stres Sedang,Pokok Utama,109.23224829967052,-0.4359280127558317,1469,109.23224109,-0.4359018,5.11,0.453,0.453,Healthy,Moderate
AME II,D005A,D05,2009,58,10,65208,0.43197345174798046,Stres Sedang,0.4505918339625879,Stres Sedang,Pokok Utama,109.23229811303518,-0.4359458816724998,1095,109.23231519,-0.43594794,6.3,0.564,0.564,Healthy,Good
AME II,D005A,D05,2009,58,12,65108,0.38878901706685365,Stres Berat,0.4126828010932897,Stres Sedang,Pokok Utama,109.23247045492343,-0.4358943502920156,2298,109.23246342,-0.43589688,2.55,0.459,0.459,Healthy,Moderate
AME II,D005A,D05,2009,58,13,65106,0.4253229152542775,Stres Sedang,0.44211252128628203,Stres Sedang,Pokok Utama,109.23256243120132,-0.4359160272444513,2349,109.2325757,-0.43590007,2.42,0.492,0.492,Healthy,Good
AME II,D005A,D05,2009,58,14,65105,0.41284619693655566,Stres Sedang,0.45019209072905014,Stres Sedang,Pokok Utama,109.232618046487,-0.4359102979656293,2456,109.23265115,-0.43591456,2.1,0.415,0.415,Healthy,Sub-Optimal
AME II,D005A,D05,2009,58,16,65118,0.43397492451210545,Stres Sedang,0.46188549678525254,Stres Sedang,Pokok Utama,109.23274822885362,-0.4359406128780523,1167,109.23276568,-0.43592679,6.12,0.446,0.446,Healthy,Moderate
AME II,D005A,D05,2009,58,17,65117,0.40773552370286437,Stres Sedang,0.4069369480069105,Stres Sedang,Pokok Utama,109.23285195221652,-0.43586580487612586,497,109.23285417,-0.43586487,8.27,0.495,0.495,Healthy,Good
AME II,D005A,D05,2009,58,18,65128,0.3844619665584585,Stres Berat,0.4209842569378006,Stres Sedang,Pokok Utama,109.23295745875127,-0.4358917063254259,894,109.23295433,-0.43586399,6.99,0.455,0.455,Healthy,Moderate
AME II,D005A,D05,2009,58,20,65133,0.4033153525834341,Stres Sedang,0.4333470189022657,Stres Sedang,Pokok Utama,109.23307638109564,-0.4358743072433568,1457,109.23306976,-0.43586718,5.16,0.474,0.474,Healthy,Good
AME II,D005A,D05,2009,58,21,65148,,-,0.31861991722563016,Stres Berat,Sisip Des25,109.23318318302167,-0.4358976846585764,2403,109.23316407,-0.43588077,2.23,0.379,0.379,Abnormal,Critical
AME II,D005A,D05,2009,58,22,65156,0.3593380708370885,Stres Berat,0.38687287312440477,Stres Berat,Pokok Utama,109.23328859183047,-0.4358939937678832,901,109.23328219,-0.4358912,6.95,0.49,0.49,Healthy,Good
AME II,D005A,D05,2009,58,24,65178,0.35047988148092313,Stres Berat,0.405914844648063,Stres Sedang,Pokok Utama,109.23342710727158,-0.43592295642499,815,109.23341873,-0.43588897,7.24,0.436,0.436,Healthy,Moderate
AME II,D005A,D05,2009,59,1,65517,0.4296445321912567,Stres Sedang,0.4347655037780861,Stres Sedang,Pokok Utama,109.23137556672643,-0.4358293455125652,134,109.23138371,-0.4358166,9.9,0.527,0.527,Healthy,Good
AME II,D005A,D05,2009,59,2,65744,0.3961411630051355,Stres Berat,0.44816006373998335,Stres Sedang,Pokok Utama,109.231415674415,-0.43583211551198464,134,109.23138371,-0.4358166,9.9,0.527,0.527,Healthy,Good
AME II,D005A,D05,2009,59,4,65263,,-,0.3615789244891984,Stres Berat,Sisip Des25,109.23157265317661,-0.4358635533134392,82,109.23158132,-0.43589532,10.29,0.519,0.519,Healthy,Good
AME II,D005A,D05,2009,59,5,65260,0.40869430836118936,Stres Sedang,0.40200591667726565,Stres Sedang,Pokok Utama,109.23169041421781,-0.43581301643106174,485,109.23171338,-0.43581125,8.32,0.597,0.597,Healthy,Good
AME II,D005A,D05,2009,59,6,65258,0.39228594495351604,Stres Berat,0.4157682890969294,Stres Sedang,Pokok Utama,109.2317664756463,-0.4358359336395278,300,109.23176189,-0.43580764,9.03,0.532,0.532,Healthy,Good
AME II,D005A,D05,2009,59,7,65237,0.4073872904667347,Stres Sedang,0.434772936869522,Stres Sedang,Pokok Utama,109.23184365979755,-0.4358277412646905,214,109.23183285,-0.43582981,9.43,0.521,0.521,Healthy,Good
AME II,D005A,D05,2009,59,9,177284,0.45888268092262435,Stres Sedang,0.466164934920308,Stres Sedang,Pokok Utama,109.23195558341585,-0.4358155424984144,1912,109.2319649,-0.43580995,3.65,0.517,0.517,Healthy,Good
AME II,D005A,D05,2009,59,10,65516,0.40288345477331367,Stres Sedang,0.4366519265211001,Stres Sedang,Pokok Utama,109.23200479489417,-0.43584239083420573,1993,109.23202103,-0.43583348,3.43,0.503,0.503,Healthy,Good
AME II,D005A,D05,2009,59,11,65199,0.37678977374862177,Stres Berat,0.3865322327683802,Stres Berat,Pokok Utama,109.23208634937681,-0.4358449379901065,2706,109.23209469,-0.43583666,1.32,0.432,0.432,Healthy,Moderate
AME II,D005A,D05,2009,59,12,65212,0.4447890429382455,Stres Sedang,0.4425241402330257,Stres Sedang,Pokok Utama,109.23220506782437,-0.43582579972484137,1402,109.23219709,-0.43584166,5.34,0.463,0.463,Healthy,Good
AME II,D005A,D05,2009,59,13,65215,0.42271062190698505,Stres Sedang,0.43641987626015405,Stres Sedang,Pokok Utama,109.23226914461623,-0.43582188945670947,573,109.23228737,-0.43581997,8.05,0.456,0.456,Healthy,Moderate
AME II,D005A,D05,2009,59,14,65113,,-,0.3371265259488384,Stres Berat,Sisip Des25,109.23235300287266,-0.435857427210657,2967,109.23234801,-0.4358218,0.53,0.404,0.404,Abnormal,Sub-Optimal
AME II,D005A,D05,2009,59,15,65112,0.4409826957351496,Stres Sedang,0.42029377801530293,Stres Sedang,Pokok Utama,109.23243875731596,-0.4358083823146447,2462,109.23241538,-0.43580011,2.08,0.481,0.481,Healthy,Good
AME II,D005A,D05,2009,59,16,65109,0.35586391647934523,Stres Berat,0.3809856613661036,Stres Berat,Pokok Utama,109.23252473245975,-0.4358594968111409,2694,109.23253035,-0.4358336,1.36,0.419,0.419,Healthy,Sub-Optimal
AME II,D005A,D05,2009,59,17,65103,0.42351667943500704,Stres Sedang,0.4619281124174043,Stres Sedang,Pokok Utama,109.23263457230232,-0.43580792758503123,1501,109.23262558,-0.43579473,4.99,0.553,0.553,Healthy,Good
AME II,D005A,D05,2009,59,18,65100,0.4498073345811187,Stres Sedang,0.476040561459924,Stres Sedang,Pokok Utama,109.23272279170129,-0.43583024947214705,1848,109.23272752,-0.43582189,3.85,0.6,0.6,Abnormal,Good
AME II,D005A,D05,2009,59,20,65158,0.4176130440177983,Stres Sedang,0.4767878724237958,Stres Sedang,Pokok Utama,109.23332394964066,-0.43581809676658456,343,109.23333341,-0.43582881,8.86,0.519,0.519,Healthy,Good
AME II,D005A,D05,2009,59,22,65176,0.414679372731137,Stres Sedang,0.4398630750886153,Stres Sedang,Pokok Utama,109.23344329617322,-0.4358077131772937,209,109.23347129,-0.43581935,9.45,0.54,0.54,Healthy,Good
AME II,D005A,D05,2009,59,23,65174,0.3905038032073643,Stres Berat,0.4280738413168222,Stres Sedang,Pokok Utama,109.23349516868113,-0.4358093275152335,209,109.23347129,-0.43581935,9.45,0.54,0.54,Healthy,Good
AME II,D005A,D05,2009,59,24,65175,0.4043629108187927,Stres Sedang,0.40702114639769815,Stres Sedang,Pokok Utama,109.23356218038147,-0.4358514522795568,625,109.23357953,-0.43585826,7.86,0.544,0.544,Healthy,Good
AME II,D005A,D05,2009,60,2,65344,,-,0.3887929464005422,Stres Berat,Sisip Des25,109.23143204376024,-0.43578415723322655,795,109.23143942,-0.43575014,7.32,0.42,0.42,Healthy,Sub-Optimal
AME II,D005A,D05,2009,60,4,65262,0.44102589780341883,Stres Sedang,0.4457801888193424,Stres Sedang,Pokok Utama,109.23160347849716,-0.43577956734929535,255,109.23162132,-0.43575426,9.28,0.498,0.498,Healthy,Good
AME II,D005A,D05,2009,60,5,65259,0.4154847191982582,Stres Sedang,0.4187298587285102,Stres Sedang,Pokok Utama,109.23174295990626,-0.43578353015779625,300,109.23176189,-0.43580764,9.03,0.532,0.532,Healthy,Good
AME II,D005A,D05,2009,60,6,65254,,-,0.3317746324556889,Stres Berat,Sisip Des25,109.2318466751163,-0.43576372505453687,855,109.23182119,-0.43575023,7.12,0.446,0.446,Healthy,Moderate
AME II,D005A,D05,2009,60,8,65214,0.34782925162624223,Stres Berat,0.36865802735108666,Stres Berat,Pokok Utama,109.23209041794871,-0.43576478523955603,2554,109.23211537,-0.43576613,1.84,0.512,0.512,Abnormal,Good
AME II,D005A,D05,2009,60,9,65213,0.41392604178852505,Stres Sedang,0.43073215848798185,Stres Sedang,Pokok Utama,109.23216315376797,-0.4357886533053421,1542,109.23216836,-0.43578558,4.86,0.504,0.504,Healthy,Good
AME II,D005A,D05,2009,60,10,65222,0.4345210391704466,Stres Sedang,0.4401865267978246,Stres Sedang,Pokok Utama,109.23223992560469,-0.43576426677159213,385,109.23224742,-0.4357431,8.67,0.509,0.509,Healthy,Good
AME II,D005A,D05,2009,60,13,65110,0.41393671278446154,Stres Sedang,0.43029267806674637,Stres Sedang,Pokok Utama,109.23250885550682,-0.4357819152617249,1925,109.23250207,-0.43578521,3.6,0.432,0.432,Healthy,Moderate
AME II,D005A,D05,2009,60,14,65101,0.3827743369997184,Stres Berat,0.4682989344782185,Stres Sedang,Pokok Utama,109.23271277679376,-0.4357719084526634,2137,109.23271991,-0.43574909,3.03,0.48,0.48,Healthy,Good
AME II,D005A,D05,2009,60,15,65098,0.40448109510414576,Stres Sedang,0.43442660377219633,Stres Sedang,Pokok Utama,109.23285303437285,-0.4357715279030047,578,109.23284387,-0.43575228,8.03,0.515,0.515,Healthy,Good
AME II,D005A,D05,2009,60,17,65135,,-,0.35132327030040555,Stres Berat,Sisip Des25,109.2330218915954,-0.4357575138834606,2690,109.2330316,-0.43578172,1.37,0.358,0.358,Abnormal,Critical
AME II,D005A,D05,2009,61,1,64975,0.40733855769348304,Stres Sedang,0.4318424386071643,Stres Sedang,Pokok Utama,109.23136131373786,-0.4357144803436327,30,109.23136128,-0.43570355,11.02,0.379,0.379,Suspect,Critical
AME II,D005A,D05,2009,61,2,65287,0.44264565139152773,Stres Sedang,0.47680813350808393,Stres Sedang,Pokok Utama,109.23148947101303,-0.4357100350414276,129,109.23150545,-0.43571173,9.94,0.496,0.496,Healthy,Good
AME II,D005A,D05,2009,61,3,65347,0.4450333708534486,Stres Sedang,0.45571277745895916,Stres Sedang,Pokok Utama,109.23163025735671,-0.4357128422528565,187,109.23160337,-0.43569095,9.59,0.432,0.432,Healthy,Moderate
AME II,D005A,D05,2009,61,5,65265,0.4307101486390112,Stres Sedang,0.4276222691068838,Stres Sedang,Pokok Utama,109.23181090227392,-0.43569319958650665,635,109.231801,-0.43566342,7.83,0.605,0.605,Healthy,Good
AME II,D005A,D05,2009,61,6,65232,0.45317121577807856,Stres Sedang,0.4451371844047885,Stres Sedang,Pokok Utama,109.2319426174999,-0.4357061067552936,119,109.23191776,-0.43570369,10.04,0.527,0.527,Healthy,Good
AME II,D005A,D05,2009,61,7,65230,0.4245497926947189,Stres Sedang,0.4157387391811894,Stres Sedang,Pokok Utama,109.23202741671652,-0.4356939693749598,1566,109.23204981,-0.43568066,4.79,0.461,0.461,Healthy,Good
AME II,D005A,D05,2009,61,10,65226,0.4449615380453737,Stres Sedang,0.4606712970705697,Stres Sedang,Pokok Utama,109.23233239398392,-0.43569968735705017,450,109.23236106,-0.43571283,8.43,0.382,0.382,Healthy,Critical
AME II,D005A,D05,2009,61,11,65114,0.4407874613878013,Stres Sedang,0.43487915104546765,Stres Sedang,Pokok Utama,109.23241834487396,-0.4356894007457296,338,109.232419,-0.43569702,8.87,0.436,0.436,Healthy,Moderate
AME II,D005A,D05,2009,61,12,177283,0.38401091595762793,Stres Berat,0.4225216203996124,Stres Sedang,Pokok Utama,109.2325364813668,-0.4357099836614406,1835,109.23250703,-0.43570789,3.88,0.438,0.438,Healthy,Moderate
AME II,D005A,D05,2009,61,13,65116,0.4064647969530254,Stres Sedang,0.44192267460403617,Stres Sedang,Pokok Utama,109.23253673495581,-0.43567234309115965,1493,109.23253264,-0.43565002,5.01,0.444,0.444,Healthy,Moderate
AME II,D005A,D05,2009,61,14,65102,0.3909972793761998,Stres Berat,0.47423544598766315,Stres Sedang,Pokok Utama,109.23267143758035,-0.4356908431322716,1814,109.2326494,-0.43569527,3.95,0.518,0.518,Healthy,Good
AME II,D005A,D05,2009,61,18,65136,0.42125902496255874,Stres Sedang,0.44992629339297613,Stres Sedang,Pokok Utama,109.23293192378183,-0.4356978402876129,915,109.23294943,-0.43570348,6.92,0.45,0.45,Healthy,Moderate
AME II,D005A,D05,2009,61,20,65160,0.40410408270714937,Stres Sedang,0.40047760614469113,Stres Sedang,Pokok Utama,109.23325876948644,-0.4356719259297346,1227,109.23324362,-0.43564025,5.91,0.445,0.445,Healthy,Moderate
AME II,D005A,D05,2009,61,21,65162,,-,0.3064469732021015,Stres Berat,Sisip Des25,109.23338108247845,-0.4356926514870393,2428,109.23336982,-0.43569227,2.16,0.378,0.378,Healthy,Critical
AME II,D005A,D05,2009,61,22,65172,,-,0.30624625730411253,Stres Berat,Sisip Des25,109.23349269179306,-0.43569042602585845,2241,109.23350456,-0.43570316,2.7,0.439,0.439,Healthy,Moderate
AME II,D005A,D05,2009,62,1,65289,0.371467057542154,Stres Berat,0.4111997625932378,Stres Sedang,Pokok Utama,109.2313557177032,-0.43565956640133013,358,109.23134154,-0.43564296,8.79,0.405,0.405,Healthy,Sub-Optimal
AME II,D005A,D05,2009,62,5,65266,0.423442446665443,Stres Sedang,0.42577593331354646,Stres Sedang,Pokok Utama,109.23168580112466,-0.43561849211800074,42,109.23169276,-0.43562586,10.79,0.492,0.492,Healthy,Good
AME II,D005A,D05,2009,62,10,65228,0.40490394690941683,Stres Sedang,0.39391362340029895,Stres Berat,Pokok Utama,109.2320884385591,-0.4356093284024827,1751,109.23210104,-0.43559069,4.1,0.525,0.525,Healthy,Good
AME II,D005A,D05,2009,62,11,65224,0.4154240718135374,Stres Sedang,0.4194803387295036,Stres Sedang,Pokok Utama,109.23216452348899,-0.4356407910434784,930,109.23215537,-0.43563411,6.88,0.476,0.476,Healthy,Good
AME II,D005A,D05,2009,62,16,65087,0.393589751147878,Stres Berat,0.4178080406863317,Stres Sedang,Pokok Utama,109.23257710164157,-0.43561349149183115,2606,109.23259059,-0.43558493,1.67,0.483,0.483,Healthy,Good
AME II,D005A,D05,2009,62,17,65092,0.44490160429399456,Stres Sedang,0.44893953948294335,Stres Sedang,Pokok Utama,109.23268845067103,-0.4356032406886626,1647,109.23270288,-0.43558089,4.47,0.499,0.499,Healthy,Good
AME II,D005A,D05,2009,62,18,329190,,-,0.33303556218743324,Stres Berat,Sisip Des25,109.23285230529058,-0.4356294557590304,2898,109.23285692,-0.43561664,0.72,0.379,0.379,Abnormal,Critical
AME II,D005A,D05,2009,62,20,65139,0.4112088804314504,Stres Sedang,0.4292149879325868,Stres Sedang,Pokok Utama,109.23305348215641,-0.4356570519183506,12,109.23307161,-0.43562935,11.77,0.452,0.452,Healthy,Moderate
AME II,D005A,D05,2009,62,21,65141,0.4414370894155064,Stres Sedang,0.4568445493706218,Stres Sedang,Pokok Utama,109.23310209731603,-0.43567357286462727,1034,109.23308776,-0.43569221,6.52,0.511,0.511,Healthy,Good
AME II,D005A,D05,2009,62,22,65142,0.4194551669336678,Stres Sedang,0.4630087393945382,Stres Sedang,Pokok Utama,109.23315819151158,-0.43565157342873917,512,109.23317581,-0.43562983,8.22,0.486,0.486,Healthy,Good
AME II,D005A,D05,2009,62,23,65161,,-,0.3313848524734507,Stres Berat,Sisip Des25,109.2332413158686,-0.43563194113797,1227,109.23324362,-0.43564025,5.91,0.445,0.445,Healthy,Moderate
AME II,D005A,D05,2009,62,25,65170,,-,0.2876100654656979,Stres Sangat Berat,Sisip Des25,109.23345334699653,-0.4356338073851223,2693,109.23345652,-0.43563397,1.37,0.371,0.371,Healthy,Critical
AME II,D005A,D05,2009,63,2,65288,0.39018170725861523,Stres Berat,0.43811064429406615,Stres Sedang,Pokok Utama,109.23151093564077,-0.4355770565430929,275,109.23151222,-0.43560547,9.16,0.446,0.446,Healthy,Moderate
AME II,D005A,D05,2009,63,5,65269,,-,0.30862448510568036,Stres Berat,Sisip Des25,109.23173596512511,-0.4355732045930145,2962,109.23175521,-0.43555715,0.54,0.394,0.394,Abnormal,Sub-Optimal
AME II,D005A,D05,2009,63,7,65340,0.43745916232670823,Stres Sedang,0.39565347479293933,Stres Berat,Pokok Utama,109.23201023762844,-0.43557414002116823,2601,109.23198067,-0.43556037,1.69,0.501,0.501,Abnormal,Good
AME II,D005A,D05,2009,63,8,65339,0.39014039880156615,Stres Berat,0.40680332781171696,Stres Sedang,Pokok Utama,109.23206520313124,-0.435544249209146,919,109.23206692,-0.43552603,6.9,0.425,0.425,Healthy,Sub-Optimal
AME II,D005A,D05,2009,63,9,329222,,-,0.3436666991566256,Stres Berat,Sisip Des25,109.23230719606397,-0.4355917853310954,1842,109.2323009,-0.4355826,3.86,0.437,0.437,Abnormal,Moderate
AME II,D005A,D05,2009,63,10,65334,,-,0.3248066872431727,Stres Berat,Sisip Des25,109.23240489598781,-0.4355831216237299,1586,109.23238982,-0.43561427,4.73,0.422,0.422,Healthy,Sub-Optimal
AME II,D005A,D05,2009,63,13,65091,0.4353782236984779,Stres Sedang,0.4819358527513061,Stres Sedang,Pokok Utama,109.23270925903198,-0.43555971033991503,1647,109.23270288,-0.43558089,4.47,0.499,0.499,Healthy,Good
AME II,D005A,D05,2009,63,14,65095,0.4542182270662976,Stres Sedang,0.4574699819676852,Stres Sedang,Pokok Utama,109.23278117229898,-0.4355808876489836,709,109.23276801,-0.43555287,7.63,0.514,0.514,Healthy,Good
AME II,D005A,D05,2009,63,15,329189,,-,0.3296869929611831,Stres Berat,Sisip Des25,109.2328658452771,-0.43558177348463667,2922,109.23288837,-0.43559223,0.65,0.384,0.384,Abnormal,Critical
AME II,D005A,D05,2009,63,16,329188,,-,0.3736191759396072,Stres Berat,Sisip Des25,109.23296380041909,-0.435587898388458,699,109.23298044,-0.43559587,7.65,0.402,0.402,Healthy,Sub-Optimal
AME II,D005A,D05,2009,63,18,64183,0.3309663287305389,Stres Berat,0.3455418096786296,Stres Berat,Pokok Utama,109.23316715810495,-0.4355543418261113,2102,109.23318076,-0.4355715,3.12,0.401,0.401,Healthy,Sub-Optimal
AME II,D005A,D05,2009,63,19,65164,0.40722551562206044,Stres Sedang,0.44898522341045205,Stres Sedang,Pokok Utama,109.23334056570991,-0.4355713985855802,401,109.23333931,-0.435553,8.63,0.571,0.571,Healthy,Good
AME II,D005A,D05,2009,64,1,65293,0.3535736549063905,Stres Berat,0.3694169795187233,Stres Berat,Pokok Utama,109.23135083114894,-0.43550186147747233,726,109.23135639,-0.43548336,7.56,0.398,0.398,Healthy,Sub-Optimal
AME II,D005A,D05,2009,64,5,65272,0.38818822950124743,Stres Berat,0.39480424725715024,Stres Berat,Pokok Utama,109.23176550799336,-0.43549010685621414,997,109.23175388,-0.43547124,6.65,0.514,0.514,Healthy,Good
AME II,D005A,D05,2009,64,6,65271,0.421749842886661,Stres Sedang,0.4272111409088945,Stres Sedang,Pokok Utama,109.23184109788605,-0.43551329410635453,706,109.23184549,-0.43552417,7.63,0.508,0.508,Healthy,Good
AME II,D005A,D05,2009,64,8,65236,0.4656097603891479,Stres Sedang,0.4611637773665194,Stres Sedang,Pokok Utama,109.2320095473047,-0.43549774776632466,472,109.23201348,-0.43548396,8.37,0.534,0.534,Healthy,Good
AME II,D005A,D05,2009,64,10,65330,0.42050303468190575,Stres Sedang,0.4438531651407029,Stres Sedang,Pokok Utama,109.23218717467931,-0.4355166695785846,46,109.2321828,-0.43548446,10.67,0.448,0.448,Healthy,Moderate
AME II,D005A,D05,2009,64,12,65332,0.4205617679617657,Stres Sedang,0.42351666943710525,Stres Sedang,Pokok Utama,109.2323487793103,-0.4355285278411219,27,109.23235796,-0.43551117,11.1,0.508,0.508,Healthy,Good
AME II,D005A,D05,2009,64,13,177281,0.39806319747892543,Stres Berat,0.4251959077809677,Stres Sedang,Pokok Utama,109.23242370402552,-0.43550631646549814,271,109.23242983,-0.43548949,9.17,0.502,0.502,Healthy,Good
AME II,D005A,D05,2009,64,14,65085,,-,0.35626237513842407,Stres Berat,Sisip Des25,109.23256542782444,-0.43549140456909186,1529,109.23257759,-0.43550625,4.91,0.441,0.441,Healthy,Moderate
AME II,D005A,D05,2009,64,15,65088,0.4134226994738675,Stres Sedang,0.4682810454593973,Stres Sedang,Pokok Utama,109.23264737663047,-0.43552598547535026,2571,109.23265843,-0.43550718,1.8,0.532,0.532,Healthy,Good
AME II,D005A,D05,2009,64,16,65090,0.42167654564546514,Stres Sedang,0.4493581890378785,Stres Sedang,Pokok Utama,109.23273565145463,-0.4355027001679456,2315,109.23274692,-0.43548685,2.52,0.476,0.476,Healthy,Good
AME II,D005A,D05,2009,64,17,65070,0.4247891634196729,Stres Sedang,0.4310136850892227,Stres Sedang,Pokok Utama,109.2328301096129,-0.4354899679182141,1505,109.23282506,-0.43550179,4.97,0.436,0.436,Healthy,Moderate
AME II,D005A,D05,2009,64,18,65068,0.42829804063675925,Stres Sedang,0.4322979320814941,Stres Sedang,Pokok Utama,109.23289461438982,-0.43547548174649775,48,109.23288525,-0.43547332,10.64,0.454,0.454,Healthy,Moderate
AME II,D005A,D05,2009,64,20,65065,0.38817483538129627,Stres Berat,0.41856619306115767,Stres Sedang,Pokok Utama,109.23305134590481,-0.43552506159666565,1704,109.23305771,-0.43551179,4.28,0.551,0.551,Healthy,Good
AME II,D005A,D05,2009,64,21,65062,0.4085829559699329,Stres Sedang,0.4327976234020293,Stres Sedang,Pokok Utama,109.23312824699556,-0.43548248209280954,988,109.23313991,-0.43549689,6.68,0.457,0.457,Healthy,Moderate
AME II,D005A,D05,2009,64,22,65063,0.3658290983126533,Stres Berat,0.3837294530879595,Stres Berat,Pokok Utama,109.23320035850287,-0.43547026786771625,2597,109.23320549,-0.43546164,1.7,0.467,0.467,Abnormal,Good
AME II,D005A,D05,2009,64,24,65168,0.3674639261177141,Stres Berat,0.4329844144056695,Stres Sedang,Pokok Utama,109.23345635424057,-0.4355073695774914,268,109.23346238,-0.43550058,9.21,0.5,0.5,Healthy,Good
AME II,D005A,D05,2009,65,1,65294,0.428207948706109,Stres Sedang,0.4139480904466092,Stres Sedang,Pokok Utama,109.23138793705796,-0.435421444268585,356,109.23138605,-0.43542323,8.81,0.434,0.434,Healthy,Moderate
AME II,D005A,D05,2009,65,2,65282,0.40795909986001794,Stres Sedang,0.4107649595658009,Stres Sedang,Pokok Utama,109.23146985267218,-0.43542942273892665,321,109.23145792,-0.43541284,8.93,0.477,0.477,Healthy,Good
AME II,D005A,D05,2009,65,5,65273,0.41335869584988216,Stres Sedang,0.4153623539699015,Stres Sedang,Pokok Utama,109.23184481157395,-0.4354339472916061,52,109.23185225,-0.43543419,10.59,0.455,0.455,Healthy,Moderate
AME II,D005A,D05,2009,65,7,65327,0.397437011922059,Stres Berat,0.3882192136439765,Stres Berat,Pokok Utama,109.23210935191312,-0.4354097479647507,1524,109.23210197,-0.43541797,4.92,0.439,0.439,Healthy,Moderate
AME II,D005A,D05,2009,65,8,65325,,-,0.3247530215618496,Stres Berat,Sisip Des25,109.23227918350402,-0.43544257656227564,2652,109.23229869,-0.43543249,1.52,0.449,0.449,Abnormal,Moderate
AME II,D005A,D05,2009,65,12,65084,0.4014996958091696,Stres Sedang,0.46307394024577725,Stres Sedang,Pokok Utama,109.23258328094968,-0.43541662901177935,2449,109.23260725,-0.43540317,2.12,0.515,0.515,Healthy,Good
AME II,D005A,D05,2009,65,13,65089,0.40167916514665675,Stres Sedang,0.45559969403634065,Stres Sedang,Pokok Utama,109.23266294738414,-0.43542468558876246,2720,109.23266878,-0.43542127,1.28,0.542,0.542,Healthy,Good
AME II,D005A,D05,2009,65,14,65073,0.41570783175017734,Stres Sedang,0.46993185624876016,Stres Sedang,Pokok Utama,109.23276993192925,-0.4353922415826893,1877,109.23276894,-0.43539778,3.78,0.551,0.551,Healthy,Good
AME II,D005A,D05,2009,65,16,65067,0.39779916413022287,Stres Berat,0.4220920814228264,Stres Sedang,Pokok Utama,109.23299456156273,-0.43544944213217773,1075,109.23298137,-0.43544938,6.37,0.476,0.476,Healthy,Good
AME II,D005A,D05,2009,65,17,175371,0.3992001839743285,Stres Berat,0.4480906576930005,Stres Sedang,Pokok Utama,109.23310463892967,-0.4354088500480197,1427,109.2330977,-0.43542408,5.26,0.46,0.46,Healthy,Good
AME II,D005A,D05,2009,65,19,327217,0.3385251122345663,Stres Berat,0.36864421475482007,Stres Berat,Tamb,109.23338097212518,-0.4354263660226081,2307,109.23339234,-0.43540109,2.53,0.413,0.413,Healthy,Sub-Optimal
AME II,D005A,D05,2009,66,1,65295,0.4095137783759192,Stres Sedang,0.42983434138728577,Stres Sedang,Pokok Utama,109.23144063721067,-0.43535555221311295,341,109.23143323,-0.43535225,8.86,0.461,0.461,Healthy,Good
AME II,D005A,D05,2009,66,3,65278,0.4019844068893015,Stres Sedang,0.40284624105988187,Stres Sedang,Pokok Utama,109.23166524334697,-0.4353979831055524,411,109.23166632,-0.43540114,8.58,0.482,0.482,Healthy,Good
AME II,D005A,D05,2009,66,4,65275,0.43962935436541456,Stres Sedang,0.4348077153979149,Stres Sedang,Pokok Utama,109.23176287610468,-0.43538027928792167,844,109.23177277,-0.4353876,7.15,0.54,0.54,Healthy,Good
AME II,D005A,D05,2009,66,5,65274,0.4101375660626856,Stres Sedang,0.4375926926272151,Stres Sedang,Pokok Utama,109.23194093980949,-0.4353613857038713,70,109.23193176,-0.43538221,10.38,0.458,0.458,Healthy,Moderate
AME II,D005A,D05,2009,66,6,65310,0.4424120303987642,Stres Sedang,0.47208653233819087,Stres Sedang,Pokok Utama,109.23209474067181,-0.435320520951465,1807,109.23208897,-0.43533613,3.96,0.506,0.506,Abnormal,Good
AME II,D005A,D05,2009,66,7,65316,0.4462358666190767,Stres Sedang,0.4271753053005424,Stres Sedang,Pokok Utama,109.23217744196872,-0.4353755409078201,869,109.23217115,-0.4353574,7.06,0.475,0.475,Healthy,Good
AME II,D005A,D05,2009,66,8,65326,0.3732031320005663,Stres Berat,0.39587606756242977,Stres Berat,Pokok Utama,109.23221838522335,-0.43539196993616797,1577,109.23222144,-0.43542162,4.75,0.373,0.373,Suspect,Critical
AME II,D005A,D05,2009,66,9,177274,0.37944964596004993,Stres Berat,0.43213302127005143,Stres Sedang,Pokok Utama,109.23233723031579,-0.43534612476876616,528,109.23233015,-0.43533166,8.17,0.582,0.582,Healthy,Good
AME II,D005A,D05,2009,66,11,65083,0.4090907241185941,Stres Sedang,0.4830291343549924,Stres Sedang,Pokok Utama,109.23259498146015,-0.4353822701020131,2449,109.23260725,-0.43540317,2.12,0.515,0.515,Healthy,Good
AME II,D005A,D05,2009,66,12,65075,0.47388873520779284,Stres Sedang,0.48596731273109744,Stres Sedang,Pokok Utama,109.23274622122531,-0.4353523767494141,1854,109.23272944,-0.43532769,3.84,0.498,0.498,Healthy,Good
AME II,D005A,D05,2009,66,13,65072,0.46906050729424986,Stres Sedang,0.44006828255687197,Stres Sedang,Pokok Utama,109.23286669277233,-0.4353524818120859,2764,109.23286193,-0.43534626,1.14,0.502,0.502,Healthy,Good
AME II,D005A,D05,2009,66,14,65054,0.4081181376168448,Stres Sedang,0.45023785075926354,Stres Sedang,Pokok Utama,109.23298318458616,-0.43532725529292815,780,109.23299039,-0.43530198,7.39,0.494,0.494,Healthy,Good
AME II,D005A,D05,2009,66,16,65044,0.41231630067741915,Stres Sedang,0.4146989517813297,Stres Sedang,Pokok Utama,109.23312285804161,-0.4353325484354758,2794,109.23310446,-0.43533727,1.06,0.411,0.411,Healthy,Sub-Optimal
AME II,D005A,D05,2009,66,18,65042,0.41382123081939537,Stres Sedang,0.43103391859899953,Stres Sedang,Pokok Utama,109.2332890938019,-0.4353590677065892,743,109.23328276,-0.43536987,7.49,0.45,0.45,Healthy,Moderate
AME II,D005A,D05,2009,66,20,65033,,-,0.31381133837623076,Stres Berat,Sisip Des25,109.23343844046126,-0.43534477313947273,2813,109.23343592,-0.43534775,0.98,0.396,0.396,Abnormal,Sub-Optimal
AME II,D005A,D05,2009,67,1,65297,0.39280863967252105,Stres Berat,0.43593029271472583,Stres Sedang,Pokok Utama,109.23139635591696,-0.4352783279904234,342,109.23138653,-0.43529301,8.86,0.484,0.484,Healthy,Good
AME II,D005A,D05,2009,67,3,65304,0.3711442117104449,Stres Berat,0.4142989431726344,Stres Sedang,Pokok Utama,109.23178593750659,-0.43530924858038283,1721,109.23177863,-0.43528089,4.21,0.483,0.483,Healthy,Good
AME II,D005A,D05,2009,67,4,65306,0.41992181034535864,Stres Sedang,0.46124126118828496,Stres Sedang,Pokok Utama,109.23188178601661,-0.43530077623518315,319,109.23188597,-0.43528454,8.94,0.563,0.563,Healthy,Good
AME II,D005A,D05,2009,67,5,65311,0.45636336928068627,Stres Sedang,0.41171964052874693,Stres Sedang,Pokok Utama,109.23205528629157,-0.4352953276666901,1387,109.2320279,-0.43529271,5.37,0.468,0.468,Healthy,Good
AME II,D005A,D05,2009,67,7,65317,0.39815268997868447,Stres Berat,0.45129325709705337,Stres Sedang,Pokok Utama,109.23229431842498,-0.43525981719499274,309,109.23230412,-0.43524575,8.97,0.526,0.526,Healthy,Good
AME II,D005A,D05,2009,67,8,65322,0.43566062970562286,Stres Sedang,0.45052217800416694,Stres Sedang,Pokok Utama,109.23245288436495,-0.43527403191937913,968,109.23243975,-0.43528693,6.77,0.523,0.523,Healthy,Good
AME II,D005A,D05,2009,67,10,65081,0.40660225150607326,Stres Sedang,0.42956337636549013,Stres Sedang,Pokok Utama,109.23258279879141,-0.4352927941831461,2076,109.23257854,-0.4352734,3.19,0.484,0.484,Healthy,Good
AME II,D005A,D05,2009,67,11,65077,0.44198235049864193,Stres Sedang,0.46312350172559824,Stres Sedang,Pokok Utama,109.23268695163554,-0.4352925785714788,2077,109.232698,-0.43529784,3.19,0.517,0.517,Healthy,Good
AME II,D005A,D05,2009,67,12,65076,0.4427966069871266,Stres Sedang,0.4669677288295602,Stres Sedang,Pokok Utama,109.2327353432666,-0.43525936394741505,1889,109.23273484,-0.43525128,3.73,0.607,0.607,Healthy,Good
AME II,D005A,D05,2009,67,13,65053,0.43553399309087876,Stres Sedang,0.44592357458596166,Stres Sedang,Pokok Utama,109.2328564643774,-0.43528863215093283,2514,109.23287631,-0.43529879,1.93,0.451,0.451,Healthy,Moderate
AME II,D005A,D05,2009,67,15,65059,0.4419903208852791,Stres Sedang,0.44889339401766104,Stres Sedang,Pokok Utama,109.23309205883317,-0.4352686284728596,1588,109.23308382,-0.43526402,4.72,0.498,0.498,Healthy,Good
AME II,D005A,D05,2009,67,16,65046,0.44501312517186503,Stres Sedang,0.421997576491642,Stres Sedang,Pokok Utama,109.23318826516454,-0.43529929883368734,2703,109.23320373,-0.43530112,1.33,0.476,0.476,Healthy,Good
AME II,D005A,D05,2009,67,17,388511,,-,0.3571286466754513,Stres Berat,Sisip Des25,109.2332845856886,-0.4353028693032898,931,109.23329939,-0.43532647,6.88,0.51,0.51,Healthy,Good
AME II,D005A,D05,2009,67,18,65039,0.41652334157796617,Stres Sedang,0.4173628925137633,Stres Sedang,Pokok Utama,109.23334496714992,-0.4352726772994775,99,109.23335958,-0.43529619,10.17,0.532,0.532,Healthy,Good
AME II,D005A,D05,2009,67,19,65040,0.38905703024354704,Stres Berat,0.4317237598009127,Stres Sedang,Pokok Utama,109.23336322084282,-0.43530261072436655,99,109.23335958,-0.43529619,10.17,0.532,0.532,Healthy,Good
AME II,D005A,D05,2009,67,20,65031,0.48701201700680746,Stres Sedang,0.47867826710294964,Stres Sedang,Pokok Utama,109.23351936902236,-0.43528822671986467,38,109.23353295,-0.43526819,10.86,0.567,0.567,Healthy,Good
AME II,D005A,D05,2009,68,1,66092,0.37636935053166787,Stres Berat,0.37460168158328405,Stres Berat,Pokok Utama,109.23135974131188,-0.4352319711211701,437,109.23136095,-0.43522654,8.49,0.447,0.447,Healthy,Moderate
AME II,D005A,D05,2009,68,2,65299,0.41953755425794026,Stres Sedang,0.39383372877587813,Stres Berat,Pokok Utama,109.2316151080592,-0.43525211321026713,740,109.23161201,-0.43523383,7.51,0.585,0.585,Healthy,Good
AME II,D005A,D05,2009,68,3,65301,0.35846527806876527,Stres Berat,0.36446617410659493,Stres Berat,Pokok Utama,109.2316987730848,-0.43520676199193625,1286,109.231696,-0.43521441,5.73,0.53,0.53,Healthy,Good
AME II,D005A,D05,2009,68,4,65302,0.3837886661266654,Stres Berat,0.40400168879880893,Stres Sedang,Pokok Utama,109.23172048385943,-0.4352723363577569,645,109.23170587,-0.43527681,7.79,0.535,0.535,Healthy,Good
AME II,D005A,D05,2009,68,6,65307,0.3938313221934721,Stres Berat,0.44463931223278097,Stres Sedang,Pokok Utama,109.231896883841,-0.4352546652971113,319,109.23188597,-0.43528454,8.94,0.563,0.563,Healthy,Good
AME II,D005A,D05,2009,68,8,65313,0.3636156859970314,Stres Berat,0.39261709904692804,Stres Berat,Pokok Utama,109.23206131323214,-0.43517347708213927,2708,109.23203601,-0.43516023,1.31,0.466,0.466,Healthy,Good
AME II,D005A,D05,2009,68,9,65312,0.437878272552986,Stres Sedang,0.4453624826653121,Stres Sedang,Pokok Utama,109.23210148743034,-0.4352424538193736,2483,109.23208091,-0.43522309,2.02,0.527,0.527,Healthy,Good
AME II,D005A,D05,2009,68,10,65315,0.4140780033676025,Stres Sedang,0.44241670797532395,Stres Sedang,Pokok Utama,109.23216613496727,-0.4352306939337809,2614,109.23217029,-0.4351996,1.63,0.443,0.443,Abnormal,Moderate
AME II,D005A,D05,2009,68,11,65318,0.4236155331118475,Stres Sedang,0.449703788448549,Stres Sedang,Pokok Utama,109.23223648120528,-0.4352479374077174,451,109.23225561,-0.43526202,8.43,0.499,0.499,Healthy,Good
AME II,D005A,D05,2009,68,12,177276,0.41787468019553126,Stres Sedang,0.37469681968239493,Stres Berat,Mati Des25,109.23232748455713,-0.43522407314131284,668,109.23232614,-0.43520054,7.73,0.463,0.463,Healthy,Good
AME II,D005A,D05,2009,68,13,65319,0.4087182526274508,Stres Sedang,0.432839343423307,Stres Sedang,Pokok Utama,109.2324104590958,-0.4352264443128664,1332,109.23238722,-0.43521683,5.57,0.432,0.432,Healthy,Moderate
AME II,D005A,D05,2009,68,14,65320,0.42774637087543066,Stres Sedang,0.4251589889030091,Stres Sedang,Pokok Utama,109.23248518267125,-0.4352129257457156,2575,109.23246942,-0.4351947,1.79,0.43,0.43,Healthy,Moderate
AME II,D005A,D05,2009,68,15,65080,0.4168632306284962,Stres Sedang,0.4335844782711584,Stres Sedang,Pokok Utama,109.2326414739861,-0.43522179721565707,1712,109.23262302,-0.43521327,4.25,0.531,0.531,Healthy,Good
AME II,D005A,D05,2009,68,17,66093,0.4319239864841858,Stres Sedang,0.44214100137560225,Stres Sedang,Pokok Utama,109.23283190024935,-0.4352504662246438,2911,109.23283995,-0.43521875,0.69,0.467,0.467,Abnormal,Good
AME II,D005A,D05,2009,68,18,65052,0.4239951710341728,Stres Sedang,0.46030457156561155,Stres Sedang,Pokok Utama,109.23289119920318,-0.43523125929753814,2250,109.23289969,-0.43520474,2.67,0.483,0.483,Healthy,Good
AME II,D005A,D05,2009,68,20,65049,0.4649667657663289,Stres Sedang,0.47278999632490204,Stres Sedang,Pokok Utama,109.23314510862123,-0.4352385593069575,2293,109.2331449,-0.4352559,2.56,0.435,0.435,Healthy,Moderate
AME II,D005A,D05,2009,68,21,65048,0.4583042175906427,Stres Sedang,0.462073269139332,Stres Sedang,Pokok Utama,109.23320357271602,-0.43524479410720407,2586,109.23322665,-0.43524597,1.74,0.447,0.447,Healthy,Moderate
AME II,D005A,D05,2009,68,22,65037,0.40975677242414843,Stres Sedang,0.42625796504674596,Stres Sedang,Pokok Utama,109.23328449698177,-0.4352075309849071,2110,109.23325181,-0.43520754,3.08,0.495,0.495,Healthy,Good
AME II,D005A,D05,2009,68,23,65038,0.40552272620507696,Stres Sedang,0.4422960333050272,Stres Sedang,Pokok Utama,109.23337215173893,-0.4352153430715891,1139,109.23340136,-0.4352329,6.19,0.472,0.472,Healthy,Good
AME II,D005A,D05,2009,68,24,65034,0.42967901781719986,Stres Sedang,0.45928785403692257,Stres Sedang,Pokok Utama,109.23345439900481,-0.43519806384148,218,109.23346111,-0.43520714,9.42,0.569,0.569,Healthy,Good
AME II,D005A,D05,2009,68,25,65030,0.45836131819715237,Stres Sedang,0.443584062987927,Stres Sedang,Pokok Utama,109.23352028545403,-0.43523682270555814,38,109.23353295,-0.43526819,10.86,0.567,0.567,Healthy,Good
AME II,D005A,D05,2009,69,2,64984,0.42521185991737354,Stres Sedang,0.4257850772252789,Stres Sedang,Pokok Utama,109.23147566714428,-0.4351429358796994,633,109.2314746,-0.43514834,7.84,0.505,0.505,Healthy,Good
AME II,D005A,D05,2009,69,3,64985,0.43491006256064574,Stres Sedang,0.4445546202545549,Stres Sedang,Pokok Utama,109.23153075867286,-0.43515404719031103,185,109.23153298,-0.43515469,9.6,0.576,0.576,Healthy,Good
AME II,D005A,D05,2009,69,4,64234,0.4127434847302407,Stres Sedang,0.4219861774532883,Stres Sedang,Pokok Utama,109.23161011033717,-0.4351180898783564,1698,109.23162281,-0.43514702,4.29,0.409,0.409,Healthy,Sub-Optimal
AME II,D005A,D05,2009,69,5,64988,0.4203237674942675,Stres Sedang,0.4019153616708651,Stres Sedang,Pokok Utama,109.23170058834748,-0.43511291154211595,1659,109.23167941,-0.43510815,4.43,0.417,0.417,Healthy,Sub-Optimal
AME II,D005A,D05,2009,69,6,64989,0.4175326333098499,Stres Sedang,0.4046978111151039,Stres Sedang,Pokok Utama,109.23177112060941,-0.43511729436395424,1525,109.23176788,-0.43512852,4.92,0.494,0.494,Healthy,Good
AME II,D005A,D05,2009,69,7,64991,0.4263800897181328,Stres Sedang,0.4174059249000785,Stres Sedang,Pokok Utama,109.23195888122956,-0.43512662671859986,531,109.23194215,-0.43514167,8.16,0.438,0.438,Healthy,Moderate
AME II,D005A,D05,2009,69,9,177277,0.3788690558330375,Stres Berat,0.4007479055183984,Stres Sedang,Pokok Utama,109.23213203164948,-0.4351342406378971,2513,109.23214021,-0.43514126,1.94,0.486,0.486,Healthy,Good
AME II,D005A,D05,2009,69,10,177278,0.4085916295186676,Stres Sedang,0.3896995641523469,Stres Berat,Pokok Utama,109.23220916689742,-0.4351441198573603,1673,109.23222061,-0.43512727,4.39,0.491,0.491,Healthy,Good
AME II,D005A,D05,2009,69,11,65003,0.36585299933465915,Stres Berat,0.4146435356710428,Stres Sedang,Pokok Utama,109.23229009767421,-0.4351101828631874,1707,109.23229068,-0.43512819,4.27,0.386,0.386,Healthy,Critical
AME II,D005A,D05,2009,69,12,65009,0.4223529232374157,Stres Sedang,0.40465397220231486,Stres Sedang,Pokok Utama,109.23236365716377,-0.4351421226055878,2658,109.23238949,-0.43512369,1.51,0.485,0.485,Healthy,Good
AME II,D005A,D05,2009,69,13,65008,0.4108622009051989,Stres Sedang,0.41211375274762757,Stres Sedang,Pokok Utama,109.23244636917404,-0.43513314166033956,2114,109.23244428,-0.43514134,3.08,0.381,0.381,Healthy,Critical
AME II,D005A,D05,2009,69,14,65010,0.46554378566112503,Stres Sedang,0.45314473575709,Stres Sedang,Pokok Utama,109.23253751100604,-0.4351392858384929,2121,109.23254803,-0.43515312,3.06,0.432,0.432,Healthy,Moderate
AME II,D005A,D05,2009,69,15,65011,0.3812754640672427,Stres Berat,0.4187344964599403,Stres Sedang,Pokok Utama,109.23263378612924,-0.4351092802782752,1398,109.23263877,-0.43508034,5.35,0.464,0.464,Healthy,Good
AME II,D005A,D05,2009,69,16,65017,0.4180521580967894,Stres Sedang,0.43458221487487275,Stres Sedang,Pokok Utama,109.23271661345503,-0.435104274891656,1411,109.23269671,-0.43508849,5.3,0.491,0.491,Healthy,Good
AME II,D005A,D05,2009,69,17,65079,0.45799063394127665,Stres Sedang,0.46520216272450143,Stres Sedang,Pokok Utama,109.23276092536987,-0.4351457750389953,1903,109.23276407,-0.43512287,3.68,0.553,0.553,Healthy,Good
AME II,D005A,D05,2009,69,18,177266,0.4376629879975443,Stres Sedang,0.421407642912747,Stres Sedang,Pokok Utama,109.23285631214443,-0.4351587572231884,2230,109.23284536,-0.43514053,2.72,0.48,0.48,Healthy,Good
AME II,D005A,D05,2009,69,19,64886,0.441471634440843,Stres Sedang,0.44813977616874245,Stres Sedang,Pokok Utama,109.23293270217228,-0.4351159583211802,1754,109.23293789,-0.43508267,4.09,0.505,0.505,Healthy,Good
AME II,D005A,D05,2009,69,21,65050,0.40761950162590527,Stres Sedang,0.4324315963997526,Stres Sedang,Pokok Utama,109.23300002877342,-0.43511989405511603,768,109.23299987,-0.43510936,7.42,0.588,0.588,Healthy,Good
AME II,D005A,D05,2009,69,22,65058,0.4273987804771057,Stres Sedang,0.41928990755972945,Stres Sedang,Pokok Utama,109.23310008933133,-0.43513650523273834,1,109.23308835,-0.43510351,19.96,0.449,0.449,Healthy,Moderate
AME II,D005A,D05,2009,69,25,65020,0.42921575917357424,Stres Sedang,0.4325413577088314,Stres Sedang,Pokok Utama,109.2333139138916,-0.43510887977627005,334,109.23331651,-0.43509949,8.9,0.499,0.499,Healthy,Good
AME II,D005A,D05,2009,69,26,65035,0.4432159595629748,Stres Sedang,0.42090651256634365,Stres Sedang,Pokok Utama,109.23346249639549,-0.43511356063364315,76,109.23349796,-0.43511536,10.33,0.446,0.446,Healthy,Moderate
AME II,D005A,D05,2009,70,2,64981,0.4290609950250615,Stres Sedang,0.4522269412783193,Stres Sedang,Pokok Utama,109.23143124486599,-0.435075881336911,982,109.23144812,-0.43506333,6.7,0.455,0.455,Healthy,Moderate
AME II,D005A,D05,2009,70,3,64980,0.42217910667396574,Stres Sedang,0.4633147060944733,Stres Sedang,Pokok Utama,109.2315327271966,-0.43508626828425534,801,109.23152087,-0.43507058,7.3,0.452,0.452,Healthy,Moderate
AME II,D005A,D05,2009,70,6,64947,0.4353336332736769,Stres Sedang,0.44755281463817315,Stres Sedang,Pokok Utama,109.231902123271,-0.43507439400151027,139,109.23190578,-0.435077,9.85,0.492,0.492,Healthy,Good
AME II,D005A,D05,2009,70,7,64992,0.39784251111453767,Stres Berat,0.42633287528984926,Stres Sedang,Pokok Utama,109.2320022365587,-0.4350635247574156,1268,109.23201314,-0.43503001,5.8,0.463,0.463,Healthy,Good
AME II,D005A,D05,2009,70,9,65047,0.3805405121145674,Stres Berat,0.41336926020716297,Stres Sedang,Pokok Utama,109.23232920922152,-0.4350554962211321,2619,109.23230237,-0.43507438,1.61,0.507,0.507,Abnormal,Good
AME II,D005A,D05,2009,70,10,65006,0.44691925389775833,Stres Sedang,0.4441788038997738,Stres Sedang,Pokok Utama,109.23240217353477,-0.43508838919073056,2049,109.23237647,-0.43507847,3.26,0.513,0.513,Healthy,Good
AME II,D005A,D05,2009,70,11,65007,0.4207943749434313,Stres Sedang,0.4530891946831209,Stres Sedang,Pokok Utama,109.23249142874423,-0.43507790281923536,2172,109.23249101,-0.43507081,2.89,0.556,0.556,Healthy,Good
AME II,D005A,D05,2009,70,13,64887,0.4521510315730052,Stres Sedang,0.42794636738414416,Stres Sedang,Pokok Utama,109.23281989853362,-0.4350708936863834,2506,109.23283325,-0.43506637,1.95,0.445,0.445,Healthy,Moderate
AME II,D005A,D05,2009,70,14,64885,0.4062885797348652,Stres Sedang,0.42385001795522154,Stres Sedang,Pokok Utama,109.232899220489,-0.43506761819193585,2163,109.23288759,-0.43507226,2.92,0.472,0.472,Healthy,Good
AME II,D005A,D05,2009,70,15,65018,0.45524884325252835,Stres Sedang,0.4325965629859498,Stres Sedang,Pokok Utama,109.23313219302669,-0.43505429798136525,131,109.23313148,-0.43502937,9.93,0.446,0.446,Healthy,Moderate
AME II,D005A,D05,2009,70,17,65021,0.41568798253561634,Stres Sedang,0.43707163779684743,Stres Sedang,Pokok Utama,109.23336818465367,-0.4350852878716583,239,109.23339422,-0.43507329,9.33,0.463,0.463,Healthy,Good
AME II,D005A,D05,2009,70,18,65022,0.43645839949993237,Stres Sedang,0.45918283348790523,Stres Sedang,Pokok Utama,109.23344724809988,-0.4350608560327117,519,109.23346833,-0.43505522,8.2,0.457,0.457,Healthy,Moderate
AME II,D005A,D05,2009,71,1,64973,0.43688419950615204,Stres Sedang,0.4650596973242916,Stres Sedang,Pokok Utama,109.23140173528549,-0.4350221824748973,938,109.23141623,-0.43504207,6.86,0.608,0.608,Healthy,Good
AME II,D005A,D05,2009,71,2,64976,0.42835559513570837,Stres Sedang,0.45720262200036654,Stres Sedang,Pokok Utama,109.2314789846946,-0.4349910958555536,775,109.23145442,-0.43499687,7.4,0.483,0.483,Healthy,Good
AME II,D005A,D05,2009,71,3,66091,0.43565553420224823,Stres Sedang,0.40738507248403844,Stres Sedang,Pokok Utama,109.23161199515121,-0.43499453040084285,1273,109.23160982,-0.43498831,5.79,0.491,0.491,Healthy,Good
AME II,D005A,D05,2009,71,5,64950,0.40308567183831384,Stres Sedang,0.4162510846775991,Stres Sedang,Pokok Utama,109.23177343539672,-0.43500320472394016,928,109.23177196,-0.43497298,6.88,0.525,0.525,Healthy,Good
AME II,D005A,D05,2009,71,6,64993,0.29887045914192156,Stres Sangat Berat,0.35001573960599963,Stres Berat,Pokok Utama,109.23194492005685,-0.43500214597250786,2260,109.23197272,-0.43498162,2.65,0.434,0.434,Abnormal,Moderate
AME II,D005A,D05,2009,71,7,64998,0.4161312023529253,Stres Sedang,0.42366897305588663,Stres Sedang,Pokok Utama,109.23213386524613,-0.43499777696401015,69,109.23212723,-0.43498889,10.38,0.507,0.507,Healthy,Good
AME II,D005A,D05,2009,71,9,65000,0.4536921136802243,Stres Sedang,0.48974339812488255,Stres Sedang,Pokok Utama,109.23226496752957,-0.4349727887731716,364,109.23226781,-0.43497626,8.77,0.579,0.579,Healthy,Good
AME II,D005A,D05,2009,71,11,64911,0.4311873452827792,Stres Sedang,0.4683135961768804,Stres Sedang,Pokok Utama,109.23235701186245,-0.4349540999058015,184,109.23236303,-0.43495232,9.6,0.447,0.447,Healthy,Moderate
AME II,D005A,D05,2009,71,12,65005,0.44097128304351935,Stres Sedang,0.4700671971395313,Stres Sedang,Pokok Utama,109.23239548864089,-0.4349841372121513,1220,109.23240928,-0.43498669,5.93,0.488,0.488,Healthy,Good
AME II,D005A,D05,2009,71,13,329219,0.34168830202732536,Stres Berat,0.39085509373877436,Stres Berat,Pokok Utama,109.23251971217617,-0.43501026818251726,1917,109.2325238,-0.4350342,3.64,0.459,0.459,Healthy,Moderate
AME II,D005A,D05,2009,71,14,65012,0.4707593270769976,Stres Sedang,0.4614627613697523,Stres Sedang,Pokok Utama,109.23260023120086,-0.4349826285705898,1652,109.23257861,-0.43498899,4.45,0.486,0.486,Healthy,Good
AME II,D005A,D05,2009,71,16,65016,0.38855903458240154,Stres Berat,0.4331367784458741,Stres Sedang,Pokok Utama,109.23269534759669,-0.4349649804380998,2415,109.23267877,-0.43497455,2.19,0.561,0.561,Abnormal,Good
AME II,D005A,D05,2009,71,17,64889,0.4317828207849118,Stres Sedang,0.41620638510965874,Stres Sedang,Pokok Utama,109.23277995758446,-0.43500652408843365,1948,109.23276544,-0.43503561,3.53,0.479,0.479,Healthy,Good
AME II,D005A,D05,2009,71,18,65045,0.3986460702067398,Stres Berat,0.4151887016899792,Stres Sedang,Pokok Utama,109.23282083170942,-0.4349671644970171,16,109.23281575,-0.43498679,11.38,0.442,0.442,Healthy,Moderate
AME II,D005A,D05,2009,71,20,64884,0.41663308110909836,Stres Sedang,0.42560689245109207,Stres Sedang,Pokok Utama,109.23294865471955,-0.435007210817712,2001,109.23296351,-0.43499768,3.41,0.505,0.505,Healthy,Good
AME II,D005A,D05,2009,71,21,66094,0.4042253485255155,Stres Sedang,0.41480088710251084,Stres Sedang,Pokok Utama,109.2330358896275,-0.4350045570344809,655,109.23306052,-0.43500945,7.76,0.427,0.427,Healthy,Sub-Optimal
AME II,D005A,D05,2009,71,22,64878,0.4246713698953431,Stres Sedang,0.44524108246888644,Stres Sedang,Pokok Utama,109.23305235360066,-0.43495720779264613,1827,109.23303584,-0.43493665,3.9,0.435,0.435,Healthy,Moderate
AME II,D005A,D05,2009,71,23,64877,0.4065381836865032,Stres Sedang,0.42064900914007286,Stres Sedang,Pokok Utama,109.23314434284018,-0.43498175322017024,362,109.2331535,-0.43497195,8.77,0.52,0.52,Healthy,Good
AME II,D005A,D05,2009,71,24,64875,0.39775130467055597,Stres Berat,0.4116240227689858,Stres Sedang,Pokok Utama,109.23322008289868,-0.43495576756256693,14,109.23321144,-0.43495659,11.47,0.48,0.48,Healthy,Good
AME II,D005A,D05,2009,71,25,64874,0.40636005835715233,Stres Sedang,0.4181165221572658,Stres Sedang,Pokok Utama,109.23328805206661,-0.43497468617322643,103,109.23330666,-0.43496023,10.13,0.455,0.455,Healthy,Moderate
AME II,D005A,D05,2009,71,26,64873,0.4615536296439517,Stres Sedang,0.48282906284501265,Stres Sedang,Pokok Utama,109.23337023149824,-0.43496649424461126,752,109.23337897,-0.43498828,7.46,0.439,0.439,Healthy,Moderate
AME II,D005A,D05,2009,71,27,177271,0.44303685475526183,Stres Sedang,0.46121379702913007,Stres Sedang,Pokok Utama,109.2333753305565,-0.4349847081467428,752,109.23337897,-0.43498828,7.46,0.439,0.439,Healthy,Moderate
AME II,D005A,D05,2009,71,28,177272,0.44005656448129105,Stres Sedang,0.4529565471802718,Stres Sedang,Pokok Utama,109.23343807367274,-0.43498986782014976,1317,109.23345128,-0.43499146,5.64,0.505,0.505,Healthy,Good
AME II,D005A,D05,2009,71,29,65023,0.4414748020672282,Stres Sedang,0.47683419448484654,Stres Sedang,Pokok Utama,109.23344696671936,-0.434942680624105,1507,109.23346521,-0.43493585,4.96,0.589,0.589,Healthy,Good
AME II,D005A,D05,2009,71,30,65027,0.39852248686889985,Stres Berat,0.418588890016704,Stres Sedang,Pokok Utama,109.2335421817446,-0.43497550726241063,195,109.23355727,-0.43498922,9.54,0.533,0.533,Healthy,Good
AME II,D005A,D05,2009,72,1,64971,0.4652262772762612,Stres Sedang,0.445888642509312,Stres Sedang,Pokok Utama,109.23137513315233,-0.43495470380071133,1629,109.23136146,-0.43493219,4.57,0.451,0.451,Healthy,Moderate
AME II,D005A,D05,2009,72,2,64977,0.39227814428021357,Stres Berat,0.44358219320461884,Stres Sedang,Pokok Utama,109.23148992832387,-0.4349418110918009,1017,109.23150788,-0.43493267,6.58,0.565,0.565,Healthy,Good
AME II,D005A,D05,2009,72,3,66090,0.390750520925814,Stres Berat,0.39499326903222337,Stres Berat,Pokok Utama,109.23164733453801,-0.4349185914117457,2719,109.23161657,-0.43492049,1.28,0.421,0.421,Abnormal,Sub-Optimal
AME II,D005A,D05,2009,72,4,64952,0.42966395802133023,Stres Sedang,0.43976979764550234,Stres Sedang,Pokok Utama,109.23173239851178,-0.43495119830122336,390,109.23173559,-0.43494132,8.66,0.555,0.555,Healthy,Good
AME II,D005A,D05,2009,72,5,64946,0.36440663130550005,Stres Berat,0.3869134086381496,Stres Berat,Pokok Utama,109.23188417844807,-0.434930020112712,303,109.23190627,-0.43490654,8.99,0.422,0.422,Healthy,Sub-Optimal
AME II,D005A,D05,2009,72,6,64994,0.4294847757244423,Stres Sedang,0.4234732501001694,Stres Sedang,Pokok Utama,109.23207998950579,-0.4349385420481593,278,109.23206122,-0.43492512,9.13,0.472,0.472,Healthy,Good
AME II,D005A,D05,2009,72,9,329214,0.40681004893596906,Stres Sedang,0.4250963906661388,Stres Sedang,Pokok Utama,109.23225720072705,-0.4349111495196868,1737,109.23226962,-0.43491884,4.14,0.487,0.487,Healthy,Good
AME II,D005A,D05,2009,72,13,64890,0.42814151540635126,Stres Sedang,0.44601136603483604,Stres Sedang,Pokok Utama,109.23275053435648,-0.434871002030096,1910,109.23274122,-0.43488911,3.66,0.479,0.479,Healthy,Good
AME II,D005A,D05,2009,72,14,64882,0.42906065596786713,Stres Sedang,0.42818039524747004,Stres Sedang,Pokok Utama,109.23281795661133,-0.43491258521204673,2313,109.23281217,-0.43491038,2.52,0.467,0.467,Abnormal,Good
AME II,D005A,D05,2009,72,17,64870,0.443129655560662,Stres Sedang,0.33920803993157295,Stres Berat,Mati Jan26,109.23316888672295,-0.43487749381491186,50,109.23315578,-0.4348571,10.62,0.413,0.413,Healthy,Sub-Optimal
AME II,D005A,D05,2009,72,20,65024,0.4474414117224341,Stres Sedang,0.44861374116105696,Stres Sedang,Pokok Utama,109.23342764973063,-0.43487803642337086,1621,109.23341582,-0.43487841,4.59,0.541,0.541,Healthy,Good
AME II,D005A,D05,2009,72,21,65025,0.4087584854102605,Stres Sedang,0.3950529146172375,Stres Berat,Pokok Utama,109.23350623612697,-0.4348736473068544,2053,109.23350161,-0.43486171,3.25,0.506,0.506,Abnormal,Good
AME II,D005A,D05,2009,73,3,64968,0.399221496920297,Stres Berat,0.4040631959375776,Stres Sedang,Pokok Utama,109.23144205520872,-0.4348326295954052,1697,109.23145895,-0.4348246,4.29,0.478,0.478,Healthy,Good
AME II,D005A,D05,2009,73,5,66101,0.3910621090548323,Stres Berat,0.39828726861829483,Stres Berat,Pokok Utama,109.23157322402022,-0.4348595793826991,153,109.23156808,-0.43485944,9.79,0.526,0.526,Healthy,Good
AME II,D005A,D05,2009,73,6,64955,0.4390859297874392,Stres Sedang,0.41359011147558855,Stres Sedang,Pokok Utama,109.23167804433582,-0.43483431725385846,921,109.23165522,-0.43482329,6.9,0.474,0.474,Healthy,Good
AME II,D005A,D05,2009,73,7,64954,0.39240198726852515,Stres Berat,0.4066959623106093,Stres Sedang,Pokok Utama,109.2317389032734,-0.434828871828051,412,109.23173607,-0.43480884,8.58,0.538,0.538,Healthy,Good
AME II,D005A,D05,2009,73,8,64941,0.3894069352968367,Stres Berat,0.4019797960337128,Stres Sedang,Pokok Utama,109.23182085076186,-0.4348286000117675,619,109.23181107,-0.43483644,7.88,0.493,0.493,Healthy,Good
AME II,D005A,D05,2009,73,10,64942,0.4499067716832235,Stres Sedang,0.44276682876142454,Stres Sedang,Pokok Utama,109.23191241038974,-0.4347790515426607,366,109.23190989,-0.43479893,8.75,0.556,0.556,Healthy,Good
AME II,D005A,D05,2009,73,12,64924,0.3764927128891009,Stres Berat,0.3895233840338252,Stres Berat,Pokok Utama,109.23210063861453,-0.43480431221636123,377,109.23209943,-0.43478722,8.72,0.461,0.461,Healthy,Good
AME II,D005A,D05,2009,73,13,64926,0.423258602304904,Stres Sedang,0.4264560181099263,Stres Sedang,Pokok Utama,109.23217502422834,-0.43482682098958847,388,109.23216589,-0.43480759,8.66,0.471,0.471,Healthy,Good
AME II,D005A,D05,2009,73,14,64912,0.42564093253347973,Stres Sedang,0.4526601164447002,Stres Sedang,Pokok Utama,109.23232727236528,-0.4347986737748392,1206,109.23230198,-0.43481892,5.97,0.412,0.412,Healthy,Sub-Optimal
AME II,D005A,D05,2009,73,16,64908,0.4276580535800335,Stres Sedang,0.45285582247984635,Stres Sedang,Pokok Utama,109.23250312912826,-0.4348443853946541,344,109.2325234,-0.43482711,8.86,0.456,0.456,Healthy,Moderate
AME II,D005A,D05,2009,73,17,64907,0.41945634935042014,Stres Sedang,0.4299103615180017,Stres Sedang,Pokok Utama,109.23250432957259,-0.43479294419170994,1404,109.23248973,-0.43478098,5.32,0.479,0.479,Healthy,Good
AME II,D005A,D05,2009,73,18,64899,0.4105864170561098,Stres Sedang,0.451717783400306,Stres Sedang,Pokok Utama,109.23259954359727,-0.4347835344317924,2196,109.23259482,-0.43478598,2.82,0.469,0.469,Abnormal,Good
AME II,D005A,D05,2009,73,22,64881,0.43385906330981494,Stres Sedang,0.4454837801886876,Stres Sedang,Pokok Utama,109.23283754622527,-0.4348311521791494,1149,109.23285801,-0.43482855,6.16,0.475,0.475,Healthy,Good
AME II,D005A,D05,2009,73,24,64867,0.4292991878663405,Stres Sedang,0.44628269636275325,Stres Sedang,Pokok Utama,109.23306812482808,-0.4348071051379298,1002,109.23306326,-0.43483447,6.64,0.509,0.509,Healthy,Good
AME II,D005A,D05,2009,73,27,64849,0.4061983807940445,Stres Sedang,0.425991606743625,Stres Sedang,Pokok Utama,109.23337680654309,-0.4347979950704645,2497,109.23337452,-0.43478933,1.98,0.571,0.571,Abnormal,Good
AME II,D005A,D05,2009,73,29,64844,0.4281327986532796,Stres Sedang,0.41583405752326924,Stres Sedang,Pokok Utama,109.23354821065956,-0.434804831096818,617,109.23357079,-0.43478079,7.89,0.469,0.469,Healthy,Good
AME II,D005A,D05,2009,74,1,64967,0.39394646798980226,Stres Berat,0.4375957298455524,Stres Sedang,Pokok Utama,109.23137742796777,-0.43475222031327937,1007,109.23137049,-0.43475088,6.63,0.519,0.519,Healthy,Good
AME II,D005A,D05,2009,74,3,64465,0.39181903608604146,Stres Berat,0.4644884828951096,Stres Sedang,Pokok Utama,109.23152101532675,-0.43470281913733516,36,109.23152815,-0.43468852,10.88,0.567,0.567,Healthy,Good
AME II,D005A,D05,2009,74,4,64789,0.3831947137890353,Stres Berat,0.3719050219517856,Stres Berat,Pokok Utama,109.23160932745421,-0.43471913381789096,891,109.23161392,-0.43472833,6.99,0.423,0.423,Healthy,Sub-Optimal
AME II,D005A,D05,2009,74,5,64957,0.40084947088248896,Stres Sedang,0.42461743920470846,Stres Sedang,Pokok Utama,109.23168440204722,-0.43468449641199974,584,109.23170107,-0.43467635,7.99,0.497,0.497,Healthy,Good
AME II,D005A,D05,2009,74,6,64956,0.36816592742318976,Stres Berat,0.38894541822454376,Stres Berat,Pokok Utama,109.2316905690376,-0.4347347431432803,618,109.23167366,-0.43470619,7.88,0.467,0.467,Healthy,Good
AME II,D005A,D05,2009,74,7,64938,0.4235018719748258,Stres Sedang,0.4277142392665231,Stres Sedang,Pokok Utama,109.23178125454592,-0.434706982544064,449,109.23178954,-0.43470486,8.43,0.514,0.514,Healthy,Good
AME II,D005A,D05,2009,74,9,64933,0.4156580168702831,Stres Sedang,0.40332415859860254,Stres Sedang,Pokok Utama,109.23199147066335,-0.4347068579493588,107,109.23199659,-0.43470446,10.11,0.546,0.546,Healthy,Good
AME II,D005A,D05,2009,74,10,64923,0.39379312744873063,Stres Berat,0.4269833430758365,Stres Sedang,Pokok Utama,109.23208568918692,-0.43470405811230456,522,109.23207025,-0.43470131,8.19,0.488,0.488,Healthy,Good
AME II,D005A,D05,2009,74,12,64902,0.35967181243004454,Stres Berat,0.38920011125786036,Stres Berat,Pokok Utama,109.23240392589724,-0.4347040728108988,272,109.23239947,-0.43470817,9.17,0.419,0.419,Healthy,Sub-Optimal
AME II,D005A,D05,2009,74,13,64900,0.47678355448342047,Stres Sedang,0.43916672802494544,Stres Sedang,Pokok Utama,109.23253918895293,-0.434697950008622,643,109.23252477,-0.43471317,7.8,0.471,0.471,Healthy,Good
AME II,D005A,D05,2009,74,14,64898,0.4265737518590628,Stres Sedang,0.44299399608848566,Stres Sedang,Pokok Utama,109.23259004951365,-0.43469821313149953,281,109.2326155,-0.43469782,9.11,0.472,0.472,Healthy,Good
AME II,D005A,D05,2009,74,16,64861,0.4165974302760169,Stres Sedang,0.43387127972828365,Stres Sedang,Pokok Utama,109.23289847529881,-0.43469459832027496,913,109.23289801,-0.43470919,6.93,0.457,0.457,Healthy,Moderate
AME II,D005A,D05,2009,74,17,64854,0.39135753452238525,Stres Berat,0.41568347403044464,Stres Sedang,Pokok Utama,109.23301655744876,-0.43472105523988186,1818,109.23302466,-0.43470922,3.93,0.504,0.504,Healthy,Good
AME II,D005A,D05,2009,74,18,66065,0.4382490839735815,Stres Sedang,0.41150553150931296,Stres Sedang,Pokok Utama,109.23312964606068,-0.43473561686824785,1826,109.23312526,-0.43475084,3.91,0.472,0.472,Healthy,Good
AME II,D005A,D05,2009,74,19,64851,0.42828290629393423,Stres Sedang,0.41253691816926186,Stres Sedang,Pokok Utama,109.2332291994797,-0.43470108806430524,1622,109.23324608,-0.43473233,4.59,0.377,0.377,Suspect,Critical
AME II,D005A,D05,2009,74,20,64848,0.37589131133152576,Stres Berat,0.3841017242158531,Stres Berat,Pokok Utama,109.23332738323143,-0.43474678045916765,2324,109.233313,-0.43474365,2.49,0.437,0.437,Healthy,Moderate
AME II,D005A,D05,2009,74,21,64847,0.4222937836496594,Stres Sedang,0.4332433055761014,Stres Sedang,Pokok Utama,109.23342666026979,-0.4347259971580682,1302,109.23343203,-0.43471519,5.67,0.416,0.416,Healthy,Sub-Optimal
AME II,D005A,D05,2009,74,22,64845,0.41969051439219246,Stres Sedang,0.44998752215394267,Stres Sedang,Pokok Utama,109.23350737275084,-0.4347459634620843,1552,109.23348816,-0.43473194,4.83,0.507,0.507,Healthy,Good
AME II,D005A,D05,2009,75,1,64966,0.3517139669409923,Stres Berat,0.3698462651072644,Stres Berat,Pokok Utama,109.23134493324605,-0.43465392098855643,922,109.23136647,-0.43466452,6.89,0.462,0.462,Healthy,Good
AME II,D005A,D05,2009,75,2,64959,0.3790431014327116,Stres Berat,0.42793111946978807,Stres Sedang,Pokok Utama,109.23150983004774,-0.4346613338366503,36,109.23152815,-0.43468852,10.88,0.567,0.567,Healthy,Good
AME II,D005A,D05,2009,75,4,64961,0.4042061493004838,Stres Sedang,0.41714843726702844,Stres Sedang,Pokok Utama,109.23171515466001,-0.43465050742242634,584,109.23170107,-0.43467635,7.99,0.497,0.497,Healthy,Good
AME II,D005A,D05,2009,75,5,64939,0.3984209321231286,Stres Berat,0.4193935208897508,Stres Sedang,Pokok Utama,109.23176287003244,-0.4346498657405982,648,109.23177159,-0.43463161,7.78,0.423,0.423,Healthy,Sub-Optimal
AME II,D005A,D05,2009,75,9,64860,0.38789441085517684,Stres Berat,0.42782481790840277,Stres Sedang,Pokok Utama,109.23275295881395,-0.43467241497033343,402,109.23277001,-0.43468113,8.62,0.501,0.501,Healthy,Good
AME II,D005A,D05,2009,75,10,64858,0.41920545488073113,Stres Sedang,0.4307904100112803,Stres Sedang,Pokok Utama,109.232822282951,-0.43466857394839464,308,109.23283783,-0.43465356,8.97,0.449,0.449,Healthy,Moderate
AME II,D005A,D05,2009,75,11,65019,0.3487542745597385,Stres Berat,0.3862019313081892,Stres Berat,Pokok Utama,109.23294119377346,-0.4346422301844996,1322,109.23296359,-0.43465721,5.61,0.401,0.401,Healthy,Sub-Optimal
AME II,D005A,D05,2009,75,12,64842,0.4521032357846048,Stres Sedang,0.44520818502889725,Stres Sedang,Pokok Utama,109.2331349500942,-0.4346676149470895,1893,109.23313336,-0.43466132,3.71,0.533,0.533,Healthy,Good
AME II,D005A,D05,2009,75,14,64840,0.43336345266394666,Stres Sedang,0.4468950226902962,Stres Sedang,Pokok Utama,109.2331987962178,-0.4346360211943364,2522,109.23318367,-0.43463782,1.92,0.444,0.444,Healthy,Moderate
AME II,D005A,D05,2009,75,15,64841,0.41045002027733685,Stres Sedang,0.4283166527011566,Stres Sedang,Pokok Utama,109.23326937119235,-0.4346470404944175,1309,109.23328877,-0.43464553,5.66,0.445,0.445,Healthy,Moderate
AME II,D005A,D05,2009,75,16,177268,0.39194637021663936,Stres Berat,0.3911208051306882,Stres Berat,Pokok Utama,109.2335535187336,-0.43466018599731115,1442,109.23354433,-0.43463428,5.21,0.434,0.434,Healthy,Moderate
AME II,D005A,D05,2009,76,1,64964,0.3855003928169241,Stres Berat,0.3972021089596392,Stres Berat,Pokok Utama,109.23140484485502,-0.4345687578013948,224,109.23140287,-0.43457907,9.41,0.427,0.427,Healthy,Sub-Optimal
AME II,D005A,D05,2009,76,2,64962,0.34148311954283234,Stres Berat,0.4084263282141765,Stres Sedang,Pokok Utama,109.23153366444882,-0.43452548004064473,900,109.23152055,-0.43455242,6.95,0.464,0.464,Healthy,Good
AME II,D005A,D05,2009,76,3,63402,0.3320829514011916,Stres Berat,0.37575987260443316,Stres Berat,Pokok Utama,109.231608916954,-0.4345315436167355,885,109.23163643,-0.43451628,7.01,0.465,0.465,Healthy,Good
AME II,D005A,D05,2009,76,6,64935,0.3729501281803328,Stres Berat,0.40816204019760627,Stres Sedang,Pokok Utama,109.2318927335454,-0.4345733751560919,1456,109.23189646,-0.43459953,5.16,0.439,0.439,Healthy,Moderate
AME II,D005A,D05,2009,76,7,63404,0.3886726623956321,Stres Berat,0.3946896724055778,Stres Berat,Pokok Utama,109.23200181407213,-0.434544317729241,1004,109.23199977,-0.43457017,6.63,0.36,0.36,Suspect,Critical
AME II,D005A,D05,2009,76,8,64918,0.42360920993840856,Stres Sedang,0.44191219436901585,Stres Sedang,Pokok Utama,109.23212777998508,-0.43460310028042504,819,109.23212552,-0.43461586,7.23,0.507,0.507,Healthy,Good
AME II,D005A,D05,2009,76,9,64921,0.4002759195660187,Stres Sedang,0.41524316962022345,Stres Sedang,Pokok Utama,109.23219647896101,-0.434578723346894,2726,109.23219604,-0.43457926,1.25,0.532,0.532,Healthy,Good
AME II,D005A,D05,2009,76,10,63361,0.38304785609310477,Stres Berat,0.4038691461178398,Stres Sedang,Pokok Utama,109.23229752177699,-0.43459207557505214,2333,109.2323155,-0.43461229,2.48,0.444,0.444,Healthy,Moderate
AME II,D005A,D05,2009,76,12,64897,0.40302351989158214,Stres Sedang,0.43989619812480746,Stres Sedang,Pokok Utama,109.23244966911484,-0.43458929603646196,1725,109.23244126,-0.43461006,4.19,0.434,0.434,Healthy,Moderate
AME II,D005A,D05,2009,76,14,64903,0.4250765910972663,Stres Sedang,0.4167548274095593,Stres Sedang,Pokok Utama,109.23254006114527,-0.43458356904280215,2409,109.2325266,-0.43458747,2.21,0.482,0.482,Abnormal,Good
AME II,D005A,D05,2009,76,16,64888,0.36510415996352624,Stres Berat,0.3875383252601258,Stres Berat,Pokok Utama,109.23263424063883,-0.43459591437299977,2384,109.23266538,-0.43459158,2.29,0.395,0.395,Healthy,Sub-Optimal
AME II,D005A,D05,2009,76,17,63385,0.4425781981183441,Stres Sedang,0.41860795802470707,Stres Sedang,Pokok Utama,109.232784650604,-0.434599838921187,79,109.23277497,-0.43459431,10.31,0.47,0.47,Healthy,Good
AME II,D005A,D05,2009,76,19,64863,0.3949118524226578,Stres Berat,0.4126334745114968,Stres Sedang,Pokok Utama,109.23291221218888,-0.4346006743654823,2900,109.2328931,-0.4345758,0.71,0.403,0.403,Abnormal,Sub-Optimal
AME II,D005A,D05,2009,76,20,63400,0.4810135963796168,Stres Sedang,0.44868509389602573,Stres Sedang,Pokok Utama,109.23317927231746,-0.43454817929107453,1989,109.23318863,-0.43455553,3.44,0.463,0.463,Healthy,Good
AME II,D005A,D05,2009,76,21,64838,0.40408458066240893,Stres Sedang,0.43225937078203136,Stres Sedang,Pokok Utama,109.23330390816574,-0.43456185848176443,1329,109.23329417,-0.43459625,5.58,0.439,0.439,Healthy,Moderate
AME II,D005A,D05,2009,76,22,64837,0.3984244850020168,Stres Berat,0.4209731854774334,Stres Sedang,Pokok Utama,109.23343097714914,-0.4345895808861695,84,109.23344328,-0.43459266,10.27,0.524,0.524,Healthy,Good
AME II,D005A,D05,2009,76,23,64835,0.3819500172873066,Stres Berat,0.4158289752256723,Stres Sedang,Pokok Utama,109.2334855915311,-0.43456770205989426,207,109.23349943,-0.4345669,9.46,0.503,0.503,Healthy,Good
AME II,D005A,D05,2009,77,2,329205,0.29837240869826115,Stres Sangat Berat,0.3354131512711813,Stres Berat,Pokok Utama,109.2317580353342,-0.4344935520563994,1651,109.23178376,-0.434472,4.45,0.41,0.41,Healthy,Sub-Optimal
AME II,D005A,D05,2009,77,3,63393,0.43745626176152724,Stres Sedang,0.45463165322669824,Stres Sedang,Pokok Utama,109.23193760681774,-0.43450595475276116,1308,109.23193735,-0.43451725,5.66,0.513,0.513,Healthy,Good
AME II,D005A,D05,2009,77,4,64919,0.42566313129428446,Stres Sedang,0.4209294041114478,Stres Sedang,Pokok Utama,109.23224912496254,-0.43450594976096835,2733,109.23223962,-0.43451235,1.22,0.402,0.402,Healthy,Sub-Optimal
AME II,D005A,D05,2009,77,9,329229,0.41484803117045427,Stres Sedang,0.4082801586367411,Stres Sedang,Pokok Utama,109.23284617901972,-0.43448069415841956,2486,109.23286168,-0.43446592,2.01,0.458,0.458,Healthy,Moderate
AME II,D005A,D05,2009,77,10,63396,0.4022925021443088,Stres Sedang,0.4179609436576268,Stres Sedang,Pokok Utama,109.23289552705641,-0.43452846325336236,1786,109.23288592,-0.43452652,4.0,0.528,0.528,Healthy,Good
AME II,D005A,D05,2009,77,14,64893,0.4074132141429256,Stres Sedang,0.40297459766820626,Stres Sedang,Pokok Utama,109.23333159883585,-0.43450173321554264,904,109.2333373,-0.43452256,6.94,0.486,0.486,Healthy,Good
AME II,D005A,D05,2009,77,15,64834,0.4287657411554818,Stres Sedang,0.4562742279175623,Stres Sedang,Pokok Utama,109.23345736278034,-0.4345000436505088,220,109.23346801,-0.43448596,9.42,0.481,0.481,Healthy,Good
AME II,D005A,D05,2009,78,1,64823,0.3849632393102455,Stres Berat,0.4154833064316451,Stres Sedang,Pokok Utama,109.23140147434681,-0.43444363344107423,867,109.23138763,-0.4344389,7.07,0.492,0.492,Healthy,Good
AME II,D005A,D05,2009,78,2,63387,0.39581266920336544,Stres Berat,0.4275923399110868,Stres Sedang,Pokok Utama,109.23148586677613,-0.43445886488278773,1180,109.23147565,-0.43445836,6.05,0.483,0.483,Healthy,Good
AME II,D005A,D05,2009,78,3,63391,0.3546537624474162,Stres Berat,0.4117470189740619,Stres Sedang,Pokok Utama,109.23159431205077,-0.43446446808679656,563,109.23158929,-0.43443578,8.08,0.445,0.445,Healthy,Moderate
AME II,D005A,D05,2009,78,4,64979,0.385029230577675,Stres Berat,0.4161204235229027,Stres Sedang,Pokok Utama,109.23188709009618,-0.43445499640413593,1575,109.23185967,-0.43444715,4.76,0.521,0.521,Healthy,Good
AME II,D005A,D05,2009,78,6,63383,0.448009787438667,Stres Sedang,0.45030999690771983,Stres Sedang,Pokok Utama,109.23202137752946,-0.43441907628989634,142,109.23203439,-0.43441102,9.82,0.512,0.512,Healthy,Good
AME II,D005A,D05,2009,78,7,63367,0.40788373240929704,Stres Sedang,0.4313999460095458,Stres Sedang,Pokok Utama,109.2321262535194,-0.4344335725292269,85,109.23210131,-0.43442324,10.25,0.489,0.489,Healthy,Good
AME II,D005A,D05,2009,78,10,63376,0.42544904773481645,Stres Sedang,0.4511870807836349,Stres Sedang,Pokok Utama,109.23236445025341,-0.43444863057101274,1633,109.23237123,-0.4344423,4.54,0.475,0.475,Healthy,Good
AME II,D005A,D05,2009,78,11,63377,0.41735505429440983,Stres Sedang,0.4228724102461463,Stres Sedang,Pokok Utama,109.23241670585341,-0.43441105876226555,453,109.23242064,-0.43444321,8.42,0.489,0.489,Healthy,Good
AME II,D005A,D05,2009,78,12,63373,0.4185132303284606,Stres Sedang,0.4495592412387537,Stres Sedang,Pokok Utama,109.23258963728506,-0.434415441554972,2212,109.23258862,-0.43443421,2.77,0.493,0.493,Healthy,Good
AME II,D005A,D05,2009,78,13,63390,0.40629683030497304,Stres Sedang,0.42973377159595194,Stres Sedang,Pokok Utama,109.23287921542138,-0.4344366423024564,2486,109.23286168,-0.43446592,2.01,0.458,0.458,Healthy,Moderate
AME II,D005A,D05,2009,78,14,63372,0.3865015678775046,Stres Berat,0.4070087256435253,Stres Sedang,Pokok Utama,109.23299572509795,-0.4344362855796052,1874,109.23296813,-0.43444334,3.78,0.408,0.408,Healthy,Sub-Optimal
AME II,D005A,D05,2009,78,15,63384,0.40214438543388925,Stres Sedang,0.4381142730805666,Stres Sedang,Pokok Utama,109.23311559621551,-0.4344561881351766,2552,109.23310826,-0.43446463,1.85,0.522,0.522,Healthy,Good
AME II,D005A,D05,2009,78,16,64833,0.3840983619596738,Stres Berat,0.38912586099561447,Stres Berat,Pokok Utama,109.23350284875028,-0.4344659278783183,225,109.23350574,-0.43447105,9.4,0.434,0.434,Healthy,Moderate
AME II,D005A,D05,2009,79,1,64659,0.39100664572311883,Stres Berat,0.3970171811731467,Stres Berat,Pokok Utama,109.23135220740555,-0.4343851316213642,203,109.23134318,-0.4343783,9.52,0.466,0.466,Healthy,Good
AME II,D005A,D05,2009,79,2,63369,0.36485426934801757,Stres Berat,0.4143563140462106,Stres Sedang,Pokok Utama,109.23144404112227,-0.43438904409208445,1366,109.23143884,-0.4343833,5.45,0.47,0.47,Healthy,Good
AME II,D005A,D05,2009,79,3,63371,0.3802652467469968,Stres Berat,0.41887746679079907,Stres Sedang,Pokok Utama,109.23155325760219,-0.4344017360472838,720,109.23156235,-0.43439825,7.6,0.506,0.506,Healthy,Good
AME II,D005A,D05,2009,79,4,63379,0.350185813902668,Stres Berat,0.3504977787650979,Stres Berat,Pokok Utama,109.23176050286,-0.43440436710904967,1221,109.23175818,-0.43437976,5.93,0.414,0.414,Healthy,Sub-Optimal
AME II,D005A,D05,2009,79,5,63365,0.41864520377882275,Stres Sedang,0.45132667130804166,Stres Sedang,Pokok Utama,109.2319744345504,-0.4343839087913329,295,109.23196838,-0.43436262,9.05,0.491,0.491,Healthy,Good
AME II,D005A,D05,2009,79,6,63368,0.4356170393498039,Stres Sedang,0.4413281378002814,Stres Sedang,Pokok Utama,109.23207915415945,-0.4343868413374058,64,109.2320838,-0.43439159,10.42,0.474,0.474,Healthy,Good
AME II,D005A,D05,2009,79,7,63363,0.3959711799683997,Stres Berat,0.43949960724701664,Stres Sedang,Pokok Utama,109.23215209121605,-0.43438049187012645,9,109.23215117,-0.43438573,11.93,0.556,0.556,Healthy,Good
AME II,D005A,D05,2009,79,8,63358,0.44792465273156223,Stres Sedang,0.48287774722639387,Stres Sedang,Pokok Utama,109.2322227809514,-0.43438486799645937,13,109.23223786,-0.43435229,11.51,0.469,0.469,Healthy,Good
AME II,D005A,D05,2009,79,9,64814,0.4096721341669331,Stres Sedang,0.44436546142485883,Stres Sedang,Pokok Utama,109.23232404952192,-0.4343691930117918,2588,109.23235778,-0.43436724,1.73,0.454,0.454,Abnormal,Moderate
AME II,D005A,D05,2009,79,11,63357,0.4100517623857515,Stres Sedang,0.4289200797465611,Stres Sedang,Pokok Utama,109.23250148800292,-0.434356896412854,2003,109.23249926,-0.43434421,3.4,0.477,0.477,Healthy,Good
AME II,D005A,D05,2009,79,12,63359,0.4115154286519739,Stres Sedang,0.4384628153023951,Stres Sedang,Pokok Utama,109.23258060633957,-0.43436724198644305,2170,109.23257112,-0.4343587,2.9,0.554,0.554,Healthy,Good
AME II,D005A,D05,2009,79,14,63375,0.3677119914844869,Stres Berat,0.37174826380606785,Stres Berat,Pokok Utama,109.23282391502808,-0.43438884583737497,1499,109.2328123,-0.43437548,4.99,0.428,0.428,Healthy,Sub-Optimal
AME II,D005A,D05,2009,79,15,63364,0.41907543594631713,Stres Sedang,0.4359522526167087,Stres Sedang,Pokok Utama,109.23290460945941,-0.43439571324938275,2268,109.23289674,-0.43437912,2.63,0.509,0.509,Healthy,Good
AME II,D005A,D05,2009,79,16,66088,0.4163569655854583,Stres Sedang,0.43460723670333506,Stres Sedang,Pokok Utama,109.23298293908711,-0.4343877028160989,2338,109.23296725,-0.43436602,2.47,0.493,0.493,Healthy,Good
AME II,D005A,D05,2009,79,17,63362,0.4272099733800755,Stres Sedang,0.4499521968433087,Stres Sedang,Pokok Utama,109.23307723650507,-0.43439968497962245,2150,109.23308402,-0.43438776,2.97,0.522,0.522,Healthy,Good
AME II,D005A,D05,2009,79,18,63370,0.3902834050336929,Stres Berat,0.4265900146504838,Stres Sedang,Pokok Utama,109.23315578563563,-0.43440242824908726,1753,109.23316127,-0.4343941,4.1,0.424,0.424,Healthy,Sub-Optimal
AME II,D005A,D05,2009,79,19,64839,0.4313314207829535,Stres Sedang,0.43751325621994325,Stres Sedang,Pokok Utama,109.23323473164146,-0.434418775916723,540,109.23322864,-0.43440768,8.13,0.497,0.497,Healthy,Good
AME II,D005A,D05,2009,79,20,64830,0.3826316866549876,Stres Berat,0.42559348142323455,Stres Sedang,Pokok Utama,109.23342713465392,-0.4344311338262764,1197,109.23339571,-0.43444163,5.99,0.397,0.397,Healthy,Sub-Optimal
AME II,D005A,D05,2009,79,21,64832,0.44849726966463177,Stres Sedang,0.4028890541190347,Stres Sedang,Pokok Utama,109.23355396569457,-0.43440442768550547,398,109.23355966,-0.43438968,8.63,0.483,0.483,Healthy,Good
AME II,D005A,D05,2009,80,2,64798,0.3658001542833167,Stres Berat,0.34552778154565583,Stres Berat,Pokok Utama,109.23165267472945,-0.43432100356687503,730,109.23166567,-0.43433497,7.54,0.345,0.345,Suspect,Critical
AME II,D005A,D05,2009,80,3,64807,0.3253432524150424,Stres Berat,0.35700393384742973,Stres Berat,Pokok Utama,109.23180525690343,-0.4343191262510751,851,109.23180445,-0.43432777,7.13,0.393,0.393,Healthy,Sub-Optimal
AME II,D005A,D05,2009,80,6,64821,0.4184878738326569,Stres Sedang,0.4511922756695902,Stres Sedang,Pokok Utama,109.23263701348426,-0.43431383315536665,1407,109.23262323,-0.43430536,5.32,0.656,0.656,Healthy,Good
AME II,D005A,D05,2009,80,7,64738,0.4325897971457815,Stres Sedang,0.4392596914475812,Stres Sedang,Pokok Utama,109.23273959068774,-0.4342945191530714,1117,109.2327427,-0.43429724,6.25,0.485,0.485,Healthy,Good
AME II,D005A,D05,2009,80,8,64737,0.44725260127920347,Stres Sedang,0.4253074950235414,Stres Sedang,Pokok Utama,109.23280331368682,-0.43429082344321773,1321,109.2328231,-0.43427963,5.62,0.513,0.513,Healthy,Good
AME II,D005A,D05,2009,80,10,66087,0.4183175080654627,Stres Sedang,0.42497753420789974,Stres Sedang,Pokok Utama,109.23295075175758,-0.4343236507756095,1974,109.23295604,-0.4343086,3.48,0.459,0.459,Healthy,Moderate
AME II,D005A,D05,2009,80,11,64652,0.468764514204185,Stres Sedang,0.452038385079848,Stres Sedang,Pokok Utama,109.23301308783687,-0.43428800855816374,2551,109.23300545,-0.43426611,1.85,0.511,0.511,Healthy,Good
AME II,D005A,D05,2009,80,14,64727,0.4413006118717188,Stres Sedang,0.41945176496342224,Stres Sedang,Pokok Utama,109.23321457028219,-0.43428032838446745,737,109.23322013,-0.4343159,7.52,0.402,0.402,Healthy,Sub-Optimal
AME II,D005A,D05,2009,80,15,64728,0.4359675199608573,Stres Sedang,0.460416726673822,Stres Sedang,Pokok Utama,109.2332497415707,-0.4342961277757044,737,109.23322013,-0.4343159,7.52,0.402,0.402,Healthy,Sub-Optimal
AME II,D005A,D05,2009,80,17,329239,0.3614394452845838,Stres Berat,0.3893544291364558,Stres Berat,Pokok Utama,109.23331663133787,-0.43432500392835033,2093,109.23334499,-0.43432406,3.15,0.388,0.388,Healthy,Critical
AME II,D005A,D05,2009,80,18,64828,0.3659988037617923,Stres Berat,0.4008013403992262,Stres Sedang,Pokok Utama,109.23342394053344,-0.4343247793077274,257,109.23344289,-0.43433268,9.26,0.447,0.447,Healthy,Moderate
AME II,D005A,D05,2009,81,1,64790,0.4330940609708604,Stres Sedang,0.4362920346011856,Stres Sedang,Pokok Utama,109.23143574767103,-0.43425335149596883,144,109.23145504,-0.43424449,9.82,0.519,0.519,Healthy,Good
AME II,D005A,D05,2009,81,2,64792,0.35189870575862553,Stres Berat,0.38991069468902784,Stres Berat,Pokok Utama,109.23152938389167,-0.4342812667055093,376,109.23154172,-0.43428159,8.72,0.496,0.496,Healthy,Good
AME II,D005A,D05,2009,81,3,64797,0.3610558276988368,Stres Berat,0.3919592575965047,Stres Berat,Pokok Utama,109.2316826258067,-0.4342673573283354,667,109.23168815,-0.43424138,7.73,0.394,0.394,Healthy,Sub-Optimal
AME II,D005A,D05,2009,81,4,64809,0.42478591322605647,Stres Sedang,0.3967365962723719,Stres Berat,Pokok Utama,109.23190347282622,-0.43425463514322316,140,109.23191361,-0.43423917,9.85,0.461,0.461,Healthy,Good
AME II,D005A,D05,2009,81,5,64779,0.4106345927588032,Stres Sedang,0.3983256329951534,Stres Berat,Pokok Utama,109.23222741641769,-0.4342437056087837,158,109.23223654,-0.43424784,9.77,0.467,0.467,Healthy,Good
AME II,D005A,D05,2009,81,6,64775,0.41492899788895343,Stres Sedang,0.4388158947790652,Stres Sedang,Pokok Utama,109.23242325018751,-0.4342627338692947,415,109.23243775,-0.4342393,8.57,0.529,0.529,Healthy,Good
AME II,D005A,D05,2009,81,8,64822,0.4338065196746472,Stres Sedang,0.4704635476494867,Stres Sedang,Pokok Utama,109.23265329930184,-0.43425569720806456,1467,109.23264121,-0.43422216,5.12,0.482,0.482,Healthy,Good
AME II,D005A,D05,2009,81,9,64739,0.44785353396116445,Stres Sedang,0.45622895053517803,Stres Sedang,Pokok Utama,109.23275041502943,-0.4342383468818004,1798,109.23273598,-0.43421721,3.98,0.523,0.523,Abnormal,Good
AME II,D005A,D05,2009,81,10,64735,0.41154791557703885,Stres Sedang,0.3953849090867613,Stres Berat,Pokok Utama,109.23290489445624,-0.43422492411990254,2224,109.2329107,-0.43420957,2.74,0.467,0.467,Healthy,Good
AME II,D005A,D05,2009,81,11,64730,0.4157115174727897,Stres Sedang,0.42909806562229375,Stres Sedang,Pokok Utama,109.23313072960923,-0.4342255165919178,1468,109.23312224,-0.43422363,5.11,0.492,0.492,Healthy,Good
AME II,D005A,D05,2009,81,12,329240,0.40155329810145257,Stres Sedang,0.41264992844727305,Stres Sedang,Pokok Utama,109.23327846170645,-0.4342426018596652,2362,109.23329066,-0.4342187,2.37,0.433,0.433,Healthy,Moderate
AME II,D005A,D05,2009,81,14,64826,0.46987868139382033,Stres Sedang,0.4472585892787686,Stres Sedang,Pokok Utama,109.2334672498718,-0.43424340587298116,138,109.23346358,-0.43422824,9.86,0.516,0.516,Healthy,Good
AME II,D005A,D05,2009,82,1,64784,0.39858942601065944,Stres Berat,0.3880861882406755,Stres Berat,Pokok Utama,109.23140119262622,-0.4341674693319552,463,109.23140251,-0.43418389,8.4,0.499,0.499,Healthy,Good
AME II,D005A,D05,2009,82,2,64791,0.3172134997925671,Stres Berat,0.3076737697685358,Stres Berat,Mati Jan26,109.2315562541148,-0.4341961734566263,2972,109.23154444,-0.43417669,0.53,0.36,0.36,Abnormal,Critical
AME II,D005A,D05,2009,82,3,64796,0.4364193608951673,Stres Sedang,0.433994027343837,Stres Sedang,Pokok Utama,109.23173255574355,-0.4341656841424052,270,109.23173038,-0.43417176,9.19,0.441,0.441,Healthy,Moderate
AME II,D005A,D05,2009,82,4,64805,0.4387962307551654,Stres Sedang,0.45627706383071315,Stres Sedang,Pokok Utama,109.23190158669873,-0.43419003352648,17,109.23188757,-0.43419169,11.35,0.464,0.464,Healthy,Good
AME II,D005A,D05,2009,82,5,64782,0.4335448545245283,Stres Sedang,0.42244758598959886,Stres Sedang,Pokok Utama,109.23204242570844,-0.43420786654083887,259,109.23205913,-0.43423424,9.26,0.468,0.468,Healthy,Good
AME II,D005A,D05,2009,82,7,64812,0.37827220568912834,Stres Berat,0.39754961075754797,Stres Berat,Pokok Utama,109.23227863953969,-0.43418621119608924,2032,109.23230392,-0.43417868,3.32,0.525,0.525,Healthy,Good
AME II,D005A,D05,2009,82,8,64776,0.4058953880872241,Stres Sedang,0.4290063680599308,Stres Sedang,Pokok Utama,109.23234513248882,-0.4342169362361081,1717,109.23234164,-0.43420853,4.23,0.562,0.562,Healthy,Good
AME II,D005A,D05,2009,82,9,64773,0.4293541025503041,Stres Sedang,0.4356126954277614,Stres Sedang,Pokok Utama,109.23251552586575,-0.4342129306734783,1109,109.23252084,-0.43423027,6.26,0.476,0.476,Healthy,Good
AME II,D005A,D05,2009,82,11,64651,0.44593343365433835,Stres Sedang,0.4200191394198489,Stres Sedang,Pokok Utama,109.23279568816892,-0.4341772061960105,1601,109.23280516,-0.43418106,4.67,0.471,0.471,Healthy,Good
AME II,D005A,D05,2009,82,12,64734,0.4268742254076837,Stres Sedang,0.4621634338871907,Stres Sedang,Pokok Utama,109.23295047974668,-0.43417496455133675,1926,109.23295023,-0.4341716,3.6,0.475,0.475,Healthy,Good
AME II,D005A,D05,2009,82,13,64732,0.41304334099660456,Stres Sedang,0.43145994596075254,Stres Sedang,Pokok Utama,109.23302487757003,-0.4341625407024006,1557,109.23303916,-0.43416438,4.82,0.377,0.377,Suspect,Critical
AME II,D005A,D05,2009,82,17,64824,0.4527666780209124,Stres Sedang,0.4584791817793298,Stres Sedang,Pokok Utama,109.2335065319073,-0.43414291081000306,28,109.23350716,-0.43416404,11.09,0.497,0.497,Healthy,Good
AME II,D005A,D05,2009,83,1,64785,0.34918009938319655,Stres Berat,0.3836405289773408,Stres Berat,Pokok Utama,109.23135129654136,-0.43410524934783395,724,109.23133696,-0.43409616,7.57,0.41,0.41,Healthy,Sub-Optimal
AME II,D005A,D05,2009,83,2,64786,0.38813565349631,Stres Berat,0.41070359952660385,Stres Sedang,Pokok Utama,109.23145648973542,-0.4340995355077202,111,109.23146676,-0.4340781,10.09,0.508,0.508,Healthy,Good
AME II,D005A,D05,2009,83,3,64794,0.34277261473429926,Stres Berat,0.3759076610764224,Stres Berat,Pokok Utama,109.23166381283656,-0.4340927239971263,104,109.23164507,-0.43408267,10.13,0.413,0.413,Healthy,Sub-Optimal
AME II,D005A,D05,2009,83,4,64801,0.39407440868959037,Stres Berat,0.4108652734704912,Stres Sedang,Pokok Utama,109.23179511834576,-0.4341404860060354,350,109.23178877,-0.43415369,8.84,0.418,0.418,Healthy,Sub-Optimal
AME II,D005A,D05,2009,83,5,64783,0.40960051465989333,Stres Sedang,0.4279699168033647,Stres Sedang,Pokok Utama,109.23194637558002,-0.4341359266187564,1160,109.23193654,-0.43414378,6.14,0.488,0.488,Healthy,Good
AME II,D005A,D05,2009,83,6,64325,0.4309059265260822,Stres Sedang,0.41990579733255284,Stres Sedang,Pokok Utama,109.23200113567499,-0.4341187196743705,1918,109.23200841,-0.43410536,3.64,0.496,0.496,Healthy,Good
AME II,D005A,D05,2009,83,7,64781,0.4153166517635703,Stres Sedang,0.40788640523569125,Stres Sedang,Pokok Utama,109.23213759911572,-0.4341527650813599,837,109.23212247,-0.43418271,7.17,0.385,0.385,Healthy,Critical
AME II,D005A,D05,2009,83,10,64650,0.4093654286615375,Stres Sedang,0.4394433273737321,Stres Sedang,Pokok Utama,109.23234558962983,-0.43413614362907854,2023,109.23235738,-0.43413845,3.35,0.485,0.485,Healthy,Good
AME II,D005A,D05,2009,83,11,64774,0.4499343029451435,Stres Sedang,0.4421400523506225,Stres Sedang,Pokok Utama,109.23247948886387,-0.43413943436335695,1328,109.23245619,-0.43415927,5.59,0.488,0.488,Healthy,Good
AME II,D005A,D05,2009,83,12,64770,0.41224463128063776,Stres Sedang,0.4295902002280877,Stres Sedang,Pokok Utama,109.23251642491059,-0.43409537281340677,1762,109.2325065,-0.4340996,4.06,0.446,0.446,Healthy,Moderate
AME II,D005A,D05,2009,83,14,64601,0.420758255603574,Stres Sedang,0.44519466135940977,Stres Sedang,Pokok Utama,109.23266163912885,-0.43411048761783944,182,109.23267717,-0.43410823,9.61,0.525,0.525,Healthy,Good
AME II,D005A,D05,2009,83,15,64741,0.4302669150345364,Stres Sedang,0.42122773810504544,Stres Sedang,Pokok Utama,109.23275043967516,-0.43413307142922575,499,109.23274005,-0.43411729,8.27,0.469,0.469,Healthy,Good
AME II,D005A,D05,2009,83,17,64740,0.4361965024733391,Stres Sedang,0.43757658019285006,Stres Sedang,Pokok Utama,109.23285806082637,-0.4341405087488728,2394,109.23284334,-0.43415484,2.24,0.499,0.499,Healthy,Good
AME II,D005A,D05,2009,83,18,64719,0.40823887897238054,Stres Sedang,0.4238426211975179,Stres Sedang,Pokok Utama,109.23291979496213,-0.4341148400578925,2120,109.23291745,-0.43412411,3.07,0.494,0.494,Healthy,Good
AME II,D005A,D05,2009,83,19,64722,0.45700997985012715,Stres Sedang,0.4605719494429515,Stres Sedang,Pokok Utama,109.23314970816256,-0.43411611334191264,1634,109.23314067,-0.43412552,4.54,0.46,0.46,Healthy,Good
AME II,D005A,D05,2009,84,1,64633,0.4430246222110694,Stres Sedang,0.43593554287532404,Stres Sedang,Pokok Utama,109.23140974870964,-0.43401946578898215,92,109.2314304,-0.43399038,10.21,0.477,0.477,Healthy,Good
AME II,D005A,D05,2009,84,2,64636,0.39642500835433947,Stres Berat,0.3898276702775272,Stres Berat,Pokok Utama,109.23157751939502,-0.43402737861745616,639,109.23157276,-0.43404829,7.81,0.445,0.445,Healthy,Moderate
AME II,D005A,D05,2009,84,4,64641,0.40745997727651917,Stres Sedang,0.41465814418071,Stres Sedang,Pokok Utama,109.23181176662932,-0.43402178211273096,1086,109.23182339,-0.43401805,6.35,0.53,0.53,Healthy,Good
AME II,D005A,D05,2009,84,6,64803,0.42938174645693716,Stres Sedang,0.4239992532454976,Stres Sedang,Pokok Utama,109.23198139423835,-0.4340602944781726,2453,109.23198238,-0.43403572,2.11,0.467,0.467,Abnormal,Good
AME II,D005A,D05,2009,84,8,64763,0.3892889820467936,Stres Berat,0.43186692623453177,Stres Sedang,Pokok Utama,109.23222841348823,-0.43404559612923627,2582,109.23223344,-0.43405523,1.76,0.479,0.479,Healthy,Good
AME II,D005A,D05,2009,84,9,64762,0.4046090610661683,Stres Sedang,0.43467635808904403,Stres Sedang,Pokok Utama,109.23230113394975,-0.4340661910828092,2531,109.23229721,-0.43407966,1.9,0.49,0.49,Healthy,Good
AME II,D005A,D05,2009,84,11,64766,0.4363379947615022,Stres Sedang,0.41296622785287573,Stres Sedang,Pokok Utama,109.23243724349511,-0.43408054130338997,1979,109.23242656,-0.43408692,3.46,0.428,0.428,Abnormal,Sub-Optimal
AME II,D005A,D05,2009,84,12,64769,0.42620129521357414,Stres Sedang,0.4254193378935763,Stres Sedang,Pokok Utama,109.23254179169868,-0.4340282261568568,2074,109.23255279,-0.43399471,3.2,0.446,0.446,Abnormal,Moderate
AME II,D005A,D05,2009,84,16,64718,0.44063449565544544,Stres Sedang,0.42244214397538343,Stres Sedang,Pokok Utama,109.2328955486425,-0.43407253052968986,2751,109.23289681,-0.43407618,1.18,0.44,0.44,Healthy,Moderate
AME II,D005A,D05,2009,84,17,64682,0.43096264469088086,Stres Sedang,0.45039736036905215,Stres Sedang,Pokok Utama,109.23297523632745,-0.4340318950133022,2143,109.23298575,-0.43400657,3.0,0.491,0.491,Abnormal,Good
AME II,D005A,D05,2009,84,19,64721,0.41828042838671436,Stres Sedang,0.4387353735229195,Stres Sedang,Pokok Utama,109.2330713037433,-0.434077398991374,611,109.2330841,-0.43406176,7.9,0.505,0.505,Healthy,Good
AME II,D005A,D05,2009,84,21,64691,0.43717125919819794,Stres Sedang,0.4284192981692719,Stres Sedang,Pokok Utama,109.23326058306154,-0.43400814933149934,1594,109.23327814,-0.43400845,4.7,0.478,0.478,Healthy,Good
AME II,D005A,D05,2009,84,23,64693,0.38755879994377923,Stres Berat,0.42090396238218286,Stres Sedang,Pokok Utama,109.23337514677988,-0.4340650036101473,212,109.23335403,-0.43403605,9.44,0.396,0.396,Healthy,Sub-Optimal
AME II,D005A,D05,2009,84,24,64681,0.4054221383151262,Stres Sedang,0.440231284039256,Stres Sedang,Pokok Utama,109.23348197135302,-0.43398740004369196,2776,109.23347172,-0.43400442,1.11,0.469,0.469,Healthy,Good
AME II,D005A,D05,2009,85,2,64634,0.4361845047382584,Stres Sedang,0.44493154212556163,Stres Sedang,Pokok Utama,109.23143580296666,-0.43399372922348106,92,109.2314304,-0.43399038,10.21,0.477,0.477,Healthy,Good
AME II,D005A,D05,2009,85,3,64639,0.40444446746014845,Stres Sedang,0.387178294448075,Stres Berat,Pokok Utama,109.23161446062893,-0.4339785020771096,90,109.23160736,-0.43397414,10.23,0.432,0.432,Healthy,Moderate
AME II,D005A,D05,2009,85,4,64638,0.3843266800429303,Stres Berat,0.3842597910015164,Stres Berat,Pokok Utama,109.23167727631677,-0.4339378512268192,2509,109.23169315,-0.43394387,1.95,0.389,0.389,Abnormal,Critical
AME II,D005A,D05,2009,85,5,64640,0.4061257230915611,Stres Sedang,0.4085027364446765,Stres Sedang,Pokok Utama,109.23172901562803,-0.43394161348421145,2938,109.23175559,-0.43392851,0.61,0.447,0.447,Abnormal,Moderate
AME II,D005A,D05,2009,85,6,64632,0.37506753696578227,Stres Berat,0.3862297468592714,Stres Berat,Pokok Utama,109.23174878673774,-0.4339762705371988,2609,109.2317686,-0.43397011,1.66,0.437,0.437,Abnormal,Moderate
AME II,D005A,D05,2009,85,7,64644,0.45353885605800714,Stres Sedang,0.4494564929034239,Stres Sedang,Pokok Utama,109.23184563824786,-0.4339410652454612,384,109.23186562,-0.43395928,8.67,0.477,0.477,Healthy,Good
AME II,D005A,D05,2009,85,9,64653,0.4291516919339234,Stres Sedang,0.430144098767386,Stres Sedang,Pokok Utama,109.23195991252267,-0.43398110739240225,1564,109.23197117,-0.4339584,4.8,0.494,0.494,Healthy,Good
AME II,D005A,D05,2009,85,10,64323,0.41374184192450036,Stres Sedang,0.40783963911292803,Stres Sedang,Pokok Utama,109.23202767519345,-0.43397714181542946,1376,109.23203809,-0.43395073,5.41,0.477,0.477,Healthy,Good
AME II,D005A,D05,2009,85,11,64658,0.3975822017762476,Stres Berat,0.4081994058319553,Stres Sedang,Pokok Utama,109.2321152872244,-0.43395676537581035,1631,109.23210367,-0.43393718,4.55,0.404,0.404,Healthy,Sub-Optimal
AME II,D005A,D05,2009,85,13,64764,0.3034039453067683,Stres Berat,0.33201538706503214,Stres Berat,Mati Jan26,109.23226844250789,-0.43397069160672597,2633,109.23225681,-0.43398334,1.57,0.408,0.408,Healthy,Sub-Optimal
AME II,D005A,D05,2009,85,15,64760,0.4546491465208271,Stres Sedang,0.46003997883827624,Stres Sedang,Pokok Utama,109.23239037463334,-0.43394325529607375,1433,109.2323691,-0.43394132,5.23,0.466,0.466,Healthy,Good
AME II,D005A,D05,2009,85,17,64768,0.4440874857494405,Stres Sedang,0.4267737442658028,Stres Sedang,Pokok Utama,109.23247881762344,-0.43399638827177967,1409,109.23247958,-0.43397254,5.31,0.53,0.53,Healthy,Good
AME II,D005A,D05,2009,85,18,64647,0.4254650792340008,Stres Sedang,0.4398404224502827,Stres Sedang,Pokok Utama,109.2325432412378,-0.4339689874117084,1773,109.23255459,-0.43395266,4.03,0.456,0.456,Healthy,Moderate
AME II,D005A,D05,2009,85,19,64646,0.39992131700439365,Stres Berat,0.44138526453546273,Stres Sedang,Pokok Utama,109.232654401006,-0.4339808189518974,1243,109.23265564,-0.43398117,5.86,0.467,0.467,Healthy,Good
AME II,D005A,D05,2009,85,21,64714,0.4400943475203556,Stres Sedang,0.46535302488102287,Stres Sedang,Pokok Utama,109.23290709549059,-0.43397021165955946,5,109.23290671,-0.43395591,13.02,0.502,0.502,Healthy,Good
AME II,D005A,D05,2009,85,25,64690,0.42366406487275476,Stres Sedang,0.4238899737688494,Stres Sedang,Pokok Utama,109.23327738438596,-0.4339041322993455,2066,109.2332858,-0.43390491,3.23,0.532,0.532,Abnormal,Good
AME II,D005A,D05,2009,86,1,66082,0.39658519667259773,Stres Berat,0.4147787943270709,Stres Sedang,Pokok Utama,109.23136404418568,-0.4338056372445281,940,109.23133837,-0.43381131,6.85,0.392,0.392,Healthy,Sub-Optimal
AME II,D005A,D05,2009,86,2,63355,0.3767697123468739,Stres Berat,0.4081201884165204,Stres Sedang,Pokok Utama,109.23144083512199,-0.4338386139809989,621,109.23144031,-0.43385293,7.87,0.41,0.41,Healthy,Sub-Optimal
AME II,D005A,D05,2009,86,3,175368,0.4451046351624932,Stres Sedang,0.4412253504833126,Stres Sedang,Pokok Utama,109.23148536296985,-0.43386777809386773,197,109.2314969,-0.43389228,9.54,0.458,0.458,Healthy,Moderate
AME II,D005A,D05,2009,86,4,64629,0.4067120021741378,Stres Sedang,0.4195271902391299,Stres Sedang,Pokok Utama,109.23155250903261,-0.43385135654850043,403,109.2315773,-0.43384934,8.62,0.473,0.473,Healthy,Good
AME II,D005A,D05,2009,86,5,64628,0.3982980150284668,Stres Berat,0.4264279798405164,Stres Sedang,Pokok Utama,109.23165416033068,-0.43385683517843954,1067,109.23164422,-0.43383941,6.42,0.45,0.45,Healthy,Moderate
AME II,D005A,D05,2009,86,6,64627,0.401755915238935,Stres Sedang,0.4108517998921694,Stres Sedang,Pokok Utama,109.23170936886437,-0.4338828695260122,1655,109.23170036,-0.43385615,4.44,0.516,0.516,Healthy,Good
AME II,D005A,D05,2009,86,7,64616,0.37603144523887283,Stres Berat,0.38817645262818806,Stres Berat,Pokok Utama,109.23175594052248,-0.43383063213703515,1513,109.23175471,-0.43385752,4.95,0.392,0.392,Healthy,Sub-Optimal
AME II,D005A,D05,2009,86,8,64661,0.40983559807277703,Stres Sedang,0.4195812480032923,Stres Sedang,Pokok Utama,109.23195536509606,-0.43388991418300005,236,109.2319622,-0.43390414,9.34,0.491,0.491,Healthy,Good
AME II,D005A,D05,2009,86,9,64654,0.4341346381364278,Stres Sedang,0.4182246741592608,Stres Sedang,Pokok Utama,109.2320290345047,-0.43384969721496985,1113,109.23203227,-0.43386075,6.26,0.462,0.462,Healthy,Good
AME II,D005A,D05,2009,86,11,64660,0.4411219809392898,Stres Sedang,0.46402299000887653,Stres Sedang,Pokok Utama,109.23219045978674,-0.43382657333122815,115,109.23218992,-0.43384768,10.07,0.534,0.534,Healthy,Good
AME II,D005A,D05,2009,86,13,64667,0.41253902812472576,Stres Sedang,0.45772275751886193,Stres Sedang,Pokok Utama,109.23226697069958,-0.43385664738257085,44,109.23227885,-0.43384815,10.7,0.482,0.482,Healthy,Good
AME II,D005A,D05,2009,86,14,64665,0.403364343542678,Stres Sedang,0.43897629680455574,Stres Sedang,Pokok Utama,109.23233371869246,-0.43383405707089195,875,109.23232646,-0.43381877,7.04,0.519,0.519,Healthy,Good
AME II,D005A,D05,2009,86,15,64668,0.4600080798151331,Stres Sedang,0.47779965841803257,Stres Sedang,Pokok Utama,109.23240525185004,-0.43388918953220335,1136,109.23239337,-0.43390153,6.2,0.511,0.511,Healthy,Good
AME II,D005A,D05,2009,86,16,64669,0.46930276281213107,Stres Sedang,0.44756306882841773,Stres Sedang,Pokok Utama,109.23241090943736,-0.433848168957453,916,109.23239203,-0.43383733,6.91,0.523,0.523,Healthy,Good
AME II,D005A,D05,2009,86,18,64757,0.42166265198006664,Stres Sedang,0.4492371208820861,Stres Sedang,Pokok Utama,109.23250681758354,-0.43384494174337557,2290,109.23250702,-0.43381339,2.57,0.499,0.499,Abnormal,Good
AME II,D005A,D05,2009,86,19,64756,0.41739512826932096,Stres Sedang,0.4477925922147352,Stres Sedang,Pokok Utama,109.23254900310586,-0.43389474704620784,1962,109.23255326,-0.43390247,3.51,0.658,0.658,Healthy,Good
AME II,D005A,D05,2009,86,21,64754,0.40667360443250056,Stres Sedang,0.46543808382111396,Stres Sedang,Pokok Utama,109.23263266341164,-0.4338892931041439,2207,109.23262198,-0.43389661,2.78,0.483,0.483,Abnormal,Good
AME II,D005A,D05,2009,86,22,64753,0.40004272516307937,Stres Sedang,0.4469290878186267,Stres Sedang,Pokok Utama,109.23266064645209,-0.4338428324635372,843,109.23267768,-0.43383604,7.15,0.51,0.51,Healthy,Good
AME II,D005A,D05,2009,86,23,64744,0.39394482256953606,Stres Berat,0.4663413568415095,Stres Sedang,Pokok Utama,109.23271322316248,-0.43390310109031244,2185,109.2327127,-0.43389799,2.85,0.509,0.509,Abnormal,Good
AME II,D005A,D05,2009,86,24,64712,0.4272769429820167,Stres Sedang,0.4513763218878668,Stres Sedang,Pokok Utama,109.23279506557685,-0.4338671675694523,947,109.23281645,-0.43388581,6.83,0.463,0.463,Healthy,Good
AME II,D005A,D05,2009,86,27,64696,0.4544821208470488,Stres Sedang,0.4579004426594682,Stres Sedang,Pokok Utama,109.23315001473453,-0.4338072459225428,265,109.23312907,-0.43380449,9.23,0.465,0.465,Healthy,Good
AME II,D005A,D05,2009,86,29,64687,0.40634849819210744,Stres Sedang,0.40125885254113364,Stres Sedang,Pokok Utama,109.23330964530983,-0.43381920685948944,1667,109.23330917,-0.43380544,4.4,0.373,0.373,Suspect,Critical
AME II,D005A,D05,2009,86,30,64674,0.4394157304747464,Stres Sedang,0.41301368529229987,Stres Sedang,Pokok Utama,109.2334806591911,-0.433825583736041,1863,109.23348703,-0.43381317,3.81,0.492,0.492,Healthy,Good
AME II,D005A,D05,2009,87,2,63352,0.3798876228297928,Stres Berat,0.39477127503642767,Stres Berat,Pokok Utama,109.23149584698646,-0.4337451341751254,1774,109.23150501,-0.43375257,4.03,0.487,0.487,Healthy,Good
AME II,D005A,D05,2009,87,4,64290,0.3599683827713442,Stres Berat,0.36270793393447565,Stres Berat,Pokok Utama,109.2316763159971,-0.43374222638983567,2538,109.23165997,-0.43371643,1.88,0.419,0.419,Healthy,Sub-Optimal
AME II,D005A,D05,2009,87,5,64625,0.38976973683050237,Stres Berat,0.42539080244807126,Stres Sedang,Pokok Utama,109.23172861651503,-0.4337644774726801,2048,109.23169634,-0.43377205,3.27,0.406,0.406,Healthy,Sub-Optimal
AME II,D005A,D05,2009,87,6,64623,0.44232392321704905,Stres Sedang,0.4558651487087711,Stres Sedang,Pokok Utama,109.23190502722571,-0.43373713937888936,631,109.23190969,-0.43373684,7.84,0.609,0.609,Healthy,Good
AME II,D005A,D05,2009,87,7,64621,0.39688963063768284,Stres Berat,0.453245765125501,Stres Sedang,Pokok Utama,109.23193019928414,-0.4337919088126366,676,109.23192539,-0.43379698,7.71,0.532,0.532,Healthy,Good
AME II,D005A,D05,2009,87,10,64746,0.40198165772230027,Stres Sedang,0.44963983418322284,Stres Sedang,Pokok Utama,109.23274094222207,-0.4337710984567451,1049,109.23273339,-0.43377953,6.47,0.481,0.481,Healthy,Good
AME II,D005A,D05,2009,87,15,64677,0.41897899380891684,Stres Sedang,0.42685329617726503,Stres Sedang,Pokok Utama,109.23351470925196,-0.4337518068437089,587,109.23352477,-0.43375485,7.98,0.575,0.575,Healthy,Good
AME II,D005A,D05,2009,88,3,63349,0.3921563648483525,Stres Berat,0.3988732890953372,Stres Berat,Pokok Utama,109.23153917687982,-0.4337011899117233,969,109.23155219,-0.43368295,6.75,0.483,0.483,Healthy,Good
AME II,D005A,D05,2009,88,4,64607,0.3960394305028215,Stres Berat,0.41170072618032216,Stres Sedang,Pokok Utama,109.23169953668972,-0.4336767277445953,1132,109.23169142,-0.43366263,6.21,0.457,0.457,Healthy,Moderate
AME II,D005A,D05,2009,88,5,66081,0.40417932343000657,Stres Sedang,0.38438586221365123,Stres Berat,Pokok Utama,109.23178313784345,-0.43365421427080436,2181,109.23179608,-0.43364955,2.86,0.433,0.433,Healthy,Moderate
AME II,D005A,D05,2009,88,7,64613,0.44903690556494874,Stres Sedang,0.489920516925267,Stres Sedang,Pokok Utama,109.23194597293684,-0.4336817384246055,409,109.23195416,-0.43368621,8.59,0.534,0.534,Healthy,Good
AME II,D005A,D05,2009,88,8,63350,0.43108622779055156,Stres Sedang,0.4552543766610382,Stres Sedang,Pokok Utama,109.23200428996293,-0.4337243869857208,248,109.23201928,-0.43372827,9.3,0.48,0.48,Healthy,Good
AME II,D005A,D05,2009,88,9,64620,0.4588233859979943,Stres Sedang,0.431837844264382,Stres Sedang,Pokok Utama,109.23206569135459,-0.4337284522543232,582,109.23204668,-0.4337016,8.01,0.466,0.466,Healthy,Good
AME II,D005A,D05,2009,88,10,64619,0.40917888666354496,Stres Sedang,0.4537130216499667,Stres Sedang,Pokok Utama,109.23211283633755,-0.4337146259360808,502,109.23212977,-0.4337084,8.25,0.557,0.557,Healthy,Good
AME II,D005A,D05,2009,88,13,64664,0.4600814984434447,Stres Sedang,0.4112535789471067,Stres Sedang,Pokok Utama,109.23234906978753,-0.43371073052104475,704,109.23237095,-0.43371072,7.64,0.511,0.511,Healthy,Good
AME II,D005A,D05,2009,88,15,63346,0.41305743982078996,Stres Sedang,0.4419438442576801,Stres Sedang,Pokok Utama,109.23255759505051,-0.4336837023836616,830,109.23256948,-0.43367731,7.2,0.478,0.478,Healthy,Good
AME II,D005A,D05,2009,88,16,64747,0.32279755348259537,Stres Berat,0.36189036340055236,Stres Berat,Pokok Utama,109.23272157846422,-0.4336820335370657,663,109.23273925,-0.43369227,7.74,0.444,0.444,Healthy,Moderate
AME II,D005A,D05,2009,88,17,64708,0.4139403678160849,Stres Sedang,0.4325184709518467,Stres Sedang,Pokok Utama,109.23285447447044,-0.4337237973642804,1537,109.23286185,-0.43375243,4.87,0.412,0.412,Healthy,Sub-Optimal
AME II,D005A,D05,2009,88,18,64702,0.38969306539271975,Stres Berat,0.4314603899001634,Stres Sedang,Pokok Utama,109.23307828513954,-0.4336839447550602,902,109.23304871,-0.43367064,6.95,0.511,0.511,Healthy,Good
AME II,D005A,D05,2009,88,19,64670,0.44270314347176326,Stres Sedang,0.43220202904597266,Stres Sedang,Pokok Utama,109.23330378621843,-0.4336784223832775,835,109.23333167,-0.43366031,7.18,0.522,0.522,Healthy,Good
AME II,D005A,D05,2009,88,20,64671,0.43401435668159594,Stres Sedang,0.44748272394604643,Stres Sedang,Pokok Utama,109.23334054729042,-0.4336718908319982,835,109.23333167,-0.43366031,7.18,0.522,0.522,Healthy,Good
AME II,D005A,D05,2009,88,21,64675,0.4114701141000251,Stres Sedang,0.43976535615514106,Stres Sedang,Pokok Utama,109.23349301331635,-0.4336919860040798,525,109.23351761,-0.43366623,8.18,0.456,0.456,Healthy,Moderate
AME II,D005A,D05,2009,89,1,64602,0.4236722192915742,Stres Sedang,0.44680696079928994,Stres Sedang,Pokok Utama,109.23139289056552,-0.43360459671035434,1123,109.23138603,-0.43359112,6.23,0.474,0.474,Healthy,Good
AME II,D005A,D05,2009,89,2,64603,0.4071313484751603,Stres Sedang,0.4176384869635748,Stres Sedang,Pokok Utama,109.23146189703371,-0.4336016999136379,569,109.23146462,-0.43360516,8.06,0.59,0.59,Healthy,Good
AME II,D005A,D05,2009,89,5,64549,0.3324492894689318,Stres Berat,0.4056712244946219,Stres Sedang,Pokok Utama,109.23174705600496,-0.4336050881108882,2788,109.2317669,-0.43357629,1.09,0.404,0.404,Healthy,Sub-Optimal
AME II,D005A,D05,2009,89,6,64611,0.3471280918368753,Stres Berat,0.4028465102438504,Stres Sedang,Pokok Utama,109.23190605964784,-0.43359045087572473,1550,109.23189849,-0.43361792,4.84,0.483,0.483,Healthy,Good
AME II,D005A,D05,2009,89,7,64577,0.42808024029361486,Stres Sedang,0.43204824779643874,Stres Sedang,Pokok Utama,109.23201979610704,-0.4335561809236488,2276,109.23202201,-0.43354425,2.61,0.43,0.43,Healthy,Moderate
AME II,D005A,D05,2009,89,8,64576,0.41041652972662385,Stres Sedang,0.4074994544943137,Stres Sedang,Pokok Utama,109.2321753249422,-0.4335748834110081,1729,109.23217157,-0.43358452,4.17,0.502,0.502,Healthy,Good
AME II,D005A,D05,2009,89,9,64618,0.41251170902408185,Stres Sedang,0.4402066207363078,Stres Sedang,Pokok Utama,109.232232708177,-0.43360055604550013,2057,109.23221019,-0.43359719,3.25,0.469,0.469,Healthy,Good
AME II,D005A,D05,2009,89,10,64567,0.4096847286433602,Stres Sedang,0.4448111617028474,Stres Sedang,Pokok Utama,109.23234004070159,-0.43357954490231737,2073,109.23236065,-0.43358231,3.2,0.544,0.544,Healthy,Good
AME II,D005A,D05,2009,89,11,64568,0.4321954807052847,Stres Sedang,0.4312519400014521,Stres Sedang,Pokok Utama,109.23238756007463,-0.43361425084632504,1639,109.23239613,-0.43361984,4.52,0.441,0.441,Healthy,Moderate
AME II,D005A,D05,2009,89,13,64467,0.4583719033667304,Stres Sedang,0.45375211257660325,Stres Sedang,Pokok Utama,109.23271347389117,-0.43361943325668084,515,109.23272264,-0.43364253,8.22,0.445,0.445,Healthy,Moderate
AME II,D005A,D05,2009,89,14,64707,0.3867138500109991,Stres Berat,0.4012380505336431,Stres Sedang,Pokok Utama,109.23285848462088,-0.43363859895673046,977,109.23286412,-0.43365341,6.72,0.416,0.416,Healthy,Sub-Optimal
AME II,D005A,D05,2009,89,15,64427,0.35897423805993334,Stres Berat,0.3669244274750375,Stres Berat,Pokok Utama,109.23295393347375,-0.43361023439544516,1648,109.23293599,-0.43362314,4.47,0.454,0.454,Healthy,Moderate
AME II,D005A,D05,2009,89,16,64462,0.3959204732752212,Stres Berat,0.40284393226169796,Stres Sedang,Pokok Utama,109.23301874372692,-0.43358058075271305,580,109.23302537,-0.43360236,8.02,0.42,0.42,Healthy,Sub-Optimal
AME II,D005A,D05,2009,89,17,64425,0.43668509855296445,Stres Sedang,0.4381878990375005,Stres Sedang,Pokok Utama,109.23309558058617,-0.4335978268919711,432,109.23311475,-0.43358882,8.5,0.536,0.536,Healthy,Good
AME II,D005A,D05,2009,89,19,64424,0.4348475490857477,Stres Sedang,0.3977040953945708,Stres Berat,Pokok Utama,109.2331922044116,-0.43362459017515403,2041,109.23320726,-0.43364536,3.28,0.532,0.532,Abnormal,Good
AME II,D005A,D05,2009,89,20,64422,0.42142584379920217,Stres Sedang,0.3972480774146471,Stres Berat,Pokok Utama,109.23326406875807,-0.43359055159505483,1242,109.23326252,-0.43358026,5.86,0.491,0.491,Healthy,Good
AME II,D005A,D05,2009,89,21,64421,0.43445087886609424,Stres Sedang,0.4411891187559842,Stres Sedang,Pokok Utama,109.23342781162164,-0.43356555614743325,305,109.23343319,-0.43358392,8.98,0.547,0.547,Healthy,Good
AME II,D005A,D05,2009,89,22,64420,0.43939812275280127,Stres Sedang,0.4293913551507871,Stres Sedang,Pokok Utama,109.23354369295504,-0.43354509417608916,937,109.2335118,-0.43353782,6.86,0.487,0.487,Healthy,Good
AME II,D005A,D05,2009,90,2,64597,0.43374674638008937,Stres Sedang,0.42275493313660606,Stres Sedang,Pokok Utama,109.23140624170053,-0.4334957944852136,186,109.23139817,-0.43350793,9.59,0.459,0.459,Healthy,Moderate
AME II,D005A,D05,2009,90,3,64588,0.45825811045195924,Stres Sedang,0.46422102861566306,Stres Sedang,Pokok Utama,109.23158952511788,-0.4335437723852285,97,109.23157737,-0.43354007,10.18,0.463,0.463,Healthy,Good
AME II,D005A,D05,2009,90,4,64580,0.4007487049236,Stres Sedang,0.4390019118325235,Stres Sedang,Pokok Utama,109.23188215775765,-0.43348485086848193,1413,109.23189672,-0.4334877,5.3,0.389,0.389,Healthy,Critical
AME II,D005A,D05,2009,90,5,64579,0.39146284189809694,Stres Berat,0.4204809443841712,Stres Sedang,Pokok Utama,109.23193247763479,-0.43350553819302196,1691,109.23195375,-0.43351122,4.31,0.473,0.473,Healthy,Good
AME II,D005A,D05,2009,90,6,64615,0.4098108531333569,Stres Sedang,0.426241610181961,Stres Sedang,Pokok Utama,109.23212041265857,-0.4335095474906006,2491,109.2321114,-0.43349589,2.0,0.565,0.565,Healthy,Good
AME II,D005A,D05,2009,90,9,64566,0.4472015228645928,Stres Sedang,0.44690384323599164,Stres Sedang,Pokok Utama,109.23238401976216,-0.4335400786713885,1983,109.23237503,-0.43354388,3.45,0.471,0.471,Healthy,Good
AME II,D005A,D05,2009,90,11,64570,0.4360731304572239,Stres Sedang,0.4437677023916801,Stres Sedang,Pokok Utama,109.2325563887947,-0.4335532827000105,1831,109.23256771,-0.4335489,3.89,0.481,0.481,Healthy,Good
AME II,D005A,D05,2009,90,13,64468,0.4446838067365457,Stres Sedang,0.4505013797502256,Stres Sedang,Pokok Utama,109.23268892922793,-0.4335564211341962,1710,109.23268674,-0.43352587,4.25,0.527,0.527,Healthy,Good
AME II,D005A,D05,2009,90,14,64466,0.4087988455704448,Stres Sedang,0.39977444759857506,Stres Berat,Pokok Utama,109.23277917248622,-0.43358323918657554,1682,109.23278329,-0.43358602,4.35,0.425,0.425,Healthy,Sub-Optimal
AME II,D005A,D05,2009,90,15,64464,0.34077804821403057,Stres Berat,0.36171501543837953,Stres Berat,Pokok Utama,109.23282703161445,-0.4335473621629853,1628,109.23285965,-0.43353495,4.58,0.363,0.363,Suspect,Critical
AME II,D005A,D05,2009,90,16,64428,0.38961882797818875,Stres Berat,0.41944540446190426,Stres Sedang,Pokok Utama,109.23304616859122,-0.4334994770013785,1100,109.23304336,-0.43348028,6.29,0.494,0.494,Healthy,Good
AME II,D005A,D05,2009,90,17,64415,0.4293044757653485,Stres Sedang,0.43946290933452226,Stres Sedang,Pokok Utama,109.23329317630505,-0.43351308889923634,154,109.23326388,-0.43350611,9.78,0.408,0.408,Healthy,Sub-Optimal
AME II,D005A,D05,2009,90,18,64417,0.4027411556136295,Stres Sedang,0.4271608379086656,Stres Sedang,Pokok Utama,109.23339528025055,-0.43352760682462105,339,109.23341165,-0.43350207,8.87,0.471,0.471,Healthy,Good
AME II,D005A,D05,2009,91,2,64589,0.4322613101692108,Stres Sedang,0.45428464550422526,Stres Sedang,Pokok Utama,109.23153669506539,-0.43345597473384595,1039,109.23153787,-0.43346049,6.5,0.482,0.482,Healthy,Good
AME II,D005A,D05,2009,91,3,64586,0.4275113910021239,Stres Sedang,0.4308509045820913,Stres Sedang,Pokok Utama,109.2316191653716,-0.43346771705008313,828,109.23162904,-0.43346774,7.21,0.492,0.492,Healthy,Good
AME II,D005A,D05,2009,91,4,64617,0.4072534340869276,Stres Sedang,0.4162827825991735,Stres Sedang,Pokok Utama,109.23205035362969,-0.4334623204962649,2396,109.23206784,-0.43348005,2.24,0.421,0.421,Healthy,Sub-Optimal
AME II,D005A,D05,2009,91,7,64571,0.423714119772915,Stres Sedang,0.44394053990619214,Stres Sedang,Pokok Utama,109.23254154243966,-0.4334909023176203,2068,109.23256458,-0.43348288,3.23,0.481,0.481,Healthy,Good
AME II,D005A,D05,2009,92,3,64590,0.4091490524313221,Stres Sedang,0.4329432644259948,Stres Sedang,Pokok Utama,109.23161700357826,-0.4333582951597654,336,109.23162098,-0.43334656,8.89,0.504,0.504,Healthy,Good
AME II,D005A,D05,2009,92,4,175363,0.38486276012160464,Stres Berat,0.40432509756920293,Stres Sedang,Pokok Utama,109.23171233499838,-0.43337997291383473,382,109.23172248,-0.4333701,8.68,0.412,0.412,Healthy,Sub-Optimal
AME II,D005A,D05,2009,92,5,64582,0.3785129298271381,Stres Berat,0.42295439032059684,Stres Sedang,Pokok Utama,109.23185539730616,-0.43341593779990495,707,109.23184689,-0.43339816,7.63,0.434,0.434,Healthy,Moderate
AME II,D005A,D05,2009,92,6,64578,0.3938592267422508,Stres Berat,0.4251100226868818,Stres Sedang,Pokok Utama,109.23201615587944,-0.4334173202494521,1821,109.23199824,-0.43340724,3.92,0.56,0.56,Healthy,Good
AME II,D005A,D05,2009,92,7,175370,0.43030123811142756,Stres Sedang,0.44200761314894393,Stres Sedang,Pokok Utama,109.23208492325219,-0.4334254140281353,2085,109.23208807,-0.43342309,3.17,0.538,0.538,Healthy,Good
AME II,D005A,D05,2009,92,8,64560,0.367331348612285,Stres Berat,0.40017373640436416,Stres Sedang,Pokok Utama,109.23219953839514,-0.43342327524295327,1365,109.23220934,-0.43340186,5.45,0.486,0.486,Healthy,Good
AME II,D005A,D05,2009,92,9,64558,0.40983779062607395,Stres Sedang,0.4374308142401232,Stres Sedang,Pokok Utama,109.23228213602657,-0.43342995076375584,2452,109.23231308,-0.43344439,2.11,0.474,0.474,Healthy,Good
AME II,D005A,D05,2009,92,11,64562,0.4460559167956523,Stres Sedang,0.45788029461924257,Stres Sedang,Pokok Utama,109.23242260235689,-0.4334200454344603,2634,109.23239527,-0.43343446,1.57,0.451,0.451,Healthy,Moderate
AME II,D005A,D05,2009,92,13,64572,0.4257880220511188,Stres Sedang,0.45420843062481886,Stres Sedang,Pokok Utama,109.23259863797266,-0.43344354436876864,2069,109.23260502,-0.4334422,3.22,0.513,0.513,Healthy,Good
AME II,D005A,D05,2009,92,14,64574,0.4155930156202977,Stres Sedang,0.45141777403562955,Stres Sedang,Pokok Utama,109.23265370026942,-0.4334415701111619,2732,109.23266879,-0.43346301,1.23,0.495,0.495,Healthy,Good
AME II,D005A,D05,2009,92,15,64471,0.42012729605343124,Stres Sedang,0.45618769904879974,Stres Sedang,Pokok Utama,109.23270277311684,-0.4333747954478157,2249,109.23271372,-0.43337712,2.67,0.547,0.547,Healthy,Good
AME II,D005A,D05,2009,92,16,64470,0.42025094262633866,Stres Sedang,0.4322574391832481,Stres Sedang,Pokok Utama,109.23274481983563,-0.43343161384961504,1473,109.23276625,-0.43345264,5.1,0.443,0.443,Healthy,Moderate
AME II,D005A,D05,2009,92,17,64455,0.421832434359738,Stres Sedang,0.4281130287525643,Stres Sedang,Pokok Utama,109.23289323644643,-0.43338831269753225,1441,109.23288753,-0.43339931,5.21,0.455,0.455,Healthy,Moderate
AME II,D005A,D05,2009,92,18,64430,0.4637005812756956,Stres Sedang,0.4516631177488246,Stres Sedang,Pokok Utama,109.23315791428725,-0.433386621439032,74,109.23314309,-0.43338219,10.35,0.457,0.457,Healthy,Moderate
AME II,D005A,D05,2009,92,19,183249,0.4470319162743787,Stres Sedang,0.42651675612553286,Stres Sedang,Pokok Utama,109.23321233673538,-0.43338843005022804,204,109.23321944,-0.43339487,9.49,0.51,0.51,Healthy,Good
AME II,D005A,D05,2009,93,1,64595,0.4407962526882077,Stres Sedang,0.3915073434928936,Stres Berat,Pokok Utama,109.23137943516652,-0.4333423060713391,2526,109.23139327,-0.43336414,1.91,0.553,0.553,Abnormal,Good
AME II,D005A,D05,2009,93,2,64594,0.4210382085706999,Stres Sedang,0.44346557636736644,Stres Sedang,Pokok Utama,109.2314509660834,-0.4332918033360974,758,109.23143416,-0.43328367,7.44,0.504,0.504,Healthy,Good
AME II,D005A,D05,2009,93,4,64546,0.38568007887226263,Stres Berat,0.431121171485705,Stres Sedang,Pokok Utama,109.23181310878343,-0.4333082228546747,576,109.23181007,-0.43332762,8.04,0.489,0.489,Healthy,Good
AME II,D005A,D05,2009,93,6,64550,0.43116652649003057,Stres Sedang,0.42651899972079715,Stres Sedang,Pokok Utama,109.23205562973008,-0.4333143498808784,2602,109.23204767,-0.43331954,1.68,0.466,0.466,Healthy,Good
AME II,D005A,D05,2009,93,8,64181,0.4464997925409457,Stres Sedang,0.4699626347557856,Stres Sedang,Pokok Utama,109.2323182240642,-0.43333765336601443,2232,109.23232703,-0.43330604,2.72,0.416,0.416,Healthy,Sub-Optimal
AME II,D005A,D05,2009,93,9,64556,0.4333267062739329,Stres Sedang,0.44928996537034704,Stres Sedang,Pokok Utama,109.23239574432162,-0.43332619261368754,2289,109.23241057,-0.43332188,2.58,0.506,0.506,Healthy,Good
AME II,D005A,D05,2009,93,11,64478,0.39699018269515873,Stres Berat,0.4340477548056432,Stres Sedang,Pokok Utama,109.23263551029109,-0.4333472974894172,2169,109.232654,-0.43333098,2.9,0.528,0.528,Healthy,Good
AME II,D005A,D05,2009,93,12,65201,0.44428618725310676,Stres Sedang,0.4525105378168033,Stres Sedang,Pokok Utama,109.23274022127893,-0.4333163522288587,2812,109.23277078,-0.43330298,1.0,0.437,0.437,Abnormal,Moderate
AME II,D005A,D05,2009,93,13,65202,0.40497235826363687,Stres Sedang,0.41665965696844504,Stres Sedang,Pokok Utama,109.23279184826967,-0.4333126944910261,2812,109.23277078,-0.43330298,1.0,0.437,0.437,Abnormal,Moderate
AME II,D005A,D05,2009,93,14,65203,0.4201076240635414,Stres Sedang,0.4136992956997621,Stres Sedang,Pokok Utama,109.23287275282478,-0.43334160852821135,2238,109.23290057,-0.43334551,2.71,0.523,0.523,Healthy,Good
AME II,D005A,D05,2009,93,17,65431,0.38342682072739476,Stres Berat,0.44076304590860316,Stres Sedang,Pokok Utama,109.23300709338127,-0.4333106379655686,841,109.2330187,-0.43332338,7.15,0.432,0.432,Healthy,Moderate
AME II,D005A,D05,2009,93,18,64459,0.3669424063652224,Stres Berat,0.3827999589598665,Stres Berat,Pokok Utama,109.2331059501344,-0.43330195213878187,948,109.23309775,-0.43330848,6.83,0.462,0.462,Healthy,Good
AME II,D005A,D05,2009,93,20,183247,0.4054281724131864,Stres Sedang,0.4297611152245867,Stres Sedang,Pokok Utama,109.23326281975658,-0.43330541825444596,552,109.23326707,-0.43331078,8.09,0.497,0.497,Healthy,Good
AME II,D005A,D05,2009,93,21,64413,0.39451795815607016,Stres Berat,0.4387223927695074,Stres Sedang,Pokok Utama,109.23332041982025,-0.43328166549606456,498,109.23332681,-0.43329452,8.27,0.536,0.536,Healthy,Good
AME II,D005A,D05,2009,93,23,64410,0.38493800572336534,Stres Berat,0.4142232301920386,Stres Sedang,Pokok Utama,109.23342686246684,-0.43333119154080824,486,109.23344671,-0.43335604,8.31,0.477,0.477,Healthy,Good
AME II,D005A,D05,2009,94,1,64528,0.38399724342002406,Stres Berat,0.4516291976932245,Stres Sedang,Pokok Utama,109.23151898088184,-0.4332504396982681,1299,109.2315267,-0.43321542,5.68,0.453,0.453,Healthy,Moderate
AME II,D005A,D05,2009,94,2,64529,0.424580474195006,Stres Sedang,0.45726123598974144,Stres Sedang,Pokok Utama,109.23153665385833,-0.43323378455860617,1299,109.2315267,-0.43321542,5.68,0.453,0.453,Healthy,Moderate
AME II,D005A,D05,2009,94,3,64525,0.42591322055763725,Stres Sedang,0.447026183400993,Stres Sedang,Pokok Utama,109.23173716276982,-0.43321523429700304,116,109.23171578,-0.43320778,10.05,0.489,0.489,Healthy,Good
AME II,D005A,D05,2009,94,4,64538,0.39907235258197027,Stres Berat,0.4243368084952097,Stres Sedang,Pokok Utama,109.23177910948996,-0.4332739422242367,26,109.23178673,-0.43326296,11.18,0.413,0.413,Healthy,Sub-Optimal
AME II,D005A,D05,2009,94,7,64541,0.46180788065345274,Stres Sedang,0.4550632589777593,Stres Sedang,Pokok Utama,109.23201726576265,-0.43327658410662107,2592,109.23202073,-0.43328697,1.72,0.513,0.513,Healthy,Good
AME II,D005A,D05,2009,94,9,64551,0.4000230204008642,Stres Sedang,0.4225397210983645,Stres Sedang,Pokok Utama,109.2322092097765,-0.4332708731783733,1690,109.23223093,-0.4332608,4.31,0.561,0.561,Healthy,Good
AME II,D005A,D05,2009,94,10,64554,0.4505670997233934,Stres Sedang,0.4290917133055328,Stres Sedang,Pokok Utama,109.23232974135121,-0.43328739364078556,2232,109.23232703,-0.43330604,2.72,0.416,0.416,Healthy,Sub-Optimal
AME II,D005A,D05,2009,94,14,64476,0.44681769248248127,Stres Sedang,0.4481591740752667,Stres Sedang,Pokok Utama,109.23268116666924,-0.43327152120571605,2416,109.2326904,-0.43325141,2.19,0.495,0.495,Healthy,Good
AME II,D005A,D05,2009,94,15,64472,0.405638718974512,Stres Sedang,0.4404801161578497,Stres Sedang,Pokok Utama,109.23271825326415,-0.4332314291294058,2416,109.2326904,-0.43325141,2.19,0.495,0.495,Healthy,Good
AME II,D005A,D05,2009,94,16,64477,0.42713271513430345,Stres Sedang,0.4372961901607785,Stres Sedang,Pokok Utama,109.23274557113206,-0.433280291504693,2679,109.23276809,-0.4332659,1.41,0.495,0.495,Healthy,Good
AME II,D005A,D05,2009,94,17,64454,0.4352787857587295,Stres Sedang,0.41881236489223483,Stres Sedang,Pokok Utama,109.23283470582558,-0.4332709356600264,2780,109.23280941,-0.43326546,1.1,0.501,0.501,Healthy,Good
AME II,D005A,D05,2009,94,18,64453,0.40739917040067125,Stres Sedang,0.4217013620763124,Stres Sedang,Pokok Utama,109.23286703693435,-0.4332230893211943,2111,109.23288443,-0.43321348,3.08,0.438,0.438,Healthy,Moderate
AME II,D005A,D05,2009,94,19,64451,0.41295219127947214,Stres Sedang,0.43523261219299825,Stres Sedang,Pokok Utama,109.23302276563376,-0.43322383140826237,1851,109.23300524,-0.43324244,3.84,0.421,0.421,Healthy,Sub-Optimal
AME II,D005A,D05,2009,94,20,64380,0.35809100698501223,Stres Berat,0.379146338190246,Stres Berat,Pokok Utama,109.23322288734467,-0.4332466625281242,1674,109.23323296,-0.43321989,4.39,0.385,0.385,Healthy,Critical
AME II,D005A,D05,2009,94,22,64411,0.41133677388863576,Stres Sedang,0.4375107102452183,Stres Sedang,Pokok Utama,109.23345791646025,-0.43327359180418923,1231,109.23348535,-0.43329636,5.9,0.439,0.439,Healthy,Moderate
AME II,D005A,D05,2009,94,23,64406,0.42512264855913745,Stres Sedang,0.4180345157537328,Stres Sedang,Pokok Utama,109.23351511940318,-0.4332313197182238,6,109.23353208,-0.43323217,12.9,0.42,0.42,Healthy,Sub-Optimal
AME II,D005A,D05,2009,95,1,64592,0.43250584800603,Stres Sedang,0.45896285262425934,Stres Sedang,Pokok Utama,109.23141996558938,-0.4331761103881248,360,109.23140992,-0.43320138,8.78,0.425,0.425,Healthy,Sub-Optimal
AME II,D005A,D05,2009,95,3,64524,0.4065015107540275,Stres Sedang,0.43797086089978327,Stres Sedang,Pokok Utama,109.23165983584214,-0.4331683952993756,1326,109.23165022,-0.43317159,5.61,0.494,0.494,Healthy,Good
AME II,D005A,D05,2009,95,4,64540,0.45096936334218635,Stres Sedang,0.4796702937326817,Stres Sedang,Pokok Utama,109.23199194632295,-0.4331558170172891,2279,109.23199425,-0.43317077,2.6,0.568,0.568,Healthy,Good
AME II,D005A,D05,2009,95,6,64552,0.4042487937865192,Stres Sedang,0.44436456360626986,Stres Sedang,Pokok Utama,109.23219896005389,-0.4331980452616596,1419,109.23222511,-0.43317851,5.29,0.455,0.455,Healthy,Moderate
AME II,D005A,D05,2009,95,7,183429,0.42687632889575317,Stres Sedang,0.4475308090218068,Stres Sedang,Pokok Utama,109.23231839487627,-0.43317273342064444,2101,109.23230865,-0.43316994,3.12,0.484,0.484,Healthy,Good
AME II,D005A,D05,2009,95,8,64555,0.396879711526714,Stres Berat,0.41744752922236295,Stres Sedang,Pokok Utama,109.23238913338713,-0.43320384072337337,1800,109.23240341,-0.43319664,3.98,0.559,0.559,Healthy,Good
AME II,D005A,D05,2009,95,9,64486,0.4492712581911719,Stres Sedang,0.45097967856042387,Stres Sedang,Pokok Utama,109.23246899203514,-0.43317578650077687,1933,109.23244428,-0.43319348,3.58,0.473,0.473,Healthy,Good
AME II,D005A,D05,2009,95,10,64489,0.41014060904334465,Stres Sedang,0.4346909064474059,Stres Sedang,Pokok Utama,109.23255129928069,-0.43318705254156736,2126,109.23254399,-0.43319079,3.06,0.526,0.526,Healthy,Good
AME II,D005A,D05,2009,95,11,64480,0.4121006663012694,Stres Sedang,0.47785270623782183,Stres Sedang,Pokok Utama,109.23260969930826,-0.43316248928678946,2448,109.23261001,-0.43318674,2.12,0.445,0.445,Healthy,Moderate
AME II,D005A,D05,2009,95,12,64475,0.41346471906198484,Stres Sedang,0.4629294171920144,Stres Sedang,Pokok Utama,109.23265974530548,-0.4331588552599494,1613,109.23266886,-0.43317047,4.62,0.473,0.473,Healthy,Good
AME II,D005A,D05,2009,95,14,64452,0.41652761021297274,Stres Sedang,0.4324944855512458,Stres Sedang,Pokok Utama,109.23296163682647,-0.4331891324464894,1992,109.23296707,-0.43319812,3.43,0.483,0.483,Healthy,Good
AME II,D005A,D05,2009,95,15,64435,0.35779765973385236,Stres Berat,0.39144220498060917,Stres Berat,Pokok Utama,109.23304846784488,-0.43314976367082364,1840,109.23306679,-0.43315926,3.87,0.411,0.411,Healthy,Sub-Optimal
AME II,D005A,D05,2009,95,16,64432,0.42022048499794645,Stres Sedang,0.4231491622603035,Stres Sedang,Pokok Utama,109.23314962644861,-0.43320248697107977,454,109.23314269,-0.43320178,8.42,0.452,0.452,Healthy,Moderate
AME II,D005A,D05,2009,95,18,183295,0.4057635253088908,Stres Sedang,0.4230083505600636,Stres Sedang,Pokok Utama,109.23336228048053,-0.43318681646334256,2251,109.23337399,-0.43318194,2.67,0.538,0.538,Abnormal,Good
AME II,D005A,D05,2009,96,1,63324,0.37341787811022636,Stres Berat,0.38843217402825464,Stres Berat,Pokok Utama,109.23138559721217,-0.4331163706158949,1164,109.23137357,-0.43309918,6.13,0.426,0.426,Healthy,Sub-Optimal
AME II,D005A,D05,2009,96,3,64522,0.44244443050522514,Stres Sedang,0.44328574206050547,Stres Sedang,Pokok Utama,109.23175202786135,-0.43311672003187307,1090,109.23178138,-0.43312279,6.33,0.515,0.515,Healthy,Good
AME II,D005A,D05,2009,96,6,64514,0.4560717738141241,Stres Sedang,0.4698921523981333,Stres Sedang,Pokok Utama,109.2320167761895,-0.43309228763687024,1173,109.23203695,-0.43306995,6.08,0.496,0.496,Healthy,Good
AME II,D005A,D05,2009,96,8,64501,0.389585211240612,Stres Berat,0.4582499750949161,Stres Sedang,Pokok Utama,109.23216332285088,-0.4331288150457616,1055,109.23214832,-0.43310524,6.46,0.563,0.563,Healthy,Good
AME II,D005A,D05,2009,96,9,64498,0.38348508486434946,Stres Berat,0.45378633100442745,Stres Sedang,Pokok Utama,109.23225932389778,-0.4331164796956285,2263,109.23224308,-0.43313013,2.64,0.506,0.506,Healthy,Good
AME II,D005A,D05,2009,96,10,64485,0.3978362690730742,Stres Berat,0.42653676926353834,Stres Sedang,Pokok Utama,109.23251791805835,-0.43314046212841273,1686,109.23248606,-0.43313833,4.33,0.483,0.483,Healthy,Good
AME II,D005A,D05,2009,96,12,64474,0.37556011751681656,Stres Berat,0.4768809711361963,Stres Sedang,Pokok Utama,109.23267341647615,-0.4331070821755526,1764,109.23269357,-0.43310401,4.06,0.508,0.508,Healthy,Good
AME II,D005A,D05,2009,96,13,64450,0.4166123557828675,Stres Sedang,0.4180290383959891,Stres Sedang,Pokok Utama,109.23289367786269,-0.4331307358869608,1684,109.23290197,-0.43312757,4.35,0.497,0.497,Healthy,Good
AME II,D005A,D05,2009,96,14,64436,0.4013573168796019,Stres Sedang,0.42534877654944153,Stres Sedang,Pokok Utama,109.23298549968789,-0.43310245044678397,2430,109.23296799,-0.43310589,2.16,0.419,0.419,Healthy,Sub-Optimal
AME II,D005A,D05,2009,96,15,64434,0.4352261247974833,Stres Sedang,0.4390516317875553,Stres Sedang,Pokok Utama,109.23315305844247,-0.43310431839952285,896,109.23315259,-0.4331005,6.97,0.489,0.489,Healthy,Good
AME II,D005A,D05,2009,96,16,64401,0.38935618876350886,Stres Berat,0.38040460702634554,Stres Berat,Pokok Utama,109.23337900289323,-0.4331011819269112,2662,109.23337805,-0.4331096,1.5,0.354,0.354,Healthy,Critical
AME II,D005A,D05,2009,96,17,64399,0.4417320194227406,Stres Sedang,0.4535973482305782,Stres Sedang,Pokok Utama,109.23348847758697,-0.43311520147136007,1270,109.23346249,-0.43312364,5.8,0.519,0.519,Healthy,Good
AME II,D005A,D05,2009,97,1,64533,0.41371745920994063,Stres Sedang,0.41928153687253633,Stres Sedang,Pokok Utama,109.23147055164853,-0.433079118742352,1084,109.23148271,-0.43308881,6.35,0.525,0.525,Healthy,Good
AME II,D005A,D05,2009,97,2,175369,0.42246833675401235,Stres Sedang,0.43396970687676834,Stres Sedang,Pokok Utama,109.23160951003202,-0.43307574084531175,2277,109.23158915,-0.43309652,2.61,0.375,0.375,Abnormal,Critical
AME II,D005A,D05,2009,97,3,64521,0.44043259124341955,Stres Sedang,0.4238459218093243,Stres Sedang,Pokok Utama,109.23166497041271,-0.4330289053596982,2158,109.23167361,-0.43300837,2.96,0.486,0.486,Healthy,Good
AME II,D005A,D05,2009,97,4,64519,0.4429709711440874,Stres Sedang,0.4606291171214981,Stres Sedang,Pokok Utama,109.23175384155387,-0.4330414683695096,1978,109.23175759,-0.43303733,3.46,0.47,0.47,Abnormal,Good
AME II,D005A,D05,2009,97,8,64495,0.40047086213857164,Stres Sedang,0.4564113176447352,Stres Sedang,Pokok Utama,109.23234387656814,-0.43303032585482926,879,109.2323455,-0.43305555,7.03,0.497,0.497,Healthy,Good
AME II,D005A,D05,2009,97,9,64494,0.41509320216121554,Stres Sedang,0.4380538066719562,Stres Sedang,Pokok Utama,109.23236548656315,-0.4329842502591352,473,109.23236079,-0.43297643,8.37,0.545,0.545,Healthy,Good
AME II,D005A,D05,2009,97,10,64483,0.44824120620859303,Stres Sedang,0.4352362875141236,Stres Sedang,Pokok Utama,109.23252523861817,-0.4330098036925153,962,109.23251214,-0.43303072,6.78,0.488,0.488,Healthy,Good
AME II,D005A,D05,2009,97,11,64484,0.40508836705120416,Stres Sedang,0.4411311289773008,Stres Sedang,Pokok Utama,109.23255911396184,-0.4330806734519314,1093,109.23254627,-0.43306328,6.32,0.575,0.575,Healthy,Good
AME II,D005A,D05,2009,97,12,64443,0.44088868344731036,Stres Sedang,0.4729818797012293,Stres Sedang,Pokok Utama,109.23277221158727,-0.4329993579296452,480,109.23277309,-0.43299732,8.33,0.51,0.51,Healthy,Good
AME II,D005A,D05,2009,97,13,63416,0.4535426025589307,Stres Sedang,0.47275556230007537,Stres Sedang,Pokok Utama,109.23278514346171,-0.43304071885859347,1146,109.23277578,-0.43305882,6.17,0.455,0.455,Healthy,Moderate
AME II,D005A,D05,2009,97,14,183428,0.45048081744651014,Stres Sedang,0.4397063276689585,Stres Sedang,Pokok Utama,109.23288018972467,-0.43305713370406096,2735,109.23285931,-0.43308235,1.22,0.433,0.433,Abnormal,Moderate
AME II,D005A,D05,2009,97,15,64440,0.43082221710926866,Stres Sedang,0.45709234553402484,Stres Sedang,Pokok Utama,109.23292704974135,-0.43300739346532646,457,109.23290739,-0.4329856,8.41,0.485,0.485,Healthy,Good
AME II,D005A,D05,2009,97,17,64437,0.44334324494783367,Stres Sedang,0.4522771559952585,Stres Sedang,Pokok Utama,109.23307678471593,-0.4329886995224875,1988,109.23306414,-0.4329576,3.44,0.474,0.474,Abnormal,Good
AME II,D005A,D05,2009,97,19,65749,0.47184157753007583,Stres Sedang,0.45992683476413904,Stres Sedang,Pokok Utama,109.23314487331531,-0.4330295042370841,2580,109.23314812,-0.4330051,1.77,0.52,0.52,Abnormal,Good
AME II,D005A,D05,2009,97,20,64405,0.4715644411528649,Stres Sedang,0.4628188441040562,Stres Sedang,Pokok Utama,109.2331651371656,-0.43299859907412075,2580,109.23314812,-0.4330051,1.77,0.52,0.52,Abnormal,Good
AME II,D005A,D05,2009,97,21,64403,0.45255361435399,Stres Sedang,0.4341724339074158,Stres Sedang,Pokok Utama,109.2332694108672,-0.43305049595138206,1742,109.23326848,-0.43305712,4.14,0.452,0.452,Healthy,Moderate
AME II,D005A,D05,2009,97,24,64389,0.4300084434282473,Stres Sedang,0.44711004384839637,Stres Sedang,Pokok Utama,109.23336803350055,-0.43302055326755884,2161,109.23337673,-0.43301374,2.94,0.487,0.487,Healthy,Good
AME II,D005A,D05,2009,97,25,64388,0.4440241154862457,Stres Sedang,0.46200799066774284,Stres Sedang,Pokok Utama,109.23343642231472,-0.43304884236758184,2359,109.23342477,-0.43307344,2.38,0.47,0.47,Healthy,Good
AME II,D005A,D05,2009,97,26,64398,0.4235837983020481,Stres Sedang,0.4207548677295428,Stres Sedang,Pokok Utama,109.23350961858173,-0.4330694306475534,280,109.23351101,-0.43306668,9.11,0.57,0.57,Healthy,Good
AME II,D005A,D05,2009,98,1,64240,0.3900687151770997,Stres Berat,0.4477515229114938,Stres Sedang,Pokok Utama,109.23142307148598,-0.4329288264794306,477,109.23141717,-0.43293325,8.33,0.607,0.607,Healthy,Good
AME II,D005A,D05,2009,98,7,64502,0.39838637115774517,Stres Berat,0.4413742862917759,Stres Sedang,Pokok Utama,109.23218023042489,-0.43298206931759126,912,109.23219191,-0.43300578,6.93,0.47,0.47,Healthy,Good
AME II,D005A,D05,2009,98,8,64492,0.3916121888349978,Stres Berat,0.43665186705210945,Stres Sedang,Pokok Utama,109.23238521590494,-0.4329414894636322,438,109.23238191,-0.43294252,8.49,0.514,0.514,Healthy,Good
AME II,D005A,D05,2009,98,11,64448,0.4171957487171145,Stres Sedang,0.4562397338714323,Stres Sedang,Pokok Utama,109.23266253840372,-0.43294725242686255,1460,109.23265319,-0.43294846,5.15,0.462,0.462,Healthy,Good
AME II,D005A,D05,2009,98,12,64447,0.41444839152676605,Stres Sedang,0.44583287724708104,Stres Sedang,Pokok Utama,109.23272393779843,-0.43293336779836367,1024,109.23274302,-0.43292497,6.56,0.488,0.488,Healthy,Good
AME II,D005A,D05,2009,98,13,64441,0.4084288176486865,Stres Sedang,0.42379264368563935,Stres Sedang,Pokok Utama,109.23295932247481,-0.4329429436290012,1274,109.23294558,-0.4329214,5.79,0.474,0.474,Healthy,Good
AME II,D005A,D05,2009,98,15,65750,0.47500853528228076,Stres Sedang,0.4959286644714272,Stres Sedang,Pokok Utama,109.23311209565492,-0.4328817169951443,516,109.23308707,-0.43285768,8.22,0.598,0.598,Healthy,Good
AME II,D005A,D05,2009,98,17,64391,0.4191344280983334,Stres Sedang,0.42616026605720875,Stres Sedang,Pokok Utama,109.23324268771825,-0.43295320053652486,2535,109.23324829,-0.43295267,1.89,0.557,0.557,Abnormal,Good
AME II,D005A,D05,2009,98,20,64385,0.4505961120830055,Stres Sedang,0.43247079686182544,Stres Sedang,Pokok Utama,109.23352463651217,-0.4329215210508838,168,109.23353574,-0.43292606,9.71,0.512,0.512,Healthy,Good
AME II,D005A,D05,2009,99,1,64238,0.3815777462789382,Stres Berat,0.4080801980569384,Stres Sedang,Pokok Utama,109.23136469184536,-0.43285864509878175,1037,109.23135835,-0.43285095,6.51,0.488,0.488,Healthy,Good
AME II,D005A,D05,2009,99,2,64239,0.42218137366314457,Stres Sedang,0.42004080735252847,Stres Sedang,Pokok Utama,109.23144811395665,-0.43285411850844785,2498,109.23144773,-0.4328478,1.97,0.409,0.409,Abnormal,Sub-Optimal
AME II,D005A,D05,2009,99,3,63343,0.43075473025396277,Stres Sedang,0.44685700211995916,Stres Sedang,Pokok Utama,109.23151398874204,-0.4328751630213062,2864,109.23150881,-0.43286726,0.8,0.484,0.484,Abnormal,Good
AME II,D005A,D05,2009,99,4,64241,0.43483581939191196,Stres Sedang,0.43008759355493503,Stres Sedang,Pokok Utama,109.23156686024109,-0.43285064512345883,496,109.23159146,-0.4328284,8.27,0.471,0.471,Healthy,Good
AME II,D005A,D05,2009,99,5,64279,0.4064200489636222,Stres Sedang,0.3999715702808679,Stres Berat,Pokok Utama,109.23184063497801,-0.4328479251745943,406,109.23184522,-0.43283976,8.61,0.616,0.616,Healthy,Good
AME II,D005A,D05,2009,99,8,64286,0.3995665718564854,Stres Berat,0.42973664816345813,Stres Sedang,Pokok Utama,109.23210173531925,-0.4328555252781701,123,109.23209763,-0.43285429,10.01,0.403,0.403,Healthy,Sub-Optimal
AME II,D005A,D05,2009,99,10,64493,0.4309657908657817,Stres Sedang,0.45826113686987174,Stres Sedang,Pokok Utama,109.23228815527366,-0.43289755128467844,1046,109.23229704,-0.43289638,6.48,0.528,0.528,Healthy,Good
AME II,D005A,D05,2009,99,11,64298,0.39862631755879735,Stres Berat,0.40886830297524007,Stres Sedang,Pokok Utama,109.23243409472354,-0.43285691530021614,554,109.23243134,-0.43284803,8.09,0.464,0.464,Healthy,Good
AME II,D005A,D05,2009,99,12,64442,0.42806911812253196,Stres Sedang,0.4451254525193454,Stres Sedang,Pokok Utama,109.23276015776214,-0.43288514313143595,491,109.23277312,-0.4328861,8.29,0.456,0.456,Healthy,Moderate
AME II,D005A,D05,2009,99,13,64393,0.4477403272252327,Stres Sedang,0.4901713791631954,Stres Sedang,Pokok Utama,109.23307356746811,-0.43286488152360764,516,109.23308707,-0.43285768,8.22,0.598,0.598,Healthy,Good
AME II,D005A,D05,2009,99,14,64377,0.43877882414306885,Stres Sedang,0.43765544936428835,Stres Sedang,Pokok Utama,109.23324022186523,-0.43284227203126385,2296,109.23325371,-0.4328107,2.56,0.506,0.506,Healthy,Good
AME II,D005A,D05,2009,99,16,64384,0.43365453727693914,Stres Sedang,0.43265873837544483,Stres Sedang,Pokok Utama,109.23347798580686,-0.43286141078695545,910,109.23349085,-0.43285371,6.93,0.478,0.478,Healthy,Good
AME II,D005A,D05,2009,100,2,64243,0.4385902142438241,Stres Sedang,0.43600640146544684,Stres Sedang,Pokok Utama,109.23166671770637,-0.43276809077326406,289,109.23166693,-0.43276828,9.07,0.485,0.485,Healthy,Good
AME II,D005A,D05,2009,100,3,64282,0.4063118531225412,Stres Sedang,0.43736432874589654,Stres Sedang,Pokok Utama,109.23190051335473,-0.43277196165316767,1172,109.23187712,-0.43276833,6.08,0.521,0.521,Healthy,Good
AME II,D005A,D05,2009,100,4,63323,0.41049905947897575,Stres Sedang,0.4321414903128818,Stres Sedang,Pokok Utama,109.23210191063194,-0.4328034141655376,492,109.23211605,-0.43280636,8.28,0.492,0.492,Healthy,Good
AME II,D005A,D05,2009,100,5,64291,0.34965455738240725,Stres Berat,0.3928923626085037,Stres Berat,Pokok Utama,109.2322372669092,-0.4328099111187521,687,109.23221846,-0.43279915,7.68,0.507,0.507,Healthy,Good
AME II,D005A,D05,2009,100,6,64289,0.3939639826983279,Stres Berat,0.3938777214511378,Stres Berat,Pokok Utama,109.23229359966966,-0.43275531698563974,527,109.23228853,-0.43277068,8.17,0.386,0.386,Healthy,Critical
AME II,D005A,D05,2009,100,7,64292,0.408134094759398,Stres Sedang,0.4393447241850904,Stres Sedang,Pokok Utama,109.23235659968515,-0.43283617676497677,361,109.23236532,-0.43282767,8.78,0.497,0.497,Healthy,Good
AME II,D005A,D05,2009,100,8,64299,0.3937691345452219,Stres Berat,0.4044767553707117,Stres Sedang,Pokok Utama,109.23252630994618,-0.4328337295305489,292,109.2325342,-0.43281415,9.06,0.481,0.481,Healthy,Good
AME II,D005A,D05,2009,100,9,64316,0.40122127154309545,Stres Sedang,0.4317200853108697,Stres Sedang,Pokok Utama,109.23260559070141,-0.4327911341027537,546,109.23259259,-0.43280331,8.11,0.437,0.437,Healthy,Moderate
AME II,D005A,D05,2009,100,12,64396,0.3992173069321177,Stres Berat,0.4157628639727895,Stres Sedang,Pokok Utama,109.23284359555622,-0.43281118231640625,2893,109.23285802,-0.43281739,0.73,0.477,0.477,Abnormal,Good
AME II,D005A,D05,2009,100,14,64395,0.4225113747716929,Stres Sedang,0.418251926634333,Stres Sedang,Pokok Utama,109.23297613008006,-0.43283789862728905,712,109.2329712,-0.43282646,7.62,0.47,0.47,Healthy,Good
AME II,D005A,D05,2009,100,15,64376,0.41513026140524156,Stres Sedang,0.4446083758258761,Stres Sedang,Pokok Utama,109.23302095930151,-0.43279164802814224,444,109.23305296,-0.43278307,8.46,0.463,0.463,Healthy,Good
AME II,D005A,D05,2009,100,16,64371,0.4197435115050931,Stres Sedang,0.42207018069074126,Stres Sedang,Pokok Utama,109.23320241135923,-0.4327652993903929,213,109.23320522,-0.43273834,9.44,0.465,0.465,Healthy,Good
AME II,D005A,D05,2009,100,17,64378,0.4599285332843015,Stres Sedang,0.42826458203380235,Stres Sedang,Pokok Utama,109.2332272741547,-0.4328092513226325,2296,109.23325371,-0.4328107,2.56,0.506,0.506,Healthy,Good
AME II,D005A,D05,2009,100,19,64381,0.43305340867838793,Stres Sedang,0.4367800965348867,Stres Sedang,Pokok Utama,109.23336364790607,-0.4327849206430045,2590,109.23334399,-0.43278721,1.73,0.462,0.462,Healthy,Good
AME II,D005A,D05,2009,100,20,64364,0.4277939442046162,Stres Sedang,0.4484064768736434,Stres Sedang,Pokok Utama,109.23342580075393,-0.43277105411354677,2009,109.23344057,-0.43275061,3.39,0.534,0.534,Healthy,Good
AME II,D005A,D05,2009,101,1,64235,0.3761365856946755,Stres Berat,0.41050326673476517,Stres Sedang,Pokok Utama,109.2314321993668,-0.4327245216358133,77,109.23143384,-0.43270718,10.33,0.474,0.474,Healthy,Good
AME II,D005A,D05,2009,101,4,64244,0.37917146228783116,Stres Berat,0.35862623773699187,Stres Berat,Pokok Utama,109.23173885197552,-0.43271578000267313,312,109.23174959,-0.43268374,8.96,0.383,0.383,Healthy,Critical
AME II,D005A,D05,2009,101,6,64276,0.4172893542820828,Stres Sedang,0.45273402936676,Stres Sedang,Pokok Utama,109.23182716771267,-0.4327199014582235,56,109.23182548,-0.43273666,10.52,0.515,0.515,Healthy,Good
AME II,D005A,D05,2009,101,8,64257,0.44508982301900524,Stres Sedang,0.4324507183110556,Stres Sedang,Pokok Utama,109.23202146363235,-0.43267742067616444,149,109.23204243,-0.43267974,9.8,0.413,0.413,Healthy,Sub-Optimal
AME II,D005A,D05,2009,101,9,64284,0.44309831454113263,Stres Sedang,0.43431368558713707,Stres Sedang,Pokok Utama,109.23202977669612,-0.43272334230199705,237,109.23204286,-0.43273084,9.34,0.468,0.468,Healthy,Good
AME II,D005A,D05,2009,101,10,64288,0.3598214185433577,Stres Berat,0.4059691558397948,Stres Sedang,Pokok Utama,109.23220410024778,-0.4327295346925285,1189,109.23220501,-0.43270782,6.02,0.425,0.425,Healthy,Sub-Optimal
AME II,D005A,D05,2009,101,11,64294,0.42507400562910186,Stres Sedang,0.4459101598136877,Stres Sedang,Pokok Utama,109.23236321844679,-0.4327180031803445,461,109.23235995,-0.43272187,8.4,0.475,0.475,Healthy,Good
AME II,D005A,D05,2009,101,12,64297,0.42509514260644493,Stres Sedang,0.42258241307076644,Stres Sedang,Pokok Utama,109.23250122544381,-0.4327378994959977,1177,109.23250323,-0.43273637,6.06,0.491,0.491,Healthy,Good
AME II,D005A,D05,2009,101,14,64314,0.44647578543638006,Stres Sedang,0.48463301190847086,Stres Sedang,Pokok Utama,109.23263634457517,-0.4327171152005457,1777,109.23263258,-0.43269933,4.02,0.613,0.613,Healthy,Good
AME II,D005A,D05,2009,101,15,64317,0.41800807379796856,Stres Sedang,0.44577058639868855,Stres Sedang,Pokok Utama,109.23267821348531,-0.43274748554065956,1184,109.23268332,-0.43275133,6.04,0.444,0.444,Healthy,Moderate
AME II,D005A,D05,2009,101,16,64313,0.3637368372206513,Stres Berat,0.4560383996012183,Stres Sedang,Pokok Utama,109.23267657275714,-0.4326715984636054,2369,109.23266179,-0.43265457,2.33,0.466,0.466,Healthy,Good
AME II,D005A,D05,2009,101,17,64318,0.3917351956238194,Stres Berat,0.4438253964194185,Stres Sedang,Pokok Utama,109.23274393118251,-0.4327244952895176,2366,109.23274577,-0.43269709,2.34,0.577,0.577,Healthy,Good
AME II,D005A,D05,2009,101,18,64340,0.43162617466725817,Stres Sedang,0.4501780536777265,Stres Sedang,Pokok Utama,109.23284223384567,-0.4327255785695983,1999,109.2328347,-0.43269349,3.41,0.46,0.46,Healthy,Good
AME II,D005A,D05,2009,101,19,64339,0.40194750389674216,Stres Sedang,0.41622168907494617,Stres Sedang,Pokok Utama,109.23290708348335,-0.4327075662894217,2469,109.23289263,-0.432703,2.05,0.458,0.458,Healthy,Moderate
AME II,D005A,D05,2009,101,20,64372,0.4448735770404388,Stres Sedang,0.4388362569966926,Stres Sedang,Pokok Utama,109.23315739979556,-0.4327259119133016,223,109.23317559,-0.4326981,9.41,0.468,0.468,Healthy,Good
AME II,D005A,D05,2009,101,23,64365,0.4273997287925293,Stres Sedang,0.4350462727051028,Stres Sedang,Pokok Utama,109.23343229120631,-0.43266721546087605,2070,109.23343564,-0.43268052,3.22,0.499,0.499,Healthy,Good
AME II,D005A,D05,2009,102,1,64212,0.37142200109390333,Stres Berat,0.39391943846403815,Stres Berat,Pokok Utama,109.23138106621215,-0.43258573846126214,721,109.23139928,-0.43259323,7.59,0.499,0.499,Healthy,Good
AME II,D005A,D05,2009,102,3,64214,0.41680767649248857,Stres Sedang,0.43367458487617955,Stres Sedang,Pokok Utama,109.23147692884933,-0.4326035202233107,478,109.23145407,-0.43262218,8.33,0.485,0.485,Healthy,Good
AME II,D005A,D05,2009,102,4,64215,0.4041663023000079,Stres Sedang,0.43203204424616215,Stres Sedang,Pokok Utama,109.2315492655606,-0.43258705105849876,175,109.23154346,-0.43257292,9.66,0.558,0.558,Healthy,Good
AME II,D005A,D05,2009,102,5,64222,0.4266464992824165,Stres Sedang,0.4129276483366079,Stres Sedang,Pokok Utama,109.23164009544388,-0.43260336718805237,1033,109.23160903,-0.43260413,6.53,0.468,0.468,Healthy,Good
AME II,D005A,D05,2009,102,6,64221,0.42651120136608467,Stres Sedang,0.41298892741661153,Stres Sedang,Pokok Utama,109.23169062228095,-0.43259905519204944,448,109.23170694,-0.43259647,8.44,0.457,0.457,Healthy,Moderate
AME II,D005A,D05,2009,102,7,64255,0.4230328475034677,Stres Sedang,0.4246529461442505,Stres Sedang,Pokok Utama,109.23184345227598,-0.43261905824420416,1170,109.23183674,-0.43259967,6.11,0.469,0.469,Healthy,Good
AME II,D005A,D05,2009,102,9,64258,0.42023344753312125,Stres Sedang,0.439384019625117,Stres Sedang,Pokok Utama,109.23207820657173,-0.43262460043427325,442,109.23209589,-0.43262233,8.48,0.478,0.478,Healthy,Good
AME II,D005A,D05,2009,102,10,64302,0.43424293176482176,Stres Sedang,0.459443621321282,Stres Sedang,Pokok Utama,109.23255000746013,-0.43261397220496095,2463,109.23255536,-0.43259215,2.07,0.543,0.543,Healthy,Good
AME II,D005A,D05,2009,102,11,66080,0.388646095751426,Stres Berat,0.4471741525180032,Stres Sedang,Pokok Utama,109.23257746153936,-0.4326277577455951,2171,109.23256074,-0.4326351,2.89,0.48,0.48,Healthy,Good
AME II,D005A,D05,2009,102,12,64312,0.37899611411043677,Stres Berat,0.44051123437785955,Stres Sedang,Pokok Utama,109.23258731623268,-0.4325889093831649,2655,109.23259758,-0.43259713,1.52,0.504,0.504,Healthy,Good
AME II,D005A,D05,2009,102,14,64319,0.3744365310315262,Stres Berat,0.4087306763902053,Stres Sedang,Pokok Utama,109.23278129341772,-0.4326363983490843,1678,109.23278217,-0.43260757,4.37,0.488,0.488,Healthy,Good
AME II,D005A,D05,2009,102,15,64382,0.35817030744457323,Stres Berat,0.3786891230737976,Stres Berat,Pokok Utama,109.23284738343565,-0.4326571601207121,2418,109.23285896,-0.43263834,2.19,0.477,0.477,Abnormal,Good
AME II,D005A,D05,2009,102,20,64368,0.44406516184458394,Stres Sedang,0.4514484578086342,Stres Sedang,Pokok Utama,109.23332766265897,-0.43260167705532454,1284,109.23332877,-0.4325964,5.74,0.524,0.524,Healthy,Good
AME II,D005A,D05,2009,102,22,64397,0.43782150688205373,Stres Sedang,0.4610196460117783,Stres Sedang,Pokok Utama,109.23341789296333,-0.4325946258943261,1869,109.23342534,-0.43257427,3.8,0.557,0.557,Healthy,Good
AME II,D005A,D05,2009,102,23,64361,0.4630299204183173,Stres Sedang,0.4468218512899744,Stres Sedang,Pokok Utama,109.23352257218154,-0.4326266761392589,1026,109.2335138,-0.43264301,6.55,0.501,0.501,Healthy,Good
AME II,D005A,D05,2009,103,1,64216,0.4571349439404791,Stres Sedang,0.458123552123865,Stres Sedang,Pokok Utama,109.23156957022003,-0.4325101964443361,1459,109.23157222,-0.4325051,5.16,0.547,0.547,Healthy,Good
AME II,D005A,D05,2009,103,3,64229,0.4290095846385972,Stres Sedang,0.4159477316348385,Stres Sedang,Pokok Utama,109.23179592060349,-0.4325531693600041,906,109.23180082,-0.4325766,6.94,0.472,0.472,Healthy,Good
AME II,D005A,D05,2009,103,4,64254,0.4606515176406565,Stres Sedang,0.4714575214366112,Stres Sedang,Pokok Utama,109.23193621474907,-0.43256083957427616,1410,109.23196161,-0.43257483,5.31,0.489,0.489,Healthy,Good
AME II,D005A,D05,2009,103,6,64259,0.4454760320672331,Stres Sedang,0.4470787429423244,Stres Sedang,Pokok Utama,109.2321502299448,-0.4325338454396055,2578,109.23214217,-0.43253237,1.77,0.535,0.535,Abnormal,Good
AME II,D005A,D05,2009,103,7,64260,0.39673991318943075,Stres Berat,0.4100838394360597,Stres Sedang,Pokok Utama,109.23220488548594,-0.4325625672146871,1199,109.23220953,-0.43256584,5.98,0.542,0.542,Healthy,Good
AME II,D005A,D05,2009,103,8,64261,0.3865028776149015,Stres Berat,0.444762337051424,Stres Sedang,Pokok Utama,109.23221655840739,-0.4324943166520051,1756,109.23223604,-0.43251521,4.09,0.431,0.431,Healthy,Moderate
AME II,D005A,D05,2009,103,9,64267,0.47525035171973995,Stres Sedang,0.4610926524734261,Stres Sedang,Pokok Utama,109.23240547504946,-0.4325112557794605,1087,109.23239279,-0.43252971,6.35,0.456,0.456,Healthy,Moderate
AME II,D005A,D05,2009,103,10,64300,0.37423402314183485,Stres Berat,0.42744723133519685,Stres Sedang,Pokok Utama,109.23251179023514,-0.43256432362338026,1487,109.23249608,-0.43256862,5.04,0.491,0.491,Healthy,Good
AME II,D005A,D05,2009,103,11,64310,0.4232232487165784,Stres Sedang,0.46766800365957684,Stres Sedang,Pokok Utama,109.23267401064959,-0.4325053949468262,1546,109.23269506,-0.43250039,4.85,0.491,0.491,Healthy,Good
AME II,D005A,D05,2009,103,12,64303,0.34791578520196526,Stres Berat,0.38358946116951986,Stres Berat,Pokok Utama,109.23280445591867,-0.43251306205053575,1796,109.23280195,-0.43252122,3.98,0.415,0.415,Abnormal,Sub-Optimal
AME II,D005A,D05,2009,103,14,64334,0.39012423849109096,Stres Berat,0.4257134113979811,Stres Sedang,Pokok Utama,109.2329541904482,-0.43249383744861053,2035,109.23297712,-0.43247424,3.3,0.498,0.498,Healthy,Good
AME II,D005A,D05,2009,103,16,64349,0.3915320760398377,Stres Berat,0.4377486286101537,Stres Sedang,Pokok Utama,109.23311342022515,-0.43251173463126885,1008,109.23312533,-0.43250366,6.62,0.49,0.49,Healthy,Good
AME II,D005A,D05,2009,103,17,64348,0.4290401881391352,Stres Sedang,0.4266399984265522,Stres Sedang,Pokok Utama,109.23319613021991,-0.43251893766479377,701,109.23319854,-0.43252131,7.64,0.444,0.444,Healthy,Moderate
AME II,D005A,D05,2009,103,18,64352,0.3439515245243217,Stres Berat,0.3519464186342437,Stres Berat,Pokok Utama,109.23328121350342,-0.43252166977570106,626,109.23327444,-0.43251183,7.86,0.413,0.413,Healthy,Sub-Optimal
AME II,D005A,D05,2009,103,19,64356,0.4214921341856865,Stres Sedang,0.4400827330387669,Stres Sedang,Pokok Utama,109.23335964586185,-0.43252073181819134,1779,109.23336607,-0.43249196,4.02,0.522,0.522,Healthy,Good
AME II,D005A,D05,2009,103,21,64366,0.43752585079869616,Stres Sedang,0.4650224833944697,Stres Sedang,Pokok Utama,109.23346919525815,-0.4325653646054101,2175,109.23346755,-0.43258965,2.88,0.558,0.558,Healthy,Good
AME II,D005A,D05,2009,103,22,64359,0.43439793325113746,Stres Sedang,0.4338297815234573,Stres Sedang,Pokok Utama,109.23352981495638,-0.43251154847031964,1118,109.2335336,-0.4324911,6.24,0.599,0.599,Healthy,Good
AME II,D005A,D05,2009,104,3,64217,0.4284684649722217,Stres Sedang,0.4294836969151425,Stres Sedang,Pokok Utama,109.23164989387661,-0.43247095370505173,759,109.23164679,-0.43245222,7.44,0.57,0.57,Healthy,Good
AME II,D005A,D05,2009,104,4,64218,0.4301495016241387,Stres Sedang,0.44042743354060165,Stres Sedang,Pokok Utama,109.23172341003799,-0.4324180925485125,2257,109.23169755,-0.43240476,2.65,0.478,0.478,Abnormal,Good
AME II,D005A,D05,2009,104,5,64219,0.4192337338421667,Stres Sedang,0.4294315902915918,Stres Sedang,Pokok Utama,109.23175295046347,-0.43245066465397075,1057,109.23176581,-0.43243959,6.46,0.466,0.466,Healthy,Good
AME II,D005A,D05,2009,104,6,64247,0.4262947109971616,Stres Sedang,0.42388298237128696,Stres Sedang,Pokok Utama,109.23187282974855,-0.4324581743018899,1295,109.23187989,-0.43246177,5.69,0.478,0.478,Healthy,Good
AME II,D005A,D05,2009,104,8,64262,0.44030679355856817,Stres Sedang,0.4666960377143716,Stres Sedang,Pokok Utama,109.23219493658362,-0.43242634785183903,1706,109.23220956,-0.43243834,4.27,0.492,0.492,Healthy,Good
AME II,D005A,D05,2009,104,9,64263,0.40081714534642043,Stres Sedang,0.41483510772583476,Stres Sedang,Pokok Utama,109.2323577990841,-0.43244393227971833,1828,109.2323672,-0.43245782,3.9,0.528,0.528,Healthy,Good
AME II,D005A,D05,2009,104,10,64268,0.4249581835036607,Stres Sedang,0.4469442304356205,Stres Sedang,Pokok Utama,109.23245017827158,-0.432468999759987,1141,109.23244939,-0.43247592,6.19,0.558,0.558,Healthy,Good
AME II,D005A,D05,2009,104,11,64306,0.40046614679534404,Stres Sedang,0.44089614718067727,Stres Sedang,Pokok Utama,109.23252888343687,-0.4324137670013061,1484,109.23254103,-0.43240224,5.05,0.552,0.552,Healthy,Good
AME II,D005A,D05,2009,104,13,63337,0.36648588838296203,Stres Berat,0.44205760951210005,Stres Sedang,Pokok Utama,109.23259921716674,-0.43241292261713116,831,109.23258819,-0.43239638,7.19,0.523,0.523,Healthy,Good
AME II,D005A,D05,2009,104,14,64307,0.4221472731702606,Stres Sedang,0.4909394429789649,Stres Sedang,Pokok Utama,109.23266118253669,-0.4324678309293255,771,109.23268564,-0.43245879,7.41,0.489,0.489,Healthy,Good
AME II,D005A,D05,2009,104,15,64309,0.3925489165667765,Stres Berat,0.45670406064810304,Stres Sedang,Pokok Utama,109.23269434770631,-0.4324193808092607,682,109.23271394,-0.43242805,7.69,0.496,0.496,Healthy,Good
AME II,D005A,D05,2009,104,16,64330,0.37272719824735084,Stres Berat,0.3944591464471346,Stres Berat,Pokok Utama,109.23285154128826,-0.432401936500189,1397,109.23282848,-0.43237925,5.35,0.444,0.444,Healthy,Moderate
AME II,D005A,D05,2009,104,19,64351,0.4163863159914077,Stres Sedang,0.3988164247961068,Stres Berat,Pokok Utama,109.23319686696655,-0.4324015362978642,166,109.23319272,-0.43240149,9.72,0.503,0.503,Healthy,Good
AME II,D005A,D05,2009,104,20,64358,0.3836221036104422,Stres Berat,0.4228138865160487,Stres Sedang,Pokok Utama,109.2334784988469,-0.43243558141106936,854,109.23349678,-0.43242824,7.12,0.437,0.437,Healthy,Moderate
AME II,D005A,D05,2009,105,1,63330,0.4301897061872965,Stres Sedang,0.4444178195789507,Stres Sedang,Pokok Utama,109.23150983771966,-0.4323748083838019,25,109.23151252,-0.43235588,11.19,0.545,0.545,Healthy,Good
AME II,D005A,D05,2009,105,5,63334,0.4171596797542614,Stres Sedang,0.44130702780322006,Stres Sedang,Pokok Utama,109.23190162091902,-0.43238362862501956,2346,109.23190641,-0.43237813,2.43,0.465,0.465,Healthy,Good
AME II,D005A,D05,2009,105,7,64249,0.3940416801549298,Stres Berat,0.4067099534715127,Stres Sedang,Pokok Utama,109.23201518572662,-0.43234330976956276,2700,109.23200477,-0.43235645,1.34,0.576,0.576,Healthy,Good
AME II,D005A,D05,2009,105,8,63339,0.4338762485987521,Stres Sedang,0.43717023886648226,Stres Sedang,Pokok Utama,109.2320871925437,-0.43238405911987243,2047,109.23208157,-0.4323741,3.27,0.475,0.475,Healthy,Good
AME II,D005A,D05,2009,105,10,64265,0.43076750022187615,Stres Sedang,0.44900150070955724,Stres Sedang,Pokok Utama,109.23221856126646,-0.43235600996942586,1857,109.23221362,-0.43234022,3.83,0.43,0.43,Abnormal,Moderate
AME II,D005A,D05,2009,105,11,64264,0.38545257849369013,Stres Berat,0.43938614634211376,Stres Sedang,Pokok Utama,109.2322548329204,-0.43239637151593774,1267,109.2322693,-0.43240218,5.81,0.484,0.484,Healthy,Good
AME II,D005A,D05,2009,105,13,64308,0.39168062988671737,Stres Berat,0.4589325686234468,Stres Sedang,Pokok Utama,109.2327299269512,-0.43238924856380423,555,109.23272563,-0.43237968,8.09,0.6,0.6,Healthy,Good
AME II,D005A,D05,2009,105,14,64332,0.4232364893814813,Stres Sedang,0.4618673863751127,Stres Sedang,Pokok Utama,109.23297275451725,-0.43238282278850726,774,109.2329794,-0.43234763,7.4,0.5,0.5,Healthy,Good
AME II,D005A,D05,2009,106,1,66073,0.4259603799985842,Stres Sedang,0.4406263223947604,Stres Sedang,Pokok Utama,109.23142048154338,-0.43234119291736217,88,109.23141596,-0.43233596,10.23,0.515,0.515,Healthy,Good
AME II,D005A,D05,2009,106,2,63309,0.4739916082726766,Stres Sedang,0.4546062285609451,Stres Sedang,Pokok Utama,109.23147298306132,-0.43230993609725443,62,109.23149592,-0.43230343,10.43,0.573,0.573,Healthy,Good
AME II,D005A,D05,2009,106,3,63308,0.4159289790296476,Stres Sedang,0.4260540778231098,Stres Sedang,Pokok Utama,109.23151067595235,-0.4323147504854197,62,109.23149592,-0.43230343,10.43,0.573,0.573,Healthy,Good
AME II,D005A,D05,2009,106,4,63305,0.4235485202400652,Stres Sedang,0.4373983527316583,Stres Sedang,Pokok Utama,109.2316198711114,-0.43233729610149796,170,109.23161852,-0.43232742,9.7,0.533,0.533,Healthy,Good
AME II,D005A,D05,2009,106,5,63313,0.3889491458529807,Stres Berat,0.3883318745887574,Stres Berat,Pokok Utama,109.23176506712502,-0.4323115545333144,1062,109.23177258,-0.43230168,6.43,0.409,0.409,Healthy,Sub-Optimal
AME II,D005A,D05,2009,106,6,63315,0.4262439456873738,Stres Sedang,0.45211310728778087,Stres Sedang,Pokok Utama,109.23194668779388,-0.4323051963847197,2401,109.23193562,-0.43229675,2.23,0.543,0.543,Healthy,Good
AME II,D005A,D05,2009,106,7,63298,0.41377644344087106,Stres Sedang,0.4460967189928215,Stres Sedang,Pokok Utama,109.23216182588276,-0.4323169942143443,1681,109.23216019,-0.43229499,4.35,0.503,0.503,Healthy,Good
AME II,D005A,D05,2009,106,8,63317,0.39635153521821925,Stres Berat,0.4681587948782929,Stres Sedang,Pokok Utama,109.23226009115454,-0.43230170715087596,2092,109.23228101,-0.43229367,3.15,0.451,0.451,Healthy,Moderate
AME II,D005A,D05,2009,106,9,63328,0.413818707172015,Stres Sedang,0.4029522273480119,Stres Sedang,Pokok Utama,109.23234286098881,-0.4322978388639475,1838,109.23235871,-0.43229052,3.88,0.538,0.538,Healthy,Good
AME II,D005A,D05,2009,106,11,63303,0.4017599921383837,Stres Sedang,0.4412328334738823,Stres Sedang,Pokok Utama,109.23266452422206,-0.432309545604175,932,109.23265378,-0.43230958,6.87,0.5,0.5,Healthy,Good
AME II,D005A,D05,2009,106,15,63310,0.3761026425824772,Stres Berat,0.423873958937764,Stres Sedang,Pokok Utama,109.23296452301653,-0.4323122332665562,427,109.23296593,-0.43230784,8.51,0.515,0.515,Healthy,Good
AME II,D005A,D05,2009,106,16,64179,0.3595641734359199,Stres Berat,0.4234612752693796,Stres Sedang,Pokok Utama,109.2330971364567,-0.4323182074325161,591,109.23307597,-0.43230877,7.97,0.448,0.448,Healthy,Moderate
AME II,D005A,D05,2009,107,1,64205,0.4439843768113153,Stres Sedang,0.43737570521159047,Stres Sedang,Pokok Utama,109.23139041039254,-0.4322634134937722,547,109.23137107,-0.43224326,8.11,0.493,0.493,Healthy,Good
AME II,D005A,D05,2009,107,2,63289,0.39769026728908646,Stres Berat,0.4079862819397048,Stres Sedang,Pokok Utama,109.23158432068148,-0.4322461392956549,716,109.23158081,-0.4322727,7.61,0.478,0.478,Healthy,Good
AME II,D005A,D05,2009,107,3,63290,0.42191401078388907,Stres Sedang,0.4152519863286332,Stres Sedang,Pokok Utama,109.23163874121374,-0.43218572900787283,407,109.23165628,-0.43219812,8.61,0.467,0.467,Healthy,Good
AME II,D005A,D05,2009,107,4,63286,0.40625483248975514,Stres Sedang,0.42174254410277184,Stres Sedang,Pokok Utama,109.23167865641956,-0.4322188647023253,407,109.23165628,-0.43219812,8.61,0.467,0.467,Healthy,Good
AME II,D005A,D05,2009,107,5,66076,0.40713194602980657,Stres Sedang,0.425170234492148,Stres Sedang,Pokok Utama,109.23182829759085,-0.4322614676725508,798,109.23184714,-0.43228181,7.31,0.452,0.452,Healthy,Moderate
AME II,D005A,D05,2009,107,6,63299,0.3955735214583861,Stres Berat,0.41763141209177945,Stres Sedang,Pokok Utama,109.23191601097328,-0.43224664114161043,2176,109.23189655,-0.4322574,2.88,0.41,0.41,Healthy,Sub-Optimal
AME II,D005A,D05,2009,107,8,63301,0.4347130581004521,Stres Sedang,0.4483046611457188,Stres Sedang,Pokok Utama,109.23199440118564,-0.4322444638283738,2202,109.23199986,-0.4322416,2.8,0.527,0.527,Healthy,Good
AME II,D005A,D05,2009,107,9,63297,0.40534719055040475,Stres Sedang,0.4205759263057032,Stres Sedang,Pokok Utama,109.23206465027131,-0.4322426285230526,2374,109.2320605,-0.4322172,2.32,0.515,0.515,Healthy,Good
AME II,D005A,D05,2009,107,10,63304,0.4421136103188642,Stres Sedang,0.44613718616164766,Stres Sedang,Pokok Utama,109.23213595111118,-0.43221003311970724,747,109.23214899,-0.43218195,7.48,0.405,0.405,Healthy,Sub-Optimal
AME II,D005A,D05,2009,107,11,66072,0.4336659005085192,Stres Sedang,0.44987493479156143,Stres Sedang,Pokok Utama,109.23216905139533,-0.43224204989483467,1641,109.23217906,-0.43226335,4.51,0.516,0.516,Healthy,Good
AME II,D005A,D05,2009,107,12,66066,0.4289966467410342,Stres Sedang,0.43725335889666417,Stres Sedang,Pokok Utama,109.23217403912152,-0.4321849885694803,747,109.23214899,-0.43218195,7.48,0.405,0.405,Healthy,Sub-Optimal
AME II,D005A,D05,2009,107,13,63338,0.4275287493243467,Stres Sedang,0.4408128862204647,Stres Sedang,Pokok Utama,109.23228937415585,-0.4322090351846565,1897,109.23227968,-0.43220957,3.7,0.531,0.531,Healthy,Good
AME II,D005A,D05,2009,107,14,63291,0.4409596371719263,Stres Sedang,0.4390477665334039,Stres Sedang,Pokok Utama,109.23235799747289,-0.4322119842911488,2045,109.23235783,-0.43221546,3.27,0.478,0.478,Healthy,Good
AME II,D005A,D05,2009,107,15,63282,0.4530608623062997,Stres Sedang,0.4180108905667684,Stres Sedang,Pokok Utama,109.23241705579464,-0.4322166059754666,2624,109.23242924,-0.43220779,1.59,0.518,0.518,Healthy,Good
AME II,D005A,D05,2009,107,17,63296,0.4039079374985653,Stres Sedang,0.4226882900497395,Stres Sedang,Pokok Utama,109.23248278599472,-0.43223752484085287,1283,109.23249705,-0.43223584,5.75,0.53,0.53,Healthy,Good
AME II,D005A,D05,2009,107,18,63300,0.38216715706884047,Stres Berat,0.4213895194690218,Stres Sedang,Pokok Utama,109.2325996883753,-0.4321672415572519,1996,109.23257432,-0.43215764,3.42,0.435,0.435,Healthy,Moderate
AME II,D005A,D05,2009,107,19,64367,0.34363051741525236,Stres Berat,0.38672125501957405,Stres Berat,Pokok Utama,109.23261580939572,-0.43224587875349696,2439,109.23259047,-0.43222953,2.13,0.447,0.447,Healthy,Moderate
AME II,D005A,D05,2009,107,20,64096,0.32378644637214554,Stres Berat,0.4100077551575765,Stres Sedang,Pokok Utama,109.23266407154163,-0.4321767049542268,2278,109.23264977,-0.4321979,2.61,0.438,0.438,Healthy,Moderate
AME II,D005A,D05,2009,107,22,63288,0.399001651964001,Stres Berat,0.4433110791485301,Stres Sedang,Pokok Utama,109.23295977585782,-0.43222545852111055,439,109.23298571,-0.43224862,8.48,0.476,0.476,Healthy,Good
AME II,D005A,D05,2009,107,23,63261,0.40580583407406473,Stres Sedang,0.42285067835216394,Stres Sedang,Pokok Utama,109.23299584681207,-0.43216909796485364,1596,109.2330019,-0.43216814,4.69,0.495,0.495,Healthy,Good
AME II,D005A,D05,2009,107,24,63283,0.4205546160033729,Stres Sedang,0.4308668178108697,Stres Sedang,Pokok Utama,109.2334024486055,-0.432180036437841,1461,109.23340477,-0.43215964,5.14,0.462,0.462,Healthy,Good
AME II,D005A,D05,2009,107,25,63284,0.4318250031044993,Stres Sedang,0.44338798758351705,Stres Sedang,Pokok Utama,109.23347471779397,-0.43221716296164353,78,109.23347751,-0.43224285,10.32,0.459,0.459,Healthy,Moderate
AME II,D005A,D05,2009,108,1,66075,0.33718751103990646,Stres Berat,0.35228668935159757,Stres Berat,Pokok Utama,109.23138056542813,-0.43203113652846203,2472,109.23136933,-0.43201312,2.04,0.471,0.471,Healthy,Good
AME II,D005A,D05,2009,108,2,64204,0.3951611316667717,Stres Berat,0.41615900079765167,Stres Sedang,Pokok Utama,109.23142197125729,-0.43210590861562376,671,109.23142679,-0.4321212,7.72,0.459,0.459,Healthy,Moderate
AME II,D005A,D05,2009,108,3,64202,0.4094790869432237,Stres Sedang,0.41855050160776586,Stres Sedang,Pokok Utama,109.23145715777356,-0.43205354780256766,190,109.23146139,-0.43204343,9.58,0.467,0.467,Healthy,Good
AME II,D005A,D05,2009,108,6,66074,0.44080873352721356,Stres Sedang,0.4483667784044131,Stres Sedang,Pokok Utama,109.23164849855301,-0.4321224018577676,95,109.23165675,-0.43212261,10.18,0.481,0.481,Healthy,Good
AME II,D005A,D05,2009,108,9,63266,0.4017504505400336,Stres Sedang,0.44781919252294283,Stres Sedang,Pokok Utama,109.23200131382983,-0.43208922036197056,147,109.23198373,-0.43208063,9.81,0.56,0.56,Healthy,Good
AME II,D005A,D05,2009,108,10,63280,0.351567257649021,Stres Berat,0.4005930642532602,Stres Sedang,Pokok Utama,109.23211033092574,-0.4321425309136233,2180,109.23210723,-0.43211412,2.86,0.487,0.487,Abnormal,Good
AME II,D005A,D05,2009,108,11,63263,0.43656230115900285,Stres Sedang,0.46122981536078955,Stres Sedang,Pokok Utama,109.23223613440042,-0.43210476436409384,1337,109.2322065,-0.43208882,5.56,0.498,0.498,Healthy,Good
AME II,D005A,D05,2009,108,12,64154,0.4174829264319008,Stres Sedang,0.4626774284701374,Stres Sedang,Pokok Utama,109.23230403036456,-0.43208115433993427,1269,109.23232687,-0.43205539,5.8,0.548,0.548,Healthy,Good
AME II,D005A,D05,2009,108,14,63269,0.42082639564893803,Stres Sedang,0.4307723365342595,Stres Sedang,Pokok Utama,109.23248607912237,-0.43211537444514564,545,109.23250787,-0.43208709,8.11,0.44,0.44,Healthy,Moderate
AME II,D005A,D05,2009,108,16,63257,0.4380558071033736,Stres Sedang,0.44828833477532465,Stres Sedang,Pokok Utama,109.23276730884155,-0.4321156198770921,222,109.23276747,-0.43209076,9.41,0.452,0.452,Healthy,Moderate
AME II,D005A,D05,2009,108,17,66070,0.44215362499252714,Stres Sedang,0.4360830607839521,Stres Sedang,Pokok Utama,109.2328317768114,-0.432058807544563,431,109.23284024,-0.43203924,8.5,0.528,0.528,Healthy,Good
AME II,D005A,D05,2009,108,19,63278,0.3601016777382116,Stres Berat,0.4007975371006792,Stres Sedang,Pokok Utama,109.23307569142665,-0.4321362524681432,872,109.23309892,-0.432113,7.05,0.439,0.439,Healthy,Moderate
AME II,D005A,D05,2009,108,21,63258,0.4084700577843212,Stres Sedang,0.4486104206893134,Stres Sedang,Pokok Utama,109.2334388685367,-0.4321190630743081,1159,109.23342724,-0.43209861,6.14,0.444,0.444,Healthy,Moderate
AME II,D005A,D05,2009,108,22,63259,0.43562936074073416,Stres Sedang,0.41641438151856425,Stres Sedang,Pokok Utama,109.23353184725129,-0.4321154659266063,669,109.23355794,-0.43210497,7.73,0.552,0.552,Healthy,Good
AME II,D005A,D05,2009,108,23,64092,0.39698170784040715,Stres Berat,0.4016638279844486,Stres Sedang,Pokok Utama,109.23356209110406,-0.43206533345173187,650,109.2335849,-0.43204981,7.77,0.414,0.414,Healthy,Sub-Optimal
AME II,D005A,D05,2009,109,2,64199,0.488520010621073,Stres Sedang,0.46210992982189536,Stres Sedang,Pokok Utama,109.23164120473108,-0.4320244483129299,136,109.23163971,-0.4320073,9.88,0.455,0.455,Healthy,Moderate
AME II,D005A,D05,2009,109,3,63292,0.3738086414185247,Stres Berat,0.4189257319332198,Stres Sedang,Pokok Utama,109.23168930674603,-0.4320104956326828,60,109.23170079,-0.43200641,10.49,0.47,0.47,Healthy,Good
AME II,D005A,D05,2009,109,6,64164,0.42677926732096494,Stres Sedang,0.4406228193753882,Stres Sedang,Pokok Utama,109.23199233953159,-0.4319557306337429,490,109.23197702,-0.43195946,8.29,0.468,0.468,Healthy,Good
AME II,D005A,D05,2009,109,9,66067,0.42369259079210264,Stres Sedang,0.3442109637399061,Stres Berat,Mati Jan26,109.23209996762525,-0.4320410725816165,47,109.23210995,-0.43200832,10.66,0.495,0.495,Healthy,Good
AME II,D005A,D05,2009,109,12,64152,0.3701786380893625,Stres Berat,0.42554332945490103,Stres Sedang,Pokok Utama,109.23229430394339,-0.43196606887025263,2613,109.23227974,-0.4319541,1.64,0.446,0.446,Healthy,Moderate
AME II,D005A,D05,2009,109,13,64153,0.44602709972773696,Stres Sedang,0.46315162095521395,Stres Sedang,Pokok Utama,109.23233089933842,-0.4320388103852247,1269,109.23232687,-0.43205539,5.8,0.548,0.548,Healthy,Good
AME II,D005A,D05,2009,109,15,66068,0.35835917812308976,Stres Berat,0.4028326480605118,Stres Sedang,Pokok Utama,109.23253152646484,-0.4320403879400208,739,109.23255369,-0.43205228,7.51,0.513,0.513,Healthy,Good
AME II,D005A,D05,2009,109,16,64129,0.3448494255485631,Stres Berat,0.3749835139356404,Stres Berat,Pokok Utama,109.2326146844823,-0.43199822822665684,523,109.2326314,-0.4319786,8.19,0.463,0.463,Healthy,Good
AME II,D005A,D05,2009,109,17,64128,0.3887082726782552,Stres Berat,0.4355963100707928,Stres Sedang,Pokok Utama,109.2327197867003,-0.4319841893530197,568,109.23271718,-0.4319958,8.06,0.524,0.524,Healthy,Good
AME II,D005A,D05,2009,109,19,64119,0.4164435955162931,Stres Sedang,0.4406627300257292,Stres Sedang,Pokok Utama,109.23283760786477,-0.43200782906844293,431,109.23284024,-0.43203924,8.5,0.528,0.528,Healthy,Good
AME II,D005A,D05,2009,109,20,64108,0.42249689490973263,Stres Sedang,0.4166582414016518,Stres Sedang,Pokok Utama,109.23293433585545,-0.43197524152764327,1163,109.23293233,-0.4319737,6.13,0.442,0.442,Healthy,Moderate
AME II,D005A,D05,2009,109,21,64107,0.3824586514902936,Stres Berat,0.4401830137603047,Stres Sedang,Pokok Utama,109.2329945759674,-0.43198750288985194,1152,109.23299655,-0.43199948,6.15,0.419,0.419,Healthy,Sub-Optimal
AME II,D005A,D05,2009,109,22,64102,0.42037285211536524,Stres Sedang,0.39665169449417853,Stres Berat,Pokok Utama,109.23319934528982,-0.431993559723602,487,109.23320585,-0.43196472,8.29,0.439,0.439,Healthy,Moderate
AME II,D005A,D05,2009,109,23,64087,0.3906745843301568,Stres Berat,0.4234211950685769,Stres Sedang,Pokok Utama,109.23327158980753,-0.43201032534076195,535,109.23326064,-0.43200723,8.15,0.495,0.495,Healthy,Good
AME II,D005A,D05,2009,109,24,64089,0.432073016688411,Stres Sedang,0.42336093145336295,Stres Sedang,Pokok Utama,109.23341529573686,-0.43201825889145157,1130,109.23343175,-0.4320231,6.21,0.47,0.47,Healthy,Good
AME II,D005A,D05,2009,109,25,64091,0.41470992210793167,Stres Sedang,0.4519355880169543,Stres Sedang,Pokok Utama,109.23347171820042,-0.43198753310469906,109,109.23347937,-0.43198694,10.1,0.48,0.48,Healthy,Good
AME II,D005A,D05,2009,110,1,63949,0.41533077460740936,Stres Sedang,0.4192534185052655,Stres Sedang,Pokok Utama,109.23138603111106,-0.4318474357773081,63,109.2313981,-0.43187432,10.42,0.394,0.394,Healthy,Sub-Optimal
AME II,D005A,D05,2009,110,5,64196,0.44175329742485103,Stres Sedang,0.4193279420773409,Stres Sedang,Pokok Utama,109.23161091463807,-0.4318765979813878,1168,109.23158539,-0.43188386,6.12,0.45,0.45,Healthy,Moderate
AME II,D005A,D05,2009,110,7,64186,0.436194507684227,Stres Sedang,0.45512959776580664,Stres Sedang,Pokok Utama,109.23177680540543,-0.4318848387243075,150,109.23176729,-0.43186581,9.8,0.501,0.501,Healthy,Good
AME II,D005A,D05,2009,110,8,64168,0.4388910603340408,Stres Sedang,0.43510327759846085,Stres Sedang,Pokok Utama,109.23183633716252,-0.43190255837837,18,109.23183915,-0.43189658,11.35,0.505,0.505,Healthy,Good
AME II,D005A,D05,2009,110,9,64169,0.4143098004464252,Stres Sedang,0.45106730634967485,Stres Sedang,Pokok Utama,109.23191548833799,-0.43186955877288935,191,109.23193527,-0.43188213,9.57,0.464,0.464,Healthy,Good
AME II,D005A,D05,2009,110,10,64161,0.3615316021202296,Stres Berat,0.3745925573883581,Stres Berat,Mati Jan26,109.23196164991555,-0.43189183165927475,191,109.23193527,-0.43188213,9.57,0.464,0.464,Healthy,Good
AME II,D005A,D05,2009,110,11,64160,0.4402090194804263,Stres Sedang,0.4191527013834664,Stres Sedang,Pokok Utama,109.2320761600625,-0.4318363382146833,788,109.23209068,-0.43182565,7.36,0.521,0.521,Healthy,Good
AME II,D005A,D05,2009,110,13,327213,0.378462517322659,Stres Berat,0.40610140463575456,Stres Sedang,Tamb,109.2322035286819,-0.43181913116412907,1559,109.23219713,-0.43179764,4.82,0.544,0.544,Healthy,Good
AME II,D005A,D05,2009,110,14,64151,0.41022550129368596,Stres Sedang,0.42127612728486286,Stres Sedang,Pokok Utama,109.23230642364446,-0.43186367010558063,753,109.23234084,-0.43185826,7.45,0.516,0.516,Healthy,Good
AME II,D005A,D05,2009,110,15,64150,0.3981713178164007,Stres Berat,0.44142899225339477,Stres Sedang,Pokok Utama,109.23235112936688,-0.4318866488468005,761,109.23235745,-0.43189489,7.44,0.506,0.506,Healthy,Good
AME II,D005A,D05,2009,110,16,327214,0.4260410035002532,Stres Sedang,0.43225225434856307,Stres Sedang,Tamb,109.23241541503964,-0.43188362519765566,925,109.23241,-0.43187501,6.89,0.449,0.449,Healthy,Moderate
AME II,D005A,D05,2009,110,17,64147,0.4128079009407664,Stres Sedang,0.4174476593318273,Stres Sedang,Pokok Utama,109.23247279276086,-0.43190550834854324,33,109.23247377,-0.43191933,10.91,0.427,0.427,Healthy,Sub-Optimal
AME II,D005A,D05,2009,110,19,64146,0.3492464933033483,Stres Berat,0.42919584490668794,Stres Sedang,Pokok Utama,109.23254483105396,-0.4318201110741023,2766,109.23255464,-0.43180405,1.13,0.483,0.483,Abnormal,Good
AME II,D005A,D05,2009,110,20,64131,0.34678550798812047,Stres Berat,0.43954693006858225,Stres Sedang,Pokok Utama,109.23261175359966,-0.4318330910050326,1389,109.23260269,-0.43183752,5.37,0.521,0.521,Healthy,Good
AME II,D005A,D05,2009,110,21,64127,0.39151061847826407,Stres Berat,0.4506218767527378,Stres Sedang,Pokok Utama,109.23266284286241,-0.4319239111467108,929,109.23266241,-0.43191259,6.88,0.458,0.458,Healthy,Moderate
AME II,D005A,D05,2009,110,22,64121,0.3803720611123074,Stres Berat,0.42882038986848714,Stres Sedang,Pokok Utama,109.23274252861926,-0.431868667951288,1637,109.23274416,-0.43188006,4.53,0.448,0.448,Healthy,Moderate
AME II,D005A,D05,2009,110,24,64116,0.36678452591128524,Stres Berat,0.38498578233515274,Stres Berat,Pokok Utama,109.2328423402371,-0.4318289620225911,1744,109.232834,-0.43181904,4.13,0.422,0.422,Healthy,Sub-Optimal
AME II,D005A,D05,2009,110,27,64110,0.42677283949503464,Stres Sedang,0.4198786067107201,Stres Sedang,Pokok Utama,109.23294501049912,-0.43185036031012886,2288,109.23292832,-0.43182177,2.58,0.369,0.369,Abnormal,Critical
AME II,D005A,D05,2009,110,28,64106,0.421048429175599,Stres Sedang,0.43151112081607795,Stres Sedang,Pokok Utama,109.23298920879836,-0.43188195299416887,1080,109.23301364,-0.43188329,6.35,0.427,0.427,Healthy,Sub-Optimal
AME II,D005A,D05,2009,110,29,64103,0.394214985673312,Stres Berat,0.36987730812879255,Stres Berat,Mati Jan26,109.23304476115673,-0.43186850047015274,1080,109.23301364,-0.43188329,6.35,0.427,0.427,Healthy,Sub-Optimal
AME II,D005A,D05,2009,110,30,64065,0.4419151246629304,Stres Sedang,0.4456603454795928,Stres Sedang,Pokok Utama,109.2331053497918,-0.43187159431347355,1606,109.23310211,-0.43190501,4.65,0.456,0.456,Healthy,Moderate
AME II,D005A,D05,2009,110,31,64086,0.42574219654480466,Stres Sedang,0.43295468581475904,Stres Sedang,Pokok Utama,109.23327114954245,-0.4318696374637108,865,109.23325662,-0.43187068,7.08,0.531,0.531,Healthy,Good
AME II,D005A,D05,2009,110,32,64085,0.38649448922838003,Stres Berat,0.4225689715302278,Stres Sedang,Pokok Utama,109.23334366000182,-0.43188812204345833,836,109.23333702,-0.43187296,7.17,0.516,0.516,Healthy,Good
AME II,D005A,D05,2009,110,33,64084,0.39998480282982507,Stres Berat,0.4274842910312015,Stres Sedang,Pokok Utama,109.23335744873917,-0.4318603683663045,836,109.23333702,-0.43187296,7.17,0.516,0.516,Healthy,Good
AME II,D005A,D05,2009,110,34,64083,0.41476373736370814,Stres Sedang,0.4354458144520273,Stres Sedang,Pokok Utama,109.2334299065835,-0.4318701524338679,1224,109.23342864,-0.43187931,5.92,0.511,0.511,Healthy,Good
AME II,D005A,D05,2009,111,1,63948,0.421698116325046,Stres Sedang,0.44072384453318975,Stres Sedang,Pokok Utama,109.23142300951156,-0.4317373923763262,1005,109.23140757,-0.43171923,6.63,0.436,0.436,Healthy,Moderate
AME II,D005A,D05,2009,111,2,63956,0.4033296803919069,Stres Sedang,0.40783806386483173,Stres Sedang,Pokok Utama,109.23149550488289,-0.43168894851879175,2254,109.23148169,-0.43165776,2.66,0.477,0.477,Healthy,Good
AME II,D005A,D05,2009,111,3,63955,0.4176767873326513,Stres Sedang,0.42566691694287623,Stres Sedang,Pokok Utama,109.23155345960693,-0.43174760090889036,1358,109.23156297,-0.43174459,5.47,0.499,0.499,Healthy,Good
AME II,D005A,D05,2009,111,4,63970,0.4230671828006777,Stres Sedang,0.44746821719982716,Stres Sedang,Pokok Utama,109.23162322515505,-0.43174787807965914,288,109.23163303,-0.43175907,9.08,0.539,0.539,Healthy,Good
AME II,D005A,D05,2009,111,6,63972,0.3393041268684333,Stres Berat,0.3596812451992559,Stres Berat,Pokok Utama,109.23171635849025,-0.43171973353332654,1928,109.23171522,-0.43173739,3.59,0.48,0.48,Abnormal,Good
AME II,D005A,D05,2009,111,7,65569,0.35875828902329154,Stres Berat,0.37558831266220777,Stres Berat,Pokok Utama,109.23175906979323,-0.4317643786921889,1551,109.23175384,-0.4317695,4.83,0.407,0.407,Healthy,Sub-Optimal
AME II,D005A,D05,2009,111,8,64187,0.4079742387614467,Stres Sedang,0.4050396393110723,Stres Sedang,Pokok Utama,109.23183302203489,-0.43171401023531764,1181,109.23183245,-0.43173064,6.05,0.419,0.419,Healthy,Sub-Optimal
AME II,D005A,D05,2009,111,12,64172,0.3960034611002769,Stres Berat,0.3834305592134383,Stres Berat,Tamb,109.23206144747188,-0.43173943309815993,1950,109.23205836,-0.43175239,3.53,0.457,0.457,Healthy,Moderate
AME II,D005A,D05,2009,111,13,64159,0.3919465597270615,Stres Berat,0.3030335431604418,Stres Berat,Mati Jan26,109.23211509473057,-0.43175679114305787,2912,109.23212753,-0.43174834,0.68,0.401,0.401,Abnormal,Sub-Optimal
AME II,D005A,D05,2009,111,15,327211,0.37128789987874355,Stres Berat,0.3944648959391496,Stres Berat,Tamb,109.23224397046302,-0.4316994771875155,1765,109.23223848,-0.43168506,4.05,0.423,0.423,Healthy,Sub-Optimal
AME II,D005A,D05,2009,111,16,64142,0.45177028188125684,Stres Sedang,0.45016477611485217,Stres Sedang,Pokok Utama,109.2323880086586,-0.43172778214297947,893,109.23241273,-0.43173484,6.99,0.498,0.498,Healthy,Good
AME II,D005A,D05,2009,111,17,64143,0.42173643103944974,Stres Sedang,0.4645983650751341,Stres Sedang,Pokok Utama,109.2324179460164,-0.4317474133681904,893,109.23241273,-0.43173484,6.99,0.498,0.498,Healthy,Good
AME II,D005A,D05,2009,111,20,64134,0.3214317329431492,Stres Berat,0.41504271296255385,Stres Sedang,Pokok Utama,109.2326408311948,-0.431733108478464,261,109.23265662,-0.43170867,9.25,0.444,0.444,Healthy,Moderate
AME II,D005A,D05,2009,111,21,64125,0.3267739793086705,Stres Berat,0.4105546960274207,Stres Sedang,Pokok Utama,109.23271261965262,-0.43174208382571283,871,109.23272354,-0.43172225,7.05,0.476,0.476,Healthy,Good
AME II,D005A,D05,2009,111,22,64114,0.4087730935439182,Stres Sedang,0.41448515815499387,Stres Sedang,Pokok Utama,109.23289827909346,-0.43173316493623703,399,109.23291801,-0.43172094,8.63,0.493,0.493,Healthy,Good
AME II,D005A,D05,2009,111,24,64098,0.42529265158501656,Stres Sedang,0.43788386390478856,Stres Sedang,Pokok Utama,109.23307058273045,-0.4317442128208876,80,109.2330505,-0.43175262,10.3,0.62,0.62,Healthy,Good
AME II,D005A,D05,2009,111,25,64097,0.44367949924487243,Stres Sedang,0.4623665460802435,Stres Sedang,Pokok Utama,109.23312002192577,-0.4317298686758148,468,109.23310664,-0.43175535,8.38,0.472,0.472,Healthy,Good
AME II,D005A,D05,2009,111,26,64055,0.4448740382482082,Stres Sedang,0.4512971296934049,Stres Sedang,Pokok Utama,109.23318458277424,-0.43168252091914117,2518,109.23315202,-0.43166855,1.93,0.583,0.583,Abnormal,Good
AME II,D005A,D05,2009,111,27,64095,0.3888818235797425,Stres Berat,0.40999628319056997,Stres Sedang,Pokok Utama,109.23318085102473,-0.43178778738841767,1186,109.23316906,-0.43178521,6.04,0.409,0.409,Healthy,Sub-Optimal
AME II,D005A,D05,2009,111,29,64077,0.4188697749252325,Stres Sedang,0.4395168431938744,Stres Sedang,Pokok Utama,109.23339478222806,-0.43174953562279106,2445,109.23341384,-0.43177034,2.12,0.416,0.416,Healthy,Sub-Optimal
AME II,D005A,D05,2009,111,30,64072,0.43576590453949093,Stres Sedang,0.47960106649282463,Stres Sedang,Pokok Utama,109.23341411927186,-0.4317032541958255,2215,109.23343317,-0.43170072,2.77,0.6,0.6,Healthy,Good
AME II,D005A,D05,2009,112,1,63947,0.4514768633368897,Stres Sedang,0.42824998451037405,Stres Sedang,Pokok Utama,109.23146961242064,-0.4316324227453163,2107,109.23147766,-0.43161299,3.1,0.523,0.523,Healthy,Good
AME II,D005A,D05,2009,112,2,63957,0.43154519746619363,Stres Sedang,0.43368072385658335,Stres Sedang,Pokok Utama,109.23155666804384,-0.4316215991455364,2702,109.23157916,-0.43163698,1.33,0.447,0.447,Healthy,Moderate
AME II,D005A,D05,2009,112,4,63974,0.4514647870274459,Stres Sedang,0.4637303121132628,Stres Sedang,Pokok Utama,109.23173423118045,-0.4316055918662368,2355,109.23172694,-0.43159044,2.39,0.533,0.533,Healthy,Good
AME II,D005A,D05,2009,112,6,63988,0.4525198061049734,Stres Sedang,0.46687137523011024,Stres Sedang,Pokok Utama,109.23181335071534,-0.4316185427929023,2704,109.23182709,-0.43161488,1.32,0.534,0.534,Healthy,Good
AME II,D005A,D05,2009,112,8,63991,0.4088669212255525,Stres Sedang,0.44645651243799594,Stres Sedang,Pokok Utama,109.23193182873035,-0.431614628591706,1560,109.23194207,-0.43161808,4.82,0.497,0.497,Healthy,Good
AME II,D005A,D05,2009,112,9,63992,0.43585887094376746,Stres Sedang,0.41089153090316083,Stres Sedang,Pokok Utama,109.23201025815202,-0.4316170399394106,2199,109.2320292,-0.43159865,2.82,0.531,0.531,Healthy,Good
AME II,D005A,D05,2009,112,10,64188,0.3695600435141835,Stres Berat,0.3311405922067754,Stres Berat,Tamb,109.23211232620531,-0.43165594248046285,2512,109.23210643,-0.43168142,1.94,0.434,0.434,Healthy,Moderate
AME II,D005A,D05,2009,112,11,64191,0.42886921820841906,Stres Sedang,0.40270583683066474,Stres Sedang,Pokok Utama,109.23216466406281,-0.43159820521526054,1775,109.23216484,-0.43160547,4.03,0.489,0.489,Healthy,Good
AME II,D005A,D05,2009,112,12,64192,0.40916782222215403,Stres Sedang,0.43855377160005826,Stres Sedang,Pokok Utama,109.23223786129374,-0.4316003742020235,1430,109.23226006,-0.43159645,5.24,0.535,0.535,Healthy,Good
AME II,D005A,D05,2009,112,13,64141,0.36910701456363154,Stres Berat,0.3996113501926349,Stres Berat,Pokok Utama,109.23236957186262,-0.4316510391975973,644,109.23239029,-0.43165526,7.8,0.415,0.415,Healthy,Sub-Optimal
AME II,D005A,D05,2009,112,14,64140,0.3888703924721068,Stres Berat,0.40965624975636167,Stres Sedang,Pokok Utama,109.23239261362919,-0.43160430604501976,781,109.23238492,-0.43158472,7.38,0.452,0.452,Healthy,Moderate
AME II,D005A,D05,2009,112,15,64137,0.36736186603753984,Stres Berat,0.4359095477998956,Stres Sedang,Pokok Utama,109.23250051308136,-0.4316031365378509,254,109.23248956,-0.4316182,9.28,0.505,0.505,Healthy,Good
AME II,D005A,D05,2009,112,16,64135,0.36235532879258636,Stres Berat,0.41924688530100757,Stres Sedang,Pokok Utama,109.23258714703051,-0.4316172714035565,1855,109.23256771,-0.43161596,3.84,0.477,0.477,Abnormal,Good
AME II,D005A,D05,2009,112,17,64039,0.3749436788859753,Stres Berat,0.4436710541814934,Stres Sedang,Pokok Utama,109.23265601214992,-0.4316168073352461,1289,109.23266023,-0.4316205,5.73,0.547,0.547,Healthy,Good
AME II,D005A,D05,2009,112,18,64124,0.3482428001203213,Stres Berat,0.4042089579648777,Stres Sedang,Pokok Utama,109.23276961995107,-0.4316407348469504,2240,109.23274781,-0.43162233,2.7,0.428,0.428,Healthy,Sub-Optimal
AME II,D005A,D05,2009,112,20,64045,0.44432521032053174,Stres Sedang,0.47067073617247723,Stres Sedang,Pokok Utama,109.23295195132339,-0.43160190659999875,146,109.2329625,-0.43162374,9.81,0.455,0.455,Healthy,Moderate
AME II,D005A,D05,2009,112,21,64048,0.4294914454506954,Stres Sedang,0.4436229114329248,Stres Sedang,Pokok Utama,109.23308618127646,-0.43161788790193495,1750,109.23310623,-0.43159077,4.1,0.441,0.441,Healthy,Moderate
AME II,D005A,D05,2009,112,22,64054,0.4883556526866767,Stres Sedang,0.4494171995480806,Stres Sedang,Pokok Utama,109.23314921997635,-0.4316592663326008,2518,109.23315202,-0.43166855,1.93,0.583,0.583,Abnormal,Good
AME II,D005A,D05,2009,112,23,64053,0.40704554178242874,Stres Sedang,0.42794385763835496,Stres Sedang,Pokok Utama,109.23325792112725,-0.43163620386664864,2742,109.23326611,-0.43163059,1.21,0.453,0.453,Healthy,Moderate
AME II,D005A,D05,2009,112,24,64057,0.42258108570967634,Stres Sedang,0.42421741467003765,Stres Sedang,Pokok Utama,109.2333264784165,-0.43164531080841284,2695,109.23331731,-0.43165457,1.36,0.433,0.433,Healthy,Moderate
AME II,D005A,D05,2009,112,25,64074,0.38978630333666336,Stres Berat,0.40332022866889183,Stres Sedang,Pokok Utama,109.23340382238001,-0.43161844194729926,1969,109.23340356,-0.43159265,3.5,0.466,0.466,Healthy,Good
AME II,D005A,D05,2009,113,1,63946,0.4379091428059597,Stres Sedang,0.4418515017386681,Stres Sedang,Pokok Utama,109.23143611854876,-0.431556622147137,778,109.23142243,-0.43154968,7.39,0.468,0.468,Healthy,Good
AME II,D005A,D05,2009,113,2,63958,0.42815177786245967,Stres Sedang,0.4403610664887648,Stres Sedang,Pokok Utama,109.2315157342283,-0.43157049691858224,1802,109.23151585,-0.43157186,3.97,0.495,0.495,Healthy,Good
AME II,D005A,D05,2009,113,3,63967,0.4161641515213266,Stres Sedang,0.4538222872993962,Stres Sedang,Pokok Utama,109.23158947869214,-0.43156585814252835,2115,109.23160748,-0.43155244,3.07,0.495,0.495,Healthy,Good
AME II,D005A,D05,2009,113,4,63987,0.4414537457244037,Stres Sedang,0.43512461432888183,Stres Sedang,Pokok Utama,109.2319015372738,-0.4315554030613386,2118,109.23189448,-0.43153577,3.07,0.503,0.503,Healthy,Good
AME II,D005A,D05,2009,113,5,63994,0.44955383618498646,Stres Sedang,0.4161784510885745,Stres Sedang,Pokok Utama,109.23207005152818,-0.4315492176490421,2122,109.2320602,-0.43154892,3.06,0.492,0.492,Healthy,Good
AME II,D005A,D05,2009,113,10,64040,0.3799901562036878,Stres Berat,0.4482549808937872,Stres Sedang,Pokok Utama,109.23273071528212,-0.4315668201315188,1953,109.23270021,-0.43158434,3.53,0.449,0.449,Healthy,Moderate
AME II,D005A,D05,2009,113,11,64041,0.42314643166920574,Stres Sedang,0.44155207743903896,Stres Sedang,Pokok Utama,109.2328052245013,-0.431550888182155,2410,109.2328089,-0.43158482,2.21,0.495,0.495,Healthy,Good
AME II,D005A,D05,2009,113,13,64044,0.4111829411415049,Stres Sedang,0.4522617608861369,Stres Sedang,Pokok Utama,109.23289334147134,-0.4315788337654425,49,109.23290906,-0.43159434,10.62,0.498,0.498,Healthy,Good
AME II,D005A,D05,2009,113,15,64049,0.4017723257627969,Stres Sedang,0.35910414318016703,Stres Berat,Mati Jan26,109.23310650672262,-0.43156493100187526,1750,109.23310623,-0.43159077,4.1,0.441,0.441,Healthy,Moderate
AME II,D005A,D05,2009,113,17,64058,0.3768100578267619,Stres Berat,0.39910445703881603,Stres Berat,Pokok Utama,109.23331116079035,-0.43158465496764475,1927,109.23331059,-0.43155826,3.59,0.438,0.438,Healthy,Moderate
AME II,D005A,D05,2009,113,19,64069,0.4494497675030199,Stres Sedang,0.45958736814424883,Stres Sedang,Pokok Utama,109.23354832905875,-0.4316002923603124,956,109.23357198,-0.43159088,6.8,0.544,0.544,Healthy,Good
AME II,D005A,D05,2009,114,5,63980,0.4147199684874382,Stres Sedang,0.380757932537142,Stres Berat,Pokok Utama,109.23181084654735,-0.43149513796577293,1894,109.23183026,-0.43148828,3.71,0.394,0.394,Healthy,Sub-Optimal
AME II,D005A,D05,2009,114,6,63982,0.44399159478181294,Stres Sedang,0.446076286238408,Stres Sedang,Pokok Utama,109.23185230220375,-0.43147330328047634,1894,109.23183026,-0.43148828,3.71,0.394,0.394,Healthy,Sub-Optimal
AME II,D005A,D05,2009,114,7,63817,0.4512242589829719,Stres Sedang,0.46519266389034414,Stres Sedang,Pokok Utama,109.231947364846,-0.43147970198132013,2198,109.23195512,-0.43147068,2.82,0.548,0.548,Healthy,Good
AME II,D005A,D05,2009,114,8,63985,0.45152114242918184,Stres Sedang,0.4500173596116479,Stres Sedang,Pokok Utama,109.23207600868753,-0.43147266820250646,2532,109.23206292,-0.43145352,1.89,0.422,0.422,Healthy,Sub-Optimal
AME II,D005A,D05,2009,114,10,64004,0.4253747358310396,Stres Sedang,0.42675349767043164,Stres Sedang,Pokok Utama,109.23221167782872,-0.43150301815993025,2370,109.23220169,-0.43149922,2.33,0.506,0.506,Healthy,Good
AME II,D005A,D05,2009,114,11,64003,0.4556249874642707,Stres Sedang,0.4705383592943535,Stres Sedang,Pokok Utama,109.23223854903723,-0.431458523529864,2818,109.23222551,-0.43145085,0.96,0.494,0.494,Abnormal,Good
AME II,D005A,D05,2009,114,15,64015,0.3830844610156143,Stres Berat,0.4159613751919642,Stres Sedang,Pokok Utama,109.23254729436788,-0.4314897616220282,679,109.23253899,-0.43151739,7.69,0.453,0.453,Healthy,Moderate
AME II,D005A,D05,2009,114,16,64037,0.3676982713643819,Stres Berat,0.4328405679468019,Stres Sedang,Pokok Utama,109.2326780677639,-0.43151432306603127,2496,109.23269709,-0.43149436,1.98,0.505,0.505,Healthy,Good
AME II,D005A,D05,2009,114,17,64032,0.4194935599527998,Stres Sedang,0.44964067006530845,Stres Sedang,Pokok Utama,109.23286198844146,-0.4314958784112898,1740,109.23288483,-0.43149396,4.14,0.492,0.492,Healthy,Good
AME II,D005A,D05,2009,114,20,64050,0.3983389443897626,Stres Berat,0.43589196196860736,Stres Sedang,Pokok Utama,109.23322571483709,-0.43150965566462907,267,109.23322887,-0.43148635,9.22,0.451,0.451,Healthy,Moderate
AME II,D005A,D05,2009,114,21,64060,0.4073121826855834,Stres Sedang,0.4412830941590892,Stres Sedang,Pokok Utama,109.23340812988222,-0.43148924087301355,1097,109.23339595,-0.43147192,6.29,0.47,0.47,Healthy,Good
AME II,D005A,D05,2009,114,22,64347,0.4276333766027987,Stres Sedang,0.4422737398404716,Stres Sedang,Pokok Utama,109.23348539952246,-0.43151639439128203,2096,109.23349296,-0.43149319,3.13,0.499,0.499,Healthy,Good
AME II,D005A,D05,2009,114,23,64067,0.47348457487931783,Stres Sedang,0.4540436762992189,Stres Sedang,Pokok Utama,109.23350395220471,-0.4314700299201292,2096,109.23349296,-0.43149319,3.13,0.499,0.499,Healthy,Good
AME II,D005A,D05,2009,114,24,64066,0.4523987300722504,Stres Sedang,0.4716466039676884,Stres Sedang,Pokok Utama,109.23352588055894,-0.43148933471191486,2096,109.23349296,-0.43149319,3.13,0.499,0.499,Healthy,Good
AME II,D005A,D05,2009,115,1,63945,0.3630087510101839,Stres Berat,0.40390108745726927,Stres Sedang,Pokok Utama,109.23142425841428,-0.4314574333539456,1995,109.23139191,-0.43145563,3.42,0.364,0.364,Abnormal,Critical
AME II,D005A,D05,2009,115,2,63961,0.4825197950042204,Stres Sedang,0.46558342524300833,Stres Sedang,Pokok Utama,109.23149661567561,-0.431427612481967,2304,109.23151588,-0.43145068,2.54,0.535,0.535,Abnormal,Good
AME II,D005A,D05,2009,115,3,63964,0.41830632477182234,Stres Sedang,0.44018975193941706,Stres Sedang,Pokok Utama,109.23157773754829,-0.4314243256464921,1272,109.23160211,-0.43143442,5.8,0.514,0.514,Healthy,Good
AME II,D005A,D05,2009,115,4,63816,0.4709475410704601,Stres Sedang,0.48392606784464914,Stres Sedang,Pokok Utama,109.23191730786459,-0.4314429686753326,1208,109.23190303,-0.43143088,5.96,0.575,0.575,Healthy,Good
AME II,D005A,D05,2009,115,5,63818,0.42490423684250817,Stres Sedang,0.45932663823535413,Stres Sedang,Pokok Utama,109.2319686474954,-0.43144261930594474,1746,109.23196457,-0.43141281,4.12,0.586,0.586,Healthy,Good
AME II,D005A,D05,2009,115,7,64014,0.39958219154689945,Stres Berat,0.43161766833819126,Stres Sedang,Pokok Utama,109.2325667939047,-0.4314433497949974,864,109.23255024,-0.43142334,7.08,0.491,0.491,Healthy,Good
AME II,D005A,D05,2009,115,9,64034,0.40835717663813237,Stres Sedang,0.42443579276659626,Stres Sedang,Pokok Utama,109.23279828253861,-0.43145679785029295,2065,109.23280355,-0.43143697,3.23,0.468,0.468,Healthy,Good
AME II,D005A,D05,2009,115,10,64031,0.4026438803613153,Stres Sedang,0.44791870842985554,Stres Sedang,Pokok Utama,109.23288576802923,-0.4314442024666059,892,109.23289562,-0.43141664,6.99,0.461,0.461,Healthy,Good
AME II,D005A,D05,2009,115,11,64027,0.38994811660012196,Stres Berat,0.4135337554378274,Stres Sedang,Pokok Utama,109.23314005419992,-0.4314305588671043,856,109.23313995,-0.43144428,7.12,0.462,0.462,Healthy,Good
AME II,D005A,D05,2009,115,12,64059,0.3820185644365185,Stres Berat,0.42782862040825725,Stres Sedang,Pokok Utama,109.23327196229566,-0.43142412875857006,695,109.2332684,-0.43142939,7.66,0.472,0.472,Healthy,Good
AME II,D005A,D05,2009,116,1,63944,0.42749704764063384,Stres Sedang,0.39713755130326034,Stres Berat,Pokok Utama,109.23140645695213,-0.4313544378116954,987,109.23139508,-0.43137469,6.68,0.406,0.406,Healthy,Sub-Optimal
AME II,D005A,D05,2009,116,2,63962,0.37399034599082737,Stres Berat,0.40470445772570274,Stres Sedang,Pokok Utama,109.23144685676709,-0.4313711961499991,750,109.23147233,-0.43134984,7.47,0.445,0.445,Healthy,Moderate
AME II,D005A,D05,2009,116,4,63977,0.4064023572525866,Stres Sedang,0.41520663829211724,Stres Sedang,Pokok Utama,109.2317061922206,-0.43135896891288844,174,109.23170678,-0.43133362,9.68,0.385,0.385,Healthy,Critical
AME II,D005A,D05,2009,116,6,63981,0.4246850953100808,Stres Sedang,0.4559191045034366,Stres Sedang,Pokok Utama,109.23186927769099,-0.43137207798596877,1595,109.23184196,-0.43138791,4.69,0.561,0.561,Healthy,Good
AME II,D005A,D05,2009,116,7,63983,0.45240888035391924,Stres Sedang,0.4742550089015949,Stres Sedang,Pokok Utama,109.2319526067966,-0.43138083098440166,1465,109.23196369,-0.43135086,5.12,0.508,0.508,Healthy,Good
AME II,D005A,D05,2009,116,8,63984,0.4319130821371366,Stres Sedang,0.4371764943358115,Stres Sedang,Pokok Utama,109.23200778866801,-0.4313644752882993,2464,109.2320032,-0.43138388,2.07,0.499,0.499,Healthy,Good
AME II,D005A,D05,2009,116,9,64001,0.4093452291028496,Stres Sedang,0.3902351902973214,Stres Berat,Pokok Utama,109.2320860143998,-0.43135996861042586,677,109.23210472,-0.43133145,7.7,0.492,0.492,Healthy,Good
AME II,D005A,D05,2009,116,12,64009,0.412725814837485,Stres Sedang,0.41249186686170086,Stres Sedang,Pokok Utama,109.23241672112385,-0.4313440133297267,171,109.2323998,-0.43134644,9.69,0.452,0.452,Healthy,Moderate
AME II,D005A,D05,2009,116,13,64473,0.3356527210945762,Stres Berat,0.36525507661437695,Stres Berat,Pokok Utama,109.23250724690685,-0.43136235179825677,1839,109.23248064,-0.43135369,3.87,0.432,0.432,Abnormal,Moderate
AME II,D005A,D05,2009,116,16,64013,0.40738800270832176,Stres Sedang,0.4312221219084004,Stres Sedang,Pokok Utama,109.23276651424256,-0.4313852072794109,2368,109.2327546,-0.43141299,2.33,0.514,0.514,Healthy,Good
AME II,D005A,D05,2009,116,17,64020,0.35441515477273267,Stres Berat,0.39590279395690037,Stres Berat,Pokok Utama,109.23284209797096,-0.431368953917563,2078,109.23284443,-0.43138679,3.19,0.43,0.43,Abnormal,Moderate
AME II,D005A,D05,2009,116,18,64022,0.41804957461703407,Stres Sedang,0.43853841722933096,Stres Sedang,Pokok Utama,109.23300844049517,-0.431374104352694,40,109.23301736,-0.43134794,10.82,0.344,0.344,Suspect,Critical
AME II,D005A,D05,2009,116,19,64024,0.3890675362530252,Stres Berat,0.40624613877105653,Stres Sedang,Pokok Utama,109.23318762162639,-0.4313785229900748,561,109.23319431,-0.43136381,8.08,0.515,0.515,Healthy,Good
AME II,D005A,D05,2009,116,20,64025,0.3958141269728835,Stres Berat,0.39802952527852886,Stres Berat,Pokok Utama,109.23323754015303,-0.43134312315690915,850,109.23322216,-0.43133443,7.13,0.427,0.427,Healthy,Sub-Optimal
AME II,D005A,D05,2009,116,21,64063,0.41697822470326246,Stres Sedang,0.4301265643559175,Stres Sedang,Pokok Utama,109.23340864863573,-0.43139822837865494,965,109.23341214,-0.431372,6.77,0.469,0.469,Healthy,Good
AME II,D005A,D05,2009,116,22,64064,0.4126683618802954,Stres Sedang,0.43333899040335594,Stres Sedang,Pokok Utama,109.23349124813241,-0.4313896953074372,373,109.23349254,-0.43136071,8.72,0.486,0.486,Healthy,Good
