DIVISI,BLOK_B,Blok,T_TANAM,N_BARIS,N_POKOK,OBJECTID,NDRE125,KlassNDRE12025,NDRE2_26,KLASSNDRE2_26,Ket,Longitude_SR,Latitude_SR,Drone_TreeID,Drone_Lon,Drone_Lat,Drone_Height_m,NDRE_Drone_Rel,NDRE_Drone_Abs,HS_Drone_Rel,HS_Drone_Abs
AME II,D002A,D02,2009,1,2,124067,0.43477180431259427,Stres Sedang,0.46261189662429897,Stres Sedang,Pokok Utama,109.23373063180932,-0.4310998575619864,80,109.2337402,-0.43112353,11.22,0.478,0.478,Healthy,Good
AME II,D002A,D02,2009,1,4,124084,0.40067071547675526,Stres Sedang,0.4606080888593086,Stres Sedang,Pokok Utama,109.23386329665442,-0.431130116524731,70,109.23388392,-0.43115431,11.4,0.526,0.526,Healthy,Good
AME II,D002A,D02,2009,1,5,124087,0.4142796588558678,Stres Sedang,0.47783809570041863,Stres Sedang,Pokok Utama,109.23393491293301,-0.4311345200030611,20,109.23395668,-0.43114393,12.57,0.431,0.431,Healthy,Moderate
AME II,D002A,D02,2009,1,6,124097,0.41426555286078043,Stres Sedang,0.4688795711817167,Stres Sedang,Pokok Utama,109.23399703177074,-0.4311000807473501,50,109.23400789,-0.43111545,11.82,0.494,0.494,Healthy,Good
AME II,D002A,D02,2009,1,7,124102,0.37337247305372334,Stres Berat,0.45214524765779535,Stres Sedang,Pokok Utama,109.23409419594599,-0.43113487099646275,108,109.23411792,-0.43115255,10.9,0.478,0.478,Healthy,Good
AME II,D002A,D02,2009,1,8,124104,0.42440434374962205,Stres Sedang,0.48547309614702305,Stres Sedang,Pokok Utama,109.23417250819662,-0.4311069808295607,55,109.23418575,-0.43110103,11.7,0.518,0.518,Healthy,Good
AME II,D002A,D02,2009,1,9,124121,0.3972355919587781,Stres Berat,0.4818154358455359,Stres Sedang,Pokok Utama,109.234220516698,-0.4311050785450857,55,109.23418575,-0.43110103,11.7,0.518,0.518,Healthy,Good
AME II,D002A,D02,2009,1,13,124147,0.3342855319869945,Stres Berat,0.4627598863963497,Stres Sedang,Pokok Utama,109.23453708896804,-0.43111209024135,96,109.23454102,-0.43109568,11.01,0.47,0.47,Healthy,Good
AME II,D002A,D02,2009,1,15,124150,0.3765530702550352,Stres Berat,0.46928327762433225,Stres Sedang,Pokok Utama,109.23471748099082,-0.43110639006027546,125,109.23470225,-0.431112,10.74,0.477,0.477,Healthy,Good
AME II,D002A,D02,2009,1,16,124152,0.41445592057115677,Stres Sedang,0.45935542693320197,Stres Sedang,Pokok Utama,109.234804945555,-0.431094925885205,301,109.23478355,-0.43110026,9.23,0.424,0.424,Healthy,Sub-Optimal
AME II,D002A,D02,2009,1,17,124154,0.41313656005684446,Stres Sedang,0.4837995213725935,Stres Sedang,Pokok Utama,109.23489050650007,-0.43109207470899724,995,109.23488192,-0.43106999,5.95,0.487,0.487,Healthy,Good
AME II,D002A,D02,2009,1,18,124155,0.361606652693371,Stres Berat,0.46507341007725533,Stres Sedang,Pokok Utama,109.23495277187175,-0.43110405311512795,283,109.23496814,-0.43110754,9.35,0.44,0.44,Healthy,Moderate
AME II,D002A,D02,2009,1,20,124059,0.3596638871171847,Stres Berat,0.4703801379968914,Stres Sedang,Pokok Utama,109.23513688037514,-0.4311282806552237,88,109.23515407,-0.43115144,11.1,0.438,0.438,Healthy,Moderate
AME II,D002A,D02,2009,1,31,124026,0.40746096757547656,Stres Sedang,0.5023146416242417,Stres Ringan,Pokok Utama,109.23579377382671,-0.43107577480123743,100,109.23579545,-0.43110231,11.0,0.491,0.491,Healthy,Good
AME II,D002A,D02,2009,2,1,124068,0.4347015757350704,Stres Sedang,0.4704486114231989,Stres Sedang,Pokok Utama,109.23375765383803,-0.43102465068252377,185,109.23378064,-0.43104848,10.22,0.462,0.462,Healthy,Good
AME II,D002A,D02,2009,2,3,124099,0.3775517609821812,Stres Berat,0.4373340974209689,Stres Sedang,Pokok Utama,109.23405844782008,-0.43102034050083354,342,109.23405148,-0.43098841,8.89,0.479,0.479,Healthy,Good
AME II,D002A,D02,2009,2,7,124136,0.373205293199424,Stres Berat,0.46300884561899763,Stres Sedang,Pokok Utama,109.23454209851471,-0.43103457041796484,178,109.23452801,-0.43100525,10.25,0.473,0.473,Healthy,Good
AME II,D002A,D02,2009,2,8,124146,0.3842825578791755,Stres Berat,0.4761056435337571,Stres Sedang,Pokok Utama,109.23460437215684,-0.43101448691864225,115,109.23459178,-0.43102968,10.83,0.42,0.42,Healthy,Sub-Optimal
AME II,D002A,D02,2009,2,11,124153,0.39928787277669325,Stres Berat,0.4553063941073489,Stres Sedang,Pokok Utama,109.23486413571241,-0.43104636981842437,556,109.2348433,-0.43103336,7.66,0.43,0.43,Healthy,Moderate
AME II,D002A,D02,2009,2,14,124057,0.3610546467970142,Stres Berat,0.45792594225672034,Stres Sedang,Pokok Utama,109.23511350840054,-0.43098335679145167,278,109.23509842,-0.43099589,9.41,0.405,0.405,Healthy,Sub-Optimal
AME II,D002A,D02,2009,2,16,124062,0.40519193823620603,Stres Sedang,0.48074491318911,Stres Sedang,Pokok Utama,109.23523595334736,-0.43098012717178513,1520,109.23524708,-0.43100858,4.83,0.49,0.49,Healthy,Good
AME II,D002A,D02,2009,2,19,124034,0.4109294232399463,Stres Sedang,0.49686858043656335,Stres Sedang,Pokok Utama,109.23537655528207,-0.43101492574815325,1827,109.23535666,-0.43102262,4.42,0.467,0.467,Healthy,Good
AME II,D002A,D02,2009,2,20,124036,0.39475053144260125,Stres Berat,0.5074926681953019,Stres Ringan,Pokok Utama,109.23545066958506,-0.43101597484480364,1717,109.23545278,-0.43102581,4.54,0.514,0.514,Healthy,Good
AME II,D002A,D02,2009,2,21,123966,0.37851767421803373,Stres Berat,0.5045507203873731,Stres Ringan,Pokok Utama,109.23551380937202,-0.4310146050935078,1644,109.23550399,-0.43098377,4.64,0.529,0.529,Healthy,Good
AME II,D002A,D02,2009,3,5,124089,0.3768839321393777,Stres Berat,0.42842418890303147,Stres Sedang,Pokok Utama,109.23402166402494,-0.4309719221115647,342,109.23405148,-0.43098841,8.89,0.479,0.479,Healthy,Good
AME II,D002A,D02,2009,3,7,124107,0.435378168436611,Stres Sedang,0.4727149799000472,Stres Sedang,Pokok Utama,109.23421746287907,-0.4309517043037741,1486,109.23423653,-0.43096584,4.87,0.456,0.456,Healthy,Moderate
AME II,D002A,D02,2009,3,8,124119,0.44273142765033235,Stres Sedang,0.4888930042967048,Stres Sedang,Pokok Utama,109.23426309205391,-0.4309684688916397,1486,109.23423653,-0.43096584,4.87,0.456,0.456,Healthy,Moderate
AME II,D002A,D02,2009,3,9,124125,0.4200275672905723,Stres Sedang,0.47272497919105255,Stres Sedang,Pokok Utama,109.23433044026905,-0.43099018687115787,2221,109.23429581,-0.43099434,4.01,0.543,0.543,Healthy,Good
AME II,D002A,D02,2009,3,11,124135,0.39919121167368876,Stres Berat,0.4807365004921074,Stres Sedang,Pokok Utama,109.23451359086312,-0.43097666152814,178,109.23452801,-0.43100525,10.25,0.473,0.473,Healthy,Good
AME II,D002A,D02,2009,3,13,124138,0.3962391099884696,Stres Berat,0.47236463250340643,Stres Sedang,Pokok Utama,109.23459330956918,-0.43095375164430966,258,109.23460347,-0.43097316,9.57,0.524,0.524,Healthy,Good
AME II,D002A,D02,2009,3,14,124145,0.3872220751757649,Stres Berat,0.4674623550560612,Stres Sedang,Pokok Utama,109.23465548946994,-0.43093506345211857,84,109.2346686,-0.43096007,11.18,0.427,0.427,Healthy,Sub-Optimal
AME II,D002A,D02,2009,3,15,124144,0.37967157967149595,Stres Berat,0.468067693871663,Stres Sedang,Pokok Utama,109.23472417248084,-0.43094919648608515,120,109.23473552,-0.4309732,10.79,0.468,0.468,Healthy,Good
AME II,D002A,D02,2009,3,20,124048,0.3856295156744728,Stres Berat,0.4845811102451937,Stres Sedang,Pokok Utama,109.23497749093889,-0.43093825299426775,1334,109.23499692,-0.43096195,5.1,0.469,0.469,Healthy,Good
AME II,D002A,D02,2009,3,25,123990,0.4038388059331306,Stres Sedang,0.5014920524648718,Stres Ringan,Pokok Utama,109.23540494220197,-0.43090279749025157,1579,109.23540026,-0.43087704,4.74,0.472,0.472,Healthy,Good
AME II,D002A,D02,2009,3,26,123967,0.42733373056588103,Stres Sedang,0.5433360668472372,Stres Ringan,Pokok Utama,109.23550126890169,-0.43093918905562917,1538,109.23548558,-0.43094986,4.8,0.503,0.503,Healthy,Good
AME II,D002A,D02,2009,3,27,123991,0.384765318044995,Stres Berat,0.4823912950232625,Stres Sedang,Pokok Utama,109.23557808136181,-0.43092963044520854,1030,109.23556509,-0.4309015,5.84,0.529,0.529,Healthy,Good
AME II,D002A,D02,2009,4,1,124070,0.367879399573858,Stres Berat,0.4225713219829845,Stres Sedang,Pokok Utama,109.23373517140276,-0.4308826887081323,211,109.23374116,-0.43085043,9.97,0.375,0.375,Suspect,Critical
AME II,D002A,D02,2009,4,2,124091,0.41078549578984147,Stres Sedang,0.492645054948287,Stres Sedang,Pokok Utama,109.23396012325436,-0.4308366084459275,218,109.23396438,-0.43086133,9.88,0.443,0.443,Healthy,Moderate
AME II,D002A,D02,2009,4,4,124101,0.37994116934577116,Stres Berat,0.447355101965883,Stres Sedang,Pokok Utama,109.2340767068015,-0.4308572473277394,131,109.23407577,-0.43085729,10.71,0.445,0.445,Healthy,Moderate
AME II,D002A,D02,2009,4,6,124052,0.3726844438822926,Stres Berat,0.46383142170072245,Stres Sedang,Pokok Utama,109.23422917816522,-0.43084230411440644,1824,109.23422309,-0.43082974,4.42,0.415,0.415,Healthy,Sub-Optimal
AME II,D002A,D02,2009,4,7,124117,0.4445984019489998,Stres Sedang,0.5017103825327368,Stres Ringan,Pokok Utama,109.23428273428516,-0.4308954441449312,3547,109.23428011,-0.43092426,2.23,0.449,0.449,Abnormal,Moderate
AME II,D002A,D02,2009,4,13,124142,0.3774125136130512,Stres Berat,0.4512087164626318,Stres Sedang,Pokok Utama,109.23473536676921,-0.4308436837242247,505,109.23472163,-0.43082353,7.88,0.461,0.461,Healthy,Good
AME II,D002A,D02,2009,4,14,124046,0.40361029130021137,Stres Sedang,0.4518685905754942,Stres Sedang,Pokok Utama,109.23489628044152,-0.43083911205398356,190,109.2349143,-0.43085794,10.16,0.456,0.456,Healthy,Moderate
AME II,D002A,D02,2009,4,15,124054,0.36629143858707675,Stres Berat,0.45412894919796315,Stres Sedang,Pokok Utama,109.2349860858515,-0.4308512867788304,1032,109.23501536,-0.43086248,5.84,0.419,0.419,Healthy,Sub-Optimal
AME II,D002A,D02,2009,4,18,124039,0.4116192467354678,Stres Sedang,0.44619031294382844,Stres Sedang,Pokok Utama,109.23530032898496,-0.43085067642786834,187,109.23529562,-0.43086436,10.18,0.437,0.437,Healthy,Moderate
AME II,D002A,D02,2009,4,19,123989,0.41159912687719985,Stres Sedang,0.45620247211388976,Stres Sedang,Pokok Utama,109.23536734119236,-0.43082987238236187,128,109.23534234,-0.43081735,10.72,0.495,0.495,Healthy,Good
AME II,D002A,D02,2009,4,20,123968,0.3705156744900583,Stres Berat,0.4633811595616093,Stres Sedang,Pokok Utama,109.23548237289052,-0.4308259121542228,1460,109.23548426,-0.43084993,4.9,0.425,0.425,Healthy,Sub-Optimal
AME II,D002A,D02,2009,4,21,123992,0.36256739412371497,Stres Berat,0.47182640559387895,Stres Sedang,Pokok Utama,109.2355534233162,-0.43082642789571235,1142,109.23556959,-0.43085312,5.53,0.484,0.484,Healthy,Good
AME II,D002A,D02,2009,5,2,124092,0.3618408486449524,Stres Berat,0.45285010652245433,Stres Sedang,Pokok Utama,109.2340005000726,-0.4307955744837857,90,109.23400077,-0.43082065,11.09,0.417,0.417,Healthy,Sub-Optimal
AME II,D002A,D02,2009,5,3,124108,0.40080812342935657,Stres Sedang,0.48319090630533884,Stres Sedang,Pokok Utama,109.23421117500833,-0.4307994850015741,1824,109.23422309,-0.43082974,4.42,0.415,0.415,Healthy,Sub-Optimal
AME II,D002A,D02,2009,5,6,124111,0.4141588612807935,Stres Sedang,0.4849861653092291,Stres Sedang,Pokok Utama,109.23437697149126,-0.43080723192866976,195,109.23438837,-0.43081396,10.13,0.464,0.464,Healthy,Good
AME II,D002A,D02,2009,5,7,124110,0.41468200732818994,Stres Sedang,0.5050534518399777,Stres Ringan,Pokok Utama,109.23439313471472,-0.4307849320824848,195,109.23438837,-0.43081396,10.13,0.464,0.464,Healthy,Good
AME II,D002A,D02,2009,5,8,124131,0.36646228552220567,Stres Berat,0.4367389792628499,Stres Sedang,Pokok Utama,109.23448891151553,-0.43081395709060916,156,109.23450335,-0.43083298,10.47,0.439,0.439,Healthy,Moderate
AME II,D002A,D02,2009,5,14,124044,0.36209204376423954,Stres Berat,0.4564024736325829,Stres Sedang,Pokok Utama,109.23493834402491,-0.4307794444796422,312,109.23491567,-0.43077927,9.17,0.439,0.439,Healthy,Moderate
AME II,D002A,D02,2009,5,15,124043,0.3493179304950816,Stres Berat,0.46214062105326986,Stres Sedang,Pokok Utama,109.23502254170734,-0.4307635348947122,1183,109.23501583,-0.43077522,5.42,0.419,0.419,Healthy,Sub-Optimal
AME II,D002A,D02,2009,5,18,124040,0.4280754780522954,Stres Sedang,0.4843459857068788,Stres Sedang,Pokok Utama,109.23517748247326,-0.43080722424788365,110,109.23515056,-0.43081821,10.89,0.452,0.452,Healthy,Moderate
AME II,D002A,D02,2009,5,20,123988,0.4068785136410979,Stres Sedang,0.4722067609956755,Stres Sedang,Pokok Utama,109.23535655310486,-0.43075506083173287,221,109.23538052,-0.4307753,9.87,0.438,0.438,Healthy,Moderate
AME II,D002A,D02,2009,5,21,123969,0.3983852592734855,Stres Berat,0.5100048617866885,Stres Ringan,Pokok Utama,109.23543825166702,-0.4307476040416646,942,109.2354515,-0.43073915,6.05,0.494,0.494,Healthy,Good
AME II,D002A,D02,2009,5,23,124017,0.38431900185850076,Stres Berat,0.46949382558859026,Stres Sedang,Pokok Utama,109.23560649562394,-0.4307650085226962,2921,109.23560644,-0.43077038,3.34,0.385,0.385,Healthy,Critical
AME II,D002A,D02,2009,5,25,124014,0.3627074456119187,Stres Berat,0.46705525115920377,Stres Sedang,Pokok Utama,109.23574356481237,-0.43079536253317013,212,109.23576363,-0.43080614,9.95,0.489,0.489,Healthy,Good
AME II,D002A,D02,2009,6,1,124079,0.3931934150279574,Stres Berat,0.4593787748583363,Stres Sedang,Pokok Utama,109.23389498769352,-0.43073990477156054,723,109.23391141,-0.43075778,6.91,0.418,0.418,Healthy,Sub-Optimal
AME II,D002A,D02,2009,6,3,124192,0.40928009595759446,Stres Sedang,0.49048711496348285,Stres Sedang,Pokok Utama,109.23405126128888,-0.4307255203929209,11,109.23406681,-0.43073973,12.88,0.474,0.474,Healthy,Good
AME II,D002A,D02,2009,6,4,124190,0.39263522686501034,Stres Berat,0.4498683462838451,Stres Sedang,Pokok Utama,109.23416860243732,-0.43072121166078653,261,109.23416472,-0.43075513,9.55,0.425,0.425,Healthy,Sub-Optimal
AME II,D002A,D02,2009,6,5,124204,0.4067816148052748,Stres Sedang,0.4816932832107435,Stres Sedang,Pokok Utama,109.23423610785723,-0.4306882548822597,416,109.23425995,-0.43070134,8.4,0.469,0.469,Healthy,Good
AME II,D002A,D02,2009,6,6,124205,0.42671756118867943,Stres Sedang,0.47932332450468546,Stres Sedang,Pokok Utama,109.23428938784645,-0.43071176460189015,309,109.2343089,-0.43070723,9.19,0.509,0.509,Healthy,Good
AME II,D002A,D02,2009,6,7,124118,0.38840219941467136,Stres Berat,0.4560700660089419,Stres Sedang,Pokok Utama,109.23441093932725,-0.43071472288511586,38,109.23438525,-0.43072081,12.15,0.442,0.442,Healthy,Moderate
AME II,D002A,D02,2009,6,8,125560,0.37002260545625204,Stres Berat,0.45435480409755036,Stres Sedang,Pokok Utama,109.23452524449974,-0.4307136390705996,314,109.23451729,-0.43074526,9.15,0.423,0.423,Healthy,Sub-Optimal
AME II,D002A,D02,2009,6,10,125587,0.38031155154007634,Stres Berat,0.4410181878958158,Stres Sedang,Pokok Utama,109.23466639189961,-0.4307004194976318,780,109.23468258,-0.43070642,6.68,0.481,0.481,Healthy,Good
AME II,D002A,D02,2009,6,13,125591,0.353149370196524,Stres Berat,0.4307364808192521,Stres Sedang,Pokok Utama,109.2349677517509,-0.43067344762991766,1216,109.23497498,-0.43064092,5.35,0.43,0.43,Healthy,Moderate
AME II,D002A,D02,2009,6,15,123987,0.41870913705102303,Stres Sedang,0.4589955779102662,Stres Sedang,Pokok Utama,109.23532614569031,-0.4306966893840351,167,109.23534236,-0.43072375,10.41,0.398,0.398,Healthy,Sub-Optimal
AME II,D002A,D02,2009,6,16,123970,0.4034590850312813,Stres Sedang,0.48603347609230396,Stres Sedang,Pokok Utama,109.23546041849224,-0.43072334234646265,942,109.2354515,-0.43073915,6.05,0.494,0.494,Healthy,Good
AME II,D002A,D02,2009,6,17,123994,0.3860716439749089,Stres Berat,0.4696755198129762,Stres Sedang,Pokok Utama,109.23553204097617,-0.4307049357603179,3417,109.23551169,-0.43069259,2.61,0.433,0.433,Abnormal,Moderate
AME II,D002A,D02,2009,6,18,124003,0.36934791219166274,Stres Berat,0.46010805522039994,Stres Sedang,Pokok Utama,109.23563740770805,-0.4306991384457122,3373,109.23562756,-0.43072472,2.69,0.46,0.46,Healthy,Good
AME II,D002A,D02,2009,6,20,124021,0.4063976473273958,Stres Sedang,0.4914550141108279,Stres Sedang,Pokok Utama,109.23579483150456,-0.4306757637398363,1,109.23580812,-0.4306895,14.9,0.486,0.486,Healthy,Good
AME II,D002A,D02,2009,7,5,124094,0.394440220967442,Stres Berat,0.45780273310773006,Stres Sedang,Pokok Utama,109.2339790700711,-0.43066278413275366,135,109.23399631,-0.43069088,10.66,0.435,0.435,Healthy,Moderate
AME II,D002A,D02,2009,7,10,125561,0.3968039245846413,Stres Berat,0.47520722944336485,Stres Sedang,Pokok Utama,109.23447278874208,-0.4306449146161289,2306,109.23448408,-0.43065075,3.93,0.404,0.404,Abnormal,Sub-Optimal
AME II,D002A,D02,2009,7,12,125572,0.3785931996924194,Stres Berat,0.47889394418384235,Stres Sedang,Pokok Utama,109.23459470506639,-0.4306746121819304,169,109.23457974,-0.43068333,10.37,0.488,0.488,Healthy,Good
AME II,D002A,D02,2009,7,14,124140,0.4096535798177411,Stres Sedang,0.45011230760377413,Stres Sedang,Pokok Utama,109.23477335833421,-0.43064026789098087,1269,109.23479712,-0.43066304,5.24,0.427,0.427,Healthy,Sub-Optimal
AME II,D002A,D02,2009,7,15,125588,0.3762057651930234,Stres Berat,0.43531090988346943,Stres Sedang,Pokok Utama,109.23485442631089,-0.43066002040107837,1218,109.23485282,-0.43064451,5.35,0.44,0.44,Healthy,Moderate
AME II,D002A,D02,2009,7,19,123977,0.387479712599456,Stres Berat,0.4562160539576897,Stres Sedang,Pokok Utama,109.23518337187086,-0.43061446618027477,553,109.23518609,-0.43059847,7.68,0.48,0.48,Healthy,Good
AME II,D002A,D02,2009,7,22,123971,0.39688665867338907,Stres Berat,0.47597035576980323,Stres Sedang,Pokok Utama,109.23542304491018,-0.4306418553905642,842,109.23542546,-0.43066318,6.42,0.479,0.479,Healthy,Good
AME II,D002A,D02,2009,7,23,123995,0.37417737728409173,Stres Berat,0.45446489249258953,Stres Sedang,Pokok Utama,109.23548415300493,-0.43060055402178543,1264,109.23545467,-0.43058768,5.25,0.503,0.503,Healthy,Good
AME II,D002A,D02,2009,7,25,124004,0.38390472316304625,Stres Berat,0.4433599565838192,Stres Sedang,Pokok Utama,109.23563867536426,-0.4306318914440415,3446,109.23563791,-0.43065328,2.54,0.458,0.458,Abnormal,Moderate
AME II,D002A,D02,2009,8,3,124096,0.41522279018743846,Stres Sedang,0.4992198534153433,Stres Sedang,Pokok Utama,109.23392115121626,-0.4305465167502298,9,109.23394334,-0.43056065,13.13,0.509,0.509,Healthy,Good
AME II,D002A,D02,2009,8,6,124207,0.4023512297350427,Stres Sedang,0.46325942685173926,Stres Sedang,Pokok Utama,109.2342503582854,-0.43053097358501147,197,109.23427031,-0.43055711,10.12,0.481,0.481,Healthy,Good
AME II,D002A,D02,2009,8,8,125563,0.3797394960713775,Stres Berat,0.441776947609159,Stres Sedang,Pokok Utama,109.23442242431474,-0.4305559895289114,1416,109.23442616,-0.43057749,4.96,0.417,0.417,Healthy,Sub-Optimal
AME II,D002A,D02,2009,8,9,125562,0.40326974829005574,Stres Sedang,0.4813892881278522,Stres Sedang,Pokok Utama,109.23449562597085,-0.43055687110792334,885,109.2345043,-0.43058701,6.25,0.513,0.513,Healthy,Good
AME II,D002A,D02,2009,8,12,125585,0.4087023257202558,Stres Sedang,0.47144136876942444,Stres Sedang,Pokok Utama,109.23469827296806,-0.4306121664833316,3462,109.23471494,-0.43060469,2.48,0.48,0.48,Abnormal,Good
AME II,D002A,D02,2009,8,13,125584,0.39524976188162775,Stres Berat,0.47260807311073494,Stres Sedang,Pokok Utama,109.23472469712289,-0.4305743060438385,3462,109.23471494,-0.43060469,2.48,0.48,0.48,Abnormal,Good
AME II,D002A,D02,2009,8,15,123981,0.3509782253721695,Stres Berat,0.443519164151102,Stres Sedang,Pokok Utama,109.23495749476287,-0.4305469094266934,1062,109.23495749,-0.43056405,5.73,0.4,0.4,Healthy,Sub-Optimal
AME II,D002A,D02,2009,8,16,123980,0.36363381715800336,Stres Berat,0.4577228892164262,Stres Sedang,Pokok Utama,109.23503066773091,-0.4305437315964802,459,109.235028,-0.43056136,8.14,0.447,0.447,Healthy,Moderate
AME II,D002A,D02,2009,8,18,123976,0.4093246355252262,Stres Sedang,0.4636276134617007,Stres Sedang,Pokok Utama,109.23521744463005,-0.43058127912005556,553,109.23518609,-0.43059847,7.68,0.48,0.48,Healthy,Good
AME II,D002A,D02,2009,8,23,124005,0.4144437750998951,Stres Sedang,0.47798935330665865,Stres Sedang,Pokok Utama,109.23563969752696,-0.4305540686072422,289,109.23560514,-0.43054793,9.32,0.489,0.489,Healthy,Good
AME II,D002A,D02,2009,8,24,124012,0.42578420543884626,Stres Sedang,0.4877509428126676,Stres Sedang,Pokok Utama,109.23572213016952,-0.43054972005123704,630,109.23573808,-0.43055971,7.3,0.517,0.517,Healthy,Good
AME II,D002A,D02,2009,9,1,124177,0.39436676852615177,Stres Berat,0.4156515740378998,Stres Sedang,Pokok Utama,109.23373288277573,-0.4304996527970122,65,109.23374932,-0.43052172,11.46,0.474,0.474,Healthy,Good
AME II,D002A,D02,2009,9,2,124178,0.4057104243644563,Stres Sedang,0.4270675363930854,Stres Sedang,Pokok Utama,109.23379184728464,-0.43051023237031444,136,109.23380502,-0.43048194,10.64,0.426,0.426,Healthy,Sub-Optimal
AME II,D002A,D02,2009,9,7,125564,0.390860135328202,Stres Berat,0.44503012252061763,Stres Sedang,Pokok Utama,109.23435589679886,-0.43046926807027946,1047,109.2343377,-0.43048207,5.77,0.5,0.5,Healthy,Good
AME II,D002A,D02,2009,9,8,125578,0.40033996157457546,Stres Sedang,0.47293422693783815,Stres Sedang,Pokok Utama,109.23446669262205,-0.4304634069185275,507,109.2344464,-0.43045406,7.86,0.414,0.414,Healthy,Sub-Optimal
AME II,D002A,D02,2009,9,9,125575,0.3650774231544979,Stres Berat,0.4457779658896787,Stres Sedang,Pokok Utama,109.23451888574881,-0.43048285427058225,345,109.23448771,-0.43049341,8.87,0.451,0.451,Healthy,Moderate
AME II,D002A,D02,2009,9,10,125570,0.32818895396209724,Stres Berat,0.43528305645640547,Stres Sedang,Pokok Utama,109.23458852416817,-0.43047505917461487,603,109.23457888,-0.43048439,7.43,0.416,0.416,Healthy,Sub-Optimal
AME II,D002A,D02,2009,9,11,125580,0.3867016682062821,Stres Berat,0.4045445008221297,Stres Sedang,Pokok Utama,109.23470392725787,-0.4305042460906846,196,109.23469655,-0.43053234,10.12,0.393,0.393,Healthy,Sub-Optimal
AME II,D002A,D02,2009,9,14,123979,0.3373839948920001,Stres Berat,0.4430250755032977,Stres Sedang,Pokok Utama,109.23510153484452,-0.43049366714246645,355,109.23511559,-0.43051254,8.82,0.46,0.46,Healthy,Good
AME II,D002A,D02,2009,9,15,123958,0.35009768048512235,Stres Berat,0.41829008484245245,Stres Sedang,Pokok Utama,109.23518141207761,-0.43045721719434504,424,109.2351677,-0.43047503,8.36,0.434,0.434,Healthy,Moderate
AME II,D002A,D02,2009,9,16,123964,0.40461018376131364,Stres Sedang,0.4505390595071591,Stres Sedang,Pokok Utama,109.23527838565226,-0.43046569950850117,1724,109.23527864,-0.43046013,4.53,0.574,0.574,Healthy,Good
AME II,D002A,D02,2009,9,17,123973,0.39963130675205566,Stres Berat,0.4446926454500276,Stres Sedang,Pokok Utama,109.23535359976128,-0.4304965608636488,2920,109.2353487,-0.43051215,3.34,0.479,0.479,Abnormal,Good
AME II,D002A,D02,2009,9,18,123997,0.40101764020733566,Stres Sedang,0.4907979813423959,Stres Sedang,Pokok Utama,109.23544113150902,-0.43047426858793625,846,109.23545021,-0.43047555,6.4,0.536,0.536,Healthy,Good
AME II,D002A,D02,2009,9,20,124006,0.4061414372735943,Stres Sedang,0.48375184692023643,Stres Sedang,Pokok Utama,109.23567477002047,-0.43048982632879285,182,109.23569677,-0.43051494,10.24,0.495,0.495,Healthy,Good
AME II,D002A,D02,2009,9,22,123867,0.356345904053376,Stres Berat,0.458926014219472,Stres Sedang,Pokok Utama,109.23581011472638,-0.4304568174827701,82,109.23580144,-0.43043041,11.2,0.466,0.466,Healthy,Good
AME II,D002A,D02,2009,10,1,124176,0.41415727983296763,Stres Sedang,0.44096605805876166,Stres Sedang,Pokok Utama,109.23377770223793,-0.4304360115112059,102,109.23377898,-0.43044351,10.95,0.421,0.421,Healthy,Sub-Optimal
AME II,D002A,D02,2009,10,3,124182,0.413523568848947,Stres Sedang,0.4749508777013918,Stres Sedang,Pokok Utama,109.23389640975668,-0.43045458815955207,16,109.2338697,-0.43046161,12.72,0.483,0.483,Healthy,Good
AME II,D002A,D02,2009,10,4,124196,0.40504151574617236,Stres Sedang,0.4492254192395059,Stres Sedang,Pokok Utama,109.2340136724019,-0.43040099875505494,518,109.23401703,-0.43042548,7.82,0.389,0.389,Healthy,Critical
AME II,D002A,D02,2009,10,7,124215,0.38248243949387417,Stres Berat,0.4349941823921009,Stres Sedang,Pokok Utama,109.23423765663867,-0.43041429442625173,574,109.23423037,-0.43039794,7.59,0.504,0.504,Healthy,Good
AME II,D002A,D02,2009,10,8,125565,0.4294907631708273,Stres Sedang,0.47237408432012273,Stres Sedang,Pokok Utama,109.23434136173816,-0.43042695436547085,901,109.23434984,-0.43043007,6.2,0.479,0.479,Healthy,Good
AME II,D002A,D02,2009,10,10,125576,0.39719424417775023,Stres Berat,0.48171699309155863,Stres Sedang,Pokok Utama,109.234496128365,-0.43044250278186974,375,109.23451332,-0.43044503,8.68,0.51,0.51,Healthy,Good
AME II,D002A,D02,2009,10,12,125579,0.3693091402761638,Stres Berat,0.44535366507737495,Stres Sedang,Pokok Utama,109.23467181150728,-0.4304217204509143,501,109.23468938,-0.43043558,7.89,0.438,0.438,Healthy,Moderate
AME II,D002A,D02,2009,10,14,123982,0.3772445026788175,Stres Berat,0.418481837080505,Stres Sedang,Pokok Utama,109.23478401200038,-0.43040519884109,930,109.23478415,-0.43041435,6.1,0.498,0.498,Healthy,Good
AME II,D002A,D02,2009,10,16,123983,0.35459146790522617,Stres Berat,0.4355545305801104,Stres Sedang,Pokok Utama,109.2348946209766,-0.4304385344624006,859,109.23489508,-0.43044829,6.33,0.362,0.362,Suspect,Critical
AME II,D002A,D02,2009,10,18,327147,0.29481240203951786,Stres Sangat Berat,0.40143870590971065,Stres Sedang,Tamb,109.23500241408709,-0.4304553496997867,186,109.23500782,-0.43042978,10.2,0.429,0.429,Healthy,Sub-Optimal
AME II,D002A,D02,2009,10,19,123953,0.392965537777992,Stres Berat,0.48807734435440436,Stres Sedang,Pokok Utama,109.23507071979284,-0.43039154473046004,101,109.23507205,-0.43040899,10.97,0.432,0.432,Healthy,Moderate
AME II,D002A,D02,2009,10,20,123959,0.4000512069169106,Stres Sedang,0.4480644649883673,Stres Sedang,Pokok Utama,109.23526179995845,-0.4304149988385305,1984,109.23526698,-0.43040045,4.26,0.461,0.461,Healthy,Good
AME II,D002A,D02,2009,10,21,123965,0.4357346939826731,Stres Sedang,0.48882111177371496,Stres Sedang,Pokok Utama,109.23533014687537,-0.4303907705088804,343,109.23535277,-0.43037017,8.88,0.474,0.474,Healthy,Good
AME II,D002A,D02,2009,10,22,123962,0.4285145777716037,Stres Sedang,0.46683006150887746,Stres Sedang,Pokok Utama,109.23535262623489,-0.4304214631308537,2754,109.23537476,-0.43043755,3.49,0.525,0.525,Abnormal,Good
AME II,D002A,D02,2009,10,24,123999,0.3616023104384095,Stres Berat,0.440224483434524,Stres Sedang,Pokok Utama,109.235524421531,-0.4304328457791335,928,109.23555441,-0.43045161,6.11,0.428,0.428,Healthy,Sub-Optimal
AME II,D002A,D02,2009,10,25,327142,0.32484980447724343,Stres Berat,0.42775450740009546,Stres Sedang,Tamb,109.23561636168398,-0.4303923844420176,1077,109.23563302,-0.43040596,5.69,0.378,0.378,Suspect,Critical
AME II,D002A,D02,2009,11,1,124175,0.38344775743138343,Stres Berat,0.4371777217821772,Stres Sedang,Pokok Utama,109.23373221299076,-0.43036161785794164,143,109.23372555,-0.43039557,10.59,0.45,0.45,Healthy,Moderate
AME II,D002A,D02,2009,11,2,124167,0.4273708253319747,Stres Sedang,0.4501608588054208,Stres Sedang,Pokok Utama,109.23382035904481,-0.4303629053328423,107,109.23381674,-0.43033409,10.92,0.476,0.476,Healthy,Good
AME II,D002A,D02,2009,11,3,124166,0.43126909457882256,Stres Sedang,0.4789049553395319,Stres Sedang,Pokok Utama,109.23384472220587,-0.4303929328096588,5,109.23384861,-0.43038881,13.78,0.414,0.414,Healthy,Sub-Optimal
AME II,D002A,D02,2009,11,4,124183,0.3892655156700709,Stres Berat,0.45906411899556065,Stres Sedang,Pokok Utama,109.23393089161401,-0.43037668548086006,767,109.23393799,-0.43038793,6.71,0.527,0.527,Healthy,Good
AME II,D002A,D02,2009,11,6,124210,0.41985439534929003,Stres Sedang,0.4574397995839579,Stres Sedang,Pokok Utama,109.2341533856016,-0.43033924966560066,1078,109.23417335,-0.43032785,5.69,0.436,0.436,Healthy,Moderate
AME II,D002A,D02,2009,11,7,124219,0.413691728124157,Stres Sedang,0.46241484173022135,Stres Sedang,Pokok Utama,109.2342273467989,-0.43034960665413413,818,109.23423353,-0.43034323,6.54,0.55,0.55,Healthy,Good
AME II,D002A,D02,2009,11,8,124218,0.4313827727320919,Stres Sedang,0.48705312784453086,Stres Sedang,Pokok Utama,109.23429556380769,-0.43033545400778644,396,109.23430764,-0.43033692,8.57,0.388,0.388,Healthy,Critical
AME II,D002A,D02,2009,11,9,125566,0.4247018199011144,Stres Sedang,0.44810199928898875,Stres Sedang,Pokok Utama,109.23436368562318,-0.43030949119968137,417,109.23433998,-0.43031387,8.4,0.466,0.466,Healthy,Good
AME II,D002A,D02,2009,11,10,125568,0.31758409081303124,Stres Berat,0.3888943433475122,Stres Berat,Pokok Utama,109.23452600167414,-0.4303312936854902,310,109.23451605,-0.43030215,9.17,0.476,0.476,Healthy,Good
AME II,D002A,D02,2009,11,11,123944,0.4217593889640945,Stres Sedang,0.47133225755251523,Stres Sedang,Pokok Utama,109.23486311086717,-0.4303394476306933,323,109.23486951,-0.43030676,9.11,0.503,0.503,Healthy,Good
AME II,D002A,D02,2009,11,13,123952,0.401763064304071,Stres Sedang,0.48174313510380157,Stres Sedang,Pokok Utama,109.23504950543152,-0.4303285987822292,32,109.23506847,-0.43034524,12.28,0.542,0.542,Healthy,Good
AME II,D002A,D02,2009,11,14,123955,0.31980891025868124,Stres Berat,0.3934923571323146,Stres Berat,Mati Jan26,109.23512606622934,-0.4303273732084813,117,109.23514528,-0.43030456,10.81,0.447,0.447,Healthy,Moderate
AME II,D002A,D02,2009,11,18,123912,0.4003781357676731,Stres Sedang,0.45024513273804756,Stres Sedang,Pokok Utama,109.23541615250134,-0.4303643786859096,1723,109.23541655,-0.430372,4.53,0.382,0.382,Healthy,Critical
AME II,D002A,D02,2009,11,19,123911,0.37285296029851,Stres Berat,0.45020486330728193,Stres Sedang,Pokok Utama,109.23551246123779,-0.4303460673625906,130,109.23550862,-0.43035664,10.71,0.463,0.463,Healthy,Good
AME II,D002A,D02,2009,11,20,123872,0.4087951312270669,Stres Sedang,0.4757081934131018,Stres Sedang,Pokok Utama,109.23576459089168,-0.4303137368052553,138,109.23577452,-0.43031737,10.63,0.54,0.54,Healthy,Good
AME II,D002A,D02,2009,12,1,124173,0.39483650331259035,Stres Berat,0.4537465485597716,Stres Sedang,Pokok Utama,109.23369562719344,-0.43029200821237495,3,109.23370221,-0.43031327,14.07,0.583,0.583,Healthy,Good
AME II,D002A,D02,2009,12,2,124174,0.4271327044039819,Stres Sedang,0.46432630849235196,Stres Sedang,Pokok Utama,109.23373829592535,-0.4302568463877637,85,109.23371615,-0.43024093,11.17,0.481,0.481,Healthy,Good
AME II,D002A,D02,2009,12,3,124168,0.4345895061609079,Stres Sedang,0.45975740439966234,Stres Sedang,Pokok Utama,109.23381388821767,-0.4302912689384432,77,109.23381496,-0.43025587,11.27,0.509,0.509,Healthy,Good
AME II,D002A,D02,2009,12,4,124185,0.39730809768192515,Stres Berat,0.4772143959373549,Stres Sedang,Pokok Utama,109.23392457795684,-0.4302622052765407,75,109.23395419,-0.43025817,11.31,0.563,0.563,Healthy,Good
AME II,D002A,D02,2009,12,6,124201,0.3775340922995672,Stres Berat,0.4425771611989761,Stres Sedang,Pokok Utama,109.23408523902322,-0.4302737273133074,1244,109.23405659,-0.43025276,5.29,0.484,0.484,Healthy,Good
AME II,D002A,D02,2009,12,8,124217,0.39806037080928985,Stres Berat,0.4802792344723378,Stres Sedang,Pokok Utama,109.23423374120127,-0.43025753790759985,280,109.23421873,-0.43025054,9.4,0.482,0.482,Healthy,Good
AME II,D002A,D02,2009,12,10,123934,0.3962287372374955,Stres Berat,0.43564368243259005,Stres Sedang,Pokok Utama,109.23441155835808,-0.4302651700280675,402,109.23440916,-0.4302854,8.51,0.464,0.464,Healthy,Good
AME II,D002A,D02,2009,12,12,123933,0.3598941459072521,Stres Berat,0.4405344896284997,Stres Sedang,Pokok Utama,109.2345433729441,-0.43025482843997853,299,109.23454525,-0.4302479,9.23,0.398,0.398,Healthy,Sub-Optimal
AME II,D002A,D02,2009,12,13,123984,0.3838451015653984,Stres Berat,0.44348300816345904,Stres Sedang,Pokok Utama,109.23468335378763,-0.43027543656237566,480,109.2346701,-0.43030897,8.05,0.372,0.372,Suspect,Critical
AME II,D002A,D02,2009,12,15,123985,0.42093808377741987,Stres Sedang,0.4623332179566111,Stres Sedang,Pokok Utama,109.23477411482533,-0.430307662497864,376,109.23478956,-0.43032799,8.68,0.443,0.443,Healthy,Moderate
AME II,D002A,D02,2009,12,16,123943,0.4272423374173043,Stres Sedang,0.44755352200513865,Stres Sedang,Pokok Utama,109.23484646501565,-0.43028864658115895,323,109.23486951,-0.43030676,9.11,0.503,0.503,Healthy,Good
AME II,D002A,D02,2009,12,19,123948,0.41483871267259803,Stres Sedang,0.5104447514471869,Stres Ringan,Pokok Utama,109.23501563213483,-0.4302717475730978,193,109.2350083,-0.43030272,10.13,0.532,0.532,Healthy,Good
AME II,D002A,D02,2009,12,20,123956,0.3807629828222829,Stres Berat,0.4437101573584566,Stres Sedang,Pokok Utama,109.235154657837,-0.43028200938767935,117,109.23514528,-0.43030456,10.81,0.447,0.447,Healthy,Moderate
AME II,D002A,D02,2009,12,22,123916,0.4226606085467507,Stres Sedang,0.4568444901591921,Stres Sedang,Pokok Utama,109.23530931471136,-0.4302438460176343,1766,109.23530429,-0.43024808,4.48,0.483,0.483,Healthy,Good
AME II,D002A,D02,2009,12,24,123913,0.423497818996579,Stres Sedang,0.5047584523473978,Stres Ringan,Pokok Utama,109.23542018537619,-0.43027606126560775,592,109.23543948,-0.43027524,7.48,0.585,0.585,Healthy,Good
AME II,D002A,D02,2009,12,27,123895,0.40378590700713096,Stres Sedang,0.4663783058693971,Stres Sedang,Pokok Utama,109.23567026364171,-0.43025033793926964,62,109.23568335,-0.43028389,11.59,0.541,0.541,Healthy,Good
AME II,D002A,D02,2009,12,29,123874,0.4128689713316399,Stres Sedang,0.46945680531204675,Stres Sedang,Pokok Utama,109.23581024916247,-0.43025488298797665,208,109.23579519,-0.43027758,9.98,0.481,0.481,Healthy,Good
AME II,D002A,D02,2009,13,2,124169,0.4412233379829309,Stres Sedang,0.48708355791367386,Stres Sedang,Pokok Utama,109.23380392159065,-0.4302301749422739,77,109.23381496,-0.43025587,11.27,0.509,0.509,Healthy,Good
AME II,D002A,D02,2009,13,3,124186,0.41964604609095624,Stres Sedang,0.48567252927638876,Stres Sedang,Pokok Utama,109.23387798120028,-0.43023047796318065,21,109.23389895,-0.43024233,12.48,0.536,0.536,Healthy,Good
AME II,D002A,D02,2009,13,4,124187,0.4167369413803802,Stres Sedang,0.49445327556727886,Stres Sedang,Pokok Utama,109.23395120211936,-0.4302373279073037,75,109.23395419,-0.43025817,11.31,0.563,0.563,Healthy,Good
AME II,D002A,D02,2009,13,5,124199,0.383535272230002,Stres Berat,0.44766103501360005,Stres Sedang,Pokok Utama,109.23403200883588,-0.43024069716656843,1244,109.23405659,-0.43025276,5.29,0.484,0.484,Healthy,Good
AME II,D002A,D02,2009,13,6,124200,0.3639905368604886,Stres Berat,0.43969425860285116,Stres Sedang,Pokok Utama,109.23414557233409,-0.4301952175323636,729,109.23414419,-0.43019853,6.89,0.461,0.461,Healthy,Good
AME II,D002A,D02,2009,13,7,124212,0.39769992700192347,Stres Berat,0.47164739132285477,Stres Sedang,Pokok Utama,109.23422576046711,-0.43020111687082424,371,109.23422099,-0.43021256,8.72,0.463,0.463,Healthy,Good
AME II,D002A,D02,2009,13,14,123946,0.42179441988030614,Stres Sedang,0.48523223063407034,Stres Sedang,Pokok Utama,109.2349309344201,-0.43020821803675613,262,109.23495532,-0.43022539,9.53,0.514,0.514,Healthy,Good
AME II,D002A,D02,2009,13,16,123920,0.4246261134766302,Stres Sedang,0.5044868849277803,Stres Ringan,Pokok Utama,109.23510694669552,-0.43016252954691514,7,109.23512152,-0.43014766,13.41,0.6,0.6,Healthy,Good
AME II,D002A,D02,2009,13,18,123917,0.3999614256966833,Stres Berat,0.4509367153129159,Stres Sedang,Pokok Utama,109.23527573941583,-0.43017620658663186,2442,109.23528679,-0.43018794,3.78,0.527,0.527,Abnormal,Good
AME II,D002A,D02,2009,13,19,123914,0.43015356907188534,Stres Sedang,0.4718457976178488,Stres Sedang,Pokok Utama,109.23535985089786,-0.43018752991031317,1848,109.23534338,-0.43017077,4.4,0.413,0.413,Healthy,Sub-Optimal
AME II,D002A,D02,2009,13,20,123907,0.41395476715222557,Stres Sedang,0.4846161100442196,Stres Sedang,Pokok Utama,109.23543576347083,-0.4302005694929348,659,109.23544263,-0.43022008,7.16,0.493,0.493,Healthy,Good
AME II,D002A,D02,2009,13,24,327143,0.38259277336131237,Stres Berat,0.4448220707013134,Stres Sedang,Tamb,109.23575973660179,-0.4301770391030671,1708,109.23573548,-0.43017855,4.56,0.433,0.433,Healthy,Moderate
AME II,D002A,D02,2009,14,1,124171,0.35795738289575624,Stres Berat,0.43113239633700107,Stres Sedang,Pokok Utama,109.2336865546671,-0.4301396906415784,47,109.23367575,-0.43015185,11.87,0.376,0.376,Suspect,Critical
AME II,D002A,D02,2009,14,2,124170,0.42421810505602786,Stres Sedang,0.4629422053471252,Stres Sedang,Pokok Utama,109.23377440085804,-0.4301402663538319,92,109.23377366,-0.43015096,11.07,0.45,0.45,Healthy,Moderate
AME II,D002A,D02,2009,14,5,124188,0.38354769139689593,Stres Berat,0.4440676763814946,Stres Sedang,Pokok Utama,109.23400413682356,-0.4301412341362582,3445,109.23398162,-0.43011755,2.54,0.512,0.512,Healthy,Good
AME II,D002A,D02,2009,14,7,124213,0.38678594445923453,Stres Berat,0.4370056674031928,Stres Sedang,Pokok Utama,109.23416655634261,-0.43011918268561944,320,109.23415499,-0.43010584,9.12,0.464,0.464,Healthy,Good
AME II,D002A,D02,2009,14,9,123932,0.3842810465244291,Stres Berat,0.4281101135279244,Stres Sedang,Pokok Utama,109.23434757738984,-0.43013172678538986,631,109.23436563,-0.43012081,7.3,0.454,0.454,Healthy,Moderate
AME II,D002A,D02,2009,14,11,123930,0.3761743808821225,Stres Berat,0.4615151472579821,Stres Sedang,Pokok Utama,109.2344849287754,-0.43016103816060214,1387,109.23447476,-0.43016198,5.01,0.472,0.472,Healthy,Good
AME II,D002A,D02,2009,14,13,123939,0.3676492623738213,Stres Berat,0.4495056022872002,Stres Sedang,Pokok Utama,109.23465410238389,-0.4301509213932838,442,109.23466744,-0.43016293,8.25,0.458,0.458,Healthy,Moderate
AME II,D002A,D02,2009,14,14,123922,0.3732689244311851,Stres Berat,0.4717679914318838,Stres Sedang,Pokok Utama,109.23494417303249,-0.4301187579412258,649,109.23494501,-0.43012094,7.19,0.436,0.436,Healthy,Moderate
AME II,D002A,D02,2009,14,16,123868,0.40329354565970754,Stres Sedang,0.4957418244757408,Stres Sedang,Pokok Utama,109.23510695603498,-0.4301336127855349,7,109.23512152,-0.43014766,13.41,0.6,0.6,Healthy,Good
AME II,D002A,D02,2009,14,17,123899,0.37127952570332795,Stres Berat,0.4598600014565262,Stres Sedang,Pokok Utama,109.23522532663699,-0.430098116776743,1098,109.23522034,-0.43009659,5.65,0.431,0.431,Healthy,Moderate
AME II,D002A,D02,2009,14,18,123905,0.40772868370381044,Stres Sedang,0.4666089134715491,Stres Sedang,Pokok Utama,109.23537272977552,-0.43008427191587256,959,109.23537349,-0.4301007,6.02,0.517,0.517,Healthy,Good
AME II,D002A,D02,2009,14,19,123906,0.36858490557124973,Stres Berat,0.4646407901667632,Stres Sedang,Pokok Utama,109.2354469819884,-0.4301262314937591,2003,109.23545029,-0.43013734,4.23,0.449,0.449,Healthy,Moderate
AME II,D002A,D02,2009,14,21,327145,0.3803002721294943,Stres Berat,0.44332949083523104,Stres Sedang,Tamb,109.23564199576629,-0.43011428769766313,2969,109.23566497,-0.4301401,3.27,0.467,0.467,Healthy,Good
AME II,D002A,D02,2009,14,22,123894,0.34753236538491455,Stres Berat,0.4500365398526371,Stres Sedang,Pokok Utama,109.23568679012791,-0.4301208886571534,3581,109.23569103,-0.43010258,2.0,0.455,0.455,Abnormal,Moderate
AME II,D002A,D02,2009,14,23,123875,0.39122174511609276,Stres Berat,0.4595252603023976,Stres Sedang,Pokok Utama,109.23579529608087,-0.43011220461009037,58,109.23582307,-0.43012024,11.65,0.404,0.404,Healthy,Sub-Optimal
AME II,D002A,D02,2009,15,2,123501,0.43103749293871435,Stres Sedang,0.4690630217464901,Stres Sedang,Pokok Utama,109.23379293199413,-0.43009806165056313,116,109.23380017,-0.43010485,10.82,0.476,0.476,Healthy,Good
AME II,D002A,D02,2009,15,7,123589,0.3881531815452399,Stres Berat,0.4465747989179565,Stres Sedang,Pokok Utama,109.23423790145752,-0.4300723114357892,564,109.23425336,-0.43004889,7.62,0.49,0.49,Healthy,Good
AME II,D002A,D02,2009,15,8,123591,0.40743327225818804,Stres Sedang,0.4610751491315524,Stres Sedang,Pokok Utama,109.23436153383453,-0.4300730311194138,536,109.23435217,-0.43006067,7.72,0.512,0.512,Healthy,Good
AME II,D002A,D02,2009,15,9,327130,0.3837760937301171,Stres Berat,0.4734143550785585,Stres Sedang,Tamb,109.23441579923775,-0.43007698288388246,1577,109.23440966,-0.43005887,4.74,0.422,0.422,Healthy,Sub-Optimal
AME II,D002A,D02,2009,15,10,327131,0.32841633406189297,Stres Berat,0.4138901511470119,Stres Sedang,Tamb,109.2345258662621,-0.4300606931670004,1200,109.23449724,-0.43005528,5.39,0.403,0.403,Healthy,Sub-Optimal
AME II,D002A,D02,2009,15,12,123927,0.3745540930500103,Stres Berat,0.45956763293809577,Stres Sedang,Pokok Utama,109.23470425637394,-0.43004950332463193,2684,109.23468274,-0.43003995,3.55,0.457,0.457,Healthy,Moderate
AME II,D002A,D02,2009,15,13,327132,0.38163540376766175,Stres Berat,0.46525220827860275,Stres Sedang,Tamb,109.23478490545637,-0.4300705479540675,353,109.23476942,-0.43003952,8.83,0.459,0.459,Healthy,Moderate
AME II,D002A,D02,2009,15,15,123924,0.43849120449436746,Stres Sedang,0.5087220224842738,Stres Ringan,Pokok Utama,109.2349062254705,-0.4300293537486405,736,109.23492032,-0.43006261,6.87,0.529,0.529,Healthy,Good
AME II,D002A,D02,2009,15,16,123923,0.4229230864595056,Stres Sedang,0.49260820163095326,Stres Sedang,Pokok Utama,109.23494177293671,-0.430059754602035,736,109.23492032,-0.43006261,6.87,0.529,0.529,Healthy,Good
AME II,D002A,D02,2009,15,18,123869,0.3829957921000191,Stres Berat,0.4864699070428585,Stres Sedang,Pokok Utama,109.23506802352333,-0.4300695847894001,191,109.2350847,-0.4300744,10.16,0.446,0.446,Healthy,Moderate
AME II,D002A,D02,2009,15,20,123903,0.4378975727849017,Stres Sedang,0.4812936746289431,Stres Sedang,Pokok Utama,109.23532549644746,-0.43007058611085835,363,109.23530433,-0.43009254,8.78,0.451,0.451,Healthy,Moderate
AME II,D002A,D02,2009,15,21,123901,0.3703751330440656,Stres Berat,0.4601653182145321,Stres Sedang,Pokok Utama,109.23543983820478,-0.43005121461216417,808,109.23542156,-0.43006544,6.58,0.396,0.396,Healthy,Sub-Optimal
AME II,D002A,D02,2009,15,22,123898,0.36825602617375813,Stres Berat,0.45667528887202535,Stres Sedang,Pokok Utama,109.23552099559642,-0.4300611636114747,1794,109.23554238,-0.43005778,4.44,0.453,0.453,Healthy,Moderate
AME II,D002A,D02,2009,16,1,123454,0.39221064532000893,Stres Berat,0.4503533782867285,Stres Sedang,Pokok Utama,109.23370735436671,-0.4299823023977881,170,109.23372743,-0.43000627,10.36,0.427,0.427,Healthy,Sub-Optimal
AME II,D002A,D02,2009,16,2,123502,0.4014588884519066,Stres Sedang,0.31945743801388726,Stres Berat,Mati Jan26,109.23378135238495,-0.42998870036504994,303,109.2338029,-0.42997237,9.21,0.439,0.439,Healthy,Moderate
AME II,D002A,D02,2009,16,3,123503,0.3912107668117601,Stres Berat,0.44525419513026515,Stres Sedang,Pokok Utama,109.23383678115971,-0.4300155347627484,148,109.23383253,-0.43002347,10.56,0.438,0.438,Healthy,Moderate
AME II,D002A,D02,2009,16,4,123497,0.39353771505309165,Stres Berat,0.45145287620233704,Stres Sedang,Pokok Utama,109.23392714673597,-0.429978198350243,3165,109.23394707,-0.42995342,3.03,0.562,0.562,Healthy,Good
AME II,D002A,D02,2009,16,5,123493,0.3826162169188455,Stres Berat,0.4490899904688498,Stres Sedang,Pokok Utama,109.23401570939774,-0.42999205836089716,2816,109.23402612,-0.42996926,3.43,0.423,0.423,Healthy,Sub-Optimal
AME II,D002A,D02,2009,16,6,123495,0.37101695714985106,Stres Berat,0.42587920967881027,Stres Sedang,Pokok Utama,109.23409583952653,-0.4299923501240268,3024,109.23407956,-0.42997153,3.2,0.441,0.441,Healthy,Moderate
AME II,D002A,D02,2009,16,7,123588,0.3968778037794781,Stres Berat,0.4581356243441876,Stres Sedang,Pokok Utama,109.2342626820129,-0.4299981764944942,1046,109.23423047,-0.42999237,5.78,0.465,0.465,Healthy,Good
AME II,D002A,D02,2009,16,8,123590,0.4098329747717936,Stres Sedang,0.4507799164061079,Stres Sedang,Pokok Utama,109.23433596628988,-0.4299834598281625,797,109.23436386,-0.42999963,6.61,0.438,0.438,Healthy,Moderate
AME II,D002A,D02,2009,16,10,123595,0.3715312494019754,Stres Berat,0.43860582164008555,Stres Sedang,Pokok Utama,109.23449876813088,-0.42998254099390704,990,109.23448647,-0.4299974,5.97,0.421,0.421,Healthy,Sub-Optimal
AME II,D002A,D02,2009,16,12,123602,0.404988908875439,Stres Sedang,0.49722925165137144,Stres Sedang,Pokok Utama,109.23466299473779,-0.4299773008446707,2740,109.23466433,-0.4299893,3.49,0.413,0.413,Healthy,Sub-Optimal
AME II,D002A,D02,2009,16,13,123926,0.4002118778738963,Stres Sedang,0.451699929366754,Stres Sedang,Pokok Utama,109.2347360862376,-0.4299923997561794,968,109.23476449,-0.43000289,6.01,0.475,0.475,Healthy,Good
AME II,D002A,D02,2009,16,17,123620,0.4584305291424424,Stres Sedang,0.4949345470459254,Stres Sedang,Pokok Utama,109.23523748096768,-0.4299776398655842,6,109.23525719,-0.42999351,13.69,0.467,0.467,Healthy,Good
AME II,D002A,D02,2009,16,18,123865,0.4606434213460432,Stres Sedang,0.4816408188116937,Stres Sedang,Pokok Utama,109.23529971400082,-0.4299622885040667,28,109.23528729,-0.42994468,12.37,0.467,0.467,Healthy,Good
AME II,D002A,D02,2009,16,19,123890,0.4048439399928463,Stres Sedang,0.4783284293481517,Stres Sedang,Pokok Utama,109.2355764367217,-0.42995624436716867,1307,109.23560438,-0.42994611,5.15,0.471,0.471,Healthy,Good
AME II,D002A,D02,2009,16,20,123891,0.39102085343500786,Stres Berat,0.4693026716913189,Stres Sedang,Pokok Utama,109.23559132452853,-0.42999595560364123,1241,109.23560033,-0.42999721,5.29,0.495,0.495,Healthy,Good
AME II,D002A,D02,2009,16,21,123880,0.3838291273266482,Stres Berat,0.4525958280323005,Stres Sedang,Pokok Utama,109.23569638277142,-0.4299604881218212,1713,109.23569242,-0.4299398,4.55,0.439,0.439,Healthy,Moderate
AME II,D002A,D02,2009,17,2,327129,0.3865745213892851,Stres Berat,0.45849967080777365,Stres Sedang,Tamb,109.2338877474489,-0.42988943501400356,1036,109.23387343,-0.42988738,5.81,0.486,0.486,Healthy,Good
AME II,D002A,D02,2009,17,3,123498,0.4197800720282075,Stres Sedang,0.4863968820203669,Stres Sedang,Pokok Utama,109.2339270738923,-0.4299316631454009,3165,109.23394707,-0.42995342,3.03,0.562,0.562,Healthy,Good
AME II,D002A,D02,2009,17,4,123494,0.3801174094144816,Stres Berat,0.45495815221399355,Stres Sedang,Pokok Utama,109.23400292293894,-0.4299394324565709,2322,109.23400681,-0.42993715,3.91,0.377,0.377,Healthy,Critical
AME II,D002A,D02,2009,17,8,123587,0.4555959563274058,Stres Sedang,0.47916409407281835,Stres Sedang,Pokok Utama,109.23429282252319,-0.4299045859142807,1087,109.23429426,-0.42993948,5.67,0.504,0.504,Healthy,Good
AME II,D002A,D02,2009,17,11,123594,0.39747890723053125,Stres Berat,0.4738842699662222,Stres Sedang,Pokok Utama,109.23449511636336,-0.42992519495672216,1683,109.23450221,-0.42994541,4.59,0.445,0.445,Healthy,Moderate
AME II,D002A,D02,2009,17,13,123600,0.40081263160185854,Stres Sedang,0.49651706640889237,Stres Sedang,Pokok Utama,109.23464603764334,-0.42992839514082176,3565,109.23465536,-0.42993504,2.12,0.546,0.546,Healthy,Good
AME II,D002A,D02,2009,17,14,123603,0.4397721070800305,Stres Sedang,0.49869291212489236,Stres Sedang,Pokok Utama,109.23470755985939,-0.4299259307817345,2633,109.23469039,-0.42994907,3.61,0.457,0.457,Healthy,Moderate
AME II,D002A,D02,2009,17,17,123611,0.40204663770432897,Stres Sedang,0.4940287465802752,Stres Sedang,Pokok Utama,109.23492896075447,-0.42992354071676253,1182,109.23495224,-0.42993466,5.43,0.513,0.513,Healthy,Good
AME II,D002A,D02,2009,17,18,123609,0.4240808378934407,Stres Sedang,0.4907453946619466,Stres Sedang,Pokok Utama,109.23493142340381,-0.42987056566120857,1023,109.23494417,-0.42988266,5.86,0.409,0.409,Healthy,Sub-Optimal
AME II,D002A,D02,2009,17,20,123619,0.4225500620253708,Stres Sedang,0.4902358796861437,Stres Sedang,Pokok Utama,109.23518072633851,-0.4299193391670959,52,109.23519792,-0.42994059,11.75,0.592,0.592,Healthy,Good
AME II,D002A,D02,2009,17,22,123864,0.4487443610588018,Stres Sedang,0.4667388532732857,Stres Sedang,Pokok Utama,109.23534166291822,-0.42991679032780494,71,109.23536455,-0.42993249,11.37,0.492,0.492,Healthy,Good
AME II,D002A,D02,2009,17,24,123888,0.40076428478502707,Stres Sedang,0.47971704347406174,Stres Sedang,Pokok Utama,109.23552064322985,-0.429905764262835,2294,109.23551727,-0.42987918,3.94,0.453,0.453,Abnormal,Moderate
AME II,D002A,D02,2009,18,2,123506,0.45250388439228717,Stres Sedang,0.49142301655423337,Stres Sedang,Pokok Utama,109.23384440452006,-0.42982514468973054,1308,109.23386356,-0.42984624,5.15,0.533,0.533,Healthy,Good
AME II,D002A,D02,2009,18,3,123487,0.4078379268635223,Stres Sedang,0.4579614050543079,Stres Sedang,Pokok Utama,109.23394707469608,-0.4298342848287616,2016,109.23394036,-0.42985213,4.22,0.447,0.447,Healthy,Moderate
AME II,D002A,D02,2009,18,5,123490,0.3979137889363549,Stres Berat,0.460483450955536,Stres Sedang,Pokok Utama,109.2340807994009,-0.4298650404069734,1287,109.23410249,-0.4298897,5.19,0.535,0.535,Healthy,Good
AME II,D002A,D02,2009,18,7,123577,0.43218149770684794,Stres Sedang,0.4563930939536195,Stres Sedang,Pokok Utama,109.23425861704388,-0.42981180778385564,1468,109.23423455,-0.42980789,4.89,0.488,0.488,Healthy,Good
AME II,D002A,D02,2009,18,9,123584,0.4064028137544591,Stres Sedang,0.4387069597402303,Stres Sedang,Pokok Utama,109.23442647150192,-0.4298388871937208,685,109.23443352,-0.42981246,7.05,0.381,0.381,Healthy,Critical
AME II,D002A,D02,2009,18,13,123604,0.41143836366764924,Stres Sedang,0.4732062877102638,Stres Sedang,Pokok Utama,109.23472542888445,-0.429856718115365,3437,109.23471062,-0.42987673,2.56,0.43,0.43,Healthy,Moderate
AME II,D002A,D02,2009,18,15,123610,0.3820983065448768,Stres Berat,0.46855351785765087,Stres Sedang,Pokok Utama,109.23495380264292,-0.4298365629068464,838,109.23498729,-0.42984559,6.45,0.5,0.5,Healthy,Good
AME II,D002A,D02,2009,18,16,123614,0.3995907066794841,Stres Berat,0.49563500477739525,Stres Sedang,Pokok Utama,109.23506381766602,-0.4298395148209341,279,109.23508117,-0.42982165,9.4,0.478,0.478,Healthy,Good
AME II,D002A,D02,2009,18,17,123615,0.3807093219094015,Stres Berat,0.44875119801829844,Stres Sedang,Pokok Utama,109.23513520796477,-0.4298424107219435,235,109.23510721,-0.42985919,9.78,0.513,0.513,Healthy,Good
AME II,D002A,D02,2009,18,18,123618,0.43178606325664054,Stres Sedang,0.4945125381450246,Stres Sedang,Pokok Utama,109.23524491116574,-0.4298655031064585,18,109.23526306,-0.42987414,12.69,0.439,0.439,Healthy,Moderate
AME II,D002A,D02,2009,18,19,123863,0.44047791723520485,Stres Sedang,0.4905023088627801,Stres Sedang,Pokok Utama,109.23536945097125,-0.42986965297725804,36,109.235396,-0.42988141,12.18,0.441,0.441,Healthy,Moderate
AME II,D002A,D02,2009,18,21,123883,0.38528615343616074,Stres Berat,0.4814072221991467,Stres Sedang,Pokok Utama,109.2355330385499,-0.4298232516687739,1319,109.23556443,-0.4298403,5.13,0.524,0.524,Healthy,Good
AME II,D002A,D02,2009,18,22,123882,0.3904145895379116,Stres Berat,0.46645864635983136,Stres Sedang,Pokok Utama,109.23561144034312,-0.4298123541142521,1110,109.23563271,-0.42982088,5.6,0.444,0.444,Healthy,Moderate
AME II,D002A,D02,2009,18,24,123879,0.40513164744384916,Stres Sedang,0.4545332705806275,Stres Sedang,Pokok Utama,109.23580748200848,-0.42983059512078675,1221,109.23579216,-0.42980102,5.34,0.406,0.406,Healthy,Sub-Optimal
AME II,D002A,D02,2009,19,1,123457,0.3631800964328827,Stres Berat,0.45058548640983015,Stres Sedang,Pokok Utama,109.23372369253627,-0.4297849901565922,394,109.23370817,-0.42980279,8.58,0.411,0.411,Healthy,Sub-Optimal
AME II,D002A,D02,2009,19,3,123463,0.4002678431206495,Stres Sedang,0.47528963540501606,Stres Sedang,Pokok Utama,109.23390465218147,-0.4297908894334362,1965,109.23393544,-0.42977481,4.28,0.363,0.363,Suspect,Critical
AME II,D002A,D02,2009,19,4,123486,0.40978015505537696,Stres Sedang,0.45565955818165094,Stres Sedang,Pokok Utama,109.233996794438,-0.42977742327886037,1390,109.23401313,-0.42978659,5.0,0.41,0.41,Healthy,Sub-Optimal
AME II,D002A,D02,2009,19,6,123508,0.4353132522261915,Stres Sedang,0.4733860589360058,Stres Sedang,Pokok Utama,109.23415896521851,-0.4297901528621647,1412,109.23414877,-0.42980697,4.96,0.408,0.408,Healthy,Sub-Optimal
AME II,D002A,D02,2009,19,8,123578,0.43111685608955125,Stres Sedang,0.46959230942961044,Stres Sedang,Pokok Utama,109.23430501536843,-0.42976110914670423,2098,109.23433023,-0.42974687,4.13,0.444,0.444,Healthy,Moderate
AME II,D002A,D02,2009,19,11,123598,0.41239689839492355,Stres Sedang,0.482907737611434,Stres Sedang,Pokok Utama,109.23459887706349,-0.42979361383071946,3342,109.23459925,-0.42981883,2.74,0.49,0.49,Abnormal,Good
AME II,D002A,D02,2009,19,12,123605,0.3902290576369485,Stres Berat,0.47733398520630904,Stres Sedang,Pokok Utama,109.23470249518668,-0.42977046348667297,552,109.23472142,-0.42977681,7.68,0.422,0.422,Healthy,Sub-Optimal
AME II,D002A,D02,2009,19,15,123559,0.41598910084801805,Stres Sedang,0.48993140809202135,Stres Sedang,Pokok Utama,109.23490619392233,-0.4297482289698285,979,109.23491006,-0.42977007,5.98,0.494,0.494,Healthy,Good
AME II,D002A,D02,2009,19,16,123563,0.41478073285314615,Stres Sedang,0.4920739848043794,Stres Sedang,Pokok Utama,109.23499542478254,-0.4297667100875631,1741,109.23497699,-0.42975335,4.5,0.468,0.468,Healthy,Good
AME II,D002A,D02,2009,19,17,123616,0.4147722576905515,Stres Sedang,0.4822362601524149,Stres Sedang,Pokok Utama,109.23518233542904,-0.4297733395857675,622,109.23519391,-0.429795,7.37,0.474,0.474,Healthy,Good
AME II,D002A,D02,2009,19,18,123617,0.401392315622255,Stres Sedang,0.47065369194070605,Stres Sedang,Pokok Utama,109.23526811079194,-0.4297873137788087,263,109.2352743,-0.42980587,9.51,0.446,0.446,Healthy,Moderate
AME II,D002A,D02,2009,19,20,123622,0.46253009881903256,Stres Sedang,0.5047407863750664,Stres Ringan,Pokok Utama,109.23531486212363,-0.4298110986748046,140,109.2353237,-0.42983663,10.61,0.545,0.545,Healthy,Good
AME II,D002A,D02,2009,19,21,123862,0.39372556061160807,Stres Berat,0.47309328693998365,Stres Sedang,Pokok Utama,109.2354184801817,-0.4297766599488198,139,109.23543824,-0.42980636,10.62,0.488,0.488,Healthy,Good
AME II,D002A,D02,2009,19,22,123884,0.37077742939801756,Stres Berat,0.4512082277583274,Stres Sedang,Pokok Utama,109.2355260555803,-0.4297676437924242,796,109.23552268,-0.42978513,6.62,0.423,0.423,Healthy,Sub-Optimal
AME II,D002A,D02,2009,19,23,123261,0.4087418113430233,Stres Sedang,0.46666002865848294,Stres Sedang,Pokok Utama,109.23576262980762,-0.42978245698239054,1221,109.23579216,-0.42980102,5.34,0.406,0.406,Healthy,Sub-Optimal
AME II,D002A,D02,2009,20,2,123460,0.41811757635853036,Stres Sedang,0.4592551497250715,Stres Sedang,Pokok Utama,109.23376911096224,-0.42971028761790464,172,109.23379532,-0.42972188,10.34,0.366,0.366,Suspect,Critical
AME II,D002A,D02,2009,20,5,123479,0.3848627395431471,Stres Berat,0.443471769470974,Stres Sedang,Pokok Utama,109.23414553425782,-0.4296885771353132,594,109.23413442,-0.42970252,7.47,0.378,0.378,Suspect,Critical
AME II,D002A,D02,2009,20,9,123581,0.41319246386516617,Stres Sedang,0.4695254044714742,Stres Sedang,Pokok Utama,109.23450583695542,-0.42969560781139715,1729,109.23451035,-0.4296904,4.52,0.496,0.496,Healthy,Good
AME II,D002A,D02,2009,20,12,123556,0.4484251649201322,Stres Sedang,0.4696628986678731,Stres Sedang,Pokok Utama,109.23482120686383,-0.4296968495498043,411,109.23484764,-0.42971806,8.47,0.549,0.549,Healthy,Good
AME II,D002A,D02,2009,20,16,123566,0.3876259491757428,Stres Berat,0.4575303480414404,Stres Sedang,Pokok Utama,109.23512976411371,-0.429699081706465,684,109.23514317,-0.42972491,7.06,0.462,0.462,Healthy,Good
AME II,D002A,D02,2009,20,21,123253,0.3617763871824797,Stres Berat,0.4475168480503173,Stres Sedang,Pokok Utama,109.2357030975806,-0.4296816155920866,2794,109.23572481,-0.42969701,3.45,0.509,0.509,Abnormal,Good
AME II,D002A,D02,2009,21,1,123459,0.3771715726099414,Stres Berat,0.4463943402492939,Stres Sedang,Pokok Utama,109.23372396578307,-0.42965129787747824,266,109.2337329,-0.42965856,9.5,0.42,0.42,Healthy,Sub-Optimal
AME II,D002A,D02,2009,21,2,123465,0.3906847201328327,Stres Berat,0.47130399361588904,Stres Sedang,Pokok Utama,109.23390419798211,-0.42966434273656534,189,109.23389189,-0.42968392,10.17,0.426,0.426,Healthy,Sub-Optimal
AME II,D002A,D02,2009,21,3,123484,0.37401149840443076,Stres Berat,0.4399179948084638,Stres Sedang,Pokok Utama,109.23396519670028,-0.42967265115910047,1450,109.23397678,-0.42968258,4.92,0.42,0.42,Healthy,Sub-Optimal
AME II,D002A,D02,2009,21,5,123478,0.41665543670917476,Stres Sedang,0.4977974743678652,Stres Sedang,Pokok Utama,109.23420603033584,-0.42962872123707263,1770,109.23418924,-0.42960486,4.48,0.423,0.423,Healthy,Sub-Optimal
AME II,D002A,D02,2009,21,7,123511,0.39706084003603764,Stres Berat,0.46389938056325686,Stres Sedang,Pokok Utama,109.23436977783477,-0.42963259266342124,1474,109.23435136,-0.42966187,4.88,0.544,0.544,Healthy,Good
AME II,D002A,D02,2009,21,8,123518,0.4089372782059458,Stres Sedang,0.48944052436144797,Stres Sedang,Pokok Utama,109.23443652274267,-0.42961378250837806,977,109.23442907,-0.42962165,5.99,0.399,0.399,Healthy,Sub-Optimal
AME II,D002A,D02,2009,21,9,123519,0.3609245975374007,Stres Berat,0.4479751319436652,Stres Sedang,Pokok Utama,109.23452586003171,-0.42963809817940923,2068,109.23454134,-0.42966915,4.16,0.463,0.463,Healthy,Good
AME II,D002A,D02,2009,21,11,123530,0.3959325846730934,Stres Berat,0.4466568010324331,Stres Sedang,Pokok Utama,109.23470892571659,-0.42963826647051506,790,109.23469541,-0.4296199,6.65,0.491,0.491,Healthy,Good
AME II,D002A,D02,2009,21,12,123403,0.39309864407719414,Stres Berat,0.4545007193278207,Stres Sedang,Pokok Utama,109.23476324378184,-0.429659369161086,874,109.23478792,-0.42967102,6.28,0.486,0.486,Healthy,Good
AME II,D002A,D02,2009,21,14,123561,0.39538635711361364,Stres Berat,0.48921334692532686,Stres Sedang,Pokok Utama,109.23500702901016,-0.4296359810262599,1731,109.2350345,-0.42964259,4.52,0.523,0.523,Healthy,Good
AME II,D002A,D02,2009,21,15,123203,0.357207634603116,Stres Berat,0.4762362220790237,Stres Sedang,Pokok Utama,109.23505177829466,-0.429643220400143,1731,109.2350345,-0.42964259,4.52,0.523,0.523,Healthy,Good
AME II,D002A,D02,2009,21,16,123567,0.4253096229503841,Stres Sedang,0.49964966642842307,Stres Sedang,Pokok Utama,109.2351173042075,-0.4296246929945227,834,109.23510771,-0.42962407,6.46,0.396,0.396,Healthy,Sub-Optimal
AME II,D002A,D02,2009,21,18,123569,0.39603322724927925,Stres Berat,0.4518292856016019,Stres Sedang,Pokok Utama,109.23524062072825,-0.4296359214181387,1044,109.23521955,-0.42962093,5.79,0.506,0.506,Healthy,Good
AME II,D002A,D02,2009,21,20,123276,0.43314323632021773,Stres Sedang,0.47601131525939205,Stres Sedang,Pokok Utama,109.23541526181938,-0.42964688415808716,500,109.23539246,-0.42963544,7.9,0.472,0.472,Healthy,Good
AME II,D002A,D02,2009,21,21,123274,0.3873065477439567,Stres Berat,0.4665804848897786,Stres Sedang,Pokok Utama,109.23548656184596,-0.4296478583924925,316,109.23548678,-0.42965219,9.14,0.449,0.449,Healthy,Moderate
AME II,D002A,D02,2009,21,22,123264,0.37987209458202326,Stres Berat,0.46296867509164363,Stres Sedang,Pokok Utama,109.23560266889764,-0.4296276453715675,944,109.23559323,-0.42963187,6.05,0.451,0.451,Healthy,Moderate
AME II,D002A,D02,2009,21,23,123263,0.40849392642566656,Stres Sedang,0.4799476090552071,Stres Sedang,Pokok Utama,109.23565714548026,-0.4296157149607852,1856,109.23564308,-0.42963459,4.39,0.495,0.495,Healthy,Good
AME II,D002A,D02,2009,21,24,123254,0.4137097559849032,Stres Sedang,0.4915172332884921,Stres Sedang,Pokok Utama,109.23572611383504,-0.42961568397338934,3274,109.23571943,-0.42963506,2.87,0.51,0.51,Healthy,Good
AME II,D002A,D02,2009,21,25,123259,0.4042286939235047,Stres Sedang,0.4889905872609085,Stres Sedang,Pokok Utama,109.23576889442873,-0.4296137795188823,3315,109.23575627,-0.42961925,2.79,0.448,0.448,Healthy,Moderate
AME II,D002A,D02,2009,22,1,123413,0.34049695493477083,Stres Berat,0.43232702695983816,Stres Sedang,Pokok Utama,109.23368283950079,-0.4295608575861705,104,109.23368666,-0.42958576,10.95,0.385,0.385,Healthy,Critical
AME II,D002A,D02,2009,22,2,123414,0.4201704841340087,Stres Sedang,0.4505024108176048,Stres Sedang,Pokok Utama,109.23376663191121,-0.4295413578123593,3612,109.2337747,-0.42953604,1.56,0.469,0.469,Healthy,Good
AME II,D002A,D02,2009,22,4,123466,0.39032899344863453,Stres Berat,0.4591052271078612,Stres Sedang,Pokok Utama,109.23392099322474,-0.4295731355077574,1168,109.23390628,-0.42959123,5.47,0.429,0.429,Healthy,Sub-Optimal
AME II,D002A,D02,2009,22,5,123482,0.40967034170827843,Stres Sedang,0.4524611870561225,Stres Sedang,Pokok Utama,109.23402463697207,-0.42957121809909193,1149,109.23403475,-0.42955374,5.51,0.39,0.39,Healthy,Sub-Optimal
AME II,D002A,D02,2009,22,6,123483,0.3676292684975362,Stres Berat,0.4354485284472114,Stres Sedang,Pokok Utama,109.23408167800433,-0.4295674034781024,1053,109.23407697,-0.42954515,5.76,0.471,0.471,Healthy,Good
AME II,D002A,D02,2009,22,9,327127,0.3629831648222873,Stres Berat,0.4668049606137869,Stres Sedang,Tamb,109.23434221222895,-0.4295873170683562,776,109.23435228,-0.4295615,6.69,0.387,0.387,Healthy,Critical
AME II,D002A,D02,2009,22,10,123517,0.4234765072663625,Stres Sedang,0.4942612186338351,Stres Sedang,Pokok Utama,109.23444539088861,-0.4295454304565273,1305,109.23442145,-0.42957191,5.15,0.472,0.472,Healthy,Good
AME II,D002A,D02,2009,22,14,123531,0.3839096555664848,Stres Berat,0.46591502995505324,Stres Sedang,Pokok Utama,109.23475312749028,-0.42955357381219283,601,109.23474438,-0.4295435,7.45,0.427,0.427,Healthy,Sub-Optimal
AME II,D002A,D02,2009,22,15,123554,0.3925928077541361,Stres Berat,0.4282023559788708,Stres Sedang,Pokok Utama,109.23482313815013,-0.42955595122054957,958,109.23481848,-0.42957653,6.02,0.416,0.416,Healthy,Sub-Optimal
AME II,D002A,D02,2009,22,16,123553,0.400706334859579,Stres Sedang,0.465906896109048,Stres Sedang,Pokok Utama,109.23488286037528,-0.429564614728737,3398,109.23488989,-0.42957835,2.65,0.534,0.534,Abnormal,Good
AME II,D002A,D02,2009,22,17,123552,0.38308424615523273,Stres Berat,0.46311298949812185,Stres Sedang,Pokok Utama,109.23498244622826,-0.42954121384017063,2202,109.23498243,-0.42952547,4.02,0.462,0.462,Healthy,Good
AME II,D002A,D02,2009,22,19,123549,0.40972141657700384,Stres Sedang,0.46686946747720637,Stres Sedang,Pokok Utama,109.23522283642791,-0.42955909618725796,878,109.23524156,-0.42958657,6.26,0.427,0.427,Healthy,Sub-Optimal
AME II,D002A,D02,2009,22,20,123550,0.44783304705750576,Stres Sedang,0.46570988803394286,Stres Sedang,Pokok Utama,109.23528848655293,-0.4295668983716086,236,109.23531388,-0.42956308,9.77,0.494,0.494,Healthy,Good
AME II,D002A,D02,2009,22,22,123273,0.3420289340996021,Stres Berat,0.4321612575301179,Stres Sedang,Pokok Utama,109.23545338541987,-0.4295408006660024,1131,109.23543245,-0.42956989,5.56,0.473,0.473,Healthy,Good
AME II,D002A,D02,2009,22,23,123270,0.36831478472716006,Stres Berat,0.45568935269699956,Stres Sedang,Pokok Utama,109.23552711454708,-0.42953709390464107,2627,109.23555058,-0.42955499,3.62,0.442,0.442,Abnormal,Moderate
AME II,D002A,D02,2009,22,25,123265,0.3601974968920243,Stres Berat,0.45202770025452,Stres Sedang,Pokok Utama,109.23562931338417,-0.4295337880353283,2046,109.23565388,-0.42952563,4.18,0.457,0.457,Healthy,Moderate
AME II,D002A,D02,2009,23,2,123412,0.41163429970356225,Stres Sedang,0.4497178796983252,Stres Sedang,Pokok Utama,109.23380684111287,-0.42949076445189877,3413,109.23378774,-0.42947817,2.61,0.472,0.472,Healthy,Good
AME II,D002A,D02,2009,23,7,123475,0.38509543207244834,Stres Berat,0.4362567160872186,Stres Sedang,Pokok Utama,109.23421114178333,-0.42948660741333267,3321,109.23419555,-0.42949002,2.77,0.473,0.473,Healthy,Good
AME II,D002A,D02,2009,23,8,123476,0.38326847169306794,Stres Berat,0.4489598987357957,Stres Sedang,Pokok Utama,109.23429184713943,-0.42948545693031737,775,109.23428808,-0.4294593,6.7,0.454,0.454,Healthy,Moderate
AME II,D002A,D02,2009,23,10,123516,0.385283072218724,Stres Berat,0.4869988574544362,Stres Sedang,Pokok Utama,109.23445541119065,-0.42948630975118485,892,109.23444797,-0.42946883,6.22,0.581,0.581,Healthy,Good
AME II,D002A,D02,2009,23,11,123520,0.4138279970942047,Stres Sedang,0.5036259724710196,Stres Ringan,Pokok Utama,109.23453172423903,-0.4295194076468889,112,109.23455395,-0.42954481,10.84,0.499,0.499,Healthy,Good
AME II,D002A,D02,2009,23,12,123523,0.41302508366888846,Stres Sedang,0.4893392904399216,Stres Sedang,Pokok Utama,109.23462097660263,-0.42950282005994045,327,109.23464334,-0.42950369,9.08,0.452,0.452,Healthy,Moderate
AME II,D002A,D02,2009,23,14,123532,0.4534945225608912,Stres Sedang,0.510761085316061,Stres Ringan,Pokok Utama,109.23480304547158,-0.42946663258372936,524,109.23481581,-0.42947208,7.78,0.525,0.525,Healthy,Good
AME II,D002A,D02,2009,23,16,123544,0.4116001431469299,Stres Sedang,0.4825769789264022,Stres Sedang,Pokok Utama,109.23494875393912,-0.4294783825615958,1410,109.23496941,-0.42948568,4.97,0.433,0.433,Healthy,Moderate
AME II,D002A,D02,2009,23,18,123546,0.3929486261559245,Stres Berat,0.4754236344550107,Stres Sedang,Pokok Utama,109.23509138886799,-0.42948868675431934,3609,109.23509202,-0.42951103,1.67,0.41,0.41,Abnormal,Sub-Optimal
AME II,D002A,D02,2009,23,20,123278,0.43679680249723446,Stres Sedang,0.48830685392803586,Stres Sedang,Pokok Utama,109.23533731675788,-0.42949553069824326,184,109.23532154,-0.42947853,10.23,0.411,0.411,Healthy,Sub-Optimal
AME II,D002A,D02,2009,23,21,123272,0.4105244580133371,Stres Sedang,0.5090683417277293,Stres Ringan,Pokok Utama,109.2354296858617,-0.42947631863802316,686,109.2354455,-0.42946544,7.04,0.607,0.607,Healthy,Good
AME II,D002A,D02,2009,23,22,123271,0.3476942418143153,Stres Berat,0.4470629500938492,Stres Sedang,Pokok Utama,109.23550587848874,-0.4294667652495662,1982,109.23553937,-0.4294736,4.26,0.519,0.519,Healthy,Good
AME II,D002A,D02,2009,23,23,123269,0.3910789820522686,Stres Berat,0.46080436988645385,Stres Sedang,Pokok Utama,109.23556781092348,-0.42948917280347504,1982,109.23553937,-0.4294736,4.26,0.519,0.519,Healthy,Good
AME II,D002A,D02,2009,23,24,123255,0.37445085191733163,Stres Berat,0.4455762191582499,Stres Sedang,Pokok Utama,109.23569381744407,-0.42950193191284775,766,109.23569746,-0.42946912,6.72,0.438,0.438,Healthy,Moderate
AME II,D002A,D02,2009,24,1,123390,0.3961730035409635,Stres Berat,0.43073914118971246,Stres Sedang,Pokok Utama,109.23369226688452,-0.42942767565541434,471,109.23368669,-0.42944966,8.08,0.428,0.428,Healthy,Sub-Optimal
AME II,D002A,D02,2009,24,2,123392,0.4310180125826253,Stres Sedang,0.4305028654187201,Stres Sedang,Pokok Utama,109.23375822750698,-0.4294326429393766,3098,109.23376754,-0.42943069,3.13,0.505,0.505,Healthy,Good
AME II,D002A,D02,2009,24,3,123411,0.4193276899421345,Stres Sedang,0.43499676590926944,Stres Sedang,Pokok Utama,109.23383047954113,-0.42943010782039986,2933,109.23380975,-0.42944381,3.32,0.341,0.341,Healthy,Critical
AME II,D002A,D02,2009,24,4,123417,0.36859436816646574,Stres Berat,0.44662750599765577,Stres Sedang,Pokok Utama,109.23392127815083,-0.42943544169721465,3298,109.2339436,-0.42943977,2.82,0.47,0.47,Abnormal,Good
AME II,D002A,D02,2009,24,6,123470,0.35395454701244866,Stres Berat,0.43104799518776915,Stres Sedang,Pokok Utama,109.23409087881332,-0.42940381172115727,2980,109.23408822,-0.4294172,3.25,0.446,0.446,Abnormal,Moderate
AME II,D002A,D02,2009,24,7,123472,0.4153309091459072,Stres Sedang,0.49388505125546955,Stres Sedang,Pokok Utama,109.23415723918478,-0.4294439825258044,2596,109.23414212,-0.42943078,3.64,0.49,0.49,Healthy,Good
AME II,D002A,D02,2009,24,11,123515,0.43802405044103876,Stres Sedang,0.5058339365316231,Stres Ringan,Pokok Utama,109.23447117593234,-0.42939586186337764,988,109.23447942,-0.42941548,5.97,0.64,0.64,Healthy,Good
AME II,D002A,D02,2009,24,13,123524,0.3987501754780859,Stres Berat,0.4757389969238285,Stres Sedang,Pokok Utama,109.23467901968853,-0.4294382648303037,198,109.23466625,-0.42947024,10.11,0.516,0.516,Healthy,Good
AME II,D002A,D02,2009,24,15,123534,0.45570383420903493,Stres Sedang,0.46893145412841886,Stres Sedang,Pokok Utama,109.23488502480805,-0.4294175979636595,1507,109.23486299,-0.42939839,4.84,0.458,0.458,Healthy,Moderate
AME II,D002A,D02,2009,24,16,123543,0.38309893721047145,Stres Berat,0.4584303288882663,Stres Sedang,Pokok Utama,109.234999718849,-0.4294208303698771,3280,109.23497437,-0.42942238,2.85,0.352,0.352,Abnormal,Critical
AME II,D002A,D02,2009,24,19,123548,0.3431955625316506,Stres Berat,0.39654947827158393,Stres Berat,Pokok Utama,109.23522855138499,-0.42940570039174913,1351,109.23522365,-0.42938084,5.08,0.494,0.494,Healthy,Good
AME II,D002A,D02,2009,24,20,123279,0.4005325820725325,Stres Sedang,0.43751542410524435,Stres Sedang,Pokok Utama,109.23531598126256,-0.4294083657897387,1040,109.23531481,-0.42941794,5.8,0.409,0.409,Healthy,Sub-Optimal
AME II,D002A,D02,2009,24,21,123229,0.4498965741795673,Stres Sedang,0.5013460119911026,Stres Ringan,Pokok Utama,109.23539784976514,-0.4294275017000093,3126,109.23538668,-0.4294071,3.08,0.48,0.48,Abnormal,Good
AME II,D002A,D02,2009,24,22,123228,0.46622267713594684,Stres Sedang,0.5250573244512851,Stres Ringan,Pokok Utama,109.2354220953498,-0.4294102795359782,3126,109.23538668,-0.4294071,3.08,0.48,0.48,Abnormal,Good
AME II,D002A,D02,2009,24,23,123268,0.3865279966339704,Stres Berat,0.4703626474245439,Stres Sedang,Pokok Utama,109.23553070806314,-0.42941772184170673,2004,109.23555555,-0.42940262,4.23,0.467,0.467,Healthy,Good
AME II,D002A,D02,2009,25,2,123393,0.4105866136225964,Stres Sedang,0.41500383878534386,Stres Sedang,Pokok Utama,109.23381602469622,-0.42935916226390647,2045,109.23383088,-0.42938142,4.18,0.473,0.473,Healthy,Good
AME II,D002A,D02,2009,25,5,123419,0.34380663079353957,Stres Berat,0.43335248002170906,Stres Sedang,Pokok Utama,109.23401834475287,-0.42937486182466356,844,109.23401772,-0.42937061,6.41,0.414,0.414,Healthy,Sub-Optimal
AME II,D002A,D02,2009,25,6,123471,0.4049226892666648,Stres Sedang,0.4802792590702526,Stres Sedang,Pokok Utama,109.23415089834344,-0.42936941079946006,1137,109.23415785,-0.4293729,5.54,0.468,0.468,Healthy,Good
AME II,D002A,D02,2009,25,8,123429,0.43023230104633203,Stres Sedang,0.4962345322642209,Stres Sedang,Pokok Utama,109.23431369521538,-0.4293352128270966,1156,109.2343209,-0.42932954,5.49,0.405,0.405,Healthy,Sub-Optimal
AME II,D002A,D02,2009,25,9,123432,0.4423821881081603,Stres Sedang,0.4979175920161171,Stres Sedang,Pokok Utama,109.23437960351197,-0.4293569213694518,1086,109.23440577,-0.4293698,5.67,0.464,0.464,Healthy,Good
AME II,D002A,D02,2009,25,10,123439,0.41228883004928324,Stres Sedang,0.4753051483659764,Stres Sedang,Pokok Utama,109.23447847489189,-0.4293505636307265,1214,109.23450054,-0.42937796,5.35,0.433,0.433,Healthy,Moderate
AME II,D002A,D02,2009,25,12,123443,0.3875646041439677,Stres Berat,0.46203227250674944,Stres Sedang,Pokok Utama,109.23472596980294,-0.42933554742287205,1971,109.2347058,-0.42936354,4.27,0.431,0.431,Healthy,Moderate
AME II,D002A,D02,2009,25,13,123444,0.3833643427339788,Stres Berat,0.44876189886520085,Stres Sedang,Pokok Utama,109.23474877162231,-0.42937025880201457,2763,109.2347597,-0.42935089,3.48,0.452,0.452,Abnormal,Moderate
AME II,D002A,D02,2009,25,14,327124,0.39855118606609863,Stres Berat,0.4521697257821624,Stres Sedang,Tamb,109.23480284341962,-0.4293371713292993,3572,109.23482303,-0.42933824,2.08,0.424,0.424,Healthy,Sub-Optimal
AME II,D002A,D02,2009,25,15,123447,0.40487139516381365,Stres Sedang,0.45304388874134816,Stres Sedang,Pokok Utama,109.23486238699348,-0.4293532048234148,971,109.23485895,-0.42935453,6.0,0.472,0.472,Healthy,Good
AME II,D002A,D02,2009,25,16,123535,0.35949752396737317,Stres Berat,0.43874067211294315,Stres Sedang,Pokok Utama,109.234936697633,-0.42935577493428545,2999,109.2349654,-0.42936676,3.24,0.442,0.442,Abnormal,Moderate
AME II,D002A,D02,2009,25,17,123539,0.40106239569465446,Stres Sedang,0.47644203071806357,Stres Sedang,Pokok Utama,109.2350246002177,-0.4293496000177914,1995,109.23503366,-0.4293722,4.24,0.506,0.506,Healthy,Good
AME II,D002A,D02,2009,25,21,123230,0.43166526039852754,Stres Sedang,0.46512384881143987,Stres Sedang,Pokok Utama,109.23536177237155,-0.4293341244468333,1589,109.23537456,-0.42935329,4.73,0.464,0.464,Healthy,Good
AME II,D002A,D02,2009,25,24,123250,0.3781890943039047,Stres Berat,0.4597186563481642,Stres Sedang,Pokok Utama,109.235593676367,-0.4293297427521749,2547,109.23558701,-0.4293226,3.69,0.494,0.494,Abnormal,Good
AME II,D002A,D02,2009,26,1,152826,0.36774493317758783,Stres Berat,0.4071347659756451,Stres Sedang,Pokok Utama,109.23369809033558,-0.4293065128158192,175,109.23368986,-0.42931673,10.26,0.408,0.408,Healthy,Sub-Optimal
AME II,D002A,D02,2009,26,2,123388,0.42009382892496067,Stres Sedang,0.4366370508200837,Stres Sedang,Pokok Utama,109.23377388829525,-0.4293098121448765,2986,109.23379047,-0.42932127,3.25,0.399,0.399,Abnormal,Sub-Optimal
AME II,D002A,D02,2009,26,3,123394,0.4341917195411629,Stres Sedang,0.48944972277510496,Stres Sedang,Pokok Utama,109.2338481225966,-0.4293082098134326,168,109.23388165,-0.42931497,10.38,0.435,0.435,Healthy,Moderate
AME II,D002A,D02,2009,26,4,123408,0.37803707701990646,Stres Berat,0.467716000564609,Stres Sedang,Pokok Utama,109.23400696077242,-0.42927006185655303,114,109.2339863,-0.42929148,10.84,0.423,0.423,Healthy,Sub-Optimal
AME II,D002A,D02,2009,26,6,123422,0.37502214005454976,Stres Berat,0.4545974247605325,Stres Sedang,Pokok Utama,109.23416921104449,-0.42925733903175367,300,109.23418886,-0.42927796,9.23,0.425,0.425,Healthy,Sub-Optimal
AME II,D002A,D02,2009,26,7,123424,0.38068997105983626,Stres Berat,0.4502228328019282,Stres Sedang,Pokok Utama,109.23426300701232,-0.42927522525591433,713,109.23423961,-0.42929289,6.94,0.413,0.413,Healthy,Sub-Optimal
AME II,D002A,D02,2009,26,9,123433,0.4114523382776942,Stres Sedang,0.4596589300015865,Stres Sedang,Pokok Utama,109.23441257713091,-0.4292829167275611,1647,109.23440938,-0.42931328,4.64,0.461,0.461,Healthy,Good
AME II,D002A,D02,2009,26,12,123441,0.36890917937090395,Stres Berat,0.45959049764251364,Stres Sedang,Pokok Utama,109.23466672417787,-0.4292659180285385,274,109.23468021,-0.42929435,9.43,0.354,0.354,Suspect,Critical
AME II,D002A,D02,2009,26,13,338922,0.35402990937517415,Stres Berat,0.4358526324678276,Stres Sedang,Pokok Utama,109.23472749165606,-0.4292642610104231,508,109.2347157,-0.42926768,7.86,0.439,0.439,Healthy,Moderate
AME II,D002A,D02,2009,26,14,327123,0.3898443542795723,Stres Berat,0.46807045221651017,Stres Sedang,Tamb,109.2348311884583,-0.429242688652797,2412,109.23482709,-0.42924239,3.81,0.401,0.401,Healthy,Sub-Optimal
AME II,D002A,D02,2009,26,17,123538,0.33463893251241644,Stres Berat,0.43780444361188975,Stres Sedang,Pokok Utama,109.23504705321214,-0.42928379489208623,1296,109.23507545,-0.42929716,5.18,0.42,0.42,Healthy,Sub-Optimal
AME II,D002A,D02,2009,26,18,123286,0.35089157990429526,Stres Berat,0.44375495064290804,Stres Sedang,Pokok Utama,109.23513038032169,-0.4292723441320222,1761,109.23511633,-0.42928315,4.48,0.436,0.436,Healthy,Moderate
AME II,D002A,D02,2009,26,20,123281,0.3948476839914963,Stres Berat,0.4427251100915708,Stres Sedang,Pokok Utama,109.23530772809181,-0.4292589031533705,247,109.23528566,-0.42924973,9.65,0.474,0.474,Healthy,Good
AME II,D002A,D02,2009,26,21,123231,0.3839393636417363,Stres Berat,0.4348220896498735,Stres Sedang,Pokok Utama,109.2353781912302,-0.4292585351996446,1220,109.2353692,-0.42925156,5.34,0.543,0.543,Healthy,Good
AME II,D002A,D02,2009,26,22,123233,0.40295452392273023,Stres Sedang,0.4825125688457632,Stres Sedang,Pokok Utama,109.23545881741536,-0.42926596828123,2657,109.23548372,-0.42926334,3.58,0.434,0.434,Healthy,Moderate
AME II,D002A,D02,2009,26,23,123235,0.3971656457605227,Stres Berat,0.47053049246422457,Stres Sedang,Pokok Utama,109.23554714307012,-0.4292638799783338,2183,109.23556905,-0.42929094,4.04,0.429,0.429,Healthy,Sub-Optimal
AME II,D002A,D02,2009,26,24,123249,0.3422439783205009,Stres Berat,0.4366707352415911,Stres Sedang,Pokok Utama,109.23562734327125,-0.42926439778496867,2104,109.23561532,-0.42927332,4.13,0.453,0.453,Healthy,Moderate
AME II,D002A,D02,2009,26,25,123247,0.4300183575297788,Stres Sedang,0.5073380770713333,Stres Ringan,Pokok Utama,109.2357137868231,-0.429255489722904,256,109.23571009,-0.42925797,9.58,0.383,0.383,Healthy,Critical
AME II,D002A,D02,2009,26,26,123245,0.4505846182186404,Stres Sedang,0.5173664136628549,Stres Ringan,Pokok Utama,109.23577843658383,-0.42926201388716906,64,109.23578195,-0.42924125,11.54,0.506,0.506,Healthy,Good
AME II,D002A,D02,2009,27,1,152827,0.3923948733815042,Stres Berat,0.4371086824965348,Stres Sedang,Pokok Utama,109.23373191348013,-0.42921002302726996,626,109.23372447,-0.42923173,7.32,0.421,0.421,Healthy,Sub-Optimal
AME II,D002A,D02,2009,27,3,123406,0.41225910647260483,Stres Sedang,0.47566813686599374,Stres Sedang,Pokok Utama,109.23399303451293,-0.4291973231942458,429,109.2340245,-0.42918659,8.33,0.456,0.456,Healthy,Moderate
AME II,D002A,D02,2009,27,4,123405,0.4096668922282095,Stres Sedang,0.4678688517139392,Stres Sedang,Pokok Utama,109.2340547973024,-0.42918761453911186,896,109.2340721,-0.42920016,6.21,0.479,0.479,Healthy,Good
AME II,D002A,D02,2009,27,5,123421,0.3786644729714215,Stres Berat,0.4522352989645734,Stres Sedang,Pokok Utama,109.23412866019565,-0.4292113912466021,523,109.23415205,-0.4292255,7.78,0.431,0.431,Healthy,Moderate
AME II,D002A,D02,2009,27,6,123425,0.4153179107702456,Stres Sedang,0.46230848829428545,Stres Sedang,Pokok Utama,109.23429851261791,-0.4292139826658436,704,109.23429891,-0.42921469,6.96,0.45,0.45,Healthy,Moderate
AME II,D002A,D02,2009,27,8,123434,0.357653755942441,Stres Berat,0.43498198263306825,Stres Sedang,Pokok Utama,109.23446583160049,-0.429210193666824,534,109.23448351,-0.42919936,7.74,0.41,0.41,Healthy,Sub-Optimal
AME II,D002A,D02,2009,27,9,123436,0.3718854888058875,Stres Berat,0.44660351850772995,Stres Sedang,Pokok Utama,109.2346192082309,-0.4292038485878306,336,109.23463172,-0.42922245,8.92,0.479,0.479,Healthy,Good
AME II,D002A,D02,2009,27,12,123449,0.3924542553823924,Stres Berat,0.472780714688878,Stres Sedang,Pokok Utama,109.2349240631087,-0.42917712235552197,24,109.23491739,-0.42916283,12.41,0.509,0.509,Healthy,Good
AME II,D002A,D02,2009,27,13,123537,0.34047683821648966,Stres Berat,0.4381096136913231,Stres Sedang,Pokok Utama,109.23505307305699,-0.42921879348475284,2666,109.23505615,-0.4292343,3.57,0.417,0.417,Abnormal,Sub-Optimal
AME II,D002A,D02,2009,27,14,123283,0.43011942185599344,Stres Sedang,0.4702530933462276,Stres Sedang,Pokok Utama,109.23517401615199,-0.4292073270461992,78,109.2351855,-0.4292271,11.27,0.53,0.53,Healthy,Good
AME II,D002A,D02,2009,27,15,123282,0.43037410790804065,Stres Sedang,0.44185308122684963,Stres Sedang,Pokok Utama,109.2352761291305,-0.42919835932858785,98,109.23526455,-0.42921988,11.01,0.415,0.415,Healthy,Sub-Optimal
AME II,D002A,D02,2009,27,16,123223,0.4088549854085294,Stres Sedang,0.43159734483453754,Stres Sedang,Pokok Utama,109.23536502504787,-0.4291772447072959,1409,109.23534316,-0.42919413,4.97,0.589,0.589,Healthy,Good
AME II,D002A,D02,2009,27,17,123236,0.39481167444188797,Stres Berat,0.4729797729388291,Stres Sedang,Pokok Utama,109.23551544428312,-0.4292116611002868,2526,109.23554482,-0.42920729,3.72,0.47,0.47,Abnormal,Good
AME II,D002A,D02,2009,27,18,123238,0.424504185930862,Stres Sedang,0.5014790383686957,Stres Ringan,Pokok Utama,109.23557755328073,-0.4292201298210427,2526,109.23554482,-0.42920729,3.72,0.47,0.47,Abnormal,Good
AME II,D002A,D02,2009,28,2,123386,0.4033133043717574,Stres Sedang,0.4484500048792187,Stres Sedang,Pokok Utama,109.23384093915334,-0.42914369278684045,437,109.23381611,-0.42913183,8.3,0.465,0.465,Healthy,Good
AME II,D002A,D02,2009,28,3,123396,0.37709020778698765,Stres Berat,0.4634219716353687,Stres Sedang,Pokok Utama,109.2339341095402,-0.42912010683843593,146,109.23394772,-0.42909343,10.57,0.511,0.511,Healthy,Good
AME II,D002A,D02,2009,28,4,123407,0.376797083488683,Stres Berat,0.453351367029293,Stres Sedang,Pokok Utama,109.23399751467132,-0.42914038871162224,413,109.23400834,-0.42915403,8.42,0.478,0.478,Healthy,Good
AME II,D002A,D02,2009,28,5,123404,0.3750307486109464,Stres Berat,0.4434669557936481,Stres Sedang,Pokok Utama,109.23407734015876,-0.4291411958172002,585,109.23409951,-0.42916897,7.52,0.41,0.41,Healthy,Sub-Optimal
AME II,D002A,D02,2009,28,6,123426,0.36777241718097975,Stres Berat,0.42439667718848345,Stres Sedang,Pokok Utama,109.23434289543223,-0.42913487681641765,2174,109.2343681,-0.4291514,4.06,0.372,0.372,Suspect,Critical
AME II,D002A,D02,2009,28,11,123450,0.4259917924931154,Stres Sedang,0.4839746156880402,Stres Sedang,Pokok Utama,109.23496558887486,-0.42912002734706506,12,109.23496365,-0.42913888,12.87,0.444,0.444,Healthy,Moderate
AME II,D002A,D02,2009,28,12,327136,0.3998391335513316,Stres Berat,0.46612628537695855,Stres Sedang,Tamb,109.23505571216712,-0.4291091279735923,609,109.23503508,-0.42908464,7.42,0.501,0.501,Healthy,Good
AME II,D002A,D02,2009,28,13,123220,0.40334517542510373,Stres Sedang,0.44375181532937436,Stres Sedang,Pokok Utama,109.23514249150496,-0.4291008249674649,492,109.23512041,-0.42909777,7.98,0.433,0.433,Healthy,Moderate
AME II,D002A,D02,2009,28,15,123222,0.43724347533640945,Stres Sedang,0.43749227464342344,Stres Sedang,Pokok Utama,109.23530956357219,-0.42912823238488246,850,109.23532161,-0.42914529,6.37,0.46,0.46,Healthy,Good
AME II,D002A,D02,2009,28,16,123210,0.4430328062655714,Stres Sedang,0.4576704383968771,Stres Sedang,Pokok Utama,109.23537358081475,-0.42911568654334536,1936,109.23538763,-0.42914486,4.31,0.553,0.553,Healthy,Good
AME II,D002A,D02,2009,28,18,123225,0.4034808141672138,Stres Sedang,0.4773132402797451,Stres Sedang,Pokok Utama,109.23548346975132,-0.4291436576205904,2840,109.2355107,-0.42914579,3.42,0.426,0.426,Abnormal,Sub-Optimal
AME II,D002A,D02,2009,28,19,123237,0.40528825686307124,Stres Sedang,0.4594554700563164,Stres Sedang,Pokok Utama,109.23556237850617,-0.42913123369897227,412,109.23558391,-0.42913631,8.47,0.44,0.44,Healthy,Moderate
AME II,D002A,D02,2009,28,21,123241,0.415305798844899,Stres Sedang,0.46011310271836015,Stres Sedang,Pokok Utama,109.23572209458356,-0.42911591127373844,76,109.23569036,-0.42909971,11.29,0.453,0.453,Healthy,Moderate
AME II,D002A,D02,2009,29,1,151349,0.3761385549158709,Stres Berat,0.4027955014379371,Stres Sedang,Pokok Utama,109.23372394526477,-0.42906368493456154,291,109.23371866,-0.42908704,9.3,0.439,0.439,Healthy,Moderate
AME II,D002A,D02,2009,29,2,152829,0.4014695644945554,Stres Sedang,0.4397784627465683,Stres Sedang,Pokok Utama,109.23381180451567,-0.429058189140134,1481,109.23378604,-0.42904863,4.88,0.419,0.419,Healthy,Sub-Optimal
AME II,D002A,D02,2009,29,5,123398,0.38851102126285736,Stres Berat,0.4473735969631013,Stres Sedang,Pokok Utama,109.23403236473351,-0.4290390991262974,122,109.23404654,-0.42905818,10.78,0.561,0.561,Healthy,Good
AME II,D002A,D02,2009,29,8,151334,0.4119513029240203,Stres Sedang,0.4600551154559716,Stres Sedang,Pokok Utama,109.23430195563976,-0.4290536106604894,295,109.23430703,-0.42907362,9.24,0.454,0.454,Healthy,Moderate
AME II,D002A,D02,2009,29,9,151363,0.3915951024777417,Stres Berat,0.46005329181500476,Stres Sedang,Pokok Utama,109.23445659620123,-0.429062579257042,177,109.23443638,-0.42909083,10.25,0.459,0.459,Healthy,Moderate
AME II,D002A,D02,2009,29,11,151331,0.3907090674991613,Stres Berat,0.4814704447778915,Stres Sedang,Pokok Utama,109.23461758053016,-0.4290473041765331,97,109.23464658,-0.4290651,11.01,0.562,0.562,Healthy,Good
AME II,D002A,D02,2009,29,12,151367,0.3732265731239241,Stres Berat,0.45105740901549396,Stres Sedang,Pokok Utama,109.23469870744307,-0.4290332855981921,423,109.23471575,-0.42906105,8.37,0.409,0.409,Healthy,Sub-Optimal
AME II,D002A,D02,2009,29,15,123452,0.38315802190276577,Stres Berat,0.48974259879675,Stres Sedang,Pokok Utama,109.23502184975963,-0.4290634150371929,609,109.23503508,-0.42908464,7.42,0.501,0.501,Healthy,Good
AME II,D002A,D02,2009,29,16,123218,0.3883961192674793,Stres Berat,0.4478688208430531,Stres Sedang,Pokok Utama,109.23509395397598,-0.4290554260294749,509,109.23509796,-0.42906883,7.85,0.433,0.433,Healthy,Moderate
AME II,D002A,D02,2009,29,18,123211,0.4307124540857647,Stres Sedang,0.4534554017148744,Stres Sedang,Pokok Utama,109.2353590480583,-0.42905921693244575,513,109.23532927,-0.4290404,7.84,0.468,0.468,Healthy,Good
AME II,D002A,D02,2009,29,19,123227,0.42407699382259767,Stres Sedang,0.4670564552876525,Stres Sedang,Pokok Utama,109.23543548379628,-0.4290667014815645,2385,109.23542358,-0.42907704,3.83,0.459,0.459,Abnormal,Moderate
AME II,D002A,D02,2009,29,20,123226,0.377021415242991,Stres Berat,0.4427703680345215,Stres Sedang,Pokok Utama,109.23548967395358,-0.42905810061896915,955,109.23550443,-0.42905626,6.02,0.444,0.444,Healthy,Moderate
AME II,D002A,D02,2009,29,21,123240,0.40681236859553854,Stres Sedang,0.4707775913977917,Stres Sedang,Pokok Utama,109.23566406612991,-0.4290773746552849,76,109.23569036,-0.42909971,11.29,0.453,0.453,Healthy,Moderate
AME II,D002A,D02,2009,30,1,151347,0.39060836276454075,Stres Berat,0.4490353068193564,Stres Sedang,Pokok Utama,109.2336960769353,-0.42898711424540814,87,109.23368185,-0.42901514,11.11,0.38,0.38,Healthy,Critical
AME II,D002A,D02,2009,30,3,152830,0.4056577178983341,Stres Sedang,0.44486712806036466,Stres Sedang,Pokok Utama,109.23383970447668,-0.4290007726895239,1266,109.23382648,-0.42896951,5.24,0.426,0.426,Healthy,Sub-Optimal
AME II,D002A,D02,2009,30,4,123384,0.4074701772753445,Stres Sedang,0.4635767610376935,Stres Sedang,Pokok Utama,109.23392722672928,-0.42900377178986615,349,109.23394504,-0.42902922,8.85,0.457,0.457,Healthy,Moderate
AME II,D002A,D02,2009,30,8,151333,0.3720349721624722,Stres Berat,0.454775253277768,Stres Sedang,Pokok Utama,109.23450224617733,-0.42898474965588396,81,109.2345132,-0.42901805,11.2,0.437,0.437,Healthy,Moderate
AME II,D002A,D02,2009,30,9,151332,0.34952166616122143,Stres Berat,0.4303905167110689,Stres Sedang,Pokok Utama,109.23457419225142,-0.4289964661856236,15,109.23455049,-0.42897375,12.76,0.447,0.447,Healthy,Moderate
AME II,D002A,D02,2009,30,10,151330,0.4136338746795714,Stres Sedang,0.4897809376244781,Stres Sedang,Pokok Utama,109.23465562046522,-0.4289886140880424,31,109.23465333,-0.42899909,12.36,0.453,0.453,Healthy,Moderate
AME II,D002A,D02,2009,30,12,123216,0.39761520466521955,Stres Berat,0.4746762014576653,Stres Sedang,Pokok Utama,109.23522445218367,-0.42898817379176873,204,109.2352152,-0.42900284,10.04,0.387,0.387,Healthy,Critical
AME II,D002A,D02,2009,30,15,123072,0.35622208987598747,Stres Berat,0.44813392048952383,Stres Sedang,Pokok Utama,109.23553437687835,-0.4289619270420743,3432,109.23554218,-0.42896403,2.57,0.482,0.482,Abnormal,Good
AME II,D002A,D02,2009,30,16,123071,0.35564396416092253,Stres Berat,0.4341854289187492,Stres Sedang,Pokok Utama,109.23556431904485,-0.4289810743877692,3432,109.23554218,-0.42896403,2.57,0.482,0.482,Abnormal,Good
AME II,D002A,D02,2009,30,18,123051,0.39249057225664585,Stres Berat,0.4428164347057016,Stres Sedang,Pokok Utama,109.2357095362289,-0.428957465203473,302,109.23568815,-0.4289401,9.21,0.452,0.452,Healthy,Moderate
AME II,D002A,D02,2009,30,19,123062,0.41962756318244593,Stres Sedang,0.46568426035051413,Stres Sedang,Pokok Utama,109.23578311064723,-0.4289821235316533,54,109.23576988,-0.4289989,11.72,0.432,0.432,Healthy,Moderate
AME II,D002A,D02,2009,31,2,151351,0.3955023931190027,Stres Berat,0.4313626907039797,Stres Sedang,Pokok Utama,109.23379876206212,-0.42893099114235295,2178,109.2338,-0.42889535,4.05,0.398,0.398,Healthy,Sub-Optimal
AME II,D002A,D02,2009,31,3,152831,0.41702429277111663,Stres Sedang,0.46499428357028705,Stres Sedang,Pokok Utama,109.23387394699733,-0.42892038853609843,2141,109.23388802,-0.4289433,4.08,0.424,0.424,Healthy,Sub-Optimal
AME II,D002A,D02,2009,31,4,152834,0.3503682224759594,Stres Berat,0.40075405712569623,Stres Sedang,Pokok Utama,109.2339804192939,-0.4289306219003838,777,109.23395809,-0.42891709,6.69,0.477,0.477,Healthy,Good
AME II,D002A,D02,2009,31,7,151359,0.41800145089577734,Stres Sedang,0.4650877627192657,Stres Sedang,Pokok Utama,109.23429564833151,-0.4289228123739098,1650,109.23429898,-0.42894068,4.64,0.611,0.611,Healthy,Good
AME II,D002A,D02,2009,31,10,151324,0.3664177889460384,Stres Berat,0.456080444358249,Stres Sedang,Pokok Utama,109.23453585512958,-0.4289056412884135,250,109.23454961,-0.42888784,9.64,0.419,0.419,Healthy,Sub-Optimal
AME II,D002A,D02,2009,31,11,151329,0.36819425276557616,Stres Berat,0.4638557069245077,Stres Sedang,Pokok Utama,109.23470253702293,-0.4289146126657233,166,109.23471263,-0.42893807,10.41,0.429,0.429,Healthy,Sub-Optimal
AME II,D002A,D02,2009,31,12,151370,0.406002491825887,Stres Sedang,0.47389731026740806,Stres Sedang,Pokok Utama,109.23483004941687,-0.4289176210412706,595,109.23482177,-0.42893176,7.47,0.47,0.47,Healthy,Good
AME II,D002A,D02,2009,31,13,151371,0.3978039061016218,Stres Berat,0.4522923666532157,Stres Sedang,Pokok Utama,109.2349002657707,-0.4289631497993624,206,109.23491384,-0.42897519,9.98,0.464,0.464,Healthy,Good
AME II,D002A,D02,2009,31,14,327134,0.4203941115492905,Stres Sedang,0.49167070250255407,Stres Sedang,Tamb,109.23494854171578,-0.4289427139129923,123,109.23497448,-0.42894129,10.74,0.526,0.526,Healthy,Good
AME II,D002A,D02,2009,31,15,327122,0.41137490743102023,Stres Sedang,0.4886057854164392,Stres Sedang,Tamb,109.2349753479177,-0.4289269808186342,123,109.23497448,-0.42894129,10.74,0.526,0.526,Healthy,Good
AME II,D002A,D02,2009,31,20,123209,0.37253729888026016,Stres Berat,0.43349629533183465,Stres Sedang,Pokok Utama,109.23544450254442,-0.42889371931734904,793,109.2354106,-0.4288912,6.63,0.452,0.452,Healthy,Moderate
AME II,D002A,D02,2009,32,1,123366,0.3696080475340468,Stres Berat,0.4526204412462763,Stres Sedang,Pokok Utama,109.23369466068661,-0.42885251999010066,298,109.23368053,-0.42887724,9.23,0.362,0.362,Suspect,Critical
AME II,D002A,D02,2009,32,2,151345,0.37733651824850567,Stres Berat,0.4037434305609095,Stres Sedang,Pokok Utama,109.23378230321639,-0.42884804327974285,3007,109.23376857,-0.42887002,3.23,0.404,0.404,Abnormal,Sub-Optimal
AME II,D002A,D02,2009,32,3,152833,0.36152272689108816,Stres Berat,0.42867650856867084,Stres Sedang,Pokok Utama,109.23392593015751,-0.4288604248427918,1293,109.23391184,-0.42885695,5.18,0.45,0.45,Healthy,Moderate
AME II,D002A,D02,2009,32,4,151355,0.3712877861013407,Stres Berat,0.40574625170245177,Stres Sedang,Pokok Utama,109.23400538927245,-0.42886851235739126,3027,109.23402906,-0.4288936,3.2,0.48,0.48,Abnormal,Good
AME II,D002A,D02,2009,32,7,151337,0.3934943985901712,Stres Berat,0.44803560226574135,Stres Sedang,Pokok Utama,109.23425256355722,-0.4288685697799115,1894,109.23423117,-0.42887963,4.35,0.422,0.422,Healthy,Sub-Optimal
AME II,D002A,D02,2009,32,9,151323,0.3718387885701257,Stres Berat,0.4457105589432043,Stres Sedang,Pokok Utama,109.23449467242446,-0.4288494847309083,359,109.23448898,-0.42887019,8.81,0.383,0.383,Healthy,Critical
AME II,D002A,D02,2009,32,11,151328,0.3951061219502803,Stres Berat,0.48126187882133065,Stres Sedang,Pokok Utama,109.23474073605773,-0.42885544423432115,134,109.23475576,-0.42888246,10.66,0.405,0.405,Healthy,Sub-Optimal
AME II,D002A,D02,2009,32,12,123409,0.40172526548481374,Stres Sedang,0.4497802266655529,Stres Sedang,Pokok Utama,109.23485327597595,-0.4288510700509573,207,109.23488108,-0.42883592,9.98,0.53,0.53,Healthy,Good
AME II,D002A,D02,2009,32,13,151372,0.41823484697253593,Stres Sedang,0.4921402792082225,Stres Sedang,Pokok Utama,109.23497779985854,-0.4288186807593072,53,109.23497586,-0.428807,11.73,0.502,0.502,Healthy,Good
AME II,D002A,D02,2009,32,14,327140,0.3449933972898886,Stres Berat,0.4540575951436349,Stres Sedang,Tamb,109.23503789980455,-0.4288685342367059,42,109.23501717,-0.42884952,12.05,0.507,0.507,Healthy,Good
AME II,D002A,D02,2009,32,16,123207,0.41787080506548696,Stres Sedang,0.4729622188740625,Stres Sedang,Pokok Utama,109.23523698327341,-0.42883825389286906,1191,109.2352368,-0.42881656,5.41,0.461,0.461,Healthy,Good
AME II,D002A,D02,2009,32,17,123205,0.4401398900980401,Stres Sedang,0.45872807588611614,Stres Sedang,Pokok Utama,109.23530823762728,-0.42883855981014785,744,109.23530012,-0.42883828,6.82,0.439,0.439,Healthy,Moderate
AME II,D002A,D02,2009,32,19,123074,0.38193181551447236,Stres Berat,0.4460608558885628,Stres Sedang,Pokok Utama,109.23553292516898,-0.4288525797697292,898,109.23552155,-0.42884692,6.21,0.459,0.459,Healthy,Moderate
AME II,D002A,D02,2009,33,1,123367,0.3919261699497392,Stres Berat,0.4303220111208658,Stres Sedang,Pokok Utama,109.23373034578488,-0.4287918842391128,1278,109.23372456,-0.42881169,5.21,0.457,0.457,Healthy,Moderate
AME II,D002A,D02,2009,33,2,151344,0.40467523021371293,Stres Sedang,0.4356658891035636,Stres Sedang,Pokok Utama,109.23381400406332,-0.4287931796394775,1457,109.23381125,-0.42879226,4.91,0.395,0.395,Healthy,Sub-Optimal
AME II,D002A,D02,2009,33,3,151353,0.38171624618710254,Stres Berat,0.4495669835630585,Stres Sedang,Pokok Utama,109.23390527006555,-0.428789372947065,1504,109.2339141,-0.42880404,4.85,0.422,0.422,Healthy,Sub-Optimal
AME II,D002A,D02,2009,33,8,123382,0.3712657853299709,Stres Berat,0.43891712951653,Stres Sedang,Pokok Utama,109.23438187038425,-0.42880224420333246,1193,109.23439782,-0.42878291,5.4,0.545,0.545,Healthy,Good
AME II,D002A,D02,2009,33,12,151373,0.42594248477064595,Stres Sedang,0.4901906172476279,Stres Sedang,Pokok Utama,109.23495354581601,-0.42877877023263167,53,109.23497586,-0.428807,11.73,0.502,0.502,Healthy,Good
AME II,D002A,D02,2009,33,13,123194,0.38183133961713833,Stres Berat,0.474940034962875,Stres Sedang,Pokok Utama,109.23511517392281,-0.42877664105428376,457,109.23509129,-0.42878714,8.15,0.448,0.448,Healthy,Moderate
AME II,D002A,D02,2009,33,15,123206,0.44490664129536783,Stres Sedang,0.46858139677295607,Stres Sedang,Pokok Utama,109.23533567678056,-0.4287772158269032,1352,109.23533517,-0.42877272,5.08,0.523,0.523,Healthy,Good
AME II,D002A,D02,2009,33,18,123064,0.41743362412119495,Stres Sedang,0.4833318689444945,Stres Sedang,Pokok Utama,109.23577412961093,-0.42876301428275904,37,109.23578161,-0.42878458,12.17,0.502,0.502,Healthy,Good
AME II,D002A,D02,2009,34,2,123368,0.3642742613389261,Stres Berat,0.4043588972664452,Stres Sedang,Pokok Utama,109.23376712262748,-0.4287140526051518,3319,109.23379689,-0.42873258,2.78,0.415,0.415,Abnormal,Sub-Optimal
AME II,D002A,D02,2009,34,3,151343,0.3474897970912508,Stres Berat,0.4324816395149311,Stres Sedang,Pokok Utama,109.23386771328065,-0.4287193344638259,1734,109.2338454,-0.42872083,4.51,0.323,0.323,Suspect,Critical
AME II,D002A,D02,2009,34,6,123375,0.38101227166163015,Stres Berat,0.4606595993185101,Stres Sedang,Pokok Utama,109.23410556610291,-0.4286962658932384,3348,109.23411443,-0.42871954,2.73,0.556,0.556,Healthy,Good
AME II,D002A,D02,2009,34,7,123376,0.3927970330556385,Stres Berat,0.45780559462912274,Stres Sedang,Pokok Utama,109.23418573260354,-0.42872595363501825,1988,109.23419707,-0.42873719,4.25,0.54,0.54,Healthy,Good
AME II,D002A,D02,2009,34,15,123195,0.4009990000212464,Stres Sedang,0.47938233133083064,Stres Sedang,Pokok Utama,109.23513781019493,-0.4287106089815564,762,109.23512589,-0.42869174,6.74,0.469,0.469,Healthy,Good
AME II,D002A,D02,2009,34,16,123197,0.4457734213729732,Stres Sedang,0.5003369531815748,Stres Ringan,Pokok Utama,109.23522304072688,-0.4286991902862831,1326,109.23522739,-0.42872703,5.12,0.462,0.462,Healthy,Good
AME II,D002A,D02,2009,35,1,123364,0.36964070824929024,Stres Berat,0.4290233944832239,Stres Sedang,Pokok Utama,109.23372404298198,-0.42863747838685895,654,109.23369092,-0.42862539,7.17,0.411,0.411,Healthy,Sub-Optimal
AME II,D002A,D02,2009,35,2,123369,0.40116616122550197,Stres Sedang,0.4326465363469538,Stres Sedang,Pokok Utama,109.23379629178976,-0.42864897975284677,2176,109.23381263,-0.42866476,4.05,0.515,0.515,Healthy,Good
AME II,D002A,D02,2009,35,3,123370,0.38670229454554206,Stres Berat,0.4467817543058836,Stres Sedang,Pokok Utama,109.2338761488626,-0.4286451704041031,1783,109.23384812,-0.42862905,4.46,0.525,0.525,Healthy,Good
AME II,D002A,D02,2009,35,4,123372,0.36315249845118447,Stres Berat,0.45016265396640304,Stres Sedang,Pokok Utama,109.23396614621623,-0.42864263937378,2785,109.23396444,-0.42866027,3.45,0.484,0.484,Healthy,Good
AME II,D002A,D02,2009,35,5,123373,0.39152926851576475,Stres Berat,0.4441201806944696,Stres Sedang,Pokok Utama,109.2340394834934,-0.42865128431358096,2401,109.23405876,-0.42863633,3.82,0.514,0.514,Healthy,Good
AME II,D002A,D02,2009,35,6,123374,0.36440370760460805,Stres Berat,0.42721432072105153,Stres Sedang,Pokok Utama,109.23412060978997,-0.42863981856249306,2943,109.23412254,-0.42862007,3.31,0.479,0.479,Healthy,Good
AME II,D002A,D02,2009,35,8,123379,0.3805938618680003,Stres Berat,0.4310886726544068,Stres Sedang,Pokok Utama,109.23427416333192,-0.4286452628238717,3018,109.23425324,-0.42862236,3.21,0.45,0.45,Healthy,Moderate
AME II,D002A,D02,2009,35,9,123380,0.39971238313010915,Stres Berat,0.45969986096695736,Stres Sedang,Pokok Utama,109.23433754021883,-0.4286516573637841,3154,109.2343233,-0.42864227,3.04,0.523,0.523,Healthy,Good
AME II,D002A,D02,2009,35,13,338872,0.35402990937517415,Stres Berat,0.46208925569849324,Stres Sedang,Pokok Utama,109.23468342154065,-0.42867279334863595,728,109.23469653,-0.42864417,6.89,0.425,0.425,Healthy,Sub-Optimal
AME II,D002A,D02,2009,35,15,327120,0.425988769891017,Stres Sedang,0.47698428738517923,Stres Sedang,Tamb,109.23488991792172,-0.4286563278822962,1335,109.23490088,-0.42868219,5.1,0.464,0.464,Healthy,Good
AME II,D002A,D02,2009,35,18,327138,0.3992570898345238,Stres Berat,0.4620418977776876,Stres Sedang,Tamb,109.23522362332419,-0.42862631478283275,3465,109.23520405,-0.42865242,2.47,0.405,0.405,Abnormal,Sub-Optimal
AME II,D002A,D02,2009,35,19,327139,0.39672479469235206,Stres Berat,0.4796866092039047,Stres Sedang,Tamb,109.23524713929314,-0.42864923517353115,2963,109.2352593,-0.42863435,3.27,0.523,0.523,Healthy,Good
AME II,D002A,D02,2009,35,20,123038,0.4573851361052377,Stres Sedang,0.4880417247613271,Stres Sedang,Pokok Utama,109.2352666050253,-0.4286130207106836,2963,109.2352593,-0.42863435,3.27,0.523,0.523,Healthy,Good
AME II,D002A,D02,2009,35,25,338869,0.35402990937517415,Stres Berat,0.43899820863268707,Stres Sedang,Pokok Utama,109.23580855135174,-0.42862568002454987,893,109.23580007,-0.42859966,6.22,0.478,0.478,Healthy,Good
AME II,D002A,D02,2009,36,2,123362,0.3671050200060006,Stres Berat,0.41814040126065066,Stres Sedang,Pokok Utama,109.23374814230586,-0.42857240435778976,618,109.23373045,-0.42859104,7.39,0.394,0.394,Healthy,Sub-Optimal
AME II,D002A,D02,2009,36,3,123361,0.39799713863463215,Stres Berat,0.46256672276331207,Stres Sedang,Pokok Utama,109.2338470112796,-0.4285724273150779,1778,109.23382657,-0.4285992,4.47,0.456,0.456,Healthy,Moderate
AME II,D002A,D02,2009,36,4,123371,0.38585542223419816,Stres Berat,0.45169513700317504,Stres Sedang,Pokok Utama,109.23390912507726,-0.42855968118468346,3156,109.23390428,-0.42855898,3.04,0.452,0.452,Healthy,Moderate
AME II,D002A,D02,2009,36,5,123357,0.3843326807686891,Stres Berat,0.4344253571057077,Stres Sedang,Pokok Utama,109.23398897630727,-0.4285813929353994,1757,109.23398511,-0.42858658,4.48,0.482,0.482,Healthy,Good
AME II,D002A,D02,2009,36,6,123354,0.40383682436603846,Stres Sedang,0.44184823913955573,Stres Sedang,Pokok Utama,109.23406376092058,-0.4285890669923103,1567,109.23409515,-0.42859655,4.75,0.466,0.466,Healthy,Good
AME II,D002A,D02,2009,36,8,123352,0.41153800406467667,Stres Sedang,0.46023063102260786,Stres Sedang,Pokok Utama,109.23424201207037,-0.4285841627673618,2810,109.2342537,-0.42856991,3.44,0.434,0.434,Healthy,Moderate
AME II,D002A,D02,2009,36,10,123349,0.38782757249966504,Stres Berat,0.45775038694419495,Stres Sedang,Pokok Utama,109.23439712786224,-0.4285968010790915,497,109.23442616,-0.4285903,7.92,0.396,0.396,Healthy,Sub-Optimal
AME II,D002A,D02,2009,36,11,123348,0.35422441109998754,Stres Berat,0.4389829878088801,Stres Sedang,Pokok Utama,109.2344795213401,-0.42858661157890304,607,109.23446344,-0.42859347,7.42,0.422,0.422,Healthy,Sub-Optimal
AME II,D002A,D02,2009,36,12,123347,0.3553257134538944,Stres Berat,0.43218807362091655,Stres Sedang,Pokok Utama,109.23457205337027,-0.42858918498717424,2359,109.23457124,-0.42856185,3.87,0.369,0.369,Abnormal,Critical
AME II,D002A,D02,2009,36,15,123192,0.4219239539922724,Stres Sedang,0.4922600800658132,Stres Sedang,Pokok Utama,109.23502870545441,-0.42858855938757534,673,109.23504192,-0.42862119,7.1,0.566,0.566,Healthy,Good
AME II,D002A,D02,2009,36,19,123173,0.3794778799268459,Stres Berat,0.44984809640903606,Stres Sedang,Pokok Utama,109.23548612010475,-0.42856909196283816,1186,109.23549961,-0.42854895,5.41,0.403,0.403,Healthy,Sub-Optimal
AME II,D002A,D02,2009,36,20,123058,0.3742624867357423,Stres Berat,0.428405371781152,Stres Sedang,Pokok Utama,109.23563190586422,-0.42856908056515813,1616,109.23565275,-0.42859103,4.67,0.424,0.424,Healthy,Sub-Optimal
AME II,D002A,D02,2009,36,21,123067,0.40826270355359406,Stres Sedang,0.4572925043758005,Stres Sedang,Pokok Utama,109.23571414676212,-0.4285585717905466,929,109.2357327,-0.42857251,6.1,0.436,0.436,Healthy,Moderate
AME II,D002A,D02,2009,36,22,123069,0.39370084900490915,Stres Berat,0.44123423763484176,Stres Sedang,Pokok Utama,109.23579356999726,-0.4285510718682587,1141,109.23579649,-0.42851691,5.53,0.465,0.465,Healthy,Good
AME II,D002A,D02,2009,37,4,122935,0.4045792908555279,Stres Sedang,0.46739553664854316,Stres Sedang,Pokok Utama,109.2340433484225,-0.42852723899488204,2057,109.23403857,-0.42852871,4.17,0.43,0.43,Healthy,Moderate
AME II,D002A,D02,2009,37,7,123351,0.35542357588942863,Stres Berat,0.41527314823514855,Stres Sedang,Pokok Utama,109.2342919373028,-0.4285202124249055,1615,109.23429952,-0.42851702,4.68,0.407,0.407,Healthy,Sub-Optimal
AME II,D002A,D02,2009,37,8,338873,0.35402990937517415,Stres Berat,0.40189476298684834,Stres Sedang,Pokok Utama,109.2347409740416,-0.4285105854779216,357,109.23474372,-0.42849316,8.82,0.468,0.468,Healthy,Good
AME II,D002A,D02,2009,37,11,123200,0.41861936428103036,Stres Sedang,0.4693779654695639,Stres Sedang,Pokok Utama,109.23526776631434,-0.4285078365483313,3237,109.23528178,-0.42852946,2.93,0.471,0.471,Abnormal,Good
AME II,D002A,D02,2009,37,12,123178,0.44067375735864894,Stres Sedang,0.45839997205046107,Stres Sedang,Pokok Utama,109.23535337737515,-0.42850967856950034,1076,109.23534691,-0.42849375,5.69,0.422,0.422,Healthy,Sub-Optimal
AME II,D002A,D02,2009,37,13,123056,0.4234193276122237,Stres Sedang,0.4816890106482718,Stres Sedang,Pokok Utama,109.23559151951818,-0.4284948987791534,1217,109.235611,-0.42850783,5.35,0.416,0.416,Healthy,Sub-Optimal
AME II,D002A,D02,2009,37,14,123057,0.4262445839725244,Stres Sedang,0.5150469833220566,Stres Ringan,Pokok Utama,109.23566924328287,-0.4284831934709358,2494,109.23564605,-0.42845674,3.74,0.483,0.483,Abnormal,Good
AME II,D002A,D02,2009,37,15,123068,0.42372581917619406,Stres Sedang,0.47536177146803177,Stres Sedang,Pokok Utama,109.23576435524151,-0.42848168545308385,890,109.23575922,-0.42847395,6.23,0.533,0.533,Healthy,Good
AME II,D002A,D02,2009,38,1,122906,0.37327323253547584,Stres Berat,0.43433535470999723,Stres Sedang,Pokok Utama,109.2336836300589,-0.428424711162275,387,109.233695,-0.42845177,8.63,0.437,0.437,Healthy,Moderate
AME II,D002A,D02,2009,38,2,122909,0.3877919319290683,Stres Berat,0.41318522912179767,Stres Sedang,Pokok Utama,109.2337662488112,-0.4284348195951638,420,109.23374575,-0.4284563,8.39,0.419,0.419,Healthy,Sub-Optimal
AME II,D002A,D02,2009,38,3,122912,0.4049135260131977,Stres Sedang,0.450404075457235,Stres Sedang,Pokok Utama,109.23383374331814,-0.4284491909963028,608,109.23382929,-0.42845723,7.42,0.441,0.441,Healthy,Moderate
AME II,D002A,D02,2009,38,4,123359,0.4016532934625263,Stres Sedang,0.4622582040481023,Stres Sedang,Pokok Utama,109.23390423885536,-0.42844435579987966,1575,109.23391104,-0.42844865,4.75,0.406,0.406,Healthy,Sub-Optimal
AME II,D002A,D02,2009,38,5,122933,0.3926195299223495,Stres Berat,0.461139547960976,Stres Sedang,Pokok Utama,109.23399630793841,-0.42844827198272356,2663,109.23397167,-0.42847444,3.58,0.431,0.431,Healthy,Moderate
AME II,D002A,D02,2009,38,6,122936,0.39573775578923776,Stres Berat,0.4536086347563049,Stres Sedang,Pokok Utama,109.23406760833797,-0.4284473317839886,2217,109.23407452,-0.4284609,4.01,0.458,0.458,Healthy,Moderate
AME II,D002A,D02,2009,38,7,122938,0.36570873362811784,Stres Berat,0.4194687301058435,Stres Sedang,Pokok Utama,109.23415126825712,-0.4284454368010171,1453,109.23415177,-0.42845052,4.91,0.462,0.462,Healthy,Good
AME II,D002A,D02,2009,38,17,123342,0.37898979486251366,Stres Berat,0.4074534376103992,Stres Sedang,Pokok Utama,109.23487519325722,-0.4284375637536738,1461,109.23486814,-0.42845973,4.9,0.441,0.441,Healthy,Moderate
AME II,D002A,D02,2009,38,19,123191,0.37281865904628664,Stres Berat,0.45541978721610066,Stres Sedang,Pokok Utama,109.23504299863494,-0.4284163399024025,1899,109.235055,-0.42839692,4.34,0.503,0.503,Healthy,Good
AME II,D002A,D02,2009,38,20,123181,0.39512494045083524,Stres Berat,0.4844223997535002,Stres Sedang,Pokok Utama,109.23513426985106,-0.4284096159072185,3543,109.23515694,-0.42842543,2.24,0.475,0.475,Healthy,Good
AME II,D002A,D02,2009,38,25,123047,0.36194616340865654,Stres Berat,0.47887321176971137,Stres Sedang,Pokok Utama,109.23549505255004,-0.42840012938031313,3514,109.23552434,-0.42840562,2.33,0.458,0.458,Abnormal,Moderate
AME II,D002A,D02,2009,38,26,123050,0.3800175976302838,Stres Berat,0.44765285017932593,Stres Sedang,Pokok Utama,109.23555878635885,-0.42840535834713506,3514,109.23552434,-0.42840562,2.33,0.458,0.458,Abnormal,Moderate
AME II,D002A,D02,2009,38,27,123037,0.3821189488590673,Stres Berat,0.4440212790241688,Stres Sedang,Pokok Utama,109.23563141702645,-0.42841284198572704,2185,109.23565594,-0.4284156,4.04,0.416,0.416,Healthy,Sub-Optimal
AME II,D002A,D02,2009,38,29,123036,0.3920076498445169,Stres Berat,0.44992623404226917,Stres Sedang,Pokok Utama,109.23578480938346,-0.4284009145778983,1459,109.23577317,-0.42838307,4.91,0.478,0.478,Healthy,Good
AME II,D002A,D02,2009,39,1,338864,0.35402990937517415,Stres Berat,0.43683890000034875,Stres Sedang,Pokok Utama,109.23369813224706,-0.42831654238522343,616,109.23369055,-0.42828899,7.39,0.394,0.394,Healthy,Sub-Optimal
AME II,D002A,D02,2009,39,2,122907,0.3615937509504691,Stres Berat,0.4307788824125265,Stres Sedang,Pokok Utama,109.2337154048832,-0.4283644651526,267,109.2337287,-0.42837989,9.49,0.406,0.406,Healthy,Sub-Optimal
AME II,D002A,D02,2009,39,3,122908,0.3792937909617372,Stres Berat,0.42026753171146614,Stres Sedang,Pokok Utama,109.23378908141399,-0.42836256875740586,369,109.23381404,-0.42837086,8.73,0.511,0.511,Healthy,Good
AME II,D002A,D02,2009,39,4,338865,0.35402990937517415,Stres Berat,0.4509676013699602,Stres Sedang,Pokok Utama,109.2338820848335,-0.42832663453975717,2605,109.23387199,-0.42834149,3.64,0.412,0.412,Abnormal,Sub-Optimal
AME II,D002A,D02,2009,39,9,122942,0.41636526251778655,Stres Sedang,0.45902817885451,Stres Sedang,Pokok Utama,109.23423689417754,-0.4283468402191094,1064,109.23420525,-0.42833569,5.73,0.457,0.457,Healthy,Moderate
AME II,D002A,D02,2009,39,11,123288,0.39215592746260763,Stres Berat,0.44563817024731683,Stres Sedang,Pokok Utama,109.23437833060304,-0.4283420612615661,1664,109.23439883,-0.42831358,4.62,0.43,0.43,Healthy,Moderate
AME II,D002A,D02,2009,39,13,123298,0.3708118965236495,Stres Berat,0.4494565879346944,Stres Sedang,Pokok Utama,109.23451491120703,-0.42834025902932243,702,109.2345412,-0.42831632,6.96,0.483,0.483,Healthy,Good
AME II,D002A,D02,2009,39,14,123301,0.3524045212249048,Stres Berat,0.4390346527600639,Stres Sedang,Pokok Utama,109.23457005390846,-0.42832200860721015,623,109.23458971,-0.4283308,7.33,0.413,0.413,Healthy,Sub-Optimal
AME II,D002A,D02,2009,39,15,123341,0.4105046245313054,Stres Sedang,0.4444021303201087,Stres Sedang,Pokok Utama,109.23484732645977,-0.4283501459677709,332,109.23486097,-0.4283806,8.99,0.503,0.503,Healthy,Good
AME II,D002A,D02,2009,39,16,123188,0.37622492205572156,Stres Berat,0.44012667614597456,Stres Sedang,Pokok Utama,109.23499501283487,-0.4283425904411865,1427,109.23498854,-0.4283223,4.94,0.452,0.452,Healthy,Moderate
AME II,D002A,D02,2009,39,17,123185,0.37469826871719186,Stres Berat,0.47170263626492315,Stres Sedang,Pokok Utama,109.23508209052838,-0.4283415064866497,2768,109.23510396,-0.42835172,3.47,0.367,0.367,Healthy,Critical
AME II,D002A,D02,2009,39,18,123184,0.34488869125383226,Stres Berat,0.4297571506415018,Stres Sedang,Pokok Utama,109.23511432659419,-0.42831869126832406,2768,109.23510396,-0.42835172,3.47,0.367,0.367,Healthy,Critical
AME II,D002A,D02,2009,39,19,123182,0.41743100576505743,Stres Sedang,0.49022202308223745,Stres Sedang,Pokok Utama,109.23517986785531,-0.4283429127383407,3067,109.2351875,-0.42835716,3.16,0.425,0.425,Healthy,Sub-Optimal
AME II,D002A,D02,2009,39,21,123044,0.38148346959894947,Stres Berat,0.4344595576545121,Stres Sedang,Pokok Utama,109.23533638863815,-0.4283319129685196,1574,109.2353173,-0.42834544,4.75,0.412,0.412,Healthy,Sub-Optimal
AME II,D002A,D02,2009,39,22,123045,0.3891451358187782,Stres Berat,0.44945671662639075,Stres Sedang,Pokok Utama,109.23541607700679,-0.4283433337510213,1002,109.23540938,-0.42832692,5.93,0.495,0.495,Healthy,Good
AME II,D002A,D02,2009,39,23,123048,0.3957321641555599,Stres Berat,0.46092183467256675,Stres Sedang,Pokok Utama,109.23549088601908,-0.4283113579010916,1254,109.23549652,-0.42827721,5.27,0.455,0.455,Healthy,Moderate
AME II,D002A,D02,2009,39,24,123039,0.39800617226903146,Stres Berat,0.4620199727693573,Stres Sedang,Pokok Utama,109.23559227604855,-0.42832526149257066,1759,109.23561328,-0.42835229,4.48,0.502,0.502,Healthy,Good
AME II,D002A,D02,2009,39,25,123033,0.3795082379135552,Stres Berat,0.44550860273691223,Stres Sedang,Pokok Utama,109.23568196347763,-0.42833102187065814,1811,109.23565102,-0.42831477,4.43,0.494,0.494,Healthy,Good
AME II,D002A,D02,2009,40,1,122861,0.3754087068087838,Stres Berat,0.42187007742133054,Stres Sedang,Pokok Utama,109.2336997412988,-0.4282644497599333,616,109.23369055,-0.42828899,7.39,0.394,0.394,Healthy,Sub-Optimal
AME II,D002A,D02,2009,40,3,122914,0.3553082570757379,Stres Berat,0.4255933834337581,Stres Sedang,Pokok Utama,109.23395832114147,-0.42827503669387545,2023,109.23394521,-0.42829629,4.21,0.38,0.38,Healthy,Critical
AME II,D002A,D02,2009,40,4,122921,0.34191183173831724,Stres Berat,0.4193805004779558,Stres Sedang,Pokok Utama,109.23403532620945,-0.42827122666523587,1789,109.23404986,-0.4282841,4.45,0.393,0.393,Healthy,Sub-Optimal
AME II,D002A,D02,2009,40,5,122940,0.3414921603880432,Stres Berat,0.4161105758172096,Stres Sedang,Pokok Utama,109.23412659065976,-0.42827029109080633,855,109.23415406,-0.42828639,6.34,0.425,0.425,Healthy,Sub-Optimal
AME II,D002A,D02,2009,40,6,122943,0.36633036692089344,Stres Berat,0.43025695795838076,Stres Sedang,Pokok Utama,109.23421262759915,-0.4282636111034253,1043,109.23422278,-0.42827284,5.79,0.498,0.498,Healthy,Good
AME II,D002A,D02,2009,40,7,122952,0.38046350408488233,Stres Berat,0.45265998893218645,Stres Sedang,Pokok Utama,109.23429486196781,-0.4282617166840011,2546,109.23432114,-0.42827693,3.7,0.393,0.393,Abnormal,Sub-Optimal
AME II,D002A,D02,2009,40,8,122953,0.4050201951760203,Stres Sedang,0.45582077124764997,Stres Sedang,Pokok Utama,109.23436758716532,-0.42826412542284575,1386,109.23439345,-0.42827514,5.01,0.413,0.413,Healthy,Sub-Optimal
AME II,D002A,D02,2009,40,9,123293,0.3837800482619804,Stres Berat,0.4522416107054407,Stres Sedang,Pokok Utama,109.2344540837464,-0.4282704592980431,1922,109.23447698,-0.42828737,4.32,0.481,0.481,Healthy,Good
AME II,D002A,D02,2009,40,10,123297,0.4093220579139625,Stres Sedang,0.4689078505049233,Stres Sedang,Pokok Utama,109.23452141854116,-0.42829200897721614,702,109.2345412,-0.42831632,6.96,0.483,0.483,Healthy,Good
AME II,D002A,D02,2009,40,11,123302,0.36976938870798026,Stres Berat,0.48071678096399445,Stres Sedang,Pokok Utama,109.23460143154593,-0.42829776983197243,623,109.23458971,-0.4283308,7.33,0.413,0.413,Healthy,Sub-Optimal
AME II,D002A,D02,2009,40,14,355034,0.3896976317668337,Stres Berat,0.44594604454827136,Stres Sedang,Pokok Utama,109.23480869719597,-0.428212939524523,2886,109.23479634,-0.42819566,3.37,0.409,0.409,Healthy,Sub-Optimal
AME II,D002A,D02,2009,40,15,355033,0.3896976317668337,Stres Berat,0.4504715255341372,Stres Sedang,Pokok Utama,109.23488427685282,-0.42820864987411095,3544,109.23491446,-0.42821196,2.23,0.435,0.435,Abnormal,Moderate
AME II,D002A,D02,2009,40,18,123186,0.33485441749598704,Stres Berat,0.43405562700112327,Stres Sedang,Pokok Utama,109.23505351676185,-0.4282659574510088,2122,109.23504245,-0.42828479,4.11,0.492,0.492,Healthy,Good
AME II,D002A,D02,2009,40,19,123183,0.36862192644477865,Stres Berat,0.4408636881609132,Stres Sedang,Pokok Utama,109.23512669662733,-0.4282717990075617,2576,109.23513317,-0.42827396,3.67,0.384,0.384,Healthy,Critical
AME II,D002A,D02,2009,40,20,122966,0.3830715695147477,Stres Berat,0.4427582787958762,Stres Sedang,Pokok Utama,109.235207026775,-0.4282813688373649,2889,109.23520773,-0.42828709,3.37,0.456,0.456,Healthy,Moderate
AME II,D002A,D02,2009,40,21,122974,0.39353813674623,Stres Berat,0.4279423560768079,Stres Sedang,Pokok Utama,109.23529258932265,-0.42826751039954114,3110,109.23526612,-0.42827127,3.11,0.485,0.485,Healthy,Good
AME II,D002A,D02,2009,40,22,123043,0.4075536437581861,Stres Sedang,0.4728250201399978,Stres Sedang,Pokok Utama,109.23538855505168,-0.42827195286074,1222,109.23538244,-0.42830024,5.34,0.518,0.518,Healthy,Good
AME II,D002A,D02,2009,40,23,123042,0.3538037005656119,Stres Berat,0.44716368794727784,Stres Sedang,Pokok Utama,109.2354713834411,-0.4282612787263942,1254,109.23549652,-0.42827721,5.27,0.455,0.455,Healthy,Moderate
AME II,D002A,D02,2009,40,24,123041,0.3433767007562395,Stres Berat,0.4121103272623923,Stres Sedang,Pokok Utama,109.23552811687787,-0.4282750028595647,1254,109.23549652,-0.42827721,5.27,0.455,0.455,Healthy,Moderate
AME II,D002A,D02,2009,40,26,123031,0.38571071797035333,Stres Berat,0.4578831785801111,Stres Sedang,Pokok Utama,109.2356307341727,-0.42826828328835226,2038,109.2356663,-0.42827272,4.19,0.47,0.47,Healthy,Good
AME II,D002A,D02,2009,40,27,123032,0.3718998600612616,Stres Berat,0.4428464273492304,Stres Sedang,Pokok Utama,109.23570740593253,-0.4282649913251908,3611,109.23572199,-0.42829263,1.59,0.454,0.454,Abnormal,Moderate
AME II,D002A,D02,2009,40,28,123009,0.3985327738272772,Stres Berat,0.46278894451604613,Stres Sedang,Pokok Utama,109.23578773925237,-0.4282568757735596,847,109.23581317,-0.42826824,6.39,0.465,0.465,Healthy,Good
AME II,D002A,D02,2009,41,1,122862,0.35884533431264476,Stres Berat,0.41529871927987266,Stres Sedang,Pokok Utama,109.23367219088387,-0.42818022246513265,430,109.233678,-0.42819178,8.33,0.475,0.475,Healthy,Good
AME II,D002A,D02,2009,41,2,122877,0.4000880436755832,Stres Sedang,0.41793122525937065,Stres Sedang,Pokok Utama,109.23372542839888,-0.4281773636695877,425,109.23373504,-0.42818998,8.33,0.361,0.361,Suspect,Critical
AME II,D002A,D02,2009,41,5,122915,0.3612835591377834,Stres Berat,0.4427869915872696,Stres Sedang,Pokok Utama,109.23392982021913,-0.4281874596468281,2230,109.23394119,-0.42819727,4.0,0.47,0.47,Abnormal,Good
AME II,D002A,D02,2009,41,6,122920,0.35255213492469895,Stres Berat,0.42621966661275684,Stres Sedang,Pokok Utama,109.23399826851895,-0.42819082594984653,2405,109.2339825,-0.42821943,3.81,0.431,0.431,Abnormal,Moderate
AME II,D002A,D02,2009,41,7,122922,0.3771303172034372,Stres Berat,0.44008468653584587,Stres Sedang,Pokok Utama,109.23407527413539,-0.4281846222396571,1272,109.23408087,-0.42818645,5.23,0.449,0.449,Healthy,Moderate
AME II,D002A,D02,2009,41,8,122944,0.35705778412743716,Stres Berat,0.4255584748022619,Stres Sedang,Pokok Utama,109.23416558876453,-0.4281812936666817,1405,109.23413612,-0.42817425,4.98,0.445,0.445,Healthy,Moderate
AME II,D002A,D02,2009,41,9,122951,0.37238848763569904,Stres Berat,0.4378216589423511,Stres Sedang,Pokok Utama,109.23423498577806,-0.4281880097090874,1833,109.2342493,-0.42816795,4.41,0.424,0.424,Healthy,Sub-Optimal
AME II,D002A,D02,2009,41,10,122954,0.4015264895138869,Stres Sedang,0.445371179950155,Stres Sedang,Pokok Utama,109.23431864526358,-0.4281880291120543,2859,109.23432161,-0.42819419,3.4,0.396,0.396,Healthy,Sub-Optimal
AME II,D002A,D02,2009,41,12,123294,0.3456163572571093,Stres Berat,0.4082313302384976,Stres Sedang,Pokok Utama,109.23446868135248,-0.42818097872842653,2390,109.23447611,-0.42820689,3.83,0.394,0.394,Abnormal,Sub-Optimal
AME II,D002A,D02,2009,41,13,122932,0.3037601906413028,Stres Berat,0.4132450880928463,Stres Sedang,Pokok Utama,109.23458578121536,-0.4281986189061911,2630,109.23458884,-0.42821098,3.61,0.468,0.468,Abnormal,Good
AME II,D002A,D02,2009,41,18,123340,0.4038738182392893,Stres Sedang,0.49987704642575553,Stres Sedang,Pokok Utama,109.23500843905026,-0.4281747855429,1756,109.23500744,-0.42818033,4.48,0.433,0.433,Healthy,Moderate
AME II,D002A,D02,2009,41,20,122967,0.39321287794281606,Stres Berat,0.4759761660942191,Stres Sedang,Pokok Utama,109.23517187799419,-0.428165097696042,1324,109.23514937,-0.42816861,5.12,0.535,0.535,Healthy,Good
AME II,D002A,D02,2009,42,1,122876,0.4051354774543532,Stres Sedang,0.4330442326358412,Stres Sedang,Pokok Utama,109.23377345049343,-0.4281237797702147,598,109.23376558,-0.42815879,7.46,0.536,0.536,Healthy,Good
AME II,D002A,D02,2009,42,2,122880,0.4168867987522184,Stres Sedang,0.46559341365992396,Stres Sedang,Pokok Utama,109.23386424388372,-0.4281008316552121,1190,109.23385183,-0.42811495,5.41,0.493,0.493,Healthy,Good
AME II,D002A,D02,2009,42,3,122916,0.3551560178467979,Stres Berat,0.45411717197825663,Stres Sedang,Pokok Utama,109.23395170550906,-0.42810180868766656,2317,109.23394301,-0.42809282,3.92,0.478,0.478,Abnormal,Good
AME II,D002A,D02,2009,42,4,122919,0.3649933968000661,Stres Berat,0.452622733795557,Stres Sedang,Pokok Utama,109.23403536541868,-0.42809991459472496,2989,109.23401353,-0.42807249,3.25,0.423,0.423,Abnormal,Sub-Optimal
AME II,D002A,D02,2009,42,6,122945,0.39655953222566753,Stres Berat,0.47210669363721725,Stres Sedang,Pokok Utama,109.23416940734825,-0.428110472616809,2771,109.23414781,-0.42808609,3.47,0.42,0.42,Healthy,Sub-Optimal
AME II,D002A,D02,2009,42,7,122950,0.3572787471745758,Stres Berat,0.4204390015270915,Stres Sedang,Pokok Utama,109.23425686789324,-0.4281162351933344,828,109.23426145,-0.42808611,6.48,0.43,0.43,Healthy,Moderate
AME II,D002A,D02,2009,42,8,122955,0.4330635353886311,Stres Sedang,0.47122295997134916,Stres Sedang,Pokok Utama,109.23434166228277,-0.42811848214307335,1654,109.23432791,-0.42811145,4.64,0.456,0.456,Healthy,Moderate
AME II,D002A,D02,2009,42,9,122956,0.39203796384289213,Stres Berat,0.45573241982716495,Stres Sedang,Pokok Utama,109.23436795903353,-0.42808361849180854,2852,109.23436789,-0.42810106,3.41,0.452,0.452,Healthy,Moderate
AME II,D002A,D02,2009,42,10,123295,0.37271870935949897,Stres Berat,0.4403662291313213,Stres Sedang,Pokok Utama,109.23442667295083,-0.4281020092590275,2219,109.23445591,-0.42811826,4.01,0.425,0.425,Healthy,Sub-Optimal
AME II,D002A,D02,2009,42,11,123309,0.3940435991740791,Stres Berat,0.4619839192511371,Stres Sedang,Pokok Utama,109.23449816873404,-0.42810697325307306,1358,109.23449723,-0.42812686,5.07,0.461,0.461,Healthy,Good
AME II,D002A,D02,2009,42,13,123305,0.36973377429758725,Stres Berat,0.45475038243608884,Stres Sedang,Pokok Utama,109.23465301368755,-0.42810597915695947,2735,109.23467375,-0.42811515,3.5,0.479,0.479,Healthy,Good
AME II,D002A,D02,2009,42,14,123313,0.3806045537714334,Stres Berat,0.4569659403558604,Stres Sedang,Pokok Utama,109.23473339548343,-0.4280977912815367,1685,109.2347474,-0.42812059,4.59,0.543,0.543,Healthy,Good
AME II,D002A,D02,2009,42,15,123337,0.42826328348406895,Stres Sedang,0.4656771121260711,Stres Sedang,Pokok Utama,109.23482719437423,-0.4280990889907871,1617,109.23482735,-0.42811156,4.67,0.451,0.451,Healthy,Moderate
AME II,D002A,D02,2009,42,16,123336,0.3751667373372589,Stres Berat,0.44695801934383034,Stres Sedang,Pokok Utama,109.23489944555982,-0.42810038260859495,1178,109.23490191,-0.42811158,5.44,0.457,0.457,Healthy,Moderate
AME II,D002A,D02,2009,42,17,123334,0.4002957557566775,Stres Sedang,0.4883756016206899,Stres Sedang,Pokok Utama,109.23499657139106,-0.4280792589990294,1246,109.23500611,-0.42810211,5.28,0.501,0.501,Healthy,Good
AME II,D002A,D02,2009,42,18,123333,0.37971697379218783,Stres Berat,0.5045289572615923,Stres Ringan,Pokok Utama,109.23507252669056,-0.42810962215842563,1814,109.23505416,-0.42812111,4.43,0.434,0.434,Healthy,Moderate
AME II,D002A,D02,2009,42,19,122968,0.3980858781258006,Stres Berat,0.4808739475079546,Stres Sedang,Pokok Utama,109.23515639500825,-0.4281039806862024,1304,109.23515656,-0.42812792,5.16,0.457,0.457,Healthy,Moderate
AME II,D002A,D02,2009,42,20,122976,0.3747779886501735,Stres Berat,0.4349063008755177,Stres Sedang,Pokok Utama,109.23523060385025,-0.42811176671676565,2650,109.23523697,-0.42809719,3.59,0.48,0.48,Healthy,Good
AME II,D002A,D02,2009,42,21,122982,0.4210365614573464,Stres Sedang,0.46972125617548616,Stres Sedang,Pokok Utama,109.23530915466328,-0.42808146016108306,2205,109.23527963,-0.42809358,4.02,0.474,0.474,Healthy,Good
AME II,D002A,D02,2009,42,23,122993,0.4179870897479651,Stres Sedang,0.46314824059233856,Stres Sedang,Pokok Utama,109.23548031648727,-0.42810528107872187,605,109.23548308,-0.42812799,7.43,0.532,0.532,Healthy,Good
AME II,D002A,D02,2009,42,24,122998,0.4077845323554258,Stres Sedang,0.4777597379186698,Stres Sedang,Pokok Utama,109.23557852810465,-0.4280813317723453,1679,109.23554732,-0.42806968,4.6,0.465,0.465,Healthy,Good
AME II,D002A,D02,2009,42,25,123029,0.4354334839766614,Stres Sedang,0.4833313035943512,Stres Sedang,Pokok Utama,109.23563081333349,-0.4280870861858032,2371,109.23562457,-0.42807558,3.85,0.479,0.479,Healthy,Good
AME II,D002A,D02,2009,42,26,123028,0.4099256587654214,Stres Sedang,0.44647879420941067,Stres Sedang,Pokok Utama,109.2357143275267,-0.42809031127561026,2039,109.23571081,-0.42806701,4.19,0.406,0.406,Healthy,Sub-Optimal
AME II,D002A,D02,2009,43,1,122863,0.39970493474846264,Stres Berat,0.4621108953266682,Stres Sedang,Pokok Utama,109.23367222111334,-0.4280481497305824,39,109.23367937,-0.4280688,12.15,0.46,0.46,Healthy,Good
AME II,D002A,D02,2009,43,2,122875,0.40541243344691374,Stres Sedang,0.4311455156173076,Stres Sedang,Pokok Utama,109.23375562507287,-0.4280302476930342,741,109.23376965,-0.42804214,6.85,0.423,0.423,Healthy,Sub-Optimal
AME II,D002A,D02,2009,43,3,122881,0.40896547884718715,Stres Sedang,0.44827853838781856,Stres Sedang,Pokok Utama,109.23382243191334,-0.42802712888841116,415,109.23384377,-0.42801593,8.4,0.454,0.454,Healthy,Moderate
AME II,D002A,D02,2009,43,4,122917,0.4042514121892207,Stres Sedang,0.47543470789857495,Stres Sedang,Pokok Utama,109.2339079886136,-0.42804246211501473,1531,109.23391788,-0.42800781,4.81,0.464,0.464,Healthy,Good
AME II,D002A,D02,2009,43,5,122918,0.36848946244717296,Stres Berat,0.43452445525868316,Stres Sedang,Pokok Utama,109.2339788169964,-0.4280276435263602,1706,109.23400231,-0.42800919,4.56,0.496,0.496,Healthy,Good
AME II,D002A,D02,2009,43,6,122926,0.3843145757645685,Stres Berat,0.47277396096906943,Stres Sedang,Pokok Utama,109.23405439418634,-0.4280300538241735,2364,109.2340854,-0.42803634,3.86,0.386,0.386,Healthy,Critical
AME II,D002A,D02,2009,43,7,122924,0.3783760143240358,Stres Berat,0.45325787242678944,Stres Sedang,Pokok Utama,109.23415636545859,-0.4280236913126738,3010,109.23412178,-0.42802459,3.22,0.456,0.456,Healthy,Moderate
AME II,D002A,D02,2009,43,8,122946,0.3939324511429252,Stres Berat,0.46297037806602653,Stres Sedang,Pokok Utama,109.23423024828539,-0.42802712036026286,2629,109.2342399,-0.42804858,3.61,0.505,0.505,Healthy,Good
AME II,D002A,D02,2009,43,10,122957,0.3677408316242161,Stres Berat,0.4222205346987511,Stres Sedang,Pokok Utama,109.23438115946635,-0.4280192490654874,2331,109.2343688,-0.42801877,3.9,0.417,0.417,Healthy,Sub-Optimal
AME II,D002A,D02,2009,43,11,122959,0.3714899463579059,Stres Berat,0.4190673117061474,Stres Sedang,Pokok Utama,109.23445462892194,-0.4280234475733458,1282,109.23448558,-0.42802196,5.2,0.389,0.389,Healthy,Critical
AME II,D002A,D02,2009,43,13,123306,0.37424395066812227,Stres Berat,0.4755602275535737,Stres Sedang,Pokok Utama,109.23461860504979,-0.4280291609617238,1968,109.23459921,-0.42801746,4.28,0.434,0.434,Healthy,Moderate
AME II,D002A,D02,2009,43,14,123314,0.3851522510234177,Stres Berat,0.46660955906128904,Stres Sedang,Pokok Utama,109.23469284960696,-0.4280260086043262,526,109.2347097,-0.4279994,7.77,0.473,0.473,Healthy,Good
AME II,D002A,D02,2009,43,16,355032,0.3896976317668337,Stres Berat,0.4549254993555926,Stres Sedang,Pokok Utama,109.2348529513867,-0.4280047910751274,1392,109.23484085,-0.42800034,5.0,0.507,0.507,Healthy,Good
AME II,D002A,D02,2009,43,17,123335,0.38177752434834533,Stres Berat,0.46474148028245665,Stres Sedang,Pokok Utama,109.23494056782974,-0.4280203038261561,1225,109.23493472,-0.4279886,5.32,0.432,0.432,Healthy,Moderate
AME II,D002A,D02,2009,43,18,123331,0.3272566304704093,Stres Berat,0.42012166098704673,Stres Sedang,Pokok Utama,109.2350338105216,-0.42801059970103994,1549,109.23501601,-0.42799676,4.78,0.413,0.413,Healthy,Sub-Optimal
AME II,D002A,D02,2009,43,19,123330,0.38328134920321355,Stres Berat,0.45675444521475583,Stres Sedang,Pokok Utama,109.23512784539643,-0.4280131019830982,1999,109.23512021,-0.42802572,4.24,0.458,0.458,Healthy,Moderate
AME II,D002A,D02,2009,43,20,122969,0.3570421167029966,Stres Berat,0.4322435909336192,Stres Sedang,Pokok Utama,109.23520480112843,-0.4280170453764276,2611,109.23521946,-0.42803615,3.63,0.49,0.49,Healthy,Good
AME II,D002A,D02,2009,43,23,122992,0.4391492770273356,Stres Sedang,0.4955994882324592,Stres Sedang,Pokok Utama,109.2354531644202,-0.42800722435918137,1442,109.23545032,-0.42801721,4.93,0.487,0.487,Healthy,Good
AME II,D002A,D02,2009,43,25,123025,0.42000549468162496,Stres Sedang,0.46275724432959026,Stres Sedang,Pokok Utama,109.23560693947232,-0.42800290759207676,3213,109.23558552,-0.42798785,2.97,0.527,0.527,Healthy,Good
AME II,D002A,D02,2009,43,26,123026,0.40777110005722567,Stres Sedang,0.44602368204622295,Stres Sedang,Pokok Utama,109.2356730086032,-0.42801680027100847,3570,109.23567175,-0.42799465,2.08,0.496,0.496,Healthy,Good
AME II,D002A,D02,2009,44,3,122885,0.34311358405397663,Stres Berat,0.43471351721096096,Stres Sedang,Pokok Utama,109.2339564882777,-0.4279745225814127,1772,109.23395471,-0.42799606,4.47,0.39,0.39,Healthy,Sub-Optimal
AME II,D002A,D02,2009,44,4,122874,0.3178461881865299,Stres Berat,0.42247560289667463,Stres Sedang,Pokok Utama,109.23402828155268,-0.42796690333179116,2330,109.23401355,-0.42795538,3.9,0.444,0.444,Abnormal,Moderate
AME II,D002A,D02,2009,44,5,122927,0.39613143051411837,Stres Berat,0.46154715417203707,Stres Sedang,Pokok Utama,109.23410479242496,-0.42797551371257986,2747,109.23412987,-0.42798118,3.49,0.508,0.508,Healthy,Good
AME II,D002A,D02,2009,44,6,122925,0.3645809726638377,Stres Berat,0.4580480428250344,Stres Sedang,Pokok Utama,109.23419333078388,-0.4279699583345468,2419,109.23418826,-0.42797577,3.81,0.426,0.426,Healthy,Sub-Optimal
AME II,D002A,D02,2009,44,7,122947,0.3963250228082356,Stres Berat,0.458981215667696,Stres Sedang,Pokok Utama,109.23426735708154,-0.42797842254655744,2307,109.2342507,-0.42795092,3.93,0.426,0.426,Healthy,Sub-Optimal
AME II,D002A,D02,2009,44,8,122948,0.42222533794487416,Stres Sedang,0.4612732899074164,Stres Sedang,Pokok Utama,109.23435101873261,-0.4279650429498889,1755,109.23436073,-0.4279731,4.49,0.487,0.487,Healthy,Good
AME II,D002A,D02,2009,44,10,122960,0.3726126202557988,Stres Berat,0.445271406658128,Stres Sedang,Pokok Utama,109.23452214096616,-0.42796125471791224,1438,109.23453185,-0.42796093,4.93,0.44,0.44,Healthy,Moderate
AME II,D002A,D02,2009,44,14,123325,0.39351081931355136,Stres Berat,0.44272952483875266,Stres Sedang,Pokok Utama,109.2349001760523,-0.42796988975838773,1900,109.23489701,-0.42793841,4.34,0.424,0.424,Healthy,Sub-Optimal
AME II,D002A,D02,2009,44,15,123326,0.37447391641684646,Stres Berat,0.46252303537375367,Stres Sedang,Pokok Utama,109.23496973403331,-0.4279641635794449,2893,109.23494551,-0.4279461,3.36,0.492,0.492,Abnormal,Good
AME II,D002A,D02,2009,44,17,122970,0.3442596075478718,Stres Berat,0.4118288639608446,Stres Sedang,Pokok Utama,109.23515590079805,-0.42795932802259506,3493,109.23517636,-0.42796922,2.4,0.436,0.436,Healthy,Moderate
AME II,D002A,D02,2009,44,18,122978,0.4002158927761863,Stres Sedang,0.43411221195911537,Stres Sedang,Pokok Utama,109.23522834176765,-0.4279556543622253,2516,109.23524284,-0.42795838,3.72,0.485,0.485,Healthy,Good
AME II,D002A,D02,2009,44,19,122991,0.3884096685210475,Stres Berat,0.4313670341926997,Stres Sedang,Pokok Utama,109.23539744242616,-0.4279463982479348,199,109.23539959,-0.42791772,10.1,0.461,0.461,Healthy,Good
AME II,D002A,D02,2009,44,20,123000,0.4107917599094778,Stres Sedang,0.4653064602849578,Stres Sedang,Pokok Utama,109.23548179884736,-0.42794324189048333,1592,109.23547055,-0.4279512,4.73,0.474,0.474,Healthy,Good
AME II,D002A,D02,2009,44,21,123021,0.4033069957722264,Stres Sedang,0.45626231918920096,Stres Sedang,Pokok Utama,109.23555785404128,-0.4279375172083271,1395,109.23559227,-0.42794716,5.0,0.539,0.539,Healthy,Good
AME II,D002A,D02,2009,44,24,123013,0.42641041392024787,Stres Sedang,0.4656404476935187,Stres Sedang,Pokok Utama,109.23580166823582,-0.4279329301013742,1585,109.23578406,-0.42790606,4.74,0.519,0.519,Healthy,Good
AME II,D002A,D02,2009,45,1,122865,0.36325938712547723,Stres Berat,0.4044924768396909,Stres Sedang,Pokok Utama,109.23368746414376,-0.4279055526843285,451,109.23367492,-0.42789065,8.19,0.426,0.426,Healthy,Sub-Optimal
AME II,D002A,D02,2009,45,3,122873,0.3899011770412427,Stres Berat,0.44087075396697156,Stres Sedang,Pokok Utama,109.23382903119182,-0.4279067719448934,1816,109.23384019,-0.42792731,4.42,0.485,0.485,Healthy,Good
AME II,D002A,D02,2009,45,4,122884,0.3744817128473399,Stres Berat,0.4590524450150091,Stres Sedang,Pokok Utama,109.23390136398578,-0.42790847342140115,2314,109.23390083,-0.42792461,3.92,0.436,0.436,Abnormal,Moderate
AME II,D002A,D02,2009,45,6,122889,0.33770567905750487,Stres Berat,0.4149088288764827,Stres Sedang,Pokok Utama,109.23405537369644,-0.42790659472373377,2272,109.23407509,-0.42791742,3.96,0.405,0.405,Abnormal,Sub-Optimal
AME II,D002A,D02,2009,45,7,122928,0.36636468688841106,Stres Berat,0.4500814926620719,Stres Sedang,Pokok Utama,109.23414093697453,-0.427893215568447,2187,109.23411687,-0.42790386,4.03,0.406,0.406,Healthy,Sub-Optimal
AME II,D002A,D02,2009,45,9,122930,0.3369880495213543,Stres Berat,0.3990583303310391,Stres Berat,Pokok Utama,109.23430872989283,-0.4278946895802873,1803,109.23427991,-0.42788491,4.44,0.418,0.418,Healthy,Sub-Optimal
AME II,D002A,D02,2009,45,11,338903,0.35402990937517415,Stres Berat,0.36914512036869734,Stres Berat,Pokok Utama,109.2344561489026,-0.4278972910488786,1290,109.23444698,-0.42789716,5.19,0.392,0.392,Healthy,Sub-Optimal
AME II,D002A,D02,2009,45,12,122962,0.3357274965762183,Stres Berat,0.43514916780330654,Stres Sedang,Pokok Utama,109.23461795041045,-0.4278947341114878,3253,109.2346419,-0.42791077,2.9,0.484,0.484,Healthy,Good
AME II,D002A,D02,2009,45,15,123324,0.37996588260964165,Stres Berat,0.43139620475357016,Stres Sedang,Pokok Utama,109.23486056153047,-0.42789087109589385,1847,109.23486063,-0.42790856,4.4,0.418,0.418,Healthy,Sub-Optimal
AME II,D002A,D02,2009,45,18,122971,0.39901924718327336,Stres Berat,0.4734748794394238,Stres Sedang,Pokok Utama,109.23513139405668,-0.4278459124181402,1603,109.2351454,-0.42784758,4.71,0.454,0.454,Healthy,Moderate
AME II,D002A,D02,2009,45,23,123022,0.390031359761613,Stres Berat,0.45802366131420647,Stres Sedang,Pokok Utama,109.23559488609928,-0.42788664178139146,3506,109.23557207,-0.42787345,2.37,0.564,0.564,Healthy,Good
AME II,D002A,D02,2009,46,1,122866,0.388936442392213,Stres Berat,0.43280279620273693,Stres Sedang,Pokok Utama,109.23369413297561,-0.42784238810119163,701,109.23368796,-0.42784318,6.97,0.406,0.406,Healthy,Sub-Optimal
AME II,D002A,D02,2009,46,2,122869,0.40781061927164125,Stres Sedang,0.43336650792664677,Stres Sedang,Pokok Utama,109.2337799775717,-0.42783216320687156,2608,109.23376566,-0.4278138,3.64,0.462,0.462,Abnormal,Good
AME II,D002A,D02,2009,46,3,122872,0.38361090942792453,Stres Berat,0.45048173370486055,Stres Sedang,Pokok Utama,109.23386430584786,-0.4278299862133588,3361,109.23388333,-0.42785181,2.7,0.46,0.46,Abnormal,Good
AME II,D002A,D02,2009,46,4,122883,0.400987542430549,Stres Sedang,0.46891851419444847,Stres Sedang,Pokok Utama,109.23394891393116,-0.42783766251743655,881,109.23397181,-0.427855,6.26,0.43,0.43,Healthy,Moderate
AME II,D002A,D02,2009,46,5,122887,0.37313735414562843,Stres Berat,0.44451370919506794,Stres Sedang,Pokok Utama,109.234021828593,-0.427824593316636,759,109.23401404,-0.42780527,6.76,0.464,0.464,Healthy,Good
AME II,D002A,D02,2009,46,6,122890,0.3760073439170474,Stres Berat,0.4453286948537283,Stres Sedang,Pokok Utama,109.23410577718333,-0.4278290854320713,1924,109.2341079,-0.42784779,4.32,0.405,0.405,Healthy,Sub-Optimal
AME II,D002A,D02,2009,46,8,122904,0.38133053524929134,Stres Berat,0.43484090597215375,Stres Sedang,Pokok Utama,109.23425883531323,-0.4278286416245101,1449,109.23425073,-0.42780623,4.92,0.467,0.467,Healthy,Good
AME II,D002A,D02,2009,46,9,122903,0.4243943565736147,Stres Sedang,0.470894875226884,Stres Sedang,Pokok Utama,109.23433441284138,-0.42782961588589363,2378,109.23435717,-0.42785237,3.84,0.496,0.496,Healthy,Good
AME II,D002A,D02,2009,46,10,122902,0.37592765407474793,Stres Berat,0.4428768583488837,Stres Sedang,Pokok Utama,109.2344282021834,-0.42781757156389427,3051,109.23445284,-0.42779407,3.18,0.423,0.423,Healthy,Sub-Optimal
AME II,D002A,D02,2009,46,13,122899,0.36160424414894515,Stres Berat,0.44436441361456797,Stres Sedang,Pokok Utama,109.2346518290262,-0.4278146093493372,3176,109.23467022,-0.42783572,3.01,0.413,0.413,Healthy,Sub-Optimal
AME II,D002A,D02,2009,46,16,123323,0.38086030940285,Stres Berat,0.4465020775884345,Stres Sedang,Pokok Utama,109.23491133107365,-0.4278349854408049,290,109.23493386,-0.4278507,9.32,0.416,0.416,Healthy,Sub-Optimal
AME II,D002A,D02,2009,46,18,122972,0.38692067667278607,Stres Berat,0.47033264958779875,Stres Sedang,Pokok Utama,109.23507743984028,-0.42781271757974765,1463,109.23507579,-0.42781456,4.9,0.471,0.471,Healthy,Good
AME II,D002A,D02,2009,46,20,122986,0.41179044385880736,Stres Sedang,0.47149306937077834,Stres Sedang,Pokok Utama,109.23522822926962,-0.42781903828561263,1503,109.23524691,-0.42783495,4.85,0.536,0.536,Healthy,Good
AME II,D002A,D02,2009,46,21,122989,0.3961844374830632,Stres Berat,0.4318380114769671,Stres Sedang,Pokok Utama,109.235320443292,-0.4278257595929092,3139,109.23533539,-0.42783677,3.07,0.589,0.589,Abnormal,Good
AME II,D002A,D02,2009,46,22,123002,0.38979048122035637,Stres Berat,0.4355714135061968,Stres Sedang,Pokok Utama,109.23540933296799,-0.4278200378802467,1443,109.23541264,-0.42780831,4.93,0.503,0.503,Healthy,Good
AME II,D002A,D02,2009,46,23,123019,0.39093860867389024,Stres Berat,0.4564904142210311,Stres Sedang,Pokok Utama,109.23548757495521,-0.4278164632191226,2635,109.23547192,-0.42783002,3.61,0.468,0.468,Healthy,Good
AME II,D002A,D02,2009,46,24,123018,0.40729293527249094,Stres Sedang,0.44835617850048115,Stres Sedang,Pokok Utama,109.23556055396786,-0.42781686263685764,2569,109.23557388,-0.4278201,3.67,0.441,0.441,Healthy,Moderate
AME II,D002A,D02,2009,46,25,123017,0.40311958286313665,Stres Sedang,0.4578177975552218,Stres Sedang,Pokok Utama,109.23563117244848,-0.4278167343009629,3217,109.23562822,-0.42784136,2.96,0.466,0.466,Healthy,Good
AME II,D002A,D02,2009,46,26,123016,0.40648709019904483,Stres Sedang,0.45605482444216344,Stres Sedang,Pokok Utama,109.23570722742824,-0.42781196636005775,1331,109.23568258,-0.42778621,5.1,0.486,0.486,Healthy,Good
AME II,D002A,D02,2009,46,27,123015,0.37925541760369036,Stres Berat,0.45855280245464775,Stres Sedang,Pokok Utama,109.23579941629262,-0.4278070258150357,561,109.23581776,-0.42781021,7.64,0.417,0.417,Healthy,Sub-Optimal
AME II,D002A,D02,2009,47,1,122910,0.3998941913157977,Stres Berat,0.4641412770776786,Stres Sedang,Pokok Utama,109.23367929814837,-0.4277594813223698,1475,109.23369022,-0.4277437,4.88,0.374,0.374,Suspect,Critical
AME II,D002A,D02,2009,47,2,122867,0.41607145333419676,Stres Sedang,0.44687670978954736,Stres Sedang,Pokok Utama,109.2337350283132,-0.4277725333141408,2083,109.23375175,-0.42775773,4.15,0.356,0.356,Suspect,Critical
AME II,D002A,D02,2009,47,3,122870,0.4237086613086828,Stres Sedang,0.4689283716366984,Stres Sedang,Pokok Utama,109.23382588233844,-0.4277593534260257,1544,109.23383529,-0.4277686,4.79,0.524,0.524,Healthy,Good
AME II,D002A,D02,2009,47,4,122871,0.3969873101864621,Stres Berat,0.46195476796446727,Stres Sedang,Pokok Utama,109.23389854678138,-0.4277563010778057,3002,109.23387526,-0.4277659,3.23,0.485,0.485,Healthy,Good
AME II,D002A,D02,2009,47,5,122888,0.37290077097561897,Stres Berat,0.4377048674076213,Stres Sedang,Pokok Utama,109.23404656329006,-0.42776595168650045,118,109.23405942,-0.42773746,10.8,0.363,0.363,Suspect,Critical
AME II,D002A,D02,2009,47,6,122891,0.3912915646033496,Stres Berat,0.4541129824110317,Stres Sedang,Pokok Utama,109.23414837758658,-0.42776252809385396,231,109.23414654,-0.42775511,9.8,0.491,0.491,Healthy,Good
AME II,D002A,D02,2009,47,7,122892,0.39504586703551386,Stres Berat,0.45812784937161777,Stres Sedang,Pokok Utama,109.23422842968567,-0.4277582919186741,1435,109.23422918,-0.42776417,4.94,0.449,0.449,Healthy,Moderate
AME II,D002A,D02,2009,47,8,122893,0.4321892226809886,Stres Sedang,0.48181454279814045,Stres Sedang,Pokok Utama,109.2343134621072,-0.42776055970625443,3013,109.23433518,-0.427733,3.22,0.44,0.44,Healthy,Moderate
AME II,D002A,D02,2009,47,9,122894,0.37873881389227426,Stres Berat,0.4292382883222721,Stres Sedang,Pokok Utama,109.23439141843056,-0.4277568421106655,3379,109.2343783,-0.42775064,2.68,0.405,0.405,Healthy,Sub-Optimal
AME II,D002A,D02,2009,47,11,122896,0.37584048645541035,Stres Berat,0.4555924266013447,Stres Sedang,Pokok Utama,109.23455280231312,-0.42774214937901295,1738,109.23454,-0.42771315,4.51,0.515,0.515,Healthy,Good
AME II,D002A,D02,2009,47,13,122898,0.3909468378090079,Stres Berat,0.4640354652662535,Stres Sedang,Pokok Utama,109.23469155398156,-0.4277484546391827,1901,109.23470706,-0.42776383,4.34,0.402,0.402,Healthy,Sub-Optimal
AME II,D002A,D02,2009,47,15,123320,0.4212320011277248,Stres Sedang,0.46421053503839926,Stres Sedang,Pokok Utama,109.23487598443374,-0.4277472096361871,2568,109.23490424,-0.42773042,3.67,0.465,0.465,Healthy,Good
AME II,D002A,D02,2009,47,16,122973,0.40929805477065995,Stres Sedang,0.4686083089832361,Stres Sedang,Pokok Utama,109.23511350022058,-0.42774890504170593,449,109.2351041,-0.42776619,8.2,0.444,0.444,Healthy,Moderate
AME II,D002A,D02,2009,47,18,122988,0.4142965004556114,Stres Sedang,0.44231285276945487,Stres Sedang,Pokok Utama,109.235277923542,-0.4277358325914526,2574,109.2352658,-0.42771016,3.67,0.414,0.414,Abnormal,Sub-Optimal
AME II,D002A,D02,2009,47,19,123003,0.38823045944066154,Stres Berat,0.41490800570854375,Stres Sedang,Pokok Utama,109.23535910577654,-0.42774704751424564,2265,109.23538121,-0.42776535,3.97,0.458,0.458,Healthy,Moderate
AME II,D002A,D02,2009,47,20,123004,0.4003506659292707,Stres Sedang,0.48051308080259025,Stres Sedang,Pokok Utama,109.23545322360667,-0.4277403702593731,1346,109.23544544,-0.42774954,5.09,0.447,0.447,Healthy,Moderate
AME II,D002A,D02,2009,48,1,259706,0.34820315169854715,Stres Berat,0.4112498685605611,Stres Sedang,Pokok Utama,109.23369773585726,-0.42771311770855464,2164,109.23371045,-0.42770166,4.06,0.472,0.472,Healthy,Good
AME II,D002A,D02,2009,48,2,259712,0.41462484500031177,Stres Sedang,0.44629644862815543,Stres Sedang,Pokok Utama,109.23378424974044,-0.4276986228672239,2781,109.23381284,-0.42772022,3.46,0.439,0.439,Healthy,Moderate
AME II,D002A,D02,2009,48,3,259727,0.4002723466353349,Stres Sedang,0.4577984347635386,Stres Sedang,Pokok Utama,109.23386389363785,-0.42770779462909414,2553,109.23384878,-0.42768858,3.69,0.536,0.536,Healthy,Good
AME II,D002A,D02,2009,48,6,259886,0.34906798535993344,Stres Berat,0.444137341223265,Stres Sedang,Pokok Utama,109.23415164675286,-0.4276941503306152,517,109.23415554,-0.42770402,7.82,0.474,0.474,Healthy,Good
AME II,D002A,D02,2009,48,8,259892,0.4227566870008307,Stres Sedang,0.4719712331483484,Stres Sedang,Pokok Utama,109.2343426710449,-0.42768638325404784,3411,109.23436663,-0.42770317,2.62,0.47,0.47,Healthy,Good
AME II,D002A,D02,2009,48,9,259912,0.4095954939504238,Stres Sedang,0.46878438250362175,Stres Sedang,Pokok Utama,109.2344146209796,-0.4276850932094088,2790,109.23442637,-0.4277077,3.45,0.471,0.471,Healthy,Good
AME II,D002A,D02,2009,48,12,259969,0.37188783082231774,Stres Berat,0.46168240517520964,Stres Sedang,Pokok Utama,109.23466088987712,-0.4276888524490328,1961,109.23468147,-0.42770595,4.29,0.477,0.477,Healthy,Good
AME II,D002A,D02,2009,48,13,260001,0.34980665070285477,Stres Berat,0.4064207488275126,Stres Sedang,Pokok Utama,109.2347490805782,-0.42768351309598973,3130,109.23476501,-0.42770371,3.08,0.439,0.439,Healthy,Moderate
AME II,D002A,D02,2009,48,14,260002,0.4058509433399076,Stres Sedang,0.4295246635113393,Stres Sedang,Pokok Utama,109.23483031010412,-0.427676353584668,2997,109.23483104,-0.42767117,3.24,0.47,0.47,Healthy,Good
AME II,D002A,D02,2009,48,17,260029,0.37344047653688023,Stres Berat,0.43316447580248946,Stres Sedang,Pokok Utama,109.23507616711704,-0.4276745784063966,2885,109.23506818,-0.42770966,3.38,0.376,0.376,Abnormal,Critical
AME II,D002A,D02,2009,48,19,260048,0.41439319786656165,Stres Sedang,0.42482825597581275,Stres Sedang,Pokok Utama,109.23524448627411,-0.4276731198589979,1905,109.23523617,-0.42766674,4.34,0.428,0.428,Healthy,Sub-Optimal
AME II,D002A,D02,2009,48,20,123001,0.355027080918823,Stres Berat,0.37230680698678703,Stres Berat,Pokok Utama,109.23532391512633,-0.4276566176108201,2288,109.23530533,-0.42766133,3.94,0.456,0.456,Healthy,Moderate
AME II,D002A,D02,2009,48,21,260083,0.386164619480389,Stres Berat,0.43571263033371854,Stres Sedang,Pokok Utama,109.23539484926967,-0.4276784194984695,3441,109.23538302,-0.42770883,2.55,0.456,0.456,Abnormal,Moderate
AME II,D002A,D02,2009,48,22,260096,0.395457032304247,Stres Berat,0.46376852772615335,Stres Sedang,Pokok Utama,109.23547959901592,-0.427667896800098,2510,109.23549935,-0.42768941,3.73,0.43,0.43,Healthy,Moderate
AME II,D002A,D02,2009,48,23,260109,0.37065336264187776,Stres Berat,0.41977205287755665,Stres Sedang,Pokok Utama,109.23555790627748,-0.42766170510532275,2845,109.23553305,-0.42765867,3.41,0.42,0.42,Healthy,Sub-Optimal
AME II,D002A,D02,2009,48,24,260122,0.38691065725537543,Stres Berat,0.46142364968972627,Stres Sedang,Pokok Utama,109.23563388523137,-0.4276633495262062,3175,109.23564533,-0.42767543,3.02,0.429,0.429,Abnormal,Sub-Optimal
AME II,D002A,D02,2009,49,1,259707,0.40570631448531386,Stres Sedang,0.4153027497075153,Stres Sedang,Pokok Utama,109.23373932965528,-0.42762531457038777,1362,109.23373381,-0.42765328,5.06,0.438,0.438,Healthy,Moderate
AME II,D002A,D02,2009,49,2,259713,0.41755366388580734,Stres Sedang,0.449902570261961,Stres Sedang,Pokok Utama,109.23381278694599,-0.4276236604465624,3407,109.23378323,-0.42760763,2.63,0.38,0.38,Healthy,Critical
AME II,D002A,D02,2009,49,3,259729,0.36141748898958886,Stres Berat,0.43676293352081513,Stres Sedang,Pokok Utama,109.23389755203213,-0.4276243112848912,1673,109.23390269,-0.42763388,4.61,0.455,0.455,Healthy,Moderate
AME II,D002A,D02,2009,49,5,259885,0.35402990937517415,Stres Berat,0.4026608603796803,Stres Sedang,Pokok Utama,109.23412254691905,-0.4276289952228099,1881,109.23414792,-0.42760545,4.36,0.444,0.444,Healthy,Moderate
AME II,D002A,D02,2009,49,8,259913,0.426629429229849,Stres Sedang,0.4679683326779901,Stres Sedang,Pokok Utama,109.23436158453256,-0.42762563234282497,2819,109.23437204,-0.42760234,3.43,0.435,0.435,Healthy,Moderate
AME II,D002A,D02,2009,49,9,259936,0.38254641193195194,Stres Berat,0.4338847108250157,Stres Sedang,Pokok Utama,109.23445189621535,-0.4276352243550067,3452,109.23445602,-0.42765616,2.53,0.388,0.388,Healthy,Critical
AME II,D002A,D02,2009,49,11,338905,0.35402990937517415,Stres Berat,0.40801044640276596,Stres Sedang,Pokok Utama,109.23459048545489,-0.42766045201877206,2718,109.23456561,-0.42764715,3.52,0.347,0.347,Abnormal,Critical
AME II,D002A,D02,2009,49,12,259970,0.37143045167128247,Stres Berat,0.4412737200660511,Stres Sedang,Pokok Utama,109.23467103636632,-0.4276236521557871,548,109.23467026,-0.42763994,7.68,0.418,0.418,Healthy,Sub-Optimal
AME II,D002A,D02,2009,49,14,260008,0.41799313461012605,Stres Sedang,0.459233487765042,Stres Sedang,Pokok Utama,109.23487738299838,-0.4276098017697612,1303,109.23490202,-0.42762642,5.16,0.503,0.503,Healthy,Good
AME II,D002A,D02,2009,49,15,260013,0.37461050978422944,Stres Berat,0.44383098319226527,Stres Sedang,Pokok Utama,109.234955157168,-0.42761712108503497,1716,109.23494873,-0.42761378,4.55,0.462,0.462,Healthy,Good
AME II,D002A,D02,2009,49,17,260042,0.4049289664772823,Stres Sedang,0.4611765895834482,Stres Sedang,Pokok Utama,109.23512142937608,-0.42760682706163716,1349,109.23512254,-0.42762738,5.08,0.447,0.447,Healthy,Moderate
AME II,D002A,D02,2009,49,18,260049,0.40125472497155495,Stres Sedang,0.4317228666322459,Stres Sedang,Pokok Utama,109.23519900321395,-0.4276182012050632,1167,109.23518902,-0.42762513,5.47,0.464,0.464,Healthy,Good
AME II,D002A,D02,2009,49,19,260061,0.40719832509155823,Stres Sedang,0.4362083052126023,Stres Sedang,Pokok Utama,109.23526761479293,-0.42760299683325564,3309,109.23526807,-0.42758853,2.8,0.482,0.482,Abnormal,Good
AME II,D002A,D02,2009,49,20,260084,0.4195651690105797,Stres Sedang,0.4250756671198276,Stres Sedang,Pokok Utama,109.23536230886587,-0.4276061123592746,1916,109.2353534,-0.42762563,4.33,0.452,0.452,Healthy,Moderate
AME II,D002A,D02,2009,49,23,260123,0.3842475676625643,Stres Berat,0.45983901446340175,Stres Sedang,Pokok Utama,109.23559779884634,-0.427601098268248,2469,109.23560627,-0.42758318,3.76,0.441,0.441,Healthy,Moderate
AME II,D002A,D02,2009,49,24,260128,0.37290976106358636,Stres Berat,0.43480625729823136,Stres Sedang,Pokok Utama,109.23567940706965,-0.42760752773135285,1124,109.23565163,-0.42759043,5.56,0.474,0.474,Healthy,Good
AME II,D002A,D02,2009,49,25,260143,0.39826827173215523,Stres Berat,0.44522409424405085,Stres Sedang,Pokok Utama,109.23575495160979,-0.42759979446619584,2304,109.23574325,-0.42762345,3.93,0.46,0.46,Abnormal,Good
AME II,D002A,D02,2009,49,26,260157,0.41879072334096745,Stres Sedang,0.4664251983774866,Stres Sedang,Pokok Utama,109.235815062403,-0.4276102457976345,1667,109.23581781,-0.42760267,4.62,0.588,0.588,Healthy,Good
AME II,D002A,D02,2009,50,2,259714,0.4090470295023853,Stres Sedang,0.4374743112838508,Stres Sedang,Pokok Utama,109.23378510104696,-0.42755041763511353,1805,109.23378055,-0.4275502,4.43,0.507,0.507,Healthy,Good
AME II,D002A,D02,2009,50,3,259730,0.37813542221479685,Stres Berat,0.4581319803989928,Stres Sedang,Pokok Utama,109.23385431201974,-0.427569277433582,2564,109.23384791,-0.42758504,3.68,0.572,0.572,Healthy,Good
AME II,D002A,D02,2009,50,9,259894,0.3817530353110468,Stres Berat,0.44212991187164374,Stres Sedang,Pokok Utama,109.23426127643758,-0.4275473330385647,2312,109.23426156,-0.4275788,3.92,0.446,0.446,Healthy,Moderate
AME II,D002A,D02,2009,50,10,259914,0.4200944897596458,Stres Sedang,0.46082526064800244,Stres Sedang,Pokok Utama,109.23433722404442,-0.42754440261339743,2991,109.23434915,-0.4275526,3.25,0.453,0.453,Healthy,Moderate
AME II,D002A,D02,2009,50,12,259939,0.37865137359534,Stres Berat,0.42974986811329546,Stres Sedang,Pokok Utama,109.23447458222601,-0.42754394157768216,3556,109.23447177,-0.42753318,2.2,0.438,0.438,Healthy,Moderate
AME II,D002A,D02,2009,50,14,259971,0.4014163847879965,Stres Sedang,0.4751878150741295,Stres Sedang,Pokok Utama,109.23464749532953,-0.42754138808589,268,109.23464693,-0.42753051,9.47,0.571,0.571,Healthy,Good
AME II,D002A,D02,2009,50,16,260009,0.42874988687589116,Stres Sedang,0.4681064228586837,Stres Sedang,Pokok Utama,109.23483923953798,-0.4275399295333789,602,109.2348423,-0.42754593,7.44,0.503,0.503,Healthy,Good
AME II,D002A,D02,2009,50,18,260043,0.343798652555143,Stres Berat,0.4275596461144966,Stres Sedang,Pokok Utama,109.23507466554813,-0.42753152793335586,863,109.23509517,-0.42754011,6.32,0.473,0.473,Healthy,Good
AME II,D002A,D02,2009,50,19,260050,0.3782132559014299,Stres Berat,0.45159383866123687,Stres Sedang,Pokok Utama,109.23516086020223,-0.4275305911359559,368,109.23517602,-0.42751571,8.73,0.406,0.406,Healthy,Sub-Optimal
AME II,D002A,D02,2009,50,21,260085,0.417222089058425,Stres Sedang,0.449405300610054,Stres Sedang,Pokok Utama,109.23531946270862,-0.4275333398362753,1176,109.2353094,-0.42755191,5.44,0.457,0.457,Healthy,Moderate
AME II,D002A,D02,2009,50,23,260111,0.41513098286649963,Stres Sedang,0.4707980969012393,Stres Sedang,Pokok Utama,109.23548773115549,-0.427533746827589,1309,109.23550702,-0.42756372,5.14,0.446,0.446,Healthy,Moderate
AME II,D002A,D02,2009,50,24,260124,0.39026531887939514,Stres Berat,0.46674563738633007,Stres Sedang,Pokok Utama,109.23556707627948,-0.4275338411499063,3140,109.23557394,-0.42755062,3.06,0.443,0.443,Healthy,Moderate
AME II,D002A,D02,2009,50,26,260144,0.372201472953978,Stres Berat,0.41332377291869543,Stres Sedang,Pokok Utama,109.23571256301834,-0.42752151485429324,1430,109.23570824,-0.42750815,4.94,0.459,0.459,Healthy,Moderate
AME II,D002A,D02,2009,50,27,260158,0.3916513530107645,Stres Berat,0.44982347157505276,Stres Sedang,Pokok Utama,109.23580818153643,-0.4275438550813833,1256,109.2358277,-0.42756379,5.27,0.48,0.48,Healthy,Good
AME II,D002A,D02,2009,51,1,259709,0.3894884743067278,Stres Berat,0.45361726867891056,Stres Sedang,Pokok Utama,109.23373407232936,-0.427478828806375,833,109.23371453,-0.42750181,6.46,0.437,0.437,Healthy,Moderate
AME II,D002A,D02,2009,51,2,259731,0.4013689356084294,Stres Sedang,0.46035495045916314,Stres Sedang,Pokok Utama,109.23382486229109,-0.4274786698788107,1915,109.23385781,-0.42749144,4.33,0.454,0.454,Healthy,Moderate
AME II,D002A,D02,2009,51,3,259734,0.3789748360686328,Stres Berat,0.4331530522899467,Stres Sedang,Pokok Utama,109.23391144905875,-0.4274793591127678,2855,109.2339409,-0.42748739,3.41,0.386,0.386,Healthy,Critical
AME II,D002A,D02,2009,51,4,259863,0.39490290771831166,Stres Berat,0.4524041433837075,Stres Sedang,Pokok Utama,109.23399218150594,-0.42747349715757793,3166,109.23398133,-0.42744354,3.03,0.469,0.469,Healthy,Good
AME II,D002A,D02,2009,51,5,259870,0.3812754851229146,Stres Berat,0.4343746634335141,Stres Sedang,Pokok Utama,109.2340577125179,-0.42746377575286176,3173,109.23405947,-0.42749013,3.02,0.425,0.425,Healthy,Sub-Optimal
AME II,D002A,D02,2009,51,6,259889,0.36853284451071006,Stres Berat,0.4173096380142782,Stres Sedang,Pokok Utama,109.2341379499025,-0.42747810485405924,3264,109.2341475,-0.4274897,2.89,0.409,0.409,Healthy,Sub-Optimal
AME II,D002A,D02,2009,51,7,259895,0.3591106761583378,Stres Berat,0.4134742906230389,Stres Sedang,Pokok Utama,109.23421789682877,-0.4274820434998381,3082,109.23421307,-0.42751142,3.14,0.4,0.4,Healthy,Sub-Optimal
AME II,D002A,D02,2009,51,8,259915,0.3912027796160905,Stres Berat,0.4325546814688054,Stres Sedang,Pokok Utama,109.23430805136844,-0.42748349949651127,3141,109.23431009,-0.42747798,3.06,0.462,0.462,Healthy,Good
AME II,D002A,D02,2009,51,9,259944,0.40484160229616367,Stres Sedang,0.44156877134079325,Stres Sedang,Pokok Utama,109.23436862517863,-0.42747622216308756,3123,109.23439588,-0.42746308,3.08,0.414,0.414,Healthy,Sub-Optimal
AME II,D002A,D02,2009,51,10,259940,0.3670313471775928,Stres Berat,0.4230971835482178,Stres Sedang,Pokok Utama,109.23445436585278,-0.4274727541348051,3218,109.23447942,-0.42747124,2.96,0.384,0.384,Healthy,Critical
AME II,D002A,D02,2009,51,13,260014,0.3769016475797704,Stres Berat,0.42616313921574217,Stres Sedang,Pokok Utama,109.23488185462622,-0.4274562646380752,779,109.23491553,-0.42745009,6.68,0.605,0.605,Healthy,Good
AME II,D002A,D02,2009,51,15,260044,0.35419115170941784,Stres Berat,0.45088639659505214,Stres Sedang,Pokok Utama,109.23504029943632,-0.42746108685807555,3025,109.23502108,-0.42744424,3.2,0.412,0.412,Abnormal,Sub-Optimal
AME II,D002A,D02,2009,51,16,260063,0.3929985548988779,Stres Berat,0.4722347123771279,Stres Sedang,Pokok Utama,109.23521157910086,-0.4274565001030123,240,109.23519713,-0.42747367,9.71,0.413,0.413,Healthy,Sub-Optimal
AME II,D002A,D02,2009,51,17,260099,0.41739286101499673,Stres Sedang,0.4673023896394588,Stres Sedang,Pokok Utama,109.23538480689042,-0.42746476569092207,1786,109.23539521,-0.42745382,4.45,0.493,0.493,Healthy,Good
AME II,D002A,D02,2009,51,18,260112,0.3984780909897257,Stres Berat,0.4783472244020049,Stres Sedang,Pokok Utama,109.23543392323126,-0.42746956260610314,1855,109.23543877,-0.42746468,4.39,0.513,0.513,Healthy,Good
AME II,D002A,D02,2009,51,19,260125,0.3496624816237453,Stres Berat,0.4155038745688332,Stres Sedang,Pokok Utama,109.23552820890194,-0.42746741320000115,1662,109.2355295,-0.4274647,4.62,0.407,0.407,Healthy,Sub-Optimal
AME II,D002A,D02,2009,51,20,260130,0.36308164456788294,Stres Berat,0.4161766156791174,Stres Sedang,Pokok Utama,109.23559517268069,-0.4274656815875424,2895,109.23557666,-0.42745024,3.36,0.419,0.419,Healthy,Sub-Optimal
AME II,D002A,D02,2009,51,21,260145,0.38509547267673716,Stres Berat,0.45141805708855437,Stres Sedang,Pokok Utama,109.23567914712486,-0.4274752712132134,1902,109.23569837,-0.42745524,4.34,0.451,0.451,Healthy,Moderate
AME II,D002A,D02,2009,52,1,259710,0.3781079143156246,Stres Berat,0.4276218433739044,Stres Sedang,Pokok Utama,109.23370556597608,-0.42741882654335267,520,109.23370018,-0.42741951,7.81,0.329,0.329,Suspect,Critical
AME II,D002A,D02,2009,52,2,259715,0.4126702572597376,Stres Sedang,0.4526663461414338,Stres Sedang,Pokok Utama,109.23379635826501,-0.42740847346022326,2922,109.23378506,-0.427434,3.34,0.488,0.488,Healthy,Good
AME II,D002A,D02,2009,52,3,259735,0.39204375985311724,Stres Berat,0.4598829987652305,Stres Sedang,Pokok Utama,109.23387296219408,-0.4274107546573701,2668,109.23386142,-0.42743628,3.57,0.534,0.534,Healthy,Good
AME II,D002A,D02,2009,52,4,259864,0.38469292996988996,Stres Berat,0.45716273115294853,Stres Sedang,Pokok Utama,109.23394880670725,-0.4274107722195402,3397,109.23393868,-0.42738656,2.65,0.428,0.428,Healthy,Sub-Optimal
AME II,D002A,D02,2009,52,5,259871,0.3851271465117443,Stres Berat,0.4315352335200944,Stres Sedang,Pokok Utama,109.2340293632636,-0.42740810058453144,2196,109.23405365,-0.42741417,4.02,0.39,0.39,Healthy,Sub-Optimal
AME II,D002A,D02,2009,52,7,259896,0.36152544728752706,Stres Berat,0.4083202237245412,Stres Sedang,Pokok Utama,109.23417171437559,-0.4274060147717898,2406,109.23419557,-0.42742279,3.81,0.39,0.39,Healthy,Sub-Optimal
AME II,D002A,D02,2009,52,8,259916,0.41048003377327613,Stres Sedang,0.4547880976630333,Stres Sedang,Pokok Utama,109.23426931603149,-0.42740938598477846,3057,109.2342845,-0.42741784,3.17,0.445,0.445,Healthy,Moderate
AME II,D002A,D02,2009,52,9,259945,0.3810153968506627,Stres Berat,0.4283080912378274,Stres Sedang,Pokok Utama,109.23434378385201,-0.42741578395416036,3450,109.23433706,-0.42738213,2.53,0.536,0.536,Healthy,Good
AME II,D002A,D02,2009,52,10,259941,0.3897724189714569,Stres Berat,0.4426765856749295,Stres Sedang,Pokok Utama,109.23442712792072,-0.4274084657699058,3451,109.23441072,-0.42739119,2.53,0.468,0.468,Healthy,Good
AME II,D002A,D02,2009,52,11,259966,0.3964539666308477,Stres Berat,0.44591006627675295,Stres Sedang,Pokok Utama,109.23452100540443,-0.42739985325815116,2678,109.23448617,-0.42739935,3.56,0.339,0.339,Abnormal,Critical
AME II,D002A,D02,2009,52,15,260015,0.43768648116830844,Stres Sedang,0.4660635637553041,Stres Sedang,Pokok Utama,109.23483564604166,-0.42740409037671534,502,109.23485176,-0.42743018,7.89,0.567,0.567,Healthy,Good
AME II,D002A,D02,2009,52,16,260033,0.38086929217868437,Stres Berat,0.41549095078778764,Stres Sedang,Pokok Utama,109.2349171786159,-0.4274033469215226,1010,109.23492183,-0.42741211,5.9,0.43,0.43,Healthy,Moderate
AME II,D002A,D02,2009,52,17,260045,0.3294245456987496,Stres Berat,0.399927042854004,Stres Berat,Pokok Utama,109.23500343403488,-0.4274037620607373,3271,109.23499414,-0.42738952,2.87,0.409,0.409,Healthy,Sub-Optimal
AME II,D002A,D02,2009,52,18,260051,0.3090301199110712,Stres Berat,0.3785647302687204,Stres Berat,Pokok Utama,109.23507346634797,-0.4274056926670298,3232,109.23506646,-0.42738637,2.93,0.4,0.4,Healthy,Sub-Optimal
AME II,D002A,D02,2009,52,20,260086,0.4166075209037303,Stres Sedang,0.44399267988162,Stres Sedang,Pokok Utama,109.23532338192071,-0.4274032600540395,3584,109.23534537,-0.42737785,1.98,0.38,0.38,Abnormal,Critical
AME II,D002A,D02,2009,52,21,260100,0.4134082474687808,Stres Sedang,0.4709093587797921,Stres Sedang,Pokok Utama,109.23540585493012,-0.42740284778438514,1194,109.23540779,-0.42741629,5.4,0.465,0.465,Healthy,Good
AME II,D002A,D02,2009,52,22,260126,0.3741963145461493,Stres Berat,0.4435143712482154,Stres Sedang,Pokok Utama,109.23548270090785,-0.4273996751957285,2927,109.2355093,-0.4273815,3.33,0.403,0.403,Healthy,Sub-Optimal
AME II,D002A,D02,2009,52,23,260131,0.373499117177694,Stres Berat,0.4420866934508623,Stres Sedang,Pokok Utama,109.23556191322874,-0.42740701562996425,2745,109.23555062,-0.4273892,3.49,0.404,0.404,Healthy,Sub-Optimal
AME II,D002A,D02,2009,52,25,260159,0.38372816575105356,Stres Berat,0.43896477333497186,Stres Sedang,Pokok Utama,109.23571450330454,-0.4274033686219936,3354,109.23570603,-0.42737296,2.71,0.393,0.393,Healthy,Sub-Optimal
AME II,D002A,D02,2009,53,1,259716,0.39317011609491137,Stres Berat,0.4336414152884985,Stres Sedang,Pokok Utama,109.23373742831896,-0.42735279845323365,2930,109.23371502,-0.4273422,3.33,0.468,0.468,Healthy,Good
AME II,D002A,D02,2009,53,2,259736,0.40161875718214746,Stres Sedang,0.45185102476784766,Stres Sedang,Pokok Utama,109.23383152493142,-0.4273481784776766,1813,109.23383943,-0.42736077,4.43,0.501,0.501,Healthy,Good
AME II,D002A,D02,2009,53,3,259865,0.36781442780787044,Stres Berat,0.4489660546761012,Stres Sedang,Pokok Utama,109.23390490733034,-0.42734406372899264,2081,109.23392567,-0.42731738,4.15,0.442,0.442,Healthy,Moderate
AME II,D002A,D02,2009,53,4,259872,0.37113172648536424,Stres Berat,0.44080975747358675,Stres Sedang,Pokok Utama,109.23397620931901,-0.4273361043256397,2193,109.23399887,-0.42733051,4.03,0.406,0.406,Healthy,Sub-Optimal
AME II,D002A,D02,2009,53,5,259891,0.32139724931843866,Stres Berat,0.3938228414937559,Stres Berat,Pokok Utama,109.2340760310142,-0.42732974760960674,3391,109.23407477,-0.42734997,2.66,0.453,0.453,Healthy,Moderate
AME II,D002A,D02,2009,53,6,259897,0.3449962217501407,Stres Berat,0.42259722937325084,Stres Sedang,Pokok Utama,109.23413940934503,-0.4273297622807532,3548,109.23414844,-0.42733054,2.22,0.409,0.409,Healthy,Sub-Optimal
AME II,D002A,D02,2009,53,7,259917,0.40105328528402157,Stres Sedang,0.45048988099647413,Stres Sedang,Pokok Utama,109.2342297239294,-0.42732659282156626,1094,109.23425084,-0.42733645,5.65,0.416,0.416,Healthy,Sub-Optimal
AME II,D002A,D02,2009,53,8,259946,0.39585715690886253,Stres Berat,0.44597500365177195,Stres Sedang,Pokok Utama,109.23430054583973,-0.42733617940456636,1829,109.23432315,-0.42733013,4.41,0.452,0.452,Healthy,Moderate
AME II,D002A,D02,2009,53,9,259942,0.41622558138024174,Stres Sedang,0.4538941832052834,Stres Sedang,Pokok Utama,109.23438024411782,-0.42733938821641293,1556,109.23436851,-0.42734687,4.77,0.373,0.373,Suspect,Critical
AME II,D002A,D02,2009,53,10,259956,0.41578448981062865,Stres Sedang,0.45839648815254946,Stres Sedang,Pokok Utama,109.23445978272582,-0.42734164024290977,636,109.23446642,-0.42733921,7.25,0.393,0.393,Healthy,Sub-Optimal
AME II,D002A,D02,2009,53,11,259974,0.3500305128986091,Stres Berat,0.41924188063981443,Stres Sedang,Pokok Utama,109.23453869016983,-0.42733463933989563,494,109.23454547,-0.42731979,7.96,0.403,0.403,Healthy,Sub-Optimal
AME II,D002A,D02,2009,53,12,260006,0.40789554509986825,Stres Sedang,0.46460065266231104,Stres Sedang,Pokok Utama,109.23462105559994,-0.4273410047689251,340,109.23464787,-0.42735643,8.91,0.452,0.452,Healthy,Moderate
AME II,D002A,D02,2009,53,13,260046,0.3571297538024506,Stres Berat,0.4321065753107317,Stres Sedang,Pokok Utama,109.23495334070458,-0.42733856409270454,3078,109.23492185,-0.42732213,3.15,0.468,0.468,Abnormal,Good
AME II,D002A,D02,2009,53,15,260065,0.36658413150176294,Stres Berat,0.42837876248724605,Stres Sedang,Pokok Utama,109.23519510744451,-0.42733483734643235,482,109.23521513,-0.42735837,8.03,0.477,0.477,Healthy,Good
AME II,D002A,D02,2009,53,16,260101,0.3418073100106315,Stres Berat,0.3703915849664158,Stres Berat,Pokok Utama,109.2353700770518,-0.42733490404750385,3582,109.23537771,-0.42735389,2.0,0.395,0.395,Abnormal,Sub-Optimal
AME II,D002A,D02,2009,53,17,260113,0.37259032547959153,Stres Berat,0.4421377965369382,Stres Sedang,Pokok Utama,109.23542883482767,-0.427338396477484,1981,109.23542847,-0.42732044,4.26,0.434,0.434,Healthy,Moderate
AME II,D002A,D02,2009,53,19,260147,0.36272242934126214,Stres Berat,0.4219723162906511,Stres Sedang,Pokok Utama,109.23560154137911,-0.42733205569114596,2965,109.23563193,-0.42734038,3.27,0.424,0.424,Healthy,Sub-Optimal
AME II,D002A,D02,2009,53,20,260160,0.33718265694200167,Stres Berat,0.3796871135351606,Stres Berat,Pokok Utama,109.23567601107415,-0.4273304777312833,3001,109.23565798,-0.42731236,3.24,0.462,0.462,Healthy,Good
AME II,D002A,D02,2009,53,21,260170,0.3799362338155151,Stres Berat,0.4317939763857906,Stres Sedang,Pokok Utama,109.23575840225743,-0.4273304967862624,2825,109.23573658,-0.42731373,3.42,0.499,0.499,Healthy,Good
AME II,D002A,D02,2009,54,1,259711,0.3852542316035016,Stres Berat,0.4409321757297007,Stres Sedang,Pokok Utama,109.23366835727377,-0.4273073215843237,239,109.23365664,-0.42731144,9.75,0.355,0.355,Suspect,Critical
AME II,D002A,D02,2009,54,3,259737,0.39817567956454086,Stres Berat,0.4344845096986215,Stres Sedang,Pokok Utama,109.23378133654384,-0.42727066126866864,1845,109.23379544,-0.42724727,4.4,0.417,0.417,Healthy,Sub-Optimal
AME II,D002A,D02,2009,54,4,259866,0.3947099044700237,Stres Berat,0.4564265229078572,Stres Sedang,Pokok Utama,109.23386445265217,-0.4272780794773268,2348,109.2338592,-0.42731375,3.89,0.492,0.492,Healthy,Good
AME II,D002A,D02,2009,54,5,259873,0.3585103606722725,Stres Berat,0.4476289847264198,Stres Sedang,Pokok Utama,109.23392868942011,-0.4272754800209084,2974,109.23393287,-0.42726584,3.26,0.412,0.412,Healthy,Sub-Optimal
AME II,D002A,D02,2009,54,8,260016,0.3983955338735046,Stres Berat,0.44877418534227953,Stres Sedang,Pokok Utama,109.23474938659005,-0.42726007170364877,784,109.23474671,-0.42723302,6.66,0.468,0.468,Healthy,Good
AME II,D002A,D02,2009,54,10,260047,0.3603500051621845,Stres Berat,0.41430967552760584,Stres Sedang,Pokok Utama,109.23492242622723,-0.4272542021444327,3522,109.2349286,-0.4272837,2.3,0.618,0.618,Abnormal,Good
AME II,D002A,D02,2009,54,12,260075,0.3339470822863295,Stres Berat,0.4113240738202316,Stres Sedang,Pokok Utama,109.23508546566514,-0.42725913482934547,2502,109.2351132,-0.42725074,3.74,0.463,0.463,Healthy,Good
AME II,D002A,D02,2009,54,14,260087,0.4257088282568151,Stres Sedang,0.4615045630666706,Stres Sedang,Pokok Utama,109.23523796855744,-0.4272633986062291,510,109.23522863,-0.42724263,7.85,0.413,0.413,Healthy,Sub-Optimal
AME II,D002A,D02,2009,54,16,260114,0.4138490305995734,Stres Sedang,0.4534580375149859,Stres Sedang,Pokok Utama,109.23539399437946,-0.4272602289537155,3005,109.23539616,-0.42722413,3.23,0.483,0.483,Healthy,Good
AME II,D002A,D02,2009,54,18,260148,0.42730224298691666,Stres Sedang,0.48416149548244564,Stres Sedang,Pokok Utama,109.23555950718587,-0.4272634639286823,1780,109.23555334,-0.42729153,4.46,0.469,0.469,Healthy,Good
AME II,D002A,D02,2009,54,21,260179,0.39769591447930247,Stres Berat,0.4535606925857787,Stres Sedang,Pokok Utama,109.23580293736754,-0.4272646921919385,228,109.23582732,-0.42725452,9.8,0.491,0.491,Healthy,Good
AME II,D002A,D02,2009,55,2,259738,0.39093284516343607,Stres Berat,0.4287941082707752,Stres Sedang,Pokok Utama,109.23375283105328,-0.42720685100808203,897,109.23375637,-0.42720476,6.21,0.425,0.425,Healthy,Sub-Optimal
AME II,D002A,D02,2009,55,3,259867,0.413585892923496,Stres Sedang,0.46104572430396307,Stres Sedang,Pokok Utama,109.2338318978602,-0.42719809580766865,2441,109.23382779,-0.42717674,3.78,0.437,0.437,Abnormal,Moderate
AME II,D002A,D02,2009,55,4,259874,0.36837441640598967,Stres Berat,0.4407422341531716,Stres Sedang,Pokok Utama,109.23390018647603,-0.4272005043859263,2952,109.23388573,-0.42717992,3.29,0.419,0.419,Healthy,Sub-Optimal
AME II,D002A,D02,2009,55,6,259899,0.37284497431469016,Stres Berat,0.44081546398910415,Stres Sedang,Pokok Utama,109.23403961933977,-0.4271973471951879,2724,109.23404786,-0.42718583,3.51,0.537,0.537,Healthy,Good
AME II,D002A,D02,2009,55,7,259920,0.38242809159438246,Stres Berat,0.43344084182385206,Stres Sedang,Pokok Utama,109.23412208590645,-0.42720128641269695,2609,109.23414128,-0.42720665,3.64,0.409,0.409,Healthy,Sub-Optimal
AME II,D002A,D02,2009,55,11,259976,0.36421314471112276,Stres Berat,0.43620805934859586,Stres Sedang,Pokok Utama,109.23448167988354,-0.42720382931120543,1641,109.23446241,-0.42722346,4.65,0.484,0.484,Healthy,Good
AME II,D002A,D02,2009,55,12,259988,0.37871944726421225,Stres Berat,0.4524793614872354,Stres Sedang,Pokok Utama,109.23455614916817,-0.42720384654064913,407,109.23458098,-0.42721218,8.48,0.387,0.387,Healthy,Critical
AME II,D002A,D02,2009,55,14,260035,0.42634272740497203,Stres Sedang,0.45153998679373986,Stres Sedang,Pokok Utama,109.23485370961137,-0.42720232019497717,2351,109.23485226,-0.42720501,3.88,0.492,0.492,Healthy,Good
AME II,D002A,D02,2009,55,15,260054,0.40066922749226785,Stres Sedang,0.46076401206287176,Stres Sedang,Pokok Utama,109.2349547972087,-0.4272029820126587,1165,109.23496544,-0.42721272,5.47,0.517,0.517,Healthy,Good
AME II,D002A,D02,2009,55,17,260067,0.37633373406360215,Stres Berat,0.45656601751215387,Stres Sedang,Pokok Utama,109.23511625423595,-0.4271985530248793,1359,109.23511365,-0.42721321,5.07,0.401,0.401,Healthy,Sub-Optimal
AME II,D002A,D02,2009,55,19,260115,0.4411680716707241,Stres Sedang,0.49078103758466357,Stres Sedang,Pokok Utama,109.2353602731832,-0.4271977702687229,2958,109.23536158,-0.42721327,3.28,0.457,0.457,Healthy,Moderate
AME II,D002A,D02,2009,55,20,260134,0.3816480605756909,Stres Berat,0.4538868891361814,Stres Sedang,Pokok Utama,109.2354325243093,-0.42719938215983944,2620,109.23544377,-0.4271943,3.62,0.343,0.343,Healthy,Critical
AME II,D002A,D02,2009,55,22,260162,0.3916172090230282,Stres Berat,0.43036121051185405,Stres Sedang,Pokok Utama,109.23560863465612,-0.4271880033929563,2780,109.23560905,-0.42720971,3.46,0.494,0.494,Healthy,Good
AME II,D002A,D02,2009,55,23,260172,0.3633390419611489,Stres Berat,0.42298982485328535,Stres Sedang,Pokok Utama,109.23568749269884,-0.42719693801473,3467,109.23567059,-0.42717355,2.47,0.437,0.437,Healthy,Moderate
AME II,D002A,D02,2009,56,3,259868,0.3962868511660596,Stres Berat,0.43437810680656275,Stres Sedang,Pokok Utama,109.23380081954254,-0.4271390035792033,1255,109.23378019,-0.4271591,5.27,0.445,0.445,Healthy,Moderate
AME II,D002A,D02,2009,56,4,259875,0.4003454321825585,Stres Sedang,0.4586552664163803,Stres Sedang,Pokok Utama,109.2338735841472,-0.42712999552187875,2320,109.23389876,-0.42714511,3.92,0.399,0.399,Healthy,Sub-Optimal
AME II,D002A,D02,2009,56,5,259909,0.3757954491657064,Stres Berat,0.4481981011213841,Stres Sedang,Pokok Utama,109.23393859051527,-0.42713621043344535,3277,109.23396837,-0.42715371,2.86,0.411,0.411,Healthy,Sub-Optimal
AME II,D002A,D02,2009,56,7,259921,0.3258061626315311,Stres Berat,0.39485721569508314,Stres Berat,Pokok Utama,109.23406229162391,-0.4271306776225364,3071,109.2340344,-0.42714649,3.15,0.377,0.377,Healthy,Critical
AME II,D002A,D02,2009,56,8,259919,0.37438575415660547,Stres Berat,0.4398655187894087,Stres Sedang,Pokok Utama,109.23415292372819,-0.42712559382848175,1148,109.23411974,-0.42713114,5.52,0.407,0.407,Healthy,Sub-Optimal
AME II,D002A,D02,2009,56,9,259948,0.3160772019455849,Stres Berat,0.39520733754793613,Stres Berat,Pokok Utama,109.23422976872858,-0.42713039715476103,1048,109.23420597,-0.4271194,5.77,0.443,0.443,Healthy,Moderate
AME II,D002A,D02,2009,56,10,259958,0.3939327559857667,Stres Berat,0.4213134696190692,Stres Sedang,Pokok Utama,109.23430439471412,-0.4271364759324078,3335,109.23430479,-0.42711084,2.75,0.475,0.475,Abnormal,Good
AME II,D002A,D02,2009,56,12,259977,0.3505187842577404,Stres Berat,0.3947473224661404,Stres Berat,Pokok Utama,109.23443574924566,-0.4271224697993868,2305,109.23443817,-0.42714885,3.93,0.394,0.394,Abnormal,Sub-Optimal
AME II,D002A,D02,2009,56,14,260018,0.37276587393676563,Stres Berat,0.42753432510599276,Stres Sedang,Pokok Utama,109.23473829364922,-0.42712715170409066,921,109.23472203,-0.42714304,6.13,0.389,0.389,Healthy,Critical
AME II,D002A,D02,2009,56,15,260036,0.3955071194095373,Stres Berat,0.4236436607352527,Stres Sedang,Pokok Utama,109.23482362997969,-0.42712427316398366,2670,109.23484419,-0.42714804,3.57,0.408,0.408,Healthy,Sub-Optimal
AME II,D002A,D02,2009,56,16,260055,0.33580591031281826,Stres Berat,0.38685182804385054,Stres Berat,Pokok Utama,109.23491247553281,-0.42712674797843514,2883,109.23489405,-0.42710103,3.38,0.4,0.4,Healthy,Sub-Optimal
AME II,D002A,D02,2009,56,18,260068,0.22974403012073832,Stres Sangat Berat,0.3308001156903073,Stres Berat,Pokok Utama,109.2350794559523,-0.42712261235077825,2000,109.23506203,-0.42711644,4.23,0.471,0.471,Healthy,Good
AME II,D002A,D02,2009,56,21,260116,0.4105762894497805,Stres Sedang,0.44006650584980955,Stres Sedang,Pokok Utama,109.23533235477592,-0.42712366465288365,2581,109.23534767,-0.4271477,3.66,0.52,0.52,Healthy,Good
AME II,D002A,D02,2009,56,22,260135,0.4036597310848682,Stres Sedang,0.42138002138219366,Stres Sedang,Pokok Utama,109.23540194578942,-0.4271306682610981,3509,109.23538809,-0.42715449,2.35,0.474,0.474,Healthy,Good
AME II,D002A,D02,2009,56,23,260150,0.41003259140164106,Stres Sedang,0.46566198444237655,Stres Sedang,Pokok Utama,109.23548750549948,-0.42713706877656643,1103,109.23547073,-0.42716672,5.63,0.393,0.393,Healthy,Sub-Optimal
AME II,D002A,D02,2009,56,24,260163,0.3834996844128852,Stres Berat,0.4241545198021691,Stres Sedang,Pokok Utama,109.23556557476496,-0.4271188335493085,3331,109.23558931,-0.42714098,2.76,0.437,0.437,Healthy,Moderate
AME II,D002A,D02,2009,56,25,260173,0.37174046303591,Stres Berat,0.4125007949691164,Stres Sedang,Pokok Utama,109.23564717333882,-0.4271202884397858,2252,109.23564096,-0.42712878,3.97,0.469,0.469,Healthy,Good
AME II,D002A,D02,2009,56,27,260195,0.35389004077719916,Stres Berat,0.4131202621927631,Stres Sedang,Pokok Utama,109.23580220761458,-0.4271244985224551,1874,109.23578559,-0.42710214,4.37,0.542,0.542,Healthy,Good
AME II,D002A,D02,2009,57,3,259877,0.3590951267473712,Stres Berat,0.4042112694021893,Stres Sedang,Pokok Utama,109.23380831795677,-0.4270696863362371,2550,109.233813,-0.4270542,3.69,0.525,0.525,Healthy,Good
AME II,D002A,D02,2009,57,4,259876,0.3904355696206902,Stres Berat,0.44181617396847844,Stres Sedang,Pokok Utama,109.23386551370398,-0.4270805466273864,3266,109.23389518,-0.42708406,2.88,0.468,0.468,Healthy,Good
AME II,D002A,D02,2009,57,5,259901,0.38485393451283806,Stres Berat,0.4669552269262342,Stres Sedang,Pokok Utama,109.23397484508023,-0.4270636633547116,1656,109.23398995,-0.42707866,4.63,0.429,0.429,Healthy,Sub-Optimal
AME II,D002A,D02,2009,57,7,259929,0.36819068927618154,Stres Berat,0.43447548985373835,Stres Sedang,Pokok Utama,109.23410619645578,-0.4270633754298242,1446,109.23411975,-0.42708186,4.92,0.395,0.395,Healthy,Sub-Optimal
AME II,D002A,D02,2009,57,8,259949,0.3845873477581883,Stres Berat,0.45728365583224995,Stres Sedang,Pokok Utama,109.23419650848639,-0.42707137132964573,1337,109.23420284,-0.42706786,5.1,0.423,0.423,Healthy,Sub-Optimal
AME II,D002A,D02,2009,57,9,259959,0.36390078777031115,Stres Berat,0.4129451832729008,Stres Sedang,Pokok Utama,109.23425513535912,-0.42706181470165827,2784,109.2342819,-0.42704527,3.45,0.471,0.471,Healthy,Good
AME II,D002A,D02,2009,57,10,259981,0.31585323187474634,Stres Berat,0.36158263158396914,Stres Berat,Pokok Utama,109.23432485026038,-0.4270650211927784,1648,109.23432546,-0.42704664,4.64,0.387,0.387,Healthy,Critical
AME II,D002A,D02,2009,57,11,259979,0.4035916285704866,Stres Sedang,0.44350204736926785,Stres Sedang,Pokok Utama,109.23441041246762,-0.4270602554363563,1429,109.23442651,-0.42707921,4.94,0.437,0.437,Healthy,Moderate
AME II,D002A,D02,2009,57,12,259990,0.35706150520427876,Stres Berat,0.419574911991636,Stres Sedang,Pokok Utama,109.23449914251314,-0.42705708559384187,3079,109.23452083,-0.42707426,3.15,0.405,0.405,Abnormal,Sub-Optimal
AME II,D002A,D02,2009,57,14,260019,0.3912596280497858,Stres Berat,0.44406685025484355,Stres Sedang,Pokok Utama,109.2346754562128,-0.42705560805333337,1859,109.23466321,-0.42703586,4.39,0.391,0.391,Healthy,Sub-Optimal
AME II,D002A,D02,2009,57,15,260037,0.40426742723031617,Stres Sedang,0.4294060315818363,Stres Sedang,Pokok Utama,109.23478307443544,-0.4270632127721081,2463,109.23476515,-0.42708743,3.76,0.472,0.472,Abnormal,Good
AME II,D002A,D02,2009,57,16,260056,0.4087199299289518,Stres Sedang,0.43580971949813174,Stres Sedang,Pokok Utama,109.2348687272058,-0.4270631864597879,2208,109.23486172,-0.42707796,4.02,0.419,0.419,Healthy,Sub-Optimal
AME II,D002A,D02,2009,57,19,260090,0.3969087705902195,Stres Berat,0.44795149015234753,Stres Sedang,Pokok Utama,109.23512084588518,-0.4270542442694631,2123,109.23509752,-0.42705179,4.1,0.488,0.488,Healthy,Good
AME II,D002A,D02,2009,57,20,260104,0.38758723000398915,Stres Berat,0.4203990184408764,Stres Sedang,Pokok Utama,109.23520122731993,-0.4270515960761051,2159,109.23519543,-0.42706764,4.07,0.4,0.4,Healthy,Sub-Optimal
AME II,D002A,D02,2009,57,22,260136,0.42414468110126563,Stres Sedang,0.4490901220231095,Stres Sedang,Pokok Utama,109.23537255362437,-0.427055213994298,1987,109.23539215,-0.42708396,4.26,0.438,0.438,Healthy,Moderate
AME II,D002A,D02,2009,57,23,260151,0.38742992774701684,Stres Berat,0.4283800241248979,Stres Sedang,Pokok Utama,109.23544632611761,-0.42706209015589064,2116,109.23542854,-0.42703378,4.11,0.526,0.526,Healthy,Good
AME II,D002A,D02,2009,57,24,260164,0.3615278181336496,Stres Berat,0.4044893897346523,Stres Sedang,Pokok Utama,109.23552282057122,-0.42706022418343603,3279,109.23554666,-0.4270632,2.85,0.441,0.441,Healthy,Moderate
AME II,D002A,D02,2009,57,25,260174,0.33043102285601383,Stres Berat,0.37545014581545777,Stres Berat,Pokok Utama,109.23560667593013,-0.42704840900443797,2973,109.23559697,-0.42701935,3.26,0.458,0.458,Healthy,Moderate
AME II,D002A,D02,2009,57,27,260196,0.41118897548674244,Stres Sedang,0.44801252718016177,Stres Sedang,Pokok Utama,109.23576200722648,-0.42705000572589535,2043,109.2357627,-0.4270212,4.18,0.533,0.533,Healthy,Good
AME II,D002A,D02,2009,58,1,259740,0.3920676133392946,Stres Berat,0.43675292805374527,Stres Sedang,Pokok Utama,109.23371464480019,-0.4269861436840204,3458,109.23372857,-0.42700354,2.51,0.449,0.449,Healthy,Moderate
AME II,D002A,D02,2009,58,5,259923,0.4006582822705365,Stres Sedang,0.4806963722650728,Stres Sedang,Pokok Utama,109.23400111461284,-0.4269826397839608,2354,109.23400209,-0.4270027,3.88,0.543,0.543,Healthy,Good
AME II,D002A,D02,2009,58,8,259960,0.4130820716539716,Stres Sedang,0.4650365164569538,Stres Sedang,Pokok Utama,109.23423027462971,-0.42699976051585686,3197,109.23423429,-0.42702039,2.98,0.473,0.473,Healthy,Good
AME II,D002A,D02,2009,58,11,260026,0.3712950226681545,Stres Berat,0.4477364469607862,Stres Sedang,Pokok Utama,109.23454546323715,-0.42699179057808173,695,109.23456127,-0.42699967,7.0,0.432,0.432,Healthy,Moderate
AME II,D002A,D02,2009,58,12,260020,0.3512651275910158,Stres Berat,0.4211169661361106,Stres Sedang,Pokok Utama,109.23463486993693,-0.42698751945124125,840,109.23460529,-0.4269834,6.44,0.452,0.452,Healthy,Moderate
AME II,D002A,D02,2009,58,14,260057,0.42751678060096193,Stres Sedang,0.4464446286067716,Stres Sedang,Pokok Utama,109.23484193662097,-0.42698695059688907,2858,109.23486398,-0.42700607,3.4,0.513,0.513,Healthy,Good
AME II,D002A,D02,2009,58,16,260070,0.3498161405341102,Stres Berat,0.42461033901784395,Stres Sedang,Pokok Utama,109.23499525221398,-0.4269803168389423,3190,109.23499649,-0.42696269,2.99,0.454,0.454,Healthy,Moderate
AME II,D002A,D02,2009,58,18,260105,0.39911350332449624,Stres Berat,0.46963734765185844,Stres Sedang,Pokok Utama,109.23516041446703,-0.4269764927588669,2130,109.23513258,-0.42695504,4.09,0.533,0.533,Healthy,Good
AME II,D002A,D02,2009,58,22,260175,0.3594078303015618,Stres Berat,0.39765411188217026,Stres Berat,Pokok Utama,109.23557002366937,-0.4269819924269418,2907,109.23555475,-0.42700261,3.35,0.452,0.452,Abnormal,Moderate
AME II,D002A,D02,2009,58,23,260183,0.377341266185831,Stres Berat,0.4447291447807348,Stres Sedang,Pokok Utama,109.2356485193379,-0.426988602907721,2341,109.23567467,-0.42700219,3.9,0.424,0.424,Healthy,Sub-Optimal
AME II,D002A,D02,2009,59,1,259722,0.36813369185284034,Stres Berat,0.4256661305425405,Stres Sedang,Pokok Utama,109.23366891514283,-0.4269452380300353,949,109.23366166,-0.42696645,6.04,0.372,0.372,Suspect,Critical
AME II,D002A,D02,2009,59,2,259879,0.41357626821658444,Stres Sedang,0.45627052853361366,Stres Sedang,Pokok Utama,109.23375051864332,-0.426928667557397,2415,109.23376721,-0.42692804,3.81,0.477,0.477,Healthy,Good
AME II,D002A,D02,2009,59,3,259911,0.4412257738123775,Stres Sedang,0.464411426812715,Stres Sedang,Pokok Utama,109.23382736367347,-0.42692932376692827,2504,109.2338247,-0.4269371,3.74,0.436,0.436,Healthy,Moderate
AME II,D002A,D02,2009,59,4,259903,0.4017805253718578,Stres Sedang,0.45447750383318725,Stres Sedang,Pokok Utama,109.23388915999303,-0.42691817178585634,2241,109.23389163,-0.4269118,3.99,0.377,0.377,Healthy,Critical
AME II,D002A,D02,2009,59,5,259924,0.410471602532732,Stres Sedang,0.4638302397083592,Stres Sedang,Pokok Utama,109.23396996343834,-0.4269357365739918,2767,109.23400031,-0.42693714,3.47,0.321,0.321,Healthy,Critical
AME II,D002A,D02,2009,59,6,259931,0.38376563269687514,Stres Berat,0.4309375890290476,Stres Sedang,Pokok Utama,109.23403968196786,-0.42692299214540314,3184,109.23405645,-0.42694529,3.0,0.495,0.495,Healthy,Good
AME II,D002A,D02,2009,59,7,259951,0.37738961017021605,Stres Berat,0.42979123045896417,Stres Sedang,Pokok Utama,109.23411731668807,-0.4269389610184404,2548,109.23412337,-0.42694666,3.69,0.373,0.373,Healthy,Critical
AME II,D002A,D02,2009,59,9,259983,0.4455744727843817,Stres Sedang,0.46643322733063414,Stres Sedang,Pokok Utama,109.23427255867891,-0.4269259026788565,3288,109.2342734,-0.42689154,2.84,0.403,0.403,Abnormal,Sub-Optimal
AME II,D002A,D02,2009,59,10,259993,0.4192473819036727,Stres Sedang,0.44611766827989907,Stres Sedang,Pokok Utama,109.234342627968,-0.4269270501590684,2309,109.2343668,-0.42694582,3.93,0.448,0.448,Abnormal,Moderate
AME II,D002A,D02,2009,59,11,259991,0.37183866847087355,Stres Berat,0.4211615333504163,Stres Sedang,Pokok Utama,109.2344247050799,-0.42691749894682396,835,109.23443149,-0.42690876,6.46,0.309,0.309,Suspect,Critical
AME II,D002A,D02,2009,59,12,260027,0.3566932933896489,Stres Berat,0.438272050273669,Stres Sedang,Pokok Utama,109.23451501268637,-0.42691739051255745,1237,109.23452356,-0.42689431,5.3,0.395,0.395,Healthy,Sub-Optimal
AME II,D002A,D02,2009,59,13,260021,0.38039326662922607,Stres Berat,0.4564957432616619,Stres Sedang,Pokok Utama,109.23460548540382,-0.42691804986487725,641,109.23459093,-0.42690111,7.23,0.375,0.375,Suspect,Critical
AME II,D002A,D02,2009,59,14,260039,0.37212742303504426,Stres Berat,0.4436844620836907,Stres Sedang,Pokok Utama,109.23468569594182,-0.42690840959525983,646,109.23471713,-0.42692284,7.21,0.44,0.44,Healthy,Moderate
AME II,D002A,D02,2009,59,15,260058,0.4170806261061198,Stres Sedang,0.44493561723490815,Stres Sedang,Pokok Utama,109.23479893185252,-0.42691642253839274,3065,109.2347881,-0.42693235,3.16,0.384,0.384,Abnormal,Critical
AME II,D002A,D02,2009,59,16,260080,0.4078999886451208,Stres Sedang,0.45138965066199976,Stres Sedang,Pokok Utama,109.23488086299459,-0.4269168068147231,1248,109.23488961,-0.42690977,5.27,0.497,0.497,Healthy,Good
AME II,D002A,D02,2009,59,18,260092,0.3874565754586735,Stres Berat,0.46679995901759774,Stres Sedang,Pokok Utama,109.23504027661468,-0.42690768944639473,3510,109.23503334,-0.42688041,2.35,0.408,0.408,Healthy,Sub-Optimal
AME II,D002A,D02,2009,59,19,260106,0.3976249187908866,Stres Berat,0.4537330479835311,Stres Sedang,Pokok Utama,109.23511520913534,-0.4269168609826334,3108,109.23511328,-0.4268967,3.12,0.468,0.468,Healthy,Good
AME II,D002A,D02,2009,59,20,260118,0.39801553241154575,Stres Berat,0.4329291539481626,Stres Sedang,Pokok Utama,109.23520584100773,-0.4269090651702735,3041,109.23517751,-0.42689129,3.19,0.473,0.473,Healthy,Good
AME II,D002A,D02,2009,59,22,260153,0.4293445870260036,Stres Sedang,0.4531638080098184,Stres Sedang,Pokok Utama,109.23536491955319,-0.4269119730830103,1876,109.23538051,-0.4269144,4.36,0.453,0.453,Healthy,Moderate
AME II,D002A,D02,2009,59,24,260184,0.3693170848907157,Stres Berat,0.41255837365483433,Stres Sedang,Pokok Utama,109.23560522993435,-0.42690956892005316,2950,109.23559251,-0.4268941,3.3,0.436,0.436,Abnormal,Moderate
AME II,D002A,D02,2009,59,25,260198,0.38687446897382516,Stres Berat,0.4354742097851033,Stres Sedang,Pokok Utama,109.23568577213753,-0.4269071016115623,2194,109.23571601,-0.42691403,4.03,0.391,0.391,Healthy,Sub-Optimal
AME II,D002A,D02,2009,59,26,260209,0.42689779813149015,Stres Sedang,0.46347772118707115,Stres Sedang,Pokok Utama,109.2357594493276,-0.42691046906264535,1743,109.2357753,-0.42692218,4.5,0.465,0.465,Healthy,Good
AME II,D002A,D02,2009,60,1,259723,0.4028562471834784,Stres Sedang,0.43566433835451646,Stres Sedang,Pokok Utama,109.23370252273122,-0.4268677239417629,2207,109.23369087,-0.42689818,4.02,0.368,0.368,Suspect,Critical
AME II,D002A,D02,2009,60,2,259880,0.40132209563947974,Stres Sedang,0.4248738483358996,Stres Sedang,Pokok Utama,109.23379125383234,-0.42685976945795184,1972,109.2337596,-0.42685072,4.27,0.522,0.522,Healthy,Good
AME II,D002A,D02,2009,60,3,259904,0.3666018117047211,Stres Berat,0.3926717244345566,Stres Berat,Pokok Utama,109.23386382249275,-0.4268591478061743,2430,109.23385841,-0.42684577,3.8,0.45,0.45,Healthy,Moderate
AME II,D002A,D02,2009,60,9,259994,0.434034497057106,Stres Sedang,0.4574599435929066,Stres Sedang,Pokok Utama,109.23432679976023,-0.42685526780944566,1180,109.23432506,-0.42682147,5.43,0.462,0.462,Healthy,Good
AME II,D002A,D02,2009,60,10,259992,0.33723606122682953,Stres Berat,0.3884175432348237,Stres Berat,Pokok Utama,109.23440729177644,-0.42684810809731655,540,109.23441443,-0.42686173,7.71,0.387,0.387,Healthy,Critical
AME II,D002A,D02,2009,60,11,260022,0.3596822450988498,Stres Berat,0.4279972797714455,Stres Sedang,Pokok Utama,109.23458072622294,-0.4268321213071553,365,109.23458421,-0.42685227,8.76,0.424,0.424,Healthy,Sub-Optimal
AME II,D002A,D02,2009,60,14,260081,0.416850680287386,Stres Sedang,0.4570600246339053,Stres Sedang,Pokok Utama,109.23484499640254,-0.426840039841052,3204,109.23486717,-0.42681345,2.98,0.423,0.423,Healthy,Sub-Optimal
AME II,D002A,D02,2009,60,15,260072,0.33091387193197136,Stres Berat,0.39347798809449425,Stres Berat,Pokok Utama,109.23493459345171,-0.4268440684005483,3589,109.23492016,-0.42686637,1.92,0.441,0.441,Healthy,Moderate
AME II,D002A,D02,2009,60,16,260093,0.30536149069768287,Stres Berat,0.3879040263013857,Stres Berat,Pokok Utama,109.2350032985291,-0.42684024010481836,3329,109.234979,-0.42682659,2.76,0.375,0.375,Healthy,Critical
AME II,D002A,D02,2009,60,17,260107,0.3389626039474483,Stres Berat,0.40581105787378663,Stres Sedang,Pokok Utama,109.23508584588144,-0.4268485534100848,3006,109.23507601,-0.4268664,3.23,0.38,0.38,Healthy,Critical
AME II,D002A,D02,2009,60,19,260139,0.3652468898426185,Stres Berat,0.40876973089692115,Stres Sedang,Pokok Utama,109.23524927153551,-0.4268379340128453,3360,109.23524714,-0.42682168,2.7,0.425,0.425,Healthy,Sub-Optimal
AME II,D002A,D02,2009,60,20,260154,0.47302821055440075,Stres Sedang,0.4799681196756354,Stres Sedang,Pokok Utama,109.23533007926186,-0.4268369959363256,2097,109.2353172,-0.42684882,4.13,0.433,0.433,Healthy,Moderate
AME II,D002A,D02,2009,60,21,260176,0.4021017891105375,Stres Sedang,0.4555004894823195,Stres Sedang,Pokok Utama,109.23548995118226,-0.4268351184733378,48,109.23546631,-0.42683213,11.85,0.424,0.424,Healthy,Sub-Optimal
AME II,D002A,D02,2009,60,22,260185,0.34456303489169315,Stres Berat,0.41052698566815427,Stres Sedang,Pokok Utama,109.23555998221116,-0.4268388033939847,2388,109.23555299,-0.42685928,3.83,0.538,0.538,Abnormal,Good
AME II,D002A,D02,2009,60,24,260210,0.4136159941432527,Stres Sedang,0.4595893845230448,Stres Sedang,Pokok Utama,109.23572777540744,-0.42684346855161287,3386,109.23573669,-0.42683716,2.67,0.492,0.492,Abnormal,Good
AME II,D002A,D02,2009,60,25,260220,0.41487739317767436,Stres Sedang,0.45180863324750964,Stres Sedang,Pokok Utama,109.23580224692034,-0.42683391465243303,1320,109.23582338,-0.42682633,5.13,0.511,0.511,Healthy,Good
AME II,D002A,D02,2009,61,2,259724,0.3687071213501243,Stres Berat,0.41924780325224964,Stres Sedang,Pokok Utama,109.2336927167258,-0.4267911583673691,3440,109.23371649,-0.42681047,2.55,0.392,0.392,Healthy,Sub-Optimal
AME II,D002A,D02,2009,61,3,259881,0.4261651015030625,Stres Sedang,0.43916220574158715,Stres Sedang,Pokok Utama,109.23374975772192,-0.42678734275932023,3500,109.233743,-0.42677159,2.39,0.477,0.477,Healthy,Good
AME II,D002A,D02,2009,61,4,259905,0.4093089482558319,Stres Sedang,0.4455810722697956,Stres Sedang,Pokok Utama,109.23383214752803,-0.42679693290279425,2673,109.23385123,-0.42680101,3.57,0.512,0.512,Healthy,Good
AME II,D002A,D02,2009,61,5,259926,0.3848051087549366,Stres Berat,0.45052866827829646,Stres Sedang,Pokok Utama,109.23390518733918,-0.4267864364202501,1879,109.23391366,-0.42679198,4.36,0.402,0.402,Healthy,Sub-Optimal
AME II,D002A,D02,2009,61,6,259933,0.36533443014214995,Stres Berat,0.4296568093016256,Stres Sedang,Pokok Utama,109.23396677566161,-0.4267892765924059,2722,109.23395364,-0.42675763,3.51,0.425,0.425,Healthy,Sub-Optimal
AME II,D002A,D02,2009,61,11,260023,0.36299136562236384,Stres Berat,0.4331630965431567,Stres Sedang,Pokok Utama,109.23453079804682,-0.42677535508453995,1100,109.23454021,-0.42678851,5.65,0.429,0.429,Healthy,Sub-Optimal
AME II,D002A,D02,2009,61,13,338901,0.33575035342077786,Stres Berat,0.39188190311112847,Stres Berat,Pokok Utama,109.23476490151896,-0.4267639725239337,908,109.23476568,-0.42673566,6.18,0.458,0.458,Healthy,Moderate
AME II,D002A,D02,2009,61,14,338902,0.33575035342077786,Stres Berat,0.3445719280996575,Stres Berat,Pokok Utama,109.23481956512433,-0.42676278876893714,1234,109.23480251,-0.42675737,5.31,0.435,0.435,Healthy,Moderate
AME II,D002A,D02,2009,61,15,260073,0.33575035342077786,Stres Berat,0.39317410170048966,Stres Berat,Pokok Utama,109.23488731322557,-0.42678003221921407,3567,109.23489189,-0.42675965,2.1,0.531,0.531,Healthy,Good
AME II,D002A,D02,2009,61,16,260094,0.34062262117878894,Stres Berat,0.3926803157669032,Stres Berat,Pokok Utama,109.23495549563378,-0.4267874677461771,2734,109.23497363,-0.42677143,3.5,0.46,0.46,Healthy,Good
AME II,D002A,D02,2009,61,17,260108,0.36291747147504266,Stres Berat,0.42514591471824464,Stres Sedang,Pokok Utama,109.23505547056757,-0.4267789642143266,832,109.23506345,-0.42676105,6.46,0.425,0.425,Healthy,Sub-Optimal
AME II,D002A,D02,2009,61,18,260120,0.3720849529779077,Stres Berat,0.4268151214282099,Stres Sedang,Pokok Utama,109.23511809398684,-0.42677282493040314,2773,109.23511644,-0.42680763,3.47,0.422,0.422,Healthy,Sub-Optimal
AME II,D002A,D02,2009,61,19,260140,0.38363687530844454,Stres Berat,0.4181217507096374,Stres Sedang,Pokok Utama,109.23521918115698,-0.4267754002175015,3603,109.23523008,-0.42678595,1.76,0.491,0.491,Healthy,Good
AME II,D002A,D02,2009,61,20,260155,0.3665269999341531,Stres Berat,0.3860191313409004,Stres Berat,Pokok Utama,109.23529048035105,-0.42677988302247816,3524,109.23530778,-0.42679321,2.3,0.437,0.437,Healthy,Moderate
AME II,D002A,D02,2009,61,23,260186,0.39215118205427607,Stres Berat,0.4376870894571557,Stres Sedang,Pokok Utama,109.23552846528823,-0.42678057553182697,1909,109.235509,-0.4267503,4.34,0.463,0.463,Healthy,Good
AME II,D002A,D02,2009,61,25,260211,0.3933778077971352,Stres Berat,0.4351597292320241,Stres Sedang,Pokok Utama,109.23568833906774,-0.426774551848573,1728,109.23565856,-0.42675983,4.52,0.467,0.467,Healthy,Good
AME II,D002A,D02,2009,61,26,260221,0.4144556383621845,Stres Sedang,0.46683413552787395,Stres Sedang,Pokok Utama,109.23576581753096,-0.42677488805725666,2683,109.23574794,-0.42676528,3.55,0.493,0.493,Abnormal,Good
AME II,D002A,D02,2009,62,1,259725,0.3718892085148693,Stres Berat,0.4282245334205381,Stres Sedang,Pokok Utama,109.23366548199259,-0.4267128335214393,559,109.23365632,-0.42672817,7.64,0.329,0.329,Suspect,Critical
AME II,D002A,D02,2009,62,2,259882,0.3717827047258089,Stres Berat,0.39835628447158694,Stres Berat,Pokok Utama,109.23373392896228,-0.4267219411603983,3520,109.23372549,-0.42673361,2.31,0.494,0.494,Healthy,Good
AME II,D002A,D02,2009,62,3,259906,0.4084273541803622,Stres Sedang,0.44930594484321773,Stres Sedang,Pokok Utama,109.23379873137496,-0.4267283359665044,2488,109.2337722,-0.42673769,3.75,0.485,0.485,Healthy,Good
AME II,D002A,D02,2009,62,4,259927,0.4092594113643572,Stres Sedang,0.4582855928158653,Stres Sedang,Pokok Utama,109.23387931433837,-0.4267200965453953,1798,109.23389077,-0.42673546,4.44,0.472,0.472,Healthy,Good
AME II,D002A,D02,2009,62,5,259934,0.3807813507024774,Stres Berat,0.4421138946661467,Stres Sedang,Pokok Utama,109.23395733618635,-0.42672039762783665,2286,109.23396129,-0.4267192,3.95,0.357,0.357,Healthy,Critical
AME II,D002A,D02,2009,62,6,259954,0.3623604545822848,Stres Berat,0.4300199762935965,Stres Sedang,Pokok Utama,109.23402042406914,-0.4267138415804445,2651,109.2340071,-0.42669208,3.59,0.403,0.403,Healthy,Sub-Optimal
AME II,D002A,D02,2009,62,7,259964,0.39518210136971504,Stres Berat,0.44589149120616284,Stres Sedang,Pokok Utama,109.23408884557766,-0.42672042802836846,2127,109.23410545,-0.42674365,4.1,0.433,0.433,Healthy,Moderate
AME II,D002A,D02,2009,62,8,259986,0.37703722655481775,Stres Berat,0.4327348035996129,Stres Sedang,Pokok Utama,109.23418370586637,-0.42670732406445105,1608,109.23418541,-0.42670659,4.7,0.41,0.41,Healthy,Sub-Optimal
AME II,D002A,D02,2009,62,9,259996,0.4236317547015402,Stres Sedang,0.4768726482755132,Stres Sedang,Pokok Utama,109.23425838451864,-0.4267108961222414,2873,109.23428602,-0.42668807,3.39,0.512,0.512,Healthy,Good
AME II,D002A,D02,2009,62,11,260024,0.3597501111199118,Stres Berat,0.4174195231529526,Stres Sedang,Pokok Utama,109.23450207318238,-0.42670832093344524,1382,109.23451148,-0.42672023,5.01,0.448,0.448,Healthy,Moderate
AME II,D002A,D02,2009,62,12,260082,0.4143748100797389,Stres Sedang,0.4459001098470751,Stres Sedang,Pokok Utama,109.23477887618525,-0.4267154827370486,908,109.23476568,-0.42673566,6.18,0.458,0.458,Healthy,Moderate
AME II,D002A,D02,2009,62,16,260141,0.3985817138835703,Stres Berat,0.4563147042223053,Stres Sedang,Pokok Utama,109.23515993788597,-0.42671078613213576,3241,109.23514341,-0.42670455,2.92,0.612,0.612,Abnormal,Good
AME II,D002A,D02,2009,62,17,260156,0.4104527321234852,Stres Sedang,0.4487061669825792,Stres Sedang,Pokok Utama,109.23524312207776,-0.426707454920813,3201,109.23525884,-0.42672763,2.98,0.493,0.493,Healthy,Good
AME II,D002A,D02,2009,62,18,260168,0.4137509170759625,Stres Sedang,0.439640281183205,Stres Sedang,Pokok Utama,109.23532376906364,-0.42671417259634553,2394,109.23534417,-0.42673263,3.82,0.453,0.453,Healthy,Moderate
AME II,D002A,D02,2009,62,21,260201,0.3482179179653902,Stres Berat,0.40232104290082343,Stres Sedang,Pokok Utama,109.23557007078237,-0.42670833345634673,3023,109.23554449,-0.42669469,3.2,0.469,0.469,Abnormal,Good
AME II,D002A,D02,2009,62,23,260222,0.4109062733843432,Stres Sedang,0.45441034572260514,Stres Sedang,Pokok Utama,109.23572853178158,-0.4267093268008889,2453,109.2357493,-0.42670288,3.77,0.458,0.458,Abnormal,Moderate
AME II,D002A,D02,2009,62,24,260230,0.44392814602388114,Stres Sedang,0.4797397054743016,Stres Sedang,Pokok Utama,109.23580702984115,-0.4267015236450034,311,109.23581757,-0.42667351,9.17,0.445,0.445,Healthy,Moderate
AME II,D002A,D02,2009,63,3,259928,0.4180333703675458,Stres Sedang,0.4477890593877349,Stres Sedang,Pokok Utama,109.23383473942175,-0.42665742470433093,2328,109.23384678,-0.42663688,3.9,0.53,0.53,Healthy,Good
AME II,D002A,D02,2009,63,4,259935,0.3616259510759684,Stres Berat,0.4283219532055013,Stres Sedang,Pokok Utama,109.233917012886,-0.4266414982308864,3476,109.23392627,-0.42664956,2.44,0.401,0.401,Healthy,Sub-Optimal
AME II,D002A,D02,2009,63,6,259965,0.3667536868968714,Stres Berat,0.41028287515899675,Stres Sedang,Pokok Utama,109.23405061345612,-0.4266375420585307,1919,109.23406011,-0.42664461,4.33,0.386,0.386,Healthy,Critical
AME II,D002A,D02,2009,63,7,259987,0.4047336650181478,Stres Sedang,0.459440581569786,Stres Sedang,Pokok Utama,109.23412479074419,-0.42666135129152427,476,109.23413871,-0.42667493,8.06,0.445,0.445,Healthy,Moderate
AME II,D002A,D02,2009,63,8,259997,0.3974615860966904,Stres Berat,0.4429856574155563,Stres Sedang,Pokok Utama,109.23421767699975,-0.4266505926177174,3473,109.23424336,-0.42666681,2.46,0.474,0.474,Healthy,Good
AME II,D002A,D02,2009,63,9,259999,0.428633218432392,Stres Sedang,0.45804410462946676,Stres Sedang,Pokok Utama,109.23428786976181,-0.42664598335265774,2572,109.23430983,-0.42665417,3.67,0.458,0.458,Healthy,Moderate
AME II,D002A,D02,2009,63,11,260337,0.36331338998757906,Stres Berat,0.42440122372220057,Stres Sedang,Pokok Utama,109.23457048526716,-0.4266381260976231,751,109.23459458,-0.42665921,6.79,0.452,0.452,Healthy,Moderate
AME II,D002A,D02,2009,63,12,260354,0.374656910414019,Stres Berat,0.4331746965915233,Stres Sedang,Pokok Utama,109.23472200426257,-0.4266276694317036,461,109.23470732,-0.42664205,8.13,0.406,0.406,Healthy,Sub-Optimal
AME II,D002A,D02,2009,63,13,260356,0.39344396204770016,Stres Berat,0.4248923827500011,Stres Sedang,Pokok Utama,109.23481093635601,-0.4266326970785162,2231,109.23480567,-0.4266579,4.0,0.449,0.449,Abnormal,Moderate
AME II,D002A,D02,2009,63,15,260371,0.33393843989900274,Stres Berat,0.4245890472481067,Stres Sedang,Pokok Utama,109.2349719659776,-0.42664316898063903,786,109.23499386,-0.42665613,6.66,0.397,0.397,Healthy,Sub-Optimal
AME II,D002A,D02,2009,63,17,260383,0.39812995909964444,Stres Berat,0.4927484729817122,Stres Sedang,Pokok Utama,109.23512675018635,-0.42664861786712177,1125,109.23513849,-0.42664712,5.56,0.51,0.51,Healthy,Good
AME II,D002A,D02,2009,63,18,260389,0.42178860229573806,Stres Sedang,0.4852200524968312,Stres Sedang,Pokok Utama,109.23520640374646,-0.4266432177064156,241,109.2352135,-0.42663358,9.7,0.457,0.457,Healthy,Moderate
AME II,D002A,D02,2009,63,19,260390,0.4138926402712609,Stres Sedang,0.4730855883544821,Stres Sedang,Pokok Utama,109.23528776244282,-0.42664081297623563,1699,109.23528131,-0.4266657,4.57,0.476,0.476,Healthy,Good
AME II,D002A,D02,2009,63,21,260188,0.3812852390768671,Stres Berat,0.45744445718441923,Stres Sedang,Pokok Utama,109.23544262159571,-0.4266328511202223,1480,109.23543896,-0.42665036,4.88,0.466,0.466,Healthy,Good
AME II,D002A,D02,2009,63,22,260202,0.38786453683329714,Stres Berat,0.4532890159845997,Stres Sedang,Pokok Utama,109.23552739019246,-0.4266341466615443,2779,109.23555483,-0.42665491,3.46,0.491,0.491,Healthy,Good
AME II,D002A,D02,2009,64,2,260266,0.40522634078219194,Stres Sedang,0.4341875453150853,Stres Sedang,Pokok Utama,109.23371739454302,-0.4265879113082783,3332,109.23374753,-0.42658938,2.76,0.446,0.446,Healthy,Moderate
AME II,D002A,D02,2009,64,6,260276,0.38393549475174343,Stres Berat,0.43769416832386104,Stres Sedang,Pokok Utama,109.23402378628569,-0.42656813548496986,1476,109.23404037,-0.42655689,4.88,0.409,0.409,Healthy,Sub-Optimal
AME II,D002A,D02,2009,64,7,260293,0.3251642376030509,Stres Berat,0.3597381225521051,Stres Berat,Pokok Utama,109.23419332249999,-0.42656657947778404,1401,109.2341796,-0.42655557,4.99,0.436,0.436,Healthy,Moderate
AME II,D002A,D02,2009,64,9,260355,0.4021302002969324,Stres Sedang,0.46393372289514023,Stres Sedang,Pokok Utama,109.23476327294635,-0.4265788188044727,582,109.23475404,-0.42659459,7.55,0.403,0.403,Healthy,Sub-Optimal
AME II,D002A,D02,2009,64,10,260358,0.38665118627959194,Stres Berat,0.41929147411087464,Stres Sedang,Pokok Utama,109.23485002520034,-0.42657087830159923,2191,109.23484791,-0.42658647,4.03,0.464,0.464,Healthy,Good
AME II,D002A,D02,2009,64,12,260379,0.28584753537259133,Stres Sangat Berat,0.38034926056683044,Stres Berat,Pokok Utama,109.23500804808036,-0.42656660762448617,2578,109.23498625,-0.42654716,3.67,0.383,0.383,Healthy,Critical
AME II,D002A,D02,2009,64,14,260391,0.3953595094508357,Stres Berat,0.44598234546943927,Stres Sedang,Pokok Utama,109.23524333910828,-0.4265631532825236,325,109.23522967,-0.4265956,9.1,0.431,0.431,Healthy,Moderate
AME II,D002A,D02,2009,64,15,260417,0.4099612753407485,Stres Sedang,0.45089327597160433,Stres Sedang,Pokok Utama,109.2353315939553,-0.4265641304102275,3554,109.2353249,-0.42653458,2.21,0.374,0.374,Healthy,Critical
AME II,D002A,D02,2009,64,16,260189,0.36230033604509154,Stres Berat,0.4351394281794245,Stres Sedang,Pokok Utama,109.23540714591404,-0.4265631377536126,2938,109.23540261,-0.42652827,3.32,0.421,0.421,Healthy,Sub-Optimal
AME II,D002A,D02,2009,64,17,260203,0.3621794825033502,Stres Berat,0.44798963197256225,Stres Sedang,Pokok Utama,109.2354928595827,-0.42656402205426563,1399,109.23550051,-0.42656492,4.99,0.457,0.457,Healthy,Moderate
AME II,D002A,D02,2009,65,1,260248,0.3884921638747035,Stres Berat,0.44031231119655645,Stres Sedang,Pokok Utama,109.23365462222071,-0.42651062723749544,651,109.2336447,-0.42648129,7.18,0.385,0.385,Healthy,Critical
AME II,D002A,D02,2009,65,2,260263,0.39503614930625464,Stres Berat,0.42170600700965694,Stres Sedang,Pokok Utama,109.2337558016574,-0.4265139549249961,3032,109.23374036,-0.42651251,3.19,0.448,0.448,Healthy,Moderate
AME II,D002A,D02,2009,65,3,260257,0.39703171972366724,Stres Berat,0.44415973125100494,Stres Sedang,Pokok Utama,109.23385093657164,-0.42650971495156653,2693,109.23382211,-0.42649987,3.55,0.447,0.447,Healthy,Moderate
AME II,D002A,D02,2009,65,6,260285,0.3588348636613905,Stres Berat,0.3971443588187551,Stres Berat,Pokok Utama,109.23408200886585,-0.4265115597580249,1790,109.23408665,-0.42648999,4.45,0.393,0.393,Healthy,Sub-Optimal
AME II,D002A,D02,2009,65,8,260303,0.4164796042873394,Stres Sedang,0.4694386429787398,Stres Sedang,Pokok Utama,109.23425037777712,-0.4265001755594624,2425,109.23423082,-0.42647419,3.8,0.456,0.456,Abnormal,Moderate
AME II,D002A,D02,2009,65,10,260320,0.39370992497949575,Stres Berat,0.42286254233406384,Stres Sedang,Pokok Utama,109.23440565355062,-0.42650442003442524,2805,109.23439071,-0.42648825,3.44,0.42,0.42,Healthy,Sub-Optimal
AME II,D002A,D02,2009,65,11,260328,0.3462284380887326,Stres Berat,0.38815674249238163,Stres Berat,Pokok Utama,109.23448610039937,-0.42649442622384637,1877,109.23449941,-0.42647787,4.36,0.454,0.454,Healthy,Moderate
AME II,D002A,D02,2009,65,14,354365,0.4021302002969324,Stres Sedang,0.42598229875450194,Stres Sedang,Pokok Utama,109.2347533032306,-0.42652282865856866,1407,109.23477157,-0.426534,4.98,0.405,0.405,Healthy,Sub-Optimal
AME II,D002A,D02,2009,65,18,260399,0.313779854258993,Stres Berat,0.37069670638020374,Stres Berat,Pokok Utama,109.23512236540712,-0.4264962922359992,1138,109.23513179,-0.42648706,5.54,0.451,0.451,Healthy,Moderate
AME II,D002A,D02,2009,65,19,260392,0.305459055833788,Stres Berat,0.3625173761622035,Stres Berat,Pokok Utama,109.23520643772969,-0.42649407712538134,1042,109.2352261,-0.42648527,5.8,0.463,0.463,Healthy,Good
AME II,D002A,D02,2009,65,20,260418,0.373945244756367,Stres Berat,0.39551411538671416,Stres Berat,Pokok Utama,109.23528439384184,-0.4264913831316993,2150,109.2352791,-0.42650383,4.08,0.373,0.373,Suspect,Critical
AME II,D002A,D02,2009,65,22,260204,0.3494224316580006,Stres Berat,0.40929782073586607,Stres Sedang,Pokok Utama,109.23544740794924,-0.4264892938549381,1631,109.23543405,-0.42648984,4.66,0.428,0.428,Healthy,Sub-Optimal
AME II,D002A,D02,2009,65,23,260215,0.39627503761776245,Stres Berat,0.4389737843661211,Stres Sedang,Pokok Utama,109.23552821565404,-0.42648452786311136,1666,109.23553645,-0.42650524,4.62,0.434,0.434,Healthy,Moderate
AME II,D002A,D02,2009,65,24,260225,0.3658211983051961,Stres Berat,0.4293260702615319,Stres Sedang,Pokok Utama,109.23560109933496,-0.42648932933375455,1201,109.23560876,-0.42650616,5.39,0.443,0.443,Healthy,Moderate
AME II,D002A,D02,2009,65,25,260233,0.37787569274410626,Stres Berat,0.4296625725065286,Stres Sedang,Pokok Utama,109.2356876100737,-0.4264928588878053,2109,109.23571521,-0.42650935,4.12,0.502,0.502,Healthy,Good
AME II,D002A,D02,2009,66,3,260258,0.4203568608006295,Stres Sedang,0.4316791234147999,Stres Sedang,Pokok Utama,109.23381989546982,-0.42644096031636347,3423,109.23385176,-0.42645466,2.6,0.503,0.503,Healthy,Good
AME II,D002A,D02,2009,66,4,260269,0.3881897579691037,Stres Berat,0.4603686180606176,Stres Sedang,Pokok Utama,109.23391095189913,-0.4264342823122189,2071,109.23392721,-0.42646056,4.16,0.409,0.409,Healthy,Sub-Optimal
AME II,D002A,D02,2009,66,5,260278,0.38060970774128505,Stres Berat,0.4428353403083108,Stres Sedang,Pokok Utama,109.23397453346972,-0.4264371681479736,2426,109.23399459,-0.42644249,3.8,0.469,0.469,Healthy,Good
AME II,D002A,D02,2009,66,6,260286,0.40673241611894984,Stres Sedang,0.4694104111980999,Stres Sedang,Pokok Utama,109.23405502940038,-0.4264363882482463,2802,109.23404758,-0.42646601,3.44,0.5,0.5,Healthy,Good
AME II,D002A,D02,2009,66,7,260295,0.39663729754806765,Stres Berat,0.4534153894105352,Stres Sedang,Pokok Utama,109.23412282771748,-0.426418415607079,3496,109.23412305,-0.42640544,2.39,0.451,0.451,Healthy,Moderate
AME II,D002A,D02,2009,66,8,260304,0.40241236987972673,Stres Sedang,0.44896164194496946,Stres Sedang,Pokok Utama,109.23423059059645,-0.4264217547520906,1795,109.23421961,-0.42639642,4.44,0.494,0.494,Healthy,Good
AME II,D002A,D02,2009,66,10,260321,0.409437124283012,Stres Sedang,0.43155047970289084,Stres Sedang,Pokok Utama,109.23437620077848,-0.42642689224393876,3012,109.2344015,-0.42643806,3.22,0.455,0.455,Healthy,Moderate
AME II,D002A,D02,2009,66,15,260374,0.4435061551397603,Stres Sedang,0.4501231758578041,Stres Sedang,Pokok Utama,109.23484641299402,-0.4264301143306241,1431,109.23485379,-0.42639612,4.94,0.389,0.389,Healthy,Critical
AME II,D002A,D02,2009,66,16,260381,0.3786290478874899,Stres Berat,0.45010808951756587,Stres Sedang,Pokok Utama,109.23492822453129,-0.4264231918233928,2456,109.23495169,-0.42643864,3.77,0.447,0.447,Healthy,Moderate
AME II,D002A,D02,2009,66,18,260400,0.39943276578750436,Stres Berat,0.48113702705391603,Stres Sedang,Pokok Utama,109.23509554190593,-0.4264264199149035,1258,109.23511428,-0.42645179,5.26,0.478,0.478,Healthy,Good
AME II,D002A,D02,2009,66,20,260419,0.3761106450494933,Stres Berat,0.45234129000326373,Stres Sedang,Pokok Utama,109.23526084202862,-0.42641672781913675,3039,109.23527823,-0.42639169,3.19,0.488,0.488,Healthy,Good
AME II,D002A,D02,2009,66,22,260205,0.4006026404859708,Stres Sedang,0.4746429175004269,Stres Sedang,Pokok Utama,109.23540147579715,-0.4264143150572608,2536,109.23543182,-0.42642473,3.7,0.511,0.511,Healthy,Good
AME II,D002A,D02,2009,66,23,260216,0.3744584564903902,Stres Berat,0.4309179615011155,Stres Sedang,Pokok Utama,109.23547435729269,-0.42642868762627,2334,109.23548347,-0.4264252,3.9,0.529,0.529,Abnormal,Good
AME II,D002A,D02,2009,66,26,260239,0.3719557043673423,Stres Berat,0.4509093375830134,Stres Sedang,Pokok Utama,109.23573420973494,-0.42641758131475094,1540,109.23571029,-0.42641802,4.8,0.416,0.416,Healthy,Sub-Optimal
AME II,D002A,D02,2009,66,27,260242,0.3817938708459123,Stres Berat,0.4305198847012106,Stres Sedang,Pokok Utama,109.23580392740212,-0.4264128127568093,478,109.23579159,-0.42638005,8.05,0.426,0.426,Healthy,Sub-Optimal
AME II,D002A,D02,2009,67,2,260265,0.41475819232512495,Stres Sedang,0.4458727373275906,Stres Sedang,Pokok Utama,109.23370060558862,-0.4263606998058714,3356,109.2337148,-0.42633798,2.71,0.444,0.444,Healthy,Moderate
AME II,D002A,D02,2009,67,3,260259,0.4266810903897862,Stres Sedang,0.4393142556049386,Stres Sedang,Pokok Utama,109.23378555635232,-0.42636242855376516,1391,109.2338145,-0.42637643,5.0,0.484,0.484,Healthy,Good
AME II,D002A,D02,2009,67,4,260270,0.42447135499124616,Stres Sedang,0.45410575389683067,Stres Sedang,Pokok Utama,109.23387331050041,-0.426360739701104,2645,109.23388951,-0.4263656,3.6,0.448,0.448,Healthy,Moderate
AME II,D002A,D02,2009,67,5,260279,0.37525201870848657,Stres Berat,0.44384133002324666,Stres Sedang,Pokok Utama,109.23394255240432,-0.42635820376535355,2835,109.23395778,-0.42632989,3.42,0.471,0.471,Healthy,Good
AME II,D002A,D02,2009,67,6,260287,0.39998658779491125,Stres Berat,0.46481352004020887,Stres Sedang,Pokok Utama,109.23402549481949,-0.4263591796706057,3031,109.23403233,-0.42638688,3.2,0.571,0.571,Healthy,Good
AME II,D002A,D02,2009,67,8,260305,0.39982295941795115,Stres Berat,0.4539964908449168,Stres Sedang,Pokok Utama,109.23417166609164,-0.4263459735978862,2789,109.23418683,-0.42636024,3.45,0.531,0.531,Healthy,Good
AME II,D002A,D02,2009,67,10,260322,0.3994941789942503,Stres Berat,0.42652233742938844,Stres Sedang,Pokok Utama,109.23434817235932,-0.42635462780176964,3270,109.23433101,-0.42633676,2.88,0.446,0.446,Healthy,Moderate
AME II,D002A,D02,2009,67,12,260340,0.3774136657547231,Stres Berat,0.43137460470020594,Stres Sedang,Pokok Utama,109.23451342889244,-0.42636248271854615,1393,109.23452099,-0.42636529,5.0,0.438,0.438,Healthy,Moderate
AME II,D002A,D02,2009,67,13,260348,0.40512695404697147,Stres Sedang,0.4646011860064824,Stres Sedang,Pokok Utama,109.23457268893722,-0.4263534045840958,2175,109.23456321,-0.42635897,4.05,0.546,0.546,Healthy,Good
AME II,D002A,D02,2009,67,15,260360,0.4082992534326456,Stres Sedang,0.44739166670248076,Stres Sedang,Pokok Utama,109.2347333282061,-0.4263659752526006,866,109.23475094,-0.42639112,6.31,0.409,0.409,Healthy,Sub-Optimal
AME II,D002A,D02,2009,67,17,260387,0.3790760903507552,Stres Berat,0.4558588106621493,Stres Sedang,Pokok Utama,109.23496389121186,-0.4263523780919773,1618,109.23495082,-0.42633103,4.67,0.467,0.467,Healthy,Good
AME II,D002A,D02,2009,67,19,260394,0.4007395718969879,Stres Sedang,0.49185994316701526,Stres Sedang,Pokok Utama,109.23513971380343,-0.4263499427072472,1819,109.23512912,-0.42635051,4.42,0.454,0.454,Healthy,Moderate
AME II,D002A,D02,2009,67,20,260420,0.4031863232669623,Stres Sedang,0.4677792567922887,Stres Sedang,Pokok Utama,109.23520942840642,-0.42635458428721645,3376,109.23521266,-0.42636771,2.68,0.458,0.458,Healthy,Moderate
AME II,D002A,D02,2009,67,22,260206,0.4206536103687856,Stres Sedang,0.4668361633694043,Stres Sedang,Pokok Utama,109.23536029438534,-0.42635209701772514,2604,109.23537749,-0.42636232,3.64,0.486,0.486,Healthy,Good
AME II,D002A,D02,2009,67,24,260227,0.3463864124782519,Stres Berat,0.41154429162494266,Stres Sedang,Pokok Utama,109.2355361696401,-0.4263473520557254,2691,109.23555984,-0.42635378,3.55,0.54,0.54,Healthy,Good
AME II,D002A,D02,2009,68,2,260260,0.3948601146096216,Stres Berat,0.43396663249612927,Stres Sedang,Pokok Utama,109.2337429266458,-0.4262858997081079,3312,109.23373323,-0.42628598,2.8,0.406,0.406,Healthy,Sub-Optimal
AME II,D002A,D02,2009,68,3,260271,0.4270078574833663,Stres Sedang,0.4687513179358651,Stres Sedang,Pokok Utama,109.23382991277018,-0.4262881534151553,2647,109.23385134,-0.42630636,3.59,0.474,0.474,Healthy,Good
AME II,D002A,D02,2009,68,5,260288,0.3942553536856876,Stres Berat,0.4643192570404905,Stres Sedang,Pokok Utama,109.233998499671,-0.42628579957641083,2619,109.23401798,-0.42629374,3.62,0.52,0.52,Healthy,Good
AME II,D002A,D02,2009,68,6,260297,0.37813951508476845,Stres Berat,0.4328911907045728,Stres Sedang,Pokok Utama,109.23406821564721,-0.4262842204936364,3151,109.23406738,-0.42631319,3.05,0.526,0.526,Healthy,Good
AME II,D002A,D02,2009,68,7,260306,0.37241692389686676,Stres Berat,0.4220565206084687,Stres Sedang,Pokok Utama,109.23414933841677,-0.42628806712138523,939,109.23413566,-0.42625624,6.06,0.479,0.479,Healthy,Good
AME II,D002A,D02,2009,68,8,260315,0.40954230503239064,Stres Sedang,0.4573257346542514,Stres Sedang,Pokok Utama,109.23422824365225,-0.4262906381758091,1428,109.23422683,-0.42628022,4.94,0.497,0.497,Healthy,Good
AME II,D002A,D02,2009,68,9,260323,0.4053165937470208,Stres Sedang,0.4341437698732353,Stres Sedang,Pokok Utama,109.234313803856,-0.4262906579317458,3470,109.23432743,-0.42626939,2.46,0.46,0.46,Healthy,Good
AME II,D002A,D02,2009,68,10,260331,0.3759209503171041,Stres Berat,0.4010745112238259,Stres Sedang,Pokok Utama,109.23439376511506,-0.4262987038516747,3322,109.23438941,-0.42627528,2.77,0.38,0.38,Healthy,Critical
AME II,D002A,D02,2009,68,11,260341,0.3180290602196117,Stres Berat,0.3693930913505247,Stres Berat,Pokok Utama,109.23446749640512,-0.4262890982345122,3571,109.23449585,-0.42630379,2.08,0.45,0.45,Healthy,Moderate
AME II,D002A,D02,2009,68,13,260362,0.3646509079488036,Stres Berat,0.4344622691770603,Stres Sedang,Pokok Utama,109.234674268008,-0.4262824460215162,1035,109.23468539,-0.42630067,5.82,0.451,0.451,Healthy,Moderate
AME II,D002A,D02,2009,68,14,260375,0.3703312104102351,Stres Berat,0.40914034804949784,Stres Sedang,Pokok Utama,109.23475666977278,-0.4262830881047899,922,109.23476399,-0.42629481,6.13,0.363,0.363,Suspect,Critical
AME II,D002A,D02,2009,68,15,260405,0.3644929090702566,Stres Berat,0.3866291095932516,Stres Berat,Pokok Utama,109.23483960107109,-0.42628964804016156,2409,109.23484842,-0.42630433,3.81,0.39,0.39,Abnormal,Sub-Optimal
AME II,D002A,D02,2009,68,16,260388,0.3849773575819092,Stres Berat,0.4540626785377614,Stres Sedang,Pokok Utama,109.23493189976938,-0.4262872910388383,3297,109.2349459,-0.4262614,2.82,0.351,0.351,Abnormal,Critical
AME II,D002A,D02,2009,68,17,260402,0.37456729781368503,Stres Berat,0.4515972931254694,Stres Sedang,Pokok Utama,109.23500209140158,-0.4262837976560591,1735,109.23500247,-0.42631974,4.51,0.471,0.471,Healthy,Good
AME II,D002A,D02,2009,68,18,260395,0.31730527694377564,Stres Berat,0.3987346283484952,Stres Berat,Pokok Utama,109.23508479493701,-0.42628077106528817,3623,109.23510174,-0.42630348,1.16,0.424,0.424,Abnormal,Sub-Optimal
AME II,D002A,D02,2009,68,19,260421,0.3620849116248827,Stres Berat,0.4262544694799508,Stres Sedang,Pokok Utama,109.23517004281341,-0.42628766521908495,3248,109.2351965,-0.42630757,2.91,0.426,0.426,Healthy,Sub-Optimal
AME II,D002A,D02,2009,68,20,260193,0.3974258185388082,Stres Berat,0.4669326130981342,Stres Sedang,Pokok Utama,109.23525098132687,-0.4262882680748822,3305,109.23528004,-0.42630262,2.81,0.45,0.45,Healthy,Moderate
AME II,D002A,D02,2009,68,21,260207,0.39360055464353816,Stres Berat,0.4393212736387677,Stres Sedang,Pokok Utama,109.23532069735015,-0.4262866889797042,1594,109.23531149,-0.42628092,4.72,0.419,0.419,Healthy,Sub-Optimal
AME II,D002A,D02,2009,68,22,260218,0.4197387831440563,Stres Sedang,0.48080343475353254,Stres Sedang,Pokok Utama,109.23541734908429,-0.42628830646600724,2188,109.23542153,-0.42627462,4.03,0.541,0.541,Healthy,Good
AME II,D002A,D02,2009,68,26,260247,0.3360686565743012,Stres Berat,0.3827634197378631,Stres Berat,Pokok Utama,109.23572314820454,-0.4262883770229606,938,109.23569954,-0.42628101,6.07,0.494,0.494,Healthy,Good
AME II,D002A,D02,2009,68,27,260244,0.4035268675750293,Stres Sedang,0.45362824149722636,Stres Sedang,Pokok Utama,109.23579920280599,-0.4262852042016341,487,109.23581452,-0.42625481,8.01,0.503,0.503,Healthy,Good
AME II,D002A,D02,2009,69,5,260289,0.35244575685309637,Stres Berat,0.45293816953628985,Stres Sedang,Pokok Utama,109.23396697692803,-0.4262256211936649,2681,109.23396724,-0.42623675,3.56,0.47,0.47,Healthy,Good
AME II,D002A,D02,2009,69,6,260298,0.3557603442846839,Stres Berat,0.42339599076222717,Stres Sedang,Pokok Utama,109.23403970902956,-0.42622519578570156,2932,109.23404763,-0.42623722,3.33,0.436,0.436,Healthy,Moderate
AME II,D002A,D02,2009,69,7,260307,0.37337703809709005,Stres Berat,0.42250121868218576,Stres Sedang,Pokok Utama,109.23411668862946,-0.42623845339171273,939,109.23413566,-0.42625624,6.06,0.479,0.479,Healthy,Good
AME II,D002A,D02,2009,69,8,260316,0.42527392261893027,Stres Sedang,0.4671490921123557,Stres Sedang,Pokok Utama,109.23419908009495,-0.42623687723251363,2549,109.23420304,-0.4262029,3.69,0.509,0.509,Abnormal,Good
AME II,D002A,D02,2009,69,10,260332,0.3438439748871757,Stres Berat,0.3715647513728917,Stres Berat,Pokok Utama,109.23436495025247,-0.426228425068691,3260,109.23436023,-0.42621559,2.89,0.454,0.454,Healthy,Moderate
AME II,D002A,D02,2009,69,11,260342,0.3702123702278711,Stres Berat,0.42425754196754023,Stres Sedang,Pokok Utama,109.23445520608216,-0.4262268507215861,2290,109.2344496,-0.42624591,3.94,0.407,0.407,Healthy,Sub-Optimal
AME II,D002A,D02,2009,69,13,260365,0.3351154236859007,Stres Berat,0.4003343695008361,Stres Sedang,Pokok Utama,109.23458603017858,-0.42621479406539686,2655,109.23459513,-0.42623599,3.59,0.495,0.495,Healthy,Good
AME II,D002A,D02,2009,69,15,260404,0.3440706346415072,Stres Berat,0.3829326331973434,Stres Berat,Pokok Utama,109.2349007022346,-0.42621502584769866,1853,109.23491851,-0.42619176,4.39,0.411,0.411,Healthy,Sub-Optimal
AME II,D002A,D02,2009,69,17,260396,0.3440182851761636,Stres Berat,0.3952126200133238,Stres Berat,Pokok Utama,109.23505835543973,-0.42621681747290396,1584,109.23505774,-0.4262049,4.74,0.457,0.457,Healthy,Moderate
AME II,D002A,D02,2009,69,18,260422,0.3690954628589201,Stres Berat,0.429986431403379,Stres Sedang,Pokok Utama,109.23512965491422,-0.42622002429182765,2151,109.23511478,-0.42620944,4.08,0.441,0.441,Healthy,Moderate
AME II,D002A,D02,2009,69,19,260194,0.35986437192894527,Stres Berat,0.4279658597659435,Stres Sedang,Pokok Utama,109.23521297228217,-0.4262116950295715,2832,109.23520954,-0.42624428,3.42,0.4,0.4,Healthy,Sub-Optimal
AME II,D002A,D02,2009,69,21,260229,0.33704869861979403,Stres Berat,0.3980547327419807,Stres Berat,Pokok Utama,109.23545887705127,-0.4262171748456028,3588,109.23545702,-0.42623303,1.92,0.413,0.413,Abnormal,Sub-Optimal
AME II,D002A,D02,2009,69,23,260241,0.3749462564759236,Stres Berat,0.433309812210545,Stres Sedang,Pokok Utama,109.23559957652839,-0.42621816495720577,1788,109.23559895,-0.42621678,4.45,0.515,0.515,Healthy,Good
AME II,D002A,D02,2009,69,24,260246,0.3829352146896611,Stres Berat,0.43225688244610166,Stres Sedang,Pokok Utama,109.23568038694988,-0.4262054230339524,2432,109.23564836,-0.42618921,3.79,0.408,0.408,Abnormal,Sub-Optimal
AME II,D002A,D02,2009,69,25,260245,0.3937288067384582,Stres Berat,0.45882187634169197,Stres Sedang,Pokok Utama,109.23576657991053,-0.4262119828071502,2271,109.2357557,-0.42618788,3.96,0.54,0.54,Abnormal,Good
AME II,D002A,D02,2009,70,1,260253,0.39620705437378545,Stres Berat,0.4226235370609543,Stres Sedang,Pokok Utama,109.23369396152482,-0.42615381565488736,458,109.23367172,-0.42617067,8.15,0.388,0.388,Healthy,Critical
AME II,D002A,D02,2009,70,2,260273,0.4433095223310849,Stres Sedang,0.46269714386120525,Stres Sedang,Pokok Utama,109.23376871149824,-0.4261557102374832,2345,109.23377996,-0.42616618,3.89,0.513,0.513,Healthy,Good
AME II,D002A,D02,2009,70,3,260282,0.41130753087569605,Stres Sedang,0.4633343353907938,Stres Sedang,Pokok Utama,109.23384812939095,-0.4261553795150475,1763,109.23384509,-0.42613499,4.48,0.407,0.407,Healthy,Sub-Optimal
AME II,D002A,D02,2009,70,4,260290,0.3842588390108688,Stres Berat,0.45489429279451,Stres Sedang,Pokok Utama,109.2339323904292,-0.42615648955273083,1670,109.23394749,-0.42616034,4.62,0.483,0.483,Healthy,Good
AME II,D002A,D02,2009,70,5,260299,0.36563796323419556,Stres Berat,0.44427202620510575,Stres Sedang,Pokok Utama,109.2340064538546,-0.4261438383367766,2935,109.23399915,-0.4261391,3.32,0.451,0.451,Abnormal,Moderate
AME II,D002A,D02,2009,70,6,260308,0.38232611280994094,Stres Berat,0.4392918228709776,Stres Sedang,Pokok Utama,109.23410065930018,-0.42615829268562466,1687,109.23407999,-0.42614183,4.59,0.464,0.464,Healthy,Good
AME II,D002A,D02,2009,70,8,260325,0.36041596450861396,Stres Berat,0.42595803590777975,Stres Sedang,Pokok Utama,109.23425934577298,-0.4261507612435365,1636,109.2342857,-0.42613374,4.65,0.46,0.46,Healthy,Good
AME II,D002A,D02,2009,70,10,260343,0.3946574097686834,Stres Berat,0.42854505082031225,Stres Sedang,Pokok Utama,109.2344181246812,-0.4261436674986612,3120,109.23439708,-0.42614281,3.09,0.444,0.444,Healthy,Moderate
AME II,D002A,D02,2009,70,12,260366,0.35810814225349297,Stres Berat,0.44603420542001937,Stres Sedang,Pokok Utama,109.23457210154402,-0.42615194481249213,600,109.23458975,-0.42615732,7.45,0.47,0.47,Healthy,Good
AME II,D002A,D02,2009,70,15,260407,0.4236137316384479,Stres Sedang,0.43063142133834664,Stres Sedang,Pokok Utama,109.23483575208674,-0.4261590239171627,2397,109.23483544,-0.42613658,3.82,0.44,0.44,Abnormal,Moderate
AME II,D002A,D02,2009,70,16,260415,0.3811604122768196,Stres Berat,0.43579374919603536,Stres Sedang,Pokok Utama,109.23493885173879,-0.4261441511939568,2346,109.23495445,-0.42615921,3.89,0.445,0.445,Abnormal,Moderate
AME II,D002A,D02,2009,70,18,260423,0.3919684863150476,Stres Berat,0.4628456571928813,Stres Sedang,Pokok Utama,109.23509655693194,-0.4261424956372296,2867,109.23509638,-0.42615382,3.4,0.581,0.581,Healthy,Good
AME II,D002A,D02,2009,70,20,260430,0.4052442387495718,Stres Sedang,0.4617537260234427,Stres Sedang,Pokok Utama,109.23525975448553,-0.42614731793277044,1843,109.23524909,-0.42615431,4.4,0.477,0.477,Healthy,Good
AME II,D002A,D02,2009,70,22,260513,0.4094026743897128,Stres Sedang,0.4524629196271269,Stres Sedang,Pokok Utama,109.23541281554525,-0.4261342734610057,1074,109.23539686,-0.42612043,5.69,0.537,0.537,Healthy,Good
AME II,D002A,D02,2009,70,24,260501,0.3771561911970733,Stres Berat,0.42207543744728826,Stres Sedang,Pokok Utama,109.23557154342087,-0.42613476131787564,3338,109.23555451,-0.42611278,2.75,0.493,0.493,Healthy,Good
AME II,D002A,D02,2009,70,25,260489,0.39223055209164,Stres Berat,0.45596759961490474,Stres Sedang,Pokok Utama,109.23565067708955,-0.42612850373360617,3153,109.23562861,-0.42612681,3.04,0.442,0.442,Healthy,Moderate
AME II,D002A,D02,2009,70,26,260462,0.4158486508440388,Stres Sedang,0.45707482659054005,Stres Sedang,Pokok Utama,109.23572222579739,-0.4261299969552347,2137,109.23569464,-0.42611281,4.09,0.533,0.533,Healthy,Good
AME II,D002A,D02,2009,71,2,260274,0.4376428041491801,Stres Sedang,0.4445345719494116,Stres Sedang,Pokok Utama,109.23374247795212,-0.4260828973263144,3257,109.23374226,-0.42607664,2.89,0.483,0.483,Healthy,Good
AME II,D002A,D02,2009,71,4,260291,0.40242927206273754,Stres Sedang,0.4606367324565624,Stres Sedang,Pokok Utama,109.23388549221951,-0.42607958082023845,2987,109.2338514,-0.42607395,3.25,0.449,0.449,Healthy,Moderate
AME II,D002A,D02,2009,71,6,260309,0.3437841440930448,Stres Berat,0.40615925970984823,Stres Sedang,Pokok Utama,109.23405622057112,-0.42607733506690865,1957,109.23407371,-0.42608847,4.29,0.425,0.425,Healthy,Sub-Optimal
AME II,D002A,D02,2009,71,7,260318,0.3801640303069736,Stres Berat,0.4253960686126867,Stres Sedang,Pokok Utama,109.23413861220378,-0.4260789492658815,3229,109.23415141,-0.42609482,2.93,0.426,0.426,Healthy,Sub-Optimal
AME II,D002A,D02,2009,71,8,260326,0.3938669954122213,Stres Berat,0.4402976666742959,Stres Sedang,Pokok Utama,109.23421975130198,-0.42607815593268716,2996,109.23421924,-0.4260659,3.24,0.458,0.458,Healthy,Moderate
AME II,D002A,D02,2009,71,9,260334,0.4113854726393025,Stres Sedang,0.4525577373838482,Stres Sedang,Pokok Utama,109.23429499898207,-0.4260719661944534,2013,109.23426281,-0.42605641,4.22,0.378,0.378,Suspect,Critical
AME II,D002A,D02,2009,71,10,260344,0.3908017402488467,Stres Berat,0.4421504730122389,Stres Sedang,Pokok Utama,109.23438261855611,-0.4260735815972677,3471,109.23436252,-0.42605689,2.46,0.469,0.469,Abnormal,Good
AME II,D002A,D02,2009,71,11,260352,0.34977121411667983,Stres Berat,0.42875074032618077,Stres Sedang,Pokok Utama,109.2344590494315,-0.42607849239403767,1323,109.23443258,-0.42606324,5.13,0.415,0.415,Healthy,Sub-Optimal
AME II,D002A,D02,2009,71,12,260367,0.35158655296107455,Stres Berat,0.41879267876171106,Stres Sedang,Pokok Utama,109.23453193342979,-0.42608169957779474,3250,109.23452151,-0.42606145,2.9,0.434,0.434,Healthy,Moderate
AME II,D002A,D02,2009,71,13,260377,0.3941907450970001,Stres Berat,0.4484584541229184,Stres Sedang,Pokok Utama,109.23472117565741,-0.4260931726743914,472,109.23472091,-0.42610987,8.08,0.433,0.433,Healthy,Moderate
AME II,D002A,D02,2009,71,14,260408,0.41782403591216777,Stres Sedang,0.4446949875823306,Stres Sedang,Pokok Utama,109.23480767535625,-0.426073973572409,1406,109.23480941,-0.42603936,4.98,0.478,0.478,Healthy,Good
AME II,D002A,D02,2009,71,17,260424,0.4052683124467832,Stres Sedang,0.4958658488915087,Stres Sedang,Pokok Utama,109.2350640907574,-0.4260793219703528,1978,109.23507933,-0.4260973,4.26,0.528,0.528,Healthy,Good
AME II,D002A,D02,2009,71,18,260427,0.41117649662731587,Stres Sedang,0.5008094379005312,Stres Ringan,Pokok Utama,109.23512509175345,-0.42607774176314356,2680,109.23511795,-0.42609595,3.56,0.487,0.487,Healthy,Good
AME II,D002A,D02,2009,71,23,260502,0.37513066803084116,Stres Berat,0.42895278280919735,Stres Sedang,Pokok Utama,109.23553039623286,-0.42607209294668014,3444,109.23555362,-0.42606756,2.55,0.437,0.437,Healthy,Moderate
AME II,D002A,D02,2009,72,1,260255,0.3978365532579858,Stres Berat,0.44962012518321365,Stres Sedang,Pokok Utama,109.23366594790075,-0.42602057351728706,3564,109.23368793,-0.42600655,2.12,0.367,0.367,Healthy,Critical
AME II,D002A,D02,2009,72,2,260275,0.43424901097883206,Stres Sedang,0.4603249363375297,Stres Sedang,Pokok Utama,109.23371098227035,-0.4260222252137639,3055,109.2337243,-0.42604227,3.17,0.515,0.515,Healthy,Good
AME II,D002A,D02,2009,72,3,260284,0.4449145395091981,Stres Sedang,0.4431274849798555,Stres Sedang,Pokok Utama,109.23377277549544,-0.4260206442951798,3132,109.23376158,-0.42600656,3.08,0.496,0.496,Healthy,Good
AME II,D002A,D02,2009,72,4,260292,0.42679590669062034,Stres Sedang,0.47368924776832205,Stres Sedang,Pokok Utama,109.23386539864326,-0.42602516274896013,875,109.2338595,-0.42599845,6.27,0.387,0.387,Healthy,Critical
AME II,D002A,D02,2009,72,5,260301,0.38676201365026486,Stres Berat,0.4308546268496336,Stres Sedang,Pokok Utama,109.23392327556955,-0.42602685900638704,1858,109.23394797,-0.42603102,4.39,0.44,0.44,Healthy,Moderate
AME II,D002A,D02,2009,72,6,260310,0.37251191660539185,Stres Berat,0.4051719615946303,Stres Sedang,Pokok Utama,109.23402187637384,-0.4260210210058691,1605,109.23403151,-0.42602562,4.71,0.457,0.457,Healthy,Moderate
AME II,D002A,D02,2009,72,7,260319,0.3858540505859565,Stres Berat,0.41347619358087934,Stres Sedang,Pokok Utama,109.23409850260627,-0.4260200195456319,3527,109.23411011,-0.42603196,2.3,0.496,0.496,Healthy,Good
AME II,D002A,D02,2009,72,10,260345,0.3966479912574505,Stres Berat,0.42510797080250157,Stres Sedang,Pokok Utama,109.23434690035836,-0.4260117365213666,3200,109.234376,-0.42599947,2.98,0.411,0.411,Abnormal,Sub-Optimal
AME II,D002A,D02,2009,72,11,260353,0.39119728713902857,Stres Berat,0.45656768181061647,Stres Sedang,Pokok Utama,109.23443428622407,-0.4260101090524096,1253,109.23445549,-0.42602797,5.27,0.413,0.413,Healthy,Sub-Optimal
AME II,D002A,D02,2009,72,12,260368,0.32774162573748994,Stres Berat,0.4092034982403847,Stres Sedang,Pokok Utama,109.23450400475573,-0.42599736458139403,3587,109.23449683,-0.42597282,1.95,0.447,0.447,Healthy,Moderate
AME II,D002A,D02,2009,72,13,260369,0.3749003290789653,Stres Berat,0.442359814250197,Stres Sedang,Pokok Utama,109.234581160769,-0.42600521360748406,2705,109.23457946,-0.42598731,3.53,0.508,0.508,Healthy,Good
AME II,D002A,D02,2009,72,17,260414,0.3818923630897466,Stres Berat,0.43090800737447116,Stres Sedang,Pokok Utama,109.23492997994538,-0.4260041844995956,3395,109.23489745,-0.42601406,2.65,0.519,0.519,Healthy,Good
AME II,D002A,D02,2009,72,20,260432,0.338786551956563,Stres Berat,0.3943818882600557,Stres Berat,Pokok Utama,109.23516979162706,-0.4259981565922473,2948,109.23518803,-0.42602136,3.3,0.451,0.451,Healthy,Moderate
AME II,D002A,D02,2009,72,21,260537,0.38067720337927324,Stres Berat,0.4205201751868741,Stres Sedang,Pokok Utama,109.235249962222,-0.4260101380513977,3380,109.235259,-0.42601866,2.68,0.439,0.439,Healthy,Moderate
AME II,D002A,D02,2009,72,23,260526,0.3823959909749283,Stres Berat,0.43772196598570534,Stres Sedang,Pokok Utama,109.23541073100567,-0.42600249220220926,3278,109.23539689,-0.42599383,2.86,0.509,0.509,Healthy,Good
AME II,D002A,D02,2009,72,24,260503,0.37142651857501335,Stres Berat,0.44054091854939126,Stres Sedang,Pokok Utama,109.23549641662262,-0.4260003054708512,3345,109.23548582,-0.42597983,2.73,0.543,0.543,Healthy,Good
AME II,D002A,D02,2009,72,25,260491,0.3301313402900553,Stres Berat,0.39118018435115287,Stres Berat,Pokok Utama,109.23558064196102,-0.42599282825209916,2126,109.23556711,-0.42597669,4.1,0.443,0.443,Healthy,Moderate
AME II,D002A,D02,2009,72,26,260464,0.3787956935115355,Stres Berat,0.42929504797879303,Stres Sedang,Pokok Utama,109.23565399989107,-0.425997789873271,1949,109.23566996,-0.42601288,4.3,0.438,0.438,Healthy,Moderate
AME II,D002A,D02,2009,72,27,260443,0.3895592220832915,Stres Berat,0.42957775459056075,Stres Sedang,Pokok Utama,109.2357259342193,-0.42599812567581535,2565,109.23574047,-0.42600838,3.68,0.399,0.399,Healthy,Sub-Optimal
AME II,D002A,D02,2009,73,2,260758,0.42775272237234885,Stres Sedang,0.44390539745406327,Stres Sedang,Pokok Utama,109.23369356873094,-0.4259537911451253,2955,109.23369782,-0.42595636,3.29,0.462,0.462,Healthy,Good
AME II,D002A,D02,2009,73,5,260764,0.3314520513572875,Stres Berat,0.39547178413079426,Stres Berat,Pokok Utama,109.23391270375312,-0.42595620826557634,3177,109.23391744,-0.42597269,3.01,0.377,0.377,Abnormal,Critical
AME II,D002A,D02,2009,73,6,260770,0.3262935643830874,Stres Berat,0.3889057764151433,Stres Berat,Pokok Utama,109.2339875307984,-0.4259589221502941,3044,109.23399514,-0.42597723,3.18,0.378,0.378,Abnormal,Critical
AME II,D002A,D02,2009,73,7,260777,0.3370953814724697,Stres Berat,0.3748253603478422,Stres Berat,Pokok Utama,109.23407353173451,-0.4259563285730716,1559,109.23406701,-0.42593248,4.77,0.456,0.456,Healthy,Moderate
AME II,D002A,D02,2009,73,8,260787,0.36980969401693264,Stres Berat,0.4163953991543606,Stres Sedang,Pokok Utama,109.23415425599444,-0.4259705853772391,1281,109.23415145,-0.42593793,5.21,0.446,0.446,Healthy,Moderate
AME II,D002A,D02,2009,73,9,260336,0.37029591708423165,Stres Berat,0.43552656500350956,Stres Sedang,Pokok Utama,109.23422752789979,-0.42595859229675687,2711,109.23421477,-0.42598587,3.53,0.415,0.415,Healthy,Sub-Optimal
AME II,D002A,D02,2009,73,10,355031,0.37029591708423165,Stres Berat,0.40575357749520874,Stres Sedang,Pokok Utama,109.23431024099521,-0.42593707732156805,1171,109.23431898,-0.42591536,5.47,0.565,0.565,Healthy,Good
AME II,D002A,D02,2009,73,11,260722,0.36088085186714836,Stres Berat,0.41673935502588677,Stres Sedang,Pokok Utama,109.2344750206385,-0.42595237627709664,3587,109.23449683,-0.42597282,1.95,0.447,0.447,Healthy,Moderate
AME II,D002A,D02,2009,73,12,260713,0.3804870792622796,Stres Berat,0.4530510800976713,Stres Sedang,Pokok Utama,109.23454061919634,-0.4259418644703204,2954,109.23454938,-0.42594797,3.29,0.524,0.524,Healthy,Good
AME II,D002A,D02,2009,73,13,260704,0.38054774468701374,Stres Berat,0.4510651671979604,Stres Sedang,Pokok Utama,109.2346303414252,-0.42593649012117946,2905,109.23463606,-0.42596833,3.35,0.485,0.485,Abnormal,Good
AME II,D002A,D02,2009,73,15,260411,0.3972138149866256,Stres Berat,0.4384273290544605,Stres Sedang,Pokok Utama,109.23481789921705,-0.42593299576488325,3618,109.23482425,-0.4259417,1.38,0.418,0.418,Healthy,Sub-Optimal
AME II,D002A,D02,2009,73,16,260413,0.3468305887510052,Stres Berat,0.4002665024046207,Stres Sedang,Pokok Utama,109.23489601147814,-0.4259387560769128,2793,109.23492306,-0.42595981,3.45,0.404,0.404,Healthy,Sub-Optimal
AME II,D002A,D02,2009,73,17,260553,0.31326953793356166,Stres Berat,0.3880020681714926,Stres Berat,Pokok Utama,109.23496414361665,-0.4259381333549144,3483,109.23499133,-0.42594535,2.43,0.394,0.394,Abnormal,Sub-Optimal
AME II,D002A,D02,2009,73,18,260429,0.4173119212183571,Stres Sedang,0.48294601173532536,Stres Sedang,Pokok Utama,109.23504875290904,-0.4259367177447853,200,109.23504298,-0.42596752,10.08,0.46,0.46,Healthy,Good
AME II,D002A,D02,2009,73,21,260516,0.37398891173222143,Stres Berat,0.42540495415188223,Stres Sedang,Pokok Utama,109.2352914926697,-0.4259319881686573,986,109.23528238,-0.42591332,5.97,0.442,0.442,Healthy,Moderate
AME II,D002A,D02,2009,73,22,260527,0.41228948809182164,Stres Sedang,0.45743109431798357,Stres Sedang,Pokok Utama,109.23537417276289,-0.4259372792950113,2077,109.23535064,-0.42592283,4.15,0.402,0.402,Healthy,Sub-Optimal
AME II,D002A,D02,2009,73,25,355030,0.3542450036957622,Stres Berat,0.38753045372009565,Stres Berat,Pokok Utama,109.23561915749073,-0.42593190546007315,2251,109.23560576,-0.42590254,3.98,0.469,0.469,Abnormal,Good
AME II,D002A,D02,2009,73,27,260445,0.3893929537885177,Stres Berat,0.43169663825013616,Stres Sedang,Pokok Utama,109.23576968282018,-0.4259225282136162,2888,109.23576296,-0.4258976,3.37,0.451,0.451,Abnormal,Moderate
AME II,D002A,D02,2009,74,1,260748,0.4145268535808377,Stres Sedang,0.4397129569586804,Stres Sedang,Pokok Utama,109.23365395248969,-0.42588216339904217,653,109.23364619,-0.42585281,7.18,0.374,0.374,Suspect,Critical
AME II,D002A,D02,2009,74,2,260757,0.4283615026100963,Stres Sedang,0.4441158037678529,Stres Sedang,Pokok Utama,109.2337350165931,-0.4258753022045882,1515,109.23375307,-0.42590166,4.83,0.42,0.42,Healthy,Sub-Optimal
AME II,D002A,D02,2009,74,3,260761,0.4299683897136765,Stres Sedang,0.45214715693173985,Stres Sedang,Pokok Utama,109.23379990280918,-0.4258726268894137,2658,109.23381461,-0.42589309,3.58,0.451,0.451,Abnormal,Moderate
AME II,D002A,D02,2009,74,4,260765,0.3769454160974201,Stres Berat,0.44585640211165545,Stres Sedang,Pokok Utama,109.23385694382652,-0.4258726400506278,2171,109.23387883,-0.42589174,4.06,0.505,0.505,Healthy,Good
AME II,D002A,D02,2009,74,6,260778,0.3633104125415387,Stres Berat,0.43145664951650187,Stres Sedang,Pokok Utama,109.23402520892007,-0.4258870346079735,1718,109.23402705,-0.42591032,4.53,0.413,0.413,Healthy,Sub-Optimal
AME II,D002A,D02,2009,74,8,260798,0.35799259958653207,Stres Berat,0.418634339723905,Stres Sedang,Pokok Utama,109.23419369787007,-0.42588489140696034,2843,109.23421838,-0.42590539,3.41,0.477,0.477,Healthy,Good
AME II,D002A,D02,2009,74,9,260732,0.3857574730763954,Stres Berat,0.45977649066720283,Stres Sedang,Pokok Utama,109.23426753116297,-0.4258809286219477,2339,109.23427003,-0.42589319,3.9,0.433,0.433,Healthy,Moderate
AME II,D002A,D02,2009,74,11,260723,0.3934016590666959,Stres Berat,0.44973710958416074,Stres Sedang,Pokok Utama,109.2344453572585,-0.425872615731071,2851,109.2344187,-0.42586203,3.41,0.531,0.531,Abnormal,Good
AME II,D002A,D02,2009,74,12,260714,0.3672805148358249,Stres Berat,0.4510751080147526,Stres Sedang,Pokok Utama,109.23450894600298,-0.4258716736498158,1027,109.23451212,-0.42585301,5.85,0.45,0.45,Healthy,Moderate
AME II,D002A,D02,2009,74,13,260705,0.3664048020124954,Stres Berat,0.4474686236486747,Stres Sedang,Pokok Utama,109.23457840843254,-0.4258672441387095,816,109.23455883,-0.42587608,6.54,0.443,0.443,Healthy,Moderate
AME II,D002A,D02,2009,74,15,260571,0.41935942019133465,Stres Sedang,0.4482745316893945,Stres Sedang,Pokok Utama,109.23476637155684,-0.4258548886475834,1839,109.23477262,-0.4258603,4.4,0.507,0.507,Healthy,Good
AME II,D002A,D02,2009,74,17,260434,0.3943380866775975,Stres Berat,0.4480429555570997,Stres Sedang,Pokok Utama,109.23508689989225,-0.42586108556212343,448,109.23510947,-0.42587937,8.2,0.483,0.483,Healthy,Good
AME II,D002A,D02,2009,74,18,260517,0.3991544777190585,Stres Berat,0.43953811937926873,Stres Sedang,Pokok Utama,109.23525438667602,-0.42585013242311764,923,109.235277,-0.42587443,6.13,0.482,0.482,Healthy,Good
AME II,D002A,D02,2009,74,19,260528,0.4287606087597934,Stres Sedang,0.4649441960801025,Stres Sedang,Pokok Utama,109.23533804600987,-0.4258469613422766,2408,109.2353282,-0.425855,3.81,0.439,0.439,Abnormal,Moderate
AME II,D002A,D02,2009,74,20,260505,0.4141415303341068,Stres Sedang,0.46315270596159813,Stres Sedang,Pokok Utama,109.23541921645456,-0.4258586446059971,1275,109.23543509,-0.42588532,5.22,0.475,0.475,Healthy,Good
AME II,D002A,D02,2009,74,21,260493,0.39581669823747273,Stres Berat,0.4422282603515599,Stres Sedang,Pokok Utama,109.235488221273,-0.4258600332383898,2523,109.23547507,-0.42583605,3.72,0.464,0.464,Abnormal,Good
AME II,D002A,D02,2009,74,22,260465,0.3908451831190077,Stres Berat,0.43596509570653014,Stres Sedang,Pokok Utama,109.23557005545399,-0.42586027455900205,2121,109.23554469,-0.42583651,4.11,0.458,0.458,Healthy,Moderate
AME II,D002A,D02,2009,75,3,260766,0.40162802093694,Stres Sedang,0.4572474742859056,Stres Sedang,Pokok Utama,109.2338371511435,-0.42581042700116095,2006,109.23385011,-0.42582346,4.23,0.499,0.499,Healthy,Good
AME II,D002A,D02,2009,75,4,260772,0.39825600726391197,Stres Berat,0.4711720876905526,Stres Sedang,Pokok Utama,109.23391462578441,-0.4258113871527616,1774,109.23391343,-0.42582212,4.47,0.497,0.497,Healthy,Good
AME II,D002A,D02,2009,75,5,260779,0.34533704998087184,Stres Berat,0.42337201648332007,Stres Sedang,Pokok Utama,109.23401546365822,-0.4258117648991245,2209,109.23399294,-0.42579818,4.02,0.412,0.412,Healthy,Sub-Optimal
AME II,D002A,D02,2009,75,6,260789,0.3533685924732937,Stres Berat,0.42516492256234345,Stres Sedang,Pokok Utama,109.23408526554668,-0.4257997411723309,1330,109.23409578,-0.42581674,5.1,0.379,0.379,Suspect,Critical
AME II,D002A,D02,2009,75,7,260799,0.37627317651599446,Stres Berat,0.44373178685334724,Stres Sedang,Pokok Utama,109.2341575282664,-0.4258053961404114,2827,109.23415867,-0.42579098,3.42,0.457,0.457,Abnormal,Moderate
AME II,D002A,D02,2009,75,8,260733,0.3458912387867158,Stres Berat,0.4413518999214459,Stres Sedang,Pokok Utama,109.23424419955788,-0.4258017473922546,1946,109.2342705,-0.4257996,4.3,0.43,0.43,Healthy,Moderate
AME II,D002A,D02,2009,75,10,260724,0.37673377793960794,Stres Berat,0.44672964023756195,Stres Sedang,Pokok Utama,109.23439326029893,-0.4258015611212874,3261,109.23439357,-0.42578561,2.89,0.489,0.489,Healthy,Good
AME II,D002A,D02,2009,75,11,260715,0.3727636959261134,Stres Berat,0.442968886031363,Stres Sedang,Pokok Utama,109.23447519378513,-0.4257994087955988,1952,109.23447217,-0.42576754,4.3,0.436,0.436,Healthy,Moderate
AME II,D002A,D02,2009,75,12,260707,0.35651296564307217,Stres Berat,0.43672860159025073,Stres Sedang,Pokok Utama,109.23461306341183,-0.4257855623177274,511,109.23462757,-0.42575265,7.84,0.465,0.465,Healthy,Good
AME II,D002A,D02,2009,75,13,260572,0.40709427622607247,Stres Sedang,0.45506360570398835,Stres Sedang,Pokok Utama,109.23473643088768,-0.4257817601540343,1135,109.23472233,-0.42580603,5.55,0.435,0.435,Healthy,Moderate
AME II,D002A,D02,2009,75,15,260554,0.37552592895481773,Stres Berat,0.4350859588818051,Stres Sedang,Pokok Utama,109.23489741193423,-0.42578060088165326,2869,109.23492175,-0.42579522,3.39,0.451,0.451,Healthy,Moderate
AME II,D002A,D02,2009,75,19,260529,0.38789332920727976,Stres Berat,0.43850889776920055,Stres Sedang,Pokok Utama,109.23529434476893,-0.425773627998181,3387,109.23530442,-0.42575281,2.67,0.437,0.437,Healthy,Moderate
AME II,D002A,D02,2009,75,20,260506,0.4259692115461609,Stres Sedang,0.4678982567658334,Stres Sedang,Pokok Utama,109.23536714114199,-0.42577518931910224,2762,109.23535607,-0.42575418,3.48,0.458,0.458,Healthy,Moderate
AME II,D002A,D02,2009,75,21,260494,0.4155298826027851,Stres Sedang,0.47037149718231036,Stres Sedang,Pokok Utama,109.2354528245153,-0.425778897702444,2892,109.23543825,-0.42580574,3.36,0.507,0.507,Healthy,Good
AME II,D002A,D02,2009,76,1,260749,0.37311636224640266,Stres Berat,0.4433604110942648,Stres Sedang,Pokok Utama,109.23366084923732,-0.42574084580072596,639,109.23366149,-0.4257149,7.24,0.385,0.385,Healthy,Critical
AME II,D002A,D02,2009,76,2,260763,0.3995947019055968,Stres Berat,0.4418343648958464,Stres Sedang,Pokok Utama,109.2337273666499,-0.42573447499126693,3316,109.23371763,-0.42576149,2.79,0.441,0.441,Abnormal,Moderate
AME II,D002A,D02,2009,76,3,260767,0.3817976831838687,Stres Berat,0.45190097017733094,Stres Sedang,Pokok Utama,109.23381007260384,-0.4257442243173012,1910,109.23382362,-0.42575925,4.34,0.535,0.535,Healthy,Good
AME II,D002A,D02,2009,76,4,260773,0.4286792513272761,Stres Sedang,0.4795261923886406,Stres Sedang,Pokok Utama,109.23387800994239,-0.42574287088026147,1776,109.23386045,-0.42574615,4.47,0.443,0.443,Healthy,Moderate
AME II,D002A,D02,2009,76,5,260780,0.36693539315669543,Stres Berat,0.43582422161087964,Stres Sedang,Pokok Utama,109.23396761444376,-0.42573758241234433,1799,109.23397678,-0.42574482,4.44,0.499,0.499,Healthy,Good
AME II,D002A,D02,2009,76,8,260734,0.3488389168831767,Stres Berat,0.4234892956438471,Stres Sedang,Pokok Utama,109.23420979076961,-0.4257292192462638,3244,109.23420225,-0.42571186,2.92,0.416,0.416,Abnormal,Sub-Optimal
AME II,D002A,D02,2009,76,9,260741,0.39846224123495566,Stres Berat,0.44627098923791036,Stres Sedang,Pokok Utama,109.23429174890805,-0.425733170035368,1837,109.23430151,-0.42572274,4.4,0.479,0.479,Healthy,Good
AME II,D002A,D02,2009,76,10,260725,0.3751572549116537,Stres Berat,0.4411926488165245,Stres Sedang,Pokok Utama,109.23436402875043,-0.42573861520622985,3191,109.23435899,-0.42575259,2.99,0.416,0.416,Abnormal,Sub-Optimal
AME II,D002A,D02,2009,76,12,260708,0.32282574306991074,Stres Berat,0.4066256132703101,Stres Sedang,Pokok Utama,109.23452486113494,-0.425735328089391,1328,109.23452203,-0.42574856,5.11,0.458,0.458,Healthy,Moderate
AME II,D002A,D02,2009,76,15,260564,0.3578325462271643,Stres Berat,0.4110476666477834,Stres Sedang,Pokok Utama,109.23476359985585,-0.42572695506737523,3401,109.23477983,-0.42573641,2.64,0.442,0.442,Abnormal,Moderate
AME II,D002A,D02,2009,76,16,260555,0.42860746293700774,Stres Sedang,0.4664275226865721,Stres Sedang,Pokok Utama,109.23485329420559,-0.4257217579406303,1976,109.23485259,-0.42573959,4.27,0.42,0.42,Healthy,Sub-Optimal
AME II,D002A,D02,2009,76,17,260547,0.41132108717629984,Stres Sedang,0.4713631373804969,Stres Sedang,Pokok Utama,109.23494020329677,-0.42571931014284103,2274,109.23492176,-0.42573961,3.96,0.41,0.41,Healthy,Sub-Optimal
AME II,D002A,D02,2009,76,18,260435,0.36062566281077846,Stres Berat,0.4428352646027012,Stres Sedang,Pokok Utama,109.23500638891092,-0.4257146167148457,2929,109.23499678,-0.42570074,3.33,0.501,0.501,Healthy,Good
AME II,D002A,D02,2009,76,21,260507,0.43652281496620127,Stres Sedang,0.4642442231472371,Stres Sedang,Pokok Utama,109.23532157199732,-0.42571149989346246,2571,109.23530398,-0.42570488,3.67,0.452,0.452,Healthy,Moderate
AME II,D002A,D02,2009,76,23,260467,0.3603415336505367,Stres Berat,0.39827603474035633,Stres Berat,Pokok Utama,109.23549624740716,-0.42571349433562133,3093,109.23548768,-0.42568684,3.13,0.456,0.456,Healthy,Moderate
AME II,D002A,D02,2009,76,24,260474,0.3980480553435606,Stres Berat,0.4474320021196664,Stres Sedang,Pokok Utama,109.23557231732542,-0.42571004839849813,549,109.23559816,-0.42572258,7.68,0.475,0.475,Healthy,Good
AME II,D002A,D02,2009,76,25,260481,0.3887368297691934,Stres Berat,0.43509928127887837,Stres Sedang,Pokok Utama,109.23565547333112,-0.4257082372571688,1692,109.23565386,-0.42570587,4.58,0.415,0.415,Healthy,Sub-Optimal
AME II,D002A,D02,2009,76,26,260448,0.40892444506413206,Stres Sedang,0.45301570192860685,Stres Sedang,Pokok Utama,109.23572520774587,-0.42570877691318904,1012,109.23571987,-0.42573889,5.89,0.477,0.477,Healthy,Good
AME II,D002A,D02,2009,76,27,260450,0.4104409061730929,Stres Sedang,0.4591233515714352,Stres Sedang,Pokok Utama,109.23580886672836,-0.42571118805873787,620,109.23583261,-0.42572987,7.38,0.427,0.427,Healthy,Sub-Optimal
AME II,D002A,D02,2009,77,3,260774,0.37780111223191337,Stres Berat,0.4438040780412542,Stres Sedang,Pokok Utama,109.23385360001997,-0.4256693828807297,2733,109.23384295,-0.42570138,3.5,0.46,0.46,Abnormal,Good
AME II,D002A,D02,2009,77,5,260791,0.35059066041939807,Stres Berat,0.438345630456192,Stres Sedang,Pokok Utama,109.23400656152562,-0.4256708957784575,1552,109.23401632,-0.42568424,4.78,0.408,0.408,Healthy,Sub-Optimal
AME II,D002A,D02,2009,77,6,260801,0.38923179603214,Stres Berat,0.451269507104128,Stres Sedang,Pokok Utama,109.23408455496141,-0.4256657655929207,1245,109.23410704,-0.42567386,5.28,0.448,0.448,Healthy,Moderate
AME II,D002A,D02,2009,77,7,260735,0.37955254214344825,Stres Berat,0.4381746891063006,Stres Sedang,Pokok Utama,109.23416897464217,-0.4256566000999266,1748,109.2341578,-0.42565714,4.5,0.44,0.44,Healthy,Moderate
AME II,D002A,D02,2009,77,8,260742,0.3666962295835503,Stres Berat,0.4405529843263632,Stres Sedang,Pokok Utama,109.23425119809177,-0.42565912667733347,3334,109.23423012,-0.42563817,2.76,0.42,0.42,Abnormal,Sub-Optimal
AME II,D002A,D02,2009,77,9,260726,0.36545157272842943,Stres Berat,0.437043840793876,Stres Sedang,Pokok Utama,109.234334545338,-0.4256614012138959,2053,109.23434869,-0.42564679,4.17,0.409,0.409,Healthy,Sub-Optimal
AME II,D002A,D02,2009,77,10,260717,0.36341872076998594,Stres Berat,0.4397029943998786,Stres Sedang,Pokok Utama,109.23441091548611,-0.4256607803860667,590,109.23441336,-0.42563279,7.48,0.409,0.409,Healthy,Sub-Optimal
AME II,D002A,D02,2009,77,11,260576,0.3695535947256582,Stres Berat,0.45512245485440594,Stres Sedang,Pokok Utama,109.23455136691223,-0.4256540422813236,265,109.23456471,-0.42567804,9.5,0.523,0.523,Healthy,Good
AME II,D002A,D02,2009,77,12,260565,0.32723250504659146,Stres Berat,0.3811877901809147,Stres Berat,Pokok Utama,109.23471803947346,-0.42565246743201113,237,109.23470574,-0.42567536,9.77,0.408,0.408,Healthy,Sub-Optimal
AME II,D002A,D02,2009,77,14,260548,0.32217055349294227,Stres Berat,0.37253623823598964,Stres Berat,Pokok Utama,109.23488757005777,-0.425648206565976,1810,109.23485396,-0.42565414,4.43,0.426,0.426,Healthy,Sub-Optimal
AME II,D002A,D02,2009,77,17,260519,0.3832629082800582,Stres Berat,0.4418229623315001,Stres Sedang,Pokok Utama,109.23513402229865,-0.4256555040833535,2201,109.23512164,-0.42568675,4.02,0.484,0.484,Healthy,Good
AME II,D002A,D02,2009,77,18,260531,0.3227491445525163,Stres Berat,0.36053973460512384,Stres Berat,Pokok Utama,109.2352072637356,-0.4256512345843619,2561,109.23521507,-0.42563297,3.68,0.432,0.432,Healthy,Moderate
AME II,D002A,D02,2009,77,19,260508,0.4113796630371256,Stres Sedang,0.4227105460326689,Stres Sedang,Pokok Utama,109.23529535846134,-0.4256531683802628,2199,109.23527614,-0.42567503,4.02,0.376,0.376,Suspect,Critical
AME II,D002A,D02,2009,77,21,260468,0.39130777482162504,Stres Berat,0.4481031428613855,Stres Sedang,Pokok Utama,109.23546236170176,-0.42564347660229085,3429,109.23544727,-0.42566377,2.58,0.489,0.489,Healthy,Good
AME II,D002A,D02,2009,77,23,260451,0.42507904943059505,Stres Sedang,0.4621828310057467,Stres Sedang,Pokok Utama,109.23576998744471,-0.42564153811877314,1408,109.23576527,-0.4256132,4.98,0.443,0.443,Healthy,Moderate
AME II,D002A,D02,2009,78,2,260769,0.4253339386540564,Stres Sedang,0.4576964142660682,Stres Sedang,Pokok Utama,109.23372649507667,-0.42560137566560735,2652,109.23372484,-0.42563127,3.59,0.469,0.469,Abnormal,Good
AME II,D002A,D02,2009,78,3,260775,0.4553240149361747,Stres Sedang,0.4839409293535775,Stres Sedang,Pokok Utama,109.23379742870176,-0.4256054487041877,3518,109.23378324,-0.42559421,2.31,0.442,0.442,Abnormal,Moderate
AME II,D002A,D02,2009,78,4,260782,0.3800958392572753,Stres Berat,0.45178074586187583,Stres Sedang,Pokok Utama,109.2338956659843,-0.4256022809920619,2919,109.23390091,-0.42561594,3.34,0.471,0.471,Abnormal,Good
AME II,D002A,D02,2009,78,5,260792,0.3300614009665496,Stres Berat,0.4098148819599306,Stres Sedang,Pokok Utama,109.23398260294393,-0.425591635743285,2926,109.23395391,-0.42558023,3.34,0.432,0.432,Healthy,Moderate
AME II,D002A,D02,2009,78,6,260802,0.37236067749257634,Stres Berat,0.42721867181761336,Stres Sedang,Pokok Utama,109.23405270140537,-0.42559475364809407,1389,109.2340379,-0.42558703,5.0,0.438,0.438,Healthy,Moderate
AME II,D002A,D02,2009,78,7,260743,0.36093507088060417,Stres Berat,0.4190675917684353,Stres Sedang,Pokok Utama,109.23420653505903,-0.4256005983261922,2570,109.23419239,-0.42562867,3.67,0.459,0.459,Abnormal,Moderate
AME II,D002A,D02,2009,78,8,260727,0.40901948466199783,Stres Sedang,0.46554341034731944,Stres Sedang,Pokok Utama,109.23429685053044,-0.42559344172988556,915,109.23426561,-0.42559748,6.15,0.407,0.407,Healthy,Sub-Optimal
AME II,D002A,D02,2009,78,12,260557,0.41923392583536945,Stres Sedang,0.467111002371229,Stres Sedang,Pokok Utama,109.23476347374174,-0.42558238390601644,884,109.2347893,-0.42556821,6.25,0.487,0.487,Healthy,Good
AME II,D002A,D02,2009,78,14,260437,0.4031866679880657,Stres Sedang,0.44256991756570946,Stres Sedang,Pokok Utama,109.23493633522695,-0.42559342996064004,2797,109.23495592,-0.42560985,3.45,0.416,0.416,Healthy,Sub-Optimal
AME II,D002A,D02,2009,78,15,260542,0.40267403912914446,Stres Sedang,0.47338927014096005,Stres Sedang,Pokok Utama,109.23501967976655,-0.4255840381282701,3523,109.23505069,-0.42559947,2.3,0.488,0.488,Healthy,Good
AME II,D002A,D02,2009,78,16,260520,0.3976551282490169,Stres Berat,0.4648850732289993,Stres Sedang,Pokok Utama,109.23509550966843,-0.42557733304315387,2507,109.2350992,-0.42558411,3.73,0.474,0.474,Healthy,Good
AME II,D002A,D02,2009,78,17,260532,0.384452869032893,Stres Berat,0.4242273694952997,Stres Sedang,Pokok Utama,109.23516925123272,-0.4255858269309429,3365,109.23516073,-0.42559633,2.7,0.484,0.484,Healthy,Good
AME II,D002A,D02,2009,78,18,260509,0.35968800099700493,Stres Berat,0.3755266294490158,Stres Berat,Pokok Utama,109.23524456930701,-0.425582279537734,918,109.23523709,-0.4255647,6.13,0.531,0.531,Healthy,Good
AME II,D002A,D02,2009,78,20,260469,0.44674509937071744,Stres Sedang,0.47382888296315423,Stres Sedang,Pokok Utama,109.23541753862233,-0.4255736019439531,1818,109.23541674,-0.42558283,4.42,0.442,0.442,Healthy,Moderate
AME II,D002A,D02,2009,78,21,260476,0.37992604399673574,Stres Berat,0.44570142221744974,Stres Sedang,Pokok Utama,109.23549184766615,-0.4255792022038118,2925,109.2355124,-0.42560591,3.34,0.481,0.481,Healthy,Good
AME II,D002A,D02,2009,78,22,260482,0.3893460894875581,Stres Berat,0.45207623774481875,Stres Sedang,Pokok Utama,109.23557328874251,-0.4255779449978673,1913,109.23559864,-0.42559508,4.33,0.478,0.478,Healthy,Good
AME II,D002A,D02,2009,78,23,260487,0.41498463333106067,Stres Sedang,0.4549988243732229,Stres Sedang,Pokok Utama,109.23564885478379,-0.42557427376771173,1312,109.23565478,-0.42560097,5.14,0.495,0.495,Healthy,Good
AME II,D002A,D02,2009,78,25,260456,0.3986216936866669,Stres Berat,0.4287918946317008,Stres Sedang,Pokok Utama,109.23581300430475,-0.4255722380169866,916,109.23581244,-0.42555443,6.15,0.416,0.416,Healthy,Sub-Optimal
AME II,D002A,D02,2009,79,2,260776,0.39775605505806727,Stres Berat,0.43055542611474207,Stres Sedang,Pokok Utama,109.23375856182287,-0.4255249553954902,1189,109.23377876,-0.42553724,5.41,0.363,0.363,Suspect,Critical
AME II,D002A,D02,2009,79,3,260783,0.3780417718628517,Stres Berat,0.4464804461204072,Stres Sedang,Pokok Utama,109.23384656403499,-0.4255304909990112,1411,109.23385197,-0.42553273,4.96,0.369,0.369,Suspect,Critical
AME II,D002A,D02,2009,79,4,260793,0.365989934330955,Stres Berat,0.457864825106082,Stres Sedang,Pokok Utama,109.23392762083792,-0.42552019797276,2361,109.23391665,-0.42550245,3.87,0.402,0.402,Healthy,Sub-Optimal
AME II,D002A,D02,2009,79,5,260803,0.36309484643593243,Stres Berat,0.4310219994480096,Stres Sedang,Pokok Utama,109.23400342508923,-0.4255273377008017,2506,109.23403027,-0.42553413,3.74,0.454,0.454,Healthy,Moderate
AME II,D002A,D02,2009,79,7,260744,0.3886255563699901,Stres Berat,0.4608391516915525,Stres Sedang,Pokok Utama,109.23417649504043,-0.42551801810715073,1606,109.23417086,-0.42552286,4.7,0.427,0.427,Healthy,Sub-Optimal
AME II,D002A,D02,2009,79,8,260719,0.3990237004913151,Stres Berat,0.45042599297688085,Stres Sedang,Pokok Utama,109.2343298247817,-0.4255159283459558,2527,109.23434378,-0.42551431,3.72,0.546,0.546,Healthy,Good
AME II,D002A,D02,2009,79,11,260566,0.37669294533974,Stres Berat,0.4546842967124226,Stres Sedang,Pokok Utama,109.23464433365733,-0.42551450330703694,1994,109.23463841,-0.42548589,4.24,0.451,0.451,Healthy,Moderate
AME II,D002A,D02,2009,79,15,260543,0.39038710285212186,Stres Berat,0.463750945422082,Stres Sedang,Pokok Utama,109.2349726375378,-0.42551607647044576,2795,109.23499008,-0.42551129,3.45,0.409,0.409,Healthy,Sub-Optimal
AME II,D002A,D02,2009,79,16,260521,0.3697855186365221,Stres Berat,0.4391303646410642,Stres Sedang,Pokok Utama,109.23505042960309,-0.4255315669451718,2084,109.23504352,-0.42552668,4.15,0.496,0.496,Healthy,Good
AME II,D002A,D02,2009,79,17,260533,0.3763688351509037,Stres Berat,0.4434993684757641,Stres Sedang,Pokok Utama,109.23513679614635,-0.4255133100584248,2032,109.23515896,-0.42549279,4.2,0.505,0.505,Healthy,Good
AME II,D002A,D02,2009,79,18,260510,0.413638380961138,Stres Sedang,0.46239171738346857,Stres Sedang,Pokok Utama,109.23521188514127,-0.4255098430924699,1465,109.23524115,-0.42551994,4.9,0.456,0.456,Healthy,Moderate
AME II,D002A,D02,2009,79,19,260498,0.40223539687745674,Stres Sedang,0.4369522803421141,Stres Sedang,Pokok Utama,109.235315988388,-0.4255137627923172,1852,109.23532559,-0.42550504,4.39,0.466,0.466,Healthy,Good
AME II,D002A,D02,2009,79,20,260470,0.4482444998377234,Stres Sedang,0.47694695064709725,Stres Sedang,Pokok Utama,109.23536827660884,-0.425506277293696,1684,109.23537634,-0.42550595,4.59,0.477,0.477,Healthy,Good
AME II,D002A,D02,2009,79,21,260477,0.4240789400596562,Stres Sedang,0.4686561347930685,Stres Sedang,Pokok Utama,109.2354554206806,-0.42550948773224334,1418,109.23544954,-0.4255227,4.95,0.41,0.41,Healthy,Sub-Optimal
AME II,D002A,D02,2009,79,22,260483,0.4032637166010805,Stres Sedang,0.44949195591061997,Stres Sedang,Pokok Utama,109.2355210169096,-0.42550934368365034,3145,109.23552949,-0.42551368,3.05,0.435,0.435,Abnormal,Moderate
AME II,D002A,D02,2009,79,23,260488,0.41092637973853985,Stres Sedang,0.45989072720746255,Stres Sedang,Pokok Utama,109.2356124428136,-0.42550170894378453,856,109.23560585,-0.42549742,6.34,0.416,0.416,Healthy,Sub-Optimal
AME II,D002A,D02,2009,79,24,260453,0.42020187231103473,Stres Sedang,0.465130273533268,Stres Sedang,Pokok Utama,109.2356900810523,-0.42549853645607355,3003,109.23568086,-0.42547121,3.23,0.482,0.482,Healthy,Good
AME II,D002A,D02,2009,80,1,260753,0.37242931179754896,Stres Berat,0.4597745917482725,Stres Sedang,Pokok Utama,109.23365833038828,-0.42544520845902173,329,109.23366425,-0.42543774,9.04,0.459,0.459,Healthy,Moderate
AME II,D002A,D02,2009,80,4,260794,0.3539096662504249,Stres Berat,0.4272308944670178,Stres Sedang,Pokok Utama,109.23389337873603,-0.42544938895237006,1990,109.23390184,-0.42546673,4.25,0.422,0.422,Healthy,Sub-Optimal
AME II,D002A,D02,2009,80,5,260804,0.3598570686906738,Stres Berat,0.4332387686026422,Stres Sedang,Pokok Utama,109.233975837461,-0.4254521660679821,2268,109.23398852,-0.42547444,3.96,0.431,0.431,Healthy,Moderate
AME II,D002A,D02,2009,80,6,260737,0.33495406374874276,Stres Berat,0.4148208860379572,Stres Sedang,Pokok Utama,109.23405778834305,-0.42545636914436524,2079,109.23408823,-0.42547039,4.15,0.451,0.451,Healthy,Moderate
AME II,D002A,D02,2009,80,7,260745,0.3582698939344346,Stres Berat,0.4419086236162346,Stres Sedang,Pokok Utama,109.23413621806486,-0.4254563872202104,2124,109.23412551,-0.42546904,4.1,0.447,0.447,Healthy,Moderate
AME II,D002A,D02,2009,80,8,260728,0.39777792515785165,Stres Berat,0.46202577138011597,Stres Sedang,Pokok Utama,109.2342106876815,-0.4254548092002453,2744,109.23419603,-0.42542927,3.49,0.451,0.451,Healthy,Moderate
AME II,D002A,D02,2009,80,9,260720,0.40932610003017356,Stres Sedang,0.4490753089395681,Stres Sedang,Pokok Utama,109.23429467536711,-0.4254453343259706,3254,109.2342854,-0.42547857,2.9,0.417,0.417,Healthy,Sub-Optimal
AME II,D002A,D02,2009,80,10,260711,0.4058743833329683,Stres Sedang,0.46668354083516317,Stres Sedang,Pokok Utama,109.23437972678848,-0.42545876919269005,1750,109.23440128,-0.42543655,4.5,0.475,0.475,Healthy,Good
AME II,D002A,D02,2009,80,11,260579,0.3611653065619959,Stres Berat,0.4160631864689519,Stres Sedang,Pokok Utama,109.23445828809905,-0.4254450537140619,3599,109.2344682,-0.42546686,1.81,0.425,0.425,Healthy,Sub-Optimal
AME II,D002A,D02,2009,80,14,260559,0.30615264303321876,Stres Berat,0.3729668677909873,Stres Berat,Pokok Utama,109.23470345464662,-0.42544535255310884,2356,109.23467031,-0.42543752,3.87,0.47,0.47,Healthy,Good
AME II,D002A,D02,2009,80,17,260544,0.3794472557717915,Stres Berat,0.4371803557603879,Stres Sedang,Pokok Utama,109.2349386785036,-0.4254485962036593,3558,109.23492901,-0.42546742,2.16,0.424,0.424,Healthy,Sub-Optimal
AME II,D002A,D02,2009,80,19,260534,0.34801350359203054,Stres Berat,0.4314001706627396,Stres Sedang,Pokok Utama,109.23509431749002,-0.4254476906796421,3583,109.2350633,-0.42545162,1.99,0.461,0.461,Abnormal,Good
AME II,D002A,D02,2009,80,20,260499,0.3699622859649352,Stres Berat,0.40205303353881805,Stres Sedang,Pokok Utama,109.23524579303617,-0.42544270309243604,1500,109.2352205,-0.42544533,4.85,0.434,0.434,Healthy,Moderate
AME II,D002A,D02,2009,80,22,260484,0.3659291889208565,Stres Berat,0.4270284964056365,Stres Sedang,Pokok Utama,109.23550660933408,-0.4254391414401421,1159,109.23547606,-0.42544313,5.49,0.486,0.486,Healthy,Good
AME II,D002A,D02,2009,80,23,260454,0.3978426332969624,Stres Berat,0.4581749719721419,Stres Sedang,Pokok Utama,109.23565476142909,-0.4254375957444,2725,109.23566605,-0.42543548,3.51,0.405,0.405,Healthy,Sub-Optimal
AME II,D002A,D02,2009,80,24,260458,0.4112018988825682,Stres Sedang,0.44677493221703884,Stres Sedang,Pokok Utama,109.23573081511194,-0.4254384108478647,2679,109.23572309,-0.42543279,3.56,0.396,0.396,Healthy,Sub-Optimal
AME II,D002A,D02,2009,81,1,260754,0.37662647756464457,Stres Berat,0.43636056955176145,Stres Sedang,Pokok Utama,109.23367715354406,-0.4253823767378821,352,109.23367774,-0.42539479,8.84,0.421,0.421,Healthy,Sub-Optimal
AME II,D002A,D02,2009,81,2,260785,0.42025314503497424,Stres Sedang,0.4412698728707878,Stres Sedang,Pokok Utama,109.23376694673304,-0.42537679892346236,882,109.23376981,-0.42538983,6.25,0.413,0.413,Healthy,Sub-Optimal
AME II,D002A,D02,2009,81,3,260795,0.3694419506972725,Stres Berat,0.4092185521247399,Stres Sedang,Pokok Utama,109.23383994451775,-0.4253772027866865,1695,109.23386503,-0.42535594,4.58,0.579,0.579,Healthy,Good
AME II,D002A,D02,2009,81,5,260738,0.3642766181185732,Stres Berat,0.4351188568863178,Stres Sedang,Pokok Utama,109.23400731702478,-0.42537446697077413,845,109.23400337,-0.42535507,6.41,0.418,0.418,Healthy,Sub-Optimal
AME II,D002A,D02,2009,81,6,260730,0.3732142781524368,Stres Berat,0.4364228714822255,Stres Sedang,Pokok Utama,109.23410613067455,-0.42538460160478797,2947,109.2341125,-0.42538901,3.31,0.439,0.439,Healthy,Moderate
AME II,D002A,D02,2009,81,7,260746,0.37074615848370085,Stres Berat,0.45995885780697615,Stres Sedang,Pokok Utama,109.23410929959707,-0.4253814119704327,2947,109.2341125,-0.42538901,3.31,0.439,0.439,Healthy,Moderate
AME II,D002A,D02,2009,81,8,260729,0.3829477085747623,Stres Berat,0.45990247050002014,Stres Sedang,Pokok Utama,109.23417267682505,-0.42538621212119093,2739,109.23417045,-0.42535556,3.5,0.468,0.468,Healthy,Good
AME II,D002A,D02,2009,81,9,260721,0.4055396385969223,Stres Sedang,0.46551240222134554,Stres Sedang,Pokok Utama,109.23424555919911,-0.4253767346856303,3469,109.23422165,-0.42536055,2.46,0.489,0.489,Healthy,Good
AME II,D002A,D02,2009,81,10,260712,0.4157318629605781,Stres Sedang,0.4762430155062461,Stres Sedang,Pokok Utama,109.2343271625967,-0.42538034626515153,1568,109.23432,-0.42537685,4.75,0.517,0.517,Healthy,Good
AME II,D002A,D02,2009,81,11,260580,0.3819295523575892,Stres Berat,0.43527371909509616,Stres Sedang,Pokok Utama,109.23441664694764,-0.4253860259818709,2357,109.23442421,-0.42536195,3.87,0.44,0.44,Abnormal,Moderate
AME II,D002A,D02,2009,81,12,260703,0.37560417215872094,Stres Berat,0.43244244602751397,Stres Sedang,Pokok Utama,109.23447986765841,-0.4253799790341223,2350,109.23449067,-0.42538186,3.88,0.45,0.45,Abnormal,Moderate
AME II,D002A,D02,2009,81,15,260552,0.40242962115356956,Stres Sedang,0.43241044769708353,Stres Sedang,Pokok Utama,109.23473117800964,-0.42537397541314714,2242,109.23470941,-0.42535478,3.99,0.393,0.393,Healthy,Sub-Optimal
AME II,D002A,D02,2009,81,16,260440,0.3796614529572567,Stres Berat,0.39290789064076953,Stres Berat,Pokok Utama,109.23479853611947,-0.42537997557710666,3601,109.2348145,-0.42539821,1.79,0.453,0.453,Abnormal,Moderate
AME II,D002A,D02,2009,81,18,260523,0.40100765175631514,Stres Sedang,0.4548877235865257,Stres Sedang,Pokok Utama,109.23497995771571,-0.42537698615393044,2465,109.2349717,-0.42534806,3.76,0.409,0.409,Healthy,Sub-Optimal
AME II,D002A,D02,2009,81,19,260512,0.3752641510689489,Stres Berat,0.45089130805898764,Stres Sedang,Pokok Utama,109.23505601094287,-0.4253757286083137,3134,109.23502515,-0.42535983,3.07,0.606,0.606,Healthy,Good
AME II,D002A,D02,2009,81,20,260511,0.3771744658598244,Stres Berat,0.4410817309797509,Stres Sedang,Pokok Utama,109.23513871948546,-0.4253782995872445,2146,109.23511991,-0.42539602,4.08,0.384,0.384,Healthy,Critical
AME II,D002A,D02,2009,81,21,260500,0.3956351223415164,Stres Berat,0.44160310379587686,Stres Sedang,Pokok Utama,109.23521635987753,-0.4253655569052983,2428,109.23524343,-0.42536033,3.8,0.44,0.44,Healthy,Moderate
AME II,D002A,D02,2009,81,23,260479,0.41069955950069764,Stres Sedang,0.43704231279896844,Stres Sedang,Pokok Utama,109.23537939745498,-0.4253746862691344,1609,109.23535615,-0.42538929,4.7,0.452,0.452,Healthy,Moderate
AME II,D002A,D02,2009,81,24,260485,0.28757652578018467,Stres Sangat Berat,0.34112430269027255,Stres Berat,Pokok Utama,109.23544724058624,-0.42536121969658425,1760,109.23544689,-0.42533461,4.48,0.405,0.405,Healthy,Sub-Optimal
AME II,D002A,D02,2009,81,26,260455,0.371841412051791,Stres Berat,0.41465195346796146,Stres Sedang,Pokok Utama,109.2356202369059,-0.42536421387112316,2437,109.23559241,-0.42534956,3.79,0.411,0.411,Abnormal,Sub-Optimal
AME II,D002A,D02,2009,81,27,260459,0.3348135960669745,Stres Berat,0.3757406253107239,Stres Berat,Pokok Utama,109.23569531844892,-0.42536594932459015,2455,109.23568133,-0.42536405,3.77,0.388,0.388,Healthy,Critical
AME II,D002A,D02,2009,81,28,260460,0.37371063166735125,Stres Berat,0.41357720088070404,Stres Sedang,Pokok Utama,109.23578126170274,-0.4253684749224611,1092,109.23574961,-0.42535186,5.66,0.486,0.486,Healthy,Good
AME II,D002A,D02,2009,82,1,260755,0.3546251469806844,Stres Berat,0.39955747726619545,Stres Berat,Pokok Utama,109.23364911697101,-0.42531823293145476,275,109.23364362,-0.42533012,9.42,0.412,0.412,Healthy,Sub-Optimal
AME II,D002A,D02,2009,82,3,260808,0.4036130040340979,Stres Sedang,0.48476946969832985,Stres Sedang,Pokok Utama,109.23389817020715,-0.4253106851748675,2862,109.2338893,-0.42528134,3.4,0.514,0.514,Abnormal,Good
AME II,D002A,D02,2009,82,5,260822,0.37974665006407265,Stres Berat,0.4788743923513257,Stres Sedang,Pokok Utama,109.23407268139646,-0.42529947772093907,1417,109.23404201,-0.42529178,4.96,0.464,0.464,Healthy,Good
AME II,D002A,D02,2009,82,6,260830,0.38612848150888907,Stres Berat,0.4694451426342465,Stres Sedang,Pokok Utama,109.23414398208652,-0.4253010893298959,2616,109.23412869,-0.42528411,3.63,0.473,0.473,Abnormal,Good
AME II,D002A,D02,2009,82,7,260835,0.39416276676911516,Stres Berat,0.45332007132974783,Stres Sedang,Pokok Utama,109.23420894187714,-0.42531067448509247,1445,109.23417764,-0.42531487,4.92,0.432,0.432,Healthy,Moderate
AME II,D002A,D02,2009,82,8,260836,0.41887744654782666,Stres Sedang,0.472942533847448,Stres Sedang,Pokok Utama,109.23425939396458,-0.4253112576245863,2653,109.23428813,-0.42530811,3.59,0.57,0.57,Healthy,Good
AME II,D002A,D02,2009,82,10,260581,0.3795319782485454,Stres Berat,0.43870896346670546,Stres Sedang,Pokok Utama,109.23441492269842,-0.42530115174484867,2343,109.23443365,-0.4252973,3.89,0.495,0.495,Abnormal,Good
AME II,D002A,D02,2009,82,11,260569,0.39454439226102417,Stres Berat,0.44227860894354837,Stres Sedang,Pokok Utama,109.23450111562843,-0.4253075514247772,1703,109.2345154,-0.42529008,4.57,0.424,0.424,Healthy,Sub-Optimal
AME II,D002A,D02,2009,82,12,260561,0.37043558256806985,Stres Berat,0.4295514810299766,Stres Sedang,Pokok Utama,109.23462933676,-0.4252944396906816,1015,109.23464249,-0.4253204,5.88,0.405,0.405,Healthy,Sub-Optimal
AME II,D002A,D02,2009,82,18,260935,0.41809936221263355,Stres Sedang,0.47403434555594215,Stres Sedang,Pokok Utama,109.23509231216558,-0.4252991717952338,2050,109.23510915,-0.42529745,4.18,0.515,0.515,Healthy,Good
AME II,D002A,D02,2009,82,19,260913,0.4234349192679739,Stres Sedang,0.46189765239922476,Stres Sedang,Pokok Utama,109.23518287711154,-0.4252972122333715,2615,109.23519224,-0.42532189,3.63,0.452,0.452,Healthy,Moderate
AME II,D002A,D02,2009,82,20,260902,0.3887707460256843,Stres Berat,0.4215321422535272,Stres Sedang,Pokok Utama,109.23525940563951,-0.425299431821064,1998,109.23526724,-0.42531919,4.24,0.464,0.464,Healthy,Good
AME II,D002A,D02,2009,82,21,260863,0.40382757835604693,Stres Sedang,0.43210973673894143,Stres Sedang,Pokok Utama,109.23533070402786,-0.42530742415282197,1873,109.23535392,-0.4253165,4.37,0.5,0.5,Healthy,Good
AME II,D002A,D02,2009,82,22,260871,0.4012427226867671,Stres Sedang,0.4483838314070282,Stres Sedang,Pokok Utama,109.23541658291956,-0.4253005839121243,1964,109.23539166,-0.4252835,4.28,0.527,0.527,Healthy,Good
AME II,D002A,D02,2009,82,23,260879,0.3824730765261514,Stres Berat,0.43452062776344086,Stres Sedang,Pokok Utama,109.23558270752059,-0.42531124857310454,1071,109.23556098,-0.4253066,5.7,0.441,0.441,Healthy,Moderate
AME II,D002A,D02,2009,82,24,260887,0.3865759442922471,Stres Berat,0.4351295731834233,Stres Sedang,Pokok Utama,109.23565637721192,-0.4253001001504095,2719,109.2356544,-0.4253134,3.52,0.492,0.492,Healthy,Good
AME II,D002A,D02,2009,82,25,260898,0.4342601135895608,Stres Sedang,0.4714590759473697,Stres Sedang,Pokok Utama,109.23573299703287,-0.4253038624893964,3301,109.23571549,-0.42527453,2.82,0.438,0.438,Healthy,Moderate
AME II,D002A,D02,2009,82,26,260901,0.35567236096234395,Stres Berat,0.3902542365721059,Stres Berat,Pokok Utama,109.23582915753194,-0.425305001432108,2839,109.23580037,-0.42529897,3.42,0.495,0.495,Healthy,Good
AME II,D002A,D02,2009,83,1,260756,0.38535333112558984,Stres Berat,0.4255288160997085,Stres Sedang,Pokok Utama,109.23367994609414,-0.4252369571980447,313,109.23369439,-0.42525327,9.16,0.449,0.449,Healthy,Moderate
AME II,D002A,D02,2009,83,3,260809,0.40727036555079876,Stres Sedang,0.4441776250478705,Stres Sedang,Pokok Utama,109.23384453627074,-0.42523190572869835,1709,109.23383227,-0.42524154,4.56,0.532,0.532,Healthy,Good
AME II,D002A,D02,2009,83,4,260807,0.3677572144951741,Stres Berat,0.44693067874104403,Stres Sedang,Pokok Utama,109.23394176142608,-0.4252277457476619,3146,109.23394949,-0.42525423,3.05,0.495,0.495,Healthy,Good
AME II,D002A,D02,2009,83,5,260816,0.40223101415377666,Stres Sedang,0.46632807048894065,Stres Sedang,Pokok Utama,109.23400951165672,-0.42523942589862224,3370,109.23400565,-0.42521265,2.69,0.424,0.424,Healthy,Sub-Optimal
AME II,D002A,D02,2009,83,6,260823,0.39503926236046727,Stres Berat,0.4639078990545685,Stres Sedang,Pokok Utama,109.23410501930002,-0.42523539393023313,1227,109.23409008,-0.42523572,5.32,0.489,0.489,Healthy,Good
AME II,D002A,D02,2009,83,7,260831,0.3974508444117438,Stres Berat,0.4498155865269142,Stres Sedang,Pokok Utama,109.23417790291535,-0.42524019536145496,2654,109.23417811,-0.42523574,3.59,0.485,0.485,Healthy,Good
AME II,D002A,D02,2009,83,9,260839,0.4220386292014831,Stres Sedang,0.453871931856101,Stres Sedang,Pokok Utama,109.23433793091203,-0.4252466129512344,1370,109.23435057,-0.4252593,5.04,0.385,0.385,Healthy,Critical
AME II,D002A,D02,2009,83,10,260702,0.3796084776913611,Stres Berat,0.43720673208232397,Stres Sedang,Pokok Utama,109.23442349089542,-0.42524757403225627,2132,109.23445432,-0.42525344,4.09,0.443,0.443,Healthy,Moderate
AME II,D002A,D02,2009,83,13,260855,0.3681241277082376,Stres Berat,0.41826286505650473,Stres Sedang,Pokok Utama,109.23467566146985,-0.42523501533265357,141,109.23467216,-0.42520647,10.6,0.4,0.4,Healthy,Sub-Optimal
AME II,D002A,D02,2009,83,15,260944,0.41239863914621017,Stres Sedang,0.40982729696983977,Stres Sedang,Pokok Utama,109.23481065515216,-0.42524350070578637,2376,109.23477725,-0.42525397,3.85,0.425,0.425,Abnormal,Sub-Optimal
AME II,D002A,D02,2009,83,16,260943,0.34432399494126803,Stres Berat,0.3968387990608404,Stres Berat,Pokok Utama,109.2348881369623,-0.4252328306399363,823,109.23489943,-0.42520019,6.5,0.48,0.48,Healthy,Good
AME II,D002A,D02,2009,83,17,260946,0.36552235224162755,Stres Berat,0.4224607806024826,Stres Sedang,Pokok Utama,109.23497227028948,-0.42523875236905345,2248,109.23496544,-0.42523321,3.98,0.406,0.406,Healthy,Sub-Optimal
AME II,D002A,D02,2009,83,18,260924,0.3896963436268969,Stres Berat,0.4650552505853473,Stres Sedang,Pokok Utama,109.23504954600213,-0.4252377519201412,2556,109.23506649,-0.42525223,3.68,0.544,0.544,Healthy,Good
AME II,D002A,D02,2009,83,19,260936,0.37900813185773036,Stres Berat,0.4549332935870285,Stres Sedang,Pokok Utama,109.23513147297342,-0.4252327428800813,3104,109.23515273,-0.42522828,3.12,0.477,0.477,Healthy,Good
AME II,D002A,D02,2009,83,20,260914,0.3904751421689793,Stres Berat,0.4591785130451406,Stres Sedang,Pokok Utama,109.23521671760327,-0.425226223518976,2634,109.23522414,-0.42524774,3.61,0.495,0.495,Healthy,Good
AME II,D002A,D02,2009,83,21,260903,0.3875683734557875,Stres Berat,0.4326334466116585,Stres Sedang,Pokok Utama,109.23529118726084,-0.42522464547831657,3077,109.23528479,-0.42519485,3.15,0.448,0.448,Healthy,Moderate
AME II,D002A,D02,2009,83,25,260888,0.4219097934590489,Stres Sedang,0.4583245318600799,Stres Sedang,Pokok Utama,109.23569481352162,-0.42522795858778795,2382,109.23568675,-0.42523383,3.84,0.453,0.453,Healthy,Moderate
AME II,D002A,D02,2009,83,26,260899,0.42400432314006237,Stres Sedang,0.46753853587204636,Stres Sedang,Pokok Utama,109.23576619031512,-0.42523094382823196,2870,109.23576715,-0.42523249,3.39,0.512,0.512,Healthy,Good
AME II,D002A,D02,2009,84,1,260813,0.3681186679968268,Stres Berat,0.42089270788511596,Stres Sedang,Pokok Utama,109.23365800957177,-0.425165318167533,238,109.23365937,-0.42518996,9.76,0.465,0.465,Healthy,Good
AME II,D002A,D02,2009,84,2,260810,0.4146695708559749,Stres Sedang,0.4510666374733906,Stres Sedang,Pokok Utama,109.23380481961358,-0.42515931489220005,1466,109.23378379,-0.42515246,4.89,0.489,0.489,Healthy,Good
AME II,D002A,D02,2009,84,3,260846,0.3958449022127409,Stres Berat,0.44540843237650657,Stres Sedang,Pokok Utama,109.23388146940876,-0.42516522495535053,926,109.23388439,-0.4251778,6.11,0.385,0.385,Healthy,Critical
AME II,D002A,D02,2009,84,4,260817,0.3781406204273171,Stres Berat,0.43307178239414895,Stres Sedang,Pokok Utama,109.23396991806432,-0.4251628534593437,2279,109.23397961,-0.4251421,3.96,0.416,0.416,Healthy,Sub-Optimal
AME II,D002A,D02,2009,84,5,327116,0.31662139035569176,Stres Berat,0.3673520930151633,Stres Berat,Tamb,109.23403113550859,-0.4251730906516739,3563,109.23403485,-0.42518462,2.13,0.356,0.356,Abnormal,Critical
AME II,D002A,D02,2009,84,6,260824,0.3842240100981033,Stres Berat,0.4362398401112875,Stres Sedang,Pokok Utama,109.23413786683044,-0.4251738983564213,2014,109.23411209,-0.42519187,4.22,0.418,0.418,Healthy,Sub-Optimal
AME II,D002A,D02,2009,84,7,260832,0.42249633599863523,Stres Sedang,0.4489091023641373,Stres Sedang,Pokok Utama,109.23420758402555,-0.4251708832047054,1318,109.23423067,-0.42518828,5.13,0.432,0.432,Healthy,Moderate
AME II,D002A,D02,2009,84,8,260840,0.39765976655567564,Stres Berat,0.43798844201577697,Stres Sedang,Pokok Utama,109.23429631367411,-0.42516930845642925,1394,109.23431106,-0.42517926,5.0,0.44,0.44,Healthy,Moderate
AME II,D002A,D02,2009,84,10,260847,0.38366838681950655,Stres Berat,0.4353651987368605,Stres Sedang,Pokok Utama,109.23445063773914,-0.42517540550716587,2720,109.23445884,-0.42514628,3.51,0.473,0.473,Healthy,Good
AME II,D002A,D02,2009,84,12,260856,0.3616552984299416,Stres Berat,0.4190649368741491,Stres Sedang,Pokok Utama,109.2346349366447,-0.425167626665468,350,109.23464747,-0.42517707,8.84,0.379,0.379,Suspect,Critical
AME II,D002A,D02,2009,84,14,260993,0.4022466893150069,Stres Sedang,0.408145529535908,Stres Sedang,Pokok Utama,109.23485768517219,-0.4251675242182545,2140,109.23484239,-0.4251839,4.09,0.513,0.513,Healthy,Good
AME II,D002A,D02,2009,84,15,260947,0.3646488688888192,Stres Berat,0.43729984783546516,Stres Sedang,Pokok Utama,109.23502310279794,-0.4251622974706891,3059,109.23502564,-0.42517083,3.17,0.405,0.405,Healthy,Sub-Optimal
AME II,D002A,D02,2009,84,16,260925,0.33860111100886237,Stres Berat,0.4209337902248354,Stres Sedang,Pokok Utama,109.23508917441083,-0.4251611967747814,3234,109.2351002,-0.42517311,2.93,0.393,0.393,Healthy,Sub-Optimal
AME II,D002A,D02,2009,84,17,260937,0.3468854790611674,Stres Berat,0.41627858892938113,Stres Sedang,Pokok Utama,109.23517251187289,-0.4251631918501951,2709,109.23519003,-0.42516182,3.53,0.466,0.466,Healthy,Good
AME II,D002A,D02,2009,84,18,260915,0.37966671589274303,Stres Berat,0.4209910950426442,Stres Sedang,Pokok Utama,109.23525220902584,-0.42516352941140156,2110,109.23523404,-0.42518625,4.12,0.394,0.394,Healthy,Sub-Optimal
AME II,D002A,D02,2009,84,20,260865,0.3790500207713394,Stres Berat,0.41552823726412624,Stres Sedang,Pokok Utama,109.23542666333574,-0.4251580840845668,2418,109.23539977,-0.42518086,3.81,0.484,0.484,Abnormal,Good
AME II,D002A,D02,2009,84,21,327113,0.2698259494602276,Stres Sangat Berat,0.34583675464412494,Stres Berat,Tamb,109.2355023168161,-0.42516092562069924,1368,109.23548915,-0.425142,5.04,0.465,0.465,Healthy,Good
AME II,D002A,D02,2009,84,22,260880,0.3915926092702777,Stres Berat,0.42633944449033706,Stres Sedang,Pokok Utama,109.23557321927628,-0.42516012445069695,747,109.23556909,-0.42518588,6.81,0.469,0.469,Healthy,Good
AME II,D002A,D02,2009,84,24,260889,0.383132633290248,Stres Berat,0.41334842987721465,Stres Sedang,Pokok Utama,109.23573087876223,-0.4251581540896907,3337,109.23572404,-0.42518817,2.75,0.392,0.392,Healthy,Sub-Optimal
AME II,D002A,D02,2009,85,2,260811,0.40528680699913117,Stres Sedang,0.442847153630291,Stres Sedang,Pokok Utama,109.2337639525231,-0.42510538217798005,1886,109.23376897,-0.42511719,4.35,0.479,0.479,Healthy,Good
AME II,D002A,D02,2009,85,7,327114,0.34904448867459825,Stres Berat,0.39605501819796,Stres Berat,Tamb,109.23417409863234,-0.4250944261078094,1203,109.23415434,-0.42508201,5.38,0.459,0.459,Healthy,Moderate
AME II,D002A,D02,2009,85,8,260833,0.3995140754565463,Stres Berat,0.43339124542165,Stres Sedang,Pokok Utama,109.2342535516995,-0.42508954491388684,2404,109.23425494,-0.42511775,3.82,0.454,0.454,Abnormal,Moderate
AME II,D002A,D02,2009,85,9,260841,0.4007001171604087,Stres Sedang,0.43420487278386166,Stres Sedang,Pokok Utama,109.23434069535203,-0.4250943496216091,2473,109.23433175,-0.42506442,3.76,0.428,0.428,Healthy,Sub-Optimal
AME II,D002A,D02,2009,85,10,260844,0.34595150389121626,Stres Berat,0.40377357693351046,Stres Sedang,Pokok Utama,109.23442150045453,-0.42510074895630495,3435,109.23441213,-0.4251196,2.57,0.441,0.441,Healthy,Moderate
AME II,D002A,D02,2009,85,11,260848,0.3747790006758176,Stres Berat,0.42756840033971194,Stres Sedang,Pokok Utama,109.23450072401269,-0.42509789604821063,1464,109.23448984,-0.42510921,4.9,0.438,0.438,Healthy,Moderate
AME II,D002A,D02,2009,85,12,260857,0.3696130509770542,Stres Berat,0.43220911662536304,Stres Sedang,Pokok Utama,109.23458339559755,-0.42509695742862863,1161,109.23455362,-0.42509793,5.49,0.391,0.391,Healthy,Sub-Optimal
AME II,D002A,D02,2009,85,13,260963,0.3419784425538542,Stres Berat,0.386868609918548,Stres Berat,Pokok Utama,109.23474169735138,-0.4250985438381429,1302,109.23473552,-0.42506586,5.16,0.565,0.565,Healthy,Good
AME II,D002A,D02,2009,85,14,260992,0.35975920041499415,Stres Berat,0.38047236443566473,Stres Berat,Pokok Utama,109.23481169827348,-0.42510409064241655,1545,109.23483208,-0.42508714,4.79,0.431,0.431,Healthy,Moderate
AME II,D002A,D02,2009,85,15,260994,0.40651715134548466,Stres Sedang,0.4444770078656912,Stres Sedang,Pokok Utama,109.23489510936326,-0.42509429639232094,1691,109.2348972,-0.42510479,4.58,0.464,0.464,Healthy,Good
AME II,D002A,D02,2009,85,16,260956,0.36941194814304595,Stres Berat,0.4408505479578361,Stres Sedang,Pokok Utama,109.23497628054623,-0.4250907602767088,1646,109.23496054,-0.42507406,4.64,0.488,0.488,Healthy,Good
AME II,D002A,D02,2009,85,17,260948,0.3365900075797124,Stres Berat,0.39792102023108944,Stres Berat,Pokok Utama,109.23506326526132,-0.4250994244889205,3283,109.23507596,-0.42511206,2.85,0.379,0.379,Healthy,Critical
AME II,D002A,D02,2009,85,18,260926,0.3314776263617654,Stres Berat,0.3814889225376276,Stres Berat,Pokok Utama,109.23513070231708,-0.4250940540054888,1347,109.23510965,-0.42508042,5.09,0.511,0.511,Healthy,Good
AME II,D002A,D02,2009,85,19,260938,0.3386134268887704,Stres Berat,0.37766471303616483,Stres Berat,Pokok Utama,109.23521436286028,-0.42508944686560607,3262,109.23520216,-0.42511254,2.89,0.408,0.408,Healthy,Sub-Optimal
AME II,D002A,D02,2009,85,20,260916,0.34354879767059177,Stres Berat,0.35567754549984454,Stres Berat,Pokok Utama,109.23529200016505,-0.4250942493773115,3585,109.23531355,-0.42510895,1.97,0.422,0.422,Abnormal,Sub-Optimal
AME II,D002A,D02,2009,85,21,260905,0.4205926378400463,Stres Sedang,0.4476491256198557,Stres Sedang,Pokok Utama,109.23536805419889,-0.4250894822326434,1060,109.23537553,-0.42511304,5.74,0.462,0.462,Healthy,Good
AME II,D002A,D02,2009,85,23,260881,0.3309712154923914,Stres Berat,0.37246453845236194,Stres Berat,Pokok Utama,109.2356163170179,-0.4250905575964872,1986,109.23559381,-0.42511309,4.26,0.41,0.41,Healthy,Sub-Optimal
AME II,D002A,D02,2009,86,1,260815,0.40735002371697937,Stres Sedang,0.45338590314668303,Stres Sedang,Pokok Utama,109.23364672346068,-0.42501624202216537,245,109.23364009,-0.42504843,9.66,0.364,0.364,Suspect,Critical
AME II,D002A,D02,2009,86,3,260820,0.4467337706600148,Stres Sedang,0.4687357127200672,Stres Sedang,Pokok Utama,109.2338178413011,-0.4250272360958311,180,109.23384175,-0.42503446,10.25,0.532,0.532,Healthy,Good
AME II,D002A,D02,2009,86,6,260827,0.3244618858146356,Stres Berat,0.3899339259583123,Stres Berat,Pokok Utama,109.23405550905088,-0.4250272908212924,2637,109.23405554,-0.4250214,3.61,0.493,0.493,Abnormal,Good
AME II,D002A,D02,2009,86,7,260826,0.4224965928594379,Stres Sedang,0.47545134590214017,Stres Sedang,Pokok Utama,109.23411952100467,-0.42502571037715164,1958,109.23411753,-0.4249979,4.29,0.464,0.464,Healthy,Good
AME II,D002A,D02,2009,86,10,260845,0.42600652830732977,Stres Sedang,0.45468553437266185,Stres Sedang,Pokok Utama,109.23437762918273,-0.42502066503359537,2783,109.23434838,-0.42501378,3.46,0.513,0.513,Abnormal,Good
AME II,D002A,D02,2009,86,11,260852,0.41132877749230606,Stres Sedang,0.4419472420655797,Stres Sedang,Pokok Utama,109.23447833105986,-0.4250345502065858,1745,109.2344894,-0.42505631,4.5,0.438,0.438,Healthy,Moderate
AME II,D002A,D02,2009,86,15,260991,0.4231396117392288,Stres Sedang,0.4385773644048291,Stres Sedang,Pokok Utama,109.23474379268875,-0.4250367002394794,1302,109.23473552,-0.42506586,5.16,0.565,0.565,Healthy,Good
AME II,D002A,D02,2009,86,16,260995,0.46102755450800925,Stres Sedang,0.4770551607070869,Stres Sedang,Pokok Utama,109.23480320745088,-0.42504245621082953,1630,109.23481996,-0.42504825,4.66,0.5,0.5,Healthy,Good
AME II,D002A,D02,2009,86,19,260957,0.3912981943776007,Stres Berat,0.4541527802192943,Stres Sedang,Pokok Utama,109.23500998352996,-0.42502400094117,2748,109.23500861,-0.42499313,3.49,0.475,0.475,Healthy,Good
AME II,D002A,D02,2009,86,20,260949,0.40690376551254936,Stres Sedang,0.4534521994108476,Stres Sedang,Pokok Utama,109.2350871476686,-0.42501987158324783,3366,109.23510113,-0.42499994,2.69,0.415,0.415,Healthy,Sub-Optimal
AME II,D002A,D02,2009,86,21,260927,0.39217333088558826,Stres Berat,0.4327731112436007,Stres Sedang,Pokok Utama,109.23517731275341,-0.42501451536918344,2301,109.2351649,-0.4250316,3.93,0.41,0.41,Healthy,Sub-Optimal
AME II,D002A,D02,2009,86,22,260939,0.39929545187723686,Stres Berat,0.4129983973856881,Stres Sedang,Pokok Utama,109.23524386002634,-0.42501134031432547,956,109.23522689,-0.42498866,6.02,0.515,0.515,Healthy,Good
AME II,D002A,D02,2009,86,23,260917,0.4241165858270553,Stres Sedang,0.4295401884095738,Stres Sedang,Pokok Utama,109.23533100679636,-0.42500657481464826,1285,109.23535668,-0.42503164,5.2,0.467,0.467,Healthy,Good
AME II,D002A,D02,2009,86,25,260867,0.3611033069842992,Stres Berat,0.40784582442822975,Stres Sedang,Pokok Utama,109.23549367526863,-0.42501931130884335,1345,109.23551703,-0.42500365,5.09,0.492,0.492,Healthy,Good
AME II,D002A,D02,2009,86,27,260882,0.33859075482300666,Stres Berat,0.3777633144481383,Stres Berat,Pokok Utama,109.23564614358644,-0.42501361945689664,873,109.23566748,-0.4250394,6.28,0.446,0.446,Healthy,Moderate
AME II,D002A,D02,2009,86,28,260895,0.38032727446270453,Stres Berat,0.4166960132562759,Stres Sedang,Pokok Utama,109.23572774080391,-0.4250209757094956,1514,109.23572678,-0.42501364,4.83,0.415,0.415,Healthy,Sub-Optimal
AME II,D002A,D02,2009,86,29,260891,0.40690770234808393,Stres Sedang,0.435842353661712,Stres Sedang,Pokok Utama,109.23580696702311,-0.42500663818348144,401,109.23581931,-0.42498021,8.51,0.442,0.442,Healthy,Moderate
AME II,D002A,D02,2009,87,1,261048,0.42495381374311164,Stres Sedang,0.44663690456577965,Stres Sedang,Pokok Utama,109.2337250096459,-0.4249520856272225,326,109.23372859,-0.42492456,9.09,0.462,0.462,Healthy,Good
AME II,D002A,D02,2009,87,2,261061,0.38507361708450993,Stres Berat,0.4208568395168574,Stres Sedang,Pokok Utama,109.2338421011205,-0.4249509966823099,1276,109.23384941,-0.42492188,5.22,0.472,0.472,Healthy,Good
AME II,D002A,D02,2009,87,3,261072,0.40842095602315875,Stres Sedang,0.4669978965689112,Stres Sedang,Pokok Utama,109.23400371515987,-0.4249467267164497,1660,109.23399897,-0.42492598,4.63,0.474,0.474,Healthy,Good
AME II,D002A,D02,2009,87,4,261075,0.39571373403573645,Stres Berat,0.45348333606523855,Stres Sedang,Pokok Utama,109.2340964969147,-0.42495295427451485,3097,109.23406769,-0.42494363,3.13,0.456,0.456,Abnormal,Moderate
AME II,D002A,D02,2009,87,5,261081,0.3634279892030928,Stres Berat,0.427947979884547,Stres Sedang,Pokok Utama,109.23418039317309,-0.42496233217088564,3550,109.23417951,-0.42498164,2.22,0.426,0.426,Abnormal,Sub-Optimal
AME II,D002A,D02,2009,87,9,260851,0.33842085147558526,Stres Berat,0.3857214122177568,Stres Berat,Pokok Utama,109.23450455769078,-0.42496008092871074,2737,109.23452625,-0.424979,3.5,0.418,0.418,Healthy,Sub-Optimal
AME II,D002A,D02,2009,87,10,260850,0.3654507976410438,Stres Berat,0.4077422639949145,Stres Sedang,Pokok Utama,109.23457902767906,-0.4249569086065162,1771,109.23456039,-0.42492656,4.48,0.464,0.464,Healthy,Good
AME II,D002A,D02,2009,87,11,260965,0.3942212154665339,Stres Berat,0.45842154622615083,Stres Sedang,Pokok Utama,109.23466554096323,-0.4249489526022309,2746,109.234661,-0.42491528,3.49,0.48,0.48,Abnormal,Good
AME II,D002A,D02,2009,87,12,354363,0.3723276955474821,Stres Berat,0.35795483897311725,Stres Berat,Pokok Utama,109.23474875206973,-0.4249376616871883,1215,109.23474184,-0.42493519,5.35,0.434,0.434,Healthy,Moderate
AME II,D002A,D02,2009,87,13,260996,0.3723276955474821,Stres Berat,0.4682921064380272,Stres Sedang,Pokok Utama,109.23483715940071,-0.42495921609479564,2682,109.23486085,-0.42497999,3.55,0.463,0.463,Healthy,Good
AME II,D002A,D02,2009,87,14,261014,0.4170388776239131,Stres Sedang,0.45298616872011205,Stres Sedang,Pokok Utama,109.23490700793738,-0.4249633639079923,3192,109.23490173,-0.42496281,2.99,0.419,0.419,Healthy,Sub-Optimal
AME II,D002A,D02,2009,87,15,261018,0.3906651485588747,Stres Berat,0.4519088679025206,Stres Sedang,Pokok Utama,109.23497989303142,-0.42496178549540464,2420,109.2349664,-0.42496373,3.81,0.429,0.429,Healthy,Sub-Optimal
AME II,D002A,D02,2009,87,16,260958,0.41248713060403647,Stres Sedang,0.4863633918504689,Stres Sedang,Pokok Utama,109.23505389096808,-0.4249448948462747,3303,109.23504904,-0.42496692,2.81,0.498,0.498,Healthy,Good
AME II,D002A,D02,2009,87,17,260950,0.40197839738722074,Stres Sedang,0.46751130460295404,Stres Sedang,Pokok Utama,109.2351367581521,-0.42494108601404235,3187,109.23510968,-0.42492307,3.0,0.432,0.432,Healthy,Moderate
AME II,D002A,D02,2009,87,19,260940,0.38323806101908403,Stres Berat,0.4032240618196091,Stres Sedang,Pokok Utama,109.2353013311265,-0.42494112387346517,2293,109.23530236,-0.4249611,3.94,0.421,0.421,Abnormal,Sub-Optimal
AME II,D002A,D02,2009,87,20,260918,0.4432668714007098,Stres Sedang,0.46304443691394154,Stres Sedang,Pokok Utama,109.23538697006454,-0.4249347628394288,965,109.23539712,-0.42495072,6.01,0.521,0.521,Healthy,Good
AME II,D002A,D02,2009,87,21,260868,0.3788524970497357,Stres Berat,0.42202826671035987,Stres Sedang,Pokok Utama,109.2355271028064,-0.4249313478836934,1013,109.23551569,-0.4249625,5.89,0.396,0.396,Healthy,Sub-Optimal
AME II,D002A,D02,2009,87,22,260875,0.3783282562077467,Stres Berat,0.4158973233991725,Stres Sedang,Pokok Utama,109.23561906516677,-0.42494263298401147,2866,109.23563292,-0.42496795,3.4,0.392,0.392,Abnormal,Sub-Optimal
AME II,D002A,D02,2009,87,23,260883,0.3474836991866797,Stres Berat,0.3626993880847565,Stres Berat,Pokok Utama,109.23569195246027,-0.42493148436608874,2513,109.23568233,-0.42492908,3.72,0.468,0.468,Healthy,Good
AME II,D002A,D02,2009,88,4,261070,0.44451713753551697,Stres Sedang,0.49643654541662774,Stres Sedang,Pokok Utama,109.2339027885316,-0.4248704946511515,1970,109.23387368,-0.42486762,4.28,0.58,0.58,Healthy,Good
AME II,D002A,D02,2009,88,5,261073,0.4412372467194947,Stres Sedang,0.4838849639101904,Stres Sedang,Pokok Utama,109.233962058746,-0.42488371104857936,2836,109.23395542,-0.42485589,3.42,0.449,0.449,Abnormal,Moderate
AME II,D002A,D02,2009,88,6,261076,0.391725343234685,Stres Berat,0.43330783340403745,Stres Sedang,Pokok Utama,109.23404264010767,-0.4248863900419572,1388,109.23403582,-0.42486766,5.0,0.409,0.409,Healthy,Sub-Optimal
AME II,D002A,D02,2009,88,8,261096,0.481647948288937,Stres Sedang,0.5115563062907912,Stres Ringan,Pokok Utama,109.23423025713454,-0.42487482564914586,2514,109.23423702,-0.42488489,3.72,0.491,0.491,Healthy,Good
AME II,D002A,D02,2009,88,10,261114,0.4079228601894591,Stres Sedang,0.44675642195585613,Stres Sedang,Pokok Utama,109.23437100667822,-0.42488029649093306,2876,109.23438389,-0.42489804,3.39,0.511,0.511,Healthy,Good
AME II,D002A,D02,2009,88,11,261142,0.36164082097097705,Stres Berat,0.4055843632690617,Stres Sedang,Pokok Utama,109.2344581523192,-0.4248803165447504,2672,109.23446339,-0.42486369,3.57,0.455,0.455,Healthy,Moderate
AME II,D002A,D02,2009,88,12,261156,0.38505442283080366,Stres Berat,0.4522057550689806,Stres Sedang,Pokok Utama,109.23454836907531,-0.42487670473690375,2461,109.23455905,-0.42488994,3.77,0.545,0.545,Healthy,Good
AME II,D002A,D02,2009,88,13,260966,0.4037305527124493,Stres Sedang,0.46489110726976235,Stres Sedang,Pokok Utama,109.23463364439236,-0.42486940315669214,2310,109.23463047,-0.4248565,3.93,0.461,0.461,Healthy,Good
AME II,D002A,D02,2009,88,17,261017,0.4015109496399343,Stres Sedang,0.45854551134506266,Stres Sedang,Pokok Utama,109.23495146524814,-0.42488761741304454,1620,109.23494486,-0.42486878,4.67,0.409,0.409,Healthy,Sub-Optimal
AME II,D002A,D02,2009,88,18,261019,0.38479267299726105,Stres Berat,0.4671083449475357,Stres Sedang,Pokok Utama,109.23501297689789,-0.4248721807145371,3103,109.23499517,-0.42485974,3.12,0.468,0.468,Healthy,Good
AME II,D002A,D02,2009,88,19,260959,0.3911930596071448,Stres Berat,0.46682104272583536,Stres Sedang,Pokok Utama,109.2350718113634,-0.42487407699850094,2756,109.23505221,-0.42484619,3.49,0.514,0.514,Healthy,Good
AME II,D002A,D02,2009,88,20,260951,0.3687172699729796,Stres Berat,0.41575288413594386,Stres Sedang,Pokok Utama,109.23519555232292,-0.42487120356645686,3054,109.23523007,-0.42486703,3.17,0.42,0.42,Abnormal,Sub-Optimal
AME II,D002A,D02,2009,88,21,260929,0.38942820497965536,Stres Berat,0.421353335713523,Stres Sedang,Pokok Utama,109.23526654388694,-0.42485769248752553,2044,109.23528036,-0.42488694,4.18,0.5,0.5,Healthy,Good
AME II,D002A,D02,2009,88,23,260919,0.41899131913352544,Stres Sedang,0.4684059878863756,Stres Sedang,Pokok Utama,109.23540296352509,-0.4248645829699417,1918,109.23541915,-0.42485668,4.33,0.441,0.441,Healthy,Moderate
AME II,D002A,D02,2009,88,25,260869,0.39097024865709723,Stres Berat,0.4209667717790432,Stres Sedang,Pokok Utama,109.23558784827567,-0.42486433701629317,2261,109.2355539,-0.42485399,3.97,0.385,0.385,Abnormal,Critical
AME II,D002A,D02,2009,88,28,260897,0.42897504808493503,Stres Sedang,0.4295164748762838,Stres Sedang,Pokok Utama,109.2358222111691,-0.42485798032909916,974,109.23580676,-0.42482873,6.0,0.402,0.402,Healthy,Sub-Optimal
AME II,D002A,D02,2009,89,2,261063,0.4378474497720579,Stres Sedang,0.48704920202574287,Stres Sedang,Pokok Utama,109.23385742917998,-0.42480867542650513,2638,109.23385617,-0.42482376,3.61,0.499,0.499,Abnormal,Good
AME II,D002A,D02,2009,89,3,261074,0.38792718229350714,Stres Berat,0.44087917282953637,Stres Sedang,Pokok Utama,109.2339420572801,-0.42479535831254717,2809,109.23396486,-0.42481339,3.44,0.394,0.394,Healthy,Sub-Optimal
AME II,D002A,D02,2009,89,6,261097,0.42511893686860486,Stres Sedang,0.47324322416135917,Stres Sedang,Pokok Utama,109.23416954493253,-0.4248033956165035,3210,109.23416024,-0.4248279,2.97,0.534,0.534,Healthy,Good
AME II,D002A,D02,2009,89,7,261105,0.4111805684726997,Stres Sedang,0.4491355658544367,Stres Sedang,Pokok Utama,109.23425424482824,-0.42482603703548577,1712,109.23423345,-0.42480169,4.55,0.448,0.448,Healthy,Moderate
AME II,D002A,D02,2009,89,8,261115,0.4019083767205623,Stres Sedang,0.4319848087416596,Stres Sedang,Pokok Utama,109.23433806618344,-0.4248053198551518,3422,109.23432777,-0.42478046,2.6,0.449,0.449,Healthy,Moderate
AME II,D002A,D02,2009,89,9,261143,0.41092759421977076,Stres Sedang,0.4584037861011147,Stres Sedang,Pokok Utama,109.23441808384824,-0.42479832000515894,3359,109.2343911,-0.42478455,2.71,0.511,0.511,Healthy,Good
AME II,D002A,D02,2009,89,10,261155,0.39549011220707314,Stres Berat,0.44975028978576903,Stres Sedang,Pokok Utama,109.2345132384573,-0.42481419967644063,3499,109.23450787,-0.42479317,2.39,0.405,0.405,Healthy,Sub-Optimal
AME II,D002A,D02,2009,89,13,261003,0.3871930671716804,Stres Berat,0.42473614584465563,Stres Sedang,Pokok Utama,109.23474859504984,-0.42481817486027407,2256,109.23474231,-0.42482849,3.97,0.42,0.42,Abnormal,Sub-Optimal
AME II,D002A,D02,2009,89,15,261016,0.4131229852198386,Stres Sedang,0.4458413544444666,Stres Sedang,Pokok Utama,109.23489911923221,-0.4248134239366488,3107,109.2349305,-0.42481994,3.12,0.448,0.448,Healthy,Moderate
AME II,D002A,D02,2009,89,16,261020,0.38639960432136905,Stres Berat,0.43554064155197886,Stres Sedang,Pokok Utama,109.23497834505169,-0.4248006815996765,3392,109.2349642,-0.42479101,2.66,0.435,0.435,Healthy,Moderate
AME II,D002A,D02,2009,89,17,261027,0.39511758090685684,Stres Berat,0.4557363521151182,Stres Sedang,Pokok Utama,109.23504172355865,-0.42479996550316146,3419,109.23501449,-0.42481182,2.61,0.475,0.475,Healthy,Good
AME II,D002A,D02,2009,89,18,260960,0.3937870446097487,Stres Berat,0.43355656715217405,Stres Sedang,Pokok Utama,109.23512512797456,-0.42479585384801444,2277,109.23512274,-0.42479195,3.96,0.484,0.484,Healthy,Good
AME II,D002A,D02,2009,89,20,260930,0.42489677759839967,Stres Sedang,0.447913249130719,Stres Sedang,Pokok Utama,109.23528414657414,-0.4247895865496653,2752,109.2352768,-0.42477209,3.49,0.444,0.444,Healthy,Moderate
AME II,D002A,D02,2009,89,21,260934,0.4288753458015297,Stres Sedang,0.4526262172505635,Stres Sedang,Pokok Utama,109.23539045434535,-0.42480461964514415,2005,109.23537021,-0.42481416,4.23,0.47,0.47,Healthy,Good
AME II,D002A,D02,2009,89,22,260920,0.3942911785320076,Stres Berat,0.42912447294984074,Stres Sedang,Pokok Utama,109.23546629858983,-0.4248020245653088,1926,109.23546003,-0.42482187,4.32,0.448,0.448,Healthy,Moderate
AME II,D002A,D02,2009,89,25,260877,0.41633663068815646,Stres Sedang,0.43347873347376376,Stres Sedang,Pokok Utama,109.23570244229727,-0.42478968272784084,1128,109.23568191,-0.42478937,5.56,0.379,0.379,Suspect,Critical
AME II,D002A,D02,2009,90,2,261051,0.42089949350319417,Stres Sedang,0.4620252424913092,Stres Sedang,Pokok Utama,109.23372315633203,-0.4247432890855074,2237,109.23375603,-0.42474461,3.99,0.454,0.454,Abnormal,Moderate
AME II,D002A,D02,2009,90,3,261064,0.43349723052842165,Stres Sedang,0.46465866325493144,Stres Sedang,Pokok Utama,109.2338021981485,-0.4247455255188247,3171,109.23378478,-0.42471523,3.02,0.414,0.414,Healthy,Sub-Optimal
AME II,D002A,D02,2009,90,4,261065,0.3435867108722587,Stres Berat,0.4438091981089276,Stres Sedang,Pokok Utama,109.23389221123306,-0.4247407281315437,2509,109.2339002,-0.42475324,3.73,0.472,0.472,Healthy,Good
AME II,D002A,D02,2009,90,5,261078,0.38611405346261957,Stres Berat,0.45981993068618554,Stres Sedang,Pokok Utama,109.23398229802582,-0.42474759801620016,1862,109.23398465,-0.42471708,4.38,0.383,0.383,Healthy,Critical
AME II,D002A,D02,2009,90,7,261098,0.40048503520788864,Stres Sedang,0.45053769320017145,Stres Sedang,Pokok Utama,109.23413526489253,-0.42474525038661953,3393,109.23411803,-0.42475238,2.66,0.48,0.48,Healthy,Good
AME II,D002A,D02,2009,90,9,261116,0.44035025594285665,Stres Sedang,0.47723675240641056,Stres Sedang,Pokok Utama,109.23429181882852,-0.42472986088244963,2787,109.23426401,-0.4247375,3.45,0.441,0.441,Abnormal,Moderate
AME II,D002A,D02,2009,90,10,261122,0.4479433424147928,Stres Sedang,0.46876158927640793,Stres Sedang,Pokok Utama,109.2343338474707,-0.42474789593233414,3422,109.23432777,-0.42478046,2.6,0.449,0.449,Healthy,Moderate
AME II,D002A,D02,2009,90,12,261154,0.40928001064950265,Stres Sedang,0.44938394276005045,Stres Sedang,Pokok Utama,109.23446863887966,-0.424749043749558,1796,109.23445893,-0.42473438,4.44,0.467,0.467,Healthy,Good
AME II,D002A,D02,2009,90,14,260968,0.4046256184885349,Stres Sedang,0.46286341505927914,Stres Sedang,Pokok Utama,109.23460917647412,-0.42476231500900824,2436,109.2346269,-0.42478053,3.79,0.483,0.483,Healthy,Good
AME II,D002A,D02,2009,90,15,260980,0.3804571999985746,Stres Berat,0.4359890005886734,Stres Sedang,Pokok Utama,109.23469949611504,-0.4247368146684599,1857,109.23466553,-0.42472945,4.39,0.403,0.403,Healthy,Sub-Optimal
AME II,D002A,D02,2009,90,18,261021,0.4073297134275641,Stres Sedang,0.4501956785506537,Stres Sedang,Pokok Utama,109.23492606959783,-0.42474803215447915,2128,109.23493771,-0.42472183,4.1,0.464,0.464,Healthy,Good
AME II,D002A,D02,2009,90,20,261158,0.4334246909378533,Stres Sedang,0.47494714315165,Stres Sedang,Pokok Utama,109.23509615421479,-0.4247446403589025,2347,109.23507065,-0.42474537,3.89,0.43,0.43,Healthy,Moderate
AME II,D002A,D02,2009,90,21,260961,0.4267659741500684,Stres Sedang,0.46948264989991845,Stres Sedang,Pokok Utama,109.235156452682,-0.4247314957719273,2844,109.23512769,-0.42473091,3.41,0.52,0.52,Healthy,Good
AME II,D002A,D02,2009,90,22,260953,0.43560089293895665,Stres Sedang,0.4275421406883784,Stres Sedang,Pokok Utama,109.23525960685326,-0.4247454945260036,2752,109.2352768,-0.42477209,3.49,0.444,0.444,Healthy,Moderate
AME II,D002A,D02,2009,90,23,260931,0.4234763279128243,Stres Sedang,0.4344525642847378,Stres Sedang,Pokok Utama,109.23534408178053,-0.42473450320524875,2066,109.23533026,-0.42471287,4.16,0.395,0.395,Healthy,Sub-Optimal
AME II,D002A,D02,2009,90,25,260921,0.411022701327058,Stres Sedang,0.41995290277315844,Stres Sedang,Pokok Utama,109.23549425183698,-0.4247348307234961,1108,109.23551665,-0.42472738,5.61,0.44,0.44,Healthy,Moderate
AME II,D002A,D02,2009,91,1,261040,0.38315561785383156,Stres Berat,0.4261382365870154,Stres Sedang,Pokok Utama,109.23368831576401,-0.4246654408918751,3034,109.23368734,-0.42464829,3.19,0.444,0.444,Abnormal,Moderate
AME II,D002A,D02,2009,91,3,261066,0.4037681645872221,Stres Sedang,0.43501877875960604,Stres Sedang,Pokok Utama,109.23385216065705,-0.4246749257938433,1523,109.23383509,-0.42469083,4.83,0.563,0.563,Healthy,Good
AME II,D002A,D02,2009,91,4,261079,0.39439531922875326,Stres Berat,0.4654324985302246,Stres Sedang,Pokok Utama,109.23392412514619,-0.4246488750495307,3267,109.23393076,-0.42466281,2.88,0.517,0.517,Healthy,Good
AME II,D002A,D02,2009,91,5,261085,0.3974792892992221,Stres Berat,0.46445387479352623,Stres Sedang,Pokok Utama,109.23401636190233,-0.42468166803921464,1680,109.2340143,-0.42469041,4.6,0.51,0.51,Healthy,Good
AME II,D002A,D02,2009,91,9,261123,0.4410004114514947,Stres Sedang,0.44445700410678557,Stres Sedang,Pokok Utama,109.2343394556613,-0.424675372485899,1548,109.23433183,-0.42470224,4.78,0.452,0.452,Healthy,Moderate
AME II,D002A,D02,2009,91,10,261145,0.4239701674223076,Stres Sedang,0.47148616571635704,Stres Sedang,Pokok Utama,109.23442730026603,-0.42467884982434256,2019,109.23445894,-0.42468871,4.21,0.482,0.482,Healthy,Good
AME II,D002A,D02,2009,91,11,261157,0.4331214563074529,Stres Sedang,0.48352417288099875,Stres Sedang,Pokok Utama,109.23449241890744,-0.4246653527731101,2308,109.23449308,-0.4246747,3.93,0.459,0.459,Healthy,Moderate
AME II,D002A,D02,2009,91,18,261029,0.39475341620218773,Stres Berat,0.46208749561964607,Stres Sedang,Pokok Utama,109.23499104985713,-0.4246714828334786,1898,109.23500779,-0.42467211,4.34,0.43,0.43,Healthy,Moderate
AME II,D002A,D02,2009,92,1,261041,0.43010680694279707,Stres Sedang,0.4693864923391906,Stres Sedang,Pokok Utama,109.2336569568151,-0.424607691527878,334,109.23364512,-0.42462206,8.96,0.401,0.401,Healthy,Sub-Optimal
AME II,D002A,D02,2009,92,2,261053,0.4591141438730519,Stres Sedang,0.4792167214829487,Stres Sedang,Pokok Utama,109.2337283309566,-0.42461011699886747,3127,109.23374214,-0.42462298,3.08,0.503,0.503,Healthy,Good
AME II,D002A,D02,2009,92,5,261086,0.39879940005386766,Stres Berat,0.44618984717481697,Stres Sedang,Pokok Utama,109.23398573120389,-0.42461309709591416,2887,109.23398108,-0.42461399,3.37,0.482,0.482,Healthy,Good
AME II,D002A,D02,2009,92,6,261100,0.422295421988532,Stres Sedang,0.4656438830737489,Stres Sedang,Pokok Utama,109.23406358468874,-0.424591282529615,1058,109.2340745,-0.42459638,5.74,0.503,0.503,Healthy,Good
AME II,D002A,D02,2009,92,7,261108,0.41623375492933296,Stres Sedang,0.4296616946354611,Stres Sedang,Pokok Utama,109.23416460679668,-0.4245754027735554,2402,109.23416613,-0.42458193,3.82,0.462,0.462,Abnormal,Good
AME II,D002A,D02,2009,92,9,261124,0.4545432217014225,Stres Sedang,0.46260549517833394,Stres Sedang,Pokok Utama,109.2342915249895,-0.42458388082222626,2160,109.23430806,-0.42455845,4.07,0.392,0.392,Healthy,Sub-Optimal
AME II,D002A,D02,2009,92,10,327115,0.44841022940637754,Stres Sedang,0.47284314392565246,Stres Sedang,Tamb,109.23434619289091,-0.4245952984064658,2939,109.23436688,-0.4246186,3.32,0.463,0.463,Abnormal,Good
AME II,D002A,D02,2009,92,11,261148,0.4007491386108471,Stres Sedang,0.4539292454004216,Stres Sedang,Pokok Utama,109.23438973570627,-0.4245988722603429,2315,109.2344091,-0.42461183,3.92,0.489,0.489,Healthy,Good
AME II,D002A,D02,2009,92,12,261146,0.38191482094949586,Stres Berat,0.433687922505111,Stres Sedang,Pokok Utama,109.23444918719537,-0.42458522379014646,2180,109.23446166,-0.42457025,4.05,0.419,0.419,Healthy,Sub-Optimal
AME II,D002A,D02,2009,92,13,260971,0.33356729046506944,Stres Berat,0.38901385369778824,Stres Berat,Pokok Utama,109.23454080257474,-0.42456963937668357,2587,109.23451421,-0.4245888,3.66,0.51,0.51,Healthy,Good
AME II,D002A,D02,2009,92,14,260983,0.38141239666096544,Stres Berat,0.4453425848759771,Stres Sedang,Pokok Utama,109.2345917839039,-0.4246012075022794,3575,109.23457439,-0.42458248,2.05,0.452,0.452,Healthy,Moderate
AME II,D002A,D02,2009,92,15,261006,0.4009515227585667,Stres Sedang,0.4632689396617864,Stres Sedang,Pokok Utama,109.2346909211998,-0.4245904763783174,3112,109.23469297,-0.42457166,3.1,0.517,0.517,Healthy,Good
AME II,D002A,D02,2009,92,18,261030,0.37846094598388985,Stres Berat,0.43310395475978464,Stres Sedang,Pokok Utama,109.23493798790938,-0.42459729824026615,2391,109.23492651,-0.42462054,3.83,0.537,0.537,Healthy,Good
AME II,D002A,D02,2009,92,19,261160,0.4092995877777983,Stres Sedang,0.48286491156663797,Stres Sedang,Pokok Utama,109.23501993121012,-0.4245915223316525,2555,109.23502398,-0.42458982,3.68,0.496,0.496,Healthy,Good
AME II,D002A,D02,2009,92,20,261183,0.3937676533191539,Stres Berat,0.48935356326535395,Stres Sedang,Pokok Utama,109.23509894179057,-0.4245931022185403,2521,109.23508011,-0.4246034,3.72,0.517,0.517,Healthy,Good
AME II,D002A,D02,2009,92,21,261272,0.37770716044334246,Stres Berat,0.4507288410318808,Stres Sedang,Pokok Utama,109.23518114574946,-0.4245826918357074,1701,109.23520587,-0.424598,4.57,0.482,0.482,Healthy,Good
AME II,D002A,D02,2009,92,23,261289,0.4397800855656697,Stres Sedang,0.44134276411317,Stres Sedang,Pokok Utama,109.23533832935293,-0.4245677518689784,690,109.23532086,-0.4245813,7.03,0.43,0.43,Healthy,Moderate
AME II,D002A,D02,2009,92,24,261300,0.40220170011652695,Stres Sedang,0.46457530359427135,Stres Sedang,Pokok Utama,109.23542222884488,-0.4245710383832876,677,109.23540979,-0.42454243,7.08,0.397,0.397,Healthy,Sub-Optimal
AME II,D002A,D02,2009,92,25,260922,0.38499167117701216,Stres Berat,0.44067931423137136,Stres Sedang,Pokok Utama,109.23550443420831,-0.4245743009958796,703,109.2355059,-0.42459445,6.96,0.456,0.456,Healthy,Moderate
AME II,D002A,D02,2009,92,27,261187,0.37455092692391356,Stres Berat,0.409732774343439,Stres Sedang,Pokok Utama,109.23567034827796,-0.424570586281596,1129,109.23569499,-0.42454837,5.56,0.438,0.438,Healthy,Moderate
AME II,D002A,D02,2009,92,28,261200,0.35708782904273106,Stres Berat,0.4067675266599412,Stres Sedang,Pokok Utama,109.23573912245897,-0.4245551602724503,1242,109.23575113,-0.42458094,5.29,0.401,0.401,Healthy,Sub-Optimal
AME II,D002A,D02,2009,93,3,261068,0.4245647596496159,Stres Sedang,0.46392060547065334,Stres Sedang,Pokok Utama,109.23384645605242,-0.4245350738572101,2631,109.2338495,-0.42454298,3.61,0.506,0.506,Healthy,Good
AME II,D002A,D02,2009,93,4,261087,0.4285140690580719,Stres Sedang,0.465513952074197,Stres Sedang,Pokok Utama,109.23392215851172,-0.42455135597727806,2335,109.23389037,-0.42455791,3.9,0.448,0.448,Healthy,Moderate
AME II,D002A,D02,2009,93,6,261109,0.40584689686396175,Stres Sedang,0.45817158382624323,Stres Sedang,Pokok Utama,109.23408636300141,-0.42451610892641595,1601,109.23407676,-0.42454574,4.72,0.459,0.459,Healthy,Moderate
AME II,D002A,D02,2009,93,8,261132,0.4202140821624048,Stres Sedang,0.47103862333919877,Stres Sedang,Pokok Utama,109.23418776855455,-0.4245165744472871,1576,109.23420073,-0.42452904,4.75,0.524,0.524,Healthy,Good
AME II,D002A,D02,2009,93,9,261131,0.4133897733817754,Stres Sedang,0.4646301800941841,Stres Sedang,Pokok Utama,109.23423751580891,-0.4245355680145233,3167,109.23425417,-0.4245485,3.03,0.478,0.478,Abnormal,Good
AME II,D002A,D02,2009,93,10,261125,0.4106897466694531,Stres Sedang,0.44206538954033303,Stres Sedang,Pokok Utama,109.2343476632993,-0.424524298654835,2192,109.23435209,-0.42451868,4.03,0.405,0.405,Healthy,Sub-Optimal
AME II,D002A,D02,2009,93,11,261147,0.3612068388211543,Stres Berat,0.42691471514147017,Stres Sedang,Pokok Utama,109.23442543471428,-0.424519819460307,2648,109.23442889,-0.42452005,3.59,0.394,0.394,Healthy,Sub-Optimal
AME II,D002A,D02,2009,93,12,260972,0.38781325786334014,Stres Berat,0.44341483061866144,Stres Sedang,Pokok Utama,109.23450509637583,-0.42452200899664794,2544,109.23452815,-0.42451193,3.7,0.454,0.454,Healthy,Moderate
AME II,D002A,D02,2009,93,14,261007,0.35426916627940985,Stres Berat,0.4193393264477598,Stres Sedang,Pokok Utama,109.23465835014287,-0.42451827782634044,2479,109.23465884,-0.42453457,3.75,0.451,0.451,Healthy,Moderate
AME II,D002A,D02,2009,93,15,261002,0.38501462455353014,Stres Berat,0.4237341127817464,Stres Sedang,Pokok Utama,109.23474533585893,-0.4245224449367012,3092,109.23476709,-0.42450295,3.13,0.422,0.422,Healthy,Sub-Optimal
AME II,D002A,D02,2009,93,16,261024,0.41446575241787625,Stres Sedang,0.4258531897714024,Stres Sedang,Pokok Utama,109.23482146536223,-0.42452144419675,2613,109.2348102,-0.4245328,3.63,0.442,0.442,Healthy,Moderate
AME II,D002A,D02,2009,93,17,261031,0.3819446060674984,Stres Berat,0.43279532384292846,Stres Sedang,Pokok Utama,109.23491863956214,-0.4245163780446308,3486,109.23491665,-0.42452559,2.41,0.499,0.499,Healthy,Good
AME II,D002A,D02,2009,93,19,261184,0.38894319983972175,Stres Berat,0.45723702856937665,Stres Sedang,Pokok Utama,109.23506456139911,-0.42451389763349984,2861,109.23506531,-0.4245306,3.4,0.446,0.446,Healthy,Moderate
AME II,D002A,D02,2009,93,20,261273,0.38847949780631347,Stres Berat,0.4294275125184168,Stres Sedang,Pokok Utama,109.23513088860395,-0.4245106465500904,2072,109.23515334,-0.42453695,4.16,0.434,0.434,Healthy,Moderate
AME II,D002A,D02,2009,93,23,261188,0.37714121941635864,Stres Berat,0.43543314013819384,Stres Sedang,Pokok Utama,109.23562062166108,-0.4244841509909199,1195,109.23560564,-0.42445566,5.39,0.5,0.5,Healthy,Good
AME II,D002A,D02,2009,93,25,260873,0.27556281120872345,Stres Sangat Berat,0.34301884684092865,Stres Berat,Pokok Utama,109.23577708056962,-0.4244842882167525,3269,109.23579247,-0.42450002,2.88,0.338,0.338,Abnormal,Critical
AME II,D002A,D02,2009,94,2,261069,0.41623375492933296,Stres Sedang,0.46084233193345986,Stres Sedang,Pokok Utama,109.23380180691107,-0.42446671944254366,1721,109.23381942,-0.42448419,4.53,0.46,0.46,Healthy,Good
AME II,D002A,D02,2009,94,3,261088,0.4075151079533345,Stres Sedang,0.467421303786078,Stres Sedang,Pokok Utama,109.23390032538063,-0.4244593955796631,3074,109.23389443,-0.42447878,3.15,0.445,0.445,Abnormal,Moderate
AME II,D002A,D02,2009,94,4,261102,0.3927628672778023,Stres Berat,0.47528837274174157,Stres Sedang,Pokok Utama,109.23397039590277,-0.4244549544063624,1260,109.23398606,-0.42444941,5.25,0.508,0.508,Healthy,Good
AME II,D002A,D02,2009,94,5,261110,0.3605538567852067,Stres Berat,0.4257417439842682,Stres Sedang,Pokok Utama,109.23406102549423,-0.42445679740684816,1471,109.23409115,-0.42445712,4.89,0.449,0.449,Healthy,Moderate
AME II,D002A,D02,2009,94,6,261120,0.3964543535290362,Stres Berat,0.454102260257044,Stres Sedang,Pokok Utama,109.23413089467958,-0.42445689033727535,1693,109.23412798,-0.4244508,4.58,0.395,0.395,Healthy,Sub-Optimal
AME II,D002A,D02,2009,94,7,261126,0.4231861291648964,Stres Sedang,0.47024174235188043,Stres Sedang,Pokok Utama,109.23429552689167,-0.4244448205369256,1085,109.23426317,-0.42445083,5.67,0.505,0.505,Healthy,Good
AME II,D002A,D02,2009,94,8,261149,0.3928032861969387,Stres Berat,0.41913338157905455,Stres Sedang,Pokok Utama,109.23436413194199,-0.42445010023021135,3163,109.23433413,-0.42446487,3.03,0.403,0.403,Healthy,Sub-Optimal
AME II,D002A,D02,2009,94,10,260986,0.3891559580969966,Stres Berat,0.47070228676275355,Stres Sedang,Pokok Utama,109.23451576049158,-0.4244672028177107,1512,109.23451244,-0.42446898,4.83,0.426,0.426,Healthy,Sub-Optimal
AME II,D002A,D02,2009,94,12,261025,0.40311242350969895,Stres Sedang,0.4281508745197067,Stres Sedang,Pokok Utama,109.2347825887111,-0.4244401478517465,2580,109.23475453,-0.42443693,3.66,0.386,0.386,Healthy,Critical
AME II,D002A,D02,2009,94,13,261032,0.41527655757193466,Stres Sedang,0.44300625326039195,Stres Sedang,Pokok Utama,109.23486571874373,-0.4244496602852206,2365,109.23483852,-0.42443876,3.86,0.499,0.499,Healthy,Good
AME II,D002A,D02,2009,94,15,261185,0.4138698539159712,Stres Sedang,0.47008759024980906,Stres Sedang,Pokok Utama,109.23500744785191,-0.4244454100979383,1823,109.23503119,-0.42444332,4.42,0.492,0.492,Healthy,Good
AME II,D002A,D02,2009,94,17,261280,0.38257720667329437,Stres Berat,0.4326961777674464,Stres Sedang,Pokok Utama,109.23518063121088,-0.42443141246307,1473,109.23519288,-0.4244524,4.89,0.456,0.456,Healthy,Moderate
AME II,D002A,D02,2009,94,19,261421,0.4624286865876815,Stres Sedang,0.4644297620030503,Stres Sedang,Pokok Utama,109.23533849997553,-0.424433269089621,1385,109.23534424,-0.42444927,5.01,0.478,0.478,Healthy,Good
AME II,D002A,D02,2009,94,20,261429,0.43449731493625,Stres Sedang,0.47884618620256764,Stres Sedang,Pokok Utama,109.23543286426883,-0.42440901938469444,2612,109.2354206,-0.42443889,3.63,0.508,0.508,Abnormal,Good
AME II,D002A,D02,2009,94,22,261189,0.38911176002381936,Stres Berat,0.43448886162458134,Stres Sedang,Pokok Utama,109.23558245524528,-0.424400082197765,1426,109.23558948,-0.42441451,4.94,0.437,0.437,Healthy,Moderate
AME II,D002A,D02,2009,94,25,261213,0.36357513826490095,Stres Berat,0.41304736199915,Stres Sedang,Pokok Utama,109.2358245566335,-0.42441393560318424,687,109.23581943,-0.42442949,7.03,0.452,0.452,Healthy,Moderate
AME II,D002A,D02,2009,95,1,261044,0.44000556635791843,Stres Sedang,0.44998246488680094,Stres Sedang,Pokok Utama,109.23367506598748,-0.4244016106703267,356,109.23365101,-0.42441723,8.82,0.396,0.396,Healthy,Sub-Optimal
AME II,D002A,D02,2009,95,3,261056,0.4338514823881811,Stres Sedang,0.43898434033452516,Stres Sedang,Pokok Utama,109.23375848640589,-0.4243900222814408,2726,109.2337624,-0.42440776,3.5,0.422,0.422,Abnormal,Sub-Optimal
AME II,D002A,D02,2009,95,4,261090,0.4173559962828997,Stres Sedang,0.4519739184991588,Stres Sedang,Pokok Utama,109.23384555302611,-0.42440164987286993,1677,109.23385627,-0.42440914,4.6,0.495,0.495,Healthy,Good
AME II,D002A,D02,2009,95,6,261111,0.4064269343310076,Stres Sedang,0.47927924098106217,Stres Sedang,Pokok Utama,109.233996709972,-0.42439881348030944,726,109.2340211,-0.42438929,6.9,0.431,0.431,Healthy,Moderate
AME II,D002A,D02,2009,95,7,261133,0.42960932811101277,Stres Sedang,0.5068218285883511,Stres Ringan,Pokok Utama,109.23415674021818,-0.4243951806287361,2698,109.23418593,-0.42440334,3.54,0.475,0.475,Abnormal,Good
AME II,D002A,D02,2009,95,9,261151,0.42682833361011024,Stres Sedang,0.454302458261698,Stres Sedang,Pokok Utama,109.23432803218302,-0.42438319645272304,1652,109.23431034,-0.42439975,4.64,0.409,0.409,Healthy,Sub-Optimal
AME II,D002A,D02,2009,95,10,261150,0.3803821030780288,Stres Berat,0.42321346255347353,Stres Sedang,Pokok Utama,109.23440746325426,-0.4243881539887755,2362,109.2344105,-0.42438937,3.87,0.401,0.401,Abnormal,Sub-Optimal
AME II,D002A,D02,2009,95,12,260987,0.383978856640517,Stres Berat,0.4473637057243165,Stres Sedang,Pokok Utama,109.23456331340682,-0.4243826735884893,1479,109.23454479,-0.42439438,4.88,0.429,0.429,Healthy,Sub-Optimal
AME II,D002A,D02,2009,95,13,261008,0.4005724739164593,Stres Sedang,0.43991669534419386,Stres Sedang,Pokok Utama,109.23465045815306,-0.4243826936164324,1380,109.2346701,-0.42439486,5.02,0.422,0.422,Healthy,Sub-Optimal
AME II,D002A,D02,2009,95,14,261026,0.3688248191970791,Stres Berat,0.3819959999043388,Stres Berat,Pokok Utama,109.23474156369463,-0.4243852673887291,2440,109.23471951,-0.42436503,3.78,0.498,0.498,Healthy,Good
AME II,D002A,D02,2009,95,15,261033,0.4384837187806354,Stres Sedang,0.4369064699584755,Stres Sedang,Pokok Utama,109.23481287560604,-0.4243929332390747,3196,109.23480619,-0.42438178,2.98,0.382,0.382,Healthy,Critical
AME II,D002A,D02,2009,95,18,261281,0.3945658540262602,Stres Berat,0.4515420646638143,Stres Sedang,Pokok Utama,109.23513311146628,-0.42436959271758257,894,109.2351143,-0.42436829,6.22,0.412,0.412,Healthy,Sub-Optimal
AME II,D002A,D02,2009,95,20,261422,0.4119257427804687,Stres Sedang,0.4399630941452833,Stres Sedang,Pokok Utama,109.23529662875414,-0.42436261654112944,3346,109.23528632,-0.42438777,2.73,0.469,0.469,Abnormal,Good
AME II,D002A,D02,2009,95,21,261430,0.4413268525270954,Stres Sedang,0.47020214777288943,Stres Sedang,Pokok Utama,109.23537672594173,-0.42434970979571485,1739,109.23539411,-0.42436971,4.51,0.469,0.469,Healthy,Good
AME II,D002A,D02,2009,95,22,261259,0.4077874506388966,Stres Sedang,0.4444157914657438,Stres Sedang,Pokok Utama,109.23545375885156,-0.4243420065852926,2656,109.23545745,-0.42432044,3.59,0.409,0.409,Healthy,Sub-Optimal
AME II,D002A,D02,2009,95,23,261190,0.36807775277098614,Stres Berat,0.402247191522887,Stres Sedang,Pokok Utama,109.23554111524783,-0.424335790603564,2931,109.2355136,-0.42431502,3.33,0.57,0.57,Healthy,Good
AME II,D002A,D02,2009,95,24,261203,0.3825989770477657,Stres Berat,0.41659906775269884,Stres Sedang,Pokok Utama,109.23561835660429,-0.4243397963027016,2229,109.23559533,-0.4243277,4.0,0.39,0.39,Healthy,Sub-Optimal
AME II,D002A,D02,2009,95,26,261214,0.44123718971791476,Stres Sedang,0.46533261933543074,Stres Sedang,Pokok Utama,109.23576690585284,-0.42430992253224403,2029,109.23578443,-0.42429926,4.2,0.443,0.443,Healthy,Moderate
AME II,D002A,D02,2009,96,1,261045,0.408138079218265,Stres Sedang,0.450426458194069,Stres Sedang,Pokok Utama,109.23365426160757,-0.42432049848290776,286,109.23364564,-0.42434805,9.33,0.396,0.396,Healthy,Sub-Optimal
AME II,D002A,D02,2009,96,3,261091,0.4265267827733237,Stres Sedang,0.4439176926109828,Stres Sedang,Pokok Utama,109.2337927117229,-0.4243211533747778,2524,109.2337741,-0.42429202,3.72,0.379,0.379,Healthy,Critical
AME II,D002A,D02,2009,96,4,261092,0.3434868664018369,Stres Berat,0.40191489647930634,Stres Sedang,Pokok Utama,109.23386616952219,-0.4243171153888569,1536,109.23385629,-0.42431283,4.81,0.457,0.457,Healthy,Moderate
AME II,D002A,D02,2009,96,5,261112,0.36510785499895143,Stres Berat,0.42249250440652,Stres Sedang,Pokok Utama,109.2339501435058,-0.42432830006350797,3551,109.23393668,-0.4243445,2.22,0.423,0.423,Abnormal,Sub-Optimal
AME II,D002A,D02,2009,96,9,261153,0.4003290762844262,Stres Sedang,0.42194045240245087,Stres Sedang,Pokok Utama,109.23437493449161,-0.42430374110034097,1865,109.23435303,-0.42432968,4.38,0.434,0.434,Healthy,Moderate
AME II,D002A,D02,2009,96,10,260975,0.37937594283333675,Stres Berat,0.4264451313527597,Stres Sedang,Pokok Utama,109.23444418126145,-0.4242995420783492,1570,109.2344258,-0.42428674,4.75,0.42,0.42,Healthy,Sub-Optimal
AME II,D002A,D02,2009,96,11,260988,0.36016152020638037,Stres Berat,0.4221262583711817,Stres Sedang,Pokok Utama,109.2345281876332,-0.42430270020285044,1561,109.23454706,-0.42431525,4.76,0.482,0.482,Healthy,Good
AME II,D002A,D02,2009,96,12,261009,0.3595960252331352,Stres Berat,0.4060871032818865,Stres Sedang,Pokok Utama,109.23461857609085,-0.42430641051103996,2047,109.23464362,-0.42432341,4.18,0.416,0.416,Healthy,Sub-Optimal
AME II,D002A,D02,2009,96,13,261439,0.3429114279543205,Stres Berat,0.4076499246617462,Stres Sedang,Pokok Utama,109.23470228992494,-0.42428847760981836,2579,109.23472851,-0.42430851,3.66,0.371,0.371,Healthy,Critical
AME II,D002A,D02,2009,96,14,261034,0.41464360954158497,Stres Sedang,0.4254567206925868,Stres Sedang,Pokok Utama,109.23477184814166,-0.4242894087414834,3124,109.23479724,-0.42426738,3.08,0.398,0.398,Abnormal,Sub-Optimal
AME II,D002A,D02,2009,96,16,261276,0.4053082433462078,Stres Sedang,0.4643360894920233,Stres Sedang,Pokok Utama,109.23499401614936,-0.42428238906960486,192,109.23501371,-0.42429727,10.15,0.503,0.503,Healthy,Good
AME II,D002A,D02,2009,96,17,261282,0.4016821807919555,Stres Sedang,0.46939025396049505,Stres Sedang,Pokok Utama,109.23509103682146,-0.4242690828960344,150,109.23508963,-0.42423806,10.53,0.447,0.447,Healthy,Moderate
AME II,D002A,D02,2009,96,18,261293,0.3858204490954361,Stres Berat,0.46175576228863346,Stres Sedang,Pokok Utama,109.23516878324966,-0.4242758893255566,418,109.23518124,-0.42428917,8.4,0.524,0.524,Healthy,Good
AME II,D002A,D02,2009,96,19,261423,0.34689546947765687,Stres Berat,0.3717841697437269,Stres Berat,Pokok Utama,109.23525790916074,-0.42427391581752527,1947,109.2352549,-0.42428422,4.3,0.437,0.437,Healthy,Moderate
AME II,D002A,D02,2009,96,24,261226,0.38452794078785063,Stres Berat,0.4359125282798781,Stres Sedang,Pokok Utama,109.23565996458024,-0.42426802621255444,2824,109.2356506,-0.42423457,3.42,0.448,0.448,Healthy,Moderate
AME II,D002A,D02,2009,96,26,261234,0.3870746709509603,Stres Berat,0.4118636976798829,Stres Sedang,Pokok Utama,109.23582039659128,-0.42424413710211084,2264,109.23582577,-0.42421788,3.97,0.462,0.462,Healthy,Good
AME II,D002A,D02,2009,97,1,261046,0.4143181536901934,Stres Sedang,0.45477335620391834,Stres Sedang,Pokok Utama,109.23368664270136,-0.42426382904160337,1123,109.2337009,-0.4242721,5.57,0.43,0.43,Healthy,Moderate
AME II,D002A,D02,2009,97,2,261058,0.4366693702928415,Stres Sedang,0.441120482640914,Stres Sedang,Pokok Utama,109.23376046445367,-0.42425909121151156,2487,109.23376378,-0.42425494,3.75,0.484,0.484,Abnormal,Good
AME II,D002A,D02,2009,97,4,261139,0.4170082751307039,Stres Sedang,0.48136337117991523,Stres Sedang,Pokok Utama,109.23392807703968,-0.4242393039032419,2964,109.2339376,-0.42423192,3.27,0.407,0.407,Healthy,Sub-Optimal
AME II,D002A,D02,2009,97,6,261135,0.41000275556261573,Stres Sedang,0.45689774324740917,Stres Sedang,Pokok Utama,109.234079962219,-0.4242495266352581,1752,109.23409748,-0.4242618,4.5,0.501,0.501,Healthy,Good
AME II,D002A,D02,2009,97,8,261670,0.39381781850838676,Stres Berat,0.4375349089927759,Stres Sedang,Pokok Utama,109.23425671002568,-0.42423066379926216,2498,109.23427265,-0.42426184,3.74,0.44,0.44,Abnormal,Moderate
AME II,D002A,D02,2009,97,9,261489,0.4391248019754692,Stres Sedang,0.4658842438887318,Stres Sedang,Pokok Utama,109.23433108671608,-0.4242308346204399,2133,109.23433283,-0.42426637,4.09,0.39,0.39,Healthy,Sub-Optimal
AME II,D002A,D02,2009,97,10,260976,0.3955521956794966,Stres Berat,0.4514835647442618,Stres Sedang,Pokok Utama,109.23441738491293,-0.4242285096033396,2669,109.23444513,-0.4242144,3.57,0.489,0.489,Abnormal,Good
AME II,D002A,D02,2009,97,11,260989,0.40932658471132644,Stres Sedang,0.4598603346685443,Stres Sedang,Pokok Utama,109.23448571015322,-0.4242278561208649,1627,109.23448464,-0.42423611,4.66,0.484,0.484,Healthy,Good
AME II,D002A,D02,2009,97,12,261010,0.3619192561898208,Stres Berat,0.42225475569029114,Stres Sedang,Pokok Utama,109.23455701010973,-0.42423273491553193,2846,109.23458211,-0.42423885,3.41,0.445,0.445,Abnormal,Moderate
AME II,D002A,D02,2009,97,13,261440,0.38967992072289204,Stres Berat,0.4523585877614096,Stres Sedang,Pokok Utama,109.23464259120999,-0.4242277167296798,1562,109.23461041,-0.42421308,4.76,0.371,0.371,Suspect,Critical
AME II,D002A,D02,2009,97,15,261035,0.3950518110557567,Stres Berat,0.43436242587152046,Stres Sedang,Pokok Utama,109.23480418432047,-0.4242327916996277,2163,109.23482643,-0.42424343,4.07,0.471,0.471,Healthy,Good
AME II,D002A,D02,2009,97,16,261165,0.3988561293524116,Stres Berat,0.4418349674019696,Stres Sedang,Pokok Utama,109.2348934959075,-0.42422398535555883,443,109.23490369,-0.42424299,8.25,0.488,0.488,Healthy,Good
AME II,D002A,D02,2009,97,20,261432,0.4484257664972422,Stres Sedang,0.45755892078260757,Stres Sedang,Pokok Utama,109.23530585370158,-0.42420533846787195,546,109.23528456,-0.42422951,7.69,0.45,0.45,Healthy,Moderate
AME II,D002A,D02,2009,97,21,261261,0.42314648799922155,Stres Sedang,0.4540981096394647,Stres Sedang,Pokok Utama,109.23538421788248,-0.4242053899218469,1493,109.23539594,-0.42423768,4.86,0.503,0.503,Healthy,Good
AME II,D002A,D02,2009,97,23,261205,0.4018940351672507,Stres Sedang,0.4296422950972607,Stres Sedang,Pokok Utama,109.23555714933481,-0.42420116947669817,2095,109.2355262,-0.4241934,4.13,0.549,0.549,Healthy,Good
AME II,D002A,D02,2009,97,24,261227,0.40726120770786317,Stres Sedang,0.43350143953352843,Stres Sedang,Pokok Utama,109.23562750050384,-0.4241952823646578,2774,109.23562231,-0.42419432,3.47,0.555,0.555,Healthy,Good
AME II,D002A,D02,2009,97,25,261216,0.4271863918662201,Stres Sedang,0.45701898240792876,Stres Sedang,Pokok Utama,109.2357114782418,-0.42418629030372584,2480,109.23572831,-0.42420656,3.75,0.521,0.521,Healthy,Good
AME II,D002A,D02,2009,97,26,261235,0.4022363510138635,Stres Sedang,0.4471026697911714,Stres Sedang,Pokok Utama,109.23577390502774,-0.4241876601794743,2477,109.23579748,-0.4241817,3.76,0.499,0.499,Healthy,Good
AME II,D002A,D02,2009,98,3,261094,0.4500163839762711,Stres Sedang,0.4844904629160746,Stres Sedang,Pokok Utama,109.23379684941187,-0.4241734652487653,1935,109.23379973,-0.42417853,4.31,0.537,0.537,Healthy,Good
AME II,D002A,D02,2009,98,4,261140,0.37480129541863166,Stres Berat,0.474674670537766,Stres Sedang,Pokok Utama,109.23389222047925,-0.4241813735509551,2486,109.23392458,-0.42419213,3.75,0.527,0.527,Healthy,Good
AME II,D002A,D02,2009,98,5,261138,0.38560978861780737,Stres Berat,0.45894704743906545,Stres Sedang,Pokok Utama,109.23397619923746,-0.4241715034434403,3052,109.23397309,-0.42418309,3.18,0.402,0.402,Healthy,Sub-Optimal
AME II,D002A,D02,2009,98,7,261130,0.37866154980134276,Stres Berat,0.44092628688839514,Stres Sedang,Pokok Utama,109.23411593137297,-0.4241476448932504,1604,109.23413659,-0.4241447,4.71,0.418,0.418,Healthy,Sub-Optimal
AME II,D002A,D02,2009,98,8,261672,0.40431721158769424,Stres Sedang,0.44713434467769736,Stres Sedang,Pokok Utama,109.23415446885521,-0.4241717695765399,1604,109.23413659,-0.4241447,4.71,0.418,0.418,Healthy,Sub-Optimal
AME II,D002A,D02,2009,98,9,261671,0.4279931098798192,Stres Sedang,0.4931006488465175,Stres Sedang,Pokok Utama,109.23421848380035,-0.42416093722554143,3263,109.23423091,-0.42413613,2.89,0.472,0.472,Healthy,Good
AME II,D002A,D02,2009,98,13,261011,0.437432999746955,Stres Sedang,0.46083062774426226,Stres Sedang,Pokok Utama,109.23452914357311,-0.42414340371040776,2902,109.23451387,-0.42411585,3.36,0.458,0.458,Healthy,Moderate
AME II,D002A,D02,2009,98,18,261284,0.39189680480328076,Stres Berat,0.4560570355579682,Stres Sedang,Pokok Utama,109.23501065990392,-0.4241330515647426,1868,109.23499938,-0.42411958,4.38,0.476,0.476,Healthy,Good
AME II,D002A,D02,2009,98,21,261262,0.4504303196169029,Stres Sedang,0.44959754239054533,Stres Sedang,Pokok Utama,109.23534315054046,-0.42412312274578334,2493,109.23533847,-0.42414226,3.74,0.509,0.509,Healthy,Good
AME II,D002A,D02,2009,98,22,261193,0.40906116325095504,Stres Sedang,0.4266665213667741,Stres Sedang,Pokok Utama,109.23540707753929,-0.4241239865591091,2496,109.23540674,-0.42413369,3.74,0.443,0.443,Healthy,Moderate
AME II,D002A,D02,2009,98,24,261228,0.42099534875512545,Stres Sedang,0.4551192129338468,Stres Sedang,Pokok Utama,109.23557681503672,-0.42411846770341877,2482,109.23556395,-0.42409619,3.75,0.477,0.477,Healthy,Good
AME II,D002A,D02,2009,98,25,261217,0.4242345164970812,Stres Sedang,0.4453542083188484,Stres Sedang,Pokok Utama,109.23565603888524,-0.4241144988344396,2139,109.23565332,-0.42413148,4.09,0.502,0.502,Healthy,Good
AME II,D002A,D02,2009,98,26,261236,0.4253279610701047,Stres Sedang,0.45777798631192684,Stres Sedang,Pokok Utama,109.23573692283459,-0.424122014040213,3447,109.23574359,-0.42413964,2.54,0.54,0.54,Healthy,Good
AME II,D002A,D02,2009,98,27,261242,0.4284524879448438,Stres Sedang,0.46822263089587074,Stres Sedang,Pokok Utama,109.2358158317861,-0.42410839441620585,2953,109.23581142,-0.42410439,3.29,0.52,0.52,Healthy,Good
AME II,D002A,D02,2009,99,1,261511,0.4208603008909028,Stres Sedang,0.4531030108217796,Stres Sedang,Pokok Utama,109.2336665963624,-0.424107861038574,1350,109.23365198,-0.42411836,5.08,0.451,0.451,Healthy,Moderate
AME II,D002A,D02,2009,99,2,261060,0.42480561499813213,Stres Sedang,0.441657214586926,Stres Sedang,Pokok Utama,109.23377955916182,-0.4240997835802257,3247,109.23379974,-0.42410981,2.91,0.48,0.48,Healthy,Good
AME II,D002A,D02,2009,99,3,261141,0.4371952633456909,Stres Sedang,0.48157889745527105,Stres Sedang,Pokok Utama,109.23384357088075,-0.4240991598539316,3221,109.23382535,-0.42408133,2.95,0.505,0.505,Healthy,Good
AME II,D002A,D02,2009,99,4,261521,0.400492032918921,Stres Sedang,0.4694090322218556,Stres Sedang,Pokok Utama,109.23391480158759,-0.4241082517575446,2545,109.23393852,-0.42412295,3.7,0.46,0.46,Healthy,Good
AME II,D002A,D02,2009,99,5,261531,0.39336703763907455,Stres Berat,0.45388101026527866,Stres Sedang,Pokok Utama,109.23402416370398,-0.424090199961203,1931,109.23401488,-0.42410126,4.31,0.417,0.417,Healthy,Sub-Optimal
AME II,D002A,D02,2009,99,8,261491,0.4317527357038026,Stres Sedang,0.4743243088903261,Stres Sedang,Pokok Utama,109.23424587407031,-0.4240965095433884,3152,109.23422553,-0.42408413,3.05,0.413,0.413,Healthy,Sub-Optimal
AME II,D002A,D02,2009,99,9,261501,0.3950501125663527,Stres Berat,0.42802605692113865,Stres Sedang,Pokok Utama,109.23432890106922,-0.42408887192052147,2245,109.23435758,-0.42406969,3.98,0.414,0.414,Healthy,Sub-Optimal
AME II,D002A,D02,2009,99,10,261461,0.41080591228424435,Stres Sedang,0.4422852571736149,Stres Sedang,Pokok Utama,109.23440869471976,-0.42408334870759323,1581,109.23439171,-0.42409231,4.74,0.48,0.48,Healthy,Good
AME II,D002A,D02,2009,99,11,261471,0.3931942888826075,Stres Berat,0.44827605269318554,Stres Sedang,Pokok Utama,109.23448347683082,-0.42407824845835096,3243,109.23448019,-0.42408464,2.92,0.377,0.377,Healthy,Critical
AME II,D002A,D02,2009,99,12,261442,0.4011297771869146,Stres Sedang,0.4484580796887146,Stres Sedang,Pokok Utama,109.23456342429853,-0.42408370527150296,3516,109.2345772,-0.42410275,2.32,0.475,0.475,Healthy,Good
AME II,D002A,D02,2009,99,13,261446,0.400215512413021,Stres Sedang,0.48312733210198666,Stres Sedang,Pokok Utama,109.2346531444585,-0.4240754551616487,3521,109.23464457,-0.42408242,2.31,0.54,0.54,Healthy,Good
AME II,D002A,D02,2009,99,14,261174,0.39624900358476034,Stres Berat,0.43796962247086835,Stres Sedang,Pokok Utama,109.23473858498753,-0.42406842939186096,379,109.23474743,-0.42404627,8.67,0.484,0.484,Healthy,Good
AME II,D002A,D02,2009,99,15,261173,0.4180481787234172,Stres Sedang,0.4273810244047022,Stres Sedang,Pokok Utama,109.2348123275468,-0.4240724342827356,2008,109.23481615,-0.42405488,4.22,0.428,0.428,Healthy,Sub-Optimal
AME II,D002A,D02,2009,99,16,261167,0.39887569957665536,Stres Berat,0.4146791937169977,Stres Sedang,Pokok Utama,109.23488042804735,-0.424072599129582,3561,109.2348952,-0.42404992,2.14,0.413,0.413,Abnormal,Sub-Optimal
AME II,D002A,D02,2009,99,18,261295,0.3971479716832223,Stres Berat,0.47068485193041876,Stres Sedang,Pokok Utama,109.23505319920427,-0.4240540771619844,1629,109.23504566,-0.42402057,4.66,0.453,0.453,Healthy,Moderate
AME II,D002A,D02,2009,99,19,261425,0.3786950945846082,Stres Berat,0.4222558613339488,Stres Sedang,Pokok Utama,109.23513318059717,-0.4240645320373809,382,109.23514581,-0.42407756,8.65,0.427,0.427,Healthy,Sub-Optimal
AME II,D002A,D02,2009,99,20,261434,0.3578008356523397,Stres Berat,0.3984809103795123,Stres Berat,Pokok Utama,109.23522262516497,-0.4240556199073267,414,109.23520645,-0.42402332,8.4,0.432,0.432,Healthy,Moderate
AME II,D002A,D02,2009,99,22,261194,0.4130167997045582,Stres Sedang,0.43839800567366183,Stres Sedang,Pokok Utama,109.23537511715693,-0.42404832466543646,750,109.23539015,-0.42402517,6.8,0.417,0.417,Healthy,Sub-Optimal
AME II,D002A,D02,2009,99,23,261207,0.42265942896893244,Stres Sedang,0.45236884622985685,Stres Sedang,Pokok Utama,109.23545997575961,-0.4240566320440976,361,109.23545886,-0.42405683,8.8,0.405,0.405,Healthy,Sub-Optimal
AME II,D002A,D02,2009,99,24,261229,0.40319483380899324,Stres Sedang,0.44613943663754857,Stres Sedang,Pokok Utama,109.23553919689327,-0.4240646252411358,2759,109.2355195,-0.4240374,3.48,0.502,0.502,Healthy,Good
AME II,D002A,D02,2009,99,25,261218,0.40143056264903765,Stres Sedang,0.4424714706009293,Stres Sedang,Pokok Utama,109.23562832462555,-0.42405467670492436,2727,109.23564794,-0.42407722,3.5,0.417,0.417,Healthy,Sub-Optimal
AME II,D002A,D02,2009,99,26,261237,0.3962967154185842,Stres Berat,0.4327335212998896,Stres Sedang,Pokok Utama,109.23570556779448,-0.4240467185145155,3004,109.23572026,-0.42403293,3.23,0.58,0.58,Healthy,Good
AME II,D002A,D02,2009,99,27,261243,0.4096043728665329,Stres Sedang,0.43479277379922815,Stres Sedang,Pokok Utama,109.2357762134974,-0.42404525077236654,3220,109.2357562,-0.42401802,2.96,0.463,0.463,Healthy,Good
AME II,D002A,D02,2009,100,1,261512,0.40231700373201407,Stres Sedang,0.44324156863911374,Stres Sedang,Pokok Utama,109.23364905072157,-0.4240354245353906,1102,109.23366233,-0.42400759,5.64,0.48,0.48,Healthy,Good
AME II,D002A,D02,2009,100,3,261516,0.4638024787156681,Stres Sedang,0.48733856779437107,Stres Sedang,Pokok Utama,109.23379495542876,-0.4240287743891753,2917,109.23379706,-0.42403791,3.34,0.546,0.546,Healthy,Good
AME II,D002A,D02,2009,100,4,261522,0.4264198454187589,Stres Sedang,0.46213100971547655,Stres Sedang,Pokok Utama,109.23386229741075,-0.42401459328197566,2951,109.23386264,-0.42400809,3.3,0.487,0.487,Healthy,Good
AME II,D002A,D02,2009,100,6,261539,0.3722093425780405,Stres Berat,0.43392399195754916,Stres Sedang,Pokok Utama,109.23405037055566,-0.42401958118734234,2860,109.23402838,-0.42400767,3.4,0.444,0.444,Healthy,Moderate
AME II,D002A,D02,2009,100,7,261673,0.4120348107808305,Stres Sedang,0.44900685857823563,Stres Sedang,Pokok Utama,109.23412388297075,-0.4240163606846404,3350,109.23411731,-0.42399594,2.73,0.427,0.427,Healthy,Sub-Optimal
AME II,D002A,D02,2009,100,9,261502,0.4065399096691923,Stres Sedang,0.4186085563731573,Stres Sedang,Pokok Utama,109.23428304065837,-0.42403405185803206,3209,109.23428617,-0.42403848,2.97,0.38,0.38,Healthy,Critical
AME II,D002A,D02,2009,100,12,261443,0.35382680145334566,Stres Berat,0.42697284820203024,Stres Sedang,Pokok Utama,109.2345174671957,-0.4240155413519427,1106,109.23450715,-0.42401863,5.61,0.433,0.433,Healthy,Moderate
AME II,D002A,D02,2009,100,16,261286,0.3625567365606939,Stres Berat,0.41415279842935554,Stres Sedang,Pokok Utama,109.23493071591713,-0.42399716051009784,3394,109.23494371,-0.4240124,2.66,0.481,0.481,Healthy,Good
AME II,D002A,D02,2009,100,17,261296,0.3616499511232319,Stres Berat,0.4425312777151204,Stres Sedang,Pokok Utama,109.2350064392746,-0.42400069923324657,2707,109.234981,-0.42398257,3.53,0.507,0.507,Healthy,Good
AME II,D002A,D02,2009,100,19,261264,0.38571272427642267,Stres Berat,0.40642664225555125,Stres Sedang,Pokok Utama,109.23524569395218,-0.4239907851628856,617,109.23525137,-0.4239971,7.39,0.413,0.413,Healthy,Sub-Optimal
AME II,D002A,D02,2009,100,21,261230,0.38659124329175687,Stres Berat,0.42659623526330104,Stres Sedang,Pokok Utama,109.23550609195676,-0.4239936021350008,1271,109.2354957,-0.42398857,5.23,0.407,0.407,Healthy,Sub-Optimal
AME II,D002A,D02,2009,100,22,261219,0.38651837257465355,Stres Berat,0.4117351682236915,Stres Sedang,Pokok Utama,109.23557486415292,-0.4239868727509023,3414,109.23556576,-0.42401255,2.61,0.462,0.462,Healthy,Good
AME II,D002A,D02,2009,100,23,261238,0.38406482736323594,Stres Berat,0.43239187862143286,Stres Sedang,Pokok Utama,109.23566813750558,-0.4239725040432257,1720,109.23570231,-0.42397867,4.53,0.569,0.569,Healthy,Good
AME II,D002A,D02,2009,100,24,261244,0.40146075026246114,Stres Sedang,0.44260431964750907,Stres Sedang,Pokok Utama,109.23574543358366,-0.42397287536045136,2216,109.23573016,-0.42394069,4.01,0.43,0.43,Healthy,Moderate
AME II,D002A,D02,2009,101,3,261523,0.4665085978568946,Stres Sedang,0.48016220457457864,Stres Sedang,Pokok Utama,109.2338356903133,-0.42396464730068617,3069,109.23382133,-0.42398864,3.16,0.531,0.531,Healthy,Good
AME II,D002A,D02,2009,101,4,261533,0.40330202984972063,Stres Sedang,0.44240816941066663,Stres Sedang,Pokok Utama,109.23391522746286,-0.4239691318988825,2849,109.2339152,-0.42397147,3.41,0.463,0.463,Healthy,Good
AME II,D002A,D02,2009,101,5,261540,0.39432438956510424,Stres Berat,0.4342883479057398,Stres Sedang,Pokok Utama,109.23400554293114,-0.42396181607079864,2697,109.23402075,-0.4239715,3.54,0.46,0.46,Healthy,Good
AME II,D002A,D02,2009,101,7,261493,0.3922621093676211,Stres Berat,0.43641458342081796,Stres Sedang,Pokok Utama,109.234166309069,-0.423969113604635,3099,109.23418558,-0.42399053,3.13,0.429,0.429,Healthy,Sub-Optimal
AME II,D002A,D02,2009,101,8,261503,0.379839810475062,Stres Berat,0.436198061085506,Stres Sedang,Pokok Utama,109.23425192647633,-0.4239583757328049,3300,109.23423095,-0.42394125,2.82,0.387,0.387,Healthy,Critical
AME II,D002A,D02,2009,101,9,261463,0.41954067973222303,Stres Sedang,0.44894189631140863,Stres Sedang,Pokok Utama,109.23432746774571,-0.42395667400839215,2901,109.23432256,-0.42398965,3.36,0.463,0.463,Healthy,Good
AME II,D002A,D02,2009,101,10,261473,0.37875604494235604,Stres Berat,0.429560382429582,Stres Sedang,Pokok Utama,109.23441117781188,-0.423955285237479,3307,109.23439353,-0.42397837,2.81,0.453,0.453,Healthy,Moderate
AME II,D002A,D02,2009,101,12,261176,0.4070621890559488,Stres Sedang,0.48550005426878395,Stres Sedang,Pokok Utama,109.23466014708987,-0.42395378610332635,2298,109.23464505,-0.42394225,3.94,0.376,0.376,Healthy,Critical
AME II,D002A,D02,2009,101,13,261177,0.3913249690803997,Stres Berat,0.4464619865736088,Stres Sedang,Pokok Utama,109.23472386301412,-0.4239544563477835,2865,109.23472725,-0.42392373,3.4,0.523,0.523,Healthy,Good
AME II,D002A,D02,2009,101,18,261436,0.3934575784465541,Stres Berat,0.42941956891089067,Stres Sedang,Pokok Utama,109.23512924903223,-0.42393293666178455,3385,109.23514135,-0.42394915,2.67,0.534,0.534,Abnormal,Good
AME II,D002A,D02,2009,101,23,261245,0.40482182450464654,Stres Sedang,0.44061114548489216,Stres Sedang,Pokok Utama,109.23571050942148,-0.42391472633831606,2216,109.23573016,-0.42394069,4.01,0.43,0.43,Healthy,Moderate
AME II,D002A,D02,2009,101,24,327112,0.4040140681710173,Stres Sedang,0.44219961510943223,Stres Sedang,Tamb,109.23577161984402,-0.42390196984564066,2982,109.2357679,-0.4238973,3.25,0.452,0.452,Abnormal,Moderate
AME II,D002A,D02,2009,102,1,261515,0.41848397084019956,Stres Sedang,0.4531331819587554,Stres Sedang,Pokok Utama,109.23366094008176,-0.42389730838773027,246,109.23363855,-0.42391851,9.65,0.377,0.377,Suspect,Critical
AME II,D002A,D02,2009,102,2,261518,0.4377877000917937,Stres Sedang,0.46391170190689257,Stres Sedang,Pokok Utama,109.23371014822632,-0.4239050071285161,1921,109.23371624,-0.42392983,4.33,0.493,0.493,Healthy,Good
AME II,D002A,D02,2009,102,4,261534,0.3850841448863455,Stres Berat,0.45892714565574017,Stres Sedang,Pokok Utama,109.23387896017803,-0.4239002296073089,3557,109.23388647,-0.42391224,2.16,0.446,0.446,Healthy,Moderate
AME II,D002A,D02,2009,102,5,261661,0.3710554144926193,Stres Berat,0.45710383921727604,Stres Sedang,Pokok Utama,109.23395549004748,-0.4238922712717736,804,109.23398034,-0.42389191,6.59,0.417,0.417,Healthy,Sub-Optimal
AME II,D002A,D02,2009,102,6,261675,0.3583407160800966,Stres Berat,0.43662086818518314,Stres Sedang,Pokok Utama,109.23405024241094,-0.4238794845489941,3050,109.23404816,-0.42388695,3.18,0.517,0.517,Healthy,Good
AME II,D002A,D02,2009,102,8,261504,0.3383483659541752,Stres Berat,0.4131698287918345,Stres Sedang,Pokok Utama,109.23420716893936,-0.42389651144406776,2113,109.23423591,-0.42387841,4.11,0.487,0.487,Healthy,Good
AME II,D002A,D02,2009,102,10,261474,0.38797645917081314,Stres Berat,0.4372203998605804,Stres Sedang,Pokok Utama,109.2343834538378,-0.42387897145243497,1211,109.234394,-0.42386397,5.36,0.401,0.401,Healthy,Sub-Optimal
AME II,D002A,D02,2009,102,13,261178,0.40447880478491943,Stres Sedang,0.45851995889209524,Stres Sedang,Pokok Utama,109.23468838654239,-0.4238879343256711,179,109.23465944,-0.42387624,10.25,0.501,0.501,Healthy,Good
AME II,D002A,D02,2009,102,16,261298,0.39445374452302867,Stres Berat,0.4283506079262375,Stres Sedang,Pokok Utama,109.23493267883218,-0.4238852503727343,3528,109.23495092,-0.42390841,2.3,0.426,0.426,Healthy,Sub-Optimal
AME II,D002A,D02,2009,102,17,261427,0.3946220723179733,Stres Berat,0.4517795635831002,Stres Sedang,Pokok Utama,109.2350084456996,-0.4238870501346801,2583,109.23502458,-0.42389667,3.66,0.588,0.588,Healthy,Good
AME II,D002A,D02,2009,102,19,261265,0.42945969861586847,Stres Sedang,0.4468321374012269,Stres Sedang,Pokok Utama,109.23517522641436,-0.4238640523001022,3066,109.23518268,-0.42387048,3.16,0.419,0.419,Healthy,Sub-Optimal
AME II,D002A,D02,2009,102,22,261231,0.3911851807258219,Stres Berat,0.42765070228766994,Stres Sedang,Pokok Utama,109.23541916928608,-0.4238576407271935,3040,109.23540097,-0.42384883,3.19,0.461,0.461,Healthy,Good
AME II,D002A,D02,2009,102,23,261221,0.3950589654646603,Stres Berat,0.44411895914862937,Stres Sedang,Pokok Utama,109.23550237397475,-0.42384698818383293,2640,109.23548271,-0.42384388,3.6,0.45,0.45,Healthy,Moderate
AME II,D002A,D02,2009,102,24,261240,0.39964124035171195,Stres Berat,0.4293118742314187,Stres Sedang,Pokok Utama,109.23558028133733,-0.4238571929857649,2765,109.23558196,-0.42386967,3.47,0.439,0.439,Healthy,Moderate
AME II,D002A,D02,2009,102,25,261246,0.38575525688244666,Stres Berat,0.42660455701227945,Stres Sedang,Pokok Utama,109.2356662373168,-0.4238589679492541,2995,109.23564978,-0.42387647,3.24,0.398,0.398,Healthy,Sub-Optimal
AME II,D002A,D02,2009,102,27,261252,0.39815948633843556,Stres Berat,0.4266080383223669,Stres Sedang,Pokok Utama,109.23582048372754,-0.42385932254982256,1497,109.23585235,-0.42384758,4.85,0.452,0.452,Healthy,Moderate
AME II,D002A,D02,2009,103,2,261525,0.45504503670612817,Stres Sedang,0.4683659925922617,Stres Sedang,Pokok Utama,109.23375855652806,-0.4238351223277183,2481,109.23378229,-0.42385162,3.75,0.461,0.461,Healthy,Good
AME II,D002A,D02,2009,103,4,261495,0.32109560859614966,Stres Berat,0.4085403357502213,Stres Sedang,Pokok Utama,109.23408527272078,-0.42382179835865935,3555,109.23407063,-0.42383813,2.2,0.398,0.398,Healthy,Sub-Optimal
AME II,D002A,D02,2009,103,5,261505,0.3901075100532792,Stres Berat,0.4662732608056999,Stres Sedang,Pokok Utama,109.23416101107739,-0.4238144782698792,2814,109.23417798,-0.42383137,3.43,0.42,0.42,Healthy,Sub-Optimal
AME II,D002A,D02,2009,103,6,261465,0.4057595108291005,Stres Sedang,0.4527242007829193,Stres Sedang,Pokok Utama,109.23424038916382,-0.4238272579518652,1671,109.23426511,-0.42383953,4.61,0.455,0.455,Healthy,Moderate
AME II,D002A,D02,2009,103,8,261450,0.41793540176049765,Stres Sedang,0.47006508180866013,Stres Sedang,Pokok Utama,109.23448832423655,-0.42380711826299955,3324,109.2345108,-0.42378442,2.77,0.464,0.464,Healthy,Good
AME II,D002A,D02,2009,103,9,261181,0.41772564988977007,Stres Sedang,0.46556560903823435,Stres Sedang,Pokok Utama,109.2345685829136,-0.4238107656343502,3619,109.23458895,-0.42378354,1.37,0.426,0.426,Healthy,Sub-Optimal
AME II,D002A,D02,2009,103,10,261179,0.41892611442487243,Stres Sedang,0.4758497224893785,Stres Sedang,Pokok Utama,109.23465734874216,-0.4238080930060177,1434,109.2346599,-0.42382515,4.94,0.491,0.491,Healthy,Good
AME II,D002A,D02,2009,103,12,261271,0.40464341406427,Stres Sedang,0.4386921006821038,Stres Sedang,Pokok Utama,109.23481491432601,-0.42381968067822756,2918,109.23483776,-0.423827,3.34,0.467,0.467,Healthy,Good
AME II,D002A,D02,2009,103,13,261299,0.3945882745816008,Stres Berat,0.4467544189058837,Stres Sedang,Pokok Utama,109.23490298705757,-0.4238114708668754,1864,109.2349195,-0.42383742,4.38,0.509,0.509,Healthy,Good
AME II,D002A,D02,2009,103,14,261428,0.3688829131475056,Stres Berat,0.44384199402379615,Stres Sedang,Pokok Utama,109.23497281503754,-0.42379926890965863,1339,109.23499136,-0.42382342,5.1,0.468,0.468,Healthy,Good
AME II,D002A,D02,2009,103,15,261438,0.3429620910219163,Stres Berat,0.4127147393958566,Stres Sedang,Pokok Utama,109.23505702656774,-0.4237969876962193,1489,109.23505246,-0.42376963,4.87,0.468,0.468,Healthy,Good
AME II,D002A,D02,2009,103,16,261266,0.3920579508530374,Stres Berat,0.45690762094007087,Stres Sedang,Pokok Utama,109.2351375990794,-0.4237952825894087,3481,109.23512206,-0.42380717,2.43,0.565,0.565,Healthy,Good
AME II,D002A,D02,2009,103,17,261198,0.4091984544793495,Stres Sedang,0.4354431131997934,Stres Sedang,Pokok Utama,109.23522485087207,-0.42380662442986267,1145,109.23524019,-0.42381353,5.53,0.418,0.418,Healthy,Sub-Optimal
AME II,D002A,D02,2009,103,18,261210,0.43311588867695744,Stres Sedang,0.44488503322587,Stres Sedang,Pokok Utama,109.23530356881265,-0.423803376162089,1484,109.23529498,-0.42381037,4.87,0.419,0.419,Healthy,Sub-Optimal
AME II,D002A,D02,2009,103,19,261232,0.4133877014948487,Stres Sedang,0.4393450948211166,Stres Sedang,Pokok Utama,109.23537734254555,-0.42379674287222635,2900,109.23538032,-0.42381446,3.36,0.417,0.417,Abnormal,Sub-Optimal
AME II,D002A,D02,2009,103,20,261222,0.4352964371021217,Stres Sedang,0.46515609421705656,Stres Sedang,Pokok Utama,109.23546042077513,-0.4237931447343978,558,109.23547509,-0.4237643,7.65,0.425,0.425,Healthy,Sub-Optimal
AME II,D002A,D02,2009,103,21,261241,0.37178072218804953,Stres Berat,0.41144286613056863,Stres Sedang,Pokok Utama,109.23553925783577,-0.42379545431252214,3226,109.23553482,-0.4237928,2.94,0.465,0.465,Healthy,Good
AME II,D002A,D02,2009,103,22,261247,0.39631084697508434,Stres Berat,0.4393902339197852,Stres Sedang,Pokok Utama,109.23561565964545,-0.42378208097662784,2796,109.23560848,-0.42379326,3.45,0.455,0.455,Healthy,Moderate
AME II,D002A,D02,2009,103,23,261250,0.40170443680482876,Stres Sedang,0.4458109973410867,Stres Sedang,Pokok Utama,109.2356928696586,-0.4237975640093669,2588,109.23571537,-0.42380911,3.65,0.448,0.448,Healthy,Moderate
AME II,D002A,D02,2009,103,24,261253,0.4164279705080157,Stres Sedang,0.46107400710777124,Stres Sedang,Pokok Utama,109.23578484851754,-0.42379152358825983,2585,109.23577467,-0.42375894,3.66,0.465,0.465,Abnormal,Good
AME II,D002A,D02,2009,104,1,261520,0.42397850153885697,Stres Sedang,0.47641594425157024,Stres Sedang,Pokok Utama,109.23365399843807,-0.4237617244707127,124,109.23364397,-0.42376659,10.74,0.379,0.379,Suspect,Critical
AME II,D002A,D02,2009,104,3,261536,0.4516181579625587,Stres Sedang,0.4759135142040367,Stres Sedang,Pokok Utama,109.23379484999461,-0.4237686457542399,3503,109.23379847,-0.42378923,2.37,0.47,0.47,Healthy,Good
AME II,D002A,D02,2009,104,4,261663,0.4066414507267916,Stres Sedang,0.4679490871720756,Stres Sedang,Pokok Utama,109.23387028763332,-0.4237564125459564,3259,109.2338901,-0.42376891,2.89,0.483,0.483,Healthy,Good
AME II,D002A,D02,2009,104,9,261475,0.4601010391174515,Stres Sedang,0.4871959401404156,Stres Sedang,Pokok Utama,109.23427479112276,-0.42374384251051544,2472,109.23429746,-0.42376222,3.76,0.436,0.436,Healthy,Moderate
AME II,D002A,D02,2009,104,10,261482,0.4277487827203479,Stres Sedang,0.463916819550475,Stres Sedang,Pokok Utama,109.2343498927019,-0.42375199481656856,1804,109.23433878,-0.42375861,4.44,0.545,0.545,Healthy,Good
AME II,D002A,D02,2009,104,11,261451,0.3939165645841017,Stres Berat,0.45387060468902396,Stres Sedang,Pokok Utama,109.23444767998436,-0.4237447259007355,3310,109.23442861,-0.42375094,2.8,0.501,0.501,Healthy,Good
AME II,D002A,D02,2009,104,18,261267,0.3610977174691913,Stres Berat,0.4184046696514973,Stres Sedang,Pokok Utama,109.23509958794887,-0.4237235747263467,2094,109.23508346,-0.42371357,4.13,0.481,0.481,Healthy,Good
AME II,D002A,D02,2009,104,21,261233,0.4045744953254697,Stres Sedang,0.4256582464089524,Stres Sedang,Pokok Utama,109.235332527123,-0.42372454331027093,1836,109.23533048,-0.42372945,4.4,0.479,0.479,Healthy,Good
AME II,D002A,D02,2009,104,22,261223,0.3992834954153202,Stres Berat,0.445977750510989,Stres Sedang,Pokok Utama,109.23541175050934,-0.4237185804480675,1966,109.23541626,-0.4237471,4.28,0.428,0.428,Healthy,Sub-Optimal
AME II,D002A,D02,2009,104,23,261248,0.37867567386022544,Stres Berat,0.4466954041557415,Stres Sedang,Pokok Utama,109.23558638942154,-0.42371498974041116,691,109.23556538,-0.42372634,7.02,0.463,0.463,Healthy,Good
AME II,D002A,D02,2009,104,24,261251,0.40234104121535597,Stres Sedang,0.43110932788106143,Stres Sedang,Pokok Utama,109.23565216824066,-0.4237137324766555,2749,109.23563095,-0.42373359,3.49,0.516,0.516,Healthy,Good
AME II,D002A,D02,2009,104,25,261254,0.36743543874831847,Stres Berat,0.395434446592637,Stres Berat,Pokok Utama,109.23574414503919,-0.4237167838752115,1026,109.23576839,-0.42371282,5.85,0.483,0.483,Healthy,Good
AME II,D002A,D02,2009,105,3,261664,0.44005742324733943,Stres Sedang,0.47914095285168706,Stres Sedang,Pokok Utama,109.23382195047574,-0.4236986195057689,2582,109.23382229,-0.42370604,3.66,0.593,0.593,Healthy,Good
AME II,D002A,D02,2009,105,4,261678,0.3992939816161216,Stres Berat,0.46911489857893945,Stres Sedang,Pokok Utama,109.2339173500008,-0.42369191975571835,2560,109.23390089,-0.42369295,3.68,0.466,0.466,Healthy,Good
AME II,D002A,D02,2009,105,5,261497,0.37975488614861036,Stres Berat,0.4259300126517705,Stres Sedang,Pokok Utama,109.23399007922335,-0.42368029270478924,1298,109.23398534,-0.4236577,5.17,0.514,0.514,Healthy,Good
AME II,D002A,D02,2009,105,6,261507,0.36483350868236136,Stres Berat,0.42055684487526573,Stres Sedang,Pokok Utama,109.23408847295828,-0.42368430324353934,1477,109.23406528,-0.42369208,4.88,0.326,0.326,Suspect,Critical
AME II,D002A,D02,2009,105,7,261467,0.3587235366038599,Stres Berat,0.41909526632933564,Stres Sedang,Pokok Utama,109.23416389270702,-0.42368368211834295,3505,109.2341807,-0.42369482,2.37,0.393,0.393,Abnormal,Sub-Optimal
AME II,D002A,D02,2009,105,8,261476,0.41477566541099914,Stres Sedang,0.457001658352906,Stres Sedang,Pokok Utama,109.2342451740238,-0.4236854560154462,2243,109.23424044,-0.42370749,3.98,0.421,0.421,Healthy,Sub-Optimal
AME II,D002A,D02,2009,105,9,261483,0.4388579861286286,Stres Sedang,0.45390719637974075,Stres Sedang,Pokok Utama,109.23433184601399,-0.42367861680177876,2531,109.23432488,-0.42368445,3.71,0.416,0.416,Healthy,Sub-Optimal
AME II,D002A,D02,2009,105,10,261452,0.3951191302427395,Stres Berat,0.43346670288732203,Stres Sedang,Pokok Utama,109.23440029516877,-0.42367416617882214,2915,109.23437114,-0.42368718,3.34,0.421,0.421,Healthy,Sub-Optimal
AME II,D002A,D02,2009,105,13,262152,0.3629231971687049,Stres Berat,0.4208098758334437,Stres Sedang,Pokok Utama,109.2346381172922,-0.42369080920120233,3086,109.23465319,-0.42369629,3.14,0.436,0.436,Healthy,Moderate
AME II,D002A,D02,2009,105,14,262172,0.3838737693895387,Stres Berat,0.4214868808989055,Stres Sedang,Pokok Utama,109.23472051687159,-0.4236573319806281,3162,109.2347345,-0.42365516,3.04,0.465,0.465,Healthy,Good
AME II,D002A,D02,2009,105,15,262174,0.44545462988195406,Stres Sedang,0.450507709908729,Stres Sedang,Pokok Utama,109.23480132198121,-0.4236637303454671,3157,109.23482567,-0.423638,3.04,0.555,0.555,Healthy,Good
AME II,D002A,D02,2009,105,16,262186,0.4084259366215554,Stres Sedang,0.4463273341038033,Stres Sedang,Pokok Utama,109.2348963909148,-0.42365737232699335,2971,109.23489663,-0.42366514,3.26,0.451,0.451,Healthy,Moderate
AME II,D002A,D02,2009,105,17,262198,0.37329013911538766,Stres Berat,0.43151731001965415,Stres Sedang,Pokok Utama,109.23497402783433,-0.42366376996385297,1633,109.23499723,-0.42368099,4.66,0.511,0.511,Healthy,Good
AME II,D002A,D02,2009,105,19,262289,0.3650079914500576,Stres Berat,0.4124665096738285,Stres Sedang,Pokok Utama,109.2351277212907,-0.4236542350228459,1611,109.23513736,-0.42368735,4.69,0.449,0.449,Healthy,Moderate
AME II,D002A,D02,2009,105,20,262312,0.39452202025715016,Stres Berat,0.42835698043773685,Stres Sedang,Pokok Utama,109.23521644915994,-0.42366063520179453,3174,109.23524291,-0.423672,3.02,0.466,0.466,Abnormal,Good
AME II,D002A,D02,2009,105,22,262325,0.4161482766011768,Stres Sedang,0.4473440255399223,Stres Sedang,Pokok Utama,109.23538390784626,-0.4236466063323759,1144,109.23541134,-0.42365305,5.53,0.409,0.409,Healthy,Sub-Optimal
AME II,D002A,D02,2009,105,25,262211,0.403872168887592,Stres Sedang,0.4414398188181815,Stres Sedang,Pokok Utama,109.23571143774328,-0.4236350684264351,1974,109.23571182,-0.42363504,4.27,0.423,0.423,Healthy,Sub-Optimal
AME II,D002A,D02,2009,106,1,261528,0.3869627542579025,Stres Berat,0.44258684701636203,Stres Sedang,Pokok Utama,109.23363945336929,-0.4236242244102743,66,109.23366151,-0.42364542,11.45,0.449,0.449,Healthy,Moderate
AME II,D002A,D02,2009,106,3,261679,0.40383708763939546,Stres Sedang,0.46743064573592485,Stres Sedang,Pokok Utama,109.23388413113842,-0.42360448638525344,2065,109.23389507,-0.4236102,4.16,0.464,0.464,Healthy,Good
AME II,D002A,D02,2009,106,5,261468,0.390700251731979,Stres Berat,0.4590860402795478,Stres Sedang,Pokok Utama,109.23411010785057,-0.42360861843696257,399,109.23408012,-0.42359578,8.53,0.4,0.4,Healthy,Sub-Optimal
AME II,D002A,D02,2009,106,8,261453,0.38562769889831544,Stres Berat,0.4301749669779684,Stres Sedang,Pokok Utama,109.23435683088428,-0.423589569030238,3576,109.23437295,-0.42361664,2.05,0.508,0.508,Healthy,Good
AME II,D002A,D02,2009,106,9,261459,0.38964194033051963,Stres Berat,0.43972499715626184,Stres Sedang,Pokok Utama,109.23446179033274,-0.42359251218567356,3155,109.23446548,-0.4235823,3.04,0.506,0.506,Healthy,Good
AME II,D002A,D02,2009,106,10,261456,0.38455667052534254,Stres Berat,0.42865624354518334,Stres Sedang,Pokok Utama,109.23452945693303,-0.42358879205177186,1844,109.23455351,-0.42360357,4.4,0.438,0.438,Healthy,Moderate
AME II,D002A,D02,2009,106,12,262173,0.38009270862340605,Stres Berat,0.4338003861714241,Stres Sedang,Pokok Utama,109.23469090408365,-0.4235877791959891,2595,109.2346622,-0.42356607,3.65,0.465,0.465,Healthy,Good
AME II,D002A,D02,2009,106,13,262175,0.42365804801727724,Stres Sedang,0.44224486181225914,Stres Sedang,Pokok Utama,109.23476944237869,-0.4235804136122133,3246,109.23476235,-0.42360091,2.92,0.446,0.446,Healthy,Moderate
AME II,D002A,D02,2009,106,15,262199,0.4110756381742654,Stres Sedang,0.4415607302218211,Stres Sedang,Pokok Utama,109.23492017322314,-0.4235871933479771,3325,109.23491642,-0.42356251,2.77,0.416,0.416,Healthy,Sub-Optimal
AME II,D002A,D02,2009,106,16,262298,0.38920490586316864,Stres Berat,0.4600968376826467,Stres Sedang,Pokok Utama,109.23501077726594,-0.4235711094704948,3318,109.23503273,-0.42359735,2.78,0.421,0.421,Abnormal,Sub-Optimal
AME II,D002A,D02,2009,106,18,262311,0.3772937340242953,Stres Berat,0.4078236512226006,Stres Sedang,Pokok Utama,109.2351759714004,-0.4235610164927328,817,109.23520835,-0.42357162,6.54,0.45,0.45,Healthy,Moderate
AME II,D002A,D02,2009,106,19,262314,0.4056277970904889,Stres Sedang,0.39471127644418347,Stres Berat,Pokok Utama,109.23525259556665,-0.42356924509676563,1508,109.2352856,-0.42357435,4.84,0.415,0.415,Healthy,Sub-Optimal
AME II,D002A,D02,2009,106,20,262326,0.4299890292449667,Stres Sedang,0.4378837862995103,Stres Sedang,Pokok Utama,109.23535296144581,-0.4235557180943185,3409,109.23537498,-0.42356623,2.62,0.562,0.562,Healthy,Good
AME II,D002A,D02,2009,106,21,262339,0.4152022443018963,Stres Sedang,0.44961877058039196,Stres Sedang,Pokok Utama,109.23543087534954,-0.4235528566699458,2411,109.23545359,-0.42353912,3.81,0.462,0.462,Healthy,Good
AME II,D002A,D02,2009,106,23,262256,0.40716558568606454,Stres Sedang,0.4378664257055712,Stres Sedang,Pokok Utama,109.23558839291692,-0.42355461637601677,2073,109.23560404,-0.42356041,4.16,0.425,0.425,Healthy,Sub-Optimal
AME II,D002A,D02,2009,106,24,262254,0.3906700526681328,Stres Berat,0.41014366521714973,Stres Sedang,Pokok Utama,109.23566011489972,-0.4235484636892452,2353,109.23564986,-0.42352515,3.88,0.454,0.454,Healthy,Moderate
AME II,D002A,D02,2009,107,1,261529,0.40507511650663075,Stres Sedang,0.4601590373170673,Stres Sedang,Pokok Utama,109.23367559300729,-0.4235626626625397,354,109.23364447,-0.42354594,8.83,0.364,0.364,Suspect,Critical
AME II,D002A,D02,2009,107,2,261666,0.4444336814481927,Stres Sedang,0.46104054526950206,Stres Sedang,Pokok Utama,109.23375830158389,-0.42356076724454383,3158,109.23375316,-0.4235428,3.04,0.536,0.536,Healthy,Good
AME II,D002A,D02,2009,107,3,261680,0.4277634421526189,Stres Sedang,0.4793254131664555,Stres Sedang,Pokok Utama,109.23383314687742,-0.42354228157455764,1954,109.23381694,-0.42352247,4.29,0.469,0.469,Healthy,Good
AME II,D002A,D02,2009,107,4,261499,0.40033641503756545,Stres Sedang,0.46986281277541825,Stres Sedang,Pokok Utama,109.23393512895828,-0.42356317979682173,1838,109.23394179,-0.42356907,4.4,0.423,0.423,Healthy,Sub-Optimal
AME II,D002A,D02,2009,107,5,261509,0.37702337081503606,Stres Berat,0.44724501935371125,Stres Sedang,Pokok Utama,109.23400072732866,-0.42354136327972497,2384,109.23400692,-0.42355778,3.83,0.429,0.429,Healthy,Sub-Optimal
AME II,D002A,D02,2009,107,6,261469,0.4040947242181263,Stres Sedang,0.46435221062229204,Stres Sedang,Pokok Utama,109.23408508929582,-0.42353699226742786,2807,109.2340963,-0.4235474,3.44,0.386,0.386,Healthy,Critical
AME II,D002A,D02,2009,107,7,261478,0.36609867321304035,Stres Berat,0.43945542261330817,Stres Sedang,Pokok Utama,109.23416240876537,-0.42354482676190713,3138,109.23415963,-0.42354787,3.07,0.397,0.397,Healthy,Sub-Optimal
AME II,D002A,D02,2009,107,9,261454,0.3637347899561636,Stres Berat,0.4006697712214109,Stres Sedang,Pokok Utama,109.2343242742016,-0.42352915532817015,2018,109.23432536,-0.42351671,4.22,0.454,0.454,Healthy,Moderate
AME II,D002A,D02,2009,107,10,261460,0.38611588822123344,Stres Berat,0.4378685412570928,Stres Sedang,Pokok Utama,109.23440444763692,-0.42352837703244295,3390,109.23441833,-0.42354295,2.66,0.389,0.389,Healthy,Critical
AME II,D002A,D02,2009,107,11,261457,0.4028921093998459,Stres Sedang,0.4534490118415156,Stres Sedang,Pokok Utama,109.23447258103506,-0.4235220119306635,3508,109.23447538,-0.42349368,2.35,0.4,0.4,Healthy,Sub-Optimal
AME II,D002A,D02,2009,107,12,262161,0.40042292981068744,Stres Sedang,0.46092428644462324,Stres Sedang,Pokok Utama,109.23459648454697,-0.42351901004550263,1057,109.23458271,-0.42353756,5.75,0.427,0.427,Healthy,Sub-Optimal
AME II,D002A,D02,2009,107,13,262162,0.3907333175460195,Stres Berat,0.4594179271811415,Stres Sedang,Pokok Utama,109.23464766454666,-0.42351423533127575,2533,109.23467389,-0.42352673,3.71,0.485,0.485,Healthy,Good
AME II,D002A,D02,2009,107,15,262188,0.4234460695581374,Stres Sedang,0.44969723006041823,Stres Sedang,Pokok Utama,109.23481159021799,-0.4235084329646279,3211,109.23480728,-0.42354169,2.97,0.453,0.453,Healthy,Moderate
AME II,D002A,D02,2009,107,17,262299,0.33612417591179006,Stres Berat,0.41930028328971325,Stres Sedang,Pokok Utama,109.23496658748545,-0.423508870016284,1586,109.23499682,-0.42351912,4.74,0.388,0.388,Healthy,Critical
AME II,D002A,D02,2009,107,18,262291,0.34887398500476186,Stres Berat,0.4371824524669836,Stres Sedang,Pokok Utama,109.235046701397,-0.42350132483106284,2338,109.23501928,-0.42348929,3.9,0.453,0.453,Healthy,Moderate
AME II,D002A,D02,2009,107,20,262315,0.40483845015172404,Stres Sedang,0.42350039850526416,Stres Sedang,Pokok Utama,109.2352317940715,-0.4234750792995561,2136,109.23526631,-0.42348256,4.09,0.477,0.477,Healthy,Good
AME II,D002A,D02,2009,107,22,262338,0.42209144366319346,Stres Sedang,0.447661740708723,Stres Sedang,Pokok Utama,109.23537970320888,-0.4234870553787363,2525,109.2353723,-0.42350383,3.72,0.509,0.509,Healthy,Good
AME II,D002A,D02,2009,107,25,262268,0.3842356110267899,Stres Berat,0.43144864717773457,Stres Sedang,Pokok Utama,109.23563003193313,-0.42348048605583993,2606,109.23560721,-0.42346365,3.64,0.422,0.422,Healthy,Sub-Optimal
AME II,D002A,D02,2009,107,26,262253,0.41049877455781986,Stres Sedang,0.43085244084213103,Stres Sedang,Pokok Utama,109.23569983831608,-0.4234844366608289,2460,109.2356876,-0.42349893,3.77,0.506,0.506,Healthy,Good
AME II,D002A,D02,2009,108,1,261530,0.3975804799953967,Stres Berat,0.43715064719221014,Stres Sedang,Pokok Utama,109.23364423735178,-0.42349023836827676,341,109.23364853,-0.42347315,8.9,0.401,0.401,Healthy,Sub-Optimal
AME II,D002A,D02,2009,108,3,261681,0.4354055689539895,Stres Sedang,0.4695510441193632,Stres Sedang,Pokok Utama,109.23380084183242,-0.423493283806451,3115,109.23379629,-0.42347408,3.1,0.405,0.405,Healthy,Sub-Optimal
AME II,D002A,D02,2009,108,4,261500,0.3895065806429714,Stres Berat,0.4587377974978433,Stres Sedang,Pokok Utama,109.23388444399254,-0.42347242907195715,3048,109.23390947,-0.42348044,3.18,0.432,0.432,Healthy,Moderate
AME II,D002A,D02,2009,108,5,261510,0.36905771640938695,Stres Berat,0.4524030680765392,Stres Sedang,Pokok Utama,109.23395764305545,-0.4234804217761126,2040,109.23396516,-0.4235008,4.19,0.433,0.433,Healthy,Moderate
AME II,D002A,D02,2009,108,6,261470,0.36261626826726123,Stres Berat,0.4321670085460539,Stres Sedang,Pokok Utama,109.23402482664548,-0.42347150453034554,3377,109.2340029,-0.4234461,2.68,0.5,0.5,Healthy,Good
AME II,D002A,D02,2009,108,8,261487,0.4066943102373129,Stres Sedang,0.45481377757804153,Stres Sedang,Pokok Utama,109.23420355331429,-0.4234645263650969,2257,109.23421039,-0.42348413,3.97,0.538,0.538,Healthy,Good
AME II,D002A,D02,2009,108,9,261488,0.451863952120804,Stres Sedang,0.4871224667033096,Stres Sedang,Pokok Utama,109.23428626252257,-0.42346390780602333,2302,109.2342827,-0.42348912,3.93,0.496,0.496,Healthy,Good
AME II,D002A,D02,2009,108,10,261747,0.40537908170909065,Stres Sedang,0.4482015371501303,Stres Sedang,Pokok Utama,109.23436374172032,-0.4234645640116019,3438,109.2343658,-0.42346879,2.56,0.468,0.468,Healthy,Good
AME II,D002A,D02,2009,108,12,262154,0.38718645770265586,Stres Berat,0.4519906206271396,Stres Sedang,Pokok Utama,109.23451535609877,-0.4234489761223581,2102,109.23453198,-0.42346385,4.13,0.47,0.47,Healthy,Good
AME II,D002A,D02,2009,108,13,262163,0.38546109130244466,Stres Berat,0.4608995609376384,Stres Sedang,Pokok Utama,109.23461789229266,-0.42344675697579,1485,109.23462495,-0.42347201,4.87,0.518,0.518,Healthy,Good
AME II,D002A,D02,2009,108,14,262177,0.32082744156016013,Stres Berat,0.376464555592249,Stres Berat,Pokok Utama,109.2346888764447,-0.423441987704869,1597,109.23469188,-0.42341822,4.72,0.477,0.477,Healthy,Good
AME II,D002A,D02,2009,108,15,262189,0.3897178935625425,Stres Berat,0.43262780383497584,Stres Sedang,Pokok Utama,109.23476910969688,-0.4234468685162113,2475,109.2347808,-0.4234404,3.76,0.475,0.475,Healthy,Good
AME II,D002A,D02,2009,108,16,262201,0.402456613723569,Stres Sedang,0.42785778667670316,Stres Sedang,Pokok Utama,109.23484953820063,-0.42345031967564467,2297,109.23487018,-0.42345217,3.94,0.477,0.477,Healthy,Good
AME II,D002A,D02,2009,108,17,262300,0.3854415933970649,Stres Berat,0.45001314061983805,Stres Sedang,Pokok Utama,109.23492749469993,-0.4234417231997769,3358,109.23494698,-0.42346485,2.71,0.546,0.546,Healthy,Good
AME II,D002A,D02,2009,108,27,262215,0.401045814091727,Stres Sedang,0.44687017387635,Stres Sedang,Pokok Utama,109.23575400028429,-0.42339764630252663,1563,109.23577475,-0.42339089,4.76,0.55,0.55,Healthy,Good
AME II,D002A,D02,2009,109,2,261682,0.4495676194934555,Stres Sedang,0.46378918046309203,Stres Sedang,Pokok Utama,109.2337575432925,-0.4234106689458193,2296,109.23374601,-0.4233954,3.94,0.515,0.515,Healthy,Good
AME II,D002A,D02,2009,109,6,261713,0.39643526268955287,Stres Berat,0.42851045487128814,Stres Sedang,Pokok Utama,109.23407364306593,-0.42340021542249967,1884,109.23405951,-0.42336879,4.35,0.462,0.462,Healthy,Good
AME II,D002A,D02,2009,109,7,261722,0.34587430375073824,Stres Berat,0.38772847178930414,Stres Berat,Pokok Utama,109.23416205606652,-0.42339656696198213,3507,109.23417493,-0.42342172,2.37,0.483,0.483,Healthy,Good
AME II,D002A,D02,2009,109,11,262155,0.3831335250891062,Stres Berat,0.4590653872854965,Stres Sedang,Pokok Utama,109.2344837116347,-0.4233903983534317,2815,109.23445609,-0.42339285,3.43,0.407,0.407,Healthy,Sub-Optimal
AME II,D002A,D02,2009,109,12,262164,0.38279508453756816,Stres Berat,0.45561698679107726,Stres Sedang,Pokok Utama,109.23456403754354,-0.4233708188132464,3062,109.23453829,-0.42336709,3.17,0.525,0.525,Healthy,Good
AME II,D002A,D02,2009,109,15,262202,0.3948162161593921,Stres Berat,0.41936036709084307,Stres Sedang,Pokok Utama,109.23481101816392,-0.4233688317223256,3101,109.23480642,-0.4233771,3.12,0.53,0.53,Healthy,Good
AME II,D002A,D02,2009,109,16,262301,0.3808843988440718,Stres Berat,0.43105907578409597,Stres Sedang,Pokok Utama,109.23488450675293,-0.4233677941567796,2244,109.23488996,-0.42336265,3.98,0.559,0.559,Abnormal,Good
AME II,D002A,D02,2009,109,19,262317,0.3937030021011959,Stres Berat,0.4348454522058511,Stres Sedang,Pokok Utama,109.23513919802664,-0.4233505334058585,1558,109.23514821,-0.42337492,4.77,0.451,0.451,Healthy,Moderate
AME II,D002A,D02,2009,109,20,262329,0.3509824583830635,Stres Berat,0.4130397130502388,Stres Sedang,Pokok Utama,109.23521651916386,-0.42335118865786436,2512,109.23525152,-0.42334691,3.72,0.53,0.53,Healthy,Good
AME II,D002A,D02,2009,109,21,262354,0.36890188668062684,Stres Berat,0.4001493370901826,Stres Sedang,Pokok Utama,109.23528623623895,-0.4233448248068003,2512,109.23525152,-0.42334691,3.72,0.53,0.53,Healthy,Good
AME II,D002A,D02,2009,109,24,262270,0.3615953183452872,Stres Berat,0.39923104392563014,Stres Berat,Pokok Utama,109.23554450488314,-0.42333371861039276,3137,109.23553268,-0.42335195,3.07,0.393,0.393,Abnormal,Sub-Optimal
AME II,D002A,D02,2009,109,25,262280,0.41540183293394956,Stres Sedang,0.44545591379315896,Stres Sedang,Pokok Utama,109.23563199095011,-0.4233379617327168,1727,109.23563598,-0.42334157,4.52,0.424,0.424,Healthy,Sub-Optimal
AME II,D002A,D02,2009,109,26,262216,0.3847395158917756,Stres Berat,0.40578801218840144,Stres Sedang,Pokok Utama,109.23570138806622,-0.4233443583676779,2602,109.23571502,-0.42336239,3.64,0.382,0.382,Healthy,Critical
AME II,D002A,D02,2009,110,3,261696,0.4353724624910972,Stres Sedang,0.44441667683769054,Stres Sedang,Pokok Utama,109.23379614334829,-0.42334088316161517,2532,109.23378464,-0.42337099,3.71,0.496,0.496,Healthy,Good
AME II,D002A,D02,2009,110,4,261702,0.40432752647813025,Stres Sedang,0.44754360058924286,Stres Sedang,Pokok Utama,109.23388816014746,-0.4233374299526436,1360,109.23387268,-0.42333167,5.07,0.482,0.482,Healthy,Good
AME II,D002A,D02,2009,110,5,261706,0.4209387910505276,Stres Sedang,0.4645787284449414,Stres Sedang,Pokok Utama,109.23395787536865,-0.423339041123766,1672,109.23398765,-0.42335386,4.61,0.511,0.511,Healthy,Good
AME II,D002A,D02,2009,110,7,261723,0.389297333209693,Stres Berat,0.4385996200088406,Stres Sedang,Pokok Utama,109.23412106002488,-0.4233406384619691,2313,109.23410713,-0.42331409,3.92,0.424,0.424,Healthy,Sub-Optimal
AME II,D002A,D02,2009,110,8,261735,0.3926293586635926,Stres Berat,0.4226458954489392,Stres Sedang,Pokok Utama,109.23420107875057,-0.42332087799713863,1733,109.23420773,-0.42334577,4.51,0.46,0.46,Healthy,Good
AME II,D002A,D02,2009,110,9,261748,0.436784314268176,Stres Sedang,0.47439078062531326,Stres Sedang,Pokok Utama,109.23426727960401,-0.42332800186677294,876,109.23428858,-0.42331821,6.27,0.458,0.458,Healthy,Moderate
AME II,D002A,D02,2009,110,10,261759,0.4121095134964835,Stres Sedang,0.465312135965079,Stres Sedang,Pokok Utama,109.234367980018,-0.42332049215007256,2913,109.23436044,-0.42334897,3.35,0.433,0.433,Healthy,Moderate
AME II,D002A,D02,2009,110,14,262191,0.4149137919949993,Stres Sedang,0.4611323795711192,Stres Sedang,Pokok Utama,109.23469690442286,-0.42331032818524417,3216,109.23472604,-0.42332328,2.97,0.566,0.566,Healthy,Good
AME II,D002A,D02,2009,110,16,262302,0.4095601278509431,Stres Sedang,0.4266661589389091,Stres Sedang,Pokok Utama,109.23485210674548,-0.4233016580772017,1024,109.23485315,-0.42328035,5.86,0.51,0.51,Healthy,Good
AME II,D002A,D02,2009,110,17,262294,0.29231705874091013,Stres Sangat Berat,0.3614952336791322,Stres Berat,Pokok Utama,109.23492800303745,-0.4232991226373887,475,109.23495466,-0.42327495,8.07,0.404,0.404,Healthy,Sub-Optimal
AME II,D002A,D02,2009,110,20,262330,0.40347152122747215,Stres Sedang,0.42768428978746875,Stres Sedang,Pokok Utama,109.23518326131801,-0.42328099749533904,2499,109.23517832,-0.42329535,3.74,0.451,0.451,Abnormal,Moderate
AME II,D002A,D02,2009,110,24,262271,0.3719625497587928,Stres Berat,0.40777717559366256,Stres Sedang,Pokok Utama,109.23549281919612,-0.4232627292407263,826,109.23547566,-0.42324975,6.49,0.458,0.458,Healthy,Moderate
AME II,D002A,D02,2009,110,25,262281,0.3751262938742989,Stres Berat,0.40069920181798374,Stres Sedang,Pokok Utama,109.23557828977317,-0.42325402685722463,848,109.23556818,-0.42326695,6.39,0.401,0.401,Healthy,Sub-Optimal
AME II,D002A,D02,2009,111,1,261685,0.36960304626253576,Stres Berat,0.42994946216312246,Stres Sedang,Pokok Utama,109.23365961574277,-0.4232679147756155,142,109.233636,-0.42327194,10.6,0.351,0.351,Suspect,Critical
AME II,D002A,D02,2009,111,3,261703,0.44824244735647484,Stres Sedang,0.49028647560794075,Stres Sedang,Pokok Utama,109.23384172862536,-0.4232738236266946,3314,109.23382374,-0.4232548,2.79,0.439,0.439,Abnormal,Moderate
AME II,D002A,D02,2009,111,6,261724,0.37188241464730326,Stres Berat,0.42860631371067565,Stres Sedang,Pokok Utama,109.23407956537433,-0.42326119357162534,2483,109.2340546,-0.42325304,3.75,0.496,0.496,Healthy,Good
AME II,D002A,D02,2009,111,7,261736,0.37646931120865645,Stres Berat,0.42178566755207136,Stres Sedang,Pokok Utama,109.23415815442932,-0.42325961731248213,2625,109.23415071,-0.42324176,3.62,0.489,0.489,Healthy,Good
AME II,D002A,D02,2009,111,8,261760,0.40266092442935214,Stres Sedang,0.45819541764481425,Stres Sedang,Pokok Utama,109.23432131900553,-0.4232626922586782,3552,109.23435057,-0.42327662,2.22,0.435,0.435,Abnormal,Moderate
AME II,D002A,D02,2009,111,9,262157,0.41910701895169183,Stres Sedang,0.4809341154541166,Stres Sedang,Pokok Utama,109.23440163487287,-0.42326363757698254,1628,109.23439279,-0.42328884,4.66,0.495,0.495,Healthy,Good
AME II,D002A,D02,2009,111,11,262180,0.42994943285435316,Stres Sedang,0.48502942735589616,Stres Sedang,Pokok Utama,109.23456216220637,-0.42325852439495687,1181,109.23456301,-0.42327984,5.43,0.505,0.505,Healthy,Good
AME II,D002A,D02,2009,111,12,262192,0.41702517697159247,Stres Sedang,0.4702121911106167,Stres Sedang,Pokok Utama,109.23465453717493,-0.42325232399417073,3135,109.23467485,-0.42325951,3.07,0.484,0.484,Healthy,Good
AME II,D002A,D02,2009,111,13,262204,0.45736976453518535,Stres Sedang,0.4691293682383633,Stres Sedang,Pokok Utama,109.23472900859292,-0.4232427708704048,2589,109.23474222,-0.42324235,3.65,0.467,0.467,Healthy,Good
AME II,D002A,D02,2009,111,14,262303,0.4229518731759519,Stres Sedang,0.4318228938462105,Stres Sedang,Pokok Utama,109.23480506384034,-0.42323640756961833,3096,109.23479612,-0.42324462,3.13,0.525,0.525,Healthy,Good
AME II,D002A,D02,2009,111,16,262319,0.3744536025273855,Stres Berat,0.4559465830156446,Stres Sedang,Pokok Utama,109.23505334871751,-0.42322673511596026,2700,109.23506785,-0.4232474,3.54,0.495,0.495,Healthy,Good
AME II,D002A,D02,2009,111,17,262331,0.3659089526264919,Stres Berat,0.4253384470939636,Stres Sedang,Pokok Utama,109.23514619824545,-0.42322340596365576,2090,109.23515633,-0.42320537,4.14,0.439,0.439,Healthy,Moderate
AME II,D002A,D02,2009,111,18,262356,0.41610870392827176,Stres Sedang,0.4637167279105818,Stres Sedang,Pokok Utama,109.23521813371873,-0.42321847773924626,2017,109.23523358,-0.42322754,4.22,0.456,0.456,Healthy,Moderate
AME II,D002A,D02,2009,111,19,262346,0.4128863556258415,Stres Sedang,0.46152770268666493,Stres Sedang,Pokok Utama,109.23529102089844,-0.42320764827699725,1208,109.23529243,-0.42319455,5.37,0.483,0.483,Healthy,Good
AME II,D002A,D02,2009,111,20,262261,0.3811460567197538,Stres Berat,0.40956436543582153,Stres Sedang,Pokok Utama,109.23536645983718,-0.42319783130831184,2778,109.23534273,-0.42317828,3.46,0.443,0.443,Abnormal,Moderate
AME II,D002A,D02,2009,111,21,262272,0.37954288084431775,Stres Berat,0.42054465920823597,Stres Sedang,Pokok Utama,109.2354535073835,-0.4232027606883111,1975,109.23543301,-0.42317966,4.27,0.491,0.491,Healthy,Good
AME II,D002A,D02,2009,111,22,262218,0.3831409697199826,Stres Berat,0.42211506270073557,Stres Sedang,Pokok Utama,109.23563094256228,-0.4232033213042142,1694,109.23562119,-0.42322085,4.58,0.345,0.345,Suspect,Critical
AME II,D002A,D02,2009,112,1,261686,0.389098749362635,Stres Berat,0.430749808340353,Stres Sedang,Pokok Utama,109.23364061258519,-0.4231897193758645,587,109.23363737,-0.42317156,7.5,0.374,0.374,Suspect,Critical
AME II,D002A,D02,2009,112,2,261698,0.4414840984629703,Stres Sedang,0.4572559570876321,Stres Sedang,Pokok Utama,109.23370574566644,-0.4231955561823431,1595,109.23373258,-0.42319735,4.72,0.515,0.515,Healthy,Good
AME II,D002A,D02,2009,112,3,261704,0.45159444589594133,Stres Sedang,0.4800266614541985,Stres Sedang,Pokok Utama,109.23380357082587,-0.423187437216128,2857,109.23380579,-0.42319014,3.41,0.422,0.422,Healthy,Sub-Optimal
AME II,D002A,D02,2009,112,4,261708,0.4406114463830765,Stres Sedang,0.5010393395626388,Stres Ringan,Pokok Utama,109.23387265492777,-0.4231794780493469,1643,109.23384801,-0.42317658,4.65,0.516,0.516,Healthy,Good
AME II,D002A,D02,2009,112,5,261716,0.37888126181271164,Stres Berat,0.44799952749229993,Stres Sedang,Pokok Utama,109.23394965430218,-0.4232005513834392,2880,109.23393963,-0.42317796,3.38,0.587,0.587,Healthy,Good
AME II,D002A,D02,2009,112,6,261725,0.38292358873621224,Stres Berat,0.4468964279037646,Stres Sedang,Pokok Utama,109.23404324464114,-0.4231941613651667,1722,109.23406224,-0.42319879,4.53,0.462,0.462,Healthy,Good
AME II,D002A,D02,2009,112,7,261737,0.3853414915957981,Stres Berat,0.4537576314833787,Stres Sedang,Pokok Utama,109.23412711497389,-0.4231910209737979,1637,109.23410717,-0.42316217,4.65,0.432,0.432,Healthy,Moderate
AME II,D002A,D02,2009,112,8,261749,0.3484697367037352,Stres Berat,0.4376828901581578,Stres Sedang,Pokok Utama,109.23421267513886,-0.423191040587212,2540,109.23421091,-0.42317757,3.7,0.408,0.408,Healthy,Sub-Optimal
AME II,D002A,D02,2009,112,10,262167,0.3798078159323716,Stres Berat,0.43540698849279125,Stres Sedang,Pokok Utama,109.23444809715646,-0.42318735708357974,515,109.23444311,-0.42322103,7.83,0.453,0.453,Healthy,Moderate
AME II,D002A,D02,2009,112,13,262205,0.39694574164035923,Stres Berat,0.4416199610914503,Stres Sedang,Pokok Utama,109.23468418738057,-0.4231564660919299,244,109.23467982,-0.42312839,9.66,0.481,0.481,Healthy,Good
AME II,D002A,D02,2009,112,16,262367,0.38430938856153507,Stres Berat,0.44965348818632317,Stres Sedang,Pokok Utama,109.23494245290497,-0.4231587588870526,3349,109.23495513,-0.42317412,2.73,0.46,0.46,Healthy,Good
AME II,D002A,D02,2009,112,17,262320,0.3104742305036604,Stres Berat,0.4072355658182979,Stres Sedang,Pokok Utama,109.23502389501206,-0.42315271603156596,3068,109.23501936,-0.42316962,3.16,0.425,0.425,Healthy,Sub-Optimal
AME II,D002A,D02,2009,112,19,262357,0.34719167961300945,Stres Berat,0.4098167880681295,Stres Sedang,Pokok Utama,109.23517790378246,-0.42315099697418157,2970,109.23517386,-0.42315473,3.26,0.479,0.479,Healthy,Good
AME II,D002A,D02,2009,112,22,262273,0.41066853044021395,Stres Sedang,0.4553385958133644,Stres Sedang,Pokok Utama,109.23541895662201,-0.4231219446154539,1762,109.23540428,-0.42310776,4.48,0.457,0.457,Healthy,Moderate
AME II,D002A,D02,2009,112,23,262282,0.37421462671912237,Stres Berat,0.41813983537169486,Stres Sedang,Pokok Utama,109.23549860182261,-0.4231295363610394,2267,109.23549051,-0.4231114,3.96,0.463,0.463,Abnormal,Good
AME II,D002A,D02,2009,112,24,262219,0.37978769528487116,Stres Berat,0.41540247312099465,Stres Sedang,Pokok Utama,109.23558463975553,-0.42312237864402125,1469,109.23555653,-0.42311593,4.89,0.502,0.502,Healthy,Good
AME II,D002A,D02,2009,112,25,262248,0.35621398726277564,Stres Berat,0.3781736432567708,Stres Berat,Pokok Utama,109.23565768316912,-0.42311984343956915,3183,109.2356513,-0.42314399,3.0,0.391,0.391,Abnormal,Sub-Optimal
AME II,D002A,D02,2009,113,2,261699,0.40637147532579826,Stres Sedang,0.44049484527802174,Stres Sedang,Pokok Utama,109.23375051358087,-0.4231202456436825,3553,109.23375326,-0.4231119,2.21,0.42,0.42,Healthy,Sub-Optimal
AME II,D002A,D02,2009,113,5,261726,0.38433661861046703,Stres Berat,0.448192537287883,Stres Sedang,Pokok Utama,109.23399245133787,-0.42312559215380563,3223,109.23396659,-0.4231436,2.95,0.523,0.523,Healthy,Good
AME II,D002A,D02,2009,113,7,261750,0.39496642449844416,Stres Berat,0.4496722494182449,Stres Sedang,Pokok Utama,109.23419232485121,-0.42311156979670406,2143,109.23419206,-0.42314456,4.08,0.456,0.456,Healthy,Moderate
AME II,D002A,D02,2009,113,9,262158,0.37037012033693356,Stres Berat,0.4082977820386698,Stres Sedang,Pokok Utama,109.23431771458536,-0.4231102836837219,2687,109.23431648,-0.42308129,3.55,0.468,0.468,Healthy,Good
AME II,D002A,D02,2009,113,10,262168,0.3653931412886342,Stres Berat,0.4315753689624624,Stres Sedang,Pokok Utama,109.23439899975929,-0.4230989777815687,2333,109.2344072,-0.42308944,3.9,0.444,0.444,Healthy,Moderate
AME II,D002A,D02,2009,113,11,262182,0.3654856463448833,Stres Berat,0.41836612502566906,Stres Sedang,Pokok Utama,109.2344766357554,-0.42310537630236467,2392,109.23450241,-0.4231279,3.83,0.461,0.461,Abnormal,Good
AME II,D002A,D02,2009,113,12,262194,0.38406835571782233,Stres Berat,0.4447926086226694,Stres Sedang,Pokok Utama,109.23456479389772,-0.4231006878205356,1889,109.2345581,-0.42313379,4.35,0.365,0.365,Suspect,Critical
AME II,D002A,D02,2009,113,14,262305,0.4179991898311747,Stres Sedang,0.4435580808850342,Stres Sedang,Pokok Utama,109.23474020896928,-0.4230924645311147,1209,109.2347198,-0.42310308,5.36,0.372,0.372,Suspect,Critical
AME II,D002A,D02,2009,113,16,262368,0.39425055438763035,Stres Berat,0.43971917532585764,Stres Sedang,Pokok Utama,109.23490649941509,-0.42310021177456725,2908,109.23492191,-0.42309047,3.35,0.558,0.558,Healthy,Good
AME II,D002A,D02,2009,113,18,262333,0.35857280481999926,Stres Berat,0.4172624332068598,Stres Sedang,Pokok Utama,109.23505258936135,-0.4230850910014727,3172,109.23504273,-0.42310813,3.02,0.482,0.482,Healthy,Good
AME II,D002A,D02,2009,113,19,262358,0.36666511237443333,Stres Berat,0.40500030289251715,Stres Sedang,Pokok Utama,109.23513181440384,-0.4230717101524966,3363,109.23512987,-0.42306474,2.7,0.43,0.43,Healthy,Moderate
AME II,D002A,D02,2009,113,20,262348,0.3901836534605942,Stres Berat,0.41168638455788964,Stres Sedang,Pokok Utama,109.23521182880057,-0.4230752380630456,1573,109.23519499,-0.42306295,4.75,0.504,0.504,Healthy,Good
AME II,D002A,D02,2009,113,21,262263,0.37144545016651076,Stres Berat,0.3809587790413086,Stres Berat,Pokok Utama,109.23528994358482,-0.42306584491488036,3492,109.23527584,-0.4230485,2.4,0.449,0.449,Healthy,Moderate
AME II,D002A,D02,2009,113,24,262220,0.3920606117069624,Stres Berat,0.40348707660383243,Stres Sedang,Pokok Utama,109.23554187229482,-0.4230623939276708,1166,109.23556778,-0.42305896,5.47,0.383,0.383,Healthy,Critical
AME II,D002A,D02,2009,113,25,262249,0.37925670053132005,Stres Berat,0.4043085191482888,Stres Sedang,Pokok Utama,109.2356207795469,-0.4230522033635938,1356,109.2356347,-0.42303095,5.07,0.426,0.426,Healthy,Sub-Optimal
AME II,D002A,D02,2009,113,26,262227,0.3892625805870943,Stres Berat,0.4014707914981034,Stres Sedang,Pokok Utama,109.2357061824023,-0.4230530196054931,3296,109.23574025,-0.42304363,2.82,0.519,0.519,Abnormal,Good
AME II,D002A,D02,2009,114,1,261688,0.3733543426638601,Stres Berat,0.44104031147952555,Stres Sedang,Pokok Utama,109.23363297238966,-0.4230644940375901,400,109.23364324,-0.42303818,8.52,0.436,0.436,Healthy,Moderate
AME II,D002A,D02,2009,114,2,261700,0.4265811617135224,Stres Sedang,0.4403354273999702,Stres Sedang,Pokok Utama,109.2337090295709,-0.4230533461029614,2898,109.23370926,-0.42304723,3.36,0.438,0.438,Healthy,Moderate
AME II,D002A,D02,2009,114,3,261710,0.39132713152235993,Stres Berat,0.4079305310775568,Stres Sedang,Pokok Utama,109.23380558075952,-0.42304223994018825,2212,109.23383727,-0.42303099,4.01,0.416,0.416,Healthy,Sub-Optimal
AME II,D002A,D02,2009,114,6,261739,0.39624873638412156,Stres Berat,0.4543199840337351,Stres Sedang,Pokok Utama,109.23405109258343,-0.4230522317337828,2379,109.23405104,-0.42307896,3.84,0.445,0.445,Healthy,Moderate
AME II,D002A,D02,2009,114,7,261751,0.3505263069510622,Stres Berat,0.41711442792365533,Stres Sedang,Pokok Utama,109.2341287327089,-0.4230442736150491,999,109.2341328,-0.42301478,5.94,0.416,0.416,Healthy,Sub-Optimal
AME II,D002A,D02,2009,114,8,261763,0.44848458268313685,Stres Sedang,0.5101029049168836,Stres Ringan,Pokok Utama,109.23421886984882,-0.42303107704494997,56,109.23422757,-0.42299988,11.69,0.518,0.518,Healthy,Good
AME II,D002A,D02,2009,114,10,262169,0.4099576160797606,Stres Sedang,0.4536796438783631,Stres Sedang,Pokok Utama,109.23436573976353,-0.4230383568413787,3466,109.23435153,-0.42302206,2.47,0.42,0.42,Healthy,Sub-Optimal
AME II,D002A,D02,2009,114,11,262183,0.38689543682299465,Stres Berat,0.4162026961972152,Stres Sedang,Pokok Utama,109.23444021152773,-0.42302720853076625,3455,109.23442653,-0.42301394,2.52,0.388,0.388,Healthy,Critical
AME II,D002A,D02,2009,114,12,262195,0.36596372432290714,Stres Berat,0.4434910032752756,Stres Sedang,Pokok Utama,109.23453092076385,-0.4230304196780841,1096,109.23451277,-0.4230013,5.65,0.443,0.443,Healthy,Moderate
AME II,D002A,D02,2009,114,15,262297,0.4354379645161468,Stres Sedang,0.43464791113471524,Stres Sedang,Pokok Utama,109.23476737780402,-0.42303388576601336,810,109.23476158,-0.42306014,6.57,0.46,0.46,Healthy,Good
AME II,D002A,D02,2009,114,18,262334,0.3982298361151666,Stres Berat,0.44285028378109004,Stres Sedang,Pokok Utama,109.23500111054008,-0.4230129812754964,1107,109.23501311,-0.42298785,5.61,0.45,0.45,Healthy,Moderate
AME II,D002A,D02,2009,114,19,262359,0.35829295902310504,Stres Berat,0.4007923429561614,Stres Sedang,Pokok Utama,109.23509142438779,-0.4230130019596363,545,109.23509799,-0.42302223,7.69,0.439,0.439,Healthy,Moderate
AME II,D002A,D02,2009,114,22,262275,0.39732799795335727,Stres Berat,0.3929174366814218,Stres Berat,Pokok Utama,109.23533701732667,-0.4229987024553583,2695,109.23532885,-0.4229929,3.54,0.471,0.471,Healthy,Good
AME II,D002A,D02,2009,114,23,262284,0.38096831100963763,Stres Berat,0.4104957269110645,Stres Sedang,Pokok Utama,109.23542574736307,-0.4229955324053521,621,109.23542048,-0.42297347,7.37,0.436,0.436,Healthy,Moderate
AME II,D002A,D02,2009,114,24,262221,0.3610091228169744,Stres Berat,0.3781067065050339,Stres Berat,Pokok Utama,109.23549546372077,-0.42299235890505027,1892,109.23546628,-0.42300107,4.35,0.474,0.474,Healthy,Good
AME II,D002A,D02,2009,115,3,261719,0.4155175126886342,Stres Sedang,0.41742452496386745,Stres Sedang,Pokok Utama,109.23382337272659,-0.42297494614513675,2284,109.23383683,-0.42298442,3.95,0.517,0.517,Abnormal,Good
AME II,D002A,D02,2009,115,4,261728,0.36609469540974415,Stres Berat,0.43041276302085774,Stres Sedang,Pokok Utama,109.2339150652922,-0.4229792381578209,3463,109.23392216,-0.422998,2.48,0.417,0.417,Healthy,Sub-Optimal
AME II,D002A,D02,2009,115,5,261740,0.3904716431648553,Stres Berat,0.45326899053569875,Stres Sedang,Pokok Utama,109.23399866278015,-0.4229829929703187,2119,109.23398864,-0.42297496,4.11,0.417,0.417,Healthy,Sub-Optimal
AME II,D002A,D02,2009,115,7,262160,0.4371730213033009,Stres Sedang,0.4967871440294375,Stres Sedang,Pokok Utama,109.23423424455096,-0.42297579990158857,56,109.23422757,-0.42299988,11.69,0.518,0.518,Healthy,Good
AME II,D002A,D02,2009,115,9,262184,0.36647495963318355,Stres Berat,0.3852045553382743,Stres Berat,Pokok Utama,109.23439110659197,-0.42296817914340124,3478,109.23440139,-0.42298454,2.44,0.397,0.397,Healthy,Sub-Optimal
AME II,D002A,D02,2009,115,10,262196,0.3579273013836142,Stres Berat,0.39051141526375643,Stres Berat,Pokok Utama,109.234481422933,-0.4229570344590624,2470,109.23447012,-0.42293211,3.76,0.4,0.4,Healthy,Sub-Optimal
AME II,D002A,D02,2009,115,11,262335,0.38308107899945165,Stres Berat,0.42678213180309654,Stres Sedang,Pokok Utama,109.23497419124102,-0.42294119639472233,2879,109.23500863,-0.42294263,3.39,0.483,0.483,Abnormal,Good
AME II,D002A,D02,2009,115,12,262350,0.4045558380188585,Stres Sedang,0.45225104251960374,Stres Sedang,Pokok Utama,109.23513421926799,-0.4229476137715049,1991,109.2351263,-0.42296527,4.25,0.408,0.408,Healthy,Sub-Optimal
AME II,D002A,D02,2009,115,13,262265,0.35918438607549885,Stres Berat,0.38566659225556543,Stres Berat,Pokok Utama,109.2352255445734,-0.4229476346824781,3235,109.23521837,-0.42297931,2.93,0.4,0.4,Healthy,Sub-Optimal
AME II,D002A,D02,2009,115,14,262276,0.41104165138372406,Stres Sedang,0.4279275096047369,Stres Sedang,Pokok Utama,109.23530830291537,-0.42292851233524614,1992,109.23532662,-0.42294045,4.24,0.494,0.494,Healthy,Good
AME II,D002A,D02,2009,115,15,262285,0.4015337082645413,Stres Sedang,0.407487696471873,Stres Sedang,Pokok Utama,109.23538968155033,-0.4229331049103304,1715,109.23540926,-0.42291108,4.55,0.424,0.424,Healthy,Sub-Optimal
AME II,D002A,D02,2009,115,17,262229,0.3945555367356255,Stres Berat,0.40617697180086454,Stres Sedang,Pokok Utama,109.23562892420514,-0.4229287439856821,2438,109.23563158,-0.42294368,3.79,0.379,0.379,Abnormal,Critical
AME II,D002A,D02,2009,115,18,262235,0.3722266507895831,Stres Berat,0.3839686980476609,Stres Berat,Pokok Utama,109.23571096343123,-0.4229317948793521,2936,109.23568189,-0.42291792,3.32,0.453,0.453,Healthy,Moderate
AME II,D002A,D02,2009,115,19,262239,0.41559303561630456,Stres Sedang,0.43252356558303406,Stres Sedang,Pokok Utama,109.23577997430057,-0.4229182660822958,2626,109.23577801,-0.42289398,3.62,0.462,0.462,Healthy,Good
AME II,D002A,D02,2009,116,3,261720,0.4467849823019869,Stres Sedang,0.4594800984601639,Stres Sedang,Pokok Utama,109.2337990504214,-0.4229187411510239,2147,109.23379193,-0.42292517,4.08,0.467,0.467,Healthy,Good
AME II,D002A,D02,2009,116,4,261729,0.4276478726977949,Stres Sedang,0.4809523499956509,Stres Sedang,Pokok Utama,109.2338716496592,-0.422913818508816,1832,109.23385435,-0.42293604,4.41,0.52,0.52,Healthy,Good
AME II,D002A,D02,2009,116,5,261741,0.3786115651873749,Stres Berat,0.44720587333162815,Stres Sedang,Pokok Utama,109.23396334415384,-0.42291355918519297,2009,109.23397921,-0.42293064,4.22,0.46,0.46,Healthy,Good
AME II,D002A,D02,2009,116,6,261753,0.36972793741855625,Stres Berat,0.43637070159147223,Stres Sedang,Pokok Utama,109.23404113799386,-0.4229289292808756,889,109.23402009,-0.42292161,6.24,0.358,0.358,Suspect,Critical
AME II,D002A,D02,2009,116,8,262171,0.4022483660488261,Stres Sedang,0.452909825844749,Stres Sedang,Pokok Utama,109.23428496082295,-0.4229123270577483,1226,109.23426891,-0.4229185,5.32,0.462,0.462,Healthy,Good
AME II,D002A,D02,2009,116,9,262185,0.35616911966743076,Stres Berat,0.4002872036495426,Stres Sedang,Pokok Utama,109.23435784821206,-0.422904367841121,3381,109.23435245,-0.42292349,2.68,0.392,0.392,Healthy,Sub-Optimal
AME II,D002A,D02,2009,116,10,262197,0.3602694167509391,Stres Berat,0.405368383423764,Stres Sedang,Pokok Utama,109.23444499365287,-0.42290119834092726,2750,109.23445216,-0.42288056,3.49,0.431,0.431,Healthy,Moderate
AME II,D002A,D02,2009,116,11,262208,0.40159757400141316,Stres Sedang,0.449930737448755,Stres Sedang,Pokok Utama,109.23453213657471,-0.422909193308877,1413,109.23455995,-0.42289053,4.96,0.436,0.436,Healthy,Moderate
AME II,D002A,D02,2009,116,13,262307,0.33761624592066913,Stres Berat,0.38144696393921673,Stres Berat,Pokok Utama,109.23468899907151,-0.42289965904191723,2028,109.23469695,-0.42286841,4.2,0.451,0.451,Healthy,Moderate
AME II,D002A,D02,2009,116,15,262323,0.35791428639699685,Stres Berat,0.36405098766813626,Stres Berat,Pokok Utama,109.23486550568735,-0.4229067177240974,933,109.2348712,-0.42292045,6.09,0.473,0.473,Healthy,Good
AME II,D002A,D02,2009,116,18,262351,0.3571784358026217,Stres Berat,0.43972124840889804,Stres Sedang,Pokok Utama,109.23510651688503,-0.4228748864282914,2517,109.23510296,-0.42289654,3.72,0.42,0.42,Healthy,Sub-Optimal
AME II,D002A,D02,2009,116,19,262266,0.35060128822336367,Stres Berat,0.4040650599123085,Stres Sedang,Pokok Utama,109.23518472431742,-0.42288876090462746,3402,109.2352094,-0.42291058,2.64,0.421,0.421,Healthy,Sub-Optimal
AME II,D002A,D02,2009,116,20,262277,0.36509297785710976,Stres Berat,0.4228344160100265,Stres Sedang,Pokok Utama,109.23526395000347,-0.4228765167488182,2466,109.23527138,-0.42290833,3.76,0.553,0.553,Healthy,Good
AME II,D002A,D02,2009,116,23,262251,0.3854084612233372,Stres Berat,0.3874983462395969,Stres Berat,Pokok Utama,109.2354958801069,-0.42286692277738686,3233,109.23550314,-0.42288713,2.93,0.389,0.389,Healthy,Critical
AME II,D002A,D02,2009,116,24,262230,0.3790832800316273,Stres Berat,0.3906361317262612,Stres Berat,Pokok Utama,109.23557933194864,-0.42285962067272964,2686,109.23556153,-0.42286002,3.55,0.516,0.516,Healthy,Good
AME II,D002A,D02,2009,116,25,262236,0.37772739936681576,Stres Berat,0.4005551956264992,Stres Sedang,Pokok Utama,109.2356586282877,-0.4228687098454965,2107,109.23563968,-0.42285687,4.12,0.492,0.492,Healthy,Good
AME II,D002A,D02,2009,117,3,261721,0.42117393747256304,Stres Sedang,0.4662201672792435,Stres Sedang,Pokok Utama,109.23375787585199,-0.4228498793571427,2031,109.23376499,-0.4228587,4.2,0.474,0.474,Healthy,Good
AME II,D002A,D02,2009,117,4,261730,0.43508375830581597,Stres Sedang,0.4726827228220158,Stres Sedang,Pokok Utama,109.23384215006797,-0.4228441844037847,2129,109.233818,-0.42282887,4.09,0.489,0.489,Healthy,Good
AME II,D002A,D02,2009,117,8,262390,0.3948686444396657,Stres Berat,0.4076892747812403,Stres Sedang,Pokok Utama,109.23432030950468,-0.4228408756823469,3224,109.23434572,-0.42285838,2.94,0.456,0.456,Healthy,Moderate
AME II,D002A,D02,2009,117,9,262210,0.37387086404474834,Stres Berat,0.4033081519886623,Stres Sedang,Pokok Utama,109.23440729882715,-0.42283292059622896,3357,109.23438526,-0.4228281,2.71,0.437,0.437,Healthy,Moderate
AME II,D002A,D02,2009,117,10,262209,0.3383160230417695,Stres Berat,0.3870686957139004,Stres Berat,Pokok Utama,109.2344925423448,-0.4228310248131007,2148,109.23447149,-0.42282043,4.08,0.409,0.409,Healthy,Sub-Optimal
AME II,D002A,D02,2009,117,11,262310,0.3703601535891189,Stres Berat,0.43687355303678477,Stres Sedang,Pokok Utama,109.23456273528964,-0.42282545774745656,1338,109.23456895,-0.42284035,5.1,0.472,0.472,Healthy,Good
AME II,D002A,D02,2009,117,15,262361,0.3578103029528551,Stres Berat,0.420505369708945,Stres Sedang,Pokok Utama,109.23497299716435,-0.4228151838954568,1564,109.23496779,-0.42278709,4.76,0.476,0.476,Healthy,Good
AME II,D002A,D02,2009,117,17,262267,0.33664265401647187,Stres Berat,0.36842276981903826,Stres Berat,Pokok Utama,109.23514692610276,-0.422808843882144,803,109.23513262,-0.42282239,6.6,0.339,0.339,Suspect,Critical
AME II,D002A,D02,2009,117,19,262287,0.3859475682135965,Stres Berat,0.4024161507279774,Stres Sedang,Pokok Utama,109.23529586356369,-0.4228136635226856,1925,109.23529297,-0.42277902,4.32,0.428,0.428,Healthy,Sub-Optimal
AME II,D002A,D02,2009,117,20,262223,0.3732807137203865,Stres Berat,0.39864203454711195,Stres Berat,Pokok Utama,109.23538158003461,-0.42280194081920663,624,109.23539356,-0.42282697,7.32,0.468,0.468,Healthy,Good
AME II,D002A,D02,2009,117,21,262252,0.35946922977873674,Stres Berat,0.4060980866549255,Stres Sedang,Pokok Utama,109.235462233052,-0.42280572568302965,2755,109.2354515,-0.42282472,3.49,0.364,0.364,Healthy,Critical
AME II,D002A,D02,2009,117,22,262231,0.39200490259235893,Stres Berat,0.3976180970579296,Stres Berat,Pokok Utama,109.23552568046983,-0.4227942067732212,2292,109.23552832,-0.42275828,3.94,0.382,0.382,Healthy,Critical
AME II,D002A,D02,2009,117,23,262237,0.3838392248215235,Stres Berat,0.4117752794244561,Stres Sedang,Pokok Utama,109.23560490412005,-0.4227910345355468,2022,109.23561231,-0.42276056,4.21,0.391,0.391,Healthy,Sub-Optimal
AME II,D002A,D02,2009,117,24,262241,0.34247569559837193,Stres Berat,0.3739135013286895,Stres Berat,Pokok Utama,109.23570465657416,-0.4227930205949218,2644,109.23569494,-0.42281348,3.6,0.386,0.386,Abnormal,Critical
AME II,D002A,D02,2009,118,1,261692,0.39605935885792687,Stres Berat,0.45682569369874915,Stres Sedang,Pokok Utama,109.23365745893825,-0.4227756822005966,147,109.23366934,-0.42279086,10.57,0.513,0.513,Healthy,Good
AME II,D002A,D02,2009,118,3,261743,0.39089008610868753,Stres Berat,0.4595176327049284,Stres Sedang,Pokok Utama,109.23388827520955,-0.4227690667765641,2396,109.2339011,-0.42279634,3.82,0.422,0.422,Abnormal,Sub-Optimal
AME II,D002A,D02,2009,118,4,261754,0.3975905617045734,Stres Berat,0.4426045363916339,Stres Sedang,Pokok Utama,109.23394974973382,-0.4227784918887966,2035,109.23396712,-0.42280268,4.19,0.415,0.415,Healthy,Sub-Optimal
AME II,D002A,D02,2009,118,5,261766,0.38846241589179825,Stres Berat,0.44103936368336155,Stres Sedang,Pokok Utama,109.23404136264297,-0.42277357268959803,3036,109.23405695,-0.42277648,3.19,0.445,0.445,Healthy,Moderate
AME II,D002A,D02,2009,118,6,262381,0.3960767037128178,Stres Berat,0.4373772640455508,Stres Sedang,Pokok Utama,109.23411596075645,-0.422767682897269,2944,109.23412701,-0.42279141,3.31,0.501,0.501,Healthy,Good
AME II,D002A,D02,2009,118,10,262413,0.36055466677213166,Stres Berat,0.417673277063533,Stres Sedang,Pokok Utama,109.23443950852506,-0.42275541059952,3477,109.23443064,-0.42274853,2.44,0.444,0.444,Healthy,Moderate
AME II,D002A,D02,2009,118,11,262426,0.34408111579969625,Stres Berat,0.40732905527391605,Stres Sedang,Pokok Utama,109.23452777891345,-0.4227588119821018,1525,109.23452496,-0.42272685,4.82,0.492,0.492,Healthy,Good
AME II,D002A,D02,2009,118,12,262444,0.4028083850280857,Stres Sedang,0.45866808426150635,Stres Sedang,Pokok Utama,109.23461456117697,-0.42276086923556877,1791,109.23463499,-0.42276847,4.45,0.495,0.495,Healthy,Good
AME II,D002A,D02,2009,118,13,262445,0.39702972585447266,Stres Berat,0.45161506467395357,Stres Sedang,Pokok Utama,109.23468269475589,-0.42274971945885165,2614,109.23470236,-0.42276984,3.63,0.551,0.551,Abnormal,Good
AME II,D002A,D02,2009,118,16,262474,0.38806361880396373,Stres Berat,0.41292762539766215,Stres Sedang,Pokok Utama,109.23493462149925,-0.4227545626773004,2961,109.23491929,-0.42277622,3.28,0.463,0.463,Healthy,Good
AME II,D002A,D02,2009,118,19,262512,0.41544853713885194,Stres Sedang,0.420291323033539,Stres Sedang,Pokok Utama,109.2352716211385,-0.4227257745874525,1711,109.23527905,-0.42274285,4.55,0.451,0.451,Healthy,Moderate
AME II,D002A,D02,2009,118,21,262529,0.3529382988315727,Stres Berat,0.3776161412445809,Stres Berat,Pokok Utama,109.23542263770857,-0.4227323427049153,3026,109.23542457,-0.42275328,3.2,0.46,0.46,Healthy,Good
AME II,D002A,D02,2009,118,22,262537,0.3521201857527637,Stres Berat,0.37665933554786984,Stres Berat,Pokok Utama,109.2354942985733,-0.4227222960627084,2434,109.23546949,-0.42272345,3.79,0.462,0.462,Healthy,Good
AME II,D002A,D02,2009,118,23,262540,0.35385748738739764,Stres Berat,0.38154760161498646,Stres Berat,Pokok Utama,109.2355850529234,-0.4227168792773051,2226,109.23561187,-0.42269409,4.0,0.356,0.356,Suspect,Critical
AME II,D002A,D02,2009,118,25,262561,0.39422488660390265,Stres Berat,0.42219689706454927,Stres Sedang,Pokok Utama,109.23573781202728,-0.4227041536609802,1333,109.2357282,-0.42269728,5.1,0.427,0.427,Healthy,Sub-Optimal
AME II,D002A,D02,2009,119,1,261693,0.398988471484463,Stres Berat,0.4579049703433156,Stres Sedang,Pokok Utama,109.23367407006087,-0.4227106380319923,662,109.23364466,-0.42272348,7.14,0.352,0.352,Suspect,Critical
AME II,D002A,D02,2009,119,2,261732,0.39600175783479385,Stres Berat,0.4349594617655354,Stres Sedang,Pokok Utama,109.23374925275095,-0.42270555048821834,2690,109.23374167,-0.42271672,3.55,0.556,0.556,Abnormal,Good
AME II,D002A,D02,2009,119,3,261744,0.4284493629626672,Stres Sedang,0.45880566955328705,Stres Sedang,Pokok Utama,109.233833067905,-0.422719925417909,1669,109.23381802,-0.42272262,4.62,0.434,0.434,Healthy,Moderate
AME II,D002A,D02,2009,119,5,261767,0.37454948010799965,Stres Berat,0.437181205344515,Stres Sedang,Pokok Utama,109.23399365528674,-0.4227032136858314,2837,109.23399588,-0.4227204,3.42,0.421,0.421,Healthy,Sub-Optimal
AME II,D002A,D02,2009,119,6,262382,0.36694380534025817,Stres Berat,0.4370149597144894,Stres Sedang,Pokok Utama,109.2340819516905,-0.4226987187430667,1229,109.23406101,-0.42268379,5.31,0.506,0.506,Healthy,Good
AME II,D002A,D02,2009,119,7,262372,0.37699403181773466,Stres Berat,0.44276381940401804,Stres Sedang,Pokok Utama,109.23415325362343,-0.4226907591577836,2096,109.23414006,-0.42267883,4.13,0.502,0.502,Healthy,Good
AME II,D002A,D02,2009,119,8,262392,0.3552613646560317,Stres Berat,0.41108501019167487,Stres Sedang,Pokok Utama,109.23423272049219,-0.42270814440367505,3600,109.23422808,-0.42272271,1.8,0.454,0.454,Healthy,Moderate
AME II,D002A,D02,2009,119,10,262414,0.3702307533115668,Stres Berat,0.4338823059389183,Stres Sedang,Pokok Utama,109.23440153620851,-0.422690759935697,2435,109.23436957,-0.42267572,3.79,0.478,0.478,Healthy,Good
AME II,D002A,D02,2009,119,11,262427,0.38073196073227544,Stres Berat,0.42436246762535995,Stres Sedang,Pokok Utama,109.23448148103247,-0.4226999062268068,1834,109.23445131,-0.42268523,4.41,0.519,0.519,Healthy,Good
AME II,D002A,D02,2009,119,12,262446,0.3901896977719646,Stres Berat,0.4364486351023204,Stres Sedang,Pokok Utama,109.23465767212053,-0.4226999465600279,1830,109.23465297,-0.42270924,4.41,0.394,0.394,Healthy,Sub-Optimal
AME II,D002A,D02,2009,119,13,262455,0.4117464095710509,Stres Sedang,0.4023928378179074,Stres Sedang,Pokok Utama,109.23472946014927,-0.4226875216514799,2817,109.23472259,-0.42267218,3.43,0.399,0.399,Abnormal,Sub-Optimal
AME II,D002A,D02,2009,119,15,262475,0.39352930690368815,Stres Berat,0.40456227411617374,Stres Sedang,Pokok Utama,109.23489502814928,-0.42267639417004665,635,109.23489775,-0.42268534,7.26,0.495,0.495,Healthy,Good
AME II,D002A,D02,2009,119,17,262494,0.3930956085960524,Stres Berat,0.43500168586615473,Stres Sedang,Pokok Utama,109.23504935596942,-0.42266590164157897,2041,109.2350298,-0.42265417,4.19,0.451,0.451,Healthy,Moderate
AME II,D002A,D02,2009,119,19,262513,0.4030615005017752,Stres Sedang,0.4407436927868781,Stres Sedang,Pokok Utama,109.23521350576885,-0.42266211130613196,2011,109.23519867,-0.42268631,4.22,0.47,0.47,Healthy,Good
AME II,D002A,D02,2009,119,21,262530,0.42111669529444246,Stres Sedang,0.4202718414509526,Stres Sedang,Pokok Utama,109.23537036705427,-0.42266214719651185,1732,109.23537114,-0.42267821,4.52,0.49,0.49,Healthy,Good
AME II,D002A,D02,2009,119,22,262538,0.3828154399205058,Stres Berat,0.43316199537478434,Stres Sedang,Pokok Utama,109.23546941169046,-0.4226321516506469,2864,109.23545963,-0.42265427,3.4,0.441,0.441,Abnormal,Moderate
AME II,D002A,D02,2009,119,23,262541,0.35730293376938155,Stres Berat,0.37640643978720134,Stres Berat,Pokok Utama,109.23555053557166,-0.4226312134600517,2063,109.23557866,-0.42261315,4.17,0.445,0.445,Healthy,Moderate
AME II,D002A,D02,2009,119,26,262564,0.3958277952748775,Stres Berat,0.4109888892023994,Stres Sedang,Pokok Utama,109.23578392396665,-0.42263589233508553,2266,109.23575651,-0.4226263,3.97,0.465,0.465,Abnormal,Good
AME II,D002A,D02,2009,120,2,261733,0.40713290130186275,Stres Sedang,0.43946409201292563,Stres Sedang,Pokok Utama,109.23371415341013,-0.4226316549597032,2190,109.23371159,-0.42266698,4.03,0.402,0.402,Healthy,Sub-Optimal
AME II,D002A,D02,2009,120,3,261745,0.416393544345681,Stres Sedang,0.420230510759282,Stres Sedang,Pokok Utama,109.23379457895928,-0.422639995632374,2355,109.23378166,-0.42262404,3.87,0.402,0.402,Healthy,Sub-Optimal
AME II,D002A,D02,2009,120,4,261756,0.366857092610571,Stres Berat,0.42249468812622604,Stres Sedang,Pokok Utama,109.23387547198791,-0.42263076951439504,3560,109.23386431,-0.42261547,2.14,0.541,0.541,Healthy,Good
AME II,D002A,D02,2009,120,5,261768,0.36538383579403244,Stres Berat,0.42466542877196406,Stres Sedang,Pokok Utama,109.23395627669215,-0.4226387639266423,3427,109.23394829,-0.42262363,2.59,0.472,0.472,Healthy,Good
AME II,D002A,D02,2009,120,6,262383,0.3838169849253918,Stres Berat,0.44284206197037507,Stres Sedang,Pokok Utama,109.23403407594817,-0.4226261803424281,3049,109.23404935,-0.42263631,3.18,0.434,0.434,Healthy,Moderate
AME II,D002A,D02,2009,120,8,262393,0.3911862344579072,Stres Berat,0.4483030266869337,Stres Sedang,Pokok Utama,109.23419886087177,-0.42261780085820067,2398,109.23420385,-0.42264087,3.82,0.461,0.461,Healthy,Good
AME II,D002A,D02,2009,120,10,262415,0.39192476137950066,Stres Berat,0.408034634615223,Stres Sedang,Pokok Utama,109.2343600470963,-0.4226224406346871,3545,109.23439249,-0.42260835,2.23,0.447,0.447,Healthy,Moderate
AME II,D002A,D02,2009,120,11,262428,0.3712915646965089,Stres Berat,0.4080865394252424,Stres Sedang,Pokok Utama,109.23443555087385,-0.4226156756784867,3513,109.23443472,-0.4225853,2.34,0.416,0.416,Abnormal,Sub-Optimal
AME II,D002A,D02,2009,120,14,262456,0.36369288208610984,Stres Berat,0.37374594591043375,Stres Berat,Pokok Utama,109.23469864863439,-0.4226038398456241,2896,109.23471542,-0.42260888,3.36,0.456,0.456,Abnormal,Moderate
AME II,D002A,D02,2009,120,15,262466,0.34643646310039866,Stres Berat,0.36670860566664487,Stres Berat,Pokok Utama,109.23476472700062,-0.42259654552110604,1967,109.23476753,-0.42256142,4.28,0.433,0.433,Healthy,Moderate
AME II,D002A,D02,2009,120,16,262476,0.3560525660306555,Stres Berat,0.3730655328327457,Stres Berat,Pokok Utama,109.2348259645474,-0.422593433373596,2872,109.23483624,-0.4225854,3.39,0.527,0.527,Abnormal,Good
AME II,D002A,D02,2009,120,17,262486,0.33251626382179567,Stres Berat,0.369693100345124,Stres Berat,Pokok Utama,109.2349283198656,-0.42259664716054335,1519,109.23495122,-0.42257683,4.83,0.458,0.458,Healthy,Moderate
AME II,D002A,D02,2009,120,19,262505,0.3712418992634022,Stres Berat,0.43514441473393883,Stres Sedang,Pokok Utama,109.23509627091063,-0.42260179035537526,529,109.23512234,-0.42260445,7.76,0.469,0.469,Healthy,Good
AME II,D002A,D02,2009,120,20,262514,0.3795841411120938,Stres Berat,0.42657195091569555,Stres Sedang,Pokok Utama,109.23518025059893,-0.42258394424049783,899,109.23517399,-0.42260266,6.2,0.425,0.425,Healthy,Sub-Optimal
AME II,D002A,D02,2009,120,21,262520,0.3830517754363625,Stres Berat,0.4146266796095445,Stres Sedang,Pokok Utama,109.23526569165493,-0.4225865310914772,681,109.23527055,-0.42258911,7.08,0.394,0.394,Healthy,Sub-Optimal
AME II,D002A,D02,2009,120,22,262531,0.43260218262640004,Stres Sedang,0.4617578056999124,Stres Sedang,Pokok Utama,109.23534491673165,-0.4225769790191805,715,109.23534826,-0.42254799,6.93,0.411,0.411,Healthy,Sub-Optimal
AME II,D002A,D02,2009,120,23,262539,0.3760334466798558,Stres Berat,0.44231816262140805,Stres Sedang,Pokok Utama,109.23542267216985,-0.42257570546640805,2027,109.23540261,-0.42256066,4.2,0.459,0.459,Healthy,Moderate
AME II,D002A,D02,2009,120,24,262542,0.3416898435527634,Stres Berat,0.3967058625327153,Stres Berat,Pokok Utama,109.23549708777134,-0.42256678982198936,3017,109.23547986,-0.42255706,3.21,0.484,0.484,Healthy,Good
AME II,D002A,D02,2009,120,25,262550,0.360233716745637,Stres Berat,0.42450087977577744,Stres Sedang,Pokok Utama,109.23557757851671,-0.42256521304825584,2324,109.23556879,-0.42254984,3.91,0.419,0.419,Healthy,Sub-Optimal
AME II,D002A,D02,2009,120,26,262556,0.41300112163002817,Stres Sedang,0.4442828786029575,Stres Sedang,Pokok Utama,109.23566629206452,-0.4225674660522723,1424,109.23567747,-0.42258785,4.94,0.462,0.462,Healthy,Good
AME II,D002A,D02,2009,120,28,262571,0.4102992471109955,Stres Sedang,0.446401468016813,Stres Sedang,Pokok Utama,109.23582824454019,-0.4225407068959239,3100,109.23581087,-0.42255352,3.12,0.476,0.476,Abnormal,Good
AME II,D002A,D02,2009,121,1,261777,0.3926857210369515,Stres Berat,0.4475379369377875,Stres Sedang,Pokok Utama,109.23367252836921,-0.4225806104580016,133,109.23365053,-0.42255528,10.67,0.448,0.448,Healthy,Moderate
AME II,D002A,D02,2009,121,2,262150,0.42940502286995913,Stres Sedang,0.45762765455875837,Stres Sedang,Pokok Utama,109.23375492312191,-0.4225681870847626,1425,109.23373452,-0.42255123,4.94,0.502,0.502,Healthy,Good
AME II,D002A,D02,2009,121,5,262384,0.39963990839353747,Stres Berat,0.42498760229826615,Stres Sedang,Pokok Utama,109.23399558794911,-0.4225658774416012,2731,109.23399817,-0.42254587,3.5,0.445,0.445,Healthy,Moderate
AME II,D002A,D02,2009,121,6,262374,0.39316276960899144,Stres Berat,0.4430224795390864,Stres Sedang,Pokok Utama,109.2340822589409,-0.42255935739619266,3343,109.2340588,-0.42255447,2.73,0.458,0.458,Healthy,Moderate
AME II,D002A,D02,2009,121,7,262394,0.36627499385452117,Stres Berat,0.4091619638467057,Stres Sedang,Pokok Utama,109.23415831289466,-0.42255458925789474,2203,109.23412841,-0.42254771,4.02,0.449,0.449,Healthy,Moderate
AME II,D002A,D02,2009,121,8,262405,0.4239525189382879,Stres Sedang,0.4623363832507631,Stres Sedang,Pokok Utama,109.23424226182654,-0.4225534229374701,2924,109.23422722,-0.42256581,3.34,0.481,0.481,Healthy,Good
AME II,D002A,D02,2009,121,9,262416,0.39241509706065,Stres Berat,0.42280551722258125,Stres Sedang,Pokok Utama,109.23433415945865,-0.42255663433547647,2863,109.23431839,-0.4225785,3.4,0.435,0.435,Healthy,Moderate
AME II,D002A,D02,2009,121,10,262429,0.3670482054482406,Stres Berat,0.4237857831111365,Stres Sedang,Pokok Utama,109.2343959550132,-0.4225486725656924,1815,109.23438173,-0.42253782,4.42,0.431,0.431,Healthy,Moderate
AME II,D002A,D02,2009,121,11,262438,0.341109726900485,Stres Berat,0.3943394376481935,Stres Berat,Pokok Utama,109.23448184008575,-0.422541938014945,852,109.23449581,-0.42250981,6.37,0.38,0.38,Suspect,Critical
AME II,D002A,D02,2009,121,12,262448,0.38094795068250914,Stres Berat,0.4491800175114674,Stres Sedang,Pokok Utama,109.23456153944942,-0.4225362139572493,1121,109.23456048,-0.42255052,5.58,0.423,0.423,Healthy,Sub-Optimal
AME II,D002A,D02,2009,121,13,262457,0.3763304703342526,Stres Berat,0.43497785716694704,Stres Sedang,Pokok Utama,109.23464946950016,-0.4225391603880975,2144,109.23463863,-0.42253064,4.08,0.483,0.483,Healthy,Good
AME II,D002A,D02,2009,121,14,262467,0.3590564916712258,Stres Berat,0.40086190118974285,Stres Sedang,Pokok Utama,109.23473503040249,-0.4225359895999973,2370,109.23473835,-0.42251936,3.86,0.45,0.45,Abnormal,Moderate
AME II,D002A,D02,2009,121,15,262477,0.3679373676813571,Stres Berat,0.4153569474552387,Stres Sedang,Pokok Utama,109.2348142532958,-0.4225360077263633,953,109.23483446,-0.42250717,6.03,0.448,0.448,Healthy,Moderate
AME II,D002A,D02,2009,121,16,262487,0.3528263098221519,Stres Berat,0.3807207121752549,Stres Berat,Pokok Utama,109.23489823037785,-0.42252964711200514,2458,109.234887,-0.42254291,3.77,0.434,0.434,Abnormal,Moderate
AME II,D002A,D02,2009,121,19,262521,0.3457974837142594,Stres Berat,0.39576058808389725,Stres Berat,Pokok Utama,109.23521195632503,-0.4225105775859895,829,109.23523104,-0.42253259,6.48,0.384,0.384,Healthy,Critical
AME II,D002A,D02,2009,121,21,262543,0.3891452637919247,Stres Berat,0.4282652793721273,Stres Sedang,Pokok Utama,109.23545812494135,-0.4225007453788984,3029,109.23544887,-0.42253128,3.2,0.418,0.418,Abnormal,Sub-Optimal
AME II,D002A,D02,2009,121,22,262551,0.38287365796810724,Stres Berat,0.4259957731807647,Stres Sedang,Pokok Utama,109.23553893187537,-0.4224991686750349,154,109.23553557,-0.42248382,10.48,0.394,0.394,Healthy,Sub-Optimal
AME II,D002A,D02,2009,121,23,262557,0.3611561935177652,Stres Berat,0.4157884855032612,Stres Sedang,Pokok Utama,109.2356251269969,-0.42249599711440516,1000,109.23561237,-0.42250147,5.94,0.443,0.443,Healthy,Moderate
AME II,D002A,D02,2009,121,24,262566,0.3903693314469902,Stres Berat,0.431856219777829,Stres Sedang,Pokok Utama,109.23570022765416,-0.4225084556347923,1624,109.23570488,-0.42251822,4.67,0.371,0.371,Suspect,Critical
AME II,D002A,D02,2009,122,2,262151,0.4401042873201811,Stres Sedang,0.47411048931985345,Stres Sedang,Pokok Utama,109.23371036855829,-0.42250638257343587,1542,109.23371208,-0.42250466,4.79,0.498,0.498,Healthy,Good
AME II,D002A,D02,2009,122,3,262146,0.42523234315285413,Stres Sedang,0.43961289528617287,Stres Sedang,Pokok Utama,109.23380239316838,-0.42249214014396724,2685,109.23378125,-0.42246805,3.55,0.393,0.393,Healthy,Sub-Optimal
AME II,D002A,D02,2009,122,4,261770,0.41132377661316327,Stres Sedang,0.4574233834539448,Stres Sedang,Pokok Utama,109.23387777976319,-0.4224990056505073,2764,109.23388185,-0.42251238,3.48,0.488,0.488,Healthy,Good
AME II,D002A,D02,2009,122,5,262385,0.3782026765869079,Stres Berat,0.4306780151613269,Stres Sedang,Pokok Utama,109.23394923909419,-0.42249806525953604,1313,109.23396629,-0.42248211,5.13,0.467,0.467,Healthy,Good
AME II,D002A,D02,2009,122,6,262375,0.37902929028166965,Stres Berat,0.42322018872370193,Stres Sedang,Pokok Utama,109.23403711958765,-0.4224816669336077,3491,109.23403276,-0.42251016,2.4,0.386,0.386,Healthy,Critical
AME II,D002A,D02,2009,122,10,262430,0.41002544352319853,Stres Sedang,0.45833916181992956,Stres Sedang,Pokok Utama,109.23436757497589,-0.42247755294244416,3433,109.23434851,-0.42245461,2.57,0.449,0.449,Healthy,Moderate
AME II,D002A,D02,2009,122,17,262515,0.3676878565066351,Stres Berat,0.40494743364417707,Stres Sedang,Pokok Utama,109.23509471793982,-0.42245791334231086,358,109.23509138,-0.42243534,8.82,0.476,0.476,Healthy,Good
AME II,D002A,D02,2009,122,18,262522,0.38978062257749246,Stres Berat,0.42951184246195584,Stres Sedang,Pokok Utama,109.23517679623822,-0.4224429379350153,679,109.23517536,-0.42247786,7.08,0.487,0.487,Healthy,Good
AME II,D002A,D02,2009,122,19,262525,0.3712277051137418,Stres Berat,0.3915736491023402,Stres Berat,Pokok Utama,109.23525380038538,-0.42244710266026486,2904,109.23525083,-0.42243628,3.36,0.407,0.407,Abnormal,Sub-Optimal
AME II,D002A,D02,2009,122,20,262533,0.3831344429196808,Stres Berat,0.3884266239343857,Stres Berat,Pokok Utama,109.23533397356309,-0.4224436123148585,2349,109.23533257,-0.42242771,3.88,0.434,0.434,Abnormal,Moderate
AME II,D002A,D02,2009,122,21,262544,0.39786714612708596,Stres Berat,0.4358497257974906,Stres Sedang,Pokok Utama,109.23541478426841,-0.4224292750476724,2177,109.23542959,-0.4224006,4.05,0.462,0.462,Healthy,Good
AME II,D002A,D02,2009,122,24,262573,0.3859848463467245,Stres Berat,0.445782279733499,Stres Sedang,Pokok Utama,109.23575728587176,-0.42242839570414403,2278,109.2357579,-0.42244408,3.96,0.441,0.441,Abnormal,Moderate
AME II,D002A,D02,2009,123,1,261779,0.42654603362277954,Stres Sedang,0.4429887193382341,Stres Sedang,Pokok Utama,109.23366381497796,-0.42244222824070077,378,109.23365235,-0.42247209,8.67,0.44,0.44,Healthy,Moderate
AME II,D002A,D02,2009,123,2,262147,0.4524940364579203,Stres Sedang,0.45830819514599647,Stres Sedang,Pokok Utama,109.23375594570226,-0.4224274459672272,3215,109.2337395,-0.42240067,2.97,0.4,0.4,Healthy,Sub-Optimal
AME II,D002A,D02,2009,123,3,261771,0.4216657867325979,Stres Sedang,0.45617680985014886,Stres Sedang,Pokok Utama,109.23384007388697,-0.4224319460193359,2210,109.23386255,-0.4224441,4.01,0.513,0.513,Healthy,Good
AME II,D002A,D02,2009,123,4,262386,0.41035250463866463,Stres Sedang,0.475532554747822,Stres Sedang,Pokok Utama,109.2339260610531,-0.42243043833871086,1769,109.23394788,-0.42244593,4.48,0.482,0.482,Healthy,Good
AME II,D002A,D02,2009,123,5,262376,0.36961858850615475,Stres Berat,0.4428139224303811,Stres Sedang,Pokok Utama,109.23399612192149,-0.42242091492942246,2459,109.23400449,-0.42240389,3.77,0.434,0.434,Healthy,Moderate
AME II,D002A,D02,2009,123,6,262396,0.37096893873134473,Stres Berat,0.4346625846186499,Stres Sedang,Pokok Utama,109.23407875222769,-0.42242353821736717,3330,109.2340768,-0.42239035,2.76,0.454,0.454,Healthy,Moderate
AME II,D002A,D02,2009,123,8,262418,0.3941843979995776,Stres Berat,0.45113964422766195,Stres Sedang,Pokok Utama,109.23425223848804,-0.422420014978747,2699,109.23426453,-0.42243244,3.54,0.428,0.428,Healthy,Sub-Optimal
AME II,D002A,D02,2009,123,10,262440,0.37587759493646783,Stres Berat,0.4140853176612665,Stres Sedang,Pokok Utama,109.23440572611277,-0.42241462701817184,2730,109.2344105,-0.4224076,3.5,0.426,0.426,Healthy,Sub-Optimal
AME II,D002A,D02,2009,123,11,262449,0.3842195715632702,Stres Berat,0.4179646639584063,Stres Sedang,Pokok Utama,109.23448012357694,-0.42240628651171186,2134,109.23450977,-0.42238773,4.09,0.433,0.433,Healthy,Moderate
AME II,D002A,D02,2009,123,13,262469,0.38661299335341925,Stres Berat,0.43976709357611055,Stres Sedang,Pokok Utama,109.23464812906317,-0.4224127970097243,2758,109.23463238,-0.42238279,3.48,0.438,0.438,Abnormal,Moderate
AME II,D002A,D02,2009,123,15,262489,0.3853219986952348,Stres Berat,0.3892845882084937,Stres Berat,Pokok Utama,109.23481111408407,-0.4224036149658962,3336,109.23478418,-0.42239593,2.75,0.48,0.48,Healthy,Good
AME II,D002A,D02,2009,123,17,262508,0.38444600056479883,Stres Berat,0.4134910882074529,Stres Sedang,Pokok Utama,109.23496887331838,-0.42238897608735665,2117,109.23499528,-0.42240909,4.11,0.435,0.435,Healthy,Moderate
AME II,D002A,D02,2009,123,18,262516,0.38897799248764087,Stres Berat,0.449198229180043,Stres Sedang,Pokok Utama,109.23505195151891,-0.42239729021971545,2060,109.2350375,-0.42240051,4.17,0.373,0.373,Suspect,Critical
AME II,D002A,D02,2009,123,19,262526,0.3800582612452864,Stres Berat,0.40723166260812377,Stres Sedang,Pokok Utama,109.23521832277423,-0.42238137733728964,2692,109.23521626,-0.42236122,3.55,0.42,0.42,Abnormal,Sub-Optimal
AME II,D002A,D02,2009,123,20,262534,0.4094531317408702,Stres Sedang,0.40500086165032445,Stres Sedang,Pokok Utama,109.23529849177358,-0.4224003778073536,1498,109.23528048,-0.42237254,4.85,0.469,0.469,Healthy,Good
AME II,D002A,D02,2009,123,22,262553,0.3696057707435735,Stres Berat,0.4248598235752601,Stres Sedang,Pokok Utama,109.23547843163513,-0.42238350946299114,2431,109.23548394,-0.42239971,3.79,0.428,0.428,Abnormal,Sub-Optimal
AME II,D002A,D02,2009,124,2,262148,0.4236334029418319,Stres Sedang,0.44290902263156934,Stres Sedang,Pokok Utama,109.23371258175176,-0.4223598460848038,2600,109.23370178,-0.42235364,3.64,0.564,0.564,Abnormal,Good
AME II,D002A,D02,2009,124,3,261772,0.43810254637640156,Stres Sedang,0.4520026859823136,Stres Sedang,Pokok Utama,109.23380545348894,-0.42237715571052076,2439,109.23379474,-0.42239164,3.78,0.367,0.367,Healthy,Critical
AME II,D002A,D02,2009,124,4,262387,0.3266851525979297,Stres Berat,0.4098214640054786,Stres Sedang,Pokok Utama,109.23387933826803,-0.42235179077504603,3460,109.23388368,-0.42237086,2.49,0.523,0.523,Abnormal,Good
AME II,D002A,D02,2009,124,7,262408,0.33641760427022394,Stres Berat,0.4018221748182712,Stres Sedang,Pokok Utama,109.23412239351349,-0.4223489752394594,3501,109.23411454,-0.4223162,2.38,0.436,0.436,Healthy,Moderate
AME II,D002A,D02,2009,124,8,262419,0.3093998958461791,Stres Berat,0.39361076013156593,Stres Berat,Pokok Utama,109.23419496156917,-0.422346917381097,730,109.23419269,-0.42232119,6.89,0.507,0.507,Healthy,Good
AME II,D002A,D02,2009,124,9,262432,0.41974359890774887,Stres Sedang,0.45162157137533354,Stres Sedang,Pokok Utama,109.23428192412949,-0.42233012003739334,259,109.23427353,-0.42235829,9.56,0.438,0.438,Healthy,Moderate
AME II,D002A,D02,2009,124,11,262460,0.3840496482296182,Stres Berat,0.44675816700265214,Stres Sedang,Pokok Utama,109.2345287297396,-0.4223311205790403,2282,109.23451562,-0.42232579,3.95,0.565,0.565,Abnormal,Good
AME II,D002A,D02,2009,124,12,262470,0.360323629297478,Stres Berat,0.41843615276554635,Stres Sedang,Pokok Utama,109.23460404628015,-0.4223380683497473,1420,109.23459556,-0.42232264,4.95,0.462,0.462,Healthy,Good
AME II,D002A,D02,2009,124,13,262480,0.41091055765257667,Stres Sedang,0.4473848346210859,Stres Sedang,Pokok Utama,109.23469667847297,-0.4223463231748992,1322,109.23469257,-0.42234979,5.13,0.411,0.411,Healthy,Sub-Optimal
AME II,D002A,D02,2009,124,14,262490,0.36216600680432354,Stres Berat,0.3946287095296057,Stres Berat,Pokok Utama,109.23477619002217,-0.4223330038582976,3159,109.23479273,-0.4223367,3.04,0.469,0.469,Healthy,Good
AME II,D002A,D02,2009,124,15,262499,0.43814107903713373,Stres Sedang,0.4605283959469089,Stres Sedang,Pokok Utama,109.23485034564025,-0.4223216791022259,2407,109.23487492,-0.4223426,3.81,0.484,0.484,Healthy,Good
AME II,D002A,D02,2009,124,22,262554,0.3567493215996503,Stres Berat,0.4212044983725912,Stres Sedang,Pokok Utama,109.23543245241144,-0.4223134899305726,2916,109.23544982,-0.42234002,3.34,0.423,0.423,Abnormal,Sub-Optimal
AME II,D002A,D02,2009,124,23,262559,0.3753178723231302,Stres Berat,0.4579186098405395,Stres Sedang,Pokok Utama,109.2354963061857,-0.4223084006633007,2206,109.23551584,-0.42231652,4.02,0.459,0.459,Healthy,Moderate
AME II,D002A,D02,2009,124,24,262569,0.393096826942248,Stres Berat,0.4658167151027558,Stres Sedang,Pokok Utama,109.23556776590117,-0.4223060242222835,469,109.23559489,-0.42231473,8.09,0.418,0.418,Healthy,Sub-Optimal
AME II,D002A,D02,2009,124,25,262575,0.36607422820082947,Stres Berat,0.42495663125569433,Stres Sedang,Pokok Utama,109.23566299181334,-0.4223086802112495,969,109.23568876,-0.42231114,6.0,0.387,0.387,Healthy,Critical
AME II,D002A,D02,2009,124,26,262577,0.41471238464659205,Stres Sedang,0.44281248036338217,Stres Sedang,Pokok Utama,109.23574776163582,-0.4223004062585468,680,109.2357485,-0.42230799,7.08,0.384,0.384,Healthy,Critical
AME II,D002A,D02,2009,125,1,262141,0.41068565325285833,Stres Sedang,0.45912322775312786,Stres Sedang,Pokok Utama,109.23367781075503,-0.4222837938881531,943,109.23365777,-0.42230841,6.05,0.408,0.408,Healthy,Sub-Optimal
AME II,D002A,D02,2009,125,2,262149,0.4347566267620125,Stres Sedang,0.46989093450367697,Stres Sedang,Pokok Utama,109.23370379170862,-0.42229831472245094,1678,109.23373413,-0.42231747,4.6,0.443,0.443,Healthy,Moderate
AME II,D002A,D02,2009,125,3,261773,0.45225403441071155,Stres Sedang,0.4748149457023584,Stres Sedang,Pokok Utama,109.23375528894373,-0.42228875631783175,1678,109.23373413,-0.42231747,4.6,0.443,0.443,Healthy,Moderate
AME II,D002A,D02,2009,125,4,262388,0.3955589977372387,Stres Berat,0.4459629546707639,Stres Sedang,Pokok Utama,109.2338417955678,-0.42228607949279334,2085,109.23386572,-0.42231253,4.15,0.531,0.531,Healthy,Good
AME II,D002A,D02,2009,125,6,262398,0.38443178097147945,Stres Berat,0.44147347530075054,Stres Sedang,Pokok Utama,109.23400642888772,-0.4222727037003742,1870,109.23401753,-0.42229764,4.37,0.444,0.444,Healthy,Moderate
AME II,D002A,D02,2009,125,7,262409,0.35391580941733336,Stres Berat,0.42196650856259704,Stres Sedang,Pokok Utama,109.23408248229298,-0.42227431628018647,2232,109.23406874,-0.42227188,4.0,0.43,0.43,Healthy,Moderate
AME II,D002A,D02,2009,125,10,262451,0.39062818650676867,Stres Berat,0.4296728090556076,Stres Sedang,Pokok Utama,109.23441059044627,-0.42227044858653007,2120,109.2344276,-0.42228734,4.11,0.475,0.475,Healthy,Good
AME II,D002A,D02,2009,125,13,262481,0.3622054750946251,Stres Berat,0.4228548316653517,Stres Sedang,Pokok Utama,109.2346500511077,-0.4222546971132303,2223,109.23463466,-0.42222634,4.0,0.446,0.446,Healthy,Moderate
AME II,D002A,D02,2009,125,14,262491,0.4115308206026924,Stres Sedang,0.44836676174504353,Stres Sedang,Pokok Utama,109.23473006489183,-0.42225683508530326,3434,109.23473302,-0.42223496,2.57,0.421,0.421,Healthy,Sub-Optimal
AME II,D002A,D02,2009,125,16,262510,0.40649597047137564,Stres Sedang,0.45000217298642786,Stres Sedang,Pokok Utama,109.23489326698672,-0.4222410652588959,757,109.23492211,-0.422235,6.77,0.416,0.416,Healthy,Sub-Optimal
AME II,D002A,D02,2009,125,17,262517,0.387003764672256,Stres Berat,0.45830195496345305,Stres Sedang,Pokok Utama,109.23497925582792,-0.42224030269934537,391,109.23500205,-0.42225627,8.59,0.531,0.531,Healthy,Good
AME II,D002A,D02,2009,125,19,262528,0.3928308532691566,Stres Berat,0.46127649473979504,Stres Sedang,Pokok Utama,109.2351362094616,-0.422256911664932,1056,109.23515565,-0.42225947,5.75,0.431,0.431,Healthy,Moderate
AME II,D002A,D02,2009,125,20,262536,0.39038466733878824,Stres Berat,0.4295398389844966,Stres Sedang,Pokok Utama,109.23521882585531,-0.422237804629269,633,109.23523066,-0.42225225,7.27,0.432,0.432,Healthy,Moderate
AME II,D002A,D02,2009,125,21,262547,0.3856126715847665,Stres Berat,0.4059307625478619,Stres Sedang,Pokok Utama,109.23529487985125,-0.4222330364635821,1593,109.23528815,-0.42225227,4.73,0.379,0.379,Suspect,Critical
AME II,D002A,D02,2009,125,22,262555,0.4037475804914847,Stres Sedang,0.4230315081708066,Stres Sedang,Pokok Utama,109.2353779037751,-0.4222391169559962,864,109.23538112,-0.42225183,6.32,0.415,0.415,Healthy,Sub-Optimal
AME II,D002A,D02,2009,125,23,262560,0.37619285745525,Stres Berat,0.4228107160521169,Stres Sedang,Pokok Utama,109.235464415831,-0.4222365847971601,1132,109.23546286,-0.42223286,5.56,0.414,0.414,Healthy,Sub-Optimal
AME II,D002A,D02,2009,126,2,261774,0.4238944854582259,Stres Sedang,0.46605969178784,Stres Sedang,Pokok Utama,109.23379183849681,-0.42222563019725107,2400,109.23375705,-0.42221755,3.82,0.44,0.44,Abnormal,Moderate
AME II,D002A,D02,2009,126,4,262399,0.4131376308537127,Stres Sedang,0.49505686621062384,Stres Sedang,Pokok Utama,109.23395019777267,-0.422194681545976,2158,109.2339439,-0.42221262,4.07,0.542,0.542,Healthy,Good
AME II,D002A,D02,2009,126,5,262410,0.3908573503771207,Stres Berat,0.4607893893606413,Stres Sedang,Pokok Utama,109.23402502580166,-0.4222088283217347,2374,109.23403059,-0.42218144,3.85,0.532,0.532,Healthy,Good
AME II,D002A,D02,2009,126,6,262421,0.3983896872840891,Stres Berat,0.4442486324157039,Stres Sedang,Pokok Utama,109.23413462606698,-0.42220207024691386,3194,109.23415993,-0.42221629,2.99,0.447,0.447,Healthy,Moderate
AME II,D002A,D02,2009,126,7,262434,0.3973717996117086,Stres Berat,0.4516933982929598,Stres Sedang,Pokok Utama,109.23420576903423,-0.4222019273607678,3182,109.23417745,-0.42218329,3.0,0.521,0.521,Healthy,Good
AME II,D002A,D02,2009,126,9,262452,0.3927355661870735,Stres Berat,0.42650254536168625,Stres Sedang,Pokok Utama,109.23437560697242,-0.4221884831095672,2716,109.2343544,-0.42221498,3.52,0.443,0.443,Abnormal,Moderate
AME II,D002A,D02,2009,126,10,262462,0.3812617550326069,Stres Berat,0.4272479919562662,Stres Sedang,Pokok Utama,109.2344472217895,-0.4221951985285109,2675,109.23446714,-0.4222037,3.56,0.437,0.437,Abnormal,Moderate
AME II,D002A,D02,2009,126,11,262472,0.36959499383435823,Stres Berat,0.4241244983719606,Stres Sedang,Pokok Utama,109.23451922968378,-0.42220752520974264,2074,109.23454484,-0.42221909,4.16,0.434,0.434,Healthy,Moderate
AME II,D002A,D02,2009,126,14,262501,0.36639818420725845,Stres Berat,0.39061055528019556,Stres Berat,Pokok Utama,109.23478019988801,-0.42218573430900963,867,109.23477211,-0.42216172,6.31,0.486,0.486,Healthy,Good
AME II,D002A,D02,2009,126,15,262511,0.3639726915535576,Stres Berat,0.3834534793788073,Stres Berat,Pokok Utama,109.23486165484972,-0.4221863298727233,801,109.23487765,-0.42220831,6.6,0.456,0.456,Healthy,Moderate
AME II,D002A,D02,2009,127,1,262143,0.40394779114176493,Stres Sedang,0.4527582369583587,Stres Sedang,Pokok Utama,109.23367407670337,-0.42214825954125695,269,109.2336403,-0.42214337,9.46,0.49,0.49,Healthy,Good
AME II,D002A,D02,2009,127,4,262400,0.3917951525294544,Stres Berat,0.4586362013209156,Stres Sedang,Pokok Utama,109.23393535760263,-0.422138350316754,2052,109.23394031,-0.42216334,4.17,0.48,0.48,Healthy,Good
AME II,D002A,D02,2009,127,5,262411,0.3871566337883586,Stres Berat,0.4645095198012644,Stres Sedang,Pokok Utama,109.2340141702247,-0.4221411255459888,3168,109.23401174,-0.42210593,3.03,0.525,0.525,Healthy,Good
AME II,D002A,D02,2009,127,6,262424,0.3661165689082737,Stres Berat,0.4349735942918424,Stres Sedang,Pokok Utama,109.23406317835645,-0.42215547711629314,3378,109.23408538,-0.42217196,2.68,0.456,0.456,Healthy,Moderate
AME II,D002A,D02,2009,127,7,262422,0.3850206275732299,Stres Berat,0.4485125099614759,Stres Sedang,Pokok Utama,109.23411229913883,-0.42214432297768284,3382,109.23410965,-0.42210866,2.67,0.419,0.419,Healthy,Sub-Optimal
AME II,D002A,D02,2009,127,8,262435,0.389612785799292,Stres Berat,0.45396896945435605,Stres Sedang,Pokok Utama,109.23415476421317,-0.42213508081161144,3590,109.23415366,-0.4221254,1.91,0.439,0.439,Healthy,Moderate
AME II,D002A,D02,2009,127,9,262443,0.39758452730149013,Stres Berat,0.45818247038453647,Stres Sedang,Pokok Utama,109.23423475231188,-0.4221315216971674,2811,109.23421834,-0.42210146,3.44,0.406,0.406,Healthy,Sub-Optimal
AME II,D002A,D02,2009,127,10,262453,0.42560994826261284,Stres Sedang,0.45793677222471135,Stres Sedang,Pokok Utama,109.23430415098721,-0.4221307399738502,444,109.23433286,-0.42213223,8.25,0.446,0.446,Healthy,Moderate
AME II,D002A,D02,2009,127,11,262463,0.411954120650936,Stres Sedang,0.4376884978891422,Stres Sedang,Pokok Utama,109.23440618509947,-0.42212417729665636,527,109.23439889,-0.42213586,7.76,0.43,0.43,Healthy,Moderate
AME II,D002A,D02,2009,127,12,262473,0.34130504379750853,Stres Berat,0.39123827950431533,Stres Berat,Pokok Utama,109.23448874953566,-0.42212818412922465,1467,109.23451027,-0.42212594,4.89,0.456,0.456,Healthy,Moderate
AME II,D002A,D02,2009,127,14,262493,0.3724100170606368,Stres Berat,0.43097720479106044,Stres Sedang,Pokok Utama,109.23465003160344,-0.4221301191223763,1784,109.23465084,-0.42216214,4.46,0.471,0.471,Healthy,Good
AME II,D002A,D02,2009,128,1,262144,0.3673072030155013,Stres Berat,0.43121845180159246,Stres Sedang,Pokok Utama,109.23363123686607,-0.4220867231066596,292,109.23363851,-0.42209092,9.27,0.322,0.322,Suspect,Critical
AME II,D002A,D02,2009,128,2,261776,0.42951218283636916,Stres Sedang,0.4589664741675488,Stres Sedang,Pokok Utama,109.23371920922764,-0.4220890437605816,778,109.23371127,-0.4220932,6.68,0.414,0.414,Healthy,Sub-Optimal
AME II,D002A,D02,2009,128,3,262380,0.40846279807860647,Stres Sedang,0.45882978117487466,Stres Sedang,Pokok Utama,109.23381396918703,-0.4220782183742749,428,109.23379077,-0.42210181,8.33,0.414,0.414,Healthy,Sub-Optimal
AME II,D002A,D02,2009,128,5,262412,0.3905545977227714,Stres Berat,0.4632416725929055,Stres Sedang,Pokok Utama,109.2339833423381,-0.42206629414234265,2329,109.23399468,-0.42205076,3.9,0.164,0.164,Abnormal,Critical
AME II,D002A,D02,2009,128,6,262425,0.3362126633844871,Stres Berat,0.4210769683033085,Stres Sedang,Pokok Utama,109.23403087497185,-0.4220710905572442,3448,109.2340396,-0.42205756,2.54,0.127,0.127,Abnormal,Critical
AME II,D002A,D02,2009,128,7,262423,0.37099416635407906,Stres Berat,0.4522389136781053,Stres Sedang,Pokok Utama,109.2341194447156,-0.42207733057203417,3043,109.23414514,-0.42208109,3.19,0.376,0.376,Healthy,Critical
AME II,D002A,D02,2009,128,8,262436,0.3744795792630829,Stres Berat,0.4420182520997013,Stres Sedang,Pokok Utama,109.23417807001158,-0.42207447282843,3043,109.23414514,-0.42208109,3.19,0.376,0.376,Healthy,Critical
