Tree_ID,Longitude,Latitude,Height_m,NDRE_Value,Classification,Health_Status,Action,Block_Name
1,109.24072412120293,-0.4311007399915155,0.0,0.437531361336253,Normal,Normal,Routine,E001A
2,109.24074312579167,-0.4311406783706784,0.0,0.4567663160209753,Normal,Normal,Routine,E001A
3,109.24081124395362,-0.4311159977424859,0.0,0.4670170978903949,Normal,Normal,Routine,E001A
4,109.24093208794413,-0.43113498996609895,0.0,0.4132979451627031,Normal,Normal,Routine,E001A
5,109.24100646415768,-0.4311347820977256,0.0,0.412547154649466,Normal,Normal,Routine,E001A
6,109.2410607216615,-0.43109576505680913,0.0,0.4346516768060027,Normal,Normal,Routine,E001A
7,109.24109692674354,-0.431138128259326,0.0,0.40699958610412806,Normal,Normal,Routine,E001A
8,109.24114822919262,-0.43110578970154934,0.0,0.3963260403251333,Abnormal,Abnormal,Monitor,E001A
9,109.24121752600998,-0.43109238417211915,0.0,0.43778272803263885,Normal,Normal,Routine,E001A
10,109.24125344566593,-0.43112595659295444,0.0,0.3942914007213683,Abnormal,Abnormal,Monitor,E001A
11,109.24129529577264,-0.43108887457808925,0.0,0.45651982478403413,Normal,Normal,Routine,E001A
12,109.24132522078847,-0.4311283669742484,0.0,0.45474790736777904,Normal,Normal,Routine,E001A
13,109.24142673066731,-0.43112255783616277,0.0,0.40502020572664355,Normal,Normal,Routine,E001A
14,109.24149645443387,-0.4311197680026327,0.0,0.3834236310615849,Abnormal,Abnormal,Monitor,E001A
15,109.24163344306216,-0.4310999947411306,0.0,0.4317057357581619,Normal,Normal,Routine,E001A
16,109.24169877149201,-0.43107018605032094,0.0,0.4207113804706907,Normal,Normal,Routine,E001A
17,109.24172054307365,-0.4311205923873987,0.0,0.4174029176414531,Normal,Normal,Routine,E001A
18,109.24178193599292,-0.43110720761891835,0.0,0.4020061625374688,Normal,Normal,Routine,E001A
19,109.24194402286653,-0.43107374814416033,0.0,0.4175919831477646,Normal,Normal,Routine,E001A
20,109.24196972278428,-0.43111946026366715,0.0,0.39797664724171683,Abnormal,Abnormal,Monitor,E001A
21,109.24199007065512,-0.431075673256768,0.0,0.41915992103537175,Normal,Normal,Routine,E001A
22,109.2420608841059,-0.43112354267918424,0.0,0.4009332217668232,Normal,Normal,Routine,E001A
23,109.24211232607107,-0.4310783160144312,0.0,0.43474182878882095,Normal,Normal,Routine,E001A
24,109.24212416284163,-0.4311283076901759,0.0,0.43181602769606825,Normal,Normal,Routine,E001A
25,109.24216935084803,-0.4310955914961139,0.0,0.44228871225926597,Normal,Normal,Routine,E001A
26,109.2421993030035,-0.4311225819346941,0.0,0.43592672663154924,Normal,Normal,Routine,E001A
27,109.24229760486833,-0.43111426621432586,0.0,0.427836491762159,Normal,Normal,Routine,E001A
28,109.24232090500331,-0.4310759888948205,0.0,0.3880797552236592,Abnormal,Abnormal,Monitor,E001A
29,109.24245048392913,-0.43114584200923284,0.0,0.41342406878250654,Normal,Normal,Routine,E001A
30,109.24250259234708,-0.4310891959566788,0.0,0.4329240239303941,Normal,Normal,Routine,E001A
31,109.24253730632921,-0.4311198110453397,0.0,0.44752828741953726,Normal,Normal,Routine,E001A
32,109.24258365481654,-0.4311071073248206,0.0,0.37598186101421704,Abnormal,Abnormal,Monitor,E001A
33,109.24265531500612,-0.4310664502606421,0.0,0.434245193202933,Normal,Normal,Routine,E001A
34,109.2427600923467,-0.4311217256858479,0.0,0.4273029185272194,Normal,Normal,Routine,E001A
35,109.24279856994644,-0.4310707636127388,0.0,0.37145557652051503,Abnormal,Abnormal,Monitor,E001A
36,109.24068801600579,-0.43101459686866345,0.0,0.38868476589246154,Abnormal,Abnormal,Monitor,E001A
37,109.24083631481994,-0.4310414294374066,0.0,0.44888706028568787,Normal,Normal,Routine,E001A
38,109.24093618365951,-0.4310350339335107,0.0,0.4173566301155807,Normal,Normal,Routine,E001A
39,109.24100489383369,-0.43105321100557675,0.0,0.47321045462159383,Normal,Normal,Routine,E001A
40,109.24109970005296,-0.43106229144657665,0.0,0.44150647339395704,Normal,Normal,Routine,E001A
41,109.24114532403597,-0.43107116964094955,0.0,0.4404531872709103,Normal,Normal,Routine,E001A
42,109.24124700716638,-0.4310384141572594,0.0,0.4504603254282693,Normal,Normal,Routine,E001A
43,109.24131422452683,-0.43101306864272115,0.0,0.4471261964357343,Normal,Normal,Routine,E001A
44,109.24140229606459,-0.43103145187560266,0.0,0.4428781139929444,Normal,Normal,Routine,E001A
45,109.2414433875417,-0.4310630505049839,0.0,0.4375930163097611,Normal,Normal,Routine,E001A
46,109.24148120618622,-0.43104167527115733,0.0,0.41532965939682165,Normal,Normal,Routine,E001A
47,109.24167186607626,-0.4310128072564659,0.0,0.42542351010582585,Normal,Normal,Routine,E001A
48,109.24196948571374,-0.4310055705837628,0.0,0.41789008653736687,Normal,Normal,Routine,E001A
49,109.2420590876043,-0.43100976566900284,0.0,0.3951767479937164,Abnormal,Abnormal,Monitor,E001A
50,109.24212475427987,-0.4309974344927411,0.0,0.40207926863782123,Normal,Normal,Routine,E001A
51,109.24221789916012,-0.43103997914706443,0.0,0.41498533011234784,Normal,Normal,Routine,E001A
52,109.24227956248664,-0.43102262363959043,0.0,0.40626444322394406,Normal,Normal,Routine,E001A
53,109.24238612154467,-0.4310210414582971,0.0,0.45424330655160966,Normal,Normal,Routine,E001A
54,109.24242658844344,-0.43105788129040634,0.0,0.4363516538763504,Normal,Normal,Routine,E001A
55,109.24246135652444,-0.43102101372660445,0.0,0.4177777338571766,Normal,Normal,Routine,E001A
56,109.24251732476303,-0.4310273179643769,0.0,0.4182149213853545,Normal,Normal,Routine,E001A
57,109.24257782303667,-0.43099820805697814,0.0,0.3100075703287827,Abnormal,Abnormal,Monitor,E001A
58,109.24270260984447,-0.43103212488354703,0.0,0.4424165000852484,Normal,Normal,Routine,E001A
59,109.24277271758604,-0.431000313339787,0.0,0.42788909941347364,Normal,Normal,Routine,E001A
60,109.24286406818223,-0.4309978676249176,0.0,0.3772606175578795,Abnormal,Abnormal,Monitor,E001A
61,109.24072083992463,-0.4309045437685183,0.0,0.43905916954038526,Normal,Normal,Routine,E001A
62,109.2408375284418,-0.4309433374095399,0.0,0.44218234927904365,Normal,Normal,Routine,E001A
63,109.24094244628814,-0.4309181860490316,0.0,0.4547758725117378,Normal,Normal,Routine,E001A
64,109.24106456479771,-0.43091820811351966,0.0,0.40512894993244564,Normal,Normal,Routine,E001A
65,109.24114370794128,-0.4309463331180239,0.0,0.4374771283294719,Normal,Normal,Routine,E001A
66,109.24121763235466,-0.4309264384845167,0.0,0.4307130051669307,Normal,Normal,Routine,E001A
67,109.24185480161405,-0.4309648385747794,0.0,0.3923789784692266,Abnormal,Abnormal,Monitor,E001A
68,109.2420194240594,-0.4309364166371915,0.0,0.4089330725575381,Normal,Normal,Routine,E001A
69,109.24202583250886,-0.43089653749492646,0.0,0.40224867558873095,Normal,Normal,Routine,E001A
70,109.24211806439932,-0.43092880634450614,0.0,0.4301462920934928,Normal,Normal,Routine,E001A
71,109.24218355717825,-0.4309422956671138,0.0,0.431456509207447,Normal,Normal,Routine,E001A
72,109.24224652860903,-0.43096707823579306,0.0,0.43459248419206303,Normal,Normal,Routine,E001A
73,109.24232957113009,-0.4309564014444199,0.0,0.42036975333374804,Normal,Normal,Routine,E001A
74,109.24242952459564,-0.43095736062212636,0.0,0.4432586568887351,Normal,Normal,Routine,E001A
75,109.24248409492986,-0.4309331389005356,0.0,0.4363810058630562,Normal,Normal,Routine,E001A
76,109.2425747122429,-0.4309397351363168,0.0,0.43796845222655817,Normal,Normal,Routine,E001A
77,109.24264310520674,-0.43093520328779406,0.0,0.4420480196271931,Normal,Normal,Routine,E001A
78,109.24273491050961,-0.4309280227489376,0.0,0.45109746102635206,Normal,Normal,Routine,E001A
79,109.24285046940143,-0.4309107810289988,0.0,0.39643943155896233,Abnormal,Abnormal,Monitor,E001A
80,109.24075269773019,-0.4308669855847788,0.0,0.4600357652587929,Normal,Normal,Routine,E001A
81,109.24086337030842,-0.430887086814185,0.0,0.41180661867838353,Normal,Normal,Routine,E001A
82,109.24097778109872,-0.43087373608099894,0.0,0.42649460547041185,Normal,Normal,Routine,E001A
83,109.24122852695625,-0.43089364379917483,0.0,0.4236318425945014,Normal,Normal,Routine,E001A
84,109.2413228389693,-0.4308916997713988,0.0,0.4227672815680432,Normal,Normal,Routine,E001A
85,109.2413970381793,-0.43089565615848485,0.0,0.4587331459900542,Normal,Normal,Routine,E001A
86,109.24144057605378,-0.43091377944628584,0.0,0.43467065161074486,Normal,Normal,Routine,E001A
87,109.24151899622358,-0.43084346739902085,0.0,0.43639501902466415,Normal,Normal,Routine,E001A
88,109.24155377596828,-0.43088492597165406,0.0,0.4392722921842428,Normal,Normal,Routine,E001A
89,109.24172764685363,-0.4308807107362957,0.0,0.37167095676752787,Abnormal,Abnormal,Monitor,E001A
90,109.24180608661149,-0.4308934633474883,0.0,0.3990698347065168,Abnormal,Abnormal,Monitor,E001A
91,109.24190309126642,-0.43088940387059926,0.0,0.41322260170950925,Normal,Normal,Routine,E001A
92,109.24196477978727,-0.43085221883139924,0.0,0.42256121282389986,Normal,Normal,Routine,E001A
93,109.24220592267639,-0.430862778329218,0.0,0.4281065420000734,Normal,Normal,Routine,E001A
94,109.24247146126557,-0.4308483766036301,0.0,0.4571778279734503,Normal,Normal,Routine,E001A
95,109.24253457016196,-0.4308456439917657,0.0,0.40188648661658466,Normal,Normal,Routine,E001A
96,109.24262101515006,-0.43084763002393417,0.0,0.3868772751994057,Abnormal,Abnormal,Monitor,E001A
97,109.24270094109484,-0.4308547102859832,0.0,0.47151065287756033,Normal,Normal,Routine,E001A
98,109.24277216005461,-0.4308344089567101,0.0,0.4692768375902947,Normal,Normal,Routine,E001A
99,109.24286771013189,-0.4308395874799504,0.0,0.40582703442034973,Normal,Normal,Routine,E001A
100,109.2406925948482,-0.4308408680406108,0.0,0.450068235146824,Normal,Normal,Routine,E001A
101,109.24075083250293,-0.43082179358377,0.0,0.4879743250289766,Normal,Normal,Routine,E001A
102,109.240928432874,-0.43082963176244576,0.0,0.4135449596772797,Normal,Normal,Routine,E001A
103,109.2410121021339,-0.43082372894142695,0.0,0.4158655299597058,Normal,Normal,Routine,E001A
104,109.24124634701337,-0.4308031246162696,0.0,0.4369455802369046,Normal,Normal,Routine,E001A
105,109.24148064849662,-0.4307747532424603,0.0,0.41208964333362663,Normal,Normal,Routine,E001A
106,109.24152514954433,-0.43076448890442515,0.0,0.4487896919000199,Normal,Normal,Routine,E001A
107,109.24162589700428,-0.4307891039027901,0.0,0.4136436538282333,Normal,Normal,Routine,E001A
108,109.24172679407309,-0.43077240318477644,0.0,0.40213286458604436,Normal,Normal,Routine,E001A
109,109.24186828552531,-0.4308045767641702,0.0,0.4256513361379111,Normal,Normal,Routine,E001A
110,109.24194842791465,-0.4307724980829923,0.0,0.4150409135931673,Normal,Normal,Routine,E001A
111,109.24202200902661,-0.43076909600986857,0.0,0.45169017223321517,Normal,Normal,Routine,E001A
112,109.24210562834499,-0.43076574148264735,0.0,0.4032880185583893,Normal,Normal,Routine,E001A
113,109.24217475202524,-0.43074753856100584,0.0,0.4385866380182157,Normal,Normal,Routine,E001A
114,109.24236382161256,-0.4307675160109497,0.0,0.41893526259306313,Normal,Normal,Routine,E001A
115,109.24244247390376,-0.43075843066563646,0.0,0.39873017566968755,Abnormal,Abnormal,Monitor,E001A
116,109.24252008523173,-0.4307605222552271,0.0,0.4060920882772262,Normal,Normal,Routine,E001A
117,109.24268223389326,-0.43075555821221034,0.0,0.43716418795904766,Normal,Normal,Routine,E001A
118,109.24283390684354,-0.4307625619860416,0.0,0.4263413115924432,Normal,Normal,Routine,E001A
119,109.24069974177412,-0.4307222524669802,0.0,0.43575903413177786,Normal,Normal,Routine,E001A
120,109.24078200283229,-0.43072677862739395,0.0,0.431395157468473,Normal,Normal,Routine,E001A
121,109.24085263621552,-0.4307057401903553,0.0,0.4179460165199933,Normal,Normal,Routine,E001A
122,109.24091038387256,-0.43075909113254424,0.0,0.4287624898717272,Normal,Normal,Routine,E001A
123,109.24096291007312,-0.43072537379312065,0.0,0.407169966960418,Normal,Normal,Routine,E001A
124,109.24103400192767,-0.4307263325982167,0.0,0.39141683816838213,Abnormal,Abnormal,Monitor,E001A
125,109.24106723528257,-0.43069533271960037,0.0,0.41705357622749245,Normal,Normal,Routine,E001A
126,109.24118576536067,-0.43067111683681747,0.0,0.4449347682543345,Normal,Normal,Routine,E001A
127,109.24125537675023,-0.43071176871836914,0.0,0.40773127051266106,Normal,Normal,Routine,E001A
128,109.24131410651536,-0.430705135746633,0.0,0.38962458935237726,Abnormal,Abnormal,Monitor,E001A
129,109.24142599374021,-0.43073243639400566,0.0,0.39621422445623905,Abnormal,Abnormal,Monitor,E001A
130,109.24152150121864,-0.4307154522829449,0.0,0.46341918646269936,Normal,Normal,Routine,E001A
131,109.24166858297161,-0.43068336564619625,0.0,0.38580484637762025,Abnormal,Abnormal,Monitor,E001A
132,109.24173814170963,-0.4307147574689672,0.0,0.4142669532962349,Normal,Normal,Routine,E001A
133,109.24187131792084,-0.4307191426207041,0.0,0.4023315347474197,Normal,Normal,Routine,E001A
134,109.24210050331925,-0.43070465105852496,0.0,0.4465213573692008,Normal,Normal,Routine,E001A
135,109.24222656459213,-0.4306921946341362,0.0,0.41686893173475537,Normal,Normal,Routine,E001A
136,109.24231064824994,-0.43068133359488403,0.0,0.39569268745252045,Abnormal,Abnormal,Monitor,E001A
137,109.24257517923454,-0.4306932775531363,0.0,0.44123320861640775,Normal,Normal,Routine,E001A
138,109.24262925099326,-0.43070056250843314,0.0,0.43579255057892835,Normal,Normal,Routine,E001A
139,109.24268882082619,-0.430705086096101,0.0,0.44251706997672763,Normal,Normal,Routine,E001A
140,109.24278494206303,-0.43073831169049154,0.0,0.44569925297129975,Normal,Normal,Routine,E001A
141,109.24285304864664,-0.4307213003896462,0.0,0.46058730348118065,Normal,Normal,Routine,E001A
142,109.24079932604451,-0.4306092388182241,0.0,0.4556871834942186,Normal,Normal,Routine,E001A
143,109.24088251607361,-0.43063660603965637,0.0,0.44927676553917845,Normal,Normal,Routine,E001A
144,109.24114751833295,-0.4306216100875946,0.0,0.4396443774401335,Normal,Normal,Routine,E001A
145,109.24123572280774,-0.4306164760599328,0.0,0.42513684454675693,Normal,Normal,Routine,E001A
146,109.24130413749275,-0.4306462742311835,0.0,0.39829693255839765,Abnormal,Abnormal,Monitor,E001A
147,109.24138185722184,-0.43062982404570704,0.0,0.4317090915283188,Normal,Normal,Routine,E001A
148,109.24146977639619,-0.4306584782862398,0.0,0.3962802753323003,Abnormal,Abnormal,Monitor,E001A
149,109.24153980502965,-0.43063454321269434,0.0,0.42202798474762454,Normal,Normal,Routine,E001A
150,109.24162052490561,-0.4306498717959077,0.0,0.45365318853037473,Normal,Normal,Routine,E001A
151,109.24179337570665,-0.43065978692437595,0.0,0.36490744906885714,Abnormal,Abnormal,Monitor,E001A
152,109.24188664252954,-0.43063660600291803,0.0,0.45112271363866263,Normal,Normal,Routine,E001A
153,109.24195555176397,-0.4306447444487449,0.0,0.4514693558914377,Normal,Normal,Routine,E001A
154,109.24199302284094,-0.4306387775221894,0.0,0.3532910113290279,Abnormal,Abnormal,Monitor,E001A
155,109.24209267150846,-0.4306330348324054,0.0,0.439601023038419,Normal,Normal,Routine,E001A
156,109.24217110686861,-0.4306650463564013,0.0,0.406410497761804,Normal,Normal,Routine,E001A
157,109.2422499795827,-0.43063088747058914,0.0,0.4216749686731014,Normal,Normal,Routine,E001A
158,109.24231881892575,-0.4306383268725503,0.0,0.42133757703077906,Normal,Normal,Routine,E001A
159,109.24243516155062,-0.4306504028107184,0.0,0.4165436476603325,Normal,Normal,Routine,E001A
160,109.24250178298665,-0.43065424709531286,0.0,0.4305969977099951,Normal,Normal,Routine,E001A
161,109.24256591973779,-0.43064659078824574,0.0,0.4134156684176194,Normal,Normal,Routine,E001A
162,109.24265839879669,-0.43063523341942533,0.0,0.45580225176695194,Normal,Normal,Routine,E001A
163,109.24275940566663,-0.43066488995772756,0.0,0.410936086207512,Normal,Normal,Routine,E001A
164,109.24283110011136,-0.43061582738620313,0.0,0.4273088706318475,Normal,Normal,Routine,E001A
165,109.24069999691788,-0.4305889259216879,0.0,0.42974951309804404,Normal,Normal,Routine,E001A
166,109.24079465224138,-0.4305743524891256,0.0,0.4523483028217238,Normal,Normal,Routine,E001A
167,109.24087451106011,-0.4305643351049684,0.0,0.4322750308055998,Normal,Normal,Routine,E001A
168,109.24099587364694,-0.4305781385295764,0.0,0.3819953873865519,Abnormal,Abnormal,Monitor,E001A
169,109.24104859471738,-0.4305955938543544,0.0,0.3875875284062674,Abnormal,Abnormal,Monitor,E001A
170,109.24118108820309,-0.43057640460599245,0.0,0.44508983318594797,Normal,Normal,Routine,E001A
171,109.241274966343,-0.4305587852938598,0.0,0.42071989233152185,Normal,Normal,Routine,E001A
172,109.24136123880824,-0.43058033404823054,0.0,0.40877187923873404,Normal,Normal,Routine,E001A
173,109.24143572860407,-0.4305901910600546,0.0,0.3973132148496885,Abnormal,Abnormal,Monitor,E001A
174,109.24150283955596,-0.4305666278794119,0.0,0.42303202104489773,Normal,Normal,Routine,E001A
175,109.24158917177786,-0.43056657377778385,0.0,0.4485224701148606,Normal,Normal,Routine,E001A
176,109.24166762458447,-0.4305811512607095,0.0,0.4621653501375466,Normal,Normal,Routine,E001A
177,109.24168013622206,-0.43061434566846646,0.0,0.4788047341702579,Normal,Normal,Routine,E001A
178,109.24177818530097,-0.4305722125907515,0.0,0.424415768999584,Normal,Normal,Routine,E001A
179,109.2418523396851,-0.430564094709221,0.0,0.44448371308615464,Normal,Normal,Routine,E001A
180,109.24196429199952,-0.4305466125108131,0.0,0.4327504538466828,Normal,Normal,Routine,E001A
181,109.24203135550633,-0.4305694599041104,0.0,0.38538970546021983,Abnormal,Abnormal,Monitor,E001A
182,109.24213648277086,-0.43055185946212715,0.0,0.4039096051542277,Normal,Normal,Routine,E001A
183,109.2422376641846,-0.43054487641838535,0.0,0.37061076052039144,Abnormal,Abnormal,Monitor,E001A
184,109.242284728941,-0.43056589971342796,0.0,0.411531647959271,Normal,Normal,Routine,E001A
185,109.24241033456454,-0.43057014834761814,0.0,0.4174551439267379,Normal,Normal,Routine,E001A
186,109.24247403139448,-0.43056537756569424,0.0,0.32360212268593075,Abnormal,Abnormal,Monitor,E001A
187,109.24253416163674,-0.43056252940636053,0.0,0.39664501408545216,Abnormal,Abnormal,Monitor,E001A
188,109.24262265377693,-0.43055280337456114,0.0,0.48481464290109944,Normal,Normal,Routine,E001A
189,109.24267353564352,-0.43055669192927004,0.0,0.4691157023177689,Normal,Normal,Routine,E001A
190,109.24274928532277,-0.43059989176623514,0.0,0.46284438943175377,Normal,Normal,Routine,E001A
191,109.2427986102527,-0.43057340895804,0.0,0.4448260204350401,Normal,Normal,Routine,E001A
192,109.24072506054365,-0.43048706488681804,0.0,0.43899284663859073,Normal,Normal,Routine,E001A
193,109.24083751487721,-0.4305246566053425,0.0,0.4608303772247567,Normal,Normal,Routine,E001A
194,109.24089361505162,-0.43050770222676643,0.0,0.4252454996448993,Normal,Normal,Routine,E001A
195,109.24101310293352,-0.4305293807756099,0.0,0.3743950349164081,Abnormal,Abnormal,Monitor,E001A
196,109.24114268468044,-0.4304846289488934,0.0,0.4099032711131488,Normal,Normal,Routine,E001A
197,109.24120893150916,-0.4304923010587891,0.0,0.40440397491973284,Normal,Normal,Routine,E001A
198,109.2412864761434,-0.43049904164881647,0.0,0.40460592110415244,Normal,Normal,Routine,E001A
199,109.24140792803608,-0.43053091846421154,0.0,0.398084373330081,Abnormal,Abnormal,Monitor,E001A
200,109.24146414696538,-0.4304661943543986,0.0,0.3920418019772434,Abnormal,Abnormal,Monitor,E001A
201,109.24151786654352,-0.4304539770488675,0.0,0.4260664271968263,Normal,Normal,Routine,E001A
202,109.24155565282776,-0.43050715335309325,0.0,0.41598563185498977,Normal,Normal,Routine,E001A
203,109.24162585563342,-0.4304914637380862,0.0,0.4748170686298424,Normal,Normal,Routine,E001A
204,109.24165834556366,-0.4305256177268454,0.0,0.4638523638069719,Normal,Normal,Routine,E001A
205,109.2416925155421,-0.43044879254286167,0.0,0.4374731555603487,Normal,Normal,Routine,E001A
206,109.24173750406682,-0.4304868334111725,0.0,0.40077255507047865,Normal,Normal,Routine,E001A
207,109.24179985612481,-0.43049396565005504,0.0,0.4175840883076567,Normal,Normal,Routine,E001A
208,109.2418633492988,-0.4304880002418436,0.0,0.4524307867273536,Normal,Normal,Routine,E001A
209,109.24201735657229,-0.4304959613008035,0.0,0.436664162373815,Normal,Normal,Routine,E001A
210,109.24208818299,-0.43049119217575776,0.0,0.44178103695143245,Normal,Normal,Routine,E001A
211,109.24215987432783,-0.4304830275954215,0.0,0.36336590509377453,Abnormal,Abnormal,Monitor,E001A
212,109.24234356743126,-0.43050434485105826,0.0,0.42674671526716534,Normal,Normal,Routine,E001A
213,109.24242554773991,-0.4305113161564453,0.0,0.4417332924482058,Normal,Normal,Routine,E001A
214,109.24250503568226,-0.4304971849856544,0.0,0.4464470424994947,Normal,Normal,Routine,E001A
215,109.24258512228872,-0.43048518448839196,0.0,0.4279762760247334,Normal,Normal,Routine,E001A
216,109.24267088824544,-0.43051042177204735,0.0,0.46730813898660756,Normal,Normal,Routine,E001A
217,109.24282545088882,-0.43053726388266983,0.0,0.4586301770401545,Normal,Normal,Routine,E001A
218,109.24286311762525,-0.4305242389103316,0.0,0.4326364230224597,Normal,Normal,Routine,E001A
219,109.24068672224469,-0.43043605698957405,0.0,0.41318508127072195,Normal,Normal,Routine,E001A
220,109.24077085717822,-0.4304363161734475,0.0,0.4403797776347735,Normal,Normal,Routine,E001A
221,109.24086786227416,-0.4304339884259381,0.0,0.409849866001965,Normal,Normal,Routine,E001A
222,109.24096347943751,-0.43045955444443573,0.0,0.4145960770155254,Normal,Normal,Routine,E001A
223,109.24103810159535,-0.4304366025131191,0.0,0.3754749435810406,Abnormal,Abnormal,Monitor,E001A
224,109.24112205211974,-0.4304263193003556,0.0,0.42031075451702166,Normal,Normal,Routine,E001A
225,109.24119878170778,-0.43041480184553355,0.0,0.43184972848129216,Normal,Normal,Routine,E001A
226,109.24127747643816,-0.43041236313146286,0.0,0.4388060389892239,Normal,Normal,Routine,E001A
227,109.24132752299796,-0.43040393942468885,0.0,0.42767247722214724,Normal,Normal,Routine,E001A
228,109.24139721306432,-0.43038352109613703,0.0,0.41503674658959544,Normal,Normal,Routine,E001A
229,109.24161460185381,-0.4303943273336039,0.0,0.42504642650158475,Normal,Normal,Routine,E001A
230,109.24174135268555,-0.43041837140388234,0.0,0.432571901846705,Normal,Normal,Routine,E001A
231,109.24182312594239,-0.43041149417919644,0.0,0.43418987254963387,Normal,Normal,Routine,E001A
232,109.24189583618244,-0.4304296016218196,0.0,0.44303590855382097,Normal,Normal,Routine,E001A
233,109.24207557786308,-0.43039943784098655,0.0,0.4523161925084598,Normal,Normal,Routine,E001A
234,109.24221824259958,-0.43043897358880057,0.0,0.40334663380725455,Normal,Normal,Routine,E001A
235,109.24231771482327,-0.43041532384856196,0.0,0.3964123294308338,Abnormal,Abnormal,Monitor,E001A
236,109.24246188813639,-0.43042192977573923,0.0,0.42012377930956296,Normal,Normal,Routine,E001A
237,109.24255300071628,-0.4304192687573324,0.0,0.4273243331812697,Normal,Normal,Routine,E001A
238,109.24261416454456,-0.4304257044017251,0.0,0.42187402244624844,Normal,Normal,Routine,E001A
239,109.24270370251715,-0.430434550265886,0.0,0.4683386436678964,Normal,Normal,Routine,E001A
240,109.24273934944404,-0.4304550319468227,0.0,0.4893335646117302,Normal,Normal,Routine,E001A
241,109.24277530169768,-0.43042881280153716,0.0,0.4492518775187455,Normal,Normal,Routine,E001A
242,109.24285300399758,-0.43042987710763314,0.0,0.45554870265858394,Normal,Normal,Routine,E001A
243,109.24091522636364,-0.4303677050722043,0.0,0.4071551651174489,Normal,Normal,Routine,E001A
244,109.24099749182732,-0.4303765555868374,0.0,0.4321563396053749,Normal,Normal,Routine,E001A
245,109.241073733605,-0.43036914174002366,0.0,0.42258556064953495,Normal,Normal,Routine,E001A
246,109.24119257194444,-0.4303559800929341,0.0,0.3922954283896185,Abnormal,Abnormal,Monitor,E001A
247,109.24125117822663,-0.4303550731211648,0.0,0.4397196858924667,Normal,Normal,Routine,E001A
248,109.24147804926157,-0.43031845182760375,0.0,0.4258185968880463,Normal,Normal,Routine,E001A
249,109.24165794775016,-0.43032902508680276,0.0,0.46100964031598946,Normal,Normal,Routine,E001A
250,109.2418046258691,-0.4303414191322917,0.0,0.40328953962307423,Normal,Normal,Routine,E001A
251,109.24184267416082,-0.43032530063923646,0.0,0.4086899944432863,Normal,Normal,Routine,E001A
252,109.2418742037794,-0.43039111040569783,0.0,0.45839128599394685,Normal,Normal,Routine,E001A
253,109.24194627343711,-0.43037049819294526,0.0,0.44133043168291736,Normal,Normal,Routine,E001A
254,109.24204428990247,-0.43034135538658114,0.0,0.46464207279348935,Normal,Normal,Routine,E001A
255,109.24210247952466,-0.43038310786465317,0.0,0.4431688273849344,Normal,Normal,Routine,E001A
256,109.24218648965703,-0.4303637734840119,0.0,0.4194270604514446,Normal,Normal,Routine,E001A
257,109.24226374591765,-0.43035119719337683,0.0,0.38612941031766446,Abnormal,Abnormal,Monitor,E001A
258,109.2423375443673,-0.43035194680244754,0.0,0.3994870373403464,Abnormal,Abnormal,Monitor,E001A
259,109.24244378568224,-0.4303884962277365,0.0,0.4717061953811038,Normal,Normal,Routine,E001A
260,109.24252127126368,-0.43036698005298013,0.0,0.42865494912964713,Normal,Normal,Routine,E001A
261,109.24267885020035,-0.4303667851111762,0.0,0.41193485700565835,Normal,Normal,Routine,E001A
262,109.24274229641303,-0.43037381088801396,0.0,0.45432332839847006,Normal,Normal,Routine,E001A
263,109.24282920525536,-0.4303429174655005,0.0,0.4346929232995431,Normal,Normal,Routine,E001A
264,109.24070883207727,-0.430331415444382,0.0,0.4316940381093784,Normal,Normal,Routine,E001A
265,109.24078831171832,-0.4303179091674817,0.0,0.43886930590699946,Normal,Normal,Routine,E001A
266,109.24086408652103,-0.4303177404775055,0.0,0.44607332656691384,Normal,Normal,Routine,E001A
267,109.2410190945042,-0.4303055756317687,0.0,0.42090393784525876,Normal,Normal,Routine,E001A
268,109.24112067823589,-0.4303027081644946,0.0,0.4126074024419879,Normal,Normal,Routine,E001A
269,109.24127672816662,-0.43030653793909535,0.0,0.4370961200536424,Normal,Normal,Routine,E001A
270,109.2413666952041,-0.43030860164242957,0.0,0.401100321444852,Normal,Normal,Routine,E001A
271,109.24140863073184,-0.43029067726185216,0.0,0.43029835255089516,Normal,Normal,Routine,E001A
272,109.24148711792323,-0.4302884356297052,0.0,0.4543239043808394,Normal,Normal,Routine,E001A
273,109.24156856087576,-0.4302882094674056,0.0,0.43790154234807294,Normal,Normal,Routine,E001A
274,109.24169653913337,-0.4302987950881381,0.0,0.45805742128499444,Normal,Normal,Routine,E001A
275,109.24193569463642,-0.43028344037707805,0.0,0.42286125836165056,Normal,Normal,Routine,E001A
276,109.24209003509213,-0.4303152922560229,0.0,0.41560829285566925,Normal,Normal,Routine,E001A
277,109.24216896269246,-0.43031206502974056,0.0,0.4112007861828303,Normal,Normal,Routine,E001A
278,109.24223857352766,-0.4302768712668888,0.0,0.39009383887831856,Abnormal,Abnormal,Monitor,E001A
279,109.24231246649732,-0.4302688862388043,0.0,0.4119506045545196,Normal,Normal,Routine,E001A
280,109.24261170979547,-0.4302716396252109,0.0,0.47336932107417246,Normal,Normal,Routine,E001A
281,109.24269373007729,-0.4302806193836209,0.0,0.43337575171437126,Normal,Normal,Routine,E001A
282,109.24279402161206,-0.4302763128447733,0.0,0.435020786498775,Normal,Normal,Routine,E001A
283,109.24069673919207,-0.4302858023782736,0.0,0.42316375114023685,Normal,Normal,Routine,E001A
284,109.24080893271692,-0.4302502495879258,0.0,0.4131489357903224,Normal,Normal,Routine,E001A
285,109.24090101462308,-0.4301997810926844,0.0,0.4198951021087571,Normal,Normal,Routine,E001A
286,109.24117338654519,-0.4302033430605817,0.0,0.4173938342572117,Normal,Normal,Routine,E001A
287,109.24132185450748,-0.43023698861147963,0.0,0.39670629008217256,Abnormal,Abnormal,Monitor,E001A
288,109.24138342921758,-0.4302180858118611,0.0,0.4398886528877227,Normal,Normal,Routine,E001A
289,109.24142222335252,-0.4301889527820335,0.0,0.43333912701050653,Normal,Normal,Routine,E001A
290,109.24151208180582,-0.4301984208773146,0.0,0.41414567366376653,Normal,Normal,Routine,E001A
291,109.24161242683707,-0.43024657834995067,0.0,0.4559866486280987,Normal,Normal,Routine,E001A
292,109.24167837200336,-0.4302497098786551,0.0,0.429861250822069,Normal,Normal,Routine,E001A
293,109.24182199675195,-0.4302195485604948,0.0,0.37868568375438344,Abnormal,Abnormal,Monitor,E001A
294,109.24193473513381,-0.4302173790729008,0.0,0.4361836807950682,Normal,Normal,Routine,E001A
295,109.24203170930065,-0.4301934520321064,0.0,0.4015102166468873,Normal,Normal,Routine,E001A
296,109.24210278153905,-0.4302135539769508,0.0,0.4015514261740491,Normal,Normal,Routine,E001A
297,109.24217060067082,-0.4302160384553233,0.0,0.4093100432693136,Normal,Normal,Routine,E001A
298,109.24227031749217,-0.4302186587436387,0.0,0.40080108212100135,Normal,Normal,Routine,E001A
299,109.24235847768051,-0.4302070643342133,0.0,0.4344408944204405,Normal,Normal,Routine,E001A
300,109.24256989036517,-0.4302335506520774,0.0,0.4347855809087656,Normal,Normal,Routine,E001A
301,109.24266072649279,-0.43019070235505247,0.0,0.45960288337570177,Normal,Normal,Routine,E001A
302,109.24276215929365,-0.4302157886227833,0.0,0.452662877278122,Normal,Normal,Routine,E001A
303,109.2428316195783,-0.43019872697611206,0.0,0.4294277584674407,Normal,Normal,Routine,E001A
304,109.24069365821525,-0.43014812627234394,0.0,0.38705630879849195,Abnormal,Abnormal,Monitor,E001A
305,109.24085366834464,-0.43014520544510515,0.0,0.4274945463499006,Normal,Normal,Routine,E001A
306,109.24103668112582,-0.43016343795292417,0.0,0.3776639739314357,Abnormal,Abnormal,Monitor,E001A
307,109.241099430359,-0.43014239765934137,0.0,0.3130142855166138,Abnormal,Abnormal,Monitor,E001A
308,109.2412523124184,-0.4301329524391265,0.0,0.4228756738761208,Normal,Normal,Routine,E001A
309,109.2413433451111,-0.43013368163202964,0.0,0.4245847866994565,Normal,Normal,Routine,E001A
310,109.2414625891024,-0.43014964129293926,0.0,0.41945821721716847,Normal,Normal,Routine,E001A
311,109.24156307444159,-0.43014208746273297,0.0,0.4206410046547267,Normal,Normal,Routine,E001A
312,109.24165524493044,-0.43014819208769084,0.0,0.40971663800920677,Normal,Normal,Routine,E001A
313,109.2418242422772,-0.43014177005720844,0.0,0.3531752575356681,Abnormal,Abnormal,Monitor,E001A
314,109.24191846596669,-0.43014511703456404,0.0,0.44497531681098035,Normal,Normal,Routine,E001A
315,109.241972279978,-0.4301442089384654,0.0,0.43959595150306446,Normal,Normal,Routine,E001A
316,109.24206830683408,-0.43014222094947585,0.0,0.37410924320685457,Abnormal,Abnormal,Monitor,E001A
317,109.2421376427902,-0.43015019850926467,0.0,0.3991921449708438,Abnormal,Abnormal,Monitor,E001A
318,109.24221032520104,-0.43015258825701785,0.0,0.39384428292244406,Abnormal,Abnormal,Monitor,E001A
319,109.24229567829816,-0.43014483286220834,0.0,0.40055120249052306,Normal,Normal,Routine,E001A
320,109.24249302390453,-0.43014425013961033,0.0,0.4753674344079579,Normal,Normal,Routine,E001A
321,109.24262878709206,-0.43013336849964307,0.0,0.4584044183328296,Normal,Normal,Routine,E001A
322,109.24270282585842,-0.4301320861845554,0.0,0.4220263856309312,Normal,Normal,Routine,E001A
323,109.24279812415827,-0.4301305049521269,0.0,0.4650909134409293,Normal,Normal,Routine,E001A
324,109.24286419578291,-0.43013075991107413,0.0,0.416649715634636,Normal,Normal,Routine,E001A
325,109.24077443522319,-0.4301020916562745,0.0,0.32269051570761986,Abnormal,Abnormal,Monitor,E001A
326,109.24081514942242,-0.43006307596997456,0.0,0.4417743019305869,Normal,Normal,Routine,E001A
327,109.24089613680876,-0.4300907871947052,0.0,0.45628403938722595,Normal,Normal,Routine,E001A
328,109.24104211187756,-0.4300937519137632,0.0,0.4342798881167873,Normal,Normal,Routine,E001A
329,109.24130831051981,-0.43006749669234834,0.0,0.4460716101052883,Normal,Normal,Routine,E001A
330,109.24137485659108,-0.4300472069372908,0.0,0.4469969314281339,Normal,Normal,Routine,E001A
331,109.24144740979612,-0.43006059749029873,0.0,0.43818241115122175,Normal,Normal,Routine,E001A
332,109.2415331610372,-0.43006354732207874,0.0,0.45838820276194564,Normal,Normal,Routine,E001A
333,109.24169544044803,-0.4300402548783792,0.0,0.4474240228578493,Normal,Normal,Routine,E001A
334,109.24179542777281,-0.4300579164823114,0.0,0.4021929838076359,Normal,Normal,Routine,E001A
335,109.2418589986509,-0.43006565125444113,0.0,0.4044934851514334,Normal,Normal,Routine,E001A
336,109.24193858094263,-0.4300630255331162,0.0,0.4354049732761629,Normal,Normal,Routine,E001A
337,109.24203576063279,-0.430079129277801,0.0,0.4475597797695977,Normal,Normal,Routine,E001A
338,109.24211458418915,-0.43007912404691473,0.0,0.44445797855561464,Normal,Normal,Routine,E001A
339,109.24218806800116,-0.430069115993595,0.0,0.4336966781769521,Normal,Normal,Routine,E001A
340,109.24226295762209,-0.4300669286712288,0.0,0.4295434908337302,Normal,Normal,Routine,E001A
341,109.24233402095165,-0.430055342046321,0.0,0.4355284595074612,Normal,Normal,Routine,E001A
342,109.24241571484363,-0.43008919998439543,0.0,0.44661571793325394,Normal,Normal,Routine,E001A
343,109.24250792719319,-0.4300577932392523,0.0,0.4455768109887079,Normal,Normal,Routine,E001A
344,109.2425847388361,-0.43004905468704413,0.0,0.432951416508075,Normal,Normal,Routine,E001A
345,109.24264966391932,-0.43005470083067837,0.0,0.46307695773409224,Normal,Normal,Routine,E001A
346,109.24272229350075,-0.43006429151937364,0.0,0.4930697605685071,Normal,Normal,Routine,E001A
347,109.24281409903001,-0.43007571334477124,0.0,0.4787769328989592,Normal,Normal,Routine,E001A
348,109.24290822992731,-0.4300765318565497,0.0,0.4071722839227012,Normal,Normal,Routine,E001A
349,109.24071391613444,-0.43000275726377646,0.0,0.4213988629951872,Normal,Normal,Routine,E001A
350,109.24087984417797,-0.4300151385805853,0.0,0.4070435534052264,Normal,Normal,Routine,E001A
351,109.24100913351964,-0.4300233027744443,0.0,0.41799789354974337,Normal,Normal,Routine,E001A
352,109.24111736412918,-0.43001408411414566,0.0,0.277072332475302,Suspect,Suspect,Priority Survey,E001A
353,109.24120183869813,-0.4300336438663445,0.0,0.44731366226387537,Normal,Normal,Routine,E001A
354,109.24125609145052,-0.42999564955184433,0.0,0.44230410759337246,Normal,Normal,Routine,E001A
355,109.24136536036704,-0.42999868984236755,0.0,0.46446735542206086,Normal,Normal,Routine,E001A
356,109.2414053218307,-0.42995962784417163,0.0,0.4390404777049446,Normal,Normal,Routine,E001A
357,109.24149267530254,-0.4300030799189094,0.0,0.43022239649571536,Normal,Normal,Routine,E001A
358,109.24157606476757,-0.4299912718956481,0.0,0.4132982665109019,Normal,Normal,Routine,E001A
359,109.24167571318696,-0.42998647146050656,0.0,0.42864879942471085,Normal,Normal,Routine,E001A
360,109.24174552710066,-0.42999404852140355,0.0,0.3548715147438708,Abnormal,Abnormal,Monitor,E001A
361,109.24182918869747,-0.42998641119779046,0.0,0.37324452592682716,Abnormal,Abnormal,Monitor,E001A
362,109.24210139764534,-0.42998045076230856,0.0,0.39391173071852675,Abnormal,Abnormal,Monitor,E001A
363,109.24229528469073,-0.4299924361237048,0.0,0.4317715619647327,Normal,Normal,Routine,E001A
364,109.24245802568444,-0.4300171070507898,0.0,0.4962274695180865,Normal,Normal,Routine,E001A
365,109.24260668789604,-0.4299638572993528,0.0,0.453679962608772,Normal,Normal,Routine,E001A
366,109.24271949454273,-0.4299933166852491,0.0,0.45691384710159005,Normal,Normal,Routine,E001A
367,109.24278604031088,-0.4299981176789171,0.0,0.4827861993485281,Normal,Normal,Routine,E001A
368,109.24284811798944,-0.4300111006710432,0.0,0.45124482316714587,Normal,Normal,Routine,E001A
369,109.24072938085595,-0.4299319386661038,0.0,0.3915843286647493,Abnormal,Abnormal,Monitor,E001A
370,109.24080281697647,-0.4299455943813564,0.0,0.44803822198966603,Normal,Normal,Routine,E001A
371,109.24088826082728,-0.4299374257539693,0.0,0.3984923940778782,Abnormal,Abnormal,Monitor,E001A
372,109.24097043488783,-0.42994529506113494,0.0,0.3922350474708789,Abnormal,Abnormal,Monitor,E001A
373,109.24103555884362,-0.4299295183483572,0.0,0.3807145907500581,Abnormal,Abnormal,Monitor,E001A
374,109.24137587748382,-0.42991963640222325,0.0,0.43239536254029526,Normal,Normal,Routine,E001A
375,109.24147063648157,-0.42991529693074076,0.0,0.40924971640843666,Normal,Normal,Routine,E001A
376,109.24155497324921,-0.4299286766465777,0.0,0.44661414483478107,Normal,Normal,Routine,E001A
377,109.24172347858992,-0.4298975498566242,0.0,0.4197188913285518,Normal,Normal,Routine,E001A
378,109.24178290261466,-0.42991888798264716,0.0,0.4113713959279561,Normal,Normal,Routine,E001A
379,109.24185269782922,-0.4299218359135633,0.0,0.4030031226440888,Normal,Normal,Routine,E001A
380,109.24193774730975,-0.4299218474945459,0.0,0.447634977788647,Normal,Normal,Routine,E001A
381,109.24201227868814,-0.4299227980145917,0.0,0.44864759056775777,Normal,Normal,Routine,E001A
382,109.24209546499924,-0.42991563894941115,0.0,0.424310114545313,Normal,Normal,Routine,E001A
383,109.24218116906921,-0.4299128753754401,0.0,0.4183100133874831,Normal,Normal,Routine,E001A
384,109.2422644884939,-0.42992857257938516,0.0,0.40351233212486737,Normal,Normal,Routine,E001A
385,109.24234524386176,-0.4299184667301262,0.0,0.453205942212909,Normal,Normal,Routine,E001A
386,109.24245186826538,-0.4299413938078932,0.0,0.44732522711945844,Normal,Normal,Routine,E001A
387,109.24251303441713,-0.4299376460877147,0.0,0.38099006693166,Abnormal,Abnormal,Monitor,E001A
388,109.24259018826251,-0.4299094361687162,0.0,0.4044134041049798,Normal,Normal,Routine,E001A
389,109.24265429864094,-0.429914948281858,0.0,0.4184852331680099,Normal,Normal,Routine,E001A
390,109.24274093708658,-0.4298997670345276,0.0,0.446648959161141,Normal,Normal,Routine,E001A
391,109.24283860037791,-0.42992247500129094,0.0,0.45271755577563527,Normal,Normal,Routine,E001A
392,109.24072179051133,-0.4298649426274085,0.0,0.38515681630315757,Abnormal,Abnormal,Monitor,E001A
393,109.24080431520346,-0.42989106624610907,0.0,0.44347792044393664,Normal,Normal,Routine,E001A
394,109.24084872695539,-0.42987444463338637,0.0,0.4244163703184586,Normal,Normal,Routine,E001A
395,109.24093794427289,-0.4298709937148331,0.0,0.4051794800018269,Normal,Normal,Routine,E001A
396,109.24112421826143,-0.4298322224802752,0.0,0.4376685368481501,Normal,Normal,Routine,E001A
397,109.2411793309822,-0.42986345628099193,0.0,0.4651537557621976,Normal,Normal,Routine,E001A
398,109.24127180212655,-0.4298627777971415,0.0,0.4203902352181901,Normal,Normal,Routine,E001A
399,109.2413350903664,-0.42986118733835554,0.0,0.4385563463562609,Normal,Normal,Routine,E001A
400,109.2414185038125,-0.4298387510566466,0.0,0.40556163821482366,Normal,Normal,Routine,E001A
401,109.24159118732268,-0.4298573003497152,0.0,0.429731270894632,Normal,Normal,Routine,E001A
402,109.24182430670017,-0.42984453320349364,0.0,0.41208408681713804,Normal,Normal,Routine,E001A
403,109.24190582839279,-0.42986140558129854,0.0,0.457053596743385,Normal,Normal,Routine,E001A
404,109.24197341953258,-0.4298513238123329,0.0,0.45652079441789245,Normal,Normal,Routine,E001A
405,109.24213043659972,-0.42984105568511005,0.0,0.4064623792560733,Normal,Normal,Routine,E001A
406,109.24224977369919,-0.4298586005851136,0.0,0.4182800769162114,Normal,Normal,Routine,E001A
407,109.24231045734389,-0.4298357656427976,0.0,0.4295235028928266,Normal,Normal,Routine,E001A
408,109.24238595666718,-0.4298502890546944,0.0,0.4356108690589371,Normal,Normal,Routine,E001A
409,109.24245743735943,-0.4298480285871021,0.0,0.4416157364522895,Normal,Normal,Routine,E001A
410,109.24252058202742,-0.42985773372551117,0.0,0.35905736317863696,Abnormal,Abnormal,Monitor,E001A
411,109.24258585139664,-0.4298308567038911,0.0,0.4184282790259394,Normal,Normal,Routine,E001A
412,109.24271777701048,-0.4298402531341723,0.0,0.47719906926907313,Normal,Normal,Routine,E001A
413,109.2428883064792,-0.4298356788934719,0.0,0.42324963913717595,Normal,Normal,Routine,E001A
414,109.24078049949968,-0.42979983477571937,0.0,0.45301739430284355,Normal,Normal,Routine,E001A
415,109.24080060397682,-0.4297871050635199,0.0,0.4420747833028024,Normal,Normal,Routine,E001A
416,109.24089757084434,-0.42979478427487233,0.0,0.3962114679677228,Abnormal,Abnormal,Monitor,E001A
417,109.24103970137386,-0.42976993356650456,0.0,0.41533978284299733,Normal,Normal,Routine,E001A
418,109.24115799944697,-0.429789877340516,0.0,0.4266299736156738,Normal,Normal,Routine,E001A
419,109.2413134947464,-0.4297797074455764,0.0,0.4363336956386417,Normal,Normal,Routine,E001A
420,109.24138415439222,-0.42976559049419155,0.0,0.4215755771057537,Normal,Normal,Routine,E001A
421,109.24147511656628,-0.4298075775228265,0.0,0.4211414233140851,Normal,Normal,Routine,E001A
422,109.24154460286785,-0.4297943564610051,0.0,0.4296900251613238,Normal,Normal,Routine,E001A
423,109.24169043915279,-0.42977199884724937,0.0,0.4171706679082455,Normal,Normal,Routine,E001A
424,109.24175899971635,-0.42978462884948276,0.0,0.43481606975770914,Normal,Normal,Routine,E001A
425,109.24184296980468,-0.4297713758715534,0.0,0.4421430664165507,Normal,Normal,Routine,E001A
426,109.24201128722889,-0.42979217133192504,0.0,0.4362419892657691,Normal,Normal,Routine,E001A
427,109.24209396641268,-0.4297871933203865,0.0,0.40447618987801337,Normal,Normal,Routine,E001A
428,109.24220106621199,-0.4297934279852114,0.0,0.3995286047476537,Abnormal,Abnormal,Monitor,E001A
429,109.24234227341428,-0.4297803501333082,0.0,0.4450580392207275,Normal,Normal,Routine,E001A
430,109.24242044249971,-0.4297787658228777,0.0,0.44179892708535085,Normal,Normal,Routine,E001A
431,109.24251648151576,-0.42978260513658867,0.0,0.43303423856671613,Normal,Normal,Routine,E001A
432,109.24256833617203,-0.4297787883347059,0.0,0.4360595639407223,Normal,Normal,Routine,E001A
433,109.24267965209268,-0.42977894163195834,0.0,0.46354284444801525,Normal,Normal,Routine,E001A
434,109.24278279894577,-0.4297955413946367,0.0,0.4724540954668911,Normal,Normal,Routine,E001A
435,109.2406977672223,-0.4297230539482403,0.0,0.43044541505331324,Normal,Normal,Routine,E001A
436,109.24079301450216,-0.4297162811143785,0.0,0.4255150970107374,Normal,Normal,Routine,E001A
437,109.24086365885326,-0.4297335895521697,0.0,0.42783067012948767,Normal,Normal,Routine,E001A
438,109.24093970308567,-0.42969045029289255,0.0,0.3705733771942386,Abnormal,Abnormal,Monitor,E001A
439,109.24101658994434,-0.4297217216912848,0.0,0.4205845874435159,Normal,Normal,Routine,E001A
440,109.24112008740757,-0.4297405877200721,0.0,0.41091377305783966,Normal,Normal,Routine,E001A
441,109.24119270746016,-0.4297562155198347,0.0,0.4553968855343605,Normal,Normal,Routine,E001A
442,109.24125485559725,-0.4297279686887218,0.0,0.37268111913994156,Abnormal,Abnormal,Monitor,E001A
443,109.2413501956786,-0.4297122441833087,0.0,0.4422893135673763,Normal,Normal,Routine,E001A
444,109.24145543812223,-0.4297013753588958,0.0,0.4089372870049581,Normal,Normal,Routine,E001A
445,109.2416160932367,-0.4297260837645289,0.0,0.410317440395381,Normal,Normal,Routine,E001A
446,109.2417474616151,-0.4297247206841367,0.0,0.4092878049436527,Normal,Normal,Routine,E001A
447,109.24181727777896,-0.4297106803935177,0.0,0.4229120611786699,Normal,Normal,Routine,E001A
448,109.24187145939672,-0.42970881652340853,0.0,0.42863677741170036,Normal,Normal,Routine,E001A
449,109.24198752780603,-0.4297375025663305,0.0,0.45258202717857177,Normal,Normal,Routine,E001A
450,109.24205769349953,-0.4297230590343464,0.0,0.41526925205826404,Normal,Normal,Routine,E001A
451,109.2421465978479,-0.429713610686859,0.0,0.4230244127111988,Normal,Normal,Routine,E001A
452,109.24223310883804,-0.4297135945602741,0.0,0.4033485090465795,Normal,Normal,Routine,E001A
453,109.24229834938531,-0.42971057664648277,0.0,0.4322609605195466,Normal,Normal,Routine,E001A
454,109.24238953504872,-0.429710354515798,0.0,0.45618214673943036,Normal,Normal,Routine,E001A
455,109.24246637480609,-0.4297082598673635,0.0,0.45082410628389546,Normal,Normal,Routine,E001A
456,109.24256644715055,-0.4297117709452027,0.0,0.42051030971087494,Normal,Normal,Routine,E001A
457,109.24263242502953,-0.4297094666934119,0.0,0.39301726048310787,Abnormal,Abnormal,Monitor,E001A
458,109.242716806828,-0.42971078029691795,0.0,0.45515421653675325,Normal,Normal,Routine,E001A
459,109.2427898496531,-0.42970449151426915,0.0,0.4391688615826292,Normal,Normal,Routine,E001A
460,109.2428767970921,-0.4297050985454872,0.0,0.43321105991663483,Normal,Normal,Routine,E001A
461,109.24073477782203,-0.4296722905192736,0.0,0.4024362098554394,Normal,Normal,Routine,E001A
462,109.24082250140621,-0.42964875470721053,0.0,0.401592839746272,Normal,Normal,Routine,E001A
463,109.24088083364364,-0.4296637895863286,0.0,0.4112673485318497,Normal,Normal,Routine,E001A
464,109.24105268735975,-0.4296536958245098,0.0,0.39824309665709734,Abnormal,Abnormal,Monitor,E001A
465,109.24113161881365,-0.42964910399221096,0.0,0.3877407628467594,Abnormal,Abnormal,Monitor,E001A
466,109.24136541263917,-0.4296485170355257,0.0,0.42160620449825886,Normal,Normal,Routine,E001A
467,109.24158662652772,-0.429626719465677,0.0,0.44923193128975303,Normal,Normal,Routine,E001A
468,109.24162611884428,-0.4296515725068482,0.0,0.46228927218871024,Normal,Normal,Routine,E001A
469,109.24165698296895,-0.4296697588432424,0.0,0.4673028700657068,Normal,Normal,Routine,E001A
470,109.24172615802044,-0.4296742258494802,0.0,0.43489046329570946,Normal,Normal,Routine,E001A
471,109.24178166082399,-0.4296456157423758,0.0,0.4272888461611572,Normal,Normal,Routine,E001A
472,109.24188812092399,-0.42963660914588975,0.0,0.44920316165862806,Normal,Normal,Routine,E001A
473,109.24193464405924,-0.4296377982312825,0.0,0.4624230892851256,Normal,Normal,Routine,E001A
474,109.24200143610746,-0.4296339369634051,0.0,0.42987354996505084,Normal,Normal,Routine,E001A
475,109.24209711815111,-0.42965102602781025,0.0,0.4644539776954565,Normal,Normal,Routine,E001A
476,109.24217223589339,-0.4296489789092851,0.0,0.38350238724581803,Abnormal,Abnormal,Monitor,E001A
477,109.24225989517603,-0.4296358714606897,0.0,0.37902436181344373,Abnormal,Abnormal,Monitor,E001A
478,109.24232704961192,-0.4296264542394674,0.0,0.39928336311902696,Abnormal,Abnormal,Monitor,E001A
479,109.24242231184924,-0.42962140497806334,0.0,0.4085394052973141,Normal,Normal,Routine,E001A
480,109.24249854397806,-0.429636762317588,0.0,0.3668323453837126,Abnormal,Abnormal,Monitor,E001A
481,109.2426586962868,-0.42960978246971915,0.0,0.45765096829025514,Normal,Normal,Routine,E001A
482,109.24274806774902,-0.42963577925799523,0.0,0.46088262142702496,Normal,Normal,Routine,E001A
483,109.24284289282804,-0.4296412984739347,0.0,0.4356742397983476,Normal,Normal,Routine,E001A
484,109.240701939784,-0.42957742890529593,0.0,0.4154502569396659,Normal,Normal,Routine,E001A
485,109.24078683473854,-0.42958907428770926,0.0,0.40287807819654614,Normal,Normal,Routine,E001A
486,109.240933744442,-0.4295861548948356,0.0,0.39183528390892136,Abnormal,Abnormal,Monitor,E001A
487,109.24100071645125,-0.42955723095588344,0.0,0.40932111215351724,Normal,Normal,Routine,E001A
488,109.24112373519047,-0.42956040553436925,0.0,0.39478463043679707,Abnormal,Abnormal,Monitor,E001A
489,109.24121983839109,-0.42958965393779863,0.0,0.40508687506024005,Normal,Normal,Routine,E001A
490,109.24134722210518,-0.42958781698157145,0.0,0.41622047041795146,Normal,Normal,Routine,E001A
491,109.24141391115843,-0.42957859318410163,0.0,0.4054505643882574,Normal,Normal,Routine,E001A
492,109.24153035233388,-0.4295797234156711,0.0,0.37026702633887504,Abnormal,Abnormal,Monitor,E001A
493,109.24167911196305,-0.42957932743780086,0.0,0.43875588636361096,Normal,Normal,Routine,E001A
494,109.2417337774028,-0.4295750329131311,0.0,0.4089602794802676,Normal,Normal,Routine,E001A
495,109.2417940922197,-0.42958588313958607,0.0,0.4343184099281923,Normal,Normal,Routine,E001A
496,109.24199129952025,-0.42958880903120394,0.0,0.4737667770554813,Normal,Normal,Routine,E001A
497,109.24206999938698,-0.42956400326263433,0.0,0.4296303211568712,Normal,Normal,Routine,E001A
498,109.24212884075172,-0.42957220987119865,0.0,0.4231179974912774,Normal,Normal,Routine,E001A
499,109.24222009316428,-0.429570732579647,0.0,0.42703065477633995,Normal,Normal,Routine,E001A
500,109.24229243590835,-0.4295618455751885,0.0,0.4395004391491234,Normal,Normal,Routine,E001A
501,109.24238077528167,-0.4295719146434681,0.0,0.43668250886928867,Normal,Normal,Routine,E001A
502,109.24245843437211,-0.42956934361177873,0.0,0.42031647933002275,Normal,Normal,Routine,E001A
503,109.24254999551167,-0.4295730905426664,0.0,0.46215292710384065,Normal,Normal,Routine,E001A
504,109.24262667350662,-0.42957133767563044,0.0,0.4336481113266816,Normal,Normal,Routine,E001A
505,109.2427861130241,-0.4295660645315876,0.0,0.47287103086262494,Normal,Normal,Routine,E001A
506,109.24285605174208,-0.42956620099797643,0.0,0.4487183461807525,Normal,Normal,Routine,E001A
507,109.24076908645063,-0.4294603473626172,0.0,0.4221834579924563,Normal,Normal,Routine,E001A
508,109.24080685512232,-0.4294727143016763,0.0,0.4324346684270809,Normal,Normal,Routine,E001A
509,109.24089002953251,-0.4295134081620469,0.0,0.3875553208877473,Abnormal,Abnormal,Monitor,E001A
510,109.24097216961187,-0.4294852428286343,0.0,0.44351124755436505,Normal,Normal,Routine,E001A
511,109.24104542053053,-0.4295192678791561,0.0,0.4084122055130537,Normal,Normal,Routine,E001A
512,109.24111610944999,-0.42949884794587545,0.0,0.38489506504837007,Abnormal,Abnormal,Monitor,E001A
513,109.24120562707479,-0.42949418892796215,0.0,0.42363239956739535,Normal,Normal,Routine,E001A
514,109.2413088166483,-0.429508216857127,0.0,0.42185907677393064,Normal,Normal,Routine,E001A
515,109.24136654578925,-0.4295013014726052,0.0,0.43166333167500665,Normal,Normal,Routine,E001A
516,109.2414503925868,-0.42948894552794625,0.0,0.39724722642316285,Abnormal,Abnormal,Monitor,E001A
517,109.24157087267662,-0.42948887577601386,0.0,0.4500888673582486,Normal,Normal,Routine,E001A
518,109.24158787561609,-0.42954208251431747,0.0,0.42501232618143636,Normal,Normal,Routine,E001A
519,109.241633338715,-0.42953569782399725,0.0,0.4385891459336659,Normal,Normal,Routine,E001A
520,109.24171365544939,-0.4294912871676835,0.0,0.44971965428081107,Normal,Normal,Routine,E001A
521,109.24175436115327,-0.4295208790309746,0.0,0.40358528540423333,Normal,Normal,Routine,E001A
522,109.24184973811565,-0.42950501705900007,0.0,0.445689623538135,Normal,Normal,Routine,E001A
523,109.24192689628083,-0.4295009827537729,0.0,0.45988610622224146,Normal,Normal,Routine,E001A
524,109.2420199559062,-0.42950388993697897,0.0,0.45223833282943815,Normal,Normal,Routine,E001A
525,109.24209807001597,-0.4295148166273018,0.0,0.41702761742871325,Normal,Normal,Routine,E001A
526,109.24217894031344,-0.4294970061338692,0.0,0.4000480251491857,Normal,Normal,Routine,E001A
527,109.24225699067784,-0.42950389148135915,0.0,0.4395333134350258,Normal,Normal,Routine,E001A
528,109.24233375650176,-0.4294990350693507,0.0,0.4354566771443151,Normal,Normal,Routine,E001A
529,109.2424095487583,-0.42949741492898513,0.0,0.43178089907547146,Normal,Normal,Routine,E001A
530,109.24251210681214,-0.42950402652043984,0.0,0.43592387078399947,Normal,Normal,Routine,E001A
531,109.24257784652906,-0.4294943638974005,0.0,0.45637298143278837,Normal,Normal,Routine,E001A
532,109.2426966293106,-0.429512391541512,0.0,0.4539526311705883,Normal,Normal,Routine,E001A
533,109.24283131613441,-0.42947892554811573,0.0,0.4465528965533317,Normal,Normal,Routine,E001A
534,109.24067286881213,-0.42942098432794484,0.0,0.4177007324629022,Normal,Normal,Routine,E001A
535,109.24100222527335,-0.42944452637506025,0.0,0.43602264676095487,Normal,Normal,Routine,E001A
536,109.24116332952998,-0.4294336632509743,0.0,0.4272165560138659,Normal,Normal,Routine,E001A
537,109.24125926909124,-0.42944001920911334,0.0,0.43540243926727634,Normal,Normal,Routine,E001A
538,109.24134316899695,-0.42943501615444035,0.0,0.43099993041967255,Normal,Normal,Routine,E001A
539,109.24141903199023,-0.4294381391021403,0.0,0.43505539242861435,Normal,Normal,Routine,E001A
540,109.24152203184494,-0.42944123035499665,0.0,0.43945579488690084,Normal,Normal,Routine,E001A
541,109.24159074918254,-0.4294478232615757,0.0,0.44044965360659233,Normal,Normal,Routine,E001A
542,109.24163189145825,-0.4294223350922773,0.0,0.43059441562708434,Normal,Normal,Routine,E001A
543,109.24172743611967,-0.429415516177285,0.0,0.4150191127145512,Normal,Normal,Routine,E001A
544,109.24193055488446,-0.42946196838875605,0.0,0.4600229746376571,Normal,Normal,Routine,E001A
545,109.24199646110758,-0.4294311370008071,0.0,0.42799253280869265,Normal,Normal,Routine,E001A
546,109.24207873905235,-0.429432730444776,0.0,0.4101484934649881,Normal,Normal,Routine,E001A
547,109.24214497500127,-0.429433109312501,0.0,0.4051072619526406,Normal,Normal,Routine,E001A
548,109.24223305482725,-0.4294271812076109,0.0,0.36820579796761005,Abnormal,Abnormal,Monitor,E001A
549,109.24229366417975,-0.42942673947310156,0.0,0.44427195872784236,Normal,Normal,Routine,E001A
550,109.2423747262305,-0.42943070642612163,0.0,0.42368771973382807,Normal,Normal,Routine,E001A
551,109.24244392741663,-0.4294309828872889,0.0,0.38939396654316955,Abnormal,Abnormal,Monitor,E001A
552,109.24253424353674,-0.4294190407799667,0.0,0.43501302131418357,Normal,Normal,Routine,E001A
553,109.24260251254343,-0.42943406890998026,0.0,0.41129408538556445,Normal,Normal,Routine,E001A
554,109.24277269785235,-0.42941813470623524,0.0,0.4338209485871492,Normal,Normal,Routine,E001A
555,109.24288304769509,-0.4294162811077165,0.0,0.4657038114853226,Normal,Normal,Routine,E001A
556,109.24074055523106,-0.429378985258387,0.0,0.435096586543995,Normal,Normal,Routine,E001A
557,109.24091922212719,-0.4293540652181925,0.0,0.4187404173234579,Normal,Normal,Routine,E001A
558,109.2409722485501,-0.4293796466337926,0.0,0.4325260818094158,Normal,Normal,Routine,E001A
559,109.24106451175288,-0.42936510513455367,0.0,0.40825588665723944,Normal,Normal,Routine,E001A
560,109.24113866381848,-0.42937086462934976,0.0,0.41107968089461827,Normal,Normal,Routine,E001A
561,109.24122857706857,-0.4293841678436064,0.0,0.4346218698104963,Normal,Normal,Routine,E001A
562,109.24129678864789,-0.429343681773777,0.0,0.41968349844154595,Normal,Normal,Routine,E001A
563,109.24137071302762,-0.4293670524927094,0.0,0.4008921765255132,Normal,Normal,Routine,E001A
564,109.24145882853918,-0.42936596603695587,0.0,0.4121259871514103,Normal,Normal,Routine,E001A
565,109.24153918397879,-0.42935260097922856,0.0,0.4264981122329258,Normal,Normal,Routine,E001A
566,109.24161257744362,-0.42936044742369117,0.0,0.41789887270328696,Normal,Normal,Routine,E001A
567,109.24166581543633,-0.429360459753214,0.0,0.4017606363631785,Normal,Normal,Routine,E001A
568,109.2417925321818,-0.4293724991344803,0.0,0.39067524099672163,Abnormal,Abnormal,Monitor,E001A
569,109.24186621005074,-0.4293701234129271,0.0,0.38564704511215037,Abnormal,Abnormal,Monitor,E001A
570,109.24193295358644,-0.4293662639335195,0.0,0.4297065483971812,Normal,Normal,Routine,E001A
571,109.24201121041827,-0.42935796609098503,0.0,0.4161286761339467,Normal,Normal,Routine,E001A
572,109.24210484358962,-0.4293589282447764,0.0,0.4228649711666113,Normal,Normal,Routine,E001A
573,109.24218732158226,-0.42935384526699466,0.0,0.4534032382450922,Normal,Normal,Routine,E001A
574,109.2422610028813,-0.4293365205194449,0.0,0.421743479940228,Normal,Normal,Routine,E001A
575,109.24233846898748,-0.42934508049236675,0.0,0.4174311590327038,Normal,Normal,Routine,E001A
576,109.24244389229582,-0.4293487872157317,0.0,0.441229564934754,Normal,Normal,Routine,E001A
577,109.24251963779982,-0.4293552307221411,0.0,0.4258058648763245,Normal,Normal,Routine,E001A
578,109.24258892331748,-0.42935205999764087,0.0,0.45535367201671817,Normal,Normal,Routine,E001A
579,109.24269545526009,-0.4293433129205066,0.0,0.4409448984004971,Normal,Normal,Routine,E001A
580,109.24275772559076,-0.42935836678829936,0.0,0.47022560379347644,Normal,Normal,Routine,E001A
581,109.24069281237172,-0.42930663911359224,0.0,0.4106550876098117,Normal,Normal,Routine,E001A
582,109.24079269102437,-0.429312171259024,0.0,0.4471242442072979,Normal,Normal,Routine,E001A
583,109.24084567906941,-0.4293248636525032,0.0,0.4217075088469073,Normal,Normal,Routine,E001A
584,109.24096938987088,-0.42932626504253796,0.0,0.44117520444915015,Normal,Normal,Routine,E001A
585,109.24102032144937,-0.4292971447614575,0.0,0.4172084256558894,Normal,Normal,Routine,E001A
586,109.24110467579187,-0.42930033930429856,0.0,0.39522716754834264,Abnormal,Abnormal,Monitor,E001A
587,109.24124467966115,-0.4293010246381065,0.0,0.4556275555336665,Normal,Normal,Routine,E001A
588,109.24133214186806,-0.42930104489494275,0.0,0.41464276421062934,Normal,Normal,Routine,E001A
589,109.24141744477173,-0.4292847166807362,0.0,0.3954835014816946,Abnormal,Abnormal,Monitor,E001A
590,109.24149621871616,-0.42929332850430796,0.0,0.4078081527821013,Normal,Normal,Routine,E001A
591,109.24156614990918,-0.42930258666459287,0.0,0.40575064574720476,Normal,Normal,Routine,E001A
592,109.24166042528451,-0.42929192326265353,0.0,0.41193302053164776,Normal,Normal,Routine,E001A
593,109.24180090130902,-0.42929426628083306,0.0,0.4176891580886709,Normal,Normal,Routine,E001A
594,109.24189551576922,-0.4293014068533402,0.0,0.42285203989153686,Normal,Normal,Routine,E001A
595,109.24198717552217,-0.42929015142619,0.0,0.43930620180390956,Normal,Normal,Routine,E001A
596,109.24206374452964,-0.4293053107886874,0.0,0.4125045590245953,Normal,Normal,Routine,E001A
597,109.24214217787672,-0.4292950470293863,0.0,0.40452923885840475,Normal,Normal,Routine,E001A
598,109.24221585575862,-0.4292926713009125,0.0,0.42234674078235024,Normal,Normal,Routine,E001A
599,109.24230736187597,-0.4292776837761617,0.0,0.4024137515359773,Normal,Normal,Routine,E001A
600,109.24238743770448,-0.429297018209017,0.0,0.46326597999123964,Normal,Normal,Routine,E001A
601,109.24245028558943,-0.42930824881836666,0.0,0.43894160658389597,Normal,Normal,Routine,E001A
602,109.24253665097235,-0.4292850535551112,0.0,0.37005828114491274,Abnormal,Abnormal,Monitor,E001A
603,109.24262696580719,-0.42928268167203426,0.0,0.383293733291357,Abnormal,Abnormal,Monitor,E001A
604,109.24271015451525,-0.42926116767102745,0.0,0.432833106076117,Normal,Normal,Routine,E001A
605,109.24278882100752,-0.4292685333323465,0.0,0.4765989480348085,Normal,Normal,Routine,E001A
606,109.24286681998106,-0.42930389604807495,0.0,0.45129690076759044,Normal,Normal,Routine,E001A
607,109.24074535234458,-0.42923606783477636,0.0,0.45596530991452594,Normal,Normal,Routine,E001A
608,109.24080383263073,-0.42922823927752946,0.0,0.39156515006732223,Abnormal,Abnormal,Monitor,E001A
609,109.240881803867,-0.42923520870449505,0.0,0.4085621894176278,Normal,Normal,Routine,E001A
610,109.24099497323215,-0.4292178216828413,0.0,0.4518139702409139,Normal,Normal,Routine,E001A
611,109.24107408424149,-0.42923721466945103,0.0,0.4267675063599353,Normal,Normal,Routine,E001A
612,109.24113049623074,-0.4292314917481589,0.0,0.45262555307534147,Normal,Normal,Routine,E001A
613,109.24121922104692,-0.42922128192898473,0.0,0.42426536753818384,Normal,Normal,Routine,E001A
614,109.24128843351957,-0.429203415387344,0.0,0.4379053407430005,Normal,Normal,Routine,E001A
615,109.24138569779994,-0.429234407535699,0.0,0.44445969102581817,Normal,Normal,Routine,E001A
616,109.24149899379108,-0.4292015560633868,0.0,0.4476175323861251,Normal,Normal,Routine,E001A
617,109.24155415995227,-0.4292152075179987,0.0,0.44248551045298684,Normal,Normal,Routine,E001A
618,109.241655199937,-0.42920187527400244,0.0,0.4344847588620793,Normal,Normal,Routine,E001A
619,109.24177612394422,-0.42922862720280813,0.0,0.4213019638404675,Normal,Normal,Routine,E001A
620,109.241861685344,-0.42922508134678344,0.0,0.4017767840627433,Normal,Normal,Routine,E001A
621,109.24193625384122,-0.4292247224185947,0.0,0.4135417099806894,Normal,Normal,Routine,E001A
622,109.24203607497114,-0.429254290886479,0.0,0.4266960133864384,Normal,Normal,Routine,E001A
623,109.24209703702063,-0.42922377213697827,0.0,0.42417501417903214,Normal,Normal,Routine,E001A
624,109.24218735183338,-0.42922140025671046,0.0,0.4008067298444284,Normal,Normal,Routine,E001A
625,109.24225621699857,-0.4292179952192403,0.0,0.3946102813020483,Abnormal,Abnormal,Monitor,E001A
626,109.24233637362316,-0.4292178636556308,0.0,0.36820667628696535,Abnormal,Abnormal,Monitor,E001A
627,109.24241575432676,-0.4292169243695697,0.0,0.42968861693376537,Normal,Normal,Routine,E001A
628,109.24249656271907,-0.4292145502849765,0.0,0.4247306666013465,Normal,Normal,Routine,E001A
629,109.24257499100337,-0.4292265323547158,0.0,0.40966558763919364,Normal,Normal,Routine,E001A
630,109.24070021104956,-0.42916691086334585,0.0,0.4121041389357636,Normal,Normal,Routine,E001A
631,109.24086778499078,-0.4291466426758986,0.0,0.40590966838053144,Normal,Normal,Routine,E001A
632,109.24096218865594,-0.4291404619319065,0.0,0.4345109969887801,Normal,Normal,Routine,E001A
633,109.24102303977565,-0.4291785661152731,0.0,0.4307439164852674,Normal,Normal,Routine,E001A
634,109.24112991879102,-0.4291561397649988,0.0,0.4292349530143423,Normal,Normal,Routine,E001A
635,109.24118922435551,-0.42914938751087206,0.0,0.49134101608260317,Normal,Normal,Routine,E001A
636,109.24125216324859,-0.4291591947678945,0.0,0.4613862624394711,Normal,Normal,Routine,E001A
637,109.24133835719645,-0.42914696052963225,0.0,0.4280711207818184,Normal,Normal,Routine,E001A
638,109.2414401483419,-0.4291602067980445,0.0,0.4179508261148004,Normal,Normal,Routine,E001A
639,109.24150552940783,-0.42916714255704613,0.0,0.4703390720944105,Normal,Normal,Routine,E001A
640,109.24168118160402,-0.42916257218343185,0.0,0.4230397646587008,Normal,Normal,Routine,E001A
641,109.24175242432317,-0.42915592487239185,0.0,0.4093835140836823,Normal,Normal,Routine,E001A
642,109.24181487147827,-0.42913602659424555,0.0,0.4230995820863234,Normal,Normal,Routine,E001A
643,109.24190371530604,-0.4291515595555442,0.0,0.4246465651044036,Normal,Normal,Routine,E001A
644,109.24198291302193,-0.4291533304226946,0.0,0.3915430861294574,Abnormal,Abnormal,Monitor,E001A
645,109.24208279266281,-0.4291548365934147,0.0,0.3904023782382334,Abnormal,Abnormal,Monitor,E001A
646,109.2422004987764,-0.42911997946714536,0.0,0.4318511658027817,Normal,Normal,Routine,E001A
647,109.24224241595684,-0.4291509362000003,0.0,0.38280619444518255,Abnormal,Abnormal,Monitor,E001A
648,109.24231036869848,-0.42913475677321544,0.0,0.43441518554100406,Normal,Normal,Routine,E001A
649,109.24238501670523,-0.42913245179656695,0.0,0.4196337296310684,Normal,Normal,Routine,E001A
650,109.24247183129182,-0.4291325442266844,0.0,0.41262498139869563,Normal,Normal,Routine,E001A
651,109.2425568666057,-0.4291435457491328,0.0,0.3524795539753124,Abnormal,Abnormal,Monitor,E001A
652,109.24262810840949,-0.4291449865073711,0.0,0.43118718891172436,Normal,Normal,Routine,E001A
653,109.24270768530187,-0.42914643461907087,0.0,0.4314394403538857,Normal,Normal,Routine,E001A
654,109.24278951424729,-0.4291200017938396,0.0,0.45157771033054,Normal,Normal,Routine,E001A
655,109.24286578123677,-0.4291361784183676,0.0,0.40842685356463465,Normal,Normal,Routine,E001A
656,109.24068977426073,-0.4290793385961737,0.0,0.45138977472491276,Normal,Normal,Routine,E001A
657,109.24072946438116,-0.42908365407107074,0.0,0.43132391909501616,Normal,Normal,Routine,E001A
658,109.24085187981565,-0.4290655945756398,0.0,0.42180189335535895,Normal,Normal,Routine,E001A
659,109.24089429247792,-0.4290822679622703,0.0,0.3993738761778427,Abnormal,Abnormal,Monitor,E001A
660,109.24098234317044,-0.4290856270309536,0.0,0.4574343412219583,Normal,Normal,Routine,E001A
661,109.24105067382838,-0.42908217304554996,0.0,0.4062747460526724,Normal,Normal,Routine,E001A
662,109.2411402469781,-0.4290978716628991,0.0,0.45704676499766633,Normal,Normal,Routine,E001A
663,109.24124101167727,-0.42907444734888556,0.0,0.4235084225799627,Normal,Normal,Routine,E001A
664,109.24138317242763,-0.42907854147627295,0.0,0.41661193389786644,Normal,Normal,Routine,E001A
665,109.24146557788049,-0.429076271762363,0.0,0.4343210931080675,Normal,Normal,Routine,E001A
666,109.24154802346942,-0.42905953774653804,0.0,0.4315840959298285,Normal,Normal,Routine,E001A
667,109.24166679342018,-0.4290823048129486,0.0,0.39931901422283617,Abnormal,Abnormal,Monitor,E001A
668,109.24175037847512,-0.42904788109990183,0.0,0.4095900374684995,Normal,Normal,Routine,E001A
669,109.24186825727503,-0.429067049740463,0.0,0.3886914366302851,Abnormal,Abnormal,Monitor,E001A
670,109.24197338775994,-0.4290744974839938,0.0,0.42530691948364907,Normal,Normal,Routine,E001A
671,109.24202704399963,-0.4290682051045463,0.0,0.45846931111569017,Normal,Normal,Routine,E001A
672,109.24210404150661,-0.4290754012713735,0.0,0.38888453050893323,Abnormal,Abnormal,Monitor,E001A
673,109.24216566845196,-0.4290716581542557,0.0,0.43216585650140366,Normal,Normal,Routine,E001A
674,109.24225713207862,-0.4290775066395777,0.0,0.4192485687021234,Normal,Normal,Routine,E001A
675,109.24233571194587,-0.42907075249892324,0.0,0.41495791082083283,Normal,Normal,Routine,E001A
676,109.2424108055444,-0.4290643041089147,0.0,0.4297511933285388,Normal,Normal,Routine,E001A
677,109.24251890515313,-0.4290665184311921,0.0,0.4049721949542832,Normal,Normal,Routine,E001A
678,109.24266716014031,-0.4290774088755736,0.0,0.45223768671437165,Normal,Normal,Routine,E001A
679,109.24276598814255,-0.42905440186076116,0.0,0.4700706780028479,Normal,Normal,Routine,E001A
680,109.24282549767197,-0.42906730103155843,0.0,0.47926852313598783,Normal,Normal,Routine,E001A
681,109.24289242877595,-0.42905251669411476,0.0,0.4552489050068297,Normal,Normal,Routine,E001A
682,109.24069478367676,-0.4290018176006876,0.0,0.4415621127283491,Normal,Normal,Routine,E001A
683,109.24077849949113,-0.42901216772389084,0.0,0.3872467741334381,Abnormal,Abnormal,Monitor,E001A
684,109.24090313998012,-0.42898611199796466,0.0,0.44408236426097136,Normal,Normal,Routine,E001A
685,109.24094908386489,-0.4290219754821242,0.0,0.4454729971693916,Normal,Normal,Routine,E001A
686,109.24101170982873,-0.4290213913321034,0.0,0.4170004856708135,Normal,Normal,Routine,E001A
687,109.24110696517457,-0.42903045097417664,0.0,0.4193629673446517,Normal,Normal,Routine,E001A
688,109.24118584335521,-0.429046703258752,0.0,0.43732859153545595,Normal,Normal,Routine,E001A
689,109.24126640311057,-0.4290118131426796,0.0,0.4280655865589086,Normal,Normal,Routine,E001A
690,109.24134753083912,-0.4290426441974374,0.0,0.44199381882018574,Normal,Normal,Routine,E001A
691,109.24143939553412,-0.42901885880742036,0.0,0.42142548586878914,Normal,Normal,Routine,E001A
692,109.24157157954342,-0.4290095253511548,0.0,0.403901934257003,Normal,Normal,Routine,E001A
693,109.24166939386258,-0.42901569362258535,0.0,0.4774094435046069,Normal,Normal,Routine,E001A
694,109.24183211512741,-0.428984852070672,0.0,0.39401712310679543,Abnormal,Abnormal,Monitor,E001A
695,109.24189753574485,-0.42899959557545664,0.0,0.40372243868743124,Normal,Normal,Routine,E001A
696,109.24200377828849,-0.42900313246513877,0.0,0.4507398048982916,Normal,Normal,Routine,E001A
697,109.24222057730815,-0.4289769614692978,0.0,0.4151653894031867,Normal,Normal,Routine,E001A
698,109.24230811666088,-0.42899337400608345,0.0,0.42608099717498005,Normal,Normal,Routine,E001A
699,109.24236624031431,-0.4290054996762408,0.0,0.4184536269538724,Normal,Normal,Routine,E001A
700,109.24246953884607,-0.4290028929532941,0.0,0.4184110836625672,Normal,Normal,Routine,E001A
701,109.24256028619044,-0.4289985642468547,0.0,0.38412353619462847,Abnormal,Abnormal,Monitor,E001A
702,109.24264032202065,-0.4290160909576794,0.0,0.4291533605872298,Normal,Normal,Routine,E001A
703,109.2427914665552,-0.4290279035489616,0.0,0.4955452181081537,Normal,Normal,Routine,E001A
704,109.24282700810599,-0.4289866629094928,0.0,0.48686080614308724,Normal,Normal,Routine,E001A
705,109.24068101492907,-0.42892716341537546,0.0,0.430839805156843,Normal,Normal,Routine,E001A
706,109.24072711630134,-0.4289578009727787,0.0,0.4186632687582567,Normal,Normal,Routine,E001A
707,109.24081506055224,-0.4289276737236163,0.0,0.4515362503205923,Normal,Normal,Routine,E001A
708,109.24089665909943,-0.42893427411805857,0.0,0.4656210884407118,Normal,Normal,Routine,E001A
709,109.24102942823835,-0.42896648442453245,0.0,0.41274918918847037,Normal,Normal,Routine,E001A
710,109.24112687873644,-0.428941144932373,0.0,0.4144484139542197,Normal,Normal,Routine,E001A
711,109.24122385042213,-0.42892776833425433,0.0,0.42535441604664,Normal,Normal,Routine,E001A
712,109.24145030549008,-0.42892259387058196,0.0,0.3550028459382515,Abnormal,Abnormal,Monitor,E001A
713,109.24163624440794,-0.42892719999907614,0.0,0.45848353245594836,Normal,Normal,Routine,E001A
714,109.24166518830098,-0.4288930331216113,0.0,0.4782272930773926,Normal,Normal,Routine,E001A
715,109.24172477353856,-0.42892433575701583,0.0,0.4223568534345859,Normal,Normal,Routine,E001A
716,109.24178097252391,-0.42894278928644036,0.0,0.39343822813820445,Abnormal,Abnormal,Monitor,E001A
717,109.24187589267453,-0.42893689168371174,0.0,0.4160689247273454,Normal,Normal,Routine,E001A
718,109.24195677994318,-0.42894695990523873,0.0,0.4166993547965271,Normal,Normal,Routine,E001A
719,109.24203783190445,-0.4289438859407957,0.0,0.4161550094689928,Normal,Normal,Routine,E001A
720,109.24208914583666,-0.4289398175986264,0.0,0.3955479466789836,Abnormal,Abnormal,Monitor,E001A
721,109.24218302475839,-0.42893061814243794,0.0,0.406215412642847,Normal,Normal,Routine,E001A
722,109.24227973952924,-0.42895293789350813,0.0,0.42018884559156083,Normal,Normal,Routine,E001A
723,109.2424219017794,-0.4289389929704422,0.0,0.4195494829193474,Normal,Normal,Routine,E001A
724,109.2425210572642,-0.42892942577322446,0.0,0.41874695976301335,Normal,Normal,Routine,E001A
725,109.24265734731196,-0.428939984273845,0.0,0.414643065955872,Normal,Normal,Routine,E001A
726,109.24278394287361,-0.42892832000906056,0.0,0.4673434924295121,Normal,Normal,Routine,E001A
727,109.24287553114104,-0.4289470729090577,0.0,0.42942343467493665,Normal,Normal,Routine,E001A
728,109.24069000867878,-0.4288789291479182,0.0,0.4507603318437465,Normal,Normal,Routine,E001A
729,109.24084929919195,-0.42886451617943866,0.0,0.4259384270632066,Normal,Normal,Routine,E001A
730,109.24095368575246,-0.4288763062060526,0.0,0.4385664125980376,Normal,Normal,Routine,E001A
731,109.24134485372448,-0.4288746197675536,0.0,0.40241378637970154,Normal,Normal,Routine,E001A
732,109.24141209763518,-0.42886656081366575,0.0,0.3943194143063159,Abnormal,Abnormal,Monitor,E001A
733,109.24158259429609,-0.4288594824962184,0.0,0.4365712966319501,Normal,Normal,Routine,E001A
734,109.24185485527015,-0.42886924049650266,0.0,0.4096383496179237,Normal,Normal,Routine,E001A
735,109.24191732602124,-0.42885221337155716,0.0,0.4280686406125109,Normal,Normal,Routine,E001A
736,109.2420758225189,-0.4288655477916092,0.0,0.39001666762534026,Abnormal,Abnormal,Monitor,E001A
737,109.24214120903643,-0.42884868682426697,0.0,0.41875799174490796,Normal,Normal,Routine,E001A
738,109.24230053163228,-0.42886348278455644,0.0,0.39124791256202934,Abnormal,Abnormal,Monitor,E001A
739,109.24238916767996,-0.4288527800623232,0.0,0.4162936353862734,Normal,Normal,Routine,E001A
740,109.24245973200219,-0.42885498298112473,0.0,0.417716037392473,Normal,Normal,Routine,E001A
741,109.24256816724336,-0.4288704227918452,0.0,0.44540920142117923,Normal,Normal,Routine,E001A
742,109.24262770849352,-0.42886630932128605,0.0,0.4397489966518309,Normal,Normal,Routine,E001A
743,109.24270471556275,-0.4288553199540969,0.0,0.4656975609595871,Normal,Normal,Routine,E001A
744,109.24277294443166,-0.4288533751989465,0.0,0.47653114329268176,Normal,Normal,Routine,E001A
745,109.2428629967294,-0.42888359068017884,0.0,0.4269066416611713,Normal,Normal,Routine,E001A
746,109.24073951432966,-0.42878840554904857,0.0,0.395926275395459,Abnormal,Abnormal,Monitor,E001A
747,109.24080178230733,-0.4287898550844187,0.0,0.41623011051318193,Normal,Normal,Routine,E001A
748,109.2408904503362,-0.42879220779520894,0.0,0.4424783050101357,Normal,Normal,Routine,E001A
749,109.24097670492405,-0.42879755137680137,0.0,0.40431579710448345,Normal,Normal,Routine,E001A
750,109.24104705500352,-0.4287975676538069,0.0,0.41401268175992073,Normal,Normal,Routine,E001A
751,109.24128092007078,-0.4287995361658545,0.0,0.3966812074291717,Abnormal,Abnormal,Monitor,E001A
752,109.24134223968376,-0.4287962008169619,0.0,0.4008210114328764,Normal,Normal,Routine,E001A
753,109.24144476521761,-0.42878757488531,0.0,0.3993137719591113,Abnormal,Abnormal,Monitor,E001A
754,109.24160171501653,-0.428792289141881,0.0,0.4789621793371523,Normal,Normal,Routine,E001A
755,109.24164919726712,-0.42881022700731153,0.0,0.48040557467006706,Normal,Normal,Routine,E001A
756,109.2417225960595,-0.42882228838283803,0.0,0.46104147034488757,Normal,Normal,Routine,E001A
757,109.24177874999266,-0.42884134958974723,0.0,0.4379434744206661,Normal,Normal,Routine,E001A
758,109.2418036444452,-0.42881121405433376,0.0,0.4597522285656593,Normal,Normal,Routine,E001A
759,109.24186375039746,-0.42878867737284326,0.0,0.4212310269237746,Normal,Normal,Routine,E001A
760,109.24193486790968,-0.42879143295003447,0.0,0.4181334666851936,Normal,Normal,Routine,E001A
761,109.24202572137008,-0.4287864531678293,0.0,0.4267020005561767,Normal,Normal,Routine,E001A
762,109.24210061009497,-0.4287802289900439,0.0,0.36009105800397784,Abnormal,Abnormal,Monitor,E001A
763,109.24218894877039,-0.4287932948799108,0.0,0.37391255916292265,Abnormal,Abnormal,Monitor,E001A
764,109.24226898792898,-0.42880009474884706,0.0,0.38164362072192193,Abnormal,Abnormal,Monitor,E001A
765,109.24234916974507,-0.4287958341282647,0.0,0.4237217176761467,Normal,Normal,Routine,E001A
766,109.24242269906951,-0.42879890857390923,0.0,0.44329120564553803,Normal,Normal,Routine,E001A
767,109.24249870364778,-0.4287958289089158,0.0,0.4447945004826909,Normal,Normal,Routine,E001A
768,109.24257788693843,-0.4287861142061088,0.0,0.42110287112468214,Normal,Normal,Routine,E001A
769,109.24264634496643,-0.4287955266379141,0.0,0.44717285774482424,Normal,Normal,Routine,E001A
770,109.24283718914987,-0.4287897569887057,0.0,0.4137929202558042,Normal,Normal,Routine,E001A
771,109.24069545955979,-0.4287326813353926,0.0,0.43977447733153313,Normal,Normal,Routine,E001A
772,109.24078727542864,-0.42873373800437364,0.0,0.45294533293060524,Normal,Normal,Routine,E001A
773,109.24088174190352,-0.4287317505019035,0.0,0.4153560083650169,Normal,Normal,Routine,E001A
774,109.24093003719697,-0.4287530742568888,0.0,0.39554059877207876,Abnormal,Abnormal,Monitor,E001A
775,109.24102146923572,-0.4287435486966596,0.0,0.3916834762824051,Abnormal,Abnormal,Monitor,E001A
776,109.24108699724009,-0.42873632582447907,0.0,0.42481978975531576,Normal,Normal,Routine,E001A
777,109.24117161788999,-0.42872587087150715,0.0,0.42676965865937216,Normal,Normal,Routine,E001A
778,109.24125890727564,-0.42874313609809056,0.0,0.4371909351186303,Normal,Normal,Routine,E001A
779,109.24141403073635,-0.4287287447453722,0.0,0.4113091839757878,Normal,Normal,Routine,E001A
780,109.24151761421575,-0.42871716198592075,0.0,0.4064455387308706,Normal,Normal,Routine,E001A
781,109.2415805118528,-0.4287267313863271,0.0,0.43822494705541937,Normal,Normal,Routine,E001A
782,109.24164777642963,-0.4287344217528211,0.0,0.43491069804463617,Normal,Normal,Routine,E001A
783,109.24184484618496,-0.4287337312214542,0.0,0.43083221487249523,Normal,Normal,Routine,E001A
784,109.24189713290802,-0.4287337433114013,0.0,0.4181041242949483,Normal,Normal,Routine,E001A
785,109.24198822321097,-0.4287340121516107,0.0,0.41444327401964426,Normal,Normal,Routine,E001A
786,109.24206576921408,-0.42873091023785076,0.0,0.4021058927456729,Normal,Normal,Routine,E001A
787,109.24215795637976,-0.42871515599750654,0.0,0.3911482583246477,Abnormal,Abnormal,Monitor,E001A
788,109.24220376974122,-0.4287287691034743,0.0,0.36640230335655316,Abnormal,Abnormal,Monitor,E001A
789,109.24227362910665,-0.4287261727236299,0.0,0.38121290196169605,Abnormal,Abnormal,Monitor,E001A
790,109.2423589775055,-0.4287310566953481,0.0,0.3702314141438365,Abnormal,Abnormal,Monitor,E001A
791,109.24247105655239,-0.42874468783253883,0.0,0.4143831498192396,Normal,Normal,Routine,E001A
792,109.2425312462835,-0.42872512088413195,0.0,0.4314633519425137,Normal,Normal,Routine,E001A
793,109.24262868964703,-0.42873136410275126,0.0,0.37380417840335417,Abnormal,Abnormal,Monitor,E001A
794,109.24270141694947,-0.42872994578324186,0.0,0.42398295223909993,Normal,Normal,Routine,E001A
795,109.24277945472704,-0.4287290776018275,0.0,0.4310453976062881,Normal,Normal,Routine,E001A
796,109.24287966681975,-0.42873429326606227,0.0,0.4725106119393586,Normal,Normal,Routine,E001A
797,109.24080751824079,-0.4286501264389908,0.0,0.4249134691218189,Normal,Normal,Routine,E001A
798,109.24099709579829,-0.42863197212192944,0.0,0.4000281508779153,Normal,Normal,Routine,E001A
799,109.24106039659027,-0.4286540128395822,0.0,0.3485209651801194,Abnormal,Abnormal,Monitor,E001A
800,109.2411421534342,-0.42865977406478767,0.0,0.41179186525340555,Normal,Normal,Routine,E001A
801,109.24136461439058,-0.4286483408783516,0.0,0.3858308452691468,Abnormal,Abnormal,Monitor,E001A
802,109.24147017023131,-0.4286417620740806,0.0,0.4277884402856821,Normal,Normal,Routine,E001A
803,109.24152735598622,-0.4286699551546503,0.0,0.43352755422562084,Normal,Normal,Routine,E001A
804,109.241617070913,-0.4286549138450552,0.0,0.45059512927119894,Normal,Normal,Routine,E001A
805,109.24171363592075,-0.4286523815183959,0.0,0.38851433357855936,Abnormal,Abnormal,Monitor,E001A
806,109.24177915749411,-0.42865769858991354,0.0,0.4139146804094243,Normal,Normal,Routine,E001A
807,109.2418616966398,-0.42866007880497126,0.0,0.42174551519376446,Normal,Normal,Routine,E001A
808,109.24195136756892,-0.42865290309836473,0.0,0.4417683502318911,Normal,Normal,Routine,E001A
809,109.24203622059397,-0.428651704618268,0.0,0.40348259138360165,Normal,Normal,Routine,E001A
810,109.24210248391799,-0.42865017629135604,0.0,0.41898770925166795,Normal,Normal,Routine,E001A
811,109.24218210185671,-0.428652706846252,0.0,0.3909407955804984,Abnormal,Abnormal,Monitor,E001A
812,109.24226272577575,-0.428651693672237,0.0,0.3998980584855125,Abnormal,Abnormal,Monitor,E001A
813,109.24233553836577,-0.4286425435879123,0.0,0.43395866704911557,Normal,Normal,Routine,E001A
814,109.24241385506923,-0.42865140033921556,0.0,0.4376732439663436,Normal,Normal,Routine,E001A
815,109.24250232682176,-0.42865213247127465,0.0,0.44627029972749427,Normal,Normal,Routine,E001A
816,109.24258075957799,-0.4286444938673442,0.0,0.464949392864541,Normal,Normal,Routine,E001A
817,109.24265390304997,-0.42864188557896243,0.0,0.44297462075134053,Normal,Normal,Routine,E001A
818,109.24274022776022,-0.42865127862166136,0.0,0.44974910975968985,Normal,Normal,Routine,E001A
819,109.24283099388207,-0.4286473640690848,0.0,0.4579616601031498,Normal,Normal,Routine,E001A
820,109.24069535226121,-0.4285888485301438,0.0,0.4402300702038109,Normal,Normal,Routine,E001A
821,109.24086077455237,-0.4285697463420575,0.0,0.4170103081184486,Normal,Normal,Routine,E001A
822,109.24110034348026,-0.42857235368260416,0.0,0.4463962081929538,Normal,Normal,Routine,E001A
823,109.24125708182889,-0.42859029419693095,0.0,0.41102503915317357,Normal,Normal,Routine,E001A
824,109.24134304122904,-0.428590259814513,0.0,0.3874411066982314,Abnormal,Abnormal,Monitor,E001A
825,109.2414158466766,-0.4285807606789283,0.0,0.4205471525306134,Normal,Normal,Routine,E001A
826,109.24149139850667,-0.4285815088222233,0.0,0.46735351991108814,Normal,Normal,Routine,E001A
827,109.24164982368256,-0.42858835845865406,0.0,0.4077591474692361,Normal,Normal,Routine,E001A
828,109.24174441770727,-0.42858263800765506,0.0,0.4371220189977337,Normal,Normal,Routine,E001A
829,109.24182134560922,-0.42857987325225916,0.0,0.39112788782566654,Abnormal,Abnormal,Monitor,E001A
830,109.24189626679201,-0.4285848913606067,0.0,0.41792644894998826,Normal,Normal,Routine,E001A
831,109.24198130582847,-0.4285794381792648,0.0,0.45835559713976604,Normal,Normal,Routine,E001A
832,109.24206795525029,-0.4285749656322365,0.0,0.36509354401829003,Abnormal,Abnormal,Monitor,E001A
833,109.24238566546816,-0.4285803265084662,0.0,0.45243012314089215,Normal,Normal,Routine,E001A
834,109.24247890119264,-0.4285870688278613,0.0,0.4306646410388128,Normal,Normal,Routine,E001A
835,109.24254782650442,-0.4285799064008275,0.0,0.4446956459416045,Normal,Normal,Routine,E001A
836,109.24268956758621,-0.42857729225555635,0.0,0.4479969150671267,Normal,Normal,Routine,E001A
837,109.24281468547787,-0.42858928417977593,0.0,0.4463141292101331,Normal,Normal,Routine,E001A
838,109.24288719239114,-0.4285656145313353,0.0,0.41970760933887197,Normal,Normal,Routine,E001A
839,109.24068039401489,-0.42852280844932333,0.0,0.4253445094397578,Normal,Normal,Routine,E001A
840,109.24077381551255,-0.4285535274761393,0.0,0.412606302779632,Normal,Normal,Routine,E001A
841,109.24096921694765,-0.4285179694023269,0.0,0.37906991065336537,Abnormal,Abnormal,Monitor,E001A
842,109.24104925740652,-0.42851882619706233,0.0,0.41150043779486295,Normal,Normal,Routine,E001A
843,109.24130166179913,-0.42851744852153256,0.0,0.4323696502318881,Normal,Normal,Routine,E001A
844,109.24137402902183,-0.4285309845644877,0.0,0.4088691206039251,Normal,Normal,Routine,E001A
845,109.24160633318422,-0.42851605307650564,0.0,0.42807425935465593,Normal,Normal,Routine,E001A
846,109.2417010849273,-0.42851197487146087,0.0,0.413098579193688,Normal,Normal,Routine,E001A
847,109.24174957281909,-0.4285160391600628,0.0,0.40981451749014774,Normal,Normal,Routine,E001A
848,109.24179613308151,-0.428511940772323,0.0,0.4063940903278701,Normal,Normal,Routine,E001A
849,109.24186013367122,-0.428518170832024,0.0,0.4271549115387293,Normal,Normal,Routine,E001A
850,109.2419534584702,-0.42852415536822325,0.0,0.4390706911992124,Normal,Normal,Routine,E001A
851,109.24203973540787,-0.4285065414131107,0.0,0.4366405387295728,Normal,Normal,Routine,E001A
852,109.24218547396512,-0.42850700644108136,0.0,0.42208908244269805,Normal,Normal,Routine,E001A
853,109.24233159883747,-0.428507270800447,0.0,0.4109187866661617,Normal,Normal,Routine,E001A
854,109.24242179503587,-0.4285090333253956,0.0,0.46099017037241974,Normal,Normal,Routine,E001A
855,109.24250988595419,-0.4285214326727428,0.0,0.4251642507234256,Normal,Normal,Routine,E001A
856,109.24258387254513,-0.42851644716385057,0.0,0.4351625872654423,Normal,Normal,Routine,E001A
857,109.24267394358294,-0.42851564143838633,0.0,0.4331825804832067,Normal,Normal,Routine,E001A
858,109.24275856345173,-0.4285246705516573,0.0,0.46216594289651247,Normal,Normal,Routine,E001A
859,109.24283549766751,-0.42851803084688317,0.0,0.4395134360207468,Normal,Normal,Routine,E001A
860,109.24070655168734,-0.42846395622262096,0.0,0.41378914667514305,Normal,Normal,Routine,E001A
861,109.2407883612082,-0.4284671121614019,0.0,0.38720852266265005,Abnormal,Abnormal,Monitor,E001A
862,109.240859272812,-0.4284784422752711,0.0,0.3801915295426557,Abnormal,Abnormal,Monitor,E001A
863,109.24109740188304,-0.42844526424204166,0.0,0.4158180318649846,Normal,Normal,Routine,E001A
864,109.2411848618902,-0.4284548555899337,0.0,0.42445146493936103,Normal,Normal,Routine,E001A
865,109.24122951324576,-0.42848253121721414,0.0,0.4401043976316802,Normal,Normal,Routine,E001A
866,109.24127033229757,-0.4284562553117319,0.0,0.4641633388426927,Normal,Normal,Routine,E001A
867,109.24134511241174,-0.4284455900789605,0.0,0.43957216112407105,Normal,Normal,Routine,E001A
868,109.24141168603802,-0.42845401728271815,0.0,0.3976049584449322,Abnormal,Abnormal,Monitor,E001A
869,109.24148078256012,-0.428456133946351,0.0,0.40794595147317253,Normal,Normal,Routine,E001A
870,109.2415777537087,-0.428445149194412,0.0,0.45622354117551245,Normal,Normal,Routine,E001A
871,109.24165478105665,-0.4284513768376092,0.0,0.43413281329692555,Normal,Normal,Routine,E001A
872,109.2417809820864,-0.4284559609712708,0.0,0.4548332774195494,Normal,Normal,Routine,E001A
873,109.24182546254278,-0.4284453095280533,0.0,0.46682478190184784,Normal,Normal,Routine,E001A
874,109.24189709884475,-0.42844197654587995,0.0,0.39545375461334936,Abnormal,Abnormal,Monitor,E001A
875,109.24198235724468,-0.4284396450597969,0.0,0.46592882151255943,Normal,Normal,Routine,E001A
876,109.24205402221816,-0.4284524204177902,0.0,0.46113178840774344,Normal,Normal,Routine,E001A
877,109.24212317930478,-0.4284214513835415,0.0,0.4239001566853404,Normal,Normal,Routine,E001A
878,109.24221401033968,-0.428439995191059,0.0,0.46071987613225907,Normal,Normal,Routine,E001A
879,109.24230382329128,-0.4284521643368729,0.0,0.42891158582712574,Normal,Normal,Routine,E001A
880,109.24239425267187,-0.4284437146264222,0.0,0.45655361498082364,Normal,Normal,Routine,E001A
881,109.2425449350186,-0.42844566384068794,0.0,0.4137807637050708,Normal,Normal,Routine,E001A
882,109.24263588636613,-0.42844090018353276,0.0,0.4522247644516083,Normal,Normal,Routine,E001A
883,109.2427954820926,-0.42843591183349905,0.0,0.46800027789473175,Normal,Normal,Routine,E001A
884,109.24287871823519,-0.4284505898013133,0.0,0.4287623240760911,Normal,Normal,Routine,E001A
885,109.24081067124673,-0.4283742563954618,0.0,0.3886192619675423,Abnormal,Abnormal,Monitor,E001A
886,109.241059150548,-0.4283868754877225,0.0,0.3788476751781004,Abnormal,Abnormal,Monitor,E001A
887,109.24113596589741,-0.42838121513186206,0.0,0.4354183654991886,Normal,Normal,Routine,E001A
888,109.24129610861223,-0.42837592309323524,0.0,0.4476389664542249,Normal,Normal,Routine,E001A
889,109.24138024426053,-0.4283730713785539,0.0,0.38821040847469224,Abnormal,Abnormal,Monitor,E001A
890,109.24145085405455,-0.42838051924899934,0.0,0.43089226286631155,Normal,Normal,Routine,E001A
891,109.24153879273126,-0.42837096934235913,0.0,0.40496998629651654,Normal,Normal,Routine,E001A
892,109.24170502248256,-0.428368304792753,0.0,0.41750351160014276,Normal,Normal,Routine,E001A
893,109.24176771807414,-0.42837760826925025,0.0,0.388125203153483,Abnormal,Abnormal,Monitor,E001A
894,109.24185707369827,-0.42837832251367913,0.0,0.43773133689954236,Normal,Normal,Routine,E001A
895,109.241938043805,-0.4283756889018462,0.0,0.41635202621826184,Normal,Normal,Routine,E001A
896,109.24200080093547,-0.42837120449643307,0.0,0.4434593761912905,Normal,Normal,Routine,E001A
897,109.24225935901495,-0.4283720771897111,0.0,0.4377057205359857,Normal,Normal,Routine,E001A
898,109.24233523705922,-0.4283684087790746,0.0,0.44902326414161847,Normal,Normal,Routine,E001A
899,109.2424657278173,-0.4283829583966094,0.0,0.4141291754535292,Normal,Normal,Routine,E001A
900,109.24258456611173,-0.4283662372558968,0.0,0.4123248446545992,Normal,Normal,Routine,E001A
901,109.24265491712048,-0.4283624255893185,0.0,0.4382187628352248,Normal,Normal,Routine,E001A
902,109.2427055731563,-0.42839940969610096,0.0,0.41147159967714775,Normal,Normal,Routine,E001A
903,109.242746352171,-0.4283715566470269,0.0,0.45862154260443266,Normal,Normal,Routine,E001A
904,109.24282484009497,-0.42836230747750265,0.0,0.47151601237554597,Normal,Normal,Routine,E001A
905,109.24289537390041,-0.4283644588218266,0.0,0.4621645253381832,Normal,Normal,Routine,E001A
906,109.24071716138707,-0.4283174093717657,0.0,0.41964424670172423,Normal,Normal,Routine,E001A
907,109.24077467954356,-0.42830593713232235,0.0,0.40759254572591325,Normal,Normal,Routine,E001A
908,109.24087926208732,-0.42827366145816054,0.0,0.42558038613606786,Normal,Normal,Routine,E001A
909,109.24093629292355,-0.42831147806553166,0.0,0.39759100955242793,Abnormal,Abnormal,Monitor,E001A
910,109.24103923816084,-0.42830179779559485,0.0,0.4134326191562053,Normal,Normal,Routine,E001A
911,109.24109845482022,-0.4282830671135244,0.0,0.4192464910134548,Normal,Normal,Routine,E001A
912,109.2411756302557,-0.42828976050288314,0.0,0.4258297554455004,Normal,Normal,Routine,E001A
913,109.24127525701158,-0.4283049106848461,0.0,0.42023828987136186,Normal,Normal,Routine,E001A
914,109.2413435181918,-0.428298889338388,0.0,0.43364810258060604,Normal,Normal,Routine,E001A
915,109.24141638352253,-0.42831039352141603,0.0,0.43218549649409793,Normal,Normal,Routine,E001A
916,109.24149229967921,-0.42830488396837024,0.0,0.4148597275132276,Normal,Normal,Routine,E001A
917,109.24157650017956,-0.4282934124563967,0.0,0.4198894985546743,Normal,Normal,Routine,E001A
918,109.24166916611316,-0.42829727353045044,0.0,0.44392930566369593,Normal,Normal,Routine,E001A
919,109.24174626121166,-0.42830972820662033,0.0,0.4122333255713679,Normal,Normal,Routine,E001A
920,109.24181566353437,-0.42829443078716734,0.0,0.418731313460582,Normal,Normal,Routine,E001A
921,109.24187270192478,-0.42830319127705924,0.0,0.4146591411244944,Normal,Normal,Routine,E001A
922,109.24192023519743,-0.42830619278394527,0.0,0.40161459275756545,Normal,Normal,Routine,E001A
923,109.24198854173267,-0.42830227846422153,0.0,0.4635088434462426,Normal,Normal,Routine,E001A
924,109.24206264165066,-0.4283004987306322,0.0,0.4384205052629113,Normal,Normal,Routine,E001A
925,109.24215346787693,-0.42829282771266897,0.0,0.4208733848958778,Normal,Normal,Routine,E001A
926,109.24222952367177,-0.428285666925572,0.0,0.4302658974552097,Normal,Normal,Routine,E001A
927,109.24237647942321,-0.4282939200657492,0.0,0.4522677722404926,Normal,Normal,Routine,E001A
928,109.24245734118388,-0.4282977512769645,0.0,0.4710001171796933,Normal,Normal,Routine,E001A
929,109.24254426705025,-0.42827068387269057,0.0,0.4304807856343048,Normal,Normal,Routine,E001A
930,109.24261839070068,-0.42829494443213634,0.0,0.4617781973056759,Normal,Normal,Routine,E001A
931,109.24269120625223,-0.42830437593780796,0.0,0.44843290501432737,Normal,Normal,Routine,E001A
932,109.24276942560789,-0.4282950435084504,0.0,0.45926304376593874,Normal,Normal,Routine,E001A
933,109.24289049748383,-0.42830393000784894,0.0,0.41955688712976963,Normal,Normal,Routine,E001A
934,109.24073000157576,-0.42824138589748534,0.0,0.42498474830510813,Normal,Normal,Routine,E001A
935,109.24081224579969,-0.42824086684490525,0.0,0.43172419036262416,Normal,Normal,Routine,E001A
936,109.24088355084908,-0.42822461312764976,0.0,0.4311004435865909,Normal,Normal,Routine,E001A
937,109.24096958482293,-0.42823228973028354,0.0,0.44173630519353274,Normal,Normal,Routine,E001A
938,109.24106179889645,-0.4282361389470914,0.0,0.43503215403652706,Normal,Normal,Routine,E001A
939,109.2411291446267,-0.4282266195499327,0.0,0.4302783008452292,Normal,Normal,Routine,E001A
940,109.24123205475178,-0.42822520819942467,0.0,0.423474344127887,Normal,Normal,Routine,E001A
941,109.24130759663103,-0.42823409594873113,0.0,0.415547672242257,Normal,Normal,Routine,E001A
942,109.24137029556671,-0.4282247255887073,0.0,0.4147686621327808,Normal,Normal,Routine,E001A
943,109.24145920331149,-0.4282277131418845,0.0,0.3756100546205598,Abnormal,Abnormal,Monitor,E001A
944,109.24153844413826,-0.42823333088432575,0.0,0.40783549218626397,Normal,Normal,Routine,E001A
945,109.24161824918244,-0.4282148708114032,0.0,0.4457545084638281,Normal,Normal,Routine,E001A
946,109.24169980634878,-0.42823763736693926,0.0,0.4525228958300846,Normal,Normal,Routine,E001A
947,109.24180789926548,-0.4282295706381371,0.0,0.47449396581979125,Normal,Normal,Routine,E001A
948,109.24187498933631,-0.4282344033504812,0.0,0.4037653833081936,Normal,Normal,Routine,E001A
949,109.24194317703984,-0.4282395012766025,0.0,0.45222263394694756,Normal,Normal,Routine,E001A
950,109.24203252655862,-0.4282315604344798,0.0,0.4666421917940682,Normal,Normal,Routine,E001A
951,109.2421104491664,-0.42821955573047327,0.0,0.44879750876591123,Normal,Normal,Routine,E001A
952,109.24219357346135,-0.42822034629454775,0.0,0.43677403989015917,Normal,Normal,Routine,E001A
953,109.24226898223473,-0.42820646186671296,0.0,0.4549227062464118,Normal,Normal,Routine,E001A
954,109.24232890155396,-0.4282303366231146,0.0,0.4706011520587255,Normal,Normal,Routine,E001A
955,109.2424098853019,-0.4282309946630175,0.0,0.4414314844163822,Normal,Normal,Routine,E001A
956,109.24248728991198,-0.42823742765544026,0.0,0.4647288589463241,Normal,Normal,Routine,E001A
957,109.24265815671684,-0.42823046599234366,0.0,0.45098580308694436,Normal,Normal,Routine,E001A
958,109.24274001857476,-0.42822112174095545,0.0,0.4629385896631189,Normal,Normal,Routine,E001A
959,109.24068976935501,-0.4281838666374283,0.0,0.408681890149524,Normal,Normal,Routine,E001A
960,109.24080260624672,-0.4281668122623583,0.0,0.41587050197286485,Normal,Normal,Routine,E001A
961,109.24087025444408,-0.4281662301493798,0.0,0.4247707104092246,Normal,Normal,Routine,E001A
962,109.24096864543972,-0.42818802575385156,0.0,0.4386076139220236,Normal,Normal,Routine,E001A
963,109.24107179728107,-0.4281665163530475,0.0,0.37649403271067416,Abnormal,Abnormal,Monitor,E001A
964,109.24119158580278,-0.42815003418799763,0.0,0.44981700998732355,Normal,Normal,Routine,E001A
965,109.2412767308317,-0.42814837275876105,0.0,0.4155514850362285,Normal,Normal,Routine,E001A
966,109.24134489780621,-0.4281615542351597,0.0,0.4176748707479074,Normal,Normal,Routine,E001A
967,109.24142183206212,-0.4281623478964402,0.0,0.4000734193281329,Normal,Normal,Routine,E001A
968,109.24148091936426,-0.42814762323080235,0.0,0.40991260846539473,Normal,Normal,Routine,E001A
969,109.24155459448151,-0.42815721047425553,0.0,0.4093568749280172,Normal,Normal,Routine,E001A
970,109.24167142389996,-0.4281850537863621,0.0,0.4632272686934672,Normal,Normal,Routine,E001A
971,109.2417350370639,-0.42815302091681345,0.0,0.4392352755922862,Normal,Normal,Routine,E001A
972,109.24180586153528,-0.42815662644693897,0.0,0.4568270970299062,Normal,Normal,Routine,E001A
973,109.24189580230994,-0.4281596377428463,0.0,0.42976497206669334,Normal,Normal,Routine,E001A
974,109.24198687598269,-0.4281540159265551,0.0,0.4659370207779392,Normal,Normal,Routine,E001A
975,109.24206049363193,-0.42815571402208186,0.0,0.4212808472485684,Normal,Normal,Routine,E001A
976,109.24214843323136,-0.4281461640947773,0.0,0.4617211242522804,Normal,Normal,Routine,E001A
977,109.24224067026367,-0.42815595275835727,0.0,0.40680628297886856,Normal,Normal,Routine,E001A
978,109.24231318957068,-0.4281526678922156,0.0,0.4521714561796059,Normal,Normal,Routine,E001A
979,109.24239527665796,-0.42816795779627836,0.0,0.43691381237214855,Normal,Normal,Routine,E001A
980,109.24247132259605,-0.4281607255585254,0.0,0.4552731717812425,Normal,Normal,Routine,E001A
981,109.24261761958981,-0.42815864054700664,0.0,0.46568366552654067,Normal,Normal,Routine,E001A
982,109.2426865917608,-0.4281389887907616,0.0,0.44409178037584707,Normal,Normal,Routine,E001A
983,109.24273142893959,-0.42816343972402743,0.0,0.4523886934442159,Normal,Normal,Routine,E001A
984,109.24280227741487,-0.4281643658041762,0.0,0.4119832172125945,Normal,Normal,Routine,E001A
985,109.24286837406737,-0.4281572027044284,0.0,0.43048752533426804,Normal,Normal,Routine,E001A
986,109.24073868880255,-0.4280954978350919,0.0,0.3971928302590195,Abnormal,Abnormal,Monitor,E001A
987,109.24081593317155,-0.4280873805829885,0.0,0.423331949052152,Normal,Normal,Routine,E001A
988,109.24090458506886,-0.428081658746747,0.0,0.4304141490335542,Normal,Normal,Routine,E001A
989,109.24097065734347,-0.42808263076030056,0.0,0.4421269554235868,Normal,Normal,Routine,E001A
990,109.24105835644973,-0.42808360776876714,0.0,0.4386257458058336,Normal,Normal,Routine,E001A
991,109.24113916463507,-0.4280778841171393,0.0,0.4468364785925385,Normal,Normal,Routine,E001A
992,109.24122472386965,-0.4280836461945328,0.0,0.455738306447542,Normal,Normal,Routine,E001A
993,109.24129617406295,-0.4280888072694747,0.0,0.4460877249685942,Normal,Normal,Routine,E001A
994,109.24137445377822,-0.4280942086570833,0.0,0.4280309956453714,Normal,Normal,Routine,E001A
995,109.24146938236115,-0.42809057900847197,0.0,0.42629819213897213,Normal,Normal,Routine,E001A
996,109.24152974950204,-0.428092508260399,0.0,0.4393046074994625,Normal,Normal,Routine,E001A
997,109.24170122008275,-0.4280845502076221,0.0,0.45575794033133066,Normal,Normal,Routine,E001A
998,109.24177800827641,-0.4280956700541066,0.0,0.44774202399342544,Normal,Normal,Routine,E001A
999,109.24184091117733,-0.42808216526091863,0.0,0.4242845399443509,Normal,Normal,Routine,E001A
1000,109.24194412953244,-0.42808432505266114,0.0,0.4350347001202787,Normal,Normal,Routine,E001A
1001,109.24203219406527,-0.42808231160742327,0.0,0.44034070597217606,Normal,Normal,Routine,E001A
1002,109.24208801655722,-0.42808161280805995,0.0,0.41371496350396997,Normal,Normal,Routine,E001A
1003,109.24216746279994,-0.42807678227849627,0.0,0.4514443530747471,Normal,Normal,Routine,E001A
1004,109.24227472733902,-0.42808139456342087,0.0,0.4007405368675523,Normal,Normal,Routine,E001A
1005,109.24235983023985,-0.42808743686014783,0.0,0.43057323668080455,Normal,Normal,Routine,E001A
1006,109.24243003204883,-0.4280839534128726,0.0,0.4359309837964029,Normal,Normal,Routine,E001A
1007,109.24249859072255,-0.4280813241512718,0.0,0.4446378725738514,Normal,Normal,Routine,E001A
1008,109.24257603826558,-0.4280846336860008,0.0,0.4826094678674753,Normal,Normal,Routine,E001A
1009,109.242648261152,-0.42808924873164306,0.0,0.4486158737788747,Normal,Normal,Routine,E001A
1010,109.24275841439129,-0.42809069752362067,0.0,0.4404518740932242,Normal,Normal,Routine,E001A
1011,109.24281700971507,-0.4280749318688866,0.0,0.48063282056962353,Normal,Normal,Routine,E001A
1012,109.2428954343873,-0.4280988760036552,0.0,0.4275422827796535,Normal,Normal,Routine,E001A
1013,109.24070851846906,-0.42804045959289316,0.0,0.3962005042546504,Abnormal,Abnormal,Monitor,E001A
1014,109.24078932794761,-0.42802899362925556,0.0,0.44685562586698524,Normal,Normal,Routine,E001A
1015,109.24086443587375,-0.42801058764036726,0.0,0.41845952353523314,Normal,Normal,Routine,E001A
1016,109.24095236783671,-0.42803429432328305,0.0,0.46884653473108273,Normal,Normal,Routine,E001A
1017,109.24104295817008,-0.4280287637378377,0.0,0.43958162150990504,Normal,Normal,Routine,E001A
1018,109.24110114697004,-0.4280386358742565,0.0,0.4485815252768449,Normal,Normal,Routine,E001A
1019,109.24116959954598,-0.4280204679826457,0.0,0.479776177925281,Normal,Normal,Routine,E001A
1020,109.2412663851549,-0.4280154949695085,0.0,0.4507095405468354,Normal,Normal,Routine,E001A
1021,109.24133881901898,-0.4280243349687194,0.0,0.44469659136810485,Normal,Normal,Routine,E001A
1022,109.24144548043765,-0.42802645215196977,0.0,0.42833416201028957,Normal,Normal,Routine,E001A
1023,109.24152058274846,-0.4280288613713046,0.0,0.4559160934762843,Normal,Normal,Routine,E001A
1024,109.24158950638306,-0.42802887728476724,0.0,0.46242156391472605,Normal,Normal,Routine,E001A
1025,109.24167229702375,-0.4280312891822842,0.0,0.4296564941037141,Normal,Normal,Routine,E001A
1026,109.24174421749667,-0.4280265211240566,0.0,0.41533216670240575,Normal,Normal,Routine,E001A
1027,109.24183340429259,-0.42801911829704997,0.0,0.40930627842260475,Normal,Normal,Routine,E001A
1028,109.24191496023334,-0.42801970502503006,0.0,0.43341334853024766,Normal,Normal,Routine,E001A
1029,109.2419739510402,-0.42801459215274706,0.0,0.4718846418983058,Normal,Normal,Routine,E001A
1030,109.24207575572609,-0.428015841884735,0.0,0.4226765422634064,Normal,Normal,Routine,E001A
1031,109.24214807146934,-0.42801100970681233,0.0,0.4329695304622524,Normal,Normal,Routine,E001A
1032,109.24221501147268,-0.4280121917061064,0.0,0.38516023795395393,Abnormal,Abnormal,Monitor,E001A
1033,109.24237121870502,-0.4280197343695803,0.0,0.43938187970425724,Normal,Normal,Routine,E001A
1034,109.24247990600323,-0.428016976008036,0.0,0.4748166008510332,Normal,Normal,Routine,E001A
1035,109.2425454485031,-0.42801333865452973,0.0,0.48291634295624464,Normal,Normal,Routine,E001A
1036,109.24263240624356,-0.42801985794137404,0.0,0.42849482550656887,Normal,Normal,Routine,E001A
1037,109.24270846314313,-0.4280079124719435,0.0,0.4682212703290305,Normal,Normal,Routine,E001A
1038,109.24276949099165,-0.4280079265522021,0.0,0.45908106565117585,Normal,Normal,Routine,E001A
1039,109.2428550494305,-0.4280175174301774,0.0,0.4561503231525421,Normal,Normal,Routine,E001A
1040,109.24074180907417,-0.42796294602967694,0.0,0.41102807278853704,Normal,Normal,Routine,E001A
1041,109.24081406296234,-0.4279533924928109,0.0,0.42799667065224467,Normal,Normal,Routine,E001A
1042,109.24091055555549,-0.4279570030454148,0.0,0.43631687199883495,Normal,Normal,Routine,E001A
1043,109.24097924363213,-0.427946012651334,0.0,0.41672563830295484,Normal,Normal,Routine,E001A
1044,109.24104840455107,-0.42795320696857786,0.0,0.4389135070236947,Normal,Normal,Routine,E001A
1045,109.24113943132633,-0.4279560991452887,0.0,0.42756702859790224,Normal,Normal,Routine,E001A
1046,109.24122427727625,-0.42796210069234775,0.0,0.45962348460471153,Normal,Normal,Routine,E001A
1047,109.24131173859494,-0.427965948795825,0.0,0.44813015844268433,Normal,Normal,Routine,E001A
1048,109.24139920392486,-0.42794826366260347,0.0,0.45718977291758606,Normal,Normal,Routine,E001A
1049,109.24147424081154,-0.42795394734141046,0.0,0.4545558607932471,Normal,Normal,Routine,E001A
1050,109.24162638178097,-0.42795629024124093,0.0,0.44240703319902,Normal,Normal,Routine,E001A
1051,109.24169936142572,-0.42794315220533063,0.0,0.46276150456890197,Normal,Normal,Routine,E001A
1052,109.24177856941492,-0.4279510008395338,0.0,0.42793315343482624,Normal,Normal,Routine,E001A
1053,109.24186611096502,-0.42794976858638556,0.0,0.40023369341417675,Normal,Normal,Routine,E001A
1054,109.24195733100302,-0.4279404165475289,0.0,0.42295567167506076,Normal,Normal,Routine,E001A
1055,109.24203916021148,-0.4279401786102015,0.0,0.44218284582525436,Normal,Normal,Routine,E001A
1056,109.24209143807008,-0.42794756164197095,0.0,0.4214811794482194,Normal,Normal,Routine,E001A
1057,109.2421793776675,-0.42793801170429063,0.0,0.43429537393859313,Normal,Normal,Routine,E001A
1058,109.24227713775801,-0.4279339016005662,0.0,0.4239997359512087,Normal,Normal,Routine,E001A
1059,109.24232370217415,-0.42794315883627054,0.0,0.43565255464412844,Normal,Normal,Routine,E001A
1060,109.24242449194718,-0.4279478338232296,0.0,0.4413174897897151,Normal,Normal,Routine,E001A
1061,109.24251573663001,-0.42794871757987873,0.0,0.41902741087008766,Normal,Normal,Routine,E001A
1062,109.24258109892811,-0.4279435392505683,0.0,0.46011917483470505,Normal,Normal,Routine,E001A
1063,109.24266569951477,-0.4279346405363676,0.0,0.4498885340310089,Normal,Normal,Routine,E001A
1064,109.24273623345911,-0.42793613986362755,0.0,0.48164413389102995,Normal,Normal,Routine,E001A
1065,109.2428146633829,-0.4279409435247852,0.0,0.4730123973200352,Normal,Normal,Routine,E001A
1066,109.24071140295844,-0.42789403122748626,0.0,0.3857506879518295,Abnormal,Abnormal,Monitor,E001A
1067,109.24077795302784,-0.4278835187159086,0.0,0.40944442937625347,Normal,Normal,Routine,E001A
1068,109.24086351289806,-0.4278864096297086,0.0,0.3968195250882456,Abnormal,Abnormal,Monitor,E001A
1069,109.24094527057345,-0.4278845141004048,0.0,0.43064009807177056,Normal,Normal,Routine,E001A
1070,109.24102893253932,-0.4278749631913061,0.0,0.4045653263352277,Normal,Normal,Routine,E001A
1071,109.2410942079559,-0.4278802837996676,0.0,0.39926419122839646,Abnormal,Abnormal,Monitor,E001A
1072,109.24125899390421,-0.42788650093577923,0.0,0.41756353549437947,Normal,Normal,Routine,E001A
1073,109.24135740177117,-0.4278777003788575,0.0,0.433512684471147,Normal,Normal,Routine,E001A
1074,109.24143772308099,-0.4278760143098605,0.0,0.4078649878680885,Normal,Normal,Routine,E001A
1075,109.24150379403875,-0.42787890071868634,0.0,0.4193660814780742,Normal,Normal,Routine,E001A
1076,109.24158226854271,-0.4278731014563424,0.0,0.41470182254047605,Normal,Normal,Routine,E001A
1077,109.24168142410673,-0.4278905222075901,0.0,0.44547610176007074,Normal,Normal,Routine,E001A
1078,109.24174721219742,-0.4278851667408007,0.0,0.4197406123037135,Normal,Normal,Routine,E001A
1079,109.24181930349599,-0.42786789402582237,0.0,0.42341685429027937,Normal,Normal,Routine,E001A
1080,109.2418931753769,-0.4278734083251871,0.0,0.45263518117224943,Normal,Normal,Routine,E001A
1081,109.2419834874385,-0.4278829993948891,0.0,0.4285135073019385,Normal,Normal,Routine,E001A
1082,109.24208424691584,-0.42787467412624103,0.0,0.4191578409392973,Normal,Normal,Routine,E001A
1083,109.24214213252002,-0.42787100878049933,0.0,0.44177064438178093,Normal,Normal,Routine,E001A
1084,109.24222769310718,-0.42787102852082914,0.0,0.4253716480781992,Normal,Normal,Routine,E001A
1085,109.24230630831899,-0.4278786102427357,0.0,0.4187171157061642,Normal,Normal,Routine,E001A
1086,109.24240151074784,-0.4278678429740002,0.0,0.43928797030849376,Normal,Normal,Routine,E001A
1087,109.24246770497295,-0.42789366432224823,0.0,0.439809290514336,Normal,Normal,Routine,E001A
1088,109.24255901769543,-0.4278758290302711,0.0,0.4650173454618626,Normal,Normal,Routine,E001A
1089,109.24262434656272,-0.4278794025298197,0.0,0.45185540565468657,Normal,Normal,Routine,E001A
1090,109.2427097095681,-0.42788329806025416,0.0,0.48198830962252753,Normal,Normal,Routine,E001A
1091,109.24277427188882,-0.4278882956588227,0.0,0.46601041851727965,Normal,Normal,Routine,E001A
1092,109.24285983522776,-0.42787635237413896,0.0,0.4506947563167665,Normal,Normal,Routine,E001A
1093,109.24066863948958,-0.42782032801041525,0.0,0.37594896120105553,Abnormal,Abnormal,Monitor,E001A
1094,109.24073423741294,-0.4278136440898725,0.0,0.420862598202608,Normal,Normal,Routine,E001A
1095,109.24081979665266,-0.42782323406713946,0.0,0.4059046028487785,Normal,Normal,Routine,E001A
1096,109.24089395259601,-0.4278079386472462,0.0,0.3695854928949163,Abnormal,Abnormal,Monitor,E001A
1097,109.24097404691398,-0.4278089138880506,0.0,0.3886415497252816,Abnormal,Abnormal,Monitor,E001A
1098,109.24103084944407,-0.427807970249075,0.0,0.37503293878210225,Abnormal,Abnormal,Monitor,E001A
1099,109.24113470914021,-0.42781397527478143,0.0,0.37318500191089593,Abnormal,Abnormal,Monitor,E001A
1100,109.24120981386051,-0.4278096854209057,0.0,0.4243445666938106,Normal,Normal,Routine,E001A
1101,109.24130178954435,-0.42781903814036704,0.0,0.4243222926922429,Normal,Normal,Routine,E001A
1102,109.24137547040162,-0.42779943631635353,0.0,0.4254408672465401,Normal,Normal,Routine,E001A
1103,109.24146205630558,-0.42780548889684095,0.0,0.46138546614944576,Normal,Normal,Routine,E001A
1104,109.24153668124909,-0.4278174691289998,0.0,0.4810086653696107,Normal,Normal,Routine,E001A
1105,109.24162692095456,-0.4278133708577462,0.0,0.4150231661560299,Normal,Normal,Routine,E001A
1106,109.24171706467402,-0.4278047781816195,0.0,0.4256192526318739,Normal,Normal,Routine,E001A
1107,109.24180222993185,-0.4278011534949905,0.0,0.40580140827260025,Normal,Normal,Routine,E001A
1108,109.24186467207292,-0.4277992299825384,0.0,0.41359590378586564,Normal,Normal,Routine,E001A
1109,109.24193597072552,-0.4278112094456803,0.0,0.4248308733387658,Normal,Normal,Routine,E001A
1110,109.24202549326458,-0.4278047598172857,0.0,0.412753709538195,Normal,Normal,Routine,E001A
1111,109.24211054188876,-0.427812411748783,0.0,0.4004701320003734,Normal,Normal,Routine,E001A
1112,109.2421889736097,-0.42780525149065474,0.0,0.39701167496962886,Abnormal,Abnormal,Monitor,E001A
1113,109.24226264984348,-0.42781005405396827,0.0,0.3926755954592266,Abnormal,Abnormal,Monitor,E001A
1114,109.24234133737387,-0.4278195809441398,0.0,0.3927582319558437,Abnormal,Abnormal,Monitor,E001A
1115,109.24241471445963,-0.4278245109445635,0.0,0.42532479580567806,Normal,Normal,Routine,E001A
1116,109.2424969829702,-0.42780836551423007,0.0,0.404407464899961,Normal,Normal,Routine,E001A
1117,109.2425892243585,-0.42780302789194113,0.0,0.45972670055533477,Normal,Normal,Routine,E001A
1118,109.24266335267605,-0.42780284694537923,0.0,0.45130415949568475,Normal,Normal,Routine,E001A
1119,109.24274627904852,-0.42781295085143645,0.0,0.49285734850926705,Normal,Normal,Routine,E001A
1120,109.24281231704126,-0.427806955180977,0.0,0.45731630024696424,Normal,Normal,Routine,E001A
1121,109.24286242399103,-0.42782136413750965,0.0,0.40609268814119304,Normal,Normal,Routine,E001A
1122,109.24070193011069,-0.42774664235359455,0.0,0.43070827041148996,Normal,Normal,Routine,E001A
1123,109.24077560647576,-0.42774665936107464,0.0,0.4260838512572453,Normal,Normal,Routine,E001A
1124,109.2410270610034,-0.4277467174015712,0.0,0.4202548398150362,Normal,Normal,Routine,E001A
1125,109.24118178412314,-0.42774268646530117,0.0,0.4357413419207236,Normal,Normal,Routine,E001A
1126,109.24131843995268,-0.42775587649797975,0.0,0.4609820955709106,Normal,Normal,Routine,E001A
1127,109.24140970736977,-0.42774345707774836,0.0,0.46809546300629323,Normal,Normal,Routine,E001A
1128,109.24147055015607,-0.42774729812282714,0.0,0.46488246816296536,Normal,Normal,Routine,E001A
1129,109.24160357590641,-0.42776521229311887,0.0,0.4680605750791382,Normal,Normal,Routine,E001A
1130,109.24165830928436,-0.42774255678288414,0.0,0.43057575923871866,Normal,Normal,Routine,E001A
1131,109.2417625490553,-0.4277324698305061,0.0,0.4136457310613388,Normal,Normal,Routine,E001A
1132,109.24183854559918,-0.4277250521903651,0.0,0.4000282918837351,Normal,Normal,Routine,E001A
1133,109.24189796335668,-0.4277226731133974,0.0,0.38871394360083333,Abnormal,Abnormal,Monitor,E001A
1134,109.24196314785722,-0.427725016727672,0.0,0.44970553606855784,Normal,Normal,Routine,E001A
1135,109.24205108308867,-0.4277346081457563,0.0,0.3889488881507602,Abnormal,Abnormal,Monitor,E001A
1136,109.24214261505732,-0.4277361114095256,0.0,0.3756963905184066,Abnormal,Abnormal,Monitor,E001A
1137,109.242227017207,-0.4277346487249682,0.0,0.40714087458003184,Normal,Normal,Routine,E001A
1138,109.24231182000796,-0.4277331101703388,0.0,0.3916491285995678,Abnormal,Abnormal,Monitor,E001A
1139,109.24238869248052,-0.42774108937701427,0.0,0.463790981018998,Normal,Normal,Routine,E001A
1140,109.2424684778086,-0.4277422743268696,0.0,0.4200584512281146,Normal,Normal,Routine,E001A
1141,109.24254928836342,-0.42773032994491034,0.0,0.45388382102657016,Normal,Normal,Routine,E001A
1142,109.24260793719385,-0.4277399137020522,0.0,0.43557725219397214,Normal,Normal,Routine,E001A
1143,109.24269112695553,-0.4277136140634309,0.0,0.46640086814931003,Normal,Normal,Routine,E001A
1144,109.24276955415412,-0.427730380733668,0.0,0.4686521453981926,Normal,Normal,Routine,E001A
1145,109.24287721135585,-0.4277346168922082,0.0,0.46407278508081967,Normal,Normal,Routine,E001A
1146,109.24065583660004,-0.4276853797522349,0.0,0.41464890171142044,Normal,Normal,Routine,E001A
1147,109.2407390208305,-0.4276830070745296,0.0,0.45055935014533827,Normal,Normal,Routine,E001A
1148,109.24081412695001,-0.4276724965296298,0.0,0.43100815700969336,Normal,Normal,Routine,E001A
1149,109.24090158745713,-0.4276758662475446,0.0,0.4417672568625934,Normal,Normal,Routine,E001A
1150,109.2409700364503,-0.4276773180750488,0.0,0.4234303111644952,Normal,Normal,Routine,E001A
1151,109.24106255503007,-0.4276732899620473,0.0,0.4171225001348907,Normal,Normal,Routine,E001A
1152,109.2411373580668,-0.4276644360226484,0.0,0.4036668735543108,Normal,Normal,Routine,E001A
1153,109.2412248649406,-0.4276733274146766,0.0,0.42288944340160667,Normal,Normal,Routine,E001A
1154,109.24130188206333,-0.4276730874589575,0.0,0.4318840597244525,Normal,Normal,Routine,E001A
1155,109.24138744347827,-0.4276692910457632,0.0,0.430040978485582,Normal,Normal,Routine,E001A
1156,109.24145825552293,-0.4276642749424511,0.0,0.38996863768318135,Abnormal,Abnormal,Monitor,E001A
1157,109.24153143163235,-0.4276719494530369,0.0,0.429240619565102,Normal,Normal,Routine,E001A
1158,109.2416155458884,-0.42766837516119194,0.0,0.4449224979365144,Normal,Normal,Routine,E001A
1159,109.24169980657922,-0.42767263939207334,0.0,0.4303491597363842,Normal,Normal,Routine,E001A
1160,109.24178112764415,-0.4276592708621421,0.0,0.44106970944025137,Normal,Normal,Routine,E001A
1161,109.24184807307637,-0.42763652682735864,0.0,0.36675581370956517,Abnormal,Abnormal,Monitor,E001A
1162,109.24193939513441,-0.427660410614551,0.0,0.45423125479667575,Normal,Normal,Routine,E001A
1163,109.2420340705676,-0.42765616143019536,0.0,0.3756645395143612,Abnormal,Abnormal,Monitor,E001A
1164,109.24210061828373,-0.42765617677724005,0.0,0.37486983581091005,Abnormal,Abnormal,Monitor,E001A
1165,109.24218380094528,-0.42766098062317315,0.0,0.3563982485380388,Abnormal,Abnormal,Monitor,E001A
1166,109.24227547732,-0.4276634587530465,0.0,0.3919288499403272,Abnormal,Abnormal,Monitor,E001A
1167,109.24234612504628,-0.42766619608946227,0.0,0.42751967168384286,Normal,Normal,Routine,E001A
1168,109.24241781638055,-0.42767766108856875,0.0,0.42825962020080915,Normal,Normal,Routine,E001A
1169,109.24250414483895,-0.42767050354542296,0.0,0.40446137133337295,Normal,Normal,Routine,E001A
1170,109.2425778238062,-0.4276633421799502,0.0,0.4326644106434455,Normal,Normal,Routine,E001A
1171,109.24266499392799,-0.4276681478458332,0.0,0.4640713858826582,Normal,Normal,Routine,E001A
1172,109.2427513225594,-0.4276602786124039,0.0,0.4811864526629412,Normal,Normal,Routine,E001A
1173,109.24282904636334,-0.42766146217570683,0.0,0.4536400004760875,Normal,Normal,Routine,E001A
1174,109.24066964155023,-0.4275973347139196,0.0,0.4080330220186234,Normal,Normal,Routine,E001A
1175,109.24077231111946,-0.4276107565386793,0.0,0.4178781179802901,Normal,Normal,Routine,E001A
1176,109.24086547993461,-0.4275992934070927,0.0,0.4427903490951123,Normal,Normal,Routine,E001A
1177,109.24093202758154,-0.42759548085328375,0.0,0.39535065826315147,Abnormal,Abnormal,Monitor,E001A
1178,109.24101378484755,-0.42759932762615366,0.0,0.3817538077684714,Abnormal,Abnormal,Monitor,E001A
1179,109.24109744550469,-0.42759551901893594,0.0,0.4129008229356259,Normal,Normal,Routine,E001A
1180,109.24119141101207,-0.42760419034406294,0.0,0.3695716596524732,Abnormal,Abnormal,Monitor,E001A
1181,109.24125430463843,-0.42760369030587425,0.0,0.3913042747372799,Abnormal,Abnormal,Monitor,E001A
1182,109.24134467811719,-0.42760377083802353,0.0,0.3628581874799929,Abnormal,Abnormal,Monitor,E001A
1183,109.24141592147888,-0.42759415736129186,0.0,0.41840737304756215,Normal,Normal,Routine,E001A
1184,109.2415056568119,-0.4275959043723792,0.0,0.4256001367941275,Normal,Normal,Routine,E001A
1185,109.24158941941585,-0.4275941973799508,0.0,0.3969420934891536,Abnormal,Abnormal,Monitor,E001A
1186,109.2417192910069,-0.4275898695016203,0.0,0.4381641940459649,Normal,Normal,Routine,E001A
1187,109.24180530441708,-0.42758148565870885,0.0,0.3948958507536983,Abnormal,Abnormal,Monitor,E001A
1188,109.24189425489425,-0.42758622843698474,0.0,0.43266207715203203,Normal,Normal,Routine,E001A
1189,109.24196793220344,-0.4275862454267751,0.0,0.45463360963965493,Normal,Normal,Routine,E001A
1190,109.24207853749256,-0.4275865277525598,0.0,0.4448999655099784,Normal,Normal,Routine,E001A
1191,109.24214932855023,-0.4275791089018159,0.0,0.436122103063616,Normal,Normal,Routine,E001A
1192,109.24222674319184,-0.42758876118733385,0.0,0.4544246762901455,Normal,Normal,Routine,E001A
1193,109.2423112065789,-0.427594524789264,0.0,0.4477279344109911,Normal,Normal,Routine,E001A
1194,109.2423726755804,-0.42760587167825304,0.0,0.4560539919304468,Normal,Normal,Routine,E001A
1195,109.24246022209519,-0.4275987144132553,0.0,0.4468401168913393,Normal,Normal,Routine,E001A
1196,109.24261747574181,-0.4275987506640411,0.0,0.42491408654519386,Normal,Normal,Routine,E001A
1197,109.24270303798053,-0.42759159203327285,0.0,0.47766658869901096,Normal,Normal,Routine,E001A
1198,109.24279604297257,-0.4275978233161342,0.0,0.4693952935456012,Normal,Normal,Routine,E001A
1199,109.24286734511671,-0.42759066139601903,0.0,0.4447336647422517,Normal,Normal,Routine,E001A
1200,109.24067916061341,-0.42754182726394396,0.0,0.40959977052001795,Normal,Normal,Routine,E001A
1201,109.24074570694582,-0.42754375702487635,0.0,0.44096185192689524,Normal,Normal,Routine,E001A
1202,109.24081035514911,-0.42753420171683104,0.0,0.435888614074227,Normal,Normal,Routine,E001A
1203,109.24089401405355,-0.42753804892677477,0.0,0.4124324377861109,Normal,Normal,Routine,E001A
1204,109.24097957675788,-0.42752849844134,0.0,0.4274710999582851,Normal,Normal,Routine,E001A
1205,109.24105943281663,-0.4275304303654845,0.0,0.41437861091630374,Normal,Normal,Routine,E001A
1206,109.24114737094368,-0.4275271011168771,0.0,0.4343247673108655,Normal,Normal,Routine,E001A
1207,109.2412258029745,-0.42752233364302467,0.0,0.45441679878456814,Normal,Normal,Routine,E001A
1208,109.24128522125505,-0.4275175626868404,0.0,0.4342859229047795,Normal,Normal,Routine,E001A
1209,109.24140798766956,-0.42752819122831587,0.0,0.41267886099854045,Normal,Normal,Routine,E001A
1210,109.24145481355497,-0.42752124161586097,0.0,0.4031999885624359,Normal,Normal,Routine,E001A
1211,109.24153477057888,-0.4275295832508791,0.0,0.4160071418323986,Normal,Normal,Routine,E001A
1212,109.24161709686801,-0.42752777012054155,0.0,0.424025189790614,Normal,Normal,Routine,E001A
1213,109.24173374228265,-0.42750763017843946,0.0,0.39646601213488414,Abnormal,Abnormal,Monitor,E001A
1214,109.24186948781289,-0.42752647005767636,0.0,0.43134496749752893,Normal,Normal,Routine,E001A
1215,109.24193841308886,-0.427519308503363,0.0,0.4570842794782773,Normal,Normal,Routine,E001A
1216,109.2420304554445,-0.42752004050566395,0.0,0.44761483325614587,Normal,Normal,Routine,E001A
1217,109.24210914272508,-0.4275148191192371,0.0,0.42732002479817355,Normal,Normal,Routine,E001A
1218,109.24217132919136,-0.42751936220100667,0.0,0.39744755790250064,Abnormal,Abnormal,Monitor,E001A
1219,109.24227191773416,-0.42751220703708004,0.0,0.40859765934536174,Normal,Normal,Routine,E001A
1220,109.24243268068709,-0.427529064118132,0.0,0.4641064109747767,Normal,Normal,Routine,E001A
1221,109.24249923078304,-0.4275147236563978,0.0,0.43346968875441566,Normal,Normal,Routine,E001A
1222,109.24257747289577,-0.4275197840801935,0.0,0.40810050623936384,Normal,Normal,Routine,E001A
1223,109.24265314494404,-0.42751740873600214,0.0,0.4279050293038241,Normal,Normal,Routine,E001A
1224,109.24272682119451,-0.4275222112845984,0.0,0.4358210174026541,Normal,Normal,Routine,E001A
1225,109.24281713819174,-0.4275102690792952,0.0,0.48178571004821774,Normal,Normal,Routine,E001A
1226,109.24069890540018,-0.4274635934569992,0.0,0.4051612092031015,Normal,Normal,Routine,E001A
1227,109.24078042376854,-0.42746720053103937,0.0,0.42718870132283426,Normal,Normal,Routine,E001A
1228,109.24087691676276,-0.4274729651053173,0.0,0.410044321163126,Normal,Normal,Routine,E001A
1229,109.24095107139514,-0.4274634119857828,0.0,0.4189969350998548,Normal,Normal,Routine,E001A
1230,109.24100811261789,-0.42745959632921704,0.0,0.4152346833058756,Normal,Normal,Routine,E001A
1231,109.24110222963687,-0.42745770453421145,0.0,0.4040726690580265,Normal,Normal,Routine,E001A
1232,109.24116544856155,-0.42746059117704044,0.0,0.43943411573154056,Normal,Normal,Routine,E001A
1233,109.24134607859989,-0.42745345448528266,0.0,0.43367023668489657,Normal,Normal,Routine,E001A
1234,109.24141833097953,-0.42745059908364397,0.0,0.43342325889734495,Normal,Normal,Routine,E001A
1235,109.24149723602976,-0.42745540284399913,0.0,0.4127420114572072,Normal,Normal,Routine,E001A
1236,109.24157553070798,-0.42745822604185674,0.0,0.4219081592452419,Normal,Normal,Routine,E001A
1237,109.24165545911208,-0.4274541950064343,0.0,0.4486767390600993,Normal,Normal,Routine,E001A
1238,109.24175243419712,-0.4274298120601122,0.0,0.4194918264763317,Normal,Normal,Routine,E001A
1239,109.24230525626781,-0.4274569347194,0.0,0.4325511245040206,Normal,Normal,Routine,E001A
1240,109.2423679545668,-0.42746231258716444,0.0,0.457822907547162,Normal,Normal,Routine,E001A
1241,109.2424650071305,-0.4274568377001164,0.0,0.46334648978574056,Normal,Normal,Routine,E001A
1242,109.24255750546092,-0.4274434120387225,0.0,0.4599149459763283,Normal,Normal,Routine,E001A
1243,109.24260800249863,-0.4274527976746832,0.0,0.4290744363456401,Normal,Normal,Routine,E001A
1244,109.24278625529861,-0.4274480531792854,0.0,0.43756227588574903,Normal,Normal,Routine,E001A
1245,109.24287419546387,-0.427436110421695,0.0,0.43574494927861795,Normal,Normal,Routine,E001A
1246,109.24066778424358,-0.4274025730519415,0.0,0.41862482870975104,Normal,Normal,Routine,E001A
1247,109.24073052872896,-0.4274021091490467,0.0,0.43475843412919085,Normal,Normal,Routine,E001A
1248,109.24082369623149,-0.4273963883227381,0.0,0.4667173207449977,Normal,Normal,Routine,E001A
1249,109.24097485448841,-0.42739450968201836,0.0,0.3559560660280651,Abnormal,Abnormal,Monitor,E001A
1250,109.24105280920047,-0.4273911781258644,0.0,0.4286676609759501,Normal,Normal,Routine,E001A
1251,109.24114027292843,-0.4273883262326815,0.0,0.4188752796509855,Normal,Normal,Routine,E001A
1252,109.24122235741153,-0.42738717861110326,0.0,0.43594782254268843,Normal,Normal,Routine,E001A
1253,109.2412923818835,-0.4273811838628069,0.0,0.4057239224358198,Normal,Normal,Routine,E001A
1254,109.24138507074336,-0.4273907754605684,0.0,0.4242766577490021,Normal,Normal,Routine,E001A
1255,109.24147312144734,-0.42739016727149953,0.0,0.3848412591634711,Abnormal,Abnormal,Monitor,E001A
1256,109.24154287781285,-0.4273939615272865,0.0,0.3955318055231532,Abnormal,Abnormal,Monitor,E001A
1257,109.24162102944037,-0.4273898830561935,0.0,0.4256814313460641,Normal,Normal,Routine,E001A
1258,109.24168413979272,-0.42738047658618433,0.0,0.44663425545917057,Normal,Normal,Routine,E001A
1259,109.24177920569466,-0.42738528406672743,0.0,0.3898025587531858,Abnormal,Abnormal,Monitor,E001A
1260,109.2418576388384,-0.42737573101211657,0.0,0.38632124499368853,Abnormal,Abnormal,Monitor,E001A
1261,109.24195483897309,-0.42738876632382405,0.0,0.406409138408838,Normal,Normal,Routine,E001A
1262,109.2421856203053,-0.42738298495422683,0.0,0.4127466792045466,Normal,Normal,Routine,E001A
1263,109.24226404984708,-0.42738539581220736,0.0,0.4328316830112037,Normal,Normal,Routine,E001A
1264,109.2423371329253,-0.42739149499122386,0.0,0.43507609966101946,Normal,Normal,Routine,E001A
1265,109.24241794183682,-0.42738672804399774,0.0,0.4515668515795235,Normal,Normal,Routine,E001A
1266,109.24251326362297,-0.4273922481669126,0.0,0.4270323904372063,Normal,Normal,Routine,E001A
1267,109.24258932105164,-0.42737790988942054,0.0,0.4016993120760442,Normal,Normal,Routine,E001A
1268,109.24266299713697,-0.4273834232146643,0.0,0.4136274946772534,Normal,Normal,Routine,E001A
1269,109.24274348859248,-0.42738822732798826,0.0,0.4507884418184211,Normal,Normal,Routine,E001A
1270,109.2428359883738,-0.42736451973747674,0.0,0.43656952389002635,Normal,Normal,Routine,E001A
1271,109.24289322065484,-0.42738586903760134,0.0,0.4199337145766696,Normal,Normal,Routine,E001A
1272,109.2406953738611,-0.4273154879408348,0.0,0.42617207761104403,Normal,Normal,Routine,E001A
1273,109.24078403699164,-0.4273037488491467,0.0,0.41453060985972673,Normal,Normal,Routine,E001A
1274,109.24086079042328,-0.42731744049291515,0.0,0.39019899920287093,Abnormal,Abnormal,Monitor,E001A
1275,109.24095253084725,-0.4273184183982203,0.0,0.44700025548612266,Normal,Normal,Routine,E001A
1276,109.24102311778408,-0.4273196319694045,0.0,0.40002649374435817,Normal,Normal,Routine,E001A
1277,109.2410951332504,-0.4273117522108945,0.0,0.4118161989972599,Normal,Normal,Routine,E001A
1278,109.2412572214188,-0.42731514001836224,0.0,0.38606237449209907,Abnormal,Abnormal,Monitor,E001A
1279,109.24133924770071,-0.4273092420810473,0.0,0.39638330447129333,Abnormal,Abnormal,Monitor,E001A
1280,109.24149863147339,-0.42731532860149984,0.0,0.3584671220204865,Abnormal,Abnormal,Monitor,E001A
1281,109.24158181573716,-0.4273129549925881,0.0,0.4114767740080664,Normal,Normal,Routine,E001A
1282,109.24174793407323,-0.4273063792149623,0.0,0.39098217774989297,Abnormal,Abnormal,Monitor,E001A
1283,109.24180061424131,-0.42730633167206306,0.0,0.41672087155522114,Normal,Normal,Routine,E001A
1284,109.24189806078913,-0.4272943911161746,0.0,0.40418941249103785,Normal,Normal,Routine,E001A
1285,109.242001271255,-0.4272996146373848,0.0,0.4253988294685109,Normal,Normal,Routine,E001A
1286,109.24206823104242,-0.4273006510240949,0.0,0.41471526475998016,Normal,Normal,Routine,E001A
1287,109.24215318979618,-0.4273045346838962,0.0,0.43964036343046836,Normal,Normal,Routine,E001A
1288,109.24230453220758,-0.42730308649829246,0.0,0.4178192235742296,Normal,Normal,Routine,E001A
1289,109.24235854191333,-0.4273106055557155,0.0,0.43701913033974704,Normal,Normal,Routine,E001A
1290,109.24245592626406,-0.4273115964996298,0.0,0.4285131118594078,Normal,Normal,Routine,E001A
1291,109.24254064205871,-0.4273174297765497,0.0,0.44817611753010933,Normal,Normal,Routine,E001A
1292,109.24263763595881,-0.4273092455753768,0.0,0.4109999240787583,Normal,Normal,Routine,E001A
1293,109.24269121999153,-0.4273044732538225,0.0,0.4355404141231257,Normal,Normal,Routine,E001A
1294,109.24276924896485,-0.4272908941335465,0.0,0.4533827830810805,Normal,Normal,Routine,E001A
1295,109.24287216370134,-0.4273011536384212,0.0,0.4407931174875775,Normal,Normal,Routine,E001A
1296,109.24073721808921,-0.427248504216313,0.0,0.41818561357300904,Normal,Normal,Routine,E001A
1297,109.24081566064598,-0.42724475950350627,0.0,0.46236293336119727,Normal,Normal,Routine,E001A
1298,109.24089122794514,-0.4272444721762243,0.0,0.3920196922003847,Abnormal,Abnormal,Monitor,E001A
1299,109.24097869095604,-0.4272447310759156,0.0,0.4048541332779526,Normal,Normal,Routine,E001A
1300,109.24105712044515,-0.4272471419388948,0.0,0.3839025717484912,Abnormal,Abnormal,Monitor,E001A
1301,109.24114506052749,-0.4272351992028533,0.0,0.41439102700032654,Normal,Normal,Routine,E001A
1302,109.24130936456346,-0.4272472597682542,0.0,0.4134583101861297,Normal,Normal,Routine,E001A
1303,109.24137828655071,-0.42725445400264844,0.0,0.38769610365363133,Abnormal,Abnormal,Monitor,E001A
1304,109.24144862113762,-0.4272515013905737,0.0,0.3513420214076658,Abnormal,Abnormal,Monitor,E001A
1305,109.24153930578116,-0.42725001301104626,0.0,0.4149200097375072,Normal,Normal,Routine,E001A
1306,109.24170556104262,-0.4272417082348685,0.0,0.41436950116455196,Normal,Normal,Routine,E001A
1307,109.24178399254883,-0.427239334429272,0.0,0.417879226561317,Normal,Normal,Routine,E001A
1308,109.24187821594684,-0.4272398697841644,0.0,0.43206823003919503,Normal,Normal,Routine,E001A
1309,109.2419527395678,-0.4272274093938948,0.0,0.43394771851991354,Normal,Normal,Routine,E001A
1310,109.24203741453647,-0.4272230584100124,0.0,0.4643968987439868,Normal,Normal,Routine,E001A
1311,109.24211673081709,-0.4272327111193191,0.0,0.4329527520084209,Normal,Normal,Routine,E001A
1312,109.24219907516282,-0.4272266432307926,0.0,0.41166456513600846,Normal,Normal,Routine,E001A
1313,109.24227178494567,-0.4272349777533316,0.0,0.4249054212201465,Normal,Normal,Routine,E001A
1314,109.24233452461678,-0.427240118696084,0.0,0.43164958011546584,Normal,Normal,Routine,E001A
1315,109.24240435283645,-0.4272401347812375,0.0,0.42424469291448735,Normal,Normal,Routine,E001A
1316,109.24250212147354,-0.4272379498992243,0.0,0.42878259948010355,Normal,Normal,Routine,E001A
1317,109.24257239803116,-0.4272494145554023,0.0,0.4295897843261924,Normal,Normal,Routine,E001A
1318,109.2426603998368,-0.42723100604340103,0.0,0.43244207141635654,Normal,Normal,Routine,E001A
1319,109.24275263630044,-0.42723943187388336,0.0,0.42638461560764035,Normal,Normal,Routine,E001A
1320,109.24078904583166,-0.4271810435101558,0.0,0.42517396727172124,Normal,Normal,Routine,E001A
1321,109.2408670012415,-0.42718249751172627,0.0,0.41877418971659364,Normal,Normal,Routine,E001A
1322,109.24093877599101,-0.42718634196586364,0.0,0.3947674073491267,Abnormal,Abnormal,Monitor,E001A
1323,109.24102386492011,-0.4271705697583926,0.0,0.44655343839223055,Normal,Normal,Routine,E001A
1324,109.24109521025927,-0.42717854767528585,0.0,0.43781297969903926,Normal,Normal,Routine,E001A
1325,109.24118357690148,-0.42717108494472583,0.0,0.3501529017863583,Abnormal,Abnormal,Monitor,E001A
1326,109.24126204316124,-0.42717378880502466,0.0,0.38768434464591506,Abnormal,Abnormal,Monitor,E001A
1327,109.24133521004333,-0.4271706415146439,0.0,0.42664005601542293,Normal,Normal,Routine,E001A
1328,109.2414139008145,-0.4271775748453653,0.0,0.3828722676725965,Abnormal,Abnormal,Monitor,E001A
1329,109.24149732312313,-0.42717516692269253,0.0,0.3754996988150451,Abnormal,Abnormal,Monitor,E001A
1330,109.24157881976487,-0.42717570748399203,0.0,0.43626242025068723,Normal,Normal,Routine,E001A
1331,109.2416610602283,-0.42716813662658276,0.0,0.41883327046779767,Normal,Normal,Routine,E001A
1332,109.24175369894475,-0.42716919882234894,0.0,0.38300724535965835,Abnormal,Abnormal,Monitor,E001A
1333,109.24182357124135,-0.42718069955716936,0.0,0.3679317198671405,Abnormal,Abnormal,Monitor,E001A
1334,109.24190305358182,-0.42717108343376486,0.0,0.3920481209286276,Abnormal,Abnormal,Monitor,E001A
1335,109.24197479507943,-0.42716727204986676,0.0,0.42243918254323237,Normal,Normal,Routine,E001A
1336,109.24206409373616,-0.42717357752120083,0.0,0.42484319783897145,Normal,Normal,Routine,E001A
1337,109.24214200192486,-0.42716565931079936,0.0,0.3996657381067751,Abnormal,Abnormal,Monitor,E001A
1338,109.2422313653324,-0.42716376548650425,0.0,0.42584974962374617,Normal,Normal,Routine,E001A
1339,109.24231650947395,-0.4271661661254051,0.0,0.45218331926408734,Normal,Normal,Routine,E001A
1340,109.24238186941139,-0.4271713067647544,0.0,0.4136879720838982,Normal,Normal,Routine,E001A
1341,109.24244841754246,-0.42716557977110303,0.0,0.44009756342908474,Normal,Normal,Routine,E001A
1342,109.24255249678322,-0.42718215970973866,0.0,0.46136062780432024,Normal,Normal,Routine,E001A
1343,109.24263022205712,-0.4271728641977925,0.0,0.4466286519399056,Normal,Normal,Routine,E001A
1344,109.24271102961264,-0.42717410813589135,0.0,0.4719052184887436,Normal,Normal,Routine,E001A
1345,109.24277681267583,-0.4271633268151651,0.0,0.45867811031661926,Normal,Normal,Routine,E001A
1346,109.24286237255187,-0.42717052486976814,0.0,0.4269330760975113,Normal,Normal,Routine,E001A
1347,109.24073458357422,-0.42710581295779093,0.0,0.426378193282036,Normal,Normal,Routine,E001A
1348,109.24081853400827,-0.4271035281469456,0.0,0.4486553791301468,Normal,Normal,Routine,E001A
1349,109.24089601303504,-0.42711024597515984,0.0,0.3796220185542221,Abnormal,Abnormal,Monitor,E001A
1350,109.24098395147543,-0.42710548067775533,0.0,0.4280512991718574,Normal,Normal,Routine,E001A
1351,109.24105049833298,-0.42710908518759927,0.0,0.4420504251668403,Normal,Normal,Routine,E001A
1352,109.24113558277651,-0.4271091047953,0.0,0.4268017325686636,Normal,Normal,Routine,E001A
1353,109.2412192419096,-0.4271119952318985,0.0,0.4074622816175249,Normal,Normal,Routine,E001A
1354,109.24129814849829,-0.42710603236183714,0.0,0.42016036632076764,Normal,Normal,Routine,E001A
1355,109.24138656347759,-0.42709935276123256,0.0,0.43522914575965177,Normal,Normal,Routine,E001A
1356,109.24155066369612,-0.42710319858481205,0.0,0.4174965042184077,Normal,Normal,Routine,E001A
1357,109.2416303038986,-0.4270866537366468,0.0,0.4669261759768302,Normal,Normal,Routine,E001A
1358,109.24170321793513,-0.42709336417712773,0.0,0.4191162113038854,Normal,Normal,Routine,E001A
1359,109.24177554341809,-0.42709694650092034,0.0,0.4008925449894685,Normal,Normal,Routine,E001A
1360,109.24185953221622,-0.42709997084358603,0.0,0.4209243185795821,Normal,Normal,Routine,E001A
1361,109.24194013925162,-0.4270940608055099,0.0,0.4449565100061285,Normal,Normal,Routine,E001A
1362,109.24203254183348,-0.42709073797851277,0.0,0.4293637089341736,Normal,Normal,Routine,E001A
1363,109.24220753092682,-0.42708693318604907,0.0,0.4127469957857833,Normal,Normal,Routine,E001A
1364,109.24227112421603,-0.42709092585675756,0.0,0.4007332535019659,Normal,Normal,Routine,E001A
1365,109.24235165652186,-0.42708980678939523,0.0,0.42563502427368577,Normal,Normal,Routine,E001A
1366,109.24243466770267,-0.4270902925243448,0.0,0.44137730598628644,Normal,Normal,Routine,E001A
1367,109.24259117482276,-0.42708658746128414,0.0,0.44174838170041825,Normal,Normal,Routine,E001A
1368,109.24267434904053,-0.427081188030211,0.0,0.4566167823675157,Normal,Normal,Routine,E001A
1369,109.24274355601275,-0.427091540141536,0.0,0.4345483611346508,Normal,Normal,Routine,E001A
1370,109.24282852176233,-0.42708452784517253,0.0,0.4881088942584602,Normal,Normal,Routine,E001A
1371,109.24070014360872,-0.4270354792952412,0.0,0.41866785725494765,Normal,Normal,Routine,E001A
1372,109.2407838487624,-0.42704131234064063,0.0,0.42896047042840085,Normal,Normal,Routine,E001A
1373,109.24085324765609,-0.42704084995800357,0.0,0.42318645125933685,Normal,Normal,Routine,E001A
1374,109.24093643297589,-0.4270336907803992,0.0,0.36357682013533155,Abnormal,Abnormal,Monitor,E001A
1375,109.24101486346837,-0.42703562325945454,0.0,0.41483189154415206,Normal,Normal,Routine,E001A
1376,109.24110232204845,-0.42705143523289235,0.0,0.4162306545409732,Normal,Normal,Routine,E001A
1377,109.24121878600569,-0.42702322886024313,0.0,0.4164659406703252,Normal,Normal,Routine,E001A
1378,109.24126869372081,-0.42703663849428897,0.0,0.4087744998634489,Normal,Normal,Routine,E001A
1379,109.24133261335906,-0.4270353211836517,0.0,0.38569977737352934,Abnormal,Abnormal,Monitor,E001A
1380,109.24138545494947,-0.42703243597375795,0.0,0.42417501531825413,Normal,Normal,Routine,E001A
1381,109.24149335738791,-0.4270283399265102,0.0,0.37503444444975886,Abnormal,Abnormal,Monitor,E001A
1382,109.2415782819441,-0.4270323736852948,0.0,0.4253711518025599,Normal,Normal,Routine,E001A
1383,109.24164578805868,-0.4270444119301371,0.0,0.4299930125331821,Normal,Normal,Routine,E001A
1384,109.24174561196926,-0.427030079127709,0.0,0.40990047411286396,Normal,Normal,Routine,E001A
1385,109.24182157186492,-0.42702181954529533,0.0,0.3622877418923242,Abnormal,Abnormal,Monitor,E001A
1386,109.2419099472925,-0.42702722320903164,0.0,0.36751821246523303,Abnormal,Abnormal,Monitor,E001A
1387,109.24198759803588,-0.42701768713882066,0.0,0.42306672565022807,Normal,Normal,Routine,E001A
1388,109.24206765582147,-0.42703334367289764,0.0,0.3622837181598369,Abnormal,Abnormal,Monitor,E001A
1389,109.24213885566392,-0.427025582164753,0.0,0.392228858697658,Abnormal,Abnormal,Monitor,E001A
1390,109.24222538999484,-0.42702549447835125,0.0,0.4148797954314816,Normal,Normal,Routine,E001A
1391,109.24229367277549,-0.4270193717962819,0.0,0.4264625514417143,Normal,Normal,Routine,E001A
1392,109.24238800195927,-0.4270327988930658,0.0,0.45133959208256924,Normal,Normal,Routine,E001A
1393,109.24246337787135,-0.42701720798727005,0.0,0.4376988498287442,Normal,Normal,Routine,E001A
1394,109.24255508672661,-0.4270230437648964,0.0,0.4471349179726827,Normal,Normal,Routine,E001A
1395,109.24262613910791,-0.42701204209993526,0.0,0.44660103260254375,Normal,Normal,Routine,E001A
1396,109.24271247889628,-0.42701432273094153,0.0,0.4919927651339238,Normal,Normal,Routine,E001A
1397,109.24279354422414,-0.427019673158699,0.0,0.4833802426319443,Normal,Normal,Routine,E001A
1398,109.24287135907322,-0.4270115206954065,0.0,0.45886419342313,Normal,Normal,Routine,E001A
1399,109.24067097118639,-0.426976684832441,0.0,0.36545350124987847,Abnormal,Abnormal,Monitor,E001A
1400,109.24074346056992,-0.42697430875410314,0.0,0.41326136143356296,Normal,Normal,Routine,E001A
1401,109.24082189331034,-0.4269623638202038,0.0,0.42874720249760084,Normal,Normal,Routine,E001A
1402,109.24090745437049,-0.42695999075130403,0.0,0.4076229850319969,Normal,Normal,Routine,E001A
1403,109.24098128076491,-0.42695993270305677,0.0,0.3998026873614337,Abnormal,Abnormal,Monitor,E001A
1404,109.24107144557267,-0.4269650682057312,0.0,0.40557142274807295,Normal,Normal,Routine,E001A
1405,109.24115225102443,-0.42697130660856614,0.0,0.4159083455022157,Normal,Normal,Routine,E001A
1406,109.24123448500418,-0.4269684543938745,0.0,0.4077423464474393,Normal,Normal,Routine,E001A
1407,109.2413092528656,-0.42696416533122405,0.0,0.3941855688734787,Abnormal,Abnormal,Monitor,E001A
1408,109.24138519664996,-0.4269595238605974,0.0,0.4141304935464346,Normal,Normal,Routine,E001A
1409,109.24146465245151,-0.426959869518613,0.0,0.4249031529969897,Normal,Normal,Routine,E001A
1410,109.24154805036399,-0.4269580882611715,0.0,0.4268260433351187,Normal,Normal,Routine,E001A
1411,109.2416244544917,-0.4269516084473394,0.0,0.42665198355769884,Normal,Normal,Routine,E001A
1412,109.24168312874733,-0.42695589297808717,0.0,0.4148891619225069,Normal,Normal,Routine,E001A
1413,109.24177695189718,-0.42695866366239027,0.0,0.42209429833472906,Normal,Normal,Routine,E001A
1414,109.24183969804707,-0.4269510222894913,0.0,0.4132793464516993,Normal,Normal,Routine,E001A
1415,109.24194286067723,-0.4269493079749472,0.0,0.43613537238252237,Normal,Normal,Routine,E001A
1416,109.24202766951252,-0.42695669575634704,0.0,0.41327275700158556,Normal,Normal,Routine,E001A
1417,109.24209272608823,-0.42695670983073225,0.0,0.3602182717116263,Abnormal,Abnormal,Monitor,E001A
1418,109.24218691276174,-0.42696079273696025,0.0,0.4122929693164682,Normal,Normal,Routine,E001A
1419,109.2422553401471,-0.426954737004646,0.0,0.4329235353778062,Normal,Normal,Routine,E001A
1420,109.24235283674525,-0.42695980183917215,0.0,0.4067354938958134,Normal,Normal,Routine,E001A
1421,109.24242825809462,-0.42695375856635215,0.0,0.42271175706225717,Normal,Normal,Routine,E001A
1422,109.242497473608,-0.4269541461671465,0.0,0.4541019710218917,Normal,Normal,Routine,E001A
1423,109.2425855976534,-0.42694723316406935,0.0,0.4599881751749378,Normal,Normal,Routine,E001A
1424,109.24266681415538,-0.4269474381433001,0.0,0.45478375445403435,Normal,Normal,Routine,E001A
1425,109.24273577757354,-0.4269464565696495,0.0,0.4564540610030231,Normal,Normal,Routine,E001A
1426,109.24283216753562,-0.42694355604686024,0.0,0.480208863734125,Normal,Normal,Routine,E001A
1427,109.24289110437161,-0.4269665388968667,0.0,0.4538254811667252,Normal,Normal,Routine,E001A
1428,109.24064365430984,-0.42690729238487557,0.0,0.3938546229440432,Abnormal,Abnormal,Monitor,E001A
1429,109.24070069547012,-0.42690368741636886,0.0,0.4268057436727352,Normal,Normal,Routine,E001A
1430,109.24078625605587,-0.426907325238973,0.0,0.4123248827414431,Normal,Normal,Routine,E001A
1431,109.24085960770824,-0.4269013366702376,0.0,0.43355720551243565,Normal,Normal,Routine,E001A
1432,109.24094940953636,-0.42690283136897034,0.0,0.4003457264816464,Normal,Normal,Routine,E001A
1433,109.24102070910055,-0.4269066757022156,0.0,0.3884535830953847,Abnormal,Abnormal,Monitor,E001A
1434,109.2411086486316,-0.4268971248286894,0.0,0.3797670794391203,Abnormal,Abnormal,Monitor,E001A
1435,109.24118316636151,-0.4268906680956655,0.0,0.43061638921096157,Normal,Normal,Routine,E001A
1436,109.24126802757847,-0.42689270513785565,0.0,0.39888886808094604,Abnormal,Abnormal,Monitor,E001A
1437,109.2413260696914,-0.42689192091108275,0.0,0.4064937931933682,Normal,Normal,Routine,E001A
1438,109.24141590946736,-0.426888592066551,0.0,0.4319524970056776,Normal,Normal,Routine,E001A
1439,109.24149624205877,-0.42688861056581023,0.0,0.4053164328220195,Normal,Normal,Routine,E001A
1440,109.24157710719932,-0.42689315702693,0.0,0.4419408004377641,Normal,Normal,Routine,E001A
1441,109.24165765040416,-0.4268795079522512,0.0,0.39970230643510746,Abnormal,Abnormal,Monitor,E001A
1442,109.24173938171297,-0.42687910807875856,0.0,0.4133228712311598,Normal,Normal,Routine,E001A
1443,109.24181674761537,-0.42688969085273976,0.0,0.4138089437104788,Normal,Normal,Routine,E001A
1444,109.24190276286397,-0.42688900258754214,0.0,0.3839468168725334,Abnormal,Abnormal,Monitor,E001A
1445,109.24197672333426,-0.42688413547860377,0.0,0.39473685935546987,Abnormal,Abnormal,Monitor,E001A
1446,109.24206038269229,-0.4268822403297743,0.0,0.4230236432062024,Normal,Normal,Routine,E001A
1447,109.24215123171224,-0.4268808966506242,0.0,0.39412868280823415,Abnormal,Abnormal,Monitor,E001A
1448,109.24223298902653,-0.42688474338144566,0.0,0.43192517820901066,Normal,Normal,Routine,E001A
1449,109.24230558586866,-0.4268801463408029,0.0,0.3936088075685086,Abnormal,Abnormal,Monitor,E001A
1450,109.24238368632082,-0.4268800196282163,0.0,0.418169853018726,Normal,Normal,Routine,E001A
1451,109.24287069356562,-0.4268804753358955,0.0,0.43059687555748866,Normal,Normal,Routine,E001A
1452,109.24064367361764,-0.4268223540586259,0.0,0.4140465333453162,Normal,Normal,Routine,E001A
1453,109.24074111800468,-0.4268235728957203,0.0,0.4234968619069155,Normal,Normal,Routine,E001A
1454,109.24081874704137,-0.4268223708736586,0.0,0.4223194483918353,Normal,Normal,Routine,E001A
1455,109.24090343056054,-0.42682757835709556,0.0,0.39302938492395556,Abnormal,Abnormal,Monitor,E001A
1456,109.24097995951412,-0.42682903201418715,0.0,0.4043127323310059,Normal,Normal,Routine,E001A
1457,109.24105853011469,-0.4268231576795163,0.0,0.41711009991504877,Normal,Normal,Routine,E001A
1458,109.24114259013801,-0.426824875316833,0.0,0.42290906867742756,Normal,Normal,Routine,E001A
1459,109.24122727545429,-0.42682223978839035,0.0,0.4172589026460845,Normal,Normal,Routine,E001A
1460,109.2413084989249,-0.42681918115266326,0.0,0.40681002001600486,Normal,Normal,Routine,E001A
1461,109.24136886420398,-0.4268292436550815,0.0,0.40079207089729607,Normal,Normal,Routine,E001A
1462,109.24145680671343,-0.42681060182540664,0.0,0.4321120655311188,Normal,Normal,Routine,E001A
1463,109.24154386155638,-0.42682041365035406,0.0,0.43086267631979075,Normal,Normal,Routine,E001A
1464,109.2416199165431,-0.4268166141016923,0.0,0.40494433946887376,Normal,Normal,Routine,E001A
1465,109.24170832188548,-0.4268168162188381,0.0,0.3789827268081346,Abnormal,Abnormal,Monitor,E001A
1466,109.24178828074724,-0.42681709777779486,0.0,0.40967667809457514,Normal,Normal,Routine,E001A
1467,109.24186284683978,-0.4268113889015177,0.0,0.42625110476190053,Normal,Normal,Routine,E001A
1468,109.2419523608621,-0.4268146713240409,0.0,0.3732740131403821,Abnormal,Abnormal,Monitor,E001A
1469,109.24202387178724,-0.42681751101549387,0.0,0.40794863098380374,Normal,Normal,Routine,E001A
1470,109.24210215284563,-0.42681709496800885,0.0,0.41469532602973547,Normal,Normal,Routine,E001A
1471,109.24218254336876,-0.42681924943229954,0.0,0.33983303318590935,Abnormal,Abnormal,Monitor,E001A
1472,109.242279478198,-0.4268139553478553,0.0,0.40379061949814615,Normal,Normal,Routine,E001A
1473,109.2423608702365,-0.4268124521377043,0.0,0.4216070540792549,Normal,Normal,Routine,E001A
1474,109.2424292393475,-0.4268138288458777,0.0,0.422617216197936,Normal,Normal,Routine,E001A
1475,109.24250969850907,-0.4268065053287763,0.0,0.43946634264778683,Normal,Normal,Routine,E001A
1476,109.24260261544022,-0.42681279533338534,0.0,0.3951240388122765,Abnormal,Abnormal,Monitor,E001A
1477,109.2427595580047,-0.4268100877890363,0.0,0.44530498007736585,Normal,Normal,Routine,E001A
1478,109.24280115026978,-0.42680842258966417,0.0,0.44690753578996645,Normal,Normal,Routine,E001A
1479,109.24288806317507,-0.42679482197842816,0.0,0.43091309721730336,Normal,Normal,Routine,E001A
1480,109.24063774712235,-0.4267577512002629,0.0,0.37983867388188425,Abnormal,Abnormal,Monitor,E001A
1481,109.24069478854638,-0.4267529787739606,0.0,0.4403090291004656,Normal,Normal,Routine,E001A
1482,109.2407943693027,-0.42676089806942824,0.0,0.42589544254739903,Normal,Normal,Routine,E001A
1483,109.24086709770981,-0.4267542148475992,0.0,0.43936430045306524,Normal,Normal,Routine,E001A
1484,109.24094293696717,-0.426758830686171,0.0,0.42907131923406294,Normal,Normal,Routine,E001A
1485,109.24102104158192,-0.4267559395331094,0.0,0.38975664915929586,Abnormal,Abnormal,Monitor,E001A
1486,109.24110238881977,-0.4267576475000944,0.0,0.40905944275447426,Normal,Normal,Routine,E001A
1487,109.24119167888611,-0.4267501614501204,0.0,0.45255526768928883,Normal,Normal,Routine,E001A
1488,109.24126538532963,-0.4267483056110624,0.0,0.42470655027920234,Normal,Normal,Routine,E001A
1489,109.24133780077976,-0.4267472307907555,0.0,0.41522347371320467,Normal,Normal,Routine,E001A
1490,109.24142051831643,-0.4267470988153376,0.0,0.40883235866064066,Normal,Normal,Routine,E001A
1491,109.24150064378507,-0.42675730964810366,0.0,0.38849081296313814,Abnormal,Abnormal,Monitor,E001A
1492,109.24157327478618,-0.42676038290863405,0.0,0.43130678651106097,Normal,Normal,Routine,E001A
1493,109.24166090640145,-0.42674613319470517,0.0,0.4038230152565892,Normal,Normal,Routine,E001A
1494,109.24173696052515,-0.42674615070044064,0.0,0.3794577805650542,Abnormal,Abnormal,Monitor,E001A
1495,109.24182008092102,-0.42674814754050217,0.0,0.39129994600198564,Abnormal,Abnormal,Monitor,E001A
1496,109.24190618219819,-0.4267404473295883,0.0,0.38521867122004727,Abnormal,Abnormal,Monitor,E001A
1497,109.24198033381714,-0.4267442932102919,0.0,0.41734344134101636,Normal,Normal,Routine,E001A
1498,109.2420563896925,-0.4267366539862054,0.0,0.38941930228620186,Abnormal,Abnormal,Monitor,E001A
1499,109.24214482703701,-0.4267423786758661,0.0,0.3886956936086968,Abnormal,Abnormal,Monitor,E001A
1500,109.24222252166143,-0.4267374138483778,0.0,0.4051163043703761,Normal,Normal,Routine,E001A
1501,109.24230528956198,-0.4267411450540982,0.0,0.43141668771045755,Normal,Normal,Routine,E001A
1502,109.24246234740609,-0.4267409533061177,0.0,0.4147006779444589,Normal,Normal,Routine,E001A
1503,109.24258286037839,-0.42675441263662245,0.0,0.43422982900932633,Normal,Normal,Routine,E001A
1504,109.24264234679934,-0.4267384888945292,0.0,0.42435317148755985,Normal,Normal,Routine,E001A
1505,109.24270917654943,-0.42673471433624993,0.0,0.42310294335571186,Normal,Normal,Routine,E001A
1506,109.24279782965655,-0.42672396810251856,0.0,0.4950135513907578,Normal,Normal,Routine,E001A
1507,109.2428717468445,-0.426739764281024,0.0,0.4369456938270909,Normal,Normal,Routine,E001A
1508,109.24065796442305,-0.42668717331237493,0.0,0.4083993349603229,Normal,Normal,Routine,E001A
1509,109.24073639424834,-0.4266919760324268,0.0,0.4128551496578766,Normal,Normal,Routine,E001A
1510,109.24081575040856,-0.4266800312992934,0.0,0.4066828771048233,Normal,Normal,Routine,E001A
1511,109.2409072282436,-0.42668225795371106,0.0,0.41013095653850395,Normal,Normal,Routine,E001A
1512,109.24097662901532,-0.4266774883679059,0.0,0.4001259491420709,Normal,Normal,Routine,E001A
1513,109.24106200068351,-0.4266903156483465,0.0,0.36905410453283155,Abnormal,Abnormal,Monitor,E001A
1514,109.24116247472062,-0.42668470950095927,0.0,0.37934953784505754,Abnormal,Abnormal,Monitor,E001A
1515,109.24124288544135,-0.42668871507881184,0.0,0.4189183851877609,Normal,Normal,Routine,E001A
1516,109.2413096579628,-0.42668357050335265,0.0,0.4181097943861563,Normal,Normal,Routine,E001A
1517,109.24138272045572,-0.426681241562264,0.0,0.38425811792379094,Abnormal,Abnormal,Monitor,E001A
1518,109.24145420717018,-0.42668379096653425,0.0,0.39437261959674946,Abnormal,Abnormal,Monitor,E001A
1519,109.24154832413329,-0.42668219935442847,0.0,0.3573781822834952,Abnormal,Abnormal,Monitor,E001A
1520,109.24162478960062,-0.42668248281813026,0.0,0.42789444408845156,Normal,Normal,Routine,E001A
1521,109.24169555416523,-0.42668875597017675,0.0,0.4373154872838332,Normal,Normal,Routine,E001A
1522,109.24177993150637,-0.42667377120830846,0.0,0.40109601016872776,Normal,Normal,Routine,E001A
1523,109.24185629087083,-0.4266785218974971,0.0,0.3409378551781518,Abnormal,Abnormal,Monitor,E001A
1524,109.2419414198671,-0.4266723605813436,0.0,0.3856784080771506,Abnormal,Abnormal,Monitor,E001A
1525,109.2420169517169,-0.4266701289614887,0.0,0.4163335390928668,Normal,Normal,Routine,E001A
1526,109.24211649730631,-0.4266789552479764,0.0,0.42384160652680597,Normal,Normal,Routine,E001A
1527,109.24219691477884,-0.426681101573622,0.0,0.34592411186223704,Abnormal,Abnormal,Monitor,E001A
1528,109.24226828704771,-0.42667352637613604,0.0,0.4342127732865445,Normal,Normal,Routine,E001A
1529,109.24234973573652,-0.4266677964637014,0.0,0.45277108944574707,Normal,Normal,Routine,E001A
1530,109.24243248844887,-0.42666722951230623,0.0,0.35047868542942867,Abnormal,Abnormal,Monitor,E001A
1531,109.24250857002845,-0.4266730616781946,0.0,0.3761551905522938,Abnormal,Abnormal,Monitor,E001A
1532,109.24258414371964,-0.4266725943558462,0.0,0.42355784110360556,Normal,Normal,Routine,E001A
1533,109.24266168777613,-0.426670156106407,0.0,0.4136347517809184,Normal,Normal,Routine,E001A
1534,109.24286605887671,-0.4266689407041307,0.0,0.45805762887395296,Normal,Normal,Routine,E001A
1535,109.24069332703867,-0.42661863901421726,0.0,0.4146743106229701,Normal,Normal,Routine,E001A
1536,109.24077886439537,-0.4266217089169794,0.0,0.4235149138985041,Normal,Normal,Routine,E001A
1537,109.24086102341202,-0.42662055495262075,0.0,0.4266331261790193,Normal,Normal,Routine,E001A
1538,109.24094131697045,-0.42662620271509444,0.0,0.3819598800685631,Abnormal,Abnormal,Monitor,E001A
1539,109.24100786428372,-0.4266238252522714,0.0,0.421521118364787,Normal,Normal,Routine,E001A
1540,109.24110820033464,-0.4266166700014715,0.0,0.41865660808084965,Normal,Normal,Routine,E001A
1541,109.2411852749727,-0.4266083374194385,0.0,0.4528719380954913,Normal,Normal,Routine,E001A
1542,109.24126451930725,-0.42660236013728625,0.0,0.4142523833338047,Normal,Normal,Routine,E001A
1543,109.24133041165143,-0.4266124618855175,0.0,0.380882593068177,Abnormal,Abnormal,Monitor,E001A
1544,109.24140909871583,-0.42660801183924846,0.0,0.44205843124815064,Normal,Normal,Routine,E001A
1545,109.24149034867979,-0.4266148914764521,0.0,0.4040119710332748,Normal,Normal,Routine,E001A
1546,109.2415705210874,-0.42661223771381157,0.0,0.4148200863027,Normal,Normal,Routine,E001A
1547,109.24166368604264,-0.4266139104078267,0.0,0.44097707417228393,Normal,Normal,Routine,E001A
1548,109.24174646394685,-0.4266051161271831,0.0,0.4424266347054886,Normal,Normal,Routine,E001A
1549,109.24181515559607,-0.42660217305580095,0.0,0.3833088757611724,Abnormal,Abnormal,Monitor,E001A
1550,109.24190401221118,-0.426604867521038,0.0,0.4352623266372348,Normal,Normal,Routine,E001A
1551,109.24198386743222,-0.4266106282119884,0.0,0.44603374666737433,Normal,Normal,Routine,E001A
1552,109.24206300101646,-0.42661387025484787,0.0,0.4184093306715163,Normal,Normal,Routine,E001A
1553,109.24214526916512,-0.42661102344676016,0.0,0.37366358496669105,Abnormal,Abnormal,Monitor,E001A
1554,109.2422212591896,-0.42661254026061035,0.0,0.4228450855661904,Normal,Normal,Routine,E001A
1555,109.24230946171197,-0.4265922327371241,0.0,0.44675041822405126,Normal,Normal,Routine,E001A
1556,109.24239536398032,-0.42659865495611266,0.0,0.455624619529054,Normal,Normal,Routine,E001A
1557,109.2424753466505,-0.4266049763399914,0.0,0.45752852948275036,Normal,Normal,Routine,E001A
1558,109.24255750798432,-0.4265899820067411,0.0,0.47782464432759303,Normal,Normal,Routine,E001A
1559,109.24263528932133,-0.42659089334522565,0.0,0.47066420958000643,Normal,Normal,Routine,E001A
1560,109.24270724231567,-0.4265933207623858,0.0,0.4751138965109805,Normal,Normal,Routine,E001A
1561,109.24280564920348,-0.4266049039957925,0.0,0.46051714843613517,Normal,Normal,Routine,E001A
1562,109.242875580108,-0.4266076908595993,0.0,0.47134272148468664,Normal,Normal,Routine,E001A
1563,109.240649677942,-0.42654839819372026,0.0,0.40196132916535765,Normal,Normal,Routine,E001A
1564,109.24074553545084,-0.42654797353503765,0.0,0.4065573974154316,Normal,Normal,Routine,E001A
1565,109.24081211758414,-0.42655045308339445,0.0,0.3999562067044032,Abnormal,Abnormal,Monitor,E001A
1566,109.24089435100039,-0.42654999363629853,0.0,0.3942841693239573,Abnormal,Abnormal,Monitor,E001A
1567,109.24097749704033,-0.426549646531734,0.0,0.38160067546861964,Abnormal,Abnormal,Monitor,E001A
1568,109.24104879837067,-0.42654966294234303,0.0,0.3284434343440284,Abnormal,Abnormal,Monitor,E001A
1569,109.2411373166693,-0.42653886063093654,0.0,0.38828979599740454,Abnormal,Abnormal,Monitor,E001A
1570,109.24122115864665,-0.4265276810518172,0.0,0.42893586519456217,Normal,Normal,Routine,E001A
1571,109.24129747581607,-0.42653617553912837,0.0,0.3370316615775944,Abnormal,Abnormal,Monitor,E001A
1572,109.24138223924042,-0.42654165160157315,0.0,0.39984318951813486,Abnormal,Abnormal,Monitor,E001A
1573,109.24146827681119,-0.42653353720287457,0.0,0.4147759539359541,Normal,Normal,Routine,E001A
1574,109.24153680661182,-0.4265312479048605,0.0,0.4502050308233698,Normal,Normal,Routine,E001A
1575,109.24163497800697,-0.42657879698865936,0.0,0.45338835321568155,Normal,Normal,Routine,E001A
1576,109.24169979876591,-0.4265491480828697,0.0,0.443621121525836,Normal,Normal,Routine,E001A
1577,109.24177691575811,-0.42654032084589,0.0,0.41287476607215046,Normal,Normal,Routine,E001A
1578,109.24185996920099,-0.42654047740609985,0.0,0.402796116518681,Normal,Normal,Routine,E001A
1579,109.24195726453125,-0.42654171426538195,0.0,0.4084975951486188,Normal,Normal,Routine,E001A
1580,109.2420297555736,-0.42653618666331333,0.0,0.4271931005236409,Normal,Normal,Routine,E001A
1581,109.24211375238157,-0.42653561004845714,0.0,0.3753376346833717,Abnormal,Abnormal,Monitor,E001A
1582,109.24218245093829,-0.42653395108144304,0.0,0.39368764295851666,Abnormal,Abnormal,Monitor,E001A
1583,109.24226958231468,-0.42653519916346916,0.0,0.444847020426312,Normal,Normal,Routine,E001A
1584,109.24234077132908,-0.42653557363936606,0.0,0.43539972853689246,Normal,Normal,Routine,E001A
1585,109.24243919982153,-0.42653894671548476,0.0,0.4479636417743183,Normal,Normal,Routine,E001A
1586,109.24252119806583,-0.4265301115465106,0.0,0.4738913200383719,Normal,Normal,Routine,E001A
1587,109.24259609824725,-0.4265327367778682,0.0,0.44316780552845453,Normal,Normal,Routine,E001A
1588,109.24267831979598,-0.4265334619438995,0.0,0.46150813545065483,Normal,Normal,Routine,E001A
1589,109.24275532631697,-0.4265286949848693,0.0,0.4552707886460087,Normal,Normal,Routine,E001A
1590,109.2428303833126,-0.426533053798339,0.0,0.41921884519293534,Normal,Normal,Routine,E001A
1591,109.24288172184558,-0.4265234953667464,0.0,0.40881197365733596,Normal,Normal,Routine,E001A
1592,109.2406223603198,-0.42648618319417486,0.0,0.40087714239668387,Normal,Normal,Routine,E001A
1593,109.24069109553092,-0.4265048258186141,0.0,0.45631317840805297,Normal,Normal,Routine,E001A
1594,109.24076258595771,-0.4264790380275995,0.0,0.4332853975149246,Normal,Normal,Routine,E001A
1595,109.24085548297101,-0.4264895655840671,0.0,0.4085234033273863,Normal,Normal,Routine,E001A
1596,109.2409357544437,-0.42649357383689834,0.0,0.36801816483672994,Abnormal,Abnormal,Monitor,E001A
1597,109.24103224795121,-0.42649311766753967,0.0,0.3981443227304866,Abnormal,Abnormal,Monitor,E001A
1598,109.24110157778618,-0.42649219676515404,0.0,0.4086308663513941,Normal,Normal,Routine,E001A
1599,109.24119619797337,-0.4264738485512134,0.0,0.41950632474075505,Normal,Normal,Routine,E001A
1600,109.24125179107713,-0.4264625620911895,0.0,0.4129971380389659,Normal,Normal,Routine,E001A
1601,109.24134122874898,-0.4264973404155848,0.0,0.42670127479488007,Normal,Normal,Routine,E001A
1602,109.24141493982921,-0.4264829880177673,0.0,0.42110052548192284,Normal,Normal,Routine,E001A
1603,109.2415089432243,-0.4264791175289096,0.0,0.4215495485891782,Normal,Normal,Routine,E001A
1604,109.24157601080017,-0.42648797974429803,0.0,0.40606426146426716,Normal,Normal,Routine,E001A
1605,109.24165731478472,-0.42647455418962277,0.0,0.42118447340440734,Normal,Normal,Routine,E001A
1606,109.24173336977442,-0.42647074377378463,0.0,0.3723339187414949,Abnormal,Abnormal,Monitor,E001A
1607,109.24182981375219,-0.42647497638803566,0.0,0.43027245345144255,Normal,Normal,Routine,E001A
1608,109.24208210502276,-0.42646558174239385,0.0,0.4141823909862951,Normal,Normal,Routine,E001A
1609,109.24214865096332,-0.42646942586171643,0.0,0.4187837507224898,Normal,Normal,Routine,E001A
1610,109.24221821385757,-0.42647085528305706,0.0,0.40122187407231025,Normal,Normal,Routine,E001A
1611,109.24230971698528,-0.42646088016620326,0.0,0.4601054323646479,Normal,Normal,Routine,E001A
1612,109.24238332997176,-0.42646332604870213,0.0,0.4330835846423673,Normal,Normal,Routine,E001A
1613,109.24246940384364,-0.4264537747024664,0.0,0.47339952981568645,Normal,Normal,Routine,E001A
1614,109.24256377500585,-0.426456410737806,0.0,0.4323943262521085,Normal,Normal,Routine,E001A
1615,109.24271012609007,-0.42645335166856974,0.0,0.4382340210961049,Normal,Normal,Routine,E001A
1616,109.24279150103487,-0.4264441094121682,0.0,0.4418587984084797,Normal,Normal,Routine,E001A
1617,109.24285274331446,-0.4264491722111231,0.0,0.4270667118527002,Normal,Normal,Routine,E001A
1618,109.24066990890117,-0.4264215935485017,0.0,0.4280390992514912,Normal,Normal,Routine,E001A
1619,109.24074263849434,-0.42640964637571005,0.0,0.4443505192315514,Normal,Normal,Routine,E001A
1620,109.24081306206114,-0.42641028112344725,0.0,0.39838834926418953,Abnormal,Abnormal,Monitor,E001A
1621,109.24088008556086,-0.4264074262924515,0.0,0.31176896245718577,Abnormal,Abnormal,Monitor,E001A
1622,109.24096326869967,-0.426409838214656,0.0,0.3670459560273323,Abnormal,Abnormal,Monitor,E001A
1623,109.24104463304143,-0.42639948821162066,0.0,0.35247375263624464,Abnormal,Abnormal,Monitor,E001A
1624,109.24113065834109,-0.42639786850413414,0.0,0.33727283034775707,Abnormal,Abnormal,Monitor,E001A
1625,109.24121605919845,-0.4263968934190891,0.0,0.39181166595787464,Abnormal,Abnormal,Monitor,E001A
1626,109.24128688502405,-0.42639834574355745,0.0,0.3429563001227551,Abnormal,Abnormal,Monitor,E001A
1627,109.24136423854999,-0.42640399733843676,0.0,0.38898358283439677,Abnormal,Abnormal,Monitor,E001A
1628,109.24145768999878,-0.4263979437344535,0.0,0.382534426314613,Abnormal,Abnormal,Monitor,E001A
1629,109.24153777174594,-0.42639894332196193,0.0,0.37431069339054457,Abnormal,Abnormal,Monitor,E001A
1630,109.24161911833002,-0.42640757550864833,0.0,0.4113585072188834,Normal,Normal,Routine,E001A
1631,109.24170307678888,-0.4263977750028146,0.0,0.4310645659615492,Normal,Normal,Routine,E001A
1632,109.24178282183601,-0.4263941906031035,0.0,0.4178186392125029,Normal,Normal,Routine,E001A
1633,109.24186838369323,-0.4263884679610466,0.0,0.4160219700102839,Normal,Normal,Routine,E001A
1634,109.24194096402344,-0.42640508944775807,0.0,0.462416061728548,Normal,Normal,Routine,E001A
1635,109.24202643153663,-0.4263995105662932,0.0,0.43756783745131334,Normal,Normal,Routine,E001A
1636,109.24211897457239,-0.4263947399478605,0.0,0.457056814632797,Normal,Normal,Routine,E001A
1637,109.24218932420916,-0.42639284261938837,0.0,0.40994515004349785,Normal,Normal,Routine,E001A
1638,109.24227299060783,-0.4263876458396392,0.0,0.4564492105721066,Normal,Normal,Routine,E001A
1639,109.24243495334558,-0.4264018471628691,0.0,0.44197906140843085,Normal,Normal,Routine,E001A
1640,109.24250720637707,-0.42639229263585243,0.0,0.4440889727382385,Normal,Normal,Routine,E001A
1641,109.24259258260693,-0.4263932455016677,0.0,0.4366559988476916,Normal,Normal,Routine,E001A
1642,109.24266165776247,-0.42638275790566516,0.0,0.4430619158799975,Normal,Normal,Routine,E001A
1643,109.24274576693446,-0.42637798714723607,0.0,0.45859637243274304,Normal,Normal,Routine,E001A
1644,109.24282992886494,-0.4263782506521721,0.0,0.439136865011488,Normal,Normal,Routine,E001A
1645,109.24063427562831,-0.42634502084984355,0.0,0.37422897724554816,Abnormal,Abnormal,Monitor,E001A
1646,109.24070557604527,-0.42634503725557293,0.0,0.4332273197302986,Normal,Normal,Routine,E001A
1647,109.24076403623307,-0.4263385352133389,0.0,0.43205666656574304,Normal,Normal,Routine,E001A
1648,109.24083732058993,-0.4263400948126449,0.0,0.4250129147975108,Normal,Normal,Routine,E001A
1649,109.24091575367908,-0.4263305417283016,0.0,0.38603259779575494,Abnormal,Abnormal,Monitor,E001A
1650,109.24100662009727,-0.4263393352628251,0.0,0.352381328309273,Abnormal,Abnormal,Monitor,E001A
1651,109.24108647658025,-0.4263393545373652,0.0,0.3555454490119709,Abnormal,Abnormal,Monitor,E001A
1652,109.24116585769244,-0.42634415836253065,0.0,0.3986689469822887,Abnormal,Abnormal,Monitor,E001A
1653,109.24134613355834,-0.42634591800241617,0.0,0.4088310706199435,Normal,Normal,Routine,E001A
1654,109.24141240874759,-0.42633148430975254,0.0,0.3655248868024704,Abnormal,Abnormal,Monitor,E001A
1655,109.24151602380618,-0.42635074716365223,0.0,0.4099112709667316,Normal,Normal,Routine,E001A
1656,109.24160608583283,-0.42633784720895546,0.0,0.4504520007337945,Normal,Normal,Routine,E001A
1657,109.24167869985574,-0.4263326144340478,0.0,0.42385500840571755,Normal,Normal,Routine,E001A
1658,109.24173900978236,-0.42633330833748895,0.0,0.4125338047966383,Normal,Normal,Routine,E001A
1659,109.24182266912321,-0.4263314131666521,0.0,0.4175596097842432,Normal,Normal,Routine,E001A
1660,109.24185012888091,-0.42628991110853437,0.0,0.4306865765942563,Normal,Normal,Routine,E001A
1661,109.24193621409147,-0.42628569514843645,0.0,0.4730738860544353,Normal,Normal,Routine,E001A
1662,109.24196315488201,-0.4263302762052067,0.0,0.4566319890289015,Normal,Normal,Routine,E001A
1663,109.24207013376243,-0.42627538071717436,0.0,0.41335079117772383,Normal,Normal,Routine,E001A
1664,109.2421403049684,-0.42626411296353145,0.0,0.4255495839442188,Normal,Normal,Routine,E001A
1665,109.24222613496451,-0.42631982414959413,0.0,0.41649156836555457,Normal,Normal,Routine,E001A
1666,109.24231443755512,-0.4263216657126614,0.0,0.44795706594723095,Normal,Normal,Routine,E001A
1667,109.24231647864204,-0.4262613338415101,0.0,0.41956165667269985,Normal,Normal,Routine,E001A
1668,109.24237922523531,-0.42625177803029446,0.0,0.4395150914273796,Normal,Normal,Routine,E001A
1669,109.24253626039621,-0.42624464480842544,0.0,0.40250002891540815,Normal,Normal,Routine,E001A
1670,109.2426101821999,-0.42623607092114735,0.0,0.40126309929253784,Normal,Normal,Routine,E001A
1671,109.24268433552513,-0.4262324996873198,0.0,0.4500298923157182,Normal,Normal,Routine,E001A
1672,109.24279143764852,-0.4263275176649546,0.0,0.4366233416684755,Normal,Normal,Routine,E001A
1673,109.24287063271603,-0.426329135575384,0.0,0.44110232426209595,Normal,Normal,Routine,E001A
1674,109.24065568629919,-0.4262564982721763,0.0,0.44231253115531916,Normal,Normal,Routine,E001A
1675,109.24073648879444,-0.42627565821179275,0.0,0.43234788291916554,Normal,Normal,Routine,E001A
1676,109.24081016384105,-0.42628538555098017,0.0,0.43933376416532655,Normal,Normal,Routine,E001A
1677,109.2409002826131,-0.42628352804702757,0.0,0.4322525001738188,Normal,Normal,Routine,E001A
1678,109.24098069788272,-0.42626346742944715,0.0,0.438846771469629,Normal,Normal,Routine,E001A
1679,109.24104692835174,-0.42626395380393534,0.0,0.42671288296167886,Normal,Normal,Routine,E001A
1680,109.24113629248514,-0.42626253832592914,0.0,0.4207866203584531,Normal,Normal,Routine,E001A
1681,109.24122945977328,-0.42625777509170204,0.0,0.4179700427989392,Normal,Normal,Routine,E001A
1682,109.24130171177987,-0.4262525277662139,0.0,0.43834060867770525,Normal,Normal,Routine,E001A
1683,109.24145851877162,-0.4262489900227617,0.0,0.40888950677828473,Normal,Normal,Routine,E001A
1684,109.24153019860147,-0.4262515964251926,0.0,0.44603364813972163,Normal,Normal,Routine,E001A
1685,109.24161798734761,-0.42624946979698314,0.0,0.4402710591769727,Normal,Normal,Routine,E001A
1686,109.24168658394554,-0.42624971887814883,0.0,0.4363765441805581,Normal,Normal,Routine,E001A
1687,109.24175020564262,-0.42627093305873043,0.0,0.38639799193707125,Abnormal,Abnormal,Monitor,E001A
1688,109.24187676001233,-0.42623440754853065,0.0,0.4091476709850562,Normal,Normal,Routine,E001A
1689,109.2419558836732,-0.426221959931149,0.0,0.4420655758496231,Normal,Normal,Routine,E001A
1690,109.24211981626767,-0.4262164759410668,0.0,0.4517319582375873,Normal,Normal,Routine,E001A
1691,109.24218028316666,-0.42621030169760477,0.0,0.40325612077514095,Normal,Normal,Routine,E001A
1692,109.24224682997733,-0.42621031699128564,0.0,0.3673766319458191,Abnormal,Abnormal,Monitor,E001A
1693,109.24233894541793,-0.4261977330894372,0.0,0.43502019526149893,Normal,Normal,Routine,E001A
1694,109.2424092968274,-0.42619200693527964,0.0,0.44129591125983736,Normal,Normal,Routine,E001A
1695,109.24247584624992,-0.4261805375859973,0.0,0.42855671429190456,Normal,Normal,Routine,E001A
1696,109.24256478056913,-0.42618532007658677,0.0,0.4296566996621642,Normal,Normal,Routine,E001A
1697,109.24263591606066,-0.42618012040338205,0.0,0.4132037115018336,Normal,Normal,Routine,E001A
1698,109.242709237536,-0.4261767632956065,0.0,0.45586150362125855,Normal,Normal,Routine,E001A
1699,109.24279299210653,-0.4261789591928658,0.0,0.4504866491428878,Normal,Normal,Routine,E001A
1700,109.24286324810409,-0.4261741662507998,0.0,0.3735715523922017,Abnormal,Abnormal,Monitor,E001A
1701,109.24134432047953,-0.42618124873411295,0.0,0.3816684615828482,Abnormal,Abnormal,Monitor,E001A
1702,109.24140896499392,-0.42618796266526254,0.0,0.36052516381935973,Abnormal,Abnormal,Monitor,E001A
1703,109.24149405092956,-0.4261814323679606,0.0,0.3866203438591313,Abnormal,Abnormal,Monitor,E001A
1704,109.24156778559995,-0.4261898059736889,0.0,0.3900442673128192,Abnormal,Abnormal,Monitor,E001A
1705,109.24164643684539,-0.4261888428868587,0.0,0.3698102221402424,Abnormal,Abnormal,Monitor,E001A
1706,109.24171296035004,-0.4261845962034365,0.0,0.3802350474988856,Abnormal,Abnormal,Monitor,E001A
1707,109.24258103121802,-0.4261061747352378,0.0,0.41846996723261093,Normal,Normal,Routine,E001A
1708,109.24264781798291,-0.4260978153311833,0.0,0.4346323536816411,Normal,Normal,Routine,E001A
1709,109.24275298358499,-0.426112888890467,0.0,0.457986518074905,Normal,Normal,Routine,E001A
1710,109.24290129194296,-0.4260784418950317,0.0,0.3970917226208183,Abnormal,Abnormal,Monitor,E001A
1711,109.24064631492598,-0.4261799415649681,0.0,0.411018493189106,Normal,Normal,Routine,E001A
1712,109.24067947629996,-0.42615298382408734,0.0,0.46934545250258003,Normal,Normal,Routine,E001A
1713,109.24074074402952,-0.426168286941647,0.0,0.41611670254049105,Normal,Normal,Routine,E001A
1714,109.24088870409794,-0.42615191422428444,0.0,0.31758597958553303,Abnormal,Abnormal,Monitor,E001A
1715,109.24095957035213,-0.42613743818140326,0.0,0.39893665835485087,Abnormal,Abnormal,Monitor,E001A
1716,109.24105541269627,-0.42614451286838767,0.0,0.4201018063020835,Normal,Normal,Routine,E001A
1717,109.24112501685566,-0.4261222360250738,0.0,0.4603702748673558,Normal,Normal,Routine,E001A
1718,109.24121437933296,-0.4261241700728226,0.0,0.47032325946453174,Normal,Normal,Routine,E001A
1719,109.24130041428458,-0.4261275402903993,0.0,0.41733633033716333,Normal,Normal,Routine,E001A
1720,109.24138433770393,-0.42611768822380636,0.0,0.40499290040418023,Normal,Normal,Routine,E001A
1721,109.241452311269,-0.4261162678175812,0.0,0.4850110875782915,Normal,Normal,Routine,E001A
1722,109.24154902101573,-0.4261051056404519,0.0,0.4436057908460498,Normal,Normal,Routine,E001A
1723,109.24162529154226,-0.42609751075633645,0.0,0.4609171774644316,Normal,Normal,Routine,E001A
1724,109.24163988528288,-0.42613935978247613,0.0,0.40503802452272236,Normal,Normal,Routine,E001A
1725,109.24168824166134,-0.42609349294135496,0.0,0.39986849231639876,Abnormal,Abnormal,Monitor,E001A
1726,109.24178859534311,-0.42608793374753184,0.0,0.378941711011486,Abnormal,Abnormal,Monitor,E001A
1727,109.24186854889169,-0.4260799372912128,0.0,0.3930949909934917,Abnormal,Abnormal,Monitor,E001A
1728,109.24195146549332,-0.4260774677048393,0.0,0.4316176117147104,Normal,Normal,Routine,E001A
1729,109.24202056531956,-0.42606501777635886,0.0,0.4161918223458418,Normal,Normal,Routine,E001A
1730,109.24218311895169,-0.42605211184511566,0.0,0.40968596471481955,Normal,Normal,Routine,E001A
1731,109.24226849597778,-0.42604947009712957,0.0,0.4123909134801143,Normal,Normal,Routine,E001A
1732,109.24235044067136,-0.4260469704392828,0.0,0.41041893398933377,Normal,Normal,Routine,E001A
1733,109.24241598562672,-0.42604031536096065,0.0,0.4333355071576866,Normal,Normal,Routine,E001A
1734,109.24248163569332,-0.4260415385885757,0.0,0.41314581515517596,Normal,Normal,Routine,E001A
1735,109.24254385288341,-0.4260334051138937,0.0,0.4258224799487143,Normal,Normal,Routine,E001A
1736,109.24262473232663,-0.4260305055056557,0.0,0.43176196266087746,Normal,Normal,Routine,E001A
1737,109.24269025650217,-0.4260363108033198,0.0,0.44425055133150865,Normal,Normal,Routine,E001A
1738,109.2406399540787,-0.4260936335630399,0.0,0.3961451283946593,Abnormal,Abnormal,Monitor,E001A
1739,109.24068774393935,-0.4260899332991011,0.0,0.43224158747223373,Normal,Normal,Routine,E001A
1740,109.24076505294295,-0.4260818611940339,0.0,0.3972500946351511,Abnormal,Abnormal,Monitor,E001A
1741,109.24084348548234,-0.42607470088189114,0.0,0.422416310254585,Normal,Normal,Routine,E001A
1742,109.24093302997278,-0.42607013575601327,0.0,0.38552174526508454,Abnormal,Abnormal,Monitor,E001A
1743,109.24100334308174,-0.42606669839312966,0.0,0.4133341947725103,Normal,Normal,Routine,E001A
1744,109.2411016386258,-0.4260618305266296,0.0,0.43291324855722274,Normal,Normal,Routine,E001A
1745,109.24117969690064,-0.4260533398949017,0.0,0.42160532491706304,Normal,Normal,Routine,E001A
1746,109.2412562270224,-0.4260457016670434,0.0,0.46209981183366045,Normal,Normal,Routine,E001A
1747,109.24132295898795,-0.42605299844408884,0.0,0.3925512869526316,Abnormal,Abnormal,Monitor,E001A
1748,109.24140471929695,-0.4260434461048262,0.0,0.4223443394473109,Normal,Normal,Routine,E001A
1749,109.24149558475959,-0.4260407079630117,0.0,0.4339370816213039,Normal,Normal,Routine,E001A
1750,109.24157770735904,-0.426041809285543,0.0,0.47029213099571293,Normal,Normal,Routine,E001A
1751,109.24167570256424,-0.4260265789426798,0.0,0.4039494277210207,Normal,Normal,Routine,E001A
1752,109.24173727333671,-0.4260247564532325,0.0,0.39563573397194535,Abnormal,Abnormal,Monitor,E001A
1753,109.24183186282676,-0.4260151111978079,0.0,0.42122150013799464,Normal,Normal,Routine,E001A
1754,109.24198255386078,-0.42599418771191294,0.0,0.4308364047061782,Normal,Normal,Routine,E001A
1755,109.24206431246161,-0.42599229208622014,0.0,0.3815354465345123,Abnormal,Abnormal,Monitor,E001A
1756,109.24223051358581,-0.4259851112188152,0.0,0.4093241800685545,Normal,Normal,Routine,E001A
1757,109.24229655917866,-0.42597315161716565,0.0,0.3820880275160334,Abnormal,Abnormal,Monitor,E001A
1758,109.242358537841,-0.42597902030573914,0.0,0.4378270849885256,Normal,Normal,Routine,E001A
1759,109.24245070112582,-0.42597332899435975,0.0,0.39729397314777976,Abnormal,Abnormal,Monitor,E001A
1760,109.2425037542349,-0.42597263491812365,0.0,0.43224226163580665,Normal,Normal,Routine,E001A
1761,109.2425812448619,-0.42597601491027437,0.0,0.42897857261412425,Normal,Normal,Routine,E001A
1762,109.2426559108148,-0.42596576189274327,0.0,0.4533556302358695,Normal,Normal,Routine,E001A
1763,109.24274309519966,-0.42596307171750103,0.0,0.4520837551638001,Normal,Normal,Routine,E001A
1764,109.24282555072624,-0.4259539870358261,0.0,0.45126670539969266,Normal,Normal,Routine,E001A
1765,109.24065329090762,-0.4259859822438639,0.0,0.4360775326130235,Normal,Normal,Routine,E001A
1766,109.24067254253309,-0.42591540774202324,0.0,0.406023462169058,Normal,Normal,Routine,E001A
1767,109.2407364751475,-0.4259874373985121,0.0,0.41605496520318175,Normal,Normal,Routine,E001A
1768,109.24076761122002,-0.42591160168532266,0.0,0.4246430461330769,Normal,Normal,Routine,E001A
1769,109.24084746638624,-0.4259173623547432,0.0,0.44099646886344857,Normal,Normal,Routine,E001A
1770,109.24087725610607,-0.42598737390556285,0.0,0.40053796185021784,Normal,Normal,Routine,E001A
1771,109.24092542295053,-0.4259097235494965,0.0,0.400184129814074,Normal,Normal,Routine,E001A
1772,109.2409752811912,-0.4259788580215697,0.0,0.430373963641132,Normal,Normal,Routine,E001A
1773,109.24100908227992,-0.4259116571827611,0.0,0.39229792842748934,Abnormal,Abnormal,Monitor,E001A
1774,109.24105659926855,-0.42598631821159494,0.0,0.38540177216695803,Abnormal,Abnormal,Monitor,E001A
1775,109.24108056877814,-0.42589922318452195,0.0,0.3850250307202948,Abnormal,Abnormal,Monitor,E001A
1776,109.24112694852093,-0.4259859211150525,0.0,0.437184937658846,Normal,Normal,Routine,E001A
1777,109.24117069437506,-0.42592276568883797,0.0,0.420547684400317,Normal,Normal,Routine,E001A
1778,109.24120680667829,-0.425982524825543,0.0,0.41698309560295205,Normal,Normal,Routine,E001A
1779,109.24124675141485,-0.4259097973919792,0.0,0.37319159160296506,Abnormal,Abnormal,Monitor,E001A
1780,109.24128476586245,-0.4259634013849342,0.0,0.3942126751751513,Abnormal,Abnormal,Monitor,E001A
1781,109.24132014038291,-0.4259056481364276,0.0,0.4074153677233349,Normal,Normal,Routine,E001A
1782,109.24136316722873,-0.42597100016446304,0.0,0.39142083479628825,Abnormal,Abnormal,Monitor,E001A
1783,109.24140379883211,-0.4259075808610963,0.0,0.3468076533114946,Abnormal,Abnormal,Monitor,E001A
1784,109.2414385728742,-0.4259705988005444,0.0,0.4005999837984116,Normal,Normal,Routine,E001A
1785,109.24148855979308,-0.4259041106341529,0.0,0.42416600301476465,Normal,Normal,Routine,E001A
1786,109.24153191200276,-0.42597261513858753,0.0,0.45406125829425487,Normal,Normal,Routine,E001A
1787,109.24159655890972,-0.425968801178131,0.0,0.44348712290565556,Normal,Normal,Routine,E001A
1788,109.24164766144148,-0.4259025140163239,0.0,0.41818652193097516,Normal,Normal,Routine,E001A
1789,109.24167907724551,-0.425983580155837,0.0,0.4246291614656981,Normal,Normal,Routine,E001A
1790,109.24173774741922,-0.42596226928878794,0.0,0.4323004957344439,Normal,Normal,Routine,E001A
1791,109.24175603407454,-0.4258728705688402,0.0,0.3662745775349973,Abnormal,Abnormal,Monitor,E001A
1792,109.24183617440902,-0.4258888779422042,0.0,0.37568605745928935,Abnormal,Abnormal,Monitor,E001A
1793,109.24188102065405,-0.4259684116693288,0.0,0.3821828407516772,Abnormal,Abnormal,Monitor,E001A
1794,109.2419222150227,-0.4258911647902864,0.0,0.39739796286043916,Abnormal,Abnormal,Monitor,E001A
1795,109.24194814775711,-0.42595644779927927,0.0,0.3994078989329188,Abnormal,Abnormal,Monitor,E001A
1796,109.24200961008619,-0.4258980810717151,0.0,0.4162492798358766,Normal,Normal,Routine,E001A
1797,109.24209285477305,-0.42589467921522267,0.0,0.3855345678093268,Abnormal,Abnormal,Monitor,E001A
1798,109.24217457396605,-0.4259002151309954,0.0,0.41609595945626987,Normal,Normal,Routine,E001A
1799,109.24224302331753,-0.4259002308505137,0.0,0.3615480925117691,Abnormal,Abnormal,Monitor,E001A
1800,109.24231769659208,-0.42588931679177333,0.0,0.4118904030677754,Normal,Normal,Routine,E001A
1801,109.24238468340316,-0.42589002034788837,0.0,0.43652954891816276,Normal,Normal,Routine,E001A
1802,109.24270911951326,-0.42588892828881947,0.0,0.4184269138004469,Normal,Normal,Routine,E001A
1803,109.24262355979297,-0.42588508073300146,0.0,0.3878696984432351,Abnormal,Abnormal,Monitor,E001A
1804,109.24247591126732,-0.42589366031373593,0.0,0.3778465639378208,Abnormal,Abnormal,Monitor,E001A
1805,109.24277947266714,-0.4258755453888278,0.0,0.4103945957041573,Normal,Normal,Routine,E001A
1806,109.24287263588128,-0.4258851379141887,0.0,0.40684419950996037,Normal,Normal,Routine,E001A
1807,109.2406483166789,-0.42584161026314277,0.0,0.38769232793369035,Abnormal,Abnormal,Monitor,E001A
1808,109.24071830406241,-0.42584054299433083,0.0,0.4203903814299916,Normal,Normal,Routine,E001A
1809,109.24080766611306,-0.425848220252328,0.0,0.430014603588141,Normal,Normal,Routine,E001A
1810,109.24090090509301,-0.425852031607007,0.0,0.42555958706516406,Normal,Normal,Routine,E001A
1811,109.2409767748802,-0.42584082756143166,0.0,0.4321724275091233,Normal,Normal,Routine,E001A
1812,109.24110529740933,-0.42585137593050415,0.0,0.3813571578453741,Abnormal,Abnormal,Monitor,E001A
1813,109.24121064118442,-0.4258408812958558,0.0,0.46074400477162847,Normal,Normal,Routine,E001A
1814,109.24130571076556,-0.4258332464136295,0.0,0.43168919822738433,Normal,Normal,Routine,E001A
1815,109.24137606079996,-0.42582943466514656,0.0,0.39867239892393236,Abnormal,Abnormal,Monitor,E001A
1816,109.24145376540754,-0.4258277913126002,0.0,0.4157885092650898,Normal,Normal,Routine,E001A
1817,109.24153651962878,-0.4258362031483882,0.0,0.4038970294498917,Normal,Normal,Routine,E001A
1818,109.24159736367876,-0.42583047480659864,0.0,0.43016973499747274,Normal,Normal,Routine,E001A
1819,109.24190453415909,-0.42582045515222516,0.0,0.39587063946071366,Abnormal,Abnormal,Monitor,E001A
1820,109.24199163505833,-0.42582529327644597,0.0,0.42231278758686225,Normal,Normal,Routine,E001A
1821,109.24206979290518,-0.42582944388542765,0.0,0.4251918813666782,Normal,Normal,Routine,E001A
1822,109.24214212727365,-0.4258255484837374,0.0,0.4079180961707607,Normal,Normal,Routine,E001A
1823,109.24220938620122,-0.4258344179513272,0.0,0.40460230885648985,Normal,Normal,Routine,E001A
1824,109.24227539962251,-0.4258296412106993,0.0,0.4262018131916053,Normal,Normal,Routine,E001A
1825,109.24235020289602,-0.42581586958295625,0.0,0.4588074717375872,Normal,Normal,Routine,E001A
1826,109.24243267351649,-0.425815411045093,0.0,0.4155973613708988,Normal,Normal,Routine,E001A
1827,109.24250397543805,-0.42581303462973885,0.0,0.409361137534763,Normal,Normal,Routine,E001A
1828,109.24259143630994,-0.42581903666827875,0.0,0.4166841824211422,Normal,Normal,Routine,E001A
1829,109.24266487661708,-0.4258145075979417,0.0,0.396990914599392,Abnormal,Abnormal,Monitor,E001A
1830,109.24274473699107,-0.4258016043497868,0.0,0.41631808717878693,Normal,Normal,Routine,E001A
1831,109.24282084937992,-0.425826116663991,0.0,0.43122617063579616,Normal,Normal,Routine,E001A
1832,109.24289945465209,-0.4258181497136812,0.0,0.4249198067943386,Normal,Normal,Routine,E001A
1833,109.24063195344674,-0.42576366927459086,0.0,0.38199386386710815,Abnormal,Abnormal,Monitor,E001A
1834,109.24068055178594,-0.42577962056516966,0.0,0.41818250392261785,Normal,Normal,Routine,E001A
1835,109.24075850747336,-0.4257758105692775,0.0,0.41950336331976484,Normal,Normal,Routine,E001A
1836,109.24083989420953,-0.42576961490856713,0.0,0.40827165843129265,Normal,Normal,Routine,E001A
1837,109.24092735757773,-0.4257642516957747,0.0,0.39554263356209945,Abnormal,Abnormal,Monitor,E001A
1838,109.24101671833637,-0.4257776712641631,0.0,0.4139962559577082,Normal,Normal,Routine,E001A
1839,109.24109087294951,-0.4257681171703772,0.0,0.3833710020419215,Abnormal,Abnormal,Monitor,E001A
1840,109.24117262933919,-0.42577579267490123,0.0,0.4060900948173422,Normal,Normal,Routine,E001A
1841,109.24123870179108,-0.4257719799431358,0.0,0.3872450189815985,Abnormal,Abnormal,Monitor,E001A
1842,109.24133388112178,-0.42577552948776853,0.0,0.4134355379213201,Normal,Normal,Routine,E001A
1843,109.24141415007787,-0.4257629636595589,0.0,0.38980793976176087,Abnormal,Abnormal,Monitor,E001A
1844,109.2415037742392,-0.4257636787479667,0.0,0.3764282280921077,Abnormal,Abnormal,Monitor,E001A
1845,109.2415603521429,-0.4257629918122776,0.0,0.4179181504596611,Normal,Normal,Routine,E001A
1846,109.24166058830319,-0.4257646353413775,0.0,0.4006335586354087,Normal,Normal,Routine,E001A
1847,109.24174458887896,-0.4257592116374661,0.0,0.4378731620676554,Normal,Normal,Routine,E001A
1848,109.24184544604692,-0.4257595721019782,0.0,0.38845572851067517,Abnormal,Abnormal,Monitor,E001A
1849,109.24193430554388,-0.4257614101530479,0.0,0.467360279305509,Normal,Normal,Routine,E001A
1850,109.24200609194948,-0.4257654887613087,0.0,0.3848278230290747,Abnormal,Abnormal,Monitor,E001A
1851,109.2420559231759,-0.42575184433468094,0.0,0.4354320175020582,Normal,Normal,Routine,E001A
1852,109.2420968007571,-0.42576046719867094,0.0,0.43132900949394315,Normal,Normal,Routine,E001A
1853,109.24216520512603,-0.4257488725663757,0.0,0.4126937727479382,Normal,Normal,Routine,E001A
1854,109.24231931901255,-0.42575389336457037,0.0,0.39086852571836145,Abnormal,Abnormal,Monitor,E001A
1855,109.24240352111394,-0.4257472199513503,0.0,0.45549640789525014,Normal,Normal,Routine,E001A
1856,109.24247696162959,-0.4257417341284956,0.0,0.4046613789992055,Normal,Normal,Routine,E001A
1857,109.24256232496676,-0.42574801601624374,0.0,0.41038024939525014,Normal,Normal,Routine,E001A
1858,109.24263592369513,-0.425753942525457,0.0,0.4236247653683468,Normal,Normal,Routine,E001A
1859,109.24270413707866,-0.425744866323488,0.0,0.43910713972613946,Normal,Normal,Routine,E001A
1860,109.24278311872246,-0.42574879646260483,0.0,0.4341086733641564,Normal,Normal,Routine,E001A
1861,109.24286257943875,-0.42575938418710774,0.0,0.40487709931773874,Normal,Normal,Routine,E001A
1862,109.24063482580219,-0.42569773007510847,0.0,0.36778471162011317,Abnormal,Abnormal,Monitor,E001A
1863,109.24073343562868,-0.42569721376617586,0.0,0.3876486547830981,Abnormal,Abnormal,Monitor,E001A
1864,109.24083800943708,-0.4256991512920048,0.0,0.41662200734958993,Normal,Normal,Routine,E001A
1865,109.24089504847039,-0.4257049067105108,0.0,0.43048399792324127,Normal,Normal,Routine,E001A
1866,109.24097110165417,-0.42570492418093214,0.0,0.39183585951272465,Abnormal,Abnormal,Monitor,E001A
1867,109.24106236969861,-0.4256934605132229,0.0,0.3908518538545939,Abnormal,Abnormal,Monitor,E001A
1868,109.2411360390957,-0.42570438240919645,0.0,0.3215951555245339,Abnormal,Abnormal,Monitor,E001A
1869,109.24122022578825,-0.4257060104982119,0.0,0.40040165104486564,Normal,Normal,Routine,E001A
1870,109.24129444194573,-0.4257142684464026,0.0,0.43843842446982717,Normal,Normal,Routine,E001A
1871,109.24144991769232,-0.42569483634103006,0.0,0.35932742848168486,Abnormal,Abnormal,Monitor,E001A
1872,109.24153633022962,-0.42570083000320996,0.0,0.4246177648206433,Normal,Normal,Routine,E001A
1873,109.24162094669377,-0.42570871595665977,0.0,0.4324517092919893,Normal,Normal,Routine,E001A
1874,109.24167650603687,-0.42568785923167807,0.0,0.4046837058272621,Normal,Normal,Routine,E001A
1875,109.24177715817602,-0.4256931462839356,0.0,0.38109319248478274,Abnormal,Abnormal,Monitor,E001A
1876,109.24184659551166,-0.4256896390651071,0.0,0.3872482710583309,Abnormal,Abnormal,Monitor,E001A
1877,109.24201874869145,-0.4256898522130811,0.0,0.41870116398851687,Normal,Normal,Routine,E001A
1878,109.24211274194738,-0.4256911714636425,0.0,0.427331859757858,Normal,Normal,Routine,E001A
1879,109.24217279545907,-0.4256897374608277,0.0,0.36209165626384604,Abnormal,Abnormal,Monitor,E001A
1880,109.242256417515,-0.425689906769416,0.0,0.3794157260710055,Abnormal,Abnormal,Monitor,E001A
1881,109.24235124926612,-0.425681554695788,0.0,0.44385504277530485,Normal,Normal,Routine,E001A
1882,109.24242209559868,-0.4256917832428875,0.0,0.42626798601705174,Normal,Normal,Routine,E001A
1883,109.242507656608,-0.42568988937566404,0.0,0.40505863019117005,Normal,Normal,Routine,E001A
1884,109.24258180911039,-0.4256899063932571,0.0,0.41245681296165054,Normal,Normal,Routine,E001A
1885,109.2426650103286,-0.4256762560496103,0.0,0.43169584448168685,Normal,Normal,Routine,E001A
1886,109.2427444046243,-0.4256786562008796,0.0,0.44128217004706755,Normal,Normal,Routine,E001A
1887,109.24282616140572,-0.42567699295771133,0.0,0.48031380013677266,Normal,Normal,Routine,E001A
1888,109.24290858307776,-0.4256785717910457,0.0,0.4072803583386207,Normal,Normal,Routine,E001A
1889,109.240664522399,-0.4256237867340717,0.0,0.3944373792434986,Abnormal,Abnormal,Monitor,E001A
1890,109.24075626738005,-0.4256283103254094,0.0,0.3925713461530101,Abnormal,Abnormal,Monitor,E001A
1891,109.24084029734225,-0.42563572319640663,0.0,0.43206202499680335,Normal,Normal,Routine,E001A
1892,109.24092548847185,-0.42562069337475933,0.0,0.4156965200517987,Normal,Normal,Routine,E001A
1893,109.24099013448667,-0.425620708221657,0.0,0.37506908353057455,Abnormal,Abnormal,Monitor,E001A
1894,109.24106438235052,-0.425623780908687,0.0,0.4009505727806607,Normal,Normal,Routine,E001A
1895,109.24116091802736,-0.42563145256660484,0.0,0.38826380990434445,Abnormal,Abnormal,Monitor,E001A
1896,109.24125731074054,-0.4256278638247218,0.0,0.3909174495191723,Abnormal,Abnormal,Monitor,E001A
1897,109.24133542410934,-0.42562598182320177,0.0,0.37356713320079604,Abnormal,Abnormal,Monitor,E001A
1898,109.24142553071152,-0.4256224079126213,0.0,0.38719784829964926,Abnormal,Abnormal,Monitor,E001A
1899,109.24149763815436,-0.4256287979886732,0.0,0.37003342417556506,Abnormal,Abnormal,Monitor,E001A
1900,109.24158319955419,-0.42562498972258817,0.0,0.3944054616507716,Abnormal,Abnormal,Monitor,E001A
1901,109.24165444228412,-0.4256180791249344,0.0,0.41830162386792435,Normal,Normal,Routine,E001A
1902,109.2417290205414,-0.4256259917070582,0.0,0.35101902945043806,Abnormal,Abnormal,Monitor,E001A
1903,109.24180647584988,-0.425622545106431,0.0,0.3732119417111771,Abnormal,Abnormal,Monitor,E001A
1904,109.24189405753505,-0.425618497659639,0.0,0.4059989603653778,Normal,Normal,Routine,E001A
1905,109.24197887514609,-0.4256227818174342,0.0,0.3717452655015301,Abnormal,Abnormal,Monitor,E001A
1906,109.24213771869455,-0.4256107485531036,0.0,0.40219937818237744,Normal,Normal,Routine,E001A
1907,109.24221406734362,-0.4256231821458082,0.0,0.3843766950124588,Abnormal,Abnormal,Monitor,E001A
1908,109.24229345597723,-0.4256147966835286,0.0,0.41687449180014347,Normal,Normal,Routine,E001A
1909,109.24238324522803,-0.4256205116806043,0.0,0.4413406288143821,Normal,Normal,Routine,E001A
1910,109.24246952076442,-0.4256128747497813,0.0,0.4143722870084338,Normal,Normal,Routine,E001A
1911,109.24254177078367,-0.42562054805712585,0.0,0.4198987005044377,Normal,Normal,Routine,E001A
1912,109.24269506565909,-0.42563268551117206,0.0,0.42755576044652494,Normal,Normal,Routine,E001A
1913,109.24278962575758,-0.42560623736577763,0.0,0.4605906740184588,Normal,Normal,Routine,E001A
1914,109.24287273549035,-0.425603913384041,0.0,0.45398268824479043,Normal,Normal,Routine,E001A
1915,109.24062959917585,-0.42556111513708506,0.0,0.38346904224636746,Abnormal,Abnormal,Monitor,E001A
1916,109.24072829985917,-0.4255560465876484,0.0,0.41659413521533256,Normal,Normal,Routine,E001A
1917,109.24082037827883,-0.42556375429762944,0.0,0.4577351524375904,Normal,Normal,Routine,E001A
1918,109.24088998717484,-0.42556012775602975,0.0,0.42943077057662726,Normal,Normal,Routine,E001A
1919,109.24096371367476,-0.4255687581599463,0.0,0.39116715752337655,Abnormal,Abnormal,Monitor,E001A
1920,109.24112813739444,-0.42556383672479514,0.0,0.39272662367896655,Abnormal,Abnormal,Monitor,E001A
1921,109.24123757220164,-0.42557184231518536,0.0,0.4285814997095328,Normal,Normal,Routine,E001A
1922,109.24130767570621,-0.4255499589324462,0.0,0.4039116006982219,Normal,Normal,Routine,E001A
1923,109.24136147073759,-0.42556123074542634,0.0,0.3971244605737456,Abnormal,Abnormal,Monitor,E001A
1924,109.24145345069516,-0.4255516816342095,0.0,0.3479532766941789,Abnormal,Abnormal,Monitor,E001A
1925,109.24153578646967,-0.4255514979713258,0.0,0.4333785636508762,Normal,Normal,Routine,E001A
1926,109.24161564448461,-0.4255448181374271,0.0,0.4207227908867946,Normal,Normal,Routine,E001A
1927,109.24168991492604,-0.4255474667038979,0.0,0.38947708945403037,Abnormal,Abnormal,Monitor,E001A
1928,109.24177005094263,-0.4255468267651347,0.0,0.39562079113347415,Abnormal,Abnormal,Monitor,E001A
1929,109.24185292776845,-0.42555732122234846,0.0,0.3965647210242438,Abnormal,Abnormal,Monitor,E001A
1930,109.24195228592754,-0.4255528035244857,0.0,0.34749112269278765,Abnormal,Abnormal,Monitor,E001A
1931,109.24202641114972,-0.42554228179768233,0.0,0.4080797082132047,Normal,Normal,Routine,E001A
1932,109.24211444152716,-0.42554420555487793,0.0,0.4146773609155212,Normal,Normal,Routine,E001A
1933,109.24218378893721,-0.4255451474734249,0.0,0.4158130358484455,Normal,Normal,Routine,E001A
1934,109.24226922299461,-0.4255484695890849,0.0,0.3889831668840578,Abnormal,Abnormal,Monitor,E001A
1935,109.24234713902295,-0.4255375996662834,0.0,0.44504760488215217,Normal,Normal,Routine,E001A
1936,109.24242556895506,-0.4255422124212524,0.0,0.4594513746028756,Normal,Normal,Routine,E001A
1937,109.24253514185898,-0.42553573743372514,0.0,0.43794062593098554,Normal,Normal,Routine,E001A
1938,109.24260781857237,-0.42552351618060824,0.0,0.4540570298490275,Normal,Normal,Routine,E001A
1939,109.24268577119884,-0.42553357001184483,0.0,0.4262706082797824,Normal,Normal,Routine,E001A
1940,109.24275115224835,-0.4255367319823817,0.0,0.47086006512187845,Normal,Normal,Routine,E001A
1941,109.24281860240549,-0.42554218231278007,0.0,0.4665576438777722,Normal,Normal,Routine,E001A
1942,109.24290141573499,-0.42555561663769426,0.0,0.41573066817147103,Normal,Normal,Routine,E001A
1943,109.24067888114654,-0.4254856914282925,0.0,0.3923937025980464,Abnormal,Abnormal,Monitor,E001A
1944,109.2407492311536,-0.42548187967366463,0.0,0.4033602934348612,Normal,Normal,Routine,E001A
1945,109.24084114677633,-0.4254905142516056,0.0,0.443364707595514,Normal,Normal,Routine,E001A
1946,109.24093122243093,-0.4254886205266448,0.0,0.3946872509818954,Abnormal,Abnormal,Monitor,E001A
1947,109.24100542713323,-0.42549583942232727,0.0,0.4050547171919474,Normal,Normal,Routine,E001A
1948,109.24108356633184,-0.42549487619457516,0.0,0.38634782854143207,Abnormal,Abnormal,Monitor,E001A
1949,109.24116936618681,-0.4254891544799256,0.0,0.4232575572564129,Normal,Normal,Routine,E001A
1950,109.24124874802374,-0.42548677992022355,0.0,0.42605330969291705,Normal,Normal,Routine,E001A
1951,109.24132566400108,-0.42548485965731936,0.0,0.4409661535022856,Normal,Normal,Routine,E001A
1952,109.24139910244372,-0.4254922935985354,0.0,0.39337722013931986,Abnormal,Abnormal,Monitor,E001A
1953,109.24149583481788,-0.4254882482514242,0.0,0.38882033189842025,Abnormal,Abnormal,Monitor,E001A
1954,109.24158560621096,-0.4254814097248096,0.0,0.4284776359026392,Normal,Normal,Routine,E001A
1955,109.24166154095714,-0.4254809487762282,0.0,0.39776955959068483,Abnormal,Abnormal,Monitor,E001A
1956,109.24173688105813,-0.42548838315182613,0.0,0.4015158685461546,Normal,Normal,Routine,E001A
1957,109.2418990857508,-0.42548107382400224,0.0,0.4245717573853846,Normal,Normal,Routine,E001A
1958,109.24197936196708,-0.4254761981607858,0.0,0.4611515731138198,Normal,Normal,Routine,E001A
1959,109.24207134141142,-0.4254690418183367,0.0,0.4099686437451446,Normal,Normal,Routine,E001A
1960,109.24216051858733,-0.4254762514815304,0.0,0.39627459547720156,Abnormal,Abnormal,Monitor,E001A
1961,109.24223467194032,-0.42547244058242784,0.0,0.3908434119690087,Abnormal,Abnormal,Monitor,E001A
1962,109.2423019406715,-0.42545388254878796,0.0,0.42468390280142765,Normal,Normal,Routine,E001A
1963,109.24238379259235,-0.42546833941707435,0.0,0.44366024642458485,Normal,Normal,Routine,E001A
1964,109.24246825188327,-0.42547628409775273,0.0,0.4186989733516794,Normal,Normal,Routine,E001A
1965,109.24254636501276,-0.4254756762383678,0.0,0.4411145606693401,Normal,Normal,Routine,E001A
1966,109.24262807589733,-0.42547830841494083,0.0,0.44217405486550243,Normal,Normal,Routine,E001A
1967,109.24270076809671,-0.42547308555901603,0.0,0.43504259273096607,Normal,Normal,Routine,E001A
1968,109.24277843422254,-0.42547103251901097,0.0,0.4327501858521452,Normal,Normal,Routine,E001A
1969,109.24285766591285,-0.42547352486203904,0.0,0.4502665143418606,Normal,Normal,Routine,E001A
1970,109.24064329210024,-0.4254278613110649,0.0,0.43515416094403825,Normal,Normal,Routine,E001A
1971,109.24070484864126,-0.4254252430224274,0.0,0.394908176678058,Abnormal,Abnormal,Monitor,E001A
1972,109.24089321058308,-0.42542353282560047,0.0,0.39271491654071766,Abnormal,Abnormal,Monitor,E001A
1973,109.24096647339934,-0.4254170694179564,0.0,0.40734808686941576,Normal,Normal,Routine,E001A
1974,109.24104673655222,-0.42541813321504723,0.0,0.41004219917346396,Normal,Normal,Routine,E001A
1975,109.24113019955885,-0.42541830791288937,0.0,0.40191996680536807,Normal,Normal,Routine,E001A
1976,109.24120954218455,-0.4254026419134886,0.0,0.47315493006653225,Normal,Normal,Routine,E001A
1977,109.24145662739969,-0.42541104894313003,0.0,0.43818596369799784,Normal,Normal,Routine,E001A
1978,109.24169191553405,-0.4254158839798754,0.0,0.4327806265773,Normal,Normal,Routine,E001A
1979,109.24235691188407,-0.4253923420089589,0.0,0.4340656261025927,Normal,Normal,Routine,E001A
1980,109.24243805040662,-0.4253718311448712,0.0,0.4568378980380345,Normal,Normal,Routine,E001A
1981,109.24249785960681,-0.42539813474182897,0.0,0.43364677505385607,Normal,Normal,Routine,E001A
1982,109.24268960817359,-0.4253926697046259,0.0,0.44533646079862965,Normal,Normal,Routine,E001A
1983,109.2427562963079,-0.4253914325378756,0.0,0.4588956683740087,Normal,Normal,Routine,E001A
1984,109.24282068135625,-0.42538981503529305,0.0,0.4559848776475823,Normal,Normal,Routine,E001A
1985,109.24288405507866,-0.4253955709838478,0.0,0.45620312666907337,Normal,Normal,Routine,E001A
1986,109.24064259301367,-0.4252742148927614,0.0,0.4126907522671937,Normal,Normal,Routine,E001A
1987,109.24067444207947,-0.4253460373108431,0.0,0.44234246799348886,Normal,Normal,Routine,E001A
1988,109.24072543867945,-0.42528720611314486,0.0,0.4002915830951859,Normal,Normal,Routine,E001A
1989,109.24075872696035,-0.4253503014499588,0.0,0.40870504988198664,Normal,Normal,Routine,E001A
1990,109.24081263848196,-0.42528343077238184,0.0,0.430777201215593,Normal,Normal,Routine,E001A
1991,109.24083169668928,-0.42535284843540844,0.0,0.426260136751304,Normal,Normal,Routine,E001A
1992,109.24088251176585,-0.4252903846104231,0.0,0.4098439623114939,Normal,Normal,Routine,E001A
1993,109.24091199413492,-0.425349218008929,0.0,0.4220183532541761,Normal,Normal,Routine,E001A
1994,109.24096991932352,-0.42528551963182365,0.0,0.4104075014555408,Normal,Normal,Routine,E001A
1995,109.24101252739683,-0.42535168541061824,0.0,0.4001248680551251,Normal,Normal,Routine,E001A
1996,109.24104890264361,-0.42529756858702505,0.0,0.4247221844091725,Normal,Normal,Routine,E001A
1997,109.24108620676286,-0.42534237083073706,0.0,0.41917113674276774,Normal,Normal,Routine,E001A
1998,109.24116941798987,-0.42534371201628746,0.0,0.4628925604121129,Normal,Normal,Routine,E001A
1999,109.2412045517997,-0.42529764137992865,0.0,0.45738806027996315,Normal,Normal,Routine,E001A
2000,109.24126896070008,-0.42529358860908956,0.0,0.40931678938571936,Normal,Normal,Routine,E001A
2001,109.24134551245427,-0.42530146455670004,0.0,0.38713782634876787,Abnormal,Abnormal,Monitor,E001A
2002,109.24144467973427,-0.42530671327003916,0.0,0.39134248579074826,Abnormal,Abnormal,Monitor,E001A
2003,109.24151282721182,-0.42531872989631364,0.0,0.3808437392182615,Abnormal,Abnormal,Monitor,E001A
2004,109.24157366475576,-0.42534171312467717,0.0,0.41519157848177624,Normal,Normal,Routine,E001A
2005,109.24159244565892,-0.425310833711544,0.0,0.4029015220346053,Normal,Normal,Routine,E001A
2006,109.24175417902009,-0.42532213480058007,0.0,0.4163624139196303,Normal,Normal,Routine,E001A
2007,109.24190414707545,-0.42532432324944264,0.0,0.4040981621550713,Normal,Normal,Routine,E001A
2008,109.24198147210008,-0.42532104390013864,0.0,0.40779662060644506,Normal,Normal,Routine,E001A
2009,109.24206593296728,-0.4253298747933939,0.0,0.4051724719703825,Normal,Normal,Routine,E001A
2010,109.24215133856833,-0.4253437971250198,0.0,0.35384517099738516,Abnormal,Abnormal,Monitor,E001A
2011,109.24222098032475,-0.42533806896940823,0.0,0.4402218383618743,Normal,Normal,Routine,E001A
2012,109.24230362774358,-0.4253382760188007,0.0,0.38029943688858453,Abnormal,Abnormal,Monitor,E001A
2013,109.24240251684962,-0.4253265906938565,0.0,0.44697588750253325,Normal,Normal,Routine,E001A
2014,109.24247988976316,-0.42533407345303903,0.0,0.45890096931762797,Normal,Normal,Routine,E001A
2015,109.24255231644393,-0.425339090853617,0.0,0.4059631342286462,Normal,Normal,Routine,E001A
2016,109.24263267354657,-0.4253381163552781,0.0,0.41739433368727863,Normal,Normal,Routine,E001A
2017,109.24270304208025,-0.4253281697888315,0.0,0.44981691174121835,Normal,Normal,Routine,E001A
2018,109.24279630938008,-0.42533426175580025,0.0,0.4760362821813823,Normal,Normal,Routine,E001A
2019,109.24067207852842,-0.4252080720013021,0.0,0.40191557285631213,Normal,Normal,Routine,E001A
2020,109.24073970255922,-0.4252069670896428,0.0,0.4212473942706693,Normal,Normal,Routine,E001A
2021,109.24080151157268,-0.42520013118793776,0.0,0.4217183294329209,Normal,Normal,Routine,E001A
2022,109.24091582816435,-0.42520948890693444,0.0,0.43427462495045527,Normal,Normal,Routine,E001A
2023,109.24100138866551,-0.42520950853815603,0.0,0.42357799355298853,Normal,Normal,Routine,E001A
2024,109.24108314539599,-0.4252156448971274,0.0,0.39515199228986964,Abnormal,Abnormal,Monitor,E001A
2025,109.2411534955319,-0.4252152857519645,0.0,0.3974454668200936,Abnormal,Abnormal,Monitor,E001A
2026,109.24123144863246,-0.4252229603591771,0.0,0.37931626736670954,Abnormal,Abnormal,Monitor,E001A
2027,109.2413138591091,-0.42523398009710855,0.0,0.375755978599593,Abnormal,Abnormal,Monitor,E001A
2028,109.24139773263552,-0.42522225426481824,0.0,0.3855889204814605,Abnormal,Abnormal,Monitor,E001A
2029,109.24147747818157,-0.4252322198788476,0.0,0.3837821780024348,Abnormal,Abnormal,Monitor,E001A
2030,109.24156775070936,-0.42522184111273964,0.0,0.3701870886055199,Abnormal,Abnormal,Monitor,E001A
2031,109.2416462947167,-0.4252421959763516,0.0,0.4237559566650837,Normal,Normal,Routine,E001A
2032,109.24171450738599,-0.4252400584788041,0.0,0.3768666029155702,Abnormal,Abnormal,Monitor,E001A
2033,109.24178856378174,-0.4252398783261907,0.0,0.3990265011411755,Abnormal,Abnormal,Monitor,E001A
2034,109.24187483722787,-0.42524133324008073,0.0,0.39501361819179925,Abnormal,Abnormal,Monitor,E001A
2035,109.24202705568925,-0.4252504780889199,0.0,0.39942960210728307,Abnormal,Abnormal,Monitor,E001A
2036,109.24209698999664,-0.4252578994574431,0.0,0.43806819062870184,Normal,Normal,Routine,E001A
2037,109.24218324836848,-0.42526649111916975,0.0,0.4243044362743743,Normal,Normal,Routine,E001A
2038,109.2422618727351,-0.4252652928617502,0.0,0.40116843042269096,Normal,Normal,Routine,E001A
2039,109.24234372664995,-0.42527489633147164,0.0,0.4388438179502971,Normal,Normal,Routine,E001A
2040,109.24244234868618,-0.4252684341919248,0.0,0.4342915996181275,Normal,Normal,Routine,E001A
2041,109.24251988962963,-0.4252677484228606,0.0,0.4302786295393189,Normal,Normal,Routine,E001A
2042,109.24255171528772,-0.4251732452593702,0.0,0.4181074431605805,Normal,Normal,Routine,E001A
2043,109.2426001785605,-0.4252663353194528,0.0,0.42915097923069995,Normal,Normal,Routine,E001A
2044,109.24262607028548,-0.4251715513619418,0.0,0.4380915219401798,Normal,Normal,Routine,E001A
2045,109.2426975867322,-0.4251738673948708,0.0,0.43293988700203884,Normal,Normal,Routine,E001A
2046,109.24274095446316,-0.42527330630586946,0.0,0.4638361435364546,Normal,Normal,Routine,E001A
2047,109.24279075126849,-0.4251815454773079,0.0,0.4819848814973602,Normal,Normal,Routine,E001A
2048,109.24283176018325,-0.4252529712702954,0.0,0.4681876696297387,Normal,Normal,Routine,E001A
2049,109.24287232183235,-0.4251850538757485,0.0,0.45835753245835975,Normal,Normal,Routine,E001A
2050,109.24291984145431,-0.4252484699466483,0.0,0.4478729516133168,Normal,Normal,Routine,E001A
2051,109.2406357317976,-0.42513628563003447,0.0,0.4117659836998554,Normal,Normal,Routine,E001A
2052,109.24072307973206,-0.4251447536564788,0.0,0.4193121011640216,Normal,Normal,Routine,E001A
2053,109.2407857129706,-0.42514360057332246,0.0,0.4522866870767711,Normal,Normal,Routine,E001A
2054,109.24084168960015,-0.42514821992835544,0.0,0.41849329430481486,Normal,Normal,Routine,E001A
2055,109.24092344987415,-0.42513866846108006,0.0,0.39440853718554253,Abnormal,Abnormal,Monitor,E001A
2056,109.24101091131472,-0.4251417993229471,0.0,0.37843287268892084,Abnormal,Abnormal,Monitor,E001A
2057,109.24109981488816,-0.42513522373976764,0.0,0.394664363337421,Abnormal,Abnormal,Monitor,E001A
2058,109.24120081160635,-0.42512605106097573,0.0,0.4578386777315315,Normal,Normal,Routine,E001A
2059,109.24125642687602,-0.4251239106743394,0.0,0.4134243911259304,Normal,Normal,Routine,E001A
2060,109.24133989415729,-0.42512507104670916,0.0,0.400974746229342,Normal,Normal,Routine,E001A
2061,109.2414066758559,-0.42511900402794284,0.0,0.39967001158086823,Abnormal,Abnormal,Monitor,E001A
2062,109.24147840457226,-0.42511591420032097,0.0,0.44022333866157454,Normal,Normal,Routine,E001A
2063,109.24157372365269,-0.42512514185304245,0.0,0.39785437765297643,Abnormal,Abnormal,Monitor,E001A
2064,109.24164691704061,-0.42511993267572096,0.0,0.376837331475816,Abnormal,Abnormal,Monitor,E001A
2065,109.24172855582137,-0.4251194730196283,0.0,0.3884790168619942,Abnormal,Abnormal,Monitor,E001A
2066,109.2418730596419,-0.42511783048018714,0.0,0.42323030775731746,Normal,Normal,Routine,E001A
2067,109.24194418706132,-0.4251163754878568,0.0,0.4570473650852958,Normal,Normal,Routine,E001A
2068,109.24200834072903,-0.4251169409157497,0.0,0.393966454054692,Abnormal,Abnormal,Monitor,E001A
2069,109.24209741894849,-0.4251128585175959,0.0,0.39337362273522225,Abnormal,Abnormal,Monitor,E001A
2070,109.24218175488977,-0.42511405615634834,0.0,0.40404137488276654,Normal,Normal,Routine,E001A
2071,109.24226566590549,-0.4251114854690527,0.0,0.3820045702360772,Abnormal,Abnormal,Monitor,E001A
2072,109.2423264150084,-0.4251086038175,0.0,0.4129677990791746,Normal,Normal,Routine,E001A
2073,109.24239155972879,-0.42511206414114133,0.0,0.45881088587245605,Normal,Normal,Routine,E001A
2074,109.24246112175388,-0.42510541175854505,0.0,0.3980813064845279,Abnormal,Abnormal,Monitor,E001A
2075,109.24254318773222,-0.4251067933506508,0.0,0.4225802299106772,Normal,Normal,Routine,E001A
2076,109.24267591927513,-0.4251071936287005,0.0,0.45736151098525457,Normal,Normal,Routine,E001A
2077,109.24275237816332,-0.42510890310000676,0.0,0.46364886506591657,Normal,Normal,Routine,E001A
2078,109.24283200690671,-0.42510733248717436,0.0,0.4559790269816857,Normal,Normal,Routine,E001A
2079,109.24290356327742,-0.42510393966250615,0.0,0.4682657057408239,Normal,Normal,Routine,E001A
2080,109.24066131602295,-0.4250744861063208,0.0,0.44613027895012725,Normal,Normal,Routine,E001A
2081,109.2407240603804,-0.42507450050015416,0.0,0.44558384052186006,Normal,Normal,Routine,E001A
2082,109.24081009719501,-0.42506949503241603,0.0,0.42840415663165515,Normal,Normal,Routine,E001A
2083,109.24088543501135,-0.42508288783938786,0.0,0.3938164816598723,Abnormal,Abnormal,Monitor,E001A
2084,109.24096909600419,-0.42507742786540653,0.0,0.41036311580669993,Normal,Normal,Routine,E001A
2085,109.24104324930569,-0.4250736160600299,0.0,0.3764173992661995,Abnormal,Abnormal,Monitor,E001A
2086,109.24108745563655,-0.4250753009658482,0.0,0.4267860071253254,Normal,Normal,Routine,E001A
2087,109.2411499026566,-0.4250714493978725,0.0,0.39877825817998863,Abnormal,Abnormal,Monitor,E001A
2088,109.24122785662257,-0.4250752951853208,0.0,0.4447745980083317,Normal,Normal,Routine,E001A
2089,109.24129964006653,-0.42507246942668114,0.0,0.3980576619528263,Abnormal,Abnormal,Monitor,E001A
2090,109.24136547517695,-0.4250655458155321,0.0,0.39782735282057397,Abnormal,Abnormal,Monitor,E001A
2091,109.24146107235042,-0.425068447938192,0.0,0.44125328900722355,Normal,Normal,Routine,E001A
2092,109.24153596163622,-0.4250673727132206,0.0,0.38342912959959524,Abnormal,Abnormal,Monitor,E001A
2093,109.24161190425086,-0.42505989798356336,0.0,0.3969661873040741,Abnormal,Abnormal,Monitor,E001A
2094,109.2416857873004,-0.42506754271066366,0.0,0.4158642483302034,Normal,Normal,Routine,E001A
2095,109.24174473274344,-0.42505631122855614,0.0,0.3910521153737949,Abnormal,Abnormal,Monitor,E001A
2096,109.24182268500282,-0.42506781283188705,0.0,0.39403217586760336,Abnormal,Abnormal,Monitor,E001A
2097,109.2418987391707,-0.42506759153141754,0.0,0.4221614225624272,Normal,Normal,Routine,E001A
2098,109.24198316662097,-0.42505734072534973,0.0,0.4302991781552728,Normal,Normal,Routine,E001A
2099,109.24207014146495,-0.42505950747532856,0.0,0.38880163123669137,Abnormal,Abnormal,Monitor,E001A
2100,109.2421456178704,-0.425064065277132,0.0,0.4094852777914359,Normal,Normal,Routine,E001A
2101,109.24221407202138,-0.425062681107178,0.0,0.3950676041965123,Abnormal,Abnormal,Monitor,E001A
2102,109.24229179144338,-0.42505522847834143,0.0,0.37796460695103284,Abnormal,Abnormal,Monitor,E001A
2103,109.24236062937086,-0.4250529229104706,0.0,0.41981603225775843,Normal,Normal,Routine,E001A
2104,109.24242467424605,-0.42505399833442786,0.0,0.4299921325287661,Normal,Normal,Routine,E001A
2105,109.24249262401354,-0.4250546577693398,0.0,0.420655180009106,Normal,Normal,Routine,E001A
2106,109.24257465952626,-0.4250517357763961,0.0,0.42957691207868,Normal,Normal,Routine,E001A
2107,109.2426559024503,-0.42504623272128816,0.0,0.42893234240758166,Normal,Normal,Routine,E001A
2108,109.24272268720227,-0.42504672730394016,0.0,0.477301329257933,Normal,Normal,Routine,E001A
2109,109.24279370398376,-0.42504607710429587,0.0,0.4706487897118088,Normal,Normal,Routine,E001A
2110,109.24288356929254,-0.4250531856173181,0.0,0.44687004077720927,Normal,Normal,Routine,E001A
2111,109.24063798458025,-0.4250136474849294,0.0,0.437821254698684,Normal,Normal,Routine,E001A
2112,109.24069531408965,-0.42502185541570786,0.0,0.44855920446595426,Normal,Normal,Routine,E001A
2113,109.2407713694564,-0.4250161305453887,0.0,0.4098175202999035,Normal,Normal,Routine,E001A
2114,109.2408471875196,-0.42501112363491617,0.0,0.4502378261275982,Normal,Normal,Routine,E001A
2115,109.24091967517862,-0.4250123366507326,0.0,0.41086388243402056,Normal,Normal,Routine,E001A
2116,109.24099953254266,-0.4250123549649064,0.0,0.4295457697813757,Normal,Normal,Routine,E001A
2117,109.24109079664623,-0.4250142893965669,0.0,0.4266465132405241,Normal,Normal,Routine,E001A
2118,109.24117686876731,-0.4250121143936718,0.0,0.44044209986755134,Normal,Normal,Routine,E001A
2119,109.241249933501,-0.4250156606377011,0.0,0.42115590599539615,Normal,Normal,Routine,E001A
2120,109.24133658180857,-0.4250117793473583,0.0,0.3890426672485267,Abnormal,Abnormal,Monitor,E001A
2121,109.24141861146207,-0.4250107066628009,0.0,0.4346087627877142,Normal,Normal,Routine,E001A
2122,109.24149386917587,-0.42500902021227466,0.0,0.41869012095045294,Normal,Normal,Routine,E001A
2123,109.24157657858242,-0.4250090382698653,0.0,0.41835061489122966,Normal,Normal,Routine,E001A
2124,109.24163446483708,-0.42500627985457073,0.0,0.3942701962794392,Abnormal,Abnormal,Monitor,E001A
2125,109.24171812592168,-0.425000556714853,0.0,0.35555853366869694,Abnormal,Abnormal,Monitor,E001A
2126,109.24179013932645,-0.4250017696138895,0.0,0.37954033224719974,Abnormal,Abnormal,Monitor,E001A
2127,109.24186262716312,-0.4250063321561946,0.0,0.3987935069981996,Abnormal,Abnormal,Monitor,E001A
2128,109.24195343635257,-0.42500222573533136,0.0,0.4258407945124184,Normal,Normal,Routine,E001A
2129,109.242026144335,-0.4250025408194561,0.0,0.431044395126474,Normal,Normal,Routine,E001A
2130,109.24211498515643,-0.42499560528751545,0.0,0.4087840877036928,Normal,Normal,Routine,E001A
2131,109.24218558930235,-0.42500424579898377,0.0,0.40006996983160764,Normal,Normal,Routine,E001A
2132,109.24226810939678,-0.42499546584809533,0.0,0.39775761348333377,Abnormal,Abnormal,Monitor,E001A
2133,109.24232767467818,-0.42499609623183066,0.0,0.432050719243981,Normal,Normal,Routine,E001A
2134,109.2424053903782,-0.4249852569852518,0.0,0.4603646615593241,Normal,Normal,Routine,E001A
2135,109.24246691634693,-0.4249909600492337,0.0,0.43643050750645385,Normal,Normal,Routine,E001A
2136,109.24253370161128,-0.4249931293997781,0.0,0.40764276736564947,Normal,Normal,Routine,E001A
2137,109.24263042804482,-0.42498380107318556,0.0,0.41896119593929987,Normal,Normal,Routine,E001A
2138,109.24268631528855,-0.4249867148794551,0.0,0.44534672350406934,Normal,Normal,Routine,E001A
2139,109.24276946477028,-0.42498334279362476,0.0,0.48782592548742143,Normal,Normal,Routine,E001A
2140,109.24283104771993,-0.42498737652616164,0.0,0.45498307316341186,Normal,Normal,Routine,E001A
2141,109.24288829197805,-0.42498359699411903,0.0,0.44730515166172646,Normal,Normal,Routine,E001A
2142,109.2406554009704,-0.4249550916244441,0.0,0.42302062840791077,Normal,Normal,Routine,E001A
2143,109.24072574932435,-0.4249625248397419,0.0,0.43416490617136544,Normal,Normal,Routine,E001A
2144,109.24082462038949,-0.4249587196053583,0.0,0.4262017623270647,Normal,Normal,Routine,E001A
2145,109.24089116670761,-0.42496064927240873,0.0,0.4409808317760495,Normal,Normal,Routine,E001A
2146,109.24096912285921,-0.424958752741989,0.0,0.41669202359667634,Normal,Normal,Routine,E001A
2147,109.24105449882315,-0.4249605004393717,0.0,0.407610726218516,Normal,Normal,Routine,E001A
2148,109.2411193289408,-0.42496070159051863,0.0,0.39525798813869745,Abnormal,Abnormal,Monitor,E001A
2149,109.2412105952148,-0.4249530657926726,0.0,0.4148198356242972,Normal,Normal,Routine,E001A
2150,109.24128684074385,-0.4249526003760119,0.0,0.3908426745631348,Abnormal,Abnormal,Monitor,E001A
2151,109.24137720316737,-0.4249418580908512,0.0,0.325433198978441,Abnormal,Abnormal,Monitor,E001A
2152,109.24144419687782,-0.4249476157657145,0.0,0.3977695603359927,Abnormal,Abnormal,Monitor,E001A
2153,109.24151502153138,-0.4249502635198235,0.0,0.4366891419991296,Normal,Normal,Routine,E001A
2154,109.2416195914045,-0.424934010053317,0.0,0.41053049989673945,Normal,Normal,Routine,E001A
2155,109.24168581457661,-0.42494695403833044,0.0,0.392612592392979,Abnormal,Abnormal,Monitor,E001A
2156,109.24175236225699,-0.4249469692911734,0.0,0.39838499411998696,Abnormal,Abnormal,Monitor,E001A
2157,109.24183031971037,-0.42493550252147255,0.0,0.4020257953799168,Normal,Normal,Routine,E001A
2158,109.24190851507095,-0.4249286197121802,0.0,0.44575405464619267,Normal,Normal,Routine,E001A
2159,109.2421468077323,-0.4249226073533473,0.0,0.42273231347997686,Normal,Normal,Routine,E001A
2160,109.2422167411604,-0.42492598466876014,0.0,0.340688412796621,Abnormal,Abnormal,Monitor,E001A
2161,109.24228328869754,-0.4249267170279621,0.0,0.36153384782049774,Abnormal,Abnormal,Monitor,E001A
2162,109.24235732089859,-0.4249223906253292,0.0,0.44934702073443367,Normal,Normal,Routine,E001A
2163,109.24243408761325,-0.42492527937278135,0.0,0.41753282559157634,Normal,Normal,Routine,E001A
2164,109.24250276771676,-0.42492576082262634,0.0,0.4083867060805426,Normal,Normal,Routine,E001A
2165,109.2425676529588,-0.4249207522864937,0.0,0.383351049417848,Abnormal,Abnormal,Monitor,E001A
2166,109.24265293507653,-0.42492073474577574,0.0,0.416271600797167,Normal,Normal,Routine,E001A
2167,109.24272885475928,-0.42491555058768316,0.0,0.43494958373285286,Normal,Normal,Routine,E001A
2168,109.24280203449422,-0.424911319840073,0.0,0.4508960453920862,Normal,Normal,Routine,E001A
2169,109.24288759334883,-0.42491899616653483,0.0,0.44119051652806657,Normal,Normal,Routine,E001A
2170,109.24063259653602,-0.4249034055614327,0.0,0.4209327299494643,Normal,Normal,Routine,E001A
2171,109.24069153898947,-0.4249012659358579,0.0,0.4139044531519049,Normal,Normal,Routine,E001A
2172,109.2407825696677,-0.4248866913816555,0.0,0.43311283626835206,Normal,Normal,Routine,E001A
2173,109.24085315571162,-0.42489173186604956,0.0,0.4578010757483927,Normal,Normal,Routine,E001A
2174,109.24091209595264,-0.42489940210220384,0.0,0.39528888781334265,Abnormal,Abnormal,Monitor,E001A
2175,109.2409976586152,-0.4248898514945871,0.0,0.41108734360446314,Normal,Normal,Routine,E001A
2176,109.2410984291406,-0.4248917880996172,0.0,0.42486904174662554,Normal,Normal,Routine,E001A
2177,109.24118018898861,-0.4248841510237829,0.0,0.4096122316709323,Normal,Normal,Routine,E001A
2178,109.24127417178815,-0.4248798418660792,0.0,0.43672081266468554,Normal,Normal,Routine,E001A
2179,109.24134679536729,-0.42487988202461285,0.0,0.4221734587962811,Normal,Normal,Routine,E001A
2180,109.24141930766059,-0.42488346430759544,0.0,0.3743328535571121,Abnormal,Abnormal,Monitor,E001A
2181,109.24150025023593,-0.4248712259509553,0.0,0.41092056193461973,Normal,Normal,Routine,E001A
2182,109.24157293754587,-0.4248794554805047,0.0,0.3782947646169522,Abnormal,Abnormal,Monitor,E001A
2183,109.24163449687148,-0.42486463541824376,0.0,0.40911301914927334,Normal,Normal,Routine,E001A
2184,109.24173122849108,-0.42486394047392073,0.0,0.4204228227295411,Normal,Normal,Routine,E001A
2185,109.24180704352914,-0.42486850286937317,0.0,0.375205485740485,Abnormal,Abnormal,Monitor,E001A
2186,109.24186266092448,-0.42485703097663124,0.0,0.4102274854577935,Normal,Normal,Routine,E001A
2187,109.24194294981012,-0.4248715652317175,0.0,0.4090226203749622,Normal,Normal,Routine,E001A
2188,109.24210599762839,-0.42485788251558887,0.0,0.38599905480687946,Abnormal,Abnormal,Monitor,E001A
2189,109.24219510003925,-0.4248580530429006,0.0,0.4118986518988193,Normal,Normal,Routine,E001A
2190,109.24226354766107,-0.4248617094445698,0.0,0.36929932516879527,Abnormal,Abnormal,Monitor,E001A
2191,109.24233009701673,-0.42485042724026817,0.0,0.4298448512996322,Normal,Normal,Routine,E001A
2192,109.24239305426616,-0.42483875536176,0.0,0.4604534782026797,Normal,Normal,Routine,E001A
2193,109.24246055058113,-0.4248425987340484,0.0,0.42225505896113774,Normal,Normal,Routine,E001A
2194,109.24253966296816,-0.42484426630193006,0.0,0.409065386566161,Normal,Normal,Routine,E001A
2195,109.24269461483195,-0.4248379282661032,0.0,0.41272832643373775,Normal,Normal,Routine,E001A
2196,109.24276430489083,-0.42482919057694735,0.0,0.4205640603338603,Normal,Normal,Routine,E001A
2197,109.24284202916247,-0.4248242130079236,0.0,0.41918337931310323,Normal,Normal,Routine,E001A
2198,109.24292165261517,-0.42483015894429993,0.0,0.3953228448555343,Abnormal,Abnormal,Monitor,E001A
2199,109.2406404695385,-0.424773965644138,0.0,0.42367540842199913,Normal,Normal,Routine,E001A
2200,109.24066160509211,-0.42484503231401527,0.0,0.4355238136155858,Normal,Normal,Routine,E001A
2201,109.24072388405823,-0.4248017395905652,0.0,0.4257109844340728,Normal,Normal,Routine,E001A
2202,109.24072929791339,-0.424849545830717,0.0,0.4218759128719183,Normal,Normal,Routine,E001A
2203,109.24081133666401,-0.4248438702526501,0.0,0.44435322207800804,Normal,Normal,Routine,E001A
2204,109.24083156905726,-0.42478962674038806,0.0,0.43152039976609424,Normal,Normal,Routine,E001A
2205,109.24088358921111,-0.424840058004025,0.0,0.42609062642083134,Normal,Normal,Routine,E001A
2206,109.2409691505726,-0.42483624970964295,0.0,0.4322333361382957,Normal,Normal,Routine,E001A
2207,109.24110158623763,-0.4247780837278052,0.0,0.401052117168563,Normal,Normal,Routine,E001A
2208,109.24114966944953,-0.42482375023239755,0.0,0.4303700747896357,Normal,Normal,Routine,E001A
2209,109.24125958545146,-0.4247813274968354,0.0,0.43408203849921356,Normal,Normal,Routine,E001A
2210,109.24130938007386,-0.424834075080297,0.0,0.42168455124796334,Normal,Normal,Routine,E001A
2211,109.24138364602635,-0.42482868799308604,0.0,0.40873410162428986,Normal,Normal,Routine,E001A
2212,109.24141217875028,-0.4247731857675214,0.0,0.39071761104338376,Abnormal,Abnormal,Monitor,E001A
2213,109.24145919844469,-0.42482270074304485,0.0,0.4523753607430474,Normal,Normal,Routine,E001A
2214,109.24152995927007,-0.4248096805415858,0.0,0.42819569521043255,Normal,Normal,Routine,E001A
2215,109.24160598881406,-0.424811033617636,0.0,0.44587497250176966,Normal,Normal,Routine,E001A
2216,109.24166504997218,-0.42476075981860484,0.0,0.4331721176590341,Normal,Normal,Routine,E001A
2217,109.24174859232663,-0.42480340956719953,0.0,0.40926276185367333,Normal,Normal,Routine,E001A
2218,109.24182631322826,-0.42478931121814445,0.0,0.39893513004640413,Abnormal,Abnormal,Monitor,E001A
2219,109.24190375452912,-0.4247842250783792,0.0,0.4144608318805695,Normal,Normal,Routine,E001A
2220,109.24198812584439,-0.4247878326776598,0.0,0.4321860188878648,Normal,Normal,Routine,E001A
2221,109.24206245850498,-0.42479741451024167,0.0,0.4107528047160701,Normal,Normal,Routine,E001A
2222,109.24214043936371,-0.4247857704912899,0.0,0.4177419000690562,Normal,Normal,Routine,E001A
2223,109.24220698705902,-0.42478578573440634,0.0,0.4043599749023134,Normal,Normal,Routine,E001A
2224,109.24227923750547,-0.42478752859628466,0.0,0.40260763751318845,Normal,Normal,Routine,E001A
2225,109.24235749411065,-0.42478000192523374,0.0,0.4572634537925233,Normal,Normal,Routine,E001A
2226,109.24241786325905,-0.42477307703885875,0.0,0.43621079307234156,Normal,Normal,Routine,E001A
2227,109.24248701830999,-0.424778584704956,0.0,0.42056674118375337,Normal,Normal,Routine,E001A
2228,109.24257638300162,-0.4247709484407644,0.0,0.4140183549762883,Normal,Normal,Routine,E001A
2229,109.24265007323345,-0.42476545630413337,0.0,0.42381454405308344,Normal,Normal,Routine,E001A
2230,109.24273171639052,-0.4247696601108056,0.0,0.4520390911861225,Normal,Normal,Routine,E001A
2231,109.24280325702443,-0.4247603449929248,0.0,0.434272072762072,Normal,Normal,Routine,E001A
2232,109.2428724139843,-0.42477734815168683,0.0,0.412120401447476,Normal,Normal,Routine,E001A
2233,109.24063733012657,-0.4247062236960086,0.0,0.387315650951039,Abnormal,Abnormal,Monitor,E001A
2234,109.24073055735032,-0.424718237911972,0.0,0.4149115060527737,Normal,Normal,Routine,E001A
2235,109.2407999571731,-0.4247175358031038,0.0,0.42778832011673223,Normal,Normal,Routine,E001A
2236,109.24088171657296,-0.4247118122262048,0.0,0.4189025953783578,Normal,Normal,Routine,E001A
2237,109.24097488144547,-0.4247175758933718,0.0,0.3522165110759098,Abnormal,Abnormal,Monitor,E001A
2238,109.24105074830699,-0.4247192445347771,0.0,0.4203452530297431,Normal,Normal,Routine,E001A
2239,109.24113437159171,-0.42471370947638803,0.0,0.4140301315766528,Normal,Normal,Routine,E001A
2240,109.24123156381829,-0.42471380680462295,0.0,0.38046137471314817,Abnormal,Abnormal,Monitor,E001A
2241,109.24129919892094,-0.4247114774474763,0.0,0.4109870981508824,Normal,Normal,Routine,E001A
2242,109.24144976844195,-0.4247111493208288,0.0,0.4277403722570267,Normal,Normal,Routine,E001A
2243,109.24152263330835,-0.4247048060587599,0.0,0.4007588973975117,Normal,Normal,Routine,E001A
2244,109.24160202581332,-0.4247069240361707,0.0,0.4460113304487054,Normal,Normal,Routine,E001A
2245,109.24167256158724,-0.4247000304227942,0.0,0.4092994796918599,Normal,Normal,Routine,E001A
2246,109.24173150315232,-0.424701958332075,0.0,0.4218499303078737,Normal,Normal,Routine,E001A
2247,109.24180927488277,-0.4246974474017092,0.0,0.42112553966804767,Normal,Normal,Routine,E001A
2248,109.24187168776007,-0.4247016712239283,0.0,0.4243569182510915,Normal,Normal,Routine,E001A
2249,109.24194536395945,-0.4247064736662114,0.0,0.4214010624718938,Normal,Normal,Routine,E001A
2250,109.2420256356933,-0.4247015229107463,0.0,0.424260218485287,Normal,Normal,Routine,E001A
2251,109.24211458223496,-0.42470373892748664,0.0,0.39243491829480404,Abnormal,Abnormal,Monitor,E001A
2252,109.24219410323593,-0.4247018047502262,0.0,0.3853932458083503,Abnormal,Abnormal,Monitor,E001A
2253,109.24225799599427,-0.4247042085486466,0.0,0.374755941396291,Abnormal,Abnormal,Monitor,E001A
2254,109.2423153362963,-0.42470065601520013,0.0,0.42515907325376506,Normal,Normal,Routine,E001A
2255,109.24239355314572,-0.4246981319317183,0.0,0.4499039403564112,Normal,Normal,Routine,E001A
2256,109.24245773660968,-0.4246980733796636,0.0,0.41975528024145964,Normal,Normal,Routine,E001A
2257,109.2425370835111,-0.42469547087886306,0.0,0.42577498926795926,Normal,Normal,Routine,E001A
2258,109.24260527008299,-0.42469763963477203,0.0,0.40444158754633885,Normal,Normal,Routine,E001A
2259,109.24268818771347,-0.4246986397867174,0.0,0.4263145233035733,Normal,Normal,Routine,E001A
2260,109.24276595662141,-0.424698845685788,0.0,0.44544290838082534,Normal,Normal,Routine,E001A
2261,109.24285059105922,-0.4246949892197722,0.0,0.42461521302063304,Normal,Normal,Routine,E001A
2262,109.24291904082375,-0.4246892625670237,0.0,0.4155696846383552,Normal,Normal,Routine,E001A
2263,109.24061611689254,-0.4246410069373549,0.0,0.36224047719232666,Abnormal,Abnormal,Monitor,E001A
2264,109.24069349870418,-0.42464453607437047,0.0,0.3671343632559405,Abnormal,Abnormal,Monitor,E001A
2265,109.24076004539387,-0.42464479096466135,0.0,0.38616452905978343,Abnormal,Abnormal,Monitor,E001A
2266,109.2408382231188,-0.42465212739292785,0.0,0.44148995566303706,Normal,Normal,Routine,E001A
2267,109.24092712680735,-0.42464100134282823,0.0,0.38905596967503603,Abnormal,Abnormal,Monitor,E001A
2268,109.24100132812443,-0.42463535922479545,0.0,0.37204474866497655,Abnormal,Abnormal,Monitor,E001A
2269,109.24108321540328,-0.42464015541315725,0.0,0.4489509863840552,Normal,Normal,Routine,E001A
2270,109.24118382229524,-0.4246467265128451,0.0,0.4358794497355653,Normal,Normal,Routine,E001A
2271,109.24126535127553,-0.4246391409172454,0.0,0.4373584306404854,Normal,Normal,Routine,E001A
2272,109.24133495658363,-0.4246434676702201,0.0,0.43831374273218576,Normal,Normal,Routine,E001A
2273,109.24140745687218,-0.4246365654648633,0.0,0.4418681637258627,Normal,Normal,Routine,E001A
2274,109.24147863734623,-0.42463873491313986,0.0,0.40319181407439175,Normal,Normal,Routine,E001A
2275,109.2415561789268,-0.4246310489263046,0.0,0.4063863327565531,Normal,Normal,Routine,E001A
2276,109.24164128035329,-0.42463539821666313,0.0,0.41633961895713933,Normal,Normal,Routine,E001A
2277,109.24171848897507,-0.42463038617233306,0.0,0.4372235422419699,Normal,Normal,Routine,E001A
2278,109.24191448533148,-0.4246251164752674,0.0,0.4080492974751058,Normal,Normal,Routine,E001A
2279,109.24199450023855,-0.42462377924947103,0.0,0.42524996185152425,Normal,Normal,Routine,E001A
2280,109.24207069092806,-0.4246236402518239,0.0,0.40639099937838474,Normal,Normal,Routine,E001A
2281,109.24215522357035,-0.4246209268062872,0.0,0.405435146360068,Normal,Normal,Routine,E001A
2282,109.24222984002337,-0.4246228582987878,0.0,0.3997475939216768,Abnormal,Abnormal,Monitor,E001A
2283,109.2422982876026,-0.42462670188211654,0.0,0.42917456598065573,Normal,Normal,Routine,E001A
2284,109.24237474015233,-0.4246166174238302,0.0,0.4603890988151901,Normal,Normal,Routine,E001A
2285,109.24243747818159,-0.4246170504787156,0.0,0.4581178811860959,Normal,Normal,Routine,E001A
2286,109.24249544571516,-0.42462042504121034,0.0,0.39910595879700633,Abnormal,Abnormal,Monitor,E001A
2287,109.24258021885456,-0.42462283723178096,0.0,0.4008273292102711,Normal,Normal,Routine,E001A
2288,109.24265219133224,-0.42462244224934326,0.0,0.3983513266652662,Abnormal,Abnormal,Monitor,E001A
2289,109.24274125654772,-0.4246203610371402,0.0,0.42046120929388475,Normal,Normal,Routine,E001A
2290,109.24280549899368,-0.4246137444905174,0.0,0.4356433561783169,Normal,Normal,Routine,E001A
2291,109.24287208390513,-0.4246121455500278,0.0,0.4194992779163985,Normal,Normal,Routine,E001A
2292,109.24066578138311,-0.4245700044225335,0.0,0.3861170017235988,Abnormal,Abnormal,Monitor,E001A
2293,109.24073486839353,-0.42457420264735685,0.0,0.3703383441245674,Abnormal,Abnormal,Monitor,E001A
2294,109.24078168993272,-0.42457038456236335,0.0,0.43111701534071734,Normal,Normal,Routine,E001A
2295,109.24089695862061,-0.4245720857386417,0.0,0.37996032595455737,Abnormal,Abnormal,Monitor,E001A
2296,109.24096540744749,-0.4245701879180203,0.0,0.4253740999193011,Normal,Normal,Routine,E001A
2297,109.24105295068794,-0.4245651031900452,0.0,0.4051769400875156,Normal,Normal,Routine,E001A
2298,109.24113851064753,-0.424567515572402,0.0,0.416875430451889,Normal,Normal,Routine,E001A
2299,109.24122211238819,-0.42456192443429214,0.0,0.44532094321202187,Normal,Normal,Routine,E001A
2300,109.24129460019927,-0.42456648696337473,0.0,0.4229242573360781,Normal,Normal,Routine,E001A
2301,109.24137656059519,-0.4245419358534429,0.0,0.41996302604853963,Normal,Normal,Routine,E001A
2302,109.24144847161769,-0.42455887995070896,0.0,0.4371578862040081,Normal,Normal,Routine,E001A
2303,109.24151834593123,-0.4245573939079611,0.0,0.4252023208467486,Normal,Normal,Routine,E001A
2304,109.24159653906564,-0.4245602829740675,0.0,0.37733658079375454,Abnormal,Abnormal,Monitor,E001A
2305,109.24167829763279,-0.424558388193956,0.0,0.40673750836986844,Normal,Normal,Routine,E001A
2306,109.24176845134964,-0.42455700897874626,0.0,0.409399306779506,Normal,Normal,Routine,E001A
2307,109.24182089808467,-0.4245603343510583,0.0,0.4096891507058619,Normal,Normal,Routine,E001A
2308,109.24195606093245,-0.4245539348066075,0.0,0.4379783671686731,Normal,Normal,Routine,E001A
2309,109.2420325883417,-0.42456232616643746,0.0,0.4215287064048541,Normal,Normal,Routine,E001A
2310,109.24211864962842,-0.42455658636886123,0.0,0.4426854985921939,Normal,Normal,Routine,E001A
2311,109.2421787797849,-0.4245577965266931,0.0,0.40931690851895036,Normal,Normal,Routine,E001A
2312,109.24224345069177,-0.4245551382139947,0.0,0.4200962117126396,Normal,Normal,Routine,E001A
2313,109.24232831563891,-0.4245566822947781,0.0,0.4303796664484631,Normal,Normal,Routine,E001A
2314,109.24240027123795,-0.42455540651778717,0.0,0.4475585474272928,Normal,Normal,Routine,E001A
2315,109.24247201249935,-0.42455259428113884,0.0,0.4351884976905935,Normal,Normal,Routine,E001A
2316,109.24254356824919,-0.42455186280112994,0.0,0.4095444005752842,Normal,Normal,Routine,E001A
2317,109.24261197868083,-0.42455716591542475,0.0,0.40996276548270066,Normal,Normal,Routine,E001A
2318,109.24269516661478,-0.42454259041585074,0.0,0.4039531170444013,Normal,Normal,Routine,E001A
2319,109.24277929790237,-0.42455911861738466,0.0,0.46198179848304316,Normal,Normal,Routine,E001A
2320,109.2428396670618,-0.4245521928146225,0.0,0.43789220635776405,Normal,Normal,Routine,E001A
2321,109.24290597662944,-0.4245526872691997,0.0,0.40847603188997983,Normal,Normal,Routine,E001A
2322,109.24062854146798,-0.42448753534518996,0.0,0.3919478679100434,Abnormal,Abnormal,Monitor,E001A
2323,109.24069805050995,-0.4244844703136817,0.0,0.3976880036323555,Abnormal,Abnormal,Monitor,E001A
2324,109.24076269431116,-0.42449022743752973,0.0,0.3761747905007359,Abnormal,Abnormal,Monitor,E001A
2325,109.24084278878624,-0.4244943124296353,0.0,0.3937506461236514,Abnormal,Abnormal,Monitor,E001A
2326,109.24092929894577,-0.42449744304398096,0.0,0.3831474882106678,Abnormal,Abnormal,Monitor,E001A
2327,109.24100899824795,-0.424493314171952,0.0,0.39809571435543095,Abnormal,Abnormal,Monitor,E001A
2328,109.24110287756412,-0.4244897474049774,0.0,0.4001827611624837,Normal,Normal,Routine,E001A
2329,109.2411797672181,-0.4244929373057838,0.0,0.42056514296395847,Normal,Normal,Routine,E001A
2330,109.24126337121933,-0.42448927142289844,0.0,0.4125149567093617,Normal,Normal,Routine,E001A
2331,109.24133448311869,-0.4244808388157311,0.0,0.3781154536260555,Abnormal,Abnormal,Monitor,E001A
2332,109.24140839888828,-0.4244787767520056,0.0,0.3811769629513712,Abnormal,Abnormal,Monitor,E001A
2333,109.24147351831283,-0.42448668802802214,0.0,0.39459302209290853,Abnormal,Abnormal,Monitor,E001A
2334,109.24157611608376,-0.4244880200457306,0.0,0.37426278228010185,Abnormal,Abnormal,Monitor,E001A
2335,109.24165216928358,-0.4244880374594708,0.0,0.2568421181605793,Suspect,Suspect,Priority Survey,E001A
2336,109.2417115890935,-0.4244803952428909,0.0,0.40966362810357104,Normal,Normal,Routine,E001A
2337,109.24178669073653,-0.4244856763796632,0.0,0.4108083186527857,Normal,Normal,Routine,E001A
2338,109.2418479704398,-0.42448393606291,0.0,0.40166850748042077,Normal,Normal,Routine,E001A
2339,109.24192180530949,-0.42448618568800617,0.0,0.4252493212566816,Normal,Normal,Routine,E001A
2340,109.24200384330454,-0.42448406308063474,0.0,0.43393871191744693,Normal,Normal,Routine,E001A
2341,109.24207894690512,-0.4244807307371057,0.0,0.42324882175860745,Normal,Normal,Routine,E001A
2342,109.24215096031948,-0.4244819436127873,0.0,0.40748051563146276,Normal,Normal,Routine,E001A
2343,109.24222586862518,-0.4244802733304139,0.0,0.4179514945537836,Normal,Normal,Routine,E001A
2344,109.24230615772855,-0.424481979135077,0.0,0.40815124582020745,Normal,Normal,Routine,E001A
2345,109.24236324774458,-0.4244729744979535,0.0,0.4566108377473306,Normal,Normal,Routine,E001A
2346,109.24244381513897,-0.4244794541771568,0.0,0.406943870134408,Normal,Normal,Routine,E001A
2347,109.24252034670835,-0.42447348973065324,0.0,0.40733589325519826,Normal,Normal,Routine,E001A
2348,109.24259274641734,-0.4244746149732662,0.0,0.4233294330528375,Normal,Normal,Routine,E001A
2349,109.24266499600333,-0.42448420264400205,0.0,0.4233897160939953,Normal,Normal,Routine,E001A
2350,109.24276006214404,-0.4244880532144008,0.0,0.34590730894835486,Abnormal,Abnormal,Monitor,E001A
2351,109.24281544146505,-0.4244768199788434,0.0,0.42123797778723404,Normal,Normal,Routine,E001A
2352,109.24288555283022,-0.4244799468214549,0.0,0.42889987827778003,Normal,Normal,Routine,E001A
2353,109.24063674242535,-0.42443708171951755,0.0,0.4145853623622304,Normal,Normal,Routine,E001A
2354,109.24072206604095,-0.42443586327506244,0.0,0.397982778285438,Abnormal,Abnormal,Monitor,E001A
2355,109.24080284425672,-0.4244352777038852,0.0,0.40979258262009843,Normal,Normal,Routine,E001A
2356,109.24088795848097,-0.4244345077430533,0.0,0.4120116604991121,Normal,Normal,Routine,E001A
2357,109.24097455006647,-0.424431097558578,0.0,0.3904609473115828,Abnormal,Abnormal,Monitor,E001A
2358,109.24105535636073,-0.42443350884688097,0.0,0.3587125459435966,Abnormal,Abnormal,Monitor,E001A
2359,109.24113744752769,-0.42443442109640755,0.0,0.3979494588406566,Abnormal,Abnormal,Monitor,E001A
2360,109.24121629762836,-0.42443577932806104,0.0,0.4395754542106696,Normal,Normal,Routine,E001A
2361,109.24129589269518,-0.4244358346306259,0.0,0.3845435484032212,Abnormal,Abnormal,Monitor,E001A
2362,109.24136365435247,-0.4244260022988298,0.0,0.38691410306188984,Abnormal,Abnormal,Monitor,E001A
2363,109.24144522121755,-0.42442569271292135,0.0,0.3736510111156451,Abnormal,Abnormal,Monitor,E001A
2364,109.24152004002246,-0.4244224489298778,0.0,0.3684027922425216,Abnormal,Abnormal,Monitor,E001A
2365,109.2415956193967,-0.42442438154466094,0.0,0.39658790017019924,Abnormal,Abnormal,Monitor,E001A
2366,109.24168403174257,-0.4244212909858543,0.0,0.4113763453008176,Normal,Normal,Routine,E001A
2367,109.24176674201576,-0.4244174820089185,0.0,0.3489472779962752,Abnormal,Abnormal,Monitor,E001A
2368,109.24182591661082,-0.4244217222624547,0.0,0.418729592187556,Normal,Normal,Routine,E001A
2369,109.24189840763306,-0.42441216862591524,0.0,0.43048251642077484,Normal,Normal,Routine,E001A
2370,109.24197137631396,-0.4244155457143133,0.0,0.4395376584772664,Normal,Normal,Routine,E001A
2371,109.24206001139048,-0.42442067078691986,0.0,0.40714665778738435,Normal,Normal,Routine,E001A
2372,109.24214390836721,-0.4244245178997886,0.0,0.40292343369296363,Normal,Normal,Routine,E001A
2373,109.24218924004865,-0.42441519677905615,0.0,0.42812702548543263,Normal,Normal,Routine,E001A
2374,109.24226413645032,-0.4244065769274075,0.0,0.40181638442547507,Normal,Normal,Routine,E001A
2375,109.24232898963307,-0.4244161864161881,0.0,0.45108302605624956,Normal,Normal,Routine,E001A
2376,109.24240902007223,-0.42440978146964364,0.0,0.4461831470157478,Normal,Normal,Routine,E001A
2377,109.24248767695302,-0.42440780367216974,0.0,0.4136481852242983,Normal,Normal,Routine,E001A
2378,109.24254397422474,-0.42440884474530316,0.0,0.409019164423708,Normal,Normal,Routine,E001A
2379,109.24270517864625,-0.4244078868950356,0.0,0.41895052622590295,Normal,Normal,Routine,E001A
2380,109.24279454294448,-0.4244059929309162,0.0,0.41338570792084706,Normal,Normal,Routine,E001A
2381,109.2429186059843,-0.42440315015086505,0.0,0.39293692800335417,Abnormal,Abnormal,Monitor,E001A
2382,109.2406671808497,-0.4243595674410279,0.0,0.4094137210464936,Normal,Normal,Routine,E001A
2383,109.24075654461701,-0.4243595879067722,0.0,0.4304583118457039,Normal,Normal,Routine,E001A
2384,109.2408382935916,-0.42436419414990245,0.0,0.3989643530690323,Abnormal,Abnormal,Monitor,E001A
2385,109.24093297175169,-0.4243712720968825,0.0,0.4349409372820847,Normal,Normal,Routine,E001A
2386,109.241001896413,-0.424366503219477,0.0,0.4064540648886008,Normal,Normal,Routine,E001A
2387,109.24108422645084,-0.4243597587982812,0.0,0.4277178339416363,Normal,Normal,Routine,E001A
2388,109.24115924639995,-0.42436470532415116,0.0,0.43362328426262825,Normal,Normal,Routine,E001A
2389,109.24119149248136,-0.424345372404322,0.0,0.44169394564392045,Normal,Normal,Routine,E001A
2390,109.24124810859006,-0.42437031606355524,0.0,0.40089423552562337,Normal,Normal,Routine,E001A
2391,109.24133225741542,-0.4243605969021923,0.0,0.4258743655663711,Normal,Normal,Routine,E001A
2392,109.24140868727723,-0.42436725378403733,0.0,0.3855608195692927,Abnormal,Abnormal,Monitor,E001A
2393,109.2414784650751,-0.42435161809972416,0.0,0.42331037148721573,Normal,Normal,Routine,E001A
2394,109.2415576779959,-0.42435737854974076,0.0,0.4141391988652553,Normal,Normal,Routine,E001A
2395,109.24162510507611,-0.4243573939838253,0.0,0.41435481339746705,Normal,Normal,Routine,E001A
2396,109.24180694807094,-0.42435278568334545,0.0,0.4215406251250624,Normal,Normal,Routine,E001A
2397,109.24186463402216,-0.4243619151555891,0.0,0.4265335289282075,Normal,Normal,Routine,E001A
2398,109.24193831238021,-0.4243571464506749,0.0,0.4133759818253164,Normal,Normal,Routine,E001A
2399,109.24202688558846,-0.42434982921238323,0.0,0.4346203073733844,Normal,Normal,Routine,E001A
2400,109.24209490262322,-0.4243627898638258,0.0,0.40338477649092497,Normal,Normal,Routine,E001A
2401,109.24216692453491,-0.42435421547307434,0.0,0.3913620704646871,Abnormal,Abnormal,Monitor,E001A
2402,109.24230361919324,-0.42435473959562486,0.0,0.4445421295662453,Normal,Normal,Routine,E001A
2403,109.24237357974432,-0.42434541415904153,0.0,0.4505548445222614,Normal,Normal,Routine,E001A
2404,109.24244249034346,-0.4243554197537778,0.0,0.4477513575299953,Normal,Normal,Routine,E001A
2405,109.24251840976031,-0.42433940655320873,0.0,0.41212590996068543,Normal,Normal,Routine,E001A
2406,109.24258769588182,-0.42434526238897763,0.0,0.41357221582438797,Normal,Normal,Routine,E001A
2407,109.24266574002058,-0.4243478231409855,0.0,0.43287177504792523,Normal,Normal,Routine,E001A
2408,109.24287798098817,-0.42433399335676186,0.0,0.424194355197139,Normal,Normal,Routine,E001A
2409,109.24064817752453,-0.42431745338298965,0.0,0.3993663648037261,Abnormal,Abnormal,Monitor,E001A
2410,109.24071852841597,-0.42431364068024824,0.0,0.4087515437846354,Normal,Normal,Routine,E001A
2411,109.24122140420585,-0.4242891217314898,0.0,0.45630299681548636,Normal,Normal,Routine,E001A
2412,109.24129403308248,-0.42428953624956706,0.0,0.4158294675997622,Normal,Normal,Routine,E001A
2413,109.24168639822726,-0.42429607643947526,0.0,0.4328545465017039,Normal,Normal,Routine,E001A
2414,109.2417600752268,-0.42429728969213754,0.0,0.4128515242333178,Normal,Normal,Routine,E001A
2415,109.24183850742435,-0.4242877374112005,0.0,0.4078342533544995,Normal,Normal,Routine,E001A
2416,109.24206284914693,-0.4242809413676548,0.0,0.41579795462770147,Normal,Normal,Routine,E001A
2417,109.24212958812124,-0.4242811610094118,0.0,0.4254485807534741,Normal,Normal,Routine,E001A
2418,109.24221954256029,-0.4242911858859661,0.0,0.38995434713993893,Abnormal,Abnormal,Monitor,E001A
2419,109.2423427731178,-0.4242792429232017,0.0,0.4012686376667509,Normal,Normal,Routine,E001A
2420,109.24242745331385,-0.42427949560424005,0.0,0.4422817647940549,Normal,Normal,Routine,E001A
2421,109.24255072462523,-0.4242741025081589,0.0,0.4398276356161177,Normal,Normal,Routine,E001A
2422,109.24270598231796,-0.4242738278429942,0.0,0.4471538986097305,Normal,Normal,Routine,E001A
2423,109.24278079102928,-0.4242597993243505,0.0,0.4507287143944763,Normal,Normal,Routine,E001A
2424,109.24284519905473,-0.42425981495803694,0.0,0.42287316084372906,Normal,Normal,Routine,E001A
2425,109.24291753736495,-0.4242663705128438,0.0,0.4137275268126709,Normal,Normal,Routine,E001A
2426,109.24060113798427,-0.42423657092541317,0.0,0.40163739991259645,Normal,Normal,Routine,E001A
2427,109.24067362766021,-0.42423275961410917,0.0,0.3688082688301131,Abnormal,Abnormal,Monitor,E001A
2428,109.24074849569733,-0.42422615817159154,0.0,0.40558134908796284,Normal,Normal,Routine,E001A
2429,109.24083793583604,-0.4242300852305236,0.0,0.3923913256382268,Abnormal,Abnormal,Monitor,E001A
2430,109.24092587837458,-0.4242109640089817,0.0,0.439519494019283,Normal,Normal,Routine,E001A
2431,109.24100549300725,-0.4242277308051831,0.0,0.3807998117314381,Abnormal,Abnormal,Monitor,E001A
2432,109.24110412814152,-0.4242145939834487,0.0,0.41157173126846464,Normal,Normal,Routine,E001A
2433,109.24133361505102,-0.4242158899216311,0.0,0.43068995631360624,Normal,Normal,Routine,E001A
2434,109.24165552067021,-0.4242099355080579,0.0,0.4331935002494848,Normal,Normal,Routine,E001A
2435,109.24171968872344,-0.4242183240274186,0.0,0.41845866503893236,Normal,Normal,Routine,E001A
2436,109.24180287223784,-0.42422312772253534,0.0,0.4176762205315754,Normal,Normal,Routine,E001A
2437,109.2418670421868,-0.4242231424043794,0.0,0.3916666611979897,Abnormal,Abnormal,Monitor,E001A
2438,109.2420283443483,-0.4242067499446022,0.0,0.41364784393848636,Normal,Normal,Routine,E001A
2439,109.24216704936676,-0.42420313100548707,0.0,0.42058068587279385,Normal,Normal,Routine,E001A
2440,109.24231541118745,-0.4242098965674414,0.0,0.4084295383756525,Normal,Normal,Routine,E001A
2441,109.24238005767086,-0.42420799784967533,0.0,0.4258948462201541,Normal,Normal,Routine,E001A
2442,109.24245044305803,-0.424206846493259,0.0,0.405459144289586,Normal,Normal,Routine,E001A
2443,109.24259881706568,-0.4242034947175028,0.0,0.4043321760207075,Normal,Normal,Routine,E001A
2444,109.24267277857953,-0.4242059225016797,0.0,0.41299512892872003,Normal,Normal,Routine,E001A
2445,109.24274665409192,-0.4241953879926277,0.0,0.4520627785637197,Normal,Normal,Routine,E001A
2446,109.2428219221228,-0.42419594959341284,0.0,0.4661584888553877,Normal,Normal,Routine,E001A
2447,109.24288466841627,-0.42419165674681536,0.0,0.44180732008431994,Normal,Normal,Routine,E001A
2448,109.24063949439305,-0.42417620582364535,0.0,0.4057786177519822,Normal,Normal,Routine,E001A
2449,109.24072624553438,-0.4241702437278174,0.0,0.410854505221765,Normal,Normal,Routine,E001A
2450,109.24080111090939,-0.42417145725607674,0.0,0.4181322399772802,Normal,Normal,Routine,E001A
2451,109.24086912439988,-0.4241561512413289,0.0,0.4505252250140582,Normal,Normal,Routine,E001A
2452,109.24095916264712,-0.4241607268169536,0.0,0.4129828023781609,Normal,Normal,Routine,E001A
2453,109.24103996902618,-0.4241667263629152,0.0,0.40306752487882835,Normal,Normal,Routine,E001A
2454,109.24114333194716,-0.4241607689667958,0.0,0.426810510749751,Normal,Normal,Routine,E001A
2455,109.2412122580525,-0.42415360639254207,0.0,0.4368596854421112,Normal,Normal,Routine,E001A
2456,109.2412937163845,-0.42415653326780545,0.0,0.43864126804718473,Normal,Normal,Routine,E001A
2457,109.24137443307345,-0.42415005523298843,0.0,0.422931290357983,Normal,Normal,Routine,E001A
2458,109.24145234987473,-0.42415539668678737,0.0,0.4169213900694976,Normal,Normal,Routine,E001A
2459,109.24152481359454,-0.4241632481391449,0.0,0.4018991948695512,Normal,Normal,Routine,E001A
2460,109.24161275436578,-0.42414412780335015,0.0,0.450740012088743,Normal,Normal,Routine,E001A
2461,109.2416793009566,-0.424148927689919,0.0,0.43260151710386996,Normal,Normal,Routine,E001A
2462,109.2417601081775,-0.42415133895961193,0.0,0.4080814422789784,Normal,Normal,Routine,E001A
2463,109.24199175822632,-0.42413663735533436,0.0,0.43713021386542145,Normal,Normal,Routine,E001A
2464,109.24206551428315,-0.4241418376855805,0.0,0.42334623890097633,Normal,Normal,Routine,E001A
2465,109.24213325002754,-0.4241394612984588,0.0,0.4301726039390432,Normal,Normal,Routine,E001A
2466,109.24221405672832,-0.42414426534734023,0.0,0.41872744399554307,Normal,Normal,Routine,E001A
2467,109.24228021281537,-0.4241361336174403,0.0,0.41585751358438694,Normal,Normal,Routine,E001A
2468,109.2423476308113,-0.4241367069896202,0.0,0.42339511692685194,Normal,Normal,Routine,E001A
2469,109.24242336622935,-0.4241319504962104,0.0,0.4056340901970434,Normal,Normal,Routine,E001A
2470,109.24248896206376,-0.42413459701587014,0.0,0.40881090625732075,Normal,Normal,Routine,E001A
2471,109.24255088364472,-0.4241227205015721,0.0,0.41699201956230336,Normal,Normal,Routine,E001A
2472,109.24262945118767,-0.42411858500410554,0.0,0.4092904857211452,Normal,Normal,Routine,E001A
2473,109.24271502898202,-0.424129845954903,0.0,0.4573251853326933,Normal,Normal,Routine,E001A
2474,109.24278150880107,-0.42411624145270516,0.0,0.4534409027552239,Normal,Normal,Routine,E001A
2475,109.24286284329969,-0.4241149234873057,0.0,0.4222838626471876,Normal,Normal,Routine,E001A
2476,109.24061518413126,-0.4240940453685374,0.0,0.3996373890275074,Abnormal,Abnormal,Monitor,E001A
2477,109.24068110575824,-0.4240936688941688,0.0,0.392189828330384,Abnormal,Abnormal,Monitor,E001A
2478,109.24074765141626,-0.42409846968867954,0.0,0.39160162536930493,Abnormal,Abnormal,Monitor,E001A
2479,109.24084893854189,-0.4240879568511769,0.0,0.38601072847002155,Abnormal,Abnormal,Monitor,E001A
2480,109.2409270938063,-0.4240913333132032,0.0,0.37799831766968955,Abnormal,Abnormal,Monitor,E001A
2481,109.24100552461604,-0.4240877620876388,0.0,0.37191282332731557,Abnormal,Abnormal,Monitor,E001A
2482,109.24108171451276,-0.42409093101352147,0.0,0.3610503237181518,Abnormal,Abnormal,Monitor,E001A
2483,109.24116252386757,-0.42408377206076053,0.0,0.38608828551915225,Abnormal,Abnormal,Monitor,E001A
2484,109.24124675679785,-0.4240914055550109,0.0,0.4191615637341479,Normal,Normal,Routine,E001A
2485,109.24131568182575,-0.42408902854210373,0.0,0.4007500574623869,Normal,Normal,Routine,E001A
2486,109.24138698386848,-0.4240818674108479,0.0,0.40410179173624194,Normal,Normal,Routine,E001A
2487,109.24142538185818,-0.42408802183126226,0.0,0.4198065137945397,Normal,Normal,Routine,E001A
2488,109.24147967271061,-0.42409145884306,0.0,0.41838097680584874,Normal,Normal,Routine,E001A
2489,109.24156523421738,-0.42408310458013715,0.0,0.41998556412866045,Normal,Normal,Routine,E001A
2490,109.24164366541194,-0.42408192612975293,0.0,0.4324139150860789,Normal,Normal,Routine,E001A
2491,109.2418088447415,-0.4240843557910122,0.0,0.38685052435282935,Abnormal,Abnormal,Monitor,E001A
2492,109.24187776979004,-0.42408197877209575,0.0,0.386057543598807,Abnormal,Abnormal,Monitor,E001A
2493,109.24195976615609,-0.4240772128625405,0.0,0.4030967065342912,Normal,Normal,Routine,E001A
2494,109.24201918496452,-0.4240700490047774,0.0,0.41180129593703896,Normal,Normal,Routine,E001A
2495,109.24210574681801,-0.42407520614122474,0.0,0.4077224702976888,Normal,Normal,Routine,E001A
2496,109.24218536555277,-0.4240740279561945,0.0,0.39021000093398817,Abnormal,Abnormal,Monitor,E001A
2497,109.24224525315111,-0.4240753402286138,0.0,0.3999739316743887,Abnormal,Abnormal,Monitor,E001A
2498,109.24231896126605,-0.42407011755469187,0.0,0.39209126562883073,Abnormal,Abnormal,Monitor,E001A
2499,109.24238247476114,-0.42406938964456964,0.0,0.44145442347745506,Normal,Normal,Routine,E001A
2500,109.24246764434642,-0.4240624297112536,0.0,0.43100571572422625,Normal,Normal,Routine,E001A
2501,109.24259474201794,-0.42405829716811333,0.0,0.4418523460088978,Normal,Normal,Routine,E001A
2502,109.24266509341102,-0.42405257092964405,0.0,0.41580940476590467,Normal,Normal,Routine,E001A
2503,109.24273832304473,-0.4240580433266954,0.0,0.4589765231070865,Normal,Normal,Routine,E001A
2504,109.24282171474215,-0.42406002382107977,0.0,0.43589035676221677,Normal,Normal,Routine,E001A
2505,109.242906327732,-0.42405166841460157,0.0,0.42180339547515916,Normal,Normal,Routine,E001A
2506,109.24064190940528,-0.42401111437365707,0.0,0.37743689558612037,Abnormal,Abnormal,Monitor,E001A
2507,109.24072034128262,-0.4240027575844394,0.0,0.4106475738051272,Normal,Normal,Routine,E001A
2508,109.24079876919933,-0.42401593583159747,0.0,0.3984467108781791,Abnormal,Abnormal,Monitor,E001A
2509,109.24088758467848,-0.4239856493877962,0.0,0.36680890803167465,Abnormal,Abnormal,Monitor,E001A
2510,109.24097174451587,-0.4240066348774407,0.0,0.42093790099562073,Normal,Normal,Routine,E001A
2511,109.24104960120492,-0.42401555554068915,0.0,0.4300433123612905,Normal,Normal,Routine,E001A
2512,109.2411274972251,-0.42400942863124447,0.0,0.43238577951426405,Normal,Normal,Routine,E001A
2513,109.24122196475633,-0.4239866410373009,0.0,0.4145062153885508,Normal,Normal,Routine,E001A
2514,109.24128002748762,-0.4240018538244404,0.0,0.4339692965619595,Normal,Normal,Routine,E001A
2515,109.24143691045813,-0.4240077070840054,0.0,0.41494139129968954,Normal,Normal,Routine,E001A
2516,109.24152484996061,-0.42399815697026855,0.0,0.42221139350810927,Normal,Normal,Routine,E001A
2517,109.2416020928257,-0.4240005665153254,0.0,0.4280076379525034,Normal,Normal,Routine,E001A
2518,109.2416733921785,-0.4240053683880659,0.0,0.4154020212870455,Normal,Normal,Routine,E001A
2519,109.24176965051184,-0.4239922309976491,0.0,0.4152118494719061,Normal,Normal,Routine,E001A
2520,109.24184332643243,-0.4239982288998118,0.0,0.43061213795217584,Normal,Normal,Routine,E001A
2521,109.24192413330057,-0.42399824828210764,0.0,0.4225505221824108,Normal,Normal,Routine,E001A
2522,109.24200375319491,-0.4239958737042095,0.0,0.4355053049243557,Normal,Normal,Routine,E001A
2523,109.24207369745484,-0.4239989643243922,0.0,0.41087151304916575,Normal,Normal,Routine,E001A
2524,109.24213928605889,-0.4239858199138689,0.0,0.4187189085360367,Normal,Normal,Routine,E001A
2525,109.24221652643209,-0.42399540780421685,0.0,0.3981409162291885,Abnormal,Abnormal,Monitor,E001A
2526,109.24228493861783,-0.4239968477207665,0.0,0.38353648444171995,Abnormal,Abnormal,Monitor,E001A
2527,109.24235186010695,-0.4239844125846201,0.0,0.4068856908865172,Normal,Normal,Routine,E001A
2528,109.24242505522528,-0.42398753378688075,0.0,0.4660513143948473,Normal,Normal,Routine,E001A
2529,109.2424960399651,-0.4239854755433109,0.0,0.46633356914201324,Normal,Normal,Routine,E001A
2530,109.24256277139426,-0.4239833620685817,0.0,0.44706944942581855,Normal,Normal,Routine,E001A
2531,109.24263840216476,-0.4239806212326254,0.0,0.3981751253341648,Abnormal,Abnormal,Monitor,E001A
2532,109.24270598850832,-0.4239796039664134,0.0,0.4241465869557582,Normal,Normal,Routine,E001A
2533,109.24276119088479,-0.42398818304112934,0.0,0.44368673414081317,Normal,Normal,Routine,E001A
2534,109.242849835268,-0.4239880414300234,0.0,0.42497890110130426,Normal,Normal,Routine,E001A
2535,109.2406134068045,-0.42393334696252793,0.0,0.4160267897364539,Normal,Normal,Routine,E001A
2536,109.24069540041282,-0.423940544068011,0.0,0.4054343669649863,Normal,Normal,Routine,E001A
2537,109.24077501998401,-0.42393936589289644,0.0,0.409734698503583,Normal,Normal,Routine,E001A
2538,109.24084394220445,-0.42394536271175787,0.0,0.41976197956025996,Normal,Normal,Routine,E001A
2539,109.24094257327431,-0.42395017084004694,0.0,0.39718646302121596,Abnormal,Abnormal,Monitor,E001A
2540,109.24100912199965,-0.423945400499061,0.0,0.3798864798120473,Abnormal,Abnormal,Monitor,E001A
2541,109.24108698200773,-0.42393962173516747,0.0,0.3816782407905073,Abnormal,Abnormal,Monitor,E001A
2542,109.24116541183072,-0.4239444243356751,0.0,0.39716700275870453,Abnormal,Abnormal,Monitor,E001A
2543,109.24123742486516,-0.4239352015552634,0.0,0.41232315869149666,Normal,Normal,Routine,E001A
2544,109.24131215060282,-0.42393829236813874,0.0,0.40777169387379864,Normal,Normal,Routine,E001A
2545,109.24139771083856,-0.4239395074233222,0.0,0.356184527922321,Abnormal,Abnormal,Monitor,E001A
2546,109.24146306981473,-0.42394071876213474,0.0,0.38586819989499277,Abnormal,Abnormal,Monitor,E001A
2547,109.24156645754852,-0.42393236856893424,0.0,0.41999692827472107,Normal,Normal,Routine,E001A
2548,109.2416389455848,-0.42393597431951197,0.0,0.427524224138733,Normal,Normal,Routine,E001A
2549,109.24173044791269,-0.4239371916341733,0.0,0.4370382562194705,Normal,Normal,Routine,E001A
2550,109.2418932523051,-0.42393124689984296,0.0,0.42680627274283855,Normal,Normal,Routine,E001A
2551,109.24197049446767,-0.42392887268011487,0.0,0.4430190494315888,Normal,Normal,Routine,E001A
2552,109.24204535746247,-0.42394085190482267,0.0,0.4014771555644619,Normal,Normal,Routine,E001A
2553,109.24211601225475,-0.4239320095123734,0.0,0.42006995373118955,Normal,Normal,Routine,E001A
2554,109.2422607344217,-0.4239301055792933,0.0,0.3864393757961907,Abnormal,Abnormal,Monitor,E001A
2555,109.242316352281,-0.42393251017212175,0.0,0.3938070099626412,Abnormal,Abnormal,Monitor,E001A
2556,109.24238123212034,-0.42392748261174457,0.0,0.4348810227173277,Normal,Normal,Routine,E001A
2557,109.24253986908737,-0.42393123555223905,0.0,0.43422626848521084,Normal,Normal,Routine,E001A
2558,109.2426019323504,-0.4239204406085791,0.0,0.4514212629483969,Normal,Normal,Routine,E001A
2559,109.2426396936632,-0.4239178593157723,0.0,0.4548501850912819,Normal,Normal,Routine,E001A
2560,109.24279612612594,-0.42391834902311537,0.0,0.45345254752856606,Normal,Normal,Routine,E001A
2561,109.24289376382536,-0.4239071507461918,0.0,0.43675434542805863,Normal,Normal,Routine,E001A
2562,109.24071918482339,-0.42386518049426986,0.0,0.39732805317318115,Abnormal,Abnormal,Monitor,E001A
2563,109.24080593155536,-0.4238747714653489,0.0,0.4115652929465692,Normal,Normal,Routine,E001A
2564,109.24088768831774,-0.4238767045727654,0.0,0.41157158930106263,Normal,Normal,Routine,E001A
2565,109.24097348700731,-0.4238760061817029,0.0,0.38562900818683005,Abnormal,Abnormal,Monitor,E001A
2566,109.24105666958671,-0.4238808098674029,0.0,0.3736303910197276,Abnormal,Abnormal,Monitor,E001A
2567,109.24113948340778,-0.423871774938051,0.0,0.4170564310270113,Normal,Normal,Routine,E001A
2568,109.24121129456685,-0.4238774206395817,0.0,0.40269858416925675,Normal,Normal,Routine,E001A
2569,109.2412871866244,-0.4238709405861778,0.0,0.4081357328947583,Normal,Normal,Routine,E001A
2570,109.24136445275394,-0.42387370281106734,0.0,0.4086624525740023,Normal,Normal,Routine,E001A
2571,109.24143456476111,-0.42387371884319236,0.0,0.3847957902922666,Abnormal,Abnormal,Monitor,E001A
2572,109.24154864733174,-0.4238653710920642,0.0,0.4258267639260219,Normal,Normal,Routine,E001A
2573,109.24160568659565,-0.42387016879531203,0.0,0.4053433605720504,Normal,Normal,Routine,E001A
2574,109.24168649462048,-0.42386899087886587,0.0,0.43013425866285193,Normal,Normal,Routine,E001A
2575,109.24177443278285,-0.4238654227124649,0.0,0.3950664027183711,Abnormal,Abnormal,Monitor,E001A
2576,109.24184811086155,-0.42386185038058005,0.0,0.4187472573494381,Normal,Normal,Routine,E001A
2577,109.24201827993211,-0.42386906763029136,0.0,0.39014718216555644,Abnormal,Abnormal,Monitor,E001A
2578,109.24207864938343,-0.423860705781987,0.0,0.4132166985256904,Normal,Normal,Routine,E001A
2579,109.24214757219211,-0.4238643116153501,0.0,0.4066192497445557,Normal,Normal,Routine,E001A
2580,109.24222156509123,-0.4238629042508287,0.0,0.40772899235777843,Normal,Normal,Routine,E001A
2581,109.2422904881753,-0.4238653127870173,0.0,0.41788390611443404,Normal,Normal,Routine,E001A
2582,109.24243133420784,-0.4238558678859051,0.0,0.4594208578256747,Normal,Normal,Routine,E001A
2583,109.24250733571165,-0.4238542222412369,0.0,0.46923217459135697,Normal,Normal,Routine,E001A
2584,109.24258205228178,-0.4238543749597067,0.0,0.43812163955413014,Normal,Normal,Routine,E001A
2585,109.24265286255172,-0.42385324538825,0.0,0.46656893354815404,Normal,Normal,Routine,E001A
2586,109.24271908924675,-0.4238547110214249,0.0,0.4242566195764364,Normal,Normal,Routine,E001A
2587,109.24279030780288,-0.4238594893507405,0.0,0.4430134663407465,Normal,Normal,Routine,E001A
2588,109.24287381312202,-0.42384756892156944,0.0,0.4404674700162074,Normal,Normal,Routine,E001A
2589,109.24060987063612,-0.4238005548997028,0.0,0.3930986247538231,Abnormal,Abnormal,Monitor,E001A
2590,109.24068949074214,-0.4237969839376924,0.0,0.398308520887505,Abnormal,Abnormal,Monitor,E001A
2591,109.24077623801226,-0.42380418212382936,0.0,0.3941347108320431,Abnormal,Abnormal,Monitor,E001A
2592,109.24085467052043,-0.4237970217150861,0.0,0.3999777146735349,Abnormal,Abnormal,Monitor,E001A
2593,109.24092358977343,-0.4238161788299003,0.0,0.35966628493579456,Abnormal,Abnormal,Monitor,E001A
2594,109.24100440181712,-0.42379705595627537,0.0,0.3936598952176409,Abnormal,Abnormal,Monitor,E001A
2595,109.24108758331732,-0.4238066461071648,0.0,0.373342350630816,Abnormal,Abnormal,Monitor,E001A
2596,109.24117209494973,-0.4238092218930823,0.0,0.3753488573240676,Abnormal,Abnormal,Monitor,E001A
2597,109.24124917622969,-0.42379915293531173,0.0,0.4047503929458843,Normal,Normal,Routine,E001A
2598,109.24139417807145,-0.42379953786115454,0.0,0.3558073852781777,Abnormal,Abnormal,Monitor,E001A
2599,109.24147260646834,-0.42380673414034137,0.0,0.3835882271351916,Abnormal,Abnormal,Monitor,E001A
2600,109.2415510379261,-0.4238043583834933,0.0,0.37943269937846025,Abnormal,Abnormal,Monitor,E001A
2601,109.24163659898068,-0.42380198606402025,0.0,0.43165483428702617,Normal,Normal,Routine,E001A
2602,109.2417221578808,-0.4238091830674239,0.0,0.4159380475578543,Normal,Normal,Routine,E001A
2603,109.24181960624699,-0.4237888684919375,0.0,0.3643874076437614,Abnormal,Abnormal,Monitor,E001A
2604,109.24203825592855,-0.4238164336681253,0.0,0.4176470584134964,Normal,Normal,Routine,E001A
2605,109.24218612151166,-0.4238129081276079,0.0,0.4125597684205778,Normal,Normal,Routine,E001A
2606,109.24224740307754,-0.42381887424993536,0.0,0.4194053474272571,Normal,Normal,Routine,E001A
2607,109.24238833922986,-0.42381608141533134,0.0,0.4106191792943593,Normal,Normal,Routine,E001A
2608,109.24246170406158,-0.4238075181577016,0.0,0.4453191388365957,Normal,Normal,Routine,E001A
2609,109.24254155982631,-0.4238108859399355,0.0,0.43881051713432034,Normal,Normal,Routine,E001A
2610,109.24262640757075,-0.4238130584699316,0.0,0.4422380384628986,Normal,Normal,Routine,E001A
2611,109.24268915166083,-0.42381450883739463,0.0,0.44379332058060056,Normal,Normal,Routine,E001A
2612,109.24276425361475,-0.42381856913201793,0.0,0.48634862259562367,Normal,Normal,Routine,E001A
2613,109.24282508981014,-0.423823853305844,0.0,0.467477219564089,Normal,Normal,Routine,E001A
2614,109.24291042097992,-0.4238174305473812,0.0,0.4176316316858184,Normal,Normal,Routine,E001A
2615,109.2406823819382,-0.42370486563289445,0.0,0.45218227578555903,Normal,Normal,Routine,E001A
2616,109.24075843221313,-0.42372163159265036,0.0,0.4081377596826525,Normal,Normal,Routine,E001A
2617,109.24082854392606,-0.4237228440155537,0.0,0.4554997523691185,Normal,Normal,Routine,E001A
2618,109.24089984054774,-0.4237396088889668,0.0,0.3855130254757218,Abnormal,Abnormal,Monitor,E001A
2619,109.24096401351885,-0.4237300533373767,0.0,0.4158692930001192,Normal,Normal,Routine,E001A
2620,109.24104481980626,-0.4237324645952148,0.0,0.3802677030595525,Abnormal,Abnormal,Monitor,E001A
2621,109.2411384601887,-0.4237367922891657,0.0,0.39952197547394364,Abnormal,Abnormal,Monitor,E001A
2622,109.24122439808365,-0.42373625759917705,0.0,0.4229773843216932,Normal,Normal,Routine,E001A
2623,109.24130028753011,-0.4237453297227092,0.0,0.4053267209916501,Normal,Normal,Routine,E001A
2624,109.24136655580861,-0.4237414283403674,0.0,0.37531160444764716,Abnormal,Abnormal,Monitor,E001A
2625,109.24143340711124,-0.4237373380913438,0.0,0.3716259647864584,Abnormal,Abnormal,Monitor,E001A
2626,109.24151302554374,-0.42373735629063075,0.0,0.39409810028180675,Abnormal,Abnormal,Monitor,E001A
2627,109.2415938316743,-0.42374455310991355,0.0,0.40153490345769544,Normal,Normal,Routine,E001A
2628,109.2416841490897,-0.423730217958088,0.0,0.40256017297953817,Normal,Normal,Routine,E001A
2629,109.2417673290025,-0.4237469846432118,0.0,0.4223736469385786,Normal,Normal,Routine,E001A
2630,109.24186002109887,-0.4237422211646446,0.0,0.37451810840813293,Abnormal,Abnormal,Monitor,E001A
2631,109.24193369783069,-0.4237446307854544,0.0,0.4571127055464564,Normal,Normal,Routine,E001A
2632,109.24201668360797,-0.4237539631578939,0.0,0.3862233062913743,Abnormal,Abnormal,Monitor,E001A
2633,109.24208849581397,-0.423751131920254,0.0,0.39271973680169453,Abnormal,Abnormal,Monitor,E001A
2634,109.24215235229174,-0.42374707262998623,0.0,0.39077704220661275,Abnormal,Abnormal,Monitor,E001A
2635,109.24222037115636,-0.4237519334236693,0.0,0.4114248016896748,Normal,Normal,Routine,E001A
2636,109.24228544461181,-0.42375667417622975,0.0,0.4088265465176692,Normal,Normal,Routine,E001A
2637,109.24235475468232,-0.4237439031766367,0.0,0.41804804434110454,Normal,Normal,Routine,E001A
2638,109.24243604890128,-0.42374583615773637,0.0,0.44471839155392867,Normal,Normal,Routine,E001A
2639,109.24251162672037,-0.4237508234702412,0.0,0.444923999067536,Normal,Normal,Routine,E001A
2640,109.2425940969295,-0.42375610715953216,0.0,0.4014228596889342,Normal,Normal,Routine,E001A
2641,109.24265871792625,-0.42374774808023874,0.0,0.41479665244899305,Normal,Normal,Routine,E001A
2642,109.24273194521149,-0.42375565936878423,0.0,0.450922210775506,Normal,Normal,Routine,E001A
2643,109.242779951111,-0.42377002613808606,0.0,0.48242065241545234,Normal,Normal,Routine,E001A
2644,109.24287740013585,-0.42375499085446205,0.0,0.44042029358828394,Normal,Normal,Routine,E001A
2645,109.24061109117471,-0.4236581937018838,0.0,0.41029583104346457,Normal,Normal,Routine,E001A
2646,109.2406803864404,-0.4236629942055691,0.0,0.44096174749321104,Normal,Normal,Routine,E001A
2647,109.24075271262485,-0.42366317532509873,0.0,0.4157487316801025,Normal,Normal,Routine,E001A
2648,109.24083554585299,-0.42367156809640494,0.0,0.44441755327581467,Normal,Normal,Routine,E001A
2649,109.24091326329787,-0.42367254351994044,0.0,0.4269576356141302,Normal,Normal,Routine,E001A
2650,109.2410020547638,-0.4236690497023635,0.0,0.42995240099620646,Normal,Normal,Routine,E001A
2651,109.2410947438184,-0.4236736168160451,0.0,0.4176376759290194,Normal,Normal,Routine,E001A
2652,109.2411799340925,-0.42366226469450824,0.0,0.3928490480293577,Abnormal,Abnormal,Monitor,E001A
2653,109.24124648282303,-0.4236574943405157,0.0,0.42699370422832394,Normal,Normal,Routine,E001A
2654,109.24132148041,-0.4236660119198337,0.0,0.42739443565517243,Normal,Normal,Routine,E001A
2655,109.2413988217432,-0.42366590389880826,0.0,0.4048605286488298,Normal,Normal,Routine,E001A
2656,109.241496405895,-0.4236607879575423,0.0,0.389257234782428,Abnormal,Abnormal,Monitor,E001A
2657,109.24156532769061,-0.4236727667195092,0.0,0.4473949022852813,Normal,Normal,Routine,E001A
2658,109.2416390051302,-0.42366799889495355,0.0,0.412576061501513,Normal,Normal,Routine,E001A
2659,109.24173169587053,-0.42366921646793887,0.0,0.40784297550931353,Normal,Normal,Routine,E001A
2660,109.24182557503119,-0.4236704334071972,0.0,0.4208844728208519,Normal,Normal,Routine,E001A
2661,109.24188855691966,-0.42367284058175647,0.0,0.4031690078328961,Normal,Normal,Routine,E001A
2662,109.24197411421237,-0.4236872159278332,0.0,0.4470682871363191,Normal,Normal,Routine,E001A
2663,109.24205523653737,-0.4236865236814143,0.0,0.40951454455856806,Normal,Normal,Routine,E001A
2664,109.24219311096326,-0.42368149108860415,0.0,0.38751101442761116,Abnormal,Abnormal,Monitor,E001A
2665,109.2422603919166,-0.4236882588846869,0.0,0.387680100645348,Abnormal,Abnormal,Monitor,E001A
2666,109.2423247512166,-0.42368914352632286,0.0,0.39404414527946047,Abnormal,Abnormal,Monitor,E001A
2667,109.24240157160955,-0.42368896303291514,0.0,0.4250711937560342,Normal,Normal,Routine,E001A
2668,109.2424638704119,-0.4236852542507458,0.0,0.4318672901742388,Normal,Normal,Routine,E001A
2669,109.2425487149345,-0.4236977150242957,0.0,0.44812794679204565,Normal,Normal,Routine,E001A
2670,109.2426219175669,-0.4236994065131502,0.0,0.4300144193498222,Normal,Normal,Routine,E001A
2671,109.24269742853245,-0.4236941607195186,0.0,0.43490374445700236,Normal,Normal,Routine,E001A
2672,109.24276564689463,-0.42371070966429064,0.0,0.4840394962127767,Normal,Normal,Routine,E001A
2673,109.24282783557436,-0.4237054355061981,0.0,0.45846900131724627,Normal,Normal,Routine,E001A
2674,109.24291664035196,-0.4237229983548181,0.0,0.4527140094015365,Normal,Normal,Routine,E001A
2675,109.24062965293646,-0.4235991090748396,0.0,0.40998291288308186,Normal,Normal,Routine,E001A
2676,109.24071567941591,-0.4235960079966817,0.0,0.42566859387713074,Normal,Normal,Routine,E001A
2677,109.24080091424547,-0.4235941284477811,0.0,0.4212494780163096,Normal,Normal,Routine,E001A
2678,109.24088095818117,-0.42359525270566795,0.0,0.3526824700081936,Abnormal,Abnormal,Monitor,E001A
2679,109.24096879460983,-0.4236044641054955,0.0,0.37244408911625854,Abnormal,Abnormal,Monitor,E001A
2680,109.24104722793246,-0.4235937154164538,0.0,0.4014473204677169,Normal,Normal,Routine,E001A
2681,109.24112803314858,-0.4236008878162027,0.0,0.3949492196415249,Abnormal,Abnormal,Monitor,E001A
2682,109.24121424705744,-0.42359527824126997,0.0,0.4283193323600034,Normal,Normal,Routine,E001A
2683,109.24129472792517,-0.42360280233928654,0.0,0.39207982248395706,Abnormal,Abnormal,Monitor,E001A
2684,109.24136302351492,-0.42359531314527793,0.0,0.39234665417227566,Abnormal,Abnormal,Monitor,E001A
2685,109.24144769864897,-0.4235978654444151,0.0,0.40004511277775867,Normal,Normal,Routine,E001A
2686,109.24152256523818,-0.42359380053264994,0.0,0.3975543746430034,Abnormal,Abnormal,Monitor,E001A
2687,109.24161287860173,-0.42359741034321063,0.0,0.388243655659057,Abnormal,Abnormal,Monitor,E001A
2688,109.24168893098542,-0.4236010159904291,0.0,0.39272731663371235,Abnormal,Abnormal,Monitor,E001A
2689,109.24178993919786,-0.42360462824315365,0.0,0.44215567757790425,Normal,Normal,Routine,E001A
2690,109.24185054560219,-0.42360105291439837,0.0,0.40844467894291203,Normal,Normal,Routine,E001A
2691,109.24194561345313,-0.42360107463289337,0.0,0.4079102937255178,Normal,Normal,Routine,E001A
2692,109.24201216023306,-0.42360108983497785,0.0,0.3906476349399026,Abnormal,Abnormal,Monitor,E001A
2693,109.24209296854224,-0.42359871551046546,0.0,0.38658666133093517,Abnormal,Abnormal,Monitor,E001A
2694,109.24216619162776,-0.42360921309969995,0.0,0.4003193181374376,Normal,Normal,Routine,E001A
2695,109.24223922242253,-0.4236040490331753,0.0,0.3753856950405662,Abnormal,Abnormal,Monitor,E001A
2696,109.24229142309446,-0.42359517256835294,0.0,0.4197971743125033,Normal,Normal,Routine,E001A
2697,109.2423167633109,-0.42364335054281005,0.0,0.44402998010627925,Normal,Normal,Routine,E001A
2698,109.24237374602895,-0.4236042054565507,0.0,0.4408342657251906,Normal,Normal,Routine,E001A
2699,109.24244892537925,-0.42360357243314184,0.0,0.4041184353298929,Normal,Normal,Routine,E001A
2700,109.24250951759026,-0.4236192279906707,0.0,0.3874971032786241,Abnormal,Abnormal,Monitor,E001A
2701,109.24258462114722,-0.42361613524639025,0.0,0.3789677322447032,Abnormal,Abnormal,Monitor,E001A
2702,109.24266067612265,-0.42361639135066453,0.0,0.39075954225308335,Abnormal,Abnormal,Monitor,E001A
2703,109.24273768030669,-0.42361784496756416,0.0,0.3956994699543218,Abnormal,Abnormal,Monitor,E001A
2704,109.24282347834225,-0.4236164285267307,0.0,0.4305352744649725,Normal,Normal,Routine,E001A
2705,109.24287790399156,-0.42361979139538747,0.0,0.4134973984699146,Normal,Normal,Routine,E001A
2706,109.24067410270557,-0.423529005119415,0.0,0.3709033926298182,Abnormal,Abnormal,Monitor,E001A
2707,109.24074540444714,-0.4235230403659728,0.0,0.40802911939437736,Normal,Normal,Routine,E001A
2708,109.24084760245975,-0.4235242592104909,0.0,0.40744472971233,Normal,Normal,Routine,E001A
2709,109.24093102501499,-0.4235204503670349,0.0,0.4247929532319388,Normal,Normal,Routine,E001A
2710,109.24096418043166,-0.4235197109909127,0.0,0.40999367650235174,Normal,Normal,Routine,E001A
2711,109.24100565175661,-0.42352429623497506,0.0,0.38473460940608323,Abnormal,Abnormal,Monitor,E001A
2712,109.2410828947764,-0.4235219211042474,0.0,0.3758136084786831,Abnormal,Abnormal,Monitor,E001A
2713,109.2411708315575,-0.42352433307697884,0.0,0.4038505263861151,Normal,Normal,Routine,E001A
2714,109.2412594204888,-0.42352674610222973,0.0,0.4333011369894933,Normal,Normal,Routine,E001A
2715,109.24134022903404,-0.42352317629630964,0.0,0.40531647153398026,Normal,Normal,Routine,E001A
2716,109.24142157160529,-0.4235255867598726,0.0,0.4005836803069536,Normal,Normal,Routine,E001A
2717,109.24150121531477,-0.42351706744111317,0.0,0.40955305570285383,Normal,Normal,Routine,E001A
2718,109.24158321182044,-0.4235155615203211,0.0,0.4015734431711403,Normal,Normal,Routine,E001A
2719,109.24165567369178,-0.4235316222005183,0.0,0.4127855584594198,Normal,Normal,Routine,E001A
2720,109.24182442005583,-0.4235220896145319,0.0,0.40924008444430554,Normal,Normal,Routine,E001A
2721,109.24189690675108,-0.42353167730562036,0.0,0.40186334492710346,Normal,Normal,Routine,E001A
2722,109.24197771226875,-0.423537677721443,0.0,0.35455899345982184,Abnormal,Abnormal,Monitor,E001A
2723,109.2420600242787,-0.42353533267566906,0.0,0.42438606415184527,Normal,Normal,Routine,E001A
2724,109.24212625586419,-0.42353890804045263,0.0,0.4271448543295264,Normal,Normal,Routine,E001A
2725,109.24216798636591,-0.42354150839721605,0.0,0.4159200004573053,Normal,Normal,Routine,E001A
2726,109.24221212918117,-0.4235461050999769,0.0,0.38500369131368145,Abnormal,Abnormal,Monitor,E001A
2727,109.24226965070937,-0.4235434975684746,0.0,0.39102751189396884,Abnormal,Abnormal,Monitor,E001A
2728,109.24232503588682,-0.42355000853356645,0.0,0.4165364332474746,Normal,Normal,Routine,E001A
2729,109.24237494665513,-0.4235500199315034,0.0,0.4415247027883298,Normal,Normal,Routine,E001A
2730,109.24249127026728,-0.42355054114807994,0.0,0.40626097883399886,Normal,Normal,Routine,E001A
2731,109.2425575812159,-0.4235448139690352,0.0,0.41624525314694766,Normal,Normal,Routine,E001A
2732,109.24263216952066,-0.42355609047054377,0.0,0.4075393755980308,Normal,Normal,Routine,E001A
2733,109.2426364619763,-0.42349005475924356,0.0,0.4256856118266856,Normal,Normal,Routine,E001A
2734,109.24272920002035,-0.4234888506004959,0.0,0.4258785884330298,Normal,Normal,Routine,E001A
2735,109.242771918441,-0.4235561223785485,0.0,0.4570376998937882,Normal,Normal,Routine,E001A
2736,109.24280544706232,-0.42347789158113025,0.0,0.4045166538493468,Normal,Normal,Routine,E001A
2737,109.2428332347819,-0.4235633147318807,0.0,0.4262077706297787,Normal,Normal,Routine,E001A
2738,109.24287561704558,-0.4234879381232213,0.0,0.3998422142959988,Abnormal,Abnormal,Monitor,E001A
2739,109.24291951079262,-0.4235535245539012,0.0,0.3900057179372565,Abnormal,Abnormal,Monitor,E001A
2740,109.24063371494874,-0.42345960973478813,0.0,0.3468777412416055,Abnormal,Abnormal,Monitor,E001A
2741,109.24072403204389,-0.42344647097869365,0.0,0.4005109579292585,Normal,Normal,Routine,E001A
2742,109.24079770899775,-0.42344768330188315,0.0,0.40196823663002734,Normal,Normal,Routine,E001A
2743,109.24088089318374,-0.4234453104321988,0.0,0.4047699447703333,Normal,Normal,Routine,E001A
2744,109.24095219304415,-0.42344771950622845,0.0,0.3917298312747969,Abnormal,Abnormal,Monitor,E001A
2745,109.24104488293858,-0.42345252534517297,0.0,0.3881096042638931,Abnormal,Abnormal,Monitor,E001A
2746,109.24113163318975,-0.4234465641136563,0.0,0.3738782555401862,Abnormal,Abnormal,Monitor,E001A
2747,109.24120174545395,-0.4234453837405121,0.0,0.4213417712168208,Normal,Normal,Routine,E001A
2748,109.24128593105752,-0.42344777133959505,0.0,0.3944855305981042,Abnormal,Abnormal,Monitor,E001A
2749,109.2413681128768,-0.4234490100168124,0.0,0.3987388174998789,Abnormal,Abnormal,Monitor,E001A
2750,109.24145961707325,-0.4234418534749004,0.0,0.3871774779847608,Abnormal,Abnormal,Monitor,E001A
2751,109.24153739544931,-0.4234436075007373,0.0,0.40161584709537795,Normal,Normal,Routine,E001A
2752,109.24160578127888,-0.423450260697542,0.0,0.40141959520191767,Normal,Normal,Routine,E001A
2753,109.2416937218585,-0.42343592498829247,0.0,0.41291659588900975,Normal,Normal,Routine,E001A
2754,109.24177949689467,-0.42344067950378955,0.0,0.41573385235458515,Normal,Normal,Routine,E001A
2755,109.24187221845037,-0.4234407006791189,0.0,0.42606660678897634,Normal,Normal,Routine,E001A
2756,109.24202268684259,-0.42343481276480355,0.0,0.4241908546900413,Normal,Normal,Routine,E001A
2757,109.24209855448848,-0.42343314085193234,0.0,0.394245876881696,Abnormal,Abnormal,Monitor,E001A
2758,109.24217888190229,-0.4234321906854034,0.0,0.3983956157123316,Abnormal,Abnormal,Monitor,E001A
2759,109.2422459284041,-0.4234389602275909,0.0,0.4211461643944411,Normal,Normal,Routine,E001A
2760,109.24232528915401,-0.4234306036025973,0.0,0.3901085460304282,Abnormal,Abnormal,Monitor,E001A
2761,109.24239675952803,-0.42342997605600696,0.0,0.4207711276955011,Normal,Normal,Routine,E001A
2762,109.24250860945449,-0.42341978930238894,0.0,0.4113904121849272,Normal,Normal,Routine,E001A
2763,109.24259179411841,-0.42342759614407,0.0,0.4282234104312196,Normal,Normal,Routine,E001A
2764,109.24267021119232,-0.42342546089951344,0.0,0.42476288151905506,Normal,Normal,Routine,E001A
2765,109.2427448388664,-0.4234254779334796,0.0,0.45413197579682946,Normal,Normal,Routine,E001A
2766,109.24282065725873,-0.42341927454083605,0.0,0.45500188880619896,Normal,Normal,Routine,E001A
2767,109.24289505857462,-0.42343125454112807,0.0,0.4119526480837744,Normal,Normal,Routine,E001A
2768,109.2405933309672,-0.4233734657853184,0.0,0.3553432427806065,Abnormal,Abnormal,Monitor,E001A
2769,109.24067993798289,-0.42338117937219355,0.0,0.4176860767599345,Normal,Normal,Routine,E001A
2770,109.24076920529288,-0.4233747014572037,0.0,0.37411523438589256,Abnormal,Abnormal,Monitor,E001A
2771,109.24084763455836,-0.42338189772257273,0.0,0.4047480276216277,Normal,Normal,Routine,E001A
2772,109.2409236882569,-0.42337952231600506,0.0,0.39807447432110926,Abnormal,Abnormal,Monitor,E001A
2773,109.24100838802957,-0.4233762816583051,0.0,0.3697157638898675,Abnormal,Abnormal,Monitor,E001A
2774,109.24109870271405,-0.4233739095074174,0.0,0.40090101812380424,Normal,Normal,Routine,E001A
2775,109.24117799662561,-0.4233669608792997,0.0,0.429893856232368,Normal,Normal,Routine,E001A
2776,109.24125880193013,-0.42337774595420785,0.0,0.40734868380241096,Normal,Normal,Routine,E001A
2777,109.24133009806226,-0.4233927745545368,0.0,0.3901232688428404,Abnormal,Abnormal,Monitor,E001A
2778,109.24141328568564,-0.42338322332807055,0.0,0.4074967957605867,Normal,Normal,Routine,E001A
2779,109.24150359949134,-0.4233808520763455,0.0,0.439343217105685,Normal,Normal,Routine,E001A
2780,109.24156420588429,-0.4233772767430813,0.0,0.4076462168480247,Normal,Normal,Routine,E001A
2781,109.24164552351745,-0.4233787774646174,0.0,0.41192664939245544,Normal,Normal,Routine,E001A
2782,109.24174775265269,-0.42336965560256423,0.0,0.39688860977974405,Abnormal,Abnormal,Monitor,E001A
2783,109.24181905146811,-0.42337684932905756,0.0,0.41691617070465464,Normal,Normal,Routine,E001A
2784,109.24190769951663,-0.423364194871479,0.0,0.4252324655544715,Normal,Normal,Routine,E001A
2785,109.24197894120829,-0.423361818353697,0.0,0.4144779489212614,Normal,Normal,Routine,E001A
2786,109.24207163304003,-0.42335825124459003,0.0,0.4207404046160201,Normal,Normal,Routine,E001A
2787,109.24220710783983,-0.42334272998106026,0.0,0.36678699887415334,Abnormal,Abnormal,Monitor,E001A
2788,109.24229317887558,-0.4233415233942875,0.0,0.40235889472273073,Normal,Normal,Routine,E001A
2789,109.24235906709234,-0.42334614404578175,0.0,0.4269764081993429,Normal,Normal,Routine,E001A
2790,109.24245985493836,-0.4233511922590768,0.0,0.38788032023398367,Abnormal,Abnormal,Monitor,E001A
2791,109.24254779210669,-0.4233521690818059,0.0,0.3893072250296639,Abnormal,Abnormal,Monitor,E001A
2792,109.24264277159722,-0.4233498106345248,0.0,0.39896558172415314,Abnormal,Abnormal,Monitor,E001A
2793,109.24270860633845,-0.4233486292667836,0.0,0.46637632342402696,Normal,Normal,Routine,E001A
2794,109.24278544913874,-0.4233527134515327,0.0,0.42757352551696104,Normal,Normal,Routine,E001A
2795,109.2428752137331,-0.4233402925399471,0.0,0.3960772318898807,Abnormal,Abnormal,Monitor,E001A
2796,109.24059334310418,-0.42331963090985764,0.0,0.41204989594752883,Normal,Normal,Routine,E001A
2797,109.24064667909117,-0.4233189630606095,0.0,0.39938854599492896,Abnormal,Abnormal,Monitor,E001A
2798,109.24071930922125,-0.42331367773337747,0.0,0.4310867994361851,Normal,Normal,Routine,E001A
2799,109.24081675186325,-0.423318485557846,0.0,0.4295407401757165,Normal,Normal,Routine,E001A
2800,109.24087854548011,-0.42331610779588374,0.0,0.41500501217085284,Normal,Normal,Routine,E001A
2801,109.24097242486306,-0.42331612833599175,0.0,0.4277085749962793,Normal,Normal,Routine,E001A
2802,109.24104897056631,-0.4233069047605902,0.0,0.38619211674344056,Abnormal,Abnormal,Monitor,E001A
2803,109.24113215260529,-0.4233141012025458,0.0,0.3915293033670957,Abnormal,Abnormal,Monitor,E001A
2804,109.24122176855501,-0.4233112125310923,0.0,0.43125502470381205,Normal,Normal,Routine,E001A
2805,109.24129544768388,-0.4233028555226071,0.0,0.44758069989702015,Normal,Normal,Routine,E001A
2806,109.24137056816737,-0.423312114642943,0.0,0.41687757397728686,Normal,Normal,Routine,E001A
2807,109.24145491735281,-0.42331011731158175,0.0,0.3774412268452116,Abnormal,Abnormal,Monitor,E001A
2808,109.24153453594566,-0.4233094084335474,0.0,0.39429349629843885,Abnormal,Abnormal,Monitor,E001A
2809,109.24160224514739,-0.4233210577395524,0.0,0.4170658489903399,Normal,Normal,Routine,E001A
2810,109.24176980128867,-0.42332348878084314,0.0,0.4306248768671855,Normal,Normal,Routine,E001A
2811,109.2418680133319,-0.4233144546179792,0.0,0.43781580139688986,Normal,Normal,Routine,E001A
2812,109.24194330293612,-0.4233067798120173,0.0,0.41485941649092034,Normal,Normal,Routine,E001A
2813,109.2420146064295,-0.4232972258590734,0.0,0.41288087959052133,Normal,Normal,Routine,E001A
2814,109.2420871556511,-0.42329245685228345,0.0,0.44323615431427704,Normal,Normal,Routine,E001A
2815,109.24218103311871,-0.4232972638480919,0.0,0.4047964692276781,Normal,Normal,Routine,E001A
2816,109.24224514522423,-0.423294885697585,0.0,0.38727483790687406,Abnormal,Abnormal,Monitor,E001A
2817,109.24232308170706,-0.42328875603811267,0.0,0.4251076251661699,Normal,Normal,Routine,E001A
2818,109.24249533155233,-0.4232904764468308,0.0,0.4005017925684956,Normal,Normal,Routine,E001A
2819,109.24259942938185,-0.4232962425229091,0.0,0.3949649931521745,Abnormal,Abnormal,Monitor,E001A
2820,109.24267643646952,-0.423284775453082,0.0,0.38244494897794595,Abnormal,Abnormal,Monitor,E001A
2821,109.24275235043899,-0.42328892182039296,0.0,0.4149914761783839,Normal,Normal,Routine,E001A
2822,109.24283454169779,-0.4232764440159461,0.0,0.3965965709737098,Abnormal,Abnormal,Monitor,E001A
2823,109.24061356026662,-0.4232490529856638,0.0,0.42800772473542426,Normal,Normal,Routine,E001A
2824,109.24067060174457,-0.4232478696244462,0.0,0.4067952028989005,Normal,Normal,Routine,E001A
2825,109.24076210365787,-0.42324669413390187,0.0,0.3930043076138762,Abnormal,Abnormal,Monitor,E001A
2826,109.24084410113224,-0.4232407318113554,0.0,0.40390026974663723,Normal,Normal,Routine,E001A
2827,109.24092490741015,-0.4232431421446473,0.0,0.3718709705847784,Abnormal,Abnormal,Monitor,E001A
2828,109.24101047256227,-0.4232264140180882,0.0,0.38319271591880677,Abnormal,Abnormal,Monitor,E001A
2829,109.24109959505616,-0.4232407901607007,0.0,0.39162172140086254,Abnormal,Abnormal,Monitor,E001A
2830,109.24117662790758,-0.4232343094388967,0.0,0.39547773478091924,Abnormal,Abnormal,Monitor,E001A
2831,109.2412642392303,-0.4232340002784443,0.0,0.4283352133333414,Normal,Normal,Routine,E001A
2832,109.24133013184904,-0.4232468238557438,0.0,0.38577851458289275,Abnormal,Abnormal,Monitor,E001A
2833,109.24141806971714,-0.42324445115165904,0.0,0.3681170195609761,Abnormal,Abnormal,Monitor,E001A
2834,109.24148226544108,-0.4232376166257242,0.0,0.38546644906328137,Abnormal,Abnormal,Monitor,E001A
2835,109.24155950766885,-0.4232388306520827,0.0,0.40060854868383833,Normal,Normal,Routine,E001A
2836,109.24163078562029,-0.4232349294882093,0.0,0.41777403337124513,Normal,Normal,Routine,E001A
2837,109.24174130132792,-0.42323375832538696,0.0,0.368233871280968,Abnormal,Abnormal,Monitor,E001A
2838,109.24183399305623,-0.4232266020380304,0.0,0.3932280383677846,Abnormal,Abnormal,Monitor,E001A
2839,109.24190766951334,-0.42323020803027783,0.0,0.432073142250987,Normal,Normal,Routine,E001A
2840,109.24197897084923,-0.4232302234002723,0.0,0.3971052389961105,Abnormal,Abnormal,Monitor,E001A
2841,109.24206035001154,-0.42322183829328464,0.0,0.4243509841459737,Normal,Normal,Routine,E001A
2842,109.24213538321678,-0.42321991749775417,0.0,0.3947942720290527,Abnormal,Abnormal,Monitor,E001A
2843,109.24221265377335,-0.42322309928554896,0.0,0.3754413392113036,Abnormal,Abnormal,Monitor,E001A
2844,109.24228553930162,-0.42322078462680507,0.0,0.386870373780569,Abnormal,Abnormal,Monitor,E001A
2845,109.24237847425151,-0.4232186707757746,0.0,0.40939054449924517,Normal,Normal,Routine,E001A
2846,109.24245755959315,-0.4232127077650936,0.0,0.41574304595817646,Normal,Normal,Routine,E001A
2847,109.24255595564523,-0.4232084230228331,0.0,0.4224135528859126,Normal,Normal,Routine,E001A
2848,109.24264562668523,-0.4232124992780582,0.0,0.40098136976768606,Normal,Normal,Routine,E001A
2849,109.24272255882164,-0.4232187492826683,0.0,0.4321472945510805,Normal,Normal,Routine,E001A
2850,109.24279671220737,-0.42321876619961246,0.0,0.42997800016782434,Normal,Normal,Routine,E001A
2851,109.24060087910793,-0.42317042197549365,0.0,0.4094974636977809,Normal,Normal,Routine,E001A
2852,109.24065873575114,-0.4231713033185879,0.0,0.4065525442451328,Normal,Normal,Routine,E001A
2853,109.2407371651909,-0.4231737131077544,0.0,0.3744452791232593,Abnormal,Abnormal,Monitor,E001A
2854,109.2408108429512,-0.4231713380556025,0.0,0.42485284507812254,Normal,Normal,Routine,E001A
2855,109.24089283683313,-0.4231773378306917,0.0,0.39674619297132885,Abnormal,Abnormal,Monitor,E001A
2856,109.24097364347156,-0.4231821418474852,0.0,0.3990596176016907,Abnormal,Abnormal,Monitor,E001A
2857,109.2410524019044,-0.4231756380071133,0.0,0.4041938785228643,Normal,Normal,Routine,E001A
2858,109.24113796409641,-0.42317206836951177,0.0,0.39018153556295343,Abnormal,Abnormal,Monitor,E001A
2859,109.24121606484631,-0.4231821971998028,0.0,0.43178450081262504,Normal,Normal,Routine,E001A
2860,109.24129687419418,-0.42317503730117584,0.0,0.39514880194866026,Abnormal,Abnormal,Monitor,E001A
2861,109.24135866818509,-0.4231750514085531,0.0,0.43607245075802964,Normal,Normal,Routine,E001A
2862,109.2414501712989,-0.42317268041889194,0.0,0.41249509461656286,Normal,Normal,Routine,E001A
2863,109.24153097787206,-0.42317389525648014,0.0,0.4052376454298919,Normal,Normal,Routine,E001A
2864,109.24160465539445,-0.4231727156829322,0.0,0.42638298023391413,Normal,Normal,Routine,E001A
2865,109.24165694099545,-0.42317751318384295,0.0,0.42356817641139244,Normal,Normal,Routine,E001A
2866,109.24172230132233,-0.4231727416315398,0.0,0.4015247418268307,Normal,Normal,Routine,E001A
2867,109.24180073116663,-0.42317754509909633,0.0,0.4089990201007841,Normal,Normal,Routine,E001A
2868,109.2418934224431,-0.42317639337420887,0.0,0.402704965036649,Normal,Normal,Routine,E001A
2869,109.24194689673733,-0.4231799947535139,0.0,0.43560806904827154,Normal,Normal,Routine,E001A
2870,109.2420120614351,-0.42317041497856683,0.0,0.39710165530782465,Abnormal,Abnormal,Monitor,E001A
2871,109.24208593668553,-0.42316086160623645,0.0,0.4185918762082819,Normal,Normal,Routine,E001A
2872,109.24216847083981,-0.42316928412050914,0.0,0.3943438492189409,Abnormal,Abnormal,Monitor,E001A
2873,109.24223311308684,-0.42316618716632554,0.0,0.38315363382871487,Abnormal,Abnormal,Monitor,E001A
2874,109.24233345986437,-0.4231592984792274,0.0,0.37523582745807293,Abnormal,Abnormal,Monitor,E001A
2875,109.24242615000483,-0.42315931962664755,0.0,0.41231451262267127,Normal,Normal,Routine,E001A
2876,109.24249436442358,-0.42316939736252274,0.0,0.4328101732483214,Normal,Normal,Routine,E001A
2877,109.24259679482962,-0.4231641974793278,0.0,0.4047545818991655,Normal,Normal,Routine,E001A
2878,109.24272294356146,-0.42316563244659827,0.0,0.44834363620787565,Normal,Normal,Routine,E001A
2879,109.24280320273351,-0.42316067799415796,0.0,0.42626509869599843,Normal,Normal,Routine,E001A
2880,109.24060413307885,-0.423108729459821,0.0,0.41747615921411324,Normal,Normal,Routine,E001A
2881,109.2406701448433,-0.4231029497692715,0.0,0.4118851649442688,Normal,Normal,Routine,E001A
2882,109.24077402338784,-0.42308878318767734,0.0,0.4357824298598797,Normal,Normal,Routine,E001A
2883,109.24084769710645,-0.42310435128409324,0.0,0.40333245616351404,Normal,Normal,Routine,E001A
2884,109.24093088317697,-0.4230936045652044,0.0,0.37070451714456654,Abnormal,Abnormal,Monitor,E001A
2885,109.24101882048534,-0.423093624641188,0.0,0.37390453456829675,Abnormal,Abnormal,Monitor,E001A
2886,109.24109976613386,-0.4230994369815314,0.0,0.3741090341231461,Abnormal,Abnormal,Monitor,E001A
2887,109.24118057349942,-0.4230970626456948,0.0,0.407342966136792,Normal,Normal,Routine,E001A
2888,109.2412517338248,-0.423100855253902,0.0,0.41884237754827497,Normal,Normal,Routine,E001A
2889,109.24133254209522,-0.4230984809165427,0.0,0.40932438748264344,Normal,Normal,Routine,E001A
2890,109.24141453923298,-0.4230901257965598,0.0,0.3798726006647698,Abnormal,Abnormal,Monitor,E001A
2891,109.24149772559754,-0.42307818177186174,0.0,0.37525470015126233,Abnormal,Abnormal,Monitor,E001A
2892,109.2415895137969,-0.4230743567230098,0.0,0.41920219651936697,Normal,Normal,Routine,E001A
2893,109.24169055123701,-0.4230837528708053,0.0,0.4262849367169192,Normal,Normal,Routine,E001A
2894,109.24176034659654,-0.4230937938908216,0.0,0.40129986975426063,Normal,Normal,Routine,E001A
2895,109.24185066203172,-0.42308424336617323,0.0,0.4329508055632618,Normal,Normal,Routine,E001A
2896,109.2419148317938,-0.4230890435752404,0.0,0.36252047668393395,Abnormal,Abnormal,Monitor,E001A
2897,109.24198375324465,-0.4230986295312257,0.0,0.41384579863389187,Normal,Normal,Routine,E001A
2898,109.24205460592464,-0.4230845467212338,0.0,0.376458054035454,Abnormal,Abnormal,Monitor,E001A
2899,109.24213348874912,-0.42308430789639095,0.0,0.40810704792405034,Normal,Normal,Routine,E001A
2900,109.24219931301363,-0.4230896727659279,0.0,0.40282272554656084,Normal,Normal,Routine,E001A
2901,109.24228605589124,-0.4230887475588089,0.0,0.3878317914336588,Abnormal,Abnormal,Monitor,E001A
2902,109.24237282417818,-0.42308669559563644,0.0,0.4224349363640143,Normal,Normal,Routine,E001A
2903,109.24241317275401,-0.42306706063830957,0.0,0.44995574867685956,Normal,Normal,Routine,E001A
2904,109.24246450649683,-0.4230785569881916,0.0,0.41570716883135084,Normal,Normal,Routine,E001A
2905,109.24255445684541,-0.4230788587431579,0.0,0.40389790358200955,Normal,Normal,Routine,E001A
2906,109.242630460135,-0.42306926334230643,0.0,0.4089441606671539,Normal,Normal,Routine,E001A
2907,109.24272332775331,-0.42307502774769323,0.0,0.44887056325127384,Normal,Normal,Routine,E001A
2908,109.2427865490571,-0.42307145298880344,0.0,0.4132558286422794,Normal,Normal,Routine,E001A
2909,109.24059340861649,-0.42302892601864084,0.0,0.41047535734731894,Normal,Normal,Routine,E001A
2910,109.24064725692313,-0.4230268982084627,0.0,0.40705217836963603,Normal,Normal,Routine,E001A
2911,109.24072925106613,-0.4230317015874286,0.0,0.4264744115720894,Normal,Normal,Routine,E001A
2912,109.24080730708505,-0.4230409378578062,0.0,0.41344483552463646,Normal,Normal,Routine,E001A
2913,109.24088455197739,-0.4230301888761955,0.0,0.4176601268956871,Normal,Normal,Routine,E001A
2914,109.24095941627093,-0.42303618701702833,0.0,0.34499212586341943,Abnormal,Abnormal,Monitor,E001A
2915,109.24105567185514,-0.4230350135017719,0.0,0.37361955021446025,Abnormal,Abnormal,Monitor,E001A
2916,109.24113491803593,-0.423036556242637,0.0,0.4009505943379838,Normal,Normal,Routine,E001A
2917,109.24121372340545,-0.4230290676198893,0.0,0.38630584229578124,Abnormal,Abnormal,Monitor,E001A
2918,109.24129215286742,-0.42303147830242305,0.0,0.40713406686915926,Normal,Normal,Routine,E001A
2919,109.24137890348362,-0.4230279089262492,0.0,0.3739311813538266,Abnormal,Abnormal,Monitor,E001A
2920,109.2414515786843,-0.42302602557279356,0.0,0.37243939784821123,Abnormal,Abnormal,Monitor,E001A
2921,109.2415454589007,-0.42302245782114073,0.0,0.3977830158773037,Abnormal,Abnormal,Monitor,E001A
2922,109.24162388783822,-0.42302726037917926,0.0,0.4198056131869823,Normal,Normal,Routine,E001A
2923,109.24170570021234,-0.4230177097221323,0.0,0.40835849359747745,Normal,Normal,Routine,E001A
2924,109.24179601225333,-0.42302321944126237,0.0,0.39775986671447755,Abnormal,Abnormal,Monitor,E001A
2925,109.24187444290786,-0.4230244328225942,0.0,0.3674501407189451,Abnormal,Abnormal,Monitor,E001A
2926,109.24197169209931,-0.42301895866011163,0.0,0.4231729157367388,Normal,Normal,Routine,E001A
2927,109.24203161927637,-0.42302395503627727,0.0,0.39402930985341916,Abnormal,Abnormal,Monitor,E001A
2928,109.24209675271615,-0.42301756291302023,0.0,0.40039007974279534,Normal,Normal,Routine,E001A
2929,109.2421767197014,-0.4230255561959806,0.0,0.3968287099857588,Abnormal,Abnormal,Monitor,E001A
2930,109.2422537245061,-0.42302413863305016,0.0,0.35467662112546555,Abnormal,Abnormal,Monitor,E001A
2931,109.24232559244909,-0.4230171258831624,0.0,0.3458850160688609,Abnormal,Abnormal,Monitor,E001A
2932,109.24239831910668,-0.42301427131033437,0.0,0.3920992139670942,Abnormal,Abnormal,Monitor,E001A
2933,109.24250012816299,-0.42301588519738115,0.0,0.3922302734730268,Abnormal,Abnormal,Monitor,E001A
2934,109.24259390950456,-0.4230128382861029,0.0,0.3748239562143545,Abnormal,Abnormal,Monitor,E001A
2935,109.24267545319113,-0.42301191731096055,0.0,0.3870843219664115,Abnormal,Abnormal,Monitor,E001A
2936,109.2427568279541,-0.4230192109809838,0.0,0.44015342312079586,Normal,Normal,Routine,E001A
2937,109.2406029306648,-0.4229595420407411,0.0,0.4004593339496109,Normal,Normal,Routine,E001A
2938,109.24067898416934,-0.42296195127909725,0.0,0.3761146608449402,Abnormal,Abnormal,Monitor,E001A
2939,109.24076810934005,-0.4229643644048957,0.0,0.382141423295252,Abnormal,Abnormal,Monitor,E001A
2940,109.240856047717,-0.4229595989125218,0.0,0.3871339559376007,Abnormal,Abnormal,Monitor,E001A
2941,109.24091665219899,-0.42296439830925203,0.0,0.36823216383163637,Abnormal,Abnormal,Monitor,E001A
2942,109.24100577980599,-0.4229560439126651,0.0,0.3666200558810324,Abnormal,Abnormal,Monitor,E001A
2943,109.24109012870657,-0.42295521944881265,0.0,0.3929888047098827,Abnormal,Abnormal,Monitor,E001A
2944,109.241173313798,-0.4229528465536754,0.0,0.39614119527574915,Abnormal,Abnormal,Monitor,E001A
2945,109.24124701510257,-0.4229457076312823,0.0,0.41740690661257795,Normal,Normal,Routine,E001A
2946,109.24132782048726,-0.4229561418183922,0.0,0.38068615906197756,Abnormal,Abnormal,Monitor,E001A
2947,109.24142834148054,-0.42295323210333385,0.0,0.40466489020263496,Normal,Normal,Routine,E001A
2948,109.24150304335059,-0.4229546092174367,0.0,0.3856865339426798,Abnormal,Abnormal,Monitor,E001A
2949,109.24158747391697,-0.4229582176549214,0.0,0.41647629432234984,Normal,Normal,Routine,E001A
2950,109.2416587763151,-0.4229534483555478,0.0,0.41849581686557863,Normal,Normal,Routine,E001A
2951,109.24174374253784,-0.42294783845831807,0.0,0.4050050690474456,Normal,Normal,Routine,E001A
2952,109.2418245488524,-0.42295024967487294,0.0,0.42563997704284984,Normal,Normal,Routine,E001A
2953,109.24190637766795,-0.42295149457424364,0.0,0.3911530577774661,Abnormal,Abnormal,Monitor,E001A
2954,109.24199210635241,-0.42294669962365034,0.0,0.4275545122672831,Normal,Normal,Routine,E001A
2955,109.24207840368739,-0.4229457200525221,0.0,0.41046667501491374,Normal,Normal,Routine,E001A
2956,109.24215108250182,-0.4229398704195386,0.0,0.368960959725496,Abnormal,Abnormal,Monitor,E001A
2957,109.24223064661156,-0.42294587595044597,0.0,0.38075657692152937,Abnormal,Abnormal,Monitor,E001A
2958,109.24230658379798,-0.42293856661029583,0.0,0.42849986832074616,Normal,Normal,Routine,E001A
2959,109.24241376907523,-0.4229319281521596,0.0,0.43144762227843114,Normal,Normal,Routine,E001A
2960,109.24249571137503,-0.4229319468365989,0.0,0.3629102963878184,Abnormal,Abnormal,Monitor,E001A
2961,109.24258673872585,-0.42292837841498093,0.0,0.4068212141855505,Normal,Normal,Routine,E001A
2962,109.24266712294043,-0.4229345523295522,0.0,0.3709726123238297,Abnormal,Abnormal,Monitor,E001A
2963,109.24063726928635,-0.422890162821786,0.0,0.392113602139909,Abnormal,Abnormal,Monitor,E001A
2964,109.24071570015963,-0.4228901807218901,0.0,0.3543008471893585,Abnormal,Abnormal,Monitor,E001A
2965,109.24080139958896,-0.422891396671024,0.0,0.4014492957049955,Normal,Normal,Routine,E001A
2966,109.24088933796627,-0.422886632079004,0.0,0.376561191972579,Abnormal,Abnormal,Monitor,E001A
2967,109.24096539121264,-0.42289023770301265,0.0,0.3715172418974396,Abnormal,Abnormal,Monitor,E001A
2968,109.24105127838666,-0.4228874901378118,0.0,0.408133751840107,Normal,Normal,Routine,E001A
2969,109.24113413668933,-0.42288429515523285,0.0,0.36767059866816226,Abnormal,Abnormal,Monitor,E001A
2970,109.24120306116221,-0.4228843108810913,0.0,0.3641058149081043,Abnormal,Abnormal,Monitor,E001A
2971,109.24129575043493,-0.4228879212022788,0.0,0.40683852648949836,Normal,Normal,Routine,E001A
2972,109.24138250095909,-0.42288076264504276,0.0,0.4058339991517222,Normal,Normal,Routine,E001A
2973,109.24145314803373,-0.4228860797794891,0.0,0.34963264633456875,Abnormal,Abnormal,Monitor,E001A
2974,109.2415571855874,-0.4228879799389781,0.0,0.3855771415673935,Abnormal,Abnormal,Monitor,E001A
2975,109.2416145092209,-0.4228944596787419,0.0,0.3930574745637039,Abnormal,Abnormal,Monitor,E001A
2976,109.24169319444422,-0.4228980360557029,0.0,0.40897962516293945,Normal,Normal,Routine,E001A
2977,109.24177946429485,-0.4228913919311893,0.0,0.4287817871484619,Normal,Normal,Routine,E001A
2978,109.24187209515772,-0.422895230117731,0.0,0.43826585402712226,Normal,Normal,Routine,E001A
2979,109.24202063944988,-0.42288928203639176,0.0,0.4131353352341924,Normal,Normal,Routine,E001A
2980,109.24210374461776,-0.42288698868743624,0.0,0.4078765255783257,Normal,Normal,Routine,E001A
2981,109.24218360111279,-0.4228870068975613,0.0,0.3928314543967137,Abnormal,Abnormal,Monitor,E001A
2982,109.24227058810507,-0.4228870267327526,0.0,0.39883657390655125,Abnormal,Abnormal,Monitor,E001A
2983,109.24236185364832,-0.4228827403502474,0.0,0.4255887283662603,Normal,Normal,Routine,E001A
2984,109.24057681913234,-0.4228183700920657,0.0,0.3749000428230509,Abnormal,Abnormal,Monitor,E001A
2985,109.24066713271125,-0.4228207834831943,0.0,0.3676701808090187,Abnormal,Abnormal,Monitor,E001A
2986,109.24075744952677,-0.42280884108629546,0.0,0.39460895938537816,Abnormal,Abnormal,Monitor,E001A
2987,109.24084063208767,-0.42281364472588295,0.0,0.4106664061994077,Normal,Normal,Routine,E001A
2988,109.24093926592933,-0.42281007896094375,0.0,0.40153584178505825,Normal,Normal,Routine,E001A
2989,109.2410319570732,-0.42280531454312953,0.0,0.41706042024406326,Normal,Normal,Routine,E001A
2990,109.24110444454142,-0.4228113130360015,0.0,0.4278844844277967,Normal,Normal,Routine,E001A
2991,109.24117812042769,-0.42281731089546576,0.0,0.4343345778034972,Normal,Normal,Routine,E001A
2992,109.24126011656806,-0.4228173296002646,0.0,0.4311430142643785,Normal,Normal,Routine,E001A
2993,109.2413421104674,-0.42282333026068625,0.0,0.3993617191982384,Abnormal,Abnormal,Monitor,E001A
2994,109.24142212700033,-0.42281856294666015,0.0,0.37170436704727466,Abnormal,Abnormal,Monitor,E001A
2995,109.24149302984037,-0.42282097099741717,0.0,0.3993708519640273,Abnormal,Abnormal,Monitor,E001A
2996,109.24157621225594,-0.4228305611019791,0.0,0.416391039803119,Normal,Normal,Routine,E001A
2997,109.24164751267696,-0.42283057736376667,0.0,0.3793087140105475,Abnormal,Abnormal,Monitor,E001A
2998,109.2417342616011,-0.42283059714807036,0.0,0.38358167255200504,Abnormal,Abnormal,Monitor,E001A
2999,109.24184358844578,-0.42283540764709004,0.0,0.39762559125382657,Abnormal,Abnormal,Monitor,E001A
3000,109.24195008250156,-0.4228585865894263,0.0,0.4284292527513012,Normal,Normal,Routine,E001A
3001,109.2406298596033,-0.4227298375104059,0.0,0.37275182169665083,Abnormal,Abnormal,Monitor,E001A
3002,109.24071230970192,-0.42273226628444743,0.0,0.38342400253301906,Abnormal,Abnormal,Monitor,E001A
3003,109.24079548902844,-0.42275142661280374,0.0,0.4056398202033461,Normal,Normal,Routine,E001A
3004,109.24091194702227,-0.42274906039810173,0.0,0.40137179211990254,Normal,Normal,Routine,E001A
3005,109.24099750264946,-0.42277061314724856,0.0,0.40769289149569143,Normal,Normal,Routine,E001A
3006,109.24106048746536,-0.422759860898533,0.0,0.3882548348624892,Abnormal,Abnormal,Monitor,E001A
3007,109.24123516748352,-0.42278741593438385,0.0,0.4485414556355475,Normal,Normal,Routine,E001A
3008,109.24130409034372,-0.42279461000361507,0.0,0.42902363233654983,Normal,Normal,Routine,E001A
