Tree_ID,Longitude,Latitude,Height_m,NDRE_Value,Classification,Health_Status,Action,Block_Name,NDRE_Absolute,Classification_Abs,Health_Status_Abs,Action_Abs,Block_Name_Legacy,Reclassified,Was_TBM
1,109.23475348,-0.444635,19.99,0.535,TM,Healthy,,D010A,0.535,Healthy,Good,None,D10,original,False
2,109.23481133,-0.44500306,19.96,0.481,TM,Healthy,,D010A,0.481,Healthy,Good,None,D10,original,False
3,109.23503153,-0.44449083,19.91,0.466,TM,Healthy,,D010A,0.466,Healthy,Good,None,D10,original,False
4,109.23451394,-0.44902486,19.72,0.389,TM,Healthy,,D010A,0.389,Suspect,Critical,Priority Survey,D10,original,False
5,109.23484244,-0.44448807,19.71,0.37,TM,Suspect,Circle_5m,D010A,0.37,Suspect,Critical,Priority Survey,D10,original,False
6,109.23521549,-0.44903317,19.69,0.339,TM,Suspect,Circle_5m,D010A,0.339,Suspect,Critical,Priority Survey,D10,original,False
7,109.23388693,-0.44908123,19.69,0.43,TM,Healthy,,D010A,0.43,Normal,Moderate,Routine,D10,original,False
8,109.23506683,-0.44899018,19.65,0.353,TM,Suspect,Circle_5m,D010A,0.353,Suspect,Critical,Priority Survey,D10,original,False
9,109.23448428,-0.4490972,19.6,0.434,TM,Healthy,,D010A,0.434,Normal,Moderate,Routine,D10,original,False
10,109.23467982,-0.44463679,19.53,0.437,TM,Healthy,,D010A,0.437,Normal,Moderate,Routine,D10,original,False
11,109.23406661,-0.44896507,19.5,0.456,TM,Healthy,,D010A,0.456,Normal,Moderate,Routine,D10,original,False
12,109.23424229,-0.44868478,19.43,0.435,TM,Healthy,,D010A,0.435,Normal,Moderate,Routine,D10,original,False
13,109.23432089,-0.44491704,19.43,0.453,TM,Healthy,,D010A,0.453,Normal,Moderate,Routine,D10,original,False
14,109.23441892,-0.44443643,19.38,0.369,TM,Suspect,Circle_5m,D010A,0.369,Suspect,Critical,Priority Survey,D10,original,False
15,109.23491204,-0.44457626,19.36,0.465,TM,Healthy,,D010A,0.465,Healthy,Good,None,D10,original,False
16,109.23490983,-0.44442343,19.31,0.496,TM,Healthy,,D010A,0.496,Healthy,Good,None,D10,original,False
17,109.23384741,-0.44908438,19.3,0.457,TM,Healthy,,D010A,0.457,Normal,Moderate,Routine,D10,original,False
18,109.23481773,-0.44453238,19.25,0.531,TM,Healthy,,D010A,0.531,Healthy,Good,None,D10,original,False
19,109.23442205,-0.44448345,19.13,0.44,TM,Healthy,,D010A,0.44,Normal,Moderate,Routine,D10,original,False
20,109.23462098,-0.44462547,19.1,0.457,TM,Healthy,,D010A,0.457,Normal,Moderate,Routine,D10,original,False
21,109.23394036,-0.44916036,19.05,0.457,TM,Healthy,,D010A,0.457,Normal,Moderate,Routine,D10,original,False
22,109.23478221,-0.44469379,19.0,0.451,TM,Healthy,,D010A,0.451,Normal,Moderate,Routine,D10,original,False
23,109.23496103,-0.44442435,18.99,0.544,TM,Healthy,,D010A,0.544,Healthy,Good,None,D10,original,False
24,109.23497807,-0.44455005,18.98,0.57,TM,Healthy,,D010A,0.57,Healthy,Good,None,D10,original,False
25,109.2346887,-0.4450591,18.93,0.411,TM,Healthy,,D010A,0.411,Abnormal,Sub-Optimal,Monitor,D10,original,False
26,109.23508344,-0.44905529,18.79,0.453,TM,Healthy,,D010A,0.453,Normal,Moderate,Routine,D10,original,False
27,109.23505647,-0.44912763,18.73,0.459,TM,Healthy,,D010A,0.459,Normal,Moderate,Routine,D10,original,False
28,109.23429293,-0.44917854,18.73,0.537,TM,Healthy,,D010A,0.537,Healthy,Good,None,D10,original,False
29,109.23481726,-0.44462914,18.71,0.563,TM,Healthy,,D010A,0.563,Healthy,Good,None,D10,original,False
30,109.23551507,-0.44900792,18.59,0.453,TM,Healthy,,D010A,0.453,Normal,Moderate,Routine,D10,original,False
31,109.23471392,-0.44476204,18.52,0.527,TM,Healthy,,D010A,0.527,Healthy,Good,None,D10,original,False
32,109.23487159,-0.44467391,18.48,0.552,TM,Healthy,,D010A,0.552,Healthy,Good,None,D10,original,False
33,109.23501808,-0.44439181,18.38,0.499,TM,Healthy,,D010A,0.499,Healthy,Good,None,D10,original,False
34,109.23406583,-0.44470311,18.36,0.367,TM,Suspect,Circle_5m,D010A,0.367,Suspect,Critical,Priority Survey,D10,original,False
35,109.23428317,-0.44490256,18.32,0.354,TM,Suspect,Circle_5m,D010A,0.354,Suspect,Critical,Priority Survey,D10,original,False
36,109.23483115,-0.44476072,18.31,0.471,TM,Healthy,,D010A,0.471,Healthy,Good,None,D10,original,False
37,109.23490304,-0.4446495,18.22,0.532,TM,Healthy,,D010A,0.532,Healthy,Good,None,D10,original,False
38,109.23430075,-0.44464484,18.18,0.441,TM,Healthy,,D010A,0.441,Normal,Moderate,Routine,D10,original,False
39,109.23429922,-0.44914237,18.13,0.443,TM,Healthy,,D010A,0.443,Normal,Moderate,Routine,D10,original,False
40,109.23425081,-0.44873406,18.08,0.378,TM,Suspect,Circle_5m,D010A,0.378,Suspect,Critical,Priority Survey,D10,original,False
41,109.23464882,-0.44466934,17.98,0.428,TM,Healthy,,D010A,0.428,Abnormal,Sub-Optimal,Monitor,D10,original,False
42,109.23445262,-0.44436635,17.98,0.45,TM,Healthy,,D010A,0.45,Normal,Moderate,Routine,D10,original,False
43,109.23412455,-0.44897412,17.95,0.398,TM,Healthy,,D010A,0.398,Abnormal,Sub-Optimal,Monitor,D10,original,False
44,109.23479754,-0.44441843,17.85,0.53,TM,Healthy,,D010A,0.53,Healthy,Good,None,D10,original,False
45,109.23513911,-0.44912313,17.85,0.384,TM,Healthy,,D010A,0.384,Suspect,Critical,Priority Survey,D10,original,False
46,109.23403608,-0.44891125,17.8,0.436,TM,Healthy,,D010A,0.436,Normal,Moderate,Routine,D10,original,False
47,109.23463076,-0.44506225,17.77,0.418,TM,Healthy,,D010A,0.418,Abnormal,Sub-Optimal,Monitor,D10,original,False
48,109.2349031,-0.44436962,17.74,0.437,TM,Healthy,,D010A,0.437,Normal,Moderate,Routine,D10,original,False
49,109.23483707,-0.44440533,17.65,0.449,TM,Healthy,,D010A,0.449,Normal,Moderate,Routine,D10,original,False
50,109.23436221,-0.44491569,17.47,0.394,TM,Healthy,,D010A,0.394,Abnormal,Sub-Optimal,Monitor,D10,original,False
51,109.23443555,-0.44440071,17.45,0.4,TM,Healthy,,D010A,0.4,Abnormal,Sub-Optimal,Monitor,D10,original,False
52,109.2347782,-0.44453418,17.42,0.475,TM,Healthy,,D010A,0.475,Healthy,Good,None,D10,original,False
53,109.23472789,-0.44457215,17.4,0.498,TM,Healthy,,D010A,0.498,Healthy,Good,None,D10,original,False
54,109.2338923,-0.44915583,17.37,0.439,TM,Healthy,,D010A,0.439,Normal,Moderate,Routine,D10,original,False
55,109.23397859,-0.44894425,17.35,0.427,TM,Healthy,,D010A,0.427,Abnormal,Sub-Optimal,Monitor,D10,original,False
56,109.23496595,-0.44451026,17.26,0.565,TM,Healthy,,D010A,0.565,Healthy,Good,None,D10,original,False
57,109.23459894,-0.44476925,17.22,0.476,TM,Healthy,,D010A,0.476,Healthy,Good,None,D10,original,False
58,109.23457461,-0.445107,17.19,0.456,TM,Healthy,,D010A,0.456,Normal,Moderate,Routine,D10,original,False
59,109.23426703,-0.44477098,17.18,0.454,TM,Healthy,,D010A,0.454,Normal,Moderate,Routine,D10,original,False
60,109.23481233,-0.44457623,17.14,0.5,TM,Healthy,,D010A,0.5,Healthy,Good,None,D10,original,False
61,109.23516518,-0.4490535,17.13,0.35,TM,Suspect,Circle_5m,D010A,0.35,Suspect,Critical,Priority Survey,D10,original,False
62,109.23421885,-0.4490284,17.13,0.428,TM,Healthy,,D010A,0.428,Abnormal,Sub-Optimal,Monitor,D10,original,False
63,109.23380338,-0.44913185,17.11,0.481,TM,Healthy,,D010A,0.481,Healthy,Good,None,D10,original,False
64,109.23501076,-0.44492715,17.07,0.475,TM,Healthy,,D010A,0.475,Healthy,Good,None,D10,original,False
65,109.23409397,-0.4491387,17.03,0.43,TM,Healthy,,D010A,0.43,Normal,Moderate,Routine,D10,original,False
66,109.23372972,-0.44912505,16.89,0.393,TM,Healthy,,D010A,0.393,Abnormal,Sub-Optimal,Monitor,D10,original,False
67,109.23379665,-0.44908346,16.85,0.433,TM,Healthy,,D010A,0.433,Normal,Moderate,Routine,D10,original,False
68,109.2340504,-0.4491509,16.77,0.504,TM,Healthy,,D010A,0.504,Healthy,Good,None,D10,original,False
69,109.23540408,-0.4492091,16.73,0.435,TM,Healthy,,D010A,0.435,Normal,Moderate,Routine,D10,original,False
70,109.23476954,-0.44506997,16.72,0.526,TM,Healthy,,D010A,0.526,Healthy,Good,None,D10,original,False
71,109.23498702,-0.44465812,16.72,0.521,TM,Healthy,,D010A,0.521,Healthy,Good,None,D10,original,False
72,109.23376273,-0.44444079,16.72,0.554,TM,Healthy,,D010A,0.554,Healthy,Good,None,D10,original,False
73,109.23467525,-0.4449438,16.68,0.487,TM,Healthy,,D010A,0.487,Healthy,Good,None,D10,original,False
74,109.23426914,-0.44910709,16.64,0.473,TM,Healthy,,D010A,0.473,Healthy,Good,None,D10,original,False
75,109.23460528,-0.44455222,16.63,0.47,TM,Healthy,,D010A,0.47,Healthy,Good,None,D10,original,False
76,109.23467394,-0.44481855,16.63,0.468,TM,Healthy,,D010A,0.468,Healthy,Good,None,D10,original,False
77,109.23471568,-0.44493884,16.54,0.436,TM,Healthy,,D010A,0.436,Normal,Moderate,Routine,D10,original,False
78,109.23517234,-0.44916292,16.54,0.33,TM,Suspect,Circle_5m,D010A,0.33,Suspect,Critical,Priority Survey,D10,original,False
79,109.2350544,-0.44463824,16.53,0.511,TM,Healthy,,D010A,0.511,Healthy,Good,None,D10,original,False
80,109.23394354,-0.44899081,16.5,0.484,TM,Healthy,,D010A,0.484,Healthy,Good,None,D10,original,False
81,109.23451594,-0.44442062,16.48,0.387,TM,Healthy,,D010A,0.387,Suspect,Critical,Priority Survey,D10,original,False
82,109.23446102,-0.44492159,16.45,0.392,TM,Healthy,,D010A,0.392,Abnormal,Sub-Optimal,Monitor,D10,original,False
83,109.23407333,-0.44903108,16.45,0.42,TM,Healthy,,D010A,0.42,Abnormal,Sub-Optimal,Monitor,D10,original,False
84,109.23454048,-0.4450767,16.43,0.42,TM,Healthy,,D010A,0.42,Abnormal,Sub-Optimal,Monitor,D10,original,False
85,109.23457747,-0.44442697,16.41,0.515,TM,Healthy,,D010A,0.515,Healthy,Good,None,D10,original,False
86,109.23451187,-0.44453321,16.39,0.387,TM,Healthy,,D010A,0.387,Suspect,Critical,Priority Survey,D10,original,False
87,109.23402265,-0.44876295,16.33,0.53,TM,Healthy,,D010A,0.53,Healthy,Good,None,D10,original,False
88,109.23401642,-0.44475193,16.2,0.391,TM,Healthy,,D010A,0.391,Abnormal,Sub-Optimal,Monitor,D10,original,False
89,109.23452435,-0.44491844,16.17,0.543,TM,Healthy,,D010A,0.543,Healthy,Good,None,D10,original,False
90,109.23371826,-0.44446067,16.0,0.445,TM,Healthy,,D010A,0.445,Normal,Moderate,Routine,D10,original,False
91,109.23397945,-0.44909933,15.99,0.407,TM,Healthy,,D010A,0.407,Abnormal,Sub-Optimal,Monitor,D10,original,False
92,109.23509034,-0.44457268,15.98,0.493,TM,Healthy,,D010A,0.493,Healthy,Good,None,D10,original,False
93,109.23420674,-0.448985,15.98,0.389,TM,Healthy,,D010A,0.389,Suspect,Critical,Priority Survey,D10,original,False
94,109.23381643,-0.44903192,15.95,0.409,TM,Healthy,,D010A,0.409,Abnormal,Sub-Optimal,Monitor,D10,original,False
95,109.23459318,-0.44447128,15.93,0.415,TM,Healthy,,D010A,0.415,Abnormal,Sub-Optimal,Monitor,D10,original,False
96,109.23490433,-0.44488281,15.91,0.438,TM,Healthy,,D010A,0.438,Normal,Moderate,Routine,D10,original,False
97,109.23418091,-0.44430072,15.9,0.443,TM,Healthy,,D010A,0.443,Normal,Moderate,Routine,D10,original,False
98,109.23411421,-0.44903109,15.86,0.418,TM,Healthy,,D010A,0.418,Abnormal,Sub-Optimal,Monitor,D10,original,False
99,109.23457556,-0.44489268,15.85,0.406,TM,Healthy,,D010A,0.406,Abnormal,Sub-Optimal,Monitor,D10,original,False
100,109.23425168,-0.44508929,15.83,0.481,TM,Healthy,,D010A,0.481,Healthy,Good,None,D10,original,False
101,109.23414967,-0.44909666,15.83,0.458,TM,Healthy,,D010A,0.458,Normal,Moderate,Routine,D10,original,False
102,109.23437693,-0.44913199,15.81,0.381,TM,Healthy,,D010A,0.381,Suspect,Critical,Priority Survey,D10,original,False
103,109.23404609,-0.4446285,15.72,0.43,TM,Healthy,,D010A,0.43,Normal,Moderate,Routine,D10,original,False
104,109.23425353,-0.44487814,15.69,0.456,TM,Healthy,,D010A,0.456,Normal,Moderate,Routine,D10,original,False
105,109.23463942,-0.44452103,15.64,0.429,TM,Healthy,,D010A,0.429,Abnormal,Sub-Optimal,Monitor,D10,original,False
106,109.23419368,-0.44910617,15.59,0.454,TM,Healthy,,D010A,0.454,Normal,Moderate,Routine,D10,original,False
107,109.2340374,-0.44906137,15.55,0.392,TM,Healthy,,D010A,0.392,Abnormal,Sub-Optimal,Monitor,D10,original,False
108,109.23400915,-0.44511093,15.53,0.35,TM,Suspect,Circle_5m,D010A,0.35,Suspect,Critical,Priority Survey,D10,original,False
109,109.23535109,-0.44919914,15.52,0.256,TM,Suspect,Circle_5m,D010A,0.256,Suspect,Critical,Priority Survey,D10,original,False
110,109.23399787,-0.44905051,15.49,0.43,TM,Healthy,,D010A,0.43,Normal,Moderate,Routine,D10,original,False
111,109.2339602,-0.44884522,15.34,0.406,TM,Healthy,,D010A,0.406,Abnormal,Sub-Optimal,Monitor,D10,original,False
112,109.23489717,-0.44854115,15.31,0.51,TM,Healthy,,D010A,0.51,Healthy,Good,None,D10,original,False
113,109.23404957,-0.44508879,15.24,0.41,TM,Healthy,,D010A,0.41,Abnormal,Sub-Optimal,Monitor,D10,original,False
114,109.2340163,-0.44901705,15.24,0.372,TM,Suspect,Circle_5m,D010A,0.372,Suspect,Critical,Priority Survey,D10,original,False
115,109.23456977,-0.44468062,15.16,0.421,TM,Healthy,,D010A,0.421,Abnormal,Sub-Optimal,Monitor,D10,original,False
116,109.23456475,-0.44502968,15.16,0.407,TM,Healthy,,D010A,0.407,Abnormal,Sub-Optimal,Monitor,D10,original,False
117,109.23407781,-0.44908127,15.13,0.498,TM,Healthy,,D010A,0.498,Healthy,Good,None,D10,original,False
118,109.23491781,-0.44483308,15.02,0.496,TM,Healthy,,D010A,0.496,Healthy,Good,None,D10,original,False
119,109.2343154,-0.44910575,14.9,0.4,TM,Healthy,,D010A,0.4,Abnormal,Sub-Optimal,Monitor,D10,original,False
120,109.23445469,-0.44885574,14.86,0.411,TM,Healthy,,D010A,0.411,Abnormal,Sub-Optimal,Monitor,D10,original,False
121,109.2337057,-0.44437883,14.67,0.473,TM,Healthy,,D010A,0.473,Healthy,Good,None,D10,original,False
122,109.23403993,-0.44410943,14.64,0.469,TM,Healthy,,D010A,0.469,Healthy,Good,None,D10,original,False
123,109.2338818,-0.44421293,14.63,0.494,TM,Healthy,,D010A,0.494,Healthy,Good,None,D10,original,False
124,109.23377751,-0.4446099,14.61,0.466,TM,Healthy,,D010A,0.466,Healthy,Good,None,D10,original,False
125,109.23405474,-0.44791563,14.59,0.496,TM,Healthy,,D010A,0.496,Healthy,Good,None,D10,original,False
126,109.23470664,-0.44515993,14.58,0.482,TM,Healthy,,D010A,0.482,Healthy,Good,None,D10,original,False
127,109.23499432,-0.44039525,14.55,0.481,TM,Healthy,,D010A,0.481,Healthy,Good,None,D10,original,False
128,109.2340343,-0.44885021,14.54,0.485,TM,Healthy,,D010A,0.485,Healthy,Good,None,D10,original,False
129,109.23481226,-0.44864287,14.54,0.444,TM,Healthy,,D010A,0.444,Normal,Moderate,Routine,D10,original,False
130,109.23563682,-0.44508058,14.52,0.499,TM,Healthy,,D010A,0.499,Healthy,Good,None,D10,original,False
131,109.23470997,-0.44437139,14.44,0.384,TM,Healthy,,D010A,0.384,Suspect,Critical,Priority Survey,D10,original,False
132,109.23398628,-0.44868517,14.4,0.42,TM,Healthy,,D010A,0.42,Abnormal,Sub-Optimal,Monitor,D10,original,False
133,109.23391533,-0.44678748,14.39,0.477,TM,Healthy,,D010A,0.477,Healthy,Good,None,D10,original,False
134,109.23552311,-0.4491707,14.37,0.389,TM,Healthy,,D010A,0.389,Suspect,Critical,Priority Survey,D10,original,False
135,109.2341732,-0.44461768,14.35,0.5,TM,Healthy,,D010A,0.5,Healthy,Good,None,D10,original,False
136,109.23379913,-0.44436303,14.32,0.413,TM,Healthy,,D010A,0.413,Abnormal,Sub-Optimal,Monitor,D10,original,False
137,109.23416009,-0.4449708,14.32,0.426,TM,Healthy,,D010A,0.426,Abnormal,Sub-Optimal,Monitor,D10,original,False
138,109.23432127,-0.44897417,14.32,0.461,TM,Healthy,,D010A,0.461,Healthy,Good,None,D10,original,False
139,109.23469828,-0.44442609,14.3,0.43,TM,Healthy,,D010A,0.43,Normal,Moderate,Routine,D10,original,False
140,109.2339249,-0.44429614,14.29,0.492,TM,Healthy,,D010A,0.492,Healthy,Good,None,D10,original,False
141,109.2349376,-0.44851494,14.28,0.483,TM,Healthy,,D010A,0.483,Healthy,Good,None,D10,original,False
142,109.23394065,-0.44417542,14.25,0.478,TM,Healthy,,D010A,0.478,Healthy,Good,None,D10,original,False
143,109.23377049,-0.4439059,14.2,0.561,TM,Healthy,,D010A,0.561,Healthy,Good,None,D10,original,False
144,109.23466989,-0.44861073,14.19,0.512,TM,Healthy,,D010A,0.512,Healthy,Good,None,D10,original,False
145,109.23397659,-0.44791063,14.18,0.429,TM,Healthy,,D010A,0.429,Abnormal,Sub-Optimal,Monitor,D10,original,False
146,109.23465028,-0.44232223,14.16,0.376,TM,Suspect,Circle_5m,D010A,0.376,Suspect,Critical,Priority Survey,D10,original,False
147,109.23485358,-0.4486171,14.16,0.436,TM,Healthy,,D010A,0.436,Normal,Moderate,Routine,D10,original,False
148,109.23433169,-0.44482209,14.14,0.448,TM,Healthy,,D010A,0.448,Normal,Moderate,Routine,D10,original,False
149,109.23407013,-0.44171983,14.14,0.478,TM,Healthy,,D010A,0.478,Healthy,Good,None,D10,original,False
150,109.23427753,-0.44406382,14.1,0.403,TM,Healthy,,D010A,0.403,Abnormal,Sub-Optimal,Monitor,D10,original,False
151,109.23475489,-0.44434562,14.08,0.365,TM,Suspect,Circle_5m,D010A,0.365,Suspect,Critical,Priority Survey,D10,original,False
152,109.23533272,-0.4490124,14.08,0.485,TM,Healthy,,D010A,0.485,Healthy,Good,None,D10,original,False
153,109.23404375,-0.44122246,14.03,0.439,TM,Healthy,,D010A,0.439,Normal,Moderate,Routine,D10,original,False
154,109.23405053,-0.44104929,14.01,0.433,TM,Healthy,,D010A,0.433,Normal,Moderate,Routine,D10,original,False
155,109.2340384,-0.44297815,13.93,0.484,TM,Healthy,,D010A,0.484,Healthy,Good,None,D10,original,False
156,109.23423777,-0.44505537,13.92,0.47,TM,Healthy,,D010A,0.47,Healthy,Good,None,D10,original,False
157,109.23433889,-0.44476964,13.91,0.441,TM,Healthy,,D010A,0.441,Normal,Moderate,Routine,D10,original,False
158,109.23396944,-0.44775645,13.91,0.483,TM,Healthy,,D010A,0.483,Healthy,Good,None,D10,original,False
159,109.23444455,-0.44808528,13.9,0.452,TM,Healthy,,D010A,0.452,Normal,Moderate,Routine,D10,original,False
160,109.23464977,-0.44445321,13.88,0.455,TM,Healthy,,D010A,0.455,Normal,Moderate,Routine,D10,original,False
161,109.23366042,-0.44406729,13.88,0.446,TM,Healthy,,D010A,0.446,Normal,Moderate,Routine,D10,original,False
162,109.23426329,-0.44159915,13.87,0.509,TM,Healthy,,D010A,0.509,Healthy,Good,None,D10,original,False
163,109.23431317,-0.44904697,13.86,0.503,TM,Healthy,,D010A,0.503,Healthy,Good,None,D10,original,False
164,109.23558855,-0.44219992,13.83,0.46,TM,Healthy,,D010A,0.46,Healthy,Good,None,D10,original,False
165,109.23411337,-0.44876206,13.8,0.373,TM,Suspect,Circle_5m,D010A,0.373,Suspect,Critical,Priority Survey,D10,original,False
166,109.23481037,-0.44338527,13.77,0.652,TM,Healthy,,D010A,0.652,Healthy,Good,None,D10,original,False
167,109.23509744,-0.44496018,13.74,0.383,TM,Healthy,,D010A,0.383,Suspect,Critical,Priority Survey,D10,original,False
168,109.2343807,-0.4446218,13.74,0.497,TM,Healthy,,D010A,0.497,Healthy,Good,None,D10,original,False
169,109.23513287,-0.44895447,13.7,0.419,TM,Healthy,,D010A,0.419,Abnormal,Sub-Optimal,Monitor,D10,original,False
170,109.2338888,-0.4412075,13.68,0.447,TM,Healthy,,D010A,0.447,Normal,Moderate,Routine,D10,original,False
171,109.2341374,-0.44784692,13.67,0.5,TM,Healthy,,D010A,0.5,Healthy,Good,None,D10,original,False
172,109.23421674,-0.44284481,13.63,0.414,TM,Healthy,,D010A,0.414,Abnormal,Sub-Optimal,Monitor,D10,original,False
173,109.23551512,-0.44502222,13.63,0.553,TM,Healthy,,D010A,0.553,Healthy,Good,None,D10,original,False
174,109.23475564,-0.44876358,13.61,0.448,TM,Healthy,,D010A,0.448,Normal,Moderate,Routine,D10,original,False
175,109.23381717,-0.44591029,13.61,0.556,TM,Healthy,,D010A,0.556,Healthy,Good,None,D10,original,False
176,109.23421001,-0.44280683,13.6,0.421,TM,Healthy,,D010A,0.421,Abnormal,Sub-Optimal,Monitor,D10,original,False
177,109.23417234,-0.44444089,13.57,0.406,TM,Healthy,,D010A,0.406,Abnormal,Sub-Optimal,Monitor,D10,original,False
178,109.23465454,-0.44517529,13.57,0.408,TM,Healthy,,D010A,0.408,Abnormal,Sub-Optimal,Monitor,D10,original,False
179,109.23429848,-0.44472758,13.57,0.453,TM,Healthy,,D010A,0.453,Normal,Moderate,Routine,D10,original,False
180,109.23562883,-0.44468992,13.55,0.339,TM,Suspect,Circle_5m,D010A,0.339,Suspect,Critical,Priority Survey,D10,original,False
181,109.23383885,-0.44163839,13.54,0.541,TM,Healthy,,D010A,0.541,Healthy,Good,None,D10,original,False
182,109.23416049,-0.44893163,13.52,0.479,TM,Healthy,,D010A,0.479,Healthy,Good,None,D10,original,False
183,109.23392333,-0.44335612,13.51,0.423,TM,Healthy,,D010A,0.423,Abnormal,Sub-Optimal,Monitor,D10,original,False
184,109.23378079,-0.44402572,13.5,0.408,TM,Healthy,,D010A,0.408,Abnormal,Sub-Optimal,Monitor,D10,original,False
185,109.23371351,-0.44364273,13.49,0.371,TM,Suspect,Circle_5m,D010A,0.371,Suspect,Critical,Priority Survey,D10,original,False
186,109.23369032,-0.44672503,13.47,0.412,TM,Healthy,,D010A,0.412,Abnormal,Sub-Optimal,Monitor,D10,original,False
187,109.23369546,-0.44403113,13.45,0.519,TM,Healthy,,D010A,0.519,Healthy,Good,None,D10,original,False
188,109.23421854,-0.444714,13.43,0.355,TM,Suspect,Circle_5m,D010A,0.355,Suspect,Critical,Priority Survey,D10,original,False
189,109.2347833,-0.4438867,13.42,0.474,TM,Healthy,,D010A,0.474,Healthy,Good,None,D10,original,False
190,109.234571,-0.44892314,13.41,0.464,TM,Healthy,,D010A,0.464,Healthy,Good,None,D10,original,False
191,109.23391739,-0.44377119,13.4,0.411,TM,Healthy,,D010A,0.411,Abnormal,Sub-Optimal,Monitor,D10,original,False
192,109.23379681,-0.44465647,13.38,0.524,TM,Healthy,,D010A,0.524,Healthy,Good,None,D10,original,False
193,109.23431657,-0.44419721,13.38,0.481,TM,Healthy,,D010A,0.481,Healthy,Good,None,D10,original,False
194,109.23372772,-0.44621637,13.36,0.541,TM,Healthy,,D010A,0.541,Healthy,Good,None,D10,original,False
195,109.23380927,-0.44328059,13.36,0.431,TM,Healthy,,D010A,0.431,Normal,Moderate,Routine,D10,original,False
196,109.23540186,-0.44912907,13.32,0.377,TM,Suspect,Circle_5m,D010A,0.377,Suspect,Critical,Priority Survey,D10,original,False
197,109.23410078,-0.44508518,13.31,0.449,TM,Healthy,,D010A,0.449,Normal,Moderate,Routine,D10,original,False
198,109.23378453,-0.44152534,13.3,0.473,TM,Healthy,,D010A,0.473,Healthy,Good,None,D10,original,False
199,109.23385581,-0.44588905,13.29,0.478,TM,Healthy,,D010A,0.478,Healthy,Good,None,D10,original,False
200,109.23416391,-0.4477999,13.28,0.506,TM,Healthy,,D010A,0.506,Healthy,Good,None,D10,original,False
201,109.23441782,-0.4490583,13.28,0.414,TM,Healthy,,D010A,0.414,Abnormal,Sub-Optimal,Monitor,D10,original,False
202,109.23479287,-0.44138496,13.28,0.483,TM,Healthy,,D010A,0.483,Healthy,Good,None,D10,original,False
203,109.23392828,-0.44331498,13.27,0.542,TM,Healthy,,D010A,0.542,Healthy,Good,None,D10,original,False
204,109.23389324,-0.44897452,13.25,0.552,TM,Healthy,,D010A,0.552,Healthy,Good,None,D10,original,False
205,109.23380584,-0.44065676,13.21,0.519,TM,Healthy,,D010A,0.519,Healthy,Good,None,D10,original,False
206,109.23449969,-0.44473893,13.2,0.45,TM,Healthy,,D010A,0.45,Normal,Moderate,Routine,D10,original,False
207,109.23509434,-0.44476214,13.2,0.454,TM,Healthy,,D010A,0.454,Normal,Moderate,Routine,D10,original,False
208,109.23575998,-0.44280585,13.19,0.446,TM,Healthy,,D010A,0.446,Normal,Moderate,Routine,D10,original,False
209,109.23390172,-0.44167096,13.19,0.398,TM,Healthy,,D010A,0.398,Abnormal,Sub-Optimal,Monitor,D10,original,False
210,109.23438102,-0.44515398,13.18,0.51,TM,Healthy,,D010A,0.51,Healthy,Good,None,D10,original,False
211,109.23375689,-0.44065947,13.16,0.601,TM,Healthy,,D010A,0.601,Healthy,Good,None,D10,original,False
212,109.23481758,-0.44135603,13.14,0.398,TM,Healthy,,D010A,0.398,Abnormal,Sub-Optimal,Monitor,D10,original,False
213,109.23410965,-0.44174878,13.14,0.494,TM,Healthy,,D010A,0.494,Healthy,Good,None,D10,original,False
214,109.23508635,-0.44436786,13.12,0.356,TM,Suspect,Circle_5m,D010A,0.356,Suspect,Critical,Priority Survey,D10,original,False
215,109.23369392,-0.44481515,13.12,0.454,TM,Healthy,,D010A,0.454,Normal,Moderate,Routine,D10,original,False
216,109.23527615,-0.4451447,13.1,0.504,TM,Healthy,,D010A,0.504,Healthy,Good,None,D10,original,False
217,109.23375292,-0.44603687,13.1,0.424,TM,Healthy,,D010A,0.424,Abnormal,Sub-Optimal,Monitor,D10,original,False
218,109.23438922,-0.44468827,13.09,0.453,TM,Healthy,,D010A,0.453,Normal,Moderate,Routine,D10,original,False
219,109.23454605,-0.44807581,13.08,0.499,TM,Healthy,,D010A,0.499,Healthy,Good,None,D10,original,False
220,109.23422346,-0.44479719,13.07,0.438,TM,Healthy,,D010A,0.438,Normal,Moderate,Routine,D10,original,False
221,109.23365496,-0.4424712,13.06,0.386,TM,Healthy,,D010A,0.386,Suspect,Critical,Priority Survey,D10,original,False
222,109.23509549,-0.44372988,13.06,0.502,TM,Healthy,,D010A,0.502,Healthy,Good,None,D10,original,False
223,109.23375956,-0.44073543,13.04,0.394,TM,Healthy,,D010A,0.394,Abnormal,Sub-Optimal,Monitor,D10,original,False
224,109.23515108,-0.44032521,13.04,0.444,TM,Healthy,,D010A,0.444,Normal,Moderate,Routine,D10,original,False
225,109.23392444,-0.44247036,13.02,0.468,TM,Healthy,,D010A,0.468,Healthy,Good,None,D10,original,False
226,109.23376084,-0.44482014,13.01,0.436,TM,Healthy,,D010A,0.436,Normal,Moderate,Routine,D10,original,False
227,109.23429223,-0.44267437,13.01,0.435,TM,Healthy,,D010A,0.435,Normal,Moderate,Routine,D10,original,False
228,109.23382961,-0.44082542,13.0,0.454,TM,Healthy,,D010A,0.454,Normal,Moderate,Routine,D10,original,False
229,109.23405721,-0.44127491,13.0,0.473,TM,Healthy,,D010A,0.473,Healthy,Good,None,D10,original,False
230,109.23558197,-0.44910696,13.0,0.392,TM,Healthy,,D010A,0.392,Abnormal,Sub-Optimal,Monitor,D10,original,False
231,109.23368486,-0.44327558,13.0,0.573,TM,Healthy,,D010A,0.573,Healthy,Good,None,D10,original,False
232,109.2341192,-0.44502686,12.99,0.495,TM,Healthy,,D010A,0.495,Healthy,Good,None,D10,original,False
233,109.23402175,-0.44310837,12.99,0.458,TM,Healthy,,D010A,0.458,Normal,Moderate,Routine,D10,original,False
234,109.23525952,-0.44898028,12.99,0.485,TM,Healthy,,D010A,0.485,Healthy,Good,None,D10,original,False
235,109.23497386,-0.44901728,12.97,0.435,TM,Healthy,,D010A,0.435,Normal,Moderate,Routine,D10,original,False
236,109.23386189,-0.44106416,12.95,0.417,TM,Healthy,,D010A,0.417,Abnormal,Sub-Optimal,Monitor,D10,original,False
237,109.23373633,-0.44404063,12.95,0.48,TM,Healthy,,D010A,0.48,Healthy,Good,None,D10,original,False
238,109.23419851,-0.44772938,12.94,0.414,TM,Healthy,,D010A,0.414,Abnormal,Sub-Optimal,Monitor,D10,original,False
239,109.23559637,-0.44331357,12.93,0.529,TM,Healthy,,D010A,0.529,Healthy,Good,None,D10,original,False
240,109.23378517,-0.44069655,12.92,0.496,TM,Healthy,,D010A,0.496,Healthy,Good,None,D10,original,False
241,109.23396484,-0.44446435,12.9,0.453,TM,Healthy,,D010A,0.453,Normal,Moderate,Routine,D10,original,False
242,109.23454074,-0.44588876,12.88,0.454,TM,Healthy,,D010A,0.454,Normal,Moderate,Routine,D10,original,False
243,109.23544545,-0.44901514,12.87,0.395,TM,Healthy,,D010A,0.395,Abnormal,Sub-Optimal,Monitor,D10,original,False
244,109.23497298,-0.44891058,12.87,0.466,TM,Healthy,,D010A,0.466,Healthy,Good,None,D10,original,False
245,109.23374713,-0.44395066,12.86,0.516,TM,Healthy,,D010A,0.516,Healthy,Good,None,D10,original,False
246,109.23419654,-0.44465205,12.85,0.472,TM,Healthy,,D010A,0.472,Healthy,Good,None,D10,original,False
247,109.23385886,-0.44058624,12.85,0.476,TM,Healthy,,D010A,0.476,Healthy,Good,None,D10,original,False
248,109.23376626,-0.44468992,12.84,0.474,TM,Healthy,,D010A,0.474,Healthy,Good,None,D10,original,False
249,109.23406528,-0.44134681,12.84,0.579,TM,Healthy,,D010A,0.579,Healthy,Good,None,D10,original,False
250,109.23573212,-0.44283658,12.82,0.392,TM,Healthy,,D010A,0.392,Abnormal,Sub-Optimal,Monitor,D10,original,False
251,109.23465505,-0.44869166,12.81,0.44,TM,Healthy,,D010A,0.44,Normal,Moderate,Routine,D10,original,False
252,109.23480953,-0.44313297,12.8,0.43,TM,Healthy,,D010A,0.43,Normal,Moderate,Routine,D10,original,False
253,109.23505304,-0.448439,12.75,0.457,TM,Healthy,,D010A,0.457,Normal,Moderate,Routine,D10,original,False
254,109.23461835,-0.44055749,12.74,0.505,TM,Healthy,,D010A,0.505,Healthy,Good,None,D10,original,False
255,109.2348145,-0.44487104,12.73,0.425,TM,Healthy,,D010A,0.425,Abnormal,Sub-Optimal,Monitor,D10,original,False
256,109.23422671,-0.44434324,12.73,0.516,TM,Healthy,,D010A,0.516,Healthy,Good,None,D10,original,False
257,109.23554704,-0.4410822,12.72,0.402,TM,Healthy,,D010A,0.402,Abnormal,Sub-Optimal,Monitor,D10,original,False
258,109.23570782,-0.44681143,12.71,0.485,TM,Healthy,,D010A,0.485,Healthy,Good,None,D10,original,False
259,109.23415828,-0.44502777,12.7,0.396,TM,Healthy,,D010A,0.396,Abnormal,Sub-Optimal,Monitor,D10,original,False
260,109.23409294,-0.44781255,12.7,0.456,TM,Healthy,,D010A,0.456,Normal,Moderate,Routine,D10,original,False
261,109.23443684,-0.44462724,12.7,0.561,TM,Healthy,,D010A,0.561,Healthy,Good,None,D10,original,False
262,109.23442515,-0.4446946,12.7,0.474,TM,Healthy,,D010A,0.474,Healthy,Good,None,D10,original,False
263,109.2353117,-0.44485804,12.69,0.394,TM,Healthy,,D010A,0.394,Abnormal,Sub-Optimal,Monitor,D10,original,False
264,109.2346344,-0.44109057,12.69,0.551,TM,Healthy,,D010A,0.551,Healthy,Good,None,D10,original,False
265,109.23413454,-0.44476914,12.69,0.431,TM,Healthy,,D010A,0.431,Normal,Moderate,Routine,D10,original,False
266,109.23458063,-0.44432885,12.67,0.371,TM,Suspect,Circle_5m,D010A,0.371,Suspect,Critical,Priority Survey,D10,original,False
267,109.23537359,-0.44898573,12.67,0.412,TM,Healthy,,D010A,0.412,Abnormal,Sub-Optimal,Monitor,D10,original,False
268,109.23370971,-0.44643114,12.67,0.429,TM,Healthy,,D010A,0.429,Abnormal,Sub-Optimal,Monitor,D10,original,False
269,109.23533193,-0.44479972,12.67,0.415,TM,Healthy,,D010A,0.415,Abnormal,Sub-Optimal,Monitor,D10,original,False
270,109.23379908,-0.44076211,12.66,0.479,TM,Healthy,,D010A,0.479,Healthy,Good,None,D10,original,False
271,109.23402446,-0.4486906,12.64,0.417,TM,Healthy,,D010A,0.417,Abnormal,Sub-Optimal,Monitor,D10,original,False
272,109.23467838,-0.44877667,12.62,0.408,TM,Healthy,,D010A,0.408,Abnormal,Sub-Optimal,Monitor,D10,original,False
273,109.23473375,-0.44447946,12.61,0.54,TM,Healthy,,D010A,0.54,Healthy,Good,None,D10,original,False
274,109.23418284,-0.4418234,12.61,0.452,TM,Healthy,,D010A,0.452,Normal,Moderate,Routine,D10,original,False
275,109.23534874,-0.44772965,12.6,0.449,TM,Healthy,,D010A,0.449,Normal,Moderate,Routine,D10,original,False
276,109.23427453,-0.44154716,12.6,0.569,TM,Healthy,,D010A,0.569,Healthy,Good,None,D10,original,False
277,109.23463876,-0.44352675,12.6,0.562,TM,Healthy,,D010A,0.562,Healthy,Good,None,D10,original,False
278,109.23375613,-0.44385119,12.59,0.515,TM,Healthy,,D010A,0.515,Healthy,Good,None,D10,original,False
279,109.2344599,-0.44588105,12.59,0.51,TM,Healthy,,D010A,0.51,Healthy,Good,None,D10,original,False
280,109.23493571,-0.4488961,12.59,0.408,TM,Healthy,,D010A,0.408,Abnormal,Sub-Optimal,Monitor,D10,original,False
281,109.23409498,-0.44489664,12.58,0.402,TM,Healthy,,D010A,0.402,Abnormal,Sub-Optimal,Monitor,D10,original,False
282,109.2342796,-0.44480489,12.57,0.547,TM,Healthy,,D010A,0.547,Healthy,Good,None,D10,original,False
283,109.23367271,-0.4471505,12.57,0.315,TM,Suspect,Circle_5m,D010A,0.315,Suspect,Critical,Priority Survey,D10,original,False
284,109.2336812,-0.44353421,12.55,0.64,TM,Healthy,,D010A,0.64,Healthy,Good,None,D10,original,False
285,109.23473563,-0.44033958,12.52,0.509,TM,Healthy,,D010A,0.509,Healthy,Good,None,D10,original,False
286,109.23541653,-0.44028955,12.51,0.435,TM,Healthy,,D010A,0.435,Normal,Moderate,Routine,D10,original,False
287,109.23493656,-0.44910409,12.51,0.43,TM,Healthy,,D010A,0.43,Normal,Moderate,Routine,D10,original,False
288,109.2356432,-0.44281305,12.51,0.467,TM,Healthy,,D010A,0.467,Healthy,Good,None,D10,original,False
289,109.23432425,-0.44211823,12.51,0.397,TM,Healthy,,D010A,0.397,Abnormal,Sub-Optimal,Monitor,D10,original,False
290,109.23444662,-0.44506085,12.5,0.424,TM,Healthy,,D010A,0.424,Abnormal,Sub-Optimal,Monitor,D10,original,False
291,109.23420203,-0.4423705,12.49,0.512,TM,Healthy,,D010A,0.512,Healthy,Good,None,D10,original,False
292,109.23371366,-0.44867606,12.47,0.422,TM,Healthy,,D010A,0.422,Abnormal,Sub-Optimal,Monitor,D10,original,False
293,109.23451228,-0.44468242,12.46,0.432,TM,Healthy,,D010A,0.432,Normal,Moderate,Routine,D10,original,False
294,109.23429776,-0.44208432,12.45,0.454,TM,Healthy,,D010A,0.454,Normal,Moderate,Routine,D10,original,False
295,109.23461834,-0.44630114,12.45,0.59,TM,Healthy,,D010A,0.59,Healthy,Good,None,D10,original,False
296,109.23373078,-0.44470438,12.44,0.47,TM,Healthy,,D010A,0.47,Healthy,Good,None,D10,original,False
297,109.23444641,-0.44591586,12.43,0.485,TM,Healthy,,D010A,0.485,Healthy,Good,None,D10,original,False
298,109.23463416,-0.44587431,12.43,0.495,TM,Healthy,,D010A,0.495,Healthy,Good,None,D10,original,False
299,109.2336647,-0.44112877,12.43,0.498,TM,Healthy,,D010A,0.498,Healthy,Good,None,D10,original,False
300,109.23464504,-0.44356338,12.43,0.474,TM,Healthy,,D010A,0.474,Healthy,Good,None,D10,original,False
301,109.23425441,-0.44496811,12.43,0.428,TM,Healthy,,D010A,0.428,Abnormal,Sub-Optimal,Monitor,D10,original,False
302,109.23385962,-0.44870367,12.43,0.43,TM,Healthy,,D010A,0.43,Normal,Moderate,Routine,D10,original,False
303,109.23367204,-0.44428116,12.4,0.535,TM,Healthy,,D010A,0.535,Healthy,Good,None,D10,original,False
304,109.23432898,-0.44111537,12.39,0.446,TM,Healthy,,D010A,0.446,Normal,Moderate,Routine,D10,original,False
305,109.2337511,-0.4423392,12.39,0.476,TM,Healthy,,D010A,0.476,Healthy,Good,None,D10,original,False
306,109.23475203,-0.44126604,12.39,0.508,TM,Healthy,,D010A,0.508,Healthy,Good,None,D10,original,False
307,109.23495003,-0.44346805,12.38,0.444,TM,Healthy,,D010A,0.444,Normal,Moderate,Routine,D10,original,False
308,109.23484584,-0.44340065,12.38,0.377,TM,Suspect,Circle_5m,D010A,0.377,Suspect,Critical,Priority Survey,D10,original,False
309,109.23368343,-0.44361831,12.37,0.481,TM,Healthy,,D010A,0.481,Healthy,Good,None,D10,original,False
310,109.23450258,-0.44582454,12.35,0.482,TM,Healthy,,D010A,0.482,Healthy,Good,None,D10,original,False
311,109.23419642,-0.44140471,12.35,0.538,TM,Healthy,,D010A,0.538,Healthy,Good,None,D10,original,False
312,109.23456895,-0.44056968,12.35,0.446,TM,Healthy,,D010A,0.446,Normal,Moderate,Routine,D10,original,False
313,109.23402059,-0.44042125,12.34,0.564,TM,Healthy,,D010A,0.564,Healthy,Good,None,D10,original,False
314,109.23423288,-0.44296916,12.33,0.468,TM,Healthy,,D010A,0.468,Healthy,Good,None,D10,original,False
315,109.23393251,-0.44442998,12.32,0.534,TM,Healthy,,D010A,0.534,Healthy,Good,None,D10,original,False
316,109.23433035,-0.44101906,12.31,0.423,TM,Healthy,,D010A,0.423,Abnormal,Sub-Optimal,Monitor,D10,original,False
317,109.23530488,-0.44897305,12.31,0.415,TM,Healthy,,D010A,0.415,Abnormal,Sub-Optimal,Monitor,D10,original,False
318,109.23542348,-0.44321089,12.3,0.417,TM,Healthy,,D010A,0.417,Abnormal,Sub-Optimal,Monitor,D10,original,False
319,109.23568076,-0.44916847,12.29,0.439,TM,Healthy,,D010A,0.439,Normal,Moderate,Routine,D10,original,False
320,109.23478578,-0.44099973,12.29,0.457,TM,Healthy,,D010A,0.457,Normal,Moderate,Routine,D10,original,False
321,109.23373779,-0.44356768,12.28,0.554,TM,Healthy,,D010A,0.554,Healthy,Good,None,D10,original,False
322,109.23408898,-0.44181298,12.27,0.467,TM,Healthy,,D010A,0.467,Healthy,Good,None,D10,original,False
323,109.23581924,-0.44856398,12.27,0.447,TM,Healthy,,D010A,0.447,Normal,Moderate,Routine,D10,original,False
324,109.23381249,-0.44102934,12.27,0.497,TM,Healthy,,D010A,0.497,Healthy,Good,None,D10,original,False
325,109.23368195,-0.44417852,12.26,0.46,TM,Healthy,,D010A,0.46,Healthy,Good,None,D10,original,False
326,109.23574934,-0.44029641,12.26,0.547,TM,Healthy,,D010A,0.547,Healthy,Good,None,D10,original,False
327,109.23397328,-0.44103932,12.25,0.451,TM,Healthy,,D010A,0.451,Normal,Moderate,Routine,D10,original,False
328,109.23418714,-0.44455212,12.24,0.446,TM,Healthy,,D010A,0.446,Normal,Moderate,Routine,D10,original,False
329,109.23396577,-0.44051076,12.24,0.459,TM,Healthy,,D010A,0.459,Normal,Moderate,Routine,D10,original,False
330,109.23367463,-0.44663233,12.23,0.362,TM,Suspect,Circle_5m,D010A,0.362,Suspect,Critical,Priority Survey,D10,original,False
331,109.23549153,-0.4441134,12.23,0.52,TM,Healthy,,D010A,0.52,Healthy,Good,None,D10,original,False
332,109.2337726,-0.4426019,12.23,0.442,TM,Healthy,,D010A,0.442,Normal,Moderate,Routine,D10,original,False
333,109.23365673,-0.44443896,12.22,0.454,TM,Healthy,,D010A,0.454,Normal,Moderate,Routine,D10,original,False
334,109.23551688,-0.44893965,12.22,0.443,TM,Healthy,,D010A,0.443,Normal,Moderate,Routine,D10,original,False
335,109.23508763,-0.44277177,12.22,0.467,TM,Healthy,,D010A,0.467,Healthy,Good,None,D10,original,False
336,109.23405516,-0.44425005,12.22,0.484,TM,Healthy,,D010A,0.484,Healthy,Good,None,D10,original,False
337,109.23417889,-0.4414454,12.21,0.505,TM,Healthy,,D010A,0.505,Healthy,Good,None,D10,original,False
338,109.23382708,-0.44390727,12.21,0.45,TM,Healthy,,D010A,0.45,Normal,Moderate,Routine,D10,original,False
339,109.23568811,-0.44093619,12.2,0.404,TM,Healthy,,D010A,0.404,Abnormal,Sub-Optimal,Monitor,D10,original,False
340,109.23436243,-0.44212096,12.2,0.441,TM,Healthy,,D010A,0.441,Normal,Moderate,Routine,D10,original,False
341,109.2357009,-0.44757737,12.19,0.408,TM,Healthy,,D010A,0.408,Abnormal,Sub-Optimal,Monitor,D10,original,False
342,109.23400119,-0.44457604,12.19,0.417,TM,Healthy,,D010A,0.417,Abnormal,Sub-Optimal,Monitor,D10,original,False
343,109.23510144,-0.44512793,12.18,0.467,TM,Healthy,,D010A,0.467,Healthy,Good,None,D10,original,False
344,109.23377687,-0.44163249,12.18,0.399,TM,Healthy,,D010A,0.399,Abnormal,Sub-Optimal,Monitor,D10,original,False
345,109.23558133,-0.44044196,12.17,0.415,TM,Healthy,,D010A,0.415,Abnormal,Sub-Optimal,Monitor,D10,original,False
346,109.23366475,-0.44472426,12.16,0.467,TM,Healthy,,D010A,0.467,Healthy,Good,None,D10,original,False
347,109.23397207,-0.44045515,12.16,0.529,TM,Healthy,,D010A,0.529,Healthy,Good,None,D10,original,False
348,109.23434824,-0.44512684,12.15,0.462,TM,Healthy,,D010A,0.462,Healthy,Good,None,D10,original,False
349,109.23488316,-0.44890196,12.15,0.489,TM,Healthy,,D010A,0.489,Healthy,Good,None,D10,original,False
350,109.23367858,-0.44321997,12.15,0.505,TM,Healthy,,D010A,0.505,Healthy,Good,None,D10,original,False
351,109.23546616,-0.44504527,12.15,0.425,TM,Healthy,,D010A,0.425,Abnormal,Sub-Optimal,Monitor,D10,original,False
352,109.23382166,-0.44026837,12.15,0.419,TM,Healthy,,D010A,0.419,Abnormal,Sub-Optimal,Monitor,D10,original,False
353,109.23421543,-0.44266712,12.14,0.43,TM,Healthy,,D010A,0.43,Normal,Moderate,Routine,D10,original,False
354,109.2354046,-0.44135753,12.13,0.485,TM,Healthy,,D010A,0.485,Healthy,Good,None,D10,original,False
355,109.23390748,-0.44388061,12.13,0.555,TM,Healthy,,D010A,0.555,Healthy,Good,None,D10,original,False
356,109.2357154,-0.44135986,12.12,0.493,TM,Healthy,,D010A,0.493,Healthy,Good,None,D10,original,False
357,109.23364124,-0.44350752,12.12,0.478,TM,Healthy,,D010A,0.478,Healthy,Good,None,D10,original,False
358,109.2354987,-0.44039809,12.12,0.409,TM,Healthy,,D010A,0.409,Abnormal,Sub-Optimal,Monitor,D10,original,False
359,109.23414075,-0.44885883,12.1,0.534,TM,Healthy,,D010A,0.534,Healthy,Good,None,D10,original,False
360,109.23487277,-0.44349335,12.1,0.381,TM,Healthy,,D010A,0.381,Suspect,Critical,Priority Survey,D10,original,False
361,109.23380778,-0.44384984,12.1,0.477,TM,Healthy,,D010A,0.477,Healthy,Good,None,D10,original,False
362,109.23423926,-0.44823037,12.08,0.458,TM,Healthy,,D010A,0.458,Normal,Moderate,Routine,D10,original,False
363,109.23381099,-0.44167365,12.07,0.419,TM,Healthy,,D010A,0.419,Abnormal,Sub-Optimal,Monitor,D10,original,False
364,109.2337064,-0.44897493,12.07,0.487,TM,Healthy,,D010A,0.487,Healthy,Good,None,D10,original,False
365,109.23377466,-0.44902423,12.07,0.452,TM,Healthy,,D010A,0.452,Normal,Moderate,Routine,D10,original,False
366,109.23582527,-0.44776639,12.05,0.359,TM,Suspect,Circle_5m,D010A,0.359,Suspect,Critical,Priority Survey,D10,original,False
367,109.23380414,-0.44596228,12.05,0.503,TM,Healthy,,D010A,0.503,Healthy,Good,None,D10,original,False
368,109.23570647,-0.44117448,12.04,0.481,TM,Healthy,,D010A,0.481,Healthy,Good,None,D10,original,False
369,109.23442558,-0.44475293,12.03,0.568,TM,Healthy,,D010A,0.568,Healthy,Good,None,D10,original,False
370,109.23378036,-0.44205932,12.03,0.359,TM,Suspect,Circle_5m,D010A,0.359,Suspect,Critical,Priority Survey,D10,original,False
371,109.23399986,-0.44449013,12.02,0.527,TM,Healthy,,D010A,0.527,Healthy,Good,None,D10,original,False
372,109.23401157,-0.44056051,12.02,0.449,TM,Healthy,,D010A,0.449,Normal,Moderate,Routine,D10,original,False
373,109.2338968,-0.44156561,12.01,0.436,TM,Healthy,,D010A,0.436,Normal,Moderate,Routine,D10,original,False
374,109.23375769,-0.44107996,12.01,0.621,TM,Healthy,,D010A,0.621,Healthy,Good,None,D10,original,False
375,109.23471042,-0.44248638,12.01,0.471,TM,Healthy,,D010A,0.471,Healthy,Good,None,D10,original,False
376,109.2340253,-0.44138342,12.0,0.452,TM,Healthy,,D010A,0.452,Normal,Moderate,Routine,D10,original,False
377,109.23456691,-0.44914876,12.0,0.412,TM,Healthy,,D010A,0.412,Abnormal,Sub-Optimal,Monitor,D10,original,False
378,109.23435609,-0.4442352,12.0,0.559,TM,Healthy,,D010A,0.559,Healthy,Good,None,D10,original,False
379,109.23404615,-0.44057137,12.0,0.486,TM,Healthy,,D010A,0.486,Healthy,Good,None,D10,original,False
380,109.23368846,-0.44700898,12.0,0.396,TM,Healthy,,D010A,0.396,Abnormal,Sub-Optimal,Monitor,D10,original,False
381,109.23512918,-0.44366885,11.99,0.466,TM,Healthy,,D010A,0.466,Healthy,Good,None,D10,original,False
382,109.23523034,-0.44513564,11.98,0.499,TM,Healthy,,D010A,0.499,Healthy,Good,None,D10,original,False
383,109.23454459,-0.44479998,11.98,0.394,TM,Healthy,,D010A,0.394,Abnormal,Sub-Optimal,Monitor,D10,original,False
384,109.23424249,-0.44411038,11.97,0.453,TM,Healthy,,D010A,0.453,Normal,Moderate,Routine,D10,original,False
385,109.23535249,-0.44329271,11.97,0.421,TM,Healthy,,D010A,0.421,Abnormal,Sub-Optimal,Monitor,D10,original,False
386,109.23457572,-0.44040329,11.95,0.438,TM,Healthy,,D010A,0.438,Normal,Moderate,Routine,D10,original,False
387,109.23374591,-0.44905045,11.95,0.435,TM,Healthy,,D010A,0.435,Normal,Moderate,Routine,D10,original,False
388,109.2336998,-0.44652382,11.94,0.434,TM,Healthy,,D010A,0.434,Normal,Moderate,Routine,D10,original,False
389,109.23400938,-0.44788396,11.94,0.485,TM,Healthy,,D010A,0.485,Healthy,Good,None,D10,original,False
390,109.23564894,-0.44131011,11.94,0.378,TM,Suspect,Circle_5m,D010A,0.378,Suspect,Critical,Priority Survey,D10,original,False
391,109.23492606,-0.44416209,11.94,0.5,TM,Healthy,,D010A,0.5,Healthy,Good,None,D10,original,False
392,109.23453092,-0.44374286,11.93,0.505,TM,Healthy,,D010A,0.505,Healthy,Good,None,D10,original,False
393,109.23423079,-0.44794913,11.93,0.426,TM,Healthy,,D010A,0.426,Abnormal,Sub-Optimal,Monitor,D10,original,False
394,109.23568777,-0.44047364,11.92,0.477,TM,Healthy,,D010A,0.477,Healthy,Good,None,D10,original,False
395,109.23394994,-0.44853324,11.92,0.444,TM,Healthy,,D010A,0.444,Normal,Moderate,Routine,D10,original,False
396,109.23416152,-0.44273131,11.91,0.398,TM,Healthy,,D010A,0.398,Abnormal,Sub-Optimal,Monitor,D10,original,False
397,109.2336439,-0.4417568,11.89,0.415,TM,Healthy,,D010A,0.415,Abnormal,Sub-Optimal,Monitor,D10,original,False
398,109.23426558,-0.44142643,11.88,0.506,TM,Healthy,,D010A,0.506,Healthy,Good,None,D10,original,False
399,109.23458829,-0.44044263,11.88,0.474,TM,Healthy,,D010A,0.474,Healthy,Good,None,D10,original,False
400,109.23412666,-0.44197802,11.88,0.433,TM,Healthy,,D010A,0.433,Normal,Moderate,Routine,D10,original,False
401,109.23409554,-0.44442459,11.86,0.493,TM,Healthy,,D010A,0.493,Healthy,Good,None,D10,original,False
402,109.23465878,-0.44433204,11.85,0.412,TM,Healthy,,D010A,0.412,Abnormal,Sub-Optimal,Monitor,D10,original,False
403,109.23479514,-0.44318225,11.84,0.44,TM,Healthy,,D010A,0.44,Normal,Moderate,Routine,D10,original,False
404,109.23385888,-0.44431376,11.83,0.336,TM,Suspect,Circle_5m,D010A,0.336,Suspect,Critical,Priority Survey,D10,original,False
405,109.23486964,-0.4490679,11.83,0.503,TM,Healthy,,D010A,0.503,Healthy,Good,None,D10,original,False
406,109.2349869,-0.44895444,11.83,0.416,TM,Healthy,,D010A,0.416,Abnormal,Sub-Optimal,Monitor,D10,original,False
407,109.23377906,-0.44376619,11.82,0.368,TM,Suspect,Circle_5m,D010A,0.368,Suspect,Critical,Priority Survey,D10,original,False
408,109.23382137,-0.44527411,11.81,0.465,TM,Healthy,,D010A,0.465,Healthy,Good,None,D10,original,False
409,109.23380727,-0.44600433,11.81,0.462,TM,Healthy,,D010A,0.462,Healthy,Good,None,D10,original,False
410,109.23578058,-0.44492734,11.8,0.403,TM,Healthy,,D010A,0.403,Abnormal,Sub-Optimal,Monitor,D10,original,False
411,109.23540052,-0.44908431,11.8,0.407,TM,Healthy,,D010A,0.407,Abnormal,Sub-Optimal,Monitor,D10,original,False
412,109.2338136,-0.44395519,11.8,0.417,TM,Healthy,,D010A,0.417,Abnormal,Sub-Optimal,Monitor,D10,original,False
413,109.2341141,-0.44194139,11.79,0.429,TM,Healthy,,D010A,0.429,Abnormal,Sub-Optimal,Monitor,D10,original,False
414,109.23399634,-0.44230987,11.78,0.527,TM,Healthy,,D010A,0.527,Healthy,Good,None,D10,original,False
415,109.23579069,-0.44773654,11.78,0.431,TM,Healthy,,D010A,0.431,Normal,Moderate,Routine,D10,original,False
416,109.23421138,-0.44270374,11.78,0.475,TM,Healthy,,D010A,0.475,Healthy,Good,None,D10,original,False
417,109.23518465,-0.44081399,11.78,0.432,TM,Healthy,,D010A,0.432,Normal,Moderate,Routine,D10,original,False
418,109.2342628,-0.44743233,11.77,0.518,TM,Healthy,,D010A,0.518,Healthy,Good,None,D10,original,False
419,109.23415922,-0.44861467,11.77,0.445,TM,Healthy,,D010A,0.445,Normal,Moderate,Routine,D10,original,False
420,109.23572846,-0.44692899,11.77,0.4,TM,Healthy,,D010A,0.4,Abnormal,Sub-Optimal,Monitor,D10,original,False
421,109.23389045,-0.44374315,11.77,0.507,TM,Healthy,,D010A,0.507,Healthy,Good,None,D10,original,False
422,109.23423009,-0.44143727,11.77,0.546,TM,Healthy,,D010A,0.546,Healthy,Good,None,D10,original,False
423,109.23560889,-0.4454441,11.76,0.415,TM,Healthy,,D010A,0.415,Abnormal,Sub-Optimal,Monitor,D10,original,False
424,109.23368353,-0.44126894,11.76,0.421,TM,Healthy,,D010A,0.421,Abnormal,Sub-Optimal,Monitor,D10,original,False
425,109.23524465,-0.44916746,11.76,0.394,TM,Healthy,,D010A,0.394,Abnormal,Sub-Optimal,Monitor,D10,original,False
426,109.23415202,-0.44865175,11.75,0.421,TM,Healthy,,D010A,0.421,Abnormal,Sub-Optimal,Monitor,D10,original,False
427,109.23500891,-0.44891375,11.75,0.59,TM,Healthy,,D010A,0.59,Healthy,Good,None,D10,original,False
428,109.23404517,-0.44094032,11.75,0.476,TM,Healthy,,D010A,0.476,Healthy,Good,None,D10,original,False
429,109.2343338,-0.44163082,11.75,0.501,TM,Healthy,,D010A,0.501,Healthy,Good,None,D10,original,False
430,109.2352427,-0.44791772,11.75,0.496,TM,Healthy,,D010A,0.496,Healthy,Good,None,D10,original,False
431,109.23377427,-0.44313001,11.75,0.457,TM,Healthy,,D010A,0.457,Normal,Moderate,Routine,D10,original,False
432,109.23384896,-0.44446206,11.75,0.492,TM,Healthy,,D010A,0.492,Healthy,Good,None,D10,original,False
433,109.23514648,-0.44079499,11.74,0.462,TM,Healthy,,D010A,0.462,Healthy,Good,None,D10,original,False
434,109.23494829,-0.44885948,11.73,0.4,TM,Healthy,,D010A,0.4,Abnormal,Sub-Optimal,Monitor,D10,original,False
435,109.23372807,-0.44665179,11.73,0.459,TM,Healthy,,D010A,0.459,Normal,Moderate,Routine,D10,original,False
436,109.23397169,-0.4439706,11.73,0.53,TM,Healthy,,D010A,0.53,Healthy,Good,None,D10,original,False
437,109.23373252,-0.44306354,11.73,0.363,TM,Suspect,Circle_5m,D010A,0.363,Suspect,Critical,Priority Survey,D10,original,False
438,109.23507854,-0.448888,11.72,0.523,TM,Healthy,,D010A,0.523,Healthy,Good,None,D10,original,False
439,109.23393628,-0.44176411,11.72,0.46,TM,Healthy,,D010A,0.46,Healthy,Good,None,D10,original,False
440,109.23369425,-0.44908841,11.71,0.378,TM,Suspect,Circle_5m,D010A,0.378,Suspect,Critical,Priority Survey,D10,original,False
441,109.23404092,-0.44179036,11.71,0.399,TM,Healthy,,D010A,0.399,Abnormal,Sub-Optimal,Monitor,D10,original,False
442,109.23431503,-0.44499887,11.71,0.474,TM,Healthy,,D010A,0.474,Healthy,Good,None,D10,original,False
443,109.233748,-0.44216376,11.71,0.439,TM,Healthy,,D010A,0.439,Normal,Moderate,Routine,D10,original,False
444,109.23397731,-0.44297814,11.71,0.526,TM,Healthy,,D010A,0.526,Healthy,Good,None,D10,original,False
445,109.23445603,-0.44515716,11.7,0.442,TM,Healthy,,D010A,0.442,Normal,Moderate,Routine,D10,original,False
446,109.23474746,-0.44350146,11.7,0.481,TM,Healthy,,D010A,0.481,Healthy,Good,None,D10,original,False
447,109.2337617,-0.44686973,11.7,0.339,TM,Suspect,Circle_5m,D010A,0.339,Suspect,Critical,Priority Survey,D10,original,False
448,109.23374741,-0.44274839,11.68,0.447,TM,Healthy,,D010A,0.447,Normal,Moderate,Routine,D10,original,False
449,109.23416159,-0.44434322,11.67,0.481,TM,Healthy,,D010A,0.481,Healthy,Good,None,D10,original,False
450,109.23372078,-0.4470854,11.67,0.472,TM,Healthy,,D010A,0.472,Healthy,Good,None,D10,original,False
451,109.23377247,-0.44504758,11.66,0.481,TM,Healthy,,D010A,0.481,Healthy,Good,None,D10,original,False
452,109.23440276,-0.44251388,11.66,0.493,TM,Healthy,,D010A,0.493,Healthy,Good,None,D10,original,False
453,109.23397794,-0.44033261,11.66,0.438,TM,Healthy,,D010A,0.438,Normal,Moderate,Routine,D10,original,False
454,109.23462263,-0.44903393,11.66,0.335,TM,Suspect,Circle_5m,D010A,0.335,Suspect,Critical,Priority Survey,D10,original,False
455,109.23566245,-0.44119346,11.65,0.514,TM,Healthy,,D010A,0.514,Healthy,Good,None,D10,original,False
456,109.23553211,-0.44909564,11.65,0.507,TM,Healthy,,D010A,0.507,Healthy,Good,None,D10,original,False
457,109.23408039,-0.44205307,11.65,0.416,TM,Healthy,,D010A,0.416,Abnormal,Sub-Optimal,Monitor,D10,original,False
458,109.23412369,-0.44124509,11.64,0.406,TM,Healthy,,D010A,0.406,Abnormal,Sub-Optimal,Monitor,D10,original,False
459,109.23417624,-0.44126545,11.64,0.401,TM,Healthy,,D010A,0.401,Abnormal,Sub-Optimal,Monitor,D10,original,False
460,109.23541639,-0.44088865,11.64,0.487,TM,Healthy,,D010A,0.487,Healthy,Good,None,D10,original,False
461,109.23576484,-0.44691272,11.64,0.432,TM,Healthy,,D010A,0.432,Normal,Moderate,Routine,D10,original,False
462,109.23379099,-0.4464922,11.63,0.489,TM,Healthy,,D010A,0.489,Healthy,Good,None,D10,original,False
463,109.23462812,-0.44104038,11.63,0.444,TM,Healthy,,D010A,0.444,Normal,Moderate,Routine,D10,original,False
464,109.23402547,-0.44254816,11.62,0.462,TM,Healthy,,D010A,0.462,Healthy,Good,None,D10,original,False
465,109.23570452,-0.44372234,11.61,0.452,TM,Healthy,,D010A,0.452,Normal,Moderate,Routine,D10,original,False
466,109.2339441,-0.44477361,11.61,0.542,TM,Healthy,,D010A,0.542,Healthy,Good,None,D10,original,False
467,109.23407881,-0.44867027,11.61,0.435,TM,Healthy,,D010A,0.435,Normal,Moderate,Routine,D10,original,False
468,109.23436405,-0.44097024,11.6,0.42,TM,Healthy,,D010A,0.42,Abnormal,Sub-Optimal,Monitor,D10,original,False
469,109.23560467,-0.44805888,11.6,0.411,TM,Healthy,,D010A,0.411,Abnormal,Sub-Optimal,Monitor,D10,original,False
470,109.23421104,-0.44789713,11.6,0.459,TM,Healthy,,D010A,0.459,Normal,Moderate,Routine,D10,original,False
471,109.23501532,-0.44276949,11.6,0.423,TM,Healthy,,D010A,0.423,Abnormal,Sub-Optimal,Monitor,D10,original,False
472,109.2355701,-0.44423324,11.59,0.525,TM,Healthy,,D010A,0.525,Healthy,Good,None,D10,original,False
473,109.23386619,-0.44378294,11.59,0.404,TM,Healthy,,D010A,0.404,Abnormal,Sub-Optimal,Monitor,D10,original,False
474,109.23424918,-0.44618801,11.59,0.405,TM,Healthy,,D010A,0.405,Abnormal,Sub-Optimal,Monitor,D10,original,False
475,109.23557194,-0.44407091,11.58,0.366,TM,Suspect,Circle_5m,D010A,0.366,Suspect,Critical,Priority Survey,D10,original,False
476,109.23419599,-0.44509425,11.57,0.482,TM,Healthy,,D010A,0.482,Healthy,Good,None,D10,original,False
477,109.23443468,-0.44426733,11.57,0.578,TM,Healthy,,D010A,0.578,Healthy,Good,None,D10,original,False
478,109.23539931,-0.44093341,11.56,0.546,TM,Healthy,,D010A,0.546,Healthy,Good,None,D10,original,False
479,109.23367875,-0.4463095,11.56,0.401,TM,Healthy,,D010A,0.401,Abnormal,Sub-Optimal,Monitor,D10,original,False
480,109.23372079,-0.44327514,11.56,0.435,TM,Healthy,,D010A,0.435,Normal,Moderate,Routine,D10,original,False
481,109.23464337,-0.44113263,11.54,0.41,TM,Healthy,,D010A,0.41,Abnormal,Sub-Optimal,Monitor,D10,original,False
482,109.23417643,-0.44046424,11.54,0.415,TM,Healthy,,D010A,0.415,Abnormal,Sub-Optimal,Monitor,D10,original,False
483,109.23571961,-0.44256167,11.54,0.502,TM,Healthy,,D010A,0.502,Healthy,Good,None,D10,original,False
484,109.23520756,-0.44272704,11.54,0.519,TM,Healthy,,D010A,0.519,Healthy,Good,None,D10,original,False
485,109.23476827,-0.44850676,11.53,0.416,TM,Healthy,,D010A,0.416,Abnormal,Sub-Optimal,Monitor,D10,original,False
486,109.23469142,-0.44305111,11.52,0.554,TM,Healthy,,D010A,0.554,Healthy,Good,None,D10,original,False
487,109.23422987,-0.44803684,11.52,0.413,TM,Healthy,,D010A,0.413,Abnormal,Sub-Optimal,Monitor,D10,original,False
488,109.23575868,-0.4426078,11.51,0.411,TM,Healthy,,D010A,0.411,Abnormal,Sub-Optimal,Monitor,D10,original,False
489,109.23473725,-0.44109602,11.51,0.46,TM,Healthy,,D010A,0.46,Healthy,Good,None,D10,original,False
490,109.2336946,-0.44385388,11.51,0.522,TM,Healthy,,D010A,0.522,Healthy,Good,None,D10,original,False
491,109.23549712,-0.44329184,11.51,0.416,TM,Healthy,,D010A,0.416,Abnormal,Sub-Optimal,Monitor,D10,original,False
492,109.23440188,-0.44806311,11.5,0.469,TM,Healthy,,D010A,0.469,Healthy,Good,None,D10,original,False
493,109.23460336,-0.44317995,11.5,0.416,TM,Healthy,,D010A,0.416,Abnormal,Sub-Optimal,Monitor,D10,original,False
494,109.23369886,-0.44104107,11.5,0.422,TM,Healthy,,D010A,0.422,Abnormal,Sub-Optimal,Monitor,D10,original,False
495,109.2337562,-0.44167002,11.49,0.492,TM,Healthy,,D010A,0.492,Healthy,Good,None,D10,original,False
496,109.23488402,-0.44340745,11.49,0.395,TM,Healthy,,D010A,0.395,Abnormal,Sub-Optimal,Monitor,D10,original,False
497,109.2338553,-0.44613547,11.49,0.422,TM,Healthy,,D010A,0.422,Abnormal,Sub-Optimal,Monitor,D10,original,False
498,109.23412457,-0.44701541,11.49,0.377,TM,Suspect,Circle_5m,D010A,0.377,Suspect,Critical,Priority Survey,D10,original,False
499,109.23367073,-0.44413195,11.47,0.348,TM,Suspect,Circle_5m,D010A,0.348,Suspect,Critical,Priority Survey,D10,original,False
500,109.2340869,-0.44677757,11.47,0.417,TM,Healthy,,D010A,0.417,Abnormal,Sub-Optimal,Monitor,D10,original,False
501,109.23535263,-0.44082624,11.47,0.425,TM,Healthy,,D010A,0.425,Abnormal,Sub-Optimal,Monitor,D10,original,False
502,109.23533225,-0.44342971,11.46,0.472,TM,Healthy,,D010A,0.472,Healthy,Good,None,D10,original,False
503,109.23453477,-0.44264052,11.46,0.471,TM,Healthy,,D010A,0.471,Healthy,Good,None,D10,original,False
504,109.23439055,-0.44473619,11.45,0.37,TM,Suspect,Circle_5m,D010A,0.37,Suspect,Critical,Priority Survey,D10,original,False
505,109.23371785,-0.44430106,11.45,0.469,TM,Healthy,,D010A,0.469,Healthy,Good,None,D10,original,False
506,109.2344014,-0.4463246,11.45,0.506,TM,Healthy,,D010A,0.506,Healthy,Good,None,D10,original,False
507,109.23372346,-0.44714056,11.45,0.446,TM,Healthy,,D010A,0.446,Normal,Moderate,Routine,D10,original,False
508,109.23397355,-0.44369072,11.44,0.529,TM,Healthy,,D010A,0.529,Healthy,Good,None,D10,original,False
509,109.23401408,-0.44700725,11.44,0.425,TM,Healthy,,D010A,0.425,Abnormal,Sub-Optimal,Monitor,D10,original,False
510,109.23547871,-0.44136342,11.44,0.441,TM,Healthy,,D010A,0.441,Normal,Moderate,Routine,D10,original,False
511,109.23397361,-0.44345922,11.44,0.569,TM,Healthy,,D010A,0.569,Healthy,Good,None,D10,original,False
512,109.23544864,-0.44125445,11.43,0.472,TM,Healthy,,D010A,0.472,Healthy,Good,None,D10,original,False
513,109.23417954,-0.44438437,11.43,0.462,TM,Healthy,,D010A,0.462,Healthy,Good,None,D10,original,False
514,109.23544356,-0.4475461,11.43,0.459,TM,Healthy,,D010A,0.459,Normal,Moderate,Routine,D10,original,False
515,109.23380595,-0.44210771,11.42,0.427,TM,Healthy,,D010A,0.427,Abnormal,Sub-Optimal,Monitor,D10,original,False
516,109.2347574,-0.44515045,11.42,0.459,TM,Healthy,,D010A,0.459,Normal,Moderate,Routine,D10,original,False
517,109.23545404,-0.44500051,11.42,0.472,TM,Healthy,,D010A,0.472,Healthy,Good,None,D10,original,False
518,109.23379856,-0.44108585,11.42,0.44,TM,Healthy,,D010A,0.44,Normal,Moderate,Routine,D10,original,False
519,109.2339346,-0.44506208,11.41,0.478,TM,Healthy,,D010A,0.478,Healthy,Good,None,D10,original,False
520,109.23531482,-0.44495209,11.41,0.523,TM,Healthy,,D010A,0.523,Healthy,Good,None,D10,original,False
521,109.23483211,-0.44259944,11.41,0.459,TM,Healthy,,D010A,0.459,Normal,Moderate,Routine,D10,original,False
522,109.23387166,-0.44152852,11.4,0.444,TM,Healthy,,D010A,0.444,Normal,Moderate,Routine,D10,original,False
523,109.23451378,-0.44593939,11.39,0.42,TM,Healthy,,D010A,0.42,Abnormal,Sub-Optimal,Monitor,D10,original,False
524,109.23512561,-0.44359515,11.39,0.456,TM,Healthy,,D010A,0.456,Normal,Moderate,Routine,D10,original,False
525,109.23444535,-0.44282045,11.38,0.43,TM,Healthy,,D010A,0.43,Normal,Moderate,Routine,D10,original,False
526,109.23442422,-0.44482799,11.38,0.373,TM,Suspect,Circle_5m,D010A,0.373,Suspect,Critical,Priority Survey,D10,original,False
527,109.23532759,-0.44414003,11.38,0.389,TM,Healthy,,D010A,0.389,Suspect,Critical,Priority Survey,D10,original,False
528,109.23579631,-0.44679291,11.37,0.484,TM,Healthy,,D010A,0.484,Healthy,Good,None,D10,original,False
529,109.23551021,-0.44111113,11.37,0.489,TM,Healthy,,D010A,0.489,Healthy,Good,None,D10,original,False
530,109.23551922,-0.44855713,11.37,0.521,TM,Healthy,,D010A,0.521,Healthy,Good,None,D10,original,False
531,109.2346709,-0.44246692,11.35,0.469,TM,Healthy,,D010A,0.469,Healthy,Good,None,D10,original,False
532,109.23572916,-0.44775868,11.35,0.405,TM,Healthy,,D010A,0.405,Abnormal,Sub-Optimal,Monitor,D10,original,False
533,109.23497067,-0.44918187,11.35,0.391,TM,Healthy,,D010A,0.391,Abnormal,Sub-Optimal,Monitor,D10,original,False
534,109.23568538,-0.44863991,11.34,0.457,TM,Healthy,,D010A,0.457,Normal,Moderate,Routine,D10,original,False
535,109.23388091,-0.44797888,11.34,0.456,TM,Healthy,,D010A,0.456,Normal,Moderate,Routine,D10,original,False
536,109.23493506,-0.4402926,11.34,0.398,TM,Healthy,,D010A,0.398,Abnormal,Sub-Optimal,Monitor,D10,original,False
537,109.235308,-0.4490766,11.33,0.45,TM,Healthy,,D010A,0.45,Normal,Moderate,Routine,D10,original,False
538,109.23403383,-0.44705247,11.32,0.373,TM,Suspect,Circle_5m,D010A,0.373,Suspect,Critical,Priority Survey,D10,original,False
539,109.23543376,-0.4490599,11.32,0.422,TM,Healthy,,D010A,0.422,Abnormal,Sub-Optimal,Monitor,D10,original,False
540,109.23573882,-0.44489884,11.31,0.451,TM,Healthy,,D010A,0.451,Normal,Moderate,Routine,D10,original,False
541,109.23409667,-0.44157244,11.31,0.456,TM,Healthy,,D010A,0.456,Normal,Moderate,Routine,D10,original,False
542,109.23499141,-0.44887215,11.31,0.514,TM,Healthy,,D010A,0.514,Healthy,Good,None,D10,original,False
543,109.23485671,-0.44114443,11.3,0.397,TM,Healthy,,D010A,0.397,Abnormal,Sub-Optimal,Monitor,D10,original,False
544,109.23429084,-0.4409354,11.3,0.475,TM,Healthy,,D010A,0.475,Healthy,Good,None,D10,original,False
545,109.23537386,-0.44030672,11.3,0.461,TM,Healthy,,D010A,0.461,Healthy,Good,None,D10,original,False
546,109.23380576,-0.44667713,11.3,0.448,TM,Healthy,,D010A,0.448,Normal,Moderate,Routine,D10,original,False
547,109.23457778,-0.44308725,11.29,0.453,TM,Healthy,,D010A,0.453,Normal,Moderate,Routine,D10,original,False
548,109.23416551,-0.44486003,11.29,0.445,TM,Healthy,,D010A,0.445,Normal,Moderate,Routine,D10,original,False
549,109.23467706,-0.44301538,11.29,0.422,TM,Healthy,,D010A,0.422,Abnormal,Sub-Optimal,Monitor,D10,original,False
550,109.23566176,-0.44407229,11.29,0.428,TM,Healthy,,D010A,0.428,Abnormal,Sub-Optimal,Monitor,D10,original,False
551,109.23367793,-0.44219449,11.28,0.366,TM,Suspect,Circle_5m,D010A,0.366,Suspect,Critical,Priority Survey,D10,original,False
552,109.23470013,-0.44231456,11.28,0.45,TM,Healthy,,D010A,0.45,Normal,Moderate,Routine,D10,original,False
553,109.23376482,-0.44508646,11.27,0.459,TM,Healthy,,D010A,0.459,Normal,Moderate,Routine,D10,original,False
554,109.23416031,-0.44594609,11.26,0.473,TM,Healthy,,D010A,0.473,Healthy,Good,None,D10,original,False
555,109.23378769,-0.44336468,11.26,0.382,TM,Healthy,,D010A,0.382,Suspect,Critical,Priority Survey,D10,original,False
556,109.23539005,-0.4477794,11.25,0.498,TM,Healthy,,D010A,0.498,Healthy,Good,None,D10,original,False
557,109.23542626,-0.44851687,11.25,0.491,TM,Healthy,,D010A,0.491,Healthy,Good,None,D10,original,False
558,109.23371072,-0.44595728,11.25,0.441,TM,Healthy,,D010A,0.441,Normal,Moderate,Routine,D10,original,False
559,109.23377833,-0.44304727,11.25,0.435,TM,Healthy,,D010A,0.435,Normal,Moderate,Routine,D10,original,False
560,109.23548739,-0.44454882,11.25,0.564,TM,Healthy,,D010A,0.564,Healthy,Good,None,D10,original,False
561,109.2337022,-0.44778396,11.24,0.379,TM,Suspect,Circle_5m,D010A,0.379,Suspect,Critical,Priority Survey,D10,original,False
562,109.23414405,-0.44063107,11.24,0.459,TM,Healthy,,D010A,0.459,Normal,Moderate,Routine,D10,original,False
563,109.23479874,-0.44127509,11.24,0.4,TM,Healthy,,D010A,0.4,Abnormal,Sub-Optimal,Monitor,D10,original,False
564,109.23577037,-0.44251964,11.24,0.384,TM,Healthy,,D010A,0.384,Suspect,Critical,Priority Survey,D10,original,False
565,109.23371029,-0.44774689,11.22,0.487,TM,Healthy,,D010A,0.487,Healthy,Good,None,D10,original,False
566,109.23575145,-0.44085753,11.22,0.36,TM,Suspect,Circle_5m,D010A,0.36,Suspect,Critical,Priority Survey,D10,original,False
567,109.23387018,-0.44778039,11.21,0.517,TM,Healthy,,D010A,0.517,Healthy,Good,None,D10,original,False
568,109.23473718,-0.44137771,11.21,0.456,TM,Healthy,,D010A,0.456,Normal,Moderate,Routine,D10,original,False
569,109.23425375,-0.44204949,11.2,0.422,TM,Healthy,,D010A,0.422,Abnormal,Sub-Optimal,Monitor,D10,original,False
570,109.234564,-0.44060992,11.19,0.415,TM,Healthy,,D010A,0.415,Abnormal,Sub-Optimal,Monitor,D10,original,False
571,109.2339263,-0.44785184,11.19,0.431,TM,Healthy,,D010A,0.431,Normal,Moderate,Routine,D10,original,False
572,109.23375582,-0.4470637,11.18,0.338,TM,Suspect,Circle_5m,D010A,0.338,Suspect,Critical,Priority Survey,D10,original,False
573,109.23514415,-0.441154,11.18,0.394,TM,Healthy,,D010A,0.394,Abnormal,Sub-Optimal,Monitor,D10,original,False
574,109.23556609,-0.44028733,11.18,0.439,TM,Healthy,,D010A,0.439,Normal,Moderate,Routine,D10,original,False
575,109.23438058,-0.44888104,11.18,0.412,TM,Healthy,,D010A,0.412,Abnormal,Sub-Optimal,Monitor,D10,original,False
576,109.23449918,-0.44876216,11.17,0.45,TM,Healthy,,D010A,0.45,Normal,Moderate,Routine,D10,original,False
577,109.23412967,-0.44444404,11.17,0.443,TM,Healthy,,D010A,0.443,Normal,Moderate,Routine,D10,original,False
578,109.23562149,-0.44911239,11.17,0.491,TM,Healthy,,D010A,0.491,Healthy,Good,None,D10,original,False
579,109.23412557,-0.44089241,11.17,0.386,TM,Healthy,,D010A,0.386,Suspect,Critical,Priority Survey,D10,original,False
580,109.2357372,-0.44227049,11.17,0.493,TM,Healthy,,D010A,0.493,Healthy,Good,None,D10,original,False
581,109.23525369,-0.44134845,11.16,0.414,TM,Healthy,,D010A,0.414,Abnormal,Sub-Optimal,Monitor,D10,original,False
582,109.23413912,-0.44437667,11.16,0.478,TM,Healthy,,D010A,0.478,Healthy,Good,None,D10,original,False
583,109.23403362,-0.44038191,11.16,0.401,TM,Healthy,,D010A,0.401,Abnormal,Sub-Optimal,Monitor,D10,original,False
584,109.23437605,-0.44718232,11.15,0.423,TM,Healthy,,D010A,0.423,Abnormal,Sub-Optimal,Monitor,D10,original,False
585,109.234065,-0.44255359,11.15,0.437,TM,Healthy,,D010A,0.437,Normal,Moderate,Routine,D10,original,False
586,109.23448851,-0.4426595,11.14,0.409,TM,Healthy,,D010A,0.409,Abnormal,Sub-Optimal,Monitor,D10,original,False
587,109.23577866,-0.44165694,11.14,0.458,TM,Healthy,,D010A,0.458,Normal,Moderate,Routine,D10,original,False
588,109.234377,-0.4488408,11.14,0.37,TM,Suspect,Circle_5m,D010A,0.37,Suspect,Critical,Priority Survey,D10,original,False
589,109.23503497,-0.44886945,11.13,0.499,TM,Healthy,,D010A,0.499,Healthy,Good,None,D10,original,False
590,109.23389437,-0.44047457,11.13,0.477,TM,Healthy,,D010A,0.477,Healthy,Good,None,D10,original,False
591,109.23519896,-0.44863437,11.12,0.459,TM,Healthy,,D010A,0.459,Normal,Moderate,Routine,D10,original,False
592,109.23368243,-0.44215561,11.12,0.553,TM,Healthy,,D010A,0.553,Healthy,Good,None,D10,original,False
593,109.23428625,-0.44138846,11.12,0.366,TM,Suspect,Circle_5m,D010A,0.366,Suspect,Critical,Priority Survey,D10,original,False
594,109.23365836,-0.44516285,11.12,0.368,TM,Suspect,Circle_5m,D010A,0.368,Suspect,Critical,Priority Survey,D10,original,False
595,109.23529539,-0.44166315,11.11,0.387,TM,Healthy,,D010A,0.387,Suspect,Critical,Priority Survey,D10,original,False
596,109.23374663,-0.44034205,11.11,0.403,TM,Healthy,,D010A,0.403,Abnormal,Sub-Optimal,Monitor,D10,original,False
597,109.23575163,-0.44767278,11.1,0.382,TM,Healthy,,D010A,0.382,Suspect,Critical,Priority Survey,D10,original,False
598,109.235739,-0.44789795,11.09,0.363,TM,Suspect,Circle_5m,D010A,0.363,Suspect,Critical,Priority Survey,D10,original,False
599,109.2344409,-0.44263145,11.09,0.467,TM,Healthy,,D010A,0.467,Healthy,Good,None,D10,original,False
600,109.23570652,-0.4484889,11.09,0.393,TM,Healthy,,D010A,0.393,Abnormal,Sub-Optimal,Monitor,D10,original,False
601,109.23371766,-0.44130829,11.08,0.433,TM,Healthy,,D010A,0.433,Normal,Moderate,Routine,D10,original,False
602,109.23496711,-0.44338486,11.08,0.552,TM,Healthy,,D010A,0.552,Healthy,Good,None,D10,original,False
603,109.2348868,-0.44112409,11.08,0.505,TM,Healthy,,D010A,0.505,Healthy,Good,None,D10,original,False
604,109.23422669,-0.4425152,11.08,0.466,TM,Healthy,,D010A,0.466,Healthy,Good,None,D10,original,False
605,109.23394303,-0.44361385,11.08,0.514,TM,Healthy,,D010A,0.514,Healthy,Good,None,D10,original,False
606,109.23376168,-0.44319241,11.07,0.466,TM,Healthy,,D010A,0.466,Healthy,Good,None,D10,original,False
607,109.23416835,-0.44797534,11.07,0.433,TM,Healthy,,D010A,0.433,Normal,Moderate,Routine,D10,original,False
608,109.23430489,-0.44799346,11.07,0.433,TM,Healthy,,D010A,0.433,Normal,Moderate,Routine,D10,original,False
609,109.23410895,-0.44282263,11.07,0.452,TM,Healthy,,D010A,0.452,Normal,Moderate,Routine,D10,original,False
610,109.23450741,-0.44436636,11.07,0.367,TM,Suspect,Circle_5m,D010A,0.367,Suspect,Critical,Priority Survey,D10,original,False
611,109.23404152,-0.44684945,11.06,0.453,TM,Healthy,,D010A,0.453,Normal,Moderate,Routine,D10,original,False
612,109.23369064,-0.4454043,11.06,0.53,TM,Healthy,,D010A,0.53,Healthy,Good,None,D10,original,False
613,109.23397549,-0.44311152,11.06,0.529,TM,Healthy,,D010A,0.529,Healthy,Good,None,D10,original,False
614,109.23430941,-0.44411583,11.05,0.53,TM,Healthy,,D010A,0.53,Healthy,Good,None,D10,original,False
615,109.23562058,-0.44916123,11.04,0.509,TM,Healthy,,D010A,0.509,Healthy,Good,None,D10,original,False
616,109.23379589,-0.44853229,11.04,0.422,TM,Healthy,,D010A,0.422,Abnormal,Sub-Optimal,Monitor,D10,original,False
617,109.23488894,-0.44915427,11.04,0.404,TM,Healthy,,D010A,0.404,Abnormal,Sub-Optimal,Monitor,D10,original,False
618,109.23477098,-0.44845295,11.03,0.44,TM,Healthy,,D010A,0.44,Normal,Moderate,Routine,D10,original,False
619,109.23502918,-0.44112548,11.03,0.517,TM,Healthy,,D010A,0.517,Healthy,Good,None,D10,original,False
620,109.23490017,-0.44538696,11.02,0.403,TM,Healthy,,D010A,0.403,Abnormal,Sub-Optimal,Monitor,D10,original,False
621,109.23446772,-0.44695536,11.02,0.324,TM,Suspect,Circle_5m,D010A,0.324,Suspect,Critical,Priority Survey,D10,original,False
622,109.23469056,-0.4485411,11.01,0.502,TM,Healthy,,D010A,0.502,Healthy,Good,None,D10,original,False
623,109.23381453,-0.44191012,11.01,0.503,TM,Healthy,,D010A,0.503,Healthy,Good,None,D10,original,False
624,109.23530815,-0.44470205,11.01,0.41,TM,Healthy,,D010A,0.41,Abnormal,Sub-Optimal,Monitor,D10,original,False
625,109.23419706,-0.44246274,11.0,0.482,TM,Healthy,,D010A,0.482,Healthy,Good,None,D10,original,False
626,109.23476574,-0.44783079,11.0,0.476,TM,Healthy,,D010A,0.476,Healthy,Good,None,D10,original,False
627,109.23447179,-0.44309039,11.0,0.407,TM,Healthy,,D010A,0.407,Abnormal,Sub-Optimal,Monitor,D10,original,False
628,109.23483238,-0.44334594,11.0,0.455,TM,Healthy,,D010A,0.455,Normal,Moderate,Routine,D10,original,False
629,109.2347665,-0.44277079,11.0,0.436,TM,Healthy,,D010A,0.436,Normal,Moderate,Routine,D10,original,False
630,109.23579866,-0.44257526,10.99,0.405,TM,Healthy,,D010A,0.405,Abnormal,Sub-Optimal,Monitor,D10,original,False
631,109.23393128,-0.44393352,10.99,0.481,TM,Healthy,,D010A,0.481,Healthy,Good,None,D10,original,False
632,109.23370106,-0.44500234,10.99,0.415,TM,Healthy,,D010A,0.415,Abnormal,Sub-Optimal,Monitor,D10,original,False
633,109.23512494,-0.44072309,10.98,0.464,TM,Healthy,,D010A,0.464,Healthy,Good,None,D10,original,False
634,109.23433382,-0.44155757,10.97,0.627,TM,Healthy,,D010A,0.627,Healthy,Good,None,D10,original,False
635,109.23502781,-0.44501125,10.97,0.389,TM,Healthy,,D010A,0.389,Suspect,Critical,Priority Survey,D10,original,False
636,109.23390727,-0.44287955,10.97,0.389,TM,Healthy,,D010A,0.389,Suspect,Critical,Priority Survey,D10,original,False
637,109.23504003,-0.44273016,10.97,0.406,TM,Healthy,,D010A,0.406,Abnormal,Sub-Optimal,Monitor,D10,original,False
638,109.23436274,-0.44079616,10.97,0.545,TM,Healthy,,D010A,0.545,Healthy,Good,None,D10,original,False
639,109.23519331,-0.4478838,10.96,0.418,TM,Healthy,,D010A,0.418,Abnormal,Sub-Optimal,Monitor,D10,original,False
640,109.23427388,-0.44805268,10.96,0.441,TM,Healthy,,D010A,0.441,Normal,Moderate,Routine,D10,original,False
641,109.23507022,-0.44042737,10.96,0.422,TM,Healthy,,D010A,0.422,Abnormal,Sub-Optimal,Monitor,D10,original,False
642,109.23428806,-0.4413247,10.94,0.517,TM,Healthy,,D010A,0.517,Healthy,Good,None,D10,original,False
643,109.23423162,-0.44255861,10.93,0.526,TM,Healthy,,D010A,0.526,Healthy,Good,None,D10,original,False
644,109.23392102,-0.44551106,10.93,0.371,TM,Suspect,Circle_5m,D010A,0.371,Suspect,Critical,Priority Survey,D10,original,False
645,109.2339562,-0.44676986,10.92,0.431,TM,Healthy,,D010A,0.431,Normal,Moderate,Routine,D10,original,False
646,109.23510285,-0.44295761,10.92,0.394,TM,Healthy,,D010A,0.394,Abnormal,Sub-Optimal,Monitor,D10,original,False
647,109.23368699,-0.44563128,10.92,0.486,TM,Healthy,,D010A,0.486,Healthy,Good,None,D10,original,False
648,109.23427915,-0.44102719,10.92,0.441,TM,Healthy,,D010A,0.441,Normal,Moderate,Routine,D10,original,False
649,109.23577021,-0.44512718,10.92,0.446,TM,Healthy,,D010A,0.446,Normal,Moderate,Routine,D10,original,False
650,109.2337599,-0.44876876,10.92,0.426,TM,Healthy,,D010A,0.426,Abnormal,Sub-Optimal,Monitor,D10,original,False
651,109.23524857,-0.44779112,10.92,0.449,TM,Healthy,,D010A,0.449,Normal,Moderate,Routine,D10,original,False
652,109.23401809,-0.44336474,10.92,0.447,TM,Healthy,,D010A,0.447,Normal,Moderate,Routine,D10,original,False
653,109.23465635,-0.44322924,10.91,0.415,TM,Healthy,,D010A,0.415,Abnormal,Sub-Optimal,Monitor,D10,original,False
654,109.23445243,-0.44327305,10.91,0.415,TM,Healthy,,D010A,0.415,Abnormal,Sub-Optimal,Monitor,D10,original,False
655,109.23492898,-0.4450881,10.91,0.531,TM,Healthy,,D010A,0.531,Healthy,Good,None,D10,original,False
656,109.23367837,-0.4460034,10.9,0.453,TM,Healthy,,D010A,0.453,Normal,Moderate,Routine,D10,original,False
657,109.23387149,-0.44790021,10.9,0.542,TM,Healthy,,D010A,0.542,Healthy,Good,None,D10,original,False
658,109.23553223,-0.44294324,10.89,0.489,TM,Healthy,,D010A,0.489,Healthy,Good,None,D10,original,False
659,109.23395741,-0.44169674,10.89,0.42,TM,Healthy,,D010A,0.42,Abnormal,Sub-Optimal,Monitor,D10,original,False
660,109.23366848,-0.44604092,10.88,0.383,TM,Healthy,,D010A,0.383,Suspect,Critical,Priority Survey,D10,original,False
661,109.23523957,-0.44028725,10.88,0.394,TM,Healthy,,D010A,0.394,Abnormal,Sub-Optimal,Monitor,D10,original,False
662,109.2354066,-0.44050568,10.88,0.477,TM,Healthy,,D010A,0.477,Healthy,Good,None,D10,original,False
663,109.2338632,-0.44312325,10.88,0.482,TM,Healthy,,D010A,0.482,Healthy,Good,None,D10,original,False
664,109.23371318,-0.44881939,10.87,0.466,TM,Healthy,,D010A,0.466,Healthy,Good,None,D10,original,False
665,109.23544239,-0.44109122,10.87,0.425,TM,Healthy,,D010A,0.425,Abnormal,Sub-Optimal,Monitor,D10,original,False
666,109.23460723,-0.44581869,10.86,0.449,TM,Healthy,,D010A,0.449,Normal,Moderate,Routine,D10,original,False
667,109.23455477,-0.44731529,10.86,0.422,TM,Healthy,,D010A,0.422,Abnormal,Sub-Optimal,Monitor,D10,original,False
668,109.23445431,-0.44480674,10.86,0.404,TM,Healthy,,D010A,0.404,Abnormal,Sub-Optimal,Monitor,D10,original,False
669,109.23507448,-0.44516454,10.86,0.405,TM,Healthy,,D010A,0.405,Abnormal,Sub-Optimal,Monitor,D10,original,False
670,109.23459165,-0.44710279,10.86,0.455,TM,Healthy,,D010A,0.455,Normal,Moderate,Routine,D10,original,False
671,109.23385312,-0.44774602,10.85,0.493,TM,Healthy,,D010A,0.493,Healthy,Good,None,D10,original,False
672,109.23470064,-0.4420505,10.85,0.439,TM,Healthy,,D010A,0.439,Normal,Moderate,Routine,D10,original,False
673,109.23367474,-0.44615848,10.85,0.482,TM,Healthy,,D010A,0.482,Healthy,Good,None,D10,original,False
674,109.23437902,-0.44034085,10.85,0.497,TM,Healthy,,D010A,0.497,Healthy,Good,None,D10,original,False
675,109.23400191,-0.44342758,10.85,0.525,TM,Healthy,,D010A,0.525,Healthy,Good,None,D10,original,False
676,109.23488642,-0.44084014,10.85,0.401,TM,Healthy,,D010A,0.401,Abnormal,Sub-Optimal,Monitor,D10,original,False
677,109.23460516,-0.44883181,10.84,0.333,TM,Suspect,Circle_5m,D010A,0.333,Suspect,Critical,Priority Survey,D10,original,False
678,109.23462022,-0.44027896,10.84,0.462,TM,Healthy,,D010A,0.462,Healthy,Good,None,D10,original,False
679,109.23552835,-0.44417309,10.84,0.566,TM,Healthy,,D010A,0.566,Healthy,Good,None,D10,original,False
680,109.23578233,-0.44132416,10.84,0.381,TM,Healthy,,D010A,0.381,Suspect,Critical,Priority Survey,D10,original,False
681,109.23530815,-0.4408936,10.84,0.401,TM,Healthy,,D010A,0.401,Abnormal,Sub-Optimal,Monitor,D10,original,False
682,109.23453078,-0.44433155,10.84,0.417,TM,Healthy,,D010A,0.417,Abnormal,Sub-Optimal,Monitor,D10,original,False
683,109.23384515,-0.44537631,10.83,0.454,TM,Healthy,,D010A,0.454,Normal,Moderate,Routine,D10,original,False
684,109.23424163,-0.44768281,10.82,0.468,TM,Healthy,,D010A,0.468,Healthy,Good,None,D10,original,False
685,109.23575452,-0.44686705,10.82,0.434,TM,Healthy,,D010A,0.434,Normal,Moderate,Routine,D10,original,False
686,109.23414733,-0.44763396,10.82,0.415,TM,Healthy,,D010A,0.415,Abnormal,Sub-Optimal,Monitor,D10,original,False
687,109.23411326,-0.44357501,10.82,0.457,TM,Healthy,,D010A,0.457,Normal,Moderate,Routine,D10,original,False
688,109.23579922,-0.44589494,10.82,0.477,TM,Healthy,,D010A,0.477,Healthy,Good,None,D10,original,False
689,109.23368809,-0.44854086,10.81,0.454,TM,Healthy,,D010A,0.454,Normal,Moderate,Routine,D10,original,False
690,109.23494653,-0.44118153,10.8,0.385,TM,Healthy,,D010A,0.385,Suspect,Critical,Priority Survey,D10,original,False
691,109.23382318,-0.44709537,10.8,0.367,TM,Suspect,Circle_5m,D010A,0.367,Suspect,Critical,Priority Survey,D10,original,False
692,109.23525778,-0.44494213,10.8,0.542,TM,Healthy,,D010A,0.542,Healthy,Good,None,D10,original,False
693,109.23521727,-0.44909511,10.8,0.454,TM,Healthy,,D010A,0.454,Normal,Moderate,Routine,D10,original,False
694,109.23368564,-0.44377385,10.79,0.407,TM,Healthy,,D010A,0.407,Abnormal,Sub-Optimal,Monitor,D10,original,False
695,109.23551244,-0.4411672,10.79,0.494,TM,Healthy,,D010A,0.494,Healthy,Good,None,D10,original,False
696,109.23565455,-0.44419347,10.78,0.475,TM,Healthy,,D010A,0.475,Healthy,Good,None,D10,original,False
697,109.23557488,-0.44679059,10.78,0.482,TM,Healthy,,D010A,0.482,Healthy,Good,None,D10,original,False
698,109.2353813,-0.4449399,10.78,0.51,TM,Healthy,,D010A,0.51,Healthy,Good,None,D10,original,False
699,109.23367739,-0.44255892,10.78,0.514,TM,Healthy,,D010A,0.514,Healthy,Good,None,D10,original,False
700,109.23518344,-0.44214738,10.77,0.499,TM,Healthy,,D010A,0.499,Healthy,Good,None,D10,original,False
701,109.23409066,-0.44607403,10.77,0.481,TM,Healthy,,D010A,0.481,Healthy,Good,None,D10,original,False
702,109.23409048,-0.44303514,10.77,0.399,TM,Healthy,,D010A,0.399,Abnormal,Sub-Optimal,Monitor,D10,original,False
703,109.23387932,-0.44334119,10.77,0.412,TM,Healthy,,D010A,0.412,Abnormal,Sub-Optimal,Monitor,D10,original,False
704,109.23403166,-0.44675541,10.77,0.476,TM,Healthy,,D010A,0.476,Healthy,Good,None,D10,original,False
705,109.23392348,-0.44273351,10.77,0.439,TM,Healthy,,D010A,0.439,Normal,Moderate,Routine,D10,original,False
706,109.23401085,-0.44360483,10.76,0.454,TM,Healthy,,D010A,0.454,Normal,Moderate,Routine,D10,original,False
707,109.23367051,-0.44504258,10.76,0.484,TM,Healthy,,D010A,0.484,Healthy,Good,None,D10,original,False
708,109.23451434,-0.44357963,10.76,0.456,TM,Healthy,,D010A,0.456,Normal,Moderate,Routine,D10,original,False
709,109.23583352,-0.44138792,10.76,0.45,TM,Healthy,,D010A,0.45,Normal,Moderate,Routine,D10,original,False
710,109.23368666,-0.44132772,10.75,0.429,TM,Healthy,,D010A,0.429,Abnormal,Sub-Optimal,Monitor,D10,original,False
711,109.23570713,-0.44407773,10.74,0.48,TM,Healthy,,D010A,0.48,Healthy,Good,None,D10,original,False
712,109.23456706,-0.44852389,10.74,0.461,TM,Healthy,,D010A,0.461,Healthy,Good,None,D10,original,False
713,109.23477816,-0.44093552,10.74,0.487,TM,Healthy,,D010A,0.487,Healthy,Good,None,D10,original,False
714,109.23372633,-0.44453031,10.73,0.444,TM,Healthy,,D010A,0.444,Normal,Moderate,Routine,D10,original,False
715,109.23441425,-0.44895566,10.73,0.394,TM,Healthy,,D010A,0.394,Abnormal,Sub-Optimal,Monitor,D10,original,False
716,109.23462899,-0.4468392,10.73,0.433,TM,Healthy,,D010A,0.433,Normal,Moderate,Routine,D10,original,False
717,109.23397839,-0.44223209,10.73,0.603,TM,Healthy,,D010A,0.603,Healthy,Good,None,D10,original,False
718,109.23486701,-0.44314384,10.73,0.425,TM,Healthy,,D010A,0.425,Abnormal,Sub-Optimal,Monitor,D10,original,False
719,109.23448352,-0.44284578,10.72,0.482,TM,Healthy,,D010A,0.482,Healthy,Good,None,D10,original,False
720,109.23546622,-0.44854265,10.72,0.453,TM,Healthy,,D010A,0.453,Normal,Moderate,Routine,D10,original,False
721,109.23380291,-0.44356906,10.72,0.507,TM,Healthy,,D010A,0.507,Healthy,Good,None,D10,original,False
722,109.23409356,-0.44141328,10.72,0.566,TM,Healthy,,D010A,0.566,Healthy,Good,None,D10,original,False
723,109.23553271,-0.44848976,10.72,0.435,TM,Healthy,,D010A,0.435,Normal,Moderate,Routine,D10,original,False
724,109.23377821,-0.44353695,10.71,0.498,TM,Healthy,,D010A,0.498,Healthy,Good,None,D10,original,False
725,109.23495795,-0.44413588,10.71,0.442,TM,Healthy,,D010A,0.442,Normal,Moderate,Routine,D10,original,False
726,109.23516223,-0.44634829,10.7,0.391,TM,Healthy,,D010A,0.391,Abnormal,Sub-Optimal,Monitor,D10,original,False
727,109.23369393,-0.44099314,10.7,0.504,TM,Healthy,,D010A,0.504,Healthy,Good,None,D10,original,False
728,109.23507185,-0.44868407,10.7,0.396,TM,Healthy,,D010A,0.396,Abnormal,Sub-Optimal,Monitor,D10,original,False
729,109.2354474,-0.44459131,10.7,0.574,TM,Healthy,,D010A,0.574,Healthy,Good,None,D10,original,False
730,109.23429136,-0.44256314,10.68,0.421,TM,Healthy,,D010A,0.421,Abnormal,Sub-Optimal,Monitor,D10,original,False
731,109.23495055,-0.44693016,10.68,0.38,TM,Healthy,,D010A,0.38,Suspect,Critical,Priority Survey,D10,original,False
732,109.23511671,-0.44325648,10.68,0.403,TM,Healthy,,D010A,0.403,Abnormal,Sub-Optimal,Monitor,D10,original,False
733,109.23422696,-0.44706563,10.68,0.472,TM,Healthy,,D010A,0.472,Healthy,Good,None,D10,original,False
734,109.23411667,-0.44247583,10.68,0.432,TM,Healthy,,D010A,0.432,Normal,Moderate,Routine,D10,original,False
735,109.23521957,-0.4431923,10.67,0.303,TM,Suspect,Circle_5m,D010A,0.303,Suspect,Critical,Priority Survey,D10,original,False
736,109.23560589,-0.44102163,10.67,0.497,TM,Healthy,,D010A,0.497,Healthy,Good,None,D10,original,False
737,109.23493988,-0.44648524,10.67,0.513,TM,Healthy,,D010A,0.513,Healthy,Good,None,D10,original,False
738,109.23479013,-0.44349876,10.66,0.452,TM,Healthy,,D010A,0.452,Normal,Moderate,Routine,D10,original,False
739,109.23370451,-0.4418156,10.65,0.436,TM,Healthy,,D010A,0.436,Normal,Moderate,Routine,D10,original,False
740,109.23488315,-0.44328356,10.65,0.348,TM,Suspect,Circle_5m,D010A,0.348,Suspect,Critical,Priority Survey,D10,original,False
741,109.2352519,-0.4432538,10.65,0.401,TM,Healthy,,D010A,0.401,Abnormal,Sub-Optimal,Monitor,D10,original,False
742,109.23374808,-0.44179933,10.65,0.521,TM,Healthy,,D010A,0.521,Healthy,Good,None,D10,original,False
743,109.23472876,-0.44846244,10.64,0.462,TM,Healthy,,D010A,0.462,Healthy,Good,None,D10,original,False
744,109.23374274,-0.4435193,10.64,0.586,TM,Healthy,,D010A,0.586,Healthy,Good,None,D10,original,False
745,109.23400498,-0.44564266,10.64,0.454,TM,Healthy,,D010A,0.454,Normal,Moderate,Routine,D10,original,False
746,109.23375795,-0.44564215,10.63,0.433,TM,Healthy,,D010A,0.433,Normal,Moderate,Routine,D10,original,False
747,109.23547788,-0.44860866,10.63,0.485,TM,Healthy,,D010A,0.485,Healthy,Good,None,D10,original,False
748,109.2339522,-0.44472705,10.63,0.43,TM,Healthy,,D010A,0.43,Normal,Moderate,Routine,D10,original,False
749,109.23494287,-0.44334235,10.62,0.422,TM,Healthy,,D010A,0.422,Abnormal,Sub-Optimal,Monitor,D10,original,False
750,109.23442201,-0.44274674,10.62,0.4,TM,Healthy,,D010A,0.4,Abnormal,Sub-Optimal,Monitor,D10,original,False
751,109.23511102,-0.44451662,10.62,0.392,TM,Healthy,,D010A,0.392,Abnormal,Sub-Optimal,Monitor,D10,original,False
752,109.23435545,-0.44504093,10.62,0.498,TM,Healthy,,D010A,0.498,Healthy,Good,None,D10,original,False
753,109.23408002,-0.44360891,10.62,0.373,TM,Suspect,Circle_5m,D010A,0.373,Suspect,Critical,Priority Survey,D10,original,False
754,109.23396043,-0.44218778,10.61,0.558,TM,Healthy,,D010A,0.558,Healthy,Good,None,D10,original,False
755,109.23438836,-0.44452097,10.61,0.496,TM,Healthy,,D010A,0.496,Healthy,Good,None,D10,original,False
756,109.23375245,-0.44799287,10.61,0.404,TM,Healthy,,D010A,0.404,Abnormal,Sub-Optimal,Monitor,D10,original,False
757,109.23397492,-0.44359035,10.61,0.586,TM,Healthy,,D010A,0.586,Healthy,Good,None,D10,original,False
758,109.23438066,-0.44855957,10.6,0.446,TM,Healthy,,D010A,0.446,Normal,Moderate,Routine,D10,original,False
759,109.23399323,-0.44216789,10.6,0.426,TM,Healthy,,D010A,0.426,Abnormal,Sub-Optimal,Monitor,D10,original,False
760,109.23444827,-0.44377675,10.6,0.461,TM,Healthy,,D010A,0.461,Healthy,Good,None,D10,original,False
761,109.23422869,-0.44166018,10.6,0.354,TM,Suspect,Circle_5m,D010A,0.354,Suspect,Critical,Priority Survey,D10,original,False
762,109.2350424,-0.44785392,10.6,0.463,TM,Healthy,,D010A,0.463,Healthy,Good,None,D10,original,False
763,109.23369925,-0.4450679,10.6,0.485,TM,Healthy,,D010A,0.485,Healthy,Good,None,D10,original,False
764,109.23368394,-0.4433416,10.6,0.512,TM,Healthy,,D010A,0.512,Healthy,Good,None,D10,original,False
765,109.23441163,-0.44105616,10.59,0.623,TM,Healthy,,D010A,0.623,Healthy,Good,None,D10,original,False
766,109.23544971,-0.44053462,10.59,0.341,TM,Suspect,Circle_5m,D010A,0.341,Suspect,Critical,Priority Survey,D10,original,False
767,109.23473625,-0.44905837,10.58,0.431,TM,Healthy,,D010A,0.431,Normal,Moderate,Routine,D10,original,False
768,109.23499654,-0.44241817,10.57,0.491,TM,Healthy,,D010A,0.491,Healthy,Good,None,D10,original,False
769,109.23364973,-0.44745207,10.57,0.453,TM,Healthy,,D010A,0.453,Normal,Moderate,Routine,D10,original,False
770,109.23528783,-0.44325833,10.57,0.422,TM,Healthy,,D010A,0.422,Abnormal,Sub-Optimal,Monitor,D10,original,False
771,109.23563631,-0.44723191,10.57,0.496,TM,Healthy,,D010A,0.496,Healthy,Good,None,D10,original,False
772,109.23430464,-0.44147166,10.56,0.573,TM,Healthy,,D010A,0.573,Healthy,Good,None,D10,original,False
773,109.23467893,-0.44270476,10.55,0.446,TM,Healthy,,D010A,0.446,Normal,Moderate,Routine,D10,original,False
774,109.23458751,-0.44750792,10.55,0.489,TM,Healthy,,D010A,0.489,Healthy,Good,None,D10,original,False
775,109.23403468,-0.44159865,10.54,0.47,TM,Healthy,,D010A,0.47,Healthy,Good,None,D10,original,False
776,109.23530058,-0.44818948,10.54,0.368,TM,Suspect,Circle_5m,D010A,0.368,Suspect,Critical,Priority Survey,D10,original,False
777,109.23566792,-0.4427493,10.54,0.522,TM,Healthy,,D010A,0.522,Healthy,Good,None,D10,original,False
778,109.23510554,-0.44300192,10.53,0.409,TM,Healthy,,D010A,0.409,Abnormal,Sub-Optimal,Monitor,D10,original,False
779,109.23557569,-0.44906084,10.53,0.531,TM,Healthy,,D010A,0.531,Healthy,Good,None,D10,original,False
780,109.23570508,-0.44323085,10.52,0.437,TM,Healthy,,D010A,0.437,Normal,Moderate,Routine,D10,original,False
781,109.23367746,-0.44037098,10.52,0.384,TM,Healthy,,D010A,0.384,Suspect,Critical,Priority Survey,D10,original,False
782,109.2336935,-0.44658939,10.52,0.435,TM,Healthy,,D010A,0.435,Normal,Moderate,Routine,D10,original,False
783,109.23566023,-0.44860871,10.52,0.374,TM,Suspect,Circle_5m,D010A,0.374,Suspect,Critical,Priority Survey,D10,original,False
784,109.23512111,-0.4417454,10.52,0.416,TM,Healthy,,D010A,0.416,Abnormal,Sub-Optimal,Monitor,D10,original,False
785,109.23380995,-0.44229535,10.51,0.485,TM,Healthy,,D010A,0.485,Healthy,Good,None,D10,original,False
786,109.23436741,-0.44193648,10.51,0.43,TM,Healthy,,D010A,0.43,Normal,Moderate,Routine,D10,original,False
787,109.23454393,-0.44379802,10.51,0.49,TM,Healthy,,D010A,0.49,Healthy,Good,None,D10,original,False
788,109.23437922,-0.44327258,10.5,0.42,TM,Healthy,,D010A,0.42,Abnormal,Sub-Optimal,Monitor,D10,original,False
789,109.23391751,-0.44135853,10.5,0.466,TM,Healthy,,D010A,0.466,Healthy,Good,None,D10,original,False
790,109.23411637,-0.44563138,10.5,0.418,TM,Healthy,,D010A,0.418,Abnormal,Sub-Optimal,Monitor,D10,original,False
791,109.23368573,-0.44904274,10.49,0.48,TM,Healthy,,D010A,0.48,Healthy,Good,None,D10,original,False
792,109.23474556,-0.44771052,10.49,0.489,TM,Healthy,,D010A,0.489,Healthy,Good,None,D10,original,False
793,109.23497304,-0.44866009,10.49,0.497,TM,Healthy,,D010A,0.497,Healthy,Good,None,D10,original,False
794,109.23479228,-0.44768204,10.48,0.491,TM,Healthy,,D010A,0.491,Healthy,Good,None,D10,original,False
795,109.23552068,-0.44430421,10.48,0.527,TM,Healthy,,D010A,0.527,Healthy,Good,None,D10,original,False
796,109.23417666,-0.44136401,10.48,0.52,TM,Healthy,,D010A,0.52,Healthy,Good,None,D10,original,False
797,109.2356921,-0.44869462,10.48,0.472,TM,Healthy,,D010A,0.472,Healthy,Good,None,D10,original,False
798,109.23497927,-0.44324922,10.48,0.392,TM,Healthy,,D010A,0.392,Abnormal,Sub-Optimal,Monitor,D10,original,False
799,109.2339552,-0.44151046,10.48,0.432,TM,Healthy,,D010A,0.432,Normal,Moderate,Routine,D10,original,False
800,109.23515832,-0.44391708,10.48,0.434,TM,Healthy,,D010A,0.434,Normal,Moderate,Routine,D10,original,False
801,109.23388473,-0.44513984,10.48,0.436,TM,Healthy,,D010A,0.436,Normal,Moderate,Routine,D10,original,False
802,109.23484819,-0.44108655,10.48,0.511,TM,Healthy,,D010A,0.511,Healthy,Good,None,D10,original,False
803,109.23371267,-0.44150452,10.47,0.473,TM,Healthy,,D010A,0.473,Healthy,Good,None,D10,original,False
804,109.2356877,-0.44266792,10.47,0.391,TM,Healthy,,D010A,0.391,Abnormal,Sub-Optimal,Monitor,D10,original,False
805,109.23520326,-0.44191588,10.47,0.473,TM,Healthy,,D010A,0.473,Healthy,Good,None,D10,original,False
806,109.23561534,-0.44665586,10.46,0.411,TM,Healthy,,D010A,0.411,Abnormal,Sub-Optimal,Monitor,D10,original,False
807,109.23546163,-0.44329907,10.46,0.464,TM,Healthy,,D010A,0.464,Healthy,Good,None,D10,original,False
808,109.2349159,-0.44154731,10.46,0.367,TM,Suspect,Circle_5m,D010A,0.367,Suspect,Critical,Priority Survey,D10,original,False
809,109.23416028,-0.44606591,10.46,0.435,TM,Healthy,,D010A,0.435,Normal,Moderate,Routine,D10,original,False
810,109.23564963,-0.44030317,10.46,0.494,TM,Healthy,,D010A,0.494,Healthy,Good,None,D10,original,False
811,109.23447911,-0.44249582,10.45,0.454,TM,Healthy,,D010A,0.454,Normal,Moderate,Routine,D10,original,False
812,109.23542217,-0.44112377,10.45,0.398,TM,Healthy,,D010A,0.398,Abnormal,Sub-Optimal,Monitor,D10,original,False
813,109.23412686,-0.44304509,10.45,0.433,TM,Healthy,,D010A,0.433,Normal,Moderate,Routine,D10,original,False
814,109.23439812,-0.44312021,10.44,0.544,TM,Healthy,,D010A,0.544,Healthy,Good,None,D10,original,False
815,109.23481353,-0.44896073,10.44,0.403,TM,Healthy,,D010A,0.403,Abnormal,Sub-Optimal,Monitor,D10,original,False
816,109.23426154,-0.44708327,10.44,0.485,TM,Healthy,,D010A,0.485,Healthy,Good,None,D10,original,False
817,109.23412132,-0.44369754,10.43,0.36,TM,Suspect,Circle_5m,D010A,0.36,Suspect,Critical,Priority Survey,D10,original,False
818,109.23529831,-0.44070505,10.42,0.423,TM,Healthy,,D010A,0.423,Abnormal,Sub-Optimal,Monitor,D10,original,False
819,109.23414668,-0.44281676,10.42,0.405,TM,Healthy,,D010A,0.405,Abnormal,Sub-Optimal,Monitor,D10,original,False
820,109.23500437,-0.44349203,10.41,0.371,TM,Suspect,Circle_5m,D010A,0.371,Suspect,Critical,Priority Survey,D10,original,False
821,109.23411464,-0.44345835,10.41,0.472,TM,Healthy,,D010A,0.472,Healthy,Good,None,D10,original,False
822,109.23583655,-0.4475471,10.4,0.488,TM,Healthy,,D010A,0.488,Healthy,Good,None,D10,original,False
823,109.23503146,-0.44288977,10.39,0.401,TM,Healthy,,D010A,0.401,Abnormal,Sub-Optimal,Monitor,D10,original,False
824,109.23387956,-0.44040855,10.39,0.436,TM,Healthy,,D010A,0.436,Normal,Moderate,Routine,D10,original,False
825,109.23485211,-0.4491208,10.39,0.366,TM,Suspect,Circle_5m,D010A,0.366,Suspect,Critical,Priority Survey,D10,original,False
826,109.2339646,-0.4473156,10.39,0.481,TM,Healthy,,D010A,0.481,Healthy,Good,None,D10,original,False
827,109.23389018,-0.44296772,10.38,0.44,TM,Healthy,,D010A,0.44,Normal,Moderate,Routine,D10,original,False
828,109.23452999,-0.44573955,10.38,0.465,TM,Healthy,,D010A,0.465,Healthy,Good,None,D10,original,False
829,109.23462868,-0.44436323,10.38,0.389,TM,Healthy,,D010A,0.389,Suspect,Critical,Priority Survey,D10,original,False
830,109.23533597,-0.4466784,10.37,0.425,TM,Healthy,,D010A,0.425,Abnormal,Sub-Optimal,Monitor,D10,original,False
831,109.23403484,-0.44281764,10.37,0.396,TM,Healthy,,D010A,0.396,Abnormal,Sub-Optimal,Monitor,D10,original,False
832,109.23438888,-0.44609174,10.37,0.362,TM,Suspect,Circle_5m,D010A,0.362,Suspect,Critical,Priority Survey,D10,original,False
833,109.2347268,-0.44912845,10.37,0.432,TM,Healthy,,D010A,0.432,Normal,Moderate,Routine,D10,original,False
834,109.23486337,-0.44899239,10.36,0.504,TM,Healthy,,D010A,0.504,Healthy,Good,None,D10,original,False
835,109.23407401,-0.44430522,10.36,0.424,TM,Healthy,,D010A,0.424,Abnormal,Sub-Optimal,Monitor,D10,original,False
836,109.23392546,-0.44195853,10.36,0.491,TM,Healthy,,D010A,0.491,Healthy,Good,None,D10,original,False
837,109.2346,-0.44597559,10.36,0.444,TM,Healthy,,D010A,0.444,Normal,Moderate,Routine,D10,original,False
838,109.23470892,-0.44693236,10.35,0.373,TM,Suspect,Circle_5m,D010A,0.373,Suspect,Critical,Priority Survey,D10,original,False
839,109.23372038,-0.44875971,10.35,0.464,TM,Healthy,,D010A,0.464,Healthy,Good,None,D10,original,False
840,109.23442281,-0.44694043,10.35,0.413,TM,Healthy,,D010A,0.413,Abnormal,Sub-Optimal,Monitor,D10,original,False
841,109.23523059,-0.44787974,10.35,0.463,TM,Healthy,,D010A,0.463,Healthy,Good,None,D10,original,False
842,109.23490967,-0.44131219,10.34,0.433,TM,Healthy,,D010A,0.433,Normal,Moderate,Routine,D10,original,False
843,109.23421579,-0.44684271,10.34,0.475,TM,Healthy,,D010A,0.475,Healthy,Good,None,D10,original,False
844,109.23538101,-0.4442775,10.34,0.464,TM,Healthy,,D010A,0.464,Healthy,Good,None,D10,original,False
845,109.2357815,-0.44862411,10.33,0.586,TM,Healthy,,D010A,0.586,Healthy,Good,None,D10,original,False
846,109.23510569,-0.44044366,10.33,0.51,TM,Healthy,,D010A,0.51,Healthy,Good,None,D10,original,False
847,109.23542674,-0.44082083,10.32,0.51,TM,Healthy,,D010A,0.51,Healthy,Good,None,D10,original,False
848,109.23421424,-0.4420124,10.32,0.412,TM,Healthy,,D010A,0.412,Abnormal,Sub-Optimal,Monitor,D10,original,False
849,109.23545237,-0.44258603,10.32,0.414,TM,Healthy,,D010A,0.414,Abnormal,Sub-Optimal,Monitor,D10,original,False
850,109.23408975,-0.44799386,10.32,0.526,TM,Healthy,,D010A,0.526,Healthy,Good,None,D10,original,False
851,109.23396489,-0.44233518,10.32,0.447,TM,Healthy,,D010A,0.447,Normal,Moderate,Routine,D10,original,False
852,109.23412174,-0.44759507,10.31,0.488,TM,Healthy,,D010A,0.488,Healthy,Good,None,D10,original,False
853,109.2340238,-0.44202502,10.31,0.486,TM,Healthy,,D010A,0.486,Healthy,Good,None,D10,original,False
854,109.23578359,-0.44739336,10.31,0.455,TM,Healthy,,D010A,0.455,Normal,Moderate,Routine,D10,original,False
855,109.2357146,-0.44475053,10.3,0.421,TM,Healthy,,D010A,0.421,Abnormal,Sub-Optimal,Monitor,D10,original,False
856,109.23405068,-0.44610296,10.3,0.403,TM,Healthy,,D010A,0.403,Abnormal,Sub-Optimal,Monitor,D10,original,False
857,109.23491864,-0.44135063,10.3,0.446,TM,Healthy,,D010A,0.446,Normal,Moderate,Routine,D10,original,False
858,109.23474412,-0.44808038,10.3,0.486,TM,Healthy,,D010A,0.486,Healthy,Good,None,D10,original,False
859,109.2337079,-0.4408064,10.3,0.483,TM,Healthy,,D010A,0.483,Healthy,Good,None,D10,original,False
860,109.2338689,-0.44369748,10.3,0.45,TM,Healthy,,D010A,0.45,Normal,Moderate,Routine,D10,original,False
861,109.23371558,-0.44630137,10.3,0.424,TM,Healthy,,D010A,0.424,Abnormal,Sub-Optimal,Monitor,D10,original,False
862,109.2356732,-0.44318427,10.29,0.458,TM,Healthy,,D010A,0.458,Normal,Moderate,Routine,D10,original,False
863,109.23465517,-0.44440981,10.29,0.444,TM,Healthy,,D010A,0.444,Normal,Moderate,Routine,D10,original,False
864,109.23464862,-0.44738766,10.29,0.473,TM,Healthy,,D010A,0.473,Healthy,Good,None,D10,original,False
865,109.23552491,-0.44728614,10.28,0.411,TM,Healthy,,D010A,0.411,Abnormal,Sub-Optimal,Monitor,D10,original,False
866,109.23465385,-0.44618314,10.28,0.555,TM,Healthy,,D010A,0.555,Healthy,Good,None,D10,original,False
867,109.23463558,-0.44747402,10.28,0.407,TM,Healthy,,D010A,0.407,Abnormal,Sub-Optimal,Monitor,D10,original,False
868,109.235467,-0.44527542,10.28,0.37,TM,Suspect,Circle_5m,D010A,0.37,Suspect,Critical,Priority Survey,D10,original,False
869,109.23574844,-0.44219182,10.28,0.537,TM,Healthy,,D010A,0.537,Healthy,Good,None,D10,original,False
870,109.23547203,-0.44491144,10.27,0.489,TM,Healthy,,D010A,0.489,Healthy,Good,None,D10,original,False
871,109.234695,-0.44689392,10.27,0.486,TM,Healthy,,D010A,0.486,Healthy,Good,None,D10,original,False
872,109.2347022,-0.4468356,10.27,0.47,TM,Healthy,,D010A,0.47,Healthy,Good,None,D10,original,False
873,109.23464718,-0.44209706,10.27,0.511,TM,Healthy,,D010A,0.511,Healthy,Good,None,D10,original,False
874,109.23422719,-0.44611024,10.27,0.484,TM,Healthy,,D010A,0.484,Healthy,Good,None,D10,original,False
875,109.2352577,-0.44531651,10.26,0.386,TM,Healthy,,D010A,0.386,Suspect,Critical,Priority Survey,D10,original,False
876,109.23549217,-0.44332982,10.26,0.462,TM,Healthy,,D010A,0.462,Healthy,Good,None,D10,original,False
877,109.23426587,-0.44585523,10.25,0.441,TM,Healthy,,D010A,0.441,Normal,Moderate,Routine,D10,original,False
878,109.23575166,-0.44187803,10.25,0.346,TM,Suspect,Circle_5m,D010A,0.346,Suspect,Critical,Priority Survey,D10,original,False
879,109.23380232,-0.44225601,10.25,0.473,TM,Healthy,,D010A,0.473,Healthy,Good,None,D10,original,False
880,109.23473948,-0.44116656,10.25,0.504,TM,Healthy,,D010A,0.504,Healthy,Good,None,D10,original,False
881,109.23413145,-0.44073326,10.23,0.513,TM,Healthy,,D010A,0.513,Healthy,Good,None,D10,original,False
882,109.23484276,-0.44126063,10.23,0.45,TM,Healthy,,D010A,0.45,Normal,Moderate,Routine,D10,original,False
883,109.23419893,-0.44027298,10.23,0.383,TM,Healthy,,D010A,0.383,Suspect,Critical,Priority Survey,D10,original,False
884,109.23530403,-0.44689226,10.22,0.454,TM,Healthy,,D010A,0.454,Normal,Moderate,Routine,D10,original,False
885,109.233974,-0.44178763,10.22,0.514,TM,Healthy,,D010A,0.514,Healthy,Good,None,D10,original,False
886,109.23387086,-0.44300027,10.21,0.429,TM,Healthy,,D010A,0.429,Abnormal,Sub-Optimal,Monitor,D10,original,False
887,109.2343258,-0.44126729,10.21,0.467,TM,Healthy,,D010A,0.467,Healthy,Good,None,D10,original,False
888,109.23498806,-0.44408615,10.21,0.446,TM,Healthy,,D010A,0.446,Normal,Moderate,Routine,D10,original,False
889,109.23393428,-0.44640271,10.2,0.423,TM,Healthy,,D010A,0.423,Abnormal,Sub-Optimal,Monitor,D10,original,False
890,109.23402439,-0.44142954,10.2,0.489,TM,Healthy,,D010A,0.489,Healthy,Good,None,D10,original,False
891,109.23459426,-0.44744823,10.2,0.441,TM,Healthy,,D010A,0.441,Normal,Moderate,Routine,D10,original,False
892,109.23542162,-0.44347088,10.2,0.46,TM,Healthy,,D010A,0.46,Healthy,Good,None,D10,original,False
893,109.23368545,-0.44077203,10.2,0.461,TM,Healthy,,D010A,0.461,Healthy,Good,None,D10,original,False
894,109.23551785,-0.44486849,10.2,0.439,TM,Healthy,,D010A,0.439,Normal,Moderate,Routine,D10,original,False
895,109.23485532,-0.44129907,10.2,0.435,TM,Healthy,,D010A,0.435,Normal,Moderate,Routine,D10,original,False
896,109.23371471,-0.440489,10.19,0.497,TM,Healthy,,D010A,0.497,Healthy,Good,None,D10,original,False
897,109.23581069,-0.44864537,10.19,0.389,TM,Healthy,,D010A,0.389,Suspect,Critical,Priority Survey,D10,original,False
898,109.23575569,-0.44194224,10.18,0.342,TM,Suspect,Circle_5m,D010A,0.342,Suspect,Critical,Priority Survey,D10,original,False
899,109.233744,-0.44766144,10.18,0.461,TM,Healthy,,D010A,0.461,Healthy,Good,None,D10,original,False
900,109.23384804,-0.44454933,10.18,0.454,TM,Healthy,,D010A,0.454,Normal,Moderate,Routine,D10,original,False
901,109.2353391,-0.4486231,10.18,0.405,TM,Healthy,,D010A,0.405,Abnormal,Sub-Optimal,Monitor,D10,original,False
902,109.2337098,-0.44791599,10.18,0.465,TM,Healthy,,D010A,0.465,Healthy,Good,None,D10,original,False
903,109.23451344,-0.44734603,10.18,0.401,TM,Healthy,,D010A,0.401,Abnormal,Sub-Optimal,Monitor,D10,original,False
904,109.23446668,-0.44568527,10.17,0.515,TM,Healthy,,D010A,0.515,Healthy,Good,None,D10,original,False
905,109.23539969,-0.44693162,10.17,0.409,TM,Healthy,,D010A,0.409,Abnormal,Sub-Optimal,Monitor,D10,original,False
906,109.23563397,-0.44761985,10.17,0.447,TM,Healthy,,D010A,0.447,Normal,Moderate,Routine,D10,original,False
907,109.23446751,-0.44408783,10.17,0.482,TM,Healthy,,D010A,0.482,Healthy,Good,None,D10,original,False
908,109.23426841,-0.44082914,10.17,0.442,TM,Healthy,,D010A,0.442,Normal,Moderate,Routine,D10,original,False
909,109.23416312,-0.44163847,10.16,0.436,TM,Healthy,,D010A,0.436,Normal,Moderate,Routine,D10,original,False
910,109.2341601,-0.44680156,10.16,0.456,TM,Healthy,,D010A,0.456,Normal,Moderate,Routine,D10,original,False
911,109.23399584,-0.44818871,10.16,0.42,TM,Healthy,,D010A,0.42,Abnormal,Sub-Optimal,Monitor,D10,original,False
912,109.23509139,-0.44772824,10.16,0.463,TM,Healthy,,D010A,0.463,Healthy,Good,None,D10,original,False
913,109.23395636,-0.44608756,10.16,0.447,TM,Healthy,,D010A,0.447,Normal,Moderate,Routine,D10,original,False
914,109.23424024,-0.44030148,10.15,0.407,TM,Healthy,,D010A,0.407,Abnormal,Sub-Optimal,Monitor,D10,original,False
915,109.23428246,-0.44599405,10.15,0.4,TM,Healthy,,D010A,0.4,Abnormal,Sub-Optimal,Monitor,D10,original,False
916,109.23578528,-0.44785229,10.15,0.369,TM,Suspect,Circle_5m,D010A,0.369,Suspect,Critical,Priority Survey,D10,original,False
917,109.23401517,-0.44619835,10.15,0.547,TM,Healthy,,D010A,0.547,Healthy,Good,None,D10,original,False
918,109.23576373,-0.44591618,10.15,0.465,TM,Healthy,,D010A,0.465,Healthy,Good,None,D10,original,False
919,109.23447079,-0.44348873,10.14,0.415,TM,Healthy,,D010A,0.415,Abnormal,Sub-Optimal,Monitor,D10,original,False
920,109.23389157,-0.44282213,10.14,0.38,TM,Suspect,Circle_5m,D010A,0.38,Suspect,Critical,Priority Survey,D10,original,False
921,109.23539743,-0.44129196,10.14,0.46,TM,Healthy,,D010A,0.46,Healthy,Good,None,D10,original,False
922,109.23566001,-0.44765558,10.14,0.407,TM,Healthy,,D010A,0.407,Abnormal,Sub-Optimal,Monitor,D10,original,False
923,109.23381472,-0.44302015,10.14,0.489,TM,Healthy,,D010A,0.489,Healthy,Good,None,D10,original,False
924,109.23430735,-0.44710589,10.13,0.496,TM,Healthy,,D010A,0.496,Healthy,Good,None,D10,original,False
925,109.23440161,-0.44545014,10.13,0.543,TM,Healthy,,D010A,0.543,Healthy,Good,None,D10,original,False
926,109.23393803,-0.44384219,10.11,0.523,TM,Healthy,,D010A,0.523,Healthy,Good,None,D10,original,False
927,109.23491341,-0.44065658,10.11,0.444,TM,Healthy,,D010A,0.444,Normal,Moderate,Routine,D10,original,False
928,109.23533959,-0.44846259,10.11,0.507,TM,Healthy,,D010A,0.507,Healthy,Good,None,D10,original,False
929,109.23392133,-0.44229764,10.11,0.466,TM,Healthy,,D010A,0.466,Healthy,Good,None,D10,original,False
930,109.2337731,-0.44427621,10.1,0.445,TM,Healthy,,D010A,0.445,Normal,Moderate,Routine,D10,original,False
931,109.23546696,-0.44733496,10.1,0.374,TM,Suspect,Circle_5m,D010A,0.374,Suspect,Critical,Priority Survey,D10,original,False
932,109.23524969,-0.4412024,10.1,0.436,TM,Healthy,,D010A,0.436,Normal,Moderate,Routine,D10,original,False
933,109.23550975,-0.44492908,10.1,0.578,TM,Healthy,,D010A,0.578,Healthy,Good,None,D10,original,False
934,109.23457576,-0.44215492,10.09,0.396,TM,Healthy,,D010A,0.396,Abnormal,Sub-Optimal,Monitor,D10,original,False
935,109.23412996,-0.44131743,10.09,0.398,TM,Healthy,,D010A,0.398,Abnormal,Sub-Optimal,Monitor,D10,original,False
936,109.2357244,-0.44318609,10.08,0.395,TM,Healthy,,D010A,0.395,Abnormal,Sub-Optimal,Monitor,D10,original,False
937,109.23579638,-0.44647007,10.07,0.381,TM,Healthy,,D010A,0.381,Suspect,Critical,Priority Survey,D10,original,False
938,109.2356454,-0.44679423,10.07,0.441,TM,Healthy,,D010A,0.441,Normal,Moderate,Routine,D10,original,False
939,109.23559191,-0.44318923,10.07,0.515,TM,Healthy,,D010A,0.515,Healthy,Good,None,D10,original,False
940,109.23510957,-0.44112912,10.06,0.479,TM,Healthy,,D010A,0.479,Healthy,Good,None,D10,original,False
941,109.23463437,-0.44119502,10.06,0.489,TM,Healthy,,D010A,0.489,Healthy,Good,None,D10,original,False
942,109.23552234,-0.44863264,10.06,0.512,TM,Healthy,,D010A,0.512,Healthy,Good,None,D10,original,False
943,109.2354327,-0.44786803,10.06,0.543,TM,Healthy,,D010A,0.543,Healthy,Good,None,D10,original,False
944,109.23557334,-0.44381997,10.06,0.412,TM,Healthy,,D010A,0.412,Abnormal,Sub-Optimal,Monitor,D10,original,False
945,109.23430442,-0.44807846,10.05,0.377,TM,Suspect,Circle_5m,D010A,0.377,Suspect,Critical,Priority Survey,D10,original,False
946,109.23367503,-0.44305222,10.05,0.513,TM,Healthy,,D010A,0.513,Healthy,Good,None,D10,original,False
947,109.23384299,-0.44499605,10.04,0.428,TM,Healthy,,D010A,0.428,Abnormal,Sub-Optimal,Monitor,D10,original,False
948,109.23566065,-0.4487335,10.04,0.431,TM,Healthy,,D010A,0.431,Normal,Moderate,Routine,D10,original,False
949,109.23515467,-0.44792041,10.03,0.547,TM,Healthy,,D010A,0.547,Healthy,Good,None,D10,original,False
950,109.23419289,-0.44303516,10.03,0.413,TM,Healthy,,D010A,0.413,Abnormal,Sub-Optimal,Monitor,D10,original,False
951,109.23563098,-0.44318381,10.03,0.371,TM,Suspect,Circle_5m,D010A,0.371,Suspect,Critical,Priority Survey,D10,original,False
952,109.23541883,-0.44766275,10.03,0.543,TM,Healthy,,D010A,0.543,Healthy,Good,None,D10,original,False
953,109.23573179,-0.44801144,10.03,0.396,TM,Healthy,,D010A,0.396,Abnormal,Sub-Optimal,Monitor,D10,original,False
954,109.2341434,-0.44149649,10.02,0.517,TM,Healthy,,D010A,0.517,Healthy,Good,None,D10,original,False
955,109.23453041,-0.44210562,10.02,0.439,TM,Healthy,,D010A,0.439,Normal,Moderate,Routine,D10,original,False
956,109.23543587,-0.44586682,10.02,0.426,TM,Healthy,,D010A,0.426,Abnormal,Sub-Optimal,Monitor,D10,original,False
957,109.23525635,-0.44339668,10.02,0.53,TM,Healthy,,D010A,0.53,Healthy,Good,None,D10,original,False
958,109.23430878,-0.44297098,10.01,0.358,TM,Suspect,Circle_5m,D010A,0.358,Suspect,Critical,Priority Survey,D10,original,False
959,109.23432372,-0.44814584,10.01,0.535,TM,Healthy,,D010A,0.535,Healthy,Good,None,D10,original,False
960,109.2346161,-0.44815133,10.01,0.348,TM,Suspect,Circle_5m,D010A,0.348,Suspect,Critical,Priority Survey,D10,original,False
961,109.23532695,-0.44871172,10.01,0.429,TM,Healthy,,D010A,0.429,Abnormal,Sub-Optimal,Monitor,D10,original,False
962,109.23446999,-0.44873321,10.01,0.401,TM,Healthy,,D010A,0.401,Abnormal,Sub-Optimal,Monitor,D10,original,False
963,109.23505522,-0.44871663,10.01,0.395,TM,Healthy,,D010A,0.395,Abnormal,Sub-Optimal,Monitor,D10,original,False
964,109.23514495,-0.44536034,10.01,0.404,TM,Healthy,,D010A,0.404,Abnormal,Sub-Optimal,Monitor,D10,original,False
965,109.23421949,-0.44260789,10.0,0.49,TM,Healthy,,D010A,0.49,Healthy,Good,None,D10,original,False
966,109.23403162,-0.44693717,10.0,0.329,TM,Suspect,Circle_5m,D010A,0.329,Suspect,Critical,Priority Survey,D10,original,False
967,109.23575803,-0.4415439,9.99,0.344,TM,Suspect,Circle_5m,D010A,0.344,Suspect,Critical,Priority Survey,D10,original,False
968,109.23458497,-0.44686858,9.99,0.402,TM,Healthy,,D010A,0.402,Abnormal,Sub-Optimal,Monitor,D10,original,False
969,109.23534166,-0.4435319,9.99,0.424,TM,Healthy,,D010A,0.424,Abnormal,Sub-Optimal,Monitor,D10,original,False
970,109.23392198,-0.4414675,9.98,0.468,TM,Healthy,,D010A,0.468,Healthy,Good,None,D10,original,False
971,109.23524193,-0.44172418,9.98,0.448,TM,Healthy,,D010A,0.448,Normal,Moderate,Routine,D10,original,False
972,109.23429213,-0.44309261,9.98,0.426,TM,Healthy,,D010A,0.426,Abnormal,Sub-Optimal,Monitor,D10,original,False
973,109.23397808,-0.4416226,9.98,0.487,TM,Healthy,,D010A,0.487,Healthy,Good,None,D10,original,False
974,109.2354836,-0.44912819,9.97,0.42,TM,Healthy,,D010A,0.42,Abnormal,Sub-Optimal,Monitor,D10,original,False
975,109.23406091,-0.44274123,9.97,0.431,TM,Healthy,,D010A,0.431,Normal,Moderate,Routine,D10,original,False
976,109.23579949,-0.4447397,9.96,0.447,TM,Healthy,,D010A,0.447,Normal,Moderate,Routine,D10,original,False
977,109.2343368,-0.44603475,9.96,0.437,TM,Healthy,,D010A,0.437,Normal,Moderate,Routine,D10,original,False
978,109.23369577,-0.44458456,9.95,0.545,TM,Healthy,,D010A,0.545,Healthy,Good,None,D10,original,False
979,109.23406642,-0.44602022,9.95,0.446,TM,Healthy,,D010A,0.446,Normal,Moderate,Routine,D10,original,False
980,109.23380685,-0.44776726,9.95,0.455,TM,Healthy,,D010A,0.455,Normal,Moderate,Routine,D10,original,False
981,109.23535962,-0.44164463,9.95,0.447,TM,Healthy,,D010A,0.447,Normal,Moderate,Routine,D10,original,False
982,109.23407576,-0.44072103,9.95,0.505,TM,Healthy,,D010A,0.505,Healthy,Good,None,D10,original,False
983,109.23434063,-0.44877433,9.94,0.564,TM,Healthy,,D010A,0.564,Healthy,Good,None,D10,original,False
984,109.23473335,-0.44803787,9.94,0.501,TM,Healthy,,D010A,0.501,Healthy,Good,None,D10,original,False
985,109.23372255,-0.44528992,9.94,0.453,TM,Healthy,,D010A,0.453,Normal,Moderate,Routine,D10,original,False
986,109.23442984,-0.44573907,9.94,0.482,TM,Healthy,,D010A,0.482,Healthy,Good,None,D10,original,False
987,109.23389837,-0.44631815,9.94,0.457,TM,Healthy,,D010A,0.457,Normal,Moderate,Routine,D10,original,False
988,109.23402475,-0.44369209,9.93,0.458,TM,Healthy,,D010A,0.458,Normal,Moderate,Routine,D10,original,False
989,109.23425946,-0.44068943,9.93,0.423,TM,Healthy,,D010A,0.423,Abnormal,Sub-Optimal,Monitor,D10,original,False
990,109.23427813,-0.44533165,9.93,0.431,TM,Healthy,,D010A,0.431,Normal,Moderate,Routine,D10,original,False
991,109.23524009,-0.44191589,9.92,0.475,TM,Healthy,,D010A,0.475,Healthy,Good,None,D10,original,False
992,109.2350235,-0.44233905,9.92,0.437,TM,Healthy,,D010A,0.437,Normal,Moderate,Routine,D10,original,False
993,109.23427442,-0.44770226,9.92,0.422,TM,Healthy,,D010A,0.422,Abnormal,Sub-Optimal,Monitor,D10,original,False
994,109.23503724,-0.44690305,9.91,0.458,TM,Healthy,,D010A,0.458,Normal,Moderate,Routine,D10,original,False
995,109.23533782,-0.44458133,9.91,0.517,TM,Healthy,,D010A,0.517,Healthy,Good,None,D10,original,False
996,109.23450875,-0.44061217,9.91,0.404,TM,Healthy,,D010A,0.404,Abnormal,Sub-Optimal,Monitor,D10,original,False
997,109.23439605,-0.44049006,9.91,0.431,TM,Healthy,,D010A,0.431,Normal,Moderate,Routine,D10,original,False
998,109.23487516,-0.44288702,9.9,0.452,TM,Healthy,,D010A,0.452,Normal,Moderate,Routine,D10,original,False
999,109.23445508,-0.44722755,9.89,0.392,TM,Healthy,,D010A,0.392,Abnormal,Sub-Optimal,Monitor,D10,original,False
1000,109.23567466,-0.44080913,9.89,0.403,TM,Healthy,,D010A,0.403,Abnormal,Sub-Optimal,Monitor,D10,original,False
1001,109.23370071,-0.44272442,9.89,0.396,TM,Healthy,,D010A,0.396,Abnormal,Sub-Optimal,Monitor,D10,original,False
1002,109.23514653,-0.44057389,9.88,0.505,TM,Healthy,,D010A,0.505,Healthy,Good,None,D10,original,False
1003,109.23562698,-0.44113829,9.88,0.484,TM,Healthy,,D010A,0.484,Healthy,Good,None,D10,original,False
1004,109.23538659,-0.44345866,9.87,0.345,TM,Suspect,Circle_5m,D010A,0.345,Suspect,Critical,Priority Survey,D10,original,False
1005,109.23399619,-0.44860378,9.86,0.463,TM,Healthy,,D010A,0.463,Healthy,Good,None,D10,original,False
1006,109.23498569,-0.44078139,9.86,0.449,TM,Healthy,,D010A,0.449,Normal,Moderate,Routine,D10,original,False
1007,109.23575148,-0.44265437,9.86,0.434,TM,Healthy,,D010A,0.434,Normal,Moderate,Routine,D10,original,False
1008,109.23464963,-0.44314424,9.85,0.46,TM,Healthy,,D010A,0.46,Healthy,Good,None,D10,original,False
1009,109.23428765,-0.4468364,9.85,0.406,TM,Healthy,,D010A,0.406,Abnormal,Sub-Optimal,Monitor,D10,original,False
1010,109.23504482,-0.44334599,9.85,0.4,TM,Healthy,,D010A,0.4,Abnormal,Sub-Optimal,Monitor,D10,original,False
1011,109.23404939,-0.44398012,9.84,0.396,TM,Healthy,,D010A,0.396,Abnormal,Sub-Optimal,Monitor,D10,original,False
1012,109.23412477,-0.44618708,9.84,0.471,TM,Healthy,,D010A,0.471,Healthy,Good,None,D10,original,False
1013,109.23381229,-0.44569461,9.84,0.431,TM,Healthy,,D010A,0.431,Normal,Moderate,Routine,D10,original,False
1014,109.23409076,-0.44374637,9.84,0.45,TM,Healthy,,D010A,0.45,Normal,Moderate,Routine,D10,original,False
1015,109.23367052,-0.44311416,9.84,0.548,TM,Healthy,,D010A,0.548,Healthy,Good,None,D10,original,False
1016,109.23572037,-0.44879953,9.84,0.443,TM,Healthy,,D010A,0.443,Normal,Moderate,Routine,D10,original,False
1017,109.23464401,-0.44221733,9.84,0.508,TM,Healthy,,D010A,0.508,Healthy,Good,None,D10,original,False
1018,109.23427794,-0.44232576,9.83,0.427,TM,Healthy,,D010A,0.427,Abnormal,Sub-Optimal,Monitor,D10,original,False
1019,109.23500569,-0.44169473,9.83,0.477,TM,Healthy,,D010A,0.477,Healthy,Good,None,D10,original,False
1020,109.23450179,-0.44154812,9.82,0.571,TM,Healthy,,D010A,0.571,Healthy,Good,None,D10,original,False
1021,109.23380706,-0.44499016,9.82,0.447,TM,Healthy,,D010A,0.447,Normal,Moderate,Routine,D10,original,False
1022,109.23436349,-0.44141606,9.82,0.51,TM,Healthy,,D010A,0.51,Healthy,Good,None,D10,original,False
1023,109.23391608,-0.44173336,9.81,0.401,TM,Healthy,,D010A,0.401,Abnormal,Sub-Optimal,Monitor,D10,original,False
1024,109.23394776,-0.4463688,9.81,0.474,TM,Healthy,,D010A,0.474,Healthy,Good,None,D10,original,False
1025,109.23441244,-0.44142647,9.81,0.589,TM,Healthy,,D010A,0.589,Healthy,Good,None,D10,original,False
1026,109.23373756,-0.44638367,9.8,0.51,TM,Healthy,,D010A,0.51,Healthy,Good,None,D10,original,False
1027,109.23538908,-0.44432272,9.8,0.457,TM,Healthy,,D010A,0.457,Normal,Moderate,Routine,D10,original,False
1028,109.23426864,-0.44177052,9.79,0.393,TM,Healthy,,D010A,0.393,Abnormal,Sub-Optimal,Monitor,D10,original,False
1029,109.23576036,-0.44873353,9.79,0.467,TM,Healthy,,D010A,0.467,Healthy,Good,None,D10,original,False
1030,109.23424299,-0.44196991,9.78,0.469,TM,Healthy,,D010A,0.469,Healthy,Good,None,D10,original,False
1031,109.23511854,-0.44500811,9.78,0.475,TM,Healthy,,D010A,0.475,Healthy,Good,None,D10,original,False
1032,109.23399038,-0.44471711,9.78,0.496,TM,Healthy,,D010A,0.496,Healthy,Good,None,D10,original,False
1033,109.23583776,-0.44247127,9.78,0.433,TM,Healthy,,D010A,0.433,Normal,Moderate,Routine,D10,original,False
1034,109.23486717,-0.44055935,9.77,0.499,TM,Healthy,,D010A,0.499,Healthy,Good,None,D10,original,False
1035,109.23379653,-0.44585422,9.77,0.434,TM,Healthy,,D010A,0.434,Normal,Moderate,Routine,D10,original,False
1036,109.23556001,-0.44322856,9.77,0.308,TM,Suspect,Circle_5m,D010A,0.308,Suspect,Critical,Priority Survey,D10,original,False
1037,109.23474602,-0.44766982,9.76,0.474,TM,Healthy,,D010A,0.474,Healthy,Good,None,D10,original,False
1038,109.23412806,-0.44365685,9.76,0.433,TM,Healthy,,D010A,0.433,Normal,Moderate,Routine,D10,original,False
1039,109.23428065,-0.44603564,9.76,0.496,TM,Healthy,,D010A,0.496,Healthy,Good,None,D10,original,False
1040,109.23387771,-0.44065633,9.76,0.436,TM,Healthy,,D010A,0.436,Normal,Moderate,Routine,D10,original,False
1041,109.23516549,-0.44777166,9.75,0.477,TM,Healthy,,D010A,0.477,Healthy,Good,None,D10,original,False
1042,109.23366746,-0.44086834,9.75,0.385,TM,Healthy,,D010A,0.385,Suspect,Critical,Priority Survey,D10,original,False
1043,109.23414818,-0.44217019,9.75,0.457,TM,Healthy,,D010A,0.457,Normal,Moderate,Routine,D10,original,False
1044,109.23366408,-0.44188251,9.75,0.369,TM,Suspect,Circle_5m,D010A,0.369,Suspect,Critical,Priority Survey,D10,original,False
1045,109.23510589,-0.44341564,9.74,0.525,TM,Healthy,,D010A,0.525,Healthy,Good,None,D10,original,False
1046,109.23372883,-0.4434352,9.74,0.453,TM,Healthy,,D010A,0.453,Normal,Moderate,Routine,D10,original,False
1047,109.23480104,-0.44294714,9.74,0.463,TM,Healthy,,D010A,0.463,Healthy,Good,None,D10,original,False
1048,109.23422631,-0.44602794,9.74,0.428,TM,Healthy,,D010A,0.428,Abnormal,Sub-Optimal,Monitor,D10,original,False
1049,109.23430972,-0.44277385,9.73,0.51,TM,Healthy,,D010A,0.51,Healthy,Good,None,D10,original,False
1050,109.2351508,-0.443436,9.73,0.469,TM,Healthy,,D010A,0.469,Healthy,Good,None,D10,original,False
1051,109.23554066,-0.44526956,9.73,0.451,TM,Healthy,,D010A,0.451,Normal,Moderate,Routine,D10,original,False
1052,109.23471216,-0.44838964,9.73,0.443,TM,Healthy,,D010A,0.443,Normal,Moderate,Routine,D10,original,False
1053,109.23521826,-0.44303179,9.73,0.394,TM,Healthy,,D010A,0.394,Abnormal,Sub-Optimal,Monitor,D10,original,False
1054,109.23561459,-0.44226097,9.72,0.44,TM,Healthy,,D010A,0.44,Normal,Moderate,Routine,D10,original,False
1055,109.23558104,-0.4492114,9.72,0.16,TM,Suspect,Circle_5m,D010A,0.16,Suspect,Critical,Priority Survey,D10,original,False
1056,109.23537278,-0.44677789,9.72,0.353,TM,Suspect,Circle_5m,D010A,0.353,Suspect,Critical,Priority Survey,D10,original,False
1057,109.23402567,-0.4473762,9.72,0.438,TM,Healthy,,D010A,0.438,Normal,Moderate,Routine,D10,original,False
1058,109.23436867,-0.44799257,9.72,0.339,TM,Suspect,Circle_5m,D010A,0.339,Suspect,Critical,Priority Survey,D10,original,False
1059,109.23407275,-0.44394486,9.71,0.416,TM,Healthy,,D010A,0.416,Abnormal,Sub-Optimal,Monitor,D10,original,False
1060,109.23479482,-0.44073522,9.71,0.475,TM,Healthy,,D010A,0.475,Healthy,Good,None,D10,original,False
1061,109.23489723,-0.44069907,9.7,0.426,TM,Healthy,,D010A,0.426,Abnormal,Sub-Optimal,Monitor,D10,original,False
1062,109.23467296,-0.44891412,9.7,0.412,TM,Healthy,,D010A,0.412,Abnormal,Sub-Optimal,Monitor,D10,original,False
1063,109.23460388,-0.44097798,9.7,0.483,TM,Healthy,,D010A,0.483,Healthy,Good,None,D10,original,False
1064,109.23395383,-0.44540527,9.69,0.526,TM,Healthy,,D010A,0.526,Healthy,Good,None,D10,original,False
1065,109.23504514,-0.44577901,9.69,0.414,TM,Healthy,,D010A,0.414,Abnormal,Sub-Optimal,Monitor,D10,original,False
1066,109.23398845,-0.4414648,9.69,0.472,TM,Healthy,,D010A,0.472,Healthy,Good,None,D10,original,False
1067,109.23452891,-0.44273773,9.69,0.421,TM,Healthy,,D010A,0.421,Abnormal,Sub-Optimal,Monitor,D10,original,False
1068,109.23387371,-0.44801732,9.69,0.44,TM,Healthy,,D010A,0.44,Normal,Moderate,Routine,D10,original,False
1069,109.2351431,-0.44558461,9.69,0.411,TM,Healthy,,D010A,0.411,Abnormal,Sub-Optimal,Monitor,D10,original,False
1070,109.23389203,-0.44465333,9.68,0.397,TM,Healthy,,D010A,0.397,Abnormal,Sub-Optimal,Monitor,D10,original,False
1071,109.23431554,-0.44664741,9.68,0.478,TM,Healthy,,D010A,0.478,Healthy,Good,None,D10,original,False
1072,109.23394395,-0.44163751,9.67,0.485,TM,Healthy,,D010A,0.485,Healthy,Good,None,D10,original,False
1073,109.2343494,-0.44590454,9.67,0.45,TM,Healthy,,D010A,0.45,Normal,Moderate,Routine,D10,original,False
1074,109.23416371,-0.4467482,9.67,0.435,TM,Healthy,,D010A,0.435,Normal,Moderate,Routine,D10,original,False
1075,109.23448849,-0.44271421,9.67,0.401,TM,Healthy,,D010A,0.401,Abnormal,Sub-Optimal,Monitor,D10,original,False
1076,109.23386561,-0.4480978,9.66,0.45,TM,Healthy,,D010A,0.45,Normal,Moderate,Routine,D10,original,False
1077,109.23485575,-0.4414008,9.66,0.382,TM,Healthy,,D010A,0.382,Suspect,Critical,Priority Survey,D10,original,False
1078,109.23555339,-0.44463474,9.66,0.525,TM,Healthy,,D010A,0.525,Healthy,Good,None,D10,original,False
1079,109.23542651,-0.44179159,9.66,0.49,TM,Healthy,,D010A,0.49,Healthy,Good,None,D10,original,False
1080,109.23566797,-0.44440915,9.66,0.492,TM,Healthy,,D010A,0.492,Healthy,Good,None,D10,original,False
1081,109.23507398,-0.44352143,9.65,0.542,TM,Healthy,,D010A,0.542,Healthy,Good,None,D10,original,False
1082,109.23539957,-0.44366168,9.65,0.449,TM,Healthy,,D010A,0.449,Normal,Moderate,Routine,D10,original,False
1083,109.23546199,-0.44366847,9.65,0.463,TM,Healthy,,D010A,0.463,Healthy,Good,None,D10,original,False
1084,109.23466782,-0.4421893,9.64,0.512,TM,Healthy,,D010A,0.512,Healthy,Good,None,D10,original,False
1085,109.23417105,-0.44421707,9.64,0.47,TM,Healthy,,D010A,0.47,Healthy,Good,None,D10,original,False
1086,109.2355819,-0.4437318,9.64,0.484,TM,Healthy,,D010A,0.484,Healthy,Good,None,D10,original,False
1087,109.23487582,-0.44198408,9.64,0.462,TM,Healthy,,D010A,0.462,Healthy,Good,None,D10,original,False
1088,109.23566466,-0.44323989,9.64,0.424,TM,Healthy,,D010A,0.424,Abnormal,Sub-Optimal,Monitor,D10,original,False
1089,109.23509824,-0.4434916,9.63,0.494,TM,Healthy,,D010A,0.494,Healthy,Good,None,D10,original,False
1090,109.23482397,-0.44282552,9.63,0.397,TM,Healthy,,D010A,0.397,Abnormal,Sub-Optimal,Monitor,D10,original,False
1091,109.23535589,-0.44791639,9.63,0.392,TM,Healthy,,D010A,0.392,Abnormal,Sub-Optimal,Monitor,D10,original,False
1092,109.23370005,-0.44737567,9.63,0.502,TM,Healthy,,D010A,0.502,Healthy,Good,None,D10,original,False
1093,109.23556769,-0.44495758,9.62,0.499,TM,Healthy,,D010A,0.499,Healthy,Good,None,D10,original,False
1094,109.2354809,-0.44347541,9.62,0.436,TM,Healthy,,D010A,0.436,Normal,Moderate,Routine,D10,original,False
1095,109.23538575,-0.44509001,9.61,0.458,TM,Healthy,,D010A,0.458,Normal,Moderate,Routine,D10,original,False
1096,109.23374433,-0.44250107,9.61,0.368,TM,Suspect,Circle_5m,D010A,0.368,Suspect,Critical,Priority Survey,D10,original,False
1097,109.2350619,-0.44520433,9.61,0.418,TM,Healthy,,D010A,0.418,Abnormal,Sub-Optimal,Monitor,D10,original,False
1098,109.23584001,-0.44243284,9.61,0.352,TM,Suspect,Circle_5m,D010A,0.352,Suspect,Critical,Priority Survey,D10,original,False
1099,109.23518139,-0.44701431,9.61,0.49,TM,Healthy,,D010A,0.49,Healthy,Good,None,D10,original,False
1100,109.23366912,-0.44145025,9.6,0.43,TM,Healthy,,D010A,0.43,Normal,Moderate,Routine,D10,original,False
1101,109.23400439,-0.44245094,9.59,0.485,TM,Healthy,,D010A,0.485,Healthy,Good,None,D10,original,False
1102,109.2349736,-0.44255969,9.59,0.428,TM,Healthy,,D010A,0.428,Abnormal,Sub-Optimal,Monitor,D10,original,False
1103,109.23465386,-0.44424794,9.59,0.431,TM,Healthy,,D010A,0.431,Normal,Moderate,Routine,D10,original,False
1104,109.23405723,-0.44499791,9.59,0.382,TM,Healthy,,D010A,0.382,Suspect,Critical,Priority Survey,D10,original,False
1105,109.23567891,-0.44565527,9.58,0.424,TM,Healthy,,D010A,0.424,Abnormal,Sub-Optimal,Monitor,D10,original,False
1106,109.23447554,-0.44242121,9.58,0.376,TM,Suspect,Circle_5m,D010A,0.376,Suspect,Critical,Priority Survey,D10,original,False
1107,109.23364345,-0.44553632,9.58,0.446,TM,Healthy,,D010A,0.446,Normal,Moderate,Routine,D10,original,False
1108,109.2336557,-0.44877145,9.58,0.36,TM,Suspect,Circle_5m,D010A,0.36,Suspect,Critical,Priority Survey,D10,original,False
1109,109.23495781,-0.44283956,9.56,0.445,TM,Healthy,,D010A,0.445,Normal,Moderate,Routine,D10,original,False
1110,109.23422383,-0.44887061,9.56,0.457,TM,Healthy,,D010A,0.457,Normal,Moderate,Routine,D10,original,False
1111,109.23545936,-0.44340035,9.56,0.38,TM,Healthy,,D010A,0.38,Suspect,Critical,Priority Survey,D10,original,False
1112,109.23475053,-0.44758799,9.56,0.432,TM,Healthy,,D010A,0.432,Normal,Moderate,Routine,D10,original,False
1113,109.23416264,-0.44176959,9.56,0.43,TM,Healthy,,D010A,0.43,Normal,Moderate,Routine,D10,original,False
1114,109.23422406,-0.44417504,9.56,0.48,TM,Healthy,,D010A,0.48,Healthy,Good,None,D10,original,False
1115,109.23576006,-0.44244865,9.55,0.467,TM,Healthy,,D010A,0.467,Healthy,Good,None,D10,original,False
1116,109.23461798,-0.4421287,9.55,0.444,TM,Healthy,,D010A,0.444,Normal,Moderate,Routine,D10,original,False
1117,109.2336974,-0.44532337,9.55,0.445,TM,Healthy,,D010A,0.445,Normal,Moderate,Routine,D10,original,False
1118,109.23402318,-0.44275434,9.55,0.427,TM,Healthy,,D010A,0.427,Abnormal,Sub-Optimal,Monitor,D10,original,False
1119,109.2355826,-0.44268598,9.54,0.466,TM,Healthy,,D010A,0.466,Healthy,Good,None,D10,original,False
1120,109.23473773,-0.44095541,9.54,0.432,TM,Healthy,,D010A,0.432,Normal,Moderate,Routine,D10,original,False
1121,109.23373391,-0.44098094,9.54,0.415,TM,Healthy,,D010A,0.415,Abnormal,Sub-Optimal,Monitor,D10,original,False
1122,109.23579896,-0.44697196,9.54,0.372,TM,Suspect,Circle_5m,D010A,0.372,Suspect,Critical,Priority Survey,D10,original,False
1123,109.23550873,-0.44733451,9.54,0.422,TM,Healthy,,D010A,0.422,Abnormal,Sub-Optimal,Monitor,D10,original,False
1124,109.23457284,-0.4411837,9.54,0.512,TM,Healthy,,D010A,0.512,Healthy,Good,None,D10,original,False
1125,109.23565318,-0.44428209,9.53,0.511,TM,Healthy,,D010A,0.511,Healthy,Good,None,D10,original,False
1126,109.23487042,-0.44393736,9.53,0.485,TM,Healthy,,D010A,0.485,Healthy,Good,None,D10,original,False
1127,109.23400365,-0.44553867,9.53,0.466,TM,Healthy,,D010A,0.466,Healthy,Good,None,D10,original,False
1128,109.23549857,-0.44282342,9.53,0.492,TM,Healthy,,D010A,0.492,Healthy,Good,None,D10,original,False
1129,109.23409546,-0.4409756,9.53,0.439,TM,Healthy,,D010A,0.439,Normal,Moderate,Routine,D10,original,False
1130,109.23556678,-0.44118303,9.53,0.477,TM,Healthy,,D010A,0.477,Healthy,Good,None,D10,original,False
1131,109.23440193,-0.44029835,9.52,0.41,TM,Healthy,,D010A,0.41,Abnormal,Sub-Optimal,Monitor,D10,original,False
1132,109.23382925,-0.44801324,9.52,0.438,TM,Healthy,,D010A,0.438,Normal,Moderate,Routine,D10,original,False
1133,109.23567714,-0.44364547,9.52,0.552,TM,Healthy,,D010A,0.552,Healthy,Good,None,D10,original,False
1134,109.2354623,-0.44614716,9.52,0.489,TM,Healthy,,D010A,0.489,Healthy,Good,None,D10,original,False
1135,109.23386855,-0.44137479,9.52,0.491,TM,Healthy,,D010A,0.491,Healthy,Good,None,D10,original,False
1136,109.23397629,-0.44352433,9.51,0.527,TM,Healthy,,D010A,0.527,Healthy,Good,None,D10,original,False
1137,109.23494933,-0.44640069,9.51,0.372,TM,Suspect,Circle_5m,D010A,0.372,Suspect,Critical,Priority Survey,D10,original,False
1138,109.23448271,-0.44057418,9.51,0.47,TM,Healthy,,D010A,0.47,Healthy,Good,None,D10,original,False
1139,109.23399783,-0.44169042,9.51,0.478,TM,Healthy,,D010A,0.478,Healthy,Good,None,D10,original,False
1140,109.23382205,-0.44806568,9.51,0.472,TM,Healthy,,D010A,0.472,Healthy,Good,None,D10,original,False
1141,109.23368342,-0.44552141,9.51,0.472,TM,Healthy,,D010A,0.472,Healthy,Good,None,D10,original,False
1142,109.23451478,-0.44739305,9.51,0.423,TM,Healthy,,D010A,0.423,Abnormal,Sub-Optimal,Monitor,D10,original,False
1143,109.23568342,-0.44553681,9.51,0.414,TM,Healthy,,D010A,0.414,Abnormal,Sub-Optimal,Monitor,D10,original,False
1144,109.23457429,-0.44457527,9.5,0.431,TM,Healthy,,D010A,0.431,Normal,Moderate,Routine,D10,original,False
1145,109.23533591,-0.44125532,9.5,0.46,TM,Healthy,,D010A,0.46,Healthy,Good,None,D10,original,False
1146,109.23509064,-0.44334736,9.5,0.441,TM,Healthy,,D010A,0.441,Normal,Moderate,Routine,D10,original,False
1147,109.23416184,-0.4451494,9.5,0.445,TM,Healthy,,D010A,0.445,Normal,Moderate,Routine,D10,original,False
1148,109.23499064,-0.44074522,9.49,0.439,TM,Healthy,,D010A,0.439,Normal,Moderate,Routine,D10,original,False
1149,109.23368271,-0.44094521,9.49,0.486,TM,Healthy,,D010A,0.486,Healthy,Good,None,D10,original,False
1150,109.23564665,-0.44905362,9.49,0.454,TM,Healthy,,D010A,0.454,Normal,Moderate,Routine,D10,original,False
1151,109.23403129,-0.44075222,9.49,0.529,TM,Healthy,,D010A,0.529,Healthy,Good,None,D10,original,False
1152,109.23570813,-0.44172203,9.49,0.491,TM,Healthy,,D010A,0.491,Healthy,Good,None,D10,original,False
1153,109.23553237,-0.44802405,9.49,0.458,TM,Healthy,,D010A,0.458,Normal,Moderate,Routine,D10,original,False
1154,109.23505577,-0.44643372,9.49,0.462,TM,Healthy,,D010A,0.462,Healthy,Good,None,D10,original,False
1155,109.23443255,-0.44566673,9.48,0.468,TM,Healthy,,D010A,0.468,Healthy,Good,None,D10,original,False
1156,109.23408837,-0.44435315,9.48,0.459,TM,Healthy,,D010A,0.459,Normal,Moderate,Routine,D10,original,False
1157,109.23513888,-0.4406607,9.48,0.42,TM,Healthy,,D010A,0.42,Abnormal,Sub-Optimal,Monitor,D10,original,False
1158,109.23380658,-0.44133137,9.47,0.498,TM,Healthy,,D010A,0.498,Healthy,Good,None,D10,original,False
1159,109.23532135,-0.44394335,9.47,0.396,TM,Healthy,,D010A,0.396,Abnormal,Sub-Optimal,Monitor,D10,original,False
1160,109.23524614,-0.44480829,9.47,0.517,TM,Healthy,,D010A,0.517,Healthy,Good,None,D10,original,False
1161,109.23444067,-0.44549356,9.47,0.481,TM,Healthy,,D010A,0.481,Healthy,Good,None,D10,original,False
1162,109.23372467,-0.44770484,9.47,0.502,TM,Healthy,,D010A,0.502,Healthy,Good,None,D10,original,False
1163,109.23434533,-0.44414975,9.47,0.441,TM,Healthy,,D010A,0.441,Normal,Moderate,Routine,D10,original,False
1164,109.23575449,-0.44320735,9.46,0.444,TM,Healthy,,D010A,0.444,Normal,Moderate,Routine,D10,original,False
1165,109.23541968,-0.44598076,9.46,0.447,TM,Healthy,,D010A,0.447,Normal,Moderate,Routine,D10,original,False
1166,109.23366387,-0.44274928,9.46,0.46,TM,Healthy,,D010A,0.46,Healthy,Good,None,D10,original,False
1167,109.23438802,-0.44592263,9.46,0.397,TM,Healthy,,D010A,0.397,Abnormal,Sub-Optimal,Monitor,D10,original,False
1168,109.23386722,-0.44132551,9.45,0.465,TM,Healthy,,D010A,0.465,Healthy,Good,None,D10,original,False
1169,109.23479878,-0.44298557,9.45,0.412,TM,Healthy,,D010A,0.412,Abnormal,Sub-Optimal,Monitor,D10,original,False
1170,109.23443335,-0.44606326,9.45,0.444,TM,Healthy,,D010A,0.444,Normal,Moderate,Routine,D10,original,False
1171,109.23556676,-0.44507695,9.45,0.464,TM,Healthy,,D010A,0.464,Healthy,Good,None,D10,original,False
1172,109.23449999,-0.44725379,9.44,0.432,TM,Healthy,,D010A,0.432,Normal,Moderate,Routine,D10,original,False
1173,109.23453953,-0.44340555,9.44,0.458,TM,Healthy,,D010A,0.458,Normal,Moderate,Routine,D10,original,False
1174,109.23388012,-0.44564263,9.44,0.4,TM,Healthy,,D010A,0.4,Abnormal,Sub-Optimal,Monitor,D10,original,False
1175,109.23520076,-0.44677468,9.43,0.37,TM,Suspect,Circle_5m,D010A,0.37,Suspect,Critical,Priority Survey,D10,original,False
1176,109.23409057,-0.44267297,9.43,0.472,TM,Healthy,,D010A,0.472,Healthy,Good,None,D10,original,False
1177,109.23501775,-0.44766808,9.43,0.471,TM,Healthy,,D010A,0.471,Healthy,Good,None,D10,original,False
1178,109.23423238,-0.44693541,9.43,0.313,TM,Suspect,Circle_5m,D010A,0.313,Suspect,Critical,Priority Survey,D10,original,False
1179,109.23484071,-0.44799359,9.43,0.533,TM,Healthy,,D010A,0.533,Healthy,Good,None,D10,original,False
1180,109.23383202,-0.44768226,9.42,0.548,TM,Healthy,,D010A,0.548,Healthy,Good,None,D10,original,False
1181,109.23432807,-0.4430465,9.42,0.516,TM,Healthy,,D010A,0.516,Healthy,Good,None,D10,original,False
1182,109.23571293,-0.44420614,9.42,0.487,TM,Healthy,,D010A,0.487,Healthy,Good,None,D10,original,False
1183,109.23446076,-0.44031871,9.42,0.526,TM,Healthy,,D010A,0.526,Healthy,Good,None,D10,original,False
1184,109.23452636,-0.44023825,9.41,0.432,TM,Healthy,,D010A,0.432,Normal,Moderate,Routine,D10,original,False
1185,109.23371461,-0.44088869,9.41,0.465,TM,Healthy,,D010A,0.465,Healthy,Good,None,D10,original,False
1186,109.23574721,-0.44169943,9.4,0.355,TM,Suspect,Circle_5m,D010A,0.355,Suspect,Critical,Priority Survey,D10,original,False
1187,109.23573154,-0.44150817,9.4,0.505,TM,Healthy,,D010A,0.505,Healthy,Good,None,D10,original,False
1188,109.2347706,-0.44058329,9.4,0.445,TM,Healthy,,D010A,0.445,Normal,Moderate,Routine,D10,original,False
1189,109.23540303,-0.4460956,9.4,0.375,TM,Suspect,Circle_5m,D010A,0.375,Suspect,Critical,Priority Survey,D10,original,False
1190,109.23434585,-0.44574312,9.4,0.465,TM,Healthy,,D010A,0.465,Healthy,Good,None,D10,original,False
1191,109.23389265,-0.44202182,9.4,0.379,TM,Suspect,Circle_5m,D010A,0.379,Suspect,Critical,Priority Survey,D10,original,False
1192,109.23415129,-0.44229046,9.39,0.49,TM,Healthy,,D010A,0.49,Healthy,Good,None,D10,original,False
1193,109.23541295,-0.44594368,9.38,0.474,TM,Healthy,,D010A,0.474,Healthy,Good,None,D10,original,False
1194,109.23564786,-0.44777811,9.38,0.434,TM,Healthy,,D010A,0.434,Normal,Moderate,Routine,D10,original,False
1195,109.23568997,-0.44444713,9.37,0.517,TM,Healthy,,D010A,0.517,Healthy,Good,None,D10,original,False
1196,109.23483461,-0.4415075,9.37,0.428,TM,Healthy,,D010A,0.428,Abnormal,Sub-Optimal,Monitor,D10,original,False
1197,109.23385264,-0.44217961,9.37,0.428,TM,Healthy,,D010A,0.428,Abnormal,Sub-Optimal,Monitor,D10,original,False
1198,109.23393801,-0.44203449,9.36,0.471,TM,Healthy,,D010A,0.471,Healthy,Good,None,D10,original,False
1199,109.23567585,-0.44339769,9.36,0.409,TM,Healthy,,D010A,0.409,Abnormal,Sub-Optimal,Monitor,D10,original,False
1200,109.23510698,-0.4463745,9.36,0.505,TM,Healthy,,D010A,0.505,Healthy,Good,None,D10,original,False
1201,109.23392599,-0.44348544,9.35,0.487,TM,Healthy,,D010A,0.487,Healthy,Good,None,D10,original,False
1202,109.23492816,-0.44286262,9.35,0.385,TM,Healthy,,D010A,0.385,Suspect,Critical,Priority Survey,D10,original,False
1203,109.23378569,-0.4404031,9.35,0.473,TM,Healthy,,D010A,0.473,Healthy,Good,None,D10,original,False
1204,109.23528721,-0.44585051,9.34,0.424,TM,Healthy,,D010A,0.424,Abnormal,Sub-Optimal,Monitor,D10,original,False
1205,109.23533682,-0.4487592,9.34,0.359,TM,Suspect,Circle_5m,D010A,0.359,Suspect,Critical,Priority Survey,D10,original,False
1206,109.23500937,-0.4451279,9.34,0.483,TM,Healthy,,D010A,0.483,Healthy,Good,None,D10,original,False
1207,109.23521652,-0.4408981,9.33,0.51,TM,Healthy,,D010A,0.51,Healthy,Good,None,D10,original,False
1208,109.23555717,-0.44760175,9.33,0.454,TM,Healthy,,D010A,0.454,Normal,Moderate,Routine,D10,original,False
1209,109.23541945,-0.4487981,9.33,0.358,TM,Suspect,Circle_5m,D010A,0.358,Suspect,Critical,Priority Survey,D10,original,False
1210,109.23435965,-0.44245057,9.32,0.425,TM,Healthy,,D010A,0.425,Abnormal,Sub-Optimal,Monitor,D10,original,False
1211,109.23370555,-0.44313045,9.32,0.441,TM,Healthy,,D010A,0.441,Normal,Moderate,Routine,D10,original,False
1212,109.23448545,-0.44038247,9.32,0.433,TM,Healthy,,D010A,0.433,Normal,Moderate,Routine,D10,original,False
1213,109.23568994,-0.44646598,9.31,0.45,TM,Healthy,,D010A,0.45,Normal,Moderate,Routine,D10,original,False
1214,109.23374981,-0.44777629,9.31,0.463,TM,Healthy,,D010A,0.463,Healthy,Good,None,D10,original,False
1215,109.23572668,-0.44870548,9.31,0.443,TM,Healthy,,D010A,0.443,Normal,Moderate,Routine,D10,original,False
1216,109.23414761,-0.4407839,9.31,0.406,TM,Healthy,,D010A,0.406,Abnormal,Sub-Optimal,Monitor,D10,original,False
1217,109.23371605,-0.44806792,9.3,0.448,TM,Healthy,,D010A,0.448,Normal,Moderate,Routine,D10,original,False
1218,109.2349781,-0.44250814,9.3,0.4,TM,Healthy,,D010A,0.4,Abnormal,Sub-Optimal,Monitor,D10,original,False
1219,109.23504925,-0.44361412,9.3,0.406,TM,Healthy,,D010A,0.406,Abnormal,Sub-Optimal,Monitor,D10,original,False
1220,109.23430363,-0.44762676,9.3,0.419,TM,Healthy,,D010A,0.419,Abnormal,Sub-Optimal,Monitor,D10,original,False
1221,109.23516449,-0.44817317,9.3,0.397,TM,Healthy,,D010A,0.397,Abnormal,Sub-Optimal,Monitor,D10,original,False
1222,109.23499225,-0.44156994,9.3,0.447,TM,Healthy,,D010A,0.447,Normal,Moderate,Routine,D10,original,False
1223,109.23470103,-0.4404083,9.3,0.545,TM,Healthy,,D010A,0.545,Healthy,Good,None,D10,original,False
1224,109.23392412,-0.44755794,9.29,0.481,TM,Healthy,,D010A,0.481,Healthy,Good,None,D10,original,False
1225,109.23397506,-0.44491741,9.28,0.356,TM,Suspect,Circle_5m,D010A,0.356,Suspect,Critical,Priority Survey,D10,original,False
1226,109.23403894,-0.44823348,9.28,0.447,TM,Healthy,,D010A,0.447,Normal,Moderate,Routine,D10,original,False
1227,109.23394532,-0.44341943,9.27,0.594,TM,Healthy,,D010A,0.594,Healthy,Good,None,D10,original,False
1228,109.23519489,-0.44119696,9.27,0.447,TM,Healthy,,D010A,0.447,Normal,Moderate,Routine,D10,original,False
1229,109.2347785,-0.44893042,9.27,0.467,TM,Healthy,,D010A,0.467,Healthy,Good,None,D10,original,False
1230,109.23472943,-0.44754322,9.27,0.423,TM,Healthy,,D010A,0.423,Abnormal,Sub-Optimal,Monitor,D10,original,False
1231,109.23514359,-0.44541912,9.27,0.434,TM,Healthy,,D010A,0.434,Normal,Moderate,Routine,D10,original,False
1232,109.23537372,-0.44658256,9.27,0.563,TM,Healthy,,D010A,0.563,Healthy,Good,None,D10,original,False
1233,109.23466614,-0.44169058,9.27,0.508,TM,Healthy,,D010A,0.508,Healthy,Good,None,D10,original,False
1234,109.23580848,-0.44658628,9.26,0.444,TM,Healthy,,D010A,0.444,Normal,Moderate,Routine,D10,original,False
1235,109.23449728,-0.44164533,9.26,0.528,TM,Healthy,,D010A,0.528,Healthy,Good,None,D10,original,False
1236,109.23442465,-0.44677404,9.25,0.406,TM,Healthy,,D010A,0.406,Abnormal,Sub-Optimal,Monitor,D10,original,False
1237,109.23495252,-0.44807274,9.25,0.47,TM,Healthy,,D010A,0.47,Healthy,Good,None,D10,original,False
1238,109.23424025,-0.44782253,9.25,0.416,TM,Healthy,,D010A,0.416,Abnormal,Sub-Optimal,Monitor,D10,original,False
1239,109.23539472,-0.44703878,9.25,0.473,TM,Healthy,,D010A,0.473,Healthy,Good,None,D10,original,False
1240,109.23376148,-0.44591118,9.25,0.439,TM,Healthy,,D010A,0.439,Normal,Moderate,Routine,D10,original,False
1241,109.23428325,-0.4445752,9.24,0.49,TM,Healthy,,D010A,0.49,Healthy,Good,None,D10,original,False
1242,109.23581295,-0.44667219,9.24,0.435,TM,Healthy,,D010A,0.435,Normal,Moderate,Routine,D10,original,False
1243,109.23520525,-0.44297662,9.24,0.393,TM,Healthy,,D010A,0.393,Abnormal,Sub-Optimal,Monitor,D10,original,False
1244,109.23550988,-0.4425033,9.24,0.519,TM,Healthy,,D010A,0.519,Healthy,Good,None,D10,original,False
1245,109.23511016,-0.44625197,9.23,0.473,TM,Healthy,,D010A,0.473,Healthy,Good,None,D10,original,False
1246,109.23394483,-0.44735991,9.23,0.459,TM,Healthy,,D010A,0.459,Normal,Moderate,Routine,D10,original,False
1247,109.23569169,-0.44855943,9.23,0.471,TM,Healthy,,D010A,0.471,Healthy,Good,None,D10,original,False
1248,109.23462226,-0.44305335,9.22,0.464,TM,Healthy,,D010A,0.464,Healthy,Good,None,D10,original,False
1249,109.23425944,-0.44836873,9.22,0.437,TM,Healthy,,D010A,0.437,Normal,Moderate,Routine,D10,original,False
1250,109.23480253,-0.44233855,9.22,0.428,TM,Healthy,,D010A,0.428,Abnormal,Sub-Optimal,Monitor,D10,original,False
1251,109.23444156,-0.44553696,9.22,0.424,TM,Healthy,,D010A,0.424,Abnormal,Sub-Optimal,Monitor,D10,original,False
1252,109.23402003,-0.44466783,9.22,0.5,TM,Healthy,,D010A,0.5,Healthy,Good,None,D10,original,False
1253,109.23413514,-0.4403331,9.22,0.501,TM,Healthy,,D010A,0.501,Healthy,Good,None,D10,original,False
1254,109.23464172,-0.44808713,9.22,0.428,TM,Healthy,,D010A,0.428,Abnormal,Sub-Optimal,Monitor,D10,original,False
1255,109.23385265,-0.4440696,9.21,0.423,TM,Healthy,,D010A,0.423,Abnormal,Sub-Optimal,Monitor,D10,original,False
1256,109.23537019,-0.44064222,9.21,0.399,TM,Healthy,,D010A,0.399,Abnormal,Sub-Optimal,Monitor,D10,original,False
1257,109.23578285,-0.44485364,9.21,0.408,TM,Healthy,,D010A,0.408,Abnormal,Sub-Optimal,Monitor,D10,original,False
1258,109.23518295,-0.44611092,9.21,0.425,TM,Healthy,,D010A,0.425,Abnormal,Sub-Optimal,Monitor,D10,original,False
1259,109.23509263,-0.44628588,9.21,0.467,TM,Healthy,,D010A,0.467,Healthy,Good,None,D10,original,False
1260,109.23405201,-0.44616038,9.2,0.443,TM,Healthy,,D010A,0.443,Normal,Moderate,Routine,D10,original,False
1261,109.23507661,-0.44567005,9.2,0.383,TM,Healthy,,D010A,0.383,Suspect,Critical,Priority Survey,D10,original,False
1262,109.23476368,-0.44326906,9.2,0.451,TM,Healthy,,D010A,0.451,Normal,Moderate,Routine,D10,original,False
1263,109.23441672,-0.44044304,9.2,0.399,TM,Healthy,,D010A,0.399,Abnormal,Sub-Optimal,Monitor,D10,original,False
1264,109.23566488,-0.44607396,9.2,0.446,TM,Healthy,,D010A,0.446,Normal,Moderate,Routine,D10,original,False
1265,109.23559379,-0.44283746,9.2,0.47,TM,Healthy,,D010A,0.47,Healthy,Good,None,D10,original,False
1266,109.23373176,-0.44056767,9.2,0.457,TM,Healthy,,D010A,0.457,Normal,Moderate,Routine,D10,original,False
1267,109.23559827,-0.44287544,9.2,0.409,TM,Healthy,,D010A,0.409,Abnormal,Sub-Optimal,Monitor,D10,original,False
1268,109.23429047,-0.44820235,9.19,0.426,TM,Healthy,,D010A,0.426,Abnormal,Sub-Optimal,Monitor,D10,original,False
1269,109.23571805,-0.44344789,9.19,0.43,TM,Healthy,,D010A,0.43,Normal,Moderate,Routine,D10,original,False
1270,109.23546235,-0.44597218,9.18,0.378,TM,Suspect,Circle_5m,D010A,0.378,Suspect,Critical,Priority Survey,D10,original,False
1271,109.23441424,-0.44331645,9.18,0.395,TM,Healthy,,D010A,0.395,Abnormal,Sub-Optimal,Monitor,D10,original,False
1272,109.23411179,-0.44409091,9.18,0.446,TM,Healthy,,D010A,0.446,Normal,Moderate,Routine,D10,original,False
1273,109.23452973,-0.44115566,9.18,0.47,TM,Healthy,,D010A,0.47,Healthy,Good,None,D10,original,False
1274,109.23569488,-0.44833381,9.18,0.359,TM,Suspect,Circle_5m,D010A,0.359,Suspect,Critical,Priority Survey,D10,original,False
1275,109.23438735,-0.4468518,9.18,0.47,TM,Healthy,,D010A,0.47,Healthy,Good,None,D10,original,False
1276,109.23534996,-0.44829122,9.18,0.428,TM,Healthy,,D010A,0.428,Abnormal,Sub-Optimal,Monitor,D10,original,False
1277,109.23520703,-0.44872435,9.18,0.351,TM,Suspect,Circle_5m,D010A,0.351,Suspect,Critical,Priority Survey,D10,original,False
1278,109.233712,-0.44053557,9.17,0.468,TM,Healthy,,D010A,0.468,Healthy,Good,None,D10,original,False
1279,109.23390807,-0.4470868,9.17,0.457,TM,Healthy,,D010A,0.457,Normal,Moderate,Routine,D10,original,False
1280,109.23464162,-0.44284808,9.16,0.44,TM,Healthy,,D010A,0.44,Normal,Moderate,Routine,D10,original,False
1281,109.23500662,-0.44722045,9.16,0.431,TM,Healthy,,D010A,0.431,Normal,Moderate,Routine,D10,original,False
1282,109.23437791,-0.44877479,9.16,0.397,TM,Healthy,,D010A,0.397,Abnormal,Sub-Optimal,Monitor,D10,original,False
1283,109.23486441,-0.44274595,9.16,0.402,TM,Healthy,,D010A,0.402,Abnormal,Sub-Optimal,Monitor,D10,original,False
1284,109.23571997,-0.44295685,9.16,0.466,TM,Healthy,,D010A,0.466,Healthy,Good,None,D10,original,False
1285,109.23551335,-0.44868237,9.16,0.502,TM,Healthy,,D010A,0.502,Healthy,Good,None,D10,original,False
1286,109.23550057,-0.44764559,9.16,0.481,TM,Healthy,,D010A,0.481,Healthy,Good,None,D10,original,False
1287,109.23505123,-0.4466399,9.15,0.432,TM,Healthy,,D010A,0.432,Normal,Moderate,Routine,D10,original,False
1288,109.23389521,-0.44070471,9.15,0.439,TM,Healthy,,D010A,0.439,Normal,Moderate,Routine,D10,original,False
1289,109.23512008,-0.4479394,9.15,0.384,TM,Healthy,,D010A,0.384,Suspect,Critical,Priority Survey,D10,original,False
1290,109.23382021,-0.44636153,9.14,0.499,TM,Healthy,,D010A,0.499,Healthy,Good,None,D10,original,False
1291,109.23391313,-0.44845817,9.14,0.433,TM,Healthy,,D010A,0.433,Normal,Moderate,Routine,D10,original,False
1292,109.23490231,-0.44581424,9.14,0.489,TM,Healthy,,D010A,0.489,Healthy,Good,None,D10,original,False
1293,109.23520572,-0.44669148,9.14,0.409,TM,Healthy,,D010A,0.409,Abnormal,Sub-Optimal,Monitor,D10,original,False
1294,109.23553742,-0.44755924,9.14,0.398,TM,Healthy,,D010A,0.398,Abnormal,Sub-Optimal,Monitor,D10,original,False
1295,109.23410972,-0.44334396,9.13,0.463,TM,Healthy,,D010A,0.463,Healthy,Good,None,D10,original,False
1296,109.23451139,-0.44842214,9.13,0.431,TM,Healthy,,D010A,0.431,Normal,Moderate,Routine,D10,original,False
1297,109.23481857,-0.44852124,9.13,0.429,TM,Healthy,,D010A,0.429,Abnormal,Sub-Optimal,Monitor,D10,original,False
1298,109.23380407,-0.44623131,9.12,0.445,TM,Healthy,,D010A,0.445,Normal,Moderate,Routine,D10,original,False
1299,109.23429825,-0.44569518,9.12,0.336,TM,Suspect,Circle_5m,D010A,0.336,Suspect,Critical,Priority Survey,D10,original,False
1300,109.23513846,-0.44809991,9.11,0.453,TM,Healthy,,D010A,0.453,Normal,Moderate,Routine,D10,original,False
1301,109.23399002,-0.44807341,9.11,0.504,TM,Healthy,,D010A,0.504,Healthy,Good,None,D10,original,False
1302,109.23552408,-0.44510994,9.1,0.552,TM,Healthy,,D010A,0.552,Healthy,Good,None,D10,original,False
1303,109.23525943,-0.44180693,9.1,0.412,TM,Healthy,,D010A,0.412,Abnormal,Sub-Optimal,Monitor,D10,original,False
1304,109.23434146,-0.44531222,9.09,0.397,TM,Healthy,,D010A,0.397,Abnormal,Sub-Optimal,Monitor,D10,original,False
1305,109.23445358,-0.44600042,9.09,0.492,TM,Healthy,,D010A,0.492,Healthy,Good,None,D10,original,False
1306,109.23461323,-0.44702593,9.08,0.497,TM,Healthy,,D010A,0.497,Healthy,Good,None,D10,original,False
1307,109.23392907,-0.44567474,9.08,0.409,TM,Healthy,,D010A,0.409,Abnormal,Sub-Optimal,Monitor,D10,original,False
1308,109.23553446,-0.44677928,9.08,0.505,TM,Healthy,,D010A,0.505,Healthy,Good,None,D10,original,False
1309,109.23536544,-0.44361555,9.07,0.471,TM,Healthy,,D010A,0.471,Healthy,Good,None,D10,original,False
1310,109.23407507,-0.44739837,9.06,0.445,TM,Healthy,,D010A,0.445,Normal,Moderate,Routine,D10,original,False
1311,109.23444936,-0.44105617,9.06,0.505,TM,Healthy,,D010A,0.505,Healthy,Good,None,D10,original,False
1312,109.23458424,-0.44427912,9.06,0.424,TM,Healthy,,D010A,0.424,Abnormal,Sub-Optimal,Monitor,D10,original,False
1313,109.23384117,-0.44699635,9.06,0.411,TM,Healthy,,D010A,0.411,Abnormal,Sub-Optimal,Monitor,D10,original,False
1314,109.23567675,-0.44902243,9.06,0.491,TM,Healthy,,D010A,0.491,Healthy,Good,None,D10,original,False
1315,109.2338607,-0.44607307,9.06,0.437,TM,Healthy,,D010A,0.437,Normal,Moderate,Routine,D10,original,False
1316,109.23488866,-0.44278484,9.06,0.41,TM,Healthy,,D010A,0.41,Abnormal,Sub-Optimal,Monitor,D10,original,False
1317,109.23490447,-0.44429954,9.06,0.519,TM,Healthy,,D010A,0.519,Healthy,Good,None,D10,original,False
1318,109.2355008,-0.44100623,9.06,0.327,TM,Suspect,Circle_5m,D010A,0.327,Suspect,Critical,Priority Survey,D10,original,False
1319,109.23532988,-0.44204251,9.05,0.416,TM,Healthy,,D010A,0.416,Abnormal,Sub-Optimal,Monitor,D10,original,False
1320,109.23486173,-0.4427057,9.05,0.424,TM,Healthy,,D010A,0.424,Abnormal,Sub-Optimal,Monitor,D10,original,False
1321,109.23565411,-0.44225917,9.05,0.454,TM,Healthy,,D010A,0.454,Normal,Moderate,Routine,D10,original,False
1322,109.23464406,-0.44200437,9.05,0.487,TM,Healthy,,D010A,0.487,Healthy,Good,None,D10,original,False
1323,109.23489131,-0.44106441,9.05,0.435,TM,Healthy,,D010A,0.435,Normal,Moderate,Routine,D10,original,False
1324,109.23567476,-0.44230484,9.05,0.397,TM,Healthy,,D010A,0.397,Abnormal,Sub-Optimal,Monitor,D10,original,False
1325,109.2354121,-0.44762477,9.05,0.513,TM,Healthy,,D010A,0.513,Healthy,Good,None,D10,original,False
1326,109.23513363,-0.44573562,9.05,0.4,TM,Healthy,,D010A,0.4,Abnormal,Sub-Optimal,Monitor,D10,original,False
1327,109.23578638,-0.44887641,9.04,0.377,TM,Suspect,Circle_5m,D010A,0.377,Suspect,Critical,Priority Survey,D10,original,False
1328,109.23365888,-0.44863264,9.04,0.406,TM,Healthy,,D010A,0.406,Abnormal,Sub-Optimal,Monitor,D10,original,False
1329,109.23412883,-0.4403964,9.04,0.389,TM,Healthy,,D010A,0.389,Suspect,Critical,Priority Survey,D10,original,False
1330,109.23438557,-0.44113482,9.04,0.625,TM,Healthy,,D010A,0.625,Healthy,Good,None,D10,original,False
1331,109.23378562,-0.44639227,9.04,0.385,TM,Healthy,,D010A,0.385,Suspect,Critical,Priority Survey,D10,original,False
1332,109.23539622,-0.44070688,9.04,0.408,TM,Healthy,,D010A,0.408,Abnormal,Sub-Optimal,Monitor,D10,original,False
1333,109.23538225,-0.44847661,9.03,0.422,TM,Healthy,,D010A,0.422,Abnormal,Sub-Optimal,Monitor,D10,original,False
1334,109.23458831,-0.44223676,9.03,0.457,TM,Healthy,,D010A,0.457,Normal,Moderate,Routine,D10,original,False
1335,109.23467257,-0.4467958,9.03,0.37,TM,Suspect,Circle_5m,D010A,0.37,Suspect,Critical,Priority Survey,D10,original,False
1336,109.23441104,-0.44358593,9.03,0.585,TM,Healthy,,D010A,0.585,Healthy,Good,None,D10,original,False
1337,109.23498913,-0.44146052,9.03,0.311,TM,Suspect,Circle_5m,D010A,0.311,Suspect,Critical,Priority Survey,D10,original,False
1338,109.2345783,-0.44844612,9.02,0.438,TM,Healthy,,D010A,0.438,Normal,Moderate,Routine,D10,original,False
1339,109.23456238,-0.44364339,9.02,0.61,TM,Healthy,,D010A,0.61,Healthy,Good,None,D10,original,False
1340,109.23418544,-0.44602839,9.02,0.376,TM,Suspect,Circle_5m,D010A,0.376,Suspect,Critical,Priority Survey,D10,original,False
1341,109.23406729,-0.44234832,9.02,0.516,TM,Healthy,,D010A,0.516,Healthy,Good,None,D10,original,False
1342,109.23414694,-0.4473586,9.02,0.388,TM,Healthy,,D010A,0.388,Suspect,Critical,Priority Survey,D10,original,False
1343,109.23454786,-0.44428634,9.01,0.452,TM,Healthy,,D010A,0.452,Normal,Moderate,Routine,D10,original,False
1344,109.23365754,-0.44858652,9.0,0.404,TM,Healthy,,D010A,0.404,Abnormal,Sub-Optimal,Monitor,D10,original,False
1345,109.23550585,-0.44052966,9.0,0.461,TM,Healthy,,D010A,0.461,Healthy,Good,None,D10,original,False
1346,109.23507193,-0.4426949,9.0,0.422,TM,Healthy,,D010A,0.422,Abnormal,Sub-Optimal,Monitor,D10,original,False
1347,109.23561204,-0.44351885,9.0,0.447,TM,Healthy,,D010A,0.447,Normal,Moderate,Routine,D10,original,False
1348,109.23553919,-0.44577596,9.0,0.434,TM,Healthy,,D010A,0.434,Normal,Moderate,Routine,D10,original,False
1349,109.23446183,-0.44152188,9.0,0.676,TM,Healthy,,D010A,0.676,Healthy,Good,None,D10,original,False
1350,109.23437687,-0.44558985,8.99,0.419,TM,Healthy,,D010A,0.419,Abnormal,Sub-Optimal,Monitor,D10,original,False
1351,109.23420168,-0.44761137,8.99,0.465,TM,Healthy,,D010A,0.465,Healthy,Good,None,D10,original,False
1352,109.23450118,-0.44033183,8.99,0.514,TM,Healthy,,D010A,0.514,Healthy,Good,None,D10,original,False
1353,109.23443015,-0.44820735,8.99,0.402,TM,Healthy,,D010A,0.402,Abnormal,Sub-Optimal,Monitor,D10,original,False
1354,109.23393949,-0.44716187,8.97,0.421,TM,Healthy,,D010A,0.421,Abnormal,Sub-Optimal,Monitor,D10,original,False
1355,109.23379131,-0.44701172,8.97,0.31,TM,Suspect,Circle_5m,D010A,0.31,Suspect,Critical,Priority Survey,D10,original,False
1356,109.23526409,-0.44864931,8.97,0.37,TM,Suspect,Circle_5m,D010A,0.37,Suspect,Critical,Priority Survey,D10,original,False
1357,109.23393786,-0.44646556,8.97,0.407,TM,Healthy,,D010A,0.407,Abnormal,Sub-Optimal,Monitor,D10,original,False
1358,109.23450608,-0.44052897,8.96,0.509,TM,Healthy,,D010A,0.509,Healthy,Good,None,D10,original,False
1359,109.23472711,-0.44407297,8.96,0.474,TM,Healthy,,D010A,0.474,Healthy,Good,None,D10,original,False
1360,109.23515268,-0.44686962,8.96,0.385,TM,Healthy,,D010A,0.385,Suspect,Critical,Priority Survey,D10,original,False
1361,109.23381312,-0.44408903,8.96,0.431,TM,Healthy,,D010A,0.431,Normal,Moderate,Routine,D10,original,False
1362,109.23380288,-0.44178985,8.95,0.514,TM,Healthy,,D010A,0.514,Healthy,Good,None,D10,original,False
1363,109.23559341,-0.44251914,8.95,0.529,TM,Healthy,,D010A,0.529,Healthy,Good,None,D10,original,False
1364,109.23451141,-0.44644218,8.94,0.467,TM,Healthy,,D010A,0.467,Healthy,Good,None,D10,original,False
1365,109.23403132,-0.44629014,8.94,0.537,TM,Healthy,,D010A,0.537,Healthy,Good,None,D10,original,False
1366,109.2343445,-0.44763762,8.94,0.519,TM,Healthy,,D010A,0.519,Healthy,Good,None,D10,original,False
1367,109.23575516,-0.44606765,8.94,0.38,TM,Healthy,,D010A,0.38,Suspect,Critical,Priority Survey,D10,original,False
1368,109.23463634,-0.44047294,8.94,0.429,TM,Healthy,,D010A,0.429,Abnormal,Sub-Optimal,Monitor,D10,original,False
1369,109.23427084,-0.44573044,8.94,0.499,TM,Healthy,,D010A,0.499,Healthy,Good,None,D10,original,False
1370,109.23569635,-0.44594284,8.93,0.408,TM,Healthy,,D010A,0.408,Abnormal,Sub-Optimal,Monitor,D10,original,False
1371,109.23367016,-0.44842465,8.93,0.437,TM,Healthy,,D010A,0.437,Normal,Moderate,Routine,D10,original,False
1372,109.23567929,-0.44781926,8.93,0.385,TM,Healthy,,D010A,0.385,Suspect,Critical,Priority Survey,D10,original,False
1373,109.23473793,-0.44200801,8.93,0.442,TM,Healthy,,D010A,0.442,Normal,Moderate,Routine,D10,original,False
1374,109.2355031,-0.44079553,8.93,0.517,TM,Healthy,,D010A,0.517,Healthy,Good,None,D10,original,False
1375,109.23431334,-0.44454899,8.92,0.38,TM,Suspect,Circle_5m,D010A,0.38,Suspect,Critical,Priority Survey,D10,original,False
1376,109.23519989,-0.44473775,8.92,0.424,TM,Healthy,,D010A,0.424,Abnormal,Sub-Optimal,Monitor,D10,original,False
1377,109.23398971,-0.44375765,8.92,0.402,TM,Healthy,,D010A,0.402,Abnormal,Sub-Optimal,Monitor,D10,original,False
1378,109.23530092,-0.44865022,8.92,0.411,TM,Healthy,,D010A,0.411,Abnormal,Sub-Optimal,Monitor,D10,original,False
1379,109.23561906,-0.44801322,8.91,0.404,TM,Healthy,,D010A,0.404,Abnormal,Sub-Optimal,Monitor,D10,original,False
1380,109.23549022,-0.44584558,8.91,0.327,TM,Suspect,Circle_5m,D010A,0.327,Suspect,Critical,Priority Survey,D10,original,False
1381,109.23416638,-0.44116552,8.91,0.407,TM,Healthy,,D010A,0.407,Abnormal,Sub-Optimal,Monitor,D10,original,False
1382,109.23581159,-0.44675674,8.91,0.345,TM,Suspect,Circle_5m,D010A,0.345,Suspect,Critical,Priority Survey,D10,original,False
1383,109.23486131,-0.44067646,8.9,0.481,TM,Healthy,,D010A,0.481,Healthy,Good,None,D10,original,False
1384,109.23542579,-0.44480788,8.9,0.443,TM,Healthy,,D010A,0.443,Normal,Moderate,Routine,D10,original,False
1385,109.2337746,-0.44361065,8.9,0.434,TM,Healthy,,D010A,0.434,Normal,Moderate,Routine,D10,original,False
1386,109.23562068,-0.44307439,8.9,0.437,TM,Healthy,,D010A,0.437,Normal,Moderate,Routine,D10,original,False
1387,109.23540906,-0.44717895,8.9,0.498,TM,Healthy,,D010A,0.498,Healthy,Good,None,D10,original,False
1388,109.23432013,-0.44245192,8.9,0.473,TM,Healthy,,D010A,0.473,Healthy,Good,None,D10,original,False
1389,109.23576928,-0.44523208,8.9,0.433,TM,Healthy,,D010A,0.433,Normal,Moderate,Routine,D10,original,False
1390,109.23579738,-0.44607444,8.9,0.365,TM,Suspect,Circle_5m,D010A,0.365,Suspect,Critical,Priority Survey,D10,original,False
1391,109.23388468,-0.44722154,8.89,0.408,TM,Healthy,,D010A,0.408,Abnormal,Sub-Optimal,Monitor,D10,original,False
1392,109.23378701,-0.44242376,8.89,0.424,TM,Healthy,,D010A,0.424,Abnormal,Sub-Optimal,Monitor,D10,original,False
1393,109.23579781,-0.44612328,8.89,0.372,TM,Suspect,Circle_5m,D010A,0.372,Suspect,Critical,Priority Survey,D10,original,False
1394,109.23540343,-0.44061057,8.89,0.458,TM,Healthy,,D010A,0.458,Normal,Moderate,Routine,D10,original,False
1395,109.23429327,-0.44775427,8.89,0.475,TM,Healthy,,D010A,0.475,Healthy,Good,None,D10,original,False
1396,109.23390821,-0.44838944,8.89,0.409,TM,Healthy,,D010A,0.409,Abnormal,Sub-Optimal,Monitor,D10,original,False
1397,109.23377542,-0.44773334,8.88,0.391,TM,Healthy,,D010A,0.391,Abnormal,Sub-Optimal,Monitor,D10,original,False
1398,109.23487522,-0.44639073,8.88,0.431,TM,Healthy,,D010A,0.431,Normal,Moderate,Routine,D10,original,False
1399,109.23462791,-0.4438315,8.88,0.505,TM,Healthy,,D010A,0.505,Healthy,Good,None,D10,original,False
1400,109.2337885,-0.44182421,8.87,0.408,TM,Healthy,,D010A,0.408,Abnormal,Sub-Optimal,Monitor,D10,original,False
1401,109.23458892,-0.4453593,8.87,0.525,TM,Healthy,,D010A,0.525,Healthy,Good,None,D10,original,False
1402,109.23446381,-0.44453094,8.87,0.401,TM,Healthy,,D010A,0.401,Abnormal,Sub-Optimal,Monitor,D10,original,False
1403,109.23487396,-0.44791221,8.87,0.486,TM,Healthy,,D010A,0.486,Healthy,Good,None,D10,original,False
1404,109.23536156,-0.4467295,8.87,0.375,TM,Suspect,Circle_5m,D010A,0.375,Suspect,Critical,Priority Survey,D10,original,False
1405,109.23498876,-0.44111462,8.86,0.355,TM,Suspect,Circle_5m,D010A,0.355,Suspect,Critical,Priority Survey,D10,original,False
1406,109.23489075,-0.44532094,8.85,0.407,TM,Healthy,,D010A,0.407,Abnormal,Sub-Optimal,Monitor,D10,original,False
1407,109.23550802,-0.44275605,8.85,0.498,TM,Healthy,,D010A,0.498,Healthy,Good,None,D10,original,False
1408,109.23565412,-0.44790109,8.85,0.447,TM,Healthy,,D010A,0.447,Normal,Moderate,Routine,D10,original,False
1409,109.23555024,-0.44843008,8.84,0.427,TM,Healthy,,D010A,0.427,Abnormal,Sub-Optimal,Monitor,D10,original,False
1410,109.23516524,-0.4487795,8.84,0.393,TM,Healthy,,D010A,0.393,Abnormal,Sub-Optimal,Monitor,D10,original,False
1411,109.23491164,-0.44811568,8.83,0.486,TM,Healthy,,D010A,0.486,Healthy,Good,None,D10,original,False
1412,109.2350773,-0.44086189,8.82,0.431,TM,Healthy,,D010A,0.431,Normal,Moderate,Routine,D10,original,False
1413,109.23460333,-0.44141385,8.81,0.418,TM,Healthy,,D010A,0.418,Abnormal,Sub-Optimal,Monitor,D10,original,False
1414,109.23572455,-0.44825017,8.81,0.378,TM,Suspect,Circle_5m,D010A,0.378,Suspect,Critical,Priority Survey,D10,original,False
1415,109.23582944,-0.44910973,8.81,0.407,TM,Healthy,,D010A,0.407,Abnormal,Sub-Optimal,Monitor,D10,original,False
1416,109.23471788,-0.44886575,8.8,0.418,TM,Healthy,,D010A,0.418,Abnormal,Sub-Optimal,Monitor,D10,original,False
1417,109.2339016,-0.44596683,8.8,0.508,TM,Healthy,,D010A,0.508,Healthy,Good,None,D10,original,False
1418,109.23540277,-0.44151985,8.8,0.447,TM,Healthy,,D010A,0.447,Normal,Moderate,Routine,D10,original,False
1419,109.23577003,-0.44209009,8.8,0.441,TM,Healthy,,D010A,0.441,Normal,Moderate,Routine,D10,original,False
1420,109.23464792,-0.44086902,8.8,0.5,TM,Healthy,,D010A,0.5,Healthy,Good,None,D10,original,False
1421,109.23402067,-0.44196534,8.79,0.458,TM,Healthy,,D010A,0.458,Normal,Moderate,Routine,D10,original,False
1422,109.2341709,-0.4410344,8.79,0.431,TM,Healthy,,D010A,0.431,Normal,Moderate,Routine,D10,original,False
1423,109.23520243,-0.44350609,8.79,0.47,TM,Healthy,,D010A,0.47,Healthy,Good,None,D10,original,False
1424,109.23454895,-0.44156214,8.79,0.484,TM,Healthy,,D010A,0.484,Healthy,Good,None,D10,original,False
1425,109.23579216,-0.44721476,8.79,0.485,TM,Healthy,,D010A,0.485,Healthy,Good,None,D10,original,False
1426,109.23455234,-0.44619532,8.78,0.435,TM,Healthy,,D010A,0.435,Normal,Moderate,Routine,D10,original,False
1427,109.23504737,-0.44395413,8.78,0.429,TM,Healthy,,D010A,0.429,Abnormal,Sub-Optimal,Monitor,D10,original,False
1428,109.23399154,-0.44550249,8.78,0.461,TM,Healthy,,D010A,0.461,Healthy,Good,None,D10,original,False
1429,109.23471823,-0.4474252,8.78,0.431,TM,Healthy,,D010A,0.431,Normal,Moderate,Routine,D10,original,False
1430,109.23517153,-0.44690444,8.78,0.422,TM,Healthy,,D010A,0.422,Abnormal,Sub-Optimal,Monitor,D10,original,False
1431,109.23489951,-0.44057926,8.77,0.473,TM,Healthy,,D010A,0.473,Healthy,Good,None,D10,original,False
1432,109.23368697,-0.44758908,8.77,0.515,TM,Healthy,,D010A,0.515,Healthy,Good,None,D10,original,False
1433,109.23549766,-0.44287406,8.77,0.439,TM,Healthy,,D010A,0.439,Normal,Moderate,Routine,D10,original,False
1434,109.2344706,-0.44620932,8.77,0.489,TM,Healthy,,D010A,0.489,Healthy,Good,None,D10,original,False
1435,109.23506098,-0.44148269,8.77,0.578,TM,Healthy,,D010A,0.578,Healthy,Good,None,D10,original,False
1436,109.23456543,-0.44026086,8.77,0.452,TM,Healthy,,D010A,0.452,Normal,Moderate,Routine,D10,original,False
1437,109.23492784,-0.44422539,8.77,0.533,TM,Healthy,,D010A,0.533,Healthy,Good,None,D10,original,False
1438,109.23497121,-0.44126654,8.77,0.393,TM,Healthy,,D010A,0.393,Abnormal,Sub-Optimal,Monitor,D10,original,False
1439,109.23531881,-0.44518088,8.76,0.341,TM,Suspect,Circle_5m,D010A,0.341,Suspect,Critical,Priority Survey,D10,original,False
1440,109.23474188,-0.44241901,8.76,0.46,TM,Healthy,,D010A,0.46,Healthy,Good,None,D10,original,False
1441,109.23573403,-0.44047953,8.75,0.474,TM,Healthy,,D010A,0.474,Healthy,Good,None,D10,original,False
1442,109.23565545,-0.44794676,8.75,0.456,TM,Healthy,,D010A,0.456,Normal,Moderate,Routine,D10,original,False
1443,109.23556496,-0.44127166,8.75,0.457,TM,Healthy,,D010A,0.457,Normal,Moderate,Routine,D10,original,False
1444,109.23390414,-0.44094707,8.75,0.46,TM,Healthy,,D010A,0.46,Healthy,Good,None,D10,original,False
1445,109.23394045,-0.44689193,8.74,0.461,TM,Healthy,,D010A,0.461,Healthy,Good,None,D10,original,False
1446,109.23517068,-0.44294451,8.74,0.432,TM,Healthy,,D010A,0.432,Normal,Moderate,Routine,D10,original,False
1447,109.23512303,-0.44309823,8.74,0.354,TM,Suspect,Circle_5m,D010A,0.354,Suspect,Critical,Priority Survey,D10,original,False
1448,109.23436894,-0.44871239,8.73,0.478,TM,Healthy,,D010A,0.478,Healthy,Good,None,D10,original,False
1449,109.23573962,-0.44907987,8.73,0.559,TM,Healthy,,D010A,0.559,Healthy,Good,None,D10,original,False
1450,109.23479474,-0.44678272,8.73,0.349,TM,Suspect,Circle_5m,D010A,0.349,Suspect,Critical,Priority Survey,D10,original,False
1451,109.23574882,-0.44248617,8.73,0.331,TM,Suspect,Circle_5m,D010A,0.331,Suspect,Critical,Priority Survey,D10,original,False
1452,109.23515696,-0.44205197,8.73,0.385,TM,Healthy,,D010A,0.385,Suspect,Critical,Priority Survey,D10,original,False
1453,109.23582565,-0.44806979,8.73,0.451,TM,Healthy,,D010A,0.451,Normal,Moderate,Routine,D10,original,False
1454,109.23507587,-0.44121864,8.72,0.395,TM,Healthy,,D010A,0.395,Abnormal,Sub-Optimal,Monitor,D10,original,False
1455,109.23474062,-0.44582505,8.72,0.447,TM,Healthy,,D010A,0.447,Normal,Moderate,Routine,D10,original,False
1456,109.2352463,-0.44602864,8.71,0.473,TM,Healthy,,D010A,0.473,Healthy,Good,None,D10,original,False
1457,109.2344989,-0.44616185,8.71,0.364,TM,Suspect,Circle_5m,D010A,0.364,Suspect,Critical,Priority Survey,D10,original,False
1458,109.2356154,-0.44450047,8.71,0.46,TM,Healthy,,D010A,0.46,Healthy,Good,None,D10,original,False
1459,109.23516672,-0.44259048,8.71,0.433,TM,Healthy,,D010A,0.433,Normal,Moderate,Routine,D10,original,False
1460,109.23405436,-0.4419346,8.71,0.376,TM,Suspect,Circle_5m,D010A,0.376,Suspect,Critical,Priority Survey,D10,original,False
1461,109.23412779,-0.44855408,8.71,0.375,TM,Suspect,Circle_5m,D010A,0.375,Suspect,Critical,Priority Survey,D10,original,False
1462,109.2340683,-0.44187853,8.71,0.421,TM,Healthy,,D010A,0.421,Abnormal,Sub-Optimal,Monitor,D10,original,False
1463,109.23440327,-0.4460194,8.71,0.522,TM,Healthy,,D010A,0.522,Healthy,Good,None,D10,original,False
1464,109.2347788,-0.44581647,8.71,0.437,TM,Healthy,,D010A,0.437,Normal,Moderate,Routine,D10,original,False
1465,109.23406921,-0.44750417,8.71,0.474,TM,Healthy,,D010A,0.474,Healthy,Good,None,D10,original,False
1466,109.23471471,-0.4433527,8.71,0.45,TM,Healthy,,D010A,0.45,Normal,Moderate,Routine,D10,original,False
1467,109.23485959,-0.44413224,8.7,0.502,TM,Healthy,,D010A,0.502,Healthy,Good,None,D10,original,False
1468,109.23424651,-0.44037925,8.7,0.411,TM,Healthy,,D010A,0.411,Abnormal,Sub-Optimal,Monitor,D10,original,False
1469,109.23538409,-0.44827993,8.7,0.395,TM,Healthy,,D010A,0.395,Abnormal,Sub-Optimal,Monitor,D10,original,False
1470,109.23463725,-0.44040466,8.7,0.411,TM,Healthy,,D010A,0.411,Abnormal,Sub-Optimal,Monitor,D10,original,False
1471,109.23515543,-0.44093018,8.7,0.446,TM,Healthy,,D010A,0.446,Normal,Moderate,Routine,D10,original,False
1472,109.23455547,-0.44814318,8.7,0.401,TM,Healthy,,D010A,0.401,Abnormal,Sub-Optimal,Monitor,D10,original,False
1473,109.23534494,-0.44103468,8.7,0.413,TM,Healthy,,D010A,0.413,Abnormal,Sub-Optimal,Monitor,D10,original,False
1474,109.23398843,-0.44722337,8.7,0.434,TM,Healthy,,D010A,0.434,Normal,Moderate,Routine,D10,original,False
1475,109.23412489,-0.44754759,8.69,0.427,TM,Healthy,,D010A,0.427,Abnormal,Sub-Optimal,Monitor,D10,original,False
1476,109.23407563,-0.44695572,8.69,0.387,TM,Healthy,,D010A,0.387,Suspect,Critical,Priority Survey,D10,original,False
1477,109.23488875,-0.44805193,8.69,0.499,TM,Healthy,,D010A,0.499,Healthy,Good,None,D10,original,False
1478,109.23562365,-0.44380823,8.68,0.43,TM,Healthy,,D010A,0.43,Normal,Moderate,Routine,D10,original,False
1479,109.23460229,-0.44390746,8.68,0.488,TM,Healthy,,D010A,0.488,Healthy,Good,None,D10,original,False
1480,109.23415064,-0.44694308,8.68,0.444,TM,Healthy,,D010A,0.444,Normal,Moderate,Routine,D10,original,False
1481,109.23442943,-0.44368224,8.67,0.536,TM,Healthy,,D010A,0.536,Healthy,Good,None,D10,original,False
1482,109.23520041,-0.44257285,8.67,0.401,TM,Healthy,,D010A,0.401,Abnormal,Sub-Optimal,Monitor,D10,original,False
1483,109.23506205,-0.44265828,8.67,0.421,TM,Healthy,,D010A,0.421,Abnormal,Sub-Optimal,Monitor,D10,original,False
1484,109.23542411,-0.44810948,8.67,0.36,TM,Suspect,Circle_5m,D010A,0.36,Suspect,Critical,Priority Survey,D10,original,False
1485,109.23563392,-0.44785633,8.67,0.441,TM,Healthy,,D010A,0.441,Normal,Moderate,Routine,D10,original,False
1486,109.23464193,-0.44343813,8.66,0.449,TM,Healthy,,D010A,0.449,Normal,Moderate,Routine,D10,original,False
1487,109.23509158,-0.44692386,8.66,0.392,TM,Healthy,,D010A,0.392,Abnormal,Sub-Optimal,Monitor,D10,original,False
1488,109.23473786,-0.44798452,8.66,0.393,TM,Healthy,,D010A,0.393,Abnormal,Sub-Optimal,Monitor,D10,original,False
1489,109.23541447,-0.44895273,8.66,0.403,TM,Healthy,,D010A,0.403,Abnormal,Sub-Optimal,Monitor,D10,original,False
1490,109.23526901,-0.44871216,8.66,0.486,TM,Healthy,,D010A,0.486,Healthy,Good,None,D10,original,False
1491,109.23464371,-0.44540318,8.65,0.55,TM,Healthy,,D010A,0.55,Healthy,Good,None,D10,original,False
1492,109.23555071,-0.44455426,8.65,0.543,TM,Healthy,,D010A,0.543,Healthy,Good,None,D10,original,False
1493,109.23447373,-0.44626131,8.65,0.526,TM,Healthy,,D010A,0.526,Healthy,Good,None,D10,original,False
1494,109.23520334,-0.44344867,8.65,0.311,TM,Suspect,Circle_5m,D010A,0.311,Suspect,Critical,Priority Survey,D10,original,False
1495,109.23453574,-0.44232718,8.65,0.364,TM,Suspect,Circle_5m,D010A,0.364,Suspect,Critical,Priority Survey,D10,original,False
1496,109.23576341,-0.44911695,8.65,0.396,TM,Healthy,,D010A,0.396,Abnormal,Sub-Optimal,Monitor,D10,original,False
1497,109.23464103,-0.44533626,8.65,0.474,TM,Healthy,,D010A,0.474,Healthy,Good,None,D10,original,False
1498,109.2339195,-0.44623495,8.64,0.431,TM,Healthy,,D010A,0.431,Normal,Moderate,Routine,D10,original,False
1499,109.23401036,-0.44190294,8.64,0.448,TM,Healthy,,D010A,0.448,Normal,Moderate,Routine,D10,original,False
1500,109.23554152,-0.44354054,8.64,0.45,TM,Healthy,,D010A,0.45,Normal,Moderate,Routine,D10,original,False
1501,109.23479427,-0.44684105,8.64,0.383,TM,Healthy,,D010A,0.383,Suspect,Critical,Priority Survey,D10,original,False
1502,109.23376857,-0.44632309,8.64,0.36,TM,Suspect,Circle_5m,D010A,0.36,Suspect,Critical,Priority Survey,D10,original,False
1503,109.23503455,-0.44121908,8.63,0.494,TM,Healthy,,D010A,0.494,Healthy,Good,None,D10,original,False
1504,109.2355548,-0.44815744,8.63,0.407,TM,Healthy,,D010A,0.407,Abnormal,Sub-Optimal,Monitor,D10,original,False
1505,109.23429662,-0.44121212,8.63,0.432,TM,Healthy,,D010A,0.432,Normal,Moderate,Routine,D10,original,False
1506,109.2344161,-0.44870969,8.62,0.388,TM,Healthy,,D010A,0.388,Suspect,Critical,Priority Survey,D10,original,False
1507,109.23455901,-0.44079801,8.62,0.392,TM,Healthy,,D010A,0.392,Abnormal,Sub-Optimal,Monitor,D10,original,False
1508,109.23540034,-0.44417532,8.62,0.413,TM,Healthy,,D010A,0.413,Abnormal,Sub-Optimal,Monitor,D10,original,False
1509,109.23519925,-0.44555885,8.62,0.44,TM,Healthy,,D010A,0.44,Normal,Moderate,Routine,D10,original,False
1510,109.23551462,-0.44711432,8.62,0.558,TM,Healthy,,D010A,0.558,Healthy,Good,None,D10,original,False
1511,109.23395815,-0.44612374,8.62,0.438,TM,Healthy,,D010A,0.438,Normal,Moderate,Routine,D10,original,False
1512,109.23375639,-0.44654012,8.62,0.403,TM,Healthy,,D010A,0.403,Abnormal,Sub-Optimal,Monitor,D10,original,False
1513,109.23427925,-0.44626488,8.61,0.399,TM,Healthy,,D010A,0.399,Abnormal,Sub-Optimal,Monitor,D10,original,False
1514,109.23551095,-0.44744032,8.6,0.415,TM,Healthy,,D010A,0.415,Abnormal,Sub-Optimal,Monitor,D10,original,False
1515,109.23416463,-0.44663291,8.6,0.508,TM,Healthy,,D010A,0.508,Healthy,Good,None,D10,original,False
1516,109.23522511,-0.44065755,8.6,0.441,TM,Healthy,,D010A,0.441,Normal,Moderate,Routine,D10,original,False
1517,109.23557789,-0.4435731,8.6,0.437,TM,Healthy,,D010A,0.437,Normal,Moderate,Routine,D10,original,False
1518,109.23557405,-0.44275109,8.6,0.439,TM,Healthy,,D010A,0.439,Normal,Moderate,Routine,D10,original,False
1519,109.23572116,-0.44738611,8.59,0.46,TM,Healthy,,D010A,0.46,Healthy,Good,None,D10,original,False
1520,109.23431563,-0.4462658,8.59,0.438,TM,Healthy,,D010A,0.438,Normal,Moderate,Routine,D10,original,False
1521,109.23494994,-0.44570619,8.59,0.433,TM,Healthy,,D010A,0.433,Normal,Moderate,Routine,D10,original,False
1522,109.23573666,-0.44829403,8.59,0.408,TM,Healthy,,D010A,0.408,Abnormal,Sub-Optimal,Monitor,D10,original,False
1523,109.23569585,-0.44240025,8.58,0.422,TM,Healthy,,D010A,0.422,Abnormal,Sub-Optimal,Monitor,D10,original,False
1524,109.23540667,-0.44210583,8.57,0.419,TM,Healthy,,D010A,0.419,Abnormal,Sub-Optimal,Monitor,D10,original,False
1525,109.2349505,-0.44716347,8.57,0.491,TM,Healthy,,D010A,0.491,Healthy,Good,None,D10,original,False
1526,109.23381984,-0.44413289,8.57,0.412,TM,Healthy,,D010A,0.412,Abnormal,Sub-Optimal,Monitor,D10,original,False
1527,109.23494543,-0.44202705,8.57,0.463,TM,Healthy,,D010A,0.463,Healthy,Good,None,D10,original,False
1528,109.23529693,-0.44463513,8.57,0.421,TM,Healthy,,D010A,0.421,Abnormal,Sub-Optimal,Monitor,D10,original,False
1529,109.23405009,-0.44479851,8.56,0.423,TM,Healthy,,D010A,0.423,Abnormal,Sub-Optimal,Monitor,D10,original,False
1530,109.23486907,-0.44773135,8.56,0.428,TM,Healthy,,D010A,0.428,Abnormal,Sub-Optimal,Monitor,D10,original,False
1531,109.235044,-0.44679408,8.56,0.448,TM,Healthy,,D010A,0.448,Normal,Moderate,Routine,D10,original,False
1532,109.23408045,-0.44556717,8.55,0.411,TM,Healthy,,D010A,0.411,Abnormal,Sub-Optimal,Monitor,D10,original,False
1533,109.23542769,-0.44440457,8.55,0.451,TM,Healthy,,D010A,0.451,Normal,Moderate,Routine,D10,original,False
1534,109.23403492,-0.44625397,8.54,0.481,TM,Healthy,,D010A,0.481,Healthy,Good,None,D10,original,False
1535,109.23555686,-0.44702254,8.54,0.423,TM,Healthy,,D010A,0.423,Abnormal,Sub-Optimal,Monitor,D10,original,False
1536,109.23554349,-0.44281619,8.53,0.445,TM,Healthy,,D010A,0.445,Normal,Moderate,Routine,D10,original,False
1537,109.23503553,-0.4465463,8.53,0.407,TM,Healthy,,D010A,0.407,Abnormal,Sub-Optimal,Monitor,D10,original,False
1538,109.23552616,-0.4458257,8.53,0.517,TM,Healthy,,D010A,0.517,Healthy,Good,None,D10,original,False
1539,109.23537323,-0.44487614,8.52,0.407,TM,Healthy,,D010A,0.407,Abnormal,Sub-Optimal,Monitor,D10,original,False
1540,109.23436993,-0.44456935,8.52,0.4,TM,Healthy,,D010A,0.4,Abnormal,Sub-Optimal,Monitor,D10,original,False
1541,109.23524068,-0.44129916,8.52,0.424,TM,Healthy,,D010A,0.424,Abnormal,Sub-Optimal,Monitor,D10,original,False
1542,109.23508039,-0.44862937,8.52,0.468,TM,Healthy,,D010A,0.468,Healthy,Good,None,D10,original,False
1543,109.23503231,-0.44306747,8.52,0.32,TM,Suspect,Circle_5m,D010A,0.32,Suspect,Critical,Priority Survey,D10,original,False
1544,109.23430632,-0.44573768,8.52,0.427,TM,Healthy,,D010A,0.427,Abnormal,Sub-Optimal,Monitor,D10,original,False
1545,109.23457634,-0.44726375,8.51,0.375,TM,Suspect,Circle_5m,D010A,0.375,Suspect,Critical,Priority Survey,D10,original,False
1546,109.23468083,-0.44037664,8.51,0.482,TM,Healthy,,D010A,0.482,Healthy,Good,None,D10,original,False
1547,109.23436226,-0.44849129,8.51,0.405,TM,Healthy,,D010A,0.405,Abnormal,Sub-Optimal,Monitor,D10,original,False
1548,109.23524525,-0.44667024,8.5,0.443,TM,Healthy,,D010A,0.443,Normal,Moderate,Routine,D10,original,False
1549,109.23491042,-0.44572607,8.5,0.412,TM,Healthy,,D010A,0.412,Abnormal,Sub-Optimal,Monitor,D10,original,False
1550,109.23544979,-0.44778122,8.5,0.434,TM,Healthy,,D010A,0.434,Normal,Moderate,Routine,D10,original,False
1551,109.23389689,-0.44687248,8.5,0.449,TM,Healthy,,D010A,0.449,Normal,Moderate,Routine,D10,original,False
1552,109.23462168,-0.44170233,8.49,0.523,TM,Healthy,,D010A,0.523,Healthy,Good,None,D10,original,False
1553,109.23516218,-0.44277224,8.48,0.369,TM,Suspect,Circle_5m,D010A,0.369,Suspect,Critical,Priority Survey,D10,original,False
1554,109.23380107,-0.44750863,8.47,0.506,TM,Healthy,,D010A,0.506,Healthy,Good,None,D10,original,False
1555,109.23408259,-0.44221629,8.47,0.464,TM,Healthy,,D010A,0.464,Healthy,Good,None,D10,original,False
1556,109.23493061,-0.44768796,8.47,0.455,TM,Healthy,,D010A,0.455,Normal,Moderate,Routine,D10,original,False
1557,109.23493814,-0.44054038,8.45,0.386,TM,Healthy,,D010A,0.386,Suspect,Critical,Priority Survey,D10,original,False
1558,109.23550909,-0.44769533,8.45,0.524,TM,Healthy,,D010A,0.524,Healthy,Good,None,D10,original,False
1559,109.23573216,-0.44835959,8.44,0.334,TM,Suspect,Circle_5m,D010A,0.334,Suspect,Critical,Priority Survey,D10,original,False
1560,109.23511428,-0.44777933,8.44,0.358,TM,Suspect,Circle_5m,D010A,0.358,Suspect,Critical,Priority Survey,D10,original,False
1561,109.23506294,-0.44080582,8.44,0.563,TM,Healthy,,D010A,0.563,Healthy,Good,None,D10,original,False
1562,109.23545107,-0.44806246,8.43,0.403,TM,Healthy,,D010A,0.403,Abnormal,Sub-Optimal,Monitor,D10,original,False
1563,109.23570563,-0.44658535,8.43,0.436,TM,Healthy,,D010A,0.436,Normal,Moderate,Routine,D10,original,False
1564,109.23382914,-0.4409059,8.43,0.488,TM,Healthy,,D010A,0.488,Healthy,Good,None,D10,original,False
1565,109.23553263,-0.44124814,8.42,0.433,TM,Healthy,,D010A,0.433,Normal,Moderate,Routine,D10,original,False
1566,109.23481259,-0.44536252,8.41,0.453,TM,Healthy,,D010A,0.453,Normal,Moderate,Routine,D10,original,False
1567,109.2345457,-0.44391015,8.4,0.456,TM,Healthy,,D010A,0.456,Normal,Moderate,Routine,D10,original,False
1568,109.23584272,-0.44802955,8.4,0.391,TM,Healthy,,D010A,0.391,Abnormal,Sub-Optimal,Monitor,D10,original,False
1569,109.23567226,-0.44716319,8.4,0.428,TM,Healthy,,D010A,0.428,Abnormal,Sub-Optimal,Monitor,D10,original,False
1570,109.23496264,-0.44142027,8.4,0.478,TM,Healthy,,D010A,0.478,Healthy,Good,None,D10,original,False
1571,109.23472597,-0.44321977,8.39,0.388,TM,Healthy,,D010A,0.388,Suspect,Critical,Priority Survey,D10,original,False
1572,109.23567538,-0.44348495,8.39,0.387,TM,Healthy,,D010A,0.387,Suspect,Critical,Priority Survey,D10,original,False
1573,109.23494292,-0.44503068,8.38,0.363,TM,Suspect,Circle_5m,D010A,0.363,Suspect,Critical,Priority Survey,D10,original,False
1574,109.23393486,-0.44586646,8.38,0.489,TM,Healthy,,D010A,0.489,Healthy,Good,None,D10,original,False
1575,109.23527105,-0.44581162,8.38,0.431,TM,Healthy,,D010A,0.431,Normal,Moderate,Routine,D10,original,False
1576,109.23572144,-0.44053062,8.37,0.398,TM,Healthy,,D010A,0.398,Abnormal,Sub-Optimal,Monitor,D10,original,False
1577,109.23570343,-0.44449506,8.37,0.447,TM,Healthy,,D010A,0.447,Normal,Moderate,Routine,D10,original,False
1578,109.23431339,-0.44434868,8.37,0.515,TM,Healthy,,D010A,0.515,Healthy,Good,None,D10,original,False
1579,109.23453038,-0.44600993,8.37,0.485,TM,Healthy,,D010A,0.485,Healthy,Good,None,D10,original,False
1580,109.233959,-0.44822126,8.37,0.484,TM,Healthy,,D010A,0.484,Healthy,Good,None,D10,original,False
1581,109.23496478,-0.44752609,8.36,0.375,TM,Suspect,Circle_5m,D010A,0.375,Suspect,Critical,Priority Survey,D10,original,False
1582,109.23529661,-0.44597711,8.36,0.425,TM,Healthy,,D010A,0.425,Abnormal,Sub-Optimal,Monitor,D10,original,False
1583,109.23438439,-0.44795821,8.36,0.406,TM,Healthy,,D010A,0.406,Abnormal,Sub-Optimal,Monitor,D10,original,False
1584,109.23535364,-0.44034108,8.35,0.376,TM,Suspect,Circle_5m,D010A,0.376,Suspect,Critical,Priority Survey,D10,original,False
1585,109.23544386,-0.44817052,8.35,0.421,TM,Healthy,,D010A,0.421,Abnormal,Sub-Optimal,Monitor,D10,original,False
1586,109.23474622,-0.44680893,8.35,0.506,TM,Healthy,,D010A,0.506,Healthy,Good,None,D10,original,False
1587,109.23550795,-0.44872352,8.35,0.45,TM,Healthy,,D010A,0.45,Normal,Moderate,Routine,D10,original,False
1588,109.23546598,-0.44769622,8.35,0.482,TM,Healthy,,D010A,0.482,Healthy,Good,None,D10,original,False
1589,109.23487537,-0.4457862,8.35,0.473,TM,Healthy,,D010A,0.473,Healthy,Good,None,D10,original,False
1590,109.23558664,-0.44079464,8.35,0.391,TM,Healthy,,D010A,0.391,Abnormal,Sub-Optimal,Monitor,D10,original,False
1591,109.2348146,-0.44068956,8.35,0.447,TM,Healthy,,D010A,0.447,Normal,Moderate,Routine,D10,original,False
1592,109.23381343,-0.44840615,8.34,0.384,TM,Healthy,,D010A,0.384,Suspect,Critical,Priority Survey,D10,original,False
1593,109.23545616,-0.44174322,8.34,0.492,TM,Healthy,,D010A,0.492,Healthy,Good,None,D10,original,False
1594,109.23455205,-0.44554648,8.33,0.442,TM,Healthy,,D010A,0.442,Normal,Moderate,Routine,D10,original,False
1595,109.23490671,-0.44243081,8.33,0.34,TM,Suspect,Circle_5m,D010A,0.34,Suspect,Critical,Priority Survey,D10,original,False
1596,109.23450724,-0.44700013,8.33,0.403,TM,Healthy,,D010A,0.403,Abnormal,Sub-Optimal,Monitor,D10,original,False
1597,109.23538418,-0.4403646,8.33,0.457,TM,Healthy,,D010A,0.457,Normal,Moderate,Routine,D10,original,False
1598,109.23577553,-0.44352341,8.33,0.388,TM,Healthy,,D010A,0.388,Suspect,Critical,Priority Survey,D10,original,False
1599,109.23453397,-0.44030969,8.33,0.377,TM,Suspect,Circle_5m,D010A,0.377,Suspect,Critical,Priority Survey,D10,original,False
1600,109.23570289,-0.44300342,8.32,0.497,TM,Healthy,,D010A,0.497,Healthy,Good,None,D10,original,False
1601,109.23565314,-0.44822981,8.32,0.376,TM,Suspect,Circle_5m,D010A,0.376,Suspect,Critical,Priority Survey,D10,original,False
1602,109.23499126,-0.44572202,8.31,0.348,TM,Suspect,Circle_5m,D010A,0.348,Suspect,Critical,Priority Survey,D10,original,False
1603,109.23468897,-0.44580424,8.31,0.458,TM,Healthy,,D010A,0.458,Normal,Moderate,Routine,D10,original,False
1604,109.2347041,-0.44261659,8.31,0.401,TM,Healthy,,D010A,0.401,Abnormal,Sub-Optimal,Monitor,D10,original,False
1605,109.23550599,-0.44376298,8.31,0.451,TM,Healthy,,D010A,0.451,Normal,Moderate,Routine,D10,original,False
1606,109.23559043,-0.44562315,8.31,0.402,TM,Healthy,,D010A,0.402,Abnormal,Sub-Optimal,Monitor,D10,original,False
1607,109.23377262,-0.44626928,8.31,0.534,TM,Healthy,,D010A,0.534,Healthy,Good,None,D10,original,False
1608,109.23443038,-0.44155036,8.31,0.499,TM,Healthy,,D010A,0.499,Healthy,Good,None,D10,original,False
1609,109.23572732,-0.44604052,8.31,0.344,TM,Suspect,Circle_5m,D010A,0.344,Suspect,Critical,Priority Survey,D10,original,False
1610,109.2354055,-0.44513523,8.3,0.414,TM,Healthy,,D010A,0.414,Abnormal,Sub-Optimal,Monitor,D10,original,False
1611,109.23464782,-0.44698253,8.29,0.45,TM,Healthy,,D010A,0.45,Normal,Moderate,Routine,D10,original,False
1612,109.23394787,-0.44590851,8.29,0.515,TM,Healthy,,D010A,0.515,Healthy,Good,None,D10,original,False
1613,109.23466863,-0.4425881,8.29,0.427,TM,Healthy,,D010A,0.427,Abnormal,Sub-Optimal,Monitor,D10,original,False
1614,109.23544318,-0.44156371,8.28,0.513,TM,Healthy,,D010A,0.513,Healthy,Good,None,D10,original,False
1615,109.23416391,-0.44399868,8.28,0.403,TM,Healthy,,D010A,0.403,Abnormal,Sub-Optimal,Monitor,D10,original,False
1616,109.23501312,-0.44821111,8.27,0.402,TM,Healthy,,D010A,0.402,Abnormal,Sub-Optimal,Monitor,D10,original,False
1617,109.23384679,-0.44415731,8.26,0.406,TM,Healthy,,D010A,0.406,Abnormal,Sub-Optimal,Monitor,D10,original,False
1618,109.23474633,-0.44634684,8.26,0.588,TM,Healthy,,D010A,0.588,Healthy,Good,None,D10,original,False
1619,109.23460192,-0.4473569,8.26,0.51,TM,Healthy,,D010A,0.51,Healthy,Good,None,D10,original,False
1620,109.23532935,-0.4443019,8.26,0.4,TM,Healthy,,D010A,0.4,Abnormal,Sub-Optimal,Monitor,D10,original,False
1621,109.23549555,-0.44799646,8.25,0.464,TM,Healthy,,D010A,0.464,Healthy,Good,None,D10,original,False
1622,109.23581972,-0.44841297,8.25,0.421,TM,Healthy,,D010A,0.421,Abnormal,Sub-Optimal,Monitor,D10,original,False
1623,109.23559351,-0.44777267,8.25,0.355,TM,Suspect,Circle_5m,D010A,0.355,Suspect,Critical,Priority Survey,D10,original,False
1624,109.23478548,-0.44793208,8.25,0.519,TM,Healthy,,D010A,0.519,Healthy,Good,None,D10,original,False
1625,109.23561201,-0.44367077,8.25,0.462,TM,Healthy,,D010A,0.462,Healthy,Good,None,D10,original,False
1626,109.2338438,-0.44724594,8.25,0.414,TM,Healthy,,D010A,0.414,Abnormal,Sub-Optimal,Monitor,D10,original,False
1627,109.23550366,-0.44601921,8.24,0.413,TM,Healthy,,D010A,0.413,Abnormal,Sub-Optimal,Monitor,D10,original,False
1628,109.23446629,-0.44918581,8.24,0.319,TM,Suspect,Circle_5m,D010A,0.319,Suspect,Critical,Priority Survey,D10,original,False
1629,109.23561539,-0.44832158,8.24,0.436,TM,Healthy,,D010A,0.436,Normal,Moderate,Routine,D10,original,False
1630,109.23468403,-0.44013565,8.23,0.44,TM,Healthy,,D010A,0.44,Normal,Moderate,Routine,D10,original,False
1631,109.23535894,-0.44070416,8.23,0.405,TM,Healthy,,D010A,0.405,Abnormal,Sub-Optimal,Monitor,D10,original,False
1632,109.23372575,-0.44695835,8.23,0.436,TM,Healthy,,D010A,0.436,Normal,Moderate,Routine,D10,original,False
1633,109.23446225,-0.44542257,8.23,0.496,TM,Healthy,,D010A,0.496,Healthy,Good,None,D10,original,False
1634,109.23453683,-0.44151874,8.23,0.836,TM,Healthy,,D010A,0.836,Healthy,Good,None,D10,original,False
1635,109.23482632,-0.44238467,8.22,0.407,TM,Healthy,,D010A,0.407,Abnormal,Sub-Optimal,Monitor,D10,original,False
1636,109.23472638,-0.44900637,8.22,0.35,TM,Suspect,Circle_5m,D010A,0.35,Suspect,Critical,Priority Survey,D10,original,False
1637,109.2343478,-0.44320204,8.22,0.461,TM,Healthy,,D010A,0.461,Healthy,Good,None,D10,original,False
1638,109.23512117,-0.44525951,8.22,0.593,TM,Healthy,,D010A,0.593,Healthy,Good,None,D10,original,False
1639,109.23426241,-0.44721711,8.21,0.353,TM,Suspect,Circle_5m,D010A,0.353,Suspect,Critical,Priority Survey,D10,original,False
1640,109.23576134,-0.44273305,8.2,0.332,TM,Suspect,Circle_5m,D010A,0.332,Suspect,Critical,Priority Survey,D10,original,False
1641,109.23566262,-0.44803312,8.2,0.453,TM,Healthy,,D010A,0.453,Normal,Moderate,Routine,D10,original,False
1642,109.23577604,-0.44325619,8.2,0.436,TM,Healthy,,D010A,0.436,Normal,Moderate,Routine,D10,original,False
1643,109.2355205,-0.44694296,8.2,0.468,TM,Healthy,,D010A,0.468,Healthy,Good,None,D10,original,False
1644,109.23416678,-0.44706742,8.2,0.351,TM,Suspect,Circle_5m,D010A,0.351,Suspect,Critical,Priority Survey,D10,original,False
1645,109.23380535,-0.44086566,8.19,0.49,TM,Healthy,,D010A,0.49,Healthy,Good,None,D10,original,False
1646,109.2357473,-0.44702078,8.18,0.492,TM,Healthy,,D010A,0.492,Healthy,Good,None,D10,original,False
1647,109.23509392,-0.4465418,8.17,0.438,TM,Healthy,,D010A,0.438,Normal,Moderate,Routine,D10,original,False
1648,109.2351849,-0.44168438,8.17,0.386,TM,Healthy,,D010A,0.386,Suspect,Critical,Priority Survey,D10,original,False
1649,109.23505693,-0.44154463,8.17,0.437,TM,Healthy,,D010A,0.437,Normal,Moderate,Routine,D10,original,False
1650,109.23458486,-0.44546058,8.16,0.617,TM,Healthy,,D010A,0.617,Healthy,Good,None,D10,original,False
1651,109.23483221,-0.44782945,8.16,0.492,TM,Healthy,,D010A,0.492,Healthy,Good,None,D10,original,False
1652,109.23465446,-0.44361267,8.15,0.517,TM,Healthy,,D010A,0.517,Healthy,Good,None,D10,original,False
1653,109.2351579,-0.44187879,8.15,0.459,TM,Healthy,,D010A,0.459,Normal,Moderate,Routine,D10,original,False
1654,109.23508646,-0.44390938,8.15,0.444,TM,Healthy,,D010A,0.444,Normal,Moderate,Routine,D10,original,False
1655,109.23416878,-0.44620653,8.15,0.471,TM,Healthy,,D010A,0.471,Healthy,Good,None,D10,original,False
1656,109.23582909,-0.44111256,8.13,0.394,TM,Healthy,,D010A,0.394,Abnormal,Sub-Optimal,Monitor,D10,original,False
1657,109.2341399,-0.44299219,8.12,0.434,TM,Healthy,,D010A,0.434,Normal,Moderate,Routine,D10,original,False
1658,109.23436092,-0.44844652,8.12,0.486,TM,Healthy,,D010A,0.486,Healthy,Good,None,D10,original,False
1659,109.23375443,-0.44722105,8.11,0.453,TM,Healthy,,D010A,0.453,Normal,Moderate,Routine,D10,original,False
1660,109.23514906,-0.4450773,8.11,0.384,TM,Healthy,,D010A,0.384,Suspect,Critical,Priority Survey,D10,original,False
1661,109.23465081,-0.44575359,8.11,0.532,TM,Healthy,,D010A,0.532,Healthy,Good,None,D10,original,False
1662,109.23413901,-0.44295195,8.1,0.445,TM,Healthy,,D010A,0.445,Normal,Moderate,Routine,D10,original,False
1663,109.23451179,-0.44106387,8.1,0.511,TM,Healthy,,D010A,0.511,Healthy,Good,None,D10,original,False
1664,109.2348744,-0.44041331,8.1,0.45,TM,Healthy,,D010A,0.45,Normal,Moderate,Routine,D10,original,False
1665,109.23551754,-0.44239704,8.09,0.474,TM,Healthy,,D010A,0.474,Healthy,Good,None,D10,original,False
1666,109.23512216,-0.44864385,8.08,0.419,TM,Healthy,,D010A,0.419,Abnormal,Sub-Optimal,Monitor,D10,original,False
1667,109.23459191,-0.4460113,8.08,0.556,TM,Healthy,,D010A,0.556,Healthy,Good,None,D10,original,False
1668,109.23579655,-0.44575658,8.07,0.422,TM,Healthy,,D010A,0.422,Abnormal,Sub-Optimal,Monitor,D10,original,False
1669,109.23491415,-0.44700747,8.06,0.353,TM,Suspect,Circle_5m,D010A,0.353,Suspect,Critical,Priority Survey,D10,original,False
1670,109.23518087,-0.44164413,8.06,0.435,TM,Healthy,,D010A,0.435,Normal,Moderate,Routine,D10,original,False
1671,109.23531096,-0.44606619,8.06,0.398,TM,Healthy,,D010A,0.398,Abnormal,Sub-Optimal,Monitor,D10,original,False
1672,109.23517922,-0.44099982,8.06,0.498,TM,Healthy,,D010A,0.498,Healthy,Good,None,D10,original,False
1673,109.23439616,-0.44572278,8.05,0.596,TM,Healthy,,D010A,0.596,Healthy,Good,None,D10,original,False
1674,109.23370361,-0.44750951,8.05,0.407,TM,Healthy,,D010A,0.407,Abnormal,Sub-Optimal,Monitor,D10,original,False
1675,109.23552391,-0.4439434,8.04,0.462,TM,Healthy,,D010A,0.462,Healthy,Good,None,D10,original,False
1676,109.23478062,-0.44570705,8.04,0.495,TM,Healthy,,D010A,0.495,Healthy,Good,None,D10,original,False
1677,109.23437272,-0.44792339,8.04,0.331,TM,Suspect,Circle_5m,D010A,0.331,Suspect,Critical,Priority Survey,D10,original,False
1678,109.23518471,-0.44056214,8.04,0.454,TM,Healthy,,D010A,0.454,Normal,Moderate,Routine,D10,original,False
1679,109.23373617,-0.44845587,8.03,0.419,TM,Healthy,,D010A,0.419,Abnormal,Sub-Optimal,Monitor,D10,original,False
1680,109.23436246,-0.44198938,8.03,0.514,TM,Healthy,,D010A,0.514,Healthy,Good,None,D10,original,False
1681,109.2351164,-0.44264789,8.02,0.535,TM,Healthy,,D010A,0.535,Healthy,Good,None,D10,original,False
1682,109.23366368,-0.44732231,8.02,0.446,TM,Healthy,,D010A,0.446,Normal,Moderate,Routine,D10,original,False
1683,109.23477342,-0.4476323,8.02,0.397,TM,Healthy,,D010A,0.397,Abnormal,Sub-Optimal,Monitor,D10,original,False
1684,109.23455682,-0.44438084,8.02,0.41,TM,Healthy,,D010A,0.41,Abnormal,Sub-Optimal,Monitor,D10,original,False
1685,109.23416129,-0.44746576,8.01,0.431,TM,Healthy,,D010A,0.431,Normal,Moderate,Routine,D10,original,False
1686,109.23471015,-0.4417132,8.01,0.503,TM,Healthy,,D010A,0.503,Healthy,Good,None,D10,original,False
1687,109.23567911,-0.44480704,8.01,0.467,TM,Healthy,,D010A,0.467,Healthy,Good,None,D10,original,False
1688,109.23503992,-0.44507637,8.0,0.424,TM,Healthy,,D010A,0.424,Abnormal,Sub-Optimal,Monitor,D10,original,False
1689,109.23461513,-0.440907,8.0,0.508,TM,Healthy,,D010A,0.508,Healthy,Good,None,D10,original,False
1690,109.23473082,-0.44168336,8.0,0.452,TM,Healthy,,D010A,0.452,Normal,Moderate,Routine,D10,original,False
1691,109.23524175,-0.44627054,8.0,0.4,TM,Healthy,,D010A,0.4,Abnormal,Sub-Optimal,Monitor,D10,original,False
1692,109.2355657,-0.44197836,8.0,0.528,TM,Healthy,,D010A,0.528,Healthy,Good,None,D10,original,False
1693,109.23510954,-0.4412928,7.99,0.465,TM,Healthy,,D010A,0.465,Healthy,Good,None,D10,original,False
1694,109.23502231,-0.44357342,7.99,0.398,TM,Healthy,,D010A,0.398,Abnormal,Sub-Optimal,Monitor,D10,original,False
1695,109.23506761,-0.44385738,7.99,0.428,TM,Healthy,,D010A,0.428,Abnormal,Sub-Optimal,Monitor,D10,original,False
1696,109.23500322,-0.44265103,7.98,0.375,TM,Suspect,Circle_5m,D010A,0.375,Suspect,Critical,Priority Survey,D10,original,False
1697,109.23506391,-0.44807864,7.98,0.504,TM,Healthy,,D010A,0.504,Healthy,Good,None,D10,original,False
1698,109.23498568,-0.44651781,7.98,0.471,TM,Healthy,,D010A,0.471,Healthy,Good,None,D10,original,False
1699,109.23405583,-0.44334169,7.97,0.535,TM,Healthy,,D010A,0.535,Healthy,Good,None,D10,original,False
1700,109.23536458,-0.44724315,7.97,0.348,TM,Suspect,Circle_5m,D010A,0.348,Suspect,Critical,Priority Survey,D10,original,False
1701,109.23414315,-0.44819327,7.97,0.474,TM,Healthy,,D010A,0.474,Healthy,Good,None,D10,original,False
1702,109.23499654,-0.44804924,7.96,0.421,TM,Healthy,,D010A,0.421,Abnormal,Sub-Optimal,Monitor,D10,original,False
1703,109.2355031,-0.44835592,7.96,0.454,TM,Healthy,,D010A,0.454,Normal,Moderate,Routine,D10,original,False
1704,109.23551832,-0.44097458,7.96,0.414,TM,Healthy,,D010A,0.414,Abnormal,Sub-Optimal,Monitor,D10,original,False
1705,109.23483457,-0.44547285,7.96,0.416,TM,Healthy,,D010A,0.416,Abnormal,Sub-Optimal,Monitor,D10,original,False
1706,109.23502895,-0.44590199,7.96,0.441,TM,Healthy,,D010A,0.441,Normal,Moderate,Routine,D10,original,False
1707,109.2352193,-0.44053231,7.96,0.531,TM,Healthy,,D010A,0.531,Healthy,Good,None,D10,original,False
1708,109.23495253,-0.44803612,7.96,0.541,TM,Healthy,,D010A,0.541,Healthy,Good,None,D10,original,False
1709,109.23432221,-0.44313693,7.96,0.418,TM,Healthy,,D010A,0.418,Abnormal,Sub-Optimal,Monitor,D10,original,False
1710,109.23492944,-0.4412593,7.95,0.399,TM,Healthy,,D010A,0.399,Abnormal,Sub-Optimal,Monitor,D10,original,False
1711,109.23413048,-0.44101947,7.95,0.472,TM,Healthy,,D010A,0.472,Healthy,Good,None,D10,original,False
1712,109.2342852,-0.44578425,7.95,0.349,TM,Suspect,Circle_5m,D010A,0.349,Suspect,Critical,Priority Survey,D10,original,False
1713,109.23384421,-0.44363779,7.95,0.405,TM,Healthy,,D010A,0.405,Abnormal,Sub-Optimal,Monitor,D10,original,False
1714,109.23513425,-0.44314345,7.95,0.351,TM,Suspect,Circle_5m,D010A,0.351,Suspect,Critical,Priority Survey,D10,original,False
1715,109.23583137,-0.4409733,7.94,0.386,TM,Healthy,,D010A,0.386,Suspect,Critical,Priority Survey,D10,original,False
1716,109.23557932,-0.44135078,7.94,0.396,TM,Healthy,,D010A,0.396,Abnormal,Sub-Optimal,Monitor,D10,original,False
1717,109.23541991,-0.44312001,7.94,0.316,TM,Suspect,Circle_5m,D010A,0.316,Suspect,Critical,Priority Survey,D10,original,False
1718,109.23510119,-0.4461638,7.94,0.348,TM,Suspect,Circle_5m,D010A,0.348,Suspect,Critical,Priority Survey,D10,original,False
1719,109.23528084,-0.44432947,7.94,0.469,TM,Healthy,,D010A,0.469,Healthy,Good,None,D10,original,False
1720,109.23400294,-0.44289359,7.93,0.457,TM,Healthy,,D010A,0.457,Normal,Moderate,Routine,D10,original,False
1721,109.23568204,-0.44380779,7.92,0.427,TM,Healthy,,D010A,0.427,Abnormal,Sub-Optimal,Monitor,D10,original,False
1722,109.23400028,-0.44462758,7.92,0.461,TM,Healthy,,D010A,0.461,Healthy,Good,None,D10,original,False
1723,109.23574045,-0.44178896,7.91,0.447,TM,Healthy,,D010A,0.447,Normal,Moderate,Routine,D10,original,False
1724,109.23555736,-0.44868826,7.91,0.339,TM,Suspect,Circle_5m,D010A,0.339,Suspect,Critical,Priority Survey,D10,original,False
1725,109.23388688,-0.44364232,7.9,0.406,TM,Healthy,,D010A,0.406,Abnormal,Sub-Optimal,Monitor,D10,original,False
1726,109.23412881,-0.44807344,7.9,0.507,TM,Healthy,,D010A,0.507,Healthy,Good,None,D10,original,False
1727,109.23442288,-0.44099195,7.9,0.628,TM,Healthy,,D010A,0.628,Healthy,Good,None,D10,original,False
1728,109.23552345,-0.44775185,7.9,0.344,TM,Suspect,Circle_5m,D010A,0.344,Suspect,Critical,Priority Survey,D10,original,False
1729,109.23564626,-0.44883568,7.89,0.386,TM,Healthy,,D010A,0.386,Suspect,Critical,Priority Survey,D10,original,False
1730,109.23448781,-0.44560163,7.88,0.415,TM,Healthy,,D010A,0.415,Abnormal,Sub-Optimal,Monitor,D10,original,False
1731,109.23436303,-0.4433508,7.88,0.6,TM,Healthy,,D010A,0.6,Healthy,Good,None,D10,original,False
1732,109.23576236,-0.44602832,7.88,0.424,TM,Healthy,,D010A,0.424,Abnormal,Sub-Optimal,Monitor,D10,original,False
1733,109.23409035,-0.44550071,7.87,0.403,TM,Healthy,,D010A,0.403,Abnormal,Sub-Optimal,Monitor,D10,original,False
1734,109.23580808,-0.44638959,7.87,0.41,TM,Healthy,,D010A,0.41,Abnormal,Sub-Optimal,Monitor,D10,original,False
1735,109.23574193,-0.4412622,7.87,0.48,TM,Healthy,,D010A,0.48,Healthy,Good,None,D10,original,False
1736,109.23418056,-0.44197306,7.86,0.463,TM,Healthy,,D010A,0.463,Healthy,Good,None,D10,original,False
1737,109.23425678,-0.44443548,7.86,0.46,TM,Healthy,,D010A,0.46,Healthy,Good,None,D10,original,False
1738,109.23388964,-0.44525921,7.86,0.447,TM,Healthy,,D010A,0.447,Normal,Moderate,Routine,D10,original,False
1739,109.23384045,-0.446258,7.86,0.453,TM,Healthy,,D010A,0.453,Normal,Moderate,Routine,D10,original,False
1740,109.23570066,-0.44670698,7.86,0.308,TM,Suspect,Circle_5m,D010A,0.308,Suspect,Critical,Priority Survey,D10,original,False
1741,109.23419327,-0.44332002,7.86,0.443,TM,Healthy,,D010A,0.443,Normal,Moderate,Routine,D10,original,False
1742,109.23572795,-0.44528588,7.85,0.409,TM,Healthy,,D010A,0.409,Abnormal,Sub-Optimal,Monitor,D10,original,False
1743,109.23531603,-0.44174409,7.85,0.407,TM,Healthy,,D010A,0.407,Abnormal,Sub-Optimal,Monitor,D10,original,False
1744,109.23527573,-0.44501764,7.85,0.456,TM,Healthy,,D010A,0.456,Normal,Moderate,Routine,D10,original,False
1745,109.23528071,-0.44298388,7.85,0.328,TM,Suspect,Circle_5m,D010A,0.328,Suspect,Critical,Priority Survey,D10,original,False
1746,109.23424013,-0.44833798,7.84,0.463,TM,Healthy,,D010A,0.463,Healthy,Good,None,D10,original,False
1747,109.23495123,-0.44595713,7.83,0.368,TM,Suspect,Circle_5m,D010A,0.368,Suspect,Critical,Priority Survey,D10,original,False
1748,109.23554564,-0.448875,7.83,0.445,TM,Healthy,,D010A,0.445,Normal,Moderate,Routine,D10,original,False
1749,109.23537868,-0.44840065,7.83,0.43,TM,Healthy,,D010A,0.43,Normal,Moderate,Routine,D10,original,False
1750,109.23469615,-0.44773447,7.83,0.382,TM,Healthy,,D010A,0.382,Suspect,Critical,Priority Survey,D10,original,False
1751,109.23481635,-0.44842086,7.83,0.404,TM,Healthy,,D010A,0.404,Abnormal,Sub-Optimal,Monitor,D10,original,False
1752,109.23514758,-0.441839,7.82,0.448,TM,Healthy,,D010A,0.448,Normal,Moderate,Routine,D10,original,False
1753,109.23538913,-0.44601511,7.82,0.358,TM,Suspect,Circle_5m,D010A,0.358,Suspect,Critical,Priority Survey,D10,original,False
1754,109.23545324,-0.448355,7.81,0.444,TM,Healthy,,D010A,0.444,Normal,Moderate,Routine,D10,original,False
1755,109.23554271,-0.4460893,7.81,0.41,TM,Healthy,,D010A,0.41,Abnormal,Sub-Optimal,Monitor,D10,original,False
1756,109.23408232,-0.44713432,7.8,0.429,TM,Healthy,,D010A,0.429,Abnormal,Sub-Optimal,Monitor,D10,original,False
1757,109.23577232,-0.44566976,7.8,0.427,TM,Healthy,,D010A,0.427,Abnormal,Sub-Optimal,Monitor,D10,original,False
1758,109.23570097,-0.44543327,7.79,0.371,TM,Suspect,Circle_5m,D010A,0.371,Suspect,Critical,Priority Survey,D10,original,False
1759,109.23561008,-0.44611961,7.79,0.401,TM,Healthy,,D010A,0.401,Abnormal,Sub-Optimal,Monitor,D10,original,False
1760,109.23550627,-0.44822118,7.79,0.447,TM,Healthy,,D010A,0.447,Normal,Moderate,Routine,D10,original,False
1761,109.23394632,-0.44488077,7.79,0.446,TM,Healthy,,D010A,0.446,Normal,Moderate,Routine,D10,original,False
1762,109.23430464,-0.44527378,7.79,0.493,TM,Healthy,,D010A,0.493,Healthy,Good,None,D10,original,False
1763,109.23402032,-0.44534153,7.79,0.437,TM,Healthy,,D010A,0.437,Normal,Moderate,Routine,D10,original,False
1764,109.2341339,-0.44743185,7.78,0.446,TM,Healthy,,D010A,0.446,Normal,Moderate,Routine,D10,original,False
1765,109.23562145,-0.44551735,7.77,0.394,TM,Healthy,,D010A,0.394,Abnormal,Sub-Optimal,Monitor,D10,original,False
1766,109.23555727,-0.44719436,7.77,0.49,TM,Healthy,,D010A,0.49,Healthy,Good,None,D10,original,False
1767,109.23474194,-0.44591865,7.77,0.422,TM,Healthy,,D010A,0.422,Abnormal,Sub-Optimal,Monitor,D10,original,False
1768,109.23422215,-0.44838002,7.77,0.43,TM,Healthy,,D010A,0.43,Normal,Moderate,Routine,D10,original,False
1769,109.23528733,-0.44723408,7.77,0.519,TM,Healthy,,D010A,0.519,Healthy,Good,None,D10,original,False
1770,109.23496668,-0.4452025,7.76,0.373,TM,Suspect,Circle_5m,D010A,0.373,Suspect,Critical,Priority Survey,D10,original,False
1771,109.23426524,-0.44849624,7.76,0.444,TM,Healthy,,D010A,0.444,Normal,Moderate,Routine,D10,original,False
1772,109.23392992,-0.44208423,7.76,0.451,TM,Healthy,,D010A,0.451,Normal,Moderate,Routine,D10,original,False
1773,109.23573332,-0.44534285,7.76,0.359,TM,Suspect,Circle_5m,D010A,0.359,Suspect,Critical,Priority Survey,D10,original,False
1774,109.23503079,-0.44569626,7.75,0.467,TM,Healthy,,D010A,0.467,Healthy,Good,None,D10,original,False
1775,109.23509879,-0.4430711,7.75,0.403,TM,Healthy,,D010A,0.403,Abnormal,Sub-Optimal,Monitor,D10,original,False
1776,109.23481688,-0.44242717,7.75,0.411,TM,Healthy,,D010A,0.411,Abnormal,Sub-Optimal,Monitor,D10,original,False
1777,109.23526068,-0.44597484,7.74,0.485,TM,Healthy,,D010A,0.485,Healthy,Good,None,D10,original,False
1778,109.23424411,-0.44670436,7.74,0.418,TM,Healthy,,D010A,0.418,Abnormal,Sub-Optimal,Monitor,D10,original,False
1779,109.23553521,-0.44739827,7.74,0.326,TM,Suspect,Circle_5m,D010A,0.326,Suspect,Critical,Priority Survey,D10,original,False
1780,109.23521886,-0.44808818,7.73,0.43,TM,Healthy,,D010A,0.43,Normal,Moderate,Routine,D10,original,False
1781,109.23422906,-0.44389968,7.73,0.503,TM,Healthy,,D010A,0.503,Healthy,Good,None,D10,original,False
1782,109.23425698,-0.44359901,7.73,0.445,TM,Healthy,,D010A,0.445,Normal,Moderate,Routine,D10,original,False
1783,109.23513606,-0.44875146,7.73,0.505,TM,Healthy,,D010A,0.505,Healthy,Good,None,D10,original,False
1784,109.23533879,-0.44044507,7.73,0.439,TM,Healthy,,D010A,0.439,Normal,Moderate,Routine,D10,original,False
1785,109.23553703,-0.44545177,7.72,0.44,TM,Healthy,,D010A,0.44,Normal,Moderate,Routine,D10,original,False
1786,109.23470291,-0.44574728,7.71,0.374,TM,Suspect,Circle_5m,D010A,0.374,Suspect,Critical,Priority Survey,D10,original,False
1787,109.23506506,-0.44134298,7.7,0.492,TM,Healthy,,D010A,0.492,Healthy,Good,None,D10,original,False
1788,109.23397757,-0.44567476,7.7,0.636,TM,Healthy,,D010A,0.636,Healthy,Good,None,D10,original,False
1789,109.23499521,-0.44612806,7.7,0.459,TM,Healthy,,D010A,0.459,Normal,Moderate,Routine,D10,original,False
1790,109.23579366,-0.44845637,7.7,0.411,TM,Healthy,,D010A,0.411,Abnormal,Sub-Optimal,Monitor,D10,original,False
1791,109.23573556,-0.44915085,7.69,0.41,TM,Healthy,,D010A,0.41,Abnormal,Sub-Optimal,Monitor,D10,original,False
1792,109.23385247,-0.44671196,7.69,0.381,TM,Healthy,,D010A,0.381,Suspect,Critical,Priority Survey,D10,original,False
1793,109.23429601,-0.4418917,7.68,0.508,TM,Healthy,,D010A,0.508,Healthy,Good,None,D10,original,False
1794,109.23415267,-0.44404977,7.68,0.448,TM,Healthy,,D010A,0.448,Normal,Moderate,Routine,D10,original,False
1795,109.23502706,-0.44059375,7.67,0.478,TM,Healthy,,D010A,0.478,Healthy,Good,None,D10,original,False
1796,109.23525891,-0.44589436,7.67,0.356,TM,Suspect,Circle_5m,D010A,0.356,Suspect,Critical,Priority Survey,D10,original,False
1797,109.23433022,-0.4453719,7.67,0.422,TM,Healthy,,D010A,0.422,Abnormal,Sub-Optimal,Monitor,D10,original,False
1798,109.23438759,-0.44774525,7.67,0.533,TM,Healthy,,D010A,0.533,Healthy,Good,None,D10,original,False
1799,109.23378232,-0.44892747,7.66,0.479,TM,Healthy,,D010A,0.479,Healthy,Good,None,D10,original,False
1800,109.23447502,-0.44838868,7.66,0.4,TM,Healthy,,D010A,0.4,Abnormal,Sub-Optimal,Monitor,D10,original,False
1801,109.23409377,-0.44809333,7.65,0.519,TM,Healthy,,D010A,0.519,Healthy,Good,None,D10,original,False
1802,109.23550247,-0.44721288,7.65,0.439,TM,Healthy,,D010A,0.439,Normal,Moderate,Routine,D10,original,False
1803,109.23501638,-0.44584366,7.65,0.462,TM,Healthy,,D010A,0.462,Healthy,Good,None,D10,original,False
1804,109.23424287,-0.44625628,7.65,0.455,TM,Healthy,,D010A,0.455,Normal,Moderate,Routine,D10,original,False
1805,109.23505676,-0.44790773,7.65,0.366,TM,Suspect,Circle_5m,D010A,0.366,Suspect,Critical,Priority Survey,D10,original,False
1806,109.23481115,-0.44764497,7.64,0.532,TM,Healthy,,D010A,0.532,Healthy,Good,None,D10,original,False
1807,109.23439666,-0.44549897,7.64,0.385,TM,Healthy,,D010A,0.385,Suspect,Critical,Priority Survey,D10,original,False
1808,109.23521093,-0.44366118,7.64,0.421,TM,Healthy,,D010A,0.421,Abnormal,Sub-Optimal,Monitor,D10,original,False
1809,109.23385727,-0.44728664,7.64,0.519,TM,Healthy,,D010A,0.519,Healthy,Good,None,D10,original,False
1810,109.23553052,-0.44636195,7.64,0.337,TM,Suspect,Circle_5m,D010A,0.337,Suspect,Critical,Priority Survey,D10,original,False
1811,109.23482275,-0.44040697,7.63,0.419,TM,Healthy,,D010A,0.419,Abnormal,Sub-Optimal,Monitor,D10,original,False
1812,109.23520959,-0.44362365,7.62,0.386,TM,Healthy,,D010A,0.386,Suspect,Critical,Priority Survey,D10,original,False
1813,109.23535565,-0.44890208,7.62,0.431,TM,Healthy,,D010A,0.431,Normal,Moderate,Routine,D10,original,False
1814,109.23421526,-0.44715018,7.62,0.336,TM,Suspect,Circle_5m,D010A,0.336,Suspect,Critical,Priority Survey,D10,original,False
1815,109.23558137,-0.44596904,7.62,0.58,TM,Healthy,,D010A,0.58,Healthy,Good,None,D10,original,False
1816,109.23555025,-0.44839165,7.61,0.511,TM,Healthy,,D010A,0.511,Healthy,Good,None,D10,original,False
1817,109.23517766,-0.44570353,7.61,0.446,TM,Healthy,,D010A,0.446,Normal,Moderate,Routine,D10,original,False
1818,109.23454849,-0.44538642,7.61,0.527,TM,Healthy,,D010A,0.527,Healthy,Good,None,D10,original,False
1819,109.23476943,-0.44177471,7.61,0.457,TM,Healthy,,D010A,0.457,Normal,Moderate,Routine,D10,original,False
1820,109.23554047,-0.44794538,7.61,0.512,TM,Healthy,,D010A,0.512,Healthy,Good,None,D10,original,False
1821,109.2343539,-0.44776785,7.6,0.542,TM,Healthy,,D010A,0.542,Healthy,Good,None,D10,original,False
1822,109.234798,-0.44251036,7.6,0.411,TM,Healthy,,D010A,0.411,Abnormal,Sub-Optimal,Monitor,D10,original,False
1823,109.23512973,-0.44890564,7.6,0.481,TM,Healthy,,D010A,0.481,Healthy,Good,None,D10,original,False
1824,109.23455841,-0.44524897,7.6,0.413,TM,Healthy,,D010A,0.413,Abnormal,Sub-Optimal,Monitor,D10,original,False
1825,109.23585963,-0.4487019,7.6,0.439,TM,Healthy,,D010A,0.439,Normal,Moderate,Routine,D10,original,False
1826,109.23536064,-0.4411536,7.6,0.393,TM,Healthy,,D010A,0.393,Abnormal,Sub-Optimal,Monitor,D10,original,False
1827,109.23422423,-0.44534429,7.6,0.441,TM,Healthy,,D010A,0.441,Normal,Moderate,Routine,D10,original,False
1828,109.23380403,-0.44827638,7.59,0.44,TM,Healthy,,D010A,0.44,Normal,Moderate,Routine,D10,original,False
1829,109.23517261,-0.44426072,7.59,0.499,TM,Healthy,,D010A,0.499,Healthy,Good,None,D10,original,False
1830,109.23549536,-0.44312003,7.58,0.394,TM,Healthy,,D010A,0.394,Abnormal,Sub-Optimal,Monitor,D10,original,False
1831,109.23493102,-0.4478453,7.57,0.458,TM,Healthy,,D010A,0.458,Normal,Moderate,Routine,D10,original,False
1832,109.23534331,-0.44601646,7.57,0.463,TM,Healthy,,D010A,0.463,Healthy,Good,None,D10,original,False
1833,109.23466007,-0.4407786,7.57,0.52,TM,Healthy,,D010A,0.52,Healthy,Good,None,D10,original,False
1834,109.23494133,-0.44791675,7.57,0.442,TM,Healthy,,D010A,0.442,Normal,Moderate,Routine,D10,original,False
1835,109.23458733,-0.44260074,7.57,0.357,TM,Suspect,Circle_5m,D010A,0.357,Suspect,Critical,Priority Survey,D10,original,False
1836,109.23513881,-0.44286493,7.56,0.356,TM,Suspect,Circle_5m,D010A,0.356,Suspect,Critical,Priority Survey,D10,original,False
1837,109.23530286,-0.44426392,7.56,0.42,TM,Healthy,,D010A,0.42,Abnormal,Sub-Optimal,Monitor,D10,original,False
1838,109.23375044,-0.44889265,7.55,0.382,TM,Healthy,,D010A,0.382,Suspect,Critical,Priority Survey,D10,original,False
1839,109.23447793,-0.44179589,7.55,0.433,TM,Healthy,,D010A,0.433,Normal,Moderate,Routine,D10,original,False
1840,109.2357221,-0.44723057,7.55,0.446,TM,Healthy,,D010A,0.446,Normal,Moderate,Routine,D10,original,False
1841,109.23417221,-0.44877519,7.54,0.411,TM,Healthy,,D010A,0.411,Abnormal,Sub-Optimal,Monitor,D10,original,False
1842,109.23515527,-0.44350337,7.54,0.399,TM,Healthy,,D010A,0.399,Abnormal,Sub-Optimal,Monitor,D10,original,False
1843,109.23517938,-0.44603315,7.54,0.443,TM,Healthy,,D010A,0.443,Normal,Moderate,Routine,D10,original,False
1844,109.23574973,-0.44434134,7.54,0.466,TM,Healthy,,D010A,0.466,Healthy,Good,None,D10,original,False
1845,109.2354618,-0.44825191,7.53,0.384,TM,Healthy,,D010A,0.384,Suspect,Critical,Priority Survey,D10,original,False
1846,109.23494461,-0.44357249,7.53,0.402,TM,Healthy,,D010A,0.402,Abnormal,Sub-Optimal,Monitor,D10,original,False
1847,109.23500363,-0.4484512,7.53,0.395,TM,Healthy,,D010A,0.395,Abnormal,Sub-Optimal,Monitor,D10,original,False
1848,109.23538695,-0.44193627,7.52,0.39,TM,Healthy,,D010A,0.39,Abnormal,Sub-Optimal,Monitor,D10,original,False
1849,109.23464851,-0.4440829,7.52,0.421,TM,Healthy,,D010A,0.421,Abnormal,Sub-Optimal,Monitor,D10,original,False
1850,109.23542044,-0.44275331,7.52,0.572,TM,Healthy,,D010A,0.572,Healthy,Good,None,D10,original,False
1851,109.2349569,-0.44667469,7.5,0.318,TM,Suspect,Circle_5m,D010A,0.318,Suspect,Critical,Priority Survey,D10,original,False
1852,109.23516316,-0.44624204,7.5,0.51,TM,Healthy,,D010A,0.51,Healthy,Good,None,D10,original,False
1853,109.23554074,-0.44304408,7.5,0.492,TM,Healthy,,D010A,0.492,Healthy,Good,None,D10,original,False
1854,109.23573516,-0.44327517,7.5,0.36,TM,Suspect,Circle_5m,D010A,0.36,Suspect,Critical,Priority Survey,D10,original,False
1855,109.23418673,-0.44815801,7.5,0.496,TM,Healthy,,D010A,0.496,Healthy,Good,None,D10,original,False
1856,109.23513346,-0.44644866,7.49,0.512,TM,Healthy,,D010A,0.512,Healthy,Good,None,D10,original,False
1857,109.23533216,-0.44191546,7.49,0.499,TM,Healthy,,D010A,0.499,Healthy,Good,None,D10,original,False
1858,109.23404269,-0.44381147,7.48,0.452,TM,Healthy,,D010A,0.452,Normal,Moderate,Routine,D10,original,False
1859,109.23445649,-0.44130485,7.48,0.516,TM,Healthy,,D010A,0.516,Healthy,Good,None,D10,original,False
1860,109.23541307,-0.44733133,7.48,0.403,TM,Healthy,,D010A,0.403,Abnormal,Sub-Optimal,Monitor,D10,original,False
1861,109.2345339,-0.44254873,7.47,0.433,TM,Healthy,,D010A,0.433,Normal,Moderate,Routine,D10,original,False
1862,109.23505917,-0.44536439,7.47,0.475,TM,Healthy,,D010A,0.475,Healthy,Good,None,D10,original,False
1863,109.2345481,-0.44702999,7.46,0.469,TM,Healthy,,D010A,0.469,Healthy,Good,None,D10,original,False
1864,109.23548958,-0.44667663,7.46,0.375,TM,Suspect,Circle_5m,D010A,0.375,Suspect,Critical,Priority Survey,D10,original,False
1865,109.23458983,-0.4471896,7.46,0.41,TM,Healthy,,D010A,0.41,Abnormal,Sub-Optimal,Monitor,D10,original,False
1866,109.23493216,-0.44305975,7.46,0.375,TM,Suspect,Circle_5m,D010A,0.375,Suspect,Critical,Priority Survey,D10,original,False
1867,109.23577234,-0.44557979,7.45,0.379,TM,Suspect,Circle_5m,D010A,0.379,Suspect,Critical,Priority Survey,D10,original,False
1868,109.23411465,-0.44527735,7.45,0.429,TM,Healthy,,D010A,0.429,Abnormal,Sub-Optimal,Monitor,D10,original,False
1869,109.23568145,-0.44815928,7.44,0.474,TM,Healthy,,D010A,0.474,Healthy,Good,None,D10,original,False
1870,109.23493667,-0.44106261,7.43,0.435,TM,Healthy,,D010A,0.435,Normal,Moderate,Routine,D10,original,False
1871,109.23460259,-0.44264008,7.43,0.454,TM,Healthy,,D010A,0.454,Normal,Moderate,Routine,D10,original,False
1872,109.23560696,-0.44599753,7.43,0.363,TM,Suspect,Circle_5m,D010A,0.363,Suspect,Critical,Priority Survey,D10,original,False
1873,109.23455734,-0.4440874,7.43,0.471,TM,Healthy,,D010A,0.471,Healthy,Good,None,D10,original,False
1874,109.23482318,-0.44428551,7.43,0.49,TM,Healthy,,D010A,0.49,Healthy,Good,None,D10,original,False
1875,109.23514151,-0.44474406,7.43,0.481,TM,Healthy,,D010A,0.481,Healthy,Good,None,D10,original,False
1876,109.23526902,-0.44113594,7.42,0.36,TM,Suspect,Circle_5m,D010A,0.36,Suspect,Critical,Priority Survey,D10,original,False
1877,109.23494571,-0.448401,7.42,0.346,TM,Suspect,Circle_5m,D010A,0.346,Suspect,Critical,Priority Survey,D10,original,False
1878,109.23455694,-0.44195371,7.41,0.405,TM,Healthy,,D010A,0.405,Abnormal,Sub-Optimal,Monitor,D10,original,False
1879,109.23546058,-0.44013447,7.41,0.293,TM,Suspect,Circle_5m,D010A,0.293,Suspect,Critical,Priority Survey,D10,original,False
1880,109.23467986,-0.44821058,7.41,0.391,TM,Healthy,,D010A,0.391,Abnormal,Sub-Optimal,Monitor,D10,original,False
1881,109.23526732,-0.44828894,7.41,0.41,TM,Healthy,,D010A,0.41,Abnormal,Sub-Optimal,Monitor,D10,original,False
1882,109.23505579,-0.44821655,7.4,0.404,TM,Healthy,,D010A,0.404,Abnormal,Sub-Optimal,Monitor,D10,original,False
1883,109.23483399,-0.44792802,7.4,0.552,TM,Healthy,,D010A,0.552,Healthy,Good,None,D10,original,False
1884,109.23431763,-0.44729263,7.4,0.453,TM,Healthy,,D010A,0.453,Normal,Moderate,Routine,D10,original,False
1885,109.23553006,-0.44642118,7.39,0.438,TM,Healthy,,D010A,0.438,Normal,Moderate,Routine,D10,original,False
1886,109.23506615,-0.44242949,7.37,0.487,TM,Healthy,,D010A,0.487,Healthy,Good,None,D10,original,False
1887,109.23518392,-0.44583013,7.37,0.561,TM,Healthy,,D010A,0.561,Healthy,Good,None,D10,original,False
1888,109.23466662,-0.44726106,7.36,0.429,TM,Healthy,,D010A,0.429,Abnormal,Sub-Optimal,Monitor,D10,original,False
1889,109.23509231,-0.4419457,7.36,0.391,TM,Healthy,,D010A,0.391,Abnormal,Sub-Optimal,Monitor,D10,original,False
1890,109.23583659,-0.44169312,7.36,0.458,TM,Healthy,,D010A,0.458,Normal,Moderate,Routine,D10,original,False
1891,109.23487976,-0.44240367,7.35,0.352,TM,Suspect,Circle_5m,D010A,0.352,Suspect,Critical,Priority Survey,D10,original,False
1892,109.23574277,-0.44717903,7.35,0.416,TM,Healthy,,D010A,0.416,Abnormal,Sub-Optimal,Monitor,D10,original,False
1893,109.23426293,-0.44878561,7.35,0.383,TM,Healthy,,D010A,0.383,Suspect,Critical,Priority Survey,D10,original,False
1894,109.23529068,-0.44638766,7.35,0.425,TM,Healthy,,D010A,0.425,Abnormal,Sub-Optimal,Monitor,D10,original,False
1895,109.23536558,-0.44305262,7.34,0.404,TM,Healthy,,D010A,0.404,Abnormal,Sub-Optimal,Monitor,D10,original,False
1896,109.23558483,-0.44650032,7.34,0.425,TM,Healthy,,D010A,0.425,Abnormal,Sub-Optimal,Monitor,D10,original,False
1897,109.23558243,-0.44148553,7.34,0.459,TM,Healthy,,D010A,0.459,Normal,Moderate,Routine,D10,original,False
1898,109.23428699,-0.44392727,7.34,0.379,TM,Suspect,Circle_5m,D010A,0.379,Suspect,Critical,Priority Survey,D10,original,False
1899,109.23548319,-0.44520714,7.34,0.431,TM,Healthy,,D010A,0.431,Normal,Moderate,Routine,D10,original,False
1900,109.23515634,-0.4408913,7.34,0.409,TM,Healthy,,D010A,0.409,Abnormal,Sub-Optimal,Monitor,D10,original,False
1901,109.23532568,-0.44651924,7.34,0.382,TM,Healthy,,D010A,0.382,Suspect,Critical,Priority Survey,D10,original,False
1902,109.2339915,-0.44753852,7.34,0.408,TM,Healthy,,D010A,0.408,Abnormal,Sub-Optimal,Monitor,D10,original,False
1903,109.23472265,-0.44013746,7.33,0.319,TM,Suspect,Circle_5m,D010A,0.319,Suspect,Critical,Priority Survey,D10,original,False
1904,109.23501582,-0.44064032,7.33,0.397,TM,Healthy,,D010A,0.397,Abnormal,Sub-Optimal,Monitor,D10,original,False
1905,109.23483835,-0.44846744,7.31,0.455,TM,Healthy,,D010A,0.455,Normal,Moderate,Routine,D10,original,False
1906,109.23550661,-0.44301242,7.31,0.508,TM,Healthy,,D010A,0.508,Healthy,Good,None,D10,original,False
1907,109.23422793,-0.44675771,7.31,0.362,TM,Suspect,Circle_5m,D010A,0.362,Suspect,Critical,Priority Survey,D10,original,False
1908,109.23437679,-0.44405932,7.3,0.516,TM,Healthy,,D010A,0.516,Healthy,Good,None,D10,original,False
1909,109.23508508,-0.4459228,7.3,0.474,TM,Healthy,,D010A,0.474,Healthy,Good,None,D10,original,False
1910,109.23575075,-0.44383448,7.29,0.474,TM,Healthy,,D010A,0.474,Healthy,Good,None,D10,original,False
1911,109.23449263,-0.44797316,7.28,0.455,TM,Healthy,,D010A,0.455,Normal,Moderate,Routine,D10,original,False
1912,109.23467992,-0.44798767,7.28,0.429,TM,Healthy,,D010A,0.429,Abnormal,Sub-Optimal,Monitor,D10,original,False
1913,109.23573894,-0.44059212,7.28,0.433,TM,Healthy,,D010A,0.433,Normal,Moderate,Routine,D10,original,False
1914,109.23404862,-0.44722429,7.27,0.458,TM,Healthy,,D010A,0.458,Normal,Moderate,Routine,D10,original,False
1915,109.23510861,-0.44520615,7.27,0.389,TM,Healthy,,D010A,0.389,Suspect,Critical,Priority Survey,D10,original,False
1916,109.23417875,-0.44393177,7.27,0.459,TM,Healthy,,D010A,0.459,Normal,Moderate,Routine,D10,original,False
1917,109.23409682,-0.44848444,7.27,0.475,TM,Healthy,,D010A,0.475,Healthy,Good,None,D10,original,False
1918,109.23545914,-0.44246666,7.26,0.442,TM,Healthy,,D010A,0.442,Normal,Moderate,Routine,D10,original,False
1919,109.23535276,-0.44405187,7.24,0.406,TM,Healthy,,D010A,0.406,Abnormal,Sub-Optimal,Monitor,D10,original,False
1920,109.23582723,-0.44709766,7.24,0.458,TM,Healthy,,D010A,0.458,Normal,Moderate,Routine,D10,original,False
1921,109.2343405,-0.44557628,7.24,0.546,TM,Healthy,,D010A,0.546,Healthy,Good,None,D10,original,False
1922,109.23530537,-0.44505428,7.24,0.408,TM,Healthy,,D010A,0.408,Abnormal,Sub-Optimal,Monitor,D10,original,False
1923,109.23437391,-0.44860387,7.23,0.431,TM,Healthy,,D010A,0.431,Normal,Moderate,Routine,D10,original,False
1924,109.23416017,-0.44839267,7.22,0.431,TM,Healthy,,D010A,0.431,Normal,Moderate,Routine,D10,original,False
1925,109.23549905,-0.44839209,7.22,0.424,TM,Healthy,,D010A,0.424,Abnormal,Sub-Optimal,Monitor,D10,original,False
1926,109.23572904,-0.44068616,7.22,0.479,TM,Healthy,,D010A,0.479,Healthy,Good,None,D10,original,False
1927,109.23412739,-0.44836508,7.22,0.523,TM,Healthy,,D010A,0.523,Healthy,Good,None,D10,original,False
1928,109.23503065,-0.44815234,7.22,0.394,TM,Healthy,,D010A,0.394,Abnormal,Sub-Optimal,Monitor,D10,original,False
1929,109.23471135,-0.44427237,7.22,0.461,TM,Healthy,,D010A,0.461,Healthy,Good,None,D10,original,False
1930,109.23443719,-0.44126415,7.21,0.485,TM,Healthy,,D010A,0.485,Healthy,Good,None,D10,original,False
1931,109.23541647,-0.44624707,7.21,0.429,TM,Healthy,,D010A,0.429,Abnormal,Sub-Optimal,Monitor,D10,original,False
1932,109.23576824,-0.44393125,7.2,0.425,TM,Healthy,,D010A,0.425,Abnormal,Sub-Optimal,Monitor,D10,original,False
1933,109.2354213,-0.44669108,7.2,0.443,TM,Healthy,,D010A,0.443,Normal,Moderate,Routine,D10,original,False
1934,109.2351003,-0.44801807,7.2,0.439,TM,Healthy,,D010A,0.439,Normal,Moderate,Routine,D10,original,False
1935,109.23459047,-0.44638794,7.19,0.51,TM,Healthy,,D010A,0.51,Healthy,Good,None,D10,original,False
1936,109.23552462,-0.4466269,7.19,0.347,TM,Suspect,Circle_5m,D010A,0.347,Suspect,Critical,Priority Survey,D10,original,False
1937,109.23498224,-0.44589655,7.19,0.454,TM,Healthy,,D010A,0.454,Normal,Moderate,Routine,D10,original,False
1938,109.23499577,-0.44188102,7.19,0.38,TM,Suspect,Circle_5m,D010A,0.38,Suspect,Critical,Priority Survey,D10,original,False
1939,109.23575139,-0.44305,7.18,0.479,TM,Healthy,,D010A,0.479,Healthy,Good,None,D10,original,False
1940,109.23485683,-0.44250721,7.18,0.407,TM,Healthy,,D010A,0.407,Abnormal,Sub-Optimal,Monitor,D10,original,False
1941,109.23560077,-0.44557613,7.18,0.449,TM,Healthy,,D010A,0.449,Normal,Moderate,Routine,D10,original,False
1942,109.23507889,-0.44173499,7.18,0.494,TM,Healthy,,D010A,0.494,Healthy,Good,None,D10,original,False
1943,109.23582962,-0.4407956,7.17,0.408,TM,Healthy,,D010A,0.408,Abnormal,Sub-Optimal,Monitor,D10,original,False
1944,109.23479501,-0.44564421,7.17,0.499,TM,Healthy,,D010A,0.499,Healthy,Good,None,D10,original,False
1945,109.2355056,-0.44160352,7.17,0.683,TM,Healthy,,D010A,0.683,Healthy,Good,None,D10,original,False
1946,109.23563787,-0.44635383,7.16,0.344,TM,Suspect,Circle_5m,D010A,0.344,Suspect,Critical,Priority Survey,D10,original,False
1947,109.23498527,-0.44065976,7.16,0.364,TM,Suspect,Circle_5m,D010A,0.364,Suspect,Critical,Priority Survey,D10,original,False
1948,109.2356365,-0.44643748,7.15,0.412,TM,Healthy,,D010A,0.412,Abnormal,Sub-Optimal,Monitor,D10,original,False
1949,109.2351637,-0.4401344,7.15,0.399,TM,Healthy,,D010A,0.399,Abnormal,Sub-Optimal,Monitor,D10,original,False
1950,109.23520057,-0.44566646,7.15,0.417,TM,Healthy,,D010A,0.417,Abnormal,Sub-Optimal,Monitor,D10,original,False
1951,109.23443679,-0.44861429,7.15,0.507,TM,Healthy,,D010A,0.507,Healthy,Good,None,D10,original,False
1952,109.23580223,-0.44834378,7.15,0.456,TM,Healthy,,D010A,0.456,Normal,Moderate,Routine,D10,original,False
1953,109.23479775,-0.44542672,7.14,0.447,TM,Healthy,,D010A,0.447,Normal,Moderate,Routine,D10,original,False
1954,109.23467378,-0.44548547,7.14,0.697,TM,Healthy,,D010A,0.697,Healthy,Good,None,D10,original,False
1955,109.23417319,-0.44083907,7.14,0.479,TM,Healthy,,D010A,0.479,Healthy,Good,None,D10,original,False
1956,109.23476259,-0.44408067,7.13,0.462,TM,Healthy,,D010A,0.462,Healthy,Good,None,D10,original,False
1957,109.23387157,-0.4456901,7.13,0.556,TM,Healthy,,D010A,0.556,Healthy,Good,None,D10,original,False
1958,109.23429896,-0.44838547,7.12,0.411,TM,Healthy,,D010A,0.411,Abnormal,Sub-Optimal,Monitor,D10,original,False
1959,109.23375108,-0.44807833,7.12,0.477,TM,Healthy,,D010A,0.477,Healthy,Good,None,D10,original,False
1960,109.2341862,-0.44659312,7.12,0.511,TM,Healthy,,D010A,0.511,Healthy,Good,None,D10,original,False
1961,109.23513978,-0.44822878,7.12,0.431,TM,Healthy,,D010A,0.431,Normal,Moderate,Routine,D10,original,False
1962,109.23545835,-0.44196794,7.11,0.472,TM,Healthy,,D010A,0.472,Healthy,Good,None,D10,original,False
1963,109.2353754,-0.44518089,7.11,0.376,TM,Suspect,Circle_5m,D010A,0.376,Suspect,Critical,Priority Survey,D10,original,False
1964,109.23425762,-0.4484474,7.11,0.406,TM,Healthy,,D010A,0.406,Abnormal,Sub-Optimal,Monitor,D10,original,False
1965,109.23472589,-0.44733975,7.11,0.578,TM,Healthy,,D010A,0.578,Healthy,Good,None,D10,original,False
1966,109.23522084,-0.44162244,7.1,0.362,TM,Suspect,Circle_5m,D010A,0.362,Suspect,Critical,Priority Survey,D10,original,False
1967,109.2355671,-0.4417446,7.1,0.403,TM,Healthy,,D010A,0.403,Abnormal,Sub-Optimal,Monitor,D10,original,False
1968,109.23535001,-0.4461824,7.1,0.474,TM,Healthy,,D010A,0.474,Healthy,Good,None,D10,original,False
1969,109.23568382,-0.44197885,7.09,0.544,TM,Healthy,,D010A,0.544,Healthy,Good,None,D10,original,False
1970,109.23452716,-0.44820602,7.09,0.383,TM,Healthy,,D010A,0.383,Suspect,Critical,Priority Survey,D10,original,False
1971,109.23554066,-0.44150858,7.09,0.386,TM,Healthy,,D010A,0.386,Suspect,Critical,Priority Survey,D10,original,False
1972,109.23497482,-0.44308463,7.09,0.423,TM,Healthy,,D010A,0.423,Abnormal,Sub-Optimal,Monitor,D10,original,False
1973,109.23505846,-0.44834225,7.09,0.371,TM,Suspect,Circle_5m,D010A,0.371,Suspect,Critical,Priority Survey,D10,original,False
1974,109.23449787,-0.44860029,7.09,0.46,TM,Healthy,,D010A,0.46,Healthy,Good,None,D10,original,False
1975,109.23459606,-0.44556051,7.08,0.408,TM,Healthy,,D010A,0.408,Abnormal,Sub-Optimal,Monitor,D10,original,False
1976,109.23481972,-0.44180094,7.07,0.45,TM,Healthy,,D010A,0.45,Normal,Moderate,Routine,D10,original,False
1977,109.23466024,-0.44762368,7.07,0.491,TM,Healthy,,D010A,0.491,Healthy,Good,None,D10,original,False
1978,109.23508874,-0.44186657,7.06,0.471,TM,Healthy,,D010A,0.471,Healthy,Good,None,D10,original,False
1979,109.23413845,-0.44530629,7.06,0.373,TM,Suspect,Circle_5m,D010A,0.373,Suspect,Critical,Priority Survey,D10,original,False
1980,109.23514818,-0.44120825,7.05,0.472,TM,Healthy,,D010A,0.472,Healthy,Good,None,D10,original,False
1981,109.23579252,-0.44570549,7.05,0.46,TM,Healthy,,D010A,0.46,Healthy,Good,None,D10,original,False
1982,109.23473338,-0.44224267,7.05,0.444,TM,Healthy,,D010A,0.444,Normal,Moderate,Routine,D10,original,False
1983,109.2354127,-0.44887949,7.05,0.41,TM,Healthy,,D010A,0.41,Abnormal,Sub-Optimal,Monitor,D10,original,False
1984,109.23416654,-0.44806079,7.05,0.435,TM,Healthy,,D010A,0.435,Normal,Moderate,Routine,D10,original,False
1985,109.23387913,-0.44035022,7.04,0.402,TM,Healthy,,D010A,0.402,Abnormal,Sub-Optimal,Monitor,D10,original,False
1986,109.23515005,-0.44660195,7.04,0.38,TM,Suspect,Circle_5m,D010A,0.38,Suspect,Critical,Priority Survey,D10,original,False
1987,109.23577863,-0.44746254,7.04,0.389,TM,Healthy,,D010A,0.389,Suspect,Critical,Priority Survey,D10,original,False
1988,109.23502227,-0.44754917,7.04,0.411,TM,Healthy,,D010A,0.411,Abnormal,Sub-Optimal,Monitor,D10,original,False
1989,109.23427657,-0.44051309,7.03,0.423,TM,Healthy,,D010A,0.423,Abnormal,Sub-Optimal,Monitor,D10,original,False
1990,109.23424871,-0.44058679,7.03,0.372,TM,Suspect,Circle_5m,D010A,0.372,Suspect,Critical,Priority Survey,D10,original,False
1991,109.23370268,-0.44197611,7.03,0.421,TM,Healthy,,D010A,0.421,Abnormal,Sub-Optimal,Monitor,D10,original,False
1992,109.23570018,-0.44305994,7.03,0.422,TM,Healthy,,D010A,0.422,Abnormal,Sub-Optimal,Monitor,D10,original,False
1993,109.2350313,-0.44165766,7.02,0.415,TM,Healthy,,D010A,0.415,Abnormal,Sub-Optimal,Monitor,D10,original,False
1994,109.23526055,-0.44651426,7.02,0.385,TM,Healthy,,D010A,0.385,Suspect,Critical,Priority Survey,D10,original,False
1995,109.23559263,-0.44393618,6.99,0.403,TM,Healthy,,D010A,0.403,Abnormal,Sub-Optimal,Monitor,D10,original,False
1996,109.23538693,-0.44202173,6.99,0.366,TM,Suspect,Circle_5m,D010A,0.366,Suspect,Critical,Priority Survey,D10,original,False
1997,109.2355924,-0.44302103,6.99,0.358,TM,Suspect,Circle_5m,D010A,0.358,Suspect,Critical,Priority Survey,D10,original,False
1998,109.2353271,-0.44810086,6.99,0.482,TM,Healthy,,D010A,0.482,Healthy,Good,None,D10,original,False
1999,109.23581575,-0.44625124,6.99,0.416,TM,Healthy,,D010A,0.416,Abnormal,Sub-Optimal,Monitor,D10,original,False
2000,109.23474648,-0.44573463,6.98,0.397,TM,Healthy,,D010A,0.397,Abnormal,Sub-Optimal,Monitor,D10,original,False
2001,109.23471022,-0.44521238,6.98,0.41,TM,Healthy,,D010A,0.41,Abnormal,Sub-Optimal,Monitor,D10,original,False
2002,109.23506875,-0.44848061,6.98,0.534,TM,Healthy,,D010A,0.534,Healthy,Good,None,D10,original,False
2003,109.23469254,-0.44777968,6.98,0.439,TM,Healthy,,D010A,0.439,Normal,Moderate,Routine,D10,original,False
2004,109.23560237,-0.44641486,6.97,0.375,TM,Suspect,Circle_5m,D010A,0.375,Suspect,Critical,Priority Survey,D10,original,False
2005,109.23369263,-0.44834915,6.97,0.403,TM,Healthy,,D010A,0.403,Abnormal,Sub-Optimal,Monitor,D10,original,False
2006,109.23560099,-0.44657176,6.97,0.362,TM,Suspect,Circle_5m,D010A,0.362,Suspect,Critical,Priority Survey,D10,original,False
2007,109.23442061,-0.44300628,6.97,0.385,TM,Healthy,,D010A,0.385,Suspect,Critical,Priority Survey,D10,original,False
2008,109.23493702,-0.44527484,6.97,0.397,TM,Healthy,,D010A,0.397,Abnormal,Sub-Optimal,Monitor,D10,original,False
2009,109.23523647,-0.44199637,6.97,0.399,TM,Healthy,,D010A,0.399,Abnormal,Sub-Optimal,Monitor,D10,original,False
2010,109.23506355,-0.44583146,6.97,0.484,TM,Healthy,,D010A,0.484,Healthy,Good,None,D10,original,False
2011,109.23525874,-0.4465771,6.97,0.387,TM,Healthy,,D010A,0.387,Suspect,Critical,Priority Survey,D10,original,False
2012,109.23541797,-0.44747873,6.97,0.437,TM,Healthy,,D010A,0.437,Normal,Moderate,Routine,D10,original,False
2013,109.23524973,-0.44856656,6.96,0.353,TM,Suspect,Circle_5m,D010A,0.353,Suspect,Critical,Priority Survey,D10,original,False
2014,109.2349627,-0.44303942,6.96,0.431,TM,Healthy,,D010A,0.431,Normal,Moderate,Routine,D10,original,False
2015,109.23450825,-0.44650503,6.95,0.471,TM,Healthy,,D010A,0.471,Healthy,Good,None,D10,original,False
2016,109.23566058,-0.44148645,6.95,0.391,TM,Healthy,,D010A,0.391,Abnormal,Sub-Optimal,Monitor,D10,original,False
2017,109.23518115,-0.4479905,6.95,0.457,TM,Healthy,,D010A,0.457,Normal,Moderate,Routine,D10,original,False
2018,109.23483633,-0.44562523,6.93,0.375,TM,Suspect,Circle_5m,D010A,0.375,Suspect,Critical,Priority Survey,D10,original,False
2019,109.23526543,-0.44677062,6.93,0.394,TM,Healthy,,D010A,0.394,Abnormal,Sub-Optimal,Monitor,D10,original,False
2020,109.2339716,-0.44812766,6.92,0.513,TM,Healthy,,D010A,0.513,Healthy,Good,None,D10,original,False
2021,109.2347106,-0.44361087,6.92,0.382,TM,Healthy,,D010A,0.382,Suspect,Critical,Priority Survey,D10,original,False
2022,109.23507286,-0.44063943,6.91,0.423,TM,Healthy,,D010A,0.423,Abnormal,Sub-Optimal,Monitor,D10,original,False
2023,109.23500708,-0.44528706,6.91,0.371,TM,Suspect,Circle_5m,D010A,0.371,Suspect,Critical,Priority Survey,D10,original,False
2024,109.23507441,-0.44357388,6.91,0.381,TM,Healthy,,D010A,0.381,Suspect,Critical,Priority Survey,D10,original,False
2025,109.23449903,-0.44751784,6.91,0.419,TM,Healthy,,D010A,0.419,Abnormal,Sub-Optimal,Monitor,D10,original,False
2026,109.23501888,-0.44099978,6.91,0.408,TM,Healthy,,D010A,0.408,Abnormal,Sub-Optimal,Monitor,D10,original,False
2027,109.23529774,-0.44310732,6.91,0.469,TM,Healthy,,D010A,0.469,Healthy,Good,None,D10,original,False
2028,109.23570212,-0.44436303,6.9,0.43,TM,Healthy,,D010A,0.43,Normal,Moderate,Routine,D10,original,False
2029,109.23445027,-0.44855597,6.9,0.523,TM,Healthy,,D010A,0.523,Healthy,Good,None,D10,original,False
2030,109.23468867,-0.44141704,6.9,0.38,TM,Suspect,Circle_5m,D010A,0.38,Suspect,Critical,Priority Survey,D10,original,False
2031,109.23526268,-0.44701162,6.89,0.37,TM,Suspect,Circle_5m,D010A,0.37,Suspect,Critical,Priority Survey,D10,original,False
2032,109.23516309,-0.44462877,6.89,0.444,TM,Healthy,,D010A,0.444,Normal,Moderate,Routine,D10,original,False
2033,109.23431818,-0.44873589,6.88,0.51,TM,Healthy,,D010A,0.51,Healthy,Good,None,D10,original,False
2034,109.2336681,-0.44574476,6.88,0.526,TM,Healthy,,D010A,0.526,Healthy,Good,None,D10,original,False
2035,109.23549281,-0.44440458,6.88,0.375,TM,Suspect,Circle_5m,D010A,0.375,Suspect,Critical,Priority Survey,D10,original,False
2036,109.23561978,-0.44685029,6.88,0.402,TM,Healthy,,D010A,0.402,Abnormal,Sub-Optimal,Monitor,D10,original,False
2037,109.23390499,-0.44492372,6.87,0.323,TM,Suspect,Circle_5m,D010A,0.323,Suspect,Critical,Priority Survey,D10,original,False
2038,109.23384802,-0.44272219,6.87,0.48,TM,Healthy,,D010A,0.48,Healthy,Good,None,D10,original,False
2039,109.23518289,-0.4482532,6.87,0.411,TM,Healthy,,D010A,0.411,Abnormal,Sub-Optimal,Monitor,D10,original,False
2040,109.23574432,-0.44443629,6.86,0.504,TM,Healthy,,D010A,0.504,Healthy,Good,None,D10,original,False
2041,109.23372425,-0.44193452,6.86,0.401,TM,Healthy,,D010A,0.401,Abnormal,Sub-Optimal,Monitor,D10,original,False
2042,109.23558595,-0.44746023,6.86,0.409,TM,Healthy,,D010A,0.409,Abnormal,Sub-Optimal,Monitor,D10,original,False
2043,109.23502493,-0.44388224,6.85,0.482,TM,Healthy,,D010A,0.482,Healthy,Good,None,D10,original,False
2044,109.23562829,-0.446957,6.85,0.439,TM,Healthy,,D010A,0.439,Normal,Moderate,Routine,D10,original,False
2045,109.23445543,-0.44389747,6.83,0.403,TM,Healthy,,D010A,0.403,Abnormal,Sub-Optimal,Monitor,D10,original,False
2046,109.23545041,-0.44515017,6.81,0.378,TM,Suspect,Circle_5m,D010A,0.378,Suspect,Critical,Priority Survey,D10,original,False
2047,109.23505449,-0.44800585,6.81,0.385,TM,Healthy,,D010A,0.385,Suspect,Critical,Priority Survey,D10,original,False
2048,109.23553399,-0.44877643,6.81,0.457,TM,Healthy,,D010A,0.457,Normal,Moderate,Routine,D10,original,False
2049,109.23553456,-0.44257655,6.79,0.463,TM,Healthy,,D010A,0.463,Healthy,Good,None,D10,original,False
2050,109.23556564,-0.44789745,6.78,0.434,TM,Healthy,,D010A,0.434,Normal,Moderate,Routine,D10,original,False
2051,109.23388276,-0.4420919,6.78,0.476,TM,Healthy,,D010A,0.476,Healthy,Good,None,D10,original,False
2052,109.23393966,-0.44831575,6.77,0.441,TM,Healthy,,D010A,0.441,Normal,Moderate,Routine,D10,original,False
2053,109.23504572,-0.44143476,6.76,0.474,TM,Healthy,,D010A,0.474,Healthy,Good,None,D10,original,False
2054,109.23544815,-0.44521934,6.76,0.482,TM,Healthy,,D010A,0.482,Healthy,Good,None,D10,original,False
2055,109.23521446,-0.44202621,6.76,0.441,TM,Healthy,,D010A,0.441,Normal,Moderate,Routine,D10,original,False
2056,109.2348313,-0.44787422,6.76,0.471,TM,Healthy,,D010A,0.471,Healthy,Good,None,D10,original,False
2057,109.23459984,-0.4466719,6.76,0.306,TM,Suspect,Circle_5m,D010A,0.306,Suspect,Critical,Priority Survey,D10,original,False
2058,109.23547746,-0.44475047,6.76,0.52,TM,Healthy,,D010A,0.52,Healthy,Good,None,D10,original,False
2059,109.23475797,-0.44082157,6.75,0.433,TM,Healthy,,D010A,0.433,Normal,Moderate,Routine,D10,original,False
2060,109.23555898,-0.44569413,6.75,0.454,TM,Healthy,,D010A,0.454,Normal,Moderate,Routine,D10,original,False
2061,109.23536364,-0.44741496,6.75,0.422,TM,Healthy,,D010A,0.422,Abnormal,Sub-Optimal,Monitor,D10,original,False
2062,109.23526963,-0.44614169,6.75,0.501,TM,Healthy,,D010A,0.501,Healthy,Good,None,D10,original,False
2063,109.23538098,-0.44627917,6.74,0.434,TM,Healthy,,D010A,0.434,Normal,Moderate,Routine,D10,original,False
2064,109.23546828,-0.44180019,6.74,0.488,TM,Healthy,,D010A,0.488,Healthy,Good,None,D10,original,False
2065,109.23534104,-0.44423454,6.74,0.392,TM,Healthy,,D010A,0.392,Abnormal,Sub-Optimal,Monitor,D10,original,False
2066,109.23507063,-0.44247742,6.74,0.437,TM,Healthy,,D010A,0.437,Normal,Moderate,Routine,D10,original,False
2067,109.23495177,-0.44179781,6.74,0.408,TM,Healthy,,D010A,0.408,Abnormal,Sub-Optimal,Monitor,D10,original,False
2068,109.23513669,-0.44800677,6.73,0.4,TM,Healthy,,D010A,0.4,Abnormal,Sub-Optimal,Monitor,D10,original,False
2069,109.23535481,-0.44110612,6.73,0.441,TM,Healthy,,D010A,0.441,Normal,Moderate,Routine,D10,original,False
2070,109.23427473,-0.44451416,6.73,0.423,TM,Healthy,,D010A,0.423,Abnormal,Sub-Optimal,Monitor,D10,original,False
2071,109.23474362,-0.44830916,6.73,0.433,TM,Healthy,,D010A,0.433,Normal,Moderate,Routine,D10,original,False
2072,109.23476195,-0.44676101,6.73,0.483,TM,Healthy,,D010A,0.483,Healthy,Good,None,D10,original,False
2073,109.2349888,-0.44661547,6.72,0.395,TM,Healthy,,D010A,0.395,Abnormal,Sub-Optimal,Monitor,D10,original,False
2074,109.23475491,-0.44049015,6.72,0.403,TM,Healthy,,D010A,0.403,Abnormal,Sub-Optimal,Monitor,D10,original,False
2075,109.23445248,-0.44685769,6.72,0.456,TM,Healthy,,D010A,0.456,Normal,Moderate,Routine,D10,original,False
2076,109.234016,-0.44836867,6.71,0.465,TM,Healthy,,D010A,0.465,Healthy,Good,None,D10,original,False
2077,109.23576049,-0.44818597,6.71,0.365,TM,Suspect,Circle_5m,D010A,0.365,Suspect,Critical,Priority Survey,D10,original,False
2078,109.23414441,-0.44667902,6.71,0.46,TM,Healthy,,D010A,0.46,Healthy,Good,None,D10,original,False
2079,109.23549655,-0.44380187,6.7,0.479,TM,Healthy,,D010A,0.479,Healthy,Good,None,D10,original,False
2080,109.23499826,-0.44838654,6.69,0.472,TM,Healthy,,D010A,0.472,Healthy,Good,None,D10,original,False
2081,109.23397961,-0.44843151,6.69,0.548,TM,Healthy,,D010A,0.548,Healthy,Good,None,D10,original,False
2082,109.2353148,-0.4431444,6.68,0.401,TM,Healthy,,D010A,0.401,Abnormal,Sub-Optimal,Monitor,D10,original,False
2083,109.23531335,-0.44923576,6.68,0.32,TM,Suspect,Circle_5m,D010A,0.32,Suspect,Critical,Priority Survey,D10,original,False
2084,109.23416272,-0.44522356,6.68,0.445,TM,Healthy,,D010A,0.445,Normal,Moderate,Routine,D10,original,False
2085,109.23526595,-0.4483545,6.67,0.312,TM,Suspect,Circle_5m,D010A,0.312,Suspect,Critical,Priority Survey,D10,original,False
2086,109.23441107,-0.44535112,6.67,0.579,TM,Healthy,,D010A,0.579,Healthy,Good,None,D10,original,False
2087,109.23386825,-0.4464253,6.67,0.433,TM,Healthy,,D010A,0.433,Normal,Moderate,Routine,D10,original,False
2088,109.23451583,-0.44299319,6.67,0.348,TM,Suspect,Circle_5m,D010A,0.348,Suspect,Critical,Priority Survey,D10,original,False
2089,109.23487331,-0.44877943,6.66,0.372,TM,Suspect,Circle_5m,D010A,0.372,Suspect,Critical,Priority Survey,D10,original,False
2090,109.23584746,-0.44888366,6.65,0.403,TM,Healthy,,D010A,0.403,Abnormal,Sub-Optimal,Monitor,D10,original,False
2091,109.23462209,-0.44377001,6.64,0.445,TM,Healthy,,D010A,0.445,Normal,Moderate,Routine,D10,original,False
2092,109.23451359,-0.44295159,6.64,0.458,TM,Healthy,,D010A,0.458,Normal,Moderate,Routine,D10,original,False
2093,109.23441527,-0.44841353,6.64,0.369,TM,Suspect,Circle_5m,D010A,0.369,Suspect,Critical,Priority Survey,D10,original,False
2094,109.23440629,-0.44086083,6.63,0.487,TM,Healthy,,D010A,0.487,Healthy,Good,None,D10,original,False
2095,109.2355922,-0.44575111,6.62,0.479,TM,Healthy,,D010A,0.479,Healthy,Good,None,D10,original,False
2096,109.23549202,-0.44203622,6.62,0.488,TM,Healthy,,D010A,0.488,Healthy,Good,None,D10,original,False
2097,109.2336973,-0.44571267,6.61,0.506,TM,Healthy,,D010A,0.506,Healthy,Good,None,D10,original,False
2098,109.23405983,-0.44540891,6.61,0.384,TM,Healthy,,D010A,0.384,Suspect,Critical,Priority Survey,D10,original,False
2099,109.23486846,-0.44839962,6.61,0.368,TM,Suspect,Circle_5m,D010A,0.368,Suspect,Critical,Priority Survey,D10,original,False
2100,109.23448917,-0.44552296,6.58,0.422,TM,Healthy,,D010A,0.422,Abnormal,Sub-Optimal,Monitor,D10,original,False
2101,109.23563762,-0.44738835,6.58,0.449,TM,Healthy,,D010A,0.449,Normal,Moderate,Routine,D10,original,False
2102,109.23431366,-0.44885661,6.58,0.452,TM,Healthy,,D010A,0.452,Normal,Moderate,Routine,D10,original,False
2103,109.23536511,-0.44502852,6.56,0.386,TM,Healthy,,D010A,0.386,Suspect,Critical,Priority Survey,D10,original,False
2104,109.23538406,-0.44652333,6.56,0.371,TM,Suspect,Circle_5m,D010A,0.371,Suspect,Critical,Priority Survey,D10,original,False
2105,109.23482446,-0.4464305,6.56,0.464,TM,Healthy,,D010A,0.464,Healthy,Good,None,D10,original,False
2106,109.23424367,-0.4410109,6.56,0.393,TM,Healthy,,D010A,0.393,Abnormal,Sub-Optimal,Monitor,D10,original,False
2107,109.23371393,-0.4475597,6.56,0.441,TM,Healthy,,D010A,0.441,Normal,Moderate,Routine,D10,original,False
2108,109.23577542,-0.44396697,6.55,0.407,TM,Healthy,,D010A,0.407,Abnormal,Sub-Optimal,Monitor,D10,original,False
2109,109.23424276,-0.44104798,6.55,0.533,TM,Healthy,,D010A,0.533,Healthy,Good,None,D10,original,False
2110,109.23525588,-0.44539338,6.55,0.402,TM,Healthy,,D010A,0.402,Abnormal,Sub-Optimal,Monitor,D10,original,False
2111,109.23490387,-0.44867861,6.55,0.533,TM,Healthy,,D010A,0.533,Healthy,Good,None,D10,original,False
2112,109.23569502,-0.44588587,6.54,0.324,TM,Suspect,Circle_5m,D010A,0.324,Suspect,Critical,Priority Survey,D10,original,False
2113,109.23521765,-0.44373986,6.53,0.466,TM,Healthy,,D010A,0.466,Healthy,Good,None,D10,original,False
2114,109.23516697,-0.44721913,6.53,0.378,TM,Suspect,Circle_5m,D010A,0.378,Suspect,Critical,Priority Survey,D10,original,False
2115,109.23547565,-0.44478936,6.53,0.552,TM,Healthy,,D010A,0.552,Healthy,Good,None,D10,original,False
2116,109.23576378,-0.44380012,6.53,0.405,TM,Healthy,,D010A,0.405,Abnormal,Sub-Optimal,Monitor,D10,original,False
2117,109.2352518,-0.44556383,6.52,0.417,TM,Healthy,,D010A,0.417,Abnormal,Sub-Optimal,Monitor,D10,original,False
2118,109.23467148,-0.44569437,6.51,0.484,TM,Healthy,,D010A,0.484,Healthy,Good,None,D10,original,False
2119,109.23546175,-0.44469938,6.51,0.3,TM,Suspect,Circle_5m,D010A,0.3,Suspect,Critical,Priority Survey,D10,original,False
2120,109.23465422,-0.44838646,6.51,0.344,TM,Suspect,Circle_5m,D010A,0.344,Suspect,Critical,Priority Survey,D10,original,False
2121,109.23455463,-0.44791801,6.49,0.489,TM,Healthy,,D010A,0.489,Healthy,Good,None,D10,original,False
2122,109.23468819,-0.4453322,6.49,0.486,TM,Healthy,,D010A,0.486,Healthy,Good,None,D10,original,False
2123,109.23574138,-0.44547398,6.47,0.398,TM,Healthy,,D010A,0.398,Abnormal,Sub-Optimal,Monitor,D10,original,False
2124,109.23422374,-0.44361889,6.46,0.412,TM,Healthy,,D010A,0.412,Abnormal,Sub-Optimal,Monitor,D10,original,False
2125,109.23569683,-0.44395339,6.46,0.381,TM,Healthy,,D010A,0.381,Suspect,Critical,Priority Survey,D10,original,False
2126,109.23478989,-0.44260576,6.46,0.368,TM,Suspect,Circle_5m,D010A,0.368,Suspect,Critical,Priority Survey,D10,original,False
2127,109.23527319,-0.44056081,6.44,0.47,TM,Healthy,,D010A,0.47,Healthy,Good,None,D10,original,False
2128,109.23437062,-0.44164846,6.44,0.434,TM,Healthy,,D010A,0.434,Normal,Moderate,Routine,D10,original,False
2129,109.23569074,-0.44311193,6.43,0.51,TM,Healthy,,D010A,0.51,Healthy,Good,None,D10,original,False
2130,109.23536913,-0.4488632,6.43,0.434,TM,Healthy,,D010A,0.434,Normal,Moderate,Routine,D10,original,False
2131,109.23427369,-0.44699917,6.43,0.376,TM,Suspect,Circle_5m,D010A,0.376,Suspect,Critical,Priority Survey,D10,original,False
2132,109.23434849,-0.44784426,6.42,0.463,TM,Healthy,,D010A,0.463,Healthy,Good,None,D10,original,False
2133,109.23585212,-0.44818826,6.41,0.428,TM,Healthy,,D010A,0.428,Abnormal,Sub-Optimal,Monitor,D10,original,False
2134,109.23531794,-0.44883153,6.4,0.437,TM,Healthy,,D010A,0.437,Normal,Moderate,Routine,D10,original,False
2135,109.23569517,-0.44711934,6.4,0.442,TM,Healthy,,D010A,0.442,Normal,Moderate,Routine,D10,original,False
2136,109.23573291,-0.44706961,6.39,0.422,TM,Healthy,,D010A,0.422,Abnormal,Sub-Optimal,Monitor,D10,original,False
2137,109.23567215,-0.44193634,6.38,0.525,TM,Healthy,,D010A,0.525,Healthy,Good,None,D10,original,False
2138,109.23470808,-0.44099745,6.37,0.505,TM,Healthy,,D010A,0.505,Healthy,Good,None,D10,original,False
2139,109.2347026,-0.44703228,6.37,0.478,TM,Healthy,,D010A,0.478,Healthy,Good,None,D10,original,False
2140,109.23464824,-0.44709557,6.37,0.513,TM,Healthy,,D010A,0.513,Healthy,Good,None,D10,original,False
2141,109.23543588,-0.44202807,6.36,0.497,TM,Healthy,,D010A,0.497,Healthy,Good,None,D10,original,False
2142,109.23491106,-0.44677687,6.36,0.369,TM,Suspect,Circle_5m,D010A,0.369,Suspect,Critical,Priority Survey,D10,original,False
2143,109.2341978,-0.44881137,6.36,0.455,TM,Healthy,,D010A,0.455,Normal,Moderate,Routine,D10,original,False
2144,109.23427646,-0.44855999,6.36,0.435,TM,Healthy,,D010A,0.435,Normal,Moderate,Routine,D10,original,False
2145,109.2349065,-0.44706398,6.36,0.439,TM,Healthy,,D010A,0.439,Normal,Moderate,Routine,D10,original,False
2146,109.23414807,-0.44828551,6.36,0.556,TM,Healthy,,D010A,0.556,Healthy,Good,None,D10,original,False
2147,109.23509312,-0.44233274,6.35,0.369,TM,Suspect,Circle_5m,D010A,0.369,Suspect,Critical,Priority Survey,D10,original,False
2148,109.23527188,-0.44800138,6.34,0.484,TM,Healthy,,D010A,0.484,Healthy,Good,None,D10,original,False
2149,109.23395761,-0.44462667,6.33,0.401,TM,Healthy,,D010A,0.401,Abnormal,Sub-Optimal,Monitor,D10,original,False
2150,109.23511887,-0.44169566,6.32,0.422,TM,Healthy,,D010A,0.422,Abnormal,Sub-Optimal,Monitor,D10,original,False
2151,109.23541665,-0.44169302,6.32,0.46,TM,Healthy,,D010A,0.46,Healthy,Good,None,D10,original,False
2152,109.23571795,-0.44200417,6.32,0.459,TM,Healthy,,D010A,0.459,Normal,Moderate,Routine,D10,original,False
2153,109.23485564,-0.44565959,6.32,0.391,TM,Healthy,,D010A,0.391,Abnormal,Sub-Optimal,Monitor,D10,original,False
2154,109.2349522,-0.44188372,6.32,0.484,TM,Healthy,,D010A,0.484,Healthy,Good,None,D10,original,False
2155,109.23389005,-0.4435424,6.31,0.402,TM,Healthy,,D010A,0.402,Abnormal,Sub-Optimal,Monitor,D10,original,False
2156,109.23399396,-0.4466609,6.31,0.435,TM,Healthy,,D010A,0.435,Normal,Moderate,Routine,D10,original,False
2157,109.23511511,-0.4442901,6.31,0.511,TM,Healthy,,D010A,0.511,Healthy,Good,None,D10,original,False
2158,109.23466703,-0.44552571,6.3,0.414,TM,Healthy,,D010A,0.414,Abnormal,Sub-Optimal,Monitor,D10,original,False
2159,109.23541686,-0.44270539,6.3,0.518,TM,Healthy,,D010A,0.518,Healthy,Good,None,D10,original,False
2160,109.23460966,-0.44691606,6.3,0.378,TM,Suspect,Circle_5m,D010A,0.378,Suspect,Critical,Priority Survey,D10,original,False
2161,109.23512353,-0.44854889,6.29,0.397,TM,Healthy,,D010A,0.397,Abnormal,Sub-Optimal,Monitor,D10,original,False
2162,109.2347961,-0.44670721,6.29,0.514,TM,Healthy,,D010A,0.514,Healthy,Good,None,D10,original,False
2163,109.23411103,-0.44542068,6.29,0.426,TM,Healthy,,D010A,0.426,Abnormal,Sub-Optimal,Monitor,D10,original,False
2164,109.23439004,-0.44121847,6.29,0.603,TM,Healthy,,D010A,0.603,Healthy,Good,None,D10,original,False
2165,109.2343954,-0.44699739,6.29,0.398,TM,Healthy,,D010A,0.398,Abnormal,Sub-Optimal,Monitor,D10,original,False
2166,109.2351325,-0.44858597,6.28,0.439,TM,Healthy,,D010A,0.439,Normal,Moderate,Routine,D10,original,False
2167,109.23484576,-0.44187284,6.28,0.475,TM,Healthy,,D010A,0.475,Healthy,Good,None,D10,original,False
2168,109.23507796,-0.44754059,6.27,0.508,TM,Healthy,,D010A,0.508,Healthy,Good,None,D10,original,False
2169,109.23434389,-0.4482946,6.27,0.436,TM,Healthy,,D010A,0.436,Normal,Moderate,Routine,D10,original,False
2170,109.23391753,-0.4469801,6.27,0.412,TM,Healthy,,D010A,0.412,Abnormal,Sub-Optimal,Monitor,D10,original,False
2171,109.23417392,-0.4453583,6.27,0.436,TM,Healthy,,D010A,0.436,Normal,Moderate,Routine,D10,original,False
2172,109.23487701,-0.4407678,6.27,0.397,TM,Healthy,,D010A,0.397,Abnormal,Sub-Optimal,Monitor,D10,original,False
2173,109.23569189,-0.44391224,6.26,0.388,TM,Healthy,,D010A,0.388,Suspect,Critical,Priority Survey,D10,original,False
2174,109.23518586,-0.44521386,6.26,0.393,TM,Healthy,,D010A,0.393,Abnormal,Sub-Optimal,Monitor,D10,original,False
2175,109.23418508,-0.44377668,6.26,0.426,TM,Healthy,,D010A,0.426,Abnormal,Sub-Optimal,Monitor,D10,original,False
2176,109.23481833,-0.44198949,6.25,0.607,TM,Healthy,,D010A,0.607,Healthy,Good,None,D10,original,False
2177,109.2355949,-0.44192547,6.25,0.444,TM,Healthy,,D010A,0.444,Normal,Moderate,Routine,D10,original,False
2178,109.23518364,-0.44887491,6.25,0.493,TM,Healthy,,D010A,0.493,Healthy,Good,None,D10,original,False
2179,109.23562136,-0.4458854,6.25,0.358,TM,Suspect,Circle_5m,D010A,0.358,Suspect,Critical,Priority Survey,D10,original,False
2180,109.23551809,-0.4438602,6.24,0.429,TM,Healthy,,D010A,0.429,Abnormal,Sub-Optimal,Monitor,D10,original,False
2181,109.23536135,-0.4476121,6.24,0.457,TM,Healthy,,D010A,0.457,Normal,Moderate,Routine,D10,original,False
2182,109.23555478,-0.44823611,6.24,0.434,TM,Healthy,,D010A,0.434,Normal,Moderate,Routine,D10,original,False
2183,109.23450235,-0.44863691,6.23,0.423,TM,Healthy,,D010A,0.423,Abnormal,Sub-Optimal,Monitor,D10,original,False
2184,109.23576547,-0.44235957,6.23,0.535,TM,Healthy,,D010A,0.535,Healthy,Good,None,D10,original,False
2185,109.23574593,-0.44711211,6.23,0.423,TM,Healthy,,D010A,0.423,Abnormal,Sub-Optimal,Monitor,D10,original,False
2186,109.23408246,-0.44844374,6.23,0.486,TM,Healthy,,D010A,0.486,Healthy,Good,None,D10,original,False
2187,109.23503916,-0.44638308,6.22,0.432,TM,Healthy,,D010A,0.432,Normal,Moderate,Routine,D10,original,False
2188,109.23496813,-0.44099977,6.22,0.383,TM,Healthy,,D010A,0.383,Suspect,Critical,Priority Survey,D10,original,False
2189,109.23539795,-0.44101841,6.22,0.422,TM,Healthy,,D010A,0.422,Abnormal,Sub-Optimal,Monitor,D10,original,False
2190,109.23452875,-0.44531679,6.22,0.555,TM,Healthy,,D010A,0.555,Healthy,Good,None,D10,original,False
2191,109.23491527,-0.44039388,6.21,0.388,TM,Healthy,,D010A,0.388,Suspect,Critical,Priority Survey,D10,original,False
2192,109.23562034,-0.44069789,6.2,0.475,TM,Healthy,,D010A,0.475,Healthy,Good,None,D10,original,False
2193,109.23425446,-0.44663609,6.2,0.461,TM,Healthy,,D010A,0.461,Healthy,Good,None,D10,original,False
2194,109.23570735,-0.44501097,6.19,0.399,TM,Healthy,,D010A,0.399,Abnormal,Sub-Optimal,Monitor,D10,original,False
2195,109.23492586,-0.44877854,6.18,0.451,TM,Healthy,,D010A,0.451,Normal,Moderate,Routine,D10,original,False
2196,109.2349167,-0.44761696,6.18,0.392,TM,Healthy,,D010A,0.392,Abnormal,Sub-Optimal,Monitor,D10,original,False
2197,109.23469448,-0.44718601,6.18,0.381,TM,Healthy,,D010A,0.381,Suspect,Critical,Priority Survey,D10,original,False
2198,109.23564059,-0.44246625,6.17,0.411,TM,Healthy,,D010A,0.411,Abnormal,Sub-Optimal,Monitor,D10,original,False
2199,109.23530617,-0.44543544,6.17,0.324,TM,Suspect,Circle_5m,D010A,0.324,Suspect,Critical,Priority Survey,D10,original,False
2200,109.23454817,-0.44107518,6.17,0.483,TM,Healthy,,D010A,0.483,Healthy,Good,None,D10,original,False
2201,109.23523223,-0.44850958,6.17,0.384,TM,Healthy,,D010A,0.384,Suspect,Critical,Priority Survey,D10,original,False
2202,109.23553911,-0.44236178,6.16,0.434,TM,Healthy,,D010A,0.434,Normal,Moderate,Routine,D10,original,False
2203,109.23442603,-0.44852657,6.16,0.507,TM,Healthy,,D010A,0.507,Healthy,Good,None,D10,original,False
2204,109.23481783,-0.44601091,6.15,0.483,TM,Healthy,,D010A,0.483,Healthy,Good,None,D10,original,False
2205,109.23450098,-0.44686358,6.15,0.41,TM,Healthy,,D010A,0.41,Abnormal,Sub-Optimal,Monitor,D10,original,False
2206,109.23513814,-0.44379862,6.15,0.405,TM,Healthy,,D010A,0.405,Abnormal,Sub-Optimal,Monitor,D10,original,False
2207,109.2344519,-0.44173394,6.12,0.45,TM,Healthy,,D010A,0.45,Normal,Moderate,Routine,D10,original,False
2208,109.2351101,-0.44834723,6.11,0.42,TM,Healthy,,D010A,0.42,Abnormal,Sub-Optimal,Monitor,D10,original,False
2209,109.23496411,-0.44656618,6.11,0.398,TM,Healthy,,D010A,0.398,Abnormal,Sub-Optimal,Monitor,D10,original,False
2210,109.23478098,-0.44417924,6.1,0.559,TM,Healthy,,D010A,0.559,Healthy,Good,None,D10,original,False
2211,109.23534281,-0.44626695,6.1,0.362,TM,Suspect,Circle_5m,D010A,0.362,Suspect,Critical,Priority Survey,D10,original,False
2212,109.23496025,-0.44390302,6.1,0.434,TM,Healthy,,D010A,0.434,Normal,Moderate,Routine,D10,original,False
2213,109.23503325,-0.44855159,6.09,0.49,TM,Healthy,,D010A,0.49,Healthy,Good,None,D10,original,False
2214,109.23550179,-0.44630723,6.09,0.537,TM,Healthy,,D010A,0.537,Healthy,Good,None,D10,original,False
2215,109.2351259,-0.44236937,6.09,0.382,TM,Healthy,,D010A,0.382,Suspect,Critical,Priority Survey,D10,original,False
2216,109.23543006,-0.44574248,6.09,0.42,TM,Healthy,,D010A,0.42,Abnormal,Sub-Optimal,Monitor,D10,original,False
2217,109.23394813,-0.44670429,6.08,0.48,TM,Healthy,,D010A,0.48,Healthy,Good,None,D10,original,False
2218,109.23560468,-0.44235095,6.08,0.42,TM,Healthy,,D010A,0.42,Abnormal,Sub-Optimal,Monitor,D10,original,False
2219,109.23461773,-0.44129494,6.07,0.541,TM,Healthy,,D010A,0.541,Healthy,Good,None,D10,original,False
2220,109.23487498,-0.44363035,6.06,0.399,TM,Healthy,,D010A,0.399,Abnormal,Sub-Optimal,Monitor,D10,original,False
2221,109.2353299,-0.44763153,6.06,0.463,TM,Healthy,,D010A,0.463,Healthy,Good,None,D10,original,False
2222,109.2338505,-0.44742454,6.06,0.385,TM,Healthy,,D010A,0.385,Suspect,Critical,Priority Survey,D10,original,False
2223,109.23576677,-0.44066808,6.06,0.291,TM,Suspect,Circle_5m,D010A,0.291,Suspect,Critical,Priority Survey,D10,original,False
2224,109.23455305,-0.44698206,6.05,0.432,TM,Healthy,,D010A,0.432,Normal,Moderate,Routine,D10,original,False
2225,109.23377296,-0.44673002,6.05,0.351,TM,Suspect,Circle_5m,D010A,0.351,Suspect,Critical,Priority Survey,D10,original,False
2226,109.23585735,-0.44884207,6.05,0.435,TM,Healthy,,D010A,0.435,Normal,Moderate,Routine,D10,original,False
2227,109.2344048,-0.4471249,6.04,0.428,TM,Healthy,,D010A,0.428,Abnormal,Sub-Optimal,Monitor,D10,original,False
2228,109.23444019,-0.4475115,6.04,0.543,TM,Healthy,,D010A,0.543,Healthy,Good,None,D10,original,False
2229,109.23539791,-0.44871309,6.04,0.372,TM,Suspect,Circle_5m,D010A,0.372,Suspect,Critical,Priority Survey,D10,original,False
2230,109.23505046,-0.4460824,6.04,0.333,TM,Suspect,Circle_5m,D010A,0.333,Suspect,Critical,Priority Survey,D10,original,False
2231,109.23522353,-0.44546436,6.03,0.395,TM,Healthy,,D010A,0.395,Abnormal,Sub-Optimal,Monitor,D10,original,False
2232,109.23533938,-0.44368111,6.03,0.441,TM,Healthy,,D010A,0.441,Normal,Moderate,Routine,D10,original,False
2233,109.23432386,-0.44754402,6.02,0.572,TM,Healthy,,D010A,0.572,Healthy,Good,None,D10,original,False
2234,109.23531399,-0.44276188,6.02,0.442,TM,Healthy,,D010A,0.442,Normal,Moderate,Routine,D10,original,False
2235,109.23490033,-0.44656662,6.0,0.434,TM,Healthy,,D010A,0.434,Normal,Moderate,Routine,D10,original,False
2236,109.2346048,-0.44279517,6.0,0.423,TM,Healthy,,D010A,0.423,Abnormal,Sub-Optimal,Monitor,D10,original,False
2237,109.23373035,-0.4483677,6.0,0.43,TM,Healthy,,D010A,0.43,Normal,Moderate,Routine,D10,original,False
2238,109.23497145,-0.44214416,5.99,0.361,TM,Suspect,Circle_5m,D010A,0.361,Suspect,Critical,Priority Survey,D10,original,False
2239,109.233809,-0.44815701,5.99,0.325,TM,Suspect,Circle_5m,D010A,0.325,Suspect,Critical,Priority Survey,D10,original,False
2240,109.23408532,-0.44584705,5.99,0.381,TM,Healthy,,D010A,0.381,Suspect,Critical,Priority Survey,D10,original,False
2241,109.23389475,-0.44830805,5.98,0.478,TM,Healthy,,D010A,0.478,Healthy,Good,None,D10,original,False
2242,109.23429233,-0.44223895,5.97,0.499,TM,Healthy,,D010A,0.499,Healthy,Good,None,D10,original,False
2243,109.2348821,-0.44203608,5.97,0.421,TM,Healthy,,D010A,0.421,Abnormal,Sub-Optimal,Monitor,D10,original,False
2244,109.23482871,-0.44369907,5.96,0.499,TM,Healthy,,D010A,0.499,Healthy,Good,None,D10,original,False
2245,109.23456457,-0.44765531,5.96,0.566,TM,Healthy,,D010A,0.566,Healthy,Good,None,D10,original,False
2246,109.23571962,-0.44819048,5.96,0.356,TM,Suspect,Circle_5m,D010A,0.356,Suspect,Critical,Priority Survey,D10,original,False
2247,109.23545067,-0.44215739,5.95,0.514,TM,Healthy,,D010A,0.514,Healthy,Good,None,D10,original,False
2248,109.23565745,-0.44708587,5.95,0.404,TM,Healthy,,D010A,0.404,Abnormal,Sub-Optimal,Monitor,D10,original,False
2249,109.23453157,-0.44097661,5.95,0.539,TM,Healthy,,D010A,0.539,Healthy,Good,None,D10,original,False
2250,109.23542332,-0.44198873,5.94,0.443,TM,Healthy,,D010A,0.443,Normal,Moderate,Routine,D10,original,False
2251,109.23551985,-0.44592878,5.94,0.45,TM,Healthy,,D010A,0.45,Normal,Moderate,Routine,D10,original,False
2252,109.23424265,-0.4434299,5.92,0.41,TM,Healthy,,D010A,0.41,Abnormal,Sub-Optimal,Monitor,D10,original,False
2253,109.23377328,-0.44728707,5.92,0.517,TM,Healthy,,D010A,0.517,Healthy,Good,None,D10,original,False
2254,109.23581549,-0.44544732,5.92,0.407,TM,Healthy,,D010A,0.407,Abnormal,Sub-Optimal,Monitor,D10,original,False
2255,109.23479437,-0.44833043,5.92,0.469,TM,Healthy,,D010A,0.469,Healthy,Good,None,D10,original,False
2256,109.23375031,-0.44757328,5.91,0.573,TM,Healthy,,D010A,0.573,Healthy,Good,None,D10,original,False
2257,109.23400374,-0.4432743,5.9,0.464,TM,Healthy,,D010A,0.464,Healthy,Good,None,D10,original,False
2258,109.23575071,-0.4439959,5.9,0.379,TM,Suspect,Circle_5m,D010A,0.379,Suspect,Critical,Priority Survey,D10,original,False
2259,109.23549561,-0.44397821,5.9,0.482,TM,Healthy,,D010A,0.482,Healthy,Good,None,D10,original,False
2260,109.23391717,-0.44659215,5.89,0.456,TM,Healthy,,D010A,0.456,Normal,Moderate,Routine,D10,original,False
2261,109.23481332,-0.44229559,5.89,0.48,TM,Healthy,,D010A,0.48,Healthy,Good,None,D10,original,False
2262,109.23528745,-0.44293459,5.88,0.454,TM,Healthy,,D010A,0.454,Normal,Moderate,Routine,D10,original,False
2263,109.23411646,-0.44523304,5.88,0.38,TM,Healthy,,D010A,0.38,Suspect,Critical,Priority Survey,D10,original,False
2264,109.23437862,-0.44390243,5.88,0.484,TM,Healthy,,D010A,0.484,Healthy,Good,None,D10,original,False
2265,109.23534857,-0.4428062,5.87,0.43,TM,Healthy,,D010A,0.43,Normal,Moderate,Routine,D10,original,False
2266,109.23412892,-0.443835,5.86,0.376,TM,Suspect,Circle_5m,D010A,0.376,Suspect,Critical,Priority Survey,D10,original,False
2267,109.23539482,-0.44472106,5.86,0.402,TM,Healthy,,D010A,0.402,Abnormal,Sub-Optimal,Monitor,D10,original,False
2268,109.2350944,-0.44828664,5.86,0.358,TM,Suspect,Circle_5m,D010A,0.358,Suspect,Critical,Priority Survey,D10,original,False
2269,109.23478817,-0.44605431,5.85,0.407,TM,Healthy,,D010A,0.407,Abnormal,Sub-Optimal,Monitor,D10,original,False
2270,109.23478504,-0.44413629,5.84,0.529,TM,Healthy,,D010A,0.529,Healthy,Good,None,D10,original,False
2271,109.23441687,-0.44736409,5.84,0.359,TM,Suspect,Circle_5m,D010A,0.359,Suspect,Critical,Priority Survey,D10,original,False
2272,109.23412004,-0.44717593,5.84,0.471,TM,Healthy,,D010A,0.471,Healthy,Good,None,D10,original,False
2273,109.23487317,-0.44558002,5.84,0.376,TM,Suspect,Circle_5m,D010A,0.376,Suspect,Critical,Priority Survey,D10,original,False
2274,109.23506908,-0.44711828,5.83,0.432,TM,Healthy,,D010A,0.432,Normal,Moderate,Routine,D10,original,False
2275,109.23502899,-0.44760704,5.81,0.37,TM,Suspect,Circle_5m,D010A,0.37,Suspect,Critical,Priority Survey,D10,original,False
2276,109.23432486,-0.44332366,5.81,0.479,TM,Healthy,,D010A,0.479,Healthy,Good,None,D10,original,False
2277,109.2357781,-0.44403389,5.8,0.45,TM,Healthy,,D010A,0.45,Normal,Moderate,Routine,D10,original,False
2278,109.23416392,-0.44586696,5.79,0.318,TM,Suspect,Circle_5m,D010A,0.318,Suspect,Critical,Priority Survey,D10,original,False
2279,109.23418687,-0.44568249,5.79,0.406,TM,Healthy,,D010A,0.406,Abnormal,Sub-Optimal,Monitor,D10,original,False
2280,109.23418045,-0.44810149,5.78,0.387,TM,Healthy,,D010A,0.387,Suspect,Critical,Priority Survey,D10,original,False
2281,109.2356168,-0.44618292,5.78,0.323,TM,Suspect,Circle_5m,D010A,0.323,Suspect,Critical,Priority Survey,D10,original,False
2282,109.23556533,-0.44161393,5.78,0.527,TM,Healthy,,D010A,0.527,Healthy,Good,None,D10,original,False
2283,109.23503865,-0.44094915,5.77,0.427,TM,Healthy,,D010A,0.427,Abnormal,Sub-Optimal,Monitor,D10,original,False
2284,109.23448853,-0.4482137,5.76,0.408,TM,Healthy,,D010A,0.408,Abnormal,Sub-Optimal,Monitor,D10,original,False
2285,109.23525211,-0.4404351,5.76,0.434,TM,Healthy,,D010A,0.434,Normal,Moderate,Routine,D10,original,False
2286,109.2344922,-0.4422295,5.75,0.43,TM,Healthy,,D010A,0.43,Normal,Moderate,Routine,D10,original,False
2287,109.23447454,-0.44850217,5.74,0.453,TM,Healthy,,D010A,0.453,Normal,Moderate,Routine,D10,original,False
2288,109.23495238,-0.44677778,5.74,0.421,TM,Healthy,,D010A,0.421,Abnormal,Sub-Optimal,Monitor,D10,original,False
2289,109.23529209,-0.44041477,5.74,0.411,TM,Healthy,,D010A,0.411,Abnormal,Sub-Optimal,Monitor,D10,original,False
2290,109.23547841,-0.44642252,5.72,0.455,TM,Healthy,,D010A,0.455,Normal,Moderate,Routine,D10,original,False
2291,109.23480699,-0.44626863,5.72,0.472,TM,Healthy,,D010A,0.472,Healthy,Good,None,D10,original,False
2292,109.23384824,-0.44746162,5.72,0.524,TM,Healthy,,D010A,0.524,Healthy,Good,None,D10,original,False
2293,109.23519334,-0.44205966,5.71,0.367,TM,Suspect,Circle_5m,D010A,0.367,Suspect,Critical,Priority Survey,D10,original,False
2294,109.23527202,-0.44738826,5.71,0.509,TM,Healthy,,D010A,0.509,Healthy,Good,None,D10,original,False
2295,109.2345107,-0.44188316,5.7,0.46,TM,Healthy,,D010A,0.46,Healthy,Good,None,D10,original,False
2296,109.23474751,-0.44707887,5.69,0.488,TM,Healthy,,D010A,0.488,Healthy,Good,None,D10,original,False
2297,109.23434667,-0.44226112,5.68,0.495,TM,Healthy,,D010A,0.495,Healthy,Good,None,D10,original,False
2298,109.23568592,-0.44636198,5.68,0.386,TM,Healthy,,D010A,0.386,Suspect,Critical,Priority Survey,D10,original,False
2299,109.23539364,-0.44404962,5.68,0.353,TM,Suspect,Circle_5m,D010A,0.353,Suspect,Critical,Priority Survey,D10,original,False
2300,109.23382554,-0.44474872,5.67,0.38,TM,Healthy,,D010A,0.38,Suspect,Critical,Priority Survey,D10,original,False
2301,109.23473163,-0.44398073,5.67,0.371,TM,Suspect,Circle_5m,D010A,0.371,Suspect,Critical,Priority Survey,D10,original,False
2302,109.23395823,-0.44580904,5.67,0.443,TM,Healthy,,D010A,0.443,Normal,Moderate,Routine,D10,original,False
2303,109.23527139,-0.44248606,5.66,0.435,TM,Healthy,,D010A,0.435,Normal,Moderate,Routine,D10,original,False
2304,109.23562106,-0.44148734,5.66,0.415,TM,Healthy,,D010A,0.415,Abnormal,Sub-Optimal,Monitor,D10,original,False
2305,109.23436385,-0.44745225,5.64,0.456,TM,Healthy,,D010A,0.456,Normal,Moderate,Routine,D10,original,False
2306,109.23552084,-0.44173555,5.64,0.494,TM,Healthy,,D010A,0.494,Healthy,Good,None,D10,original,False
2307,109.23444822,-0.44777284,5.63,0.461,TM,Healthy,,D010A,0.461,Healthy,Good,None,D10,original,False
2308,109.23580857,-0.44621235,5.63,0.366,TM,Suspect,Circle_5m,D010A,0.366,Suspect,Critical,Priority Survey,D10,original,False
2309,109.23531106,-0.44755783,5.62,0.384,TM,Healthy,,D010A,0.384,Suspect,Critical,Priority Survey,D10,original,False
2310,109.2355734,-0.44736708,5.62,0.413,TM,Healthy,,D010A,0.413,Abnormal,Sub-Optimal,Monitor,D10,original,False
2311,109.2355773,-0.44796211,5.62,0.428,TM,Healthy,,D010A,0.428,Abnormal,Sub-Optimal,Monitor,D10,original,False
2312,109.23442469,-0.44848949,5.61,0.507,TM,Healthy,,D010A,0.507,Healthy,Good,None,D10,original,False
2313,109.23486053,-0.44585764,5.61,0.471,TM,Healthy,,D010A,0.471,Healthy,Good,None,D10,original,False
2314,109.23479891,-0.44808943,5.6,0.415,TM,Healthy,,D010A,0.415,Abnormal,Sub-Optimal,Monitor,D10,original,False
2315,109.23531422,-0.44370868,5.6,0.436,TM,Healthy,,D010A,0.436,Normal,Moderate,Routine,D10,original,False
2316,109.23443744,-0.44207485,5.59,0.553,TM,Healthy,,D010A,0.553,Healthy,Good,None,D10,original,False
2317,109.23568998,-0.44061607,5.59,0.445,TM,Healthy,,D010A,0.445,Normal,Moderate,Routine,D10,original,False
2318,109.23495254,-0.44798593,5.58,0.457,TM,Healthy,,D010A,0.457,Normal,Moderate,Routine,D10,original,False
2319,109.23510071,-0.442524,5.58,0.405,TM,Healthy,,D010A,0.405,Abnormal,Sub-Optimal,Monitor,D10,original,False
2320,109.23427277,-0.44329064,5.58,0.394,TM,Healthy,,D010A,0.394,Abnormal,Sub-Optimal,Monitor,D10,original,False
2321,109.23432656,-0.44562736,5.58,0.312,TM,Suspect,Circle_5m,D010A,0.312,Suspect,Critical,Priority Survey,D10,original,False
2322,109.23519675,-0.4484933,5.58,0.354,TM,Suspect,Circle_5m,D010A,0.354,Suspect,Critical,Priority Survey,D10,original,False
2323,109.23498755,-0.44621803,5.56,0.383,TM,Healthy,,D010A,0.383,Suspect,Critical,Priority Survey,D10,original,False
2324,109.2350115,-0.44182812,5.56,0.522,TM,Healthy,,D010A,0.522,Healthy,Good,None,D10,original,False
2325,109.23527289,-0.44752933,5.55,0.476,TM,Healthy,,D010A,0.476,Healthy,Good,None,D10,original,False
2326,109.23416091,-0.44718091,5.55,0.296,TM,Suspect,Circle_5m,D010A,0.296,Suspect,Critical,Priority Survey,D10,original,False
2327,109.23445729,-0.44363297,5.55,0.462,TM,Healthy,,D010A,0.462,Healthy,Good,None,D10,original,False
2328,109.23454394,-0.44186056,5.54,0.41,TM,Healthy,,D010A,0.41,Abnormal,Sub-Optimal,Monitor,D10,original,False
2329,109.23467735,-0.44367462,5.54,0.505,TM,Healthy,,D010A,0.505,Healthy,Good,None,D10,original,False
2330,109.23503068,-0.44426023,5.54,0.513,TM,Healthy,,D010A,0.513,Healthy,Good,None,D10,original,False
2331,109.23440258,-0.44704216,5.54,0.432,TM,Healthy,,D010A,0.432,Normal,Moderate,Routine,D10,original,False
2332,109.234591,-0.44417603,5.53,0.377,TM,Suspect,Circle_5m,D010A,0.377,Suspect,Critical,Priority Survey,D10,original,False
2333,109.23452736,-0.44171044,5.52,0.436,TM,Healthy,,D010A,0.436,Normal,Moderate,Routine,D10,original,False
2334,109.23480798,-0.44207133,5.52,0.371,TM,Suspect,Circle_5m,D010A,0.371,Suspect,Critical,Priority Survey,D10,original,False
2335,109.23480918,-0.4427066,5.51,0.418,TM,Healthy,,D010A,0.418,Abnormal,Sub-Optimal,Monitor,D10,original,False
2336,109.23517236,-0.44718025,5.51,0.444,TM,Healthy,,D010A,0.444,Normal,Moderate,Routine,D10,original,False
2337,109.23387881,-0.44737662,5.5,0.482,TM,Healthy,,D010A,0.482,Healthy,Good,None,D10,original,False
2338,109.23451427,-0.44196817,5.5,0.37,TM,Suspect,Circle_5m,D010A,0.37,Suspect,Critical,Priority Survey,D10,original,False
2339,109.23432243,-0.44790122,5.49,0.468,TM,Healthy,,D010A,0.468,Healthy,Good,None,D10,original,False
2340,109.2349659,-0.44093376,5.49,0.433,TM,Healthy,,D010A,0.433,Normal,Moderate,Routine,D10,original,False
2341,109.23397425,-0.4407504,5.49,0.514,TM,Healthy,,D010A,0.514,Healthy,Good,None,D10,original,False
2342,109.2354467,-0.44564256,5.49,0.393,TM,Healthy,,D010A,0.393,Abnormal,Sub-Optimal,Monitor,D10,original,False
2343,109.23430591,-0.44368764,5.48,0.416,TM,Healthy,,D010A,0.416,Abnormal,Sub-Optimal,Monitor,D10,original,False
2344,109.23485174,-0.44692516,5.48,0.448,TM,Healthy,,D010A,0.448,Normal,Moderate,Routine,D10,original,False
2345,109.23447629,-0.44867443,5.48,0.469,TM,Healthy,,D010A,0.469,Healthy,Good,None,D10,original,False
2346,109.23556152,-0.44445433,5.48,0.452,TM,Healthy,,D010A,0.452,Normal,Moderate,Routine,D10,original,False
2347,109.23420123,-0.44385446,5.47,0.354,TM,Suspect,Circle_5m,D010A,0.354,Suspect,Critical,Priority Survey,D10,original,False
2348,109.23403879,-0.44319835,5.47,0.469,TM,Healthy,,D010A,0.469,Healthy,Good,None,D10,original,False
2349,109.23432782,-0.44221952,5.46,0.539,TM,Healthy,,D010A,0.539,Healthy,Good,None,D10,original,False
2350,109.235288,-0.44442262,5.45,0.429,TM,Healthy,,D010A,0.429,Abnormal,Sub-Optimal,Monitor,D10,original,False
2351,109.23506857,-0.44546884,5.44,0.444,TM,Healthy,,D010A,0.444,Normal,Moderate,Routine,D10,original,False
2352,109.23440695,-0.44755037,5.44,0.482,TM,Healthy,,D010A,0.482,Healthy,Good,None,D10,original,False
2353,109.23482322,-0.44030569,5.44,0.443,TM,Healthy,,D010A,0.443,Normal,Moderate,Routine,D10,original,False
2354,109.23527491,-0.44279081,5.43,0.434,TM,Healthy,,D010A,0.434,Normal,Moderate,Routine,D10,original,False
2355,109.2353488,-0.44749092,5.42,0.344,TM,Suspect,Circle_5m,D010A,0.344,Suspect,Critical,Priority Survey,D10,original,False
2356,109.23399059,-0.44572088,5.42,0.533,TM,Healthy,,D010A,0.533,Healthy,Good,None,D10,original,False
2357,109.23566365,-0.44745482,5.41,0.348,TM,Suspect,Circle_5m,D010A,0.348,Suspect,Critical,Priority Survey,D10,original,False
2358,109.2347012,-0.4453842,5.38,0.382,TM,Healthy,,D010A,0.382,Suspect,Critical,Priority Survey,D10,original,False
2359,109.23463289,-0.44555916,5.38,0.425,TM,Healthy,,D010A,0.425,Abnormal,Sub-Optimal,Monitor,D10,original,False
2360,109.23456691,-0.44160465,5.38,0.426,TM,Healthy,,D010A,0.426,Abnormal,Sub-Optimal,Monitor,D10,original,False
2361,109.23442712,-0.44770547,5.36,0.497,TM,Healthy,,D010A,0.497,Healthy,Good,None,D10,original,False
2362,109.2342043,-0.4422335,5.36,0.489,TM,Healthy,,D010A,0.489,Healthy,Good,None,D10,original,False
2363,109.23389877,-0.44653066,5.36,0.429,TM,Healthy,,D010A,0.429,Abnormal,Sub-Optimal,Monitor,D10,original,False
2364,109.23542674,-0.44651339,5.35,0.424,TM,Healthy,,D010A,0.424,Abnormal,Sub-Optimal,Monitor,D10,original,False
2365,109.23506482,-0.44427336,5.34,0.437,TM,Healthy,,D010A,0.437,Normal,Moderate,Routine,D10,original,False
2366,109.23532794,-0.44644554,5.33,0.429,TM,Healthy,,D010A,0.429,Abnormal,Sub-Optimal,Monitor,D10,original,False
2367,109.23576542,-0.44449417,5.33,0.376,TM,Suspect,Circle_5m,D010A,0.376,Suspect,Critical,Priority Survey,D10,original,False
2368,109.23511066,-0.44412823,5.32,0.479,TM,Healthy,,D010A,0.479,Healthy,Good,None,D10,original,False
2369,109.23474236,-0.44416069,5.32,0.476,TM,Healthy,,D010A,0.476,Healthy,Good,None,D10,original,False
2370,109.23481919,-0.44215091,5.31,0.472,TM,Healthy,,D010A,0.472,Healthy,Good,None,D10,original,False
2371,109.23365657,-0.44889353,5.31,0.323,TM,Suspect,Circle_5m,D010A,0.323,Suspect,Critical,Priority Survey,D10,original,False
2372,109.23466835,-0.44377906,5.31,0.422,TM,Healthy,,D010A,0.422,Abnormal,Sub-Optimal,Monitor,D10,original,False
2373,109.23561128,-0.44294959,5.29,0.346,TM,Suspect,Circle_5m,D010A,0.346,Suspect,Critical,Priority Survey,D10,original,False
2374,109.23406896,-0.44666408,5.29,0.474,TM,Healthy,,D010A,0.474,Healthy,Good,None,D10,original,False
2375,109.23381498,-0.44755882,5.29,0.447,TM,Healthy,,D010A,0.447,Normal,Moderate,Routine,D10,original,False
2376,109.23472752,-0.4461515,5.29,0.62,TM,Healthy,,D010A,0.62,Healthy,Good,None,D10,original,False
2377,109.23412998,-0.44314457,5.29,0.4,TM,Healthy,,D010A,0.4,Abnormal,Sub-Optimal,Monitor,D10,original,False
2378,109.23447174,-0.44136725,5.28,0.412,TM,Healthy,,D010A,0.412,Abnormal,Sub-Optimal,Monitor,D10,original,False
2379,109.23425873,-0.44757702,5.28,0.416,TM,Healthy,,D010A,0.416,Abnormal,Sub-Optimal,Monitor,D10,original,False
2380,109.23524684,-0.44562397,5.27,0.501,TM,Healthy,,D010A,0.501,Healthy,Good,None,D10,original,False
2381,109.23421967,-0.44748522,5.27,0.363,TM,Suspect,Circle_5m,D010A,0.363,Suspect,Critical,Priority Survey,D10,original,False
2382,109.234591,-0.44794062,5.26,0.507,TM,Healthy,,D010A,0.507,Healthy,Good,None,D10,original,False
2383,109.23424721,-0.44311475,5.25,0.419,TM,Healthy,,D010A,0.419,Abnormal,Sub-Optimal,Monitor,D10,original,False
2384,109.23514269,-0.4473177,5.23,0.33,TM,Suspect,Circle_5m,D010A,0.33,Suspect,Critical,Priority Survey,D10,original,False
2385,109.23508453,-0.4425769,5.22,0.398,TM,Healthy,,D010A,0.398,Abnormal,Sub-Optimal,Monitor,D10,original,False
2386,109.23453769,-0.44549901,5.22,0.401,TM,Healthy,,D010A,0.401,Abnormal,Sub-Optimal,Monitor,D10,original,False
2387,109.23433512,-0.44174386,5.22,0.436,TM,Healthy,,D010A,0.436,Normal,Moderate,Routine,D10,original,False
2388,109.23382633,-0.44519137,5.22,0.424,TM,Healthy,,D010A,0.424,Abnormal,Sub-Optimal,Monitor,D10,original,False
2389,109.23538114,-0.44561496,5.21,0.42,TM,Healthy,,D010A,0.42,Abnormal,Sub-Optimal,Monitor,D10,original,False
2390,109.23554137,-0.44230391,5.2,0.46,TM,Healthy,,D010A,0.46,Healthy,Good,None,D10,original,False
2391,109.23413844,-0.44721798,5.2,0.405,TM,Healthy,,D010A,0.405,Abnormal,Sub-Optimal,Monitor,D10,original,False
2392,109.23392455,-0.44575975,5.19,0.48,TM,Healthy,,D010A,0.48,Healthy,Good,None,D10,original,False
2393,109.23474516,-0.44562611,5.19,0.442,TM,Healthy,,D010A,0.442,Normal,Moderate,Routine,D10,original,False
2394,109.23419392,-0.44624678,5.19,0.405,TM,Healthy,,D010A,0.405,Abnormal,Sub-Optimal,Monitor,D10,original,False
2395,109.2349549,-0.44564199,5.19,0.472,TM,Healthy,,D010A,0.472,Healthy,Good,None,D10,original,False
2396,109.2347385,-0.44149437,5.18,0.519,TM,Healthy,,D010A,0.519,Healthy,Good,None,D10,original,False
2397,109.2338719,-0.44621098,5.18,0.431,TM,Healthy,,D010A,0.431,Normal,Moderate,Routine,D10,original,False
2398,109.23460036,-0.44824673,5.18,0.384,TM,Healthy,,D010A,0.384,Suspect,Critical,Priority Survey,D10,original,False
2399,109.23578788,-0.44633895,5.17,0.334,TM,Suspect,Circle_5m,D010A,0.334,Suspect,Critical,Priority Survey,D10,original,False
2400,109.23492552,-0.44264332,5.17,0.393,TM,Healthy,,D010A,0.393,Abnormal,Sub-Optimal,Monitor,D10,original,False
2401,109.23493233,-0.4423336,5.17,0.409,TM,Healthy,,D010A,0.409,Abnormal,Sub-Optimal,Monitor,D10,original,False
2402,109.23477126,-0.44161691,5.16,0.444,TM,Healthy,,D010A,0.444,Normal,Moderate,Routine,D10,original,False
2403,109.23516033,-0.44489328,5.15,0.379,TM,Suspect,Circle_5m,D010A,0.379,Suspect,Critical,Priority Survey,D10,original,False
2404,109.23517041,-0.44595719,5.15,0.387,TM,Healthy,,D010A,0.387,Suspect,Critical,Priority Survey,D10,original,False
2405,109.23490631,-0.44219976,5.15,0.453,TM,Healthy,,D010A,0.453,Normal,Moderate,Routine,D10,original,False
2406,109.23447846,-0.44711904,5.14,0.544,TM,Healthy,,D010A,0.544,Healthy,Good,None,D10,original,False
2407,109.23527452,-0.44632797,5.14,0.386,TM,Healthy,,D010A,0.386,Suspect,Critical,Priority Survey,D10,original,False
2408,109.23370387,-0.44828902,5.13,0.42,TM,Healthy,,D010A,0.42,Abnormal,Sub-Optimal,Monitor,D10,original,False
2409,109.23530555,-0.44049118,5.13,0.363,TM,Suspect,Circle_5m,D010A,0.363,Suspect,Critical,Priority Survey,D10,original,False
2410,109.23491049,-0.44163593,5.13,0.49,TM,Healthy,,D010A,0.49,Healthy,Good,None,D10,original,False
2411,109.23535011,-0.44577501,5.13,0.306,TM,Suspect,Circle_5m,D010A,0.306,Suspect,Critical,Priority Survey,D10,original,False
2412,109.23467627,-0.44065968,5.11,0.454,TM,Healthy,,D010A,0.454,Normal,Moderate,Routine,D10,original,False
2413,109.23515432,-0.44749359,5.11,0.388,TM,Healthy,,D010A,0.388,Suspect,Critical,Priority Survey,D10,original,False
2414,109.2349971,-0.4419502,5.1,0.384,TM,Healthy,,D010A,0.384,Suspect,Critical,Priority Survey,D10,original,False
2415,109.23376893,-0.44293785,5.08,0.36,TM,Suspect,Circle_5m,D010A,0.36,Suspect,Critical,Priority Survey,D10,original,False
2416,109.2355572,-0.44181333,5.07,0.436,TM,Healthy,,D010A,0.436,Normal,Moderate,Routine,D10,original,False
2417,109.23431941,-0.44546866,5.07,0.416,TM,Healthy,,D010A,0.416,Abnormal,Sub-Optimal,Monitor,D10,original,False
2418,109.23524189,-0.44376835,5.07,0.488,TM,Healthy,,D010A,0.488,Healthy,Good,None,D10,original,False
2419,109.23425863,-0.44798938,5.07,0.38,TM,Suspect,Circle_5m,D010A,0.38,Suspect,Critical,Priority Survey,D10,original,False
2420,109.23532255,-0.44267416,5.06,0.399,TM,Healthy,,D010A,0.399,Abnormal,Sub-Optimal,Monitor,D10,original,False
2421,109.23484385,-0.44610225,5.06,0.421,TM,Healthy,,D010A,0.421,Abnormal,Sub-Optimal,Monitor,D10,original,False
2422,109.23451431,-0.44745771,5.05,0.442,TM,Healthy,,D010A,0.442,Normal,Moderate,Routine,D10,original,False
2423,109.2350671,-0.44599921,5.04,0.466,TM,Healthy,,D010A,0.466,Healthy,Good,None,D10,original,False
2424,109.2350909,-0.44221473,5.04,0.483,TM,Healthy,,D010A,0.483,Healthy,Good,None,D10,original,False
2425,109.23448058,-0.44767473,5.04,0.456,TM,Healthy,,D010A,0.456,Normal,Moderate,Routine,D10,original,False
2426,109.23484195,-0.4465449,5.03,0.439,TM,Healthy,,D010A,0.439,Normal,Moderate,Routine,D10,original,False
2427,109.23500108,-0.44600145,5.03,0.41,TM,Healthy,,D010A,0.41,Abnormal,Sub-Optimal,Monitor,D10,original,False
2428,109.23365595,-0.44584559,5.02,0.455,TM,Healthy,,D010A,0.455,Normal,Moderate,Routine,D10,original,False
2429,109.23502461,-0.44712279,5.01,0.394,TM,Healthy,,D010A,0.394,Abnormal,Sub-Optimal,Monitor,D10,original,False
2430,109.2347968,-0.44375196,5.0,0.482,TM,Healthy,,D010A,0.482,Healthy,Good,None,D10,original,False
2431,109.23504421,-0.44215367,4.99,0.398,TM,Healthy,,D010A,0.398,Abnormal,Sub-Optimal,Monitor,D10,original,False
2432,109.23555346,-0.44620822,4.99,0.384,TM,Healthy,,D010A,0.384,Suspect,Critical,Priority Survey,D10,original,False
2433,109.23438524,-0.44059858,4.98,0.481,TM,Healthy,,D010A,0.481,Healthy,Good,None,D10,original,False
2434,109.2355384,-0.44156102,4.98,0.49,TM,Healthy,,D010A,0.49,Healthy,Good,None,D10,original,False
2435,109.23431624,-0.44181846,4.98,0.483,TM,Healthy,,D010A,0.483,Healthy,Good,None,D10,original,False
2436,109.23528611,-0.44103421,4.98,0.411,TM,Healthy,,D010A,0.411,Abnormal,Sub-Optimal,Monitor,D10,original,False
2437,109.23492068,-0.44602088,4.97,0.371,TM,Suspect,Circle_5m,D010A,0.371,Suspect,Critical,Priority Survey,D10,original,False
2438,109.23455798,-0.44134602,4.97,0.492,TM,Healthy,,D010A,0.492,Healthy,Good,None,D10,original,False
2439,109.23463172,-0.44669135,4.96,0.444,TM,Healthy,,D010A,0.444,Normal,Moderate,Routine,D10,original,False
2440,109.23412981,-0.44574714,4.96,0.396,TM,Healthy,,D010A,0.396,Abnormal,Sub-Optimal,Monitor,D10,original,False
2441,109.23511783,-0.44230109,4.96,0.462,TM,Healthy,,D010A,0.462,Healthy,Good,None,D10,original,False
2442,109.23453622,-0.44786691,4.94,0.473,TM,Healthy,,D010A,0.473,Healthy,Good,None,D10,original,False
2443,109.23558085,-0.44625887,4.92,0.362,TM,Suspect,Circle_5m,D010A,0.362,Suspect,Critical,Priority Survey,D10,original,False
2444,109.23459166,-0.44328484,4.92,0.472,TM,Healthy,,D010A,0.472,Healthy,Good,None,D10,original,False
2445,109.23439332,-0.44064696,4.92,0.372,TM,Suspect,Circle_5m,D010A,0.372,Suspect,Critical,Priority Survey,D10,original,False
2446,109.23478416,-0.44214095,4.91,0.536,TM,Healthy,,D010A,0.536,Healthy,Good,None,D10,original,False
2447,109.2352682,-0.44645909,4.91,0.461,TM,Healthy,,D010A,0.461,Healthy,Good,None,D10,original,False
2448,109.2336836,-0.44290889,4.9,0.355,TM,Suspect,Circle_5m,D010A,0.355,Suspect,Critical,Priority Survey,D10,original,False
2449,109.2355952,-0.44258335,4.9,0.408,TM,Healthy,,D010A,0.408,Abnormal,Sub-Optimal,Monitor,D10,original,False
2450,109.23490862,-0.44383654,4.9,0.399,TM,Healthy,,D010A,0.399,Abnormal,Sub-Optimal,Monitor,D10,original,False
2451,109.23457992,-0.44163856,4.9,0.497,TM,Healthy,,D010A,0.497,Healthy,Good,None,D10,original,False
2452,109.23464327,-0.44153911,4.89,0.398,TM,Healthy,,D010A,0.398,Abnormal,Sub-Optimal,Monitor,D10,original,False
2453,109.23526834,-0.443989,4.89,0.426,TM,Healthy,,D010A,0.426,Abnormal,Sub-Optimal,Monitor,D10,original,False
2454,109.23468371,-0.44147989,4.89,0.394,TM,Healthy,,D010A,0.394,Abnormal,Sub-Optimal,Monitor,D10,original,False
2455,109.2353066,-0.44553581,4.89,0.432,TM,Healthy,,D010A,0.432,Normal,Moderate,Routine,D10,original,False
2456,109.23572729,-0.44616847,4.88,0.422,TM,Healthy,,D010A,0.422,Abnormal,Sub-Optimal,Monitor,D10,original,False
2457,109.23406134,-0.44657998,4.87,0.434,TM,Healthy,,D010A,0.434,Normal,Moderate,Routine,D10,original,False
2458,109.23371759,-0.44728163,4.87,0.343,TM,Suspect,Circle_5m,D010A,0.343,Suspect,Critical,Priority Survey,D10,original,False
2459,109.23422484,-0.44653435,4.87,0.388,TM,Healthy,,D010A,0.388,Suspect,Critical,Priority Survey,D10,original,False
2460,109.23489161,-0.44170375,4.87,0.487,TM,Healthy,,D010A,0.487,Healthy,Good,None,D10,original,False
2461,109.23488019,-0.44630482,4.86,0.409,TM,Healthy,,D010A,0.409,Abnormal,Sub-Optimal,Monitor,D10,original,False
2462,109.23490754,-0.44836708,4.86,0.312,TM,Suspect,Circle_5m,D010A,0.312,Suspect,Critical,Priority Survey,D10,original,False
2463,109.23536499,-0.44553628,4.86,0.37,TM,Suspect,Circle_5m,D010A,0.37,Suspect,Critical,Priority Survey,D10,original,False
2464,109.23562946,-0.44201636,4.85,0.5,TM,Healthy,,D010A,0.5,Healthy,Good,None,D10,original,False
2465,109.23421708,-0.4432739,4.83,0.409,TM,Healthy,,D010A,0.409,Abnormal,Sub-Optimal,Monitor,D10,original,False
2466,109.23474384,-0.44550991,4.81,0.474,TM,Healthy,,D010A,0.474,Healthy,Good,None,D10,original,False
2467,109.23393309,-0.447633,4.79,0.377,TM,Suspect,Circle_5m,D010A,0.377,Suspect,Critical,Priority Survey,D10,original,False
2468,109.23483758,-0.44605613,4.79,0.469,TM,Healthy,,D010A,0.469,Healthy,Good,None,D10,original,False
2469,109.23511577,-0.44151028,4.78,0.564,TM,Healthy,,D010A,0.564,Healthy,Good,None,D10,original,False
2470,109.23510362,-0.44160568,4.77,0.436,TM,Healthy,,D010A,0.436,Normal,Moderate,Routine,D10,original,False
2471,109.23487013,-0.44514234,4.76,0.389,TM,Healthy,,D010A,0.389,Suspect,Critical,Priority Survey,D10,original,False
2472,109.23375058,-0.44831932,4.76,0.357,TM,Suspect,Circle_5m,D010A,0.357,Suspect,Critical,Priority Survey,D10,original,False
2473,109.23460996,-0.44565999,4.75,0.408,TM,Healthy,,D010A,0.408,Abnormal,Sub-Optimal,Monitor,D10,original,False
2474,109.23485231,-0.44828884,4.75,0.438,TM,Healthy,,D010A,0.438,Normal,Moderate,Routine,D10,original,False
2475,109.23527589,-0.44244446,4.75,0.472,TM,Healthy,,D010A,0.472,Healthy,Good,None,D10,original,False
2476,109.23461087,-0.4456202,4.75,0.452,TM,Healthy,,D010A,0.452,Normal,Moderate,Routine,D10,original,False
2477,109.2346352,-0.44527702,4.74,0.407,TM,Healthy,,D010A,0.407,Abnormal,Sub-Optimal,Monitor,D10,original,False
2478,109.23518668,-0.44740452,4.74,0.416,TM,Healthy,,D010A,0.416,Abnormal,Sub-Optimal,Monitor,D10,original,False
2479,109.23442142,-0.44524939,4.74,0.421,TM,Healthy,,D010A,0.421,Abnormal,Sub-Optimal,Monitor,D10,original,False
2480,109.23516734,-0.44753157,4.74,0.414,TM,Healthy,,D010A,0.414,Abnormal,Sub-Optimal,Monitor,D10,original,False
2481,109.2345128,-0.44815809,4.74,0.448,TM,Healthy,,D010A,0.448,Normal,Moderate,Routine,D10,original,False
2482,109.23550823,-0.4456602,4.74,0.426,TM,Healthy,,D010A,0.426,Abnormal,Sub-Optimal,Monitor,D10,original,False
2483,109.23522043,-0.44146374,4.73,0.44,TM,Healthy,,D010A,0.44,Normal,Moderate,Routine,D10,original,False
2484,109.23420199,-0.44631596,4.73,0.435,TM,Healthy,,D010A,0.435,Normal,Moderate,Routine,D10,original,False
2485,109.23517986,-0.44401475,4.72,0.436,TM,Healthy,,D010A,0.436,Normal,Moderate,Routine,D10,original,False
2486,109.23457637,-0.44148122,4.72,0.531,TM,Healthy,,D010A,0.531,Healthy,Good,None,D10,original,False
2487,109.2353207,-0.44290521,4.72,0.424,TM,Healthy,,D010A,0.424,Abnormal,Sub-Optimal,Monitor,D10,original,False
2488,109.23470114,-0.44185698,4.71,0.461,TM,Healthy,,D010A,0.461,Healthy,Good,None,D10,original,False
2489,109.23392803,-0.4481168,4.71,0.475,TM,Healthy,,D010A,0.475,Healthy,Good,None,D10,original,False
2490,109.23565028,-0.44702437,4.71,0.414,TM,Healthy,,D010A,0.414,Abnormal,Sub-Optimal,Monitor,D10,original,False
2491,109.23564843,-0.44158863,4.7,0.463,TM,Healthy,,D010A,0.463,Healthy,Good,None,D10,original,False
2492,109.23488171,-0.44368461,4.69,0.495,TM,Healthy,,D010A,0.495,Healthy,Good,None,D10,original,False
2493,109.2348467,-0.44165807,4.69,0.494,TM,Healthy,,D010A,0.494,Healthy,Good,None,D10,original,False
2494,109.23516697,-0.44150713,4.69,0.462,TM,Healthy,,D010A,0.462,Healthy,Good,None,D10,original,False
2495,109.23486743,-0.44519208,4.69,0.438,TM,Healthy,,D010A,0.438,Normal,Moderate,Routine,D10,original,False
2496,109.2346203,-0.44371258,4.69,0.477,TM,Healthy,,D010A,0.477,Healthy,Good,None,D10,original,False
2497,109.23546579,-0.4466079,4.67,0.412,TM,Healthy,,D010A,0.412,Abnormal,Sub-Optimal,Monitor,D10,original,False
2498,109.23468144,-0.44156986,4.66,0.393,TM,Healthy,,D010A,0.393,Abnormal,Sub-Optimal,Monitor,D10,original,False
2499,109.23535737,-0.44732453,4.65,0.408,TM,Healthy,,D010A,0.408,Abnormal,Sub-Optimal,Monitor,D10,original,False
2500,109.23540589,-0.4453916,4.65,0.384,TM,Healthy,,D010A,0.384,Suspect,Critical,Priority Survey,D10,original,False
2501,109.2355213,-0.44167496,4.65,0.471,TM,Healthy,,D010A,0.471,Healthy,Good,None,D10,original,False
2502,109.23390054,-0.44663601,4.64,0.39,TM,Healthy,,D010A,0.39,Abnormal,Sub-Optimal,Monitor,D10,original,False
2503,109.23445546,-0.44183748,4.61,0.452,TM,Healthy,,D010A,0.452,Normal,Moderate,Routine,D10,original,False
2504,109.23520686,-0.44753836,4.61,0.409,TM,Healthy,,D010A,0.409,Abnormal,Sub-Optimal,Monitor,D10,original,False
2505,109.23428056,-0.44642992,4.6,0.463,TM,Healthy,,D010A,0.463,Healthy,Good,None,D10,original,False
2506,109.23425147,-0.44220277,4.6,0.391,TM,Healthy,,D010A,0.391,Abnormal,Sub-Optimal,Monitor,D10,original,False
2507,109.23433032,-0.44868209,4.59,0.516,TM,Healthy,,D010A,0.516,Healthy,Good,None,D10,original,False
2508,109.23382626,-0.44736757,4.59,0.409,TM,Healthy,,D010A,0.409,Abnormal,Sub-Optimal,Monitor,D10,original,False
2509,109.23480762,-0.44169152,4.59,0.464,TM,Healthy,,D010A,0.464,Healthy,Good,None,D10,original,False
2510,109.23530254,-0.44559911,4.58,0.483,TM,Healthy,,D010A,0.483,Healthy,Good,None,D10,original,False
2511,109.23559577,-0.44203444,4.58,0.499,TM,Healthy,,D010A,0.499,Healthy,Good,None,D10,original,False
2512,109.23375483,-0.44744125,4.57,0.415,TM,Healthy,,D010A,0.415,Abnormal,Sub-Optimal,Monitor,D10,original,False
2513,109.23517059,-0.44142936,4.56,0.467,TM,Healthy,,D010A,0.467,Healthy,Good,None,D10,original,False
2514,109.23530749,-0.44365939,4.55,0.383,TM,Healthy,,D010A,0.383,Suspect,Critical,Priority Survey,D10,original,False
2515,109.23445033,-0.4407383,4.55,0.41,TM,Healthy,,D010A,0.41,Abnormal,Sub-Optimal,Monitor,D10,original,False
2516,109.23561597,-0.44210679,4.55,0.473,TM,Healthy,,D010A,0.473,Healthy,Good,None,D10,original,False
2517,109.23459898,-0.44649149,4.55,0.398,TM,Healthy,,D010A,0.398,Abnormal,Sub-Optimal,Monitor,D10,original,False
2518,109.23473373,-0.44835211,4.54,0.492,TM,Healthy,,D010A,0.492,Healthy,Good,None,D10,original,False
2519,109.23504602,-0.44208133,4.53,0.515,TM,Healthy,,D010A,0.515,Healthy,Good,None,D10,original,False
2520,109.23519058,-0.44043192,4.53,0.412,TM,Healthy,,D010A,0.412,Abnormal,Sub-Optimal,Monitor,D10,original,False
2521,109.23489954,-0.44611944,4.53,0.427,TM,Healthy,,D010A,0.427,Abnormal,Sub-Optimal,Monitor,D10,original,False
2522,109.23510887,-0.44408663,4.52,0.499,TM,Healthy,,D010A,0.499,Healthy,Good,None,D10,original,False
2523,109.23563205,-0.44628058,4.52,0.383,TM,Healthy,,D010A,0.383,Suspect,Critical,Priority Survey,D10,original,False
2524,109.23469011,-0.44667825,4.52,0.283,TM,Suspect,Circle_5m,D010A,0.283,Suspect,Critical,Priority Survey,D10,original,False
2525,109.23487461,-0.44709065,4.51,0.504,TM,Healthy,,D010A,0.504,Healthy,Good,None,D10,original,False
2526,109.23444658,-0.44520283,4.51,0.397,TM,Healthy,,D010A,0.397,Abnormal,Sub-Optimal,Monitor,D10,original,False
2527,109.23421524,-0.44723473,4.5,0.443,TM,Healthy,,D010A,0.443,Normal,Moderate,Routine,D10,original,False
2528,109.23464105,-0.44524131,4.5,0.421,TM,Healthy,,D010A,0.421,Abnormal,Sub-Optimal,Monitor,D10,original,False
2529,109.23478467,-0.44189272,4.5,0.479,TM,Healthy,,D010A,0.479,Healthy,Good,None,D10,original,False
2530,109.23440632,-0.44828828,4.49,0.443,TM,Healthy,,D010A,0.443,Normal,Moderate,Routine,D10,original,False
2531,109.23416786,-0.44629289,4.49,0.526,TM,Healthy,,D010A,0.526,Healthy,Good,None,D10,original,False
2532,109.23440971,-0.44725919,4.49,0.398,TM,Healthy,,D010A,0.398,Abnormal,Sub-Optimal,Monitor,D10,original,False
2533,109.23425803,-0.44859887,4.49,0.43,TM,Healthy,,D010A,0.43,Normal,Moderate,Routine,D10,original,False
2534,109.23517175,-0.44411016,4.49,0.4,TM,Healthy,,D010A,0.4,Abnormal,Sub-Optimal,Monitor,D10,original,False
2535,109.23524364,-0.44210218,4.48,0.377,TM,Suspect,Circle_5m,D010A,0.377,Suspect,Critical,Priority Survey,D10,original,False
2536,109.23407533,-0.44631457,4.48,0.523,TM,Healthy,,D010A,0.523,Healthy,Good,None,D10,original,False
2537,109.23481191,-0.44632108,4.46,0.448,TM,Healthy,,D010A,0.448,Normal,Moderate,Routine,D10,original,False
2538,109.23563485,-0.44581804,4.46,0.483,TM,Healthy,,D010A,0.483,Healthy,Good,None,D10,original,False
2539,109.23474028,-0.44725158,4.45,0.442,TM,Healthy,,D010A,0.442,Normal,Moderate,Routine,D10,original,False
2540,109.2349005,-0.44209441,4.45,0.409,TM,Healthy,,D010A,0.409,Abnormal,Sub-Optimal,Monitor,D10,original,False
2541,109.23511749,-0.44750352,4.45,0.492,TM,Healthy,,D010A,0.492,Healthy,Good,None,D10,original,False
2542,109.23485556,-0.44597339,4.44,0.488,TM,Healthy,,D010A,0.488,Healthy,Good,None,D10,original,False
2543,109.23516579,-0.44836669,4.43,0.395,TM,Healthy,,D010A,0.395,Abnormal,Sub-Optimal,Monitor,D10,original,False
2544,109.23447296,-0.44190892,4.4,0.481,TM,Healthy,,D010A,0.481,Healthy,Good,None,D10,original,False
2545,109.23410572,-0.44318706,4.39,0.384,TM,Healthy,,D010A,0.384,Suspect,Critical,Priority Survey,D10,original,False
2546,109.23574339,-0.4445638,4.39,0.449,TM,Healthy,,D010A,0.449,Normal,Moderate,Routine,D10,original,False
2547,109.23529761,-0.44743122,4.38,0.476,TM,Healthy,,D010A,0.476,Healthy,Good,None,D10,original,False
2548,109.23470508,-0.44606423,4.38,0.592,TM,Healthy,,D010A,0.592,Healthy,Good,None,D10,original,False
2549,109.23537617,-0.44385564,4.38,0.404,TM,Healthy,,D010A,0.404,Abnormal,Sub-Optimal,Monitor,D10,original,False
2550,109.23409645,-0.44626529,4.37,0.508,TM,Healthy,,D010A,0.508,Healthy,Good,None,D10,original,False
2551,109.23526328,-0.44258869,4.35,0.403,TM,Healthy,,D010A,0.403,Abnormal,Sub-Optimal,Monitor,D10,original,False
2552,109.23418199,-0.44729305,4.35,0.384,TM,Healthy,,D010A,0.384,Suspect,Critical,Priority Survey,D10,original,False
2553,109.23514402,-0.44739863,4.35,0.541,TM,Healthy,,D010A,0.541,Healthy,Good,None,D10,original,False
2554,109.23553052,-0.44070013,4.35,0.502,TM,Healthy,,D010A,0.502,Healthy,Good,None,D10,original,False
2555,109.23522972,-0.44397498,4.34,0.414,TM,Healthy,,D010A,0.414,Abnormal,Sub-Optimal,Monitor,D10,original,False
2556,109.23540694,-0.44287675,4.34,0.453,TM,Healthy,,D010A,0.453,Normal,Moderate,Routine,D10,original,False
2557,109.23427483,-0.4421657,4.34,0.473,TM,Healthy,,D010A,0.473,Healthy,Good,None,D10,original,False
2558,109.23480882,-0.44608958,4.34,0.38,TM,Suspect,Circle_5m,D010A,0.38,Suspect,Critical,Priority Survey,D10,original,False
2559,109.23521129,-0.44591243,4.34,0.393,TM,Healthy,,D010A,0.393,Abnormal,Sub-Optimal,Monitor,D10,original,False
2560,109.23503532,-0.44554434,4.33,0.413,TM,Healthy,,D010A,0.413,Abnormal,Sub-Optimal,Monitor,D10,original,False
2561,109.23477032,-0.44747993,4.33,0.551,TM,Healthy,,D010A,0.551,Healthy,Good,None,D10,original,False
2562,109.23522956,-0.44840875,4.32,0.37,TM,Suspect,Circle_5m,D010A,0.37,Suspect,Critical,Priority Survey,D10,original,False
2563,109.23488769,-0.44684695,4.31,0.412,TM,Healthy,,D010A,0.412,Abnormal,Sub-Optimal,Monitor,D10,original,False
2564,109.23511559,-0.44416802,4.31,0.426,TM,Healthy,,D010A,0.426,Abnormal,Sub-Optimal,Monitor,D10,original,False
2565,109.23428569,-0.44373149,4.31,0.425,TM,Healthy,,D010A,0.425,Abnormal,Sub-Optimal,Monitor,D10,original,False
2566,109.23497379,-0.44551765,4.31,0.349,TM,Suspect,Circle_5m,D010A,0.349,Suspect,Critical,Priority Survey,D10,original,False
2567,109.23547075,-0.44650119,4.31,0.452,TM,Healthy,,D010A,0.452,Normal,Moderate,Routine,D10,original,False
2568,109.23504291,-0.44193845,4.3,0.417,TM,Healthy,,D010A,0.417,Abnormal,Sub-Optimal,Monitor,D10,original,False
2569,109.23513818,-0.44550277,4.3,0.392,TM,Healthy,,D010A,0.392,Abnormal,Sub-Optimal,Monitor,D10,original,False
2570,109.2342646,-0.4436492,4.29,0.383,TM,Healthy,,D010A,0.383,Suspect,Critical,Priority Survey,D10,original,False
2571,109.23563002,-0.44535322,4.29,0.448,TM,Healthy,,D010A,0.448,Normal,Moderate,Routine,D10,original,False
2572,109.23471936,-0.44268035,4.29,0.314,TM,Suspect,Circle_5m,D010A,0.314,Suspect,Critical,Priority Survey,D10,original,False
2573,109.2353453,-0.44710026,4.28,0.382,TM,Healthy,,D010A,0.382,Suspect,Critical,Priority Survey,D10,original,False
2574,109.23527545,-0.44240784,4.28,0.476,TM,Healthy,,D010A,0.476,Healthy,Good,None,D10,original,False
2575,109.23479538,-0.44217893,4.28,0.406,TM,Healthy,,D010A,0.406,Abnormal,Sub-Optimal,Monitor,D10,original,False
2576,109.23532284,-0.44145607,4.27,0.431,TM,Healthy,,D010A,0.431,Normal,Moderate,Routine,D10,original,False
2577,109.23482428,-0.44721769,4.25,0.495,TM,Healthy,,D010A,0.495,Healthy,Good,None,D10,original,False
2578,109.23467498,-0.44608683,4.25,0.622,TM,Healthy,,D010A,0.622,Healthy,Good,None,D10,original,False
2579,109.23485958,-0.44228294,4.25,0.408,TM,Healthy,,D010A,0.408,Abnormal,Sub-Optimal,Monitor,D10,original,False
2580,109.23426423,-0.44334445,4.25,0.399,TM,Healthy,,D010A,0.399,Abnormal,Sub-Optimal,Monitor,D10,original,False
2581,109.23490415,-0.44752337,4.25,0.434,TM,Healthy,,D010A,0.434,Normal,Moderate,Routine,D10,original,False
2582,109.23567986,-0.44161667,4.24,0.487,TM,Healthy,,D010A,0.487,Healthy,Good,None,D10,original,False
2583,109.23486136,-0.44426969,4.24,0.46,TM,Healthy,,D010A,0.46,Healthy,Good,None,D10,original,False
2584,109.23544891,-0.44392936,4.23,0.336,TM,Suspect,Circle_5m,D010A,0.336,Suspect,Critical,Priority Survey,D10,original,False
2585,109.23541724,-0.44298074,4.23,0.388,TM,Healthy,,D010A,0.388,Suspect,Critical,Priority Survey,D10,original,False
2586,109.23529022,-0.44264793,4.23,0.452,TM,Healthy,,D010A,0.452,Normal,Moderate,Routine,D10,original,False
2587,109.23481548,-0.44829381,4.23,0.505,TM,Healthy,,D010A,0.505,Healthy,Good,None,D10,original,False
2588,109.23518656,-0.44415402,4.23,0.472,TM,Healthy,,D010A,0.472,Healthy,Good,None,D10,original,False
2589,109.23452876,-0.44716517,4.22,0.417,TM,Healthy,,D010A,0.417,Abnormal,Sub-Optimal,Monitor,D10,original,False
2590,109.23388861,-0.44579591,4.22,0.549,TM,Healthy,,D010A,0.549,Healthy,Good,None,D10,original,False
2591,109.23562667,-0.4405523,4.21,0.378,TM,Suspect,Circle_5m,D010A,0.378,Suspect,Critical,Priority Survey,D10,original,False
2592,109.23447846,-0.44523991,4.2,0.55,TM,Healthy,,D010A,0.55,Healthy,Good,None,D10,original,False
2593,109.2346742,-0.44558585,4.18,0.427,TM,Healthy,,D010A,0.427,Abnormal,Sub-Optimal,Monitor,D10,original,False
2594,109.2348621,-0.44302357,4.15,0.364,TM,Suspect,Circle_5m,D010A,0.364,Suspect,Critical,Priority Survey,D10,original,False
2595,109.23422642,-0.4436718,4.15,0.523,TM,Healthy,,D010A,0.523,Healthy,Good,None,D10,original,False
2596,109.23473265,-0.44155631,4.15,0.484,TM,Healthy,,D010A,0.484,Healthy,Good,None,D10,original,False
2597,109.23470743,-0.44562836,4.14,0.425,TM,Healthy,,D010A,0.425,Abnormal,Sub-Optimal,Monitor,D10,original,False
2598,109.23450228,-0.44708604,4.13,0.436,TM,Healthy,,D010A,0.436,Normal,Moderate,Routine,D10,original,False
2599,109.2345594,-0.44671529,4.13,0.409,TM,Healthy,,D010A,0.409,Abnormal,Sub-Optimal,Monitor,D10,original,False
2600,109.23421136,-0.44087299,4.11,0.372,TM,Suspect,Circle_5m,D010A,0.372,Suspect,Critical,Priority Survey,D10,original,False
2601,109.23478432,-0.44714851,4.1,0.428,TM,Healthy,,D010A,0.428,Abnormal,Sub-Optimal,Monitor,D10,original,False
2602,109.23546291,-0.44549787,4.1,0.496,TM,Healthy,,D010A,0.496,Healthy,Good,None,D10,original,False
2603,109.23491393,-0.44228884,4.09,0.438,TM,Healthy,,D010A,0.438,Normal,Moderate,Routine,D10,original,False
2604,109.23561275,-0.44241741,4.08,0.441,TM,Healthy,,D010A,0.441,Normal,Moderate,Routine,D10,original,False
2605,109.23556846,-0.44170165,4.08,0.533,TM,Healthy,,D010A,0.533,Healthy,Good,None,D10,original,False
2606,109.23517855,-0.44761567,4.07,0.474,TM,Healthy,,D010A,0.474,Healthy,Good,None,D10,original,False
2607,109.23533983,-0.44556793,4.07,0.417,TM,Healthy,,D010A,0.417,Abnormal,Sub-Optimal,Monitor,D10,original,False
2608,109.23477032,-0.44367328,4.06,0.423,TM,Healthy,,D010A,0.423,Abnormal,Sub-Optimal,Monitor,D10,original,False
2609,109.23572243,-0.4458167,4.05,0.44,TM,Healthy,,D010A,0.44,Normal,Moderate,Routine,D10,original,False
2610,109.23460588,-0.44769285,4.05,0.522,TM,Healthy,,D010A,0.522,Healthy,Good,None,D10,original,False
2611,109.23433602,-0.445508,4.05,0.446,TM,Healthy,,D010A,0.446,Normal,Moderate,Routine,D10,original,False
2612,109.23536256,-0.44819628,4.05,0.4,TM,Healthy,,D010A,0.4,Abnormal,Sub-Optimal,Monitor,D10,original,False
2613,109.23527069,-0.44730959,4.05,0.465,TM,Healthy,,D010A,0.465,Healthy,Good,None,D10,original,False
2614,109.23409942,-0.44322414,4.03,0.442,TM,Healthy,,D010A,0.442,Normal,Moderate,Routine,D10,original,False
2615,109.23477529,-0.44734926,4.03,0.47,TM,Healthy,,D010A,0.47,Healthy,Good,None,D10,original,False
2616,109.23467787,-0.44527116,4.03,0.374,TM,Suspect,Circle_5m,D010A,0.374,Suspect,Critical,Priority Survey,D10,original,False
2617,109.23475556,-0.4472118,4.02,0.485,TM,Healthy,,D010A,0.485,Healthy,Good,None,D10,original,False
2618,109.23378942,-0.44738655,4.01,0.451,TM,Healthy,,D010A,0.451,Normal,Moderate,Routine,D10,original,False
2619,109.23474141,-0.44817171,3.99,0.427,Kenthosan,Abnormal,Field_Verification,D010A,0.427,Abnormal,Sub-Optimal,Monitor,D10,original,False
2620,109.23474042,-0.44667329,3.98,0.421,Kenthosan,Abnormal,Field_Verification,D010A,0.421,Abnormal,Sub-Optimal,Monitor,D10,original,False
2621,109.23421725,-0.44635982,3.98,0.471,TM,Healthy,,D010A,0.471,Healthy,Good,None,D10,TBM->TM,True
2622,109.2349154,-0.44175756,3.97,0.37,Kenthosan,Abnormal,Field_Verification,D010A,0.37,Suspect,Critical,Priority Survey,D10,original,False
2623,109.23537113,-0.44234366,3.97,0.3,TM,Healthy,,D010A,0.3,Suspect,Critical,Priority Survey,D10,TBM->TM,True
2624,109.23534554,-0.44231019,3.97,0.471,TM,Healthy,,D010A,0.471,Healthy,Good,None,D10,TBM->TM,True
2625,109.23479928,-0.44658061,3.97,0.446,Kenthosan,Abnormal,Field_Verification,D010A,0.446,Normal,Moderate,Routine,D10,original,False
2626,109.23400463,-0.44521674,3.96,0.402,Kenthosan,Abnormal,Field_Verification,D010A,0.402,Abnormal,Sub-Optimal,Monitor,D10,original,False
2627,109.23463403,-0.4407284,3.96,0.418,Kenthosan,Abnormal,Field_Verification,D010A,0.418,Abnormal,Sub-Optimal,Monitor,D10,original,False
2628,109.23524757,-0.44446692,3.95,0.398,TM,Healthy,,D010A,0.398,Abnormal,Sub-Optimal,Monitor,D10,TBM->TM,True
2629,109.23484155,-0.44822463,3.94,0.448,TM,Healthy,,D010A,0.448,Normal,Moderate,Routine,D10,TBM->TM,True
2630,109.2355348,-0.44537852,3.94,0.498,Kenthosan,Abnormal,Field_Verification,D010A,0.498,Healthy,Good,None,D10,original,False
2631,109.23489158,-0.4437226,3.93,0.479,Kenthosan,Abnormal,Field_Verification,D010A,0.479,Healthy,Good,None,D10,original,False
2632,109.23456462,-0.4417733,3.92,0.424,TM,Healthy,,D010A,0.424,Abnormal,Sub-Optimal,Monitor,D10,TBM->TM,True
2633,109.234848,-0.44755591,3.91,0.481,Kenthosan,Abnormal,Field_Verification,D010A,0.481,Healthy,Good,None,D10,original,False
2634,109.23560625,-0.44710485,3.9,0.377,Kenthosan,Abnormal,Field_Verification,D010A,0.377,Suspect,Critical,Priority Survey,D10,original,False
2635,109.23500342,-0.44557282,3.89,0.356,Kenthosan,Abnormal,Field_Verification,D010A,0.356,Suspect,Critical,Priority Survey,D10,original,False
2636,109.23563714,-0.44186625,3.89,0.471,TM,Healthy,,D010A,0.471,Healthy,Good,None,D10,TBM->TM,True
2637,109.23416716,-0.44547179,3.89,0.374,TM,Healthy,,D010A,0.374,Suspect,Critical,Priority Survey,D10,TBM->TM,True
2638,109.23423274,-0.44542659,3.88,0.358,TM,Healthy,,D010A,0.358,Suspect,Critical,Priority Survey,D10,TBM->TM,True
2639,109.23528454,-0.44575194,3.88,0.471,Kenthosan,Abnormal,Field_Verification,D010A,0.471,Healthy,Good,None,D10,original,False
2640,109.2351113,-0.44142844,3.86,0.523,Kenthosan,Abnormal,Field_Verification,D010A,0.523,Healthy,Good,None,D10,original,False
2641,109.23411109,-0.44326257,3.85,0.347,Kenthosan,Abnormal,Field_Verification,D010A,0.347,Suspect,Critical,Priority Survey,D10,original,False
2642,109.23386912,-0.44656999,3.85,0.504,Kenthosan,Abnormal,Field_Verification,D010A,0.504,Healthy,Good,None,D10,original,False
2643,109.23561812,-0.4405939,3.83,0.415,Kenthosan,Abnormal,Field_Verification,D010A,0.415,Abnormal,Sub-Optimal,Monitor,D10,original,False
2644,109.23527322,-0.4423477,3.83,0.373,TM,Healthy,,D010A,0.373,Suspect,Critical,Priority Survey,D10,TBM->TM,True
2645,109.23496029,-0.44374748,3.82,0.432,TM,Healthy,,D010A,0.432,Normal,Moderate,Routine,D10,TBM->TM,True
2646,109.23427001,-0.44545508,3.82,0.451,TM,Healthy,,D010A,0.451,Normal,Moderate,Routine,D10,TBM->TM,True
2647,109.23519516,-0.44386148,3.82,0.431,Kenthosan,Abnormal,Field_Verification,D010A,0.431,Normal,Moderate,Routine,D10,original,False
2648,109.23526976,-0.44746332,3.82,0.396,Kenthosan,Abnormal,Field_Verification,D010A,0.396,Abnormal,Sub-Optimal,Monitor,D10,original,False
2649,109.23483823,-0.44709878,3.82,0.56,TM,Healthy,,D010A,0.56,Healthy,Good,None,D10,TBM->TM,True
2650,109.23526064,-0.44047399,3.81,0.437,Kenthosan,Abnormal,Field_Verification,D010A,0.437,Normal,Moderate,Routine,D10,original,False
2651,109.23491721,-0.44550724,3.81,0.431,Kenthosan,Abnormal,Field_Verification,D010A,0.431,Normal,Moderate,Routine,D10,original,False
2652,109.23490665,-0.44831915,3.8,0.434,Kenthosan,Abnormal,Field_Verification,D010A,0.434,Normal,Moderate,Routine,D10,original,False
2653,109.23418624,-0.44642718,3.79,0.467,TM,Healthy,,D010A,0.467,Healthy,Good,None,D10,TBM->TM,True
2654,109.23484939,-0.44171504,3.78,0.479,Kenthosan,Abnormal,Field_Verification,D010A,0.479,Healthy,Good,None,D10,original,False
2655,109.23396524,-0.44652118,3.77,0.475,Kenthosan,Abnormal,Field_Verification,D010A,0.475,Healthy,Good,None,D10,original,False
2656,109.23539329,-0.44549605,3.76,0.505,Kenthosan,Abnormal,Field_Verification,D010A,0.505,Healthy,Good,None,D10,original,False
2657,109.2349774,-0.4473267,3.76,0.446,TM,Healthy,,D010A,0.446,Normal,Moderate,Routine,D10,TBM->TM,True
2658,109.2344336,-0.44877706,3.76,0.321,Kenthosan,Abnormal,Field_Verification,D010A,0.321,Suspect,Critical,Priority Survey,D10,original,False
2659,109.23407395,-0.44646514,3.75,0.444,TM,Healthy,,D010A,0.444,Normal,Moderate,Routine,D10,TBM->TM,True
2660,109.23427401,-0.44376947,3.75,0.484,Kenthosan,Abnormal,Field_Verification,D010A,0.484,Healthy,Good,None,D10,original,False
2661,109.23530656,-0.44569678,3.74,0.41,Kenthosan,Abnormal,Field_Verification,D010A,0.41,Abnormal,Sub-Optimal,Monitor,D10,original,False
2662,109.23571571,-0.44577781,3.74,0.483,Kenthosan,Abnormal,Field_Verification,D010A,0.483,Healthy,Good,None,D10,original,False
2663,109.23539734,-0.44545807,3.74,0.404,TM,Healthy,,D010A,0.404,Abnormal,Sub-Optimal,Monitor,D10,TBM->TM,True
2664,109.2347275,-0.44622068,3.73,0.529,Kenthosan,Abnormal,Field_Verification,D010A,0.529,Healthy,Good,None,D10,original,False
2665,109.23369143,-0.44205795,3.72,0.416,Kenthosan,Abnormal,Field_Verification,D010A,0.416,Abnormal,Sub-Optimal,Monitor,D10,original,False
2666,109.23451126,-0.44141564,3.7,0.47,Kenthosan,Abnormal,Field_Verification,D010A,0.47,Healthy,Good,None,D10,original,False
2667,109.23403308,-0.44643664,3.7,0.491,TM,Healthy,,D010A,0.491,Healthy,Good,None,D10,TBM->TM,True
2668,109.23429988,-0.44071566,3.7,0.521,Kenthosan,Abnormal,Field_Verification,D010A,0.521,Healthy,Good,None,D10,original,False
2669,109.23485208,-0.44737098,3.69,0.429,TM,Healthy,,D010A,0.429,Abnormal,Sub-Optimal,Monitor,D10,TBM->TM,True
2670,109.23444623,-0.44666417,3.68,0.613,TM,Healthy,,D010A,0.613,Healthy,Good,None,D10,TBM->TM,True
2671,109.23476525,-0.44421812,3.68,0.391,Kenthosan,Abnormal,Field_Verification,D010A,0.391,Abnormal,Sub-Optimal,Monitor,D10,original,False
2672,109.23448925,-0.44519651,3.66,0.429,Kenthosan,Abnormal,Field_Verification,D010A,0.429,Abnormal,Sub-Optimal,Monitor,D10,original,False
2673,109.23433174,-0.44650047,3.66,0.462,TM,Healthy,,D010A,0.462,Healthy,Good,None,D10,TBM->TM,True
2674,109.23416859,-0.44320426,3.66,0.445,TM,Healthy,,D010A,0.445,Normal,Moderate,Routine,D10,TBM->TM,True
2675,109.23531376,-0.44565383,3.63,0.418,Kenthosan,Abnormal,Field_Verification,D010A,0.418,Abnormal,Sub-Optimal,Monitor,D10,original,False
2676,109.23569685,-0.44573847,3.63,0.395,Kenthosan,Abnormal,Field_Verification,D010A,0.395,Abnormal,Sub-Optimal,Monitor,D10,original,False
2677,109.23465694,-0.44642413,3.63,0.467,TM,Healthy,,D010A,0.467,Healthy,Good,None,D10,TBM->TM,True
2678,109.23522122,-0.44381717,3.62,0.438,Kenthosan,Abnormal,Field_Verification,D010A,0.438,Normal,Moderate,Routine,D10,original,False
2679,109.23462169,-0.44918178,3.62,0.194,Kenthosan,Abnormal,Field_Verification,D010A,0.194,Suspect,Critical,Priority Survey,D10,original,False
2680,109.23481464,-0.44618001,3.61,0.434,Kenthosan,Abnormal,Field_Verification,D010A,0.434,Normal,Moderate,Routine,D10,original,False
2681,109.23494461,-0.44547559,3.58,0.428,Kenthosan,Abnormal,Field_Verification,D010A,0.428,Abnormal,Sub-Optimal,Monitor,D10,original,False
2682,109.23527552,-0.44402472,3.57,0.448,Kenthosan,Abnormal,Field_Verification,D010A,0.448,Normal,Moderate,Routine,D10,original,False
2683,109.23494763,-0.44222373,3.57,0.415,Kenthosan,Abnormal,Field_Verification,D010A,0.415,Abnormal,Sub-Optimal,Monitor,D10,original,False
2684,109.23569988,-0.44623991,3.57,0.494,Kenthosan,Abnormal,Field_Verification,D010A,0.494,Healthy,Good,None,D10,original,False
2685,109.23526131,-0.44144792,3.54,0.407,Kenthosan,Abnormal,Field_Verification,D010A,0.407,Abnormal,Sub-Optimal,Monitor,D10,original,False
2686,109.23453651,-0.44665877,3.53,0.418,TM,Healthy,,D010A,0.418,Abnormal,Sub-Optimal,Monitor,D10,TBM->TM,True
2687,109.23484477,-0.44223004,3.52,0.424,Kenthosan,Abnormal,Field_Verification,D010A,0.424,Abnormal,Sub-Optimal,Monitor,D10,original,False
2688,109.23445543,-0.44763313,3.52,0.565,Kenthosan,Abnormal,Field_Verification,D010A,0.565,Healthy,Good,None,D10,original,False
2689,109.23535068,-0.4452677,3.51,0.341,Kenthosan,Abnormal,Field_Verification,D010A,0.341,Suspect,Critical,Priority Survey,D10,original,False
2690,109.23513496,-0.44771152,3.51,0.465,Kenthosan,Abnormal,Field_Verification,D010A,0.465,Healthy,Good,None,D10,original,False
2691,109.23399001,-0.44438659,3.5,0.442,Kenthosan,Abnormal,Field_Verification,D010A,0.442,Normal,Moderate,Routine,D10,original,False
2692,109.23473349,-0.44368548,3.49,0.538,Kenthosan,Abnormal,Field_Verification,D010A,0.538,Healthy,Good,None,D10,original,False
2693,109.2352045,-0.44424219,3.48,0.471,Kenthosan,Abnormal,Field_Verification,D010A,0.471,Healthy,Good,None,D10,original,False
2694,109.23506847,-0.44402648,3.48,0.394,Kenthosan,Abnormal,Field_Verification,D010A,0.394,Abnormal,Sub-Optimal,Monitor,D10,original,False
2695,109.23424255,-0.44382191,3.48,0.456,Kenthosan,Abnormal,Field_Verification,D010A,0.456,Normal,Moderate,Routine,D10,original,False
2696,109.23520817,-0.4476948,3.47,0.458,Kenthosan,Abnormal,Field_Verification,D010A,0.458,Normal,Moderate,Routine,D10,original,False
2697,109.23498841,-0.44827169,3.46,0.358,Kenthosan,Abnormal,Field_Verification,D010A,0.358,Suspect,Critical,Priority Survey,D10,original,False
2698,109.23545005,-0.4429075,3.46,0.394,Kenthosan,Abnormal,Field_Verification,D010A,0.394,Abnormal,Sub-Optimal,Monitor,D10,original,False
2699,109.23461357,-0.4418027,3.46,0.395,TM,Healthy,,D010A,0.395,Abnormal,Sub-Optimal,Monitor,D10,TBM->TM,True
2700,109.23483283,-0.44524316,3.46,0.466,Kenthosan,Abnormal,Field_Verification,D010A,0.466,Healthy,Good,None,D10,original,False
2701,109.23493254,-0.44712684,3.44,0.411,TM,Healthy,,D010A,0.411,Abnormal,Sub-Optimal,Monitor,D10,TBM->TM,True
2702,109.23514271,-0.44156726,3.44,0.394,Kenthosan,Abnormal,Field_Verification,D010A,0.394,Abnormal,Sub-Optimal,Monitor,D10,original,False
2703,109.23454552,-0.44656834,3.44,0.459,TM,Healthy,,D010A,0.459,Normal,Moderate,Routine,D10,TBM->TM,True
2704,109.23534518,-0.44382353,3.44,0.345,TM,Healthy,,D010A,0.345,Suspect,Critical,Priority Survey,D10,TBM->TM,True
2705,109.23487659,-0.44821605,3.43,0.473,TM,Healthy,,D010A,0.473,Healthy,Good,None,D10,TBM->TM,True
2706,109.23391831,-0.44744355,3.43,0.488,Kenthosan,Abnormal,Field_Verification,D010A,0.488,Healthy,Good,None,D10,original,False
2707,109.23515033,-0.44160931,3.43,0.453,Kenthosan,Abnormal,Field_Verification,D010A,0.453,Normal,Moderate,Routine,D10,original,False
2708,109.234339,-0.44053662,3.42,0.394,Kenthosan,Abnormal,Field_Verification,D010A,0.394,Abnormal,Sub-Optimal,Monitor,D10,original,False
2709,109.23488342,-0.44590964,3.41,0.375,Kenthosan,Abnormal,Field_Verification,D010A,0.375,Suspect,Critical,Priority Survey,D10,original,False
2710,109.23544659,-0.44233101,3.41,0.513,Kenthosan,Abnormal,Field_Verification,D010A,0.513,Healthy,Good,None,D10,original,False
2711,109.23481266,-0.446936,3.38,0.485,Kenthosan,Abnormal,Field_Verification,D010A,0.485,Healthy,Good,None,D10,original,False
2712,109.23544388,-0.44430781,3.38,0.377,Kenthosan,Abnormal,Field_Verification,D010A,0.377,Suspect,Critical,Priority Survey,D10,original,False
2713,109.23422622,-0.44640549,3.37,0.467,TM,Healthy,,D010A,0.467,Healthy,Good,None,D10,TBM->TM,True
2714,109.2355696,-0.44066397,3.37,0.424,TM,Healthy,,D010A,0.424,Abnormal,Sub-Optimal,Monitor,D10,TBM->TM,True
2715,109.23497244,-0.44367378,3.36,0.492,Kenthosan,Abnormal,Field_Verification,D010A,0.492,Healthy,Good,None,D10,original,False
2716,109.235484,-0.44558785,3.36,0.479,Kenthosan,Abnormal,Field_Verification,D010A,0.479,Healthy,Good,None,D10,original,False
2717,109.23499658,-0.44221742,3.35,0.406,Kenthosan,Abnormal,Field_Verification,D010A,0.406,Abnormal,Sub-Optimal,Monitor,D10,original,False
2718,109.23478301,-0.44697036,3.34,0.475,TM,Healthy,,D010A,0.475,Healthy,Good,None,D10,TBM->TM,True
2719,109.23415841,-0.44635845,3.32,0.535,TM,Healthy,,D010A,0.535,Healthy,Good,None,D10,TBM->TM,True
2720,109.23488603,-0.448174,3.32,0.414,TM,Healthy,,D010A,0.414,Abnormal,Sub-Optimal,Monitor,D10,TBM->TM,True
2721,109.23523203,-0.44747326,3.31,0.39,Kenthosan,Abnormal,Field_Verification,D010A,0.39,Abnormal,Sub-Optimal,Monitor,D10,original,False
2722,109.2353466,-0.44542686,3.31,0.409,TM,Healthy,,D010A,0.409,Abnormal,Sub-Optimal,Monitor,D10,TBM->TM,True
2723,109.23433129,-0.44653754,3.3,0.489,TM,Healthy,,D010A,0.489,Healthy,Good,None,D10,TBM->TM,True
2724,109.23445493,-0.44786282,3.26,0.441,Kenthosan,Abnormal,Field_Verification,D010A,0.441,Normal,Moderate,Routine,D10,original,False
2725,109.23458878,-0.44781719,3.25,0.521,TM,Healthy,,D010A,0.521,Healthy,Good,None,D10,TBM->TM,True
2726,109.23508883,-0.44716169,3.24,0.535,Kenthosan,Abnormal,Field_Verification,D010A,0.535,Healthy,Good,None,D10,original,False
2727,109.23452713,-0.44834121,3.23,0.39,TM,Healthy,,D010A,0.39,Abnormal,Sub-Optimal,Monitor,D10,TBM->TM,True
2728,109.23419375,-0.44316176,3.22,0.46,TM,Healthy,,D010A,0.46,Healthy,Good,None,D10,TBM->TM,True
2729,109.23560356,-0.44893922,3.22,0.4,TM,Healthy,,D010A,0.4,Abnormal,Sub-Optimal,Monitor,D10,TBM->TM,True
2730,109.23557883,-0.4453193,3.21,0.413,TM,Healthy,,D010A,0.413,Abnormal,Sub-Optimal,Monitor,D10,TBM->TM,True
2731,109.23383677,-0.44660027,3.21,0.443,Kenthosan,Abnormal,Field_Verification,D010A,0.443,Normal,Moderate,Routine,D10,original,False
2732,109.23437645,-0.44171448,3.2,0.504,Kenthosan,Abnormal,Field_Verification,D010A,0.504,Healthy,Good,None,D10,original,False
2733,109.23522538,-0.44708983,3.19,0.519,Kenthosan,Abnormal,Field_Verification,D010A,0.519,Healthy,Good,None,D10,original,False
2734,109.23475208,-0.44861617,3.19,0.371,Kenthosan,Abnormal,Field_Verification,D010A,0.371,Suspect,Critical,Priority Survey,D10,original,False
2735,109.23556087,-0.44341303,3.19,0.386,Kenthosan,Abnormal,Field_Verification,D010A,0.386,Suspect,Critical,Priority Survey,D10,original,False
2736,109.23434307,-0.44231538,3.18,0.406,Kenthosan,Abnormal,Field_Verification,D010A,0.406,Abnormal,Sub-Optimal,Monitor,D10,original,False
2737,109.23452503,-0.44774121,3.16,0.449,Kenthosan,Abnormal,Field_Verification,D010A,0.449,Normal,Moderate,Routine,D10,original,False
2738,109.2352323,-0.44633294,3.16,0.486,Kenthosan,Abnormal,Field_Verification,D010A,0.486,Healthy,Good,None,D10,original,False
2739,109.23520202,-0.44713233,3.15,0.407,TM,Healthy,,D010A,0.407,Abnormal,Sub-Optimal,Monitor,D10,TBM->TM,True
2740,109.23564936,-0.44145208,3.14,0.362,Kenthosan,Abnormal,Field_Verification,D010A,0.362,Suspect,Critical,Priority Survey,D10,original,False
2741,109.23467308,-0.44277032,3.14,0.493,Kenthosan,Abnormal,Field_Verification,D010A,0.493,Healthy,Good,None,D10,original,False
2742,109.23458417,-0.44833942,3.13,0.463,Kenthosan,Abnormal,Field_Verification,D010A,0.463,Healthy,Good,None,D10,original,False
2743,109.23446757,-0.44759153,3.13,0.518,Kenthosan,Abnormal,Field_Verification,D010A,0.518,Healthy,Good,None,D10,original,False
2744,109.23492824,-0.44629895,3.12,0.394,Kenthosan,Abnormal,Field_Verification,D010A,0.394,Abnormal,Sub-Optimal,Monitor,D10,original,False
2745,109.23458661,-0.4418461,3.11,0.401,TM,Healthy,,D010A,0.401,Abnormal,Sub-Optimal,Monitor,D10,TBM->TM,True
2746,109.23532637,-0.44549829,3.1,0.406,Kenthosan,Abnormal,Field_Verification,D010A,0.406,Abnormal,Sub-Optimal,Monitor,D10,original,False
2747,109.23510304,-0.44215233,3.09,0.388,Kenthosan,Abnormal,Field_Verification,D010A,0.388,Suspect,Critical,Priority Survey,D10,original,False
2748,109.23542831,-0.44554805,3.07,0.424,Kenthosan,Abnormal,Field_Verification,D010A,0.424,Abnormal,Sub-Optimal,Monitor,D10,original,False
2749,109.23458116,-0.44777197,3.07,0.497,TM,Healthy,,D010A,0.497,Healthy,Good,None,D10,TBM->TM,True
2750,109.23468132,-0.44020663,3.06,0.346,Kenthosan,Abnormal,Field_Verification,D010A,0.346,Suspect,Critical,Priority Survey,D10,original,False
2751,109.23531638,-0.44218584,3.05,0.378,TM,Healthy,,D010A,0.378,Suspect,Critical,Priority Survey,D10,TBM->TM,True
2752,109.23484225,-0.44716615,3.03,0.49,TM,Healthy,,D010A,0.49,Healthy,Good,None,D10,TBM->TM,True
2753,109.23538374,-0.44220982,3.02,0.363,TM,Healthy,,D010A,0.363,Suspect,Critical,Priority Survey,D10,TBM->TM,True
2754,109.23486764,-0.44617007,3.02,0.385,Kenthosan,Abnormal,Field_Verification,D010A,0.385,Suspect,Critical,Priority Survey,D10,original,False
2755,109.23440723,-0.44070077,3.02,0.436,Kenthosan,Abnormal,Field_Verification,D010A,0.436,Normal,Moderate,Routine,D10,original,False
2756,109.23525187,-0.44716173,3.01,0.378,Kenthosan,Abnormal,Field_Verification,D010A,0.378,Suspect,Critical,Priority Survey,D10,original,False
2757,109.23561111,-0.4417636,2.97,0.494,Kenthosan,Abnormal,Field_Verification,D010A,0.494,Healthy,Good,None,D10,original,False
2758,109.23517052,-0.44736563,2.96,0.408,Kenthosan,Abnormal,Field_Verification,D010A,0.408,Abnormal,Sub-Optimal,Monitor,D10,original,False
2759,109.2345471,-0.44180811,2.95,0.403,Kenthosan,Abnormal,Field_Verification,D010A,0.403,Abnormal,Sub-Optimal,Monitor,D10,original,False
2760,109.23402709,-0.44709813,2.95,0.435,Kenthosan,Abnormal,Field_Verification,D010A,0.435,Normal,Moderate,Routine,D10,original,False
2761,109.23524243,-0.44151845,2.92,0.426,Kenthosan,Abnormal,Field_Verification,D010A,0.426,Abnormal,Sub-Optimal,Monitor,D10,original,False
2762,109.23549926,-0.44183773,2.91,0.548,Kenthosan,Abnormal,Field_Verification,D010A,0.548,Healthy,Good,None,D10,original,False
2763,109.23538558,-0.44394472,2.91,0.411,Kenthosan,Abnormal,Field_Verification,D010A,0.411,Abnormal,Sub-Optimal,Monitor,D10,original,False
2764,109.23430617,-0.44639692,2.9,0.403,TM,Healthy,,D010A,0.403,Abnormal,Sub-Optimal,Monitor,D10,TBM->TM,True
2765,109.23432325,-0.44635125,2.85,0.478,Kenthosan,Abnormal,Field_Verification,D010A,0.478,Healthy,Good,None,D10,original,False
2766,109.23492933,-0.44740717,2.85,0.376,TM,Healthy,,D010A,0.376,Suspect,Critical,Priority Survey,D10,TBM->TM,True
2767,109.23469551,-0.44663349,2.84,0.426,TM,Healthy,,D010A,0.426,Abnormal,Sub-Optimal,Monitor,D10,TBM->TM,True
2768,109.23527827,-0.44379142,2.83,0.493,TM,Healthy,,D010A,0.493,Healthy,Good,None,D10,TBM->TM,True
2769,109.23530648,-0.4422401,2.83,0.333,TM,Healthy,,D010A,0.333,Suspect,Critical,Priority Survey,D10,TBM->TM,True
2770,109.23423945,-0.44553149,2.82,0.433,TM,Healthy,,D010A,0.433,Normal,Moderate,Routine,D10,TBM->TM,True
2771,109.23462325,-0.44831592,2.8,0.438,TM,Healthy,,D010A,0.438,Normal,Moderate,Routine,D10,TBM->TM,True
2772,109.23443112,-0.44790758,2.8,0.424,Kenthosan,Abnormal,Field_Verification,D010A,0.424,Abnormal,Sub-Optimal,Monitor,D10,original,False
2773,109.23419588,-0.44557805,2.79,0.373,TM,Healthy,,D010A,0.373,Suspect,Critical,Priority Survey,D10,TBM->TM,True
2774,109.23492598,-0.44824907,2.77,0.469,TM,Healthy,,D010A,0.469,Healthy,Good,None,D10,TBM->TM,True
2775,109.23559878,-0.44073225,2.77,0.419,Kenthosan,Abnormal,Field_Verification,D010A,0.419,Abnormal,Sub-Optimal,Monitor,D10,original,False
2776,109.2340539,-0.4476683,2.76,0.391,TM,Healthy,,D010A,0.391,Abnormal,Sub-Optimal,Monitor,D10,TBM->TM,True
2777,109.23494912,-0.44729956,2.76,0.439,TM,Healthy,,D010A,0.439,Normal,Moderate,Routine,D10,TBM->TM,True
2778,109.23521096,-0.44731726,2.76,0.48,Kenthosan,Abnormal,Field_Verification,D010A,0.48,Healthy,Good,None,D10,original,False
2779,109.23481192,-0.44819117,2.76,0.362,TM,Healthy,,D010A,0.362,Suspect,Critical,Priority Survey,D10,TBM->TM,True
2780,109.23540847,-0.44398723,2.76,0.46,Kenthosan,Abnormal,Field_Verification,D010A,0.46,Healthy,Good,None,D10,original,False
2781,109.23499787,-0.44627184,2.76,0.4,Kenthosan,Abnormal,Field_Verification,D010A,0.4,Abnormal,Sub-Optimal,Monitor,D10,original,False
2782,109.23410689,-0.44770042,2.74,0.343,Kenthosan,Abnormal,Field_Verification,D010A,0.343,Suspect,Critical,Priority Survey,D10,original,False
2783,109.23481381,-0.44020395,2.72,0.282,Kenthosan,Abnormal,Field_Verification,D010A,0.282,Suspect,Critical,Priority Survey,D10,original,False
2784,109.2340346,-0.4475946,2.69,0.345,Kenthosan,Abnormal,Field_Verification,D010A,0.345,Suspect,Critical,Priority Survey,D10,original,False
2785,109.23487272,-0.4417996,2.67,0.49,Kenthosan,Abnormal,Field_Verification,D010A,0.49,Healthy,Good,None,D10,original,False
2786,109.23522751,-0.44758448,2.67,0.414,Kenthosan,Abnormal,Field_Verification,D010A,0.414,Abnormal,Sub-Optimal,Monitor,D10,original,False
2787,109.23530664,-0.4453545,2.66,0.409,Kenthosan,Abnormal,Field_Verification,D010A,0.409,Abnormal,Sub-Optimal,Monitor,D10,original,False
2788,109.23487427,-0.44663941,2.66,0.527,Kenthosan,Abnormal,Field_Verification,D010A,0.527,Healthy,Good,None,D10,original,False
2789,109.23485333,-0.44022205,2.66,0.226,Kenthosan,Abnormal,Field_Verification,D010A,0.226,Suspect,Critical,Priority Survey,D10,original,False
2790,109.23555404,-0.44186623,2.66,0.385,TM,Healthy,,D010A,0.385,Suspect,Critical,Priority Survey,D10,TBM->TM,True
2791,109.23373701,-0.44116315,2.64,0.408,Kenthosan,Abnormal,Field_Verification,D010A,0.408,Abnormal,Sub-Optimal,Monitor,D10,original,False
2792,109.23497872,-0.44746822,2.64,0.482,TM,Healthy,,D010A,0.482,Healthy,Good,None,D10,TBM->TM,True
2793,109.2353491,-0.44813523,2.64,0.413,Kenthosan,Abnormal,Field_Verification,D010A,0.413,Abnormal,Sub-Optimal,Monitor,D10,original,False
2794,109.23542596,-0.44221254,2.61,0.528,Kenthosan,Abnormal,Field_Verification,D010A,0.528,Healthy,Good,None,D10,original,False
2795,109.23488536,-0.44719465,2.61,0.434,TM,Healthy,,D010A,0.434,Normal,Moderate,Routine,D10,TBM->TM,True
2796,109.23513629,-0.44019951,2.6,0.282,Kenthosan,Abnormal,Field_Verification,D010A,0.282,Suspect,Critical,Priority Survey,D10,original,False
2797,109.2340494,-0.4477108,2.59,0.396,TM,Healthy,,D010A,0.396,Abnormal,Sub-Optimal,Monitor,D10,TBM->TM,True
2798,109.23501376,-0.44744201,2.58,0.403,TM,Healthy,,D010A,0.403,Abnormal,Sub-Optimal,Monitor,D10,TBM->TM,True
2799,109.23424809,-0.44322417,2.57,0.401,TM,Healthy,,D010A,0.401,Abnormal,Sub-Optimal,Monitor,D10,TBM->TM,True
2800,109.2337568,-0.44860011,2.55,0.337,Kenthosan,Abnormal,Field_Verification,D010A,0.337,Suspect,Critical,Priority Survey,D10,original,False
2801,109.23506498,-0.44922801,2.52,0.329,Kenthosan,Abnormal,Field_Verification,D010A,0.329,Suspect,Critical,Priority Survey,D10,original,False
2802,109.2356543,-0.44524517,2.52,0.389,TM,Healthy,,D010A,0.389,Suspect,Critical,Priority Survey,D10,TBM->TM,True
2803,109.23537663,-0.44380139,2.52,0.482,TM,Healthy,,D010A,0.482,Healthy,Good,None,D10,TBM->TM,True
2804,109.23500557,-0.44028131,2.51,0.416,TM,Healthy,,D010A,0.416,Abnormal,Sub-Optimal,Monitor,D10,TBM->TM,True
2805,109.23586011,-0.44668983,2.51,0.353,TM,Healthy,,D010A,0.353,Suspect,Critical,Priority Survey,D10,TBM->TM,True
2806,109.23483932,-0.44814867,2.48,0.557,TM,Healthy,,D010A,0.557,Healthy,Good,None,D10,TBM->TM,True
2807,109.23416813,-0.44325761,2.47,0.44,TM,Healthy,,D010A,0.44,Normal,Moderate,Routine,D10,TBM->TM,True
2808,109.23449477,-0.44084774,2.47,0.501,Kenthosan,Abnormal,Field_Verification,D010A,0.501,Healthy,Good,None,D10,original,False
2809,109.23424573,-0.44556902,2.45,0.439,TM,Healthy,,D010A,0.439,Normal,Moderate,Routine,D10,TBM->TM,True
2810,109.23525485,-0.44023797,2.43,0.175,Kenthosan,Abnormal,Field_Verification,D010A,0.175,Suspect,Critical,Priority Survey,D10,original,False
2811,109.23527328,-0.4402009,2.43,0.256,Kenthosan,Abnormal,Field_Verification,D010A,0.256,Suspect,Critical,Priority Survey,D10,original,False
2812,109.23500019,-0.44023791,2.41,0.21,Kenthosan,Abnormal,Field_Verification,D010A,0.21,Suspect,Critical,Priority Survey,D10,original,False
2813,109.23474237,-0.44602445,2.41,0.666,Kenthosan,Abnormal,Field_Verification,D010A,0.666,Healthy,Good,None,D10,original,False
2814,109.23522429,-0.44224731,2.37,0.299,Kenthosan,Abnormal,Field_Verification,D010A,0.299,Suspect,Critical,Priority Survey,D10,original,False
2815,109.23369255,-0.44679828,2.37,0.401,Kenthosan,Abnormal,Field_Verification,D010A,0.401,Abnormal,Sub-Optimal,Monitor,D10,original,False
2816,109.23506262,-0.44026686,2.34,0.286,Kenthosan,Abnormal,Field_Verification,D010A,0.286,Suspect,Critical,Priority Survey,D10,original,False
2817,109.23542109,-0.4438023,2.33,0.422,Kenthosan,Abnormal,Field_Verification,D010A,0.422,Abnormal,Sub-Optimal,Monitor,D10,original,False
2818,109.23410496,-0.44638918,2.29,0.603,TM,Healthy,,D010A,0.603,Healthy,Good,None,D10,TBM->TM,True
2819,109.23522251,-0.44408078,2.28,0.458,Kenthosan,Abnormal,Field_Verification,D010A,0.458,Normal,Moderate,Routine,D10,original,False
2820,109.23514545,-0.44135023,2.28,0.444,Kenthosan,Abnormal,Field_Verification,D010A,0.444,Normal,Moderate,Routine,D10,original,False
2821,109.2348291,-0.44013478,2.27,0.328,TM,Healthy,,D010A,0.328,Suspect,Critical,Priority Survey,D10,TBM->TM,True
2822,109.23411166,-0.44651669,2.27,0.366,TM,Healthy,,D010A,0.366,Suspect,Critical,Priority Survey,D10,TBM->TM,True
2823,109.23385923,-0.44846675,2.26,0.379,Kenthosan,Abnormal,Field_Verification,D010A,0.379,Suspect,Critical,Priority Survey,D10,original,False
2824,109.23494767,-0.44013435,2.26,0.314,TM,Healthy,,D010A,0.314,Suspect,Critical,Priority Survey,D10,TBM->TM,True
2825,109.23491039,-0.44013706,2.25,0.323,TM,Healthy,,D010A,0.323,Suspect,Critical,Priority Survey,D10,TBM->TM,True
2826,109.23396166,-0.44837092,2.23,0.387,Kenthosan,Abnormal,Field_Verification,D010A,0.387,Suspect,Critical,Priority Survey,D10,original,False
2827,109.23505051,-0.44019496,2.23,0.314,TM,Healthy,,D010A,0.314,Suspect,Critical,Priority Survey,D10,TBM->TM,True
2828,109.23378329,-0.44862905,2.22,0.313,Kenthosan,Abnormal,Field_Verification,D010A,0.313,Suspect,Critical,Priority Survey,D10,original,False
2829,109.23493103,-0.44022071,2.2,0.218,Kenthosan,Abnormal,Field_Verification,D010A,0.218,Suspect,Critical,Priority Survey,D10,original,False
2830,109.23446246,-0.44830819,2.19,0.438,Kenthosan,Abnormal,Field_Verification,D010A,0.438,Normal,Moderate,Routine,D10,original,False
2831,109.23386679,-0.44878868,2.19,0.375,Kenthosan,Abnormal,Field_Verification,D010A,0.375,Suspect,Critical,Priority Survey,D10,original,False
2832,109.23465737,-0.44650416,2.18,0.474,TM,Healthy,,D010A,0.474,Healthy,Good,None,D10,TBM->TM,True
2833,109.23474495,-0.44648293,2.18,0.424,TM,Healthy,,D010A,0.424,Abnormal,Sub-Optimal,Monitor,D10,TBM->TM,True
2834,109.23383004,-0.44844097,2.17,0.323,Kenthosan,Abnormal,Field_Verification,D010A,0.323,Suspect,Critical,Priority Survey,D10,original,False
2835,109.23403037,-0.44652571,2.16,0.558,TM,Healthy,,D010A,0.558,Healthy,Good,None,D10,TBM->TM,True
2836,109.23497775,-0.44019766,2.16,0.307,TM,Healthy,,D010A,0.307,Suspect,Critical,Priority Survey,D10,TBM->TM,True
2837,109.23378328,-0.44867246,2.15,0.357,Kenthosan,Abnormal,Field_Verification,D010A,0.357,Suspect,Critical,Priority Survey,D10,original,False
2838,109.23565916,-0.441812,2.15,0.513,Kenthosan,Abnormal,Field_Verification,D010A,0.513,Healthy,Good,None,D10,original,False
2839,109.23507697,-0.44033378,2.15,0.427,Kenthosan,Abnormal,Field_Verification,D010A,0.427,Abnormal,Sub-Optimal,Monitor,D10,original,False
2840,109.23469688,-0.44652994,2.05,0.466,TM,Healthy,,D010A,0.466,Healthy,Good,None,D10,TBM->TM,True
2841,109.23479952,-0.44744964,2.03,0.58,Kenthosan,Abnormal,Field_Verification,D010A,0.58,Healthy,Good,None,D10,original,False
2842,109.23429055,-0.44029245,2.0,0.422,Kenthosan,Abnormal,Field_Verification,D010A,0.422,Abnormal,Sub-Optimal,Monitor,D10,original,False
2843,109.23516188,-0.44023795,2.0,0.218,Kenthosan,Abnormal,Field_Verification,D010A,0.218,Suspect,Critical,Priority Survey,D10,original,False
2844,109.23523234,-0.44239924,1.99,0.472,Kenthosan,Abnormal,Field_Verification,D010A,0.472,Healthy,Good,None,D10,original,False
2845,109.23504927,-0.44732672,1.97,0.465,TM,Healthy,,D010A,0.465,Healthy,Good,None,D10,TBM->TM,True
2846,109.23481893,-0.44702462,1.97,0.478,TM,Healthy,,D010A,0.478,Healthy,Good,None,D10,TBM->TM,True
2847,109.2341274,-0.44642717,1.96,0.381,TM,Healthy,,D010A,0.381,Suspect,Critical,Priority Survey,D10,TBM->TM,True
2848,109.23441345,-0.44664427,1.96,0.437,TM,Healthy,,D010A,0.437,Normal,Moderate,Routine,D10,TBM->TM,True
2849,109.23366243,-0.44692487,1.93,0.43,Kenthosan,Abnormal,Field_Verification,D010A,0.43,Normal,Moderate,Routine,D10,original,False
2850,109.23492263,-0.44722495,1.9,0.482,TM,Healthy,,D010A,0.482,Healthy,Good,None,D10,TBM->TM,True
2851,109.23532043,-0.44023979,1.89,0.244,Kenthosan,Abnormal,Field_Verification,D010A,0.244,Suspect,Critical,Priority Survey,D10,original,False
2852,109.2342717,-0.4402305,1.83,0.189,Kenthosan,Abnormal,Field_Verification,D010A,0.189,Suspect,Critical,Priority Survey,D10,original,False
2853,109.23459806,-0.44661131,1.81,0.406,TM,Healthy,,D010A,0.406,Abnormal,Sub-Optimal,Monitor,D10,TBM->TM,True
2854,109.23388572,-0.44852779,1.78,0.359,Kenthosan,Abnormal,Field_Verification,D010A,0.359,Suspect,Critical,Priority Survey,D10,original,False
2855,109.23430029,-0.44656602,1.74,0.371,TM,Healthy,,D010A,0.371,Suspect,Critical,Priority Survey,D10,TBM->TM,True
2856,109.23577887,-0.44076439,1.73,0.367,Kenthosan,Abnormal,Field_Verification,D010A,0.367,Suspect,Critical,Priority Survey,D10,original,False
2857,109.23522472,-0.44230564,1.73,0.397,TM,Healthy,,D010A,0.397,Abnormal,Sub-Optimal,Monitor,D10,TBM->TM,True
2858,109.23413517,-0.44021012,1.72,0.21,Kenthosan,Abnormal,Field_Verification,D010A,0.21,Suspect,Critical,Priority Survey,D10,original,False
2859,109.23465511,-0.44656701,1.71,0.434,TM,Healthy,,D010A,0.434,Normal,Moderate,Routine,D10,TBM->TM,True
2860,109.23542194,-0.44021178,1.69,0.169,Kenthosan,Abnormal,Field_Verification,D010A,0.169,Suspect,Critical,Priority Survey,D10,original,False
2861,109.23586815,-0.44687612,1.68,0.338,TM,Healthy,,D010A,0.338,Suspect,Critical,Priority Survey,D10,TBM->TM,True
2862,109.23480455,-0.44706351,1.67,0.471,Kenthosan,Abnormal,Field_Verification,D010A,0.471,Healthy,Good,None,D10,original,False
2863,109.23503692,-0.44258186,1.66,0.356,Kenthosan,Abnormal,Field_Verification,D010A,0.356,Suspect,Critical,Priority Survey,D10,original,False
2864,109.2356276,-0.44039721,1.64,0.369,Kenthosan,Abnormal,Field_Verification,D010A,0.369,Suspect,Critical,Priority Survey,D10,original,False
2865,109.23507561,-0.44420101,1.61,0.521,Kenthosan,Abnormal,Field_Verification,D010A,0.521,Healthy,Good,None,D10,original,False
2866,109.23499217,-0.44379903,1.58,0.471,Kenthosan,Abnormal,Field_Verification,D010A,0.471,Healthy,Good,None,D10,original,False
2867,109.23525892,-0.44015387,1.55,0.138,Kenthosan,Abnormal,Field_Verification,D010A,0.138,Suspect,Critical,Priority Survey,D10,original,False
2868,109.23440105,-0.44023279,1.54,0.251,Kenthosan,Abnormal,Field_Verification,D010A,0.251,Suspect,Critical,Priority Survey,D10,original,False
2869,109.23548279,-0.44686789,1.5,0.428,Kenthosan,Abnormal,Field_Verification,D010A,0.428,Abnormal,Sub-Optimal,Monitor,D10,original,False
2870,109.23583776,-0.44812721,1.46,0.369,Kenthosan,Abnormal,Field_Verification,D010A,0.369,Suspect,Critical,Priority Survey,D10,original,False
2871,109.23585961,-0.44691907,1.45,0.373,TM,Healthy,,D010A,0.373,Suspect,Critical,Priority Survey,D10,TBM->TM,True
2872,109.23417828,-0.44021013,1.44,0.177,Kenthosan,Abnormal,Field_Verification,D010A,0.177,Suspect,Critical,Priority Survey,D10,original,False
2873,109.23451137,-0.44660043,1.44,0.432,TM,Healthy,,D010A,0.432,Normal,Moderate,Routine,D10,TBM->TM,True
2874,109.23531551,-0.4401358,1.43,0.359,TM,Healthy,,D010A,0.359,Suspect,Critical,Priority Survey,D10,TBM->TM,True
2875,109.23575767,-0.44116997,1.43,0.261,Kenthosan,Abnormal,Field_Verification,D010A,0.261,Suspect,Critical,Priority Survey,D10,original,False
2876,109.2355974,-0.440848,1.43,0.372,Kenthosan,Abnormal,Field_Verification,D010A,0.372,Suspect,Critical,Priority Survey,D10,original,False
2877,109.23586405,-0.44898585,1.42,0.358,TM,Healthy,,D010A,0.358,Suspect,Critical,Priority Survey,D10,TBM->TM,True
2878,109.23395372,-0.44020827,1.42,0.248,Kenthosan,Abnormal,Field_Verification,D010A,0.248,Suspect,Critical,Priority Survey,D10,original,False
2879,109.23584227,-0.44616443,1.42,0.311,Kenthosan,Abnormal,Field_Verification,D010A,0.311,Suspect,Critical,Priority Survey,D10,original,False
2880,109.23586448,-0.44720755,1.42,0.323,TM,Healthy,,D010A,0.323,Suspect,Critical,Priority Survey,D10,TBM->TM,True
2881,109.23585878,-0.4466089,1.41,0.348,TM,Healthy,,D010A,0.348,Suspect,Critical,Priority Survey,D10,TBM->TM,True
2882,109.23582963,-0.44075853,1.4,0.361,TM,Healthy,,D010A,0.361,Suspect,Critical,Priority Survey,D10,TBM->TM,True
2883,109.23365504,-0.44022673,1.4,0.26,Kenthosan,Abnormal,Field_Verification,D010A,0.26,Suspect,Critical,Priority Survey,D10,original,False
2884,109.23408338,-0.44079745,1.39,0.327,Kenthosan,Abnormal,Field_Verification,D010A,0.327,Suspect,Critical,Priority Survey,D10,original,False
2885,109.23485566,-0.44742705,1.39,0.442,TM,Healthy,,D010A,0.442,Normal,Moderate,Routine,D10,TBM->TM,True
2886,109.23582242,-0.44085529,1.38,0.342,TM,Healthy,,D010A,0.342,Suspect,Critical,Priority Survey,D10,TBM->TM,True
2887,109.23583094,-0.44091678,1.38,0.34,Kenthosan,Abnormal,Field_Verification,D010A,0.34,Suspect,Critical,Priority Survey,D10,original,False
2888,109.23580138,-0.44813263,1.37,0.38,Kenthosan,Abnormal,Field_Verification,D010A,0.38,Suspect,Critical,Priority Survey,D10,original,False
2889,109.23522155,-0.44433127,1.35,0.332,Kenthosan,Abnormal,Field_Verification,D010A,0.332,Suspect,Critical,Priority Survey,D10,original,False
2890,109.23408531,-0.44021011,1.35,0.161,Kenthosan,Abnormal,Field_Verification,D010A,0.161,Suspect,Critical,Priority Survey,D10,original,False
2891,109.23582832,-0.44057993,1.34,0.374,Kenthosan,Abnormal,Field_Verification,D010A,0.374,Suspect,Critical,Priority Survey,D10,original,False
2892,109.23576759,-0.44101217,1.33,0.259,Kenthosan,Abnormal,Field_Verification,D010A,0.259,Suspect,Critical,Priority Survey,D10,original,False
2893,109.23401704,-0.44020873,1.33,0.216,Kenthosan,Abnormal,Field_Verification,D010A,0.216,Suspect,Critical,Priority Survey,D10,original,False
2894,109.23536391,-0.44248156,1.32,0.567,Kenthosan,Abnormal,Field_Verification,D010A,0.567,Healthy,Good,None,D10,original,False
2895,109.23582875,-0.44066358,1.31,0.361,TM,Healthy,,D010A,0.361,Suspect,Critical,Priority Survey,D10,TBM->TM,True
2896,109.23515583,-0.44871348,1.31,0.407,Kenthosan,Abnormal,Field_Verification,D010A,0.407,Abnormal,Sub-Optimal,Monitor,D10,original,False
2897,109.23582546,-0.44506977,1.31,0.334,TM,Healthy,,D010A,0.334,Suspect,Critical,Priority Survey,D10,TBM->TM,True
2898,109.23405206,-0.44029194,1.3,0.413,Kenthosan,Abnormal,Field_Verification,D010A,0.413,Abnormal,Sub-Optimal,Monitor,D10,original,False
2899,109.23563124,-0.44020505,1.28,0.316,TM,Healthy,,D010A,0.316,Suspect,Critical,Priority Survey,D10,TBM->TM,True
2900,109.23548191,-0.44680549,1.26,0.388,Kenthosan,Abnormal,Field_Verification,D010A,0.388,Suspect,Critical,Priority Survey,D10,original,False
2901,109.23583184,-0.44281355,1.25,0.343,Kenthosan,Abnormal,Field_Verification,D010A,0.343,Suspect,Critical,Priority Survey,D10,original,False
2902,109.23578868,-0.44108407,1.24,0.351,TM,Healthy,,D010A,0.351,Suspect,Critical,Priority Survey,D10,TBM->TM,True
2903,109.23434935,-0.44044936,1.23,0.508,Kenthosan,Abnormal,Field_Verification,D010A,0.508,Healthy,Good,None,D10,original,False
2904,109.23526247,-0.44224551,1.22,0.321,TM,Healthy,,D010A,0.321,Suspect,Critical,Priority Survey,D10,TBM->TM,True
2905,109.23468477,-0.44646619,1.21,0.566,TM,Healthy,,D010A,0.566,Healthy,Good,None,D10,TBM->TM,True
2906,109.23533014,-0.44474365,1.21,0.425,Kenthosan,Abnormal,Field_Verification,D010A,0.425,Abnormal,Sub-Optimal,Monitor,D10,original,False
2907,109.23578365,-0.44337872,1.2,0.328,Kenthosan,Abnormal,Field_Verification,D010A,0.328,Suspect,Critical,Priority Survey,D10,original,False
2908,109.23388634,-0.44024623,1.2,0.256,Kenthosan,Abnormal,Field_Verification,D010A,0.256,Suspect,Critical,Priority Survey,D10,original,False
2909,109.23418674,-0.44054698,1.19,0.363,Kenthosan,Abnormal,Field_Verification,D010A,0.363,Suspect,Critical,Priority Survey,D10,original,False
2910,109.23434401,-0.44022961,1.19,0.216,Kenthosan,Abnormal,Field_Verification,D010A,0.216,Suspect,Critical,Priority Survey,D10,original,False
2911,109.23582417,-0.44103072,1.19,0.335,TM,Healthy,,D010A,0.335,Suspect,Critical,Priority Survey,D10,TBM->TM,True
2912,109.23578661,-0.44413653,1.18,0.276,Kenthosan,Abnormal,Field_Verification,D010A,0.276,Suspect,Critical,Priority Survey,D10,original,False
2913,109.23567527,-0.44013543,1.18,0.316,TM,Healthy,,D010A,0.316,Suspect,Critical,Priority Survey,D10,TBM->TM,True
2914,109.23572222,-0.44103477,1.17,0.359,TM,Healthy,,D010A,0.359,Suspect,Critical,Priority Survey,D10,TBM->TM,True
2915,109.23587252,-0.44923996,1.17,0.365,TM,Healthy,,D010A,0.365,Suspect,Critical,Priority Survey,D10,TBM->TM,True
2916,109.23574172,-0.44021774,1.17,0.217,Kenthosan,Abnormal,Field_Verification,D010A,0.217,Suspect,Critical,Priority Survey,D10,original,False
2917,109.23585623,-0.44599488,1.16,0.338,TM,Healthy,,D010A,0.338,Suspect,Critical,Priority Survey,D10,TBM->TM,True
2918,109.23569907,-0.44017296,1.16,0.3,Kenthosan,Abnormal,Field_Verification,D010A,0.3,Suspect,Critical,Priority Survey,D10,original,False
2919,109.23503129,-0.44738187,1.16,0.448,TM,Healthy,,D010A,0.448,Normal,Moderate,Routine,D10,TBM->TM,True
2920,109.23576905,-0.4481064,1.15,0.351,Kenthosan,Abnormal,Field_Verification,D010A,0.351,Suspect,Critical,Priority Survey,D10,original,False
2921,109.23364423,-0.44032937,1.15,0.428,TM,Healthy,,D010A,0.428,Abnormal,Sub-Optimal,Monitor,D10,TBM->TM,True
2922,109.23572108,-0.44013815,1.15,0.381,TM,Healthy,,D010A,0.381,Suspect,Critical,Priority Survey,D10,TBM->TM,True
2923,109.23563349,-0.44016526,1.15,0.254,Kenthosan,Abnormal,Field_Verification,D010A,0.254,Suspect,Critical,Priority Survey,D10,original,False
2924,109.23380033,-0.44120115,1.15,0.381,TM,Healthy,,D010A,0.381,Suspect,Critical,Priority Survey,D10,TBM->TM,True
2925,109.23578125,-0.44019423,1.14,0.322,TM,Healthy,,D010A,0.322,Suspect,Critical,Priority Survey,D10,TBM->TM,True
2926,109.2357231,-0.44110214,1.14,0.382,TM,Healthy,,D010A,0.382,Suspect,Critical,Priority Survey,D10,TBM->TM,True
2927,109.23586369,-0.44676218,1.14,0.348,Kenthosan,Abnormal,Field_Verification,D010A,0.348,Suspect,Critical,Priority Survey,D10,original,False
2928,109.23582571,-0.44021595,1.14,0.275,Kenthosan,Abnormal,Field_Verification,D010A,0.275,Suspect,Critical,Priority Survey,D10,original,False
2929,109.2337579,-0.44019285,1.14,0.399,TM,Healthy,,D010A,0.399,Abnormal,Sub-Optimal,Monitor,D10,TBM->TM,True
2930,109.2358394,-0.44501959,1.14,0.347,TM,Healthy,,D010A,0.347,Suspect,Critical,Priority Survey,D10,TBM->TM,True
2931,109.23572787,-0.44563042,1.14,0.414,Kenthosan,Abnormal,Field_Verification,D010A,0.414,Abnormal,Sub-Optimal,Monitor,D10,original,False
2932,109.23580257,-0.4412265,1.13,0.329,Kenthosan,Abnormal,Field_Verification,D010A,0.329,Suspect,Critical,Priority Survey,D10,original,False
2933,109.23586842,-0.44761222,1.13,0.405,Kenthosan,Abnormal,Field_Verification,D010A,0.405,Abnormal,Sub-Optimal,Monitor,D10,original,False
2934,109.23545776,-0.44447511,1.12,0.573,Kenthosan,Abnormal,Field_Verification,D010A,0.573,Healthy,Good,None,D10,original,False
2935,109.23584569,-0.44874982,1.12,0.382,Kenthosan,Abnormal,Field_Verification,D010A,0.382,Suspect,Critical,Priority Survey,D10,original,False
2936,109.23366041,-0.44029139,1.12,0.355,TM,Healthy,,D010A,0.355,Suspect,Critical,Priority Survey,D10,TBM->TM,True
2937,109.23584506,-0.44576338,1.11,0.331,Kenthosan,Abnormal,Field_Verification,D010A,0.331,Suspect,Critical,Priority Survey,D10,original,False
2938,109.23585891,-0.44609119,1.1,0.406,TM,Healthy,,D010A,0.406,Abnormal,Sub-Optimal,Monitor,D10,TBM->TM,True
2939,109.2351828,-0.44484445,1.1,0.386,Kenthosan,Abnormal,Field_Verification,D010A,0.386,Suspect,Critical,Priority Survey,D10,original,False
2940,109.23502599,-0.44131448,1.1,0.352,Kenthosan,Abnormal,Field_Verification,D010A,0.352,Suspect,Critical,Priority Survey,D10,original,False
2941,109.23584201,-0.44535734,1.1,0.366,TM,Healthy,,D010A,0.366,Suspect,Critical,Priority Survey,D10,TBM->TM,True
2942,109.23587809,-0.44848894,1.09,0.438,TM,Healthy,,D010A,0.438,Normal,Moderate,Routine,D10,TBM->TM,True
2943,109.23584538,-0.44630776,1.09,0.391,Kenthosan,Abnormal,Field_Verification,D010A,0.391,Abnormal,Sub-Optimal,Monitor,D10,original,False
2944,109.23581416,-0.44727717,1.09,0.343,TM,Healthy,,D010A,0.343,Suspect,Critical,Priority Survey,D10,TBM->TM,True
2945,109.23576914,-0.44013455,1.09,0.243,Kenthosan,Abnormal,Field_Verification,D010A,0.243,Suspect,Critical,Priority Survey,D10,original,False
2946,109.2348795,-0.44728327,1.08,0.519,TM,Healthy,,D010A,0.519,Healthy,Good,None,D10,TBM->TM,True
2947,109.23556897,-0.4414385,1.08,0.334,Kenthosan,Abnormal,Field_Verification,D010A,0.334,Suspect,Critical,Priority Survey,D10,original,False
2948,109.23569295,-0.44890171,1.08,0.339,TM,Healthy,,D010A,0.339,Suspect,Critical,Priority Survey,D10,TBM->TM,True
2949,109.23545886,-0.44739826,1.07,0.394,Kenthosan,Abnormal,Field_Verification,D010A,0.394,Abnormal,Sub-Optimal,Monitor,D10,original,False
2950,109.23576651,-0.44367171,1.06,0.286,Kenthosan,Abnormal,Field_Verification,D010A,0.286,Suspect,Critical,Priority Survey,D10,original,False
2951,109.23583532,-0.44894515,1.06,0.311,TM,Healthy,,D010A,0.311,Suspect,Critical,Priority Survey,D10,TBM->TM,True
2952,109.23584922,-0.4452529,1.06,0.379,TM,Healthy,,D010A,0.379,Suspect,Critical,Priority Survey,D10,TBM->TM,True
2953,109.23576563,-0.44358174,1.06,0.232,Kenthosan,Abnormal,Field_Verification,D010A,0.232,Suspect,Critical,Priority Survey,D10,original,False
2954,109.23584582,-0.44447068,1.06,0.412,TM,Healthy,,D010A,0.412,Abnormal,Sub-Optimal,Monitor,D10,TBM->TM,True
2955,109.2358592,-0.44485411,1.04,0.38,Kenthosan,Abnormal,Field_Verification,D010A,0.38,Suspect,Critical,Priority Survey,D10,original,False
2956,109.23585659,-0.44637921,1.02,0.314,TM,Healthy,,D010A,0.314,Suspect,Critical,Priority Survey,D10,TBM->TM,True
2957,109.23370669,-0.44019103,1.02,0.335,TM,Healthy,,D010A,0.335,Suspect,Critical,Priority Survey,D10,TBM->TM,True
2958,109.23586557,-0.44829135,1.02,0.362,TM,Healthy,,D010A,0.362,Suspect,Critical,Priority Survey,D10,TBM->TM,True
2959,109.23579631,-0.44300661,1.01,0.332,Kenthosan,Abnormal,Field_Verification,D010A,0.332,Suspect,Critical,Priority Survey,D10,original,False
2960,109.23584805,-0.44451183,1.01,0.388,TM,Healthy,,D010A,0.388,Suspect,Critical,Priority Survey,D10,TBM->TM,True
2961,109.23585631,-0.44569103,0.99,0.331,Kenthosan,Abnormal,Field_Verification,D010A,0.331,Suspect,Critical,Priority Survey,D10,original,False
2962,109.23588094,-0.44786769,0.97,0.372,Kenthosan,Abnormal,Field_Verification,D010A,0.372,Suspect,Critical,Priority Survey,D10,original,False
2963,109.23588571,-0.44855451,0.97,0.379,Kenthosan,Abnormal,Field_Verification,D010A,0.379,Suspect,Critical,Priority Survey,D10,original,False
2964,109.23437124,-0.44663205,0.97,0.466,Kenthosan,Abnormal,Field_Verification,D010A,0.466,Healthy,Good,None,D10,original,False
2965,109.2358488,-0.44513805,0.96,0.352,Kenthosan,Abnormal,Field_Verification,D010A,0.352,Suspect,Critical,Priority Survey,D10,original,False
2966,109.23585728,-0.44725321,0.96,0.416,Kenthosan,Abnormal,Field_Verification,D010A,0.416,Abnormal,Sub-Optimal,Monitor,D10,original,False
2967,109.23517841,-0.4444443,0.94,0.387,Kenthosan,Abnormal,Field_Verification,D010A,0.387,Suspect,Critical,Priority Survey,D10,original,False
2968,109.23388425,-0.44338098,0.94,0.347,Kenthosan,Abnormal,Field_Verification,D010A,0.347,Suspect,Critical,Priority Survey,D10,original,False
2969,109.235867,-0.44604145,0.93,0.352,Kenthosan,Abnormal,Field_Verification,D010A,0.352,Suspect,Critical,Priority Survey,D10,original,False
2970,109.23588484,-0.44844147,0.93,0.411,Kenthosan,Abnormal,Field_Verification,D010A,0.411,Abnormal,Sub-Optimal,Monitor,D10,original,False
2971,109.23564591,-0.4465139,0.92,0.394,Kenthosan,Abnormal,Field_Verification,D010A,0.394,Abnormal,Sub-Optimal,Monitor,D10,original,False
2972,109.23583104,-0.44428439,0.91,0.361,Kenthosan,Abnormal,Field_Verification,D010A,0.361,Suspect,Critical,Priority Survey,D10,original,False
2973,109.23587745,-0.44742096,0.9,0.293,Kenthosan,Abnormal,Field_Verification,D010A,0.293,Suspect,Critical,Priority Survey,D10,original,False
2974,109.23586421,-0.44646286,0.9,0.311,Kenthosan,Abnormal,Field_Verification,D010A,0.311,Suspect,Critical,Priority Survey,D10,original,False
2975,109.23540386,-0.44448007,0.89,0.39,Kenthosan,Abnormal,Field_Verification,D010A,0.39,Abnormal,Sub-Optimal,Monitor,D10,original,False
2976,109.23583109,-0.44406917,0.88,0.373,Kenthosan,Abnormal,Field_Verification,D010A,0.373,Suspect,Critical,Priority Survey,D10,original,False
2977,109.23579767,-0.44296456,0.88,0.423,Kenthosan,Abnormal,Field_Verification,D010A,0.423,Abnormal,Sub-Optimal,Monitor,D10,original,False
2978,109.23587656,-0.44738298,0.85,0.305,Kenthosan,Abnormal,Field_Verification,D010A,0.305,Suspect,Critical,Priority Survey,D10,original,False
2979,109.23560502,-0.44849385,0.85,0.394,Kenthosan,Abnormal,Field_Verification,D010A,0.394,Abnormal,Sub-Optimal,Monitor,D10,original,False
2980,109.23585566,-0.44463798,0.84,0.443,Kenthosan,Abnormal,Field_Verification,D010A,0.443,Normal,Moderate,Routine,D10,original,False
2981,109.23581462,-0.44153215,0.84,0.349,Kenthosan,Abnormal,Field_Verification,D010A,0.349,Suspect,Critical,Priority Survey,D10,original,False
2982,109.23490478,-0.44297655,0.84,0.343,Kenthosan,Abnormal,Field_Verification,D010A,0.343,Suspect,Critical,Priority Survey,D10,original,False
2983,109.23585633,-0.44558749,0.84,0.367,Kenthosan,Abnormal,Field_Verification,D010A,0.367,Suspect,Critical,Priority Survey,D10,original,False
2984,109.23580781,-0.44186267,0.83,0.382,Kenthosan,Abnormal,Field_Verification,D010A,0.382,Suspect,Critical,Priority Survey,D10,original,False
2985,109.23586509,-0.4465144,0.83,0.316,Kenthosan,Abnormal,Field_Verification,D010A,0.316,Suspect,Critical,Priority Survey,D10,original,False
2986,109.23587485,-0.44702262,0.83,0.358,Kenthosan,Abnormal,Field_Verification,D010A,0.358,Suspect,Critical,Priority Survey,D10,original,False
2987,109.23577926,-0.44291753,0.82,0.293,Kenthosan,Abnormal,Field_Verification,D010A,0.293,Suspect,Critical,Priority Survey,D10,original,False
2988,109.23588832,-0.44892346,0.82,0.362,Kenthosan,Abnormal,Field_Verification,D010A,0.362,Suspect,Critical,Priority Survey,D10,original,False
2989,109.23586658,-0.44592932,0.82,0.377,Kenthosan,Abnormal,Field_Verification,D010A,0.377,Suspect,Critical,Priority Survey,D10,original,False
2990,109.23581596,-0.44159229,0.82,0.308,Kenthosan,Abnormal,Field_Verification,D010A,0.308,Suspect,Critical,Priority Survey,D10,original,False
2991,109.23396921,-0.44497528,0.82,0.374,Kenthosan,Abnormal,Field_Verification,D010A,0.374,Suspect,Critical,Priority Survey,D10,original,False
2992,109.23538586,-0.44464781,0.82,0.419,Kenthosan,Abnormal,Field_Verification,D010A,0.419,Abnormal,Sub-Optimal,Monitor,D10,original,False
2993,109.23445489,-0.44616907,0.82,0.378,Kenthosan,Abnormal,Field_Verification,D010A,0.378,Suspect,Critical,Priority Survey,D10,original,False
2994,109.23390015,-0.44261866,0.82,0.373,Kenthosan,Abnormal,Field_Verification,D010A,0.373,Suspect,Critical,Priority Survey,D10,original,False
2995,109.2358177,-0.4417944,0.81,0.377,Kenthosan,Abnormal,Field_Verification,D010A,0.377,Suspect,Critical,Priority Survey,D10,original,False
2996,109.23582647,-0.44461084,0.81,0.404,Kenthosan,Abnormal,Field_Verification,D010A,0.404,Abnormal,Sub-Optimal,Monitor,D10,original,False
2997,109.23582318,-0.44898222,0.81,0.29,Kenthosan,Abnormal,Field_Verification,D010A,0.29,Suspect,Critical,Priority Survey,D10,original,False
2998,109.23579813,-0.44288543,0.8,0.392,Kenthosan,Abnormal,Field_Verification,D010A,0.392,Abnormal,Sub-Optimal,Monitor,D10,original,False
2999,109.23579355,-0.44893971,0.78,0.316,Kenthosan,Abnormal,Field_Verification,D010A,0.316,Suspect,Critical,Priority Survey,D10,original,False
3000,109.23585527,-0.44438206,0.76,0.368,Kenthosan,Abnormal,Field_Verification,D010A,0.368,Suspect,Critical,Priority Survey,D10,original,False
3001,109.23587255,-0.4491423,0.76,0.311,Kenthosan,Abnormal,Field_Verification,D010A,0.311,Suspect,Critical,Priority Survey,D10,original,False
3002,109.2345485,-0.44348287,0.74,0.384,Kenthosan,Abnormal,Field_Verification,D010A,0.384,Suspect,Critical,Priority Survey,D10,original,False
3003,109.23588172,-0.44833566,0.73,0.42,Kenthosan,Abnormal,Field_Verification,D010A,0.42,Abnormal,Sub-Optimal,Monitor,D10,original,False
3004,109.23415569,-0.44646335,0.67,0.367,Kenthosan,Abnormal,Field_Verification,D010A,0.367,Suspect,Critical,Priority Survey,D10,original,False
3005,109.23382784,-0.44260282,0.67,0.413,Kenthosan,Abnormal,Field_Verification,D010A,0.413,Abnormal,Sub-Optimal,Monitor,D10,original,False
3006,109.23583246,-0.44396201,0.67,0.38,Kenthosan,Abnormal,Field_Verification,D010A,0.38,Suspect,Critical,Priority Survey,D10,original,False
3007,109.23574727,-0.44900617,0.65,0.25,Kenthosan,Abnormal,Field_Verification,D010A,0.25,Suspect,Critical,Priority Survey,D10,original,False
3008,109.23561544,-0.44433408,0.65,0.375,Kenthosan,Abnormal,Field_Verification,D010A,0.375,Suspect,Critical,Priority Survey,D10,original,False
3009,109.23587992,-0.4483863,0.63,0.36,Kenthosan,Abnormal,Field_Verification,D010A,0.36,Suspect,Critical,Priority Survey,D10,original,False
3010,109.23561622,-0.44860553,0.61,0.383,Kenthosan,Abnormal,Field_Verification,D010A,0.383,Suspect,Critical,Priority Survey,D10,original,False
3011,109.23442474,-0.44639514,0.58,0.461,Kenthosan,Abnormal,Field_Verification,D010A,0.461,Healthy,Good,None,D10,original,False
3012,109.23566465,-0.44893652,0.58,0.356,Kenthosan,Abnormal,Field_Verification,D010A,0.356,Suspect,Critical,Priority Survey,D10,original,False
3013,109.2358351,-0.44421024,0.56,0.385,Kenthosan,Abnormal,Field_Verification,D010A,0.385,Suspect,Critical,Priority Survey,D10,original,False
3014,109.23382014,-0.44288225,0.55,0.291,Kenthosan,Abnormal,Field_Verification,D010A,0.291,Suspect,Critical,Priority Survey,D10,original,False
3015,109.23582131,-0.44365816,0.55,0.261,Kenthosan,Abnormal,Field_Verification,D010A,0.261,Suspect,Critical,Priority Survey,D10,original,False
3016,109.23377992,-0.44201321,0.55,0.344,Kenthosan,Abnormal,Field_Verification,D010A,0.344,Suspect,Critical,Priority Survey,D10,original,False
3017,109.23364528,-0.44160895,0.54,0.334,Kenthosan,Abnormal,Field_Verification,D010A,0.334,Suspect,Critical,Priority Survey,D10,original,False
3018,109.23581952,-0.44361566,0.54,0.345,Kenthosan,Abnormal,Field_Verification,D010A,0.345,Suspect,Critical,Priority Survey,D10,original,False
